osm_id,osm_type,lat,lon,distance_m,primary_tag,primary_value,name,brand,shop,amenity,office,craft,tourism,leisure,cuisine,opening_hours,phone,website,wheelchair,outdoor_seating,takeaway,delivery,level,addr_street,addr_housenumber,addr_postcode,label
9571832581,node,40.7756602,-73.9535891,16.0,amenity,restaurant,Bistro Nando,,,restaurant,,,,,mediterranean,"Mo-Fr 12:30-23:00; Sa, Su 10:00-23:00",,,,yes,yes,yes,0,2nd Avenue,1589,10028,food_drink
9571832580,node,40.7755903,-73.9536446,24.7,shop,alcohol,Crown Wines & Liquors,,alcohol,,,,,,,Mo-We 11:30-20:00; Th-Sa 11:30-23:00; Su 12:00-21:00,+1 212-472-8610,https://crownwinesnyc.com,,,,12:00-20:00,0,2nd Avenue,1587,10028,retail
9029195973,node,40.7755666,-73.9531857,29.3,shop,toys,Promises Fulfilled,,toys,,,,,,,,,,,,,,,,,,retail
9770640989,node,40.7755389,-73.9536712,30.4,shop,kiosk,Baba Convenience Store,,kiosk,,,,,,,,,,,,,,,2nd Avenue,1585,,food_drink
9029195975,node,40.7755346,-73.953207,30.7,shop,tobacco,1592 Grab & Go,,tobacco,,,,,,,,,,yes,,,,0,2nd Avenue,1952,,retail
6377007361,node,40.7754854,-73.953238,33.7,amenity,pub,The Penrose,,,pub,,,,,,"Mo-Fr 11:00-04:00; Sa, Su 09:30-04:00",,,,sidewalk,,,,2nd Avenue,1590,,food_drink
9770640988,node,40.7755074,-73.9536926,34.3,amenity,cafe,Bonjour Crepes & Waffles,,,cafe,,,,,,,,https://bonjourcrepesandwine.com/,,,,,,2nd Avenue,1585,,food_drink
4571057189,node,40.7754148,-73.9532859,39.2,amenity,restaurant,Wa Jeal Sichuan Chili House,,,restaurant,,,,,chinese,Sa 12:00-23:30; Su 12:00-23:00; Mo 11:00-23:30; Tu-Fr 11:30-23:30,+1 212-396-3339,http://wajealrestaurant.com,,,,yes,,,,10028,food_drink
6237222967,node,40.775369,-73.9533215,43.3,amenity,restaurant,Omakase Shihou,,,restaurant,,,,,,,,,,,,,,,,,food_drink
6206645850,node,40.7761403,-73.9532229,47.2,amenity,restaurant,Joju,,,restaurant,,,,,vietnamese,,,,,,,,,2nd Avenue,1603,,food_drink
2724057626,node,40.7753109,-73.9533516,49.1,amenity,restaurant,Sushi Ren,,,restaurant,,,,,japanese;sushi,11:30-23:00,+1 212-710-8888,https://www.ren82.com,,sidewalk;street,yes,yes,0,2nd Avenue,1584,10028,food_drink
9173303873,node,40.776176,-73.9531977,51.7,amenity,fast_food,7th Street Burger,,,fast_food,,,,,burger,Mo-Th 11:00-24:00; Fr-Sa 11:00-03:00; Su 11:00-24:00,+1-646-454-1541,https://www.7thstreetburger.com/,,,yes,,0,2nd Avenue,1603,10028,food_drink
9770640990,node,40.776203,-73.9531689,55.4,amenity,restaurant,Asian 83,,,restaurant,,,,,chinese,,,,,,yes,,,2nd Avenue,1605,,food_drink
9770640991,node,40.7762315,-73.9531555,58.8,shop,beauty,Blondis Nail & Spa,,beauty,,,,,,,,,,,,,,,,,,personal_care
9770640992,node,40.776268,-73.95313,63.4,shop,nutrition_supplements,Vitahealth Apothecary,,nutrition_supplements,,,,,,,Mo-Fr 08:30-18:30; Sa 10:00-17:00,+1 212-722-1110,,yes,,,yes,,2nd Avenue,1609,,retail
9275881443,node,40.7762953,-73.9531193,66.5,amenity,pub,Caledonia,,,pub,,,,,pub,"Mo-We 17:00-02:00; Th 17:00-04:00; Fr, Sa 16:00-04:00; Su 16:00-24:00",+1 212-734-4300,https://www.caledoniabar.com,,,,,,2nd Avenue,1609,,food_drink
9029195977,node,40.7751976,-73.9531243,66.7,shop,hairdresser,Jean Romano Barber Shop,,hairdresser,,,,,,,Mo-Th 09:00-20:00; Fr-Sa 09:00-19:00; Su 10:00-18:00,+1-212-439-8362,,,,,,,East 82nd Street,301,10028,personal_care
5794912652,node,40.7752525,-73.9538884,66.9,shop,pastry,Insomnia Cookies,Insomnia Cookies,pastry,,,,,,,"Mo-Fr 09:00-03:00; Sa, Su 11:00-03:00",+1 929-325-1980,https://insomniacookies.com/locations/store/23,,,,yes,,2nd Avenue,1579,10028,food_drink
5766202314,node,40.7763429,-73.9530891,72.4,amenity,restaurant,Bua Thai Ramen & Robata Grill,,,restaurant,,,,,thai,Mo-Th 11:00-22:30; Fr 11:00-23:30; Sa 11:30-23:30; Su 11:30-22:30,+1 212-879-7999,https://buathairamennyc.com/,,yes,yes,yes,,2nd Avenue,1611,10028,food_drink
11293344179,node,40.7761537,-73.9527237,75.2,amenity,fast_food,Dunkin',Dunkin',,fast_food,,,,,donut;coffee_shop,Mo-Th 05:30-20:00; Fr 05:30-19:00; Sa 06:30-18:00; Su 06:30-17:00,+1 646-381-2422,https://locations.dunkindonuts.com/en/ny/new-york/1602-2nd-ave/359582,,,yes,,0,2nd Avenue,1602,10028,food_drink
3144069324,node,40.7751907,-73.9539525,75.6,amenity,ice_cream,Pinkberry,Pinkberry,,ice_cream,,,,,frozen_yogurt,"Su-Th 12:00-23:00, Fr,Sa 12:00-24:00",,https://www.pinkberry.com,,,yes,,,2nd Avenue,1577,,food_drink
2724057647,node,40.7750622,-73.9533696,76.5,shop,dry_cleaning,Mayfair Dry Cleaners,,dry_cleaning,,,,,,,Mo 08:00-18:30; Tu-Fr 07:30-18:30; Sa 09:00-17:30; Su off,+1-212-517-9266,,,,,yes,,East 82nd Street,300,10028,personal_care
6356480886,node,40.7750498,-73.9535584,78.3,amenity,restaurant,Meijin Ramen,,,restaurant,,,,,ramen,"Mo-Th 12:00-15:00, 17:00-22:00; Fr 12:00-15:00, 17:00-22:30; Sa 12:00-22:30; Su 12:00-22:00",+1-212-327-2800,https://www.meijinramen.com/,,sidewalk,yes,yes,,2nd Avenue,1574,,food_drink
9275855423,node,40.7763873,-73.953049,78.3,amenity,fast_food,Subway,Subway,,fast_food,,,,,sandwich,Mo-Sa 08:00-22:30; Su 09:00-22:30,+1 212-988-8108,https://restaurants.subway.com/united-states/ny/new-york/1613-second-ave,yes,,yes,yes,0,2nd Avenue,1613,10028,food_drink
9275807581,node,40.7764218,-73.9530214,82.7,amenity,restaurant,Hummus Kitchen,Hummus Kitchen,,restaurant,,,,,middle_eastern,11:00-22:30,+1 212-988-0090,https://hummuskitchen.com/upper-east-side,yes,,yes,yes,0,2nd Avenue,1613,10028,food_drink
10942964989,node,40.7762395,-73.9526633,85.1,shop,copyshop,FedEx Office,FedEx Office,copyshop,,,,,,,Mo-Fr 09:00-19:00; Sa 10:00-18:00; Su 12:00-18:00,+1 646-963-6105,https://local.fedex.com/en-us/ny/new-york/office-2933,,,,,0,2nd Avenue,1602,10028,personal_care
9770640993,node,40.7764468,-73.9529999,86.0,shop,massage,Best Chinese Bodywork,,massage,,,,,,,,,,,,,,,2nd Avenue,1615,,personal_care
9770640994,node,40.7764661,-73.9529905,88.3,shop,frame,Art Gallery,,frame,,,,,,,,,,,,,,,,,,retail
5403595965,node,40.7756921,-73.9523756,89.7,amenity,restaurant,Donguri,,,restaurant,,,,,japanese,Tu-Su 17:30-21:30,+1-212-737-5656,https://www.donguriny.com/,,,,,,East 83rd Street,309,,food_drink
9571770546,node,40.7762718,-73.9542503,89.8,shop,hairdresser,Tokuyama Salon,,hairdresser,,,,,,,10:00-20:00,,,,,,,,East 83rd Street,230,10028,personal_care
9770640995,node,40.7764833,-73.9529745,90.6,shop,hairdresser,L'Mosh AlizBarber Shop,,hairdresser,,,,,,,"Mo-Fr, Su 11:00-19:00",+1 646-678-5493,,,,,,,2nd Avenue,1615,,personal_care
9029195976,node,40.77494,-73.953637,91.4,amenity,fast_food,Ellie's,,,fast_food,,,,,chinese,Mo-Sa 11:00-23:00,+1-917-472-7718,,,,yes,yes,,,,,food_drink
2724066791,node,40.7763137,-73.9526353,92.3,amenity,fast_food,Taco Bell,Taco Bell,,fast_food,,,,,tex-mex,"Su-Th 10:00-01:00; Fr, Sa 10:00-04:00",+1 929-219-3609,https://locations.tacobell.com/ny/new-york/1614-2nd-avenue.html,,,yes,yes,0,2nd Avenue,1614,10028,food_drink
11885592632,node,40.7764091,-73.9541098,92.8,shop,massage,Sang Yuan Body Works,,massage,,,,,,,11:00-22:00,+1 212-734-5521,,,,,,-1,East 83rd Street,225,,personal_care
9571769981,node,40.7762901,-73.9542806,93.1,amenity,cafe,Cafè Blériot,,,cafe,,,,,coffee_shop,Mo-Sa 07:00-18:00; Su 08:00-18:00,,,,,,,,East 83rd Street,226,10028,food_drink
9029195979,node,40.7749112,-73.9536584,94.9,shop,beauty,Elegant Nail & Spa,,beauty,,,,,,,Mo-Fr 10:00-21:00; Sa-Su 10:00-20:00,+1-212-988-2589,,,,,,,,,,personal_care
9690356178,node,40.7750254,-73.9540388,94.9,amenity,ice_cream,16 Handles,16 Handles,,ice_cream,,,,,,"Su-Th 12:00-23:00; Fr,Sa 12:00-24:00",+1 646-863-2522,https://locations.16handles.com/16-handles-60232c8dd24c,,,yes,yes,0,2nd Avenue,1569,10028,food_drink
6244721584,node,40.7762991,-73.9543051,95.3,shop,laundry,Angel X's Cleaners,,laundry,,,,,,,,,,,,,,,,,,personal_care
9275805190,node,40.7765368,-73.9529397,97.2,amenity,restaurant,Williamsburg Pizza,Williamsburg Pizza,,restaurant,,,,,pizza,"Mo-Th 10:30-22:00; Fr, Sa 11:30-02:00; Su 11:30-23:00",+1 212-457-3114,https://www.williamsburgpizza.com,yes,,yes,yes,0;1,2nd Avenue,617,10028,food_drink
6346043620,node,40.7763756,-73.9525898,99.9,amenity,restaurant,Dorrian's,,,restaurant,,,,,american,Mo-Su 11:00-03:45,+1-212-772-6660,https://www.dorrians-nyc.com,yes,street,yes,no,,2nd Avenue,1616,10028,food_drink
5794935823,node,40.7748581,-73.9536956,101.3,amenity,theatre,Comic Strip Live,,,theatre,,,,,,,+1 212-861-9386,http://www.comicstriplive.com,,,,,,2nd Avenue,1568,10028,leisure_entertainment
5400492388,node,40.7749658,-73.9540704,102.0,amenity,restaurant,Amura,,,restaurant,,,,,japanese,,+1-212-772-1688,https://www.amurajapanese.com,,,yes,yes,,2nd Avenue,1567,10028,food_drink
5401946305,node,40.7763314,-73.9543806,102.5,shop,copyshop,Copyland Center,,copyshop,,,,,,,Mo-Fr 08:00-22:00,+1 212-452-2906,http://www.copylandcenter.com,,,,,0,East 83rd Street,226,10028,personal_care
9029195972,node,40.7748162,-73.9537295,106.5,shop,beauty,Bespoke Brows,,beauty,,,,,,,Mo-Fr 11:00-19:00; Sa-Su 11:00-18:00,,,,,,,,,,,personal_care
8627283437,node,40.7749225,-73.9541155,108.1,amenity,restaurant,Agora,,,restaurant,,,,,turkish,Tu-Su 12:00-22:00,+1 212-717-1220,https://www.agoraturkish.com,,yes,yes,yes,0,2nd Avenue,1565,10028,food_drink
9029195974,node,40.7747863,-73.9537487,110.1,shop,hairdresser,Mure Salon,,hairdresser,,,,,,,,,,,,,,,,,,personal_care
9690326825,node,40.7748384,-73.9542112,120.3,amenity,ice_cream,Anita La Mamma del Gelato,,,ice_cream,,,,,,08:00-23:00,+1 646-861-1957,https://www.anita-gelato.com,,,yes,yes,0,2nd Avenue,1561,10028,food_drink
10751283105,node,40.7748669,-73.9542775,120.8,amenity,cafe,Hutch and Waldo,,,cafe,,,,,,,,https://www.hutchandwaldo.cafe/,,,,,,East 81st Street,247,10028,food_drink
6206645059,node,40.7767393,-73.9527941,122.8,amenity,restaurant,Green Kitchen,,,restaurant,,,,,,Mo-Su 09:00-11:00,+1 917-890-2027,https://www.greenkitchennyc.com/84th-street/,,,yes,yes,,2nd Avenue,1619,10075,food_drink
2724068685,node,40.7765808,-73.952428,125.7,shop,convenience,84th & 2nd Corner Deli,,convenience,,,,,,sandwich;breakfast,24/7,+1 212-535-7800,,,,,,,2nd Avenue,1624,10028,retail
9683526577,node,40.776803,-73.9527507,130.8,amenity,restaurant,Elio's,,,restaurant,,,,,,,,,,,,,,2nd Avenue,1621,,food_drink
9497022154,node,40.7761353,-73.951958,131.9,amenity,restaurant,Sushi Jin,,,restaurant,,,,,sushi,,+1 646-609-6770,https://sushijinny.com/,,,yes,yes,,East 84th Street,316,10028,food_drink
9683548273,node,40.7766475,-73.9523881,133.5,amenity,restaurant,Fumo,,,restaurant,,,,,italian,"Mo-We, Su 11:00-22:00; Th-Sa 11:00-22:30",+1-646-429-9887,https://www.fumorestaurant.com/upper-east-side/,,,yes,yes,0,2nd Avenue,1626,10028,food_drink
9497027674,node,40.7761139,-73.951918,134.3,shop,musical_instrument,Brothers Guitar Shop,,musical_instrument,,,,,,,Mo-Fr 12:00-20:00; Sa 10:00-20:00; Su 12:00-18:00,,,,,,,,East 84th Street,316,10028,retail
9497036165,node,40.7761004,-73.9518782,137.1,amenity,cafe,Madame Bontè Café,,,cafe,,,,,,07:00-18:00,+1 917-409-5555,https://www.madamebonte.com,,,,,,East 84th Street,318,10028,food_drink
10096271927,node,40.776869,-73.9526966,139.4,amenity,restaurant,Vanessa's Dumpling House,,,restaurant,,,,,chinese,Mo-Su 12:00-22:00,+1 917-261-2780,https://vanessas.com/,,,,,,2nd Avenue,1623,10028,food_drink
9029130049,node,40.7770063,-73.9534632,139.9,amenity,bar,Brandy's Piano Bar,,,bar,,,,,,16:00-04:00,+1 212-744-4949,https://brandyspianobar.com,,street,,,,East 84th Street,235,,food_drink
9683529558,node,40.7767047,-73.9523468,140.6,shop,beauty,Serendipity Nails & Spa,,beauty,,,,,,,"Mo-Fr 10:30-20:00; Sa, Su 10:30-19:30",,,,,,,,2nd Avenue,1628,,personal_care
6356444688,node,40.774651,-73.9543326,143.4,amenity,restaurant,San Matteo Pizzeria e Cucina,,,restaurant,,,,,italian,"Mo-Th 17:00-01:00; Fr,Sa 12:00-01:00; Su 12:00-23:00",+1 212-861-2434,https://www.sanmatteonyc.com,,yes,yes,yes,0,2nd Avenue,1559,10028,food_drink
9770640997,node,40.7769012,-73.952669,143.7,shop,cannabis,Smoke Shop,,cannabis,,,,,,,,,,,,,,,2nd Avenue,1625,10028,retail
9029130047,node,40.7770447,-73.9535563,144.5,office,estate_agent,Manhattan Flats,,,,estate_agent,,,,,,+1-212-570-0000,,,,,,,East 84th Street,235,10028,office_professional
2623014636,node,40.7746444,-73.9543658,145.5,amenity,cafe,Starbucks,Starbucks,,cafe,,,,,coffee_shop,Mo-Th 05:30-22:00; Fr 05:30-23:00; Sa 06:00-23:00; Su 05:45-22:00,,,,,yes,,,2nd Avenue,1559,10028,food_drink
2724072583,node,40.7770583,-73.9535936,146.3,shop,hairdresser,David’s Barber Shop,,hairdresser,,,,,,,Mo-Fr 08:30-19:00; Sa 08:30-18:00; Su 10:00-17:00,+1 212-861-9179,http://davidsbarbershop.com,,,,,,East 84th Street,233,10028,personal_care
996903168,way,40.7747138,-73.9545294,147.2,amenity,restaurant,Luke's Lobster,,,restaurant,,,,,seafood,Mo-Su 11:00-20:00,+1 212-249-4241,https://lukeslobster.com/pages/upper-east-side,,yes,yes,yes,,East 81st Street,242,10028,food_drink
2724051411,node,40.7744908,-73.9539936,147.4,amenity,restaurant,Chirping Chicken,,,restaurant,,,,,chicken,,,https://www.chirpingchicken.com,,,,,,2nd Avenue,1560,10075,food_drink
9173311253,node,40.7769348,-73.9526531,147.6,amenity,ice_cream,Van Leeuwen,Van Leeuwen,,ice_cream,,,,,,"Mo-Th, Su 11:00-24:00; Fr-Su 11:00-01:00",+1 917-472-7531,https://vanleeuwenicecream.com/scoop-shops/#newyork,yes,,yes,yes,,2nd Avenue,1625,10028,food_drink
9173517176,node,40.7767867,-73.9523066,149.7,shop,beverages,Craft + Carry,Craft + Carry,beverages,,,,,,,"Mo-We, Su 11:00-01:00; Th-Sa 11:00-02:00",+1 917-409-1460,https://www.craftandcarry.beer/upper-east-side,,yes,,yes,,2nd Avenue,1630,,food_drink
5406372923,node,40.7745924,-73.9543714,150.6,amenity,restaurant,Yuka Japanese,,,restaurant,,,,,japanese,Tu-Su 13:00-21:30,+1 212-772-9675,https://www.yukajapanese.com,yes,,,yes,0,2nd Avenue,1557,10028,food_drink
5879683178,node,40.7769794,-73.9526377,152.6,shop,cosmetics,Discount Depot,,cosmetics,,,,,,,,+1 212-570-6400,,,,,,,2nd Avenue,1627,10028,retail
9029130044,node,40.7771126,-73.9537128,153.5,amenity,pub,Trinity Pub,,,pub,,,,,irish,Mo-Su 12:00-04:00,+1 212-327-4450,https://trinitypubny.com/,,street,,,,East 84th Street,229,,food_drink
11014632574,node,40.7767988,-73.9522236,155.3,shop,laundry,Ivory Cleaners,,laundry,,,,,,,Mo-Fr 08:00-18:00; Sa 09:00-17:00,+1 212-249-3622,,,,,,0,2nd Avenue,1632,,personal_care
13399308029,node,40.774359,-73.9536586,155.6,amenity,restaurant,Lyly’s Vietnamese Cookhouse,,,restaurant,,,,,,Mo-Th 14:00-15:45; Mo-Th 17:00-21:45; Fr-Su 12:00-21:45,+1-347-251-9060,https://www.lylynyc.com/,,,,,,East 81st Street,306,,food_drink
9029130043,node,40.777154,-73.9537761,158.9,amenity,veterinary,Yorkville Animal Hospital,One Love,,veterinary,,,,,,Mo-Fr 09:00-19:00; Sa 10:00-18:00,+1 212-249-8802,http://onelovevet/location_yorkville,,,,,,East 84th Street,227,,health
5879680238,node,40.7770415,-73.9525966,160.3,amenity,bar,Ethyl's Alcohol & Food,,,bar,,,,,,"Mo-Fr 16:00-04:00; Sa, Su 15:00-04:00",+1 212-300-4132,https://ethylsalcohol.com/,,,,,,2nd Avenue,1629,,food_drink
3450800430,node,40.7768621,-73.952181,162.9,shop,hairdresser,Amazing Hair Salon,,hairdresser,,,,,,,Mo-Fr 10:30-20:00; Sa 10:00-19:00; Su 10:30-19:00,+1 212-427-4608,,,,,,,2nd Avenue,1632,10028,personal_care
12231891571,node,40.7743386,-73.9540834,165.9,shop,dry_cleaning,Piermont Cleaners,,dry_cleaning,,,,,,,,,,,,,,,2nd Avenue,1548,,personal_care
12231891575,node,40.7743239,-73.9540428,166.3,shop,tailor,Piermont Tailor Shop,,tailor,,,,,,,,,,,,,,1,2nd Avenue,1548,,personal_care
5879671792,node,40.7770924,-73.9525379,167.6,amenity,restaurant,Budapest Café & Restaurant,,,restaurant,,,,,hungarian,Mo-Su 08:00-21:00,+1 212-327-1105,https://budapest-cafe.business.site,,,yes,yes,,2nd Avenue,1631,10028,food_drink
5640748792,node,40.7744439,-73.9544897,169.9,amenity,cafe,H&H Midtown Bagels East,,,cafe,,,,,bagel,Mo-Su 05:30-21:00,+1-212-734-7441,https://www.hhmidtownbagelseast.com/,,,,,,2nd Avenue,1551,10028,food_drink
9683497137,node,40.7771173,-73.9525218,170.7,amenity,cafe,Caroline's Donuts,,,cafe,,,,,donut,Mo-Th 13:00-18:00; Fr-Su 10:00-18:00,,https://www.carolinesdonuts.com,assisted,yes,yes,,0,2nd Avenue,1631,,food_drink
266910528,way,40.7772527,-73.9529752,171.8,amenity,clinic,Mount Sinai Doctors,,,clinic,,,,,,"Mo 08:00-17:30; Tu,Th 08:00-19:00; We 09:00-18:00; Fr 08:00-14:00",,,,,,,,East 85th Street,234,10028,health
5919283363,node,40.7741968,-73.9532449,173.3,shop,clothes,Gentlemen's Resale,,clothes,,,,,,,Mo-Fr 11:00-19:00; Sa 10:00-18:00; Su 12:00-17:00,+1 212-734-2739,http://gentlemensresaleclothing.com,,,,,,East 81st Street,322,10028,retail
9770640987,node,40.7743811,-73.9545187,177.2,shop,laundry,Laundromat,,laundry,,,,,,,,,,,,,,,,,,personal_care
2724082968,node,40.7771749,-73.9524957,177.4,amenity,restaurant,Gracie's Diner,,,restaurant,,,,,diner,24/7,+1 212-879-9425,https://www.gracieson2nd.com,yes,yes,yes,yes,0,2nd Avenue,1633,10028,food_drink
9770640986,node,40.7743506,-73.9545362,180.8,shop,hairdresser,Ania Rybka Salon,,hairdresser,,,,,,,,,https://www.aniarybkasalon.com,,,,,,2nd Avenue,1547,,personal_care
11001102046,node,40.777284,-73.9527304,180.9,shop,massage,Amenity Spa 85,,massage,,,,,,,,+1 212-861-5777,,,,,,1,East 85th Street,240,,personal_care
9029130042,node,40.777302,-73.9541254,182.2,shop,laundry,Cleaners & Laundry,,laundry,,,,,,,Mo-Fr 08:00-21:00; Sa 09:00-14:00; Su 09:00-19:00,+1 212-737-7802,,no,,,yes,-1,,,,personal_care
9029130048,node,40.777176,-73.9544995,182.2,office,tax_advisor,"Emmerman, Boyle & Associates",,,,tax_advisor,,,,,,+1-212-249-2525,,,,,,,,,,office_professional
9173310317,node,40.7743109,-73.9545851,186.7,shop,alcohol,Wine Emporium ,,alcohol,,,,,,,,,,,,,,,2nd Avenue,,,retail
13055150701,node,40.7746573,-73.9517471,187.0,amenity,restaurant,Goal Omakase Sushi,,,restaurant,,,,,,Mo-Su 12:00-09:45,,https://www.goalomakasesushi.com/,,,,,,East 82nd Street,349,10028,food_drink
2620513858,node,40.7762933,-73.9555644,189.0,amenity,bar,Dylan Murphy's,,,bar,,,,,pub,"Mo-Fr 12:00-04:00; Sa, Su 11:00-04:00",+1 212-988-9434,https://www.dylanmurphysnyc.com/,,,,,,3rd Avenue,1453,,food_drink
2620513914,node,40.7762581,-73.9555897,189.9,shop,convenience,7-Eleven,7-Eleven,convenience,,,,,,,24/7,+1 212-288-2056,https://www.7-eleven.com/locations/ny/new-york/1453-3rd-ave-33579,,,,yes,,3rd Avenue,1453,10028,retail
5876925549,node,40.7773414,-73.9542557,190.1,shop,hardware,Hercules Plumbing Electrical & Hardware Supply,,hardware,,,,,,,Mo-Fr 08:00-18:00; Sa 08:00-15:00,+1 212-249-2701,https://hercules-supply-house.business.site,,,,,,East 84th Street,213,10028,retail
9770640985,node,40.7742562,-73.9546113,193.1,shop,bakery,Chip City,,bakery,,,,,,,Mo-Su 11:00-22:00,,https://www.chipcitycookies.com,,,,,,2nd Avenue,1543,,food_drink
4365213715,node,40.7769369,-73.9551153,193.5,amenity,fast_food,Just Salad,Just Salad,,fast_food,,,,,salad,"Mo-Fr 10:30-21:30; Sa, Su 11:00-21:00",+1 212-244-1111,https://www.justsalad.com/,,,yes,yes,0,3rd Avenue,1471,,food_drink
2620513910,node,40.7759713,-73.9557489,196.2,amenity,atm,Citibank,Citibank,,atm,,,,,,24/7,,,,,,,,,,,finance
2620513839,node,40.7760002,-73.9557524,196.9,amenity,bank,Citibank,Citibank,,bank,,,,,,Mo-Fr 08:30-18:00; Sa 09:00-15:00,,,,,,,,3rd Avenue,1445,10028,finance
11001137270,node,40.7775152,-73.9532915,196.9,craft,tailor,85 Custom Tailor,,,,,tailor,,,,Mo-Fr 09:00-19:00; Sa 09:00-17:00,+1 212-452-4282,,,,,,0,East 85th Street,226,,personal_care
5799942462,node,40.7771291,-73.95496,200.0,shop,alcohol,Vintage Grape,,alcohol,,,,,,,"Mo-Th 10:00-20:00; Fr, Sa 22:00-21:00; Su 12:00-18:00",,,,,,"Mo-We 10:30-19:00; Th 10:30-19:30; Fr, Sa 10:30-20:30; Su 12:30-19:30",,Lexington Avenue,1479,10028,retail
9173283016,node,40.7742116,-73.9546884,200.7,amenity,cafe,Starbucks,Starbucks,,cafe,,,,,coffee_shop,,,,,,yes,,,,,10028,food_drink
9029130046,node,40.777416,-73.954414,202.9,shop,beauty,Glosslab,,beauty,,,,,,,,,https://glosslab.com/,,,,,,East 84th Street,207,10028,personal_care
13375040753,node,40.7771558,-73.9518985,203.2,shop,laundry,Sun Laundry & Cleaners,,laundry,,,,,,,,,,,,,,,East 85th Street,301,10028,personal_care
9683499914,node,40.7772229,-73.951999,203.9,amenity,cafe,Café Maud,,,cafe,,,,,american;brunch,"Mo-We 08:00-02:00, Th-Sa 08:00-04:00, Su 08:00-02:00",+1-929-630-3420,https://www.cafemaud.com/ues,,sidewalk,,,,2nd Avenue,1640,10028,food_drink
4945827921,node,40.7771345,-73.9518481,204.2,amenity,bar,Bondurants,,,bar,,,,,american,"Mo-Th 16:00-24:00, Fr 15:00-02:00, Sa 11:00-02:00, Su 11:00-24:00",+1 929-279-1884,https://bondurantsnyc.com/,,,,,,East 85th Street,303,10028,food_drink
5907398185,node,40.7774392,-73.952309,210.7,amenity,restaurant,Tiramisu,,,restaurant,,,,,italian;tuscan,Mo-Su 12:00-22:00,+1-212-988-9780,https://tiramisunyc.com,,yes,,yes,,2nd Avenue,1643,10028,food_drink
2724072571,node,40.7774587,-73.9545264,211.1,amenity,clinic,Tisch Center for Women's Health,,,clinic,,,,,,,+1-646-754-3300,https://nyulangone.org/locations/joan-h-tisch-center-for-womens-health,,,,,,East 84th Street,207,10028,health
13375040754,node,40.7772814,-73.9519558,211.3,amenity,bar,The Domino Room,,,bar,,,,,,,,https://www.thedominoroom.com,,,,,1,2nd Avenue,1640,10028,food_drink
2724082988,node,40.7773335,-73.9519174,217.9,shop,beauty,QQ Nails & Spa,,beauty,,,,,,,"Mo-Fr 09:20-20:00, Sa 09:30-19:00, Su 10:00-19:00",+1-212-988-2178,https://www.qqnailspa.com/?selected=48261950,,,,,,2nd Avenue,1646,10028,personal_care
5907397656,node,40.7775023,-73.9522667,218.6,shop,nutrition_supplements,GNC,GNC,nutrition_supplements,,,,,,,Mo-Sa 09:00-20:00; Su 10:00-18:00,+1 212-734-0333,https://www.gnc.com/store-details?StoreID=2913,,,,,,2nd Avenue,1645,10028,retail
9690757655,node,40.7748986,-73.951071,220.6,amenity,restaurant,Felice,,,restaurant,,,,,italian;tuscan,Su-Tu 12:00-22:00; We-Sa 12:00-23:00,+1 212-249-4080,https://www.felicenyc.com/felice-84,,yes,yes,yes,0,1st Avenue,1593,10028,food_drink
2724057631,node,40.7747898,-73.9511428,220.7,amenity,pub,Horn's Hook Tavern,,,pub,,,,,american,11:00-04:00,+1 212-879-1500,https://www.hornshooktavern.com,yes,,yes,yes,0,1st Avenue,1589,10028,food_drink
9690757648,node,40.7746661,-73.9512385,220.9,shop,alcohol,Wine Story,,alcohol,,,,,,,Mo-Sa 10:00-22:00; Su 12:00-21:00,+1 212-628-4333,https://winestorynyc.com,yes,,,Mo-Sa 12:00-21:30; Su 12:00-20:30,0,1st Avenue,1585,10028,retail
11001150495,node,40.7777214,-73.9537625,221.1,amenity,ice_cream,Spoonable Spirits,,,ice_cream,,,,,,,,,,,,,1,East 85th Street,214,,food_drink
9690757649,node,40.7748417,-73.9510989,221.2,amenity,bar,Bar Felice,,,bar,,,,,italian,"Mo-We 18:00-11:30; Th, Fr 18:00-24:00; Sa 13:00-24:00; Su 13:00-23:30",+1 212-249-4080,https://www.felicenyc.com/felice-bar,,,,,0,1st Avenue,1591,10028,food_drink
8333736498,node,40.7756227,-73.9560593,221.2,shop,convenience,Daona,,convenience,,,,,,,24/7,+1 212-517-2068,,,,,yes,,East 81st Street,201,,retail
3451105394,node,40.7765811,-73.9558417,222.6,shop,hairdresser,Amour de Hair,,hairdresser,,,,,,,,+1-212-570-5025,,yes,,,,,3rd Avenue,1454,10028,personal_care
5907395461,node,40.7773764,-73.9518857,223.3,amenity,clinic,MedRite Urgent Care,,,clinic,,,,,,"Mo-Th 08:00-18:00, Fr 08:00-17:00, Sa 09:00-16:00",+1 646-866-6060,https://medriteurgentcare.com/center/medrite-yorkville-urgent-care/,yes,,,,0,2nd Avenue,1646,10028,health
11154799860,node,40.774548,-73.9512973,224.3,shop,convenience,N. A. Candy Store,,convenience,,,,,,,,,,,,,,0,1st Avenue,1581,10028,retail
5797523618,node,40.7775324,-73.9546879,224.6,shop,paint,Janovic Paint & Decorating Center,Benjamin Moore,paint,,,,,,,Mo-Fr 07:00-18:00; Sa 08:00-16:00,+1 212-289-6300,https://www.janovic.com/yorkville-location,yes,,,,0,3rd Avenue,1491,10028,retail
2724057621,node,40.7744829,-73.9513503,225.2,shop,beauty,European Wax Center,European Wax Center,beauty,,,,,,,Mo-Fr 08:00-21:00; Sa 08:00-18:00; Su 09:00-18:00,,https://locations.waxcenter.com/ny/newyork/new-york-first-avenue-0160.html,,,,,,1st Avenue,1577,10028,personal_care
7097537138,node,40.7777525,-73.9538345,225.4,shop,dry_cleaning,Wendy Laundry & Dry Cleaning,,dry_cleaning,,,,,,,Mo-Fr 07:30-19:00; Sa 08:30-17:00,+1 212-988-2690,,,,,,,East 85th Street,212,,personal_care
5907398054,node,40.7775557,-73.9522212,225.6,amenity,restaurant,The Supply House,,,restaurant,,,,,grill;american,"Mo, Tu 17:00-00:00; We 17:00-01:00; Th 16:00-02:00; Fr 16:00-03:00; Sa 11:30-03:00; Su 11:30-00:00",+1 646-861-3585,https://www.thesupplyhousenyc.com/,,,,,,2nd Avenue,1647,10028,food_drink
2620513862,node,40.7764703,-73.9559474,226.1,shop,supermarket,Gristedes,,supermarket,,,,,,,Mo-Sa 07:00-22:00;Su 08:00-22:00,+1 212-484-9105,https://www.gristedessupermarkets.com,,,,,,3rd Avenue,1450,10028,retail
7041755308,node,40.7770394,-73.9555204,226.6,leisure,fitness_centre,SoulCycle,SoulCycle,,,,,,fitness_centre,,,,,,,,,,3rd Avenue,,,leisure_entertainment
7097515428,node,40.7777689,-73.953881,227.8,craft,tailor,Julia Custom Tailor and Alterations,,,,,tailor,,,,,+1 212-794-1099,,,,,,,East 85th Street,212,,personal_care
6217334978,node,40.7777975,-73.9534122,227.9,shop,convenience,Hole in the Wall Convenience Store,,convenience,,,,,,,,,,,,,,,East 85th Street,219,,retail
11001055899,node,40.7778133,-73.9534573,229.7,shop,hairdresser,C&C Hair Salon,,hairdresser,,,,,,,,+1 646-781-9296,,,,,,,East 85th Street,219,,personal_care
12231891574,node,40.7741732,-73.9552122,230.2,amenity,veterinary,Manhattan Veterinary Group,,,veterinary,,,,,,,,,,,,,,East 80th Street,240,,health
12231891572,node,40.7742033,-73.9552828,231.6,shop,beauty,Mansion Beauty,,beauty,,,,,,,,,,,,,,,East 80th Street,238,,personal_care
7097336616,node,40.7778004,-73.9539469,232.2,craft,shoemaker,Andrade Shoe Repair,,,,,shoemaker,,,,Mo-Fr 08:00-18:00; Sa 09:00-17:00,+1 212-988-0539,,,,,,,East 85th Street,210,,personal_care
8653626438,node,40.7776464,-73.9546005,232.7,leisure,fitness_centre,Rumble,Rumble,,,,,,fitness_centre,,Mo-Th 05:00-21:30; Fr 05:00-20:30; Sa 07:00-19:00; Su 07:00-20:00,+1 212-804-7918,https://www.doyourumble.com,,,,,0,3rd Avenue,1495,10028,leisure_entertainment
4798951428,node,40.7738061,-73.9523988,233.0,shop,department_store,,,department_store,,,,,,,,,,,,,,,,,,retail
6725351887,node,40.777166,-73.955477,233.1,amenity,fast_food,Juice Press,Juice Press,,fast_food,,,,,juice,08:00-21:00,,https://juicepress.com,,,only,,,3rd Avenue,1474,,food_drink
12231891579,node,40.7742301,-73.9553491,233.2,shop,hairdresser,Manny’s Hair Styling,,hairdresser,,,,,,,,,,,,,,,East 80th Street,236,,personal_care
2724050177,node,40.7737943,-73.9544507,233.4,leisure,sports_centre,Goldfish Swim School,Goldfish Swim School,,,,,,sports_centre,,,,https://goldfishswimschool.com/ues-e-80th-street,yes,,,,0,2nd Avenue,1534,10021,leisure_entertainment
11154799857,node,40.7741804,-73.9515921,233.5,amenity,pharmacy,CVS Pharmacy,CVS Pharmacy,,pharmacy,,,,,,"07:00-24:00 open ""Store"" || Mo-Fr 09:00-13:30, 14:00-21:00; Sa 09:00-13:30, 14:00-18:00; Su 10:00-13:30, 14:00-18:00 open ""Pharmacy""",+1 212-249-5198,https://www.cvs.com/store-locator/new-york-ny-pharmacies/1569-first-avenue-new-york-ny-10028/storeid=2411,yes,,,,0,1st Avenue,1569,10028,health
6725371118,node,40.7771988,-73.9554503,234.0,shop,beauty,Pinky Threading Salon,,beauty,,,,,,,Mo-Sa 10:00-19:30; Su 10:30-19:30,+1 212-879-2157,http://www.pinkythreadingsalon.com,,,,,,3rd Avenue,1474,10028,personal_care
3451094409,node,40.7770648,-73.9556075,234.1,amenity,restaurant,Tandoor Oven,,,restaurant,,,,,indian,"Tu-Th, Su 12:00-22:00; Fr, Sa 12:00-22:30",+1 212-628-3000,https://www.tandooroven.com/,yes,no,,yes,,East 83rd Street,175,10028,food_drink
12231891576,node,40.7742536,-73.955399,234.3,shop,dry_cleaning,Mayfair IV Dry Cleaners,,dry_cleaning,,,,,,,,,,,,,,,East 80th Street,232,,personal_care
3450800431,node,40.7774664,-73.9518193,234.7,amenity,restaurant,Heidelberg Restaurant,,,restaurant,,,,,german,Mo-Su 11:00-24:00,+1 212-628-2332,http://www.heidelberg-nyc.com/,,,,yes,,2nd Avenue,1648,10028,food_drink
6725334331,node,40.7772248,-73.9554346,235.0,shop,dry_cleaning,Glamour Cleaners,,dry_cleaning,,,,,,,Mo-Fr 07:00-19:00; Sa 08:00-18:00,+1 212-288-0916,https://glamourcleanersnyc.com,,,,yes,,3rd Avenue,1474,10028,personal_care
12231891577,node,40.7742703,-73.9554347,235.1,shop,florist,Lady Flair,,florist,,,,,,,,,,,,,,,East 80th Street,232,,retail
7097336604,node,40.7778228,-73.9539994,235.5,office,estate_agent,Robert Eberhart Real Estate,,,,estate_agent,,,,,Mo-Fr 09:00-17:00; PH off,+1 212-734-3272,https://www.eberhartmgmt.com,no,,,,1,,,,office_professional
6852623278,node,40.7777066,-73.9545461,236.9,amenity,fast_food,Chipotle,Chipotle,,fast_food,,,,,mexican,Mo-Su 10:45-23:00,+1 646-998-8241,https://locations.chipotle.com/ny/new-york/1497-3rd-ave,,,yes,yes,,3rd Avenue,1497,10028,food_drink
6815414476,node,40.7773502,-73.9552986,237.2,shop,bakery,Levain Bakery,,bakery,,,,,,,Mo-Su 07:00-22:00,+1 917-464-5578,https://levainbakery.com/pages/upper-east-side,,,yes,yes,0,3rd Avenue,1484,,food_drink
266910471,way,40.7777804,-73.954332,238.2,shop,clothes,Fox's,,clothes,,,,,,,Mo-Su 10:00-19:00,+1 212-362-8409,https://foxs.com/pages/manhattan,,,,,,3rd Avenue,1501,10028,retail
2724054779,node,40.7754167,-73.9562405,238.8,amenity,restaurant,Flex Mussels,,,restaurant,,,,,seafood,"Mo-Th 17:00-22:00; Fr, Sa 11:00-15:00, 17:00-23:00; Su 11:00-15:00, 17:00-22:00",+1 212-717-7772,https://flexmussels.com,,,yes,yes,0,3rd Avenue,1431,10028,food_drink
2724181868,node,40.7773842,-73.9552806,239.1,amenity,cafe,Juice Generation,,,cafe,,,,,juice,Mo-Sa 07:00-20:00; Su 08:00-20:00,,https://www.juicegeneration.com/locations/e-84-st,yes,,,,0,3rd Avenue,1486,10028,food_drink
12230629417,node,40.7743341,-73.9555786,239.2,amenity,cafe,787 Coffee,,,cafe,,,,,coffee_shop,,,,,,,,,East 80th Street,228,10075,food_drink
4945848221,node,40.7775087,-73.9517881,240.1,amenity,bar,Jeremy's,,,bar,,,,,,"We, Th 17:30-23:00; Fr, Sa 17:30-00:00",+1 646-560-2753,https://jeremysnyc.com,,,,,0,2nd Avenue,1652,10028,food_drink
8258925522,node,40.7738551,-73.9548221,240.6,shop,newsagent,JCDecaux,,newsagent,,,,,,,,,,yes,,,,0,,,,retail
7100065219,node,40.7774223,-73.9552527,240.9,shop,hairdresser,Dramatics NYC,,hairdresser,,,,,,,Mo-Sa 09:00-19:00; Su 09:00-18:00,,,,,,,0,3rd Avenue,1488,10028,personal_care
5978558021,node,40.7755114,-73.9505916,241.1,shop,laundry,Super Wash 85,,laundry,,,,,,,,+1 212-734-0697,,,,,,,1st Avenue,1615,10028,personal_care
5799923766,node,40.77777,-73.9545025,242.0,amenity,fast_food,McDonald's,McDonald's,,fast_food,,,,,burger,"Mo-Th 06:00-11:00; Sa 00:00-24:00; Su 00:00-05:00, 06:00-23:00; Fr 05:00-00:00",+1 212-628-8100,https://www.mcdonalds.com/us/en-us/location/2814.html,,,yes,yes,,3rd Avenue,1499,10028,food_drink
2724066790,node,40.7755454,-73.9505635,243.1,shop,laundry,Drop Spot Cleaners,,laundry,,,,,,,,+1 212-249-9493,,,,,,,1st Avenue,1615,10028,personal_care
8333736497,node,40.7753561,-73.9562803,243.3,amenity,restaurant,Springbone,,,restaurant,,,,,,Mo-Su 10:30-20:30,,,,,,,0,3rd Avenue,1429,10028,food_drink
6174050007,node,40.7778783,-73.9541391,244.1,amenity,restaurant,Jacques Brasserie,,,restaurant,,,,,french,"Mo-Th 12:00-23:00; Fr 12:00-24:00; Sa 11:30-15:30, 16:00-24:00; Su 11:30-23:00",+1 212-327-2272,https://www.jacquesbrasserie.com,,yes,yes,yes,,East 85th Street,206,,food_drink
9490051317,node,40.7775473,-73.9517596,245.0,amenity,fast_food,Schaller’s Stube,,,fast_food,,,,,german,Mo-Sa 11:00-23:00; Su 12:00-18:00,+1 646-726-4355,https://www.schallerstube.com,,yes,yes,,,2nd Avenue,1652,,food_drink
7097522952,node,40.7779526,-73.9536097,245.6,amenity,clinic,Weill Cornell Medical Associates,,,clinic,,,,,,,,,,,,,,East 85th Street,215,,health
2620513899,node,40.7774839,-73.9552436,245.7,amenity,cafe,Starbucks,Starbucks,,cafe,,,,,coffee_shop,"Mo-Fr 06:00-19:00; Sa, Su 06:30-18:30",+1 212-744-7458,https://www.starbucks.com/store-locator/store/12330/84th-third-1488-third-avenue-a-new-york-ny-100281967-us,yes,,yes,,0,3rd Avenue,1488,10028,food_drink
9571717299,node,40.7760409,-73.9563334,246.0,shop,sports,Surefoot,Surefoot,sports,,,,,,,Mo-Sa 10:00-19:00; Su 10:00-18:00,+1 212-472-7171,https://www.surefoot.com/new_york_city.php,,,,,,3rd Avenue,1438,10028,leisure_entertainment
8333736496,node,40.7753173,-73.9563154,247.0,amenity,cafe,Modern Bread and Bagel,,,cafe,,,,,bagel;pizza;sandwich;salad;pastry,Mo-Su 08:00-19:00,,,,,only,,,3rd Avenue,1427,10028,food_drink
12230629416,node,40.7748046,-73.9561156,248.7,amenity,clinic,,,,clinic,,,,,,,,,,,,,,,,,health
7007498321,node,40.7735138,-73.953631,249.0,shop,pet,NY Tails,,pet,,,,,,,Mo-Fr 09:00-18:00,+1-646-2891760,https://www.nytails.com/,,,,,,East 80th Street,318,10075,retail
8233591512,node,40.7738531,-73.9518461,249.7,shop,supermarket,Morton Williams,Morton Williams,supermarket,,,,,,,07:00-24:00,+1 212-249-2851,https://www.mortonwilliams.com,,,,,0,1st Avenue,1565,,retail
2724054773,node,40.7752794,-73.9563412,250.0,shop,hairdresser,Effie's Hair Studios,,hairdresser,,,,,,,10:00-20:00,+1 212-256-0127,https://effieshairstudios.com/,,,,,0,3rd Avenue,1425,10028,personal_care
3450800429,node,40.7775967,-73.9517232,251.2,shop,butcher,Schaller & Weber,,butcher,,,,,,,Mo-Sa 11:00-20:00; Su 12:00-18:00,+1 212-879-3047,https://schallerweber.com,,,,,,2nd Avenue,1654,10028,food_drink
12065453677,node,40.773641,-73.9545554,252.5,amenity,fast_food,Chick-fil-A,Chick-fil-A,,fast_food,,,,,chicken,Mo-Sa 06:30-22:30,,,,,yes,,,2nd Avenue,1532,,food_drink
10573824690,node,40.7779004,-73.9544341,253.6,shop,optician,Cohen's Fashion Optical,Cohen's Fashion Optical,optician,,,,,,,Mo-Fr 10:00-19:00; Sa 10:00-18:00,,,,,,,0,3rd Avenue,1503,,health
9690757650,node,40.7745535,-73.9508433,255.7,amenity,restaurant,Inase,,,restaurant,,,,,sushi,Tu-Su 17:30-22:00,+1 212-628-1238,,,,yes,yes,0,1st Avenue,1586,10028,food_drink
6237598299,node,40.7745221,-73.9508675,255.8,amenity,restaurant,Zabb PuTawn,,,restaurant,,,,,thai,"12:00-16:00, 17:00-22:00",+1 212-988-8800,https://www.zaabputawn.com,,,yes,yes,,1st Avenue,1584,10028,food_drink
12065418320,node,40.7744924,-73.9508872,256.2,shop,beauty,OM Nail Spa,,beauty,,,,,,,,,,,,,,,,,,personal_care
9690757652,node,40.7745739,-73.9508204,256.2,shop,hairdresser,A & G Hair Salon,,hairdresser,,,,,,,,+1 212-472-3504,https://anghairsalon.com,,,,,0,1st Avenue,1586,10028,personal_care
9690757647,node,40.774638,-73.9507656,256.7,shop,frame,Morning Calm Gallery & Framing,,frame,,,,,,,Tu-Fr 10:30-18:30; Sa 10:00-17:00,+1 212-737-6431,https://www.morningcalmgallery.com,,,,,0,1st Avenue,1588,10028,retail
9690757651,node,40.774688,-73.9507292,256.7,amenity,restaurant,AOC East,,,restaurant,,,,,french,Mo-We 16:00-24:00; Th-Fr 16:00-01:00; Sa 12:00-01:00; Su 12:00-24:00,+1 646-998-4220,https://aoceast.com,,,yes,yes,0,1st Avenue,1590,10028,food_drink
3450800432,node,40.7777996,-73.9520412,256.7,amenity,bank,Chase,Chase,,bank,,,,,,Mo-Fr 09:00-17:00; Sa 09:00-14:00; Su off,,,,,,,,,,,finance
9690757654,node,40.7746079,-73.9507863,256.8,amenity,ice_cream,Ralph's Italian Ices,Ralph's Italian Ices,,ice_cream,,,,,ice_cream,,+1 646-850-0820,https://www.ralphsices.com,,,yes,yes,0,1st Avenue,1588,10028,food_drink
12065422572,node,40.7744639,-73.9509001,257.0,amenity,cafe,Green Lane Coffee,,,cafe,,,,,,,,,,,,,,,,,food_drink
9690757656,node,40.7747408,-73.9506866,257.3,amenity,cafe,Le Pain Quotidien,Le Pain Quotidien,,cafe,,,,,coffee_shop,"Mo-Fr 07:00-17:00; Sa, Su 07:30-17:00",+1 646-681-3110,https://www.lepainquotidien.com/us/en/locations/146:%20East_83rd_St/1592-First-Ave,,,yes,yes,0,1st Avenue,1592,10028,food_drink
10991141059,node,40.7744432,-73.95091,257.6,shop,pastry,Les Gateaux de Marie,,pastry,,,,,,,Mo-Fr 07:00-19:00; Sa 08:00-19:00; Su 08:00-17:00,+1 929-988-1582,https://lesgateauxdemarie.com,,,,,0,1st Avenue,1582,10028,food_drink
5978795487,node,40.7743846,-73.9509533,258.4,amenity,restaurant,La Mia Pizza,,,restaurant,,,,,pizza,"Su-We 11:00-01:00; Th 11:00-02:00; Fr, Sa 11:00-03:00",+1 212-472-1200,https://www.lamiapizzany.com,,,yes,yes,0,1st Avenue,1580,10028,food_drink
10893590822,node,40.7762991,-73.9504574,258.4,amenity,bar,Ryan's Daughter,,,bar,,,,,,"Mo-Fr 12:00-04:00; Sa, Su 11:00-04:00",+1 212-628-2613,https://ryansdaughter.nyc,,,,,0;1,East 85th Street,350,10028,food_drink
5599440662,node,40.7778803,-73.9522103,258.7,shop,nutrition_supplements,The Vitamin Shoppe,The Vitamin Shoppe,nutrition_supplements,,,,,,,Mo-Fr 10:00-20:30; Sa 10:00-19:30; Su 11:00-19:00,+1-212-585-3091,https://locations.vitaminshoppe.com/ny/newyork/vitamins-supplements-new-york-ny-3.html,yes,,,,,East 86th Street,244,10028,retail
10573807982,node,40.7779736,-73.9543705,259.6,amenity,restaurant,Giacomo's Pizza,,,restaurant,,,,,,"Mo-Th, Su 10:00-01:00; Fr, Sa 10:00-02:00",+1 646-719-1177,https://www.giacomospizzarestaurant.com/,,,,yes,,3rd Avenue,1505,,food_drink
9480321784,node,40.7759606,-73.9503587,260.4,amenity,veterinary,The Animal Clinic of new York,,,veterinary,,,,,,,+1 212-628-5580,,,,,,,1st Avenue,1623,10028,health
9690757653,node,40.7743123,-73.950992,260.6,amenity,restaurant,QUATORZE bis,,,restaurant,,,,,french,"Mo-Th 17:30-22:30; Fr-Su 12:00-15:00, 17:30-22:30",+1 212-535-1414,https://quatorze.nyc,,,yes,yes,0,1st Avenue,1578,10028,food_drink
11154799859,node,40.7750338,-73.9504895,260.7,shop,laundry,Smile Cleaners,,laundry,,,,,,,,+1 212-737-8484,,yes,,,yes,0,1st Avenue,1604,10028,personal_care
10695825227,node,40.7777807,-73.9549893,261.1,amenity,restaurant,Serafina Restaurant ,,,restaurant,,,,,italian,closed,,https://cafeserafinany.com/,,,,,,,,,food_drink
10893513469,node,40.7765789,-73.9505353,261.3,amenity,restaurant,Poke,,,restaurant,,,,,sushi,"Mo-Th 17:00-21:30; Fr, Sa 17:00-22:00",+1 212-249-0569,https://pokerestaurant.nyc,,,yes,yes,0,East 85th Street,343,10128,food_drink
2724082991,node,40.7776771,-73.9516638,261.4,shop,convenience,Farmer's Market Café,,convenience,,,,,,,,,,,,,,0,East 86th Street,300,10028,retail
12920325700,node,40.7779915,-73.9524939,261.8,shop,supermarket,Fairway Market,,supermarket,,,,,,,Mo-Su 07:00-24:00; Dec 25 off,+1-718-569-4511,https://www.fairwaymarket.com/sm/planning/rsid/4000/store,yes,,,,,East 86th Street,240,10028,retail
10292368149,node,40.7750757,-73.9504566,261.9,amenity,restaurant,Botte UES,,,restaurant,,,,,,,+1 212-207-0052,https://www.botterestaurants.com/,,,,,,1st Avenue,1606,10028,food_drink
7108604986,node,40.7751135,-73.9564475,263.1,shop,wine,Eli's List,Eli Zabar,wine,,,,,,,Mo-Sa 10:00-19:00; Su 12:00-19:00,+1 212-717-1999,https://elislist.com/,,,,yes,,3rd Avenue,1415,10028,retail
2723997250,node,40.7741199,-73.9511665,263.4,shop,convenience,Tony Deli & Grocery,,convenience,,,,,,,,+1 212-570-6229,,,,,,0,1st Avenue,1576,10028,retail
2724083007,node,40.7776057,-73.9514952,263.5,amenity,cafe,Casita of Brooklyn,,,cafe,,,,,coffee_shop,,,https://casitaofbk.com,,,yes,,,East 86th Street,300,10028,food_drink
13375040752,node,40.7765505,-73.9504682,265.5,amenity,events_venue,Let's Dress Up,,,events_venue,,,,,,,+1-212-879-0956,https://letsdressupnyc.com,,,,,,,,,leisure_entertainment
5876934150,node,40.7740406,-73.951217,266.5,shop,hardware,Sky Locksmith & Hardware,,hardware,,,,,,,Mo-Fr 08:00-18:30; Sa 09:00-18:00,+1 212-288-7773,https://www.skylocksmith.com/,,,,,,1st Avenue,1574,10028,retail
8333736499,node,40.7755873,-73.9565983,266.7,amenity,restaurant,Emmy Squared–Upper East Side,,,restaurant,,,,,,,,,,,,,,,,,food_drink
7108601966,node,40.7750684,-73.95648,267.1,amenity,restaurant,Eli's Table,Eli Zabar,,restaurant,,,,,american,Tu-Sa 17:30-21:30,+1 212-717-9798,https://www.elizabar.com/Elis-Table.aspx,yes,,yes,yes,,3rd Avenue,1413,10028,food_drink
5857686501,node,40.7735939,-73.9520108,268.0,amenity,clinic,Northwell Health-GoHealth Urgent Care,GoHealth Urgent Care,,clinic,,,,,,"Mo-Fr 08:00-20:00; Sa,Su 09:00-17:00",+1 212-897-1995,https://www.gohealthuc.com/nyc/manhattan/east-81st,,,,,,1st Avenue,1555,10028,health
13375040751,node,40.776532,-73.9504244,268.3,shop,florist,Michael's Floral Design NYC,,florist,,,,,,,"Mo-Fr 08:30-18:00, Sa-Su 10:00-18:00",+1-212-879-1690,https://www.michaelsfloraldesignnyc.com,,,,,,,,,retail
10755612112,node,40.7755174,-73.9566349,270.4,amenity,cafe,Maman,Maman,,cafe,,,,,,"Mo-Fr 07:30-18:00; Sa,Su 08:00-18:00",,https://mamannyc.com/,,yes,yes,yes,0,3rd Avenue,1424,10028,food_drink
8653604469,node,40.7779242,-73.9548807,270.8,amenity,fast_food,Dave's Hot Chicken,Dave's Hot Chicken,,fast_food,,,,,chicken,Mo-Su 10:30-23:00,,,yes,,yes,,0,3rd Avenue,1498,10028,food_drink
10893577514,node,40.7765138,-73.9503813,271.1,amenity,restaurant,Luna Rossa,,,restaurant,,,,,italian,"Mo-Sa 15:00-22:30, Su 12:00-21:00",+1 212-517-3118,https://lunarossanyc.com,,,yes,yes,0,East 85th Street,347,10128,food_drink
12324805519,node,40.7781506,-73.9528704,271.4,shop,beauty,Thérapie,,beauty,,,,,,,Mo-Fr 10:00-20:00; Sa 09:00-18:00; Su off,,,,,,,,East 86th Street,228,,personal_care
8653571863,node,40.7779443,-73.9548481,271.6,amenity,dentist,Glenn Reit D.D.S.,,,dentist,,,,,,,+1 212-517-9000,https://www.reitdds.com,,,,,1,3rd Avenue,1498,10028,health
9858408200,node,40.7735399,-73.9520551,271.7,amenity,bank,Apple Bank,Apple Bank,,bank,,,,,,Mo-We 09:00-16:00; Th 09:00-18:00; Fr 09:00-16:00; Sa 10:00-14:00,+1212-472-5576,https://www.applebank.com/atm-branch-locations/new-york/manhattan/1555-first-avenue,,no,,,,1st Avenue,1555,10028,finance
10711404203,node,40.7781497,-73.9540401,271.8,leisure,fitness_centre,Equinox,Equinox,,,,,,fitness_centre,,Mo-Th 05:30-22:00; Fr 05:30-20:00; Sa-Su 07:00-19:00,+1-212-439-8500,https://www.equinox.com/clubs/new-york/uptown/east85th,,,,,,East 85th Street,203,10028,leisure_entertainment
4470030391,node,40.7750087,-73.9565252,272.6,shop,deli,Eli's Market,Eli Zabar,deli,,,,,,,07:00-19:30,+1 212-717-8100,https://www.elizabar.com/Elis-Market.aspx,yes,,,yes,,3rd Avenue,1411,,food_drink
6725436560,node,40.778185,-73.9529487,274.1,amenity,bank,Santander,Santander,,bank,,,,,,Mo-Fr 09:00-17:00; Sa 09:00-13:00; Su off,+1 212-534-0408,https://locations.santanderbank.com/ny/new-york/226-east-86th-street.html,,,,,,East 86th Street,226,10028,finance
6209861993,node,40.7774087,-73.9510298,274.3,amenity,restaurant,Maz Mescal,,,restaurant,,,,,mexican,Tu-Th 16:00-22:00; Fr 16:00-22:30; Sa 13:00-22:30; Su 13:00-21:00; Mo 17:00-21:00,+1 212-472-1599,https://www.mazmezcal.com,,yes,,yes,,East 86th Street,316,10028,food_drink
2357937257,node,40.7761432,-73.9502069,275.6,amenity,cafe,Starbucks,Starbucks,,cafe,,,,,coffee_shop,Mo-Su 06:00-22:00,+1 212-737-6534,https://www.starbucks.com/store-locator/store/12482/85th-first-1631-1st-ave-new-york-ny-100284304-us,,,yes,,,1st Avenue,1631,10028,food_drink
5799947874,node,40.7781822,-73.9540867,276.1,shop,clothes,Gap,Gap,clothes,,,,,,,Mo-Sa 10:00-20:00; Su 10:00-19:00,+1 212-794-5782,https://www.gap.com/stores/ny/new-york/gap-7228.html,,,,,,3rd Avenue,1511,10028,retail
10755612111,node,40.7754431,-73.9566946,276.3,shop,clothes,Mixology Clothing Company,,clothes,,,,,,,Mo-We 10:00-18:00; Th-Sa 10:00-19:00; Su 11:00-18:00,,https://www.shopmixology.com/pages/crystal-christopher,,,,,0,3rd Avenue,1422,10028,retail
4278875400,node,40.7737606,-73.9514304,278.2,amenity,ice_cream,Lilo Creamery,,,ice_cream,,,,,,12:00-22:00,+1 212-734-0105,,,,yes,yes,0,1st Avenue,1564,10028,food_drink
5599198081,node,40.7773548,-73.9509024,278.4,shop,beverages,City Swiggers,,beverages,,,,,,,Mo-Su 12:00-22:00,+1 212-570-2000,https://www.cityswiggers.com/,,yes,,,,East 86th Street,320,10028,food_drink
6209895325,node,40.7773212,-73.9508445,279.8,amenity,restaurant,Sandro's,,,restaurant,,,,,italian,"Mo-Th 17:00-21:00; Fr 17:00-22:00; Sa 12:00-14:30,16:30-22:00; Su 12:00-14:30,16:30-21:00",+1 212-288-7374,https://www.sandrosrestaurant.com,,,yes,yes,,East 86th Street,322,10028,food_drink
4346186291,node,40.7753842,-73.9567313,280.2,amenity,restaurant,Pig Heaven,,,restaurant,,,,,chinese,12:00-22:00,+1 212-744-4333,https://pigheavennyc.com/,,,yes,yes,,3rd Avenue,1420,10028,food_drink
8258925539,node,40.7734579,-73.9548306,280.4,shop,newsagent,,,newsagent,,,,,,,,,,yes,,,,0,,,,retail
4553473206,node,40.773727,-73.9514424,280.6,shop,hairdresser,Hair 'n Now,,hairdresser,,,,,,,Mo-Sa 08:00-19:30; Su 09:00-19:00,+1 212-288-4413,http://hairnnow.com,,,,,0,1st Avenue,1564,10028,personal_care
8333736500,node,40.7756861,-73.9567751,281.1,amenity,restaurant,Antonucci Cafe,,,restaurant,,,,,italian,"Su, Mo 12:00-22:00; Tu-Sa 12:00-22:30",,,,,,16:00-22:00,,East 81st Street,170,,food_drink
266926747,way,40.7780282,-73.9549214,282.6,amenity,fast_food,Sweetgreen,Sweetgreen,,fast_food,,,,,salad,Mo-Su 10:30-22:00,+1 646-666-0860,https://order.sweetgreen.com/85th-3rd/menu,yes,,yes,,,3rd Avenue,1500,10028,food_drink
2723997240,node,40.7736779,-73.951473,283.5,shop,pet,Paws Grocer,,pet,,,,,,,,,,,,,,0,1st Avenue,1562,10028,retail
2620513909,node,40.7781083,-73.9547613,285.1,amenity,bank,TD Bank,TD Bank,,bank,,,,,,Mo-Fr 08:30-18:00; Sa 09:30-13:00; Su 11:00-14:00,+1 212-396-5740,https://locations.td.com/us/1504-3rd-avenue-85th-3rd,,,,,,3rd Avenue,1504,10028,finance
3451030436,node,40.7764768,-73.9566862,285.3,amenity,restaurant,Toloache,,,restaurant,,,,,mexican,"Mo-Th 12:00-23:00; Fr, Sa 12:00-23:00; Su 12:00-21:00",+1 212-861-4505,http://toloachenyc.com/#uppereastside,limited,,yes,yes,,East 82nd Street,166,10028,food_drink
13375040755,node,40.7772341,-73.9506172,289.3,shop,beauty,Satori Laser,,beauty,,,,,,,"Mo-Fr 09:00-20:00, Sa-Su 10:00-19:00",+1-646-259-3366,https://www.satorilaser.com/pages/laser-hair-removal-upper-east-side/,,,,,,,,,personal_care
9690763530,node,40.7740064,-73.9508531,291.3,shop,bakery,Miss Madeline,,bakery,,,,,,french,Mo-Fr 08:00-18:00; Sa 09:00-18:00; Su 09:00-13:00,+1 646-896-1227,https://www.missmadelinenyc.com,,,,,0,East 82nd Street,400,10028,food_drink
9571664618,node,40.7757456,-73.9569141,292.7,amenity,restaurant,Al Vaporetto,,,restaurant,,,,,italian,17:00-22:00,+1 212-570-5100,https://antonuccicafe81.com/pages/al-vaporetto,yes,,,,,East 81st Street,1,10028,food_drink
9571683573,node,40.775756,-73.9569414,295.0,shop,laundry,Central Cleaner & Laundry,,laundry,,,,,,,Mo-Fr 07:00-19:00; Sa 08:30-18:00,+1 212-249-8649,,,,,yes,,East 81st Street,168,,personal_care
7041755301,node,40.7751937,-73.9568705,295.5,shop,shoes,Diane B Ladies' Shoes,,shoes,,,,,,,,+1 212-570-5360,https://dianebshoes.com/,,,,,0,3rd Avenue,1412,10028,retail
6918676615,node,40.7779843,-73.9515252,296.3,shop,greengrocer,Green Cart,,greengrocer,,,,,,,24/7,,,,,,,,,,,food_drink
5855840300,node,40.7771603,-73.9504427,297.1,amenity,clinic,CityMD,CityMD,,clinic,,,,,,"Mo-Fr 07:00-23:00; Sa, Su 09:00-21:00",+1 212-933-1364,https://www.citymd.com/urgent-care-locations/ny/east-86th,,,,,,East 86th Street,336,10028,health
6056137496,node,40.7781617,-73.9519194,297.3,amenity,bank,Capital One,Capital One,,bank,,,,,,"Mo-Fr 09:00-17:00; Sa, Su 09:00-12:00",+1 212-534-7015,https://locations.capitalone.com/bank/ny/NEW-YORK-86th-and-2nd-branch-46738,,,,,0,East 86th Street,249,10028,finance
6821257420,node,40.7782085,-73.9520529,297.4,shop,optician,Eye to Eye Vision Center,,optician,,,,,,,Mo-Fr 09:30-19:00; Sa 10:00-18:00; Su 11:00-17:00,+1 212-717-2780,https://www.eyetoeyevisioncenters.com/,yes,,,,0,East 86th Street,249,10028,health
8410079863,node,40.7782741,-73.952265,297.7,amenity,bank,Wells Fargo,Wells Fargo,,bank,,,,,,Mo-Fr 09:00-17:00,+1 646-901-5625,,,,,,,East 86th Street,247,,finance
5857677523,node,40.7734398,-73.9516051,299.5,amenity,restaurant,Gracie Mews Restaurant,,,restaurant,,,,,diner,06:00-24:00,+1 212-861-2290,https://www.graciemewsdiner.getsauce.com/,,yes,yes,yes,0,1st Avenue,1550,10028,food_drink
2724095356,node,40.7783415,-73.9524381,300.4,leisure,fitness_centre,Barry's,Barry's,,,,,,fitness_centre,,"Mo-Th 06:00-19:30; Fr 06:00-18:30; Sa, Su 08:00-13:00",+1 212-334-1362,https://www.barrys.com/studio/east-86th/,,,,,,East 86th Street,237,10028,leisure_entertainment
12971321698,node,40.7771297,-73.9503705,300.5,shop,bed,Mattress Firm,,bed,,,,,,,"Mo-Sa 10:00-21:00, Su 10:00-19:00",+1-646-981-1093,https://www.mattressfirm.com/en-us/stores/ny/new-york/167026/,,,,,,,,,retail
3451081915,node,40.7783322,-73.9545158,301.3,amenity,fast_food,Medo Halal Food,,,fast_food,,,,,middle_eastern,,,,,,,,,,,,food_drink
3450813305,node,40.7784635,-73.953693,302.7,amenity,fast_food,Papaya,,,fast_food,,,,,,,,,yes,,,,0,East 86th Street,206,,food_drink
8410087118,node,40.778395,-73.9525835,303.0,shop,photo,86 Street Photo & Portrait Studio,,photo,,,,,,,Mo-Fr 09:00-21:00; Sa 10:00-21:00; Su 10:00-20:00,,,,,,,,East 86th Street,233,,personal_care
10885720691,node,40.7782151,-73.954991,303.9,amenity,clinic,Northwell Health Physician Partners,,,clinic,,,,,,,,,,,,,,East 85th Street,178,,health
9712624545,node,40.7770975,-73.9502943,304.3,shop,convenience,365 Family Deli,,convenience,,,,,,breakfast;sandwich,24/7,+1-646-581-4399,,yes,,,yes,0,East 86th Street,340,10028,retail
5799949122,node,40.7784627,-73.9539386,304.8,shop,clothes,Athleta,Athleta,clothes,,,,,,,Mo-Sa 10:00-18:00; Su 11:00-18:00,+1 212-249-2072,https://athleta.gap.com/stores/ny/newyork/athleta-4785.html,,,,,,3rd Avenue,1517,10028,retail
6174051692,node,40.7784844,-73.9537594,305.5,shop,pastry,Baked by Melissa,,pastry,,,,,,,09:00-21:00,+1 212-842-0220,https://www.bakedbymelissa.com/,,,,,,East 86th Street,206,10028,food_drink
5599078213,node,40.7759773,-73.949796,307.7,shop,copyshop,The UPS Store,The UPS Store,copyshop,post_office,,,,,,Mo-Fr 09:00-19:00; Sa 10:00-18:00; Su 11:00-16:30,+1 212-737-9700,https://newyork-ny-6584.theupsstorelocal.com/,yes,,,,,1st Avenue,1632,,personal_care
11133247689,node,40.7729555,-73.953571,310.7,amenity,dentist,Smile Up Pediatric Dentistry & Orthodontics,,,dentist,,,,,,,,,,,,,,East 79th Street,325,10075,health
12150582151,node,40.7746026,-73.9568323,312.9,shop,shoe_repair,Simon's Shoe Repair,,shoe_repair,,,,,,,Mo-Fr 09:00-18:00; Sa 09:00-17:00,+1 212-249-2988,,yes,,,,0,3rd Avenue,1399,,personal_care
2724095354,node,40.7785413,-73.9529203,313.6,shop,optician,Kalmus Optical,,optician,,,,,,,,,,,,,,,East 86th Street,217,10028,health
4478899789,node,40.7785502,-73.9538988,314.0,shop,mobile_phone,AT&T,AT&T,mobile_phone,,,,,,,Mo-Sa 09:00-22:00; Su 10:00-18:00,+1 212-734-7550,https://www.att.com/storrs/new-york/new-york/991,,,,,,East 86th Street,200,,retail
2724095355,node,40.7785582,-73.9529641,315.0,amenity,restaurant,Mimi's Pizza,,,restaurant,,,,,pizza,"Mo-Th 10:00-22:00; Fr, Sa 10:00-01:45;Su 10:00-21:30",+1 212-249-8111,https://www.ordermimispizza.com,,,yes,yes,0,East 86th Street,217,10028,food_drink
6936298724,node,40.7780682,-73.9556027,315.9,amenity,clinic,New York Medical Imaging Associates,,,clinic,,,,,,,+1 212-535-9770,www.nymiassociates.con,,,,,,East 84th Street,165,,health
5153825322,node,40.7772601,-73.9566378,317.6,amenity,car_rental,Thrifty,Thrifty,,car_rental,,,,,,,+1-877-283-0898,https://www.thrifty.com/,,,,,,,,10028,leisure_entertainment
2724189347,node,40.7749423,-73.957062,318.0,amenity,restaurant,Amber,,,restaurant,,,,,sushi,12:00-22:00,+1 212-249-5020,https://www.ambernewyork.com/,,,yes,yes,0,3rd Avenue,1406,10075,food_drink
6725433358,node,40.7786166,-73.9530659,320.5,amenity,restaurant,The Hummus & Pita Co.,,,restaurant,,,,,mediterranean,Mo-Sa 11:00-22:00; Su 11:00-21:00,+1 646-944-4500,https://www.hummusandpitas.com/,,,yes,yes,0,East 86th Street,215,10028,food_drink
5978557991,node,40.7731083,-73.954973,320.7,amenity,bank,Citizens Bank,Citizens Bank,,bank,,,,,,Mo-Fr 09:00-17:00,+1-212-699-7410,https://locations.citizensbank.com/ny/new-york/1510-2nd-avenue.html,,,,,,2nd Avenue,1510,,finance
5640741631,node,40.777498,-73.9503988,321.5,amenity,cafe,Tal Bagels,,,cafe,,,,,bagel,Mo-Su 05:30-20:00,+1-917-999-0371,https://www.talbagelsny.com,,,,yes,,East 86th Street,333,10028,food_drink
3451042735,node,40.7768188,-73.9569853,321.6,amenity,restaurant,The Simone,,,restaurant,,,,,italian,Mo-Th 18:00-21:30; Fr-Sa 18:00-22:30,,http://www.thesimonerestaurant.com/,no,,,,,East 82nd Street,151,10028,food_drink
9847048468,node,40.7734524,-73.9557735,322.2,amenity,restaurant,Our New Place,,,restaurant,,,,,chinese,Mo-Su 12:00-22:00,+1-212-288-4888,http://www.ournewplacenyc.com,,,yes,yes,,East 79th Street,242,10075,food_drink
6240316486,node,40.7748819,-73.9571029,323.3,amenity,restaurant,parma Nuova,,,restaurant,,,,,italian,12:00-15:00; 17:00-22:00,+1 212-535-3520,https://parmanuovanyc.com/,,,yes,yes,0,3rd Ave,1404,10075,food_drink
5599203463,node,40.7781479,-73.9512383,324.8,amenity,pharmacy,CVS Pharmacy,CVS Pharmacy,,pharmacy,,,,,,"Mo-Fr 08:00-21:00; Sa-Su 09:00-18:00 open ""Pharmacy"" || 00:00-24:00 open ""Store""",+1 212-722-2914,https://www.cvs.com/store-locator/new-york-ny-pharmacies/305-east-86th-st-new-york-ny-10028/storeid=10970,,,,,,East 86th Street,305,10128,health
10885733387,node,40.7783446,-73.9552612,327.0,shop,hairdresser,Sharp Styles Barbershop ,,hairdresser,,,,,,,Mo-Fr 08:30-18:30; Sa 08:30-17:30,+1 917-261-2031,,,,,,,East 85th Street,172,,personal_care
6704448761,node,40.7774329,-73.9502358,328.3,shop,variety_store,Price Wise Discount,,variety_store,,,,,,,,+1 212-650-9120,,,,,,,East 86th Street,337,,retail
2623014696,node,40.7743561,-73.9569681,335.1,amenity,atm,Chase,Chase,,atm,,,,,,24/7,,,,,,,,,,,finance
6344107332,node,40.7762752,-73.9495174,335.3,shop,alcohol,Yorkshire Wines & Spirits,,alcohol,,,,,,,Mo-Sa 11:00-21:00; Su 12:00-19:00,+1-212-717-5100,https://www.yorkshirewines.com/,,,,yes,,1st Avenue,1646,10028,retail
2623014572,node,40.7743532,-73.9569702,335.4,amenity,bank,Chase,Chase,,bank,,,,,,Mo-Fr 09:00-17:00; Sa 09:00-14:00,+1 212-452-4042,https://locator.chase.com/ny/new-york/201-e-79th-st,,,,,,East 79th Street,201,10075,finance
7278595729,node,40.7780696,-73.9560043,336.7,amenity,restaurant,Home Kitchen,,,restaurant,,,,,comfort_food,Mo-Su 11:30-22:00,+1 646-838-5102,https://www.homekitchennyc.com/,,,yes,yes,,East 84th Street,155,10028,food_drink
5552531848,node,40.7787096,-73.9544011,339.2,shop,cosmetics,Ulta Beauty,Ulta Beauty,cosmetics,,,,,,,Mo-Sa 10:00-21:00; Su 11:00-19:00,+1 212-828-3180,https://www.ulta.com/stores/new-york-ny-1402,,,,,,East 86th Street,188,10028,retail
5978557700,node,40.7779571,-73.9562606,341.8,amenity,restaurant,Nicola’s,,,restaurant,,,,,italian,17:00-24:00,+1 212-249-9850,https://www.nicolasrestaurantnyc.com/,,,,,,East 84th Street,146,10028,food_drink
8333736495,node,40.7746639,-73.9572619,343.8,amenity,restaurant,Due,,,restaurant,,,,,italian,12:00-22:00,+1 212-772-3331,https://www.duenyc.com/,,,,,,3rd Avenue,1396,10075,food_drink
4520459289,node,40.7783269,-73.9511534,345.3,amenity,car_rental,Budget,Budget,,car_rental,,,,,,07:00-23:00,+1-212-289-3920,https://www.budget.com/en/locations/us/ny/new-york-city/e87,,,,,,East 87th Street,300,10128,leisure_entertainment
2724181843,node,40.7773511,-73.9569565,345.8,shop,beauty,Diva Nails & Spa,,beauty,,,,,,,Mo-Sa 09:30-19:30; Su 10:00-19:00,+1 212-734-6767,https://divanailspa-nailsalon.business.site,yes,,,,0,Lexington Avenue,1227,10028,personal_care
6979980085,node,40.7770944,-73.9571567,347.1,amenity,restaurant,Saba's Pizza,,,restaurant,,,,,pizza;italian,Su-Th 11:00-19:45; Fr 11:00-17:30,+1 212-987-9130,https://www.sabaspizzanyc.com/,,,yes,yes,,Lexington Avenue,1217,,food_drink
3451054422,node,40.7771504,-73.9571264,347.5,amenity,restaurant,L'Osteria,,,restaurant,,,,,italian,12:00-22:00,+1 646-524-6294,https://www.losterianyc.com,,,,,,Lexington Avenue,1219,10028,food_drink
9533126242,node,40.7787808,-73.9544432,347.7,amenity,bank,Citizens Bank,Citizens Bank,,bank,,,,,,Mo-Fr 09:00-17:00; Sa 09:00-13:00,,,yes,,,,,East 86th Street,186,10028,finance
3451054421,node,40.776975,-73.9572441,348.3,shop,hairdresser,Shantl & Co,,hairdresser,,,,,,,Mo-Th 09:00-19:30; Fr 09:00-19:00; Sa 09:00-18:00; Su 10:00-17:00,+1 212-837-2410,https://www.barbershopny.com/,no,,,,,Lexington Avenue,1211,10028,personal_care
6129308192,node,40.776936,-73.9572696,348.6,shop,e-cigarette,Jubilee Smoke & Vape,,e-cigarette,,,,,,,Mo-Fr 08:00-23:00; Sa 09:00-23:00; Su 10:00-22:00,+1 917-261-2629,https://www.jubileesmokeandvapeshop.com,no,,,,,Lexington Avenue,1211,10028,retail
6240316485,node,40.7746187,-73.9572996,348.6,amenity,pub,Luke’s Bar & Grill,,,pub,,,,,,"Mo-Fr 11:30-24:00; Sa, Su 11:00-12:00",+1 212-249-7070,https://lukesbarandgrill.com/,,,,yes,,3rd Avenue,1394,,food_drink
9719515716,node,40.7788957,-73.953629,350.4,shop,clothes,Lululemon,Lululemon,clothes,,,,,,,"Mo-Th 10:00-19:00; Fr, Sa 10:00-20:00; Su 11:00-18:00",+1 212-452-1909,https://shop.lululemon.com/stores/us/new-york/86thand3rd,,,,,0,3rd Avenue,1529,10028,retail
12150623970,node,40.7728676,-73.9551746,352.1,tourism,gallery,Metropolitan Graphic Art Gallery,,,,,,gallery,,,,+1 212-737-9703,https://mgagallery.com,yes,,,,0,2nd Avenue,1504,,leisure_entertainment
3451035929,node,40.7767104,-73.9574322,352.9,shop,dry_cleaning,Pessel French Cleaners,,dry_cleaning,,,,,,,,+1-212-249-9059,,yes,,,,,,,,personal_care
6217306125,node,40.7788556,-73.9542942,353.0,shop,newsagent,East 86 Street & 3rd Avenue Newsstand,,newsagent,,,,,,,,+1 212-348-4496,,,,,,,East 86th Street,,,retail
2724189296,node,40.7767695,-73.9574087,353.1,shop,optician,Warby Parker,Warby Parker,optician,,,,,,,"Mo-Fr 09:00-18:00; Sa, Su 10:00-18:00",+1 646-757-2290,https://www.warbyparker.com/retail/new-york/1209-lexington-ave,,,,,,Lexington Avenue,1209,10028,health
10755612110,node,40.774564,-73.9573292,353.1,shop,beauty,S Nails,,beauty,,,,,,,"Mo-Fr 10:00-20:30; Sa, Su 10:00-20:00",+1 929-505-1465,,,,,,0,3rd Avenue,,10075,personal_care
5655040288,node,40.7725856,-73.9527862,355.9,shop,supermarket,Agatha & Valentina,,supermarket,,,,,,,,,,,,,,,1st Avenue,1513,10075,retail
10755612113,node,40.7745235,-73.9573499,356.4,shop,convenience,East Side Smoke Shop,,convenience,,,,,,,,,,,,,,0,3rd Avenue,1390,10075,retail
5682342504,node,40.7779735,-73.9565065,357.8,amenity,pharmacy,Duane Reade,Duane Reade,,pharmacy,,,,,,"Mo-Sa 06:00-02:00; Su 07:00-02:00 open ""Store"" || Mo-Fr 09:00-21:00; Sa 09:00-18:00; Su 10:00-17:00 open ""Pharmacy""",+1 212-570-2710,https://www.walgreens.com/locator/duane+reade-1235+lexington+ave-new+york-ny-10028/id=14415,,,,,,Lexington Avenue,1235,10028,health
8333736493,node,40.7744968,-73.9573847,360.3,amenity,restaurant,Eli's Night Shift,Eli Zabar,,restaurant,,,,,american,Mo-Fr 16:00-22:00; Sa-Su 14:00-22:00,+1 212-879-7160,https://www.elizabar.com/nightshift.aspx,yes,,yes,yes,,East 79th Street,189,,food_drink
2357937242,node,40.7765852,-73.9492609,363.8,amenity,bank,Ridgewood Savings Bank,,,bank,,,,,,Mo-We 09:00-15:00; Th 09:00-19:00; Fr 09:00-15:00; Sa 09:00-13:00,,,,,,,,,,,finance
7667574154,node,40.7763218,-73.9577178,366.0,shop,optician,Purdy,,optician,,,,,,,,,,,,,,,Lexington Avenue,1195,10028,health
2724189466,node,40.7745596,-73.9575543,371.0,shop,dry_cleaning,Mr. Young's Dry Cleaners & Tailor,,dry_cleaning,,,,,,,,+1-212-794-0101,,,,,,,East 79th Street,185,10075,personal_care
9173426747,node,40.77401,-73.9572092,371.7,office,financial_advisor,Charles Schwab,Charles Schwab,,,financial_advisor,,,,,Mo-Fr 08:30-17:00,+1 212-452-4520,https://client.schwab.com/public/branchlocator/branchdetails.aspx?branchid=1163,,,,,,East 79th Street,200,10075,finance
9233658444,node,40.7774348,-73.9572738,373.5,amenity,pharmacy,Caligor Pharmacy,,,pharmacy,,,,,,Mo-Fr 09:00-18:00; Sa 10:00-16:00,+1 212-369-6000,https://www.caligorpharmacy.com,yes,,,yes,0,Lexington Avenue,1226,,health
2724212862,node,40.7775102,-73.9572158,373.6,amenity,restaurant,Lexington Candy Shop,,,restaurant,,,,,diner,Mo-Fr 07:00-19:00; Sa 08:00-19:00; Su 08:00-18:00,+1 212-288-0057,https://www.lexingtoncandyshop.com/,,,,,,Lexington Avenue,1226,10028,food_drink
651652780,way,40.7789188,-73.9549595,375.1,amenity,fast_food,Shake Shack,Shake Shack,,fast_food,,,,,burger,10:30-23:00,+1 646-237-5035,https://www.shakeshack.com/location/upper-east-side/,designated,yes,yes,yes,,East 86th Street,152,10028,food_drink
5090743954,node,40.7773405,-73.957386,376.7,craft,tailor,Eden Custom Tailor,,,,,tailor,,,,,,,,,,,,Lexington Avenue,1220,,personal_care
9824706386,node,40.7726374,-73.9552176,377.0,shop,beauty,Renee's Hair Designs,,beauty,,,,,,,"We, Fr-Sa 10:00-17:00",+1 212-721-1277,https://reneeshairdesignsnyc.com,,,,,,2nd Avenue,,10075,personal_care
8750022721,node,40.7791088,-73.952829,377.2,shop,beauty,Charming Nails,,beauty,,,,,,,,+1 212-987-7239,,,,,,,East 87th Street,212,10128,personal_care
3448911320,node,40.7777126,-73.9570936,377.5,amenity,cafe,Tal Bagels,,,cafe,,,,,bagel,05:30-20:00,+1-212-247-6811,https://www.talbagelsny.com,,,,,,Lexington Avenue,1228,10028,food_drink
8750022720,node,40.7791163,-73.9528585,377.7,shop,laundry,Youme Cleaners,,laundry,,,,,,,,+1 212-534-6766,,,,,yes,,East 87th Street,212,,personal_care
5266889691,node,40.772875,-73.9558334,377.8,amenity,restaurant,Pil Pil,,,restaurant,,,,,spanish,,,,,,,,,East 78th Street,265,,food_drink
9233654454,node,40.7774944,-73.9572942,378.3,leisure,fitness_centre,Real Pilates,,,,,,,fitness_centre,,Mo-Th 07:00-21:00; Fr 07:00-19:00; Sa 08:00-14:00; Su 09:00-15:00,+1 212-625-0777,https://www.realpilatesnyc.com/upper-east-side-studio,,,,,1,Lexington Avenue,1226,10028,leisure_entertainment
13643792686,node,40.7791275,-73.9528873,378.6,amenity,cafe,Opening Move Cafe,,,cafe,,,,,,,,https://openingmovecafe.com/,,,,,,East 87th Street,208,,food_drink
6006060909,node,40.7791537,-73.9535112,378.7,amenity,restaurant,Cava,,,restaurant,,,,,mediterranean,,,,yes,,yes,,0,3rd Avenue,1535,10028,food_drink
10010217667,node,40.7779475,-73.9568896,379.8,shop,bakery,By the Way Bakery,,bakery,,,,,,,08:00-18:00,+1 212-988-3300,https://www.btwbakery.com,,,,,0,Lexington Avenue,1236,10028,food_drink
2724212866,node,40.7779629,-73.9568713,379.8,shop,convenience,Smoke N Vape,,convenience,,,,,,,,,,,,,,,Lexington Avenue,1236,10028,retail
5705969076,node,40.7766943,-73.9578039,382.4,shop,copyshop,The UPS Store,The UPS Store,copyshop,post_office,,,,,,Mo-Fr 07:30-19:30; Sa 09:00-17:00; Su 11:00-16:00,+1 212-439-6104,https://newyork-ny-0523.theupsstorelocal.com,,,,,,Lexington Avenue,1202,10028,personal_care
2724094212,node,40.7785966,-73.9508908,382.5,leisure,fitness_centre,Clutch,,,,,,,fitness_centre,,,,,,,,,,2nd Avenue,1690,10128,leisure_entertainment
10777014286,node,40.7791694,-73.9539697,383.1,amenity,fast_food,Panera Bread,Panera Bread,,fast_food,,,,,sandwich;bakery,Mo-Su 07:00-22:00,+1 917-410-5792,https://locations.panerabread.com/ny/new-york/1534-3rd-ave.html,yes,no,yes,,0;1,3rd Avenue,1534,10028,food_drink
2724212870,node,40.7780919,-73.9567772,383.4,shop,hairdresser,Shear D'art Dalon,,hairdresser,,,,,,,,+1 212-988-8889,,,,,,0,Lexington Avenue,1242,10028,personal_care
9470240220,node,40.7759523,-73.9579943,384.3,shop,hairdresser,Gents Barber Shop,,hairdresser,,,,,,,Mo-Fr 08:30-19:00; Sa 08:30-18:00,+1 212-249-2951,https://bttps://gentsbarbershopny.com,,,,,,Lexington Avenue,1183,10028,personal_care
5090743953,node,40.7786181,-73.9559843,384.5,amenity,cafe,Starbucks,Starbucks,,cafe,,,,,coffee_shop,"Mo-Fr 05:00-21:00; Sa, Su 05:30-20:30",+1 212-879-1764,https://www.starbucks.com/store-locator/store/10249/85th-lexington-1261-lexington-avenue-new-york-ny-100282001-us,,,yes,,,Lexington Avenue,1261,10028,food_drink
5801848000,node,40.7781312,-73.9567486,384.6,amenity,restaurant,Thai @ Lex,,,restaurant,,,,,thai,Mo-Fr 11:30-22:00; Sa 12:00-22:00,+1 212-288-6060,https://www.thaiatlex.com,,,yes,yes,,Lexington Avenue,1244,10028,food_drink
10010270931,node,40.778152,-73.9567392,385.6,amenity,cafe,Dear Coffee,,,cafe,,,,,,,,,,,,,0,Lexington Avenue,1246,10029,food_drink
9859261598,node,40.779224,-73.9534606,386.5,amenity,veterinary,Bond Vet,,,veterinary,,,,,,10:00-20:00,+1 212-624-2773,https://bondvet.com/c/east-86th-street-animal-hospital,,,,,,3rd Avenue,1535,10028,health
6852554239,node,40.7792238,-73.9539252,388.7,amenity,fast_food,Chick-fil-A,Chick-fil-A,,fast_food,,,,,chicken,Mo-Sa 06:30-22:00,+1 212-410-7500,https://www.chick-fil-a.com/locations/ny/1536-3rd-avenue-in-line,,,yes,yes,0;1,3rd Avenue,1536,10028,food_drink
5705939366,node,40.7764985,-73.9579461,388.7,shop,alcohol,Bottle and Soul,,alcohol,,,,,,,"Mo-Th 10:00-21:30; Fr, Sa 10:00-22:00; Su 12:00-20:00",+1 212-628-0100,https://bottleandsoul.com/,,,,,,Lexington Avenue,1200,10028,retail
10920636734,node,40.7786485,-73.9508527,389.1,amenity,dojo,Supreme Martial Arts,,,dojo,,,,,,Mo-Th 12:00-20:00; Fr 12:00-19:00; Sa 09:00-14:00,+1 212-722-6722,https://truesupreme.com/location/new-york-ny-upper-east/,,,,,-1,2nd Avenue,1690,10128,leisure_entertainment
6979980086,node,40.778314,-73.9566244,391.7,amenity,restaurant,Famous Famiglia Pizzeria,,,restaurant,,,,,pizza,,+1 212-737-7777,,,,yes,yes,,,,,food_drink
9496940702,node,40.7773283,-73.9492713,392.4,amenity,fast_food,Dunkin',,,fast_food,,,,,donut,"Mo-Th 06:00-20:00, Fr 07:00-16:00, Sa-Su 06:00-17:00",+1-646-329-6704,https://locations.dunkindonuts.com/en/ny/new-york/1661-1st-avenue/365113,,,,,,1st Avenue,1661,10028,food_drink
9210931754,node,40.7790698,-73.955022,392.7,shop,department_store,Target,Target,department_store,,,,,,,08:00-23:00,+1-646-758-8596,https://www.target.com/sl/upper-east-side-86th-and-lex/3387,yes,,,,,East 86th Street,150,10028,retail
5932754534,node,40.7792964,-73.9533764,394.6,shop,bakery,Le Pain Quotidien,Le Pain Quotidien,bakery,cafe,,,,,coffee_shop,"Mo-Fr 06:30-19:00; Sa,Su 07:30-19:00",+1 332-910-6856,https://www.lepainquotidien.com/us/en/locations/3004:%2087_&_3rd/1535-3rd-avenue,,,yes,yes,0,3rd Avenue,1535,10028,food_drink
11450910169,node,40.7773542,-73.9492532,395.1,shop,pawnbroker,G&G Gold,,pawnbroker,,,,,,,,,,,,,,,1st Avenue,1661,10028,finance
6691104523,node,40.7721945,-73.9530851,396.2,shop,deli,Agata & Valentina,,deli,,,,,,italian,07:00-21:00,+1 212-452-0690,https://www.agatavalentina.com/Store-Uptown.aspx,,,,yes,,1st Avenue,1505,10075,food_drink
266933406,way,40.779251,-73.9543969,397.8,shop,mobile_phone,T-Mobile,T-Mobile,mobile_phone,,,,,,,Mo-Sa 10:00-20:00; Su 11:00-18:00,+1 212-348-6340,https://www.t-mobile.com/store-locator/ny/new-york/e-86th-st-3rd-ave,yes,,,,0,East 86th Street,169,10028,retail
6067911686,node,40.7784516,-73.9565317,397.8,shop,books,Judaica Classics By Doina,,books,,,,,,,Mo-Th 10:00-18:00; Fr 10:00-14:00; Su 10:00-17:00,+1 212-722-4271,http://judaicaclassics.com,,,,,,Lexington Avenue,1248,10028,retail
9496984092,node,40.7773861,-73.9492348,398.0,shop,bakery,Padoca Bakery,,bakery,,,,,,,08:00-16:00,,https://padocabakery.com,yes,,,,0,1st Avenue,1663,,food_drink
5266898172,node,40.774115,-73.9576435,398.0,shop,clothes,Vivaldi,,clothes,,,,,,,Mo-Fr 10:00-19:00; Sa 10:00-18:00; Su 12:00-18:00,+1 212-734-2805,https://vivaldi-ny.com,,,,yes,,3rd Avenue,1388,10075,retail
6250062022,node,40.7788421,-73.9558617,400.0,amenity,cafe,Variety Coffee Roasters,,,cafe,,,,,coffee_shop,07:00-21:00,+1 212-289-2104,https://varietycoffeeroasters.com,,yes,yes,,,Lexington Avenue,1269,10028,food_drink
2723975581,node,40.7724775,-73.9554399,400.8,amenity,restaurant,Nightly's Bar and Bistro,,,restaurant,,,,,,"Mo-Fr 15:00-24:00+, Sa,Su 10:30-14:45,15:00-24:00+",,,,,,,0,2nd Avenue,1496,10075,food_drink
9496964891,node,40.7774156,-73.9492157,401.0,amenity,restaurant,Pavin,,,restaurant,,,,,italian,Mo-Su 11:30-22:00,+1-646-368-1666,https://pavin86.com,,,yes,,,1st Avenue,1663,10028,food_drink
7134809799,node,40.7792496,-73.9545874,401.2,shop,clothes,Victoria's Secret,Victoria's Secret,clothes,,,,,,,Mo-Sa 10:00-21:00; Su 11:00-19:00,+1 646-672-9183,https://www.victoriassecret.com/store-locator#/store/1255,yes,,,,0,East 86th Street,165,10028,retail
10767108330,node,40.7785171,-73.956497,401.4,shop,newsagent,Lexington Ave News,,newsagent,,,,,,,,,,no,,,,,Lexington Avenue,1248,,retail
2357937221,node,40.7770297,-73.9489719,402.2,amenity,pharmacy,Duane Reade,Duane Reade,,pharmacy,,,,,,"Mo-Fr 09:00-21:00; Sa 09:00-18:00; Su 10:00-18:00 open ""Pharmacy"" || 07:00-23:00 open ""Store""",+1 917-492-8801,https://www.walgreens.com/locator/duane+reade-401+e+86th+st-new+york-ny-10028/id=14242,,,,,,East 86th Street,401,10028,health
10767098336,node,40.7785467,-73.9564694,402.5,amenity,fast_food,Dunkin',Dunkin',,fast_food,,,,,donut;coffee_shop,Tu-Sa 00:00-24:00; Su 00:00-22:00; Mo 05:00-00:00,+1 646-755-8586,https://locations.dunkindonuts.com/en/ny/new-york/1248-lexington-ave/349887,,,yes,,,Lexington Avenue,1248,10028,food_drink
6691104531,node,40.7721589,-73.9541312,403.3,shop,pastry,Butterly Bakeshop,,pastry,,,,,,,,+1 646-306-2806,,,,,,0,East 78th Street,341,10075,food_drink
7085207165,node,40.7723678,-73.955182,403.5,amenity,restaurant,Anand Indian Cuisine,,,restaurant,,,,,indian,"Mo-Fr 11:30-15:00, 17:00-22:30; Sa, Su 12:00-22:30",+1 212-650-0333,https://www.anandindiancuisinenyc.com,,,,,0,East 78th Street,304,10075,food_drink
5484494529,node,40.7723296,-73.9550482,403.6,amenity,bar,Heidi’s House,,,bar,,,,,american,Mo-Fr 17:00-23:00; Sa 16:00-23:30; Su 16:00-22:00,,,,yes,,yes,0,East 78th Street,308,10075,food_drink
7085207163,node,40.7723172,-73.9550167,404.0,amenity,bar,Ed's Elbow Room,,,bar,,,,,,Fr 18:00-24:00; Sa 17:00-24:00,+1 646-649-3764,https://heidishouseny.com/eds-elbow-room,,,,,0,East 78th Street,308,10075,food_drink
7707592141,node,40.7785873,-73.9564417,404.5,shop,alcohol,World of Wines,,alcohol,,,,,,,Mo-Sa 10:00-24:00; Su 12:00-21:00,+1 212-988-9463,,,,,yes,,Lexington Avenue,1252,,retail
6691104530,node,40.7721437,-73.9540963,404.6,shop,beauty,Koru,,beauty,,,,,,,"Mo,Th 11:00-19:30; Tu-Fr 11:00-19:00; Sa 11:00-17:00",+1 212-396-3672,https://korunyc.com/,,,,,0,East 78th Street,341,,personal_care
5625658649,node,40.7791322,-73.9552248,405.3,shop,cosmetics,Sephora,Sephora,cosmetics,,,,,,,Mo-Sa 09:00-20:00; Su 11:00-19:00,+1-212-426-6199,https://www.sephora.com/stores/new-york-86th-lexington,yes,,,,,East 86th Street,144,,retail
9496965836,node,40.7774528,-73.9491814,405.5,shop,laundry,Super 1665 Laundromat,,laundry,,,,,,,09:00-20:00,+1 212-410-7549,,,,,yes,,1st Avenue,1665,10028,personal_care
5266896891,node,40.7722806,-73.9549444,405.9,shop,bakery,Orwashers,,bakery,,,,,,,07:00-19:00,+1 212-288-6569,https://www.orwashers.com/,,,yes,yes,0,East 78th Street,308,,food_drink
5266894493,node,40.7725833,-73.9558526,406.4,amenity,restaurant,Calexico,Calexico,,restaurant,,,,,mexican,"Mo-Fr 12:00-22:00; Sa, Su 11:30-22:00",+1 347-967-5955,https://www.calexico.com/location/upper-east-side/,,yes,yes,yes,0,2nd Avenue,1491,10075,food_drink
6781739945,node,40.7786314,-73.9564131,406.9,amenity,bar,Carlow East,,,bar,,,,,,,+1 212-744-6397,https://www.carloweastbar.com,,,,,,Lexington Avenue,1254,,food_drink
4924850830,node,40.7786751,-73.9563703,408.5,amenity,fast_food,Subway,Subway,,fast_food,,,,,sandwich,24/7,+1 646-609-3656,https://restaurants.subway.com/united-states/ny/new-york/1256-lexington-ave,,,yes,,,Lexington Avenue,1256,10028,food_drink
10990490106,node,40.7722407,-73.9548837,408.6,shop,toys,Tiny dollhouse,,toys,,,,,,,Mo-Fr 11:00-17:00; Sa 11:00-16:00,+1 212-744-3719,https://www.tinydollhouse.com/,,,,,0,East 78th Street,314,10075,retail
9496982046,node,40.7774854,-73.9491594,408.8,shop,deli,Punjabi Junction,,deli,,,,,,indian,Mo-Sa 07:00-22:00; Su 08:00-20:00,,,yes,,,yes,,1st Avenue,1665,10028,food_drink
8250820319,node,40.7724145,-73.9554921,409.0,amenity,restaurant,Lusardi's,,,restaurant,,,,,italian,"Mo-Th 12:00-15:00, 17:00-22:30; Fr 12:00-15:00, 17:00-23:30; Sa 17:00-23:30; Su 17:00-22:00",+1 212-249-2020,https://www.lusardis.com,,yes,yes,yes,,2nd Avenue,1494,10075,food_drink
9533133694,node,40.7793092,-73.9547191,410.4,shop,mobile_phone,Verizon,Verizon,mobile_phone,,,,,,,Mo-Fr 10:00-19:00; Sa 10:00-18:00; Su 11:00-17:00,+1 800-880-1077,https://www.verizon.com/stores/details/new-york/new-york/86th-street-203968/,,,,,0,East 86th Street,157,10028,retail
758613738,way,40.7723303,-73.9552875,410.7,shop,dry_cleaning,Danny Boy's Cleaners,,dry_cleaning,,,,,,,Mo-Fr 07:00-19:00; Sa 08:00-17:00,+1 212-717-6572,,yes,,,yes,,East 78th Street,302,10075,personal_care
2629371819,node,40.7720932,-73.9525972,412.5,amenity,bank,Citibank,Citibank,,bank,,,,,,Mo-Fr 08:30-18:00; Sa 09:00-15:00,,,,,,,,1st Avenue,1512,10075,finance
266931520,way,40.778197,-73.9571241,412.9,amenity,dentist,,,,dentist,,,,,,,,,,,,,,,,,health
5266894492,node,40.7730219,-73.9567701,413.1,craft,shoemaker,Arthur's Shoe Repair,,,,,shoemaker,,,,,,,,,,,,East 78th Street,232,,personal_care
11509891321,node,40.7793266,-73.9547654,413.3,shop,shoes,Foot Locker,Foot Locker,shoes,,,,,,,Mo-Sa 10:00-19:00; Su 11:00-19:00,+1 212-348-8652,https://stores.footlocker.com/ny/newyork/159-east-86th-street-8317.html,,,,,,East 86th Street,159,10028,retail
2724232183,node,40.7787743,-73.9562897,413.4,amenity,restaurant,fresh&co,fresh&co,,restaurant,,,,,health_food;american,Mo-Fr 11:00-19:00,+1 212-953-7374,https://freshandco.com,,,yes,yes,,Lexington Avenue,1260,10028,food_drink
5618838622,node,40.7788724,-73.9507751,413.5,amenity,restaurant,New Suki Ichiro,,,restaurant,,,,,sushi;japanese,"Mo-Th 11:00-15:00,17:00-22:00; Fr-Sa 11:00-15:00,17:00-23:00, Su 11:00-15:00,17:00-22:00",+1 212-369-6300,https://www.sukiichiro.com/,,yes,yes,yes,0,2nd Avenue,1694,10128,food_drink
5116117400,node,40.7794376,-73.954081,413.8,amenity,cinema,AMC Loews Orpheum 7,AMC,,cinema,,,,,,,,https://www.amctheatres.com/movie-theatres/new-york-city/amc-loews-orpheum-7,yes,,,,,3rd Avenue,1538,10028,leisure_entertainment
5266897321,node,40.7721253,-73.9545655,413.9,shop,dry_cleaning,La Mode 1st Cleaners,,dry_cleaning,,,,,,,Mo-Fr 08:00-18:00; Sa 08:00-16:00,+1-212-734-0101,,,,,,,East 78th Street,326,,personal_care
5309510964,node,40.7775355,-73.9491248,414.0,amenity,restaurant,Gotham Pizza,,,restaurant,,,,,,Mo-Su 10:30-23:30,+1 212-828-0888,https://www.gothampizzanewyork.com/,,,yes,yes,0,1st Avenue,1667,10028,food_drink
10572070781,node,40.7730324,-73.9568099,414.5,shop,hairdresser,Level 78 Barber Shop,,hairdresser,,,,,,,Mo-Sa 09:00-18:30; Su 10:00-17:30,+1-212-535-4936,https://level78barber.com,,,,,,East 78th Street,232,10075,personal_care
2629371902,node,40.7720749,-73.9525944,414.6,amenity,atm,Citibank,Citibank,,atm,,,,,,24/7,,,,,,,,,,,finance
2620513869,node,40.7791885,-73.9553419,414.8,shop,clothes,H&M,H&M,clothes,,,,,,,Mo-Sa 10:00-21:00; Su 11:00-20:00,,https://www2.hm.com/en_us/index.html,,,,,,East 86th Street,150,10028,retail
11161553273,node,40.7724997,-73.9558893,416.0,amenity,cafe,Tozzo,,,cafe,,,,,,,,,,,,,,2nd Avenue,,,food_drink
2620513907,node,40.7794817,-73.9537572,416.0,amenity,cafe,Starbucks,Starbucks,,cafe,,,,,coffee_shop,"Mo-Fr 05:00-21:00; Sa, Su 06:00-20:30",+1 212-369-2949,https://www.starbucks.com/store-locator/store/1006781/87th-third-1542-third-avenue-new-york-ny-100282110-us,,,yes,,0,3rd Avenue,1542,10128,food_drink
5625653719,node,40.7739526,-73.9577773,416.4,shop,cosmetics,Ricky's NYC,Ricky's NYC,cosmetics,,,,,,,Mo-Sa 09:00-21:00; Su 10:00-20:00,+1-212-737-7723,https://www.rickysnyc.com/1380-third-avenue-between-78th-and-79th-st-store,yes,,,,,3rd Avenue,1380,,retail
7085164539,node,40.7723544,-73.9555308,416.5,amenity,restaurant,Mighty Quinn's,Mighty Quinn's,,restaurant,,,,,barbecue,"Mo-Th, Su 11:30-21:00; Fr, Sa 11:30-21:30",+1 646-484-5691,https://www.mightyquinnsbbq.com,yes,,yes,yes,0,2nd Avenue,1492,10075,food_drink
5266897272,node,40.7720725,-73.9544698,417.8,amenity,fast_food,Xi'an Famous Foods,Xi'an Famous Foods,,fast_food,,,,,chinese,11:00-21:00,+1 212-782-2068,https://www.xianfoods.com,yes,,yes,,0,East 78th Street,328,10075,food_drink
2724236614,node,40.7793714,-73.954871,420.6,shop,shoes,Steve Madden,Steve Madden,shoes,,,,,,,Mo-Sa 10:00-20:00; Su 11:00-19:00,+1 212-426-0538,https://www.stevemadden.com/,yes,,,,0,East 86th Street,157,10028,retail
13357883858,node,40.7720037,-73.9527084,420.9,shop,florist,Eva's Garden,,florist,,,,,,,"Mo-Fr 08:30-18:00, Sa-Su 09:00-17:00",+1-212-744-8710,,,,,,,,,,retail
10991141048,node,40.7719682,-73.9531791,420.9,shop,cannabis,Cannabis Care,,cannabis,,,,,,,,,,,,,,0,1st Avenue,1501,10128,retail
8333736490,node,40.7739606,-73.9578708,422.9,amenity,restaurant,Tri Dim Shanghai,,,restaurant,,,,,chinese;shanghai,"Mo-Fr 11:45-22:00; Sa, Su 12:00-22:00",+1 212-585-3388,https://tridimshanghai.net/,,,yes,yes,,3rd Avenue,1378,10075,food_drink
5683379031,node,40.7789493,-73.9507243,423.0,amenity,bar,The GAF,,,bar,,,,,irish,Mo-Su 15:00-04:00,+1-212-722-6300,,,yes,,,0,2nd Avenue,1696,,food_drink
9559184089,node,40.7722993,-73.9555674,423.3,amenity,pub,Doc Watson's,,,pub,,,,,irish,"Mo 14:00-04:00; Tu-Fr 12:00-04:00; Sa, Su 11:00-04:00",,,,yes,yes,yes,0,2nd Avenue,1490,10075,food_drink
6691104529,node,40.7719954,-73.9542921,423.4,shop,hairdresser,MC Hair Salon and Spa,,hairdresser,,,,,,,,+1 212-988-5252,,,,,,0,East 78th Street,336,10075,personal_care
2620513911,node,40.7792183,-73.9555156,423.7,amenity,atm,Bank of America,Bank of America,,atm,,,,,,24/7,,,,,,,,,,,finance
2723970267,node,40.7719283,-73.953579,424.9,amenity,cafe,Le Petit Parisienne,,,cafe,,,,,french;sandwich;,07:30-19:30,+1 917-262-0910,https://www.lepetitparisienusa.com/,,,yes,,0,East 78th Street,355,10075,food_drink
10991141049,node,40.7719298,-73.9532106,425.0,shop,beauty,Classic Nail & Spa,,beauty,,,,,,,,+1 212-570-2020,,,,,,0,1st Avenue,1501,10128,personal_care
13357883859,node,40.7719583,-73.9527427,425.4,shop,convenience,Ali NY Convenience,,convenience,,,,,,,,,,,,,,,1st Avenue,1504,10075,retail
10292370196,node,40.7773181,-73.9488236,426.0,amenity,bar,Somebody's Darling,,,bar,,,,,,,,,,,,,0,1st Avenue,1664,,food_drink
6680686141,node,40.7789845,-73.9561573,426.5,amenity,bank,Metropolitan Commercial Bank,,,bank,,,,,,Mo-Fr 08:30-16:30,+1 646-930-3386,https://mcbankny.com/,,,,,,Lexington Avenue,1270,,finance
7041755297,node,40.7738405,-73.9578436,427.3,amenity,fast_food,Chopt,Chopt,,fast_food,,,,,salad,,,,,,yes,,,3rd Avenue,1376,,food_drink
2620513836,node,40.7792619,-73.9555193,428.2,amenity,bank,Bank of America,Bank of America,,bank,,,,,,Mo-Fr 09:00-17:00; Sa 09:00-14:00,+1 646-264-0197,https://locators.bankofamerica.com/ny/newyork/financial-centers-new-york-16597.html,,,,,,Lexington Avenue,1275,10028,finance
7868765654,node,40.7795881,-73.9539993,429.6,tourism,hotel,The Franklin,,,,,,hotel,,,,+1 212-710-2569,https://www.franklinhotel.com/,,,,,,East 87th Street,164,10128,hospitality
9579615881,node,40.7773575,-73.9487889,430.4,shop,tobacco,Mike's Smoke Shop,,tobacco,,,,,,,Mo-Sa 07:00-23:00; Su 11:00-22:00,+1 347-531-6443,,,,,,0,1st Avenue,1666,10028,retail
9559075749,node,40.7722433,-73.955622,430.9,amenity,bar,Keys & Heels,,,bar,,,,,,,,,,,,,0,2nd Avenue,1488,10075,food_drink
2724212854,node,40.7783658,-73.9572446,433.0,amenity,dentist,"Dr. Sara B. Babich, DDS",,,dentist,,,,,,"Mo-Th 09:00-18:00, Fr 09:00-16:00",+1-212-988-4070,https://www.nycpediatricdentist.com/,,,,,,East 84th Street,116,10028,health
10893661042,node,40.7773892,-73.9487684,433.5,shop,hairdresser,Manhattan Barbershop,,hairdresser,,,,,,,Tu-Fr 09:00-19:00; Sa 09:00-18:00; Su 10:00-18:00,+1 212-876-9627,,,,,,0,1st Avenue,1666,10028,personal_care
5978837388,node,40.7718734,-73.9528033,434.1,shop,alcohol,First Ave Liquors,,alcohol,,,,,,,"Mo-Sa 09:00-21:30, Su 12:00-20:00",+1-212-452-9600,https://firstaveliquors.com/,,,,yes,,,,,retail
2723965261,node,40.7737711,-73.9578856,434.3,amenity,cafe,Harbs,,,cafe,,,,,pastry;sandwich,"Mo-Su 11:00-21:00, Fr-Sa 11:00-22:00",+1 646-896-1511,https://www.harbsnyc.com,,,,,,3rd Avenue,1374,10075,food_drink
9858440588,node,40.7718409,-73.9533011,434.6,amenity,bar,Plug Uglies,,,bar,,,,,,"Mo-Fr 14:00-04:00; Sa, Su 12:00-04:00",,https://www.plugugliesnyc.com/,,,yes,yes,0,1st Avenue,1495,10075,food_drink
10292380375,node,40.7718529,-73.952818,436.3,amenity,fast_food,Super Taste,,,fast_food,,,,,chinese,Mo-Su 10:30-21:30,+1-212-335-0808,https://www.supertasteeats.com/,,,yes,,,1st Avenue,1502,,food_drink
9559184087,node,40.7721955,-73.9556505,436.8,amenity,restaurant,Uva,,,restaurant,,,,,italian,"Mo 15:00-24:00; Tu-Fr 15:00-01:00; Sa, Su 11:00-01:00",,,,yes,yes,yes,0;-1,2nd Avenue,1486,10075,food_drink
8333736489,node,40.773817,-73.9579582,437.0,amenity,restaurant,Noz Market,,,restaurant,,,,,,,,,,,,,,,,,food_drink
9448907812,node,40.779167,-73.9560063,437.4,shop,bakery,Paris Baguette,Paris Baguette,bakery,cafe,,,,,,Mo-Su 07:00-21:00,,,,,,,,Lexington Avenue,1270,10028,food_drink
7777198549,node,40.7735178,-73.9491087,440.9,shop,butcher,Ottomanelli Bros.,,butcher,,,,,,,Mo-Sa 07:30-17:00,+1 212-772-7900,https://www.nycotto.com,,,,,,York Avenue,1549,10028,food_drink
4618507904,node,40.7796967,-73.9529487,441.0,shop,supermarket,Whole Foods Market,Whole Foods Market,supermarket,,,,,,,Mo-Su 07:00-22:00,+1 646-891-3888,https://www.wholefoodsmarket.com/stores/uppereastside,yes,,,yes,,3rd Avenue,1551,10128,retail
6691104532,node,40.7717892,-73.9537771,441.1,amenity,restaurant,Jerk Off the Grill,,,restaurant,,,,,jamaican,,+1 212-249-0305,,no,,yes,yes,,East 78th Street,354,10075,food_drink
9448912965,node,40.7792294,-73.9559519,441.2,shop,bed,Mattress Firm,Mattress Firm,bed,,,,,,,Mo-Sa 10:00-21:00; Su 10:00-19:00,+1 646-849-5847,https://www.mattressfirm.com/en-us/stores/ny/new-york/167037/,yes,,,yes,1,Lexington Avenue,1276,10028,retail
5845064201,node,40.7778,-73.9489395,442.2,shop,convenience,7-Eleven,7-Eleven,convenience,,,,,,,24/7,+1 212-289-2304,https://www.7-eleven.com/locations/ny/new-york/1683-1st-ave-35670,,,,yes,,1st Avenue,1683,10128,retail
9559184085,node,40.7721374,-73.9556862,443.9,amenity,restaurant,Uva Next Door,,,restaurant,,,,,italian,"Tu-Th 17:00-23:00; Fr, Sa 17:00-24:00; Su, Mo 17:00-22:30",,,,,,,0,2nd Avenue,1484,10075,food_drink
7237865480,node,40.7744062,-73.948464,444.6,shop,beauty,Nirvana Lash and Nails Spa,,beauty,,,,,,,Mo-Sa 09:30-20:00; Su 10:00-20:00,+1 212-452-1573,https://nirvanalash.com,,,,,,York Avenue,1573,,personal_care
7322376963,node,40.7750356,-73.958644,445.5,amenity,clinic,CityMD,,,clinic,,,,,,,,,,,,,,,,,health
7237868918,node,40.7744668,-73.9484218,445.8,shop,books,Logos Bookstore,,books,,,,,,,Mo-Fr 10:00-21:00; Sa 10:00-20:00; Su 12:00-19:00,+1 212-517-9272,https://logosbookstorenyc.com/,,,,,,York Avenue,1575,,retail
8333736488,node,40.7738874,-73.9581318,446.1,amenity,restaurant,Sushi Noz,,,restaurant,,,,,japanese;sushi,,+1 917-338-1792,https://www.sushinoz.com/,,,yes,yes,,East 78th Street,181,,food_drink
6937558939,node,40.7795268,-73.9552209,446.2,shop,clothes,Old Navy,Old Navy,clothes,,,,,,,Mo-Sa 10:00-20:00; Su 10:00-19:00,+1 212-828-7860,https://oldnavy.gap.com/stores/ny/newyork/oldnavy-3743.html,,,,,0;1,East 86th Street,147,10028,retail
7237833660,node,40.7745346,-73.948381,446.7,amenity,restaurant,Suki Sushi,,,restaurant,,,,,sushi,"Mo-Fr 11:30-22:45; Sa, Su 12:00-22:45",+1 212-249-3766,http://ordersushisukiny.com/,,,yes,yes,,York Avenue,1577,,food_drink
11281910247,node,40.7797667,-73.9535343,446.9,shop,books,Barnes & Noble,Barnes & Noble,books,,,,,,,Mo-Sa 09:00-21:00; Su 10:00-20:00,+1 212-321-7563,https://stores.barnesandnoble.com/store/3420,yes,,,,0,3rd Avenue,1550,10128,retail
8495279807,node,40.7778653,-73.9488853,449.9,amenity,restaurant,Conmigo,,,restaurant,,,,,mexican,Mo-Su 12:00-00:00,+1 212-256-0056,https://conmigonyc.com/,,,yes,yes,0,1st Avenue,1685,10128,food_drink
6125413922,node,40.775402,-73.9587626,450.0,amenity,restaurant,Burger One,,,restaurant,,,,,diner,Mo-Fr 06:00-20:00; Sa 07:00-17:00; Su 08:00-17:00,+1 212-737-0095,,,,,yes,,Lexington Avenue,1150,,food_drink
2977408620,node,40.7733511,-73.9577457,450.1,shop,supermarket,Gristedes,,supermarket,,,,,,,Mo-Sa 06:00-24:00; Su 07:00-23:00,+1 212-535-8449,https://www.gristedessupermarkets.com,yes,,,,,3rd Avenue,1365,10075,retail
6691104535,node,40.77171,-73.9528893,451.4,amenity,ice_cream,Sedutto,,,ice_cream,,,,,,Mo-Su 12:00-22:30,,http://kosheradvantage.com/sedutto/,,,,,,1st Avenue,1498,,food_drink
2724236668,node,40.7797948,-73.9539414,452.0,leisure,sports_centre,LoftLinks,,,,,,,sports_centre,,,,https://loftlinks.com,,,,,,East 87th Street,177,10128,leisure_entertainment
8288058348,node,40.7793403,-73.9509033,452.9,amenity,restaurant,The Red Grill,,,restaurant,,,,,mexican,10:00-24:00,+1 212-722-2188,https://www.theredgrill.com/,yes,yes,yes,yes,0,2nd Avenue,1701,10128,food_drink
5090744132,node,40.775351,-73.9587932,453.1,shop,dry_cleaning,Care Plus Cleaners,,dry_cleaning,,,,,,,,,,,,,,,Lexington Avenue,1148,,personal_care
5652766523,node,40.7775689,-73.9486196,453.4,shop,hardware,New York Paint & Hardware,Benjamin Moore,hardware,,,,,,,Mo-Fr 07:30-18:30; Sa 08:00-18:30; Su 10:00-18:30,+1 212-249-1614,https://www.nypaintandhardware.com/,,,,yes,,1st Avenue,1668,10128,retail
2724236560,node,40.779568,-73.9553268,453.6,amenity,bank,Chase,,,bank,,,,,,"Mo-Fr 09:00-17:00, Sa 09:00-14:00",,,,,,,,East 86th Street,147,10028,finance
6248967379,node,40.7794108,-73.9558383,454.7,amenity,fast_food,Krispy Kreme,Krispy Kreme,,fast_food,,,,,donut,"Mo-Th, Su 07:00-23:00; Fr, Sa 07:00-24:00",,,,,yes,,,Lexington Avenue,1276,10028,food_drink
5614222314,node,40.7792107,-73.9505504,455.4,amenity,restaurant,Vietnaam,,,restaurant,,,,,vietnamese,Mo-Su 12:00-20:30,+1 212-722-0558,https://vietnaam88.com,,,only,,,2nd Avenue,1700,10128,food_drink
6691104536,node,40.771667,-73.9529405,455.7,amenity,fast_food,East Side Bagel Cafe,,,fast_food,,,,,bagel;breakfast,,+1-212-794-1655,,,,yes,,,1st Avenue,1496,,food_drink
12773238255,node,40.7794272,-73.955826,455.9,shop,convenience,Lexington Marketplace,,convenience,,,,,,,,,,,,,,,,,,retail
9559184088,node,40.7720432,-73.9557634,456.1,amenity,restaurant,the Blue Mezze Bar,,,restaurant,,,,,mediterranean;tapas,16:30-24:00,,,limited,yes,yes,yes,0,2nd Avenue,1480,10075,food_drink
9559467209,node,40.7723755,-73.9565249,456.3,shop,cannabis,Natural ReLEAF,,cannabis,,,,,,,11:30-20:00,+1 646-838-5248,https://www.thenaturalreleaf.com,no,,,,1,East 77th Street,247,10075,retail
12943289050,node,40.7723305,-73.9564789,458.2,shop,massage,LAL 249,,massage,,,,,,,Mo-Su 10:30-20:30,+1-212-879-1935,,,,,,,,,,personal_care
9559184086,node,40.7719736,-73.9556563,459.4,amenity,restaurant,Ollie's To Go,,,restaurant,,,,,chinese,11:30-22:30,+1 917-262-0842,https://ollieseats.com/ollies-to-go-ued,,,yes,no,0,East 77th Street,307,10075,food_drink
8772495902,node,40.7749318,-73.9480822,460.0,amenity,cafe,Black Star Bakery & Cafe,,,cafe,,,,,cafe,"Mo-Fr 07:00-16:00; Sa, Su 08:00-17:00",+1 646-726-4546,https://www.blackstarbakery.com/upper-east-side-1,yes,yes,yes,yes,0,York Avenue,1597,10028,food_drink
11289834690,node,40.7719117,-73.9554824,460.0,shop,hairdresser,Aaron Emanuel Salon,,hairdresser,,,,,,,,,,,,,,,,,,personal_care
11012810126,node,40.7749808,-73.9480553,461.2,amenity,restaurant,Nargila Grill,,,restaurant,,,,,middle_eastern; steak_house,Su-Th 12:00-23:00; Sa 12:00-15:00,+1 212-535-3700,https://www.nargilagrill.com/,,,yes,yes,0,York Avenue,1599,10028,food_drink
9571832579,node,40.7726896,-73.9497324,461.5,amenity,restaurant,OM,,,restaurant,,,,,indian,"Mo-Th 11:30-14:45, 17:00-22:00; Fr 11:30-14:45, 17:00-22:15; Sa 11:30-22:15; Su 11:30-22:00",+1 212-628-4500,https://omindianfood.com/,,yes,yes,yes,,York Avenue,1531,10028,food_drink
10292355601,node,40.7750378,-73.948019,463.1,shop,florist,Hybrid Florist,,florist,,,,,,,Mo-Fr 08:00-19:00; Sa 09:00-19:00; Su 10:00-17:00,+1 212-289-5323,https://www.hybridflorist.com/,,,,yes,0,York Avenue,1601,10028,retail
9652138965,node,40.7792739,-73.9505041,463.4,amenity,bar,Meller's Sports Hub & Grill,,,bar,,,,,american;italian,"Mo-Fr 12:00-04:00; Sa, Su 11:00-04:00",+1 646-490-5050,https://www.mellers1702.com,yes,yes,yes,yes,0,2nd Avenue,1702,10128,food_drink
8507468725,node,40.7781487,-73.957965,465.4,amenity,clinic,Dr. Susan Bard,,,clinic,,,,,,Mo-Th 08:00-19:00; Fr 08:00-17:00,+1-212-427-8750,https://www.manhattandermatologistsnyc.com,,,,,,Park Avenue,983,10028,health
5703492189,node,40.7794382,-73.9508292,465.4,amenity,restaurant,Cafe d'Alsace,,,restaurant,,,,,french,"Mo-Th 11:30-15:30, 17:00-22:00; Fr 11:30-16:00, 17:00-22:30; Sa 10:00-15:45, 17:00-22:30; Su 10:00-15:45, 17:00-21:00",+1 212-722-5133,https://www.cafedalsace.com,yes,yes,yes,yes,0,2nd Avenue,1703,10128,food_drink
9559467211,node,40.7725552,-73.957013,465.5,amenity,restaurant,Sabor A Mexico II,,,restaurant,,,,,mexican,Mo-Sa 11:00-23:00; Su 11:00-22:00,+1 212-439-8301,https://www.saboramexicony.com/,no,yes,yes,yes,-1,East 77th Street,233,10021,food_drink
12626503678,node,40.7794736,-73.9559698,465.9,shop,cannabis,Bliss + Lex,,cannabis,,,,,,,,,,,,,,,,,,retail
5852294691,node,40.7751719,-73.9589237,466.3,amenity,pharmacy,Eisler Chemists,,,pharmacy,,,,,,Mo-Fr 09:00-19:00; Sa 09:00-17:00,+1 212-744-4144,https://www.eislerchemist.com,,,,,,Lexington Avenue,1142,10075,health
11728018662,node,40.7725732,-73.9570578,466.4,shop,massage,J&H Body Work,,massage,,,,,,,,+1 646-559-2472,,no,,,,-1,East 77th Street,233,,personal_care
8507524783,node,40.778128,-73.9580066,466.9,amenity,clinic,Dr. Mohammad Rimawi,,,clinic,,,,,,Mo-Th 08:00-19:00; Fr 08:00-17:00,+1-212-389-1886,https://www.footdoctorpodiatristnyc.com,,,,,,Park Avenue,983,10028,health
2724212851,node,40.7781593,-73.9579804,467.1,amenity,clinic,Dr. Shawn Khodadadian,,,clinic,,,,,,Mo-Fr 08:00-18:00,+1-212-427-8761,https://www.manhattangastroenterology.com,,,,,,Park Avenue,983,10028,health
2723965264,node,40.7747662,-73.9588457,468.3,amenity,bank,First Republic Bank,First Republic Bank,,bank,,,,,,Mo-Fr 09:00-17:00,+1 212-288-6888,https://www.firstrepublic.com/locations/new-york/79th-lexington,,,,,,East 79th Street,148,10075,finance
11012810124,node,40.7751601,-73.9479246,468.8,shop,laundry,The Mat II,,laundry,,,,,,,24/7,+1 212-249-0565,,yes,,,,0,York Avenue,1605,10028,personal_care
8630401986,node,40.7731721,-73.9578638,470.0,shop,clothes,Willow Road,,clothes,,,,,,,Mo-Sa 10:00-19:00; Su 11:00-18:00,+1 646-213-2410,https://willowroad.com,,,,,0,3rd Avenue,1355,10075,retail
3143926573,node,40.7724449,-73.9499445,470.6,amenity,cafe,Starbucks,Starbucks,,cafe,,,,,coffee_shop,,+1 212-472-3581,https://www.starbucks.com/store-locator/store/13917/80th-york-1515-york-avenue-new-york-ny-100287002-us,,,yes,,,York Avenue,1515,10028,food_drink
8115172382,node,40.7781578,-73.958036,470.8,amenity,clinic,Dr. Fernando Mariz,,,clinic,,,,,,Mo-Th 08:00-19:00; Fr 08:00-17:00,+1-212-389-1904,https://www.obgynecologistnyc.com,,,,,,Park Avenue,983,10028,health
10777014287,node,40.780003,-73.9533458,473.2,amenity,restaurant,Original Roma Pizza,,,restaurant,,,,,pizza,"Su-Th 10:00-02:00; Fr, Sa 10:00-04:00",+1 212-369-3455,https://slicelife.com/restaurants/ny/new-york/10128/original-roma-pizza/menu,yes,,yes,yes,0,3rd Avenue,1562,10128,food_drink
2724007663,node,40.775223,-73.9478586,473.4,amenity,pub,Bailey's Corner Pub,,,pub,,,,,,12:00-04:00,+1 212-650-1341,https://www.baileysnyc.com/,,,,,0,York Avenue,1607,10028,food_drink
6801738337,node,40.7781755,-73.9580605,473.7,amenity,clinic,Dr. Susan Bard,,,clinic,,,,,,Mo-Th 08:00-19:00; Fr 08:00-17:00,+1-212-389-1333,https://www.varicoseveinscenternyc.com,,,,,,Park Avenue,983,10028,health
5978558020,node,40.773372,-73.9487621,474.2,shop,laundry,York Laundrette,,laundry,,,,,,,Mo-Su 07:00-22:00,,,,,,,,York Avenue,1554,,personal_care
266899965,way,40.7746933,-73.9588969,474.4,amenity,bank,First Republic Bank,First Republic Bank,,bank,,,,,,Mo-Fr 08:30-17:00; Sa 08:30-18:00; Su 09:00-13:00,+1 212-288-6888,https://www.firstrepublic.com/locations/new-york/79th-lexington,yes,,,,,East 79th Street,148,10075,finance
5978556709,node,40.7714871,-73.9531102,474.6,amenity,restaurant,Italian Village Pizzeria & Restaurant,,,restaurant,,,,,pizza,,+1 212-861-2286,,,,,yes,,1st Avenue,1494,,food_drink
5978556774,node,40.7795067,-73.9561099,474.7,amenity,bank,Chase,Chase,,bank,,,,,,Mo-Fr 09:00-17:00; Sa 09:00-14:00; Su closed,+1 212-410-2310,https://locator.chase.com/ny/new-york/147-e-86th-st,,,,,,,,,finance
5729339305,node,40.7795258,-73.9507703,476.4,amenity,cafe,JJ Brown Cup,,,cafe,,,,,coffee_shop,Mo-Su 07:00-17:00,+1 212-369-3949,,yes,,only,,0,2nd Avenue,1707,10128,food_drink
8630401985,node,40.7731163,-73.9579098,476.9,shop,optician,Visionary Optics,,optician,,,,,,,"Mo-Fr 10:30-17:00; Tu,Th 11:00-19:00",+1 212-249-6365,https://www.visionaryoptics.com,yes,,,,0,3rd Avenue,1353,10075,health
10938011550,node,40.779839,-73.9551581,477.4,shop,stationery,Paper Source,Paper Source,stationery,,,,,,,Mo-Sa 10:00-20:00; Su 11:00-18:00,,,yes,,,,0,Lexington Avenue,1291,,retail
5652757947,node,40.7778058,-73.9484598,477.6,shop,pet,Pet Town,,pet,,,,,,,"Mo-Fr 10:30-20:00; Sa, Su 10:30-19:00",+1 212-996-6273,https://pettown.business.site,,,,yes,0,1st Avenue,1676,10028,retail
10777014285,node,40.7800485,-73.9533154,478.3,shop,cannabis,CBD Kratom,,cannabis,,,,,,,08:00-22:00,,https://cbdkratom.com/store-locator?location=10128,yes,,,,0,3rd Avenue,1564,10128,retail
2620513838,node,40.779721,-73.9556314,478.8,shop,electronics,Best Buy,Best Buy,electronics,,,,,,,Mo-Sa 10:00-21:00; Su 10:00-20:00,+1-917-492-8870,https://stores.bestbuy.com/ny/new-york/1280-lexington-ave-835.html,,,,,,Lexington Avenue,1280,10028,retail
6281547422,node,40.7795539,-73.9507514,479.9,amenity,ice_cream,UES,,,ice_cream,,,,,,12:00-22:00,+1 646-559-5889,https://www.theuesnyc.com,,,yes,"Su, Tu-Fr 17:00-01:00; Sa 16:00-01:00",,2nd Avenue,1707,10128,food_drink
5652760938,node,40.7778327,-73.9484414,480.4,amenity,veterinary,Animal Health Center,,,veterinary,,,,,,"Mo, We, Sa 09:00-15:00; Tu, Th, Fr 09:00-18:00",+1 212-360-5820,https://www.animalvetnyc.com,,,,,0,1st Avenue,1676,10128,health
8250729430,node,40.7718662,-73.9559635,481.2,shop,kiosk,Friends Halal,,kiosk,,,,,,,24/7,,,,,only,,,2nd Avenue,1470,,food_drink
7041755316,node,40.7733531,-73.9582015,481.5,shop,telecommunication,Spectrum,Spectrum,telecommunication,,,,,,,Mo-Sa 10:00-20:00; Su 12:00-17:00,+1 866-874-2389,https://www.spectrum.com/locations/ny/new-york/1360-3rd-ave,yes,,,,0,3rd Avenue,1360,10075,office_professional
11728018664,node,40.771711,-73.9555384,482.5,amenity,marketplace,Brazilian Market NYC,,,marketplace,,,,,,Mo-Fr 09:00-19:00; Sa 09:00-17:00,,https://brazilianmarketnyc.com,no,,,,0,East 77th Street,304,,retail
10896481013,node,40.7795854,-73.9507274,483.9,shop,alcohol,East End Wine and Liquors,,alcohol,,,,,,,Mo-Sa 12:00-20:00; Su 14:00-20:00,+1 917-409-5210,https://eastendwineandliquors.com/,yes,,,yes,0,2nd Avenue,1709,10128,retail
6691104541,node,40.7713982,-73.9536162,483.9,amenity,dentist,National Dental,,,dentist,,,,,,Mo-Fr 09:00-19:00; Sa 09:00-14:00,,https://uppereastside.lovenationaldental.com/,,,,,,1st Avenue,1485,,health
6374756586,node,40.7745987,-73.9589824,484.0,amenity,restaurant,Don Filippo,,,restaurant,,,,,italian;pizza,Mo-Sa 11:00-23:00; Su 11:00-22:00,+1 212-744-3610,https://www.donfilipporestaurant.com/,yes,,yes,yes,0,Lexington Avenue,1133,10075,food_drink
5651164926,node,40.7800999,-73.953266,484.1,shop,cosmetics,bluemercury,bluemercury,cosmetics,,,,,,,Mo-Sa 10:00-19:00; Su 11:00-18:00,+1 646-351-6701,https://stores.bluemercury.com/ny/new-york/34845/,yes,,,,0,3rd Avenue,1566,10128,retail
11040450979,node,40.7800275,-73.9545122,484.4,shop,beauty,Rio Grande 87 Spa,,beauty,,,,,,,,,,no,,,,-1,East 87th Street,163,,personal_care
5978557987,node,40.7722391,-73.9568554,484.8,shop,laundry,Todd Layne Cleaners,,laundry,,,,,,,11:00-17:00,+1 646-661-4777,https://toddlaynecleaners.com,,,,yes,,East 77th Street,242,,personal_care
8630492211,node,40.7723547,-73.9570678,485.6,amenity,restaurant,Caffe Buon Gusto,,,restaurant,,,,,italian,12:00-23:00,+1 212-535-6884,https://www.caffebuongusto.nyc,,,yes,12:00-22:45,0,East 77th Street,236,10075,food_drink
9560223183,node,40.7778711,-73.9483951,485.8,amenity,bar,Avoca,,,bar,,,,,,15:00-03:00,+1 212-202-0140,,,,,,0,1st Avenue,1678,,food_drink
8250735010,node,40.7717928,-73.9558903,485.9,amenity,bank,TD Bank,TD Bank,,bank,,,,,,Mo-Fr 09:00-18:00; Sa 09:30-13:00,+1 212-737-4890,https://locations.td.com/us/1470-2nd-avenue-77th-2nd,,,,,,2nd Avenue,1470,10075,finance
9634779296,node,40.7794524,-73.950373,486.1,amenity,restaurant,Sojourn Social,,,restaurant,,,,,american,Mo-Su 16:00-02:00,+1 212-537-7750,https://sojournsocial.com,,yes,yes,,0,2nd Avenue,1708,10128,food_drink
6852667498,node,40.7796076,-73.9507033,487.0,shop,beauty,Perfect Brows NYC,,beauty,,,,,,,09:30-20:00,+1 646-850-7288,https://www.perfectbrowsnyc.com/,,,,,0,2nd Avenue,1709,,personal_care
2724005983,node,40.7746371,-73.9478346,487.7,shop,convenience,7-Eleven,7-Eleven,convenience,,,,,,,24/7,+1 212-327-3613,https://www.7-eleven.com/locations/ny/new-york/1594-york-ave-33616,,,,,0,York Avenue,1594,10028,retail
8333736491,node,40.7745082,-73.9590066,488.8,amenity,restaurant,Rothschild TLV,,,restaurant,,,,,mediterranean,"Mo-Th,Su 12:00-22:30",+1 917-341-4169,https://rtrestaurant.com/,,,yes,yes,,Lexington Avenue,1129,,food_drink
8627158471,node,40.7719301,-73.9563213,489.1,amenity,pharmacy,Value Price Pharmacy,,,pharmacy,,,,,,Mo-Fr 08:30-20:00; Sa 09:00-18:00; Su 10:00-17:00,+1 212-535-4710,,,,,yes,,2nd Avenue,1475,,health
6691104537,node,40.7713535,-73.9531589,489.2,shop,convenience,Buzz City Convenience,,convenience,,,,,,,,,,,,,,,1st Avenue,1490,,retail
5868605085,node,40.7801296,-73.9527141,491.0,amenity,bank,Valley National Bank,,,bank,,,,,,Mo-Fr 09:00-17:00; Sa 09:00-12:00,+1 917-492-2736,https://www.valley.com/branches/3rd-avenue-branch,,,,,,3rd Avenue,1569,,finance
8750011522,node,40.779641,-73.9506856,491.0,amenity,fast_food,Bites of Xi’an,,,fast_food,,,,,chinese,Mo-Su 10:00-22:00,,,yes,,yes,,0,2nd Avenue,1711,10128,food_drink
2723968407,node,40.7729878,-73.9579924,491.2,shop,alcohol,McCabes Wine & Spirits,,alcohol,,,,,,,Mo-Sa 10:00-21:00; Su 12:00-18:00,+1 212-737-0790,https://www.mccabewine.com,,,,Mo-Sa 12:00-19:00; Su 12:00-17:00,,3rd Avenue,1349,10075,retail
6237394819,node,40.777924,-73.9483586,491.4,amenity,restaurant,New Sunny East 88,,,restaurant,,,,,chinese,"Fr, Sa 11:30-23:00; Mo-Th, Su 11:30-22:30",+1 212-876-9332,http://www.eatnewsunnyeast88nyc.com/,,,yes,yes,,1st Avenue,1680,10128,food_drink
3142935176,node,40.7713448,-73.95278,492.7,amenity,restaurant,Sushi of Gari,,,restaurant,,,,,sushi,"Tu-Th 12:00-14:15, 17:00-22:15; Fr 12:00-14:15, 17:00-22:45; Sa 17:00-22:45; Su 17:00-22:00",+1 212-517-5340,https://www.sushiofgari.com/restaurants/upper-east-side/,,,yes,yes,,East 78th Street,402,10075,food_drink
6691104542,node,40.7713169,-73.9536779,493.1,amenity,restaurant,Maruzzella,,,restaurant,,,,,,Mo-Su 12:00-23:00,,https://www.maruzzellanyc.com/,,,,,,1st Avenue,1483,,food_drink
6657696647,node,40.7782525,-73.9582796,493.7,amenity,clinic,Dr. Nabeel Chaudhary,,,clinic,,,,,,Mo-Th 08:00-19:00; Fr 08:00-17:00,+1-212-389-9929,https://www.manhattanprimarycaredoctorsnyc.com,,,,,,Park Avenue,983,10028,health
10292347691,node,40.7779492,-73.9483454,493.8,shop,e-cigarette,Vapors Choice,,e-cigarette,,,,,,,,+1 516-408-5119,,,,,,,1st Avenue,1680,,retail
5729310496,node,40.7795132,-73.9503284,493.8,amenity,restaurant,Il Carino,,,restaurant,,,,,italian,Mo-Su 16:00-22:00,+1 646-882-0487,https://www.ilcarinorestaurantnyc.com/,yes,yes,yes,yes,0,2nd Avenue,1710,10128,food_drink
3450837629,node,40.7800261,-73.955014,493.9,shop,bakery,Eli Zabar,,bakery,,,,,,,,,https://www.elizabar.com/,,,,,,,,,food_drink
5646565154,node,40.7799187,-73.9554789,494.6,shop,pet,Petco,Petco,pet,,,,,,,Mo-Su 09:00-21:00,+1 212-369-7903,https://stores.petco.com/ny/newyork/pet-supplies-newyork-ny-3713.html,,,,,,Lexington Avenue,1280,10028,retail
5876760413,node,40.7796717,-73.9506607,495.0,shop,hairdresser,Davida Salon,,hairdresser,,,,,,,Mo-Sa 08:00-22:00; Su 10:00-20:00,+1 212-722-5900,https://www.davidasalonny.com,yes,,,,0,2nd Avenue,1711,10128,personal_care
10292401850,node,40.771293,-73.953197,495.8,shop,convenience,Deli & Shawarma,,convenience,,,,,,,,,,,,,,,1st Avenue,1488,,retail
5852364693,node,40.7718742,-73.9563636,496.2,amenity,cafe,Pick-A-Bagel,,,cafe,,,,,bagel,Mo-Su 06:00-23:00,+1 212-717-4668,,,yes,,yes,,2nd Avenue,1475,10075,food_drink
5978557986,node,40.7712629,-73.9536973,499.2,shop,laundry,77 Laundromat,,laundry,,,,,,,,,,,,,,,1st Avenue,1481,,personal_care
9560186050,node,40.7780024,-73.9482923,500.6,amenity,bar,Phil Hughes Bar,,,bar,,,,,irish,"Mo-Fr 14:00-04:00; Sa, Su 12:00-04:00",+1 212-722-9415,,,,,,0,1st Avenue,1682,10128,food_drink
5876747280,node,40.7797221,-73.9506335,501.0,shop,hardware,Safety Hardware Store,,hardware,,,,,,,Mo-Fr 09:00-18:00; Sa 09:30-18:00; Su 12:00-17:00,+1 212-860-2219,https://safetyhardwarestore.com/,yes,,,,0,2nd Avenue,1713,10128,retail
9652130907,node,40.779573,-73.9502846,501.4,amenity,restaurant,Saperavi,,,restaurant,,,,,georgian,Mo-Su 11:00-23:00,+1-646-778-9683,https://saperavinyc.com,,,,,0,2nd Avenue,1712,10128,food_drink
11728018665,node,40.7712554,-73.9539859,501.7,shop,shoe_repair,A-Plus Shoe Repair,,shoe_repair,,,,,,,,+1 212-570-1880,,no,,,,0,East 77th Street,353,,personal_care
8333736492,node,40.7744055,-73.9591389,502.7,amenity,restaurant,Wrap-N-Run Grill,,,restaurant,,,,,sandwich;american,,+1 212-744-1588,https://www.wrapnrungrill.getsauce.com/,,,,,0,Lexington Avenue,1125,10075,food_drink
13359605121,node,40.7718154,-73.9563927,503.1,amenity,fast_food,Playa Bowls,Playa Bowls,,fast_food,,,,,açaí,Mo-Su 07:00-22:00,+1-646-558-3292,https://playabowls.com/location/upper-east-side,,sidewalk,yes,,,,,,food_drink
5695510575,node,40.780039,-73.9553882,504.6,shop,stationery,Staples,Staples,stationery,,,,,,,Mo-Fr 07:00-21:00; Sa 09:00-21:00; Su 11:00-19:00,+1 212-426-6190,https://stores.staples.com/ny/new-york/1280-lexington-ave,yes,,,,1,Lexington Avenue,1280,10028,retail
9641678793,node,40.7783491,-73.948518,505.3,amenity,fast_food,Roma Pizza,,,fast_food,,,,,pizza,"Mo-We 10:00-02:00, Th 10:00-03:00, Fr-Sa 10:00-04:00, Su 10:00-02:00",+1-212-410-1910,,,,yes,yes,,1st Avenue,1701,10128,food_drink
2723963877,node,40.7731405,-73.9583584,505.7,office,financial_advisor,Fidelity Investments,Fidelity Investments,,,financial_advisor,,,,,Mo-Fr 08:30-17:00,+1 800-237-8834,https://www.fidelity.com/branches/investor-center-upper-east-side-nyc-new-york-10075,,,,,0;1,3rd Avenue,1356,10075,finance
3142915341,node,40.7718642,-73.950313,505.7,shop,supermarket,D'Agostino,D'Agostino,supermarket,,,,,,,,,,,,,,,,,,retail
5123352621,node,40.7743516,-73.9591659,506.7,amenity,restaurant,Pastrami Queen,,,restaurant,,,,,jewish,10:00-21:00,+1 212-734-1500,https://www.pastramiqueen.com/,,,yes,yes,0,Lexington Avenue,1125,10075,food_drink
5716458603,node,40.7797622,-73.9505867,506.8,amenity,restaurant,Midnight Express Diner,,,restaurant,,,,,diner,24/7,+1 212-860-2320,https://www.midnightexpressdiner.com,yes,yes,yes,yes,0,2nd Avenue,1715,10128,food_drink
12324807642,node,40.7802735,-73.9526898,507.1,shop,pastry,Mia's Brooklyn Bakery,,pastry,,,,,,,"Mo-We, Su 07:00-22:00; Th 07:00-23:00; Fr, Sa 07:00-00:00",+1 212-933-1728,https://miasbrooklyn.com/,yes,,,,0,3rd Avenue,1573,,food_drink
2723975579,node,40.7711933,-73.9537403,507.1,amenity,restaurant,Spice,,,restaurant,,,,,thai,"Su-Th 11:30-15:30, 17:00-22:15; Fr-Sa 11:30-15:30, 17:00-23:00",+1 212-744-6374,https://www.spicethaiusa.com/,,,yes,yes,,1st Avenue,1479,10075,food_drink
6691104539,node,40.771189,-73.9532527,507.2,amenity,clinic,Weill Cornell Internal Medicine Associates at Wright,,,clinic,,,,,,Mo-Fr 09:00-17:00,,https://www.nyp.org/acn/primary-care/weill-cornell-internal-medicine-associates-wright,,,,,2,,,,health
3991036557,node,40.774676,-73.959296,507.5,shop,beauty,Samina,,beauty,,,,,,,,,,,,,,,,,,personal_care
9579458320,node,40.780315,-73.9531563,508.4,amenity,restaurant,Yasouvlaki,,,restaurant,,,,,greek,"Mo-Th 11:30-21:30; Fr, Sa 11:30-22:00; Su 11:30-21:30",+1 929-551-1010,https://yasouvlakinyc.com,yes,,yes,yes,0,3rd Avenue,1568,10128,food_drink
5703494368,node,40.7796344,-73.9502395,509.2,amenity,restaurant,Tenzan 89,,,restaurant,,,,,japanese;sushi,"Mo-Th 12:00-22:00, Fr-Sa 12:00-24:00, Su 12:00-22:00",+1 212-369-3600,,yes,,yes,yes,0,2nd Avenue,1714,10128,food_drink
1740704821,node,40.7797371,-73.9564207,509.7,shop,toys,The Toy Zone,,toys,,,,,,,,,,,,,,,,,,retail
3991006660,node,40.7743094,-73.9591888,510.0,shop,mobile_phone,Verizon,Verizon,mobile_phone,,,,,,,Mo-Sa 10:00-19:00; Su 12:00-18:00,+1 646-876-6760,https://www.verizonwireless.com/stores/new-york/new-york/victra-new-york-lexington-ave-1702422,no,,,,0,Lexington Avenue,1125,10075,retail
2724236509,node,40.7802154,-73.9548959,511.7,amenity,restaurant,Bocado Cafe,,,restaurant,,,,,american,Su-Th 08:30-23:00; Fr-Sa 08:00-23:30,,,,,,yes,,Lexington Avenue,1293,10128,food_drink
9015394965,node,40.7717444,-73.9564358,511.8,amenity,fast_food,Centro Pizza,,,fast_food,,,,,pizza,"Mo-We 10:00-02:00, Th 10:00-03:00, Fr-Sa 10:00-04:00, Su 10:00-02:00",+1 212-988-4200,,,no,yes,yes,,2nd Avenue,1469,10021,food_drink
9875326357,node,40.7798681,-73.9507239,512.0,amenity,fast_food,Farina on 2nd,,,fast_food,,,,,italian,Mo-Su 11:00-22:00,+1-212-295-0922,https://farinaon2nd.com,,,,,,East 89th Street,254,10128,food_drink
11281910248,node,40.7801272,-73.9553231,512.2,shop,bakery,Ole & Steen,Ole & Steen,bakery,cafe,,,,,,"Mo-Fr 07:00-19:00; Sa, Su 08:00-19:00",,https://oleandsteen.us/stores,,,yes,,0,Lexington Avenue,1280,10028,food_drink
8250819292,node,40.7715896,-73.9560688,512.7,amenity,restaurant,Crave Fishbar,,,restaurant,,,,,,"Mo-Th 17:00-22:00; Fr 17:00-23:00; Sa 11:30-15:30,17:00-23:00; Su 11:30-15:30,17:00-21:30",,,,,,,0,2nd Avenue,1462,10021,food_drink
5614271261,node,40.7803566,-73.9531066,513.2,amenity,restaurant,Wok 88,,,restaurant,,,,,chinese,Mo-Th 11:30-23:00; Fr 11:30-23:30; Sa 12:00-23:30; Su 12:00-23:00,+1 212-828-8688,https://www.wok88inc.com/,assisted,,yes,yes,0,3rd Avenue,1570,,food_drink
13360684795,node,40.7784223,-73.9484642,513.6,shop,beauty,Dayann Nail Spa,,beauty,,,,,,,"Mo-Fr 10:00-20:00, Sa-Su 10:00-19:00",+1-917-409-0071,,,,,,,1st Avenue,1701,10128,personal_care
9579615886,node,40.7803272,-73.9526335,513.7,amenity,restaurant,Ooki Sushi,,,restaurant,,,,,japanese;sushi,11:30-22:00,+1 212-828-3388,http://ookisushi.us,,,yes,yes,0,3rd Avenue,1575,10128,food_drink
6691104543,node,40.771128,-73.9533372,513.8,amenity,fast_food,Dunkin',Dunkin',,fast_food,,,,,donut;coffee_shop,Mo-Fr 06:00-20:00; Sa-Su 06:00-17:00,+1 646-993-8407,https://locations.dunkindonuts.com/en/ny/new-york/1482-1st-ave/356051,,,yes,,,1st Avenue,1482,10075,food_drink
10896481012,node,40.7795415,-73.9499453,514.2,amenity,bar,Auction House,,,bar,,,,,,Su-Th 18:00-02:00; Fr 18:00-01:00; Sa 18:00-04:00,+1 212-427-4458,http://theauctionhousenyc.com/,,,,,0,East 89th Street,300,10128,food_drink
5868596706,node,40.7803846,-73.9533857,515.6,amenity,cafe,Birch Coffee,,,cafe,,,,,,07:30-16:00,+1 212-646-1444,https://shop.birchcoffee.com/pages/visit,,,,,,East 88th Street,171,10128,food_drink
6691104544,node,40.7711047,-73.9533466,516.4,shop,clothes,Viola's,,clothes,,,,,,,,,,,,,,,1st Avenue,1482,,retail
2723968411,node,40.7716883,-73.9564753,518.8,shop,beauty,Blossom Brows III,,beauty,,,,,,,,+1-212-470-4876,https://www.blossombrows.com/,,,,,0,2nd Avenue,1467,10021,personal_care
3142928895,node,40.7716455,-73.9504787,519.8,amenity,bank,Chase,Chase,,bank,,,,,,Mo-Fr 09:00-17:00,+1 212-772-3314,https://locator.chase.com/ny/new-york/1495-york-ave,,,,,,,,,finance
11281910243,node,40.7804302,-73.9534832,520.7,shop,frame,Alliance Art Glass,,frame,,,,,,,Mo-Fr 09:30-17:30,,,,,,,0,East 88th Street,169,,retail
9579458318,node,40.7804247,-73.953048,521.1,amenity,fast_food,Popeyes,Popeyes,,fast_food,,,,,chicken,10:00-24:00,+1 646-368-9951,https://locations.popeyes.com/ny/new-york/1572-3rd-ave,yes,,yes,yes,0,3rd Avenue,1572,10128,food_drink
8250739674,node,40.77152,-73.9561132,521.3,amenity,restaurant,Boqueria,,,restaurant,,,,,spanish;tapas,Mo-Th 12:00-21:00; Fr 12:00-22:00; Sa 11:00-22:00; Su 11:00-21:00,+1 212-343-2227,https://boqueriarestaurant.com,,yes,yes,yes,,2nd Avenue,1460,10075,food_drink
5868585313,node,40.7804162,-73.9540134,521.3,shop,hairdresser,Quality Barbers,,hairdresser,,,,,,,Mo-Su 10:00-20:00,+1 646-450-7030,https://www.qualitybarbers.com/,,,,,,East 88th Street,164,,personal_care
9579615884,node,40.780393,-73.9525935,521.4,shop,hairdresser,C & M Hair Salon,,hairdresser,,,,,,,10:00-18:00,+1 212-426-6023,https://cmhairsalon.com,no,,,,0,3rd Avenue,1577,10128,personal_care
9772198985,node,40.7716572,-73.9564969,522.7,shop,dry_cleaning,Symphony Cleaners,,dry_cleaning,,,,,,,,,,,,,,,2nd Avenue,1465,,personal_care
6691104545,node,40.7710417,-73.9533801,523.3,shop,clothes,TaRoo,,clothes,,,,,,,Mo-Su 11:00-21:00,,https://www.taroonyc.com,,,,,,1st Avenue,1480,,retail
13389975250,node,40.7785117,-73.9483986,523.9,amenity,cafe,Stella & Fly,,,cafe,,,,,,,+1-646-678-3947,https://www.stella-and-fly.com,,,,,,,,,food_drink
6691104501,node,40.7714185,-73.9509742,524.2,shop,dry_cleaning,Expert Cleaners,,dry_cleaning,,,,,,,,,,,,,,,East 79th Street,448,,personal_care
7777226970,node,40.7725599,-73.9488495,524.4,shop,dry_cleaning,Collin Dry Cleaners,,dry_cleaning,,,,,,,Mo-Fr 07:00-19:00; Sa 08:00-18:00,+1 212-861-8891,,no,,,,-1,East 81st Street,507,10028,personal_care
2723968410,node,40.7716287,-73.9565166,526.3,shop,beauty,U & Me Nails,,beauty,,,,,,,,,,,,,,,2nd Avenue,1465,10021,personal_care
8250847126,node,40.7714814,-73.9561767,527.5,shop,alcohol,Beer Depot,,alcohol,,,,,,,,,,,,,,,2nd Avenue,1458,,retail
7058054096,node,40.7785452,-73.9483741,527.8,shop,alcohol,Imperial Wines & Liquors,,alcohol,,,,,,,Mo-Sa 11:00-22:00; Su 14:00-20:00,+1 212-423-9463,https://imperial-wines.com,,,,yes,,1st Avenue,1705,10128,retail
11085058403,node,40.7741135,-73.9593294,528.3,amenity,cafe,Angelina Paris,,,cafe,,,,,pastry;french,"Mo-Fr 07:00-19:00; Sa, Su 09:00-18:00",+1 646-454-1418,https://angelinaparisusa.com,,,yes,yes,,Lexington Avenue,1121,10075,food_drink
6810781099,node,40.7799958,-73.9562565,528.6,amenity,clinic,New York Cardiac Diagnostic Center,,,clinic,,,,,,Mo-Fr 08:00-17:00,+1-212-860-0796,https://newyorkcardiac.com,,,,,,East 86th Street,115,10028,health
7041713699,node,40.7803991,-73.9547518,528.9,amenity,fast_food,Dig,Dig,,fast_food,,,,,regional,Mo-Su 11:00-22:00,+1-212-253-6176,https://www.diginn.com,,,yes,,,Lexington Avenue,1297,10128,food_drink
9032804609,node,40.7804622,-73.952544,529.6,shop,laundry,Charming Cleaners,,laundry,,,,,,,Mo-Fr 08:00-18:00; Sa 09:00-16:00,+1 212-831-4053,,,,,,,East 89th Street,200,,personal_care
13143681099,node,40.7754267,-73.9471594,529.9,leisure,fitness_centre,Vital Strength,,,,,,,fitness_centre,,Mo-Fri 06:30-20:00; Sa-Sun 08:00-16:00,+1 646-430-2082,https://vitalstrengthnyc.com/,,,,,,York Avenue,1616,10028,leisure_entertainment
3991055757,node,40.774432,-73.959489,530.1,shop,copyshop,FedEx Office,FedEx Office,copyshop,,,,,,,Mo-Fr 08:00-20:00; Sa 09:00-18:00; Su 12:00-18:00,+1 212-628-5500,https://local.fedex.com/ny/new-york/office-0219/,,,,,0,Lexington Avenue,1122,10075,personal_care
2723975578,node,40.7709875,-73.9539139,530.9,amenity,restaurant,Ikyu Sushi,,,restaurant,,,,,sushi;japanese,Mo-Su 11:00-22:00,+1 212-899-3549,https://www.ikyuny.com/,,,yes,yes,,1st Avenue,1475,10021,food_drink
9321760830,node,40.7715895,-73.956552,531.6,amenity,cafe,Ella's Cafe,,,cafe,,,,,,,+1 917-409-0307,,,yes,,,,2nd Avenue,1465,,food_drink
11085058401,node,40.7740776,-73.9593557,531.8,shop,chocolate,Venchi,,chocolate,,,,,,,10:00-22:00,,https://us.venchi.com/store/lexington,,,,,0,Lexington Avenue,1117,10075,food_drink
2724113143,node,40.7799787,-73.9504323,534.2,amenity,restaurant,Al-Badawi,,,restaurant,,,,,middle_eastern; palestinian,Mo-Su 11:00-22:00,,https://www.albadawinyc.com/location/upper-east-side-manhattan/,,,yes,no,,2nd Avenue,1725,10128,food_drink
10777014284,node,40.7805459,-73.952953,535.1,amenity,restaurant,Sushi Goda,,,restaurant,,,,,japanese;sushi,Mo-Sa 17:00-22:00,,,,,,,0,3rd Avenue,1574,10128,food_drink
2724033155,node,40.7783376,-73.9480803,535.2,shop,hairdresser,Abel Najer Boutique Salon,,hairdresser,,,,,,,Mo-Su 09:30-19:00,+1 646-692-8580,,yes,,,,0,1st Avenue,1706,10128,personal_care
11175739962,node,40.7714194,-73.9562285,535.6,shop,tobacco,Exclusive Smokes,,tobacco,,,,,,,,,,yes,,,,0,2nd Avenue,1456,,retail
5415638325,node,40.7709318,-73.9539458,537.2,shop,alcohol,76 Liquors,,alcohol,,,,,,,Mo-Sa 09:00-24:00,+1 212-249-1700,https://www.76liquors.com/,,,,yes,0,1st Avenue,1473,10021,retail
5638191304,node,40.7803953,-73.9551836,537.3,amenity,pharmacy,CVS Pharmacy,CVS Pharmacy,,pharmacy,,,,,,"Mo-Fr 08:00-21:00; Sa-Su 09:00-18:00 open ""Pharmacy"" || 07:00-24:00 open ""Store""",+1-212-996-3000,https://www.cvs.com/store-locator/new-york-ny-pharmacies/1294-lexington-ave-new-york-ny-10128/storeid=2717,yes,,,,,Lexington Avenue,1294,10128,health
7140597234,node,40.7805277,-73.9524939,537.4,amenity,fast_food,Dunkin',Dunkin',,fast_food,,,,,donut;coffee_shop,Mo-Su 05:00-20:00,+1 212-722-2800,https://locations.dunkindonuts.com/en/ny/new-york/200-e-89th-st/351292,,,yes,,,East 89th Street,200,10128,food_drink
9173185013,node,40.7713983,-73.9562422,538.2,shop,alcohol,Barrel to Bottles,,alcohol,,,,,,,,+1 212-422-9463,,,,,,,2nd Avenue,1456,,retail
9596009614,node,40.780333,-73.9513122,540.3,shop,massage,Rain Spa,,massage,,,,,,,Mo-Su 12:00-22:30,+1 212-369-4645,,,,,,,East 89th Street,219,,personal_care
6691104500,node,40.7713322,-73.9507408,541.0,shop,florist,Sterling Fell & Landgraf,,florist,,,,,,,Mo-Fr 10:00-16:00,+1 212-879-0777,https://www.sterlingfell.com/,,,,yes,,York Avenue,1491,,retail
9596014709,node,40.7803531,-73.9513584,541.2,shop,beauty,Kamila's Skin Care,,beauty,,,,,,,Mo-Sa 10:00-21:00; Su 10:00-20:00,+1 212-722-1959,,,,,,0,East 89th Street,219,,personal_care
11048684505,node,40.7798767,-73.950028,541.5,amenity,restaurant,Ikyu,,,restaurant,,,,,asian;japanese;sushi,,,,,,,,,2nd Avenue,1718,10128,food_drink
1020359759,node,40.780542,-73.954568,541.5,amenity,cafe,Le Pain Quotidien,Le Pain Quotidien,,cafe,,,,,coffee_shop,"Mo-Fr 07:00-19:00; Sa, Su 07:30-19:00",+1 212-203-0802,https://www.lepainquotidien.com/us/en/locations/carnegie_hill/1309-lexington-ave,,,yes,yes,,Lexington Avenue,1309,10128,food_drink
12631633631,node,40.7800418,-73.9503885,542.1,shop,convenience,2nd Heaven Organic,,convenience,,,,,,,,,,,,,,,2nd Avenue,1727,,retail
5707209574,node,40.7798844,-73.9500298,542.1,amenity,restaurant,IKYU,,,restaurant,,,,,sushi,Mo-Su 12:00-22:00,+1 212-500-8699,https://www.ikyuny.com/,yes,,yes,yes,0,2nd Avenue,1718,10128,food_drink
6689909660,node,40.7708772,-73.953993,543.6,amenity,bar,The Raven Pub,,,bar,,,,,,,,,,,,,,,,,food_drink
7088093182,node,40.7759675,-73.9599058,545.2,amenity,clinic,"Monica Tadros, MD, FACS",,,clinic,,,,,,Mo-Fr 09:00-17:00; Th 09:00-20:00,+1-212-532-4590,https://drmonicatadros.com,,,,,,Park Avenue,911,10021,health
5858916395,node,40.7739313,-73.959453,545.3,amenity,fast_food,Dos Toros Taqueria,,,fast_food,,,,,mexican,Mo-Su 11:00-22:00,+1 212-535-4658,https://www.dostoros.com/locations/new-york#upper-east-side,,no,,yes,,Lexington Avenue,1111,10075,food_drink
11175738709,node,40.7711143,-73.9555888,546.1,amenity,fast_food,Sin City Burger,,,fast_food,,,,,,,,,yes,,,,0,,,,food_drink
12150569644,node,40.771092,-73.9555612,547.7,shop,hairdresser,Men's Lounge Barbershop & Spa,,hairdresser,,,,,,,,,https://mensloungebarber.com,limited,,,,0,East 76th Street,311,,personal_care
8819045747,node,40.7806652,-73.9528593,548.9,amenity,restaurant,Siena Cafe,,,restaurant,,,,,italian,11:00-02:00,+1 212-410-5588,https://www.sienacafe.com/,,,yes,yes,0,3rd Avenue,1580,,food_drink
11404191035,node,40.7801055,-73.950358,549.6,amenity,cafe,Crumbly Cafe & Bakery,,,cafe,,,,,,"Mo-Fr 07:00-18:00; Sa, Su 08:00-17:00",+1 917-388-3009,https://crumblynyc.com/,,,yes,yes,,2nd Avenue,1729,,food_drink
8630215366,node,40.7712207,-73.9508007,550.2,shop,e-cigarette,Jubilee Smoke & Vape Shop,,e-cigarette,,,,,,,Mo-Th 08:00-22:00; Fr 08:00-23:00; Sa 09:00-23:00; Su 09:00-21:00,+1 357-524-7101,,,,,,,York Avenue,1487,,retail
5849993503,node,40.7709571,-73.9551577,552.1,leisure,fitness_centre,New York Sports Clubs,,,,,,,fitness_centre,,"Mo-Th 05:00-23:00; Fr 05:00-22:00; Sa, Su 07:00-21:00",+1 212-288-5700,https://www.newyorksportsclubs.com/clubs/76th-1st,yes,,,,0,East 76th Street,349,10021,leisure_entertainment
2724094229,node,40.7787555,-73.9482198,552.2,leisure,fitness_centre,Club Pilates,,,,,,,fitness_centre,,,+1-917-685-0240,https://www.clubpilates.com/location/east89th,,,,,,1st Avenue,1715,10128,leisure_entertainment
9081391960,node,40.7714804,-73.9500796,552.4,amenity,pharmacy,Duane Reade,Duane Reade,,pharmacy,,,,,,"Mo-Fr 09:00-21:00; Sa 09:00-18:00; Su 10:00-17:00 || 08:00-22:00 open ""Store""",+1 212-879-8990,https://www.walgreens.com/locator/duane+reade-1498+york+ave-new+york-ny-10075/id=14232,,,,,,York Avenue,1498,10075,health
5978510501,node,40.7721143,-73.9579282,553.4,shop,laundry,,,laundry,,,,,,,,,,,,,,,,215A,,personal_care
7165016688,node,40.7738414,-73.9595305,555.1,amenity,restaurant,Mighty Bowl,,,restaurant,,,,,asian,,,,,,,,,,,,food_drink
12920325699,node,40.7801476,-73.9503116,555.5,amenity,ice_cream,Mammamia,,,ice_cream,,,,,,,,,,,,,,,,,food_drink
5857904387,node,40.7759935,-73.9468405,556.2,amenity,restaurant,The Mansion Restaurant,,,restaurant,,,,,diner,Mo-Sa 06:00-01:00; Su 06:00-24:00,+1 212-535-8888,https://www.mansiondiner.com,,,,06:30-24:30,,York Avenue,1634,10028,food_drink
6299230989,node,40.7807292,-73.952816,556.4,shop,deli,Milano Market,,deli,,,,,,italian;sandwich,Mo-Su 07:00-21:00,+1 212-996-6681,https://www.milanomarketnyc.com,,,,,,3rd Avenue,1582,10128,food_drink
12150716231,node,40.7721417,-73.9580238,556.7,shop,massage,Back & Foot Rub,,massage,,,,,,,,,,no,,,,0,,,,personal_care
9595983975,node,40.7806448,-73.952048,556.9,shop,massage,Lee 89 Spa,,massage,,,,,,,,+1 212-289-3800,,yes,,,,,East 89th Street,201,,personal_care
8410080997,node,40.7801785,-73.9502888,559.5,shop,beauty,Vivid Nail Salon,,beauty,,,,,,,,+1 212-722-0100,,,,,,,2nd Avenue,1731,,personal_care
3991034657,node,40.774123,-73.959736,560.3,shop,deli,Butterfield Market,,deli,,,,,,,"Mo-Fr 06:00-20:00; Sa, Su 08:00-17:30",+1 212-288-7800,https://www.butterfieldmarket.com,,,,yes,,Lexington Avenue,1114,,food_drink
11289749268,node,40.7710694,-73.9559409,561.3,shop,jewelry,Best Choice Jewelry,,jewelry,,,,,,,,,,yes,,,,0,East 76th Street,332,,retail
2723782890,node,40.771213,-73.9563888,562.2,amenity,bar,Stumble Inn,,,bar,,,,,american,11:30-04:00,+1 212-650-0561,http://thestumbleinn.eatdrinkandbemerry.com/,,,,,,2nd Avenue,1454,10021,food_drink
10896495774,node,40.7756614,-73.9601148,562.3,amenity,dentist,Revitta Smile,,,dentist,,,,,,Mo 10:00-19:00; Tu-Th 10:00-18:00; Fr 09:00-18:00; Sa 09:00-15:00,+1-212-535-1202,https://www.revittasmile.com/,,,,,,East 79th Street,101,10075,health
13081665240,node,40.7736075,-73.9595127,564.2,amenity,cafe,Handcraft Coffee,,,cafe,,,,,coffee_shop,,+1-646-922-7025,,,,,,,East 77th Street,151,,food_drink
5729312617,node,40.7800549,-73.9498849,564.7,amenity,restaurant,Mughlai Indian Cuisine,,,restaurant,,,,,indian,"Mo-Th 11:00-14:45, 17:00-21:45; Fr 11:00-14:45, 17:00-22:15; Sa 11:00-22:15; Su 11:00-21:45",+1 212-722-6262,https://mughlaicuisineny.com/,,sidewalk,yes,yes,,2nd Avenue,1724,,food_drink
9321771654,node,40.7713354,-73.9567572,564.7,shop,furniture,PBteen,Pottery Barn,furniture,,,,,,,Mo-Sa 10:00-19:00; Su 12:00-18:00,,,yes,,,,,,,,retail
10000521613,node,40.7740338,-73.9597573,565.2,amenity,restaurant,Tamam Falafel,,,restaurant,,,,,falafel,,+12126391818,https://tamamfalafel.com/,yes,,,,0,Lexington Avenue,1108,10075,food_drink
5978510507,node,40.7802323,-73.9502706,565.5,shop,laundry,Mat III Laundromat,,laundry,,,,,,,24/7,+1 212-722-2100,,yes,,,,,2nd Avenue,1733,,personal_care
6059038904,node,40.7785992,-73.9478668,566.2,amenity,restaurant,Wonder Pho,,,restaurant,,,,,vietnamese,Mo-Su 11:00-21:30,+1 212-369-9888,https://wonderphonyc.com,,,yes,yes,,1st Avenue,1716,10128,food_drink
5868658667,node,40.7807678,-73.9523027,566.3,amenity,cafe,Bagels & More,,,cafe,,,,,bagel,,+1 212-348-4395,https://bagelsandmore3rdave.com,,,yes,yes,0,3rd Avenue,1585,,food_drink
11289857726,node,40.7709313,-73.9556281,566.5,amenity,car_rental,Hertz,Hertz,,car_rental,,,,,,Mo-Sa 06:30-22:00; Su 07:00-22:00,,,,,,,,,,,leisure_entertainment
11281910244,node,40.7808421,-73.9530664,567.3,shop,laundry,Sudsy Water,,laundry,,,,,,,07:00-21:00,,,0,,,,,East 89th Street,,,personal_care
12103235326,node,40.7737236,-73.9596215,567.3,shop,convenience,Lexa Convenience,,convenience,,,,,,,,,,,,,,,,,,retail
7102342430,node,40.7710056,-73.9509459,567.6,amenity,restaurant,Yefsi Estiatorio,,,restaurant,,,,,greek;seafood,"Mo-Th 17:00-22:30; Fr 17:00-23:30; Sa 12:00-14:30,17:00-23:30; Su 12:00-14:30,17:00-22:30",+1 212-535-0293,https://yefsiestiatorio.com/,,yes,,,0,York Avenue,1481,10075,food_drink
11465992310,node,40.7711613,-73.9564192,568.5,amenity,fast_food,El Taco,,,fast_food,,,,,mexican,"Mo-Th 11:00-24:00, Fr-Sa 11:00-02:00, Su 11:00-24:00",+1-646-360-2197,,yes,sidewalk,,,0,2nd Avenue,1452,,food_drink
2723975576,node,40.7706585,-73.9541429,569.0,shop,variety_store,USA Super Stores,,variety_store,,,,,,,,,,,,,,0,1st Avenue,1461,10021,retail
9032841405,node,40.7807965,-73.9522887,569.6,shop,convenience,3rd Convenience House,,convenience,,,,,,,,,,,,,,,3rd Avenue,1585,,retail
266875353,way,40.7710267,-73.9560688,569.8,amenity,restaurant,The East Wing,,,restaurant,,,,,,,,,,,,,,East 76th Street,330,10021,food_drink
5703497866,node,40.7801105,-73.9498604,571.0,amenity,restaurant,Vegan Grill,,,restaurant,,,,,sandwich;chicken;mexican;mediterranean;italian;burger;breakfast,"Mo-We,Su 12:00-22:00; Th-Sa 10:00-24:00",,,yes,yes,yes,yes,0,2nd Avenue,1726,10128,food_drink
12150569643,node,40.7708276,-73.9553808,571.1,shop,gift,Monogram Cottage,,gift,,,,,,,,+1 212-288-4808,https://monogramcottage.com,yes,,,,0,East 76th Street,346,,retail
7055185614,node,40.7725796,-73.958785,571.7,amenity,restaurant,Lenwich,,,restaurant,,,,,sandwich,08:00-18:00,+1 212-288-5288,https://www.lenwich.com,,,yes,yes,,3rd Avenue,1332,10021,food_drink
9173102299,node,40.7711285,-73.9564384,572.4,amenity,bar,Iggy's,,,bar,,,,,,,,,,yes,,,,2nd Avenue,1452,,food_drink
3341829009,node,40.7736696,-73.9596624,572.8,amenity,cafe,Pick-A-Bagel,,,cafe,,,,,bagel;sandwich,,+1 212-517-6590,https://www.pickabagelnyc.net/,yes,,,yes,,Lexington Avenue,1101,10075,food_drink
6691104499,node,40.771156,-73.9503526,572.9,amenity,pharmacy,Health Wise Pharmacy,,,pharmacy,,,,,,,,,,,,,,York Avenue,1494,,health
5614292204,node,40.7802891,-73.9502159,573.2,amenity,restaurant,Móle,,,restaurant,,,,,mexican,12:00-22:00,,,,yes,yes,yes,,2nd Avenue,1735,,food_drink
10292396813,node,40.7705972,-73.953715,573.2,amenity,restaurant,Canyon Road Bar & Grill,,,restaurant,,,,,mexican,Mo-We 16:00-22:00; Th 16:00-22:30; Fr 16:00-23:00; Sa 12:00-23:00; Su 12:00-22:00,+1 212-734-1600,https://www.canyonroadny.com/,,,yes,yes,0,1st Avenue,1470,10021,food_drink
6403171164,node,40.780859,-73.9543977,574.0,shop,florist,Flowers By Philip,,florist,,,,,,,"Mo-Sa 09:00-18:00; Jan 1, Dec 25 off",,,,,,,,Lexington Avenue,1311,10128,retail
5978510509,node,40.7767748,-73.9467387,575.5,shop,alcohol,Park East Wines & Spirits,,alcohol,,,,,,,Mo-Sa 10:00-22:00; Su 12:00-20:00,+1 212-534-2093,,,,,,,York Avenue,1657,,retail
10104522815,node,40.7801511,-73.9498444,575.6,shop,cannabis,Pre Roll World,,cannabis,,,,,,,"Mo-Th, Su 09:00-22:00; Fr, Sa 09:00-23:00",,,,,,,,2nd Avenue,1726,,retail
5978556711,node,40.7710865,-73.9504332,576.8,shop,alcohol,Wine at 79,,alcohol,,,,,,,,,,,,,,,York Avenue,1490,,retail
9579615892,node,40.7809169,-73.9526799,578.3,shop,beauty,Madison Reed,Madison Reed,beauty,,,,,,,"Mo-We, Su 10:00-19:00; Th-Sa 09:00-19:00",+1 646-713-0691,https://www.madison-reed.com/colorbar/locations/uppereastside,,,,,0,3rd Avenue,1588,10128,personal_care
6852637513,node,40.7803274,-73.9501815,578.3,shop,hairdresser,Fabio's Hair & Color Studio,,hairdresser,,,,,,,,+1-212-410-2005,,,,,,,2nd Avenue,1737,10128,personal_care
6194871166,node,40.7725122,-73.958829,579.3,shop,deli,Sable's Smoked Fish,,deli,,,,,,jewish;smoked_fish,Mo-Fr 08:15-18:30; Sa 07:30-18:30; Su 07:30-17:00,+1 212-249-6177,https://sablesnyc.com,yes,,yes,yes,,3rd Avenue,1330,10075,food_drink
5599221033,node,40.7801822,-73.9498252,579.4,shop,hairdresser,Cutting Edge Barber Shop,,hairdresser,,,,,,,Mo-Sa 09:00-19:00; Su 09:00-17:00,+1 347-575-2001,https://cuttingedgebarbershopnyc.com/,yes,,,,0,2nd Avenue,1728,,personal_care
9579615889,node,40.7768521,-73.9466966,580.8,shop,convenience,York Food & Convenience Store,,convenience,,,,,,,Mo-Sa 06:00-22:30; Su 07:00-22:30,+1 212-548-0837,https://yorkkdeliny.com,no,,,,0,York Avenue,1661,10128,retail
6374756585,node,40.7738645,-73.9598733,581.0,amenity,fast_food,Dunkin',Dunkin',,fast_food,,,,,donut;coffee_shop,24/7,+1 646-691-0888,https://locations.dunkindonuts.com/en/ny/new-york/1104-lexington-ave/358025,,,yes,,,Lexington Avenue,1104,10075,food_drink
8250837717,node,40.7710568,-73.9564846,581.3,amenity,fast_food,Hanabi,,,fast_food,,,,,japanese;sushi,Mo-Sa 11:00-21:30,+1-212-570-1228,https://www.hanabijapanese.com,,,yes,yes,,2nd Avenue,1450,10021,food_drink
6110248358,node,40.7803588,-73.9501631,582.1,shop,convenience,Tab Grocery Inc. Deli,,convenience,,,,,,,,+1 212-828-5612,,yes,,,,0,2nd Avenue,1737,,retail
5729312871,node,40.7802091,-73.9498026,582.9,shop,convenience,Amazing Store & Smoke Shop,,convenience,,,,,,,Mo-Su 07:00-00:00,,,,,,,,2nd Avenue,1728,,retail
10982822001,node,40.7705113,-73.9537874,583.0,amenity,restaurant,Momokawa,,,restaurant,,,,,sushi;japanese,,+1 212-256-0403,,yes,,yes,yes,0,1st Avenue,1466,10075,food_drink
3792073193,node,40.7711856,-73.9568688,583.8,amenity,cafe,Starbucks,Starbucks,,cafe,,,,,coffee_shop,,+1 212-472-0653,https://www.starbucks.com/store-locator/store/15674/pickup-76th-second-1449-second-avenue-new-york-ny-100212904-us,,,yes,,,Second Avenue,1449,10021,food_drink
5399802311,node,40.7809125,-73.9521286,584.8,shop,alcohol,Mister Wright Fine Wines & Spirits,,alcohol,,,,,,,Mo-Sa 09:00-21:00; Su 12:00-19:00,+1 212-722-4564,https://www.misterwrightfinewines.com/,yes,,,yes,,3rd Avenue,1593,10128,retail
8233628437,node,40.7763648,-73.9465288,585.8,shop,supermarket,Gristedes,,supermarket,,,,,,,07:00-22:00,+1 212-628-6769,https://www.gristedessupermarkets.com,,,,,,York Avenue,1644,10028,retail
9579615883,node,40.7769043,-73.9466429,586.4,shop,florist,CitiFloral,,florist,,,,,,,Mo-Fr 09:00-17:00; Sa 09:00-14:00; Su 09:00-16:00,+1 212-410-0303,https://www.citifloral.com,no,,,yes,0,York Avenue,1661,10128,retail
9596938816,node,40.7809445,-73.954711,587.7,amenity,cafe,Tal Bagels,,,cafe,,,,,,Mo-Sa 07:00-17:00; Su 07:00-16:00,+1 646-850-0133,,,,yes,yes,,Lexington Avenue,1324,,food_drink
5415640407,node,40.7790791,-73.948009,588.4,shop,supermarket,C-Town,C-Town Supermarkets,supermarket,,,,,,,Mo-Su 10:00-20:00,+1 212-360-5849,https://locations.ctownsupermarkets.com/ny-new-york-s41_029,,,,yes,,1st Avenue,1721,10128,retail
10982822002,node,40.7704635,-73.9538268,588.5,shop,art,New York Fine Art Gallery,,art,,,,,,,Mo-Sa 10:00-19:00; Su 11:00-18:00,+1 212-396-0275,http://www.nyagallery.com/,,,,,0,1st Avenue,1464,10075,retail
11986307494,node,40.7721623,-73.9586111,590.5,shop,frame,Framebridge,,frame,,,,,,,,,,,,,,,,,,retail
8627158489,node,40.7711267,-73.9569024,590.9,shop,dry_cleaning,Chenille Cleaners,,dry_cleaning,,,,,,,Mo-Fr 07:00-19:00; Sa 08:00-18:00; Su 10:00-17:00,+1 212-988-9111,,yes,,,,0,2nd Avenue,1443,10021,personal_care
2723972058,node,40.7706945,-73.9511705,593.5,amenity,restaurant,Hunan Delight Matsuya,,,restaurant,,,,,chinese;japanese,Mo-Su 11:00-21:30,+1-212-628-8161,https://www.hunandelightmatsuyanyc.com/,,,yes,yes,,York Avenue,1467,10075,food_drink
6403172421,node,40.7734593,-73.9598061,593.6,amenity,cafe,Starbucks,Starbucks,,cafe,,,,,coffee_shop,,+1 347-658-3047,https://www.starbucks.com/store-locator/store/1023211/77th-st-lexington-1095-lexington-ave-new-york-ny-100751804-us,yes,no,yes,,,Lexington Avenue,1095,10075,food_drink
9312819779,node,40.781057,-73.9525772,594.8,amenity,cafe,Marathon Coffee,,,cafe,,,,,,"Mo-Th 07:00-16:30; Fr 07:00-18:00; Sa, Su 07:30-18:00",,https://www.marathon.coffee/,no,,yes,,0,3rd Avenue,1592,10128,food_drink
9081411404,node,40.7708468,-73.9506062,594.9,shop,deli,Super-Del Market,,deli,,,,,,spanish;sandwich,,+1 212-744-3010,,,,yes,yes,,York Avenue,1747,10075,food_drink
2724273358,node,40.7810312,-73.9546334,596.0,shop,beauty,Nail Lounge,,beauty,,,,,,,,,,,,,,,Lexington Avenue,1324,10128,personal_care
9630205587,node,40.7810765,-73.9542544,596.5,shop,bakery,Patis Bakery,,bakery,,,,,,,"Mo-Th, Su 09:00-18:00; Fr 09:00-16:00",+1 917-675-7525,https://www.patis.com/locations/#uppereastside,,,yes,yes,0,Lexington Avenue,1311,,food_drink
5555633086,node,40.7721018,-73.9586378,596.7,shop,pet,Just Food For Dogs,,pet,,,,,,,,,,,,,,,,,,retail
12103236908,node,40.7734171,-73.9598358,597.8,shop,hairdresser,Josh Levi Hair Salon,,hairdresser,,,,,,,,,,,,,,,,,,personal_care
9998336843,node,40.7810844,-73.952559,598.0,shop,shoes,Vaulted Laces Sneaker Boutique,,shoes,,,,,,,Tu-Fr 11:00-19:00; Sa 11:00-19:30; Su 12:00-18:00,,https://vaultedlaces.com,,,,,,3rd Avenue,1594,,retail
5805244038,node,40.7810415,-73.9520252,600.5,shop,beauty,Dolce Spa,,beauty,,,,,,,Mo-Fr 09:30-21:30; Sa 09:30-21:00; Su 09:30-19:30,+1 212-426-7022,http://www.dolcenyc.com,,,,,,3rd Avenue,1595,10128,personal_care
11564047839,node,40.7706148,-73.9512156,600.7,shop,books,The Book Cellar,,books,,,,,,,Tu-Th 12:00-17:00; Sa 11:00-16:00,+1 212-930-9256,,,,,,-1,York Avenue,1465,,retail
2977408619,node,40.7709044,-73.9566042,601.0,shop,supermarket,Gristedes,,supermarket,,,,,,,07:00-22:00,+1 212-535-4925,https://www.gristedessupermarkets.com,,,,yes,0,2nd Avenue,1446,10021,retail
6852549160,node,40.7811224,-73.9525297,602.5,shop,convenience,My Way Convenience Smoke Shop,,convenience,,,,,,,Mo-Sa 10:00-20:00; Su 10:00-18:00,,,,,,,,3rd Avenue,1594,10128,retail
5978556710,node,40.7707529,-73.9506465,603.1,amenity,restaurant,Kobe Sushi,,,restaurant,,,,,japanese,,+1 212-988-8628,https://kobesushi.netwaiter.com/new-york,,,yes,yes,,York Avenue,1472,,food_drink
11986335291,node,40.7720478,-73.9586765,603.2,amenity,fast_food,Juice Press,Juice Press,,fast_food,,,,,juice,,,,,,yes,,,,,,food_drink
2723825029,node,40.7722902,-73.9589738,604.3,amenity,restaurant,Tang's Garden,,,restaurant,,,,,chinese,Su-Th 11:00-21:30; Fr-Sa 11:00-22:00,+1 212-249-2102,https://www.tangtangnyc.com/,,,yes,yes,,3rd Avenue,1328,10021,food_drink
5090744923,node,40.7733433,-73.9598763,604.5,amenity,pharmacy,Duane Reade,Duane Reade,,pharmacy,,,,,,"00:00-24:00 open ""Store"" || Mo-Fr 08:00-20:00; Sa 09:00-18:00; Su 10:00-17:00 open ""Pharmacy""",+1 212-794-7100,https://www.walgreens.com/locator/duane+reade-1091+lexington+ave-new+york-ny-10075/id=14292,,,,,,Lexington Avenue,1091,10075,health
7054940498,node,40.7792219,-73.9479072,605.1,amenity,cafe,Mellow Yellow Coffee & Vibes,,,cafe,,,,,mediterranean,Mo-Su 08:00-17:00,+1 212-722-7220,https://www.mellowyellow.getsauce.com/,,,yes,yes,,1st Avenue,1729,,food_drink
6051280588,node,40.7811481,-73.9525139,605.5,amenity,restaurant,Naruto Ramen,,,restaurant,,,,,japanese,Mo-Su 12:00-22:45,+1 212-289-7803,https://narutoramenex.com/upper-east-side/,,,,,,3rd Avenue,1596,10128,food_drink
8258925526,node,40.7703377,-73.9543122,606.1,shop,greengrocer,,,greengrocer,,,,,,,,,,yes,,,,0,,,,food_drink
10982822004,node,40.7702874,-73.9536038,607.4,amenity,pub,Jones Wood Foundry,,,pub,,,,,british,Mo-Fr 12:00-24:00; Sa 10:00-24:00; Su 10:00-23:00,+1 212-249-2700,https://www.joneswoodfoundry.com/,no,yes,yes,yes,0,East 76th Street,401,,food_drink
11986194939,node,40.7720049,-73.9587065,608.3,shop,beauty,QQ Nails & Spa,,beauty,,,,,,,,,,limited,,,,0,3rd Avenue,1321,,personal_care
851613822,way,40.7709633,-73.9569396,608.3,shop,newsagent,JCDecaux,,newsagent,,,,,,,,,,yes,,,,0,,,,retail
3792073194,node,40.7709628,-73.957045,612.7,shop,beauty,DLI Nail,,beauty,,,,,,,,,,,,,,,2nd Avenue,1441,,personal_care
8630523660,node,40.7803678,-73.9494604,613.2,shop,laundry,Kingbell Dry Clean & Laundry,,laundry,,,,,,,,+1 212-410-7357,,,,,,,East 90th Street,301,,personal_care
5599224319,node,40.78045,-73.9496336,613.2,shop,mobile_phone,Verizon,Verizon,mobile_phone,,,,,,,Mo-Sa 10:00-20:00; Su 11:00-18:00,+1 646-542-1200,https://www.verizonwireless.com/stores/new-york/new-york/your-wireless-nyc-2nd-ave-1267322/,,,,,,2nd Avenue,1732,10128,retail
8630576791,node,40.7803838,-73.9494923,613.3,shop,beauty,Be Yours Spa & Nails,,beauty,,,,,,,"Mo, Th, Sa 11:00-19:00; We 12:00-19:00; Fr 10:00-19:00",+1 212-534-6386,,,,,,,East 90th Street,301,,personal_care
6807628380,node,40.7812019,-73.9545275,613.3,shop,greengrocer,Annie's Fruit and Vegetable,,greengrocer,,,,,,,"Mo-Fr 07:00-23:00; Sa, Su 08:00-22:00",+1 212-427-8800,,,,,yes,,Lexington Avenue,1330,10128,food_drink
9579615887,node,40.7772036,-73.9464111,613.4,shop,convenience,Heavenly Market,,convenience,,,,,,,06:00-22:00,+1 917-409-0778,,yes,,,yes,0,York Avenue,1671,10128,retail
5599100461,node,40.7812464,-73.9540875,613.8,shop,copyshop,FedEx Office,FedEx Office,copyshop,,,,,,,Mo-Fr 08:00-19:00; Sa 09:00-18:00,+1 212-628-5500,https://local.fedex.com/ny/new-york/office-5696/,,,,,,Lexington Avenue,1337,10128,personal_care
8570158391,node,40.7793051,-73.9478614,614.0,shop,hairdresser,Red Chair Studio,,hairdresser,,,,,,,"Mo-Fr 10:00-18:30; Sa, Su 10:00-17:00",+1 212-369-0958,https://redchairstudiony.com/,,,,,0,1st Avenue,1729,10128,personal_care
9311563965,node,40.7790049,-73.9475479,614.1,shop,convenience,Eastside Grocery,,convenience,,,,,,,24/7,+1 212-360-6651,,,,,,,1st Avenue,1726,,retail
11986194940,node,40.7719649,-73.958755,614.3,shop,shoes,Enslow Shoes & Orthotics,,shoes,,,,,,,Mo-Sa 10:00-17:45; Su 11:00-17:00,,,yes,,,,0,3rd Avenue,1319,,retail
6689909682,node,40.7703561,-73.9517212,616.7,amenity,doctors,Mount Sinai Doctors 77th Street Urology,,,doctors,,,,,,,,,,,,,,,,,health
8410114663,node,40.7812501,-73.9524521,617.4,amenity,restaurant,Thai Hot Box,,,restaurant,,,,,thai,Mo-Su 11:30-21:00,,,yes,,yes,yes,0,3rd Avenue,1598,10128,food_drink
9596943297,node,40.7812585,-73.9544826,619.0,shop,convenience,Lexington Deli,,convenience,,,,,,,,+1 212-987-1500,,,,,,,Lexington Avenue,1332,,retail
5799880862,node,40.7793505,-73.9478304,619.2,shop,deli,Park East Kosher Butchers & Fine Foods,,deli,,,,,,,Su 08:30-17:30; Mo-We 08:00-19:30; Th 08:00-21:00; Fr 06:00-14:00,+1 212-737-9800,https://www.parkeastkosher.com,yes,,,,0,1st Avenue,1733,10128,food_drink
6056126950,node,40.7805059,-73.9495902,620.4,shop,tobacco,Hi-fi News & Grocery Inc.,,tobacco,,,,,,,Mo-Su 07:00-23:00,,,,,,,,2nd Avenue,1864,,retail
11203438475,node,40.7703691,-73.9514334,621.5,amenity,fast_food,Jupioca,,,fast_food,,,,,juice,,,,,,,,,,,,food_drink
10090660793,node,40.7813027,-73.9544425,623.4,shop,hairdresser,Excel Hair Salon,,hairdresser,,,,,,,Mo-Fr 10:30-20:00; Sa 10:00-19:00; Su 10:30-19:00,+1 212-348-2888,https://www.excelhairsalon.com/,,,,,,Lexington Avenue,1336,10128,personal_care
8638088228,node,40.7805402,-73.9495694,624.5,shop,hairdresser,Great Style Barber Shop,,hairdresser,,,,,,,Mo-Sa 09:00-19:30; Su 10:00-17:30,+1 646-918-7083,http://www.greatstylebarbershop.com,,,,,,2nd Avenue,1734,10128,personal_care
2724113139,node,40.7813175,-73.9523876,625.6,amenity,restaurant,Catch n' Chop,,,restaurant,,,,,steak; seafood,"Tu-Th 16:00-00:00; Fr, Sa 11:00-01:00; Su 11:00-00:00",+1 646-707-0103,https://catchnchop.com/,,,,,0,3rd Avenue,1600,10028,food_drink
8571510532,node,40.7794207,-73.9477873,627.0,office,tax_advisor,H&R Block,H&R Block,,,tax_advisor,,,,,Mo-Sa 09:00-20:00,+1 212-426-7127,https://www.hrblock.com/local-tax-offices/new-york/new-york/1735-1-st-avenue/30999,,,,,,1st Avenue,1735,,office_professional
8638090742,node,40.7805713,-73.9495504,628.3,shop,shoe_repair,Albert's Shoe Repair,,shoe_repair,,,,,,,Mo-Fr 08:00-19:00; Sa 09:00-18:00,+1 212-423-1082,,,,,,,2nd Avenue,1736,10128,personal_care
2629371850,node,40.7791466,-73.9474467,630.3,amenity,cafe,Starbucks,Starbucks,,cafe,,,,,coffee_shop,05:30-20:30,+1 212-987-0891,https://www.starbucks.com/store-locator/store/8923/90th-first-400-east-90th-street-new-york-ny-101285153-us,,,yes,,,East 90th Street,400,10128,food_drink
8638102178,node,40.7805933,-73.9495324,631.2,shop,dry_cleaning,Fine Cleaners,,dry_cleaning,,,,,,,Mo-Fr 08:00-17:00; Sa 08:30-17:00,+1 212-427-5598,,,,,,,2nd Avenue,1736,10128,personal_care
12943289049,node,40.77034,-73.9557288,631.5,leisure,fitness_centre,Hot Fit NYC,,,,,,,fitness_centre,,,+1-212-933-4847,https://www.hotfitnyc.com,,,,,,,,,leisure_entertainment
7041755299,node,40.7717972,-73.9588832,635.0,shop,deli,Citarella,,deli,,,,,,,Mo-Sa 07:00-21:00; Su 08:00-20:00,+1 212-874-0383,https://www.citarella.com/store_locator/upper-east-side/,yes,,,yes,0,3rd Avenue,1313,10021,food_drink
1682930317,node,40.7814879,-73.9538705,639.3,shop,supermarket,Gristedes,,supermarket,,,,,,,Mo-Su 07:00-23:00,+1 212-831-0978,https://www.gristedessupermarkets.com,,,,,,Lexington Avenue,1343,10128,retail
2723785759,node,40.7707302,-73.9571771,640.7,amenity,restaurant,THEP,,,restaurant,,,,,thai,"Mo-Th 11:30-15:45, 17:00-22:30; Fr 11:30-15:45, 17:00-23:30; Sa 12:00-23:30; Su 12:00-22:30",+1 212-899-9995,https://thepnewyork.com/,,yes,yes,yes,,2nd Avenue,1439,10021,food_drink
9210994756,node,40.7717354,-73.9589133,641.6,shop,cosmetics,bluemercury,bluemercury,cosmetics,,,,,,,Mo-Sa 10:00-18:00; Su 12:00-18:00,+1 212-396-1500,https://bluemercury.com/apps/store-locator/s/75th-3rd,,,,,,3rd Avenue,1311,10021,retail
6704527437,node,40.7708948,-73.9576006,643.5,amenity,restaurant,B. Cafe,,,restaurant,,,,,belgian,Tu-Fr 17:00-23:00; Sa 10:00-23:00; Su 10:00-22:00; Mo 17:00-22:00,+1 212-249-3300,https://bcafe.com/,,yes,,,,East 75th Street,240,,food_drink
5764028323,node,40.769969,-73.9541729,645.6,shop,hardware,S & V True Value Hardware,True Value,hardware,,,,,,,Mo-Sa 08:00-18:00; Su 10:00-18:00,+1 212-744-5706,https://ww3.truevalue.com/svtruevalue,,,,,0,1st Avenue,1450,10021,retail
7089435597,node,40.7700616,-73.9550189,646.2,amenity,restaurant,NR,,,restaurant,,,,,japanese,"Mo-We 17:00-23:00; Th-Fr 17:00-24:00; Sa 12:00-24:00; Su 12:00-22:00; Jan 1,Jul 4,Dec 25 off",,http://nr-nyc.com/,,,yes,yes,,E 75th street,339,10021,food_drink
6252271140,node,40.7706873,-73.9572211,646.6,shop,butcher,Leonard's Market,,butcher,,,,,,,Mo-Fr 08:00-19:00; Sa 08:00-18:00; Su 11:00-18:00,+1 212-744-2600,https://www.leonardsnyc.com,,,,yes,,2nd Avenue,1437,10021,food_drink
6689909684,node,40.7700555,-73.9516342,650.9,amenity,cafe,Zuri Coffee,,,cafe,,,,,,,,,,,,,,York Avenue,1443,10021,food_drink
5729305630,node,40.7807448,-73.9494056,651.1,amenity,restaurant,Tacos & Tequilla,,,restaurant,,,,,mexican,10:00-22:00,+1 917-340-6234,https://tacos-tequila-mexican-restaurant.business.site,yes,yes,yes,yes,,2nd Avenue,1742,10128,food_drink
6649647161,node,40.7699162,-73.9542186,651.8,amenity,restaurant,Afghan Kebab House,,,restaurant,,,,,afghan,"Mo-Sa 13:00-22:30, Su 13:00-22:00",+1-212-517-2776,https://www.afghankebabhouse2.com,,,yes,yes,0,1st Avenue,1448,10021,food_drink
10982822000,node,40.7706469,-73.9572778,652.9,amenity,restaurant,Tabata Ramen & Yakitori Bar,,,restaurant,,,,,japanese,Mo-Su 11:30-22:00,+1 646-833-7977,https://www.tabatanyc.com/,yes,,yes,,0,2nd Avenue,1435,10021,food_drink
6818115063,node,40.7796153,-73.9476013,653.0,shop,convenience,1 Ave Gourmet Deli,,convenience,,,,,,,"Mo-Fr 06:00-00:00; Sa, Su 07:00-00:00",+1 646-678-3007,,,,,yes,,1st Avenue,1741,10128,retail
2723782910,node,40.7699331,-73.9546801,655.0,amenity,cafe,Starbucks,Starbucks,,cafe,,,,,coffee_shop,Mo-Fr 05:00-22:00; Sa 05:30-23:00; Su 05:30-22:00,+1 212-472-7784,https://www.starbucks.com/store-locator/store/8795/75th-first-1445-first-avenue-new-york-ny-100213002-us,,,yes,,,1st Avenue,1445,10021,food_drink
10982848005,node,40.7698887,-73.9542397,655.0,shop,convenience,Smoke & Draft,,convenience,,,,,,,,,,,,,,0,1st Avenue,1448,10021,retail
7041755289,node,40.771859,-73.9592877,655.5,amenity,cafe,Joe & The Juice,Joe & The Juice,,cafe,,,,,coffee_shop,,,,,,yes,,,,,,food_drink
5780231448,node,40.7815731,-73.9522199,655.8,amenity,bank,Chase,Chase,,bank,,,,,,Mo-Fr 09:00-17:00,+1 646-672-2420,https://locator.chase.com/ny/new-york/181-e-90th-st,,,,,0,East 90th Street,181,10128,finance
2724223877,node,40.779357,-73.9595973,655.8,amenity,dentist,"Gibbs Orthodontic Associates, P.C",,,dentist,,,,,,Mo 09:00-17:15; Tu 09:00-18:30; We 08:15-19:00; Th 09:00-18:00; Fr 09:00-19:00,+1-212-535-4111,https://www.gibbsortho.com/,,,,,,East 84th Street,40,10028,health
5856247825,node,40.7815029,-73.9517221,656.0,amenity,clinic,Optum Urgent Care,Optum,,clinic,,,,,,"Mo-Fr 08:00-20:00; Sa, Su 08:00-17:00",+1 646-692-6272,https://east.optum.com/locations/urgent-care-yorkville/,,,,,0,3rd Avenue,1601,10128,health
2723972053,node,40.7699812,-73.9516856,658.0,amenity,ice_cream,Dubl Twister,,,ice_cream,,,,,,11:00-22:00,+1-917-675-6933,,,yes,yes,yes,,York Avenue,1443,10021,food_drink
663354912,node,40.778723,-73.960194,658.1,shop,furniture,Schweitzer Linen,,furniture,,,,,,,,,,,,,,,,,,retail
5395638564,node,40.7705919,-73.9572796,658.3,amenity,fast_food,Dunkin',Dunkin',,fast_food,,,,,donut;coffee_shop,Mo-Fr 05:30-19:00; Sa-Su 06:30-15:00,+1 646-974-9121,https://locations.dunkindonuts.com/en/ny/new-york/1433-2nd-avenue/340423,,,yes,,,2nd Avenue,1433,10021,food_drink
5828272537,node,40.7796668,-73.9475706,658.8,shop,alcohol,Eastside Cellars,,alcohol,,,,,,,Mo-Fr 12:00-22:00; Sa 10:00-22:00; Su 12:00-21:00,+1 212-996-9463,https://eastsidecellars.com/,,,,Su-Fr 12:00-19:00; Sa 10:00-19:00,,1st Avenue,1743,,retail
10982822003,node,40.7698331,-73.9542665,661.4,amenity,bar,Buena Onda Mescalera,,,bar,,,,,mexican,"Su, Mo 16:00-24:00; Tu-Sa 16:00-01:00",+1 212-931-6200,https://buenaondany.com/,,,,,0,1st Avenue,1446,10021,food_drink
9596798762,node,40.7817015,-73.9537888,662.7,shop,dry_cleaning,89 Montclair Cleaners,,dry_cleaning,,,,,,,Mo-Fr 07:30-18:00; Sa 09:00-16:00,+1 212-289-2070,,,,,,,Lexington Avenue,1349,,personal_care
2724044127,node,40.7794652,-73.9472671,664.0,amenity,pharmacy,Medics Pharmacy,,,pharmacy,,,,,,"Mo-Fr 09:00-19:00; Sa,Su 10:00-18:00",+1 212-540-4200,,,,,yes,,1st Avenue,1740,10128,health
5978510502,node,40.7699155,-73.9517326,664.3,amenity,restaurant,Gotham Pizza,,,restaurant,,,,,pizza,Mo-Su 10:30-23:30,+1-212-288-8085,https://www.gothampizzany.com,,,yes,yes,,York Avenue,1443,10021,food_drink
562361553,way,40.7736422,-73.9608622,667.6,amenity,hospital,Lenox Hill Hospital,,,hospital,,,,,,24/7,+1 212 434 2000,https://lenoxhill.northwell.edu,,,,,,East 77th Street,100,10075,health
10107120017,node,40.7793968,-73.9471385,667.8,shop,bakery,Michaeli Bakery,,bakery,,,,,,israeli,Mo-Th 07:00-18:00; Fr 07:00-16:00; Su 08:00-18:00,+1 646-360-2284,https://wwe.michaelibakery.com,,,,,,East 90th Street,401,10128,food_drink
2629371900,node,40.76977,-73.954316,668.8,amenity,pub,The Pony Bar,,,pub,,,,,pub,"Mo-Th 15:00-24:00; Fr, Sa 12:00-03:00; Su 12:00-24:00",+1 212-288-0090,https://theponybar.com,,,,,0,1st Avenue,1444,10021,food_drink
9596829662,node,40.781761,-73.9537518,669.1,shop,health_food,Food Liberation,,health_food,,,,,,,Mo-Fr 08:30-19:00; Sa 10:00-18:00,+1 212-348-2286,,,,,,,Lexington Avenue,1349,,food_drink
5882076665,node,40.7808932,-73.949317,669.1,amenity,restaurant,3 Decker Restaurant & Cafe,,,restaurant,,,,,diner,06:00-21:00,+1 212-289-9936; +1 212-289-6571,,yes,,,yes,0,2nd Avenue,1746,,food_drink
6689923785,node,40.7698544,-73.951811,669.5,shop,dry_cleaning,John's Cleaners,,dry_cleaning,,,,,,,,,,,,,,,York Avenue,1441,,personal_care
6206643777,node,40.7705165,-73.9573782,669.7,leisure,fitness_centre,Equinox,Equinox,,,,,,fitness_centre,,"Mo-Th 05:30-22:00; Fr 05:30-20:00; Sa, Su 07:00-19:00",+1 212-249-3917,https://www.equinox.com/clubs/new-york/uptown/east74th,,,,,,2nd Avenue,1429,,leisure_entertainment
7777170217,node,40.7721537,-73.9470389,670.9,shop,hairdresser,Il Figaro II,,hairdresser,,,,,,,Mo-Sa 10:00-20:00; Su 10:00-18:00,+1 917-388-3006,https://www.ilfigaro2.com,,,,,,East End Acenue,48,,personal_care
7777189931,node,40.7721244,-73.9470583,671.5,shop,beauty,Diva Nails,,beauty,,,,,,,Mo-Fr 10:00-20:00; Sa 10:00-19:30; Su 10:00-19:00,+1 212-585-3800,,,,,,,East End Avenue,48,10028,personal_care
357642730,node,40.7697091,-73.9529748,672.6,amenity,hospital,Gracie Square Hospital,,,hospital,,,,,,24/7,+1 212 434 5300,https://www.nygsh.org/,,,,,,East 76th Street,420,10021,health
8835719632,node,40.769795,-73.9518426,675.4,amenity,restaurant,Le Moulin à Café,,,restaurant,,,,,french,Mo 07:30-18:00; Tu-Fr 07:30-21:00; Sa 08:00-21:00; Su 08:00-17:00,,https://www.lemoulinny.com/,,,,,,York Avenue,1439,,food_drink
8571541076,node,40.7795643,-73.9471823,676.4,amenity,restaurant,Sabor A Mexico,,,restaurant,,,,,mexican,Mo-Su 11:00-22:00,+1 212-289-2641,http://www.saboramexiconewyork.com/,,,yes,yes,,1st Avenue,1744,10128,food_drink
9596834701,node,40.7818177,-73.9540759,677.1,shop,dry_cleaning,Trafalgar Cleaners,,dry_cleaning,,,,,,,Mo-Fr 07:00-19:00; Sa 08:00-18:00,+1 212-348-7440,https://www.trafalgarcleanersnyc.com,,,,,,Lexington Avenue,1352,10128,personal_care
11466005593,node,40.7702722,-73.9569792,678.0,amenity,veterinary,URvet Care,,,veterinary,,,,,,Mo-Fr 08:00-23:00; Sa 09:00-17:00; Su 09:00-15:00,+1-646-535-9220,https://urvetcare.com/,yes,,,,0,2nd Avenue,1432,,health
8570165360,node,40.7795944,-73.9471609,679.9,amenity,restaurant,Noodle Fun,,,restaurant,,,,,chinese,"Mo-Fr 11:30-21:00; Sa, Su 13:00-21:00",+1 212-828-3881,https://www.noodlefunnewyork.com/,limited,,yes,yes,,1st Avenue,1744,10128,food_drink
9596836749,node,40.7818707,-73.953669,681.1,shop,hairdresser,amour de hair,,hairdresser,,,,,,,Mo-Sa 09:30-18:30; Su 10:00-18:30,,,,,,,,Lexington Avenue,1349,10128,personal_care
11717548033,node,40.7696165,-73.9540138,683.5,amenity,clinic,Hospital for Special Surgery clinic,,,clinic,,,,,,,,,,,,,0,East 75th Street,405,,health
9983846728,node,40.7796302,-73.9471354,684.1,shop,laundry,Miss Bubble,,laundry,,,,,,,07:00-22:00,+1 646-838-5171,https://www.msbubblegreen.com,,,,yes,,1st Avenue,1746,10128,personal_care
6228622528,node,40.7818145,-73.9520354,684.8,amenity,restaurant,Kaia Wine Bar,,,restaurant,,,,,south_african,"Mo 16:00-22:00; Tu,We 16:00-23:00; Th 16:00-23:30; Fr 16:00-24:00; Sa 14:00-00:30, Su 12:00-22:00",+1 212-722-0490,https://www.kaiawinebar.com,,,yes,yes,,3rd Avenue,1614,10128,food_drink
7134303442,node,40.7788332,-73.9604763,684.8,shop,bag,Tumi,Tumi,bag,,,,,,,,,,,,,,,,,,retail
2724223861,node,40.7785429,-73.9606859,684.9,shop,bakery,William Greenberg Desserts,,bakery,,,,,,,Mo-Su 08:00-18:00,+1-212-744-0304,https://wmgreenbergdesserts.com/,,,,,,Madison Avenue,1110,10028,food_drink
9579615888,node,40.7775912,-73.9456744,685.1,amenity,restaurant,Effy's Cafe on York,,,restaurant,,,,,mediterranean,08:00-17:00,+1 646-490-6751,https://www.effyscafeonyork.com,,yes,yes,yes,0,York Avenue,1688,10128,food_drink
7322799428,node,40.7728495,-73.9606178,685.1,shop,supermarket,D'Agostino,D'Agostino,supermarket,,,,,,,,,,,,,,,Lexington Avenue,,,retail
663355907,node,40.7786106,-73.9606629,686.6,amenity,cafe,City Market Cafe,,,cafe,,,,,,,,,,,,,,,,,food_drink
2676085867,node,40.7796578,-73.9471089,687.8,amenity,restaurant,Pio Pio,,,restaurant,,,,,peruvian,Mo-Su 11:00-23:00,+1 212-426-5800,https://www.piopio.com/locations/upper_east_side.html,,,yes,yes,,1st Avenue,1746,,food_drink
2238282051,node,40.7792448,-73.9601917,688.9,shop,clothes,Little Eric,,clothes,,,,,,,,,,,,,,,Madison Avenue,,,retail
11986328253,node,40.7715729,-73.9595007,690.0,amenity,bank,Wells Fargo,Wells Fargo,,bank,,,,,,,,,,,,,0,,,,finance
2702802602,node,40.7695853,-73.9544262,690.3,amenity,bar,2nd Floor Bar & Essen,,,bar,,,,,pub,"Tu-Th 17:00-24:00, Fr-Sa 17:00-02:00",+1-212-737-1700,https://2ndfloor.com/,,,,,1,1st Avenue,1442,10021,food_drink
2724223896,node,40.779448,-73.9600247,690.6,shop,clothes,Searle,,clothes,,,,,,,,,https://www.searlenyc.com/,,,,,,Madison Avenue,1124,10028,retail
8238280972,node,40.7701888,-73.9571223,691.6,shop,convenience,East Side Grocery,,convenience,,,,,,,"Mo-Th, Su 07:00-00:00; Fr, Sa 07:00-01:00",+1 212-288-6640,https://shopesg.com,,,,yes,,2nd Avenue,1422,,retail
7615599471,node,40.7781779,-73.9609998,691.7,shop,clothes,MonnaLisa,,clothes,,,,,,,,,,,,,,,,,,retail
5808147981,node,40.7767518,-73.9615463,691.8,shop,clothes,Barbour,Barbour,clothes,,,,,,,Mo-Sa 10:00-18:00; Su 11:00-17:00,+1 212-570-2600,https://www.barbour.com/shop/barbour-new-york,,,,,,Madison Avenue,1047,10021,retail
6949740433,node,40.7782135,-73.9609828,691.9,amenity,restaurant,Nectar of 82nd Street,,,restaurant,,,,,,,,,,,,,,,,,food_drink
11079551410,node,40.7797074,-73.947083,692.9,amenity,restaurant,Tinos,,,restaurant,,,,,greek,"Mo-Fr 17:00-23:00; Sa, Su 00:00-23:00",+1 646-370-6067,https://tinosnyc.com/,,yes,yes,yes ,0,1st Avenue,1748,10128,food_drink
5666870630,node,40.7810045,-73.9490049,693.5,amenity,bar,Biddy's Pub,,,bar,,,,,,Mo-Su 17:00-04:00,+1 212-534-4785,https://www.biddysnyc.com/,,,,,,East 91st Street,301,10128,food_drink
6278185444,node,40.7695617,-73.9544914,693.6,amenity,restaurant,2nd Ave Deli,,,restaurant,,,,,diner,Mo-Su 11:00-21:00,+1-212-737-1700,https://2ndavedeli.com,,,yes,yes,0,1st Avenue,1442,10021,food_drink
9579615882,node,40.7776873,-73.9456083,693.7,shop,convenience,Heavenly Market,,convenience,,,,,,,24/7,+1 646-478-7782,https://heavenlymarket.dine.online/locations/723178,yes,,,yes,0,York Avenue,1692,10128,retail
8627158498,node,40.7703134,-73.9574989,694.3,amenity,doctors,The Dermatology Specialists,,,doctors,,,,,,,+1 212-385-3700,http://thedermspecs.com,,,,,,2nd Avenue,1425,10021,health
9596854768,node,40.7819992,-73.9539501,696.4,shop,convenience,GoPuff,,convenience,,,,,,,Mo-Su 10:00-01:00,,https://gopuff.com,,,,07:00-02:00,,Lexington Avenue,1356,,retail
266932808,way,40.7793581,-73.9601976,696.5,shop,clothes,ANIK,,clothes,,,,,,,,,https://www.anikny.com/,,,,,,Madison Avenue,1122,10028,retail
9263353741,node,40.7712792,-73.9592551,697.8,shop,beauty,Benefit Brow Bar,Benefit,beauty,,,,,,,Mo-Fr 10:00-20:00; Sa 09:00-20:00; Su 12:00-18:00,+1 212-288-4728,https://ues.benefitboutiques.com,yes,,,,0,3rd Avenue,1301,,personal_care
266932807,way,40.7792009,-73.9603604,698.0,shop,clothes,ANIK,,clothes,,,,,,,,,https://www.anikny.com/,,,,,,Madison Avenue,1122,10028,retail
9081050442,node,40.7797055,-73.9598759,698.2,tourism,museum,,,,,,,museum,,,,,,,,,,,Madison Avenue,1130,10028,leisure_entertainment
9015368602,node,40.7813056,-73.9495717,698.5,shop,convenience,Yorkville Deli Market,,convenience,,,,,,,Mo-Su 06:00-00:00,+1 646-758-9696,https://www.yorkvilledeli.com/,,,,yes,,2nd Avenue,1751,10128,retail
12150716232,node,40.7701249,-73.9571479,699.0,shop,sports,Kids in Sports,,sports,,,,,,,,+1 212-744-4900,,yes,,,,0,2nd Avenue,1420,,leisure_entertainment
7165016685,node,40.7798039,-73.9597899,699.6,amenity,restaurant,The New Amity Restaurant,,,restaurant,,,,,diner;greek,06:00-21:00,+1 212-861-3255,,,,,,0,Madison Avenue,1134,10028,food_drink
5666796392,node,40.7811358,-73.9491383,700.0,amenity,restaurant,Bangrak Thai Cuisine,,,restaurant,,,,,thai,"Mo-Su 11:30-16:00, 17:00-22:00",+1 212-289-8889,,,,yes,yes,,2nd Avenue,1750,10128,food_drink
11986328254,node,40.7714805,-73.9595673,701.1,shop,stationery,Paper Source,Paper Source,stationery,,,,,,,Mo-Sa 10:00-20:00; Su 11:00-18:00,,,,,,,0,,,,retail
2689474985,node,40.7799038,-73.9597037,701.3,amenity,cafe,Starbucks,Starbucks,,cafe,,,,,coffee_shop,"Mo-Fr 05:30-20:00; Sa, Su 06:00-20:00",+1 212-288-1506,https://www.starbucks.com/store-locator/store/1015661/85th-madison-1142-madison-ave-new-york-ny-100280414-us,,,yes,,,Madison Avenue,1142,10028,food_drink
6791111219,node,40.770689,-73.9584561,703.6,shop,hairdresser,City Barbers,,hairdresser,,,,,,,Mo-Fr 08:00-19:30; Sa 08:00-18:00; Su 10:00-18:00,,,,,,,,East 74th Street,223,10021,personal_care
5666755639,node,40.7811676,-73.9491151,704.0,amenity,restaurant,Le Viêt Thai,,,restaurant,,,,,vietnamese;thai,"Mo-Th, Su 11:30-16:00, 17:00-22:30; Fr, Sa 12:00-16:00, 17:00-23:00",+1 917-388-3897,,,,yes,yes,,2nd Avenue,1750,10128,food_drink
9579615890,node,40.7776357,-73.945455,704.2,shop,tobacco,American Tobacco & Convenience,,tobacco,,,,,,,12:00-22:00,+1 917-376-0582,,,,,,0,East 89th Street,500,10128,retail
5978556694,node,40.7706984,-73.9584885,704.4,amenity,restaurant,Sashimi Express II,,,restaurant,,,,,,,+1 929-323-5099,,no,,,,0,East 74th Street,223,,food_drink
5774352546,node,40.7799845,-73.959661,704.6,shop,clothes,Madewell,Madewell,clothes,,,,,,,Mo-Sa 10:00-19:00; Su 11:00-19:00,+1 212-249-2409,https://stores.madewell.com/us/ny/new-york/1144-madison-avenue,,,,,,Madison Avenue,1144,10028,retail
6937558925,node,40.7820877,-73.9535163,705.0,shop,bakery,Corrado Bread & Pastry,,bakery,,,,,,,Mo-Fr 07:00-18:00; Sa 08:00-17:00; Su 08:00-16:00,+1 212-348-8943,https://corradobreadandpastry.com/,,yes,,,,Lexington Avenue,1360,10021,food_drink
7098987894,node,40.7724091,-73.9605564,705.1,amenity,restaurant,Orsay,,,restaurant,,,,,french,Mo-Fr 12:00-22:30; Sa 11:00-22:30; Su 11:00-21:30,,,yes,,yes,yes,,Lexington Avenue,1057,10021,food_drink
3590689282,node,40.7819853,-73.9519088,705.4,shop,convenience,Third Avenue Garden,,convenience,,,,,,,,+1 212-876-1717,,,,,,,3rd Avenue,1620,,retail
663354158,node,40.779131,-73.960536,706.2,amenity,restaurant,Giovanni,,,restaurant,,,,,italian,,,https://www.giovanniventicinque.com/,,,,,,East 83rd Street,25,10028,food_drink
266932809,way,40.7795195,-73.9601974,707.0,shop,art,Bernard & S Dean Levy Inc.,,art,arts_centre,,,,,,,,https://levygalleries.com/,,,,,,East 84th Street,22,10028,retail
5781151294,node,40.7800952,-73.9595713,707.4,shop,clothes,Lululemon,Lululemon,clothes,,,,,,,Mo-Fr 09:30-19:00; Sa 10:00-19:00; Su 11:00-19:00,+1 212-452-1909,https://info.lululemon.com/stores/us/new-york/madisonave,,,,,,Madison Avenue,1146,,retail
5588513211,node,40.7811968,-73.9490941,707.7,shop,alcohol,Vintage on 2nd,,alcohol,,,,,,,"Mo-Th 11:00-22:00; Fr, Sa 11:00-23:00; Su 13:00-20:00",+1 212-828-8839,,no,,,yes,,2nd Avenue,1752,,retail
11429565677,node,40.7694425,-73.9545862,707.8,shop,clothes,Accolade,,clothes,,,,,,,,,,yes,,,,0,1st Avenue,1410,,retail
9015420301,node,40.7711935,-73.9593206,708.4,amenity,restaurant,Mezzaluna,,,restaurant,,,,,italian,12:00-22:00,+1 212-535-9600,https://mezzalunanyc.com,,yes,yes,yes,,3rd Avenue,1295,10021,food_drink
8333736504,node,40.7773359,-73.9615905,708.8,amenity,cafe,E.A.T.,Eli Zabar,,cafe,,,,,jewish;american,07:00-18:00,+1 212-772-0022; +1 646-358-1120,https://www.elizabar.com/,yes,,yes,yes,,Madison Avenue,1064,,food_drink
3448866515,node,40.7714244,-73.9596363,709.6,shop,bakery,Breads Bakery,,bakery,,,,,,,Mo-Su 07:00-20:00,+1-212-633-2253,https://www.breadsbakery.com/location/ues/,,yes,,,,3rd Avenue,1294,10021,food_drink
5824533201,node,40.7813703,-73.9494466,709.8,shop,gift,Lisa's on 2nd,,gift,,,,,,,Mo-Sa 10:00-19:00; Su 10:00-18:00,,,,,,,,2nd Avenue,,,retail
11429583968,node,40.7693586,-73.9534003,710.5,amenity,arts_centre,The Art Center,,,arts_centre,,,,,,,+1 212-535-1199,https://theartcenter.nyc,limited,,,,0,East 75th Street,423,,leisure_entertainment
8630513486,node,40.7812353,-73.9490728,712.3,amenity,fast_food,Chicken Insider,,,fast_food,,,,,chicken;korean,Mo-Su 11:30-21:30,+1 646-864-0034,https://www.chickeninsidernyc.com/,,,yes,yes,,2nd Avenue,1752,10128,food_drink
6689923800,node,40.7694197,-73.9520927,712.7,shop,convenience,Fresh Food Corner,,convenience,,,,,,,,,,,,,,,,,,retail
5978510508,node,40.7821581,-73.9534742,712.8,shop,alcohol,Uptown Wine Shop,,alcohol,,,,,,,,+1 212-289-6900,,,,,,,Lexington Avenue,1361,,retail
266932853,way,40.7795413,-73.9602652,713.0,shop,art,Koreana Art and Antiques,,art,arts_centre,,,,,,,,koreanaartandantiques.com,,,,,,East 84th Street,20,10028,retail
11364618888,node,40.7693852,-73.9546325,714.6,shop,hairdresser,Blades & Cuts,,hairdresser,,,,,,,Mo-Fr 09:00-19:00; Sa 09:30-18:00; Su 10:00-17:00,+1 646-781-9114,https://bladescutsnyc.com,yes,,,,0,1st Avenue,1408,,personal_care
5793239117,node,40.7725824,-73.9608259,714.8,amenity,bank,Bank of America,Bank of America,,bank,,,,,,Mo-Fr 08:30-18:00,+1 212-774-1883,https://locators.bankofamerica.com/ny/newyork/financial-centers-new-york-15774.html,,,,,,Lexington Avenue,1066,10021,finance
10213646648,node,40.7814653,-73.949545,715.3,office,architect,AD:ROIT,,,,architect,,,,,Mo-Fr 09:00-18:00,+1-203-407-9885,https://www.ad-roit.com,,,,,,2nd Avenue,1751,10128,office_professional
5599232076,node,40.781267,-73.9490461,716.5,amenity,restaurant,The Milton,,,restaurant,,,,,british;american;irish,"Mo-Fr 12:00-04:00; Sa, Su 11:00-04:00",+1 212-369-1900,https://themiltonnyc.com/,,yes,yes,yes,,2nd Avenue,1754,10128,food_drink
3448866514,node,40.771073,-73.9593705,721.0,amenity,pub,J.G. Melon,,,pub,,,,,american;burger,Mo-We 11:30-03:00; Th-Sa 11:30-04:00; Su 11:30-01:00,+1 212-744-0585,https://jgmelon-nyc.com,limited,,,,,3rd Avenue,1291,10021,food_drink
266932854,way,40.7795792,-73.9603547,721.6,shop,art,Koreana Art and Antiques,,art,arts_centre,,,,,,,,koreanaartandantiques.com,,,,,,East 84th Street,18,10028,retail
2723789296,node,40.7700896,-73.9576457,722.1,amenity,restaurant,A La Turka Restaurant,,,restaurant,,,,,turkish,11:00-23:00,+1 212-744-2424,https://www.alaturkany.com,,,,,,2nd Avenue,1417,10021,food_drink
2723824966,node,40.7713042,-73.9596956,722.4,shop,confectionery,Nuts Factory,,confectionery,,,,,,,Mo-Su 09:00-21:00,+1-917-445-6556,https://nutsfactorynyc.com,,,,,,3rd Avenue,1290,10021,food_drink
9596848912,node,40.7822458,-73.9537599,723.0,shop,hairdresser,Carnegie Barber Shop,,hairdresser,,,,,,,Mo-Fr 09:00-19:00; Sa 10:00-18:00; Su 10:00-17:00,+1 646-962-8083,,yes,,,,,Lexington Avenue,1364,10128,personal_care
11429590369,node,40.7692428,-73.9531315,723.8,amenity,clinic,Hospital for Special Surgery 75th Street Campus,,,clinic,,,,,,,,,yes,,,,0,East 75th Street,429,,health
8333736503,node,40.7777128,-73.9616509,725.2,amenity,restaurant,Sistina,,,restaurant,,,,,,,,,,,,,,,,,food_drink
12631633615,node,40.7813303,-73.9489798,725.4,shop,beauty,Four Seasons Spa,,beauty,,,,,,,,+1 212-813-9288,,,,,,0,2nd Avenue,1760,,personal_care
6689923802,node,40.7692861,-73.9522114,725.9,amenity,fast_food,Subway,Subway,,fast_food,,,,,sandwich,Mo-Fr 08:00-22:00; Sa 09:00-22:00; Su 09:00-21:00,+1 212-628-4717,https://restaurants.subway.com/united-states/ny/new-york/1427-york-avenue,,,yes,,,York Avenue,1427,10021,food_drink
9596901539,node,40.7822852,-73.95338,726.9,amenity,restaurant,Paola's,,,restaurant,,,,,italian,Mo-Su 11:00-22:00,+1 212-794-1890,https://www.paolasnyc.com/home.html,,,"11:30-19:00, 20:00-21:30","11:30-19:00, 20:00-21:30",,Lexington Avenue,1361,,food_drink
6816518580,node,40.7698814,-73.9572606,727.4,shop,hairdresser,Thomas Taft Salon,,hairdresser,,,,,,,Mo 13:00-21:00; Tu-Su 10:00-21:00,,,,,,,,2nd Avenue,1418,10021,personal_care
5978556712,node,40.7761086,-73.9620648,727.5,amenity,bank,Chase,Chase,,bank,,,,,,Mo-Fr 09:00-17:00; Sa-Su closed,+1 212-570-4600,https://locator.chase.com/ny/new-york/1025-madison-ave,,,,,,Madison Avenue,1025,,finance
7123476616,node,40.7806354,-73.959183,727.6,shop,clothes,The Westside,,clothes,,,,,,,Mo-Sa 10:30-18:00; Su 12:00-17:00,,,,,,,,Madison Avenue,,,retail
5087049881,node,40.7822962,-73.9537168,728.5,amenity,restaurant,Lolita's Kitchen,,,restaurant,,,,,mexican;burger,11:00-20:30,+1 212-722-5055,,,,yes,yes,,Lexington Avenue,1364,10128,food_drink
5754797626,node,40.7802736,-73.9471782,728.7,shop,paint,Sherwin-Williams,Sherwin-Williams,paint,,,,,,,Mo-Fr 07:00-19:00; Sa 08:00-17:00; Su 10:00-17:00,+1 212-427-2315,https://www.sherwin-williams.com/store-locator/paint-store/new-york/ny/3983,,,,,,1st Avenue,1761,10128,retail
11364618886,node,40.7692621,-73.9547215,729.3,amenity,fast_food,Domino's,Domino's,,fast_food,,,,,pizza,Mo-Th 10:30-24:00; Fr-Sa 10:30-01:00; Su 10:30-24:00,+1 212-772-8100,https://pizza.dominos.com/new-york/new-york/1396-first-avenue,,,yes,,,1st Avenue,1396,10021,food_drink
9321922522,node,40.770009,-73.957712,732.6,amenity,restaurant,Bigoi Venezia,,,restaurant,,,,,italian,11:00-22:00,+1 917-262-0680,http://bigovenezia.com,limited,,yes,yes,,2nd Avenue,1415,,food_drink
7615599477,node,40.7767173,-73.9620455,732.8,amenity,bank,Citibank,Citibank,,bank,,,,,,,,,,,,,,Madison Avenue,1042,,finance
7123476606,node,40.7807507,-73.9591069,733.0,amenity,bank,Chase,Chase,,bank,,,,,,Mo-Fr 09:00-17:00; Sa 09:00-14:00; Su closed,+1 212-535-9755,https://locator.chase.com/ny/new-york/12-e-86th-st,,,,,,,,,finance
3590689284,node,40.7822254,-73.9517811,733.6,amenity,pharmacy,CVS Pharmacy,CVS Pharmacy,,pharmacy,,,,,,"07:00-24:00 open ""Store"" || Mo-Fr 08:00-21:00; Sa 09:00-18:00; Su 09:00-17:00 open ""Pharmacy""",+1-212-876-7016,https://www.cvs.com/store-locator/new-york-ny-pharmacies/1622-third-ave-borough-of-manhattan-new-york-ny-10128/storeid=2036,yes,,,,,3rd Avenue,1622,10128,health
762367715,way,40.7721148,-73.9607109,733.7,shop,deli,William Poll,,deli,,,,,,,Mo-Sa 09:00-18:00,+1 212-288-0501,https://williampoll.com/,yes,,,,0,Lexington Avenue,1051,10021,food_drink
4757977331,node,40.7691438,-73.9536834,734.6,amenity,cafe,Oslo Coffee Roasters,,,cafe,,,,,,Mo-Fr 07:00-18:00; Sa-Su 08:00-18:00,,,,,,,,,,10021,food_drink
11429496850,node,40.7692154,-73.9547549,734.8,shop,hairdresser,Boris Hair Salon,,hairdresser,,,,,,,,,,limited,,,,0,1st Avenue,1394,,personal_care
6689923799,node,40.7692607,-73.9517547,735.2,amenity,fast_food,Bagels & Co.,,,fast_food,,,,,,Mo-Su 06:00-21:00; Fr 06:00-13:00; Sa off,+1 212-717-0505,https://bagelskosher.com/,yes,,,,0,York Avenue,1428,,food_drink
3590689280,node,40.7821149,-73.9510453,736.1,leisure,fitness_centre,New York Sports Clubs,,,,,,,fitness_centre,,"Mo-Th 05:00-23:00; Fr 05:00-22:00; Sa, Su 07:00-21:00 open ""Club"" || Mo-Th 05:30-22:30; Fr 05:30-21:00; Sa, Su 08:00-20:00 open ""Pool""",+1 212-987-7200,https://www.newyorksportsclubs.com/clubs/91st-3rd,,,,,,3rd Avenue,1637,10128,leisure_entertainment
9015429849,node,40.7699786,-73.957736,736.6,amenity,fast_food,Six Happiness,,,fast_food,,,,,chinese,Mo-Sa 11:00-22:30; Su 12:00-22:00,+1-212-988-8003,,limited,,yes,yes,,2nd Avenue,1413,,food_drink
5403598926,node,40.7691693,-73.9522998,737.8,amenity,restaurant,Aki Sushi,,,restaurant,,,,,japanese,,+1-212-628-8885,,,,,,,York Avenue,1425,,food_drink
9821197258,node,40.7765928,-73.9621284,737.8,shop,clothes,J.Crew,J.Crew,clothes,,,,,,,Mo-Sa 10:00-19:00; Su 12:00-18:00,,https://storea.jcrew.com/us/ny/new-york/1040-madison-avenue,,,,,,Madison Avenue,1040,10075,retail
6418527185,node,40.7755614,-73.9622062,738.6,shop,bakery,Lady M Cake Boutique,,bakery,,,,,,,,,,,,,,,East 78th Street,41 E,,food_drink
5799879940,node,40.7800934,-73.9467972,739.0,shop,convenience,First on First Deli & Grill,,convenience,,,,,,,06:00-01:00,+1 212-534-7120,,,,,yes,0,1st Avenue,1756,10128,retail
12612634001,node,40.7752603,-73.9621947,739.3,shop,books,Ursus,,books,,,,,,,,,https://ursusbooks.com/,,,,,,,,,retail
11429496849,node,40.7691631,-73.9547929,741.0,shop,deli,Market Deli,,deli,,,,,,,,+1 212-439-9891,,no,,,,0,1st Avenue,1388,,food_drink
11013357423,node,40.7824165,-73.9536343,741.7,shop,e-cigarette,Smoke Shop,,e-cigarette,,,,,,,,,,,,,,,Lexington Avenue,1364,,retail
11887679185,node,40.7691227,-73.9523224,742.7,shop,convenience,Prime Convenience,,convenience,,,,,,,,,,yes,,,,0,York Avenue,1413,,retail
9015403788,node,40.7699249,-73.9577784,743.5,shop,tobacco,Smoke Zone,,tobacco,,,,,,,,,,yes,,,,0,2nd Avenue,1411,,retail
5729306305,node,40.7816573,-73.9492832,744.4,shop,sewing,Annie & Company,,sewing,,,,,,,Mo-Fr 10:00-18:00; Sa 11:00-17:00,+1 212-360-7266,https://www.annieandco.com,,,,,,2nd Avenue,1763,10128,personal_care
6910875751,node,40.7709268,-73.9595724,744.5,shop,greengrocer,Green Cart,,greengrocer,,,,,,,24/7,,,,,,,,,,,food_drink
9596880401,node,40.7824477,-73.953623,745.1,shop,beauty,REE Nail & Spa,,beauty,,,,,,,"Mo-Fr 10:00-21:00; Sa, Su 10:00-20:30",+1 929-456-6649,https://www.reespany.com,,,,,,Lexington Avenue,1368,10128,personal_care
6689923809,node,40.7690957,-73.9523502,745.4,shop,hairdresser,York Salon,,hairdresser,,,,,,,,,,,,,,,York Avenue,1413,,personal_care
5859940717,node,40.7720548,-73.9608314,745.8,amenity,cafe,Joe Coffee Company,Joe Coffee Company,,cafe,,,,,coffee_shop,Mo-Su 07:00-19:00,+1 212-988-2500,https://joecoffeecompany.com/locations/lexington/,,,,,,Lexington Avenue,1045,10021,food_drink
6237469173,node,40.7698909,-73.9577946,747.5,amenity,restaurant,Up Thai,,,restaurant,,,,,thai,"Mo-Th 11:30-22:15, Fr 11:30-23:15, Sa 12:00-23:15, Su 12:00-22:15",+1-212-256-1199,http://www.upthainyc.com,,,yes,yes,,2nd Avenue,1411,10021,food_drink
6053002884,node,40.7801715,-73.9467438,748.1,amenity,restaurant,Koo Thai,,,restaurant,,,,,thai,,+1 646-490-4608,,,,,,,1st Avenue,1758,10128,food_drink
5548140929,node,40.7815133,-73.9488508,748.4,amenity,restaurant,Delizia 92,,,restaurant,,,,,italian,"Mo-Th 11:00-01:00; Fr, Sa 11:00-02:00; Su 12:00-02:00",+1 212-996-3720,https://www.delizia92.com/,yes,,yes,yes,,2nd Avenue,1762,10128,food_drink
9233618003,node,40.7697062,-73.9573848,749.5,amenity,pharmacy,New Drug Loft,,,pharmacy,,,,,,Mo-Fr 09:00-18:00; Sa 09:00-16:00,+1 212-879-0910,https://newdrugloft.com,yes,,,,0,2nd Avenue,1410,10021,health
5780264457,node,40.7823541,-73.9516383,750.0,shop,jewelry,Forever Simon's Jewelry,,jewelry,,,,,,,,+1 212-876-5999,,,,,,,3rd Avenue,1628,,retail
6689923808,node,40.7690479,-73.9523931,750.2,shop,tailor,New York French Cleaners,,tailor,,,,,,,,,,,,,,,York Avenue,1411,,personal_care
11429590370,node,40.769008,-73.9530448,750.2,shop,massage,East Natural Therapy 88 Spa,,massage,,,,,,,,,,no,,,,0,,,,personal_care
5548115057,node,40.7814029,-73.9485796,750.2,amenity,bar,Reif's Tavern,,,bar,,,,,,"Mo-Fr 14:00-04:00; Sa, Su 12:00-04:00",+1 212-426-0519,https://www.reifsbar.com,,yes,,,,East 92nd Street,302,10128,food_drink
7123381563,node,40.7720119,-73.9608641,750.7,shop,convenience,Freedom Market,,convenience,,,,,,,24/7,+1 212-734-1093,,,,,yes,,Lexington Avenue,1043,,retail
5902961332,node,40.7811602,-73.9587881,751.7,shop,clothes,Brooks Brothers,Brooks Brothers,clothes,,,,,,,Mo-Sa 10:00-19:00; Su 11:00-18:00,+1 212-289-5027,https://www.brooksbrothers.com,,,,,,Madison Avenue,1180,10028,retail
2922366101,node,40.775656,-73.9623766,752.7,shop,clothes,L'Agence,,clothes,,,,,,,,,,,,,,,E 78th Street,43,,retail
11429590371,node,40.7689862,-73.9529869,752.8,shop,laundry,Jian's Laundromat,,laundry,,,,,,,,+1 212-717-9274,,no,,,,0,East 75th Street,440,,personal_care
9032851021,node,40.7823827,-73.9516176,753.5,shop,convenience,Happy 3rd Avenue Grocery,,convenience,,,,,,,,+1 212-534-8350,,,,,,,3rd Avenue,1626,,retail
12162695407,node,40.776242,-73.9623694,754.1,amenity,restaurant,Tokugawa,,,restaurant,,,,,sushi,"Mo-Su 12:00-15:00, 17:00-22:00",+1 646-989-9290,https://tokugawanyc.com/,yes,,,,0,Madison Avenue,1022,,food_drink
5978510500,node,40.7691151,-73.9553055,754.1,shop,alcohol,In Vino Veritas,,alcohol,,,,,,,Mo-Sa 11:00-21:00; Su 13:00-20:00,+1 212-288-0100,https://www.invinoveritas.nyc/,,,,yes,,1st Avenue,1375,10021,retail
4455991989,node,40.7825319,-73.953693,754.6,amenity,restaurant,Lex Restaurant,,,restaurant,,,,,italian,Mo-Sa 12:00-23:00; Su 12:00-22:00,+1 212-860-5903,https://www.lexrestaurant.com/,,,yes,yes,,Lexington Avenue,1370,10128,food_drink
6818147882,node,40.7804769,-73.9470077,754.8,amenity,restaurant,Akami Sushi,,,restaurant,,,,,japanese;sushi,,+1 212-828-8668,,,,,yes,,1st Avenue,,,food_drink
6110220409,node,40.7825365,-73.9535711,754.9,amenity,restaurant,Pic Up Stix,,,restaurant,,,,,chinese,Mo-Su 11:00-22:00,+1 212-860-7600,https://www.picupstix.com,,,yes,yes,,Lexington Avenue,1372,,food_drink
5978867185,node,40.7696619,-73.9574148,755.1,shop,alcohol,Big Apple Wine & Spirits,,alcohol,,,,,,,Mo-Sa 11:00-22:00; Su 12:00-21:00,+1-212-288-2133,https://bigappleliquors.com/,,,,,,2nd Avenue,1408,10021,retail
6754439369,node,40.7802333,-73.9466997,755.4,amenity,fast_food,Pizza City,,,fast_food,,,,,,,+1 646-719-1664,,,,,yes,,1st Avenue,1760,,food_drink
11564047840,node,40.7689896,-73.952403,756.5,amenity,fast_food,Miss Wonton,,,fast_food,,,,,chinese,,+1-212-725-2800,https://www.misswontonnyc.com/,limited,,only,yes,0,,,,food_drink
5599003433,node,40.7824104,-73.9516001,756.8,shop,copyshop,The UPS Store,The UPS Store,copyshop,post_office,,,,,,Mo-Fr 08:30-19:00; Sa 10:00-17:00; Su 11:00-16:00,+1 212-410-7814,https://newyork-ny-0561.theupsstorelocal.com/,yes,,,,,3rd Avenue,1636,10128,personal_care
4297408693,node,40.7802569,-73.94668,758.4,amenity,restaurant,International Wings Factory,,,restaurant,,,,,chicken,"Mo, Tu 17:30-22:00; We-Su 11:30-15:00, 16:15-22:00",+1 212-348-2627,https://internationalwingsfactory.com,yes,,yes,yes,0,1st Avenue,1762,10128,food_drink
8233635087,node,40.7816171,-73.9580323,758.7,shop,supermarket,Morton Williams,Morton Williams,supermarket,,,,,,,07:00-23:00,+1 212-722-0229,https://www.mortonwilliams.com,,,,,,Madison Avenue,1211,,retail
2724165750,node,40.7825723,-73.9535308,758.9,shop,frame,Carnegie Hill Gallery & Custom Framing,,frame,,,,,,,Mo-Sa 10:00-19:30,,,yes,,,,0,Lexington Avenue,1374,10128,retail
11203441739,node,40.7689604,-73.9524259,759.5,amenity,fast_food,Kossar's Bagels & Bialys,,,fast_food,,,,,bagel,,,,,,,,,,,,food_drink
4776954938,node,40.7761311,-73.9624593,760.8,amenity,restaurant,Serafina Fabulous Pizza,,,restaurant,,,,,italian,11:30-23:30,+1 212 734 2676,http://fabulouspizza.serafinarestaurant.com/,,,,yes,,,,,food_drink
5754799967,node,40.7802934,-73.9466569,762.5,shop,chemist,East River Cleaners,,chemist,,,,,,,Mo-Fr 07:30-18:30; Sa 08:00-18:00,,,,,,,,1st Avenue,1762,,retail
5266897039,node,40.7697735,-73.9578876,762.7,amenity,restaurant,Persepolis,,,restaurant,,,,,persian,"Mo-Th, Su 12:00-23:00; Fr, Sa 12:00-23:30",+1 212-535-1100,https://www.persepolisnewyork.com/,,,,yes,,2nd Avenue,1407,10021,food_drink
6045033660,node,40.7826175,-73.9535049,763.9,amenity,fast_food,Marinara Pizza,,,fast_food,,,,,pizza,11:00-21:00,+1 646-559-5100,https://www.marinarapizza.com/location/UES,,yes,yes,yes,0,Lexington Avenue,1376,10128,food_drink
5522613821,node,40.7809852,-73.9475594,764.3,amenity,restaurant,The Drunken Munkey,,,restaurant,,,,,indian,"Fr,Sa 11:00-03:00; Mo-Th,Su 11:00-02:00",+1 646-998-4600,http://www.drunkenmunkeynyc.com,,,yes,yes,,East 92nd Street,338,,food_drink
6818186162,node,40.7805464,-73.9469342,764.6,shop,convenience,Blue Moon Deli & Grocery,,convenience,,,,,,,,,,,,,,,1st Avenue,,,retail
8333736505,node,40.7760832,-73.9625104,764.8,amenity,restaurant,Serafina Juice Bar,,,restaurant,,,,,,,,,,,,,,,,,food_drink
6949740438,node,40.7814027,-73.9586102,764.9,shop,florist,Alexander Florals,,florist,,,,,,,,,http://alexanderflorals.com,,,,,,,,,retail
11466216391,node,40.7803173,-73.9466456,765.0,amenity,restaurant,CM Chicken,,,restaurant,,,,,chicken; korean,"Tu-Th 11:30-21:30; Fr, Sa 11:30-22:00; Su 11:30-21:00",+1 646-429-9028,,no,,,,,1st Avenue,1764,,food_drink
5556939053,node,40.7809513,-73.9474912,765.2,shop,florist,Marlo Flowers,,florist,,,,,,,,+1-917-797-7126,https://marloflowers.com/,,,,,,East 92nd Street,338,,retail
11812125969,node,40.7826337,-73.9535649,765.7,amenity,restaurant,Marinara Pizza,,,restaurant,,,,,pizza,,,,,,,,,Lexington Avenue,1376,,food_drink
11429546306,node,40.768955,-73.9549374,765.8,shop,convenience,Flavors NYC,,convenience,,,,,,,,,,yes,,,,0,1st Avenue,1384,,retail
2724165752,node,40.7826516,-73.9534733,767.7,amenity,cafe,La Bomboniera,,,cafe,,,,,,,,,,,,,0,Lexington Avenue,1378,10128,food_drink
11727941562,node,40.7739153,-73.9622492,769.4,amenity,doctors,SINY Dermatology,,,doctors,,,,,,,+1 800 778 3090,https://sinyderm.com,yes,,,,0,East 76th Street,69,,health
6818182405,node,40.7805852,-73.9468963,769.9,shop,tobacco,Sam's Smoke Shop,,tobacco,,,,,,,10:00-24:00,+1 646-649-4783,,,,,,0,1st Avenue,1777,,retail
11398577909,node,40.7720623,-73.9611835,770.3,shop,clothes,Terez,,clothes,,,,,,,,,,,,,,,,,,retail
11429496848,node,40.7688745,-73.9546727,771.3,shop,massage,Body Work Spa,,massage,,,,,,,,,,limited,,,,0,East 74th Street,400,,personal_care
11756860356,node,40.7688221,-73.9541113,772.2,amenity,restaurant,Ines,,,restaurant,,,,,,,,,yes,,,,0,East 74th Street,419,,food_drink
11234708947,node,40.7688536,-73.954629,773.2,shop,hairdresser,Smart Barber,,hairdresser,,,,,,,,+1 646 756 5036,,,,,,0,East 74th Street,400,,personal_care
11429546305,node,40.7688938,-73.9549878,773.2,amenity,restaurant,Campagnola Restaurant,,,restaurant,,,,,italian,,,,yes,,,,0,1st Avenue,1382,,food_drink
10030528221,node,40.7825481,-73.9515068,773.4,amenity,restaurant,Lava Shawarma,,,restaurant,,,,,mediterranean,,,,yes,no,yes,,0,3rd Avenue,1640,10128,food_drink
2723765562,node,40.7695435,-73.9575947,773.6,amenity,bank,Ridgewood Savings Bank,,,bank,,,,,,,,,,,,,,2nd Avenue,1404,10021,finance
6818179470,node,40.7806162,-73.9468726,773.7,amenity,restaurant,Fresh Wok,,,restaurant,,,,,hawaiian;chinese,,+1 212-828-7688,,,,yes,yes,0,1st Avenue,,10128,food_drink
11574107313,node,40.7689433,-73.955376,774.0,shop,cannabis,Smoke Dispensary,,cannabis,,,,,,,,,,,,,,0,,,,retail
5556845486,node,40.780751,-73.9470404,774.4,shop,massage,New Green Center Bodywork,,massage,,,,,,,Mo-Su 11:00-22:00,+1 212-722-7686,,,,,,0,East 92nd Street,350,,personal_care
11756860357,node,40.768793,-73.9540347,775.0,amenity,restaurant,Sushi Ishikawa,,,restaurant,,,,,sushi,Mo-Th 18:00-22:00; Fr-Sa 17:00-22:00; Su off,+1 212-651-7292,https://ishikawanyc.com,yes,,,,0,East 74th Street,419,,food_drink
11731374567,node,40.7717854,-73.9610436,777.4,shop,beauty,Blo,,beauty,,,,,,,,,https://blomedry.com,limited,,,,0,Lexington Avenue,1033,,personal_care
9015352692,node,40.7696619,-73.9579847,777.5,amenity,restaurant,Sushi Gama Restaurant & Lounge,,,restaurant,,,,,sushi,"Mo-Fr 12:00-23:00; Sa, Su 12:30-23:00",,,yes,yes,,,0,2nd Avenue,1403,,food_drink
5552548843,node,40.7819292,-73.9490546,780.1,shop,supermarket,Key Food,Key Food,supermarket,,,,,,,Mo-Sa 07:00-21:30; Su 07:00-21:00,+1 212-860-1903,https://www.keyfood.com/store/store/1750,,,,yes,,2nd Avenue,1769,10128,retail
11574107312,node,40.7688895,-73.9554115,780.5,shop,beauty,Sandy Nails,,beauty,,,,,,,,+1 212-861-9006,,,,,,0,1st Avenue,1369,,personal_care
11429546304,node,40.7688332,-73.9550382,780.6,shop,tobacco,Smoke N E Vape,,tobacco,,,,,,,,+1 212-837-1206,,limited,,,,0,1st Avenue,1380,,retail
10076133242,node,40.7826085,-73.9514556,780.9,shop,convenience,East Ville Market Place,,convenience,,,,,,,24/7,,,no,yes,,,0,3rd Avenue,1642,,retail
11986328258,node,40.7705738,-73.9597723,784.6,shop,shoes,Diane B Ladies Shoes,,shoes,,,,,,,,,,yes,,,,0,3rd Avenue,1275,,retail
5556827862,node,40.7816138,-73.948245,785.3,amenity,dojo,New York Eastside Aikikai,,,dojo,,,,,,,+1-646-509-9212,https://nyeaikikai.com/,,,,,1,East 92nd Street,307,,leisure_entertainment
9015420300,node,40.7707712,-73.9601195,789.2,amenity,restaurant,Seamore's,,,restaurant,,,,,seafood,Mo-Th 12:00-22:00; Fr 12:00-23:00; Sa 11:00-23:00; Su 11:00-21:00,+1 212-597-9220,https://www.seamores.com/location/ues/,,,,yes,0,3rd Avenue,1278,10021,food_drink
2131791182,node,40.769058,-73.9565904,789.8,amenity,restaurant,Bohemian Spirit Restaurant,,,restaurant,,,,,czech;brunch,"Mo 17:00-22:00; Tu-Fr 17:00-23:00; Sa 11:00-15:00, 17:00-23:00; Su 11:00-15:00, 17:00-22:00",+1 212-861-1038,https://bohemianspiritrestaurant.com/,yes,,yes,yes,0,East 73rd Street,321,10021,food_drink
5754838687,node,40.7805152,-73.9464822,790.0,shop,supermarket,Prime Gourmet Market,,supermarket,,,,,,,Mo-Su 07:00-21:55,+1 212-831-1777,,,,,,,1st Avenue,1770,10128,retail
9468805819,node,40.7705141,-73.9597878,790.3,shop,department_store,Nordstrom,Nordstrom,department_store,,,,,,,"Mo-Fr 10:00-19:00; Sa, Su 10:00-18:00",+1 332-204-9050,https://www.nordstrom.com/store-details/united-states/ny/new-york/nordstrom-local-upper-east-side,,,,,,3rd Avenue,1273,10021,retail
10982600247,node,40.7687464,-73.9550642,790.5,amenity,restaurant,Bombay Chowk,,,restaurant,,,,,indian,"Mo-Su 11:30-15:30, 17:00-22:30",+1-212-249-4111,https://www.bombaychowk.com,yes,,yes,yes,0,1st Avenue,1378,10021,food_drink
10982600249,node,40.7687965,-73.9554931,792.1,amenity,restaurant,Mexiterranean Grill,,,restaurant,,,,,mediterranean;mexican,10:00-22:00,+1 646-609-6400,https://www.mexiterraneangrill.com/,,,yes,yes,0,1st Avenue,1365,10021,food_drink
4294989329,node,40.7802422,-73.946123,793.2,tourism,hotel,Courtyard,Courtyard,,,,,hotel,,,,+1 212-410-6777,https://www.marriott.com/hotels/travel/nycmh-courtyard-new-york-manhattan-upper-east-side/,,,,,,East 92nd Street,410,10128,hospitality
4470030390,node,40.7704393,-73.9597626,795.0,amenity,restaurant,EJ's Luncheonette,,,restaurant,,,,,diner,"Mo-Fr 08:00-22:00, Sa-Su 08:00-21:30",+1-212-472-0600,https://www.ejsluncheonette.com/,,,yes,yes,,3rd Avenue,1271,10021,food_drink
7259558978,node,40.7750401,-73.9628361,795.3,shop,clothes,Ba&sh,Ba&sh,clothes,,,,,,,,,,,,,,,,,,retail
11429546303,node,40.7687067,-73.95513,795.8,shop,beauty,Zema Nails & Sppa,,beauty,,,,,,,Mo-Fr 10:00-20:00; Sa 10:00-19:30; Su 10:00-19:00,,,yes,,,,0,1st Avenue,1376,,personal_care
12083521695,node,40.7686957,-73.9518229,795.9,amenity,cafe,Chez les Frenchies,,,cafe,,,,,french;sandwich,Mo-Fr 08:00-16:00; Sa 09:00-15:00,+1 347-462-5346,https://chezlesfrenchies.com,yes,yes,,,0,East 75th Street,501,,food_drink
5468419221,node,40.7790963,-73.94508,796.2,amenity,restaurant,Chez Nick,,,restaurant,,,,,american,"Mo-We 12:00-15:00, 17:00-21:30; Th, Fr 12:00-15:00, 17:00-22:00; Sa 11:00-15:00, 17:00-22:00; Su 11:00-15:00, 17:00-21:30",,,,,yes,,0,York Avenue,1737,10128,food_drink
5978556693,node,40.7715971,-73.9611763,798.5,amenity,cafe,Colomba Coffee,,,cafe,,,,,coffee_shop,,,,,,,,0,Lexington Avenue,1031,10021,food_drink
9772198981,node,40.7694847,-73.9581357,801.0,shop,beauty,Mayfair Beauty Salon,,beauty,,,,,,,,,,,,,,,,,,personal_care
11761723978,node,40.7686535,-73.955143,801.8,amenity,restaurant,Delizia,,,restaurant,,,,,italian,Mo-Sa 11:00-22:00; Su 12:00-22:00,+1 212-517-8888,,yes,,,,0,1st Avenue,1374,,food_drink
10179234749,node,40.7826658,-73.9507079,802.8,leisure,dance,Ballet Academy East,,,,,,,dance,,,,,,,,,,3rd Avenue,1651,10128,leisure_entertainment
664941293,way,40.7826935,-73.9508361,802.8,amenity,restaurant,La Voglia,,,restaurant,,,,,italian,16:00-24:00,+1 212-471-0181,https://lavoglianyc.com/,yes,yes,,,0,3rd Avenue,1645,10128,food_drink
5978510506,node,40.7827926,-73.9513056,803.6,amenity,pub,Third Avenue Ale House,,,pub,,,,,gastropub;american,Mo-Th 14:00-01:00; Fr-Sa 12:00-03:00; Su 12:00-01:00,+1 646-559-9131,https://www.thirdavealehousenyc.com/,yes,yes,,yes,0,3rd Avenue,1644,10128,food_drink
6704581665,node,40.7692931,-73.9577451,804.2,amenity,restaurant,La Esquina,,,restaurant,,,,,mexican,"Mo-Th, Su 11:00-22:00; Fr, Sa 11:00-23:00",+1 646-861-3356,https://esquinanyc.com/,,yes,,,,2nd Avenue,1402,,food_drink
7013006319,node,40.769443,-73.958137,805.0,amenity,cafe,Kravé Cafe and Juice Bar,,,cafe,,,,,,,,,,,,,,2nd Avenue,1399,,food_drink
7134303426,node,40.7754041,-73.9629918,805.4,amenity,restaurant,Sant Ambroeus,,,restaurant,,,,,,,,,,,,,,,,,food_drink
5754769712,node,40.7809286,-73.9467173,807.5,amenity,atm,Citibank,Citibank,,atm,,,,,,24/7,,,,,,,0,,,,finance
2629371828,node,40.7686775,-73.9556375,807.7,amenity,pub,Finnegan's Wake Pub,,,pub,,,,,irish,11:00-01:00,+1 212-737-3664,https://finneganswakepubnyc.com,,yes,,,,1st Avenue,1361,10021,food_drink
6937558932,node,40.7715171,-73.9612373,807.9,shop,dry_cleaning,Laura’s Dry Cleaning,,dry_cleaning,,,,,,,,,,,,,,,Lexington Avenue,1031,,personal_care
8644420811,node,40.7819744,-73.9484594,809.4,shop,beauty,Able Nail Spa,,beauty,,,,,,,Mo-Sa 10:00-20:30; Su 10:00-20:00,+1 646-370-6656,https://salons2.wixsite.com/ablenail,,,,,0,2nd Avenue,1776,10128,personal_care
6331430635,node,40.7830276,-73.9532053,809.7,shop,hairdresser,Jaico Hair Salon,,hairdresser,,,,,,,,+1-646-468-7398,,,,,,,Lexington Avenue,1388,,personal_care
7013025309,node,40.7693871,-73.9581615,811.5,shop,copyshop,The UPS Store,The UPS Store,copyshop,post_office,,,,,,Mo-Fr 08:30-19:30; Sa 10:00-16:00,+1 212-585-4195,https://locations.theupsstore.com/ny/new-york/1397-2nd-ave,yes,,,,,2nd Avenue,1397,10021,personal_care
10861153402,node,40.7829375,-73.951682,813.0,shop,hairdresser,Tomoko Shima Hair Salon,,hairdresser,,,,,,,,+1-212-722-8828,https://www.tomokoshima.com/,,,,,,East 92nd Street,171,,personal_care
3729655969,node,40.7830439,-73.9527658,813.2,amenity,arts_centre,"92nd Street Y, New York",,,arts_centre,,,,fitness_centre,,,+1-212-415-5500,https://www.92ny.org/,,,,,,Lexington Avenue,1395,10128,leisure_entertainment
5978556692,node,40.7688407,-73.9566395,814.0,shop,laundry,D. D. Laundromat,,laundry,,,,,,,,,,,,,,0,East 73rd Street,324,,personal_care
6331429905,node,40.7830688,-73.9531684,814.4,shop,stationery,Blacker & Kooby,,stationery,,,,,,,,,,,,,,,Lexington Avenue,1390,,retail
9947913079,node,40.7733285,-73.9625681,814.5,amenity,doctors,Rowe Plastic Surgery,,,doctors,,,,,,Mo-Fr 08:00-20:00,+1-212-628-7300,https://normanrowemd.com,,,,,,Park Avenue,820,10021,health
2724125497,node,40.7820202,-73.9484342,814.8,shop,hairdresser,ForStyler Hair Professional Salon,,hairdresser,,,,,,,"Mo, Tu 10:00-20:00; We, Su 10:00-18:00; Th, Fr 10:00-21:00; Sa 10:00-19:00",+1 212-729-3432,https://forstylerhairsalon.com,,,,,0,2nd Avenue,1776,10128,personal_care
5780277997,node,40.7828869,-73.9512532,814.8,amenity,restaurant,New Chinatown Restaurant,,,restaurant,,,,,chinese;japanese,Mo-Th 11:30-22:00; Fr 11:30-22:30; Sa 12:00-22:30; Su 12:00-22:00,+1 212-987-3500,,,,yes,yes,0,3rd Avenue,1650,10128,food_drink
5471959738,node,40.7811415,-73.9600026,815.6,amenity,doctors,"Steven Wallach MD, FACS",,,doctors,,,,,,,+1-212-257-3263,https://www.stevenwallachmd.com/,,,,,,5th Avenue,1049,10028,health
10861139410,node,40.782978,-73.9517589,816.3,shop,hairdresser,Upper East Side Pro Barbers,,hairdresser,,,,,,,Mo-Th 09:00-19:00; Fr 09:00-18:45; Su 09:00-18:00,+1 212-987-8254,,,,,,,East 92nd Street,169,,personal_care
11076203429,node,40.7687544,-73.9564182,817.1,shop,massage,,,massage,,,,,,,,+1 212-628-2168,,,,,,,East 73rd Street,330,,personal_care
7013001983,node,40.7693428,-73.9581971,817.2,amenity,restaurant,Javelina,,,restaurant,,,,,tex-mex,"Mo-Fr 16:00-22:00; Sa, Su 12:00-22:00",+1 917-261-7011,https://www.javelinatexmex.com/location/javelina-upper-east-side/,yes,,,yes,,2nd Avenue,1395,,food_drink
7322799434,node,40.7716358,-73.9614917,817.9,shop,hairdresser,Paul Molé,,hairdresser,,,,,,,Mo-Fr 07:30-19:30; Sa 07:30-17:30; Su 08:00-16:30,+1 212-535-8461,https://paulmole.com/,no,,,,1,Lexington Avenue,1034,10021,personal_care
10982600248,node,40.7685162,-73.9552447,818.4,amenity,cafe,B&B Bagels,,,cafe,,,,,bagel,"Mo-Fr 06:00-18:00; Sa, Su 06:00-17:00",+1 917-262-0878,,yes,yes,yes,yes,0,1st Avenue,1370,10021,food_drink
266898264,way,40.7743867,-73.9629902,818.5,tourism,hotel,The Carlyle,,,,,,hotel,,,,,https://www.rosewoodhotels.com/en/the-carlyle-new-york,designated,,,,,East 76th Street,35,10021,hospitality
10179234747,node,40.7830092,-73.951819,818.8,amenity,cafe,La Librairie des Enfants Café,,,cafe,,,,,,,,,,yes,,,,East 92nd Street,163,10128,food_drink
11508922337,node,40.7686901,-73.9562294,819.2,shop,cannabis,Lenox Hill Cannabis Co.,,cannabis,,,,,,,Mo-Sa 10:00-22:00; Su 10:00-20:00,+1 212-915-2313,https://lenoxhillcannabis.com/,limited,,,yes,0,East 73rd Street,334,,retail
10179234746,node,40.7830297,-73.9518727,820.3,shop,books,La Librairie des Enfants,,books,,,,,,,,+1 646-590-2797,,,,,,,East 92nd Street,163,10128,retail
2723755307,node,40.7691688,-73.957859,820.9,amenity,restaurant,Mission Ceviche,,,restaurant,,,,,peruvian,,,,,yes,,,,2nd Avenue,1398,10021,food_drink
7041663061,node,40.7831282,-73.9531084,821.1,amenity,fast_food,Dunkin',Dunkin',,fast_food,,,,,donut;coffee_shop,"Mo-Fr 17:30-20:00; Sa, Su 06:00-18:00",+1 212-722-5767,https://locations.dunkindonuts.com/en/ny/new-york/1392-lexington-avenue/342772,,,yes,,,Lexington Avenue,1392,10128,food_drink
4822836522,node,40.7742561,-73.962989,821.2,amenity,bar,Bemelmans Bar,,,bar,,,,,bar,"Mo, Su 12:00-00:30; Tu-Th 12:00-01:00; Fr, Sa 12:00-01:30",+1 212-744-1600,https://m.rosewoodhotels.com/en/the-carlyle-new-york/dining/bemelmans-bar,,,,,,East 76th Street,35,10021,food_drink
2723953331,node,40.7742485,-73.9629901,821.4,amenity,cafe,Café Carlyle,,,cafe,,,yes,,,,,https://www.rosewoodhotels.com/en/the-carlyle-new-york/dining/cafe-carlyle,,,,,,East 76th Street,35,10021,food_drink
2309556633,node,40.7746843,-73.9631005,822.2,shop,clothes,Sandro,,clothes,,,,,,,,+1 212-772-8500,,,,,,,Madison Avene,986,10075,retail
11076202065,node,40.7693011,-73.9582398,823.0,amenity,restaurant,Harajuki Ramen,,,restaurant,,,,,japanese,,,,,,,,0,2nd Aveunue,1393,,food_drink
10179234744,node,40.7830633,-73.9519467,823.1,shop,laundry,Tom's Cleaners,,laundry,,,,,,,,,,,,,,,East 92nd Street,159,10128,personal_care
5510060621,node,40.7823156,-73.9489023,824.1,leisure,fitness_centre,Synergy Fitness Clubs,Synergy Fitness Clubs,,,,,,fitness_centre,,"Mo 05:30-24:00; Tu-Th 00:00-24:00; Fr 00:00-23:00; Sa, Su 08:00-21:00",+1 212-426-0909,http://www.synergyfitclubs.com/nyc-1781-2nd-avenue/,,,,,,2nd Avenue,1781,10128,leisure_entertainment
10179234745,node,40.7830831,-73.9519946,824.6,shop,beauty,Moon Spa,,beauty,,,,,,,,+1 212-860-2788,,,,,,,East 92nd Street,159,10128,personal_care
7677694816,node,40.7822409,-73.9487007,824.8,shop,greengrocer,,,greengrocer,,,,,,,,,,,,,,,,,,food_drink
5682294147,node,40.7825394,-73.9573868,825.1,amenity,pharmacy,Duane Reade,Duane Reade,,pharmacy,,,,,,"Mo-Fr 08:00-21:00; Sa 09:00-18:00; 10:00-17:00 open ""Pharmacy"" ||00:00-24:00 open ""Store""",+1 212-360-6586,https://www.walgreens.com/locator/duane+reade-1231+madison+ave-new+york-ny-10128/id=14191,yes,,,,,Madison Avenue,1231,10128,health
8929492189,node,40.7829693,-73.9511852,825.1,shop,hairdresser,Fademan Barber,,hairdresser,,,,,,,Mo-Fr 10:30-19:30; Sa 10:30-17:30; Su 11:00-16:30,+1 646-559-2342,https://fademanbarber.com/,,,,,0,3rd Avenue,1650,10128,personal_care
10991141052,node,40.7684295,-73.9550644,825.2,amenity,restaurant,Sasabune,,,restaurant,,,,,sushi,"Tu-Fr 12:00-14:00, 17:30-21:30; Sa-Mo17:30-21:30",+1 212-249-8583,,limited,,yes,yes,0,East 73rd Street,401,10021,food_drink
9015415485,node,40.7692773,-73.9582547,826.0,amenity,restaurant,Rangoli,,,restaurant,,,,,indian,,,http://rangoliNYC.com,,yes,yes,yes,0,2nd Avenue,1393,,food_drink
6689923811,node,40.7683481,-73.9524186,827.3,amenity,dentist,SLim Dental Kids,,,dentist,,,,,,Mo-Fr 08:00-18:00; Sa 09:00-16:00,+1 646-762-0256,https://www.slimdentalkids.com,,,,,,York Avenue,1400,,health
266899063,way,40.7753156,-73.9632594,828.4,tourism,hotel,The Mark,,,,,,hotel,,,,+1-212-744-4300,https://www.themarkhotel.com/,,,,,,East 77th Street,25,10075,hospitality
5356822882,node,40.7753172,-73.9632598,828.4,tourism,hotel,The Mark,,,,,,hotel,,,,+1-212-744-4300,https://www.themarkhotel.com/,yes,,,,,East 77th Street,25,10075,hospitality
664941291,way,40.782902,-73.9506842,828.6,shop,health_food,Food For Health,,health_food,,,,,,,Mo-Sa 09:00-19:00; Su 10:00-18:30,+1 212-369-9202,https://www.foodforhealthny.com/,yes,,,,0,East 93rd Street,1653,,food_drink
2724171604,node,40.7830019,-73.9557113,829.0,amenity,doctors,Global Neuropsychology Solutions,,,doctors,,,,,,,,,,,,,,Park Avenue,1120,10128,health
8929404653,node,40.783002,-73.9511602,829.1,shop,convenience,Vegan Deli,,convenience,,,,,,,Mo-Su 06:00-00:00,+1 646-678-5288,,yes,,,yes,0,3rd Avenue,1650,10128,retail
2309556628,node,40.7745795,-73.9631791,830.5,shop,clothes,Morgan La Fay,,clothes,,,,,,,,,https://www.morganelefay.com/,,,,,,Madison Avene,980,,retail
9208487623,node,40.7692297,-73.9582879,831.9,shop,laundry,Sew Right,,laundry,,,,,,,,+1 212-734-6336,,,,,,,2nd Avenue,1391,,personal_care
9032875362,node,40.7832239,-73.9530395,832.0,shop,newsagent,Sebastian's,,newsagent,,,,,,,"Mo-Fr 09:00-21:00; Sa, Su 09:30-20:30",+1 212-987-4943,,,,,,,Lexington Avenue,1394,,retail
7098944758,node,40.7715244,-73.9615969,832.2,amenity,restaurant,BLT Prime,,,restaurant,,,,,steak_house,Mo-Fr 17:30-22:30; Sa 17:30-23:00; Su 17:00-22:00,+1 212-995-8500,https://bltrestaurants.com/blt-prime/new-york-city/,yes,,,,0,Lexington Avenue,1032,10021,food_drink
5978556696,node,40.7830346,-73.9511348,833.1,shop,alcohol,Wine Castle,,alcohol,,,,,,,Mo-Sa 09:00-21:00; Su 12:00-21:00,+1-212-828-9300,https://www.winecastle.biz,,,,Mo-Sa 11:00-21:00; Su 12:00-20:30,,3rd Avenue,1650,10128,retail
10991141056,node,40.7684626,-73.9557479,833.1,amenity,restaurant,Westville,,,restaurant,,,,,american;brunch,"Mo-Fr 11:30-22:00, Sa-Su 10:00-16:00",+1-212-677-2217,https://westville.com/locations/westville-upper-east-side/,,,yes,,0,1st Avenue,1359,10021,food_drink
5402543163,node,40.7819228,-73.9478219,833.7,amenity,restaurant,Chochin,,,restaurant,,,,,japanese,"Mo, Tu, Th-Su 18:00-23:00",+1-212-426-1216,,,,,,,East 93rd Street,310,,food_drink
266934254,way,40.7812191,-73.9602374,835.4,tourism,museum,Neue Galerie New York,,,,,,museum,,,Mo-Su 11:00-18:00; Tu off; Fr[1] 11:00-20:00,,https://www.neuegalerie.org/,yes,,,,,5th Avenue,1048,10028,leisure_entertainment
664941288,way,40.7829625,-73.9506399,836.1,shop,craft,The Craft Studio,,craft,,,,,,,Mo-Sa 10:00-18:00; Su 11:00-18:00,+1 212-831-6626,,yes,,,,0,3rd Avenue,1657,10128,retail
7013037490,node,40.7691874,-73.9583033,836.7,shop,convenience,People's Place Convenience Shop,,convenience,,,,,,,,+1 212-734-0200,,,,,,,2nd Avenue,1391,,retail
5748057621,node,40.7701167,-73.9600332,837.0,amenity,restaurant,Dallas BBQ,Dallas BBQ,,restaurant,,,,,barbecue,"Mo-Th, Su 11:30-23:00; Fr, Sa 11:30-24:00",+1 212-772-9393,https://www.dallasbbq.com/upper-east-side/,,yes,yes,yes,,3rd Avenue,1265,10021,food_drink
11450728435,node,40.7830689,-73.9511138,837.2,amenity,cafe,Increpeable,,,cafe,,,,,,"Mo-Th 11:00-18:00; Fr, Su 11:00-17:00",,,yes,,,,0,3rd Avenue,1654,,food_drink
12087930200,node,40.7714288,-73.9616645,842.9,amenity,doctors,Ever/Body Upper East Side,,,doctors,,,,,,,,,,,,,,Lexington Avenue,1028,10021,health
5617699181,node,40.7812239,-73.9465087,843.3,amenity,pharmacy,Nucare Pharmacy & Surgical,,,pharmacy,,,,,,Mo-Fr 09:00-20:00; Sa 09:00-19:00; Su 10:00-16:00,+1-212-426-9300,https://www.mynucare.com,yes,,,,,1st Avenue,1789,,health
664941289,way,40.7830235,-73.950594,843.7,amenity,cafe,Bagel Shop,,,cafe,,,,,bagel,07:00-16:00,+1 212-860-2377,https://bagelshopnyc.com/,yes,,yes,,0,3rd Avenue,1659,10128,food_drink
2723824861,node,40.7712004,-73.961464,844.1,shop,hairdresser,Ambience On Lex,,hairdresser,,,,,,,,,,,,,,,Lexington Avenue,1021,10021,personal_care
12078860384,node,40.7812646,-73.960373,846.9,amenity,restaurant,Cafe Sabarsky,,,restaurant,,,,,german,,,,,no,,,,,,,food_drink
2309556639,node,40.7741793,-73.963308,849.2,shop,jewelry,Stephen Russell,,jewelry,,,,,,,,,http://stephenrussell.com/,,,,,,Madison Avene,970,,retail
6852567957,node,40.7831723,-73.951041,849.9,shop,jewelry,Samaa K. Jewelry,,jewelry,,,,,,,,+1 212-426-4822,,,,,,,3rd Avenue,1658,,retail
11731374568,node,40.7711425,-73.9615025,850.5,shop,clothes,PrintFresh,,clothes,,,,,,,Mo-Sa 10:00-18:00; Su 12:00-18:00,,https://printfresh.com,yes,,,,0,,,,retail
5978557985,node,40.7681788,-73.9550283,852.2,shop,laundry,Bo-Bo,,laundry,,,,,,,Mo-Fr 07:30-19:00; Sa 08:00-17:00,,,no,,,,,,,,personal_care
9663671155,node,40.7681634,-73.954978,853.3,shop,confectionery,The Sweet Shop NYC,,confectionery,,,,,,,"Mo-Th 12:30-21:30; Sa,Su 12:30-22:30",+1-212-960-8685,https://www.thesweetshopnyc.com/,,,,,,East 73rd Street,404,10021,food_drink
11229775632,node,40.7680855,-73.9542425,854.7,shop,tailor,J. C. Custom Tailor & Dry Cleaning,,tailor,,,,,,,,,,,,,,,,,,personal_care
9496985492,node,40.782488,-73.948544,855.3,amenity,fast_food,Tacos Mi Mexico,,,fast_food,,,,,mexican,Mo-Th 11:00-22:00; Fr 11:30-22:00; Sa 12:00-20:00,+1 929-268-4020,https://tacos-mi-mexico-food-truck.negocio.site,,,,,,2nd Avenue,1801,10128,food_drink
5824565710,node,40.7688866,-73.958037,855.6,amenity,pharmacy,CVS Pharmacy,CVS Pharmacy,,pharmacy,,,,,,"Mo-Fr 08:00-13:30, 14:00-22:00; Sa, Su 08:00-20:00 open ""Pharmacy"" || 24/7 open ""Store""",+1 212-249-5699,https://www.cvs.com/store-locator/new-york-ny-pharmacies/1396-second-avenue-new-york-ny-10021/storeid=2144,,,,,,2nd Avenue,1396,10021,health
10991141054,node,40.7681351,-73.9549338,855.8,amenity,restaurant,Oda House,,,restaurant,,,,,georgian,"Mo-Th 16:00-22:00; Fr 11:00-23:00; Sa, Su 11:00-22:00",+1 646-998-5152,https://odahouse.com/,,yes,yes,yes,,East 73rd Street,406,,food_drink
6055243196,node,40.7834237,-73.9525136,857.0,shop,supermarket,Westside Market,,supermarket,,,,,,,Mo-Su 07:00-23:00,+1 212-348-2382,https://www.wmarketnyc.com/1407-lexington-avenue/,,,,yes,,Lexington Avenue,1407,10128,retail
12150720897,node,40.7681889,-73.9554974,858.2,amenity,restaurant,Nino's Ristorante,,,restaurant,,,,,italian,Mo-Fr 12:00-20:45; Sa-Su 15:30-21:00,+1 212-988-0002,,limited,,,,0,1st Avenue,1354,,food_drink
5578092068,node,40.7696502,-73.9596906,858.5,amenity,doctors,Discreet Plastic Surgery,,,doctors,,,,,,Mo-Fr 09:00-18:00,+1-718-705-4251,https://discreetplasticsurgery.com/,,,,,,East 72nd Street,215,10021,health
11171307332,node,40.7685208,-73.9570472,859.2,amenity,doctors,Rothaus Plastic Surgery,,,doctors,,,,,,Mo-Fr 09:00-17:00,+1-212-737-0770,https://www.rothausmd.com/,,,,,,East 72nd Street,325,10021,health
5873568860,node,40.7834917,-73.9528749,862.4,amenity,restaurant,Sfoglia,,,restaurant,,,,,italian,"Mo, Su 17:30-21:30; Tu-Sa 17:30-22:00",,,,,,,0,Lexington Avenue,1402,10128,food_drink
11277248956,node,40.7685044,-73.9570966,862.4,shop,beauty,HausMD,,beauty,,,,,,,Mo-Fr 09:00-17:00,+1-914-844-2929,https://thehausmd.com/,,,,,,East 72nd Street,325,10021,personal_care
6080923685,node,40.7797122,-73.944625,863.1,amenity,doctors,Dello Russo Laservision,,,doctors,,,,,,,+1-800-393-2273,https://www.dellorusso.com/,,,,,,York Avenue,1755,10128,health
2723721044,node,40.7680006,-73.9526949,863.7,shop,deli,HL Deli,,deli,,,,,,,,,,,,,,,York Avenue,1384,10021,food_drink
11608342914,node,40.7686817,-73.9577272,864.8,amenity,doctors,Cardiology Consultants of New York,,,doctors,,,,,,,,,no,,,,0,East 72nd Street,311,,health
5978510499,node,40.7679931,-73.9546283,868.1,shop,laundry,73 Laundromat llc,,laundry,,,,,,,,,,no,,,,,East 73rd Street,414,,personal_care
5618087854,node,40.7791444,-73.9627323,869.0,amenity,bar,Great Hall Balcony Café & Bar,,,bar,,,,,,,,,,,,,1,,,,food_drink
2308997530,node,40.7740878,-73.9635283,869.5,shop,jewelry,Pat Areias Sterling,,jewelry,,,,,,,Mo-Sa 10:00-18:00; Su 11:00-17:15,+1-212-717-7200,,,,,,,Madison Avene,966,10021,retail
12965213504,node,40.7766005,-73.9637288,871.7,shop,books,Albertine,,books,,,,,,,Th-Tu 10:00-18:00,+1 332 228 2238,https://www.albertine.com,,,,,0,5th Avenue,972,10075,retail
8617534012,node,40.7681384,-73.9559953,873.1,shop,supermarket,A Matter of Health,,supermarket,,,,,,,Mo-Sa 08:00-21:00; Su 09:00-20:00,+1 212-288-8280,,yes,,,,0,1st Avenue,1347,,retail
11574566877,node,40.7678921,-73.9538621,874.3,amenity,clinic,Bio Dynamic Orthotics & Prosthetics,,,clinic,,,,,,Mo-Fr 08:00-17:00; Sa-Su off,,https://biodynamictech.com,yes,,,,0,East 73rd Street,431,,health
7099018972,node,40.769816,-73.9602841,876.0,shop,supermarket,Morton Williams,Morton Williams,supermarket,,,,,,,Mo-Su 07:00-24:00,+1 917-472-7611,https://www.mortonwilliams.com/1251-3rd-avenue,yes,,,,0;-1,3rd Avenue,1251,,retail
11608342913,node,40.7682897,-73.9567896,876.0,shop,dry_cleaning,First Professional Dry Cleaning,,dry_cleaning,,,,,,,Mo-Fr 08:00-17:00; Sa 08:00-16:00,,,,,,,,East 72nd Street,345,,personal_care
5017262525,node,40.7740143,-73.9635991,877.1,shop,shoes,Christian Louboutin,Christian Louboutin,shoes,,,,,,,Mo-Sa 09:00-18:00,,,,,,,,Madison Avenue,965,,retail
11528829823,node,40.7681353,-73.9563311,880.9,office,estate_agent,NextStopNY Real Estate,,,,estate_agent,,,,,,,,yes,,,,0,East 72nd Street,355,,office_professional
5599264049,node,40.7827156,-73.9484523,881.2,amenity,cafe,Starbucks,Starbucks,,cafe,,,,,coffee_shop,"Mo-Fr 05:30-20:30; Sa, Su 05:30-19:30",+1 646-455-8766,https://www.starbucks.com/store-locator/store/1015899/93rd-second-245-east-93rd-st-new-york-ny-101283966-us,,,yes,,,East 93rd Street,245,10128,food_drink
5780289848,node,40.7834335,-73.9508414,882.1,amenity,restaurant,Korali Estiatorio,,,restaurant,,,,,greek;seafood,Mo-Su 11:30-21:30,+1 646-964-5470,https://www.nyckorali.com/,,,,,,3rd Avenue,1662,10128,food_drink
368045890,node,40.7782209,-73.9434721,883.1,amenity,arts_centre,Asphalt Green Sports and Arts Center,,,arts_centre,,,,,,,,,,,,,,,,,leisure_entertainment
11827082269,node,40.7836766,-73.9542435,884.2,amenity,doctors,"Sean McCance, MD",,,doctors,,,,,,Mo-Fr 08:00-18:00,+1-646-493-7640,https://www.herniateddiscsurgeryspecialistsnyc.com,,,,,,Park Avenue,1155,10128,health
8974574626,node,40.7836736,-73.9523572,886.0,amenity,cafe,Bread N Wine,,,cafe,,,,,sandwich,Mo-Th 08:00-23:00; Fr-Su 08:00-23:30,,https://www.breadnwine.net,,,yes,yes,0,Lexington Avenue,1417,10128,food_drink
6204894805,node,40.7815429,-73.9462138,886.1,shop,convenience,Healthy Organic Foods & Deli,,convenience,,,,,,,,+1 347-233-5760,,,,,,,1st Avenue,1797,10128,retail
5714379734,node,40.7699679,-73.960701,887.2,amenity,bank,Citibank,Citibank,,bank,,,,,,,,,,,,,,,,,finance
7099017456,node,40.7710341,-73.9619458,887.7,amenity,bar,Melody's Piano Bar,,,bar,,,,,,"Mo-Th 17:00-02:00; Fr, Sa 17:00-04:00",+1 646-559-2808,https://www.melodyspianobar.com/,no,,,,0,Lexington Avenue,1020,10021,food_drink
266907783,way,40.7791393,-73.9438847,888.4,leisure,sports_centre,Asphalt Green Aquacenter,,,,,,,sports_centre,,,,,,,,,,York Avenue,1750,10128,leisure_entertainment
6807706733,node,40.7834971,-73.9507978,889.9,amenity,bar,Olde City,,,bar,,,,,sandwich,,,,yes,,,,0,3rd Avenue,1664,10128,food_drink
2308997529,node,40.7738905,-73.9637273,890.7,shop,clothes,Nanette Lepore,,clothes,,,,,,,,,https://www.nanettelepore.com/,,,,,,Madison Avene,958,10021,retail
2723920630,node,40.7715139,-73.9624218,891.0,office,company,New York Carpet Cleaning,,,,company,,,,,,,,,,,,,East 73rd Street,113,10021,office_professional
2724163730,node,40.7837447,-73.9526557,891.6,shop,cannabis,The Herbal Care,,cannabis,,,,,,,Mo-Su 10:00-22:00,,,,,,,,Lexington Avenue,1412,10128,retail
2724131082,node,40.7837356,-73.9523129,893.2,shop,convenience,S.M. News & Grocery,,convenience,,,,,,,,,,yes,,,,0,Lexington Avenue,1419,10128,retail
2629371822,node,40.7678873,-73.9556728,894.1,amenity,pharmacy,Duane Reade,Duane Reade,,pharmacy,,,,,,"00:00-24:00 open ""Store"" || Mo-Fr 08:00-13:30, 14:00-22:00; Sa 09:00-13:30, 14:00-18:00; Su 10:00-13:30, 14:00-18:00 open ""Pharmacy""",+1 212-535-9816,https://www.walgreens.com/locator/walgreens-1352+1st+ave-new+york-ny-10021/id=14398,yes,,,,,1st Avenue,1352,10021,health
5780292853,node,40.7835485,-73.950757,896.3,amenity,restaurant,Isohama,,,restaurant,,,,,sushi,"Mo-Th, Su 12:00-15:30, 17:00-23:00; Fr, Sa 12:00-15:30, 17:00-23:30",+1 212-828-0099,https://www.isohama.com/,,,,,,3rd Avenue,1666,,food_drink
2724131083,node,40.7837625,-73.9522968,896.3,shop,hairdresser,International Haircutters,,hairdresser,,,,,,,closed,,,yes,,,,0,Lexington Avenue,1421,10128,personal_care
2308995386,node,40.7738313,-73.963777,896.3,shop,furniture,Delorenzo,,furniture,,,,,,,,,https://www.delorenzogallery.com,,,,,,Madison Avene,956,10021,retail
2724163731,node,40.7837875,-73.9526175,896.6,shop,clothes,Mirabelle Outlet,,clothes,,,,,,,,,,,,,,0,Lexington Avenue,1414,10128,retail
11731444670,node,40.7707505,-73.9617952,896.7,amenity,restaurant,Maria Mulata Colombian Restaurant & Bar,,,restaurant,,,,,regional,,,,yes,,,,0,Lexington Avenue,1007,,food_drink
8644420815,node,40.782686,-73.9479938,897.4,shop,convenience,Diamond Mart,,convenience,,,,,,,24/7,,,yes,,,,0,2nd Avenue,1812,10128,retail
2308997528,node,40.7741567,-73.9638914,897.8,shop,optician,Mykita,Mykita,optician,,,,,,,Tu-Sa 11:00-18:00; Su 12:00-17:00,+1 917-261-5050,https://mykita.com/en/shop/new-york-ues,yes,,,,0,Madison Avene,962,10021,health
6670244825,node,40.7676839,-73.9528947,897.9,amenity,cafe,Claire's Kitchen Cafe,,,cafe,,,,,,,,,,,,,,,,,food_drink
9480316905,node,40.7709533,-73.96202,898.1,amenity,restaurant,Peng's Noodle Folk,,,restaurant,,,,,ramen;chinese;japanese,closed,+1 212-348-2878,https://www.pengsnoodlefolk.com/,,,yes,,,Lexington Avenue,1016,,food_drink
5754768821,node,40.7816368,-73.9461364,898.2,amenity,dojo,Sheridan Fencing Academy,,,dojo,,,,,,,+1 212-831-0764,https://www.sheridanfencing.com/locations/upper-east-side,,,,,,1st Avenue,1801,10128,leisure_entertainment
6418373475,node,40.7743902,-73.9639545,898.3,amenity,restaurant,Cafe Boulud,,,restaurant,,,,,french,,+1-212-772-2600,https://www.cafeboulud.com/nyc/,,,,,,East 76th Street,20,10021,food_drink
6071782621,node,40.7837904,-73.9522692,899.7,shop,florist,Citi Wide Flower Plants,,florist,,,,,,,10:00-18:00,+1 212-828-3088,https://citywideflowerplants.com,,,,yes,0,Lexington Avenue,1423,10128,retail
11731444669,node,40.7709111,-73.9620264,901.3,shop,hairdresser,Barbarossa,,hairdresser,,,,,,,,+1 212-628-3900,https://barbarossanyc.com,yes,,,,0,Lexington Avenue,1014,,personal_care
2308995474,node,40.7737739,-73.9638244,901.7,shop,clothes,Carolina Herrera,,clothes,,,,,,,,,https://www.carolinaherrera.com/,,,,,,Madison Avene,954,10021,retail
5556738950,node,40.7827225,-73.9479691,901.9,amenity,cafe,Burp Bowl Cafe,,,cafe,,,,,chinese,Mo-Su 11:00-21:00,+1 646-372-0862,,,,,,,2nd Avenue,1812,,food_drink
11528829822,node,40.7681777,-73.9572879,902.1,amenity,dentist,New York Family Dental Arts,,,dentist,,,,,,,,https://dentalartsny.com,limited,,,,0,East 72nd Street,340,,health
6762609288,node,40.7836113,-73.950714,903.9,amenity,restaurant,Fillmore Delicatessen,,,restaurant,,,,,sandwich,"Mo-Fr 07:30-22:30; Sa, Su 09:00-22:30",+1 646-912-9488,http://fillmoredeli.com,,yes,yes,yes,,3rd Avenue,1668,10128,food_drink
6670244826,node,40.7676209,-73.9529255,904.7,amenity,restaurant,Tanoshi Sushi NYC,,,restaurant,,,,,sushi,Tu-Sa 18:00-22:30,,https://tanoshisushinyc.com,,,,,,York Avenue,1372,,food_drink
5692374298,node,40.7688374,-73.9591103,904.8,amenity,clinic,VRMED,,,clinic,,,,,,,,,,,,,,East 72nd Street,242,10021,health
266899058,way,40.7743191,-73.9640256,905.6,tourism,hotel,The Surrey,,,,,,hotel,,,,+1 212-288-3700,https://www.thesurrey.com/,,,,,,East 76th Street,20,10021,hospitality
8333736507,node,40.7741366,-73.963997,907.0,amenity,restaurant,Three Guys,,,restaurant,,,,,,,,,,,,,,,,,food_drink
5540462860,node,40.7827672,-73.9479303,907.9,amenity,restaurant,Nick's,,,restaurant,,,,,italian,Mo-Su 11:30-22:00,+1 212-987-5700,https://www.nicksnyc.com/,yes,yes,yes,yes,,2nd Avenue,1814,,food_drink
9015419486,node,40.7693689,-73.960189,909.0,amenity,dentist,Divine Smiles Dental,,,dentist,,,,,,,,,,,,,0,East 72nd Street,200,,health
7123476610,node,40.7740245,-73.9639987,909.7,tourism,gallery,,,,,,,gallery,,,,,,,,,,,Madison Avenue,958,,leisure_entertainment
10844443810,node,40.7839055,-73.9525525,910.1,amenity,fast_food,Luzzo's La Pizza Napoletana,,,fast_food,,,,,pizza,10:00-22:00,+1 646-918-6827,https://www.luzzosuppereastside.com/,,,yes,yes,0,Lexington Avenue,1418,10128,food_drink
5799872308,node,40.7825669,-73.947457,910.2,shop,dry_cleaning,Pierce Professional Tailor & Dry Clean,,dry_cleaning,,,,,,,,+1 212-828-4644,,,,,yes,,East 94th Street,308,,personal_care
6781789416,node,40.7836719,-73.9506652,911.5,amenity,restaurant,La Vita Pizza,,,restaurant,,,,,italian,,+1 212-722-7600,,,,yes,yes,,3rd Avenue,1670,,food_drink
6670244827,node,40.7675579,-73.9529698,911.6,amenity,restaurant,Finestra Restaurant,,,restaurant,,,,,italian,12:00-21:00,+1 212-717-8595,https://www.finestrarestaurant.com/,limited,,,,0,York Avenue,1370,,food_drink
9241571160,node,40.7684581,-73.9583947,911.8,amenity,fast_food,Xi'an Famous Foods,Xi'an Famous Foods,,fast_food,,,,,chinese,Mo-Su 11:00-21:00,,,yes,,yes,,0,2nd Avenue,1390 1/2,10021,food_drink
11805965661,node,40.7695217,-73.9605379,914.8,shop,optician,EuroOptica,,optician,,,,,,,,,,yes,,,,0,3rd Avenue,1249,,health
10936887405,node,40.773514,-73.9639139,916.4,amenity,cafe,The SisterYard,,,cafe,,,,,,Th-Su 10:00-17:30,,https://thesisteryard.com/,,,,,,Madison Avenue,945,10021,food_drink
9241581645,node,40.7684043,-73.9584307,918.5,amenity,veterinary,ParkEast Veterinarians,,,veterinary,,,,,,Mo-Th 09:00-19:00; Fr 09:00-17:00,+1 212-832-8417,http://parkeastanimalhospital.com,yes,,,,0,2nd Avenue,1390,,health
9287217315,node,40.7837376,-73.9506306,919.3,amenity,bar,East End Bar & Grill,,,bar,,,,,pub,,+1 212-348-3783,http://eastendbar.com,,,,,,3rd Avenue,1672,,food_drink
5802813853,node,40.7739005,-73.9640918,920.3,shop,clothes,Carolina Herrera,,clothes,,,,,,,,,,,,,,,Madison Avenue,,,retail
13623835801,node,40.7835825,-73.9570103,921.6,amenity,cafe,Noglu,,,cafe,,,,,cake;coffee_shop,Mo-Su 07:30-18:00,,,,,,,,Madison Avenue,1260,10128,food_drink
8570238642,node,40.781836,-73.9460009,922.2,shop,variety_store,First Avenue 99¢ Plus Corp,,variety_store,,,,,,,,+1 917-409-0388,,,,,,,1st Avenue,1807,10128,retail
6270653121,node,40.7828127,-73.959174,922.2,amenity,restaurant,The Wright,,,restaurant,,,,,,"Mo-Fr 11:30-15:30; Sa, Su 11:00-15:30",,,,no,,,,East 88th Street,,,food_drink
2724131830,node,40.7839856,-73.9521336,922.5,leisure,fitness_centre,Pegatessu Fitness,,,,,,,fitness_centre,,,,,,,,,,Lexington Avenue,1425,10128,leisure_entertainment
11608342797,node,40.7675303,-73.9549861,923.0,shop,hairdresser,Veki's Barber Shop,,hairdresser,,,,,,,,+1 212-535-3692,,limited,,,,0,East 72nd Street,415,,personal_care
10038018687,node,40.7734755,-73.9639898,923.8,tourism,museum,Frick Madison,,,,,,museum,,,Th-Su 10:00-18:00,,https://www.frick.org/,,,,,,Madison Avenue,945,10021,leisure_entertainment
2629371812,node,40.7677332,-73.9563296,923.9,amenity,bank,Chase,Chase,,bank,,,,,,Mo-Fr 09:00-17:00; Sa 09:00-14:00,+1 212-772-9523,https://locator.chase.com/ny/new-york/360-e-72nd-st,yes,,,,,East 72nd Street,360,10021,finance
11528829825,node,40.7675123,-73.95493,924.3,tourism,gallery,Beloosesky Gallery,,,,,,gallery,,,,+1 646-837-6428,,,,,,,East 72nd Street,415,,leisure_entertainment
2623014649,node,40.7696778,-73.9609463,924.9,amenity,bank,TD Bank,TD Bank,,bank,,,,,,Mo-Fr 07:30-19:00; Sa 07:30-16:00; Su 11:00-15:00,,https://locations.td.com/us/1230-3rd-avenue-72nd-3rd,,,,,,,,,finance
9241587343,node,40.7683474,-73.9584703,925.6,shop,hairdresser,Level Two BarberShop,,hairdresser,,,,,,,Mo-Fr 09:00-19:30; Sa 09:00-19:00; Su 10:00-17:30,+1-212-734-7777,https://www.leveltwobarbershop.com/,,,,,0,2nd Avenue,1388,10021,personal_care
5714311902,node,40.7704923,-73.9619685,926.0,amenity,bank,Chase,Chase,,bank,,,,,,Mo-Fr 09:00-17:00; Sa 09:00-14:00; Su closed,+1 212-517-2900,https://locator.chase.com/ny/new-york/1003-lexington-ave,,,,,,,,,finance
2724131831,node,40.7840206,-73.9521042,926.7,shop,shoe_repair,Yanz Leather Services,,shoe_repair,,,,,,,Mo-Fr 08:00-18:00; Sa 09:00-17:00,+1 212-722-0041,,,,,,0,Lexington Avenue,1427,10128,personal_care
11528829824,node,40.7674834,-73.9548691,926.8,amenity,veterinary,York Veterinary Center,,,veterinary,,,,,,,,,,,,,0,East 72nd Street,417,,health
170149134,way,40.7829919,-73.9588842,926.9,tourism,museum,Guggenheim Museum,,,,,,museum,,,Mo-Su 10:30-17:30; Nov Th[4] off; Dec 24 10:30-16:00; Dec 25 off,,https://www.guggenheim.org/new-york,yes,,,,,5th Avenue,1071,10128,leisure_entertainment
6206630769,node,40.7684737,-73.9588271,927.5,amenity,restaurant,San Babila,,,restaurant,,,,,italian,"Mo-Th 07:00-22:00, Fr 07:00-11:00, Sa 08:00-11:00, Su 08:00-22:00",+1-646-448-4120,https://sanbabilanyc.com,,sidewalk,,yes,,2nd Avenue,1355,10021,food_drink
9098923529,node,40.7683195,-73.958488,929.1,amenity,fast_food,Shanghai Chinese Restaurant,,,fast_food,,,,,chinese,Mo-Su 11:00-21:30,+1-212-288-8066,,,,yes,yes,0,2nd Avenue,1388,10021,food_drink
9032867125,node,40.784075,-73.9524185,929.9,shop,convenience,Eastside Deli,,convenience,,,,,,,"Mo-Fr 06:00-22:00; Sa, Su 07:00-22:00",+1 212-369-0011,,no,,,yes,0,Lexington Avenue,1424,10128,retail
5672897884,node,40.7831802,-73.9483506,930.8,shop,hairdresser,Elite Barber Shop,,hairdresser,,,,,,,"Tu, Th, Su 10:00-18:30; Mo 10:30-18:30; We 10:00-19:00; Fr 10:30-19:00",+1 212-289-3548,https://elitebarbershopeast94.com,no,,,,,East 94th Street,247,10128,personal_care
5978557685,node,40.7673751,-73.9531247,931.4,shop,convenience,Green Gourmet,,convenience,,,,,,,24/7,,,,,,,,York Avenue,1368,,retail
11554881087,node,40.7673901,-73.9526807,931.5,shop,dry_cleaning,Lavi Cleaners,,dry_cleaning,,,,,,,,,,,,,,0,,,,personal_care
12070920014,node,40.7674269,-73.9547221,931.6,amenity,cafe,Alex Cafe & Deli,,,cafe,,,,,sandwich;breakfast,,+1-917-261-2206,,limited,sidewalk,,,0,East 72nd Street,421,,food_drink
8284627180,node,40.7831068,-73.9481432,931.8,amenity,restaurant,A-Jiao Sichuan Cuisine,,,restaurant,,,,,chinese;sichuan,Mo-Su 11:00-22:00,+1 212-828-8996,https://www.ajiaosichuancuisine.com/,yes,,yes,yes,0,2nd Avenue,1817,10128,food_drink
2723793490,node,40.7684312,-73.9588586,932.9,shop,frame,Q Art Trading,,frame,,,,,,,Mo-Fr 10:00-18:00,+1-212-734-3122,,,,,,,2nd Avenue,1353,10021,retail
6403172572,node,40.7840753,-73.9520645,933.1,shop,dry_cleaning,Zenith Cleaners,,dry_cleaning,,,,,,,,+1 212-722-9109,,,,,,,Lexington Avenue,1429,10128,personal_care
11805965660,node,40.7693714,-73.9606594,934.1,shop,gift,Modern State,,gift,,,,,,,10:00-19:00,,,yes,,,,0,3rd Avenue,1243,,retail
9089315805,node,40.7841141,-73.9523871,934.5,amenity,restaurant,LaRustica,,,restaurant,,,,,italian,Su-We 11:00-02:00; Th-Sa 11:00-04:00,+1 212-860-3822,https://www.orderlarusticapizza.com,,,yes,yes,,Lexington Avenue,1426,10128,food_drink
2629371807,node,40.7675548,-73.95591,934.5,amenity,bank,Bank of America,Bank of America,,bank,,,,,,Mo-Fr 08:30-18:00; Sa 10:00-14:00,+1 646-794-0409,https://locators.bankofamerica.com/ny/newyork/financial-centers-new-york-16568.html,yes,,,,,1st Avenue,1330,10021,finance
4396518790,node,40.7838509,-73.9564345,935.7,shop,clothes,Esé Azenabor,,clothes,,,,,,,Mo-Sa 10:00-18:00,,,,,,,,Madison Avenue,1269,10128,retail
9098890025,node,40.768399,-73.958881,936.9,amenity,cafe,Matto Espresso,Matto Espresso,,cafe,,,,,coffee_shop,,,,,sidewalk,yes,,,2nd Avenue,1353,10021,food_drink
9241598621,node,40.7683729,-73.9588997,940.2,shop,watches,Artistic Shoe & Watch Repair,,watches,,,,,,,"Mo-Fr 08:00-18:00, Sa 09:00-18:00",,,no,,,,,2nd Avenue,1351,10021,retail
7158854703,node,40.783936,-73.9506537,940.2,shop,beauty,Precious Nails,,beauty,,,,,,,,,,,,,,0,East 94th Street,180,10128,personal_care
10101672684,node,40.7831796,-73.9480973,940.8,shop,cannabis,Nucleus Dispensary,,cannabis,,,,,,,"Mo-We 10:00-21:00, Th-Sa 10:00-22:00, Su 10:00-21:00",,,,,,,0,2nd Avenue,1819,10128,retail
6670244832,node,40.7672877,-73.953175,941.0,shop,alcohol,East River Wine & Liquors,,alcohol,,,,,,,,+1 212 535 9300,,,,,,,York Avenue,1366,,retail
11989120555,node,40.7837231,-73.9496075,943.6,amenity,veterinary,Upper East Side Veterinary Center,,,veterinary,,,,,,Mo-Fr 09:00-18:00,+1-212-369-8387,https://uppereastvet.com,,,,,,,,,health
13471129071,node,40.7683418,-73.9589225,944.2,office,estate_agent,Martin Paul Realty Association,,,,estate_agent,,,,,,+1-212-517-7710,,,,,,,2nd Avenue,1349A,10021,office_professional
5978510498,node,40.7672521,-73.9532158,944.9,shop,bakery,Black Star Bakery & Cafe,,bakery,,,,,,,,,,,,,,0,York Avenue,1364,,food_drink
2723924803,node,40.7735926,-73.9642978,945.3,shop,art,Antiquarium,,art,,,,,,,,,,,,,,,Madison Avenue,948,10021,retail
11805965659,node,40.7692781,-73.9607364,946.2,amenity,doctors,SkinLab,,,doctors,,,,,,Mo-Fr 10:00-19:00; Sa 10:00-18:00; Su off,,https://skinlab-nyc.com,yes,,,,0,3rd Avenue,1237,,health
6270651669,node,40.7838771,-73.9568025,947.3,shop,newsagent,New York News,,newsagent,,,,,,,,,,,,,,,Madison Avenue,1266,,retail
2723924802,node,40.7735683,-73.9643155,947.5,shop,perfumery,Jo Malone,Jo Malone,perfumery,,,,,,,,,https://www.jomalone.com/,,,,,,Madison Avenue,946,10021,retail
11394419716,node,40.7672192,-73.9532354,948.5,shop,newsagent,Orlando News,,newsagent,,,,,,,,,,,,,,,,,,retail
4795833623,node,40.7842243,-73.9519306,951.0,shop,books,Kitchen Arts & Letters,,books,,,,,,,Mo 13:00-18:00; Tu-Fr 10:00-18:30,,,,,,,,Lexington Avenue,1435,,retail
3590689281,node,40.7839008,-73.950022,951.1,amenity,restaurant,The District Bar & Restaurant,,,restaurant,,,,,,"Mo-Fr 11:00-04:00; Sa, Su 10:00-04:00",+1 212-289-2005,http://thedistrictbarnyc.com,,yes,,yes,,3rd Avenue,1679,10128,food_drink
2724171700,node,40.7839393,-73.9567416,952.4,amenity,bar,Eli's Bar 91,,,bar,,,,,,17:00-21:00,+1 646-755-3999,https://www.elizabar.com/ElisEssentials_91_Madison.aspx,yes,yes,,,,Madison Avenue,1270,10128,food_drink
5573636404,node,40.7832735,-73.9480375,952.4,amenity,fast_food,Yorkville Bagel & Cafe,,,fast_food,,,,,,,+1-212-996-6544,,,,,,,2nd Avenue,1821,10128,food_drink
12069319196,node,40.7843227,-73.9538074,954.0,amenity,dentist,Park Smiles NYC,,,dentist,,,,,,"Mo, We 07:45-17:00, Tu, Th 09:00-19:00, Fr 09:00-17:00",,https://www.parksmilesnyc.com/,,,,,,Park Avenue,1175,10128,health
6270651583,node,40.7839931,-73.9567138,957.4,shop,bakery,Eli's Essentials,Eli Zabar,bakery,,,,,,,08:00-17:00,+1 646-755-3999,https://www.elizabar.com/Elis-Essentials.aspx,yes,yes,,,,Madison Avenue,1270,,food_drink
11608291125,node,40.7671394,-73.953981,958.3,amenity,clinic,"Ambulatory Care Clinic, Hospital for Special Surgery",,,clinic,,,,,,,,,yes,,,,0,East 72nd Street,475,,health
9032860330,node,40.7843277,-73.9522316,959.4,amenity,fast_food,Subway,Subway,,fast_food,,,,,sandwich,Mo-Fr 08:30-21:30; Sa 10:00-20:30; Su 10:00-19:00,+1 212-534-7797,https://restaurants.subway.com/united-states/ny/new-york/1434-lexington-ave,,,yes,yes,0,Lexington Avenue,1434,10128,food_drink
5501633021,node,40.7840697,-73.9503873,960.3,amenity,restaurant,Barking Dog,,,restaurant,,,,,american,Mo-Su 08:00-22:00,+1 212-831-1800,https://www.barkingdognyc.com/location/barking-dog-e-94/,,yes,,yes,,3rd Avenue,1678,,food_drink
4520376389,node,40.7839829,-73.9499919,960.6,leisure,sports_centre,5 Iron Golf,5 Iron Golf,,,,,,sports_centre,,"Mo-Th 06:00-23:00; Fr, Sa 06:00-24:00; Su 08:00-22:00",+1 315-613-4653,https://fiveirongolf.com/nyc-upper-east-side/,,,,,,3rd Avenue,1681,10128,leisure_entertainment
6270650939,node,40.7841431,-73.9562302,962.6,amenity,bank,Citibank,Citibank,,bank,,,,,,Mo-Fr 09:00-17:00,,,,,,,,,,,finance
11281910246,node,40.7843648,-73.95221,963.7,amenity,restaurant,Bonjour Mixeur,,,restaurant,,,,,crepe,"Mo-Fr 08:00-21:00; Sa, Su 09:00-21:00",+1 212-933-4626,https://www.bonjourmixeur.com/,yes,,,,0,Lexington Avenue,1436,10128,food_drink
11538333631,node,40.7833661,-73.947979,963.8,amenity,restaurant,Soledad,,,restaurant,,,,,mexican,,,https://soledadnyc.com/,,,,,0,2nd Avenue,1825,,food_drink
5978558885,node,40.7840338,-73.9567964,963.8,amenity,restaurant,Gina La Fornina,,,restaurant,,,,,,,,,,,,,,East 91st Street,26,,food_drink
11805965658,node,40.7691362,-73.9608522,964.5,shop,mobile_phone,T-Mobile,T-Mobile,mobile_phone,,,,,,,Mo-Fr 10:00-20:00; Sa 11:00-19:00; Su 12:00-18:00,,https://www.t-mobile.com/stores/bd/t-mobile-new-york-ny-10021-3spn,yes,,,,0,3rd Avenue,1231,,retail
4417690591,node,40.7843534,-73.9518606,966.1,shop,toys,,,toys,,,,,,,,,,,,,,,Lexington Avenue,1435,,retail
3594690095,node,40.7733551,-73.9644948,968.3,shop,electronics,Apple Store,Apple Store,electronics,,,,,,,Mo-Sa 09:00-20:00; Su 10:00-19:00,+1-646-343-2700,https://www.apple.com/retail/uppereastside/,,,,,,Madison Avenue,940,10021,retail
2629371829,node,40.7673529,-73.9565664,970.0,shop,supermarket,Morton Williams,Morton Williams,supermarket,,,,,,,"PH,Mo-Su 00:00-23:59",+1 212-139-0636,https://www.mortonwilliams.com,yes,,,,,1st Avenue,1331,10021,retail
8197484224,node,40.7834235,-73.947941,970.9,amenity,restaurant,Enzo Bruni La Pizza Gourmet,,,restaurant,,,,,pizza;italian,Mo-Sa 11:00-23:00; Su 11:00-22:00,+1-917-675-6867,https://enzobrunigourmet.com/,,yes,yes,yes,,2nd Avenue,1827,10128,food_drink
8284627179,node,40.7832576,-73.9475535,971.0,amenity,cafe,Madame Bonté Café,,,cafe,,,,,coffee_shop,Mo-Su 07:00-17:00,,,,,,,0,2nd Avenue,1834,10128,food_drink
12070920016,node,40.7670413,-73.954586,973.0,shop,dry_cleaning,Knickerbocker Cleaners,,dry_cleaning,,,,,,,Mo-Fr 07:00-19:00; Sa 08:00-18:00,+1 212-737-3869,,yes,,,,0,East 72nd Street,430,,personal_care
5618087856,node,40.7796005,-73.9638164,973.2,amenity,fast_food,The Eatery,,,fast_food,,,,,,Th-Tu 11:00-16:00,,,yes,no,,no,-1,,,,food_drink
5227025221,node,40.7729554,-73.9643935,973.4,shop,convenience,Marche Madison,,convenience,,,,,,,,,,,,,,,Madison Avenue,931,,retail
2623014547,node,40.7692754,-73.9612325,974.1,shop,clothes,Anthropologie,Anthropologie,clothes,,,,,,,Mo-Sa 10:00-20:00; Su 11:00-19:00,,,limited,,,,,,,,retail
5627685443,node,40.7844597,-73.9521465,974.8,shop,alcohol,"West Coast Wines & Liquor, Inc.",,alcohol,,,,,,,Mo-Sa 11:00-21:30; Su 13:00-19:30,+1-212-534-5710,https://www.westcoastwinesandliquor.com/,,,,yes,,Lexington Avenue,1440,10128,retail
11882269858,node,40.7677892,-73.9583249,976.0,shop,dry_cleaning,Aloha Cleaning,,dry_cleaning,,,,,,,,,,,,,,,,,,personal_care
12070920017,node,40.7669957,-73.9544872,977.2,shop,beauty,York Think Pink,,beauty,,,,,,,,+1 212-327-3950,,yes,,,,0,East 72nd Street,430,,personal_care
9241606465,node,40.7680925,-73.9591451,977.5,amenity,restaurant,Il Divo,,,restaurant,,,,,italian,,+1 212-380-8164,https://ildivo.restaurant/,,yes,,,,2nd Avenue,1347,10021,food_drink
12070920015,node,40.767009,-73.9547002,977.5,amenity,clinic,Weill Cornell Medicine,,,clinic,,,,,,,,,yes,,,,0,East 72nd Street,428,,health
12070920018,node,40.7669785,-73.9544441,978.8,shop,deli,72nd Gourmet Deli Salad & Grocery,,deli,,,,,,,,+1 212-288-2122,,yes,,,,0,East 72nd Street,434,,food_drink
5510161975,node,40.7833283,-73.9475075,979.7,shop,alcohol,Normandie Wines,,alcohol,,,,,,,"Mo-Th 11:00-22:00; Fr, Sa 11:00-22:30; Su 14:00-19:00",+1-212-876-1994,,yes,,,,,2nd Avenue,1834,10128,retail
6937498381,node,40.7700367,-73.9623088,980.5,amenity,cafe,Joe & The Juice,Joe & The Juice,,cafe,,,,,coffee_shop,,,,,,yes,,,,,,food_drink
5510187115,node,40.7834933,-73.9478708,980.5,shop,laundry,Laundry Boy,,laundry,,,,,,,07:00-19:00,+1 212-987-5562,,no,,,,,2nd Avenue,1829,,personal_care
12070920019,node,40.7669295,-73.954327,983.4,amenity,restaurant,York Ave Pizza,,,restaurant,,,,,pizza;sandwich,Mo 10:00-20:00; Tu-Fr 10:00-21:00; Sa 11:00-21:00,+1 212-744-4000,,yes,,,,0,East 72nd Street,434,,food_drink
2629371818,node,40.7671455,-73.9562037,984.5,amenity,bank,Citibank,Citibank,,bank,,,,,,Mo-Fr 08:30-18:00; Sa 09:00-15:00,,,yes,,,,,,,,finance
2723870230,node,40.7701871,-73.9625523,985.6,shop,hairdresser,Delta Hair Stylist,,hairdresser,,,,,,,Mo-Fr 8:00-19:00;Sa 10:00-19:00;Su 10:00-18:00,+1-212-650-9055,http://deltahairstylist.com/,,,,,,Lexington Avenue,992,10021,personal_care
664619106,way,40.7833727,-73.9474504,986.4,amenity,cafe,Go Cups,,,cafe,,,,,frozen_yogurt,07:00-22:00,+1 212-289-2929,,yes,,yes,yes,0,2nd Avenue,1838,10128,food_drink
664619098,way,40.7833119,-73.9472862,987.8,shop,copyshop,The UPS Store,The UPS Store,copyshop,post_office,,,,,,Mo-Fr 08:30-19:00; Sa 10:00-17:00; Su 11:00-16:00,+1 212-423-1826,https://locations.theupsstore.com/ny/new-york/300-east-95th-st,,,,,0,East 95th Street,300,10128,personal_care
8333736508,node,40.7733732,-73.9647547,988.8,amenity,restaurant,Caravaggio,,,restaurant,,,,,,,,,,,,,,,,,food_drink
4008037040,node,40.7701569,-73.9625726,989.0,shop,clothes,SHEN NEW YORK,,clothes,,,,,,,"Mo-Fr 10:00-18:30,Sa 10:00-18:00",+1 212-249-2895,https://www.shennewyork.com/,,,,,,Lexington Avenue,990,10021,retail
9571408097,node,40.7844621,-73.9557959,989.1,amenity,restaurant,Table d'Hôte,,,restaurant,,,,,french,"Tu-Su 12:00-15:00, 17:00-21:00",+1 212-348-8125,https://tabledhote.co,yes,,yes,yes,0,East 92nd Street,44,10128,food_drink
5978866787,node,40.7678369,-73.9588136,989.3,amenity,bank,Valley National Bank,,,bank,,,,,,Mo-Fr 09:00-17:00; Sa 09:00-12:00,+1 212-585-4213,https://www.valley.com/branch/2nd-avenue,yes,,,,0,2nd Avenue,1328,10021,finance
5512636199,node,40.7836811,-73.9480748,991.0,shop,convenience,Candy Shop,,convenience,,,,,,,24/7,+1 212-427-5788,,yes,,,,0,East 95th Street,236,10128,retail
9772198979,node,40.7679733,-73.9592059,991.6,amenity,restaurant,Jean Claude II,,,restaurant,,,,,french,Mo-Su 11:00-21:30,+1 212-249-3400,http://www.jeanclaudenyc.com,,,,,,2nd Avenue,1343,,food_drink
5618064691,node,40.7802595,-73.9635992,991.8,amenity,cafe,American Wing Café,,,cafe,,,,,coffee_shop;sandwich,,,,,no,,,0,,,,food_drink
5618087852,node,40.7788973,-73.9644595,991.9,amenity,restaurant,Met Dining Room,,,restaurant,,,,,,,,,,,,,3,,,,food_drink
4479054694,node,40.783839,-73.9584235,992.8,amenity,cafe,Bluestone Lane,Bluestone Lane,,cafe,,,,,,,,,,,,,,,,,food_drink
2723870229,node,40.7701244,-73.962598,993.0,shop,clothes,Lee Anderson,,clothes,,,,,,,,+1-212-772-2463,https://leeandersoncouture.com/,,,,,,Lexington Avenue,988,10021,retail
11669732650,node,40.7671955,-73.9569199,995.2,shop,dry_cleaning,La Mode 1st Cleaners,,dry_cleaning,,,,,,,,+1 212-628-9001,,limited,,,,0,East 71st Street,342,,personal_care
5150908021,node,40.7787822,-73.9645659,995.9,amenity,bar,The Cantor Roof Garden Bar,,,bar,,,,,,,,,,,,,4,,,,food_drink
5712290907,node,40.7730332,-73.9647382,998.3,shop,clothes,Acne Studios,,clothes,,,,,,,Mo-Sa 10:00-19:00; Su 12:00-18:00,+1 212-249-2871,https://www.acnestudios.com/us/en/stores/madison-avenue,,,,,,Madison Avenue,926,10021,retail
7259558969,node,40.7845267,-73.9559433,998.7,shop,convenience,Circle K,Circle K,convenience,,,,,,,"Mo-Fr 06:30-21:00; Sa, Su 07:00-20:00",,,yes,,,,0,Madison Avenue,1291,10128,retail
2723751143,node,40.7670985,-73.9567312,1001.0,amenity,fast_food,Sweetgreen,Sweetgreen,,fast_food,,,,,salad,,,https://www.sweetgreen.com/,limited,,yes,,,1st Avenue,1321,10021,food_drink
5618087850,node,40.7791519,-73.9644503,1001.5,amenity,cafe,Petrie Court Café,,,cafe,,,,,coffee_shop,,,,,,,,0,,,,food_drink
6680686138,node,40.7847156,-73.9519426,1005.1,office,estate_agent,Inspir Senior Living Real Estate,,,,estate_agent,,,,,,,,,,,,,,,,office_professional
10323459650,node,40.7687855,-73.9610632,1005.8,shop,pet,Pet Market NYC,,pet,,,,,,,Mo-Sa 10:00-19:00; Su 11:00-18:00,+1 917-409-1625,https://www.petmarketnyc.com/,,,,,,3rd Avenue,1227,,retail
9283550594,node,40.7670479,-73.9567664,1007.2,amenity,fast_food,Dig,Dig,,fast_food,,,,,regional,Mo-Su 11:00-22:00,+1-646-905-2184,https://www.diginn.com/,,,yes,,,1st Avenue,1319,10021,food_drink
2723819773,node,40.769802,-73.9624824,1008.6,shop,shoes,French Sole,,shoes,,,,,,,,,,,,,,,Lexington Avenue,991,10021,retail
9772198978,node,40.7678322,-73.9593373,1010.7,amenity,restaurant,Bottega,,,restaurant,,,,,italian,Mo-Su 12:00-23:00,+1 212-288-5282,https://www.bottegany.com,,,,,,2nd Avenue,1331,,food_drink
664632832,way,40.7834702,-73.9470695,1012.3,shop,dry_cleaning,95th Street Cleaners,,dry_cleaning,,,,,,,Mo-Fr 07:00-19:00; Sa 07:00-18:00,+1 212-876-0050,,no,,,yes,,East 95th Street,301,10128,personal_care
664632831,way,40.7835603,-73.9472416,1013.3,amenity,bar,Merrion Square Pub,,,bar,,,,,,Mo-Su 11:00-02:00,+1 212-831-7696,,yes,yes,yes,yes,0,2nd Avenue,1840,10128,food_drink
4008008892,node,40.7699438,-73.9627303,1014.3,shop,art,Gallery 72,,art,,,,,,,Mo-Fr 10:00-18:00; Sa 10:00-17:00,+1-212-744-7779,https://gallery71.com/,,,,,,Lexington Avenue,976,10021,retail
10134167527,node,40.7669856,-73.9568159,1015.0,amenity,restaurant,Cafe Luka,,,restaurant,,,,,american,,+1-212-585-2205,https://www.cafelukanyc.com/,,,,,,1st Avenue,1317,10021,food_drink
10844394761,node,40.7848171,-73.9519089,1016.6,shop,beauty,Fashion Nail & Spa,,beauty,,,,,,,,,,,,,,,,,,personal_care
266926168,way,40.7842886,-73.9577609,1017.0,tourism,museum,"Cooper–Hewitt, Smithsonian Design Museum",,,,,,museum,,,Sep 05-Nov 01 off; Mo-Su 10:00-18:00; Nov Th[4] off; Dec 25 off,+1 212-849-8400,https://www.cooperhewitt.org/,yes,,,,,East 91st Street,2,,leisure_entertainment
11590458406,node,40.766866,-73.9563852,1018.3,shop,beauty,Apple Nails,,beauty,,,,,,,,,,yes,,,,0,1st Avenue,1320,10021,personal_care
5802089255,node,40.7836605,-73.9472802,1021.2,shop,beauty,Azure Nails & Spa,,beauty,,,,,,,Mo-Sa 11:00-20:30; Su 10:00-20:00,+1 212-828-8700,https://salons-spa.wixsite.com/azurenailsandspa,,,,,,2nd Avenue,1844,10128,personal_care
5858223884,node,40.7842132,-73.9486996,1022.3,amenity,clinic,AdvantageCare Physicians Medical Office,,,clinic,,,,,,"Mo-We 08:00-18:00; Th 08:00-20:00; Sa 08:00-13:00 open ""Office"" || Mo-Fr 12:00-20:00; Sa 09:00-17:00; Tu 01:00-09:00 open ""Express Care"" || Mo, We, Fr 09:00-17:00; Tu, Th 09:00-18:00 open ""Pharmacy""",+1 212-996-8000,https://www.acpny.com/doctors-locations/offices/upper-east-side-medical-office,,,,,0,East 95th Street,225,,health
12193660304,node,40.7668288,-73.9564126,1022.9,shop,photo,SL Photo Express,,photo,,,,,,,,,,yes,,,,0,1st Avenue,1318,10021,personal_care
9241632889,node,40.7675585,-73.9589875,1023.5,amenity,pharmacy,Walgreens,Walgreens,,pharmacy,,,,,,"Mo-Fr 10:00-19:00; Sa 09:00-18:00 open ""Pharmacy""|| 07:00-22:00 open ""Store""",,,,,,,,,,,health
10982357762,node,40.7669203,-73.9568853,1023.6,amenity,restaurant,Texas Rotisserie Grill & BBQ,,,restaurant,,,,,,,+1 212-396-0700,,,,,,,1st Avenue,1315,,food_drink
11590434716,node,40.7666715,-73.9556804,1026.8,amenity,clinic,ACA Acupuncture & Wellness,,,clinic,,,,,,"Mo-Fr 09:00-19:00; Sa,Su 10:00-18:00",,https://acaacupuncture.com/locations/upper-east-side-manhattan/,,,,,,East 71st Street,414,10021,health
12193660305,node,40.7667917,-73.95644,1027.5,shop,hairdresser,Cheveux Atelier,,hairdresser,,,,,,,,+1 646-781-9198,https://cheveuxatelier.com,yes,,,,0,1st Avenue,1316,10021,personal_care
11984283581,node,40.7849364,-73.9517904,1031.1,amenity,ice_cream,Holey Cream Donuts & Ice Cream,,,ice_cream,,,,,,,,,,,,,,Lexington Avenue,1460,,food_drink
11384395891,node,40.7678967,-73.9599547,1031.2,amenity,clinic,ThrIVewell Infusion,,,clinic,,,,,,,+1 212-803-3339,https://thrivewellinfusion.com,,,,,,,,,health
9241607677,node,40.7676579,-73.9594376,1031.7,amenity,restaurant,Ko Sushi,,,restaurant,,,,,sushi,11:00-22:00,+1 212-439-1678,http://www.newkosushi.com,yes,,,yes,0,2nd Avenue,1329,,food_drink
5266896777,node,40.7667545,-73.9564674,1032.1,amenity,cafe,Coffee Inn,,,cafe,,,,,coffee_shop,"Mo-Fr 06:00-19:00; Sa,Su 06:00-18:00",,,,sidewalk,,,,1st Avenue,1314,10021,food_drink
11656101144,node,40.7667173,-73.9564948,1036.6,shop,beauty,Uni K wax,,beauty,,,,,,,"Mo-Fr 09:00-21:00, Sa-Su 10:00-20:00",+1 212-739-9273,https://www.unikwax.com/locations/lenox-hill/,yes,,,,0,1st Avenue,1312,10021,personal_care
6343311740,node,40.7827511,-73.9453053,1037.0,amenity,fast_food,Domino's,Domino's,,fast_food,,,,,pizza,"Su-Th 10:30-24:00, Fr,Sa 10:30-01:00",+1 212-996-7800,https://pizza.dominos.com/new-york/new-york/1841-first-ave/,,,yes,yes,,1st Avenue,1841,10128,food_drink
11590434717,node,40.7665237,-73.9553309,1038.0,amenity,events_venue,Sokol New York,,,events_venue,,,,sports_hall,,,+1-212-861-8206,https://www.sokolnewyork.org,,,,,,East 71st Street,420,10021,leisure_entertainment
6270650164,node,40.7848689,-73.956076,1038.2,shop,clothes,Edit New York,,clothes,,,,,,,Mo-Sa 10:30-18:30; Su 11:30-18:00,,,yes,,,,0,Madison Avenue,1298,10128,retail
9571265607,node,40.7849377,-73.9556277,1038.3,amenity,restaurant,Island,,,restaurant,,,,,seafood;american,"Mo-Fr 11:30-15:30, 16:30-21:30; Sa, Su 11:00-15:30, 17:00-21:30",+1 212-996-1200,https://www.islandny.com,,,yes,yes,0,Madison Avenue,1305,10128,food_drink
8750292165,node,40.7838925,-73.947382,1039.3,shop,newsagent,,,newsagent,,,,,,,,,,,,,,-2,,,,retail
11656101145,node,40.7666801,-73.9565222,1041.2,amenity,ice_cream,Tasti D-Lite,,,ice_cream,,,,,,,,,yes,,,,0,1st Avenue,1310,10021,food_drink
4008008891,node,40.7697115,-73.9628995,1041.8,shop,shoes,French Sole Comfort,,shoes,,,,,,,,+1-646-410-0290,https://www.frenchsoleshoes.com/,,,,,,,,,retail
8333736509,node,40.7727444,-73.965157,1041.8,amenity,restaurant,Via Quadronno,,,restaurant,,,,,,"Mo-Fr 08:00-22:00; Sa,Su 09:00-22:00",,,,,,,,,,,food_drink
5512611876,node,40.7838287,-73.947154,1042.7,shop,variety_store,F&A Discount,,variety_store,,,,,,,Mo-Su 08:00-21:00,,,,,,,,2nd Avenue,1848,10128,retail
7828003895,node,40.784984,-73.9555954,1042.9,shop,supermarket,Patrick Murphy Market,,supermarket,,,,,,,"Mo-Fr 07:00-20:00; Sa, Su 08:00-20:00",+1 212-831-2696,,yes,,,yes,,Madison Avenue,1307,10128,retail
10844410470,node,40.7850355,-73.951709,1042.9,amenity,cafe,Matto Espresso,Matto Espresso,,cafe,,,,,coffee_shop,"Mo-Fr 06:30-18:00; Sa, Su 07:00-18:00",+1 347-882-8000,https://www.matto.com/,,,yes,,,Lexington Avenue,1466,,food_drink
5627490317,node,40.7846375,-73.9494427,1044.1,amenity,fast_food,Dunkin' Donuts / Baskin Robbins,Dunkin' Donuts,,fast_food,,,,,donut;coffee_shop,Mo-Su 05:30-20:00,+1 646-727-7744,https://locations.dunkindonuts.com/en/ny/new-york/1703-3rd-ave/351274,,,yes,,,3rd Avenue,1703,10128,food_drink
4008008893,node,40.7696813,-73.9629183,1045.2,shop,jewelry,Jennifer Miller Jewelry,,jewelry,,,,,,,,+1-845-442-0001,https://jennifermillerjewelry.com/,,,,,,,,,retail
5868564906,node,40.7850569,-73.9516981,1045.4,shop,dry_cleaning,Cheung's Laundry,,dry_cleaning,,,,,,,Mo-Fr 08:00-19:00; Sa 08:30-18:30,+1 212-722-4456,,,,,,,Lexington Avenue,1466,,personal_care
11656101146,node,40.7666429,-73.9565497,1045.8,amenity,fast_food,Just Salad,Just Salad,,fast_food,,,,,salad,"Mo-Fr 10:30-21:30, Sa-Su 10:30-21:00",+1-212-244-1111,https://www.justsalad.com/location/11-new-york,yes,,yes,,0,1st Avenue,1306,10021,food_drink
5017258824,node,40.7721774,-73.964965,1048.7,shop,clothes,Spring Flowers,,clothes,,,,,,,,,,,,,,,,,,retail
2723870225,node,40.7696507,-73.9629406,1048.8,shop,optician,Henry Miller Opticians,,optician,,,,,,,Mo-Fr 10:00-18:00; Sa 10:00-16:00,+1-212-744-1033,https://www.henrymillers.com/,,,,,,Lexington Avenue,972,10021,health
9571408096,node,40.784982,-73.9560188,1049.5,amenity,restaurant,Vicolina,,,restaurant,,,,,italian,"Mo-Fr 11:00-22:00; Sa, Su 11:00-22:00",,,yes,,yes,yes,0,Madison Avenue,1302,10128,food_drink
11656101147,node,40.7666058,-73.9565771,1050.4,shop,dry_cleaning,Symphony Cleaners,,dry_cleaning,,,,,,,Mo-Fr 08:00-18:00; Sa 09:00-17:00,+1 212-988-1220,https://symcleaners.com,yes,,,,0,1st Avenue,1304,10021,personal_care
6270650650,node,40.7850911,-73.9555267,1053.7,shop,clothes,J. McGlaughlin,,clothes,,,,,,,Mo-Sa 10:00-19:00; Su 12:00-18:00,+1 212-369-4830,https://www.jmclaughlin.com/store-locator/ny/new-york-madison,,,,,0,Madison Avenue,1311,10128,retail
5548352053,node,40.7847333,-73.949393,1055.6,shop,pet,Furry Paws,,pet,,,,,,,Mo-Sa 09:00-18:45; Su 10:00-18:45,+1-212-528-5308,,,,,yes,,3rd Avenue,1705,,retail
9241632888,node,40.7673188,-73.9592266,1056.5,amenity,restaurant,Beach Cafe,,,restaurant,,,,,,,+1 212-988-7299,https://www.thebeachcafe.com/,,sidewalk,,,,2nd Avenue,1326,10021,food_drink
6270650698,node,40.785077,-73.9559199,1058.2,shop,beauty,Carnegie Nail,,beauty,,,,,,,,,,,,,,,Madison Avenue,1306,,personal_care
266940054,way,40.7850609,-73.9560568,1058.8,shop,houseware,S. Feldman Housewares,,houseware,,,,,,,Mo-Sa 09:00-17:30; Su 11:00-17:00,+1 212-289-7367,https://sfeldmanhousewares.com,yes,,,yes,,Madison Avenue,1304,10028,retail
11665562923,node,40.7670128,-73.958463,1059.5,amenity,restaurant,Hui Restaurant & Bar,,,restaurant,,,,,chinese,,+1-646-869-0396,,limited,,,,0,East 70th Street,314,,food_drink
2724163724,node,40.7851513,-73.955491,1059.8,shop,books,The Corner Bookstore,,books,,,,,,,Mo-Sa 11:00-19:00; Su 12:00-18:00,+1 212-831-3554,https://cornerbookstorenyc.com,,,,yes,,Madison Avenue,1313,10128,retail
11923620588,node,40.7669884,-73.9584043,1060.0,shop,beauty,Christie NY Salon,,beauty,,,,,,,,+1-212-772-6608,,,,,,,,,,personal_care
11665562924,node,40.7669575,-73.9583259,1060.6,shop,laundry,One Stop Do All Laundromat,,laundry,,,,,,,Mo-Sa 07:30-19:00,+1 212-517-7861,,no,,,,-1,East 70th Street,318,,personal_care
11665562925,node,40.7669342,-73.9582713,1061.2,shop,hairdresser,Linda B Salon,,hairdresser,,,,,,,,+1 646-671-1121,,no,,,,-1,East 70th Street,318,,personal_care
9241590661,node,40.7672671,-73.9592472,1062.4,amenity,cafe,Vivi Bubble Tea,,,cafe,,,,,,11:00-21:00,+1-646-858-0710,,,,,,,2nd Avenue,1324,,food_drink
6220901120,node,40.7842393,-73.9476495,1062.6,amenity,atm,,,,atm,,,,,,24/7,,,yes,,,,0,,,,finance
6270650093,node,40.7851416,-73.9558929,1064.8,amenity,restaurant,Pascalou,,,restaurant,,,,,french,Mo-Sa 12:00-20:00,+1 212-534-7522,https://pascalou.info/,,,yes,yes,,Madison Avenue,1308,10128,food_drink
5534854785,node,40.7848122,-73.9493334,1065.5,amenity,veterinary,Carnegie Hill Veterinarians,,,veterinary,,,,,,"Mo, Tu, Th 09:00-19:00; We, Fr 09:00-18:00; Sa 10:00-13:00",+1 212-369-5665,https://carnegiehillveterinarians.com/,,,,,,3rd Avenue,1707,,health
9692134308,node,40.7681319,-73.9611242,1065.9,amenity,restaurant,Tacos del Este Superior,,,restaurant,,,,,mexican,Mo-Su 11:00-23:00,+1-646-726-4302,https://www.tacombi.com/,,yes,,,,East 70th Street,202,10021,food_drink
11665533829,node,40.7672408,-73.9592723,1065.9,shop,hairdresser,Lazo's Hair Salon,,hairdresser,,,,,,,Tu-Sa 10:00-19:00,+1 212-744-4700,https://lazloshairsalon.com,limited,,,,0,2nd Avenue,1324,,personal_care
11590260824,node,40.7661872,-73.9543952,1066.2,amenity,fast_food,Halal Food New York,,,fast_food,,,,,kebab,,,,,,only,,0,,,,food_drink
6270650885,node,40.785172,-73.9558518,1067.4,shop,clothes,Mirabelle,,clothes,,,,,,,Mo-Fr 10:00-18:30; Sa 11:00-18:00,+1 212-534-2116,,limited,,,,0;1,Madison Avenue,1310,10128,retail
11665533828,node,40.7672124,-73.9592873,1069.3,shop,shoe_repair,Peter's Shoe Repair,,shoe_repair,,,,,,,Tu-Fr 08:00-18:00; Sa 09:00-17:00,+1 212-439-6092,,limited,,,,0,2nd Avenue,1322,,personal_care
6276402684,node,40.771947,-73.9651162,1070.4,shop,perfumery,Bond no. 9,,perfumery,,,,,,,Mo-Sa 10:00-19:00; Su 12:00-18:00,+1 212-794-4480,https://www.bondno9.com/,,,,,,Madison Avenue,897,10021,retail
645931714,way,40.782669,-73.9445992,1070.6,leisure,ice_rink,,,,,,,,ice_rink,,,,,,,,,,,,,leisure_entertainment
12815622096,node,40.7661578,-73.9545997,1070.9,amenity,fast_food,Chopt,Chopt,,fast_food,,,,,salad,"Mo-Th 10:30-21:00, Fr 10:30-20:00, Sa-Su 11:00-19:00",+1-646-480-6481,https://www.choptsalad.com/location/york-ave,,,yes,,,York Avenue,1327,10021,food_drink
6270650651,node,40.7852207,-73.9558196,1072.2,shop,dry_cleaning,Carnegie Hill Cleaners,,dry_cleaning,,,,,,,Mo-Fr 07:30-18:00; Sa 09:00-17:00; Su off,+1 212-348-2921,,,,,yes,,Madison Avenue,1310,10128,personal_care
11665558672,node,40.766576,-73.9573829,1072.6,amenity,cafe,787 Coffee,,,cafe,,,,,coffee_shop,,+1 917-265-8191,https://787coffee.com,yes,yes,,,0,East 70th Street,340,,food_drink
9321723922,node,40.7671717,-73.9593112,1074.3,amenity,cafe,le Réveil,,,cafe,,,,,,"Mo-Fr 07:00-20:00; Sa,Su 08:00-20:00",,,,,,,,2nd Avenue,1322,,food_drink
11405963744,node,40.7663166,-73.9562839,1075.8,shop,hairdresser,NYC Barber Shop Museum,,hairdresser,,,,,,,Mo-Fr 09:30-21:00; Sa 10:00-17:00,,,no,,,,0,East 70th Street,405,10021,personal_care
11405963745,node,40.7662987,-73.9562416,1076.9,shop,convenience,Grace Convenience,,convenience,,,,,,,,+1 646-381-2363,,no,,,,0,East 70th Street,405,10021,retail
5534866837,node,40.7849039,-73.9492453,1077.6,amenity,bank,TD Bank,TD Bank,,bank,,,,,,Mo-Fr 08:00-18:00; Sa 09:30-13:00; Su 11:00-14:00,+1 212-722-0873,https://locations.td.com/us/1709-3rd-avenue-96th-3rd,,,,,,3rd Avenue,1709,,finance
2723870224,node,40.7694011,-73.9631237,1078.6,shop,hairdresser,York Barber Shop,,hairdresser,,,,,,,,,,,,,,,Lexington Avenue,966,10021,personal_care
756304086,way,40.7672983,-73.9597304,1078.7,shop,alcohol,Whiskey & Wine Off 69,,alcohol,,,,,,,"Mo-Th 11:00-22:00; Fr, Sa 11:00-23:00; Su 12:00-20:00",+1 212-585-0005,https://whiskeyandwineoff69.com/,yes,,,"Mo-Th 12:00-21:00; Fr, Sa 12:00-22:00; Su 12:00-19:00",0,2nd Avenue,1321,,retail
12815741304,node,40.766089,-73.9546504,1078.9,amenity,fast_food,Dos Torros,,,fast_food,,,,,mexican,"Mo-Fr 07:30-21:00, Sa-Su 08:00-21:00",+1-646-809-4806,,,,yes,,,York Avenue,1327,10021,food_drink
8238261328,node,40.7681631,-73.9614552,1080.3,shop,department_store,Target,Target,department_store,,,,,,,Mo-Su 08:00-21:00,+1 332-204-1718,https://www.target.com/sl/upper-east-side-70th-and-3rd/3312,,,,yes,0;-1,3rd Avenue,1201,10021,retail
2631523821,node,40.7692128,-73.9629325,1080.4,amenity,restaurant,Mariella Pizza,,,restaurant,,,,,pizza,,,,,,,,,,,,food_drink
2723749978,node,40.7671241,-73.9593624,1080.9,shop,cannabis,,,cannabis,,,,,,,,,,,,,,,2nd Avenue,1318,10021,retail
11656073991,node,40.7664473,-73.9571955,1081.5,shop,chemist,eScript360 Pharmacy,,chemist,,,,,,,,,,yes,,,,0,1st Avenue,1299,,retail
11405963746,node,40.7662084,-73.956028,1082.9,amenity,restaurant,Matsu II,,,restaurant,,,,,sushi;japanese,Mo-Fr 11:00-22:00; Sa-Su 11:30-22:00,+1-212-744-5454,https://sushibymatsu.com,yes,sidewalk,yes,yes,0,East 70th Street,411,10021,food_drink
6270650092,node,40.7853814,-73.9553383,1083.1,shop,hairdresser,Val More,,hairdresser,,,,,,,Mo-Sa 09:00-18:00,,,,,,,0;1,Madison Avenue,1323,10128,personal_care
11405963747,node,40.7661721,-73.9559422,1085.5,amenity,fast_food,Dunkin',Dunkin',,fast_food,,,,,donut;coffee_shop,Mo-Su 04:30-22:30,+1 646-368-1713,https://locations.dunkindonuts.com/en/ny/new-york/411-e-70th-st/349809,yes,,yes,,0,East 70th Street,411,10021,food_drink
4008008894,node,40.769343,-73.9631771,1086.2,shop,furniture,Mecox Gardens,,furniture,,,,,,,Mo-Sa 10:00-18:00,+1-212-249-5301,https://mecox.com/our-stores/new-york,,,,,,Lexington Avenue,962,10021,retail
11405963748,node,40.7661495,-73.9558887,1087.1,amenity,bar,The Hunterian,,,bar,,,,,snack,,,https://thehunterianues.com,yes,,,,0,East 70th Street,413,10021,food_drink
9241590660,node,40.7672164,-73.959747,1087.3,shop,laundry,Star Cleaners,,laundry,,,,,,,Mo-Fr 08:00-18:00; Sa 08:00-17:00,+1 212-861-1977,,,,,yes,,2nd Avenue,1317,10021,personal_care
2723697638,node,40.7661146,-73.9558062,1089.6,amenity,fast_food,Shwkulata,,,fast_food,,,,,waffle;pastry,,+1-929-761-6009,,,,,,,East 70th Street,413,10021,food_drink
8630219762,node,40.7671932,-73.9597643,1090.3,shop,tobacco,Cloud 69 Smoke Shop,,tobacco,,,,,,,07:00-24:45,+1 917-261-4010,,,,,,,2nd Avenue,1317,10021,retail
11405963749,node,40.7660963,-73.955763,1090.9,shop,beauty,Charles Hair & Nails Studio,,beauty,,,,,,,,,,limited,,,,,,,,personal_care
12150569641,node,40.7663723,-73.9572646,1091.2,shop,optician,HMY Optique,,optician,,,,,,,Mo-Fr 10:00-18:30; Su 11:00-17:00,+1 212-535-4469,,limited,,,,0,1st Avenue,1295,,health
12095137003,node,40.7659365,-73.9541722,1092.7,amenity,cafe,Starbucks,Starbucks,,cafe,,,,,coffee_shop,,,,,,yes,,0,,,,food_drink
11405963750,node,40.7660677,-73.9556957,1093.1,amenity,pub,Murphy's Law,,,pub,,,,,,,+1-212-628-3724,https://murphyslawnyc.wordpress.com,limited,,,,0,East 70th Street,417,10021,food_drink
11405963751,node,40.7660398,-73.9556298,1095.2,shop,convenience,York Grill & Juice Bar,,convenience,,,,,,breakfast;sandwich;juice,,+1 917-409-3206,,yes,,,,0,East 70th Street,419,10021,retail
9858459901,node,40.7663355,-73.9573004,1096.0,shop,hairdresser,Eddie's,,hairdresser,,,,,,,Mo-Fr 08:00-19:00; Su 09:00-18:00,+1 212-861-1143,,limited,,,,0,1st Avenue,1295,,personal_care
6270650285,node,40.7855132,-73.9552295,1096.3,shop,furniture,Linda Horn,,furniture,,,,,,,,,,,,,,,Madison Avenue,1327,,retail
5655053217,node,40.7680469,-73.9615702,1096.5,shop,pastry,Crumbl Cookies,Crumbl Cookies,pastry,,,,,,,,,,,,,,,3rd Avenue,1193,10022,food_drink
7041755285,node,40.7682662,-73.9619237,1096.7,shop,hairdresser,Hairapy By ET,,hairdresser,,,,,,,,,,,,,,,3rd Avenue,,,personal_care
13383740598,node,40.765956,-73.9549977,1096.7,amenity,clinic,Jill Roberts Center for Inflammatory Bowel Disease,,,clinic,,,,,,,,https://www.nyp.org/cadc/about/centers-and-programs/roberts-center,,,,,,York Avenue,1315,10021,health
2723870222,node,40.7692531,-73.9632427,1096.9,amenity,cafe,Corrado Bread And Pastry,,,cafe,,,,,italian;sandwich;coffee_shop;soup;salad;pastry,Mo-Fr 07:00-19:00; Sa 08:00-18:00; Su 08:00-17:00,+1-212-774-1904,https://corradobreadandpastry.com/,,yes,,,,Lexington Avenue,960,10021,food_drink
12926137285,node,40.7669888,-73.9594557,1097.9,shop,beauty,Issa,,beauty,,,,,,,"Mo-Fr 10:00-20:30, Sa-Su 10:00-20:00",+1-646-809-2299,,,,,,,2nd Avenue,1316,10021,personal_care
13383740599,node,40.7659392,-73.954958,1098.2,amenity,clinic,Jill Roberts Center for Inflammatory Bowel Disease,,,clinic,,,,,,,,https://www.nyp.org/cadc/about/centers-and-programs/roberts-center,,,,,,York Avenue,1315,10021,health
2723697630,node,40.7659224,-73.9549182,1099.6,amenity,clinic,Jill Roberts Center for Inflammatory Bowel Disease,,,clinic,,,,,,,,https://www.nyp.org/cadc/about/centers-and-programs/roberts-center,,,,,,York Avenue,1315,10021,health
12150569640,node,40.7663014,-73.9573166,1100.0,amenity,cafe,Hawa,,,cafe,,,,,bubble_tea,,,,yes,,,,0,1st Avenue,1293,,food_drink
368045996,node,40.7659059,-73.9548792,1101.1,amenity,clinic,The Herman J. Stich Medical Building,,,clinic,,,,,,,,https://library.weill.cornell.edu/new-york-hospital-herman-j-stich-medical-building,,,,,,York Avenue,1315,10021,health
7041755295,node,40.7682151,-73.9619453,1102.2,shop,copyshop,FedEx Office,FedEx Office,copyshop,,,,,,,,,,,,,,,,,,personal_care
1265948117,way,40.7704067,-73.9424054,1102.7,amenity,hospital,NYC Health + Hospitals/Coler,,,hospital,,,,,,,+1 212 848 6000,https://www.nychealthandhospitals.org/coler/,,,,,,Main Street,900,10044,health
12150569639,node,40.766274,-73.957349,1103.7,shop,convenience,Quick Stop on First Ave,,convenience,,,,,,,,,,yes,,,,0,1st Avenue,1293,,retail
6270637067,node,40.7855944,-73.9551759,1104.6,amenity,pharmacy,Carnegie Hill Parapharmacie,,,pharmacy,,,,,,Mo-Fr 08:30-20:30; Sa 10:00-18:00,,,,,,yes,0,Madison Avenue,1331,,health
11715190679,node,40.7662604,-73.9573285,1104.7,amenity,restaurant,The Little Beet,,,restaurant,,,,,,,,,yes,,,,0,1st Avenue,1291,,food_drink
6270650076,node,40.7856497,-73.9551306,1110.2,shop,beauty,Pink Lemon Park Nail Studio,,beauty,,,,,,,Mo-Sa 09:00-20:00; Su 10:00-19:00,,,,,,,0,Madison Avenue,1335,10128,personal_care
11405918433,node,40.7661237,-73.9569792,1110.9,shop,beauty,Nails on 1st,,beauty,,,,,,,Mo-Fr 10:00-20:00; Sa-Su 10:00-21:00,,,yes,,,,0,1st Avenue,1292,,personal_care
584343352,way,40.7845374,-73.947159,1111.2,amenity,cafe,Perk Kafe,,,cafe,,,,,coffee_shop,"Mo-Fr 07:00-16:00; Sa, Su 08:00-16:00",+1 646-678-4272,https://www.perkkafe.com/,yes,no,,,0,2nd Avenue,1867,,food_drink
11715190678,node,40.7661982,-73.9573772,1112.5,amenity,fast_food,Pressed Juicery,Pressed,,fast_food,,,,,juice,,,,yes,,yes,,0,,,,food_drink
11405963752,node,40.7659053,-73.9558158,1112.6,amenity,clinic,Hypertension Center,,,clinic,,,,,,,,,yes,,,,0,East 70th Street,424,,health
11157790185,node,40.7856332,-73.9555693,1113.7,tourism,gallery,Buck House,,,,,,gallery,,,,,https://www.buckhouse.com/,,,,,,,,,leisure_entertainment
6270650649,node,40.78565,-73.9554945,1114.6,shop,beauty,New Bloomie Nails & Spa,,beauty,,,,,,,,+1-212-426-5566,,,,,,,Madison Avenue,1320,,personal_care
11405918432,node,40.7660763,-73.9570274,1117.1,shop,copyshop,FedEx Office,FedEx Office,copyshop,post_office,,,,,,,,,yes,,,,0,,,,personal_care
5025316053,node,40.7845737,-73.9470794,1117.9,shop,money_lender,CFSC,Community Financial Service Centers,money_lender,,,,,,,Mo-Fr 06:45-20:30; Sa 06:45-18:30,+1-212-722-8831,https://locations.cfsc.com/cfsc-checks-cashed-1869-2nd-ave-3499179afd9c,,,,,,2nd Avenue,1869,,finance
2723918792,node,40.7714825,-73.9654692,1118.6,shop,clothes,Ralph Lauren,,clothes,,,,,,,,,https://www.ralphlauren.com/,,,,,,Madison Avenue,867,10021,retail
266940107,way,40.7854051,-73.957186,1119.2,tourism,museum,The Jewish Museum,,,,,,museum,,,"Th-Mo 11:00-16:00; Tu-We off; Oct 03-04, Oct 12, Nov 28 off; Oct 11 11:00-15:00; Apr 12 11:00-15:00",+1-212-423-3200,https://thejewishmuseum.org,yes,,,,,5th Avenue,1109,10128,leisure_entertainment
5978866785,node,40.7661597,-73.957506,1119.9,shop,alcohol,Dr. Wine,,alcohol,,,,,,,"Mo-Th 10:00-23:00; Fr, Sa 10:00-23:30; Su 12:00-21:00",+1 212-861-9463,https://drwine.business.site/,yes,,,yes,0,1st Avenue,1287,10021,retail
5978556695,node,40.7857484,-73.9550253,1120.0,shop,alcohol,K&D Wines & Spirits,,alcohol,,,,,,,Mo-Sa 11:00-20:00,,,,,,yes,0,Madison Avenue,1343,10128,retail
2723866745,node,40.7690481,-73.9633799,1120.7,amenity,restaurant,Blenoir Crêpes and Cafe,,,restaurant,,,,,crepe,,,,,,,,,Lexington Avenue,958,10021,food_drink
665204373,way,40.7846253,-73.9470877,1122.6,shop,convenience,Olive Oasis Deli & Grill,,convenience,,,,,,,24/7,+1 646-707-0973,https://oliveoasisdeli.com,no,,,,0,2nd Avenue,1869,10029,retail
12095137002,node,40.7656668,-73.9543644,1123.7,amenity,fast_food,Pret A Manger,Pret A Manger,,fast_food,,,,,sandwich,,,,,,yes,,0,,,,food_drink
266887857,way,40.7698384,-73.9642913,1125.7,tourism,museum,Asia Society,,,,,,museum,,,"Tu-Su 11:00-18:00; Jul 03, Nov 27, Dec 24, Dec 31 11:00-14:00; Jan 01 off; Nov 05 off; Nov Th[4] off; Dec 25 off",,https://asiasociety.org/new-york,yes,,,,,Park Avenue,725,10021,leisure_entertainment
11498464843,node,40.7846423,-73.94705,1125.8,amenity,atm,,,,atm,,,,,,,,,,,,,,,,,finance
4008008889,node,40.7690034,-73.9634116,1126.0,shop,jewelry,Amedeo,,jewelry,,,,,,,,+1-212-737-4100,https://www.amedeonyc.com/,,,,,,,,,retail
266921688,way,40.7846962,-73.9471254,1128.1,amenity,fast_food,McDonald's,McDonald's,,fast_food,,,,,burger,06:00-24:00,+1 646-672-0263,https://www.mcdonalds.com/us/en-us/location/24739.html,yes,no,yes,yes,0,2nd Avenue,1871,10029,food_drink
2723749985,node,40.76607,-73.9574726,1128.5,amenity,cafe,Starbucks,Starbucks,,cafe,,,,,coffee_shop,Mo-Sa 05:00-23:00; Su 05:30-22:00,+1 212-472-1312,https://www.starbucks.com/store-locator/store/65754/69th-first-1281-first-avenue-new-york-ny-100215583-us,yes,,yes,,,1st Avenue,1281,10021,food_drink
4008008890,node,40.7689756,-73.9634301,1129.2,shop,clothes,Fopp’s Design,,clothes,,,,,,,,+1 212-794-8806,https://www.nycgo.com/venues/fopps,,,,,,,,,retail
7239676094,node,40.7659615,-73.9571093,1131.3,amenity,fast_food,Chipotle,Chipotle,,fast_food,,,,,mexican,Mo-Su 11:00-22:00,+1 646-213-9431,https://locations.chipotle.com/ny/new-york/1288-1st-ave,yes,,yes,,,1st Avenue,1288,10021,food_drink
2357937167,node,40.7857835,-73.9512112,1131.5,shop,supermarket,Food Universe Marketplace,Food Universe,supermarket,,,,,,,Mo-Fr 07:00-21:00; Sa 08:00-21:00; Su 09:00-20:30,+1 212-348-3560,,,,,yes,,Lexington Avenue,1486,10029,retail
6376472185,node,40.7716285,-73.9657301,1131.9,amenity,cafe,Ralph's Coffee,,,cafe,,,,,,,,,,,,,,Madison Avenue,888,,food_drink
5025302549,node,40.7846947,-73.9469922,1133.2,amenity,fast_food,Dunkin',Dunkin',,fast_food,,,,,donut;coffee_shop,Mo-Sa 05:30-21:00; Su 05:30-20:00,+1 212-860-2691,https://locations.dunkindonuts.com/en/ny/new-york/1873-2nd-ave/346298,yes,,yes,,0,2nd Avenue,1873,10029,food_drink
11923620591,node,40.7666545,-73.9595188,1133.4,shop,beauty,BYYM Beauty,,beauty,,,,,,,,+1-929-594-8134,,,,,,,East 69th Street,300,10065,personal_care
7281266564,node,40.7716067,-73.9657436,1133.9,shop,clothes,Ralph Lauren,,clothes,,,,,,,,,,,,,,,,,,retail
2631523818,node,40.7689352,-73.963462,1134.2,shop,bakery,World Cup Cafe & Bakery,,bakery,cafe,,,,,coffee_shop,,,,,,,,,Lexington Avenue,956,10021,food_drink
12095137001,node,40.7655727,-73.9543985,1134.3,amenity,cafe,Naya,,,cafe,,,,,mediterranean,,,,yes,,,,0,,,,food_drink
2723749693,node,40.7666997,-73.9596708,1134.8,shop,convenience,Fresh Food Farm,,convenience,,,,,,breakfast;sandwich,,+1-212-585-4111,,,,,,,2nd Avenue,1310,10065,retail
5640626677,node,40.785535,-73.9495663,1136.0,amenity,clinic,Northwell Health-GoHealth Urgent Care,GoHealth Urgent Care,,clinic,,,,,,Mo-Su 08:00-24:00,+1 718-948-4942,https://www.gohealthuc.com/northwell/locations/east-96th,yes,,,,,East 96th Street,175,10128,health
6206710771,node,40.7847265,-73.9469659,1137.4,amenity,pharmacy,Metropolitan Drugs,,,pharmacy,,,,,,Mo-Fr 10:00-18:00; Sa 10:00-15:00,+1-212-423-1110,,,,,yes,,2nd Avenue,1873,10029,health
2723866742,node,40.768896,-73.9634874,1138.7,shop,hairdresser,Davide Torchio Hair Salon New York,,hairdresser,,,,,,,,+1-212-308-7100,http://www.davidetorchiosalon.com/,,,,,,Lexington Avenue,954,10021,personal_care
2723681306,node,40.7659,-73.9571707,1139.3,amenity,fast_food,McDonald's,McDonald's,,fast_food,,,,,burger,24/7,+1 212-249-3551,https://www.mcdonalds.com/us/en-us/location/14780.html,yes,,yes,,,1st Avenue,1286,10021,food_drink
6937558930,node,40.7688663,-73.9635061,1142.1,shop,copyshop,Lex Pack & Ship,,copyshop,,,,,,,,,,,,,,,Lexington Avenue,954,,personal_care
2723805728,node,40.7667842,-73.9600754,1142.8,shop,furniture,Pottery Barn Kids,Pottery Barn,furniture,,,,,,,Mo-Sa 10:00-19:00; Su 12:00-18:00,,https://www.potterybarnkids.com/stores/us-ny-new-york-69th-and-2nd-ave/,,,,,,2nd Avenue,1311,10065,retail
12150231991,node,40.7660116,-73.9579873,1148.4,amenity,doctors,"Gad Avshalomov, New York Allergy, Asthma & Immunology",,,doctors,,,,,,,+1 646-876-1092,,yes,,,,0,East 69th Street,364,,health
11923620587,node,40.7665898,-73.9597491,1148.7,amenity,ice_cream,Häagen-Dazs,Häagen-Dazs,,ice_cream,,,,,,Mo-Su 11:00-23:00,,,,,,,,,,,food_drink
2723749692,node,40.7665239,-73.9597996,1157.1,shop,beauty,Scarlett Manhattan Nails,,beauty,,,,,,,Mo-Fr 10:00-20:00; Sa-Su 10:00-19:00,,,,,,,,2nd Avenue,1304,10065,personal_care
2357937268,node,40.7859465,-73.9507027,1157.2,amenity,cafe,Starbucks,Starbucks,,cafe,,,,,coffee_shop,"Mo-Fr 05:00-21:30; Sa, Su 06:00-20:30",+1 212-369-0313,https://www.starbucks.com/store-locator/store/19114/96th-lexington-1491-lexington-avenue-new-york-ny-100297307-us,,,yes,,,Lexington Avenue,1491,10029,food_drink
2723749703,node,40.7658031,-73.9576857,1162.2,amenity,restaurant,Patsy's Pizzeria,,,restaurant,,,,,pizza,"Mo-Th 11:30-22:30; Fr, Sa 11:30-23:30; Su 11:30-22:00",+1 212-639-1000,https://patsyspizzerianyc.com/,,yes,yes,yes,,1st Avenue,1279,10021,food_drink
9075286389,node,40.7657055,-73.9572936,1162.9,amenity,fast_food,Famous Famiglia,,,fast_food,,,,,pizza,"Mo-We, Sa, Su 08:00-23:00; Th, Fr 08:00-00:00",+1 212-288-1616,https://www.famousfamiglianyc.com,,,,,,1st Avenue,1284,10065,food_drink
2723749690,node,40.7664758,-73.9598292,1163.0,amenity,restaurant,Donna Margherita,,,restaurant,,,,,italian;pizza,Mo-Su 12:00-22:30,+1-212-772-1169,https://www.donnamargheritany.com/,,sidewalk,yes,,,2nd Avenue,1304A,10065,food_drink
2723866725,node,40.7686811,-73.9636556,1165.2,craft,shoemaker,Andrade Shoe Repair,,,,,shoemaker,,,,Mo-Fr 8:00-19:00;Sa 9:00-18:00,+1-212-535-4257,http://andradenyc.com/,,,,,,Lexington Avenue,946,10021,personal_care
2724147052,node,40.7860697,-73.9509527,1166.6,shop,convenience,Nature Valley Market,,convenience,,,,,,,,,,,,,,,Lexington Avenue,1488,10029,retail
2723805729,node,40.7665967,-73.960215,1166.7,shop,hairdresser,Duetto,,hairdresser,,,,,,,,,,,,,,,2nd Avenue,1303,10065,personal_care
9075286396,node,40.765607,-73.9570307,1167.5,shop,laundry,Lily Cleaners & Laundry Servide,,laundry,,,,,,,,+1 212-744-1206,,no,,,,,East 69th Street,404,,personal_care
9075295302,node,40.7656124,-73.9570688,1167.8,amenity,cafe,Yia Yia's Homemade Greek Food,,,cafe,,,,,greek,11:00-24:00,+1 212-452-1210,https://yiayiasnyc.com,,,yes,yes,,East 69th Street,404,10021,food_drink
10983217448,node,40.7861088,-73.9511172,1168.5,shop,mobile_phone,Wireless & More,,mobile_phone,,,,,,,,,,,,,,0,,,,retail
2723749691,node,40.7664291,-73.9598629,1169.0,shop,hairdresser,Lovella Salon,,hairdresser,,,,,,,Mo-Fr 10:30-19:00; Sa 09:30-18:00; Su 10:30-18:00,+1-212-570-4441,https://www.lovellanyc.com,,,,,,2nd Avenue,1302,10065,personal_care
5780317666,node,40.7861214,-73.9511503,1169.4,shop,convenience,786 Candy Store,,convenience,,,,,,,24/7,+1 212-860-0182,,,,,,,East 96th Street,141,10128,retail
7259558976,node,40.7712673,-73.966008,1169.9,shop,clothes,Ralph Lauren,,clothes,,,,,,,,,,,,,,,,,,retail
2723866723,node,40.7686462,-73.9636918,1170.1,shop,florist,Plaza Flowers NYC,,florist,,,,,,,,+1 212-734-2166,https://www.plazaflowersnyc.com/,,,,,,Lexington Avenue,944,10021,retail
11135192388,node,40.7861351,-73.9511888,1170.4,shop,cannabis,Lex Shoppe,,cannabis,,,,,,,,,,,,,,,East 96th Street,,,retail
11705913269,node,40.7656464,-73.9573479,1170.5,shop,florist,NYC Floral Decorators,,florist,,,,,,,,+1 212-396-1700,,,,,,0,,,,retail
5415641532,node,40.765732,-73.9577294,1170.9,amenity,fast_food,Panda Express,Panda Express,,fast_food,,,,,chinese,10:30-21:00,+1 212-288-1323,https://www.pandaexpress.com/locations/ny/new-york/2545,yes,,yes,,,1st Avenue,1277,10065,food_drink
5577785575,node,40.7860674,-73.9506238,1171.7,shop,alcohol,Vinyl Wine,,alcohol,,,,,,,"Mo-Th 12:00-21:00; Fr 11:00-22:00; Sa, Su 11:00-21:00",+1 646-370-4100,https://www.vinylwineshop.com,yes,,,yes,,Lexington Avenue,1491,10029,retail
11705836568,node,40.7656092,-73.9573801,1175.2,amenity,restaurant,Bamboo Sushi,,,restaurant,,,,,sushi,,+1 212-396-1111,,,,,,0,1st Avenue,1280,,food_drink
11706750747,node,40.7656902,-73.9577457,1175.7,amenity,restaurant,Kuu,,,restaurant,,,,,japanese,Mo-Fr 11:30-21:30; Sa-Su 12:00-21:30,,,yes,,,,0,1st Avenue,1275,,food_drink
2723749688,node,40.7663762,-73.9599027,1175.7,amenity,cafe,Gotham Green Cafe,,,cafe,,,,,mediterranean;health_food;juice,Mo-Fr 06:00-20:00; Sa 06:00-19:00; Su 06:00-18:00,,,,sidewalk,,,,2nd Avenue,1296,10065,food_drink
5808069477,node,40.7674168,-73.9620503,1176.5,shop,supermarket,Whole Foods Market,Whole Foods Market,supermarket,,,,,,,Mo-Su 07:00-22:00,+1-646-690-6880,https://www.wholefoodsmarket.com/stores/lenoxhill,,,,,,3rd Avenue,1175,10021,retail
7066686017,node,40.7863029,-73.9524099,1176.8,shop,convenience,Sing's Deli & Grocery,,convenience,,,,,,,,+1 212-348-3597,,,,,yes,,,,,retail
5588242637,node,40.7861587,-73.9508958,1177.2,shop,dry_cleaning,Eastmore Cleaners,,dry_cleaning,,,,,,,,+1 212-369-9677,,,,,,,Lexington Avenue,1492,,personal_care
5421562461,node,40.765164,-73.9526899,1178.6,amenity,hospital,Hospital for Special Surgery,,,hospital,,,,,,,+1 877 606 1555,https://www.hss.edu/,,,,,,East 70th Street,535,10021,health
4570480304,node,40.7656699,-73.9577912,1179.1,shop,beverages,Gregory's Coffee Shop,,beverages,,,,,,,Mo-Fr 06:00-18:00; Sa-Su 07:00-17:00,,,yes,,,,0,1st Avenue,1273,,food_drink
3589888042,node,40.7861322,-73.9505769,1179.5,shop,beverages,Vinyl Beer,,beverages,,,,,,,"Mo 16:00-21:00; Tu 13:00-21:00; We, Th 12:00-21:00; Fr 12:00-22:00; Sa 11:00-21:00; Su 12:00-20:00",+1 646-476-4018,https://www.vinylbeershop.com,no,,,,0,Lexington Avenue,1491,10029,food_drink
11705913270,node,40.765558,-73.9574146,1181.5,shop,convenience,Queenie,,convenience,,,,,,,,,,,,,,0,1st Avenue,1278,,retail
6670244872,node,40.7663291,-73.9599375,1181.7,amenity,cafe,Gotham Café,,,cafe,,,,,coffee_shop;breakfast;sandwich,,,,,sidewalk,,,,2nd Avenue,1298,10065,food_drink
6270650074,node,40.7863242,-73.9549917,1183.3,shop,dry_cleaning,Madison Hill Cleaners,,dry_cleaning,,,,,,,,+1-212-996-7494,,,,,,,Madison Avenue,1350,,personal_care
7138030376,node,40.7851127,-73.946738,1184.3,shop,greengrocer,,,greengrocer,,,,,,,,,,,,,,0,,,,food_drink
6670244876,node,40.7664477,-73.9603177,1185.4,shop,deli,Grace's Marketplace,,deli,,,,,,italian,Mo-Sa 08:00-20:00; Su 08:00-19:00,+1 212-737-0600,https://gracesmarketplace.com/,,,yes,yes,,2nd Avenue,1299,10065,food_drink
5714311903,node,40.7683092,-73.9635391,1186.5,amenity,bank,Chase,Chase,,bank,,,,,,Mo-Fr 09:00-17:00; Sa 09:00-14:00; Su closed,+1 212-861-2706,https://locator.chase.com/ny/new-york/941-lexington-ave,,,,,,,,,finance
11135214721,node,40.7863335,-73.9516225,1186.9,shop,cannabis,Valley Vibes Smoke Shop,,cannabis,,,,,,,,,,no,,,,,East 96th Street,119,,retail
9096965703,node,40.78635,-73.9516642,1188.3,shop,hardware,Award Locksmith & Hardware,,hardware,,,,,,,,+1 212-860-2400,,,,,,-1,East 96th Street,115,,retail
10659856963,node,40.7662757,-73.9599769,1188.5,shop,health_food,HealthSource Pharmacy,,health_food,pharmacy,,,,,,,+1 212-794-8700,https://healthsourcepharmacy.com,,,,,,2nd Avenue,1296,10065,food_drink
5587194045,node,40.7862582,-73.950822,1189.3,amenity,clinic,CityMD,CityMD,,clinic,,,,,,"Mo-Fr 09:00-21:00; Sa, Su 09:00-17:00",+1 212-710-1065,https://www.citymd.com/urgent-care-locations/ny/manhattan/east-96th/036,,,,,,Lexington Avenue,1500,10029,health
7243635305,node,40.7863837,-73.9517467,1191.2,shop,hairdresser,Unique Cut Barber Shop,,hairdresser,,,,,,,Mo-Th 09:30-19:00; Fr 09:00-15:00; Su 10:00-17:30,+1 212-737-0637,,,,,,0,East 96th Street,115,,personal_care
6670244858,node,40.7655712,-73.9578728,1191.6,amenity,fast_food,Lenwich,,,fast_food,,,,,sandwich,Mo-Fr 07:00-20:00; Sa-Su 08:00-18:00,+1 212-288-0852,https://www.lenwich.com/location/lenox-hill-68th-st/,yes,,yes,yes,0,1st Avenue,1269,10065,food_drink
11405903375,node,40.7654797,-73.9579226,1202.6,amenity,restaurant,Le Gourmet,,,restaurant,,,,,italian;pizza;sandwich;burger;salad,06:30-20:00,+1 212-772-8811,https://legourmetnyc.com,yes,,yes,,0,1st Avenue,1267,,food_drink
2629371835,node,40.7653752,-73.9575093,1203.3,amenity,cafe,Le Pain Quotidien,Le Pain Quotidien,,cafe,,,,,coffee_shop,Mo-Fr 07:00-19:30; Sa-Su 07:30-19:30,,https://www.lepainquotidien.com/store/68th-first/,yes,,yes,,,1st Avenue,1270,10021,food_drink
6670244863,node,40.7654726,-73.9581504,1209.5,amenity,cafe,MATTO,,,cafe,,,,,coffee_shop,,,https://www.matto.com/,,,,,,East 68th Street,359,,food_drink
6670248386,node,40.767145,-73.9622401,1210.2,shop,newsagent,,,newsagent,,,,,,,,,,,,,,,,,,retail
9520799017,node,40.7865976,-73.9521915,1211.0,shop,supermarket,Carnegie Market,,supermarket,,,,,,,Mo-Su 07:00-23:00,+1 6466092122,http://carnegiemarket.com,,,,,,,,10128,retail
9858455466,node,40.7654082,-73.9579801,1211.7,amenity,restaurant,Little Italy Pizza,,,restaurant,,,,,pizza,,+1 212-249-2244,,yes,,,,0,,,,food_drink
4798493527,node,40.7700521,-73.965721,1212.8,tourism,gallery,Michael Altman Fine Art,,,,,,gallery,,,Mo-Fr 10:00-17:00; PH off,+1-212-879-0002,https://mnafineart.com/,,,,,,East 70th Street,38,10021,leisure_entertainment
664750647,way,40.7864664,-73.9507717,1212.8,amenity,pharmacy,CVS Pharmacy,CVS Pharmacy,,pharmacy,,,,,,"Mo-Su 07:00-24:00 open ""Store"" || Mo-Fr 08:00-13:30, 14:00-20:00; Sa 09:00-13:30, 14:00-18:00; Su 10:00-13:30, 14:00-17:00 open ""Pharmacy""",+1 212-289-3846,https://www.cvs.com/store-locator/new-york-ny-pharmacies/1500-lexington-ave-new-york-ny-10029/storeid=5772,yes,,,,0,Lexington Avenue,1500,,health
6670248392,node,40.767434,-73.9627759,1213.7,shop,dry_cleaning,,,dry_cleaning,,,,,,,,,,,,,,,East 68th Street,161,10065,personal_care
2629371832,node,40.7652725,-73.9575747,1215.8,amenity,fast_food,Taco Bell,Taco Bell,,fast_food,,,,,tex-mex,,+1 347-815-2622,https://locations.tacobell.com/ny/new-york/1266-1st-ave.html,,,yes,,,1st Avenue,1266,10021,food_drink
5017262526,node,40.770816,-73.9663389,1216.9,shop,bakery,Ladurée,,bakery,,,,,,,Mo-Sa 09:00-19:00; Su 10:00-18:00,,,,,,,,Madison Avenue,864,,food_drink
5400495543,node,40.7680476,-73.9637326,1218.5,shop,alcohol,Garnet Wines & Liquors,,alcohol,,,,,,,Mo-We 08:00-21:00; Th-Sa 08:00-22:00; Su 12:00-19:00,+1 212-772-3211,https://www.garnetwine.com,,,,yes,,Lexington Avenue,929,10065,retail
10697318128,node,40.7719612,-73.9670385,1220.2,amenity,doctors,Facial Plastic Surgery Group of NYC,,,doctors,,,,,,Mo-Sa 09:00-18:00; Su off,+1-646-233-4175,https://www.facialplasticsurgerygroupnyc.com/,,,,,,5th Avenue,905,10021,health
6670244847,node,40.765174,-73.9574182,1222.6,amenity,restaurant,Sophie's Cuban Cuisine,,,restaurant,,,,,,"Mo-Fr 10:00-20:30; Sa,Su 10:00-20:00",,https://www.sophiescuban.com,,,,,,East 68th Street,401,,food_drink
458061825,way,40.7647343,-73.95394,1225.4,amenity,hospital,NewYork-Presbyterian / Weill Cornell Medical Center,,,hospital,,,,,,24/7,+1 212 746 5454,https://www.nyp.org/locations/newyork-presbyterian-weill-cornell-medical-center,,,,,,East 68th Street,525,10065,health
6670244875,node,40.7661461,-73.9606301,1227.5,amenity,bank,Capital One,Capital One,,bank,,,,,,,,https://www.capitalone.com/,,,,,,,,,finance
12584860105,node,40.7694794,-73.9654609,1229.2,amenity,doctors,New York Liposuction Center,,,doctors,,,,,,Mo-Fr 09:00-17:00,+1-917-809-7787,https://www.newyorkliposuction.com,,,,,,Park Avenue,700,10021,health
2723813006,node,40.767958,-73.9637948,1229.2,amenity,cafe,Gong Cha,Gong Cha,,cafe,,,,,bubble_tea,,+1-646-876-1020,https://www.gongchausa.com/,,,yes,,,Lexington Avenue,925,10065,food_drink
12209831057,node,40.7669993,-73.9623626,1229.3,shop,clothes,Madewell,Madewell,clothes,,,,,,,,+1-332-777-3527,https://stores.madewell.com/us/ny/new-york/1165-third-avenue,,,,,,3rd Avenue,1165,10065,retail
6670248387,node,40.767172,-73.9627357,1233.9,shop,cosmetics,bluemercury,bluemercury,cosmetics,,,,,,,Mo-We 10:00-18:00; Th-Sa 10:00-19:00; Su 11:00-18:00,+1 212-988-1141,https://bluemercury.com/apps/store-locator/s/third-avenue,,,,,0,3rd Avenue,1164,,retail
7259558973,node,40.7706419,-73.9664711,1235.7,shop,clothes,Elie Saab,,clothes,,,,,,,,,,,,,,,,,,retail
5577592712,node,40.7865921,-73.950228,1235.7,amenity,fast_food,Taco Bell,Taco Bell,,fast_food,,,,,tex-mex,Mo-Su 10:00-23:00,+1 646-362-3400,https://locations.tacobell.com/ny/manhattan/1503-lexington-ave.html,yes,,yes,yes,0,Lexington Avenue,1503,10029,food_drink
7667663369,node,40.7678967,-73.9638269,1235.9,shop,beauty,Jean Claude Biguine,,beauty,,,,,,,,,,,,,,,Lexington Avenue,,,personal_care
5721487665,node,40.7866343,-73.9501997,1240.8,amenity,fast_food,Bardolino Pizza,,,fast_food,,,,,,"Mo-Th 10:00-23:00; Fr, Sa 10:00-24:00; Su 11:00-23:00",+1 646-850-1706,http://orderbardolinopizza.com,yes,,yes,yes,0,Lexington Avenue,1505,10029,food_drink
7259558975,node,40.7702962,-73.9663107,1242.0,shop,clothes,Prada,Prada,clothes,,,,,,,Mo-Sa 11:00-18:00; Su 12:00-17:00,,,,,,,,,,,retail
9908595363,node,40.7867032,-73.9505047,1242.9,amenity,pub,Lexington Publick,,,pub,,,,,,"Mo-Th, Sa, Su 16:00-02:00; Fr 14:00-02:00",+1 646-799-9494,https://www.lexingtonpublicknyc.com/,,,,,,Lexington Avenue,1504,10029,food_drink
5721493494,node,40.7866636,-73.9501801,1244.4,amenity,restaurant,El Tepeyac Taqueria,,,restaurant,,,,,mexican,Mo-Su 08:00-23:00,+1 212-722-2020,,yes,,yes,yes,0,Lexington Avenue,1505,10029,food_drink
9590309771,node,40.7870041,-73.9540362,1252.6,amenity,cafe,Grabstein's Bagels,,,cafe,,,,,bagel,Mo-Su 07:00-17:00,,https://grabsteinsbagels.square.site/,,yes,yes,yes,,East 96th Street,50,10128,food_drink
12209829460,node,40.7670166,-73.9628431,1253.0,shop,supermarket,Ouri's Market,,supermarket,,,,,,,,+1-212-794-9500,https://ourismarket.com/,,,,,,3rd Avenue,1160,10065,retail
9572028344,node,40.7864405,-73.9487376,1253.1,shop,convenience,Heavenly Market,,convenience,,,,,,sandwich,24/7,+1 212-600-0162,,,,,yes,,3rd Avenue,1760,10029,retail
5607297102,node,40.7867888,-73.950455,1253.1,leisure,sports_centre,VITAL Climbing Gym,VITAL,,,,,,sports_centre,,"Mo-Fr 08:00-23:00; Sa, Su 10:00-20:00",+1-212-410-7070,https://www.vitalclimbinggym.com/upper-east,,,,,,Lexington Avenue,1506,,leisure_entertainment
6937498380,node,40.7675999,-73.9637499,1255.0,shop,kiosk,,,kiosk,,,,,,,,,,,,,,,,,,food_drink
5640004458,node,40.7867586,-73.9501119,1255.9,amenity,fast_food,Bamboo House,,,fast_food,,,,,chinese;sushi,11:00-22:30,+1-917-938-9783,,,,yes,yes,0,Lexington Avenue,1509,10029,food_drink
6949740425,node,40.7870323,-73.9541203,1256.1,shop,florist,Jerome Florists,,florist,,,,,,,Su-Fr 09:00-18:00,,,,,,yes,,Madison Avenue,1379,10128,retail
266894185,way,40.7712772,-73.967146,1256.8,tourism,museum,Frick Collection,,,,,,museum,,,"Mo,We-Su 10:30-17:30",,,,,,,,East 70th Street,1,10021,leisure_entertainment
562367949,way,40.7850572,-73.9449502,1257.9,amenity,hospital,NYC Health + Hospitals/Metropolitan,,,hospital,,,,,,24/7,+1 212-423-6262,https://www.nychealthandhospitals.org/metropolitan/,,,,,,1st Avenue,1901,10129,health
12095092700,node,40.7645657,-73.955956,1261.4,amenity,hospital,New York Presbyterian Alexandra Cohen Hospital for Women and Newborns,,,hospital,,,,,,,,,yes,,,,0,York Avenue,1283,,health
6270649485,node,40.7871321,-73.9544023,1268.5,amenity,cafe,Starbucks,Starbucks,,cafe,,,,,coffee_shop,05:00-21:30,+1 212-534-7225,https://www.starbucks.com/store-locator/store/12003/96th-madison-1378-madison-avenue-new-york-ny-101280712-us,,no,yes,,,Madison Avenue,1378,10128,food_drink
10983217449,node,40.7868776,-73.9499982,1271.0,amenity,restaurant,Sushi W,,,restaurant,,,,,sushi,,,,yes,,,,0,Lexington Avenue,1513,,food_drink
5855863541,node,40.7668516,-73.9629549,1273.1,amenity,clinic,CityMD,CityMD,,clinic,,,,,,"Mo-Fr 08:00-20:00; Sa, Su 08:00-18:00",+1 212-933-0007,https://www.citymd.com/urgent-care-locations/ny/new-york/east-67th/005,,,,,,3rd Avenue,1150,10065,health
7241143782,node,40.7666415,-73.9626289,1274.5,amenity,fast_food,Chipotle,Chipotle,,fast_food,,,,,mexican,10:45-22:00,+1-917-475-9280,https://locations.chipotle.com/ny/new-york/1153-third-avenue,,,yes,,,3rd Avenue,1153,10065,food_drink
9719182249,node,40.7869443,-73.9499495,1279.2,shop,laundry,Laundry,,laundry,,,,,,,07:30-20:30,,,yes,,,,0,Lexington Avenue,1515,,personal_care
9507826659,node,40.7665845,-73.962666,1281.4,shop,clothes,Vineyard Vines,Vineyard Vines,clothes,,,,,,,Mo-Sa 10:00-18:00; Su 12:00-17:00,+1 646-964-5691,https://www.vineyardvines.com/storedetails?StoreID=39,yes,,,,0,3rd Avenue,1151,10065,retail
2723812948,node,40.7667619,-73.9630131,1284.0,shop,clothes,Janie & Jack,Janie & Jack,clothes,,,,,,,,,,,,,,,3rd Avenue,1150,10065,retail
5978792117,node,40.7870202,-73.9499241,1287.9,shop,convenience,New Bani Grocery,,convenience,,,,,,,,+1 212-410-6992,,no,,,,0,Lexington Avenue,1517,,retail
2724283926,node,40.7873253,-73.9538938,1287.9,amenity,cafe,Daily Provisions,,,cafe,,,,,,Mo-Su 07:00-21:00,,,,yes,,,,Madison Avenue,1381,10029,food_drink
3589024668,node,40.7872731,-73.9517102,1289.8,amenity,restaurant,T & J Jamaican Flava,,,restaurant,,,,,caribbean,06:00-20:00,+1 212-860-8603,,,,yes,yes,0,Park Avenue,1257,10029,food_drink
562360129,way,40.7644584,-73.956963,1290.0,amenity,hospital,Memorial Sloan Kettering Cancer Center,,,hospital,,,,,,,+1 212 639 2000,https://www.mskcc.org/,,,,,,York Avenue,1275,10065,health
3589024672,node,40.7873,-73.9516853,1293.0,shop,tailor,97 Tailor & Cleaner,,tailor,,,,,,,,+1 212-369-5880,,,,,,0,Park Avenue,1257,10029,personal_care
5672759305,node,40.7873686,-73.9527035,1293.6,amenity,restaurant,El Paso Taqueria,,,restaurant,,,,,mexican,Mo-Su 09:30-23:00,+1-212-996-1739,,,,yes,yes,,East 97th Street,64,10029,food_drink
4757891123,node,40.7873339,-73.9516565,1297.0,amenity,restaurant,Earls,Earls,,restaurant,,,,,american,Tu-Su 16:00-00:00,+1 212-289-1581,https://www.earlsny.com,,,yes,,,Park Avenue,1259,10029,food_drink
9719202412,node,40.7873564,-73.9516331,1299.7,amenity,bar,The Guthrie Inn,,,bar,,,,,,,,,,,,,0,Park Avenue,1259,10029,food_drink
11093360192,node,40.7661485,-73.9622795,1301.4,shop,laundry,Jim Lee,,laundry,,,,,,,Mo-Fr 09:00-17:00,,,,,,,,East 67th Street,212,,personal_care
11093309492,node,40.7661833,-73.962362,1302.3,amenity,cafe,Padoca Bakery,,,cafe,,,,,,"Mo, Tu 07:30-15:30; We-Fr 07:30-16:30; Sa, Su 08:00-16:00",,,,,,,,East 67th Street ,210,,food_drink
5978868285,node,40.7874536,-73.9529145,1302.3,shop,laundry,Manhattan’s Best Laundromat,,laundry,,,,,,,,,,,,,,,,,,personal_care
9719216591,node,40.78739,-73.9516174,1303.6,amenity,restaurant,O Cuisine,,,restaurant,,,,,,,+1 212-731-9708,https://ocuisine.nyc/,,,no,no,0,Park Avenue,1261,10029,food_drink
11093347420,node,40.7662226,-73.9624711,1304.0,amenity,restaurant,Bedford Falls,,,restaurant,,,,,,,,,,,,,,East 67th Street,206,,food_drink
5672782246,node,40.7874897,-73.953786,1305.9,amenity,cafe,Champignon Café,,,cafe,,,,,sandwich;breakfast;coffee_shop,"Mo-Fr 07:00-21:00; Sa, Su 07:00-19:00",+1 212-987-1700,https://www.champignoncafe.com,,no,yes,yes,,Madison Avenue,1389,10029,food_drink
6071822213,node,40.787551,-73.9537374,1312.7,shop,convenience,Lane Farms Market,,convenience,,,,,,,Mo-Fr 07:00-20:30; Sa 08:00-19:00; Su 09:00-20:00,+1 212-831-5014,https://lanefarmsmarket.com/,,,,yes,,Madison Avenue,1391,10029,retail
2723809069,node,40.7662786,-73.9628618,1318.5,shop,clothes,Nike,Nike,clothes,,,,,,,Mo-Sa 10:00-19:00; Su 11:00-18:00,+1 212-535-1530,https://www.nike.com/retail/s/nike-by-upper-east-side,,,,,,3rd Avenue,1131,10065,retail
5793254014,node,40.7875957,-73.9540901,1318.5,amenity,atm,Bank of America,Bank of America,,atm,,,,,,24/7,,https://locators.bankofamerica.com/ny/newyork/atm-new-york-107616.html,,,,,,East 96th Street,21,10128,finance
12095061974,node,40.7645459,-73.9585855,1318.9,shop,art,Eastside Art Gallery,,art,,,,,,,,,,limited,,,,0,1st Avenue,1239,,retail
2629371853,node,40.7644185,-73.9581907,1321.8,amenity,bank,TD Bank,TD Bank,,bank,,,,,,Mo-Fr 08:30-18:00; Sa 09:30-13:00,,https://locations.td.com/us/1240-1st-avenue-67th-1st-avenue,,,,,,,,,finance
2723743084,node,40.7645085,-73.958622,1323.8,amenity,restaurant,Chamoun's Way,,,restaurant,,,,,lebanese,,,https://www.eatchamounsway.com/,yes,,,,0,1st Avenue,1237,10065,food_drink
2723866660,node,40.7698597,-73.9671261,1325.6,amenity,cafe,Poppi,,,cafe,,,,,coffee_shop,Su-Fr 07:00-19:00; Sa 08:00-18:00,,https://www.poppi.nyc/,,,,,,East 69th Street,20,10065,food_drink
5672860212,node,40.7876673,-73.954025,1326.3,amenity,cafe,Da Capo Aperitivo e Caffe,,,cafe,,,,,italian,"Mo-Th, Su 07:00-22:00; Sa, Su 08:00-20:00",+1 646-707-0684,https://www.dacaponyc.com/#1392madisonavenyc-section,,yes,,yes,,Madison Avenue,1392,10029,food_drink
12095061976,node,40.7644608,-73.9586442,1329.5,amenity,pharmacy,Vitahealth Apothecary,,,pharmacy,,,,,,,,,yes,,,,0,1st Avenue,1235,,health
6270647901,node,40.7877036,-73.9536486,1329.5,amenity,bank,Citibank,Citibank,,bank,,,,,,24/7,,,,,,,,,,,finance
11232603212,node,40.7644401,-73.9586932,1333.0,amenity,restaurant,Pizza Park,,,restaurant,,,,,pizza,,,,,,,,0,1st Avenue,1233,,food_drink
6270647902,node,40.7877616,-73.9536057,1335.9,amenity,fast_food,Dunkin',Dunkin',,fast_food,,,,,donut;coffee_shop,Mo-Fr 05:00-21:00; Sa-Su 06:00-20:00,+1 212-423-0190,https://locations.dunkindonuts.com/en/ny/new-york/1391-madison-ave/340849,,,yes,,,Madison Avenue,1391,10029,food_drink
5017262527,node,40.7696792,-73.9671782,1339.5,shop,clothes,Dolce & Gabbana,Dolce & Gabbana,clothes,,,,,,,,,,,,,,,,,,retail
266879142,way,40.7663567,-73.9634322,1341.2,amenity,cafe,Starbucks,Starbucks,,cafe,,,,,coffee_shop,,,,,,yes,,,3rd Avenue,1128,10065,food_drink
5808137401,node,40.7696159,-73.9672168,1345.8,shop,clothes,Jil Sander,Jil Sander,clothes,,,,,,,Mo-Sa 10:00-18:00,+1 212-838-6100,https://www.jilsander.com/stores,,,,,,Madison Avenue,818,10028,retail
3569401287,node,40.7646858,-73.9469464,1346.1,shop,supermarket,Foodtown,Foodtown,supermarket,,,,,,,"Mo-Fr 07:00-22:00,10:00-20:00; Sa 07:00-22:00,10:00-18:00; Su 07:00-22:00,10:00-14:00",+1 212-371-2680,https://www.foodtown.com/stores/foodtown-of-roosevelt-island,,,,no,,Main Street,686,10044,retail
5978868385,node,40.7878623,-73.9538985,1347.6,amenity,fast_food,Famous Famiglia Pizzeria,,,fast_food,,,,,pizza,,+1 212-996-9797,http://orderfamigliapizza.com,,no,,yes,,Madison Avenue,1398,10029,food_drink
10134134927,node,40.7643097,-73.9587823,1349.2,amenity,fast_food,Bagel Works,,,fast_food,,,,,bagel,,,,,,,,0,1st Avenue,1129,,food_drink
357588258,node,40.7684347,-73.9662495,1351.0,office,association,Council on Foreign Relations,,,,association,,,,,,+1-212-434-9400;+1-212-434-9800,https://www.cfr.org/,,,,,,East 68th Street,58,10065,office_professional
12188861257,node,40.7792698,-73.9688404,1354.8,tourism,museum,Henry Luce Nature Observatory,,,,,,museum,,,Tu-Su 10:00-17:00,+1 212 7720210,https://www.centralpark.com/things-to-do/attractions/henry-luce-nature-observatory/,,,,,,,,,leisure_entertainment
4133854273,node,40.7879358,-73.9534358,1355.2,amenity,cafe,Le Pain Quotidien,Le Pain Quotidien,,cafe,,,,,coffee_shop,"Mo-Fr 07:00-18:00; Sa, Su 08:00-17:00",+16466633149,https://www.lepainquotidien.com/us/en/locations/97th_&_Madison/1399-Madison-Ave,,yes,yes,,,Madison Avenue,1399,,food_drink
2723809172,node,40.7657127,-73.9625988,1356.6,shop,dry_cleaning,J's Cleaners,,dry_cleaning,,,,,,,,+1 212 452 2630,,,,,,,East 66th Street,211,10065,personal_care
2723809155,node,40.7657425,-73.962679,1357.7,shop,massage,iLove spa,,massage,,,,,,,,+1 646 918 6513,,,,,,,East 66th Street,209,10065,personal_care
2723809134,node,40.765775,-73.9627462,1358.0,amenity,pharmacy,Cherry's Pharmacy,,,pharmacy,,,,,,,+1 212 717 7797,,,,,,,East 66th Street,207,10065,health
7202234796,node,40.7692531,-73.9670957,1358.1,shop,clothes,Max Mara,Max Mara,clothes,,,,,,,,,,,,,,,,,,retail
7132789393,node,40.7863156,-73.9453305,1359.0,shop,convenience,Mr. Moe's Gourmet Deli,,convenience,,,,,,,24/7,+1 646-329-5822,,,,,,,2nd Avenue,1924,,retail
2723809130,node,40.7658005,-73.9628184,1359.2,amenity,cafe,Madame Bonte Cafe,,,cafe,,,,,,,,,,,,,,East 66th Street,205,10065,food_drink
12188861255,node,40.7793434,-73.9688987,1361.8,shop,gift,,,gift,,,,,,,,,,,,,,1,,,,retail
4822836222,node,40.7856582,-73.9439308,1362.0,tourism,museum,Garbage museum,,,,,,museum,,,,,,,,,,,,,,leisure_entertainment
5594825875,node,40.7873057,-73.9480257,1363.6,amenity,dojo,Next Evolution Martial Arts,,,dojo,,,,,,Mo-Fr 12:00-21:00; Sa 09:00-13:30,+1-212-828-5678,https://nextevolutionmartialarts.com/,,,,,0,3rd Avenue,1786,,leisure_entertainment
2723743081,node,40.7641892,-73.9588502,1363.7,amenity,fast_food,Dunkin',Dunkin',,fast_food,,,,,donut;coffee_shop,24/7,+1 212-734-5465,https://locations.dunkindonuts.com/en/ny/new-york/1225-1st-ave/337561,,,yes,,,1st Avenue,1225,10021,food_drink
5588989245,node,40.7873895,-73.9482837,1365.3,amenity,restaurant,Mrs. An Thai,,,restaurant,,,,,thai,Mo-Su 10:30-23:00,+1-212-933-9988,https://www.mrsanthainyc.com,,,yes,yes,,East 99th Street,173,10029,food_drink
6416986800,node,40.7642394,-73.9590946,1365.5,shop,laundry,Capri Laundry Room,,laundry,,,,,,,Mo-Fr 07:00-19:00; Sa 08:00-18:00,+1-212-628-2323,,no,,,,,East 66th Street,343,10065,personal_care
2723743095,node,40.7641785,-73.9589819,1368.6,shop,hairdresser,Premier Hair Salon and Spa,,hairdresser,,,,,,,Mo-Fr 10:00-19:00; Sa 10:00-18:00,+1-646-649-2289,https://premiersalonandspa.com,no,,,,0,East 66th Street,343,10065,personal_care
7239728455,node,40.7880551,-73.9537505,1368.7,amenity,cafe,Joe & The Juice,Joe & The Juice,,cafe,,,,,coffee_shop,"Mo 07:30-19:00; Tu-Fr 07:00-19:00; Sa, Su 08:00-19:00",,https://www.joejuice.com/stores?location=Y2876xbNJA,,no,yes,,,Madison Avenue,1400,10029,food_drink
7202234804,node,40.7693923,-73.967378,1370.2,shop,clothes,Mackage,Mackage,clothes,,,,,,,,,,,,,,,,,,retail
13098967839,node,40.7873664,-73.947978,1371.3,shop,convenience,Organc Valley Food Market,,convenience,,,,,,breakfast;sandwich,,,,,,,,,,,,retail
2724290536,node,40.7880872,-73.953726,1372.3,shop,beauty,Nail Spa House,,beauty,,,,,,,Mo-Sa 10:00-20:30; Su 10:00-19:00,,,,,,,,Madison Avenue,1400,10029,personal_care
6949740429,node,40.7690363,-73.9671242,1373.0,amenity,restaurant,Bel Ami Cafe,,,restaurant,,,,,,,,,,,,,,,,,food_drink
7042033244,node,40.7864347,-73.9452421,1374.1,shop,hairdresser,Genesis Salon,,hairdresser,,,,,,,Mo-Sa 09:30-18:00; Su 10:00-15:00,+1 212-987-2975,,,,,,,2nd Avenue,1924,,personal_care
2724290538,node,40.7881135,-73.9537052,1375.2,shop,convenience,One Up Bidtro,,convenience,,,,,,,,+1 917-492-0697,https://www.oneupbistro.com/,assisted,,,yes,0,Madison Avenue,1404,10029,retail
266924333,way,40.7870045,-73.9466465,1376.1,amenity,arts_centre,El Barrio’s Artspace PS109,,,arts_centre,,,,,,,,,,,,,,East 99th Street,215,10029,leisure_entertainment
12185208423,node,40.7643851,-73.9599627,1377.8,shop,hairdresser,Mankind Barbers,,hairdresser,,,,,,,,,,,,,,,,,,personal_care
7042074233,node,40.7864891,-73.945206,1380.9,office,lawyer,Law Offices of Anthony Iadevaia,,,,lawyer,,,,,,+1 212-996-8700,,,,,,0,2nd Avenue,1932,,office_professional
9097226516,node,40.7881921,-73.9532775,1383.8,amenity,fast_food,Yoan Ming Garden,,,fast_food,,,,,chinese,Mo-Fr 10:30-22:00; Sa 11:00-22:00,+1-212-426-9545,,,,yes,yes,,Madison Avenue,1407,10029,food_drink
6237581035,node,40.7882101,-73.9536309,1385.8,amenity,fast_food,Thai Peppercorn,,,fast_food,,,,,thai,Mo-Su 11:00-21:30,+1 212-987-6185,,yes,,yes,yes,,Madison Avenue,1406,10029,food_drink
12095095042,node,40.764094,-73.9592768,1386.0,amenity,restaurant,Sushi Yoshizawa,,,restaurant,,,,,sushi,,,,yes,,,,0,East 66th Street,354,,food_drink
12683868568,node,40.7689424,-73.9672404,1386.9,shop,supermarket,Nardos,,supermarket,,,,,,,Mon-Sat 10am-6pm,+1-917-283-2622,https://www.nardosdesign.com/pages/new-york,,,,,,Madison Avenue,807,10065,retail
278363024,way,40.7802611,-73.9687943,1387.0,amenity,theatre,Delacorte Theater,,,theatre,,,,,,,,https://www.centralparknyc.org/locations/delacorte-theater,,,,,,,,,leisure_entertainment
12095095040,node,40.7640371,-73.9591479,1388.1,amenity,veterinary,University Animal Hospital,,,veterinary,,,,,,,,,,,,,,East 66th Street,354,,health
1748991481,node,40.7878447,-73.9493119,1389.2,shop,convenience,J and J Food Market,,convenience,,,,,,,Mo-Su 08:00-22:00,+1 212-831-5160,,yes,,,,0,East 99th Street,153,,retail
12662686148,node,40.7882526,-73.9532467,1390.5,amenity,pharmacy,Mount Sinai Pharmacy on Madison,,,pharmacy,,,,,,"Mo-Fr 08:30-20:00; Sa,Su 08:30-17:00",,,,,,,,Madison Avenue,1407,,health
2629371814,node,40.7639735,-73.9590173,1391.0,shop,convenience,The Deli Deli,,convenience,,,,,,,,,,,,,,,1st Avenue,1219,10065,retail
2623014627,node,40.7659236,-73.9636686,1391.3,amenity,cafe,Starbucks,Starbucks,,cafe,,,,,coffee_shop,Mo-Fr 04:45-22:30; Sa-Su 05:30-22:00,+1 212-472-6535,https://www.starbucks.com/store-locator/store/11721/66th-third-1128-third-avenue-new-york-ny-100656606-us,,,yes,,,3rd Avenue,1128,10065,food_drink
10969550176,node,40.7875456,-73.9478563,1393.5,shop,beauty,Expressbrows,,beauty,,,,,,,,+1 646-918-7326,,,,,,,3rd Avenue,1794,,personal_care
6949740441,node,40.7689276,-73.9673219,1393.6,shop,clothes,Bonpoint,,clothes,,,,,,,,,,,,,,,,,,retail
266864331,way,40.7640528,-73.9594468,1395.4,amenity,cafe,Java Girl,,,cafe,,,,,,"Mo-Fr 06:30-19:00; Sa,Su 08:30-16:00",+1-212-737-3490,https://javagirlnewyork.com/,,,,,,East 66th Street,348,10065,food_drink
5071910221,node,40.7878957,-73.9492724,1395.6,shop,pastry,Lloyd's Carrot Cake,,pastry,,,,,,,Mo-Fr 09:00-19:00; Sa 10:00-18:00; Su 10:00-15:00,+1 212-831-9156,https://www.lloydscarrotcake.com,,,yes,yes,0,Lexington Avenue,1553,,food_drink
11901634329,node,40.7691736,-73.9675636,1396.2,shop,optician,Oliver Peoples,Oliver Peoples,optician,,,,,,,,,,,,,,,Madison Avenue,575,10065,health
6055301232,node,40.7883099,-73.9535669,1396.9,amenity,pharmacy,Drug Loft Pharmacy & Wellness Center,,,pharmacy,,,,,,Mo-Fr 09:00-19:45; Sa 09:00-17:00; Su off,+1 212-996-9499,https://www.drugloftpharmacy.com,,,,yes,,Madison Avenue,1408,10029,health
10969532665,node,40.7875849,-73.9478231,1398.5,shop,hairdresser,Are the Barber,,hairdresser,,,,,,,,+1-862-315-7511,https://arethebarber.com/,,,,,,3rd Avenue,1796,10029,personal_care
5594850048,node,40.7866367,-73.9451091,1399.2,amenity,pharmacy,Health Mart,Health Mart,,pharmacy,,,,,,Mo-Fr 09:30-18:30; Sa 10:30-16:30,+1-212-426-6484,,yes,,,,,2nd Avenue,1938,,health
6055311151,node,40.7883648,-73.9535158,1402.9,amenity,restaurant,Conmigo,,,restaurant,,,,,mexican,Mo-Su 11:00-22:00,+1 212-368-1684,https://www.visual.menu/conmigo-madison/menu/brunch?category=Brunch%20Cocktails,,,,yes,,Madison Avenue,1410,10029,food_drink
13098967841,node,40.7876185,-73.9477928,1402.9,shop,dry_cleaning,F.A.B.J. Cleaners,,dry_cleaning,,,,,,,,+1-646-684-4937,,,,,,,,,,personal_care
9403712675,node,40.7658106,-73.9637029,1402.9,shop,clothes,Intimissimi,Intimissimi,clothes,,,,,,,,,,,,,,,3rd Avenue,1124,10065,retail
7615599474,node,40.7688253,-73.9673965,1405.1,shop,clothes,Pierre Yovanovic,,clothes,,,,,,,,,,,,,,,Madison Avene,801,,retail
5781165001,node,40.7655804,-73.9633446,1405.1,shop,clothes,Lululemon,Lululemon,clothes,,,,,,,Mo-Sa 10:00-20:00; Su 10:00-19:00,+1 212-755-5019,https://info.lululemon.com/stores/us/new-york/66thstreet,,,,,,3rd Avenue,1127,,retail
2723664157,node,40.7638606,-73.9590987,1405.2,amenity,restaurant,LENOXTHAI,,,restaurant,,,,,thai,"Mo-Su 11:30-15:00, 16:00-21:15",+1-212-466-6189,https://www.lenoxthai.com,,,yes,yes,,1st Avenue,1219,10065,food_drink
6222019581,node,40.7880075,-73.9491833,1409.5,amenity,fast_food,Yummy City,,,fast_food,,,,,chinese,"Mo-Th 11:00-23:00; Fr, Sa 11:00-24:00; Su 12:00-23:00",+1 212-427-6808,,yes,,only,,,Lexington Avenue,1557,,food_drink
9096924088,node,40.7884267,-73.953486,1409.8,shop,beauty,LuLu Lavender Nail Boutique,,beauty,,,,,,,Mo-Sa 10:00-20:30; Su 10:00-19:00,,,,,,,,Madison Avenue,1412,,personal_care
13098967840,node,40.7876793,-73.9477462,1410.6,shop,pawnbroker,Fever of Gold,,pawnbroker,,,,,,,,+1-212-360-7373,,,,,,,,,,finance
10966450362,node,40.7880484,-73.9491684,1414.2,shop,convenience,Willy's Convenience ,,convenience,,,,,,,,,,,,,,,Lexington Avenue,1557,,retail
368051495,node,40.7631571,-73.9559715,1416.2,amenity,theatre,Caspary Auditorium,,,theatre,,,,,,,,,,,,,,,,,leisure_entertainment
6055280051,node,40.7885031,-73.9534103,1418.3,shop,convenience,Q-MarQet,,convenience,,,,,,,24/7,+1 212-831-1754,,,,,,,Madison Avenue,1414,,retail
5797537804,node,40.7665604,-73.9652388,1425.2,shop,paint,Janovic Paint & Decorating Center,Benjamin Moore,paint,,,,,,,Mo-Fr 07:00-19:00; Sa 08:00-18:00,+1 212-772-1400,https://www.janovic.com/upper-east-side-location,,,,,,Lexington Avenue,888,10065,retail
2723493279,node,40.7645432,-73.961697,1426.9,amenity,restaurant,Two Boots Pizza,,,restaurant,,,,,pizza,Mo-Th 11:30-20:30; Fr 11:30-21:30; Sa 12:00-21:30; Su 12:00-20:30,+1 646-837-6015,https://twoboots.com,yes,,,,0,2nd Avenue,1243,10065,food_drink
6217347883,node,40.7664681,-73.9652594,1433.8,amenity,fast_food,Dunkin',Dunkin',,fast_food,,,,,donut;coffee_shop,Mo-Su 06:00-22:00,+1 646-661-5825,https://locations.dunkindonuts.com/en/ny/new-york/882-lexington-ave/351935,,,yes,,,Lexington Avenue,882,10065,food_drink
5401978047,node,40.7638586,-73.9601085,1436.4,shop,copyshop,Copyland Center,,copyshop,,,,,,,Mo-Fr 08:00-22:00; Sa 09:00-21:00; Su 10:00-20:00,,,,,,,,,,,personal_care
2623014588,node,40.7653369,-73.9635523,1437.2,amenity,pharmacy,Duane Reade,Duane Reade,,pharmacy,,,,,,"00:00-24:00 open ""Store"" || Mo-Fr 08:00-20:00; Sa 09:00-18:00; Su 10:00-17:00 open ""Pharmacy""",+1 212-838-0195,https://www.walgreens.com/locator/duane+reade-1111+3rd+ave-new+york-ny-10065/id=14470,,,,,,3rd Avenue,1111,10065,health
6217348143,node,40.766418,-73.9653064,1440.6,shop,dry_cleaning,Merit Cleaners,,dry_cleaning,,,,,,,,,http://www.merit66.com,,,,,,Lexington Avenue,880,10065,personal_care
8233635086,node,40.7634504,-73.9588858,1442.3,shop,supermarket,Gristedes,,supermarket,,,,,,,07:00-23:00,+1 212-535-2047,https://gristedessupermarkets.com,,,,,,1st Avenue,1208,10021,retail
12186653518,node,40.7636568,-73.9596976,1444.1,shop,tailor,Genius Tailor,,tailor,,,,,,,,,,,,,,,,,,personal_care
6217348502,node,40.7663664,-73.9653316,1446.2,shop,cannabis,Munch & Clouds,,cannabis,,,,,,,,,,,,,,,Lexington Avenue,878,10065,retail
10983217447,node,40.7879935,-73.9475121,1450.2,shop,variety_store,3rd Ave. Discount,,variety_store,,,,,,,,,,,,,,0,3rd Avenue,1804,,retail
6747177276,node,40.7683837,-73.967686,1452.6,shop,clothes,Kate Spade New York,Kate Spade New York,clothes,,,,,,,,+1 212 988 0259,,,,,,,Madison Avenue,,10065,retail
12186645560,node,40.7638077,-73.9605019,1454.9,shop,shoe_repair,Sam's Shoe Repair,,shoe_repair,,,,,,,,,,,,,,,,,,personal_care
385852029,way,40.7725851,-73.9702129,1455.7,amenity,theatre,Rumsey Playfield,,,theatre,,,,,,,,https://cityparksfoundation.org/summerstage/,,,,,,,,,leisure_entertainment
9719703280,node,40.7643193,-73.9618767,1456.0,shop,convenience,7-Eleven,7-Eleven,convenience,,,,,,,24/7,+1 212-355-6595,https://www.7-eleven.com/locations/ny/new-york/1239-2nd-ave-35823,yes,,,yes,0,2nd Avenue,1239,10065,retail
13714066609,node,40.7861364,-73.9428931,1456.9,shop,laundry,,,laundry,,,,,,,,,,,,,,,,,,personal_care
9719703281,node,40.7641528,-73.9614942,1456.9,amenity,restaurant,Silver Star,,,restaurant,,,,,diner,07:00-23:00,+1 212-249-4250,http://www.silverstarrestaurant.net/,,,,,0,2nd Avenue,1238,10065,food_drink
12186653517,node,40.763704,-73.9602551,1457.1,shop,hairdresser,Scissors & Scotch,,hairdresser,,,,,,,,,,,,,,,,,,personal_care
6217348303,node,40.7662722,-73.9654009,1457.8,shop,bakery,Gourmet Bagel,,bakery,,,,,,,,+1-212-535-3030,,,,,,0,Lexington Avenue,874,10065,food_drink
6217347880,node,40.7662835,-73.9654185,1457.9,shop,hairdresser,Amoy,,hairdresser,,,,,,,,+1-212-529-5153,,,,,,1,Lexington Avenue,874,10065,personal_care
2597257962,node,40.7683256,-73.9677127,1458.1,shop,clothes,J. Mendel,,clothes,,,,,,,Mo-Sa 10:00-18:00,+1 212-832-5830,https://jmendel.com/,,,,,,Madison Avenue,787,10065,retail
9719499618,node,40.7883617,-73.9486386,1459.6,amenity,ice_cream,Mojo Desserts,,,ice_cream,,,,,,"We-Fr 12:00-21:00; Sa, Su 12:00-21:00",+1 917-331-3278,https://mojodesserts.com/,yes,,,,,East 100th Street,177,,food_drink
9719714335,node,40.7883799,-73.9487013,1460.1,amenity,bar,Goyana,,,bar,,,,,brazilian,"We, Th 15:00-22:00; Fr 15:00-23:00; Sa, Su 12:00-21:00",+1 917-213-4480,https://bargoyana.com,,,,,0,East 100th Street,177,10029,food_drink
5782495642,node,40.7884657,-73.9488874,1465.1,amenity,restaurant,Café d'Anvers,,,restaurant,,,,,belgian,"We, Th 12:00-21:30; Fr 12:00-22:00; Sa 15:00-22:00; Su 15:00-21:30",+1 917-723-2005,https://cafedanversnyc.com/,,,,,,Lexington Avenue,1567,10029,food_drink
2597257980,node,40.7682387,-73.9678084,1470.2,shop,jewelry,Tamsen Z,,jewelry,,,,,,,Mo-Fr 11:00-18:00; Sa 11:00-17:00,+1-212-360-7840,https://tamsenz.com/,,,,,,Madison Avenue,,10065,retail
8571998198,node,40.7881634,-73.9473978,1471.2,amenity,restaurant,Halal Munchies,,,restaurant,,,,,middle_eastern,Mo-Su 11:00-03:00,+1 212-389-0055,https://www.yelp.com/biz/halal-munchies-new-york-3,,,yes,yes,,3rd Avenue,1810,10029,food_drink
13714066608,node,40.7862567,-73.9428054,1472.0,shop,convenience,,,convenience,,,,,,,,,,,,,,,,,,retail
5782494844,node,40.7885453,-73.9488126,1475.3,amenity,restaurant,Effy's Kitchen,,,restaurant,,,,,american,10:00-21:00,+1 646-930-3021,,,,,,,Lexington Avenue,1567,,food_drink
2597232719,node,40.7681899,-73.9678474,1476.0,shop,jewelry,Blancpain Boutique,,jewelry,,,,,,,,,http://www.blancpain.com,,,,,,Madison Avenue,781,10065,retail
2623014566,node,40.7652782,-73.9642202,1476.4,amenity,bank,Chase,Chase,,bank,,,,,,Mo-Fr 08:00-18:00; Sa 09:00-15:00,,,,,,,,3rd Avenue,1100,10065,finance
5664017006,node,40.7860765,-73.9424105,1476.9,shop,convenience,Dave's Market Place,,convenience,,,,,,sandwich,Mo-Su 06:00-24:00,+1-212-289-9400,https://order.clavo.io/daves-marketplace-food-order,,,,yes,,1st Avenue,1944,10029,retail
2597232725,node,40.7681528,-73.9678735,1480.2,shop,jewelry,Breguet,,jewelry,,,,,,,,+1 212 288 4014,https://www.breguet.com/,,,,,,Madison Avenue,779,10065,retail
3448731711,node,40.7631454,-73.9591112,1480.5,amenity,pharmacy,Goldberg's Pharmacy,,,pharmacy,,,,,,Mo-Th 08:30-20:00; Fr 08:30-19:00; Sa 09:00-16:00,,,,,,,,,,,health
5594657910,node,40.788244,-73.9473422,1481.3,shop,convenience,Exotics & More,,convenience,,,,,,,,,,,,,,,3rd Avenue,1810,,retail
6758200121,node,40.7885984,-73.9487694,1482.0,amenity,restaurant,Au Jus,,,restaurant,,,,,,11:00-21:00,+1 212-360-7200,https://www.aujusnyc.com/locations-harlem/,,,yes,yes,0,Lexington Avenue,1569,,food_drink
266941950,way,40.7890941,-73.953908,1484.5,amenity,clinic,May Center for Mount Sinai Doctors,,,clinic,,,,,,,+1 866-674-3721,https://www.mountsinai.org/locations/msd-may-center,,,,,,East 98th Street,5,10029,health
11193936084,node,40.7631111,-73.9591348,1484.8,amenity,cafe,Da Adriano,,,cafe,,,,,,Mo-Su 07:30-21:30,,https://www.daadriano.com/,,,,,,1st Avenue,1198,,food_drink
2597232737,node,40.7681023,-73.967913,1486.1,shop,clothes,Judith Ripka,,clothes,,,,,,,Mo-Sa 10:00-18:00; Su 12:00-17:00,+1-212-517-8200,https://www.judithripka.com/locations/boutiques/new-york-flagship.html,,,,,,Madison Avenue,777,10065,retail
4969114920,node,40.7882914,-73.9473102,1487.1,shop,laundry,Laundry Time,,laundry,,,,,,,,,,,,,,,3rd Avenue,1814,10029,personal_care
2597232732,node,40.7680541,-73.9679363,1490.8,shop,jewelry,Fred Leighton,,jewelry,,,,,,,Mo-Sa 10:30-17:30,+1-212-288-1872,https://www.fredleighton.com/,,,,,,Madison Avenue,773,10065,retail
13714066605,node,40.7864118,-73.9426934,1491.5,shop,cannabis,,,cannabis,,,,,,,,,,,,,,,,,,retail
3938479923,node,40.7658131,-73.9653728,1493.5,amenity,cafe,Le Pain Quotidien,Le Pain Quotidien,,cafe,,,,,coffee_shop,,,,,,yes,,,Lexington Avenue,861,,food_drink
2724291890,node,40.7883491,-73.9472575,1494.7,shop,convenience,Emmerson Gourmet Deli,,convenience,,,,,,,24/7,+1-212-369-1111,,,,,yes,,3rd Avenue,1810,10029,retail
11917355265,node,40.7643222,-73.9628011,1495.3,amenity,doctors,Dr. Benjamin Paul,,,doctors,,,,,,Mo-Fr 09:00-17:00,+12128328595,https://www.drbenpaul.com/,,,,,,East 64th Street,225,10065,health
11086721741,node,40.7887305,-73.9486811,1498.1,shop,hairdresser,Alex Vip Barber Shop,,hairdresser,,,,,,,,+1 347-600-4764,https://www.alexvipbarbers.com/,no,,,,,Lexington Avenue,1571,,personal_care
278363049,way,40.7799521,-73.9703474,1498.6,amenity,theatre,Swedish Cottage Marionette Theatre,,,theatre,,,,,,,,https://www.centralparknyc.org/locations/swedish-cottage-marionette-theatre,,,,,,,,,leisure_entertainment
6217348308,node,40.766039,-73.9658528,1502.8,craft,tailor,Manolo Costa,,,,,tailor,,,,,+1-212-889-2625,https://www.manolocosta.com/,,,,,,East 65th Street,130 1/4,,personal_care
6150552527,node,40.7643867,-73.9631097,1503.1,tourism,hotel,The Gardens Sonesta ES Suites,Sonesta ES Suites,,,,,hotel,,,,+1-212-355-1230,https://www.sonesta.com/sonesta-es-suites/ny/new-york/gardens-sonesta-es-suites-new-york,yes,,,,,East 64th Street,215,10065,hospitality
1748991489,node,40.7887862,-73.948637,1505.1,amenity,restaurant,Burritos y Mas,,,restaurant,,,,,,Mo-Su 11:00-22:00,+1-646-918-4748,https://burritosymasnyc.com,,sidewalk,yes,yes,,Lexington Avenue,1571,10029,food_drink
6747161966,node,40.7681914,-73.9683035,1507.7,shop,clothes,Oscar de la Renta,,clothes,,,,,,,Mo-Sa 10:00-18:00,+1 888 782 6357,https://www.oscardelarenta.com/find-store?___store=en&___from_store=default,,,,,,,,,retail
6217348790,node,40.7658638,-73.9657242,1509.4,shop,beauty,Silver Mirror,,beauty,,,,,,,Mo-Sa 08:00-22:00; Su 10:00-18:00,+1-646-861-0089,https://www.silvermirror.com/,,,,,0,Lexington Avenue,862,,personal_care
11729280496,node,40.762922,-73.9593229,1509.8,shop,dry_cleaning,Cleaners on First,,dry_cleaning,,,,,,,,,,yes,,,,0,1st Avenue,1192,,personal_care
6217338065,node,40.7658729,-73.9657559,1510.5,shop,beauty,Orange 64 Nails,,beauty,,,,,,,,+1-212-327-2321,,,,,,1,Lexington Avenue,862,,personal_care
763330785,way,40.7874781,-73.9443693,1511.4,shop,supermarket,Cherry Valley Marketplace,,supermarket,,,,,,,24/7,+1 212-369-2974,https://cherryvalleymarketplace.com/1968/,yes,,,yes,0,2nd Avenue,1968,,retail
11669757257,node,40.7656771,-73.9655035,1512.1,shop,chemist,Cambridge Chemists,,chemist,,,,,,,,,,yes,,,,0,Lexington Avenue,855,,retail
1749000951,node,40.788847,-73.9486032,1512.4,shop,convenience,Cherry Gourmet Deli,,convenience,,,,,,breakfast;sandwich,,+1-646-719-1180,,,,,,,Lexington Avenue,1575,10029,retail
6217348142,node,40.7658208,-73.9657518,1514.5,shop,hardware,Elegance in Hardware,,hardware,,,,,,,"Mo, We-Fr 08:00-17:00; Tu 08:00-18:00; Sa 10:00-15:00",,,,,,,,Lexington Avenue,860,,retail
6270643279,node,40.789374,-73.9527262,1516.3,shop,newsagent,JCDecaux,,newsagent,,,,,,,,,,yes,,,,0,,,,retail
6217348319,node,40.7657733,-73.9657807,1520.0,amenity,cafe,Panda Bubble Tea,,,cafe,,,,,,,,https://pandabubbletea.com/,,,,,,Lexington Avenue,858,,food_drink
5801889162,node,40.7889193,-73.9485485,1521.3,amenity,restaurant,Plue,,,restaurant,,,,,thai,"Mo-Su 11:30-15:30, 16:45-21:30",+1 929-635-2456,https://www.pluenyc.com,,,yes,yes,,Lexington Avenue,1575,10029,food_drink
6244721155,node,40.7655965,-73.9655574,1521.8,shop,deli,Elim Deli Cafe,,deli,,,,,,,Mo-Sa 06:00-17:00; Su 07:00-15:00,+1-212-439-8320,,,,,,,Lexington Avenue,851,10065,food_drink
5173971821,node,40.76575,-73.9658113,1523.7,shop,shoes,Tru Form Shoes,,shoes,,,,,,,,,,,,,,,Lexington Avenue,856,,retail
5616317452,node,40.7876253,-73.9443966,1524.4,amenity,restaurant,Delicious Chinese Food Inc,,,restaurant,,,,,chinese,"Mo-Th 11:00-23:30; Fr,Sa 11:00-24:00; Su 11:30-23:30",+1 212-996-6931,,yes,,only,yes,,2nd Avenue,1974,,food_drink
6244721154,node,40.765555,-73.9655855,1526.8,amenity,cafe,Hale and Hearty Soups,,,cafe,,,,,sandwich;soup;salad,Mo-Fr 10:00-21:00; Sa 11:00-18:00; Su 11:00-17:00,+1-212-517-7600,https://www.haleandhearty.com/,,no,,yes,,Lexington Avenue,849,10065,food_drink
2761716454,node,40.7876564,-73.9443752,1528.3,amenity,fast_food,Tex's Chicken & Burgers,Tex's Chicken & Burgers,,fast_food,,,,,burger;chicken,"Mo-Th,Su 10:00-03:00; Fr,Sa 10:00-04:00",+1 212-831-3701,https://www.texaschickenandburgers.com/location/manhattan/1974-2nd-ave-new-york-ny-10029_3,yes,,yes,,,2nd Avenue,1974,10029,food_drink
9719703279,node,40.7635627,-73.9619475,1532.8,shop,mobile_phone,Verizon,Verizon,mobile_phone,,,,,,,10:30-19:00,,https://www.cellularsales.com/stores/verizon-1218-2nd-ave-new-york-ny-10065,,,,,0,2nd Avenue,1217,10065,retail
357642735,node,40.7620381,-73.9553606,1533.0,amenity,hospital,Rockefeller University Hospital,,,hospital,,,,,,,+1 212 327 7511,https://rucares.org/,,,,,,York Avenue,1230,10021,health
8919814944,node,40.765424,-73.9655259,1534.3,amenity,doctors,Skinly Aesthetics,,,doctors,,,,,,Mo-Sa 10:00-20:00,,https://skinlyaesthetics.com/,,,,,,East 64th Street,157,10065,health
9391198545,node,40.7877103,-73.9443244,1535.6,amenity,clinic,Zipcare Urgent Care,,,clinic,,,,,,"Mo-Fr, Su 08:00-20:00",+1 212-879-6000,https://zipcare.net/ZipCare-east-harlem.php,,,,,,2nd Avenue,1976,10029,health
6747122336,node,40.7676274,-73.9682202,1537.8,shop,clothes,Giorgio Armani,Giorgio Armani,clothes,,,,,,,,+1 212 988 9191,,,,,,,,,,retail
8333736510,node,40.7680543,-73.9686238,1538.6,amenity,restaurant,Avena,,,restaurant,,,,,,,,,,,,,,,,,food_drink
5017262721,node,40.7678887,-73.968481,1539.0,amenity,restaurant,Bar Italia,,,restaurant,,,,,,,,,,,,,,,,,food_drink
5090749091,node,40.765439,-73.9656562,1540.4,amenity,restaurant,Barbaresco,,,restaurant,,,,,italian,Mo-Su 12:00-23:00,+1 212-517-2288,http://www.barbarescorestaurant.com/,,,,,,Lexington Avenue,843,10065,food_drink
9719703277,node,40.7634976,-73.9619957,1541.1,leisure,fitness_centre,Barry's,Barry's,,,,,,fitness_centre,,Mo-Th 05:30-21:00; Fr 05:30-20:00; Sa 06:30-15:00; Su 07:30-15:00,+1 917-388-3635,https://www.barrys.com/studio/ues/,,,,,,2nd Avenue,1216,10065,leisure_entertainment
5609580409,node,40.7877602,-73.9442879,1542.0,shop,laundry,Chang Qing Teng Laundromat,,laundry,,,,,,,Mo-Su 07:00-22:00,,,,,,,,2nd Avenue,1978,,personal_care
357642750,node,40.764233,-73.963647,1542.3,amenity,hospital,Manhattan Eye Ear and Throat Hospital,,,hospital,,,,,,,+1 212 838 9200,https://www.northwell.edu/find-care/locations/manhattan-eye-ear-and-throat-hospital,,,,,,East 64th Street,210,10065,health
6206641085,node,40.763641,-73.9624439,1545.2,amenity,veterinary,Veterinary Emergency Group,Veterinary Emergency Group,,veterinary,,,,,,24/7,+1 212-223-3500,https://veterinaryemergencygroup.com/locations/upper-east-side,,,,,,2nd Avenue,1215,,health
6217341334,node,40.7655613,-73.9659285,1545.8,shop,furniture,William Wayne & Co.,,furniture,,,,,,,,,,,,,,,Lexington Avenue,846,,retail
7101174485,node,40.7653878,-73.9656772,1545.8,shop,cosmetics,Kiehl's,Kiehl's,cosmetics,,,,,,,,,,,,,,,,,,retail
280641697,way,40.7674228,-73.9387143,1547.3,shop,wholesale,Costco,Costco,wholesale,,,,,,,Mo-Fr 10:00-20:30; Sa 09:30-18:00; Su 10:00-18:00,+1 718-267-3680,https://www.costco.com/warehouse-locations/queens-long-island-city-ny-243.html,,,,,,Vernon Boulevard,32-50,11106,retail
11483592748,node,40.7878197,-73.9442266,1550.3,shop,convenience,Family Organic Deli,,convenience,,,,,,,,,,no,,,,0,2nd Avenue,1980,10029,retail
2623014580,node,40.7646576,-73.964597,1550.4,amenity,bank,Citibank,Citibank,,bank,,,,,,Mo-Fr 08:30-18:00; Sa 09:00-15:00,,,,,,,,3rd Avenue,1078,10065,finance
5879976048,node,40.7892151,-73.9486629,1550.5,amenity,restaurant,Supreme Eats Pizza & Pasta Corp,,,restaurant,,,,,pizza;italian,,+1-646-455-0303,,,,,,,Lexington Avenue,1590,,food_drink
2623014661,node,40.7646512,-73.964601,1551.2,amenity,atm,Citibank,Citibank,,atm,,,,,,24/7,,,,,,,,,,,finance
2723661031,node,40.7667776,-73.9675711,1552.9,amenity,restaurant,Daniel,,,restaurant,,,,,french,,+1-212-288-0033,http://www.danielnyc.com/,,,no,no,,East 65th street,60,10065,food_drink
2718031019,node,40.7625623,-73.9596,1555.3,amenity,restaurant,Felice 64,,,restaurant,,,,,italian,,,,,,,,,1st Avenue,1166,10065,food_drink
1748991484,node,40.7892539,-73.9486313,1555.4,amenity,restaurant,Chu Ros Thai,,,restaurant,,,,,thai,Mo-Su 11:00-22:00,+1-917-265-8432,https://churosthainyc.com/,,sidewalk,yes,yes,,Lexington Avenue,1590,10029,food_drink
395304938,way,40.7897421,-73.9530515,1556.4,amenity,hospital,The Mount Sinai Hospital,,,hospital,,,,,,24/7,+1 212-241-6500,https://www.mountsinai.org/locations/mount-sinai,,,,,,Gustave L. Levy Place,1,10129,health
4976266820,node,40.7672415,-73.9681374,1557.9,amenity,restaurant,Match 65,,,restaurant,,,,,,,,,,,,,,,,,food_drink
5609560141,node,40.7878839,-73.9441897,1558.0,amenity,pharmacy,MetroRX Specialty Pharmacy,,,pharmacy,,,,,,Mo-Fr 08:00-21:30; Sa 09:00-15:00,+1-212-831-1222,https://metrorxsp.com/,yes,,,yes,,East 102nd Street,300,,health
3569401894,node,40.7643725,-73.9642919,1560.6,amenity,restaurant,Tony's,,,restaurant,,,,,pizza,,,,,,,,0,3rd Avenue,1081,,food_drink
7747684354,node,40.7763552,-73.934908,1561.8,shop,supermarket,Brooklyn Harvest Market,,supermarket,,,,,,,,,,,,,,,,,,retail
6418623098,node,40.7625034,-73.9596396,1562.6,amenity,restaurant,Ginger Root Vegan,,,restaurant,,,,,chinese,"Mo-Sa 11:00-21:30, Su 12:00-21:30",+1-646-301-9817,https://gingerrootvegan.com/,,,yes,yes,,1st Avenue,1164,10065,food_drink
13714066606,node,40.7867703,-73.9419023,1563.8,amenity,fast_food,Dunkin',Dunkin',,fast_food,,,,,donut;coffee_shop,,,,,,yes,,,,,,food_drink
9586659414,node,40.7651273,-73.9656648,1566.8,amenity,restaurant,JoJo,,,restaurant,,,,,french,"We, Th, Fr 17:00-21:30; Sa, Su 12:00-15:00, 17:00-21:30",+1 212-223-5656,https://www.jojorestaurantnyc.com,no,,yes,yes,0;1,East 64th Street,160,10065,food_drink
9586659413,node,40.7651701,-73.9657768,1569.4,amenity,cafe,Alice's Tea Cup,Alice's Tea Cup,,cafe,,,,,tea,"Mo-Fr 11:00-18:00; Sa, Su 10:00-18:00",+1 212-486-9200,https://www.alicesteacup.com/location/alices-tea-cup-chapter-2/,,,yes,yes,,East 64th Street,156,10065,food_drink
12300150548,node,40.7624401,-73.959689,1570.6,amenity,restaurant,Lunetta Pizza,,,restaurant,,,,,pizza;italian,,,,yes,,,,,1st Avenue,1162,10065,food_drink
2718142271,node,40.7634222,-73.9625777,1571.9,amenity,pharmacy,Cedra Pharmacy,,,pharmacy,,,,,,,+1 212-758-1199,https://www.cedrapharmacy.com,yes,,,,0,2nd Avenue,1207,10065,health
4810099622,node,40.7632547,-73.9621838,1572.4,shop,supermarket,Health Nuts Store,,supermarket,,,,,,,"Mo-Fr 08:00-21:00; Sa, Su 09:00-20:00",,https://www.manhattanhealthfoodstore.com/,yes,,,,0,2nd Avenue,1208,,retail
9586584588,node,40.7651445,-73.9658755,1577.1,amenity,restaurant,Eat Here Now,,,restaurant,,,,,diner,Mo-Sa 07:00-21:00; Su 07:00-19:00,,http://www.eatherenownewyork.com,,,yes,yes,0,Lexington Avenue,839,10065,food_drink
6206630767,node,40.7633263,-73.9626037,1582.3,shop,dry_cleaning,Regency,,dry_cleaning,,,,,,,,,,,,,,,2nd Avenue,1203,,personal_care
6217341333,node,40.7652645,-73.966149,1582.6,shop,newsagent,A & A Discount,,newsagent,,,,,,,,+1 212-888-1064,,,,,,0,Lexington Avenue,838,10065,retail
4884280321,node,40.7643891,-73.9647628,1582.7,shop,supermarket,Morton Williams,Morton Williams,supermarket,,,,,,,Mo-Su 07:00-24:00,+1 212-935-9551,,,,,,,3rd Avenue,1066,,retail
6845659065,node,40.7880916,-73.9440531,1583.8,shop,beauty,Spafiesta Citi,,beauty,,,,,,,,+1 212-426-4602,,,,,,,East 102nd Street,301,,personal_care
7322799433,node,40.7650919,-73.9659241,1584.2,shop,newsagent,Infinity News,,newsagent,,,,,,,06:00-21:00,+1 212-223-3240,,,,,,0,Lexington Avenue,837,10065,retail
6343945767,node,40.7623173,-73.9597512,1585.2,shop,alcohol,Cork & Bottle Wine & Spirit,,alcohol,,,,,,,Mo-Fr 10:00-23:00; Sa 10:00-23:30; Su 12:00-21:00,+1-212-838-5300,http://corkandbottlenyc.com,,,,yes,,1st Avenue,1158,10065,retail
6206640245,node,40.7632916,-73.9626295,1586.7,amenity,cafe,B&B Bagels,,,cafe,,,,,,,,,,,yes,,,2nd Avenue,1201,10065,food_drink
2718050718,node,40.7650653,-73.965936,1587.0,amenity,restaurant,Loco Coco,Loco Coco,,restaurant,,,,,smoothie,"Mo-Fr 09:00-20:00; Sa, Su 09:00-19:00",+1 212-888-9900,,,,yes,yes,0,Lexington Avenue,835,10065,food_drink
12117552171,node,40.767542,-73.9380098,1587.6,amenity,fast_food,Costco Food Court,Costco,,fast_food,,,,,hot_dog;pizza;sandwich,Mo-Fr 10:00-20:30; Sa 09:30-18:00; Su 10:00-18:00,,https://www.costco.com/warehouse-locations/queens-long-island-city-ny-243.html,,,yes,,,Vernon Boulevard,3250,11106,food_drink
12117552173,node,40.7676477,-73.9378959,1588.8,shop,alcohol,KH&H Liquors,,alcohol,,,,,,,Mo-Fr 10:00-20:30; Sa 09:30-18:00; Su 10:00-18:00,+1-718-267-2992,https://khhliquors.com/,,,,,,Vernon Boulevard,32-50,11106,retail
9586584589,node,40.7652015,-73.9661993,1590.6,shop,clothes,Anna Belen,,clothes,,,,,,,"Mo, Tu, Th 10:00-18:00; We, Fr 09:00-18:00; Sa 10:00-17:00",+1 646-490-6591,,,,,,0,Lexington Avenue,834,10065,retail
12544932852,node,40.7641326,-73.9644736,1591.2,shop,alcohol,,,alcohol,,,,,,,,,,yes,,,,0,,,,retail
266941944,way,40.7900542,-73.9538776,1591.2,amenity,hospital,Mount Sinai Kravis Children's Hospital,,,hospital,,,,,,,+1 212-241-9500,https://www.mountsinai.org/locations/kravis-childrens,,,,,,5th Avenue,1184,10029,health
12300150547,node,40.7622657,-73.9598052,1592.2,amenity,bar,The Spotted Dog,,,bar,,,,,,,,,,,,,,1st Avenue,1154,10065,food_drink
7041663062,node,40.7894224,-73.9478249,1592.3,shop,laundry,Atmi Junior Laundromay,,laundry,,,,,,,24/7,+1 212 5342350,,yes,,,yes,1,East 102nd Street,156,10029,personal_care
4284788108,node,40.7650017,-73.9659528,1593.3,amenity,restaurant,Le Botaniste,,,restaurant,,,,,international,Mo-Su 11:00-21:00,+1 917-262-0766,https://lebotaniste.us/,yes,,yes,yes,0,Lexington Avenue,833,10065,food_drink
6217341325,node,40.7651745,-73.9662187,1594.0,shop,frame,Art Gallery & Custom Framing,,frame,,,,,,,,+1 212-319-3724,,,,,,0,Lexington Avenue,832,10065,retail
12544932851,node,40.7640978,-73.9645088,1596.0,amenity,cafe,Starbucks,Starbucks,,cafe,,,,,coffee_shop,,,,yes,,yes,,0,3rd Avenue,1077,,food_drink
8719915182,node,40.789179,-73.9466502,1599.1,shop,beauty,Yan Nail Inc,,beauty,,,,,,,,+1 212-426-3208,,,,,,,3rd Avenue,1848,10029,personal_care
12544932850,node,40.7640802,-73.9645456,1599.4,shop,gift,Learning Express Toys & Gifts,,gift,,,,,,,,,,,,,,0,3rd Avenue,1071,,retail
6217348302,node,40.7651199,-73.9662616,1600.9,shop,jewelry,Baronness,,jewelry,,,,,,,,,,,,,,,Lexington Avenue,832,10065,retail
266864017,way,40.7665962,-73.9682911,1612.5,tourism,hotel,Plaza Athénée,,,,,,hotel,,,,,,,,,,,East 64th Street,37,10065,hospitality
