location,osm_id,name,lat,lon,label,distance_m,lot_area_sqft,highway_type,lanes,dist_bus_stop_m,dist_hospital_m,dist_school_m,dist_park_m,res_ratio,com_ratio,median_income
lower_east_side,248757328,Sushi On Jones,40.7217454,-73.9903154,food_drink,29.4,2112.0,residential,,117.8,339.3,238.8,174.9,0.4914004914004914,0.5085995085995086,
lower_east_side,9630440540,Bowery Showroom,40.7218988,-73.9902703,retail,32.5,1183.0,residential,1.0,113.5,353.2,255.3,165.3,0.568892955169259,0.4311070448307411,
lower_east_side,9630440539,Rogue,40.7219194,-73.9903378,retail,38.4,2112.0,residential,1.0,119.3,353.7,254.4,159.6,0.4914004914004914,0.5085995085995086,
lower_east_side,12022102856,JJ Murphy Gallery,40.7219332,-73.9903883,leisure_entertainment,42.8,2112.0,residential,1.0,123.7,349.5,253.6,155.5,0.4914004914004914,0.5085995085995086,
lower_east_side,2554956143,Powers Lowenfels Gallery,40.7219487,-73.990434,leisure_entertainment,47.0,2112.0,residential,1.0,127.6,345.4,253.3,151.5,0.4914004914004914,0.5085995085995086,
lower_east_side,6236943855,Ms. Yoo,40.7211839,-73.9896938,food_drink,63.5,2200.0,primary,2.0,98.9,261.1,227.8,205.1,0.80004373018476,0.1999562698152399,
lower_east_side,13540964638,Cherry Bomb,40.7222953,-73.9899612,personal_care,64.4,980.0,residential,,88.0,354.3,306.5,138.0,,,
lower_east_side,4947115422,Spaghetti Incident,40.7223365,-73.9899431,food_drink,69.0,980.0,residential,,84.8,353.2,311.2,133.2,,,
lower_east_side,7097867537,Huan's Dry Cleaner,40.7211185,-73.9897032,personal_care,70.1,2200.0,primary,2.0,105.0,254.7,222.8,202.7,0.8571308159136884,0.1428691840863115,
lower_east_side,6236943854,Copper & Oak,40.7210247,-73.9897308,food_drink,79.4,3300.0,primary,2.0,114.7,246.0,214.8,198.4,0.865,0.135,
lower_east_side,2244694465,bOb Bar,40.7224339,-73.9899014,food_drink,80.0,3725.0,residential,,78.1,350.7,322.3,121.9,0.8661311914323963,0.1338688085676037,
lower_east_side,6236943853,Latin American Enterprise Services,40.7209153,-73.9897956,finance,90.2,3671.0,primary,2.0,121.6,237.2,203.6,191.2,0.8978203627852546,0.1021796372147454,
lower_east_side,7097867538,Krave Delicatessen & Cafe,40.7214918,-73.9889231,retail,91.6,2644.0,residential,1.0,37.4,279.2,229.6,184.0,0.0,1.0,
lower_east_side,2555126645,Fierce Grace,40.721335,-73.9890032,leisure_entertainment,91.8,2644.0,primary,2.0,55.8,262.7,236.8,202.5,0.0,1.0,
lower_east_side,4210170310,Mr. Taka Ramen,40.721278,-73.9890275,food_drink,93.1,2319.0,primary,2.0,62.5,256.7,239.3,209.1,0.855072463768116,0.144927536231884,
lower_east_side,6236943852,Kabisera,40.7208818,-73.9898439,food_drink,93.4,3671.0,primary,2.0,117.6,235.7,198.1,186.8,0.8978203627852546,0.1021796372147454,
lower_east_side,2244654779,82 Stanton,40.7216511,-73.988822,food_drink,96.9,2438.0,residential,1.0,19.1,296.1,222.0,164.4,0.0,1.0,
lower_east_side,6260920349,The Commission Social Club,40.7211381,-73.989103,retail,97.2,2698.0,primary,2.0,79.2,242.5,247.5,225.8,0.8000351895838832,0.1999648104161168,
lower_east_side,2555126641,Allan's Bakery,40.7211114,-73.9891168,food_drink,98.4,2698.0,primary,2.0,82.3,239.8,249.1,228.0,0.8000351895838832,0.1999648104161168,
lower_east_side,13236473849,Mamba Convenience,40.7218459,-73.9887776,retail,101.4,983.0,primary,2.0,6.2,305.8,221.4,143.9,0.0,1.0,
lower_east_side,2554956064,Republic Capital Group,40.7207963,-73.9898534,finance,102.7,3313.0,primary,2.0,108.1,227.6,192.5,185.4,0.8333742180792346,0.1666257819207653,
lower_east_side,2555126662,8282,40.721622,-73.9887536,food_drink,103.0,2438.0,residential,1.0,23.6,292.5,216.0,164.5,0.0,1.0,
lower_east_side,5947869885,Dialogue,40.7219208,-73.9887501,food_drink,105.2,983.0,primary,2.0,13.5,304.2,220.9,135.7,0.0,1.0,
lower_east_side,2555126638,Orchard Corset New York Store,40.7209775,-73.9891491,retail,107.3,2194.0,primary,2.0,97.4,225.7,254.3,228.4,0.8183178369135407,0.1816821630864593,
lower_east_side,7097867539,Star Convenience Store,40.721595,-73.9886852,retail,109.0,2180.0,residential,1.0,28.6,289.2,210.0,164.6,0.8499293785310734,0.1500706214689265,
lower_east_side,5978837401,NYC Falafel Co.,40.7224746,-73.9891072,food_drink,111.3,2851.0,primary,2.0,17.7,344.8,269.6,105.6,0.8876043673731535,0.1123956326268465,
lower_east_side,2555126636,Eddie Expert Tailor,40.7209108,-73.989183,personal_care,111.4,2194.0,primary,2.0,105.3,219.2,248.4,230.4,0.8183178369135407,0.1816821630864593,
lower_east_side,1297743360,Daniel's Leather,40.7210071,-73.989007,retail,113.1,2698.0,residential,,91.7,226.7,242.1,216.9,0.7340547198029383,0.2659452801970616,
lower_east_side,5415641574,Orchard Street Hotel,40.721147,-73.9888546,hospitality,113.2,2319.0,residential,,75.1,240.5,226.6,207.2,,,
lower_east_side,4426900990,The Slipper Room,40.7214075,-73.9886878,leisure_entertainment,113.3,1988.0,residential,1.0,48.0,268.4,209.9,183.7,0.0,1.0,
lower_east_side,6260920345,Teds Formal Wear,40.7208986,-73.9891402,retail,114.6,2194.0,primary,2.0,105.7,217.0,251.1,226.7,0.8183178369135407,0.1816821630864593,
lower_east_side,12852178435,Ki Smith Gallery,40.7212881,-73.9912165,leisure_entertainment,115.4,2917.0,residential,1.0,192.0,338.8,159.5,94.3,0.8684859444353116,0.1315140555646884,
lower_east_side,2555126633,S&A Leathers,40.7208466,-73.9892158,retail,115.6,2194.0,primary,2.0,112.9,212.9,242.9,232.6,0.8183178369135407,0.1816821630864593,
lower_east_side,3003918346,Marshall Stack,40.7206682,-73.9899466,food_drink,116.5,3313.0,residential,,93.7,219.2,178.8,177.4,0.8333742180792346,0.1666257819207653,
lower_east_side,4303190597,Bar Goto,40.7227628,-73.9898629,food_drink,116.7,3700.0,residential,,70.4,337.0,340.8,88.6,0.8333451027469811,0.1666548972530188,
lower_east_side,5359963421,Tipsy Village,40.7225293,-73.9890867,food_drink,117.1,2851.0,primary,2.0,11.6,344.7,270.6,99.8,0.8876043673731535,0.1123956326268465,
lower_east_side,6499655685,Zazzy's Pizza,40.7215656,-73.9885854,food_drink,117.8,2180.0,residential,1.0,35.9,285.8,201.4,164.2,0.8499293785310734,0.1500706214689265,
lower_east_side,3583839637,Jadis Wine Bar,40.7209937,-73.9910102,food_drink,119.0,3930.0,residential,1.0,157.3,302.8,136.9,92.7,0.8949469482088455,0.1050530517911545,
lower_east_side,6260920350,Cali Plug,40.7210817,-73.9888289,retail,119.2,2698.0,residential,,82.4,233.0,225.7,203.6,0.8000351895838832,0.1999648104161168,
lower_east_side,6630118961,Bareburger LES,40.7216328,-73.9885495,food_drink,120.0,2180.0,residential,1.0,32.6,286.0,199.0,156.1,0.8499293785310734,0.1500706214689265,
lower_east_side,2555126631,Askan,40.7207828,-73.9892483,retail,120.2,2194.0,primary,2.0,119.1,206.8,237.5,235.1,0.8183178369135407,0.1816821630864593,
lower_east_side,7087039285,Una Pizza Napoletana,40.7217167,-73.9884995,food_drink,123.8,2309.0,residential,1.0,31.3,281.8,195.9,145.9,0.8,0.2,
lower_east_side,5627068944,Self Edge,40.7209296,-73.988926,retail,124.0,2194.0,residential,,99.5,217.2,237.5,209.1,0.8183178369135407,0.1816821630864593,
lower_east_side,9630440537,The Hideout Chai Bar,40.7210014,-73.9911028,food_drink,124.3,2483.0,residential,1.0,159.0,308.8,133.9,85.7,0.9324095978371072,0.0675904021628928,
lower_east_side,2555126629,Krause Gallery,40.720719,-73.9892808,leisure_entertainment,125.1,2202.0,primary,2.0,111.5,200.8,232.2,233.4,0.8111960728783159,0.1888039271216841,
lower_east_side,5613766068,Ringivington Tobacco & Vape,40.7210119,-73.9911333,retail,125.5,2483.0,residential,1.0,160.6,311.4,133.8,83.7,0.9324095978371072,0.0675904021628928,
lower_east_side,12657573701,Son del North,40.7217779,-73.9884756,food_drink,126.0,1987.0,residential,1.0,31.5,280.0,195.0,138.9,0.7936814958091554,0.2063185041908446,
lower_east_side,5627103838,Orchard Corset Center,40.720887,-73.9889462,retail,126.2,2194.0,residential,,104.4,212.7,240.3,210.3,0.8183178369135407,0.1816821630864593,
lower_east_side,2555126626,Tinkersphere,40.720654,-73.989314,retail,130.4,2187.0,primary,2.0,103.7,194.8,227.0,230.8,0.8332861323515529,0.1667138676484471,
lower_east_side,12023299552,Lot 28,40.7206161,-73.989373,retail,132.2,2179.0,primary,2.0,97.8,192.5,220.8,226.0,0.8332861323515529,0.1667138676484471,
lower_east_side,7097867541,Hair Of The Dog,40.7213153,-73.9884871,food_drink,132.6,4400.0,residential,,63.9,258.1,193.6,183.0,0.0,1.0,
lower_east_side,6260920344,Pamela Barsky Boutique and Studio,40.7206416,-73.989268,retail,133.3,2187.0,primary,2.0,104.3,192.3,230.1,234.7,0.8332861323515529,0.1667138676484471,
lower_east_side,7097867544,A Turen,40.7211596,-73.9885646,retail,133.5,2215.0,residential,,77.4,240.6,202.3,183.9,0.8111361189940307,0.1888638810059692,
lower_east_side,2554956153,Sonnyboy,40.7205179,-73.9900978,food_drink,133.7,1400.0,residential,,78.3,212.7,160.1,166.1,0.8734177215189873,0.1265822784810126,
lower_east_side,7097867543,Insomnia Cookie,40.7211242,-73.9885804,food_drink,134.3,2215.0,residential,,80.8,236.7,204.3,184.1,0.8111361189940307,0.1888638810059692,
lower_east_side,2555126623,Allen Tailor & Cleaning,40.720582,-73.9893906,personal_care,135.2,2179.0,primary,2.0,93.7,189.5,218.2,224.7,0.8332861323515529,0.1667138676484471,
lower_east_side,5401978059,Askan,40.7207194,-73.9890321,retail,136.1,2194.0,residential,,122.1,195.6,251.8,216.7,0.8183178369135407,0.1816821630864593,
lower_east_side,7097867542,Alganad,40.7210324,-73.9886251,retail,136.4,2171.0,residential,,89.8,226.6,210.1,185.6,0.8692396313364056,0.1307603686635944,
lower_east_side,4513631498,ViVi Bubble Tea,40.7227486,-73.9890819,food_drink,137.0,4940.0,primary,2.0,16.3,351.9,281.7,75.9,0.8680466784874851,0.1319533215125149,
lower_east_side,6356964285,DIU Tea,40.7209969,-73.9886406,food_drink,137.6,2171.0,residential,,93.4,222.6,212.3,186.2,0.8692396313364056,0.1307603686635944,
lower_east_side,248757343,University Settlement Society of New York,40.7205414,-73.99052,leisure_entertainment,138.6,5366.0,residential,,94.0,237.9,129.8,130.5,0.0,1.0,
lower_east_side,7097867545,The Skinny Bar,40.7215883,-73.9883313,food_drink,138.7,2450.0,residential,1.0,50.5,267.7,180.2,155.0,0.0,1.0,
lower_east_side,6910698801,Gnocchi on 9th,40.7209648,-73.9886535,food_drink,138.8,2170.0,residential,,96.7,219.1,214.2,186.8,0.8491620111731844,0.1508379888268156,
lower_east_side,6910698804,Rawsome Treats,40.7209357,-73.9886673,food_drink,139.9,2170.0,residential,,99.7,215.9,216.2,187.5,0.8491620111731844,0.1508379888268156,
lower_east_side,2567547059,Arlene's Grocery,40.7213285,-73.9883827,food_drink,140.5,4400.0,residential,,67.3,259.9,184.7,175.4,0.0,1.0,
lower_east_side,4317608790,Fossetta,40.7224046,-73.9885699,food_drink,140.6,1956.0,primary,2.0,34.4,299.0,225.4,84.3,0.0,1.0,
lower_east_side,5443702879,Sauce,40.7204957,-73.9894353,food_drink,143.0,3062.0,residential,,83.5,182.1,211.6,221.8,0.8420413122721749,0.157958687727825,
lower_east_side,2555126652,Baby Grand LES,40.7221,-73.9883133,food_drink,145.9,2192.0,residential,1.0,54.4,270.3,191.6,100.5,0.7142857142857143,0.2857142857142857,
lower_east_side,4475036592,Mr Purple,40.7218111,-73.9882321,food_drink,146.8,15611.0,residential,1.0,51.6,259.7,175.6,128.9,0.0,0.1628721014202038,
lower_east_side,2555126634,Two Doors Down,40.7228647,-73.9890918,food_drink,147.6,1848.0,primary,3.0,12.4,357.3,289.2,63.1,0.0,1.0,
lower_east_side,4420366891,Rockwood Music Hall,40.7224743,-73.9885122,leisure_entertainment,148.9,3938.0,primary,2.0,35.4,296.6,224.9,75.5,0.3539644012944983,0.6460355987055016,
lower_east_side,5283338296,Bank of America ATM,40.7230295,-73.9896169,finance,149.0,3750.0,residential,,45.9,345.7,326.7,52.4,0.7656912526828247,0.2343087473171753,
lower_east_side,12319938268,Mini Cart Convenience,40.7228594,-73.98904,retail,149.3,4940.0,primary,3.0,13.3,353.0,285.2,64.8,0.8680466784874851,0.1319533215125149,
lower_east_side,4504872489,Kisa,40.722836,-73.9889877,food_drink,149.5,4940.0,primary,3.0,17.3,347.9,280.1,68.7,0.8680466784874851,0.1319533215125149,
lower_east_side,4464270289,Jadis,40.7204555,-73.9893332,food_drink,150.1,3062.0,residential,,83.6,174.6,218.6,224.2,0.8420413122721749,0.157958687727825,
lower_east_side,11036037905,Pizza Loves Sauce,40.7230597,-73.9897166,food_drink,150.9,3750.0,primary,2.0,53.2,336.7,332.5,55.2,0.7656912526828247,0.2343087473171753,
lower_east_side,4851671822,Fools Gold,40.723084,-73.9897897,food_drink,152.9,2175.0,primary,2.0,58.3,330.0,336.8,57.8,0.5862884160756501,0.4137115839243498,
lower_east_side,6236943850,Tian Tian Laundromat,40.7203299,-73.9901284,personal_care,154.7,2800.0,primary,1.0,58.6,198.2,150.3,167.8,0.8837749883774988,0.1162250116225011,
lower_east_side,4579320496,Invisible Tattoo NYC,40.7206259,-73.9888264,personal_care,154.8,2200.0,residential,,125.0,182.6,240.3,199.7,0.8053352559480894,0.1946647440519106,
lower_east_side,11196521509,Beloved Café & Resto,40.7225587,-73.9884993,food_drink,155.3,585.0,primary,2.0,34.8,298.5,228.8,68.6,0.0,1.0,
lower_east_side,6332132890,,40.7203122,-73.9900905,personal_care,156.4,2800.0,primary,1.0,55.8,194.6,152.8,171.4,0.8837749883774988,0.1162250116225011,
lower_east_side,6940009755,Sauce Pizzeria,40.7204308,-73.9891931,food_drink,157.2,3062.0,residential,,88.2,168.0,229.3,228.0,0.8420413122721749,0.157958687727825,
lower_east_side,5726897055,Rotana Smoke Shop,40.7220262,-73.9881241,retail,159.3,2195.0,residential,1.0,64.8,253.2,173.8,103.5,0.799865831842576,0.2001341681574239,
lower_east_side,5401618223,Grit N Glory,40.7219645,-73.9880966,personal_care,160.2,2202.0,residential,1.0,65.0,249.9,169.3,109.8,0.8179959100204499,0.1820040899795501,
lower_east_side,6236943849,Hair Queen,40.7202766,-73.9901449,personal_care,160.7,2800.0,primary,1.0,53.4,194.7,147.4,168.1,0.8837749883774988,0.1162250116225011,
lower_east_side,5726897054,Le French Diner,40.7220477,-73.9880873,food_drink,162.8,2195.0,residential,1.0,68.5,250.6,171.8,100.5,0.799865831842576,0.2001341681574239,
lower_east_side,2486570141,Yonah Shimmel Knish Bakery,40.7231858,-73.9901312,food_drink,164.0,1628.0,primary,2.0,54.1,299.1,356.9,64.9,0.7115384615384616,0.2884615384615384,
lower_east_side,2555126668,The Gatsby Hotel,40.7231911,-73.9902082,hospitality,165.3,2072.0,primary,2.0,48.0,292.7,359.6,63.0,,,
lower_east_side,10780303885,Sami & Susu,40.7221103,-73.9880747,food_drink,165.5,2189.0,residential,1.0,72.3,250.8,173.6,93.5,0.8116524359618282,0.1883475640381717,
lower_east_side,7097867547,El Churro,40.7226618,-73.9884425,food_drink,166.2,585.0,primary,2.0,40.7,298.1,231.2,58.2,0.0,1.0,
lower_east_side,6910698803,Bonsai Kakigori,40.7213951,-73.9880234,food_drink,167.8,2237.0,residential,,83.9,243.6,154.0,151.4,0.8,0.2,
lower_east_side,4773391724,Stanton Social,40.7212197,-73.9880769,food_drink,168.7,1650.0,residential,,93.1,250.8,160.6,147.0,0.0,1.0,
lower_east_side,9844215587,$1.50 Pizza,40.7226604,-73.9883801,food_drink,170.2,3938.0,primary,2.0,45.8,293.1,226.8,53.8,0.3539644012944983,0.6460355987055016,
lower_east_side,6251085480,Army & Navy Bags,40.7226194,-73.9883371,retail,170.3,3938.0,primary,2.0,48.6,288.1,221.2,53.7,0.3539644012944983,0.6460355987055016,
lower_east_side,13568423501,Felix’s Handmade Empanadas,40.7221731,-73.9880406,food_drink,170.3,2189.0,residential,1.0,78.2,249.4,174.0,86.1,0.7999246420497362,0.2000753579502637,
lower_east_side,6940112503,Trapizzino,40.7203717,-73.9889547,food_drink,172.2,1880.0,residential,,97.8,156.4,247.5,213.8,0.7145575642245481,0.285442435775452,
lower_east_side,6910698802,Stanton Smoke & Beer,40.721374,-73.9879484,retail,174.5,2237.0,residential,,90.5,237.6,147.8,144.8,0.8,0.2,
lower_east_side,10270363608,Partly Cloudy,40.7222794,-73.9919172,retail,175.7,1667.0,secondary,3.0,135.9,233.7,261.1,74.3,0.7988295537673739,0.2011704462326262,
lower_east_side,10270502714,Pink's Cantina,40.7223163,-73.9918972,food_drink,175.7,1667.0,secondary,3.0,138.1,231.4,265.1,69.9,0.7988295537673739,0.2011704462326262,
lower_east_side,10649898800,Paula Rubenstein Ltd.,40.7221026,-73.9920057,retail,176.9,5000.0,secondary,3.0,127.3,246.1,241.8,95.2,0.9765419901199718,0.0234580098800282,
lower_east_side,2486570143,Russ & Daughters,40.7225826,-73.9881925,food_drink,178.0,4850.0,primary,2.0,60.6,275.2,208.9,48.4,0.8333333333333334,0.1666666666666666,
lower_east_side,4706140689,Voltz Clarke Gallery,40.7220357,-73.9920403,leisure_entertainment,178.1,6250.0,secondary,3.0,124.8,251.1,234.5,103.2,0.6666666666666666,0.3333333333333333,
lower_east_side,6910698800,Frankie Shop,40.7213565,-73.9878879,retail,179.9,2237.0,residential,,95.8,232.9,142.9,139.4,0.8,0.2,
lower_east_side,10172649478,Ludlow Flea Market,40.7210615,-73.9880156,retail,180.0,1063.0,residential,,109.7,234.4,159.6,136.4,,,
lower_east_side,7097867546,Ankara #3,40.7225587,-73.988108,food_drink,182.7,4850.0,residential,1.0,67.7,267.6,201.6,46.9,0.8333333333333334,0.1666666666666666,
lower_east_side,12389252862,Oh K-Dog,40.7210944,-73.9879603,food_drink,182.8,2139.0,residential,,110.0,239.0,154.1,133.0,0.8356344510190664,0.1643655489809335,
lower_east_side,6236928057,bitforms gallery,40.7200826,-73.990232,leisure_entertainment,183.0,2204.0,primary,1.0,38.5,185.1,136.0,157.4,0.8181818181818182,0.1818181818181818,
lower_east_side,12389258451,Apartment 5,40.7209735,-73.9880154,food_drink,184.2,1063.0,residential,,117.4,224.9,162.6,134.0,,,
lower_east_side,4811831522,September Wines & Spirits,40.7213412,-73.9878349,retail,184.6,2237.0,residential,,97.0,228.7,138.6,134.7,0.8,0.2,
lower_east_side,12389262001,Morochas Cafe,40.7209244,-73.9880432,food_drink,184.6,2187.0,residential,,120.5,219.0,166.7,135.3,0.8545454545454545,0.1454545454545454,
lower_east_side,11196519128,V Nail,40.7208491,-73.9880881,personal_care,185.5,2188.0,residential,,125.6,210.1,173.4,137.9,0.6148788035069623,0.3851211964930376,
lower_east_side,12254980775,The Dutchess Tea House,40.7217666,-73.9921781,food_drink,186.3,2483.0,secondary,3.0,119.6,272.5,206.0,116.6,0.9121779859484778,0.0878220140515222,
lower_east_side,6910698799,Revival,40.7214223,-73.9877903,food_drink,186.5,1838.0,residential,,90.9,223.7,134.2,136.4,0.8,0.2,
lower_east_side,6236928056,Joey Bats Café,40.7200481,-73.9902485,food_drink,187.0,2204.0,primary,1.0,36.8,183.6,134.2,153.4,0.7248968363136176,0.2751031636863824,
lower_east_side,10784512908,Express Tailor Shop,40.7202983,-73.9886872,personal_care,191.1,1850.0,residential,,106.4,145.2,225.3,193.5,0.9257425742574258,0.0742574257425742,
lower_east_side,6236928055,Kris Graphics,40.7200058,-73.9902712,retail,191.9,2204.0,primary,1.0,35.4,182.2,131.9,148.4,0.7248968363136176,0.2751031636863824,
lower_east_side,11157772487,Hotel Indigo,40.7217017,-73.9876904,hospitality,192.0,2188.0,residential,,80.4,213.6,128.4,137.7,1.0,0.0,
lower_east_side,6417061185,Empirical Nonsense,40.7201441,-73.9889614,leisure_entertainment,194.3,2500.0,residential,,83.7,131.9,243.2,214.2,0.7795275590551181,0.2204724409448819,
lower_east_side,6236928054,Allen St. Cut & Shave,40.7199755,-73.9902845,personal_care,195.4,2204.0,primary,1.0,34.5,181.0,130.6,144.8,0.9268578115857228,0.0731421884142773,
lower_east_side,7049605285,The Box,40.7218957,-73.9922775,leisure_entertainment,195.6,2499.0,secondary,3.0,107.4,255.9,221.5,124.7,0.0,1.0,
lower_east_side,6938593685,CVS Pharmacy,40.7224889,-73.9878547,health,197.8,14388.0,residential,1.0,89.5,244.9,180.0,49.5,0.5915542985818835,0.4084457014181165,
lower_east_side,12365486436,Bonnie Vee,40.7224569,-73.9921311,food_drink,200.0,1666.0,residential,1.0,122.5,207.2,281.8,63.9,0.8605482717520858,0.1394517282479142,
lower_east_side,12389242645,Tre,40.7218109,-73.9875935,food_drink,200.5,2216.0,residential,,74.9,206.0,123.6,126.8,0.8396051819864281,0.1603948180135718,
lower_east_side,5726883079,Taverna Di Bacco,40.7218756,-73.9875758,food_drink,202.5,2187.0,residential,,75.9,205.2,124.7,120.0,0.8375,0.1625,
lower_east_side,6233954071,Wildair,40.7200045,-73.9891428,food_drink,202.6,2500.0,residential,,63.5,122.2,226.9,192.5,0.8467315503103686,0.1532684496896313,
lower_east_side,12389249071,Creperie,40.7203576,-73.9883392,food_drink,204.2,231.0,residential,,93.1,152.7,197.3,163.5,0.0,1.0,
lower_east_side,11196495052,Richard Taittinger Gallery,40.7209094,-73.987787,leisure_entertainment,204.6,6675.0,residential,,118.0,222.8,147.5,113.7,0.0,1.0,
lower_east_side,11196535069,Reformation,40.7209673,-73.9877516,retail,204.6,6675.0,residential,,111.5,229.8,142.1,112.2,0.0,1.0,
lower_east_side,6233954074,,40.7199688,-73.989175,retail,205.5,2207.0,residential,,59.7,119.7,224.1,187.7,0.8014997794441994,0.1985002205558006,
lower_east_side,5726883078,BBF,40.7219414,-73.987541,food_drink,206.1,2196.0,residential,,76.4,203.2,124.9,113.5,0.8,0.2,
lower_east_side,6236928053,Felix Tailor Shop,40.7198811,-73.9903311,personal_care,206.3,2204.0,primary,1.0,34.4,178.2,126.7,133.8,0.8333333333333334,0.1666666666666666,
lower_east_side,6233954070,Corner Grocers,40.7199599,-73.9891431,retail,207.3,2207.0,residential,,62.1,117.6,226.7,188.8,0.8014997794441994,0.1985002205558006,
lower_east_side,12365474597,Soho Deli Grocery,40.7224752,-73.992221,retail,207.7,1666.0,residential,1.0,116.0,201.4,284.6,67.1,0.8605482717520858,0.1394517282479142,
lower_east_side,6910650056,,40.7198626,-73.9902959,finance,207.9,2204.0,primary,1.0,30.9,174.5,129.8,132.4,0.8333333333333334,0.1666666666666666,
lower_east_side,6236928050,Liox Cleaners & Laundry,40.7198802,-73.9904413,personal_care,208.0,2275.0,primary,1.0,42.8,185.9,117.5,132.1,0.7350704400947513,0.2649295599052487,
lower_east_side,12389243039,Chinato,40.7212805,-73.9875664,food_drink,208.2,2237.0,residential,,78.8,207.7,117.1,111.9,0.8332507023632457,0.1667492976367542,
lower_east_side,5980545378,Roni-Sues Chocolate,40.7203663,-73.9916861,food_drink,208.5,2527.0,residential,1.0,112.6,303.7,49.8,50.1,0.8511904761904762,0.1488095238095238,
lower_east_side,6910650054,Indi Thai,40.7198493,-73.9903448,food_drink,210.0,2275.0,primary,1.0,34.0,177.2,125.8,130.1,0.7350704400947513,0.2649295599052487,
lower_east_side,6902874803,Banzarbar,40.7220111,-73.9924309,food_drink,210.1,6250.0,secondary,3.0,92.3,239.0,236.6,119.2,0.6666666666666666,0.3333333333333333,
lower_east_side,662433328,Freemans,40.7219891,-73.9924423,food_drink,210.6,6250.0,secondary,3.0,91.7,240.9,234.4,121.8,0.6666666666666666,0.3333333333333333,
lower_east_side,6233954069,Contra,40.7199157,-73.9891737,food_drink,211.1,2207.0,residential,,58.4,114.3,224.2,183.4,0.8014997794441994,0.1985002205558006,
lower_east_side,6479472844,Van Leeuwen Ice Cream,40.7215404,-73.9874688,food_drink,211.6,2215.0,residential,,61.8,195.4,107.4,124.4,0.8,0.2,
lower_east_side,6236928051,Yeah Man Spa,40.7198456,-73.9904591,personal_care,212.0,2275.0,primary,1.0,42.9,185.2,116.2,128.1,0.7350704400947513,0.2649295599052487,
lower_east_side,2567547060,Serafina Ludlow,40.720194,-73.9884455,food_drink,212.4,1650.0,residential,,83.8,133.7,203.8,177.4,0.6162790697674418,0.3837209302325581,
lower_east_side,6236928052,Antler Beer & Wine Dispensary,40.7198154,-73.9903628,food_drink,213.9,2275.0,primary,1.0,34.3,176.5,124.6,126.1,0.7350704400947513,0.2649295599052487,
lower_east_side,6938593785,Marshalls,40.7224138,-73.9875998,retail,214.2,14388.0,primary,2.0,111.9,221.9,158.3,61.7,0.5915542985818835,0.4084457014181165,
lower_east_side,12254582619,BonBon,40.7197838,-73.9897974,food_drink,215.3,2190.0,primary,3.0,6.0,135.6,172.4,140.0,0.8863391510450334,0.1136608489549666,
lower_east_side,11086511016,Bungee Space,40.7224818,-73.9923162,retail,215.4,2500.0,residential,1.0,108.7,196.5,286.4,72.2,0.9145299145299144,0.0854700854700854,
lower_east_side,2547684104,Ray's,40.7212215,-73.9924426,food_drink,215.6,2487.0,residential,1.0,135.1,288.3,152.3,64.6,0.8333700036670334,0.1666299963329666,
lower_east_side,5544177806,$1.50 Fresh Slice Pizza,40.7210704,-73.987549,food_drink,216.2,2225.0,residential,,91.1,212.4,122.0,99.5,0.6153846153846154,0.3846153846153846,
lower_east_side,11196525086,Akila,40.7204078,-73.9880709,health,216.2,4235.0,residential,,89.2,162.6,176.3,140.2,0.8283828382838284,0.1716171617161716,
lower_east_side,5585374466,Ludlow Coffee Supply,40.7216695,-73.9873956,food_drink,216.9,4327.0,residential,,55.4,188.7,103.4,131.4,0.8,0.2,
lower_east_side,7125925887,Sweet Chick,40.7217365,-73.987391,food_drink,217.3,4327.0,residential,,56.3,188.5,104.9,137.3,0.8,0.2,
lower_east_side,4388528762,Wolfnights,40.7200494,-73.9885393,food_drink,221.0,2500.0,residential,,79.1,117.2,211.1,190.6,0.8333208536128791,0.1666791463871209,
lower_east_side,6233954073,Orchard Express Tailor Shop,40.7198275,-73.9891338,personal_care,221.5,2207.0,residential,,60.8,104.0,227.8,178.7,0.8001776198934281,0.1998223801065719,
lower_east_side,6233725906,Dear 55,40.719996,-73.9886255,retail,222.3,2500.0,residential,,82.0,111.4,218.4,199.6,0.4715447154471545,0.5284552845528455,
lower_east_side,11196519129,BlueRoad,40.7202825,-73.9881263,food_drink,222.5,3554.0,residential,,77.6,147.9,178.2,148.7,,,
lower_east_side,6233954068,Adriennes,40.7197814,-73.9892494,retail,223.5,2207.0,residential,,51.1,104.5,218.4,168.2,0.8001776198934281,0.1998223801065719,
lower_east_side,5544177807,San Loco,40.7210507,-73.9874657,food_drink,223.6,2225.0,residential,,87.5,206.5,116.3,92.2,0.6153846153846154,0.3846153846153846,
lower_east_side,2555126598,,40.719721,-73.9895213,leisure_entertainment,225.0,2190.0,residential,,30.0,113.8,196.3,147.8,0.8863391510450334,0.1136608489549666,
lower_east_side,9064064217,The Lazy Llama Coffee Bar,40.7234822,-73.9886664,food_drink,225.0,1664.0,residential,1.0,33.3,357.9,232.3,50.8,0.6936252414681262,0.3063747585318738,
lower_east_side,11196500996,Iggy's,40.7202321,-73.9881513,food_drink,225.1,3554.0,residential,,73.3,142.0,179.6,152.6,,,
lower_east_side,6233954072,Lisa Shaub Fine Millinery,40.7197739,-73.9892113,retail,225.2,2207.0,residential,,54.4,102.1,221.7,169.9,0.8001776198934281,0.1998223801065719,
lower_east_side,12623548203,Cafe La Fe,40.7235315,-73.9887809,food_drink,225.3,837.0,residential,1.0,42.7,368.9,238.6,42.5,0.8,0.2,
lower_east_side,250266779,The Redford Hotel,40.7203209,-73.9880239,hospitality,225.7,2003.0,residential,,78.8,154.4,170.4,139.2,,,
lower_east_side,12319918269,Superbueno,40.7234538,-73.9885506,food_drink,227.2,1664.0,residential,1.0,24.4,348.0,225.2,60.1,0.6936252414681262,0.3063747585318738,
lower_east_side,5632288423,Roof Top at Public,40.723034,-73.9920355,food_drink,227.6,22705.0,residential,1.0,95.3,164.4,345.3,31.6,0.1350968769353269,0.0,
lower_east_side,11196524404,Bel Fries,40.72018,-73.9881813,food_drink,227.7,3554.0,residential,,69.4,135.7,181.5,157.1,,,
lower_east_side,317111780,"PUBLIC, an Ian Schrager hotel",40.7230518,-73.9920178,hospitality,227.8,22705.0,residential,1.0,93.7,164.2,347.2,31.1,0.1350968769353269,0.0,
lower_east_side,6233725907,M. A. Grocery,40.7199767,-73.988533,retail,228.1,2500.0,residential,,74.2,109.2,210.7,193.4,0.8333208536128791,0.1666791463871209,
lower_east_side,2555128954,One and One,40.7232877,-73.9882234,food_drink,228.4,1715.0,residential,,23.3,314.9,212.1,50.2,0.7690995491653466,0.2309004508346533,
lower_east_side,6233954067,Melt Bakery,40.7197293,-73.9892699,food_drink,228.6,2207.0,residential,,50.2,100.7,217.2,162.9,0.799308730070242,0.200691269929758,
lower_east_side,1919602938,La Colombe Coffee Roasters,40.7235092,-73.9913293,food_drink,230.0,58110.0,primary,3.0,38.3,192.0,390.6,71.7,0.7274306399814819,0.272569360018518,
lower_east_side,1915398676,Katz's Delicatessen,40.7223431,-73.987353,food_drink,231.2,7003.0,primary,2.0,93.0,199.7,137.8,78.1,0.0,1.0,
lower_east_side,12365498908,Forsythia,40.7225386,-73.9924913,food_drink,231.4,982.0,residential,1.0,97.9,183.7,295.1,80.1,,,
lower_east_side,11196526271,Rice to Riches,40.7201236,-73.9881977,food_drink,231.6,3554.0,residential,,64.7,129.3,182.5,160.9,,,
lower_east_side,5712881995,Freemans Sporting Club,40.7214945,-73.9927185,retail,233.0,3230.0,residential,1.0,97.0,261.4,189.0,102.7,0.8459271168274384,0.1540728831725616,
lower_east_side,12326900425,Off Soho Suites Hotel,40.7212963,-73.9926787,hospitality,233.1,5000.0,residential,1.0,116.0,267.3,167.6,82.9,0.0,0.166647642963132,
lower_east_side,12319900971,La Linea,40.7235041,-73.9885185,food_drink,233.4,1250.0,residential,1.0,20.6,349.1,220.2,63.4,0.7499186991869918,0.2500813008130081,
lower_east_side,2555126595,Russ & Daughters Cafe,40.7196388,-73.9895629,food_drink,233.5,3480.0,residential,,28.7,110.1,194.1,138.6,0.8152230971128609,0.1847769028871391,
lower_east_side,11558613469,MayRee,40.7237527,-73.9892869,food_drink,233.7,2500.0,residential,1.0,60.4,357.3,268.4,37.4,1.0,0.0,
lower_east_side,5455462001,Cafe Himalaya,40.723193,-73.9879942,food_drink,233.8,1710.0,residential,,36.1,293.0,204.0,31.1,0.7384615384615385,0.2615384615384615,
lower_east_side,250266597,The Ludlow Hotel,40.7218279,-73.9871952,hospitality,234.1,6806.0,residential,,44.8,172.7,93.1,134.9,0.0,0.0905461649537076,
lower_east_side,4419745689,,40.7201106,-73.9917776,retail,234.7,8533.0,residential,1.0,98.5,297.4,20.4,71.8,1.0,0.0,
lower_east_side,6233725908,Set L.E.S,40.7198803,-73.9885811,food_drink,235.3,2500.0,residential,,73.1,98.4,215.4,201.8,0.8333208536128791,0.1666791463871209,
lower_east_side,6233954066,Perrotin New York,40.7196517,-73.9892959,leisure_entertainment,236.4,6510.0,residential,,50.5,95.3,216.1,155.3,0.3805818875573838,0.6194181124426161,
lower_east_side,11761689742,Lucien,40.7233554,-73.9881736,food_drink,236.9,2275.0,primary,4.0,15.2,315.8,204.2,54.1,0.8,0.2,
lower_east_side,13446122648,Untitled,40.7218795,-73.9927921,hospitality,238.6,8576.0,residential,1.0,66.8,243.3,231.1,143.0,,,
lower_east_side,5302771423,extra butter,40.7195776,-73.9896139,retail,239.7,2934.0,residential,,27.7,109.3,191.2,130.6,0.7674694977024243,0.2325305022975756,
lower_east_side,6233803807,Pretty Ricky's,40.7199647,-73.9882898,food_drink,240.7,3433.0,residential,,56.6,110.3,190.3,175.8,0.8347910592808552,0.1652089407191448,
lower_east_side,12366546101,Double Chicken Please,40.7195842,-73.9904912,food_drink,241.1,2206.0,primary,1.0,14.0,174.7,119.6,98.9,0.7347421422032346,0.2652578577967653,
lower_east_side,6053066286,Edith Machinist,40.7201543,-73.9879826,retail,241.2,1760.0,residential,,60.1,138.0,164.6,143.1,0.7381546134663342,0.2618453865336658,
lower_east_side,13572901544,First Things First Quickstop,40.7233977,-73.9881426,retail,242.2,2275.0,primary,4.0,10.6,316.6,199.4,55.1,0.8,0.2,
lower_east_side,4745476137,Loreley Beer Garden,40.7213361,-73.9928125,food_drink,243.3,2793.0,residential,1.0,105.8,255.5,176.6,93.7,0.8466100828305553,0.1533899171694447,
lower_east_side,6233725910,Love Yours,40.7197748,-73.9886289,retail,243.6,3256.0,residential,,73.6,86.8,220.7,207.8,0.8141208418194161,0.1858791581805838,
lower_east_side,3608052274,Lil' Frankies,40.7235847,-73.9884552,food_drink,243.8,1269.0,primary,4.0,17.0,350.1,211.3,70.5,0.75,0.25,
lower_east_side,6234635908,Rhizome,40.7223303,-73.9927703,office_professional,245.8,16850.0,residential,1.0,66.9,195.7,278.1,112.5,0.0,1.0,
lower_east_side,6236928048,Sago Hotel,40.7194926,-73.9899366,hospitality,247.2,1824.0,primary,3.0,25.0,127.8,167.2,106.4,0.0,0.1842089390192412,
lower_east_side,4160710889,Lydia's,40.7234419,-73.98811,food_drink,247.7,2275.0,primary,4.0,7.1,317.4,194.3,55.2,0.8,0.2,
lower_east_side,2554956071,Gourmet Deli,40.7197243,-73.9912854,retail,247.7,5008.0,residential,,40.9,242.8,51.7,125.7,0.2701566908807108,0.7298433091192892,
lower_east_side,2554956134,Chair Up,40.7197445,-73.9913523,retail,248.3,5008.0,primary,4.0,47.0,248.9,45.6,123.6,0.2701566908807108,0.7298433091192892,
lower_east_side,12164415649,Diamond Thai,40.7197179,-73.988654,food_drink,248.3,3256.0,residential,,74.7,80.7,223.7,202.4,0.8141208418194161,0.1858791581805838,
lower_east_side,13241423684,Studio6 Gallery,40.7200689,-73.9879624,leisure_entertainment,249.3,1760.0,residential,,50.5,129.9,162.5,146.0,0.5,0.5,
lower_east_side,12319914323,Lil Frankie’s Grocery,40.7236297,-73.9884264,food_drink,249.4,1269.0,primary,4.0,17.8,351.3,206.9,74.3,0.75,0.25,
lower_east_side,2554956152,New Chung Wah Sign & Store,40.7195261,-73.9906196,retail,249.6,2208.0,primary,3.0,13.9,182.6,111.8,91.6,0.7325905292479109,0.2674094707520891,
lower_east_side,11652456194,Tigre,40.7199283,-73.9881704,food_drink,250.0,2400.0,residential,,46.4,109.1,180.5,169.1,0.0,1.0,
lower_east_side,2554956160,Subway,40.7195035,-73.9905455,food_drink,250.8,2208.0,primary,3.0,7.4,175.9,118.6,89.5,0.7325905292479109,0.2674094707520891,
lower_east_side,13446122647,Unscripted Ink,40.7219262,-73.9929326,personal_care,250.8,8576.0,primary,2.0,53.9,235.5,240.3,152.6,,,
lower_east_side,5769099740,Pacific Aquarium,40.719773,-73.9914829,retail,250.9,2500.0,primary,4.0,58.4,260.3,34.4,115.9,0.8056265984654731,0.1943734015345268,
lower_east_side,1270769388,il laboratorio del gelato,40.7222645,-73.9870761,food_drink,251.3,3000.0,primary,3.0,72.4,174.8,115.6,99.2,0.8,0.2,
lower_east_side,13732385972,New Museum,40.7223463,-73.9928406,leisure_entertainment,251.9,16850.0,primary,2.0,62.1,192.2,281.5,116.4,0.0,1.0,
lower_east_side,6233725911,Izakaya Juraku,40.7196705,-73.9886785,food_drink,252.1,1665.0,residential,,76.3,75.6,226.7,197.8,0.0,1.0,
lower_east_side,13276407496,Embriago Coffee,40.7213716,-73.9929319,food_drink,252.6,2565.0,residential,1.0,97.0,245.0,184.9,103.6,0.897771416888162,0.102228583111838,
lower_east_side,5272753421,NYC Express Deli,40.7234862,-73.9880775,retail,253.3,4400.0,primary,4.0,7.1,318.4,189.3,55.9,0.8333333333333334,0.1666666666666666,
lower_east_side,6233803806,Ringo's Salon,40.7197708,-73.9883919,personal_care,253.9,3433.0,residential,,54.1,87.5,201.0,194.2,0.8347910592808552,0.1652089407191448,
lower_east_side,12601614670,Yours Wholesome Foods,40.7211139,-73.9870573,retail,254.3,1760.0,residential,,61.8,171.8,82.3,66.5,0.7727272727272727,0.2272727272727272,
lower_east_side,3442228669,Economy Candy,40.7200524,-73.9878956,food_drink,254.5,1760.0,residential,,47.2,130.5,156.8,142.1,0.0,1.0,
lower_east_side,6233607285,Con Artist Collective,40.7196295,-73.9887194,leisure_entertainment,254.8,1646.0,residential,,79.6,71.6,230.9,192.4,0.6282372598162071,0.3717627401837928,
lower_east_side,13525138501,Ye’s Apothecary,40.7194241,-73.9896952,food_drink,255.9,1824.0,residential,,36.2,106.2,188.9,113.5,0.0,0.1842089390192412,
lower_east_side,5240158818,Morgenstern's Finest Ice Cream,40.7215736,-73.9930301,food_drink,258.5,2241.0,residential,1.0,73.6,234.7,208.5,125.6,0.8121753835004227,0.1878246164995772,
lower_east_side,6233803805,Caffè Vita,40.7197029,-73.9884286,food_drink,258.8,2209.0,residential,,55.6,79.6,205.3,201.0,0.8761904761904762,0.1238095238095238,
lower_east_side,3064399843,Divya’s Kitchen,40.7237147,-73.9883625,food_drink,260.2,2600.0,primary,4.0,23.1,353.1,198.1,82.7,0.0,1.0,
lower_east_side,2555128944,V-Nam Cafe,40.7235425,-73.9880361,food_drink,260.3,4400.0,primary,4.0,11.9,319.7,182.9,57.6,0.8333333333333334,0.1666666666666666,
lower_east_side,5108281325,Patacón Pisao,40.7203526,-73.9874524,food_drink,260.7,2250.0,primary,2.0,84.0,177.9,124.3,93.2,0.8142076502732241,0.1857923497267759,
lower_east_side,6233803804,375° Chicken 'n Fries,40.7196774,-73.9884415,food_drink,260.7,2209.0,residential,,56.4,76.6,206.9,203.5,0.8761904761904762,0.1238095238095238,
lower_east_side,4550150891,,40.7200282,-73.987818,food_drink,260.9,1826.0,residential,,43.6,131.1,150.3,138.1,0.6055303521278894,0.3944696478721106,
lower_east_side,6233954065,Max Fish,40.7194025,-73.9894514,food_drink,260.9,2210.0,residential,,50.6,87.0,209.2,127.4,0.6037735849056604,0.3962264150943396,
lower_east_side,10566847243,Okiboru,40.7193755,-73.9897046,food_drink,261.2,1824.0,residential,,40.8,104.6,189.8,109.2,0.0,0.1842089390192412,
lower_east_side,4771852121,Verlaine,40.7200177,-73.9878219,food_drink,261.5,1826.0,residential,,42.4,130.0,150.6,139.0,0.6055303521278894,0.3944696478721106,
lower_east_side,2547684106,Gooey on the Inside Cookies,40.7206485,-73.9927394,food_drink,261.9,2500.0,secondary,3.0,71.6,282.9,110.3,58.6,1.0,0.0,
lower_east_side,13572901548,Igor's Clean Cuts,40.7235593,-73.9880237,personal_care,262.5,2200.0,primary,4.0,13.8,320.1,181.0,58.2,0.4835501147666411,0.5164498852333589,
lower_east_side,10757735011,Bar Veloce,40.7226537,-73.9928275,food_drink,262.5,2045.0,residential,1.0,82.7,160.3,314.0,100.5,0.0,1.0,
lower_east_side,12220700903,Popular,40.7221663,-73.9869091,finance,262.7,3000.0,primary,3.0,62.8,157.7,98.2,116.7,0.8,0.2,
lower_east_side,5402541794,Ramen Ishida,40.7196475,-73.9884561,food_drink,263.0,2210.0,residential,,57.5,73.1,208.8,206.4,0.819047619047619,0.1809523809523809,
lower_east_side,1917136131,Starbucks,40.719348,-73.9899978,food_drink,263.3,4787.0,primary,3.0,36.1,126.6,167.8,90.3,0.8333133899724782,0.1666866100275218,
lower_east_side,6233725912,Food Stop,40.7195194,-73.9887677,retail,264.4,1760.0,residential,,70.2,60.6,237.6,182.6,0.8524638536441428,0.1475361463558571,
lower_east_side,2555126661,"Luggage, Travel And Winter Accessories",40.7193384,-73.9898434,retail,264.6,4787.0,primary,4.0,42.0,113.9,180.2,98.0,0.8333133899724782,0.1666866100275218,
lower_east_side,6233725914,Mehanata Bulgarian Bar,40.7194846,-73.9888709,food_drink,264.8,1789.0,residential,,66.6,60.0,242.1,173.2,0.0,1.0,
lower_east_side,13129731186,Wilka's Sports Bar,40.7225191,-73.9929312,food_drink,265.1,1875.0,primary,2.0,66.1,171.6,302.1,113.9,0.0,1.0,
lower_east_side,4278854991,Sons of Essex,40.7202021,-73.9875286,food_drink,265.8,4050.0,primary,2.0,66.1,160.3,127.1,107.1,0.7238151348520555,0.2761848651479445,
lower_east_side,11196518157,Greenroom Hair Studio,40.7196141,-73.9884644,personal_care,265.9,2210.0,residential,,58.2,69.4,210.3,209.2,0.819047619047619,0.1809523809523809,
lower_east_side,6233725913,Fashion Sport,40.7194943,-73.9887724,retail,266.8,1760.0,residential,,67.4,58.1,238.7,180.9,0.8524638536441428,0.1475361463558571,
lower_east_side,11476892967,Karvouna Mezze,40.7225243,-73.9929563,food_drink,267.3,1875.0,primary,2.0,64.9,170.4,303.3,115.7,0.0,1.0,
lower_east_side,250266732,Hotel on Rivington,40.7197766,-73.9880896,hospitality,267.6,5084.0,residential,,30.7,95.8,175.7,173.0,0.0,0.0813559322033898,
lower_east_side,6223203434,Dixon Place,40.7205838,-73.992773,leisure_entertainment,267.7,2500.0,secondary,3.0,63.8,283.3,107.3,62.8,1.0,0.0,
lower_east_side,6233725915,Kuma Inn,40.719468,-73.9888217,food_drink,268.0,1789.0,residential,,64.5,56.7,241.0,175.9,0.0,1.0,
lower_east_side,3683156293,Sunshine Hotel,40.7226408,-73.9929154,hospitality,268.8,2045.0,residential,1.0,76.6,159.1,314.7,108.0,0.0,1.0,
lower_east_side,2567548319,Kalye,40.7198585,-73.987917,food_drink,269.4,1335.0,residential,,27.3,110.6,160.0,156.0,0.6771589991928975,0.3228410008071025,
lower_east_side,13186738301,Hairrari Barber - East Village,40.7241391,-73.9902134,personal_care,270.2,1392.0,residential,1.0,80.3,278.7,274.9,44.2,0.8494423791821561,0.1505576208178438,
lower_east_side,247920477,Sperone Westwater,40.7231513,-73.9925667,leisure_entertainment,270.9,2500.0,primary,3.0,83.3,123.4,363.2,78.1,0.0,1.0,
lower_east_side,5552730464,Mercury Lounge,40.7221035,-73.9867932,leisure_entertainment,271.1,3000.0,primary,3.0,54.4,146.1,86.8,128.5,0.8,0.2,
lower_east_side,6727017870,Camper,40.7218602,-73.9931828,retail,271.3,2178.0,primary,2.0,40.6,222.5,242.7,139.7,0.3669025585193249,0.633097441480675,
lower_east_side,5463758239,Katra Lounge,40.7217163,-73.9931901,food_drink,271.5,2496.0,residential,1.0,53.0,221.0,229.0,144.2,0.8081889763779527,0.1918110236220472,
lower_east_side,2550007814,A E Supply Corp,40.7240985,-73.9907113,retail,272.2,3925.0,residential,1.0,45.5,236.5,307.7,50.5,0.8571428571428571,0.1428571428571428,
lower_east_side,5500005644,Charrua Uruguayan Restaurant,40.7200308,-73.9876041,food_drink,273.6,1780.0,primary,2.0,46.0,141.0,132.3,123.4,0.0,1.0,
lower_east_side,12389271511,Bungalow,40.7236539,-73.9879543,food_drink,274.3,3256.0,primary,4.0,25.0,322.8,170.5,63.2,0.8333136374379579,0.166686362562042,
lower_east_side,6233725916,Los Feliz,40.719392,-73.9888436,food_drink,275.3,3564.0,residential,,56.1,49.8,232.4,170.3,0.8241732096121818,0.1758267903878182,
lower_east_side,13131884901,Mighty Lucky Dispensary & Delivery,40.7232222,-73.9925668,retail,275.6,2493.0,primary,3.0,75.7,117.5,371.0,81.0,0.7543799381655788,0.2456200618344211,
lower_east_side,9543909517,El Castillo de Jagua,40.719825,-73.9878343,food_drink,276.7,1348.0,residential,,21.4,111.1,153.6,153.0,0.0,0.5555555555555556,
lower_east_side,2550007707,Avalon Chemists,40.7240081,-73.9912484,retail,276.7,2477.0,primary_link,1.0,32.3,191.0,348.7,50.5,0.94752986761382,0.0524701323861801,
lower_east_side,13276407497,Elegant Spa,40.7204809,-73.9928263,personal_care,277.2,1750.0,secondary,3.0,51.5,284.4,103.5,70.7,0.7559055118110236,0.2440944881889764,
lower_east_side,2547684124,Iconic Magazines,40.721658,-73.9932674,retail,278.0,2241.0,residential,1.0,55.9,214.4,226.8,140.7,0.8121753835004227,0.1878246164995772,
lower_east_side,11196493426,Serotonin Smoothies,40.71935,-73.988855,food_drink,279.3,3564.0,residential,,51.5,46.2,227.6,167.4,0.8241732096121818,0.1758267903878182,
lower_east_side,9798846090,Little Gio's Pizza,40.7237055,-73.9879163,food_drink,280.8,3256.0,primary,4.0,31.4,324.5,164.9,66.7,0.8333136374379579,0.166686362562042,
lower_east_side,6233725917,Cl9ud,40.7193083,-73.9888841,retail,282.9,3564.0,residential,,47.2,43.7,222.6,163.2,0.8241732096121818,0.1758267903878182,
lower_east_side,2567547039,Beauty & Essex,40.7204577,-73.9870469,food_drink,283.2,6812.0,primary,2.0,109.9,207.1,96.9,57.6,0.0,1.0,
lower_east_side,9091304273,SX Gourmet,40.7197997,-73.9877293,retail,284.7,1474.0,residential,,18.4,114.1,145.4,148.3,0.0,1.0,
lower_east_side,9091304272,Essex Pizza,40.7197641,-73.9877502,food_drink,286.5,1474.0,residential,,14.2,109.9,147.9,152.3,0.0,1.0,
lower_east_side,9091304271,J. Rojas Center,40.7197313,-73.9877665,office_professional,288.4,1474.0,primary,3.0,10.4,106.2,150.1,155.9,0.0,1.0,
lower_east_side,250266762,The Whiskey Ward,40.7196519,-73.9878918,food_drink,288.7,1420.0,primary,3.0,10.0,92.7,162.5,169.6,0.8022519352568613,0.1977480647431386,
lower_east_side,4899832021,CR7 Gourmet Deli,40.7237764,-73.9878642,retail,289.7,3256.0,residential,,40.3,327.0,157.3,72.2,0.8333136374379579,0.166686362562042,
lower_east_side,10270861220,Worth & Worth,40.7233769,-73.9926183,retail,289.7,2450.0,primary,3.0,61.5,102.3,388.7,93.0,0.4747034060466896,0.5252965939533104,
lower_east_side,9091304270,Essex Taqueria,40.7196981,-73.987782,food_drink,290.4,1474.0,primary,3.0,6.7,102.5,152.2,159.4,0.0,1.0,
lower_east_side,13432614753,,40.7233754,-73.9926392,personal_care,291.0,2450.0,primary,3.0,62.5,101.2,388.8,94.4,0.4747034060466896,0.5252965939533104,
lower_east_side,13572901547,Arka,40.7237283,-73.9877503,retail,291.6,3256.0,residential,,43.4,316.4,151.5,64.2,0.8333136374379579,0.166686362562042,
lower_east_side,11511674835,Coral Essex Spa,40.7196673,-73.9877986,personal_care,292.1,1474.0,primary,3.0,3.9,99.0,154.5,162.8,0.0,1.0,
lower_east_side,4745482625,Spicy Moon,40.7234427,-73.992596,food_drink,293.0,2450.0,primary,3.0,54.1,99.0,395.6,95.7,0.278440219142765,0.7215597808572349,
lower_east_side,13572901546,Shinzo Omakase,40.7236946,-73.9876705,food_drink,293.1,3256.0,residential,,47.1,309.1,147.9,59.1,0.8333136374379579,0.166686362562042,
lower_east_side,1270769394,Punjabi Deli & Grocery,40.7226466,-73.986706,food_drink,293.8,3970.0,primary,3.0,42.0,169.8,138.1,92.7,0.8333333333333334,0.1666666666666666,
lower_east_side,10115105161,Champagne Problems,40.7212764,-73.9934281,food_drink,295.6,2634.0,primary,2.0,94.5,205.7,201.0,131.4,0.4369769738551899,0.56302302614481,
lower_east_side,6233803802,B&B International,40.7192473,-73.9886576,retail,295.9,2202.0,residential,,41.6,29.0,220.5,178.3,0.8540145985401459,0.145985401459854,
lower_east_side,6233725919,T-Mobile,40.7191185,-73.9891931,retail,296.1,2094.0,primary,4.0,42.0,54.3,198.0,131.0,0.0,1.0,
lower_east_side,9652667219,Stanton Street Pizza,40.7207983,-73.9866677,food_drink,296.3,1875.0,residential,,91.1,160.1,84.1,19.4,0.8545454545454545,0.1454545454545454,
lower_east_side,2555123891,Paint 'N Pour,40.7193178,-73.9915172,food_drink,296.9,4875.0,residential,,64.7,251.0,73.4,100.3,0.8038466181145133,0.1961533818854866,
lower_east_side,13785835101,At Cave,40.7236064,-73.9874692,food_drink,297.6,3416.0,residential,,59.7,290.4,140.4,49.3,0.8000408496732027,0.1999591503267974,
lower_east_side,13527372237,Bite & Sip,40.7226201,-73.986643,food_drink,297.8,3970.0,primary,3.0,36.0,163.8,133.7,98.7,0.8333333333333334,0.1666666666666666,
lower_east_side,2550007710,TD Bank,40.7242554,-73.9911005,finance,298.0,9860.0,residential,1.0,54.4,205.5,322.1,61.2,0.8340139970854398,0.1659860029145602,
lower_east_side,6256784609,James Fuentes LLC,40.7191881,-73.9911739,leisure_entertainment,298.9,4368.0,primary,3.0,52.6,220.5,99.7,69.9,0.8332952206723073,0.1667047793276926,
lower_east_side,9630282109,Petee's Pie Company,40.7191095,-73.9908638,food_drink,299.5,2182.0,primary,3.0,50.5,193.8,122.7,48.8,0.8333188945681366,0.1666811054318634,
lower_east_side,9630352309,N & N Delancey Smoke Shop,40.7190955,-73.9908071,retail,299.8,2182.0,primary,3.0,48.9,188.9,127.0,45.7,0.8333188945681366,0.1666811054318634,
lower_east_side,9509021870,Bowery & Vine | Wine & Spirits,40.7235764,-73.9925533,retail,300.4,1730.0,primary,3.0,39.6,93.6,409.7,89.6,,,
lower_east_side,11511674838,Paymatic,40.7195226,-73.9878742,finance,301.1,1432.0,primary,3.0,15.3,82.9,165.6,179.0,0.8,0.2,
lower_east_side,13547426669,Poemo,40.7225956,-73.9865863,retail,301.4,2116.0,primary,3.0,30.5,158.4,129.8,104.1,0.8262471655328798,0.1737528344671201,
lower_east_side,9630352308,Douska,40.7190702,-73.990767,food_drink,301.8,2182.0,primary,2.0,49.5,185.4,131.4,42.1,0.8333188945681366,0.1666811054318634,
lower_east_side,6233725920,Bank of America,40.719075,-73.9890379,finance,304.0,10645.0,residential,,28.9,40.5,194.8,141.9,0.0,0.1030271772861176,
lower_east_side,10270861222,Ainslie Bowery,40.7211098,-73.9934939,food_drink,304.6,15000.0,primary,2.0,112.7,205.2,191.6,129.0,0.691412617207043,0.3085873827929571,
lower_east_side,11511674837,Champion Pizza Plus,40.7194587,-73.9879077,food_drink,305.3,4198.0,primary,3.0,22.3,75.9,170.8,186.2,0.8173607099721683,0.1826392900278317,
lower_east_side,2547243336,Feit,40.7223434,-73.9935053,retail,306.1,3742.0,residential,,24.5,183.9,302.9,108.7,0.7338029062757789,0.266197093724221,
lower_east_side,5551498985,The Magician,40.7198504,-73.9872976,food_drink,306.1,1500.0,residential,,46.6,143.3,108.6,120.0,0.0,1.0,
lower_east_side,2550007703,Kollectiv,40.724302,-73.9912261,food_drink,306.4,9860.0,residential,1.0,61.5,195.8,327.7,52.2,0.8340139970854398,0.1659860029145602,
lower_east_side,13276407498,Cocoron,40.7202582,-73.9930775,food_drink,308.1,1017.0,primary,4.0,23.3,279.1,110.9,100.8,0.6423357664233577,0.3576642335766423,
lower_east_side,6595163886,Supermoon Bakehouse,40.7198311,-73.9872341,food_drink,311.5,1500.0,residential,,50.4,145.9,103.8,118.8,0.0,1.0,
lower_east_side,10270349361,Healthy Deli & Grill,40.7202789,-73.9931465,retail,311.8,1068.0,primary,4.0,26.8,273.0,117.2,104.7,0.6239928379588182,0.3760071620411817,
lower_east_side,2486570146,Whole Foods Market,40.7238482,-73.9923711,retail,311.8,1730.0,primary,3.0,7.5,97.8,436.0,58.0,,,
lower_east_side,9736021732,Anne & Valentin,40.7223853,-73.9935636,health,311.9,3742.0,residential,,29.4,179.3,309.3,104.4,0.7338029062757789,0.266197093724221,
lower_east_side,6233803801,Ludlow Fitness,40.7190884,-73.9886726,leisure_entertainment,311.9,5108.0,residential,,24.6,13.5,203.2,171.9,0.5064585226535117,0.4935414773464884,
lower_east_side,6940016036,Rise Brewing Company,40.7189073,-73.9901737,food_drink,312.8,3030.0,primary,3.0,62.3,135.6,180.4,46.0,0.7169811320754716,0.2830188679245283,
lower_east_side,10585010029,Angela's Vintage Boutique,40.724511,-73.9904124,retail,313.0,3596.0,primary,3.0,97.6,267.6,258.7,84.8,0.8624767929588117,0.1375232070411882,
lower_east_side,4848257929,Rebelle,40.7219422,-73.9936778,food_drink,313.6,5008.0,primary,3.0,24.3,182.3,272.2,97.1,0.0,0.258636615555145,
lower_east_side,6233803800,Duane Reade,40.71905,-73.9887206,health,314.6,5108.0,residential,,19.1,14.1,198.0,166.9,0.5064585226535117,0.4935414773464884,
lower_east_side,4426893990,Blue Ribbon Fried Chicken,40.7244607,-73.9909251,food_drink,315.7,3504.0,residential,1.0,77.4,224.2,296.8,82.3,0.0,1.0,
lower_east_side,5161834522,Liquors on Allen,40.7189467,-73.9907984,retail,315.8,2228.0,primary,2.0,62.9,187.9,140.1,30.0,0.6574374079528719,0.3425625920471281,
lower_east_side,12309214382,cloudM Rooftop-Bar,40.7206975,-73.993476,food_drink,316.5,2525.0,primary,2.0,80.5,224.8,162.5,120.2,0.4090909090909091,0.5909090909090909,
lower_east_side,6233803799,Duane Reade,40.7190178,-73.9887644,retail,316.7,5108.0,residential,,14.7,16.6,193.5,162.5,0.5064585226535117,0.4935414773464884,
lower_east_side,13284267481,La Caverna,40.7198122,-73.9871697,food_drink,317.0,3000.0,residential,,54.5,148.9,99.1,117.7,0.4864,0.5136,
lower_east_side,247920488,Bowery Ballroom,40.720437,-73.9933383,leisure_entertainment,317.6,3033.0,primary,4.0,49.5,249.8,138.7,113.1,0.0,1.0,
lower_east_side,2567557167,Grey Lady,40.7188615,-73.9902614,food_drink,318.4,3030.0,primary,3.0,65.3,143.4,178.1,37.1,0.7169811320754716,0.2830188679245283,
lower_east_side,4278152903,Tampico,40.7203148,-73.9932662,food_drink,318.6,3030.0,primary,4.0,34.7,262.4,128.0,112.0,0.8115079365079365,0.1884920634920635,
lower_east_side,10115105166,Pop International Galleries,40.7208794,-73.993585,leisure_entertainment,318.6,2525.0,primary,2.0,102.7,207.4,181.3,130.5,0.4090909090909091,0.5909090909090909,
lower_east_side,3089168986,The Bowery House,40.7219999,-73.9937383,hospitality,319.2,5008.0,primary,3.0,23.2,178.4,280.4,90.5,0.0,0.258636615555145,
lower_east_side,11649887398,Shoot the Lobster,40.7190494,-73.9913811,leisure_entertainment,319.5,2266.0,residential,,75.3,237.0,105.3,72.9,0.729221435793731,0.2707785642062689,
lower_east_side,4282785789,Welcome to the Johnsons,40.7196706,-73.9873004,food_drink,319.9,5025.0,residential,,40.1,130.7,114.5,136.8,0.952169129956474,0.047830870043526,
lower_east_side,9652307019,Arsenal Contemporary Art,40.7218041,-73.9937691,leisure_entertainment,320.4,2500.0,primary,3.0,41.4,172.7,264.4,95.6,0.5499253672715846,0.4500746327284154,
lower_east_side,2555123807,Lena,40.7191105,-73.9915999,food_drink,320.7,5050.0,residential,,83.3,255.7,93.5,92.2,0.8706577974870657,0.1293422025129342,
lower_east_side,2728503397,Snow Xue Gao,40.7216111,-73.9937769,retail,321.1,1667.0,primary,3.0,61.1,171.6,248.3,105.3,0.3333333333333333,0.6666666666666666,
lower_east_side,1683399834,Bar Bianchi,40.7225091,-73.9862947,food_drink,322.0,2460.0,secondary,3.0,4.8,133.8,116.3,129.6,0.7349137931034483,0.2650862068965517,
lower_east_side,9736021740,13 Crosby,40.7224258,-73.9936776,retail,322.3,3742.0,residential,,36.2,175.3,317.8,95.7,0.7338029062757789,0.266197093724221,
lower_east_side,715606203,citizenM,40.7205872,-73.9934993,hospitality,322.9,19149.0,primary,4.0,70.8,229.3,158.2,123.0,,,
lower_east_side,13284267483,Essex,40.7197876,-73.9870989,food_drink,323.2,3000.0,residential,,59.3,152.1,94.1,117.2,0.4864,0.5136,
lower_east_side,5415635153,Westwood Gallery,40.7233254,-73.9931761,leisure_entertainment,324.1,3378.0,primary,3.0,96.3,80.0,393.9,133.0,0.0,1.0,
lower_east_side,250266726,Mount Sinai Doctors,40.7189954,-73.9885695,health,324.7,3750.0,primary,4.0,22.7,0.0,196.3,178.1,0.0,1.0,
lower_east_side,12986621801,Winson Bakery,40.7245712,-73.9908364,food_drink,325.8,3504.0,primary,3.0,90.7,234.6,283.8,94.5,0.0,1.0,
lower_east_side,4605597194,ICP International Center of Photography Museum,40.7230882,-73.9933858,leisure_entertainment,325.9,7685.0,primary,3.0,107.8,101.7,374.5,144.1,0.6848887604738515,0.3151112395261485,
lower_east_side,368061660,Lower East Side Tenement Museum,40.7187837,-73.9900266,leisure_entertainment,326.1,3638.0,residential,,79.6,125.0,168.8,53.1,0.0,1.0,
lower_east_side,2696719558,The Library,40.7225712,-73.9862492,food_drink,327.6,1258.0,secondary,3.0,11.0,136.1,123.0,129.1,0.6701195219123506,0.3298804780876494,
lower_east_side,2547243315,Clever Alice,40.7224474,-73.9937355,retail,327.7,3742.0,residential,,40.5,173.4,322.3,91.5,0.7338029062757789,0.266197093724221,
lower_east_side,5845615656,Conbud,40.7187722,-73.9897449,retail,327.9,5450.0,residential,,77.3,102.1,161.6,76.5,0.0,1.0,
lower_east_side,3888194452,Baar Baar,40.7244268,-73.9915125,food_drink,328.3,35772.0,residential,1.0,83.6,175.4,340.7,39.4,0.8027321938536294,0.1972678061463705,
lower_east_side,4305803512,Rex,40.7197679,-73.9870333,food_drink,328.8,1500.0,residential,,64.1,152.3,89.6,116.7,0.76,0.24,
lower_east_side,11493394195,Kite,40.7214085,-73.9938524,retail,329.0,5000.0,primary,3.0,84.4,167.7,236.4,114.2,0.6517611026033691,0.3482388973966309,
lower_east_side,2567557176,The Yard,40.7187573,-73.9896896,office_professional,329.8,5450.0,primary,3.0,72.9,98.0,159.2,81.0,0.0,1.0,
lower_east_side,6910650055,Akiko Nails,40.7190302,-73.9916405,personal_care,330.2,5050.0,residential,,91.7,258.8,101.6,91.3,0.8706577974870657,0.1293422025129342,
lower_east_side,12060241049,Popeyes,40.7242596,-73.9879409,food_drink,330.5,1450.0,primary,6.0,35.4,371.4,146.9,125.4,0.9522182634584412,0.0477817365415588,
lower_east_side,9630352303,The Good Company NYC,40.7188202,-73.9908662,retail,330.8,2210.0,primary,2.0,78.1,194.5,148.1,22.6,0.799976087996174,0.2000239120038259,
lower_east_side,10874836805,Wiggle Room,40.7226149,-73.9862173,leisure_entertainment,331.6,1258.0,secondary,3.0,16.2,137.9,127.8,129.1,0.6701195219123506,0.3298804780876494,
lower_east_side,6128562187,Abscence of Colour,40.722469,-73.9937843,retail,332.2,3742.0,residential,,44.6,171.5,326.5,88.2,0.7338029062757789,0.266197093724221,
lower_east_side,2547243512,Groupe,40.7213373,-73.993879,retail,332.2,5000.0,primary,3.0,92.6,167.1,232.6,118.3,0.6517611026033691,0.3482388973966309,
lower_east_side,13069249663,Fan Szechuan,40.7190765,-73.9881143,food_drink,332.5,2260.0,primary,3.0,13.9,39.4,205.7,217.5,0.8177299088649544,0.1822700911350455,
lower_east_side,9578260093,Sweet Linda,40.7246493,-73.9907779,food_drink,333.2,2277.0,primary,3.0,97.1,241.8,274.9,87.5,0.7360694027360694,0.2639305972639306,
lower_east_side,10756703053,Bowery Home Supplies,40.7235707,-73.9930765,retail,333.3,2521.0,primary,3.0,74.4,60.1,417.9,124.7,0.4662739322533137,0.5337260677466863,
lower_east_side,11892588830,Gallery One Twenty Eight,40.7197493,-73.9869763,leisure_entertainment,333.8,1500.0,residential,,68.4,150.0,85.9,116.7,0.76,0.24,
lower_east_side,9736021735,New York Pilates,40.7233538,-73.9932921,leisure_entertainment,334.1,3378.0,primary,3.0,102.3,74.0,399.8,143.2,0.0,1.0,
lower_east_side,3819787827,d.b.a.,40.7243345,-73.9880064,food_drink,334.9,2429.0,primary,6.0,36.4,381.3,151.5,134.9,0.8,0.2,
lower_east_side,2567557141,Lower East Side Tenement Museum Offices,40.7187024,-73.9900594,leisure_entertainment,335.2,3638.0,residential,,87.0,129.7,161.2,49.6,0.0,1.0,
lower_east_side,2547243497,GENYTH,40.7212722,-73.9939032,personal_care,335.2,2489.0,primary,3.0,100.1,166.9,229.4,122.4,0.8347435219460603,0.1652564780539397,
lower_east_side,6053876585,Congee Village,40.7187155,-73.9903472,food_drink,335.2,2220.0,primary,3.0,80.5,153.0,172.5,25.4,0.7855917667238422,0.2144082332761578,
lower_east_side,7004796918,The 420,40.7226557,-73.9937497,retail,335.3,1740.0,residential,,62.3,150.5,343.2,98.7,0.0,1.0,
lower_east_side,4146280790,Attaboy,40.7188823,-73.9913742,food_drink,336.6,2185.0,residential,,90.4,236.7,123.0,64.4,0.8513011152416357,0.1486988847583643,
lower_east_side,11761653832,Congee Village,40.7187004,-73.9903564,food_drink,336.9,2220.0,primary,3.0,82.1,154.1,171.3,24.6,0.7855917667238422,0.2144082332761578,
lower_east_side,1927319778,Anthology Film Archives,40.7247547,-73.9902601,leisure_entertainment,338.8,5450.0,residential,1.0,71.3,286.9,232.2,97.8,0.0,1.0,
lower_east_side,2567557140,Conbody,40.7186671,-73.989826,leisure_entertainment,339.2,5450.0,residential,,85.8,112.0,151.6,69.4,0.0,1.0,
lower_east_side,2555128947,Union Market,40.7223643,-73.9860338,retail,339.4,7714.0,secondary,3.0,13.9,106.9,100.9,156.9,0.7514897074756229,0.248510292524377,
lower_east_side,9543909617,Empanada Mama,40.7187446,-73.9909123,food_drink,339.8,2321.0,primary,2.0,87.4,199.4,153.2,22.8,0.8,0.2,
lower_east_side,9225646755,Greenstar Foods,40.7186764,-73.9894543,retail,340.8,5420.0,primary,3.0,55.3,82.6,148.3,100.6,0.0,1.0,
lower_east_side,11892588829,Alpha Tailor Shop,40.7197211,-73.9868812,personal_care,341.9,4500.0,residential,,75.4,146.9,79.9,117.0,0.9072404019582582,0.0927595980417418,
lower_east_side,9872651423,Woodward Gallery,40.7188556,-73.9914924,leisure_entertainment,343.0,2185.0,residential,,98.2,246.8,123.1,73.2,0.8513011152416357,0.1486988847583643,
lower_east_side,6715872220,Wells Fargo,40.7237818,-73.9929941,finance,343.2,3325.0,primary,3.0,60.4,50.0,439.1,107.7,0.0,1.0,
lower_east_side,4872513523,Delancey Laundromat,40.7198101,-73.9931785,personal_care,343.6,1792.0,primary,3.0,28.7,303.7,114.2,139.0,0.8195364238410596,0.1804635761589404,
lower_east_side,9736021734,Credo,40.7226915,-73.9938388,retail,343.7,5245.0,residential,,68.7,147.8,350.3,94.1,0.9222222222222224,0.0777777777777777,
lower_east_side,2547243313,Loeffler Randall,40.72252,-73.9939171,retail,344.5,10360.0,residential,,55.5,167.7,337.1,79.5,0.8578857706446696,0.1421142293553304,
lower_east_side,11918630622,Sour Mouse,40.7188557,-73.9883675,food_drink,345.5,6510.0,primary,4.0,21.7,23.0,189.0,192.9,0.0,1.0,
lower_east_side,8902631945,Gem,40.7191565,-73.9922969,food_drink,345.7,2583.0,residential,1.0,86.0,314.6,94.7,147.9,1.0,0.0,
lower_east_side,2567547034,Hello Nails,40.719707,-73.9868336,personal_care,346.0,4500.0,residential,,78.2,145.5,77.1,117.3,0.9072404019582582,0.0927595980417418,
lower_east_side,5627943322,Le Jardin Bistro,40.7186318,-73.9893489,food_drink,346.9,5420.0,primary,3.0,48.9,77.1,143.3,109.7,0.0,1.0,
lower_east_side,5978792893,Urban,40.7243987,-73.9878587,retail,347.3,10200.0,primary,6.0,22.4,379.3,138.7,139.0,0.8948159278737791,0.1051840721262208,
lower_east_side,4848257931,The Ripple Room,40.7204602,-73.9937507,food_drink,347.9,2348.0,primary,4.0,66.0,220.0,171.9,146.2,0.0,1.0,
lower_east_side,9736021737,Ermine New York,40.7227091,-73.9938849,retail,348.0,5245.0,residential,,72.1,146.6,353.9,91.9,0.9222222222222224,0.0777777777777777,
lower_east_side,11463577703,Heatwise,40.7237319,-73.9931363,leisure_entertainment,348.6,2238.0,primary,3.0,73.2,43.5,436.5,120.9,0.0,1.0,
lower_east_side,13594208617,The DL,40.7186239,-73.9892818,leisure_entertainment,348.7,5420.0,residential,,44.3,72.9,142.6,115.4,0.0,1.0,
lower_east_side,13253297112,LECIEL,40.7195644,-73.9869398,food_drink,349.9,3000.0,residential,,63.8,129.4,93.1,135.1,0.8620404221563082,0.1379595778436918,
lower_east_side,250267770,Blue Moon Hotel,40.7185717,-73.9897335,hospitality,350.2,2303.0,residential,,81.3,108.8,139.5,78.4,0.0,0.1504141435233521,
lower_east_side,6910733392,Kelly's,40.7225188,-73.9859212,food_drink,352.6,2377.0,secondary,3.0,14.4,114.2,119.4,155.5,0.816555835817473,0.1834441641825269,
lower_east_side,4388530060,McDonald's,40.7188143,-73.9882731,food_drink,352.9,6510.0,primary,4.0,16.6,32.1,188.7,189.6,0.0,1.0,
lower_east_side,5712072342,Nudie Jeans Repair Shop,40.7209283,-73.9940258,retail,352.9,3530.0,residential,1.0,85.8,171.9,215.4,148.7,0.7,0.3,
lower_east_side,12719181898,Morphew World,40.718542,-73.9898995,retail,353.0,2255.0,residential,,95.6,122.9,139.9,65.5,0.8564102564102564,0.1435897435897435,
lower_east_side,10224157727,Ixta,40.7244056,-73.9922194,food_drink,354.1,35772.0,primary,2.0,59.9,118.2,394.4,44.0,0.8027321938536294,0.1972678061463705,
lower_east_side,5547626023,Bowery Meat Company,40.7245658,-73.9918599,food_drink,354.7,35772.0,residential,1.0,85.4,153.1,359.4,45.7,0.8027321938536294,0.1972678061463705,
lower_east_side,4616287189,Kings Avenue Tattooing NYC,40.7208959,-73.99404,personal_care,355.0,2500.0,residential,1.0,83.8,172.6,214.6,151.4,0.392156862745098,0.6078431372549019,
lower_east_side,4697762580,Angel Orensanz Foundation,40.7211816,-73.9857912,leisure_entertainment,357.1,7500.0,residential,,93.6,76.3,46.7,76.0,0.0,1.0,
lower_east_side,2547246971,KC Electric Hardware,40.7208485,-73.9940581,retail,357.8,2500.0,primary,3.0,81.4,174.0,213.4,155.5,0.392156862745098,0.6078431372549019,
lower_east_side,2547243316,Velvet by Graham & Spencer,40.7225773,-73.9940637,retail,358.1,10360.0,residential,,68.4,164.5,349.0,71.3,0.8578857706446696,0.1421142293553304,
lower_east_side,6030861392,Double Down Saloon,40.7225821,-73.985875,food_drink,358.2,2377.0,secondary,3.0,9.5,118.1,127.1,154.1,0.816555835817473,0.1834441641825269,
lower_east_side,13527372236,Old Flings,40.7230273,-73.9860849,food_drink,358.3,981.0,residential,,40.6,169.9,157.0,125.5,0.5150766188828473,0.4849233811171527,
lower_east_side,13284267479,Conor's Goat,40.7229222,-73.9859926,food_drink,360.9,1230.0,secondary,3.0,28.2,156.0,162.9,135.1,0.7192342752962625,0.2807657247037374,
lower_east_side,5712861577,Unis,40.7228768,-73.9939701,retail,361.0,2918.0,residential,,92.1,130.4,373.7,98.4,0.8422491761901423,0.1577508238098576,
lower_east_side,7167147108,Berlin Under A,40.7230062,-73.9860348,food_drink,361.3,981.0,residential,,37.7,165.9,159.6,130.0,0.5150766188828473,0.4849233811171527,
lower_east_side,5615998343,Rosie's,40.7249227,-73.9906582,food_drink,361.3,6434.0,residential,1.0,66.4,261.8,251.0,62.9,0.902887802685544,0.0971121973144558,
lower_east_side,7048181785,Excuse My French,40.7184645,-73.9899363,food_drink,361.6,2300.0,residential,,101.6,129.4,132.8,65.5,0.75,0.25,
lower_east_side,2547246982,Hithouse,40.7209838,-73.9941495,leisure_entertainment,361.6,3530.0,residential,1.0,77.6,159.7,227.5,138.6,0.7,0.3,
lower_east_side,8587019332,Ahlem,40.7229655,-73.9939324,health,361.8,1902.0,residential,,100.0,120.0,380.8,107.7,0.8422348776358319,0.157765122364168,
lower_east_side,6053128686,Procell,40.7199443,-73.9935799,retail,362.5,2504.0,primary,3.0,46.2,269.1,147.2,155.2,0.7489082969432315,0.2510917030567685,
lower_east_side,5712632657,Schott NYC,40.7231771,-73.9938262,retail,363.4,1860.0,residential,,120.0,94.9,398.0,131.5,0.6559551886792453,0.3440448113207547,
lower_east_side,2567557187,Whipped - Urban Dessert Lab,40.7184412,-73.990178,food_drink,364.6,1249.0,residential,,112.5,148.9,138.8,49.1,0.7368421052631579,0.2631578947368421,
lower_east_side,2555128948,2A Bar,40.7229624,-73.9859632,food_drink,364.9,981.0,residential,,32.8,158.9,165.2,136.8,0.5150766188828473,0.4849233811171527,
lower_east_side,12986489701,Ramon Tailor Shop,40.718979,-73.992398,personal_care,366.8,5000.0,residential,1.0,79.0,304.6,116.2,150.7,0.8333493605154342,0.1666506394845658,
lower_east_side,3212413599,Moscot,40.7184161,-73.989965,health,366.9,1945.0,residential,,106.1,134.1,128.6,65.8,0.7736708860759494,0.2263291139240506,
lower_east_side,11760991013,Howl! Happening,40.7247539,-73.9916906,leisure_entertainment,367.6,4020.0,residential,1.0,84.5,175.2,337.7,67.3,0.7635846127307228,0.2364153872692772,
lower_east_side,10584741957,AAA Avocados,40.7195775,-73.9933023,retail,368.0,4714.0,secondary,3.0,50.6,290.2,129.9,165.3,0.9204008053565575,0.0795991946434424,
lower_east_side,9736034061,Sweet & Vicious,40.7212474,-73.9942934,food_drink,368.1,2697.0,residential,1.0,82.7,136.5,253.7,106.9,0.7153804050355774,0.2846195949644226,
lower_east_side,7440242065,Scent Bar NYC,40.7233897,-73.9937462,retail,368.7,4027.0,residential,,121.2,70.3,416.9,154.5,0.9499824868651487,0.0500175131348511,
lower_east_side,13276407499,Casa 13urger,40.7199794,-73.9936963,food_drink,368.7,2504.0,primary,3.0,51.3,259.4,157.1,161.4,0.7489082969432315,0.2510917030567685,
lower_east_side,9736034060,Judi Rosen New York,40.7219047,-73.9943459,retail,369.5,3636.0,residential,,74.0,126.1,304.8,47.4,0.9334431178811582,0.0665568821188417,
lower_east_side,7112935823,8 Bit & Up,40.7247354,-73.9881333,retail,369.7,2508.0,residential,1.0,55.1,423.2,137.2,122.9,0.8870694522868436,0.1129305477131564,
lower_east_side,2567553151,Chinese Hispanic Grocery,40.7186283,-73.9916077,retail,370.1,2101.0,residential,,124.7,259.3,146.3,81.3,0.8333040884365678,0.1666959115634322,
lower_east_side,12969671101,Birria Landia,40.7241184,-73.9930127,food_drink,370.3,4145.0,primary,3.0,33.8,44.4,468.5,101.0,0.0,1.0,
lower_east_side,6910684112,Derek Eller Gallery,40.7188203,-73.992177,leisure_entertainment,371.9,2495.0,residential,,101.7,304.7,127.0,129.5,,,
lower_east_side,2555128941,The Italian Slice,40.7227346,-73.9857639,food_drink,372.0,9135.0,secondary,3.0,18.3,128.9,145.8,152.4,0.875712066286898,0.124287933713102,
lower_east_side,8486713328,Lovely Day,40.7217995,-73.9943861,food_drink,372.4,2446.0,residential,,81.7,120.9,299.0,51.7,0.8734177215189873,0.1265822784810126,
lower_east_side,2826715678,Shake Shack,40.7194705,-73.9866762,food_drink,373.3,5025.0,residential,,83.4,120.9,83.7,140.5,0.8235867446393762,0.1764132553606237,
lower_east_side,2567557180,Komune,40.7183567,-73.9900015,retail,373.5,2715.0,residential,,111.8,140.0,123.8,66.7,0.8187311178247734,0.1812688821752265,
lower_east_side,10270349362,Potluck Club,40.7195195,-73.9933301,food_drink,374.0,2589.0,secondary,3.0,44.1,283.7,134.2,171.8,0.7869135802469136,0.2130864197530864,
lower_east_side,4506648692,Peasant,40.721733,-73.9944139,food_drink,374.6,2446.0,residential,,87.2,118.0,295.6,55.4,0.4563024417837277,0.5436975582162723,
lower_east_side,5916567906,Hotel Chantelle,40.7184164,-73.9890541,food_drink,374.9,3372.0,residential,,45.1,76.2,122.6,138.0,0.0,1.0,
lower_east_side,13530139911,Ahn's TawKwonDo,40.722774,-73.9857352,leisure_entertainment,375.7,9135.0,secondary,3.0,22.8,132.0,150.6,152.3,0.875712066286898,0.124287933713102,
lower_east_side,8586981218,Hair Philosophy,40.7216634,-73.994437,personal_care,376.6,2438.0,residential,,92.9,115.8,291.9,60.5,0.755700325732899,0.2442996742671009,
lower_east_side,6910684110,Don Juan Deli,40.7188877,-73.9924391,retail,377.1,5000.0,residential,,78.4,296.5,126.9,152.4,0.8333493605154342,0.1666506394845658,
lower_east_side,5712872315,Vince,40.7226776,-73.9942725,retail,378.1,5264.0,residential,,88.6,160.0,368.0,64.8,0.8008794490998091,0.1991205509001908,
lower_east_side,12496752012,Kinto,40.7225047,-73.9943408,retail,378.7,5264.0,residential,,81.4,154.5,355.6,47.4,0.8008794490998091,0.1991205509001908,
lower_east_side,2826842017,Remedy Diner,40.7217736,-73.9854765,food_drink,378.7,2813.0,primary,2.0,93.9,29.3,69.8,114.3,0.8175845076510764,0.1824154923489236,
lower_east_side,13556403203,Kabawa,40.7249557,-73.9913634,food_drink,378.9,5614.0,residential,1.0,76.9,206.2,303.6,57.9,1.0,0.0,
lower_east_side,10286844703,Home Sweet Home,40.7194726,-73.9933546,food_drink,379.0,2589.0,secondary,3.0,39.1,278.4,138.0,177.2,0.7869135802469136,0.2130864197530864,
lower_east_side,8874151773,3sixteen,40.721604,-73.9944645,retail,379.1,2479.0,residential,,98.6,113.8,289.3,65.0,1.0,0.0,
lower_east_side,12496752011,Plump,40.7224527,-73.9943613,personal_care,379.1,5264.0,residential,,80.1,149.7,352.0,42.7,0.8008794490998091,0.1991205509001908,
lower_east_side,10089881640,Cafiero Select,40.7251047,-73.9904636,retail,379.1,1635.0,residential,1.0,40.3,276.5,227.4,58.8,0.2337472607742878,0.7662527392257122,
lower_east_side,2555128945,Athena's Beauty,40.7228134,-73.9857065,personal_care,379.4,9135.0,secondary,3.0,27.5,135.3,155.5,152.4,0.875712066286898,0.124287933713102,
lower_east_side,3612291899,Café Habana,40.7228449,-73.9942284,food_drink,380.3,1612.0,residential,,100.2,141.6,381.6,81.6,0.866504854368932,0.1334951456310679,
lower_east_side,9736034062,Colorant,40.7213057,-73.994449,retail,380.3,2422.0,residential,1.0,78.6,121.9,268.2,95.9,0.8858464522868015,0.1141535477131985,
lower_east_side,10695005857,Gelateria Gentile,40.722969,-73.9941679,food_drink,380.3,1612.0,residential,,108.9,126.9,390.8,95.9,0.866504854368932,0.1334951456310679,
lower_east_side,10695005858,Le Labo Annex,40.7230292,-73.9941403,retail,380.6,1612.0,residential,,113.6,119.9,395.4,102.8,0.866504854368932,0.1334951456310679,
lower_east_side,5801138853,Le Labo Fragrances,40.7230572,-73.994132,retail,381.2,4087.0,residential,,116.1,116.8,397.8,105.8,0.8285493059012223,0.1714506940987777,
lower_east_side,5529518121,L’Appartment Sézane,40.7237318,-73.9936314,retail,381.4,3118.0,residential,,86.5,31.1,448.8,160.2,0.8823806163255704,0.1176193836744295,
lower_east_side,9054635034,Anyway Cafe,40.7251224,-73.9905271,food_drink,381.7,3263.0,residential,1.0,42.3,270.9,231.4,53.4,0.8333333333333334,0.1666666666666666,
lower_east_side,10689623509,Buck Mason,40.7231135,-73.9941091,retail,381.9,4087.0,residential,,120.9,110.3,402.4,112.2,0.8285493059012223,0.1714506940987777,
lower_east_side,10286844704,SFA Gallery,40.7194437,-73.9933697,leisure_entertainment,382.1,2589.0,secondary,3.0,36.0,275.1,140.4,180.5,0.7869135802469136,0.2130864197530864,
lower_east_side,10689623511,Malin+Goetz,40.7231308,-73.9941021,retail,382.2,1828.0,residential,,122.4,108.3,403.8,114.1,0.8000753012048193,0.1999246987951807,
lower_east_side,3212413922,Emma Peel Room,40.7183027,-73.9905315,food_drink,382.5,1073.0,residential,,86.0,182.4,143.4,45.5,0.7917871602082128,0.2082128397917871,
lower_east_side,10689604899,American Vintage,40.7231704,-73.9940859,retail,382.8,1828.0,residential,,125.9,103.8,407.0,118.6,0.8000753012048193,0.1999246987951807,
lower_east_side,1458562626,Fancy NY Grill & Deli,40.7228528,-73.9856778,retail,383.1,9135.0,residential,,32.3,138.6,160.3,152.7,0.875712066286898,0.124287933713102,
lower_east_side,10689604901,Little Words Project,40.7232223,-73.9940648,retail,383.7,1805.0,residential,,130.6,97.9,411.3,124.5,0.9165580182529336,0.0834419817470664,
lower_east_side,9736034059,Aberizk,40.721321,-73.9944956,retail,384.0,2422.0,residential,1.0,77.7,117.7,272.4,93.0,0.8858464522868015,0.1141535477131985,
lower_east_side,10689604903,The Naxos Apothecary,40.7232801,-73.9940413,retail,384.7,2091.0,residential,,132.1,91.3,416.2,131.1,0.7493814068575468,0.2506185931424531,
lower_east_side,12365507726,Yours Truly Coffee,40.7211169,-73.9944719,food_drink,385.3,1342.0,residential,1.0,61.8,128.8,258.4,115.3,1.0,0.0,
lower_east_side,7047129386,Fig. 19,40.7194981,-73.993485,food_drink,385.5,2589.0,secondary,3.0,44.1,273.6,147.3,182.1,0.7869135802469136,0.2130864197530864,
lower_east_side,10689623505,Wesh,40.7233377,-73.9940178,retail,385.9,1980.0,residential,,125.6,84.7,421.0,137.7,0.8,0.2,
lower_east_side,11511674836,Mia's Jewelry,40.7186623,-73.9877904,retail,386.0,2471.0,primary,4.0,37.1,75.4,199.3,181.5,0.0,1.0,
lower_east_side,10689604896,Print Fresh,40.7238728,-73.993565,retail,386.5,2112.0,residential,,74.2,14.5,461.8,150.8,0.9199128651973348,0.0800871348026653,
lower_east_side,10689623507,Corridor,40.7233971,-73.9939937,retail,387.3,1980.0,residential,,119.0,78.0,426.1,144.5,0.8000638773554775,0.1999361226445225,
lower_east_side,11650669783,El Diablito,40.72514,-73.9890755,food_drink,388.1,1282.0,residential,1.0,96.7,392.0,128.1,99.7,0.8333014170815779,0.166698582918422,
lower_east_side,2547067876,Vint & York,40.7234438,-73.9939746,health,388.4,2641.0,residential,,113.8,72.7,430.1,149.8,0.751269035532995,0.248730964467005,
lower_east_side,11196500273,Richies,40.7186504,-73.9877542,retail,388.6,2471.0,primary,4.0,38.9,74.9,200.4,181.2,0.0,1.0,
lower_east_side,2567553159,Big Cheers,40.7184451,-73.9915928,food_drink,388.6,3850.0,residential,,108.1,262.0,166.6,78.5,0.8333592172697624,0.1666407827302376,
lower_east_side,11650669784,Psychic Readings,40.7251575,-73.9891179,leisure_entertainment,389.3,1282.0,residential,1.0,92.7,388.2,129.2,100.6,0.8333014170815779,0.166698582918422,
lower_east_side,11689674053,Cricket Wireless,40.7183798,-73.991375,retail,389.4,3850.0,residential,,93.5,246.1,176.9,63.5,0.9231941481255714,0.0768058518744285,
lower_east_side,9578179188,Eurotrend,40.7183336,-73.9912214,retail,390.6,3850.0,residential,,84.5,235.3,185.1,54.6,0.8125195292157067,0.1874804707842933,
lower_east_side,2567553147,Spicy Village,40.7184544,-73.9916942,food_drink,390.7,3850.0,residential,,113.4,270.1,164.8,84.3,0.8333592172697624,0.1666407827302376,
lower_east_side,12729355110,Petopia,40.723223,-73.9857768,retail,391.0,981.0,secondary,3.0,32.9,180.3,139.7,114.5,0.5150766188828473,0.4849233811171527,
lower_east_side,10316037318,Rodriguez Associates,40.7206435,-73.9855495,office_professional,391.1,1238.0,residential,,147.7,118.9,78.1,77.3,0.7782705099778271,0.2217294900221729,
lower_east_side,9651970578,Williamsburg Pizza,40.7183056,-73.9911276,food_drink,391.6,3850.0,residential,,79.7,228.8,178.5,50.4,0.8125195292157067,0.1874804707842933,
lower_east_side,5916567991,Chase,40.7183616,-73.9885477,finance,391.8,6688.0,primary,3.0,13.9,70.5,133.7,138.6,0.0,1.0,
lower_east_side,2547067879,C.R.E.A.M. Smokeshop,40.7235682,-73.993924,retail,391.8,2640.0,residential,,100.0,58.9,441.0,164.1,0.8071359691417551,0.1928640308582449,
lower_east_side,4828045222,Medrite Urgent Care,40.7239975,-73.993515,health,392.0,2079.0,residential,,64.6,0.0,473.7,144.3,0.7465145754119138,0.2534854245880862,
lower_east_side,5272612590,Bonnie Slotnick Cookbooks,40.7252021,-73.9907309,retail,392.9,1526.0,residential,1.0,51.5,252.6,244.0,34.5,1.0,0.0,
lower_east_side,10689623510,Persol,40.7236076,-73.993908,health,393.0,1772.0,residential,,95.7,54.6,444.5,168.6,0.8398169336384439,0.160183066361556,
lower_east_side,11196536029,Fabco Shoes,40.7186325,-73.9876877,retail,393.1,2500.0,primary,4.0,42.3,68.9,202.9,181.3,0.0,1.0,
lower_east_side,12496752013,Marine Layer,40.7227466,-73.9944376,retail,393.6,5750.0,residential,,104.0,159.3,382.2,63.0,0.9179110994672954,0.0820889005327045,
lower_east_side,7097867536,Le Père,40.7181728,-73.9900816,retail,394.1,2715.0,residential,,97.6,156.9,109.0,75.8,0.8187311178247734,0.1812688821752265,
lower_east_side,12088942774,All Street Gallery,40.725038,-73.9883259,leisure_entertainment,394.5,2404.0,residential,1.0,89.7,452.3,106.5,88.2,0.8276643990929705,0.1723356009070294,
lower_east_side,10689604898,Gorjana,40.7240528,-73.9934913,retail,394.5,2093.0,residential,,59.0,6.5,479.0,141.7,0.9204771371769384,0.0795228628230616,
lower_east_side,12088942773,Victory Tattoo NYC,40.7250573,-73.9883719,personal_care,395.2,2404.0,residential,1.0,93.9,449.1,105.4,86.2,0.8276643990929705,0.1723356009070294,
lower_east_side,12729339961,,40.7221619,-73.9853118,personal_care,395.6,33650.0,primary,2.0,76.0,56.2,107.6,97.3,0.9029048490393412,0.0970951509606587,
lower_east_side,9561511987,The Hair Painters,40.719397,-73.9863978,personal_care,396.3,2508.0,residential,,106.4,119.5,78.3,147.6,0.9047981721249048,0.0952018278750952,
lower_east_side,9371206934,International Center of Photography,40.7182002,-73.9891854,leisure_entertainment,396.5,21996.0,residential,,57.5,102.5,96.8,134.4,0.4720291970802919,0.527970802919708,
lower_east_side,10689623508,Spa Santé,40.7234889,-73.9940548,personal_care,396.8,2641.0,residential,,109.0,72.6,437.5,151.4,0.751269035532995,0.248730964467005,
lower_east_side,9561511988,Sunny Service Inc. Body Work,40.7193952,-73.9863905,personal_care,396.9,2508.0,residential,,107.0,119.6,78.2,147.8,0.9047981721249048,0.0952018278750952,
lower_east_side,12365512172,Vig Bar,40.7211586,-73.9946239,food_drink,397.2,1525.0,residential,1.0,56.7,115.4,271.8,108.0,0.8886689757545769,0.111331024245423,
lower_east_side,11218593437,31-A Laundromat,40.7232851,-73.985734,personal_care,397.3,2910.0,secondary,3.0,25.2,186.0,134.1,107.7,0.0,1.0,
lower_east_side,5712863313,Still Here,40.7241311,-73.9934455,retail,397.4,1768.0,residential,,50.3,16.0,486.2,137.4,0.6671677045308139,0.3328322954691862,
lower_east_side,10316037319,Neighborhood Deli Grocery NY Inc,40.7206217,-73.9854774,retail,397.6,1075.0,residential,,153.6,119.8,79.5,73.5,0.7729852440408627,0.2270147559591373,
lower_east_side,2547246938,,40.7202561,-73.9942838,leisure_entertainment,398.2,2562.0,primary,3.0,24.4,203.6,209.6,195.2,0.7544204322200393,0.2455795677799607,
lower_east_side,5978556720,Chase,40.7249291,-73.9920604,finance,398.4,9435.0,residential,1.0,61.2,152.3,359.8,88.4,0.8064724584485744,0.1935275415514255,
lower_east_side,12729375801,Ave. A Deli & Food,40.7230168,-73.9855601,retail,398.7,3450.0,residential,,49.7,153.5,167.1,138.7,0.8824144238306768,0.1175855761693232,
lower_east_side,12729378403,Decorazon,40.7221481,-73.9852583,leisure_entertainment,399.9,33650.0,primary,2.0,80.3,53.8,109.7,92.7,0.9029048490393412,0.0970951509606587,
lower_east_side,12898063024,,40.7186006,-73.9875967,food_drink,400.0,7625.0,primary,4.0,48.5,60.5,206.0,181.1,0.0,1.0,
lower_east_side,2567553150,Duo Tian Bakery,40.7183741,-73.9917362,food_drink,400.3,3850.0,residential,,108.2,275.7,173.5,79.8,0.8333592172697624,0.1666407827302376,
lower_east_side,9316643726,M & A Decorators,40.7182285,-73.9911678,retail,400.7,3850.0,primary,3.0,72.1,235.0,175.8,42.3,0.8125195292157067,0.1874804707842933,
lower_east_side,4316309556,Erin McKenna’s Bakery,40.7181095,-73.9896166,food_drink,402.1,2662.0,residential,,94.3,132.3,87.2,109.1,0.8152737285390347,0.1847262714609653,
lower_east_side,2567557177,Luke's,40.7181184,-73.9904938,retail,402.5,4390.0,residential,,69.7,189.2,125.6,57.9,0.8571428571428571,0.1428571428571428,
lower_east_side,12496752021,Isalis,40.7227871,-73.9945345,retail,402.8,2470.0,residential,,113.2,159.7,390.6,63.8,0.8,0.2,
lower_east_side,5916553158,Fat Choy,40.7180934,-73.9897625,food_drink,403.2,2711.0,residential,,106.7,142.0,89.0,100.8,0.8049018809543197,0.1950981190456803,
lower_east_side,10315377442,Nurse Bettie,40.7188751,-73.9869882,food_drink,403.6,3772.0,residential,,73.7,53.0,152.9,210.3,0.9611121913280186,0.0388878086719813,
lower_east_side,419362699,The Musket Room,40.7239188,-73.9937813,food_drink,404.0,2313.0,residential,,62.9,24.1,472.7,167.8,0.5357142857142857,0.4642857142857143,
lower_east_side,2547006644,Puff & Pass,40.725348,-73.9898169,retail,404.1,2000.0,primary,3.0,30.5,327.9,166.6,76.7,0.8333333333333334,0.1666666666666666,
lower_east_side,13523128970,Budget Mart,40.7233495,-73.9856818,retail,404.4,2910.0,secondary,3.0,16.8,191.8,128.8,100.8,0.0,1.0,
lower_east_side,2567553149,Danny Beauty Hair Salon,40.7183339,-73.9917571,personal_care,405.1,3850.0,residential,,105.7,278.5,177.9,77.9,0.8333592172697624,0.1666407827302376,
lower_east_side,12729359746,A'more Cafe,40.7229724,-73.9854546,food_drink,405.3,3450.0,residential,,55.1,146.9,174.8,144.9,0.8824144238306768,0.1175855761693232,
lower_east_side,11033496965,Community Healthcare Network,40.7216708,-73.9851561,health,405.6,2260.0,primary,2.0,88.4,0.0,90.8,90.9,0.6666666666666666,0.3333333333333333,
lower_east_side,3147863534,Dudleys,40.7180802,-73.9903664,food_drink,405.7,4390.0,residential,,73.1,182.5,115.4,65.6,0.8571428571428571,0.1428571428571428,
lower_east_side,247845649,Lunya,40.7236998,-73.9940169,retail,406.2,2112.0,residential,,85.4,53.7,457.5,174.2,0.0,1.0,
lower_east_side,7042386585,Dunkin',40.7221381,-73.9851799,food_drink,406.3,33650.0,primary,2.0,86.0,52.0,113.8,86.0,0.9029048490393412,0.0970951509606587,
lower_east_side,6458055785,Pietro Nolita,40.7210061,-73.9947024,food_drink,406.6,940.0,residential,,39.3,119.4,269.7,124.0,0.8007518796992481,0.1992481203007518,
lower_east_side,4149654210,Tacombi,40.7239825,-73.9937554,food_drink,406.6,4387.0,residential,,56.7,20.3,478.6,164.7,0.0,1.0,
lower_east_side,2826842009,Balvanera,40.7205874,-73.9853737,food_drink,407.1,1072.0,residential,,161.0,121.9,82.1,67.9,0.75,0.25,
lower_east_side,9578260092,Timbuktu,40.7253725,-73.990261,retail,407.3,4400.0,primary,3.0,7.7,290.4,200.3,46.2,0.75,0.25,
lower_east_side,9659603357,Slainte,40.7247677,-73.9926478,food_drink,407.6,2040.0,primary,3.0,48.0,112.6,412.4,97.7,0.6055769041284855,0.3944230958715144,
lower_east_side,2555130746,Choice Cleaners 7,40.7231095,-73.9854921,personal_care,407.9,3450.0,secondary,3.0,39.7,162.5,159.5,129.4,0.8824144238306768,0.1175855761693232,
lower_east_side,247845653,Ba&sh,40.723761,-73.9939897,retail,408.1,2088.0,residential,,78.5,47.9,462.9,181.4,0.0,1.0,
lower_east_side,9661820817,Il Gusto Pizza,40.725384,-73.9897913,food_drink,408.1,2000.0,residential,1.0,32.2,329.9,163.0,76.6,0.8333333333333334,0.1666666666666666,
lower_east_side,4771881065,Morgan Presents,40.7208065,-73.9852723,leisure_entertainment,408.5,1466.0,residential,1.0,143.0,96.6,106.3,49.7,1.0,0.0,
lower_east_side,5120608722,Black Seed Bagels,40.7209019,-73.9946997,food_drink,408.8,963.0,residential,,31.8,127.1,264.5,135.6,0.8004800480048004,0.1995199519951995,
lower_east_side,12496752014,Rothys,40.7228147,-73.9946,retail,408.9,2470.0,residential,,119.3,160.2,396.3,65.2,0.8,0.2,
lower_east_side,11971148917,Little Myanmar,40.7229483,-73.9853975,food_drink,408.9,3450.0,residential,,57.2,143.5,178.1,140.4,0.8824144238306768,0.1175855761693232,
lower_east_side,10689623512,"Love, Adorned",40.7240468,-73.9937292,retail,409.4,4387.0,residential,,50.8,18.9,484.6,161.8,0.0,1.0,
lower_east_side,10315377441,La Contenta,40.718774,-73.9870405,food_drink,409.8,3772.0,residential,,72.4,42.6,164.8,214.1,0.9002526931772842,0.0997473068227157,
lower_east_side,1884473154,Vanessa's Dumpling House,40.7182938,-73.9917781,food_drink,409.9,3850.0,residential,,103.5,281.4,182.3,76.3,0.8333592172697624,0.1666407827302376,
lower_east_side,2567553184,Soft Swerve,40.7181514,-73.9912081,food_drink,409.9,3850.0,primary,3.0,64.8,241.4,173.6,34.7,0.8125195292157067,0.1874804707842933,
lower_east_side,3846590027,T-Mobile,40.7185647,-73.9874345,retail,410.4,7625.0,residential,,59.1,46.3,202.5,183.6,0.0,1.0,
lower_east_side,13523128969,Joyful Nail,40.7234121,-73.9856351,personal_care,411.0,2910.0,secondary,3.0,9.1,197.8,123.8,94.3,0.0,1.0,
lower_east_side,10229466403,Pak Punjab,40.7254157,-73.9897686,retail,411.7,2000.0,residential,1.0,34.2,331.6,159.8,76.8,0.8333333333333334,0.1666666666666666,
lower_east_side,6149267163,Bulletin Nolita,40.7229886,-73.994558,retail,411.8,1405.0,residential,,130.2,142.5,410.1,84.7,0.8724114896459586,0.1275885103540414,
lower_east_side,8530354102,Karma Bookstore,40.723791,-73.9859167,retail,412.1,53562.0,residential,,47.7,244.3,75.9,52.8,0.9021175962632964,0.0978824037367036,
lower_east_side,12729364085,Matter of Instinct,40.7221083,-73.9851061,personal_care,412.1,33650.0,primary,2.0,92.8,48.8,116.5,79.7,0.9029048490393412,0.0970951509606587,
lower_east_side,3212413923,Sunday to Sunday,40.7180119,-73.9901723,food_drink,412.2,1369.0,residential,,80.6,173.8,99.2,78.9,0.7272727272727273,0.2727272727272727,
lower_east_side,1074688554,The Allen Hotel,40.718042,-73.9906377,hospitality,412.4,3267.0,primary,2.0,56.1,204.0,128.1,43.1,,,
lower_east_side,2547246942,Rintintin,40.7212696,-73.9948289,food_drink,412.6,2640.0,residential,,60.6,94.3,293.0,94.2,0.8402203856749312,0.1597796143250688,
lower_east_side,7191405785,The Grand Delancey,40.7182693,-73.9881502,food_drink,412.8,43206.0,primary,3.0,24.8,88.1,146.8,131.2,0.4709280382781089,0.5290719617218911,
lower_east_side,5404295921,Bang Bang Tattoo,40.7192702,-73.9936548,personal_care,412.9,2127.0,secondary,1.0,32.9,244.9,170.2,210.6,0.75,0.25,
lower_east_side,4937329121,Prince Street Pizza,40.7229906,-73.9945851,food_drink,414.0,1405.0,residential,,131.9,143.8,411.6,84.4,0.8724114896459586,0.1275885103540414,
lower_east_side,12496752015,Mizensir,40.7228369,-73.9946536,retail,414.0,2607.0,residential,,124.4,160.8,401.0,66.4,0.7032728931463109,0.2967271068536891,
lower_east_side,5446855821,Sauced,40.7254343,-73.9902504,food_drink,414.1,4400.0,primary,3.0,7.9,291.0,197.3,41.6,0.75,0.25,
lower_east_side,2567553183,Joyopos,40.7181129,-73.9912282,office_professional,414.5,3850.0,primary,3.0,61.4,244.6,172.6,31.3,0.8125195292157067,0.1874804707842933,
lower_east_side,6939933888,Lotus Spa,40.7182492,-73.9918014,personal_care,415.3,2204.0,residential,,101.2,284.7,187.2,74.7,0.8000279290601872,0.1999720709398128,
lower_east_side,939422856,The Detox Market,40.724559,-73.9931675,retail,415.4,1731.0,primary,3.0,21.5,69.0,461.4,122.5,0.7321428571428571,0.2678571428571428,
lower_east_side,6841579383,Long giang Dang,40.7208513,-73.9947651,personal_care,415.5,963.0,residential,,24.2,127.1,267.4,140.8,0.8004800480048004,0.1995199519951995,
lower_east_side,3147863539,Barrio Chino,40.7179789,-73.9900488,food_drink,415.6,1369.0,residential,,87.5,168.3,89.7,88.4,0.7272727272727273,0.2727272727272727,
lower_east_side,8076261683,Amanita,40.7251309,-73.9919779,leisure_entertainment,415.7,8168.0,primary,2.0,39.7,151.0,346.5,85.6,0.0,1.0,
lower_east_side,12022143321,Karma,40.7253876,-73.9909058,leisure_entertainment,415.8,2519.0,residential,1.0,61.7,236.0,251.8,11.0,0.0,1.0,
lower_east_side,12729385721,Y7,40.7220874,-73.9850566,leisure_entertainment,416.0,33650.0,primary,2.0,88.1,47.1,118.5,75.6,0.9029048490393412,0.0970951509606587,
lower_east_side,8530354103,High Vibe,40.72376,-73.9858322,retail,416.2,53562.0,residential,,40.6,239.2,81.7,55.0,0.9021175962632964,0.0978824037367036,
lower_east_side,5836731215,Supper,40.7228995,-73.9852816,food_drink,416.4,3180.0,residential,,62.8,137.0,177.2,129.6,0.8581258423778109,0.1418741576221891,
lower_east_side,2547246907,Nom Wah Nolita,40.7203696,-73.9945824,food_drink,416.6,2562.0,primary,2.0,43.9,178.3,236.7,191.2,0.7544204322200393,0.2455795677799607,
lower_east_side,3147863536,Sticky Rice,40.717982,-73.9904169,food_drink,416.9,4390.0,residential,,62.4,192.2,110.0,58.1,0.8571428571428571,0.1428571428571428,
lower_east_side,2547041131,Duane Park,40.7248886,-73.9926111,leisure_entertainment,417.2,2162.0,primary,3.0,60.8,114.4,405.3,105.5,0.3633720930232558,0.6366279069767442,
lower_east_side,5709446984,The Ordinary,40.7228527,-73.9946913,retail,417.5,2607.0,residential,,128.0,161.3,404.3,67.5,0.7032728931463109,0.2967271068536891,
lower_east_side,4146329789,The Back Room,40.7187356,-73.9869338,food_drink,418.6,3772.0,residential,,67.0,37.3,164.2,209.0,0.9002526931772842,0.0997473068227157,
lower_east_side,9374707296,Dhamaka,40.718235,-73.9880781,food_drink,418.6,43206.0,primary,3.0,29.0,94.2,148.6,128.9,0.4709280382781089,0.5290719617218911,
lower_east_side,9661358848,Bowery Poetry,40.7249142,-73.9926017,leisure_entertainment,419.2,4496.0,primary,3.0,63.7,113.4,403.7,107.3,0.2022471910112359,0.797752808988764,
lower_east_side,6939933889,Yakkayama Hat Market,40.7182142,-73.9918196,retail,419.5,2204.0,residential,,99.6,287.4,191.1,73.8,0.8000279290601872,0.1999720709398128,
lower_east_side,5978792897,Armada,40.7179442,-73.9902067,food_drink,419.9,1260.0,residential,,74.1,180.8,95.2,74.7,0.0,1.0,
lower_east_side,13284267482,Bond Vet,40.7179703,-73.9893145,health,420.1,2334.0,residential,,67.2,130.1,70.0,118.1,0.8355252606255013,0.1644747393744988,
lower_east_side,9374707295,Saffron,40.7181833,-73.9881853,food_drink,420.6,43206.0,residential,5.0,19.0,95.9,138.0,121.2,0.4709280382781089,0.5290719617218911,
lower_east_side,4151643713,The Butcher's Daughter,40.7207158,-73.9947851,food_drink,420.8,2795.0,primary,2.0,19.6,137.3,263.6,151.8,0.8667104399212081,0.1332895600787918,
lower_east_side,6122271185,Zest Sushi,40.717926,-73.989878,food_drink,421.5,3630.0,residential,,98.0,162.2,76.6,102.0,0.8950296541227103,0.1049703458772896,
lower_east_side,8076203189,John Varvatos,40.7251969,-73.9919504,retail,421.5,1614.0,primary,2.0,32.6,151.5,342.4,81.0,0.745851676261429,0.2541483237385709,
lower_east_side,5792776004,Cuyana,40.7230437,-73.9946606,retail,422.0,2401.0,residential,,140.6,143.4,420.1,88.9,0.8572459844793359,0.1427540155206641,
lower_east_side,12496752019,Everlane,40.7228768,-73.9947494,retail,423.0,2732.0,residential,,133.5,160.9,409.4,69.5,0.0,1.0,
lower_east_side,4848258522,310 Bowery Bar,40.7249654,-73.9925829,food_drink,423.2,4496.0,primary,3.0,69.4,111.6,400.6,110.9,0.2022471910112359,0.797752808988764,
lower_east_side,5209387823,Ten Bells,40.7179116,-73.9898326,food_drink,423.2,2187.0,residential,,101.1,160.8,73.2,105.7,0.8848763657274296,0.1151236342725704,
lower_east_side,9872651421,Solely Tea,40.7182462,-73.992043,retail,423.6,2500.0,residential,,116.2,300.6,188.3,91.8,0.8333333333333334,0.1666666666666666,
lower_east_side,6568735408,Takumi,40.7181774,-73.9918389,food_drink,423.9,3375.0,residential,,98.1,290.2,195.1,73.1,0.6666666666666666,0.3333333333333333,
lower_east_side,6912090035,Regal Essex 14 & RPX,40.7182171,-73.9879129,leisure_entertainment,425.9,43206.0,primary,3.0,42.3,85.4,158.0,131.4,0.4709280382781089,0.5290719617218911,
lower_east_side,13530139912,Tmpl,40.72329,-73.9853599,leisure_entertainment,426.0,1672.0,secondary,3.0,25.1,180.9,146.3,112.7,0.7875955819881053,0.2124044180118946,
lower_east_side,5209395823,Top Hat,40.7178872,-73.9897472,retail,426.2,2187.0,residential,,101.1,158.2,67.4,112.8,0.8734759604324822,0.1265240395675178,
lower_east_side,3147863537,Bar Valentina,40.7178981,-73.99046,food_drink,426.5,4390.0,residential,,53.5,200.7,106.3,52.9,0.8571428571428571,0.1428571428571428,
lower_east_side,2178336349,New York Studio Gallery,40.7205216,-73.985158,retail,426.6,1675.0,residential,,149.1,127.8,90.9,59.2,0.3958333333333333,0.6041666666666666,
lower_east_side,3451050931,Mother's Ruin,40.7213363,-73.9950075,food_drink,426.7,1357.0,residential,,66.0,77.5,309.7,88.0,0.7373949579831933,0.2626050420168067,
lower_east_side,9505710292,Tom & Jerry,40.7246444,-73.9932411,food_drink,426.7,1731.0,residential,,32.7,75.5,464.2,131.9,0.7321428571428571,0.2678571428571428,
lower_east_side,9941138673,trotter&sholer,40.7208132,-73.9850348,leisure_entertainment,427.8,1650.0,residential,1.0,124.3,95.9,120.0,30.6,1.0,0.0,
lower_east_side,13078873401,Batsheva,40.7209596,-73.9949504,retail,428.1,1750.0,residential,,24.7,107.7,286.4,123.6,0.4279002529815685,0.5720997470184315,
lower_east_side,9934094719,Spencer Brownstone Gallery,40.7208764,-73.9850036,leisure_entertainment,428.7,5000.0,residential,1.0,119.1,89.3,120.2,25.8,0.3332888948140248,0.6667111051859752,
lower_east_side,2826715679,Solid Gold,40.7184767,-73.9871859,retail,429.8,1153.0,residential,,53.6,23.2,199.6,183.5,0.0,1.0,
lower_east_side,4764733060,Rachel Uffner,40.7209311,-73.984974,leisure_entertainment,429.9,5000.0,residential,1.0,114.7,83.7,119.1,22.7,0.3332888948140248,0.6667111051859752,
lower_east_side,13530139913,Mary O's,40.7233291,-73.9853312,food_drink,430.0,1672.0,secondary,3.0,23.8,185.0,143.7,109.3,0.7875955819881053,0.2124044180118946,
lower_east_side,9374707290,Shopsin's,40.7180763,-73.988245,food_drink,430.0,43206.0,residential,5.0,16.9,105.8,126.4,108.6,0.4709280382781089,0.5290719617218911,
lower_east_side,8098089419,Zest Ramen,40.7181242,-73.9918666,food_drink,430.2,3375.0,residential,,96.2,294.3,201.1,72.5,0.6666666666666666,0.3333333333333333,
lower_east_side,9661358847,The Hole,40.7250551,-73.9925494,leisure_entertainment,430.3,5000.0,primary,3.0,61.7,109.1,395.2,117.6,,,
lower_east_side,12055649675,Raf's,40.7246991,-73.9932247,food_drink,430.5,2134.0,residential,,36.7,81.8,460.9,133.3,1.0,0.0,
lower_east_side,5401946285,Al Horno,40.7250635,-73.9873946,food_drink,430.8,1776.0,primary,4.0,59.2,421.8,113.3,115.7,0.8172681589767017,0.1827318410232983,
lower_east_side,9374707293,Sugar Sweet Sunshine,40.7180897,-73.9881711,food_drink,430.8,43206.0,residential,5.0,21.7,106.2,132.1,111.3,0.4709280382781089,0.5290719617218911,
lower_east_side,10538298399,,40.720498,-73.9851134,finance,431.0,1675.0,residential,,147.5,130.5,92.5,58.9,0.8389694041867954,0.1610305958132045,
lower_east_side,2567557145,Happiness Deli,40.7178467,-73.9896095,retail,431.3,2187.0,residential,,89.2,154.9,58.8,124.3,0.6717749313815188,0.3282250686184812,
lower_east_side,13284267480,International Center of Photography,40.7178905,-73.9891266,leisure_entertainment,431.3,21996.0,residential,,49.6,131.5,64.8,101.8,0.4720291970802919,0.527970802919708,
lower_east_side,6190718369,Richardson,40.7190344,-73.9936677,retail,431.4,1908.0,secondary,1.0,31.2,224.5,184.0,231.9,0.8148148148148148,0.1851851851851851,
lower_east_side,13241483901,Teatro LATEA,40.719061,-73.9862353,leisure_entertainment,431.5,27617.0,residential,1.0,108.2,93.9,110.7,182.9,0.0,1.0,
lower_east_side,13241471002,Teatro LATEA,40.719061,-73.9862353,leisure_entertainment,431.5,27617.0,residential,1.0,108.2,93.9,110.7,182.9,0.0,1.0,
lower_east_side,13523128973,East Village Prescription Center,40.7236034,-73.985494,retail,431.6,3376.0,residential,,16.3,216.8,110.6,76.0,0.9359179750080102,0.0640820249919897,
lower_east_side,13065489069,Blaze BBQ & Hibachi,40.7181784,-73.9920791,food_drink,431.7,2500.0,residential,,114.2,295.8,196.1,91.3,0.8333333333333334,0.1666666666666666,
lower_east_side,12729319288,Kallmeyer,40.7178508,-73.9904843,retail,432.0,4435.0,residential,,48.8,205.5,104.6,50.6,0.7935324717112672,0.2064675282887327,
lower_east_side,7075387185,Wayan,40.7213704,-73.9950789,food_drink,432.3,1909.0,residential,,70.0,70.4,316.8,85.5,0.8335123523093448,0.1664876476906552,
lower_east_side,4300313491,Dirt Candy,40.7178785,-73.9907886,food_drink,432.3,4435.0,primary,2.0,34.1,224.5,127.4,25.1,0.7935324717112672,0.2064675282887327,
lower_east_side,2547067893,Diptyque,40.7230689,-73.9947791,retail,432.4,2160.0,residential,,149.6,148.4,428.1,90.6,0.8668607068607068,0.1331392931392931,
lower_east_side,9735691057,Gas Bijoux,40.7226958,-73.9949361,retail,432.5,2825.0,residential,1.0,135.5,135.4,403.5,49.9,0.8223252220934724,0.1776747779065276,
lower_east_side,4848257928,Little Cupcake Bakeshop,40.7229194,-73.9948509,food_drink,432.6,2825.0,residential,,143.1,160.3,418.3,73.9,0.8223252220934724,0.1776747779065276,
lower_east_side,12496752010,Boni & Mott,40.7226448,-73.9949556,food_drink,432.7,2825.0,residential,1.0,134.4,129.8,400.2,44.7,0.8223252220934724,0.1776747779065276,
lower_east_side,4771881062,First Choice Barbers NYC,40.7204973,-73.9850875,personal_care,433.1,1675.0,residential,,145.8,130.6,94.3,57.8,0.8389694041867954,0.1610305958132045,
lower_east_side,2547054885,The Bean,40.7256046,-73.98962,food_drink,433.4,1440.0,residential,1.0,52.2,344.2,141.0,83.3,0.75,0.25,
lower_east_side,10270349360,Elkel,40.7190495,-73.9937235,retail,433.6,1908.0,secondary,1.0,35.3,222.5,187.1,233.4,0.8148148148148148,0.1851851851851851,
lower_east_side,9735439693,Spazio,40.7225023,-73.9950099,personal_care,433.7,2175.0,residential,1.0,132.7,114.2,391.6,30.3,0.7649381416162148,0.2350618583837852,
lower_east_side,9735439694,Only Hearts,40.7224366,-73.995035,retail,434.4,2175.0,residential,1.0,132.6,107.0,387.7,24.1,0.7649381416162148,0.2350618583837852,
lower_east_side,12549884714,ABRI MARS,40.7202681,-73.9851754,leisure_entertainment,434.9,2504.0,residential,,167.6,156.0,76.5,67.6,0.8515769944341373,0.1484230055658627,
lower_east_side,9371206961,The Market Line,40.7181774,-73.9877719,retail,434.9,43206.0,primary,3.0,53.8,75.2,165.0,132.2,0.4709280382781089,0.5290719617218911,
lower_east_side,2567553145,New Hong Fa,40.7180824,-73.9918884,food_drink,435.2,3375.0,residential,,94.9,297.6,205.8,72.4,0.8333333333333334,0.1666666666666666,
lower_east_side,12496752009,The Elk,40.7223663,-73.9950617,food_drink,435.2,2457.0,residential,1.0,133.0,99.5,383.7,18.5,0.8408239700374532,0.1591760299625468,
lower_east_side,10261382324,Little Rascal,40.7208393,-73.9950056,food_drink,435.5,2220.0,residential,,10.7,115.1,285.7,128.8,0.0,1.0,
lower_east_side,4771881063,,40.7204908,-73.985054,personal_care,436.0,1675.0,residential,,144.0,131.5,96.4,56.9,0.8389694041867954,0.1610305958132045,
lower_east_side,5487527347,Orchard Grocer,40.7177891,-73.990286,food_drink,437.5,1320.0,residential,,60.5,197.3,87.3,67.7,0.2960893854748603,0.7039106145251397,
lower_east_side,9374707282,Kotti Berliner Döner Kebab,40.7180014,-73.9882157,food_drink,438.7,43206.0,residential,5.0,24.3,114.5,123.2,100.9,0.4709280382781089,0.5290719617218911,
lower_east_side,9374707281,Don Ceviche,40.7179878,-73.9882622,food_drink,438.8,43206.0,residential,5.0,23.1,115.0,119.1,98.6,0.4709280382781089,0.5290719617218911,
lower_east_side,7112935820,John Derian Furniture,40.7255121,-73.9914194,retail,439.4,1600.0,residential,1.0,44.2,192.4,291.2,34.5,0.802915082382763,0.197084917617237,
lower_east_side,12365528289,Madé,40.7214053,-73.9951726,food_drink,439.9,1909.0,residential,,74.8,61.6,325.6,83.2,0.8335123523093448,0.1664876476906552,
lower_east_side,248772627,Bubbles n Go,40.7223345,-73.9848121,personal_care,440.0,2650.0,residential,,87.9,79.3,151.6,60.7,0.0,1.0,
lower_east_side,9374707280,Heroes & Villains,40.7179964,-73.9881825,food_drink,440.2,43206.0,residential,5.0,26.7,114.8,125.1,101.0,0.4709280382781089,0.5290719617218911,
lower_east_side,419367565,Arté Salon,40.724848,-73.9931701,personal_care,440.5,1815.0,residential,,49.8,85.3,451.0,137.7,0.7635561160151324,0.2364438839848676,
lower_east_side,9374707286,Lower Eastside Girls Club,40.7179777,-73.9882322,retail,440.7,43206.0,residential,5.0,25.5,116.7,120.5,98.0,0.4709280382781089,0.5290719617218911,
lower_east_side,3147863538,Roasting Plant,40.7177744,-73.9905236,food_drink,440.8,4435.0,residential,,41.5,213.4,102.3,48.1,0.7935324717112672,0.2064675282887327,
lower_east_side,13530139915,Davidovich,40.7234391,-73.9852506,food_drink,441.4,3376.0,secondary,3.0,25.4,196.8,137.3,100.7,0.9359179750080102,0.0640820249919897,
lower_east_side,4815674438,Mooshoes,40.7177536,-73.9903042,retail,441.5,1320.0,residential,,57.8,201.1,85.9,66.7,0.2960893854748603,0.7039106145251397,
lower_east_side,9374707284,Essex Squeeze,40.7179555,-73.9882848,food_drink,441.6,43206.0,residential,5.0,25.4,118.1,115.5,94.7,0.4709280382781089,0.5290719617218911,
lower_east_side,9374707285,Porto Rico Importing Company,40.7179713,-73.988199,food_drink,442.3,43206.0,residential,5.0,27.8,117.2,122.4,98.0,0.4709280382781089,0.5290719617218911,
lower_east_side,4771881066,Stop 1 Deli,40.7192257,-73.9858556,retail,443.7,979.0,residential,,139.0,128.9,92.4,146.2,0.852968204374196,0.147031795625804,
lower_east_side,7112935817,John Derian Company,40.7255384,-73.9914997,retail,444.2,1602.0,residential,1.0,37.7,185.7,297.3,41.8,1.0,0.0,
lower_east_side,2547054899,Mayberry Marketplace,40.7251634,-73.9873,retail,444.4,1776.0,residential,1.0,45.8,428.3,107.8,113.7,0.8003372681281619,0.1996627318718381,
lower_east_side,10689604900,Double Q,40.7249106,-73.9931438,personal_care,444.7,1737.0,residential,,55.9,80.8,443.7,139.9,0.2831778851556354,0.7168221148443645,
lower_east_side,12719181899,Skin Contact,40.7177244,-73.9903192,food_drink,444.8,2190.0,residential,,55.7,204.3,85.0,66.1,0.7830802603036876,0.2169197396963123,
lower_east_side,12628945378,Tombolo,40.7218186,-73.995246,retail,444.9,1243.0,residential,1.0,121.2,50.3,355.9,44.7,0.8407900040306329,0.1592099959693672,
lower_east_side,8762810418,The Flower Shop,40.7180663,-73.992134,food_drink,445.0,5024.0,residential,,111.8,288.6,209.0,91.5,0.629060838747785,0.370939161252215,
lower_east_side,9374707279,Arancini Bros.,40.7179128,-73.988306,food_drink,445.5,43206.0,residential,5.0,25.2,122.4,111.3,89.8,0.4709280382781089,0.5290719617218911,
lower_east_side,2696719553,Subject,40.7214899,-73.9846873,food_drink,445.8,2285.0,residential,1.0,56.3,44.3,127.4,62.5,0.8360655737704918,0.1639344262295081,
lower_east_side,8530354116,Nón Lá,40.7252756,-73.9875315,food_drink,445.9,1250.0,residential,1.0,57.0,448.0,87.0,90.8,0.8254799301919721,0.1745200698080279,
lower_east_side,1212767236,,40.7254263,-73.9919785,retail,446.0,1614.0,primary,2.0,7.7,145.5,339.2,79.8,0.745851676261429,0.2541483237385709,
lower_east_side,3147863535,Cafe Katja,40.7177277,-73.9905476,food_drink,446.2,4435.0,residential,,37.5,218.3,101.3,47.4,0.7912713472485768,0.2087286527514231,
lower_east_side,12324390279,Apna Pind,40.7252983,-73.987581,food_drink,446.3,1250.0,residential,1.0,60.3,452.2,82.9,86.0,0.8254799301919721,0.1745200698080279,
lower_east_side,9374707289,New Star Fish Market,40.7179259,-73.988195,food_drink,447.2,43206.0,residential,5.0,32.0,119.0,119.8,93.2,0.4709280382781089,0.5290719617218911,
lower_east_side,11881240167,Wayla,40.718289,-73.9927504,food_drink,447.4,2525.0,residential,1.0,104.2,244.9,198.4,148.5,0.6483516483516484,0.3516483516483517,
lower_east_side,11505171269,Kodawari,40.7182769,-73.9927278,food_drink,447.5,2525.0,residential,1.0,106.3,246.2,198.9,146.3,0.6483516483516484,0.3516483516483517,
lower_east_side,2567557168,Pilates on Ludlow,40.7176956,-73.989687,leisure_entertainment,447.7,2187.0,residential,,95.6,172.5,46.3,119.1,0.6717749313815188,0.3282250686184812,
lower_east_side,1297627766,Second Time Around,40.7236731,-73.9946151,retail,447.9,1767.0,residential,1.0,103.9,99.5,477.5,158.8,1.0,0.0,
lower_east_side,13530139920,Bueno East Mart,40.7235052,-73.9852022,retail,448.3,3376.0,residential,,29.7,204.0,134.0,96.1,0.9359179750080102,0.0640820249919897,
lower_east_side,2826842018,The Mayfly,40.7215253,-73.9846546,food_drink,448.4,2285.0,residential,1.0,52.0,45.3,130.3,66.5,0.8360655737704918,0.1639344262295081,
lower_east_side,12729319282,H Optics,40.7176904,-73.9903367,health,448.7,2190.0,residential,,53.4,207.9,84.0,65.6,0.7830802603036876,0.2169197396963123,
lower_east_side,10689604902,David B. Heller,40.7249699,-73.9931218,office_professional,448.9,1712.0,residential,,62.0,76.7,436.8,142.5,0.7716672901858087,0.2283327098141913,
lower_east_side,5857563940,CityMD,40.7184005,-73.9869294,health,448.9,1563.0,primary,4.0,32.8,0.0,197.8,171.8,0.0,1.0,
lower_east_side,10224150291,Il Buco Vita,40.7255667,-73.9915737,retail,449.0,1280.0,residential,1.0,32.2,179.5,303.0,48.8,0.3918918918918919,0.2027027027027027,
lower_east_side,9630409569,Gourmet Deli & Grill,40.7257549,-73.9899734,retail,449.1,2400.0,residential,1.0,43.6,315.5,166.6,53.2,0.8366013071895425,0.1633986928104575,
lower_east_side,10719556921,Monomono,40.7254822,-73.9880334,food_drink,449.4,2404.0,residential,1.0,96.7,461.4,53.9,45.8,1.0,0.0,
lower_east_side,2555123779,"Steven T. Gee, P.C.",40.7188169,-73.9936887,office_professional,449.7,2213.0,secondary,4.0,46.3,206.2,199.6,244.2,0.917312661498708,0.082687338501292,
lower_east_side,9578179191,Ri Xin Store,40.7179587,-73.991953,retail,450.0,2206.0,residential,,92.8,301.7,219.7,74.1,0.8338870431893688,0.1661129568106312,
lower_east_side,11658333433,Montanna Shop,40.7192077,-73.9857773,retail,450.1,971.0,residential,,140.8,132.2,95.6,142.2,0.812149055640633,0.187850944359367,
lower_east_side,9374707288,Luis Meat Market,40.7178879,-73.9882204,food_drink,450.5,43206.0,residential,5.0,30.3,122.8,115.8,88.5,0.4709280382781089,0.5290719617218911,
lower_east_side,12324407807,W R Dry Cleaners,40.7255399,-73.988195,personal_care,450.7,7213.0,residential,1.0,110.8,455.5,49.8,34.1,0.6359781950333131,0.3640218049666868,
lower_east_side,9374707283,Lower East Side Ice Cream Factory,40.7178493,-73.9883422,food_drink,451.3,43206.0,residential,5.0,19.2,128.9,104.8,82.3,0.4709280382781089,0.5290719617218911,
lower_east_side,6910684111,Makinson Consultants,40.7188304,-73.9937381,office_professional,451.5,2213.0,secondary,4.0,48.2,204.2,201.9,248.6,0.917312661498708,0.082687338501292,
lower_east_side,690624940,Essex Market,40.7179202,-73.9880505,retail,452.0,43206.0,primary,1.0,40.6,108.5,129.9,96.4,0.4709280382781089,0.5290719617218911,
lower_east_side,12729319283,Las Lap,40.71766,-73.9903523,food_drink,452.2,2187.0,residential,,51.6,211.2,83.3,65.4,0.0,1.0,
lower_east_side,13530139919,Cosmic Cat Cafe,40.7226759,-73.9847501,food_drink,452.6,4452.0,residential,,101.0,116.9,181.7,80.9,0.9660326086956522,0.0339673913043478,
lower_east_side,12324410335,Benemon,40.7255807,-73.9882731,food_drink,452.9,4808.0,residential,1.0,117.9,451.4,48.0,28.1,0.7907422347720855,0.2092577652279144,
lower_east_side,2550784964,Bin 141,40.7238055,-73.9853496,food_drink,453.3,12021.0,residential,,24.3,237.9,101.0,61.3,0.916628663819908,0.083371336180092,
lower_east_side,12324373160,Soogil,40.7256107,-73.9883555,food_drink,453.9,4808.0,residential,1.0,125.3,448.6,48.8,24.7,0.7907422347720855,0.2092577652279144,
lower_east_side,11658333435,Dunkin' Donuts/Baskin Robbins,40.7183802,-73.9868648,food_drink,453.9,2508.0,primary,4.0,28.0,5.9,197.9,169.1,0.0,1.0,
lower_east_side,9990753838,Lullaby,40.7191923,-73.9857247,food_drink,454.6,958.0,residential,,142.0,134.4,98.4,139.8,0.6389205625237552,0.3610794374762447,
lower_east_side,11048911149,Moxy,40.7191907,-73.9942282,hospitality,455.7,11512.0,secondary,1.0,64.1,209.9,218.0,250.4,0.0,0.0440071379002676,
lower_east_side,8322227634,Lucky 999 Laundromat,40.7258141,-73.9899306,personal_care,455.7,2400.0,primary,3.0,51.1,319.8,162.2,57.9,0.849799732977303,0.1502002670226969,
lower_east_side,12729319284,Laams,40.7176264,-73.9903696,retail,456.0,2187.0,residential,,49.8,214.9,82.8,65.3,0.0,1.0,
lower_east_side,2547247074,Ki Mi Ka,40.7205649,-73.9951708,food_drink,456.7,3825.0,primary,2.0,23.8,134.7,289.9,143.4,,,
lower_east_side,13527284801,Holographic Studios NYC,40.7226517,-73.9846926,leisure_entertainment,456.7,4452.0,residential,,105.8,115.9,183.0,75.8,0.9660326086956522,0.0339673913043478,
lower_east_side,11658333426,Sushi Lin,40.7191841,-73.9856983,food_drink,456.9,958.0,residential,,142.5,135.5,99.9,138.7,0.6389205625237552,0.3610794374762447,
lower_east_side,7312396779,Pilates Coven,40.7189047,-73.9860111,leisure_entertainment,457.1,2500.0,residential,1.0,101.9,95.6,126.8,179.1,0.9314285714285714,0.0685714285714285,
lower_east_side,7150083085,Bag-All,40.7222119,-73.9953562,retail,457.3,2479.0,residential,1.0,155.4,71.0,390.4,36.7,0.84,0.16,
lower_east_side,6957988285,No Idols,40.7176307,-73.9905974,personal_care,457.3,4435.0,residential,,30.7,228.6,100.3,48.0,0.7912713472485768,0.2087286527514231,
lower_east_side,9374707277,Davidovich Bakery,40.7177841,-73.9883724,food_drink,457.4,43206.0,residential,5.0,15.4,135.7,98.9,74.8,0.4709280382781089,0.5290719617218911,
lower_east_side,13523128972,Galleria J. Antonio,40.7238522,-73.9853195,retail,458.2,12021.0,secondary,3.0,21.7,243.0,99.4,58.8,0.916628663819908,0.083371336180092,
lower_east_side,5820224832,Breeze Nail + Spa,40.7258189,-73.9894631,personal_care,458.2,1698.0,primary,3.0,76.3,359.0,123.0,96.2,0.7335109926715523,0.2664890073284477,
lower_east_side,9978637389,Whiskey Town,40.7258327,-73.9902044,food_drink,458.2,2400.0,residential,1.0,49.0,297.1,185.0,36.6,0.8366013071895425,0.1633986928104575,
lower_east_side,886175538,Think Coffee,40.7254073,-73.9923897,food_drink,458.4,2987.0,residential,1.0,27.5,111.1,371.8,114.4,0.5831447354240759,0.4168552645759241,
lower_east_side,2547246922,148 Supplies,40.7201548,-73.9950073,retail,458.7,17422.0,residential,,61.0,182.1,268.6,189.5,0.7351534243378836,0.2648465756621164,
lower_east_side,11658333428,Delancy Discount,40.7183629,-73.9867995,retail,458.7,2508.0,primary,4.0,24.1,11.7,197.9,166.9,0.0,1.0,
lower_east_side,6791112645,Spring Mart,40.7215063,-73.9954056,retail,458.8,4512.0,residential,,91.0,39.0,348.2,61.2,0.8335691104268952,0.1664308895731047,
lower_east_side,2567553162,Nature Collection,40.7178802,-73.991994,retail,459.4,2187.0,residential,,92.6,297.1,220.4,76.7,0.0,1.0,
lower_east_side,4714002691,Egg Shop,40.7204398,-73.9951556,food_drink,459.6,4658.0,residential,,35.8,148.0,285.6,155.9,0.9004380724810832,0.0995619275189167,
lower_east_side,9265373155,The Great Frog,40.7175931,-73.9903867,retail,459.8,2190.0,residential,,48.2,218.6,82.4,65.6,0.7919556171983356,0.2080443828016643,
lower_east_side,6304608498,Gotham Archery,40.7177403,-73.9914821,leisure_entertainment,460.1,4397.0,primary,3.0,46.8,282.4,174.5,35.8,0.0,1.0,
lower_east_side,9374707298,Essex Kitchen,40.7177748,-73.988277,leisure_entertainment,460.9,43206.0,residential,,23.4,133.2,105.5,75.2,0.4709280382781089,0.5290719617218911,
lower_east_side,2546985590,Kona Coffee and Company,40.7258624,-73.9898947,food_drink,461.1,4808.0,primary,3.0,57.2,323.4,158.7,62.2,0.8910675381263616,0.1089324618736383,
lower_east_side,12729354646,Original Barbershop,40.7226237,-73.9846261,personal_care,461.4,2226.0,residential,,106.6,115.0,184.8,70.0,0.9047619047619048,0.0952380952380952,
lower_east_side,11658333430,Ginger & Lemongrass,40.7191673,-73.9856462,food_drink,461.6,988.0,residential,,143.7,137.7,103.0,136.7,0.66,0.34,
lower_east_side,6221830978,Codex,40.725405,-73.9924896,retail,461.9,2987.0,residential,1.0,35.7,102.8,374.2,122.8,0.5831447354240759,0.4168552645759241,
lower_east_side,13322193023,Sakura,40.723877,-73.9946519,food_drink,462.0,1860.0,residential,1.0,87.4,96.7,498.8,181.0,1.0,0.0,
lower_east_side,10695076877,The Highlight Room,40.7189483,-73.9940599,food_drink,462.1,2750.0,secondary,1.0,53.2,195.6,217.2,260.0,0.0,0.2278418451400329,
lower_east_side,8290463752,La Sirena,40.7258719,-73.9902978,retail,462.9,2000.0,residential,1.0,54.3,289.9,192.5,32.0,0.9376190476190476,0.0623809523809523,
lower_east_side,12729319285,Zarin Fabrics,40.7176105,-73.9909176,retail,463.5,2196.0,primary,2.0,3.7,250.7,124.8,30.4,0.8,0.2,
lower_east_side,12729319281,The Cast,40.7175605,-73.9904035,retail,463.5,2190.0,residential,,47.0,222.1,82.2,66.0,0.7919556171983356,0.2080443828016643,
lower_east_side,12628945381,Eco-Friendly Organix,40.7213552,-73.9954507,personal_care,463.7,4512.0,residential,1.0,77.4,46.8,343.5,64.0,0.8335691104268952,0.1664308895731047,
lower_east_side,9735439695,Concrete Love,40.7219551,-73.9954632,retail,463.8,1895.0,residential,1.0,140.0,42.8,379.7,49.8,0.9223085460599334,0.0776914539400665,
lower_east_side,10270861227,Shifka,40.7254749,-73.9923686,food_drink,464.3,1002.0,primary,2.0,24.5,112.5,364.1,112.8,0.7483162883512098,0.2516837116487902,
lower_east_side,8289646189,Casa Bocada,40.7194963,-73.9946356,food_drink,464.3,2595.0,secondary,1.0,66.4,226.6,241.1,257.0,0.0,1.0,
lower_east_side,12729319277,Color Resource Center,40.717542,-73.9897657,personal_care,464.4,6569.0,residential,,87.5,190.5,37.0,116.4,0.8456704395528089,0.1543295604471911,
lower_east_side,12488365381,Axel Springer,40.7239709,-73.9946087,office_professional,464.5,1828.0,residential,1.0,77.3,92.2,506.3,191.7,0.0,1.0,
lower_east_side,12492931375,Cloudy Donuts,40.7218637,-73.995478,food_drink,464.6,1243.0,residential,1.0,130.6,35.1,374.8,55.8,0.8407900040306329,0.1592099959693672,
lower_east_side,4113144389,Jennifer Café,40.7253208,-73.9871785,food_drink,464.7,2424.0,residential,1.0,27.4,440.2,100.7,111.8,0.7887470695493618,0.2112529304506382,
lower_east_side,9978637388,Tim Dark Hair,40.7258891,-73.9903386,personal_care,465.1,2000.0,residential,1.0,56.9,286.7,195.9,30.6,0.9376190476190476,0.0623809523809523,
lower_east_side,7243408476,Bar Primi,40.7256687,-73.991784,food_drink,465.4,1770.0,residential,1.0,24.0,162.8,319.2,69.5,0.405893740589374,0.5941062594106259,
lower_east_side,12729319286,A. W. Kaufman Designer Lingerie,40.717557,-73.9906342,retail,465.8,2196.0,residential,,27.8,236.3,100.3,50.3,0.8,0.2,
lower_east_side,9374707273,Eat Gai,40.7177582,-73.9881516,food_drink,466.0,43206.0,residential,,34.1,125.3,114.2,76.5,0.4709280382781089,0.5290719617218911,
lower_east_side,5847402986,Balzem,40.7213037,-73.9954744,food_drink,466.2,4512.0,residential,1.0,73.4,50.1,342.6,65.3,0.8335691104268952,0.1664308895731047,
lower_east_side,2547246926,Eighteen East,40.7200508,-73.995052,retail,466.7,17422.0,residential,,63.3,191.6,271.6,198.0,0.7351534243378836,0.2648465756621164,
lower_east_side,2178336492,Zip Laundry Center,40.7204003,-73.9847075,personal_care,466.9,3750.0,residential,,129.2,146.2,118.6,49.3,0.8333438865320079,0.1666561134679921,
lower_east_side,12632002031,Batsu,40.725374,-73.9872473,food_drink,467.0,2424.0,residential,1.0,31.0,447.9,92.4,103.8,0.7887470695493618,0.2112529304506382,
lower_east_side,5098756521,Nolitan Hotel,40.7206143,-73.995317,hospitality,467.0,3825.0,primary,2.0,29.3,125.1,303.2,132.2,,,
lower_east_side,9879298577,Fohr,40.7175644,-73.9908547,office_professional,467.6,2196.0,primary,2.0,9.6,249.8,118.3,37.5,0.8,0.2,
lower_east_side,12492931369,Ana Luisa,40.7217358,-73.9955284,retail,468.5,1243.0,residential,1.0,118.6,24.8,370.4,50.1,0.8407900040306329,0.1592099959693672,
lower_east_side,6910728950,Two Boots,40.7236983,-73.9850618,food_drink,468.6,7212.0,residential,,14.9,225.6,127.0,86.1,0.7729892082562079,0.2270107917437921,
lower_east_side,2550784971,Essex Card Shop,40.7239467,-73.9852502,retail,468.7,12021.0,secondary,3.0,20.3,253.2,97.7,55.8,0.916628663819908,0.083371336180092,
lower_east_side,2547247028,Sohotel,40.7195332,-73.9947277,hospitality,468.8,2595.0,secondary,1.0,66.6,228.1,247.9,261.5,0.0,1.0,
lower_east_side,4764733061,East Side Cigar & Smoke Shop,40.7214552,-73.9844117,retail,469.2,2285.0,primary,3.0,41.2,67.2,150.6,63.6,0.0,1.0,
lower_east_side,4784576322,Cafe Integral,40.7202995,-73.9952147,food_drink,469.3,1929.0,residential,,52.1,161.0,287.9,167.1,1.0,0.0,
lower_east_side,2546985593,Dim Sum Palace,40.7259382,-73.989838,food_drink,469.6,4808.0,primary,3.0,66.9,329.3,153.5,69.6,0.8910675381263616,0.1089324618736383,
lower_east_side,2826715681,AT&T,40.7183163,-73.9866414,retail,470.7,12520.0,primary,4.0,18.6,26.0,198.9,161.8,,,
lower_east_side,6052821497,Pilgrim New York,40.7174947,-73.9904373,retail,471.0,2209.0,residential,,45.5,229.4,82.3,67.6,0.7969707094331218,0.2030292905668782,
lower_east_side,4771881061,Spa Ocean Nail,40.7203918,-73.984658,personal_care,471.2,3750.0,residential,,127.2,148.3,122.3,46.7,0.8333438865320079,0.1666561134679921,
lower_east_side,6222189346,Von,40.7254448,-73.9926303,food_drink,471.4,1000.0,residential,1.0,46.7,90.6,373.4,134.7,0.8909382518043304,0.1090617481956696,
lower_east_side,7077578988,Cafeta Social Club Italian Restaurant,40.7241895,-73.9945177,food_drink,471.8,1828.0,residential,1.0,55.8,87.2,505.5,216.7,0.9070868713259308,0.0929131286740692,
lower_east_side,6371534686,The Bowery Electric,40.7257417,-73.991767,food_drink,472.6,1877.0,residential,1.0,26.4,165.3,314.5,72.0,0.5370176052232716,0.4629823947767285,
lower_east_side,4764733064,inhabit SOLAR,40.7214335,-73.9843737,office_professional,472.6,2556.0,primary,3.0,41.3,71.0,153.8,62.7,0.8727735368956743,0.1272264631043257,
lower_east_side,4764733063,Namaste Brows,40.7214398,-73.9843701,personal_care,472.8,2285.0,primary,3.0,40.6,71.0,154.1,63.5,0.0,1.0,
lower_east_side,2567557153,New York Miista Store,40.7174955,-73.9906669,retail,473.0,7709.0,residential,,27.2,243.0,101.0,53.1,0.0,1.0,
lower_east_side,5243563306,Parisi Bakery Delicatessen,40.7211562,-73.9955368,food_drink,473.3,4681.0,residential,1.0,63.6,62.1,340.5,72.3,0.941542288557214,0.058457711442786,
lower_east_side,4589328190,Exit 9,40.7239899,-73.9852183,retail,473.5,12021.0,secondary,3.0,21.9,257.9,97.4,55.3,0.916628663819908,0.083371336180092,
lower_east_side,9374707274,Top Hops Beer Shop,40.7176948,-73.9881141,food_drink,473.7,43206.0,residential,,38.5,127.0,114.5,71.3,0.4709280382781089,0.5290719617218911,
lower_east_side,2547246929,Joulvert,40.7199136,-73.9950614,office_professional,473.7,17422.0,secondary,1.0,65.6,205.8,272.0,211.4,0.7351534243378836,0.2648465756621164,
lower_east_side,13527372235,Alien Life,40.7237526,-73.9850223,retail,474.4,7212.0,secondary,3.0,9.5,231.8,125.8,84.4,0.7729892082562079,0.2270107917437921,
lower_east_side,9980405680,Laura & Melinda Express Custom Tailor Shop,40.7191262,-73.9854916,personal_care,474.7,2800.0,residential,,148.9,145.6,112.0,130.8,0.866504854368932,0.1334951456310679,
lower_east_side,11658333434,Burger King,40.7183003,-73.986582,food_drink,475.1,12520.0,residential,1.0,19.3,31.3,199.4,160.3,,,
lower_east_side,7891049874,Smoke Shop,40.7259657,-73.9893557,retail,475.4,3489.0,residential,1.0,93.8,369.9,112.8,88.4,0.7813333333333333,0.2186666666666666,
lower_east_side,9578260090,The Gray Mare,40.7259911,-73.9898144,food_drink,475.5,2400.0,primary,3.0,73.1,332.2,151.5,73.8,0.7391304347826086,0.2608695652173913,
lower_east_side,4771881068,Davelle NYC,40.7185107,-73.9862303,food_drink,475.7,2530.0,residential,1.0,56.4,60.2,171.4,188.0,1.0,0.0,
lower_east_side,1002880708,Lombardi's Pizza,40.7215933,-73.9956147,food_drink,476.0,2457.0,residential,1.0,107.2,18.9,368.3,42.0,0.8801261829652997,0.1198738170347003,
lower_east_side,5446733056,The Boiler Room,40.7259518,-73.9891412,food_drink,476.1,3489.0,residential,1.0,106.9,387.6,94.8,70.4,0.7813333333333333,0.2186666666666666,
lower_east_side,6222190782,C as in Charlie,40.7254629,-73.9927069,food_drink,476.3,1008.0,residential,1.0,53.0,84.0,373.5,141.2,0.75,0.25,
lower_east_side,9374707266,The Pushcart Presents,40.7176287,-73.9882756,retail,476.4,43206.0,residential,,29.3,142.3,99.3,59.5,0.4709280382781089,0.5290719617218911,
lower_east_side,9374707270,Mille Nonne,40.7176799,-73.9880718,food_drink,476.4,43206.0,residential,,42.4,125.3,117.4,71.5,0.4709280382781089,0.5290719617218911,
lower_east_side,12486715029,Victor & Tailors,40.7215101,-73.9956177,personal_care,476.6,2457.0,residential,1.0,99.3,24.5,364.0,43.9,0.8801261829652997,0.1198738170347003,
lower_east_side,9978637392,Fortnight Institute,40.7259794,-73.9905535,leisure_entertainment,476.6,2404.0,residential,1.0,72.6,270.7,213.8,31.5,0.9355555555555556,0.0644444444444444,
lower_east_side,9374707272,Peasant Stock,40.7176603,-73.9881324,food_drink,476.8,43206.0,residential,,38.2,130.6,111.8,67.2,0.4709280382781089,0.5290719617218911,
lower_east_side,6791086281,May Wah Laundromat,40.7210875,-73.9955656,personal_care,476.8,4681.0,residential,1.0,60.2,68.5,339.7,76.7,0.941542288557214,0.058457711442786,
lower_east_side,12887936049,Downtown Burritos,40.7254197,-73.9871131,food_drink,477.0,2349.0,primary,4.0,19.1,448.3,97.4,111.6,0.7981885988279169,0.2018114011720831,
lower_east_side,2567553160,Ben Meat Market,40.7178018,-73.9922941,food_drink,477.3,2214.0,secondary,2.0,110.6,271.0,206.8,102.1,0.8000203025073597,0.1999796974926403,
lower_east_side,6568734640,The Grand Daddy,40.7177214,-73.992045,food_drink,477.4,2187.0,secondary,2.0,88.7,291.2,211.2,82.2,0.0,1.0,
lower_east_side,13126314101,Grand Tea and Imports,40.7176309,-73.991727,food_drink,477.8,2288.0,secondary,2.0,62.7,306.3,191.5,59.5,0.0,1.0,
lower_east_side,4764733058,Heaven's Hot Bagel,40.7214245,-73.9843008,food_drink,478.8,2500.0,primary,3.0,39.3,77.1,160.0,64.8,0.8485995457986374,0.1514004542013626,
lower_east_side,8098089422,Lucky King Bakery,40.7178755,-73.9925404,food_drink,478.9,2191.0,secondary,2.0,132.2,251.3,204.2,122.7,0.0,1.0,
lower_east_side,4589608994,Fiat Café,40.7214382,-73.995646,food_drink,479.4,2457.0,residential,1.0,93.8,29.8,362.3,45.1,0.8801261829652997,0.1198738170347003,
lower_east_side,12815687871,noodlelove,40.7209887,-73.9955775,food_drink,479.5,3685.0,residential,1.0,54.8,78.8,336.7,85.2,0.7970549158547388,0.2029450841452613,
lower_east_side,9374707271,Puebla Mexican Food,40.7176452,-73.9880905,food_drink,479.5,43206.0,residential,,42.2,129.0,114.7,67.3,0.4709280382781089,0.5290719617218911,
lower_east_side,8268177131,Minus Celsius Ice Cream,40.7175647,-73.9915239,food_drink,479.8,4397.0,secondary,2.0,46.9,295.5,173.2,49.0,0.0,1.0,
lower_east_side,9374707268,Ni Japanese Deli,40.7176587,-73.9880249,food_drink,480.0,43206.0,residential,,46.8,123.8,120.4,71.5,0.4709280382781089,0.5290719617218911,
lower_east_side,11649887402,Harris Levy,40.7178914,-73.9926122,retail,480.1,2192.0,secondary,2.0,135.6,245.6,203.4,128.8,0.0,1.0,
lower_east_side,2547067890,Jay Kos,40.7244125,-73.99442,retail,480.2,5087.0,residential,1.0,38.7,89.1,482.9,221.4,0.8440737833594977,0.1559262166405023,
lower_east_side,10756703057,Reader & Advisor Evana,40.7193487,-73.9947407,leisure_entertainment,480.6,2595.0,primary,4.0,75.4,208.2,253.5,273.4,0.0,1.0,
lower_east_side,7891049872,Luscious Market Deli,40.7260124,-73.9893216,retail,480.8,3489.0,residential,1.0,99.5,373.5,110.1,86.7,0.7813333333333333,0.2186666666666666,
lower_east_side,6407882846,Plant Made,40.7260386,-73.9897726,food_drink,480.9,2400.0,primary,3.0,79.3,336.5,148.2,79.4,0.7391304347826086,0.2608695652173913,
lower_east_side,11649887400,Aqua Best,40.7179254,-73.9927184,food_drink,481.0,2192.0,secondary,2.0,128.1,237.4,203.6,137.9,0.7999529023902037,0.2000470976097963,
lower_east_side,8958523251,Square Pizza,40.7199934,-73.9847283,food_drink,481.4,2500.0,residential,1.0,166.7,190.0,110.2,23.1,0.8450946643717728,0.1549053356282272,
lower_east_side,8958523252,Space 776,40.7200219,-73.9847106,leisure_entertainment,481.5,2500.0,residential,1.0,163.2,187.2,111.6,21.7,0.8450946643717728,0.1549053356282272,
lower_east_side,4764733072,Donnybrook,40.72019,-73.984615,food_drink,482.1,2500.0,residential,,143.1,170.9,120.7,25.0,0.8450946643717728,0.1549053356282272,
lower_east_side,9374707269,Dominican Cravings,40.7176315,-73.9880451,food_drink,482.2,43206.0,residential,,46.3,127.1,117.9,68.0,0.4709280382781089,0.5290719617218911,
lower_east_side,10913597836,,40.7199982,-73.9847116,finance,482.5,2500.0,residential,1.0,165.5,189.7,111.6,21.7,0.8450946643717728,0.1549053356282272,
lower_east_side,6835464497,Soho Garden,40.7231395,-73.9953781,retail,482.5,9085.0,residential,,109.0,166.9,465.2,107.4,0.7989997825614263,0.2010002174385736,
lower_east_side,12486715028,A Day's March,40.7216261,-73.9956939,retail,482.6,2455.0,residential,1.0,113.7,11.3,375.9,35.1,0.7196200026388706,0.2803799973611294,
lower_east_side,8958523250,Unfade,40.7198037,-73.9848217,personal_care,483.1,2500.0,residential,1.0,188.8,209.5,105.7,37.9,0.8870588235294118,0.1129411764705882,
lower_east_side,10270349365,Cafecito,40.7185168,-73.9938501,retail,483.2,539.0,secondary,4.0,64.5,174.3,231.7,244.5,0.0,1.0,
lower_east_side,4949133722,Izzies,40.719775,-73.9848378,food_drink,483.3,2500.0,residential,1.0,192.3,212.5,105.2,40.9,0.8870588235294118,0.1129411764705882,
lower_east_side,4668049689,Boba Guys,40.7206037,-73.984423,food_drink,483.5,1875.0,residential,1.0,96.4,133.8,149.3,43.2,0.8849840255591054,0.1150159744408945,
lower_east_side,8958523249,Yopparai,40.7197247,-73.9848672,food_drink,483.6,2500.0,residential,1.0,198.4,217.8,104.6,46.4,0.9391048411651274,0.0608951588348726,
lower_east_side,4764733059,Ivan Ramen,40.7205419,-73.9844418,food_drink,483.7,1875.0,residential,1.0,102.8,139.2,145.2,48.3,0.8849840255591054,0.1150159744408945,
lower_east_side,3822494060,The Garret Coctelería,40.7196519,-73.9950239,food_drink,483.9,13045.0,secondary,1.0,74.5,234.5,270.7,239.3,0.0,0.2718882650965357,
lower_east_side,4113171309,The Sabieng Thai,40.7254779,-73.9870799,food_drink,484.0,2382.0,primary,4.0,17.0,453.3,95.8,111.7,0.8443175921120913,0.1556824078879086,
lower_east_side,12365547753,Boba Guys,40.7218228,-73.9957101,food_drink,484.0,1082.0,residential,1.0,133.6,18.6,388.5,39.3,0.75,0.25,
lower_east_side,4146329689,2nd Floor on Clinton,40.7194207,-73.985079,food_drink,484.7,1010.0,residential,1.0,196.6,192.8,106.3,83.3,0.5777294303797469,0.4222705696202531,
lower_east_side,13764217537,Taikii Cafe,40.7196684,-73.9848869,food_drink,485.0,2500.0,residential,1.0,204.6,222.5,105.4,51.9,0.9037420286367464,0.0962579713632535,
lower_east_side,5987980588,Lava,40.7195941,-73.9849333,food_drink,485.6,2500.0,residential,1.0,213.7,214.3,105.5,60.6,0.9041916167664672,0.0958083832335329,
lower_east_side,11654745957,Pop’s Bagels,40.7245453,-73.9943619,food_drink,485.8,5087.0,residential,1.0,34.5,93.8,469.7,219.0,0.8440737833594977,0.1559262166405023,
lower_east_side,5807550740,Caveat,40.7206712,-73.9843722,leisure_entertainment,485.8,5000.0,residential,1.0,88.0,129.3,156.4,40.0,0.6527777777777778,0.3472222222222222,
lower_east_side,12729319276,Ludlow Laundromat,40.7173448,-73.9898667,personal_care,486.1,2224.0,residential,,76.5,213.6,31.5,117.2,0.89684340829379,0.10315659170621,
lower_east_side,5171953029,TD Bank,40.7174111,-73.9910158,finance,486.7,7709.0,secondary,,21.6,271.2,128.3,49.5,0.0,1.0,
lower_east_side,6222194629,Overthrow,40.7255092,-73.9928504,leisure_entertainment,486.7,1220.0,residential,1.0,65.2,71.8,372.7,153.6,0.6666666666666666,0.3333333333333333,
lower_east_side,4764733069,Brick,40.7207405,-73.9843387,food_drink,486.7,5000.0,residential,1.0,80.3,124.3,162.5,37.3,0.6527777777777778,0.3472222222222222,
lower_east_side,12486715020,MotivNY,40.7212553,-73.9957179,leisure_entertainment,487.2,977.0,residential,1.0,82.2,47.3,358.9,54.1,1.0,0.0,
lower_east_side,12492931382,Pinkyotto,40.7231607,-73.99543,retail,487.4,9085.0,residential,,104.3,168.3,469.8,111.2,0.7989997825614263,0.2010002174385736,
lower_east_side,9374707265,Café d'Avignon,40.7175729,-73.9880757,food_drink,487.5,43206.0,residential,,46.8,133.4,113.8,61.1,0.4709280382781089,0.5290719617218911,
lower_east_side,9374707263,Czar's Grooming,40.7176123,-73.9879262,personal_care,487.7,43206.0,primary,1.0,56.4,121.4,127.1,72.3,0.4709280382781089,0.5290719617218911,
lower_east_side,4764733068,Uncle Sam's Pizza,40.7208152,-73.9843043,food_drink,487.8,2500.0,residential,1.0,72.4,119.2,169.1,36.0,0.8,0.2,
lower_east_side,9339978818,Organic Snacks & Grocery,40.7190773,-73.9853441,retail,487.9,2500.0,residential,,154.0,153.3,122.4,127.2,0.8647887323943662,0.1352112676056338,
lower_east_side,2547247040,Piacere,40.7196837,-73.9951032,food_drink,488.1,980.0,secondary,1.0,78.2,229.3,276.9,231.8,0.65,0.35,
lower_east_side,8958523254,The Burgary,40.7194065,-73.9850264,food_drink,489.3,1010.0,residential,1.0,198.6,195.5,107.0,81.8,0.5777294303797469,0.4222705696202531,
lower_east_side,4764733067,Nails by Ma,40.7208776,-73.9842686,personal_care,489.4,4942.0,residential,1.0,65.4,115.6,175.3,37.2,0.9438118070122864,0.0561881929877135,
lower_east_side,12486715021,Maria Bonita Spa,40.7211812,-73.9957471,personal_care,490.6,4955.0,residential,1.0,78.7,55.1,357.9,59.5,0.7438988899513574,0.2561011100486425,
lower_east_side,8960429322,Yopparai Ronin,40.7193451,-73.9850545,food_drink,491.0,1490.0,residential,1.0,192.2,189.7,108.2,88.7,0.8657718120805369,0.1342281879194631,
lower_east_side,2166137636,Rice To Riches,40.72185,-73.995796,food_drink,491.3,1082.0,residential,1.0,139.6,19.5,396.2,35.2,0.75,0.25,
lower_east_side,9374707264,Zerza,40.7175692,-73.9879462,food_drink,491.6,43206.0,primary,1.0,56.7,126.0,124.4,67.5,0.4709280382781089,0.5290719617218911,
lower_east_side,2567557160,The Vintage Twin,40.7173374,-73.9907764,retail,491.6,7709.0,secondary,,33.0,261.9,107.4,63.0,0.0,1.0,
lower_east_side,11658333432,David Owens Vintage Clothing,40.7190647,-73.9852997,retail,491.7,2500.0,residential,,156.0,155.9,125.4,126.1,0.8647887323943662,0.1352112676056338,
lower_east_side,12486715027,NYC Health + Hospitals/Gotham Health Judson,40.7216747,-73.9958115,health,492.4,6425.0,residential,1.0,123.5,0.0,387.2,25.4,0.0,1.0,
lower_east_side,8000650773,City Hats,40.7245705,-73.9944367,retail,492.4,5087.0,primary,3.0,37.7,100.5,465.5,225.7,0.8440737833594977,0.1559262166405023,
lower_east_side,8958523253,Thailicious,40.7192706,-73.9850944,food_drink,492.6,2500.0,residential,1.0,184.1,182.4,110.9,97.5,0.8771975180972078,0.1228024819027921,
lower_east_side,4947130221,Rice to Riches,40.7219052,-73.9958088,food_drink,492.6,2080.0,residential,1.0,145.5,25.6,400.5,38.8,0.897680763983629,0.102319236016371,
lower_east_side,9094680924,Verizon,40.7182305,-73.9863577,retail,492.8,6825.0,residential,1.0,30.8,51.8,189.9,155.3,0.0,0.1258905878921711,
lower_east_side,12308518420,Hub Thai,40.7239243,-73.9848973,food_drink,492.9,4800.0,secondary,3.0,17.4,251.5,124.6,82.5,0.9026001524519351,0.0973998475480647,
lower_east_side,10585010028,Deal 99¢ or More,40.7255554,-73.9870249,retail,493.8,2382.0,primary,4.0,18.0,459.0,95.2,113.5,0.8099673963670238,0.1900326036329762,
lower_east_side,2547246978,Thai Diner,40.7207443,-73.9957016,food_drink,495.0,3800.0,residential,1.0,57.9,103.9,338.3,105.4,0.8666943306188081,0.1333056693811919,
lower_east_side,2546985605,La Vera Pizza,40.726165,-73.989682,food_drink,495.3,1440.0,residential,1.0,95.3,346.8,142.1,93.2,0.8007623007623008,0.1992376992376992,
lower_east_side,6261908826,Sheen Center,40.7254212,-73.9932418,leisure_entertainment,495.8,8127.0,residential,1.0,98.3,39.8,394.4,185.1,0.0,1.0,
lower_east_side,8530354106,Kids Dental,40.7241937,-73.9850714,health,496.2,12100.0,secondary,3.0,40.2,280.6,99.9,59.6,0.950579048811426,0.0494209511885738,
lower_east_side,247841540,The Bowery Hotel,40.7260382,-73.9914562,hospitality,496.7,12204.0,residential,1.0,55.8,198.5,272.6,78.3,0.0748139053876187,0.0,
lower_east_side,6478419609,Karma Gallery,40.7224202,-73.9841422,leisure_entertainment,497.2,2544.0,residential,,74.8,119.4,203.2,35.4,0.0,1.0,
lower_east_side,207556738,Holiday Inn,40.7182701,-73.9862094,hospitality,497.2,6825.0,residential,1.0,44.1,62.4,177.7,162.5,0.0,0.1258905878921711,
lower_east_side,12681040946,Ranjha Mott Cleaners & Tailor,40.7250489,-73.993905,personal_care,497.4,2492.0,residential,1.0,45.8,53.1,427.5,202.2,0.8203841837745066,0.1796158162254934,
lower_east_side,2567557154,Shin Gallery,40.7172602,-73.9905269,leisure_entertainment,497.7,2584.0,secondary,,52.5,253.9,86.2,81.0,0.7349086781549892,0.2650913218450108,
lower_east_side,12628945379,Vuarnet,40.7218983,-73.9958725,retail,497.9,2080.0,residential,1.0,147.4,25.4,404.5,34.9,0.897680763983629,0.102319236016371,
lower_east_side,2178336350,Pause Cafe,40.7212256,-73.984094,food_drink,498.1,2500.0,residential,1.0,34.5,102.3,179.4,61.2,0.8450946643717728,0.1549053356282272,
lower_east_side,2547000493,October's Very Own,40.7258577,-73.9922421,retail,498.8,2636.0,residential,1.0,6.8,129.3,320.2,113.4,0.5797972940206586,0.4202027059793414,
lower_east_side,2547067899,Ballato,40.7245967,-73.9945106,food_drink,499.1,5087.0,primary,3.0,35.7,107.1,461.3,232.4,0.8440737833594977,0.1559262166405023,
lower_east_side,4813825721,Nati,40.7232112,-73.9955533,retail,499.1,1800.0,residential,,93.2,172.2,480.8,120.6,0.8664688427299704,0.1335311572700296,
lower_east_side,12874846886,Biga Bite,40.7212657,-73.9840748,food_drink,499.2,2500.0,residential,1.0,32.6,101.7,180.4,65.0,0.8450946643717728,0.1549053356282272,
lower_east_side,4771881048,Socrates Hair Design,40.7212862,-73.9840718,personal_care,499.3,2500.0,residential,1.0,32.4,100.9,180.4,66.6,0.8450946643717728,0.1549053356282272,
lower_east_side,2826715694,Davidovich Bakery,40.7190348,-73.9852061,food_drink,500.0,2500.0,residential,,160.0,161.5,121.9,124.7,0.856180455680872,0.143819544319128,
lower_east_side,6128599188,yarnz,40.7224536,-73.9958215,retail,500.0,2465.0,residential,1.0,119.6,86.6,437.7,79.5,0.8506029239142034,0.1493970760857966,
lower_east_side,9978178385,Ulla Johnson,40.7255569,-73.9930667,retail,500.5,1472.0,residential,1.0,83.3,53.9,374.6,172.2,0.5580486146523882,0.4419513853476117,
lower_east_side,10547855187,Sky Ting Trading Company,40.7200912,-73.995513,retail,500.9,4675.0,secondary,1.0,83.8,177.9,304.7,179.5,0.9334446938455916,0.0665553061544083,
lower_east_side,11515266361,Oti,40.7198466,-73.9845618,food_drink,500.9,2500.0,residential,1.0,174.4,208.9,95.8,19.4,0.8795785248369292,0.1204214751630707,
lower_east_side,4771881054,,40.7213141,-73.9840446,finance,501.3,2500.0,residential,1.0,30.5,101.7,182.3,70.3,0.8450946643717728,0.1549053356282272,
lower_east_side,10756703054,District 87,40.7190416,-73.9947688,personal_care,502.1,2682.0,primary,4.0,43.0,175.2,266.5,293.6,0.0,1.0,
lower_east_side,6481688224,Il Posto Accanto,40.7223924,-73.9840765,food_drink,502.2,5088.0,residential,,71.7,121.3,206.4,33.0,0.8094693722015814,0.1905306277984186,
lower_east_side,12982650202,Shu Jiao Fu Zhou,40.7174828,-73.992049,food_drink,502.3,1294.0,secondary,2.0,74.3,290.5,190.6,84.2,0.0,1.0,
lower_east_side,12982654501,Shu Jiao Fu Zhou,40.7174828,-73.992049,food_drink,502.3,1294.0,secondary,2.0,74.3,290.5,190.6,84.2,0.0,1.0,
lower_east_side,2826715690,Clinton Exotics,40.71896,-73.9852449,retail,502.4,2500.0,residential,1.0,152.4,155.0,126.8,133.5,0.856180455680872,0.143819544319128,
lower_east_side,4764733065,Ariel's Latin Bistro,40.7213435,-73.9840279,food_drink,502.4,2500.0,residential,1.0,29.8,101.8,183.4,73.4,0.8450946643717728,0.1549053356282272,
lower_east_side,6293667225,Koneko Cat Cafe,40.7204867,-73.9842269,food_drink,502.8,1988.0,residential,1.0,98.1,153.2,145.7,57.3,0.8290935148692224,0.1709064851307775,
lower_east_side,2567558477,Da Hing Florist,40.7175839,-73.992402,retail,503.1,2500.0,residential,,106.0,260.6,181.4,109.4,0.8482758620689655,0.1517241379310344,
lower_east_side,8333740832,99 Favor Taste,40.7176228,-73.9925201,food_drink,503.4,5000.0,secondary,2.0,116.8,250.8,180.0,119.0,0.0,1.0,
lower_east_side,2567558475,Smoove Ice Cream & Kulu Desserts,40.7176986,-73.992723,food_drink,503.4,2793.0,secondary,2.0,122.3,234.1,180.0,136.6,0.0,1.0,
lower_east_side,6293667227,20 Clinton Ink,40.7205435,-73.9841973,retail,503.6,1988.0,residential,1.0,91.3,149.1,151.2,60.5,0.8290935148692224,0.1709064851307775,
lower_east_side,13502657369,Godunk,40.7259196,-73.9922038,food_drink,503.9,2507.0,primary,2.0,7.6,134.6,312.7,113.7,0.5856655290102389,0.4143344709897611,
lower_east_side,5123314121,Mile End Deli,40.7257657,-73.9926595,food_drink,504.2,2885.0,residential,1.0,43.2,92.7,340.3,142.7,0.0,1.0,
lower_east_side,2178443632,De-vino Wine Boutique,40.7203531,-73.9842606,food_drink,504.4,3450.0,residential,1.0,112.7,164.8,132.2,42.4,0.8,0.2,
lower_east_side,6222196405,Hatch,40.7255814,-73.9931213,retail,505.3,2600.0,residential,1.0,86.6,49.8,374.0,177.0,0.8536299765807962,0.1463700234192037,
lower_east_side,6622046485,Pho Grand,40.7176968,-73.9927709,food_drink,505.5,2793.0,secondary,2.0,118.3,230.0,178.3,139.3,0.0,1.0,
lower_east_side,13062290351,Dumpling Story,40.7183133,-73.9939503,food_drink,505.7,1333.0,secondary,1.0,67.3,154.4,236.1,246.9,0.0,1.0,
lower_east_side,13078894001,一品小笼包,40.7183113,-73.993949,food_drink,505.8,1333.0,secondary,1.0,67.5,154.4,235.8,246.7,0.0,1.0,
lower_east_side,2547246916,Waterlilly Spa,40.7197945,-73.9954086,personal_care,505.8,1840.0,residential,,97.2,211.8,294.9,203.2,0.0,1.0,
lower_east_side,6293667226,The Flying Row,40.7206914,-73.9841203,personal_care,505.9,10016.0,residential,1.0,73.8,139.6,166.0,55.9,0.8398241530902508,0.1601758469097491,
lower_east_side,10584741962,Grand Elegant Spa,40.7184191,-73.9941084,personal_care,506.1,1875.0,secondary,1.0,49.6,150.5,249.8,262.5,0.0,1.0,
lower_east_side,11658333429,Cloud Vietnamese,40.7188406,-73.985309,food_drink,506.4,2500.0,residential,1.0,140.5,145.1,128.3,147.8,0.856180455680872,0.143819544319128,
lower_east_side,9736053031,Hyake,40.7187004,-73.9944776,food_drink,506.8,2632.0,primary,4.0,9.2,152.5,261.6,282.4,0.0,1.0,
lower_east_side,6230655385,Key Food,40.724017,-73.9847775,retail,506.8,11540.0,secondary,3.0,31.7,262.8,129.6,88.0,0.0,1.0,
lower_east_side,6568736486,Parm,40.7230403,-73.9957307,food_drink,507.4,896.0,residential,1.0,83.7,152.0,476.8,112.3,0.8,0.2,
lower_east_side,3608616551,The Grey Dog,40.7229657,-73.99576,food_drink,507.4,896.0,residential,1.0,85.0,143.6,472.5,107.4,0.8,0.2,
lower_east_side,2547243347,7th Street Burger,40.7230906,-73.9957109,food_drink,507.5,896.0,residential,1.0,83.3,157.7,479.7,115.8,0.8,0.2,
lower_east_side,8000650772,Milano's Bar,40.724629,-73.9946134,food_drink,508.0,2016.0,primary,3.0,35.3,116.2,456.0,241.6,0.9202939513849632,0.0797060486150367,
lower_east_side,12087708836,Faherty,40.723247,-73.9956495,retail,508.1,1800.0,residential,,84.6,175.4,489.1,127.9,0.8664688427299704,0.1335311572700296,
lower_east_side,8289646188,Prince Tea House,40.7189751,-73.9947937,food_drink,508.1,2435.0,primary,4.0,37.1,167.5,271.2,296.4,0.0,1.0,
lower_east_side,7150083285,Goods for the Study,40.7226235,-73.9958784,retail,508.1,2465.0,residential,1.0,101.7,105.7,453.6,91.3,0.8473767885532592,0.1526232114467408,
lower_east_side,8098089421,Harper's Bread House,40.7177682,-73.9930075,food_drink,508.2,1250.0,residential,1.0,100.0,210.8,179.4,159.1,0.0,1.0,
lower_east_side,10756703056,Battle of Tables,40.7190903,-73.9949053,leisure_entertainment,508.2,2682.0,primary,4.0,52.9,176.7,275.3,281.1,0.0,1.0,
lower_east_side,1861652105,Mulberry Cleaners,40.7225625,-73.9959029,personal_care,508.8,2465.0,residential,1.0,105.7,99.0,450.7,90.2,0.8008958088941026,0.1991041911058974,
lower_east_side,9986008926,Kino,40.7262139,-73.9911116,personal_care,509.3,2404.0,residential,1.0,65.9,232.3,241.1,71.7,0.9,0.1,
lower_east_side,8958489051,Plado,40.7223532,-73.9839834,food_drink,509.4,5088.0,residential,,68.2,124.6,211.2,31.6,0.8094693722015814,0.1905306277984186,
lower_east_side,2547243322,Mott Corner,40.7208066,-73.9959038,food_drink,510.3,2335.0,residential,1.0,75.3,96.8,333.5,94.3,0.8799627068603838,0.1200372931396162,
lower_east_side,4911460721,Aime Leon Dore,40.7223077,-73.9959751,retail,510.4,7429.0,residential,1.0,126.8,71.7,437.7,75.0,0.8015196868524062,0.1984803131475938,
lower_east_side,11196495959,Alice Cleaners,40.7262638,-73.9891301,personal_care,510.6,2400.0,residential,1.0,96.8,388.4,99.5,83.4,0.75,0.25,
lower_east_side,2826754295,BLP Meat Market,40.7192224,-73.9848821,retail,510.6,2850.0,residential,1.0,194.4,195.2,92.8,93.8,0.8024263431542461,0.1975736568457539,
lower_east_side,9978178386,Anna Sheffield,40.7256067,-73.9932083,retail,511.5,2600.0,residential,1.0,92.6,43.3,374.5,184.6,0.8536299765807962,0.1463700234192037,
lower_east_side,10584741960,Daronghua Bakery,40.7183685,-73.9941338,food_drink,511.6,1875.0,secondary,1.0,51.5,145.3,244.7,262.7,0.0,1.0,
lower_east_side,6955274085,Mejuri,40.7219528,-73.9960365,retail,512.0,3060.0,residential,1.0,159.7,36.3,419.4,35.3,0.8597967052225727,0.1402032947774272,
lower_east_side,10756703060,Matcha Cafe Maiko,40.7189289,-73.9948154,food_drink,512.7,2435.0,primary,4.0,33.7,162.0,275.0,297.1,0.4103636948825233,0.5896363051174767,
lower_east_side,4969397721,Mughlai Indian Cuisine,40.721049,-73.9839492,food_drink,512.7,2700.0,residential,1.0,32.9,123.0,195.2,65.1,0.9003449597546953,0.0996550402453047,
lower_east_side,2567557157,Subway,40.7171045,-73.9900087,food_drink,512.8,1472.0,secondary,,73.2,242.7,46.5,123.1,0.4764740917212626,0.5235259082787374,
lower_east_side,6293417989,Cibao Restaurant,40.7191277,-73.9849303,food_drink,513.0,2850.0,residential,,184.8,186.9,97.4,105.1,0.8024263431542461,0.1975736568457539,
lower_east_side,247838682,La MaMa,40.7263269,-73.9901979,leisure_entertainment,513.1,2325.0,residential,1.0,103.9,309.3,188.1,77.7,0.0,1.0,
lower_east_side,5910620573,JDI Barbell Club,40.7175381,-73.9925679,leisure_entertainment,513.6,5000.0,secondary,2.0,117.1,246.7,169.8,114.7,0.0,1.0,
lower_east_side,12897325824,Fruit Vanity,40.7177259,-73.9930447,food_drink,513.8,1250.0,residential,1.0,95.9,207.2,174.1,158.3,0.0,1.0,
lower_east_side,4771881059,One More Thai,40.7210877,-73.9839283,food_drink,513.8,2700.0,residential,1.0,28.5,122.1,195.9,67.8,0.9003449597546953,0.0996550402453047,
lower_east_side,2547243350,Kolkata Chai Co,40.7208307,-73.9959563,food_drink,514.1,2335.0,primary,2.0,80.0,94.6,332.7,91.0,0.8799627068603838,0.1200372931396162,
lower_east_side,9978637390,Three Jewels,40.7262473,-73.9911911,food_drink,514.3,2404.0,residential,1.0,59.2,227.3,241.2,78.8,0.9131146547019948,0.0868853452980052,
lower_east_side,10584741958,Forever Health,40.7183948,-73.9942233,health,514.7,1875.0,secondary,1.0,44.0,141.4,249.1,261.4,0.0,1.0,
lower_east_side,10756703058,Kyuramen,40.7188978,-73.9948257,food_drink,515.5,2435.0,primary,4.0,31.5,158.5,277.2,293.5,0.4103636948825233,0.5896363051174767,
lower_east_side,1362703566,Clinton St. Baking Company,40.7211788,-73.9838832,food_drink,516.3,2844.0,residential,1.0,19.2,120.4,197.7,74.6,0.8122841267457577,0.1877158732542423,
lower_east_side,10007479156,Gemma,40.7261893,-73.9916167,food_drink,516.4,12204.0,residential,1.0,54.6,191.7,266.2,99.5,0.0748139053876187,0.0,
lower_east_side,9340215860,Hawa Smoothies,40.7181358,-73.9860644,food_drink,516.5,2725.0,primary,3.0,54.5,78.6,164.8,152.2,0.0,1.0,
lower_east_side,2547243346,Van Leeuwen Ice Cream,40.7219749,-73.9960928,food_drink,516.9,3060.0,residential,1.0,157.5,40.9,424.8,37.2,0.8597967052225727,0.1402032947774272,
lower_east_side,12861517731,Rite Aid,40.7257392,-73.9868918,retail,517.1,7200.0,residential,,31.8,440.9,98.1,120.9,0.0,1.0,
lower_east_side,10584741963,I'Milky,40.7184114,-73.994286,food_drink,517.1,2032.0,secondary,1.0,39.1,138.6,252.2,260.4,0.6700119474313023,0.3299880525686977,
lower_east_side,2826754297,Black Crescent,40.7189562,-73.9850248,food_drink,517.5,1675.0,residential,1.0,167.6,172.0,108.9,125.7,0.5268217054263565,0.4731782945736434,
lower_east_side,9340092458,Santo Domingo Bakery & Coffee Shop,40.7185509,-73.9854664,food_drink,517.5,2500.0,residential,1.0,113.6,124.4,123.6,182.4,0.8361581920903954,0.1638418079096045,
lower_east_side,12729328284,G's Cheesesteaks,40.7216887,-73.9838271,food_drink,517.6,1819.0,tertiary,2.0,24.9,112.0,201.4,53.9,0.8999374609130707,0.1000625390869293,
lower_east_side,6371442486,Estela,40.7246217,-73.9947736,food_drink,518.0,1833.0,primary,3.0,38.2,126.8,454.3,254.6,0.5028780743066458,0.4971219256933543,
lower_east_side,2546985608,East Village Farm & Grocery,40.7263624,-73.9895297,food_drink,518.0,1848.0,residential,1.0,99.5,364.5,134.9,116.6,0.8332763532763533,0.1667236467236467,
lower_east_side,10584741961,Burger By Day,40.7184239,-73.9943311,food_drink,518.8,2032.0,secondary,1.0,35.7,136.8,254.5,259.8,0.6700119474313023,0.3299880525686977,
lower_east_side,12815668433,Gem,40.720665,-73.9959711,food_drink,519.1,1250.0,residential,1.0,81.1,113.1,317.9,109.1,0.6327297574308165,0.3672702425691834,
lower_east_side,8587042215,Now Now,40.7260831,-73.9921512,hospitality,519.3,3007.0,primary,2.0,25.0,145.9,294.0,120.3,0.875,0.125,
lower_east_side,9340191554,99¢ Pizza,40.7181201,-73.986015,food_drink,520.5,2725.0,primary,3.0,58.8,83.1,160.6,152.2,0.0,1.0,
lower_east_side,11943260739,Botantica Bar,40.7246846,-73.994744,food_drink,520.5,1833.0,primary,3.0,34.0,126.2,447.8,253.7,0.5028780743066458,0.4971219256933543,
lower_east_side,4757294821,Taïm,40.7219917,-73.9961366,food_drink,520.7,2598.0,residential,1.0,154.7,44.6,428.9,39.1,0.8877483642475539,0.1122516357524461,
lower_east_side,11510389395,Gotham,40.7262942,-73.9912929,retail,521.2,3847.0,residential,1.0,50.8,221.4,241.2,88.3,0.6557173417983576,0.3442826582016424,
lower_east_side,2826754277,Rivington Discount & Hardware,40.7190935,-73.9848342,retail,521.8,2850.0,residential,,189.3,192.7,89.9,105.9,0.8024263431542461,0.1975736568457539,
lower_east_side,12729347397,White Rose Collective,40.7220573,-73.983791,personal_care,522.0,3574.0,residential,,43.8,122.8,213.3,31.5,0.8351535132907479,0.164846486709252,
lower_east_side,12729362163,Zeno Nail Bar,40.7217793,-73.9837683,personal_care,522.6,5380.0,tertiary,2.0,29.2,117.6,207.8,48.8,0.8927682937290898,0.1072317062709101,
lower_east_side,9339983864,MZ Wang Discount Inc Variety Store,40.7187984,-73.9851045,retail,522.8,1675.0,residential,1.0,153.0,160.0,112.1,144.5,0.5268217054263565,0.4731782945736434,
lower_east_side,6622185985,il Buco,40.7258235,-73.9929943,food_drink,523.1,2052.0,residential,1.0,70.3,69.6,345.0,171.6,0.5711987127916331,0.4288012872083668,
lower_east_side,5994541185,DokoDemo,40.7264163,-73.9897056,food_drink,523.1,1848.0,residential,1.0,103.6,351.9,150.9,109.8,0.8332763532763533,0.1667236467236467,
lower_east_side,6422249385,La Churreria,40.7244372,-73.9950337,food_drink,523.2,3607.0,residential,1.0,48.2,137.0,471.5,243.3,0.9427256182421584,0.0572743817578417,
lower_east_side,2826715687,Taco Mix,40.7181073,-73.9859722,food_drink,523.9,2725.0,primary,3.0,62.5,87.0,157.1,152.4,0.0,1.0,
lower_east_side,11742236573,Flordel Florist,40.7187608,-73.9851225,retail,524.2,1675.0,residential,1.0,149.7,157.5,110.5,148.9,0.5268217054263565,0.4731782945736434,
lower_east_side,12486715025,Undefeated,40.7211586,-73.9961472,retail,524.3,4150.0,primary,2.0,106.1,64.0,352.1,53.7,0.9422299248989024,0.0577700751010976,
lower_east_side,6074574908,$1.50 Fresh Pizza,40.7264182,-73.9894893,food_drink,524.4,1854.0,primary,3.0,92.4,369.4,133.9,118.1,0.8,0.2,
lower_east_side,8587042214,Buddy Buddy,40.7261377,-73.9921319,food_drink,524.4,1905.0,primary,2.0,31.1,150.1,287.7,122.9,0.676340383669454,0.323659616330546,
lower_east_side,9905219376,Dental Office,40.7189561,-73.9849227,health,524.4,1675.0,residential,,174.9,180.0,100.7,122.7,0.5268217054263565,0.4731782945736434,
lower_east_side,4947717722,Meama,40.7263816,-73.9890411,food_drink,524.7,2400.0,primary,3.0,82.6,373.8,97.9,86.2,0.7999491611591256,0.2000508388408744,
lower_east_side,12739827416,12 Matcha,40.7259999,-73.9925835,food_drink,524.8,1625.0,residential,1.0,38.9,109.4,313.7,146.2,1.0,0.0,
lower_east_side,7906873339,Socarrat Paella Bar,40.7244928,-73.9950083,food_drink,525.1,1000.0,residential,1.0,42.5,137.4,465.6,249.3,0.8098859315589354,0.1901140684410646,
lower_east_side,12488376017,Mulberry Market,40.7232089,-73.9958812,retail,525.2,10537.0,residential,1.0,66.0,170.7,499.1,134.9,0.7214153426259869,0.278584657374013,
lower_east_side,12488376018,,40.7232693,-73.9958572,retail,525.4,10537.0,residential,1.0,67.0,177.4,502.7,139.1,0.7214153426259869,0.278584657374013,
lower_east_side,6261908825,Planned Parenthood,40.7255007,-73.9937026,health,525.5,6455.0,residential,1.0,89.1,0.0,387.9,218.3,0.0,1.0,
lower_east_side,2572411291,Hey Tea,40.7185051,-73.9945454,food_drink,525.6,1896.0,secondary,1.0,19.9,131.6,268.2,260.2,0.0,1.0,
lower_east_side,12772979824,Tuft,40.7229288,-73.9960015,personal_care,526.0,2481.0,residential,1.0,70.3,140.4,484.1,119.0,0.8620689655172413,0.1379310344827586,
lower_east_side,2547243340,JK Cleaners,40.7228775,-73.9960197,personal_care,526.0,2479.0,residential,1.0,72.9,134.9,481.4,116.7,0.8358718487394958,0.1641281512605042,
lower_east_side,5402542002,East Village Wine & Liquors,40.7187062,-73.9851508,retail,526.2,2500.0,residential,1.0,144.9,153.7,108.7,155.5,0.8206896551724138,0.1793103448275862,
lower_east_side,11060652413,Heng Yun Grocery Store,40.716989,-73.9904216,retail,527.0,1403.0,secondary,,67.9,272.3,83.5,102.9,0.4806866952789699,0.51931330472103,
lower_east_side,7906873340,1000 Volts Tattoo,40.7245422,-73.99499,personal_care,527.1,1000.0,residential,1.0,37.5,138.3,460.3,254.7,0.8098859315589354,0.1901140684410646,
lower_east_side,10054132587,Via Della Pace,40.7264557,-73.9898004,food_drink,527.2,1696.0,residential,1.0,106.0,345.6,159.9,107.9,0.7872340425531915,0.2127659574468085,
lower_east_side,2547247060,& Plus,40.719953,-73.9957812,personal_care,527.6,7620.0,secondary,1.0,109.1,191.5,277.3,167.3,0.8666388541232095,0.1333611458767904,
lower_east_side,5174248128,The Market NYC,40.7246645,-73.9948783,retail,527.9,2993.0,residential,1.0,30.0,135.9,448.2,264.3,0.9260437081684724,0.0739562918315275,
lower_east_side,5664801941,Spirited Away,40.720511,-73.9960362,retail,528.6,4592.0,residential,1.0,89.9,130.8,301.6,125.8,1.0,0.0,
lower_east_side,4849663224,Momoya,40.7234888,-73.9957917,food_drink,528.8,2000.0,residential,,74.4,200.0,517.4,157.2,0.0,1.0,
lower_east_side,7084133817,Lot-Less Closeouts,40.7186379,-73.985181,retail,529.1,2500.0,residential,1.0,139.5,149.7,106.5,163.5,0.8206896551724138,0.1793103448275862,
lower_east_side,9426782009,LA LA Bakeshop,40.7264609,-73.9894584,food_drink,529.4,1854.0,primary,3.0,87.0,373.2,133.4,118.7,0.8513931888544891,0.1486068111455108,
lower_east_side,4305816205,Rubirosa,40.7227225,-73.9961142,food_drink,529.8,2504.0,residential,1.0,80.9,119.3,475.8,114.0,0.8105761641673244,0.1894238358326756,
lower_east_side,9939602151,Ah Bao,40.7192702,-73.9953696,personal_care,530.2,2581.0,residential,,93.1,189.8,275.3,238.0,0.9167126817596172,0.0832873182403828,
lower_east_side,12772979822,Yoshino,40.7262002,-73.9921115,food_drink,530.3,1905.0,primary,2.0,38.2,155.0,280.6,126.3,0.676340383669454,0.323659616330546,
lower_east_side,9630409565,New York Comedy Club,40.7264872,-73.9898762,leisure_entertainment,530.6,1696.0,residential,1.0,108.4,340.6,167.1,106.9,0.7872340425531915,0.2127659574468085,
lower_east_side,5287636021,CVS Pharmacy,40.7250466,-73.9944794,health,530.7,14012.0,primary,4.0,16.1,82.7,413.2,245.4,0.7118022733036682,0.2881977266963318,
lower_east_side,10290090972,Pearlita,40.7194791,-73.9955356,personal_care,531.0,2130.0,residential,,119.6,212.8,270.1,212.7,0.8333333333333334,0.1666666666666666,
lower_east_side,2547241584,Ruby's,40.7223038,-73.9962281,food_drink,531.5,3290.0,residential,1.0,119.2,78.3,454.6,74.4,0.8515035267912388,0.1484964732087613,
lower_east_side,11196500985,Conway Diner,40.7264399,-73.9890013,food_drink,531.6,2466.0,primary,3.0,75.7,366.7,98.3,88.7,0.7499713532714564,0.2500286467285436,
lower_east_side,9063322817,5ive Spice,40.722565,-73.996178,food_drink,531.7,10000.0,residential,1.0,93.6,103.7,468.8,102.9,0.6499108469539376,0.3500891530460624,
lower_east_side,11742236574,Mona Studio,40.7185677,-73.9852177,personal_care,531.9,2500.0,residential,1.0,133.8,145.5,105.4,171.9,0.8206896551724138,0.1793103448275862,
lower_east_side,4557948221,Nolita Pizza,40.7209123,-73.9961959,food_drink,532.3,2335.0,primary,2.0,101.3,90.8,327.4,81.3,0.8799627068603838,0.1200372931396162,
lower_east_side,12729359920,Shampoo Avenue B,40.7219066,-73.9836568,personal_care,532.4,3574.0,tertiary,2.0,42.3,129.0,219.7,47.7,0.8351535132907479,0.164846486709252,
lower_east_side,9339994592,Metro by T-Mobile,40.7185267,-73.9852558,retail,532.5,2500.0,residential,1.0,129.3,141.7,106.2,177.3,0.8152510111824887,0.1847489888175113,
lower_east_side,9874888747,CT Seafood Marts,40.7180989,-73.994113,food_drink,532.7,3812.0,secondary,1.0,59.2,130.7,215.0,238.7,0.8571428571428571,0.1428571428571428,
lower_east_side,9450485817,Saigon Vietnamese Sandwich,40.7199901,-73.9958654,food_drink,532.7,7620.0,secondary,1.0,110.3,187.4,273.9,159.1,0.8666388541232095,0.1333611458767904,
lower_east_side,7891022306,AJ Plumbling Supplies,40.7175558,-73.9931046,retail,532.8,3154.0,residential,1.0,89.3,201.4,154.5,150.9,0.0,1.0,
lower_east_side,9630409567,Convenience On 2nd Ave.,40.7264914,-73.9894363,retail,532.9,1854.0,primary,3.0,83.1,372.3,133.1,119.2,0.8513931888544891,0.1486068111455108,
lower_east_side,10290090975,Sun Shine Day Spa,40.7192385,-73.9953827,personal_care,533.0,2581.0,residential,,91.5,186.3,273.2,239.4,0.9167126817596172,0.0832873182403828,
lower_east_side,10290090973,Jie Xing Spa,40.7194465,-73.9955452,personal_care,533.4,2130.0,residential,,117.5,209.2,268.0,214.2,0.8333333333333334,0.1666666666666666,
lower_east_side,9905219378,Yany's Beauty Salon,40.7189213,-73.9848217,personal_care,533.6,7288.0,residential,,180.4,186.8,93.9,124.0,0.8202155786048404,0.1797844213951596,
lower_east_side,9630409571,New York Theatre Workshop Administrative Offices,40.7265207,-73.9899567,leisure_entertainment,534.3,2404.0,residential,1.0,111.4,335.4,174.7,106.4,0.0,1.0,
lower_east_side,7042381285,Fine Liquors & Wines,40.724295,-73.9846099,retail,535.0,19266.0,residential,,41.4,295.4,136.0,98.3,0.9499724848666766,0.0500275151333233,
lower_east_side,10979262391,El Gallo,40.7200019,-73.9959003,food_drink,535.0,7620.0,secondary,1.0,111.2,186.2,272.3,155.9,0.8666388541232095,0.1333611458767904,
lower_east_side,11943260737,Torrisi,40.724217,-73.9954001,food_drink,535.6,14599.0,residential,1.0,76.0,160.7,493.3,223.5,0.736161449752883,0.2638385502471169,
lower_east_side,4457730480,Rivington Pizza,40.7190395,-73.9846805,food_drink,535.9,1425.0,residential,,197.2,202.4,78.5,106.6,1.0,0.0,
lower_east_side,6293395631,,40.7181631,-73.9856666,food_drink,536.2,2725.0,residential,1.0,88.0,104.5,131.3,164.1,0.8812351543942993,0.1187648456057007,
lower_east_side,12729331892,Discovery Wines,40.7219639,-73.983615,retail,536.2,3574.0,tertiary,2.0,48.3,133.9,224.7,48.4,0.8351535132907479,0.164846486709252,
lower_east_side,9630409563,Kraine Theater,40.7265382,-73.9898394,leisure_entertainment,536.3,2405.0,residential,1.0,102.4,345.4,166.2,113.3,0.0,1.0,
lower_east_side,2547243328,The M Jewelers,40.7215242,-73.9963274,retail,536.3,11362.0,residential,1.0,140.7,46.6,378.9,22.5,0.6204600396635833,0.3795399603364167,
lower_east_side,11196499039,Smoke & Beer,40.7264791,-73.9889584,retail,536.4,2400.0,primary,3.0,71.0,361.6,97.7,89.8,0.75,0.25,
lower_east_side,6163748697,The Wren,40.7262691,-73.9920866,food_drink,536.8,1905.0,primary,2.0,46.1,160.8,272.6,130.3,0.676340383669454,0.323659616330546,
lower_east_side,10224616954,Desi Stop,40.72653,-73.9894084,food_drink,537.4,1854.0,primary,3.0,78.3,367.4,133.0,120.1,0.8513931888544891,0.1486068111455108,
lower_east_side,9905219379,Taty Unisex,40.7189092,-73.9847678,personal_care,538.1,3600.0,residential,,183.8,190.8,90.1,122.8,0.8775593497041018,0.1224406502958982,
lower_east_side,247867461,Capitale,40.7189209,-73.9951923,leisure_entertainment,538.9,15002.0,secondary,1.0,57.8,152.9,281.1,274.9,0.0,1.0,
lower_east_side,6369617399,Nam Son,40.7181712,-73.9943317,food_drink,539.0,1331.0,secondary,1.0,60.6,118.9,227.4,235.3,0.0,1.0,
lower_east_side,9611654193,Wholesome Organic Convenience,40.7190287,-73.9846435,retail,539.2,1425.0,residential,,199.3,204.9,75.8,106.0,1.0,0.0,
lower_east_side,10979262393,Kida NYC,40.7200285,-73.9959691,personal_care,539.3,7620.0,residential,1.0,113.1,183.5,269.5,149.3,0.8666388541232095,0.1333611458767904,
lower_east_side,6293395633,Tobacco Shop,40.7181008,-73.9856982,retail,539.6,2725.0,residential,1.0,85.5,97.6,134.0,158.9,0.8812351543942993,0.1187648456057007,
lower_east_side,8333740831,S. Wan Cafe,40.717267,-73.9925517,food_drink,540.5,1871.0,residential,,104.6,250.2,145.2,94.3,0.0,1.0,
lower_east_side,9340040548,Three Times ,40.7183759,-73.9853057,food_drink,540.7,2500.0,residential,1.0,120.9,131.5,104.5,177.7,0.8655748607531798,0.1344251392468201,
lower_east_side,2555131336,B & H Barbershop,40.7243478,-73.9845711,personal_care,540.9,19266.0,secondary,3.0,35.2,301.7,138.7,102.0,0.9499724848666766,0.0500275151333233,
lower_east_side,12697515601,GYM NYC,40.7225734,-73.9962907,leisure_entertainment,541.2,10000.0,residential,1.0,89.1,107.8,476.8,104.8,0.6499108469539376,0.3500891530460624,
lower_east_side,2826715673,109 Nail,40.7180651,-73.9857164,personal_care,541.5,2725.0,residential,1.0,84.4,93.8,135.7,156.0,0.0,1.0,
lower_east_side,12552598964,Yong Chuan,40.7183609,-73.9853126,food_drink,541.5,7608.0,residential,1.0,120.0,129.8,104.6,176.2,0.6882954958699153,0.3117045041300846,
lower_east_side,9114865965,Li Bai Laundromat,40.719345,-73.9955841,personal_care,541.7,2000.0,residential,,112.0,198.0,260.8,218.8,0.92,0.08,
lower_east_side,6330494628,Good Century Cafe,40.7181988,-73.994421,food_drink,542.0,1331.0,secondary,1.0,55.4,114.7,232.6,234.2,0.0,1.0,
lower_east_side,4113144390,KGB Bar,40.7265891,-73.9898025,food_drink,542.0,2405.0,residential,1.0,96.4,350.2,165.7,119.7,0.0,1.0,
lower_east_side,10224616958,8-Bit Bites,40.7265742,-73.9893763,food_drink,542.5,4760.0,primary,3.0,72.7,361.9,133.0,121.4,0.8333333333333334,0.1666666666666666,
lower_east_side,368051671,Rod Rogers Dance Company,40.7265713,-73.990639,leisure_entertainment,542.8,2633.0,residential,1.0,76.9,284.3,188.0,97.1,0.0,1.0,
lower_east_side,13086913622,Psychic Readings,40.7264731,-73.9884831,leisure_entertainment,543.6,4119.0,residential,,79.4,354.5,68.7,72.7,0.8084873540856031,0.1915126459143969,
lower_east_side,6568795185,Spring Lounge,40.7219227,-73.9964156,food_drink,543.8,2411.0,residential,1.0,145.9,57.9,415.1,40.6,0.8253638253638254,0.1746361746361746,
lower_east_side,419361814,Random Accessories,40.7266107,-73.9901732,retail,544.5,2404.0,residential,1.0,115.1,322.0,171.9,107.7,0.9475968992248062,0.0524031007751938,
lower_east_side,2546985529,Sweetgreen,40.7264799,-73.9914802,food_drink,544.8,4937.0,residential,1.0,26.3,216.6,233.5,114.2,0.6424304054912927,0.3575695945087072,
lower_east_side,2555123851,Bor Kee Food Market,40.7182284,-73.9945098,food_drink,544.8,3765.0,secondary,1.0,50.1,111.0,238.1,233.6,0.0,0.2081945369753497,
lower_east_side,12486715026,Bondi Sushi,40.7212469,-73.9964063,food_drink,545.0,11362.0,primary,2.0,130.0,69.1,348.8,50.4,0.6204600396635833,0.3795399603364167,
lower_east_side,7237689588,Emmy Squared,40.7259556,-73.9867236,food_drink,545.0,3370.0,residential,,49.5,420.4,109.0,135.3,0.7387973956338567,0.2612026043661432,
lower_east_side,5243548102,Black Cat LES,40.7190103,-73.9845737,food_drink,545.2,2500.0,residential,,203.5,209.8,70.8,105.0,0.9176531137416366,0.0823468862583633,
lower_east_side,13086913619,White Trash,40.726502,-73.9885573,retail,545.3,4119.0,residential,,73.9,352.2,75.0,77.2,0.8084873540856031,0.1915126459143969,
lower_east_side,2547241666,Upside Pizza,40.7221019,-73.9964217,food_drink,545.5,1390.0,residential,1.0,137.6,70.0,433.1,57.6,0.8668730650154799,0.1331269349845201,
lower_east_side,12861530734,J.J. Cleaners & Laundromat Corp,40.7261361,-73.9871533,personal_care,545.8,2425.0,residential,,80.7,393.6,75.2,104.1,0.8402366863905325,0.1597633136094674,
lower_east_side,9874879430,T & Y Hardware,40.7179537,-73.9941288,retail,545.8,3812.0,secondary,3.0,43.0,122.9,199.6,225.0,0.8571428571428571,0.1428571428571428,
lower_east_side,2547054876,Ready Golf Club,40.7265219,-73.9886104,leisure_entertainment,546.5,2400.0,residential,,70.2,350.8,79.5,80.6,0.8,0.2,
lower_east_side,3611236718,Wan Wan,40.7217467,-73.9964556,food_drink,546.7,2411.0,residential,1.0,136.0,54.9,396.0,31.4,0.8253638253638254,0.1746361746361746,
lower_east_side,4181467991,Piccola Strada,40.7266286,-73.9902161,food_drink,546.7,2404.0,residential,1.0,111.3,319.4,170.7,108.4,0.9475968992248062,0.0524031007751938,
lower_east_side,9978882268,MARCH,40.7244007,-73.9845324,leisure_entertainment,546.8,19266.0,secondary,3.0,29.2,308.1,141.7,106.0,0.9499724848666766,0.0500275151333233,
lower_east_side,8881347704,Double Crispy Bakery,40.7186934,-73.9950879,food_drink,546.9,4987.0,secondary,1.0,42.5,130.0,287.2,266.1,0.0,1.0,
lower_east_side,2555123849,Go Believe Bakery,40.7182491,-73.9945768,food_drink,547.2,3765.0,secondary,1.0,45.2,108.4,242.2,233.2,0.0,0.2081945369753497,
lower_east_side,7097089656,L&T Restaurant Equipment Supply,40.716854,-73.9910382,retail,548.1,6896.0,residential,,38.3,316.2,137.4,49.2,0.1000145074713477,0.8999854925286522,
lower_east_side,10270339829,Aroma Beauty,40.7180878,-73.9943727,personal_care,548.2,3168.0,secondary,1.0,60.5,111.0,219.6,225.6,0.4090998427672956,0.5909001572327044,
lower_east_side,10270861223,Tom's Juice,40.7266459,-73.9902552,food_drink,548.7,2500.0,residential,1.0,107.9,317.2,169.6,109.3,0.9452272727272728,0.0547727272727272,
lower_east_side,3819620507,Duane Reade,40.7221425,-73.9834826,retail,548.7,15011.0,residential,,68.9,150.5,230.5,56.5,0.8571428571428571,0.1428571428571428,
lower_east_side,2547054915,Ricca,40.7265574,-73.9886925,personal_care,549.0,2400.0,residential,,64.3,348.1,87.0,86.6,0.8,0.2,
lower_east_side,1112477518,Mộc Mạc,40.7266326,-73.9893341,food_drink,549.3,1600.0,primary,3.0,65.3,354.6,133.5,123.4,0.6904761904761905,0.3095238095238095,
lower_east_side,13062290352,Vital Climbing,40.7176003,-73.9863546,leisure_entertainment,549.7,40690.0,primary,3.0,62.4,72.2,198.2,87.9,0.4887080048298884,0.5112919951701115,
lower_east_side,9578142035,E-Spa,40.7171911,-73.9925957,personal_care,549.7,2483.0,residential,,98.6,247.8,136.2,93.2,0.7995991983967936,0.2004008016032064,
lower_east_side,2555123848,Ming Kee Kitchen,40.7182655,-73.994642,food_drink,549.8,3765.0,secondary,1.0,40.7,105.9,245.9,232.5,0.0,0.2081945369753497,
lower_east_side,6222196494,Zürcher Studio,40.7257629,-73.9937321,leisure_entertainment,550.5,5438.0,residential,1.0,73.0,29.3,360.6,230.8,0.6355244310042973,0.3644755689957027,
lower_east_side,9339796691,Joey Roses,40.7189918,-73.9845134,food_drink,550.6,2500.0,residential,,207.1,214.0,66.8,104.6,0.937007874015748,0.0629921259842519,
lower_east_side,9340066922,Lower East Side Hardware,40.7181499,-73.9854353,retail,550.7,1000.0,residential,1.0,107.5,104.7,111.8,156.0,0.6,0.4,
lower_east_side,10270861225,Sushi by M,40.7266625,-73.9902882,food_drink,550.7,2500.0,residential,1.0,105.0,315.4,168.5,110.4,0.9452272727272728,0.0547727272727272,
lower_east_side,6568743285,CAVA,40.7219556,-73.996497,food_drink,550.8,2550.0,residential,1.0,141.2,65.7,415.6,47.9,0.0,1.0,
lower_east_side,10066922917,Veja,40.7216197,-73.9965046,retail,550.9,8022.0,residential,1.0,128.6,58.7,381.5,33.4,0.6910729991204925,0.3089270008795075,
lower_east_side,247838687,New York Theatre Workshop,40.7266728,-73.9900003,leisure_entertainment,551.2,4808.0,residential,1.0,105.5,338.1,162.6,119.6,0.0,1.0,
lower_east_side,2826754282,East Village Wine,40.7199619,-73.9838482,retail,551.5,3500.0,residential,,145.9,219.7,82.6,18.3,0.8933503972697702,0.1066496027302298,
lower_east_side,6122040952,Vanity Projects,40.717899,-73.9941558,personal_care,551.9,1275.0,secondary,3.0,36.9,118.8,194.3,218.8,0.3548566657389368,0.6451433342610632,
lower_east_side,2555099021,Shoo Shoo Nolita,40.7201124,-73.9961673,food_drink,552.0,3622.0,residential,1.0,119.8,176.3,262.7,130.2,0.6791322199411862,0.3208677800588137,
lower_east_side,6103753787,Deli Grocery Inc,40.7210849,-73.9834707,food_drink,552.1,5000.0,primary,2.0,27.5,156.3,208.9,105.5,0.9040168930268272,0.0959831069731727,
lower_east_side,11196500963,Sushi by M,40.7266211,-73.9888905,food_drink,552.9,2400.0,residential,,55.0,344.9,103.6,100.1,0.8,0.2,
lower_east_side,3938658657,4th Street Food Co-Op,40.72665,-73.9907961,retail,553.0,2500.0,residential,1.0,62.4,276.3,185.8,107.1,0.9617028551889212,0.0382971448110788,
lower_east_side,5243575463,Rivington Guitars,40.7266843,-73.9903502,retail,553.4,2500.0,residential,1.0,99.7,311.7,167.7,111.7,0.9497727272727272,0.0502272727272727,
lower_east_side,12294824598,Electric Sunshine,40.7198245,-73.9960434,retail,553.4,7620.0,residential,1.0,134.0,206.7,251.0,155.5,0.8666388541232095,0.1333611458767904,
lower_east_side,1112494492,S. K. Gourmet Deli & Grocery,40.7266731,-73.9893048,retail,554.0,1600.0,primary,3.0,60.2,349.5,134.0,125.0,0.6904761904761905,0.3095238095238095,
lower_east_side,9611654194,Laundry & Dry Cleaners,40.7189801,-73.9844726,personal_care,554.2,2500.0,residential,,209.6,216.9,64.2,104.5,0.937007874015748,0.0629921259842519,
lower_east_side,9874879432,101,40.7178715,-73.9941664,retail,554.9,1275.0,secondary,3.0,33.8,117.0,191.5,215.8,0.3548566657389368,0.6451433342610632,
lower_east_side,10585010030,Fomo Momo,40.7260378,-73.9866634,food_drink,555.5,3370.0,primary,4.0,58.4,412.8,114.3,141.6,0.7387973956338567,0.2612026043661432,
lower_east_side,10081073717,O.N.S Clothing,40.7214908,-73.9965544,retail,555.5,8022.0,residential,1.0,122.5,65.9,366.8,41.0,0.6910729991204925,0.3089270008795075,
lower_east_side,2826754280,NY Pawnbrokers,40.7188389,-73.9845604,finance,556.9,2027.0,residential,,196.4,202.0,78.3,121.8,1.0,0.0,
lower_east_side,9340077739,Boost Mobile,40.718018,-73.9855067,retail,557.2,1500.0,residential,1.0,102.6,89.3,118.5,144.1,0.8333333333333334,0.1666666666666666,
lower_east_side,12997912204,Climax Books,40.7266807,-73.9908764,retail,557.3,2402.0,residential,1.0,55.4,271.9,186.2,111.7,0.9378947368421052,0.0621052631578947,
lower_east_side,9578142034,Family Laundromat,40.7171261,-73.9926298,personal_care,557.5,2517.0,residential,,93.7,246.3,128.7,92.7,0.7454289732770746,0.2545710267229255,
lower_east_side,10067923317,Mulberry Iconic Magazines,40.7209916,-73.9965162,retail,557.6,4170.0,residential,1.0,129.6,96.4,319.7,79.9,0.8333411598966893,0.1666588401033106,
lower_east_side,11359386682,Chakra,40.7265324,-73.9881174,food_drink,557.8,2425.0,residential,,92.1,344.9,63.5,79.8,0.8,0.2,
lower_east_side,5978745720,Anthony Liquors,40.7219885,-73.9965788,retail,557.9,2687.0,residential,1.0,136.8,73.5,416.3,55.3,0.9201213346814964,0.0798786653185035,
lower_east_side,2547000513,Japan Premium Beef,40.7264379,-73.9922206,food_drink,558.3,1987.0,residential,1.0,64.6,162.7,257.7,137.1,0.0,1.0,
lower_east_side,6222196244,Zero Maria Cornejo,40.72579,-73.9938493,retail,558.7,5438.0,residential,1.0,63.4,34.5,353.5,241.1,0.6355244310042973,0.3644755689957027,
lower_east_side,13314150825,Golden Forest,40.7166953,-73.9894448,food_drink,560.0,1121.0,secondary,,30.4,266.2,58.6,93.8,0.6641929499072357,0.3358070500927644,
lower_east_side,11840448907,LES Wine & Spirits,40.7166824,-73.9902196,retail,560.1,1750.0,residential,,89.8,292.4,88.4,118.5,1.0,0.0,
lower_east_side,12365588901,Beyond The Pale,40.7221898,-73.9965894,food_drink,560.4,2982.0,residential,1.0,126.6,87.1,436.7,73.2,0.8846597462514417,0.1153402537485582,
lower_east_side,2826754276,,40.7179686,-73.9855204,retail,560.5,1500.0,residential,1.0,102.4,83.7,120.3,139.4,0.8333333333333334,0.1666666666666666,
lower_east_side,7112935821,Blue Door DVD,40.7260832,-73.9866302,retail,561.2,2425.0,primary,4.0,63.5,408.6,117.5,145.2,0.8028320487542571,0.1971679512457429,
lower_east_side,10066927317,Noah,40.721345,-73.9966106,retail,561.2,5350.0,residential,1.0,117.5,76.7,350.2,53.5,0.8548865843380117,0.1451134156619883,
lower_east_side,10979262390,Two Hands,40.7197286,-73.9960952,food_drink,561.6,2388.0,residential,1.0,145.0,217.7,241.4,158.4,0.8670114517916513,0.1329885482083487,
lower_east_side,9611654195,Rainbow Nails Center Inc.,40.7189528,-73.9843854,personal_care,562.0,2500.0,residential,,215.0,220.1,59.1,104.9,0.953643612089746,0.046356387910254,
lower_east_side,2483671757,REI,40.7248315,-73.9952195,retail,562.0,2993.0,primary,3.0,9.5,147.9,426.2,288.4,0.9260437081684724,0.0739562918315275,
lower_east_side,13514824809,LuAnne's Wild Ginger,40.7204982,-73.9964428,food_drink,562.1,6529.0,secondary,1.0,123.4,141.2,278.1,95.0,0.8333451906659078,0.1666548093340922,
lower_east_side,1112495101,Pageant Print Shop,40.7267596,-73.9905313,retail,562.8,2500.0,residential,1.0,84.5,301.7,165.2,118.2,0.9750757575757576,0.0249242424242424,
lower_east_side,4113171310,Risotteria Melotti,40.7266246,-73.9883365,food_drink,562.9,4850.0,residential,,72.0,336.2,78.0,88.2,0.8939779474130619,0.106022052586938,
lower_east_side,2547041123,Great Many,40.7253953,-73.9945641,personal_care,563.3,13803.0,residential,1.0,55.4,73.5,373.9,269.6,0.8834366358348431,0.1165633641651568,
lower_east_side,9984297553,Mag City,40.7245592,-73.984416,retail,564.7,19266.0,secondary,3.0,15.7,327.2,152.1,119.4,0.9499724848666766,0.0500275151333233,
lower_east_side,9630409566,The 4th Street Photo Gallery,40.7267758,-73.9905701,leisure_entertainment,564.9,2500.0,residential,1.0,81.4,299.6,164.8,119.9,0.973181818181818,0.0268181818181818,
lower_east_side,13086913624,Rynn,40.7266592,-73.9884205,food_drink,564.9,1213.0,residential,,64.5,333.3,84.2,92.4,1.0,0.0,
lower_east_side,11374517233,Empanadas Soho,40.7207982,-73.9965628,food_drink,565.0,2516.0,residential,1.0,130.6,116.2,299.4,86.1,0.7977001703577513,0.2022998296422487,
lower_east_side,12365495490,Genkiya Mart,40.7220123,-73.9966638,retail,565.2,2285.0,residential,1.0,131.9,81.0,416.0,62.4,0.7667638483965015,0.2332361516034985,
lower_east_side,8385596084,Mon Win Food Market,40.7196598,-73.9961104,retail,565.8,2388.0,residential,1.0,151.8,225.5,236.2,162.4,0.8670114517916513,0.1329885482083487,
lower_east_side,6939934104,Grand Advance Trading,40.7181437,-73.9947599,retail,566.4,2565.0,primary,6.0,27.9,89.3,237.4,216.1,0.0,1.0,
lower_east_side,12479639280,K&M Camera,40.7166648,-73.9908601,personal_care,566.7,4375.0,residential,,63.5,323.2,132.8,65.6,0.8995865327820437,0.1004134672179562,
lower_east_side,9630409568,Esenshel,40.7267929,-73.9906112,retail,567.1,2500.0,residential,1.0,78.1,297.5,164.6,121.7,0.973181818181818,0.0268181818181818,
lower_east_side,11943260740,Oliver Cabell,40.724263,-73.9958064,retail,567.6,14599.0,secondary,3.0,88.7,195.3,487.7,237.2,0.736161449752883,0.2638385502471169,
lower_east_side,9874879434,Grand Master 95,40.7177619,-73.9942349,food_drink,567.9,1875.0,secondary,3.0,22.4,108.4,181.5,202.7,0.7997150997150997,0.2002849002849002,
lower_east_side,11943260742,Santa Maria Nobella,40.724197,-73.9958599,retail,567.9,14599.0,secondary,3.0,97.3,198.8,495.2,231.7,0.736161449752883,0.2638385502471169,
lower_east_side,13245051501,Min & Mon,40.7222246,-73.9966757,retail,568.0,2825.0,residential,1.0,122.7,95.1,437.7,80.6,0.840270551508845,0.159729448491155,
lower_east_side,10979262383,New Ocean Salon,40.7198692,-73.996259,personal_care,568.5,2100.0,residential,1.0,143.0,204.3,239.4,137.9,0.8677154093671792,0.1322845906328209,
lower_east_side,9224803926,Kings Co Imperial LES,40.7179347,-73.9854269,food_drink,568.6,1500.0,residential,1.0,110.7,81.4,113.2,133.1,0.8378378378378378,0.1621621621621621,
lower_east_side,9661358860,Current Coffee,40.7266017,-73.9919637,food_drink,568.7,1557.0,residential,1.0,38.1,190.9,234.2,119.3,0.0,1.0,
lower_east_side,2547241624,Skin Design Tattoo,40.724065,-73.9959668,personal_care,568.9,2454.0,secondary,3.0,100.1,206.8,510.2,221.4,0.0,1.0,
lower_east_side,5240411222,Fragrance Shop New York,40.7268079,-73.9906474,retail,569.1,2500.0,residential,1.0,75.3,295.7,164.5,123.5,0.9398484848484848,0.0601515151515151,
lower_east_side,2470101867,Cantina Cubana,40.7220509,-73.9832277,food_drink,569.3,2093.0,residential,,81.8,167.9,224.2,46.8,0.8796992481203008,0.1203007518796992,
lower_east_side,9736053032,Tak Wah Kung Fu Club,40.718041,-73.9946776,leisure_entertainment,569.6,2577.0,primary,6.0,36.2,86.8,224.1,208.6,0.0,1.0,
lower_east_side,2547241551,La Pecora Bianca,40.723501,-73.9963078,food_drink,569.9,14500.0,residential,,34.6,207.3,547.4,182.6,0.9528205450799692,0.0471794549200308,
lower_east_side,2572411287,Chase,40.7184398,-73.9951711,finance,570.0,8249.0,secondary,1.0,35.1,101.0,279.8,237.1,0.0,0.167651448549406,
lower_east_side,12729390265,Ven Hue,40.7221182,-73.9832236,food_drink,570.2,2080.0,tertiary,2.0,85.5,170.3,218.1,45.5,0.7582111259241304,0.2417888740758696,
lower_east_side,2572411298,Chase,40.7184413,-73.9951769,finance,570.3,8249.0,secondary,1.0,35.3,101.0,279.4,237.1,0.0,0.167651448549406,
lower_east_side,4267352958,Gospël,40.7239595,-73.9960554,leisure_entertainment,570.4,2454.0,secondary,3.0,86.2,214.1,522.3,213.9,0.0,1.0,
lower_east_side,12772979823,Peachy,40.7255309,-73.9944989,personal_care,570.7,13803.0,residential,1.0,69.4,67.2,360.8,273.0,0.8834366358348431,0.1165633641651568,
lower_east_side,8958489048,The Hairy Lemon,40.7224407,-73.9832641,food_drink,570.8,1933.0,tertiary,2.0,105.1,181.0,194.0,32.3,0.908035406368548,0.0919645936314518,
lower_east_side,1025322222,Barryville General,40.7246121,-73.9843772,retail,570.8,19266.0,secondary,3.0,15.0,333.6,156.0,124.3,0.9499724848666766,0.0500275151333233,
lower_east_side,11463577704,Sunday C&C Eatery,40.726619,-73.9919996,food_drink,571.4,1557.0,residential,1.0,37.7,189.9,233.1,117.1,0.0,1.0,
lower_east_side,9630409570,Copy Center,40.7268256,-73.9906899,personal_care,571.4,2500.0,residential,1.0,72.1,293.5,164.4,125.6,0.9398484848484848,0.0601515151515151,
lower_east_side,11961064414,Coffee For Sasquatch,40.7205273,-73.9965666,food_drink,571.5,6529.0,secondary,1.0,133.0,142.6,274.4,84.2,0.8333451906659078,0.1666548093340922,
lower_east_side,12307862278,David’s Bar,40.7172354,-73.993296,food_drink,571.7,2548.0,residential,1.0,81.9,188.9,116.2,149.5,0.7996400719856028,0.2003599280143971,
lower_east_side,13530139916,Virginia's,40.7227097,-73.9833118,food_drink,571.8,1906.0,residential,,126.5,193.7,177.8,19.6,0.475,0.525,
lower_east_side,6013233327,Dagne Dover,40.7238547,-73.9961414,retail,571.9,4405.0,secondary,3.0,72.5,221.9,534.4,207.1,0.0,1.0,
lower_east_side,9661358859,Kettl,40.7266373,-73.991949,food_drink,572.1,1557.0,residential,1.0,34.0,194.4,230.1,115.5,0.0,1.0,
lower_east_side,10067923417,Figo,40.7207273,-73.9966344,food_drink,572.4,1792.0,residential,1.0,136.5,126.1,289.5,78.7,0.8857410756144933,0.1142589243855066,
lower_east_side,994983511,The Bowery Market,40.7266336,-73.9919991,food_drink,572.9,1557.0,residential,1.0,36.3,191.0,231.5,115.5,0.0,1.0,
lower_east_side,12365555328,Spring Lemon Tree,40.7220431,-73.9967564,food_drink,573.1,2285.0,residential,1.0,127.2,89.5,416.4,66.8,0.7667638483965015,0.2332361516034985,
lower_east_side,2547241615,Dita,40.7237821,-73.996201,health,573.2,4405.0,secondary,3.0,63.0,227.6,542.8,202.7,0.0,1.0,
lower_east_side,9630409572,Casse/Cou,40.7268407,-73.9907261,food_drink,573.4,2500.0,residential,1.0,69.4,291.7,164.4,127.5,0.9297777777777778,0.0702222222222222,
lower_east_side,12496736133,Terminal B Mart & Sippy Cafe,40.7221707,-73.9831919,retail,573.4,2080.0,tertiary,2.0,90.7,174.6,211.9,43.0,0.7582111259241304,0.2417888740758696,
lower_east_side,6939934108,Tan Tin Hung Supermarket,40.7180786,-73.994794,retail,573.5,2577.0,primary,6.0,25.6,82.1,232.1,208.3,0.0,1.0,
lower_east_side,6219345013,Wild Project,40.722952,-73.9833576,leisure_entertainment,573.9,2308.0,residential,,148.2,208.0,166.9,36.6,0.0,1.0,
lower_east_side,2178443636,Parkside Lounge,40.7210809,-73.9832025,food_drink,574.6,1080.0,residential,,46.0,177.2,201.1,119.9,0.0,1.0,
lower_east_side,5108275821,Axel Arigato,40.7237095,-73.9962606,retail,574.7,4405.0,residential,,53.6,229.4,551.3,198.7,0.0,1.0,
lower_east_side,9128276521,The Delancey,40.717912,-73.9853522,food_drink,574.7,1500.0,residential,1.0,117.4,80.8,107.6,128.7,0.8378378378378378,0.1621621621621621,
lower_east_side,2567548346,Gather,40.7165943,-73.9908966,food_drink,574.8,4375.0,residential,,69.5,331.3,139.5,64.9,0.8995865327820437,0.1004134672179562,
lower_east_side,1149319926,SKU,40.725259,-73.9949377,retail,574.9,1875.0,residential,1.0,32.6,107.5,382.1,290.3,0.0,1.0,
lower_east_side,2547041148,,40.7251978,-73.995012,finance,574.9,1144.0,primary,4.0,25.8,115.4,387.9,293.3,0.0,1.0,
lower_east_side,10073840317,Patches & Pins,40.7206677,-73.9966498,retail,575.0,1792.0,residential,1.0,138.1,132.4,283.2,76.7,0.8857410756144933,0.1142589243855066,
lower_east_side,5243563593,Dashwood Books,40.7261544,-73.9934709,retail,575.0,2915.0,residential,1.0,79.6,75.3,332.3,203.3,0.4359977641140302,0.5640022358859698,
lower_east_side,13530139917,The Weinstein Realty Group,40.7224982,-73.983222,office_professional,575.2,1934.0,tertiary,2.0,112.2,187.2,187.0,31.0,0.8160919540229885,0.1839080459770115,
lower_east_side,10979262387,Avante Garde Fusion,40.7197754,-73.996298,retail,575.4,2480.0,residential,1.0,152.6,215.1,230.4,142.0,1.0,0.0,
lower_east_side,1899033658,Pasquale Jones,40.7210814,-73.9967486,food_drink,575.7,4250.0,residential,1.0,111.4,102.9,318.8,82.3,0.858360900153753,0.141639099846247,
lower_east_side,9630409564,Factory Tamal,40.726859,-73.9907702,food_drink,575.8,2500.0,residential,1.0,66.2,289.6,164.6,129.9,0.9297777777777778,0.0702222222222222,
lower_east_side,12729389812,Camino Convenience NY,40.7222007,-73.9831645,retail,576.0,2106.0,tertiary,2.0,94.4,177.9,207.9,41.1,0.7608954512979281,0.2391045487020719,
lower_east_side,4617801350,The Cabin,40.7239695,-73.9838019,food_drink,577.0,2404.0,residential,,99.2,279.9,188.8,127.2,0.9136317835036708,0.0863682164963293,
lower_east_side,4714009789,Stone Street,40.7202282,-73.9965346,food_drink,577.5,2200.0,secondary,1.0,140.3,172.0,250.1,96.8,0.6162205444978266,0.3837794555021734,
lower_east_side,6142321585,Sigiri Sri Lankan Restaurant,40.7262145,-73.986534,food_drink,577.9,2425.0,primary,4.0,78.7,396.8,127.9,156.5,0.6452830188679245,0.3547169811320754,
lower_east_side,10688990238,Clic,40.720984,-73.9967594,retail,578.0,6073.0,residential,1.0,114.5,110.8,308.8,78.3,0.933399356276306,0.0666006437236939,
lower_east_side,3214617217,Bleecker Digital Solutions,40.7213822,-73.9968145,personal_care,578.1,5350.0,primary,2.0,100.2,90.6,346.5,66.0,0.8548865843380117,0.1451134156619883,
lower_east_side,12995844901,Milon Indian Restaurant,40.7262583,-73.9866312,food_drink,578.1,2425.0,primary,4.0,82.9,389.9,121.2,150.1,0.6452830188679245,0.3547169811320754,
lower_east_side,9668165673,Il Buco Alimentari,40.7265607,-73.9924685,food_drink,578.4,2700.0,residential,1.0,69.8,157.2,252.1,126.7,0.0,1.0,
lower_east_side,12496732774,SourAji,40.7222329,-73.9831367,food_drink,578.6,2106.0,tertiary,2.0,98.3,181.3,203.6,39.7,0.7608954512979281,0.2391045487020719,
lower_east_side,9332464949,Zenga,40.7234848,-73.9964296,retail,578.9,14500.0,secondary,2.0,25.4,207.9,553.2,188.0,0.9528205450799692,0.0471794549200308,
lower_east_side,1471800617,Bub's Bakery,40.7253729,-73.9948582,food_drink,578.9,2230.0,residential,1.0,46.2,98.4,370.8,290.0,0.8856502242152466,0.1143497757847533,
lower_east_side,7296799858,Book Club,40.7229329,-73.9832846,retail,579.3,2212.0,residential,,149.1,211.1,162.5,37.7,0.9231064975009612,0.0768935024990388,
lower_east_side,2572411286,Capital One,40.7182721,-73.9951302,finance,579.5,2529.0,primary,6.0,16.1,84.4,264.5,219.7,0.0,1.0,
lower_east_side,3819506465,Ben's Deli Grocery,40.7225555,-73.98318,retail,579.7,1947.0,tertiary,2.0,119.3,193.4,180.1,31.3,0.8858447488584474,0.1141552511415525,
lower_east_side,2547041159,Funny Face Bakery,40.7253096,-73.994958,food_drink,580.0,1875.0,primary,2.0,38.1,107.9,376.3,294.3,0.0,1.0,
lower_east_side,6230641154,Mast Books,40.7246946,-73.9843166,retail,580.2,19266.0,residential,,19.3,343.6,162.4,132.3,0.9499724848666766,0.0500275151333233,
lower_east_side,10067923318,Marcellino,40.7205723,-73.9966868,food_drink,580.2,1792.0,residential,1.0,142.2,143.1,272.6,73.6,0.8857410756144933,0.1142589243855066,
lower_east_side,2547241610,Sant Ambroeus Gelateria,40.7234424,-73.9964704,food_drink,580.5,14500.0,secondary,2.0,19.7,204.3,552.3,187.0,0.9528205450799692,0.0471794549200308,
lower_east_side,1149319923,Cha Cha Matcha,40.7254173,-73.9948299,food_drink,580.7,2230.0,residential,1.0,51.6,95.4,366.5,290.2,0.8856502242152466,0.1143497757847533,
lower_east_side,6939934106,Cozy Living Furniture,40.7180134,-73.9948282,retail,580.7,2583.0,primary,6.0,25.6,75.1,227.0,200.5,0.0,1.0,
lower_east_side,10979262392,The Chai Spot,40.719466,-73.996191,food_drink,581.0,2319.0,residential,1.0,161.1,219.3,219.6,172.7,0.6567370653878079,0.3432629346121922,
lower_east_side,9332464950,Thierry Lasry,40.7231865,-73.996587,health,581.2,14500.0,secondary,2.0,16.5,180.4,539.8,173.1,0.9528205450799692,0.0471794549200308,
lower_east_side,9332464951,Byron New York,40.7232511,-73.9965614,retail,581.2,14500.0,secondary,2.0,11.2,186.3,543.1,178.2,0.9528205450799692,0.0471794549200308,
lower_east_side,2547041166,Nür,40.7253498,-73.994926,retail,581.2,1875.0,primary,2.0,42.8,104.5,372.3,293.9,0.0,1.0,
lower_east_side,10089881642,Madhufalla Organics,40.7209177,-73.9967853,food_drink,581.3,6073.0,residential,1.0,115.7,117.6,301.2,72.9,0.933399356276306,0.0666006437236939,
lower_east_side,9332464948,Sant Ambroeus,40.723302,-73.9965416,food_drink,581.3,14500.0,secondary,2.0,9.4,191.1,545.7,180.6,0.9528205450799692,0.0471794549200308,
lower_east_side,12990650129,Milon,40.726249,-73.9865175,food_drink,581.9,2425.0,primary,4.0,82.7,393.6,130.2,158.9,0.8021745696164301,0.1978254303835699,
lower_east_side,2555098999,Jinfu Spa,40.7196813,-73.9963367,personal_care,582.4,2529.0,residential,1.0,162.4,226.0,221.6,146.9,0.9201044386422976,0.0798955613577023,
lower_east_side,1149319924,Pressed,40.7254616,-73.9948015,food_drink,582.5,2230.0,residential,1.0,57.0,92.7,362.1,290.5,0.8856502242152466,0.1143497757847533,
lower_east_side,3819620508,Kolkota Chai Company,40.7229149,-73.9832351,food_drink,582.9,2212.0,residential,,149.4,212.9,159.9,38.6,0.9231064975009612,0.0768935024990388,
lower_east_side,8272848251,Eastpoint,40.7222739,-73.9830893,food_drink,583.1,2087.0,tertiary,2.0,104.2,186.6,197.6,37.5,0.0,1.0,
lower_east_side,6013233328,,40.725262,-73.9950674,food_drink,583.2,1144.0,primary,2.0,33.7,118.0,380.1,300.4,0.0,1.0,
lower_east_side,10688990231,Barber's Blueprint,40.720879,-73.9968004,personal_care,583.2,6073.0,residential,1.0,116.7,121.5,296.9,69.9,0.933399356276306,0.0666006437236939,
lower_east_side,2547000506,Jane Apparel,40.7258729,-73.9941906,retail,583.3,6702.0,residential,1.0,37.7,58.3,333.4,265.3,0.0,1.0,
lower_east_side,2555130747,Mama'a Bar,40.7226122,-73.9831384,food_drink,584.2,1906.0,tertiary,2.0,126.4,199.7,173.2,33.3,0.475,0.525,
lower_east_side,1149319925,Gasoline Alley Coffee,40.7255061,-73.9947732,food_drink,584.4,2230.0,residential,1.0,62.4,90.2,357.8,291.0,0.8856502242152466,0.1143497757847533,
lower_east_side,6724492682,La MaMa Galleria,40.7265986,-73.992545,leisure_entertainment,584.7,2700.0,residential,1.0,73.0,156.3,250.9,124.3,0.1245882580895175,0.8754117419104824,
lower_east_side,9659534494,Noho Food Market,40.7267631,-73.9919243,retail,584.9,2016.0,primary,2.0,20.7,205.3,216.0,102.0,0.6667298578199052,0.3332701421800947,
lower_east_side,12093994495,Frank,40.7268894,-73.988693,food_drink,585.2,3637.0,primary,3.0,30.3,312.0,117.4,121.8,0.8383010833827413,0.1616989166172586,
lower_east_side,11177913938,Peak Design Flagship Store New-York,40.722727,-73.9967869,retail,585.5,2527.0,secondary,2.0,67.8,143.0,487.6,120.0,0.8323814253786939,0.1676185746213062,
lower_east_side,1108561376,Phebes,40.7268762,-73.9913525,food_drink,585.5,2657.0,residential,1.0,23.6,250.2,193.3,109.1,0.0001159554730983,0.9998840445269016,
lower_east_side,12990538860,Panna II,40.7262782,-73.9864936,food_drink,585.8,2425.0,primary,4.0,86.3,391.1,132.9,161.8,0.8021745696164301,0.1978254303835699,
lower_east_side,10688990237,Shu's Flower,40.720811,-73.996827,retail,586.6,6073.0,residential,1.0,118.7,128.6,289.2,65.0,0.933399356276306,0.0666006437236939,
lower_east_side,9668165674,Elvis,40.7267174,-73.9921853,food_drink,586.7,863.0,residential,1.0,40.2,186.1,227.2,105.9,0.7074937027707808,0.2925062972292191,
lower_east_side,4470157291,Coopers Craft & Kitchen,40.7269503,-73.9890887,food_drink,586.7,4850.0,residential,,24.7,314.4,141.9,140.2,0.8129251700680272,0.1870748299319728,
lower_east_side,3214535330,Mikaku,40.7214189,-73.9969231,food_drink,587.0,1115.0,primary,2.0,91.0,97.9,346.7,61.1,0.6669156086631814,0.3330843913368185,
lower_east_side,6484411496,Bibi Wine Bar,40.7238517,-73.983598,food_drink,587.1,1964.0,residential,,120.3,275.8,169.7,122.9,0.8624247635425624,0.1375752364574376,
lower_east_side,6222199105,SubCulture,40.7258874,-73.9942403,leisure_entertainment,587.1,6702.0,residential,1.0,34.3,62.5,330.3,266.9,0.0,1.0,
lower_east_side,5903046274,Nakamura,40.717863,-73.9851883,food_drink,588.1,2500.0,residential,1.0,131.9,81.4,95.7,119.8,0.9261083743842364,0.0738916256157635,
lower_east_side,9426321077,A.M. Pharmacy II,40.7186251,-73.9956311,retail,588.1,1320.0,residential,,71.4,118.4,241.1,252.5,0.0,1.0,
lower_east_side,2555099000,Chiu Hong Bakery & Restaurant,40.7195996,-73.9963707,food_drink,588.6,2500.0,residential,1.0,166.3,235.5,214.2,151.6,0.92,0.08,
lower_east_side,2109918801,Bite,40.725584,-73.9947398,food_drink,588.7,846.0,residential,1.0,70.2,87.9,350.0,293.2,0.0,1.0,
lower_east_side,10089881641,Bar Pasquale,40.7211455,-73.996916,food_drink,588.9,4250.0,primary,2.0,95.8,110.1,319.0,79.4,0.858360900153753,0.141639099846247,
lower_east_side,2567558493,Blue Sky Hair Salon,40.716852,-73.9927572,personal_care,589.7,2506.0,residential,,77.4,244.0,98.5,96.2,0.8398257303946693,0.1601742696053306,
lower_east_side,3819501657,Maretta,40.7223864,-73.9830235,food_drink,590.0,6900.0,tertiary,2.0,116.0,196.5,184.4,35.4,0.9065942591155934,0.0934057408844065,
lower_east_side,6274225043,Ji Bei Chuan,40.7175647,-73.994344,food_drink,590.8,1900.0,secondary,3.0,15.2,97.0,164.3,180.1,0.8334266517357223,0.1665733482642777,
lower_east_side,12093994494,Taishoken,40.7269369,-73.9886581,food_drink,591.0,4850.0,primary,3.0,28.0,306.2,120.7,126.2,0.9420930933949936,0.0579069066050065,
lower_east_side,6053182486,Upstate,40.7263208,-73.986456,food_drink,591.5,4850.0,primary,4.0,91.5,387.6,137.3,166.3,0.8501116007554512,0.1498883992445487,
lower_east_side,5265714493,Cafe Roma,40.720329,-73.9967563,food_drink,592.4,2377.0,secondary,1.0,132.1,169.5,247.1,75.1,0.8199575371549894,0.1800424628450106,
lower_east_side,10652445511,Mắm,40.7170443,-73.9933568,food_drink,592.8,2500.0,residential,1.0,89.5,189.3,94.3,149.1,0.6487394957983194,0.3512605042016806,
lower_east_side,9509187745,Chubby Tan,40.7270215,-73.9892732,food_drink,592.9,4850.0,residential,,33.7,312.3,129.1,154.8,0.8129251700680272,0.1870748299319728,
lower_east_side,12335788854,Yawning Cobra,40.7268534,-73.9918703,food_drink,593.3,2016.0,primary,2.0,10.0,215.6,205.2,93.0,0.6667298578199052,0.3332701421800947,
lower_east_side,10979262388,Yiwanmen,40.7193224,-73.9962605,food_drink,593.3,2347.0,residential,1.0,158.3,205.7,207.2,181.3,0.7507594049380792,0.2492405950619207,
lower_east_side,10691764421,The Wooly,40.720678,-73.9968746,food_drink,593.3,3925.0,residential,1.0,124.4,142.5,274.3,57.9,0.8863441658575589,0.113655834142441,
lower_east_side,6356976885,Milk&  Cream Cereal Bar,40.7195319,-73.9963976,food_drink,593.7,2521.0,residential,1.0,166.4,231.5,208.2,155.9,0.8555555555555555,0.1444444444444444,
lower_east_side,2578562385,Turtle Conservancy,40.7259353,-73.9942882,office_professional,593.8,6702.0,residential,1.0,27.8,69.1,323.9,265.7,0.0,1.0,
lower_east_side,5152323299,Duane Reade,40.722136,-73.9969948,health,593.9,7922.0,residential,1.0,118.1,112.1,419.6,56.2,0.8725453172205438,0.1274546827794561,
lower_east_side,11943260741,Alpha Industries,40.7243924,-73.9960677,retail,593.9,12222.0,secondary,3.0,90.7,219.6,474.3,258.3,0.8977254131893307,0.1022745868106692,
lower_east_side,2547241619,Carhartt Work in Progress,40.7243448,-73.9961068,retail,594.1,12222.0,secondary,3.0,95.1,221.8,479.8,254.7,0.8977254131893307,0.1022745868106692,
lower_east_side,7223921086,Rains,40.7245298,-73.9959653,retail,594.3,3446.0,secondary,3.0,74.5,214.8,458.6,269.6,0.928577087624782,0.0714229123752178,
lower_east_side,2547000497,NoHo Green Oasis,40.7268659,-73.9918668,retail,594.6,2210.0,primary,2.0,8.8,216.7,203.8,91.7,0.731965811965812,0.268034188034188,
lower_east_side,2547041115,Microsoft SOHO Office,40.7246643,-73.9958567,office_professional,594.7,3446.0,secondary,3.0,57.0,204.0,443.2,281.1,0.928577087624782,0.0714229123752178,
lower_east_side,9509187746,J-Spec,40.7270458,-73.9893304,food_drink,595.1,4850.0,residential,,37.7,311.6,125.0,159.6,0.8129251700680272,0.1870748299319728,
lower_east_side,11610991069,La Cabra,40.7242387,-73.9961964,food_drink,595.1,12222.0,secondary,3.0,105.5,227.5,492.2,247.0,0.8977254131893307,0.1022745868106692,
lower_east_side,2547246930,Q's Pretty Polished,40.719297,-73.9962713,personal_care,595.4,2347.0,residential,1.0,157.8,203.4,205.2,183.1,0.7507594049380792,0.2492405950619207,
lower_east_side,6230655409,79 Avenue A Deli & Grocery,40.725053,-73.9844408,retail,595.6,2030.0,secondary,2.0,14.0,380.9,164.4,143.3,0.8070916773837957,0.1929083226162043,
lower_east_side,4300138689,Sweetgreen,40.7211727,-73.9970047,food_drink,596.0,4250.0,primary,2.0,87.8,115.0,318.8,76.9,0.858360900153753,0.141639099846247,
lower_east_side,3819492771,Sunday Morning,40.7224756,-73.9829662,food_drink,596.2,6900.0,tertiary,2.0,126.0,205.1,173.8,34.3,0.9065942591155934,0.0934057408844065,
lower_east_side,2494161119,S & P Liquor & Wine,40.7270322,-73.9890283,retail,596.4,4850.0,primary,3.0,14.7,304.1,135.9,146.2,0.8129251700680272,0.1870748299319728,
lower_east_side,9736053034,International Furniture Company,40.717867,-73.9948968,retail,596.4,3525.0,primary,6.0,33.5,60.5,215.7,183.3,0.0,1.0,
lower_east_side,4944843921,Coffee Project NY,40.7270679,-73.9893826,food_drink,597.2,2910.0,residential,,41.6,311.1,121.5,164.0,0.9482094566909776,0.0517905433090223,
lower_east_side,9874879438,Kitchen Cô Út,40.7175056,-73.9943708,food_drink,597.3,2470.0,secondary,3.0,18.8,94.9,159.2,173.7,0.8333333333333334,0.1666666666666666,
lower_east_side,10979262395,Back Foot Rub,40.7192691,-73.9962829,personal_care,597.6,2347.0,residential,1.0,157.4,200.7,203.0,185.0,0.7507594049380792,0.2492405950619207,
lower_east_side,12437458881,Asian Taste,40.7228046,-73.9830226,food_drink,597.8,1923.0,residential,,149.1,219.6,152.0,46.1,0.903827659165224,0.0961723408347759,
lower_east_side,6622046385,Bar Snack,40.7269947,-73.9886158,food_drink,597.9,4850.0,primary,3.0,27.0,299.2,125.0,131.7,0.9420930933949936,0.0579069066050065,
lower_east_side,5193359231,Spicy Village,40.7170069,-73.993396,food_drink,598.0,1675.0,residential,1.0,89.9,187.5,89.7,151.7,0.0,1.0,
lower_east_side,9671008375,3.1 Phillip Lim,40.7267891,-73.9923402,retail,598.4,5550.0,residential,1.0,48.7,183.6,224.5,99.6,0.8571035998900797,0.1428964001099203,
lower_east_side,2826581777,Kossar's Bagels & Bialys,40.7164072,-73.9887865,food_drink,598.7,1151.0,secondary,,7.8,271.3,106.5,67.5,0.6709444844989185,0.3290555155010815,
lower_east_side,9735458939,Mott Pho Bang,40.7194647,-73.996424,food_drink,598.8,2500.0,residential,1.0,166.9,225.2,202.4,160.4,0.5,0.5,
lower_east_side,6230652173,Fei Ma,40.7250839,-73.9844183,food_drink,599.2,2030.0,secondary,2.0,13.5,384.6,167.6,147.0,0.8070916773837957,0.1929083226162043,
lower_east_side,10031829939,Onitsuka Tiger,40.7241026,-73.9963498,retail,599.6,11858.0,secondary,3.0,89.8,239.2,508.6,239.7,0.0,1.0,
lower_east_side,9506639903,Fish Bar,40.727095,-73.9894463,food_drink,599.7,2910.0,residential,,46.7,310.6,117.3,169.5,0.9482094566909776,0.0517905433090223,
lower_east_side,13095285102,Pickle Bookstore,40.7164085,-73.9912406,retail,599.8,2207.0,residential,,62.8,365.3,175.1,53.9,0.8055231427460132,0.1944768572539867,
lower_east_side,12982612201,Schmuck,40.7263913,-73.9864117,food_drink,600.1,4850.0,residential,1.0,99.9,381.3,143.3,172.5,0.8501116007554512,0.1498883992445487,
lower_east_side,6538493024,Raku East Village,40.7265,-73.9866532,food_drink,600.9,4850.0,residential,1.0,109.8,363.5,129.3,159.0,0.8501116007554512,0.1498883992445487,
lower_east_side,6468793385,Awash,40.7265709,-73.9868216,food_drink,601.5,2425.0,residential,1.0,118.4,352.1,121.1,150.8,0.837037037037037,0.1629629629629629,
lower_east_side,2622180738,Pizza a Casa - Pizza School,40.7163894,-73.9887152,food_drink,601.6,1151.0,secondary,,7.5,269.6,111.4,68.6,0.6709444844989185,0.3290555155010815,
lower_east_side,247839756,Yawning Cobra,40.7269146,-73.9919525,food_drink,601.7,1785.0,primary,2.0,13.9,215.6,200.4,85.0,1.0,0.0,
lower_east_side,368042980,Storefront for Art and Architecture,40.7214798,-73.9971028,leisure_entertainment,601.8,1115.0,primary,2.0,76.4,111.0,347.6,45.5,0.6669156086631814,0.3330843913368185,
lower_east_side,12452501401,VITAL Climbing Gym,40.7170539,-73.9863415,leisure_entertainment,601.8,40690.0,residential,,115.4,60.7,223.0,39.0,0.4887080048298884,0.5112919951701115,
lower_east_side,2547241611,La Colombe Coffee Roasters,40.7239788,-73.9964591,food_drink,602.0,11858.0,secondary,3.0,74.1,248.1,523.3,232.9,0.0,1.0,
lower_east_side,5440811121,Toy Tokyo,40.7270823,-73.9890076,retail,602.2,2425.0,primary,3.0,10.3,298.3,131.8,150.7,0.8177148584314708,0.1822851415685291,
lower_east_side,3819486904,Poco,40.722528,-73.9828993,food_drink,602.6,6900.0,residential,,134.1,212.7,165.7,33.1,0.9065942591155934,0.0934057408844065,
lower_east_side,8333740833,New Kim Tuong,40.71745,-73.9943952,food_drink,603.5,5033.0,secondary,3.0,23.5,93.5,154.6,167.8,0.8185447287243695,0.1814552712756305,
lower_east_side,6230657023,Sing Sing,40.7251191,-73.9843896,food_drink,603.5,2030.0,secondary,2.0,14.1,388.8,171.4,151.3,0.8070916773837957,0.1929083226162043,
lower_east_side,5523561003,Neat,40.7218424,-73.9971335,food_drink,603.9,2561.0,secondary,1.0,88.3,113.0,385.0,29.1,0.7651448639157156,0.2348551360842844,
lower_east_side,4006308108,John Elliott,40.7238405,-73.9965689,retail,604.3,11858.0,residential,,57.4,249.1,539.8,225.9,0.0,1.0,
lower_east_side,10584741959,New Kamboat Bakery & Cafe,40.7177951,-73.9949335,food_drink,604.3,2180.0,primary,6.0,39.6,53.7,210.6,174.7,0.4998569794050343,0.5001430205949656,
lower_east_side,6565478400,Spicy Moon,40.7267295,-73.9871986,food_drink,604.4,2425.0,residential,1.0,142.7,327.9,109.3,137.6,0.8,0.2,
lower_east_side,12990687698,Miso,40.7267431,-73.9872344,food_drink,604.6,2425.0,residential,1.0,145.1,325.9,108.6,136.6,0.8,0.2,
lower_east_side,11463577705,Porcelain Exhibition of Chinese Classical Furniture,40.7180099,-73.995226,retail,605.1,4140.0,primary,6.0,17.6,54.4,244.2,189.4,0.6706716564900532,0.3293283435099468,
lower_east_side,10979262381,Third Prince Salon,40.7191745,-73.9963199,personal_care,605.2,2347.0,residential,1.0,155.6,192.0,196.1,191.9,0.7507594049380792,0.2492405950619207,
lower_east_side,11865385958,Souen,40.7267632,-73.9872787,food_drink,605.3,2425.0,residential,1.0,141.6,323.0,108.2,135.9,0.8060344827586207,0.1939655172413793,
lower_east_side,12093994493,Wonderland Bar,40.7270554,-73.9885712,food_drink,605.3,2425.0,primary,3.0,27.9,291.8,129.8,137.7,0.7499603866265251,0.2500396133734749,
lower_east_side,11865385959,The Izakaya NYC,40.7267795,-73.9873173,food_drink,605.8,2425.0,residential,1.0,137.9,320.7,107.9,135.2,0.8060344827586207,0.1939655172413793,
lower_east_side,10083217917,Bambina Blue Gelato,40.7217773,-73.9971586,food_drink,605.9,2561.0,secondary,1.0,82.7,114.1,377.4,26.2,0.0,1.0,
lower_east_side,10314828707,C. DiPalo,40.7193752,-73.9964618,food_drink,605.9,4747.0,residential,1.0,167.9,217.1,194.7,166.7,0.8333333333333334,0.1666666666666666,
lower_east_side,9715980450,Rabbit House Omakase & Sake Bar,40.7162726,-73.9895495,food_drink,606.3,2173.0,residential,,72.8,313.8,105.9,57.9,0.8403755868544601,0.1596244131455399,
lower_east_side,8272824070,The Straight Edge,40.7216088,-73.9827745,personal_care,606.4,2205.0,residential,,85.8,200.8,245.8,59.1,0.9111111111111112,0.0888888888888888,
lower_east_side,11865385957,Curry Flavor,40.7268042,-73.9873761,food_drink,606.5,2825.0,residential,1.0,132.4,317.3,107.7,134.3,0.8057553956834532,0.1942446043165467,
lower_east_side,4006308110,Happy Paws,40.7253645,-73.995326,retail,606.9,7900.0,primary,2.0,34.2,137.6,366.4,325.0,0.0,1.0,
lower_east_side,5302774621,Kith,40.7260461,-73.9943647,retail,607.5,3255.0,primary,2.0,14.0,82.4,310.1,261.5,0.0,1.0,
lower_east_side,5824619425,Soho Astrology,40.7217234,-73.9971794,leisure_entertainment,607.6,2687.0,secondary,1.0,78.2,115.4,371.2,25.2,0.9202209266646212,0.0797790733353789,
lower_east_side,11865385956,Raj Mahal,40.7268373,-73.9874547,food_drink,607.6,2425.0,residential,1.0,125.1,312.8,107.8,133.6,0.8529411764705882,0.1470588235294117,
lower_east_side,10979262379,MF Spa,40.719143,-73.9963326,personal_care,607.8,2347.0,residential,1.0,153.8,189.1,193.9,194.3,0.7507594049380792,0.2492405950619207,
lower_east_side,250268196,Reception Bar,40.7163474,-73.9913466,food_drink,608.1,2395.0,residential,,54.1,374.9,181.3,55.2,0.960020469519606,0.039979530480394,
lower_east_side,7275209203,AOI Kitchen,40.7268711,-73.987535,food_drink,608.8,2425.0,residential,1.0,117.6,308.3,108.5,133.3,0.8344827586206897,0.1655172413793103,
lower_east_side,3214617213,Helen Ficalora,40.7216887,-73.9971928,retail,608.8,2687.0,secondary,1.0,75.5,116.4,367.2,25.4,0.9202209266646212,0.0797790733353789,
lower_east_side,6053192785,POST,40.7229412,-73.9829274,food_drink,608.9,1923.0,tertiary,2.0,166.1,235.0,136.5,60.3,0.8678996036988111,0.1321003963011889,
lower_east_side,4846659022,Lily Foot Spa,40.7271924,-73.9896761,personal_care,609.4,2425.0,residential,,66.5,309.7,103.7,183.5,0.8552722260509993,0.1447277739490007,
lower_east_side,6110940186,Yaya Tea,40.7191116,-73.9963326,food_drink,609.5,2347.0,secondary,1.0,151.2,185.9,192.7,197.3,0.7507594049380792,0.2492405950619207,
lower_east_side,2826581781,The Doughnut Plant,40.7163413,-73.9885359,food_drink,609.7,19484.0,secondary,,20.2,261.7,124.6,73.4,1.0,0.0,
lower_east_side,9275819958,Healthy Pharmacy,40.7179647,-73.9952487,retail,609.9,4140.0,primary,6.0,22.8,49.0,241.3,184.1,0.6706716564900532,0.3293283435099468,
lower_east_side,4319001989,The Cock,40.7271491,-73.9889759,food_drink,609.9,2425.0,primary,3.0,7.9,290.4,126.7,156.6,0.7500363742179543,0.2499636257820456,
lower_east_side,11865385955,Malai Marke,40.7269036,-73.9876124,food_drink,610.1,2425.0,residential,1.0,110.5,304.1,109.6,133.4,0.8534154206977426,0.1465845793022574,
lower_east_side,6980177370,Grotta Azzurra,40.7204043,-73.9969996,food_drink,610.2,2662.0,residential,1.0,115.3,173.1,242.7,53.0,0.7053122756640344,0.2946877243359655,
lower_east_side,3214617212,19 Cleveland,40.7216382,-73.9972123,food_drink,610.5,2680.0,secondary,1.0,71.8,118.1,361.3,26.8,0.954140127388535,0.0458598726114649,
lower_east_side,10691764423,Niukee Shumai,40.7207342,-73.9970974,food_drink,610.6,3925.0,secondary,2.0,106.2,150.6,271.1,40.7,0.8863441658575589,0.113655834142441,
lower_east_side,11389386421,For You Laundry,40.7272081,-73.9897194,personal_care,611.1,2425.0,residential,,70.4,309.9,101.8,183.6,0.8552722260509993,0.1447277739490007,
lower_east_side,8333740834,,40.7173756,-73.9944305,food_drink,611.8,2123.0,secondary,3.0,31.0,92.1,148.7,159.8,0.8,0.2,
lower_east_side,2555099034,Sa Sa Cosmetics & Skin Care,40.7185496,-73.995908,personal_care,611.9,2200.0,residential,,83.2,114.8,217.5,244.2,0.6,0.4,
lower_east_side,9715980449,Flower's Cafe,40.7162197,-73.9895853,food_drink,612.0,2188.0,residential,,77.5,320.3,112.1,55.4,0.8195364238410596,0.1804635761589404,
lower_east_side,6230656902,Somtum Der,40.7252003,-73.9843444,food_drink,612.2,7270.0,secondary,2.0,20.3,398.4,179.0,160.1,0.7074498458258784,0.2925501541741216,
lower_east_side,8622749691,Champion Pizza,40.7215851,-73.9972328,food_drink,612.3,2502.0,secondary,1.0,68.1,120.2,355.2,29.5,0.8334181855208227,0.1665818144791772,
lower_east_side,2567558489,Lucky Star Grocery,40.7166629,-73.9928552,retail,612.3,2125.0,residential,,73.4,244.0,78.1,105.4,0.8142829230168034,0.1857170769831965,
lower_east_side,4006308109,Gato,40.7255749,-73.9951521,food_drink,612.3,6272.0,primary,2.0,61.3,122.4,344.7,322.5,0.0,1.0,
lower_east_side,3819486905,Carnitas Ramirez,40.7224776,-73.982765,food_drink,613.0,6900.0,residential,,139.6,220.6,162.9,21.3,0.9065942591155934,0.0934057408844065,
lower_east_side,2483685919,Eileen's Special Cheesecake,40.721551,-73.997246,food_drink,613.5,2502.0,secondary,1.0,66.0,121.7,351.2,31.7,0.8334181855208227,0.1665818144791772,
lower_east_side,5133511021,Soho NYC Barbers,40.7207503,-73.9971376,personal_care,613.6,3925.0,secondary,2.0,102.6,151.8,271.3,38.1,0.8863441658575589,0.113655834142441,
lower_east_side,9717341632,Old Man Hustle Comedy Bar,40.7161993,-73.9895927,food_drink,614.2,2188.0,residential,,78.8,322.6,114.4,54.2,0.8195364238410596,0.1804635761589404,
lower_east_side,2563985401,U.S. Pacific,40.7179221,-73.9952665,hospitality,614.2,4183.0,primary,6.0,27.5,44.1,238.3,179.1,0.0,0.2432511737089202,
lower_east_side,11679760934,Beatnic,40.7227424,-73.9971339,food_drink,614.5,1477.0,secondary,2.0,76.9,162.8,481.5,110.7,0.8403967538322813,0.1596032461677186,
lower_east_side,4221481089,Benito One,40.7199982,-73.9969021,food_drink,614.7,2072.0,residential,1.0,115.1,207.8,210.5,88.8,0.6381087470449173,0.3618912529550827,
lower_east_side,7891022303,Yang's Fragrant Salon,40.7168652,-73.9934746,personal_care,615.0,3392.0,residential,1.0,97.3,187.2,73.2,153.8,0.8399412628487518,0.1600587371512481,
lower_east_side,12926687501,Temple Bar,40.7257276,-73.9949997,food_drink,615.4,4800.0,primary,2.0,69.3,112.2,329.9,320.3,0.7013920431773853,0.2986079568226147,
lower_east_side,6473236071,Sophie’s,40.7247462,-73.9838567,food_drink,615.5,2426.0,residential,,36.7,359.1,201.6,107.7,0.8383185125303153,0.1616814874696847,
lower_east_side,9426321079,R & S 49 Liquor,40.7183501,-73.995774,retail,616.0,7520.0,residential,,62.6,90.4,229.8,221.7,0.9232736572890026,0.0767263427109974,
lower_east_side,3819501658,Lower East Side People's Federal Credit Union,40.7227145,-73.9827775,finance,616.1,4664.0,residential,,155.6,231.6,143.4,45.4,0.792034938130394,0.2079650618696059,
lower_east_side,2555123773,Hanover Bank,40.7176911,-73.994997,finance,616.3,4371.0,primary,6.0,33.5,44.2,204.2,162.0,0.0,1.0,
lower_east_side,10688990235,Cowboy Shoe Repair,40.7207652,-73.9971746,personal_care,616.4,3089.0,secondary,2.0,99.2,153.0,271.5,36.0,0.9333506448541504,0.0666493551458495,
lower_east_side,2555099033,Heng Xing Grocery Street,40.7184989,-73.9959318,food_drink,616.8,3740.0,residential,,81.9,110.1,215.6,238.6,0.8076923076923077,0.1923076923076923,
lower_east_side,9874879428,Bite of Hong Kong,40.7173256,-73.9944535,food_drink,617.4,2123.0,secondary,3.0,36.3,91.7,144.9,154.5,0.8,0.2,
lower_east_side,12093994492,Bread and Stone,40.7270613,-73.9879869,food_drink,617.4,2425.0,residential,1.0,76.6,285.7,121.8,139.7,0.7573110059458803,0.2426889940541196,
lower_east_side,2563985402,N B Wireless,40.7178889,-73.99528,retail,617.6,4183.0,primary,6.0,31.3,40.3,236.1,175.3,0.0,0.2432511737089202,
lower_east_side,9371206974,Joan H. and Preston Robert Tisch Center,40.7172232,-73.9856565,health,617.8,20960.0,residential,,131.6,0.0,164.9,79.2,0.5342512174305939,0.4657487825694061,
lower_east_side,7150082985,T2 tea,40.7238897,-73.9967151,food_drink,617.8,11858.0,residential,,62.8,257.8,536.2,237.8,0.0,1.0,
lower_east_side,13293554104,Kamwo Herbal Pharmacy,40.7188168,-73.9962236,health,617.9,3774.0,secondary,1.0,122.3,152.1,193.5,230.2,0.8051002899236731,0.1948997100763268,
lower_east_side,419362653,The Hidden Rose,40.7272676,-73.9903739,personal_care,618.3,2404.0,residential,,115.5,335.4,108.5,153.5,0.8912452419793366,0.1087547580206634,
lower_east_side,4355476801,Beetle House NYC,40.72708,-73.9880314,food_drink,618.4,4850.0,residential,1.0,72.7,283.8,123.8,141.0,0.8035264483627204,0.1964735516372796,
lower_east_side,12365598708,The Green Room by Blank Street Coffee,40.7224732,-73.9972411,food_drink,618.6,1831.0,residential,,107.3,149.7,450.2,79.4,0.8,0.2,
lower_east_side,6371366986,La Bella,40.71993,-73.9969247,retail,618.9,2485.0,residential,1.0,113.5,215.5,203.5,93.8,0.9428128689492326,0.0571871310507674,
lower_east_side,12588621974,Commodity,40.7241961,-73.9965446,retail,619.0,11858.0,residential,,97.0,256.3,500.3,257.1,0.0,1.0,
lower_east_side,11565539048,Paradise Lost,40.7271704,-73.9884869,food_drink,619.2,1272.0,primary,3.0,34.8,278.0,139.6,149.6,0.8,0.2,
lower_east_side,5273499021,Jac's On Bond,40.7265452,-73.9936365,food_drink,619.6,2675.0,residential,1.0,78.0,116.3,290.7,178.8,0.6364253700937118,0.3635746299062882,
lower_east_side,11942932651,Yo-C Salon,40.7272878,-73.989909,personal_care,619.6,2425.0,residential,,87.7,310.7,93.8,185.3,0.8,0.2,
lower_east_side,6067983585,Sun Shy Spa,40.727112,-73.9881075,personal_care,620.2,552.0,residential,1.0,66.2,280.5,127.6,143.6,0.5309090909090909,0.4690909090909091,
lower_east_side,6230656614,Juicy Lucy,40.7252668,-73.984294,food_drink,620.2,7270.0,secondary,2.0,27.0,406.4,186.3,159.6,0.7074498458258784,0.2925501541741216,
lower_east_side,8333740829,Nuan Xin Rice Roll,40.7165938,-73.9928861,food_drink,620.4,2125.0,residential,1.0,73.3,245.0,71.3,109.4,0.8142829230168034,0.1857170769831965,
lower_east_side,2826801774,Caracas Arepa Bar,40.7198762,-73.9830171,food_drink,620.6,10500.0,residential,,137.7,268.9,84.6,48.3,0.6391986428013191,0.3608013571986809,
lower_east_side,5268858521,Allbirds,40.7236986,-73.9968561,retail,620.8,1067.0,residential,,44.8,241.7,559.2,219.5,0.670020964360587,0.329979035639413,
lower_east_side,2563985398,Messlook,40.717859,-73.9952965,personal_care,620.9,2251.0,primary,6.0,34.8,36.7,234.3,171.7,0.6433776932826363,0.3566223067173637,
lower_east_side,4775572231,Wah Fung Fast Food,40.7172946,-73.9944721,food_drink,621.1,2123.0,secondary,3.0,40.0,91.3,142.8,151.0,0.8,0.2,
lower_east_side,2567558488,Mei Sning Barber Shop,40.716617,-73.9929834,personal_care,621.3,2125.0,residential,1.0,81.9,236.5,66.6,116.9,0.8142829230168034,0.1857170769831965,
lower_east_side,4305052000,Maya Mezcal,40.7271358,-73.9881641,food_drink,621.6,552.0,residential,1.0,61.5,278.3,130.6,145.7,0.5309090909090909,0.4690909090909091,
lower_east_side,6955948985,Di Palo's,40.7191984,-73.9965547,food_drink,621.6,4747.0,secondary,1.0,170.4,202.4,178.9,179.6,0.8333333333333334,0.1666666666666666,
lower_east_side,11942932650,Goto,40.7273068,-73.9899585,personal_care,621.7,2425.0,residential,,92.3,311.2,92.4,181.7,0.8,0.2,
lower_east_side,9224791783,Grand Street Pizza,40.7163988,-73.987669,food_drink,622.2,8642.0,primary,3.0,59.7,192.8,175.8,79.7,0.9393410926185692,0.0606589073814307,
lower_east_side,5222613656,The Lost Draft,40.7207973,-73.9972546,food_drink,622.4,3089.0,secondary,2.0,91.9,155.9,272.1,32.1,0.9333506448541504,0.0666493551458495,
lower_east_side,12990670061,345 Cantina,40.7266301,-73.9864309,food_drink,622.5,2592.0,residential,1.0,125.7,355.8,152.6,182.4,0.8188405797101449,0.181159420289855,
lower_east_side,4564272438,John Fluevog,40.7239002,-73.9967707,retail,622.5,11858.0,residential,,64.5,260.3,535.8,241.7,0.0,1.0,
lower_east_side,6002949276,Drom,40.7253053,-73.9842946,leisure_entertainment,622.9,7270.0,secondary,2.0,31.2,410.6,188.4,161.5,0.7074498458258784,0.2925501541741216,
lower_east_side,6939934109,Lao Jie Hot Pot & BBQ,40.7176315,-73.9950282,food_drink,622.9,2615.0,primary,6.0,26.9,40.0,200.5,154.9,0.7455268389662028,0.2544731610337972,
lower_east_side,7674034589,Wells Fargo,40.716963,-73.986048,finance,623.3,20960.0,residential,1.0,122.2,43.9,208.7,58.5,0.5342512174305939,0.4657487825694061,
lower_east_side,11865385960,Elsewhere Espresso,40.7268048,-73.9868664,food_drink,623.3,2271.0,residential,1.0,144.7,326.0,134.5,163.6,0.947483134405812,0.0525168655941878,
lower_east_side,11196465617,Hi Society,40.7272614,-73.9888794,retail,623.4,2599.0,primary,3.0,16.3,276.0,121.0,165.8,0.7626050420168067,0.2373949579831932,
lower_east_side,10078581417,Slowear,40.7259044,-73.9948859,retail,623.4,4800.0,residential,1.0,49.2,109.4,312.5,304.8,0.7013920431773853,0.2986079568226147,
lower_east_side,9683990784,Etérea,40.7246902,-73.9836974,food_drink,623.5,2370.0,residential,,50.9,357.5,211.3,93.8,0.8675496688741722,0.1324503311258278,
lower_east_side,6230657923,Takahachi,40.7252898,-73.984266,food_drink,623.6,7270.0,secondary,2.0,29.5,409.3,189.6,158.6,0.7074498458258784,0.2925501541741216,
lower_east_side,4317133391,Caravan of Dreams,40.7263027,-73.9857058,food_drink,623.8,1953.0,residential,1.0,119.2,413.6,198.3,226.6,0.7947454844006568,0.2052545155993431,
lower_east_side,2549926579,Dunkin',40.7264227,-73.985941,food_drink,623.8,1155.0,residential,1.0,118.0,393.0,182.1,211.1,0.8181517606215903,0.1818482393784096,
lower_east_side,11761691198,Dunkin',40.7264231,-73.9859405,food_drink,623.9,1155.0,residential,1.0,118.0,392.9,182.2,211.1,0.8181517606215903,0.1818482393784096,
lower_east_side,12324933016,The Headless Widow,40.7265948,-73.9863121,food_drink,623.9,2592.0,residential,1.0,123.9,363.0,159.7,189.4,0.8188405797101449,0.181159420289855,
lower_east_side,13095258803,Kabi,40.7162001,-73.9913454,retail,624.2,1481.0,residential,,58.1,381.2,177.8,70.5,0.6666666666666666,0.3333333333333333,
lower_east_side,10790967805,J.Crew,40.7264208,-73.994026,retail,625.0,4697.0,residential,1.0,43.4,105.9,284.5,212.4,0.8200359928014397,0.1799640071985603,
lower_east_side,11942932648,Duo,40.7273382,-73.9900277,food_drink,625.2,2425.0,residential,,98.8,311.6,90.3,176.3,0.8,0.2,
lower_east_side,2567558464,Chop Cheese Deli 5,40.7167748,-73.9935164,retail,625.5,3392.0,residential,1.0,103.7,188.5,62.9,143.7,0.8399412628487518,0.1600587371512481,
lower_east_side,5919906699,Eric Firestone Gallery,40.7269555,-73.9926816,leisure_entertainment,625.8,2012.0,residential,1.0,75.5,183.2,221.4,92.4,0.8568846037963241,0.1431153962036758,
lower_east_side,10227684170,Village Gourmet Grocery,40.7272242,-73.9884475,retail,625.8,1272.0,residential,1.0,39.4,271.5,144.5,155.3,0.8,0.2,
lower_east_side,9874879429,The Chubby Crab,40.7172475,-73.9944986,food_drink,626.6,2019.0,secondary,3.0,45.4,91.1,139.6,145.8,0.6908875739644971,0.309112426035503,
lower_east_side,4555789693,Gene Frankel Theatre,40.7265815,-73.9937224,leisure_entertainment,626.7,2575.0,residential,1.0,74.5,120.2,283.2,181.4,0.8334499650104968,0.1665500349895031,
lower_east_side,2547242036,Jack’s Wife Freda,40.7222872,-73.9973743,food_drink,627.3,3775.0,residential,,112.1,148.3,427.6,56.9,0.7104596453130655,0.2895403546869345,
lower_east_side,5604044815,Crab Du Jour Xpress Cajun,40.7163717,-73.9875854,food_drink,627.3,8642.0,residential,,52.0,188.1,183.4,72.2,0.9393410926185692,0.0606589073814307,
lower_east_side,2555099013,Enoteca Di Palo,40.7192294,-73.9966526,retail,627.5,4747.0,secondary,1.0,161.6,209.2,172.9,172.8,0.8333333333333334,0.1666666666666666,
lower_east_side,9735458940,J. W. Trading,40.7189018,-73.9964259,retail,627.7,1911.0,residential,1.0,141.5,168.0,178.6,213.9,0.7935483870967742,0.2064516129032258,
lower_east_side,2567561049,PingPod Club,40.7162006,-73.9916122,leisure_entertainment,628.7,2697.0,residential,,38.1,360.7,155.7,66.6,0.6662042656493844,0.3337957343506155,
lower_east_side,6207774942,Dig,40.7237755,-73.9969179,food_drink,628.8,964.0,residential,,54.7,251.5,551.7,226.7,0.7193302891933029,0.2806697108066971,
lower_east_side,2826754273,Ridge Mini Market & Deli,40.719695,-73.9829899,retail,629.6,5000.0,residential,,150.9,285.6,72.9,31.7,0.931316165427305,0.0686838345726949,
lower_east_side,9543912817,Yi Ji Shi Mo,40.7182009,-73.9958285,food_drink,629.8,2103.0,residential,,62.7,76.1,227.3,205.2,0.8399487836107554,0.1600512163892445,
lower_east_side,8880884693,Jiang Nan,40.7175656,-73.9950572,food_drink,630.0,2626.0,primary,6.0,20.4,36.9,196.3,147.2,0.7619047619047619,0.238095238095238,
lower_east_side,2494127792,Sunny's Florist,40.727261,-73.9884205,retail,630.2,1272.0,residential,1.0,43.0,267.1,147.8,159.2,0.8,0.2,
lower_east_side,12368232318,International Bar,40.7264673,-73.9858887,food_drink,630.4,1488.0,residential,1.0,124.5,390.4,187.8,216.8,0.7654320987654321,0.2345679012345679,
lower_east_side,9735458938,Qing's Hair Salon,40.7188689,-73.996442,personal_care,630.7,1911.0,residential,1.0,140.4,165.5,176.5,216.6,0.7935483870967742,0.2064516129032258,
lower_east_side,12542895725,Marysia Beauty Salon,40.7266489,-73.9862563,personal_care,631.5,2208.0,residential,1.0,130.8,359.2,166.6,196.3,0.8001326919887212,0.1998673080112788,
lower_east_side,4784602636,Bánh Mi Saigon,40.7192547,-73.9967252,food_drink,631.7,2467.0,secondary,1.0,155.0,214.6,168.8,167.6,0.8023923058272044,0.1976076941727956,
lower_east_side,6230657976,East Village Smoke Shop,40.725364,-73.9842102,retail,632.5,4858.0,secondary,2.0,38.2,418.3,197.9,158.4,0.840465839747936,0.1595341602520639,
lower_east_side,2826801777,Mayimbe Grocery Corp,40.7198242,-73.9828852,retail,633.0,2000.0,residential,,134.2,280.7,72.2,37.8,0.9622997172478792,0.0377002827521206,
lower_east_side,2555099029,G & J Florist,40.7183351,-73.9960141,retail,633.1,3684.0,residential,,81.1,96.1,209.8,221.0,0.8387096774193549,0.1612903225806451,
lower_east_side,3902065229,World Hotel,40.7174701,-73.9949761,hospitality,633.2,2975.0,primary,6.0,23.8,45.0,183.8,140.6,0.0,0.1856665428889714,
lower_east_side,3819620506,4th Street Deli,40.7231548,-73.9826986,retail,633.2,3840.0,tertiary,2.0,196.6,264.8,107.4,89.4,0.9077490774907748,0.092250922509225,
lower_east_side,11867655409,Barber World Studio,40.7214852,-73.9824586,personal_care,633.4,2075.0,residential,,99.0,203.0,228.2,44.6,0.7690186164100207,0.2309813835899793,
lower_east_side,2549926611,The Brant Foundation Art Study Center,40.726068,-73.9851191,leisure_entertainment,633.4,1703.0,residential,1.0,135.9,460.2,203.6,209.2,,,
lower_east_side,9275819963,New Hong Wong Seafood,40.7177539,-73.9953729,food_drink,633.6,2501.0,primary,6.0,33.7,23.3,229.6,158.9,0.0,1.0,
lower_east_side,9386022672,Dee Basement Barber Shop,40.7194946,-73.9830349,personal_care,634.4,5000.0,residential,,170.7,300.9,69.8,28.4,0.931316165427305,0.0686838345726949,
lower_east_side,4224311591,Nebulous Gaming,40.7201993,-73.9827066,retail,634.8,2500.0,residential,,94.3,263.4,94.7,76.1,0.0,1.0,
lower_east_side,4922311227,787 Coffee,40.7273626,-73.9888015,food_drink,635.5,2546.0,residential,1.0,28.5,263.3,116.7,175.0,0.7945144286607702,0.2054855713392298,
lower_east_side,2501562611,Housing Works Bookstore Cafe,40.7245873,-73.9964985,retail,636.2,17425.0,residential,,67.4,256.6,456.7,293.1,0.0,1.0,
lower_east_side,4113144392,Crunch Fitness,40.7272833,-73.9917095,leisure_entertainment,636.2,13542.0,residential,1.0,41.2,259.8,155.5,54.9,0.9742790335151988,0.0257209664848012,
lower_east_side,5152316163,,40.7230602,-73.9973087,food_drink,636.3,3450.0,residential,,63.1,199.1,512.8,143.0,0.9292828685258964,0.0707171314741035,
lower_east_side,6230656975,$1.50 Pizza,40.7253961,-73.9841839,food_drink,636.5,4858.0,secondary,2.0,42.1,422.3,201.6,158.4,0.840465839747936,0.1595341602520639,
lower_east_side,10064144417,Joe & The Juice,40.7225249,-73.9974462,food_drink,636.5,1927.0,residential,,111.8,167.1,452.2,82.8,0.7483745123537061,0.2516254876462939,
lower_east_side,2555099371,NobleDen,40.7192831,-73.9968082,hospitality,636.7,4901.0,secondary,1.0,147.4,220.8,164.2,161.9,0.0,0.1128074001654508,
lower_east_side,7243595520,Levain Bakery NoHo,40.7261773,-73.9947043,food_drink,636.7,7838.0,primary,2.0,24.4,102.6,287.0,273.9,0.0,1.0,
lower_east_side,12875379212,Pacific Optometry,40.7183014,-73.9960346,health,636.8,4660.0,residential,,81.8,93.6,208.5,217.4,0.6602775941837409,0.339722405816259,
lower_east_side,10584741964,Super A Mart,40.7175,-73.9950895,retail,637.2,2626.0,primary,6.0,14.8,34.9,192.6,139.4,0.7619047619047619,0.238095238095238,
lower_east_side,9138110226,Bleecker Street Bar,40.7259782,-73.9950281,food_drink,637.5,2952.0,residential,1.0,55.7,114.9,302.0,306.6,0.6531907392172993,0.3468092607827007,
lower_east_side,5273490726,Lucky's,40.7221177,-73.9975189,food_drink,637.8,1233.0,residential,1.0,89.8,152.1,406.6,37.8,0.9331797235023042,0.0668202764976958,
lower_east_side,4006285142,Taasha Deli Grocery,40.7208798,-73.9974599,retail,638.1,16438.0,secondary,2.0,73.6,164.7,274.7,29.7,0.0,0.2328374693680323,
lower_east_side,6206834487,Da Nico,40.7196752,-73.9970458,food_drink,638.1,2485.0,residential,1.0,109.6,245.5,175.6,113.9,0.4835280814172635,0.5164719185827366,
lower_east_side,5265713411,Manhattan Grand Optical,40.718984,-73.9966294,health,638.2,3983.0,residential,1.0,160.7,184.5,164.5,198.4,0.8438039215686275,0.1561960784313725,
lower_east_side,5800370953,Trippy Smoke Shop,40.7220659,-73.9975297,retail,638.3,1233.0,residential,1.0,84.2,151.2,400.7,32.2,0.9331797235023042,0.0668202764976958,
lower_east_side,12324916043,Hearty & Healthy,40.7267074,-73.9862218,food_drink,638.6,2208.0,primary,4.0,130.1,354.4,172.2,202.0,0.8449131513647643,0.1550868486352357,
lower_east_side,2494160597,Block Drug Stores,40.7273908,-73.9887795,health,638.9,2546.0,residential,1.0,32.1,259.8,115.7,177.7,0.7945144286607702,0.2054855713392298,
lower_east_side,5523437746,Chipotle,40.7225421,-73.9974861,food_drink,640.1,10412.0,residential,,112.3,170.9,453.4,84.7,0.0,1.0,
lower_east_side,9671008374,Vic's,40.7269244,-73.9932027,food_drink,640.1,2671.0,residential,1.0,119.3,163.8,250.1,123.3,0.0,1.0,
lower_east_side,12368245466,McDonald's,40.7265478,-73.9858376,food_drink,640.2,2975.0,primary,4.0,119.0,384.2,194.7,224.0,0.0,1.0,
lower_east_side,9957843796,New JS Discount Inc,40.7162335,-73.9923047,retail,640.6,1450.0,residential,1.0,28.6,306.9,100.5,64.9,0.8025387870239774,0.1974612129760225,
lower_east_side,2563985396,Funny BBQ 98,40.7176912,-73.9954117,food_drink,640.8,2492.0,primary,6.0,28.4,15.6,226.6,151.4,0.6006144393241167,0.3993855606758832,
lower_east_side,9261414116,Zara Pizza,40.7162212,-73.9922638,food_drink,640.9,1450.0,residential,1.0,27.1,310.6,103.3,63.2,0.8025387870239774,0.1974612129760225,
lower_east_side,2555098990,JC Fruit & Vegetable,40.7187483,-73.9964898,food_drink,641.0,1911.0,residential,1.0,136.5,156.0,170.1,227.1,0.7935483870967742,0.2064516129032258,
lower_east_side,4775546656,Hometown Hotpot & BBQ,40.7193074,-73.9968855,food_drink,641.5,4901.0,secondary,1.0,140.5,226.4,160.1,156.9,0.0,0.1128074001654508,
lower_east_side,4978024823,L' Amore,40.7200616,-73.9972674,food_drink,642.0,2500.0,residential,1.0,84.4,217.3,198.4,67.1,0.814204881344481,0.1857951186555189,
lower_east_side,5618804276,Juice Generation,40.7240396,-73.9969462,food_drink,642.2,23700.0,residential,,83.1,279.8,523.4,255.1,0.0,1.0,
lower_east_side,2572411294,Kung Fu Tea,40.717109,-73.9945679,food_drink,642.4,5175.0,residential,,52.9,93.1,130.9,131.2,0.8460597070276284,0.1539402929723716,
lower_east_side,8098089420,The Sill,40.7161947,-73.9922153,retail,642.5,1450.0,residential,1.0,27.2,315.6,106.3,60.1,0.8025387870239774,0.1974612129760225,
lower_east_side,1297657184,Premium Laces,40.7225835,-73.9975119,retail,642.9,10412.0,residential,,110.2,175.3,457.5,89.4,0.0,1.0,
lower_east_side,247866641,Crosby Street Hotel,40.7230033,-73.9974119,hospitality,643.4,9850.0,residential,,73.8,200.0,505.0,136.1,,,
lower_east_side,9426321072,Fortune Meat Market,40.7180738,-73.9959083,food_drink,643.9,2210.0,residential,,69.2,66.4,223.5,191.3,0.9019607843137256,0.0980392156862745,
lower_east_side,9630405156,Li Xing Florist,40.7171149,-73.9946085,retail,643.9,5175.0,residential,,50.6,89.9,133.6,129.0,0.8460597070276284,0.1539402929723716,
lower_east_side,12055614728,Los Tacos No.1,40.7262725,-73.9946961,food_drink,644.5,7838.0,primary,2.0,26.5,93.7,277.1,267.0,0.0,1.0,
lower_east_side,10827603582,JBL,40.7250954,-73.9961828,retail,644.5,6190.0,primary,3.0,16.3,213.8,397.3,321.9,0.0,1.0,
lower_east_side,10827603587,Konrad,40.7249264,-73.9963375,office_professional,644.6,6190.0,residential,,28.4,231.0,417.5,321.9,0.0,1.0,
lower_east_side,9671326908,Misirizzi,40.7272644,-73.9921901,food_drink,644.7,2405.0,residential,1.0,51.4,233.9,171.2,45.3,0.8311817279046674,0.1688182720953326,
lower_east_side,2555123809,K&D Grocery NY,40.7171261,-73.9946497,retail,645.0,5175.0,residential,,48.9,86.4,136.9,127.3,0.8460597070276284,0.1539402929723716,
lower_east_side,10312046521,Toto Beauty Trend Group,40.719011,-73.9967407,retail,645.1,3983.0,secondary,1.0,170.1,192.0,156.5,192.1,0.8438039215686275,0.1561960784313725,
lower_east_side,12324923075,Mister Paradise,40.7267585,-73.9861797,food_drink,645.3,2208.0,primary,4.0,123.9,350.6,178.1,207.8,0.7623197591506893,0.2376802408493107,
lower_east_side,11748179932,Populares,40.7230805,-73.9825225,food_drink,645.6,1530.0,tertiary,2.0,199.8,267.5,99.9,74.5,0.6666666666666666,0.3333333333333333,
lower_east_side,10979200032,145A Mott St. Trading,40.7188904,-73.9966628,food_drink,645.7,3983.0,residential,1.0,157.2,177.2,158.9,206.9,0.8438039215686275,0.1561960784313725,
lower_east_side,2555123811,Delicious Huang Bakery,40.7171362,-73.9946836,food_drink,645.9,5175.0,residential,,47.7,83.4,139.6,125.9,0.8460597070276284,0.1539402929723716,
lower_east_side,10757735008,238 Salon,40.7274843,-73.9889956,personal_care,646.6,2546.0,residential,1.0,41.9,255.9,95.6,192.4,0.7945144286607702,0.2054855713392298,
lower_east_side,2567561047,King Dumplings,40.716048,-73.991696,food_drink,646.8,1463.0,residential,,45.5,361.9,146.1,61.5,0.8298913692252596,0.1701086307747403,
lower_east_side,10081075317,Tomiño,40.7193342,-73.9969704,food_drink,646.8,2495.0,secondary,1.0,132.9,232.7,155.8,151.7,0.6102975909305621,0.3897024090694378,
lower_east_side,2547241563,Santo Taco,40.7213614,-73.997634,food_drink,647.2,11750.0,primary,2.0,31.4,157.5,322.3,48.6,0.0,1.0,
lower_east_side,2555098988,Harmony Pharmacy,40.7186794,-73.9965224,health,647.3,1911.0,residential,1.0,135.3,151.1,166.5,233.1,0.7935483870967742,0.2064516129032258,
lower_east_side,12317130968,Great Jones Spa,40.7269717,-73.9932775,personal_care,647.5,5267.0,residential,1.0,125.7,167.4,250.2,124.7,0.6716637837145236,0.3283362162854763,
lower_east_side,2555123815,W. L. Lee & Co. Real Estate,40.7171582,-73.9947532,office_professional,647.6,5175.0,residential,,45.9,77.2,145.4,123.5,0.8460597070276284,0.1539402929723716,
lower_east_side,9659554656,Ogawa,40.727284,-73.99223,food_drink,647.8,2405.0,residential,1.0,55.3,233.9,170.8,43.8,0.8311817279046674,0.1688182720953326,
lower_east_side,9661182873,K One Karaoke,40.717342,-73.9950482,leisure_entertainment,647.9,2588.0,residential,,22.3,45.1,177.4,125.2,0.0,1.0,
lower_east_side,2563985397,Tofu Tofu,40.7176273,-73.995453,food_drink,648.3,2502.0,primary,6.0,24.5,7.7,224.0,143.8,0.0,1.0,
lower_east_side,4146369290,Death & Company,40.7259358,-73.9846566,food_drink,648.5,2271.0,residential,1.0,106.2,476.1,212.2,209.5,0.8288204170557112,0.1711795829442888,
lower_east_side,11942932649,Cooper Square Veterinary Hospital,40.7275358,-73.9904837,health,648.6,2425.0,residential,,127.2,314.7,89.7,138.4,0.8373983739837398,0.1626016260162601,
lower_east_side,5384725821,Papyrus,40.722601,-73.9975759,retail,648.6,10412.0,residential,,112.4,180.9,458.5,91.7,0.0,1.0,
lower_east_side,10757735009,Tell Mama,40.7275134,-73.989065,personal_care,649.1,2546.0,residential,1.0,46.5,255.0,89.3,197.3,0.7945144286607702,0.2054855713392298,
lower_east_side,3819620512,Hale Gallery,40.7234251,-73.9826045,retail,649.1,4808.0,residential,,212.1,290.3,88.0,108.9,0.8571778339998368,0.1428221660001632,
lower_east_side,2555098994,Haven Cafe,40.718849,-73.9966792,food_drink,649.2,3983.0,residential,1.0,155.9,174.2,156.5,210.7,0.8438039215686275,0.1561960784313725,
lower_east_side,10089881643,Toto Hair,40.7190314,-73.9968104,personal_care,649.3,7067.0,secondary,1.0,164.3,197.1,151.8,187.9,0.0,1.0,
lower_east_side,12988107101,Tipsy Shanghai,40.7274182,-73.9883002,food_drink,649.5,4110.0,residential,1.0,60.2,248.3,145.5,176.5,0.8883274239928529,0.111672576007147,
lower_east_side,12987817501,Corepower Yoga,40.7262138,-73.9948879,leisure_entertainment,649.6,7838.0,residential,1.0,40.2,92.6,278.9,284.0,0.0,1.0,
lower_east_side,3215162129,Osteria Morini,40.7219323,-73.9976726,food_drink,649.7,1879.0,residential,1.0,65.5,159.4,383.9,24.1,0.0,1.0,
lower_east_side,4551150920,Cherry Tavern,40.7257543,-73.9843812,food_drink,650.7,759.0,residential,1.0,81.6,458.7,212.9,195.1,0.8365122615803815,0.1634877384196185,
lower_east_side,6910675056,Simply Prepaid T Mobile,40.7171933,-73.9948713,retail,650.8,5175.0,residential,,44.3,66.9,155.2,119.8,0.8460597070276284,0.1539402929723716,
lower_east_side,2555099027,A Class Pharmacy,40.7181572,-73.9961035,retail,651.1,4619.0,residential,,85.5,83.4,205.4,202.2,0.8076923076923077,0.1923076923076923,
lower_east_side,4775571737,Hou Yi Hot Pot,40.7162008,-73.9925703,food_drink,651.3,1757.0,residential,1.0,49.2,289.4,78.4,68.0,0.0,1.0,
lower_east_side,2563985463,678 Pharmacy,40.7180046,-73.9959497,retail,651.4,2210.0,residential,,73.8,62.1,222.0,183.9,0.9019607843137256,0.0980392156862745,
lower_east_side,10760056100,Ruby 6,40.7275393,-73.9891273,personal_care,651.4,2449.0,residential,1.0,51.1,254.5,83.8,198.9,1.0,0.0,
lower_east_side,10963975805,Minca,40.724092,-73.9829013,food_drink,651.6,3847.0,residential,,145.2,329.5,120.1,67.2,0.9265785609397944,0.0734214390602055,
lower_east_side,582292401,Swift Hibernian Lounge,40.7273093,-73.9922879,food_drink,651.9,2405.0,residential,1.0,60.6,233.8,170.6,42.4,0.7982551799345693,0.2017448200654307,
lower_east_side,9371206973,GrandLo Cafe,40.7168549,-73.9856403,food_drink,652.1,20960.0,residential,,130.3,41.0,191.7,63.3,0.5342512174305939,0.4657487825694061,
lower_east_side,5987826185,Adda,40.7268139,-73.9861401,food_drink,652.3,1746.0,primary,4.0,117.7,346.5,184.1,213.8,0.85977212971078,0.1402278702892199,
lower_east_side,2555098993,Excellent Cut Salon,40.7188126,-73.9966958,personal_care,652.4,1277.0,residential,1.0,155.1,171.7,154.2,214.1,0.8990918264379415,0.1009081735620585,
lower_east_side,4846659021,The Scratcher,40.7275668,-73.9905608,food_drink,652.5,2425.0,residential,,125.4,307.7,91.9,131.6,0.8900549725137431,0.1099450274862568,
lower_east_side,6565329289,Banh Mi Zon,40.7257262,-73.9843145,food_drink,652.6,759.0,residential,1.0,78.1,456.5,214.9,188.8,0.8365122615803815,0.1634877384196185,
lower_east_side,10312046520,Nyonya,40.7190609,-73.9968835,food_drink,653.2,7067.0,secondary,1.0,157.6,203.3,147.4,182.8,0.0,1.0,
lower_east_side,9307392411,"Love, Dunette",40.7192267,-73.9829471,personal_care,653.3,2500.0,residential,,191.8,319.0,68.0,38.3,0.8974358974358975,0.1025641025641025,
lower_east_side,2555123825,Candy Beauty Skin Care,40.7172205,-73.994961,personal_care,653.4,2573.0,residential,,36.8,59.1,162.7,117.7,0.4995374653098982,0.5004625346901017,
lower_east_side,9307392410,Mildred,40.7192003,-73.9829596,personal_care,653.6,2500.0,residential,,194.9,316.2,69.2,41.3,0.8974358974358975,0.1025641025641025,
lower_east_side,11523643173,Wray,40.7159148,-73.9912484,retail,654.0,1112.0,residential,,66.0,402.2,183.1,86.0,0.7796710917376659,0.220328908262334,
lower_east_side,5932619925,Amor y Amargo,40.7257034,-73.9842602,food_drink,654.2,759.0,residential,1.0,75.5,454.7,216.7,183.6,0.8365122615803815,0.1634877384196185,
lower_east_side,11374517232,La Bella Vita,40.7197362,-73.9972911,food_drink,655.2,2522.0,residential,1.0,87.9,249.0,167.3,101.2,0.8069001029866117,0.1930998970133882,
lower_east_side,12055618255,Cafe Lyria,40.725889,-73.9954623,food_drink,655.4,9817.0,residential,1.0,65.7,124.2,307.4,295.5,0.0,1.0,
lower_east_side,2547109381,Equinox,40.724044,-73.997114,leisure_entertainment,655.4,23700.0,residential,,75.6,285.4,525.9,253.5,0.0,1.0,
lower_east_side,9187969159,Bánh Mì Cô Út,40.7181176,-73.9961279,food_drink,655.4,4619.0,residential,,87.5,81.3,204.4,198.2,0.8076923076923077,0.1923076923076923,
lower_east_side,9275819962,Excelsior Medical,40.7175655,-73.9954946,health,655.6,2398.0,primary,6.0,22.9,0.0,221.8,136.4,0.4865324156682811,0.5134675843317189,
lower_east_side,6109352286,Twilight Lounge,40.7266682,-73.9857438,food_drink,655.7,1487.0,primary,4.0,103.6,376.1,206.8,236.3,0.8,0.2,
lower_east_side,2555123830,Teado Tea Shop,40.7172462,-73.9950457,food_drink,655.8,2573.0,residential,,30.1,51.9,169.9,116.1,0.4995374653098982,0.5004625346901017,
lower_east_side,6053282586,North Dumpling,40.7158165,-73.9897834,food_drink,656.2,1155.0,residential,,114.4,335.3,158.8,55.2,0.7971715668031262,0.2028284331968738,
lower_east_side,2547241579,Citizens,40.7213537,-73.9977481,food_drink,656.8,11750.0,primary,3.0,22.1,167.1,319.5,52.9,0.0,1.0,
lower_east_side,10979200034,Taishan Trading NY,40.7187653,-73.9967205,food_drink,656.8,1277.0,residential,1.0,154.5,168.7,151.2,218.3,0.8990918264379415,0.1009081735620585,
lower_east_side,12542895723,Sammy's Halal,40.7268492,-73.986104,food_drink,657.2,1746.0,primary,4.0,113.0,344.2,188.7,218.5,0.85977212971078,0.1402278702892199,
lower_east_side,2567558483,Yuki Sushi,40.7160572,-73.9922758,food_drink,658.6,1250.0,primary,3.0,43.1,318.9,97.8,45.2,0.7799043062200957,0.2200956937799043,
lower_east_side,8880908686,Bowery Pharmacy,40.7173158,-73.9952005,retail,658.6,2573.0,residential,,17.1,37.2,184.7,116.9,0.4995374653098982,0.5004625346901017,
lower_east_side,7797556443,Hung Guan Laundries,40.7158391,-73.9909941,personal_care,659.2,873.0,residential,,84.0,397.2,201.5,104.4,1.0,0.0,
lower_east_side,5799183353,Pep's on Grand,40.7190831,-73.9969787,food_drink,659.3,7067.0,secondary,1.0,150.0,210.0,141.1,178.1,0.0,1.0,
lower_east_side,5215246722,Golden Steamer,40.7187355,-73.9967322,food_drink,659.3,1277.0,residential,1.0,153.9,166.7,149.7,221.1,0.8990918264379415,0.1009081735620585,
lower_east_side,12994798201,Glossier,40.7224492,-73.9977363,retail,659.6,9600.0,residential,,115.5,183.7,439.7,77.7,0.0,1.0,
lower_east_side,12733020264,SHIROKURO,40.7275633,-73.9886531,food_drink,659.6,2500.0,residential,1.0,53.7,238.4,111.8,194.6,0.8,0.2,
lower_east_side,2555099026,Highcut Beauty Salon,40.7180786,-73.9961534,personal_care,659.7,4619.0,residential,,89.8,79.6,203.3,194.2,0.8076923076923077,0.1923076923076923,
lower_east_side,2713432144,Art Clinic,40.7187633,-73.9831736,leisure_entertainment,660.1,4513.0,residential,,246.2,270.4,72.2,92.7,0.8569512740277156,0.1430487259722843,
lower_east_side,8272824071,Arthur & D Hair Salon,40.7222146,-73.9821562,personal_care,660.7,2623.0,residential,,137.3,191.2,166.0,32.2,0.9463327370304114,0.0536672629695885,
lower_east_side,9957843798,Sam's Fried Ice Cream,40.7158855,-73.9914939,food_drink,660.9,1879.0,residential,,46.0,385.5,162.4,65.5,0.7872960372960373,0.2127039627039627,
lower_east_side,8881081277,one cup tea,40.7169447,-73.994646,food_drink,660.9,2504.0,residential,,38.2,99.4,122.4,114.9,0.8254449072321091,0.1745550927678909,
lower_east_side,5359960222,Senya,40.7268813,-73.98608,food_drink,661.3,1746.0,primary,4.0,109.4,341.9,192.3,222.0,0.85977212971078,0.1402278702892199,
lower_east_side,241833272,The Ukrainian Museum,40.7276617,-73.9897653,leisure_entertainment,661.4,7275.0,residential,1.0,95.3,269.5,51.3,154.3,0.0,1.0,
lower_east_side,11523643172,Bode,40.715804,-73.9908761,retail,661.8,5325.0,residential,,93.1,387.7,198.3,113.6,0.8333773435437022,0.1666226564562978,
lower_east_side,7499270169,CVS Pharmacy,40.7162349,-73.986906,health,661.9,15485.0,primary,1.0,13.8,152.2,240.8,25.8,,,
lower_east_side,3215162128,Café Select,40.7217594,-73.9978239,food_drink,662.0,2492.0,residential,1.0,42.9,169.9,362.8,30.0,0.813953488372093,0.1860465116279069,
lower_east_side,2549926664,Amor y Amargo General Store,40.7256184,-73.9840332,retail,662.2,1524.0,residential,1.0,69.2,449.0,225.9,162.9,0.4284105835991743,0.5715894164008257,
lower_east_side,6941252618,Bambu,40.7169602,-73.9947013,food_drink,662.4,2504.0,residential,,34.6,94.9,127.0,112.2,0.8254449072321091,0.1745550927678909,
lower_east_side,6109290986,Hunan Slurp,40.7267171,-73.9856982,food_drink,662.4,1488.0,primary,4.0,97.0,373.3,212.5,242.0,0.7687377603703044,0.2312622396296955,
lower_east_side,6341278785,Le Burger,40.7240438,-73.9827327,food_drink,662.5,3839.0,residential,,159.3,333.7,105.0,63.0,0.9264976111723632,0.0735023888276368,
lower_east_side,8272824072,Gaia Italian Cafè,40.7222054,-73.9821254,food_drink,663.2,2623.0,residential,,134.6,188.5,166.3,32.8,0.9463327370304114,0.0536672629695885,
lower_east_side,7797556435,Bode Tailor Shop,40.7157834,-73.9908071,personal_care,663.4,3458.0,residential,,98.5,382.1,196.7,119.0,0.7808965476401966,0.2191034523598033,
lower_east_side,10979200036,New Shing Hing,40.7186886,-73.9967558,food_drink,663.7,1277.0,residential,1.0,153.5,164.0,147.1,225.5,0.8990918264379415,0.1009081735620585,
lower_east_side,9346533768,Miguel Abreu Gallery,40.715832,-73.9912912,leisure_entertainment,663.7,1273.0,residential,,59.5,403.3,179.7,79.8,0.7979365079365079,0.202063492063492,
lower_east_side,9228778075,Mr. Cow,40.7169782,-73.9947628,food_drink,663.9,2504.0,residential,,31.1,89.8,132.3,109.3,0.8254449072321091,0.1745550927678909,
lower_east_side,2555098982,iFresh Market,40.7184953,-73.9966034,retail,664.0,14006.0,residential,1.0,133.8,139.4,159.0,248.1,0.0,1.0,
lower_east_side,2567561365,Aujla's,40.7157755,-73.9907804,food_drink,664.1,3458.0,residential,,100.7,380.0,196.1,121.1,0.7808965476401966,0.2191034523598033,
lower_east_side,6276352275,Bond no. 9,40.726632,-73.9944509,retail,664.4,5730.0,residential,1.0,51.9,79.6,247.2,227.9,0.6766980365428474,0.3233019634571526,
lower_east_side,6709864873,Ace Bar,40.7243649,-73.9829025,food_drink,664.4,2426.0,residential,,126.5,354.7,135.6,41.2,0.8823529411764706,0.1176470588235294,
lower_east_side,12542895724,Village Snack Mart,40.7269074,-73.9860635,retail,664.5,1555.0,residential,1.0,106.7,340.0,195.0,224.8,0.8,0.2,
lower_east_side,5265713182,Ferrara,40.7191024,-73.9970647,food_drink,664.9,3152.0,secondary,1.0,143.3,216.1,135.6,174.2,0.0,0.7137546468401487,
lower_east_side,6458026085,Avant Garden,40.7256438,-73.9840147,food_drink,665.2,1524.0,residential,1.0,72.3,452.1,228.9,163.7,0.4284105835991743,0.5715894164008257,
lower_east_side,7797556427,Bode One-Of-A-Kind Shoppe,40.7157588,-73.9907242,retail,665.5,3458.0,residential,,105.2,375.5,195.0,125.2,0.7808965476401966,0.2191034523598033,
lower_east_side,13141172002,West Rice Roll King,40.7169867,-73.9948131,food_drink,665.7,2493.0,residential,,28.3,86.3,136.1,106.7,0.5696675900277008,0.4303324099722991,
lower_east_side,5978837399,,40.7160059,-73.9923443,personal_care,665.7,1250.0,primary,3.0,42.5,317.1,91.3,40.8,0.7799043062200957,0.2200956937799043,
lower_east_side,2547241734,J.Crew,40.7226777,-73.9977694,retail,666.0,5562.0,residential,,108.4,199.2,464.5,103.0,0.0,1.0,
lower_east_side,11523643175,November 19,40.7158382,-73.9915185,retail,666.5,1879.0,residential,,41.7,386.2,160.6,61.7,0.7872960372960373,0.2127039627039627,
lower_east_side,5124427121,No. 6 Store,40.7200854,-73.9975842,retail,666.9,1175.0,residential,,58.1,231.4,188.4,59.9,0.7170781893004116,0.2829218106995885,
lower_east_side,9275819961,World Wine Group,40.7174554,-73.9955493,retail,667.5,5083.0,residential,,24.6,13.1,217.2,123.6,0.2795514901150782,0.7204485098849218,
lower_east_side,12192271812,ThisBowl,40.7263159,-73.995058,food_drink,667.5,8350.0,residential,1.0,56.7,77.6,264.7,275.4,0.0,1.0,
lower_east_side,7047104991,Despaña,40.7210501,-73.997846,food_drink,667.9,11750.0,primary,2.0,41.0,185.0,284.8,53.3,0.0,1.0,
lower_east_side,2826581783,Saluggi's East,40.7160067,-73.9874972,food_drink,668.1,8642.0,primary,1.0,37.2,205.8,212.9,52.0,0.9393410926185692,0.0606589073814307,
lower_east_side,5405958524,Aura Bar & Kitchen,40.7269395,-73.9860426,food_drink,668.5,1555.0,residential,1.0,103.4,337.6,198.4,228.2,0.8,0.2,
lower_east_side,2567561386,Café Forgot,40.7157235,-73.9907007,retail,669.2,3458.0,residential,,106.9,371.2,197.2,122.2,0.7808965476401966,0.2191034523598033,
lower_east_side,6230660105,Gentle Wash Laundromat,40.725681,-73.9839877,personal_care,669.7,1524.0,secondary,2.0,77.0,456.7,233.1,164.9,0.4284105835991743,0.5715894164008257,
lower_east_side,4146329589,Après-Ski Fondue Chalet at Café Select,40.7218093,-73.9979174,food_drink,669.9,2492.0,residential,1.0,46.2,178.1,367.1,37.9,0.813953488372093,0.1860465116279069,
lower_east_side,7112935819,Saifee Hardware,40.7267778,-73.985659,retail,669.9,1487.0,residential,1.0,89.7,369.1,218.2,247.8,0.8147118769686863,0.1852881230313137,
lower_east_side,5852337187,Shinka ramen & sake bar,40.7170503,-73.9950047,food_drink,670.3,2493.0,residential,,25.9,70.6,153.2,100.4,0.5696675900277008,0.4303324099722991,
lower_east_side,10827603590,Citizens,40.7251729,-73.9964908,finance,670.7,10005.0,primary,3.0,12.8,227.6,392.4,296.5,0.0,1.0,
lower_east_side,3902076224,Sanmiwago,40.7174276,-73.9955675,food_drink,670.8,5083.0,residential,,26.4,16.5,216.4,120.3,0.2795514901150782,0.7204485098849218,
lower_east_side,13391591361,Clic,40.720789,-73.9978372,retail,671.0,3735.0,primary,2.0,69.2,197.1,256.5,29.9,0.0,1.0,
lower_east_side,6276354231,Suite 303,40.726669,-73.9945179,personal_care,671.0,5730.0,residential,1.0,56.6,72.7,241.1,230.8,0.6766980365428474,0.3233019634571526,
lower_east_side,5504037324,Gelso & Grand,40.7195003,-73.9973762,food_drink,671.1,2485.0,residential,1.0,94.3,230.8,142.5,125.8,0.821069917261416,0.1789300827385839,
lower_east_side,12045510045,Best Buy,40.7257151,-73.9959345,retail,671.2,14235.0,residential,1.0,33.8,153.2,326.8,296.6,0.0,1.0,
lower_east_side,11442636218,Athletic Propulsion Labs,40.7241144,-73.9972816,retail,671.5,23700.0,residential,,63.1,298.2,521.8,260.0,0.0,1.0,
lower_east_side,11463577702,El Grillito,40.7276552,-73.991416,food_drink,671.6,13542.0,primary,5.0,87.8,255.3,110.7,59.1,0.9742790335151988,0.0257209664848012,
lower_east_side,8234192620,On,40.7270883,-73.9936302,leisure_entertainment,672.3,5591.0,primary,3.0,122.1,138.1,243.6,142.9,0.0,1.0,
lower_east_side,2826581784,Manousheh,40.7159851,-73.9874254,food_drink,672.3,8642.0,primary,1.0,32.2,202.9,219.1,46.0,0.9393410926185692,0.0606589073814307,
lower_east_side,9637476986,Income Tax,40.7168371,-73.9946868,office_professional,672.6,2504.0,secondary,3.0,32.3,105.8,117.5,105.6,0.8254449072321091,0.1745550927678909,
lower_east_side,6230656984,Corner Bistro East,40.725505,-73.9837463,food_drink,672.7,2763.0,residential,1.0,68.5,442.6,239.5,136.6,0.775,0.225,
lower_east_side,2494127918,E Smoke & Convenience,40.7269777,-73.9860171,retail,673.2,1557.0,residential,1.0,99.5,334.9,202.6,232.3,0.8321554770318021,0.1678445229681978,
lower_east_side,2567561026,Rare Bodega,40.7156846,-73.9907209,retail,673.6,3458.0,residential,,105.1,369.1,201.8,122.7,0.7808965476401966,0.2191034523598033,
lower_east_side,13746155620,Lidl,40.7163202,-73.9863289,retail,673.9,36905.0,residential,1.0,56.8,115.3,274.8,58.2,0.9325111111111112,0.0674888888888888,
lower_east_side,10979200024,Wing Tak Grocery,40.7185737,-73.9968074,retail,674.0,2472.0,residential,1.0,152.9,157.5,141.8,236.5,0.8,0.2,
lower_east_side,11374517234,Baby John's Pizzeria,40.7191522,-73.9972169,food_drink,674.1,4029.0,secondary,1.0,130.4,220.6,127.2,166.1,0.826539462272333,0.1734605377276669,
lower_east_side,2547241553,AYR,40.721127,-73.9979316,retail,674.2,11750.0,primary,2.0,30.8,188.8,291.9,64.3,0.0,1.0,
lower_east_side,12542984186,Studio duArte,40.7270748,-73.9862175,retail,674.5,1836.0,residential,1.0,110.9,317.5,195.4,224.8,0.8503634031637451,0.1496365968362548,
lower_east_side,2494127817,Yubu,40.7270578,-73.9861765,food_drink,674.5,1557.0,residential,1.0,108.2,320.8,196.9,226.4,0.8321554770318021,0.1678445229681978,
lower_east_side,6053103886,Goldwater Thriftique,40.7270922,-73.9862626,retail,674.5,1836.0,residential,1.0,113.9,314.1,193.7,223.1,0.8503634031637451,0.1496365968362548,
lower_east_side,2065455029,Starbucks,40.722517,-73.997904,food_drink,674.6,9600.0,residential,,99.9,199.7,445.4,89.7,0.0,1.0,
lower_east_side,12709183133,East Village Hats,40.727148,-73.9863982,retail,674.8,1708.0,residential,1.0,123.4,303.6,189.4,218.4,1.0,0.0,
lower_east_side,9161604572,Trash and Vaudville,40.7266424,-73.9852878,retail,675.1,2271.0,residential,1.0,87.6,398.5,241.9,268.8,0.8045857217300677,0.1954142782699322,
lower_east_side,7797556417,Kwok Wah Laundry,40.7156551,-73.9904729,personal_care,675.3,10820.0,residential,,113.0,353.1,194.4,101.6,0.888570998343623,0.111429001656377,
lower_east_side,4646776164,Target,40.7161435,-73.9867797,retail,675.4,45083.0,primary,1.0,21.7,152.9,255.0,17.7,0.7053885607287266,0.2946114392712733,
lower_east_side,2563985414,Hester Pharmacy,40.717464,-73.9956939,retail,675.5,5083.0,residential,,36.7,20.2,227.3,123.3,0.2795514901150782,0.7204485098849218,
lower_east_side,6566728985,Trader Joe's,40.7161587,-73.9867257,retail,675.7,45083.0,residential,1.0,26.1,148.8,258.2,21.6,0.7053885607287266,0.2946114392712733,
lower_east_side,13391591363,Elisa,40.7208192,-73.997904,retail,676.1,3735.0,primary,2.0,65.0,200.4,258.6,36.4,0.0,1.0,
lower_east_side,6916463756,Setsugekka,40.7272465,-73.9866334,food_drink,676.2,2271.0,residential,1.0,141.1,285.7,184.0,212.1,0.8168498168498168,0.1831501831501831,
lower_east_side,6230659163,Best Cleaners on A,40.7257365,-73.9839473,personal_care,676.3,2267.0,secondary,2.0,83.9,463.4,239.6,166.9,0.574512012012012,0.425487987987988,
lower_east_side,10979200026,137 Mott Pharmacy,40.7185465,-73.9968215,health,676.5,2472.0,residential,1.0,153.1,156.2,140.6,239.1,0.8,0.2,
lower_east_side,4811993324,Agavi,40.7272836,-73.9867192,food_drink,677.0,2271.0,residential,1.0,147.9,279.2,182.8,210.5,0.8168498168498168,0.1831501831501831,
lower_east_side,9275819952,Horizon Eye Care,40.7174793,-73.9957408,health,677.2,5083.0,residential,,40.7,22.9,231.4,124.9,0.2795514901150782,0.7204485098849218,
lower_east_side,9187969162,Eliz Digital,40.7179194,-73.9962606,personal_care,677.8,942.0,residential,,98.5,75.6,199.9,178.7,0.550321199143469,0.449678800856531,
lower_east_side,11523643177,Scarr's Pizza,40.7157403,-73.9915692,food_drink,678.0,2692.0,residential,,34.3,388.1,157.3,54.8,0.7795608852834847,0.2204391147165153,
lower_east_side,12980291801,Eastside Quality Dry Cleaners,40.7273805,-73.9869783,personal_care,678.4,2201.0,residential,1.0,160.3,261.9,179.9,206.1,0.804496578690127,0.1955034213098729,
lower_east_side,9717340504,Meow Parlour,40.7156154,-73.9902595,food_drink,678.8,1267.0,residential,,105.2,338.6,191.3,83.1,0.6666666666666666,0.3333333333333333,
lower_east_side,5957624985,The Bowery Beer Garden,40.7171233,-73.9952844,food_drink,679.3,5452.0,residential,,37.9,52.3,177.0,94.5,0.0,0.0349492208379589,
lower_east_side,12980265002,Maza Mexican Restaurant,40.7265495,-73.9850368,food_drink,679.4,2271.0,residential,1.0,93.9,418.9,255.1,262.8,0.8,0.2,
lower_east_side,248771393,Wyndham Garden Chinatown,40.7170425,-73.9951633,hospitality,679.5,5452.0,residential,,25.7,64.5,163.5,91.7,0.0,0.0349492208379589,
lower_east_side,10979200027,Wing Long Trading,40.718512,-73.9968376,food_drink,679.7,2479.0,residential,1.0,153.3,154.6,139.2,240.2,0.8,0.2,
lower_east_side,2547246036,A.P.C. Surplus,40.7208426,-73.9979609,retail,680.5,3735.0,primary,2.0,61.9,203.4,260.3,41.8,0.0,1.0,
lower_east_side,11789217686,Knitting Factory,40.7258282,-73.9839841,leisure_entertainment,680.8,2267.0,secondary,2.0,92.7,472.7,243.4,176.5,0.6667156718612173,0.3332843281387827,
lower_east_side,3992545157,Macaron Parlour,40.7155896,-73.9901789,food_drink,681.5,1267.0,residential,,101.8,332.2,191.7,75.8,0.6666666666666666,0.3333333333333333,
lower_east_side,5792264308,Cafe Angelique,40.726208,-73.9954844,food_drink,682.3,5158.0,residential,1.0,51.6,89.6,271.9,263.9,0.7809277868223582,0.2190722131776418,
lower_east_side,12997729102,The Center for Ballet and the Arts,40.7277314,-73.9915749,leisure_entertainment,682.4,17375.0,primary,5.0,92.3,241.0,104.4,46.2,0.0,1.0,
lower_east_side,11523643178,Susan Alexandra,40.7157017,-73.9915892,retail,682.6,2154.0,residential,,32.0,389.0,156.2,52.5,0.7812975936643314,0.2187024063356686,
lower_east_side,10979200033,Qiang Kee,40.7183217,-73.9967176,food_drink,682.6,4675.0,residential,1.0,138.8,133.0,151.2,232.7,0.940329218106996,0.0596707818930041,
lower_east_side,10979200029,Kam Yuen Hong,40.7184785,-73.9968566,food_drink,683.0,2479.0,residential,1.0,153.8,153.2,137.7,236.8,0.8,0.2,
lower_east_side,9187969161,Y & J Hair Salon,40.7178691,-73.9962876,personal_care,683.0,940.0,residential,,97.8,74.9,199.8,173.8,0.6665230504093064,0.3334769495906937,
lower_east_side,9659538022,East 6 Street Barber Shop,40.7278588,-73.9899009,personal_care,683.1,2425.0,residential,1.0,118.5,259.3,31.9,129.8,0.830316742081448,0.169683257918552,
lower_east_side,11789217687,Baker Falls,40.7257942,-73.9839054,food_drink,683.2,2267.0,secondary,2.0,91.2,470.5,246.3,169.2,0.6667156718612173,0.3332843281387827,
lower_east_side,1103801857,"The Standard, East Village",40.727834,-73.9907398,hospitality,683.4,11662.0,residential,,134.8,275.9,85.2,109.6,0.0261017096619828,0.0251881498238134,
lower_east_side,6595542372,Sixth Street Haunted House,40.7249615,-73.9830825,leisure_entertainment,683.4,4845.0,residential,1.0,91.4,405.5,192.1,54.6,0.8085893698138596,0.1914106301861403,
lower_east_side,9147146733,Club Cumming,40.7253473,-73.9834179,food_drink,684.0,2272.0,residential,1.0,75.3,434.3,223.7,104.8,0.862788144895719,0.137211855104281,
lower_east_side,1184887826,Deluxe Food Market,40.7180731,-73.9965107,food_drink,684.1,7150.0,residential,,119.9,102.6,174.5,200.9,0.0,1.0,
lower_east_side,10979200031,Jie Li Laundromat,40.7183054,-73.9967279,personal_care,684.3,4675.0,residential,1.0,139.4,132.6,150.6,231.3,0.940329218106996,0.0596707818930041,
lower_east_side,2563985418,Hong Kong Supermarket,40.71761,-73.996022,retail,684.6,17766.0,residential,,66.4,44.7,232.0,141.0,0.6583497029074804,0.3416502970925196,
lower_east_side,9659538026,216E Taichi,40.7278759,-73.9899436,personal_care,685.0,2425.0,residential,1.0,122.4,260.2,31.8,126.2,0.830316742081448,0.169683257918552,
lower_east_side,6583001086,Ho Foods,40.7264166,-73.9847126,food_drink,685.1,2271.0,residential,1.0,110.7,447.0,254.0,255.0,0.9028749028749028,0.0971250971250971,
lower_east_side,13034168701,Luisaviaroma,40.7267167,-73.9947194,retail,685.2,8700.0,residential,1.0,66.4,55.5,229.7,243.0,0.8226211849192101,0.1773788150807899,
lower_east_side,2567560994,Good Luck Spa,40.7156743,-73.9916033,personal_care,685.8,2154.0,residential,,30.8,389.6,155.5,51.1,0.7812975936643314,0.2187024063356686,
lower_east_side,11515450682,Harkawik,40.7156401,-73.9913906,leisure_entertainment,686.2,1625.0,residential,,48.9,405.1,173.8,69.0,0.2799295774647887,0.7200704225352113,
lower_east_side,5618803861,Bliss Spa,40.724348,-73.9973427,personal_care,686.9,23700.0,secondary,2.0,69.8,324.1,498.1,285.7,0.0,1.0,
lower_east_side,2567561013,Joy's Flowers and Gifts,40.7155339,-73.9900153,retail,687.4,1560.0,residential,,95.8,319.1,192.9,60.9,0.0,1.0,
lower_east_side,10979200028,Ken Shin Trading,40.7184324,-73.9968833,food_drink,687.6,2500.0,residential,1.0,154.8,151.6,135.8,232.2,0.8484848484848485,0.1515151515151515,
lower_east_side,5618806821,Zocdoc,40.7243026,-73.9973808,office_professional,687.6,23700.0,residential,,64.2,320.7,503.9,280.6,0.0,1.0,
lower_east_side,6662115185,The Standard,40.727873,-73.9907388,food_drink,687.7,11662.0,residential,,138.2,272.9,81.3,105.2,0.0261017096619828,0.0251881498238134,
lower_east_side,5395639744,Honeybrains,40.7270961,-73.993997,food_drink,687.8,3035.0,primary,3.0,99.0,107.4,223.7,169.3,0.8619201030927836,0.1380798969072165,
lower_east_side,247866662,MoMA Design Store,40.7229121,-73.9979776,retail,687.9,5776.0,residential,,92.8,228.6,488.5,133.0,0.6816678426530253,0.3183321573469748,
lower_east_side,7280282034,Ace of Cuts Barber Shop,40.7249373,-73.9830002,personal_care,687.9,2426.0,residential,1.0,98.4,406.1,185.6,47.6,0.8518518518518519,0.1481481481481481,
lower_east_side,13391591364,Catbird,40.7205966,-73.9979994,retail,688.1,1317.0,primary,3.0,66.2,219.9,232.8,37.3,0.0,1.0,
lower_east_side,8151649108,Caffè Palermo,40.7190027,-73.9973094,food_drink,688.3,4029.0,residential,1.0,138.4,206.2,112.2,181.4,0.826539462272333,0.1734605377276669,
lower_east_side,5792264307,The Press Shop,40.726242,-73.9955434,food_drink,688.4,5158.0,residential,1.0,46.6,87.1,267.9,258.1,0.7809277868223582,0.2190722131776418,
lower_east_side,9543912717,Cheong Fun Cart,40.7176997,-73.9961879,food_drink,688.6,1439.0,residential,,82.7,60.3,215.1,153.5,0.7500542888165038,0.2499457111834962,
lower_east_side,9716055321,El Cabron Taqueria & Marisqueria,40.7155198,-73.9899407,food_drink,689.0,1560.0,residential,,95.1,314.2,193.2,54.4,0.0,1.0,
lower_east_side,2713434234,Ms. Bubble,40.7185212,-73.9829627,personal_care,689.1,4560.0,residential,,263.5,269.0,104.0,112.7,0.9485649624524226,0.0514350375475774,
lower_east_side,247838607,Merchant's House Museum,40.7276576,-73.9923438,leisure_entertainment,690.3,3072.0,residential,1.0,94.7,222.4,141.1,19.1,0.0,1.0,
lower_east_side,12997486602,Grey Art Museum,40.7278101,-73.9915408,leisure_entertainment,690.5,17375.0,primary,5.0,101.4,235.1,95.3,51.1,0.0,1.0,
lower_east_side,10853382805,Nuyorican Poets Cafe,40.7220439,-73.9817859,food_drink,690.6,2621.0,residential,,100.9,155.3,179.0,36.3,0.873015873015873,0.1269841269841269,
lower_east_side,10992263589,Eataly - SoHo,40.7214319,-73.9981576,food_drink,690.8,13945.0,primary,3.0,13.5,199.5,323.2,69.8,0.0,1.0,
lower_east_side,13391591365,Modern Citizen,40.720562,-73.9980321,retail,691.5,1317.0,primary,3.0,61.6,224.3,228.5,40.5,0.0,1.0,
lower_east_side,2555098978,Hong Li Meat Market,40.7182341,-73.9967685,food_drink,691.6,4675.0,residential,1.0,141.9,130.6,148.9,225.2,0.940329218106996,0.0596707818930041,
lower_east_side,2494064642,Van Leeuwen Ice Cream,40.7276967,-73.9877131,food_drink,691.7,3250.0,residential,1.0,105.7,215.6,178.5,213.7,0.7999245709975485,0.2000754290024514,
lower_east_side,11441007599,Mangia,40.7248407,-73.9970753,food_drink,692.4,18950.0,secondary,2.0,24.8,284.1,439.3,289.7,0.0,1.0,
lower_east_side,6128599388,Wilson,40.7250408,-73.9969217,retail,692.8,5700.0,secondary,2.0,8.6,258.4,414.4,280.8,0.2557704304429195,0.7442295695570805,
lower_east_side,2563985464,Bank of America,40.7172373,-73.9956842,finance,692.8,5017.0,residential,,43.9,39.8,212.1,98.2,0.0,0.1870967741935484,
lower_east_side,10827603581,Broadway Deli,40.7248002,-73.9971149,food_drink,693.0,18950.0,secondary,2.0,29.9,289.7,444.5,291.3,0.0,1.0,
lower_east_side,2547109375,Target,40.7251658,-73.9968171,retail,693.0,10005.0,secondary,2.0,20.8,242.0,398.8,276.8,0.0,1.0,
lower_east_side,5715695343,Athleta,40.7248948,-73.9970441,retail,693.1,17425.0,secondary,2.0,18.4,277.7,432.8,286.5,0.0,1.0,
lower_east_side,3825544457,Code Academy,40.7252194,-73.9967722,office_professional,693.1,10005.0,secondary,2.0,27.5,234.9,392.1,275.4,0.0,1.0,
lower_east_side,5978792511,Sandt Liang,40.7155779,-73.9914229,retail,693.4,2256.0,residential,,47.4,402.5,172.5,66.8,0.6519546027742749,0.3480453972257251,
lower_east_side,8333740828,Kuih Cafe,40.7159151,-73.9929989,food_drink,693.7,2188.0,residential,,70.6,279.1,35.6,72.6,0.8333333333333334,0.1666666666666666,
lower_east_side,1608795907,Urban Outfitters,40.725998,-73.99596,retail,694.0,9500.0,primary,3.0,28.5,125.5,295.6,266.5,0.0,1.0,
lower_east_side,9939543921,Huang Jin Vegetable,40.7183746,-73.996924,food_drink,694.0,2433.0,residential,1.0,156.9,150.4,133.1,225.9,0.7999551217323011,0.1999326825984517,
lower_east_side,9873500189,18 Pharmacy,40.7169904,-73.9953498,health,694.1,3148.0,primary,5.0,30.1,65.1,173.7,78.8,0.0,1.0,
lower_east_side,5248792788,Josie's,40.7249188,-73.9828997,food_drink,694.1,2425.0,residential,1.0,107.0,408.2,178.5,40.2,0.8222222222222222,0.1777777777777777,
lower_east_side,2547109321,The North Face,40.724697,-73.9972059,retail,694.1,18950.0,secondary,2.0,43.2,303.5,457.7,296.4,0.0,1.0,
lower_east_side,2547241745,MUJI at MoMA,40.7227912,-73.9980837,retail,694.2,5776.0,residential,,82.0,228.2,474.4,123.8,0.6816678426530253,0.3183321573469748,
lower_east_side,3938479921,Adidas,40.7256079,-73.9964129,leisure_entertainment,694.4,13005.0,primary,3.0,33.4,182.2,343.6,272.8,0.0,1.0,
lower_east_side,2567560983,Panda NY Bus,40.7156437,-73.9919228,retail,695.0,2141.0,primary,2.0,5.7,369.2,129.8,24.1,0.7482693517935809,0.2517306482064191,
lower_east_side,9659538021,Emilio Antonio,40.7279655,-73.9901415,personal_care,695.1,4850.0,residential,1.0,141.4,264.5,37.0,108.9,0.8333168169656129,0.1666831830343871,
lower_east_side,6230659109,Blink Fitness,40.7256814,-73.9835909,leisure_entertainment,695.2,8100.0,secondary,2.0,92.0,465.1,245.9,142.9,0.6887878944378454,0.3112121055621546,
lower_east_side,6566728785,East dumpling,40.715869,-73.9928944,food_drink,695.3,2188.0,residential,,74.6,289.2,44.7,62.5,0.8333333333333334,0.1666666666666666,
lower_east_side,8151649109,Angelo's,40.7189102,-73.9973496,food_drink,695.9,3572.0,residential,1.0,145.1,198.9,104.7,191.3,0.7746478873239436,0.2253521126760563,
lower_east_side,9659538029,Best Cleaner,40.7279739,-73.9901645,personal_care,696.0,4850.0,residential,1.0,143.5,265.2,38.3,107.2,0.8333168169656129,0.1666831830343871,
lower_east_side,2547109311,Arc'teryx,40.724551,-73.9973323,retail,696.0,9475.0,secondary,2.0,62.3,322.9,476.3,304.5,0.0,1.0,
lower_east_side,13075288501,Jones St. Wine Bar & Room,40.7262318,-73.9842408,food_drink,696.5,2278.0,residential,1.0,94.4,487.7,259.9,216.9,0.7999709471237653,0.2000290528762347,
lower_east_side,2549928447,East 7 Deli & Cafe,40.7269949,-73.98552,retail,696.5,1240.0,residential,1.0,64.0,355.0,239.5,269.2,0.8,0.2,
lower_east_side,7075366387,Compagnie des Vins Surnaturels,40.7204999,-73.9980785,food_drink,696.7,1317.0,primary,3.0,53.8,231.4,221.1,46.0,0.0,1.0,
lower_east_side,7674034588,Rite Aid,40.7160465,-73.9864464,health,696.8,36905.0,primary,1.0,27.9,146.8,284.8,36.8,0.9325111111111112,0.0674888888888888,
lower_east_side,4255253131,GU,40.7244761,-73.9973923,retail,696.8,9475.0,secondary,2.0,72.0,331.0,485.7,299.8,0.0,1.0,
lower_east_side,9708208979,7th Street burger,40.7269257,-73.9853696,food_drink,697.0,1240.0,residential,1.0,61.8,368.6,247.2,276.9,0.8,0.2,
lower_east_side,12542984185,Whiskey Cellar,40.7273568,-73.9863567,food_drink,697.2,2267.0,residential,1.0,116.9,284.2,208.5,237.0,0.8074516222200828,0.1925483777799172,
lower_east_side,12324923077,Tile Bar,40.7271559,-73.9858545,food_drink,697.2,875.0,residential,1.0,79.0,324.6,225.1,254.8,0.8,0.2,
lower_east_side,3046334738,Buenos Aires,40.7252275,-73.9831134,food_drink,697.3,2115.0,residential,1.0,93.0,431.3,196.7,78.4,0.8405103668261563,0.1594896331738437,
lower_east_side,1109836197,Baonanas,40.7269048,-73.9853207,food_drink,697.4,1562.0,residential,1.0,61.7,372.9,250.0,279.6,0.8,0.2,
lower_east_side,12542984187,Redge Salon,40.7273935,-73.9864375,personal_care,697.9,4875.0,residential,1.0,123.6,277.5,207.1,235.3,0.8117773595052433,0.1882226404947566,
lower_east_side,2273010097,NY Grill & Deli,40.7184907,-73.9828625,food_drink,698.1,4030.0,residential,,263.8,274.4,112.2,114.7,0.9076184024142392,0.0923815975857609,
lower_east_side,12542984188,Blue & Gold,40.7273351,-73.9862728,food_drink,698.1,2438.0,residential,1.0,109.9,289.7,211.6,240.3,0.7500401090967431,0.2499598909032568,
lower_east_side,4551161735,Abraço,40.7273019,-73.9861875,food_drink,698.1,2438.0,residential,1.0,103.1,296.4,214.0,243.1,0.75,0.25,
lower_east_side,12368232423,Mary O’s Irish Soda Bread Shop,40.7268816,-73.9852583,food_drink,698.2,1562.0,residential,1.0,61.8,378.1,253.7,279.7,0.8,0.2,
lower_east_side,5740184942,Snow Peak,40.7222127,-73.9982295,retail,698.3,2508.0,residential,,90.6,212.4,409.4,80.1,0.6608732513777024,0.3391267486222976,
lower_east_side,10090555738,Giano,40.7261935,-73.9841587,food_drink,698.3,2241.0,residential,1.0,91.0,495.4,261.1,210.6,0.7947712418300653,0.2052287581699346,
lower_east_side,3608032646,Balthazar,40.7226578,-73.9981644,food_drink,698.5,12372.0,residential,,75.5,226.4,459.1,113.8,0.0,1.0,
lower_east_side,5919252677,Tokio 7,40.7272729,-73.9861016,retail,698.6,2438.0,residential,1.0,96.3,302.7,217.1,246.3,0.7747818158134688,0.2252181841865312,
lower_east_side,9716055322,Tace Recipies,40.7154324,-73.9899906,food_drink,698.7,1560.0,residential,,84.8,308.7,182.7,57.3,0.7894736842105263,0.2105263157894736,
lower_east_side,12542984190,Big Bar,40.7274275,-73.9865089,food_drink,698.8,4875.0,residential,1.0,129.7,271.5,206.2,234.2,0.8117773595052433,0.1882226404947566,
lower_east_side,6052945988,Nomad Vintage,40.7280019,-73.9902375,retail,699.3,4850.0,residential,1.0,150.2,267.6,42.9,101.6,0.8333168169656129,0.1666831830343871,
lower_east_side,248771367,Hotel MB,40.7166795,-73.9949442,hospitality,699.6,5017.0,secondary,3.0,19.1,108.9,127.5,78.1,0.0,0.1246514841224802,
lower_east_side,4460449816,49 Crosby,40.7221806,-73.9982475,hospitality,699.6,2508.0,residential,,89.4,212.9,405.8,79.3,0.6608732513777024,0.3391267486222976,
lower_east_side,4332192139,Italian American Museum,40.719105,-73.997523,leisure_entertainment,699.7,4554.0,residential,1.0,118.9,195.6,103.1,168.9,0.6308178768364632,0.3691821231635368,
lower_east_side,2549928762,Hen House NYC,40.7270198,-73.9855018,food_drink,699.7,1240.0,residential,1.0,61.0,353.6,242.1,271.9,0.8,0.2,
lower_east_side,10067374317,ATLA,40.7272564,-73.9939092,food_drink,699.8,3035.0,residential,1.0,101.0,117.8,215.1,154.9,0.8619201030927836,0.1380798969072165,
lower_east_side,10257925756,Hugo Boss,40.7243004,-73.9975423,retail,699.9,23700.0,secondary,2.0,53.5,326.4,508.1,280.3,0.0,1.0,
lower_east_side,10090555737,Pylos Restaurant,40.7261637,-73.9840813,food_drink,700.5,2272.0,residential,1.0,88.0,499.5,263.1,204.7,0.7923243063631833,0.2076756936368167,
lower_east_side,10757735010,Honeymoon Antiques,40.7280132,-73.990267,retail,700.7,2425.0,residential,1.0,152.9,268.6,44.9,99.3,0.7999581939799331,0.2000418060200668,
lower_east_side,12542984189,Kinka,40.7275709,-73.9868955,retail,700.7,2438.0,residential,1.0,146.3,244.1,201.9,227.7,0.9092229484386348,0.0907770515613652,
lower_east_side,2555098997,Alrite Pharmacy,40.7177162,-73.9964,retail,701.1,1439.0,residential,,100.3,78.1,198.3,160.3,0.7500542888165038,0.2499457111834962,
lower_east_side,9036389124,Boulangerie Le Fournil,40.7279109,-73.9884166,food_drink,701.2,1470.0,residential,1.0,90.9,196.1,115.2,212.9,0.0,1.0,
lower_east_side,7674034587,Citibank,40.7158089,-73.987045,finance,701.5,15485.0,primary,1.0,31.5,196.0,256.4,25.8,,,
lower_east_side,12542984183,Dö Kham,40.7271939,-73.9858292,retail,701.9,1000.0,residential,1.0,75.7,322.2,229.4,259.0,0.6951219512195121,0.3048780487804878,
lower_east_side,12994866301,Titi’s Empanadas,40.7261363,-73.984021,food_drink,702.0,2272.0,residential,1.0,86.3,497.2,264.4,200.2,0.7923243063631833,0.2076756936368167,
lower_east_side,13324524930,Total by Verizon,40.7182911,-73.9969662,retail,702.0,2550.0,residential,1.0,159.1,148.0,131.2,218.1,0.7999792509596431,0.2000207490403568,
lower_east_side,6230652175,Kazuza,40.7259527,-73.9837876,leisure_entertainment,702.3,2267.0,secondary,2.0,90.9,489.9,265.0,177.0,0.7677331208015484,0.2322668791984515,
lower_east_side,10979200035,Wen Wah Corp,40.7181298,-73.9968319,retail,702.5,4467.0,residential,1.0,146.8,129.0,146.8,216.6,0.858463861105869,0.1415361388941309,
lower_east_side,9659538020,Rainbow Convenience,40.7280306,-73.9903067,retail,702.7,2425.0,residential,1.0,156.7,269.8,47.6,96.2,0.7999581939799331,0.2000418060200668,
lower_east_side,7077542685,Onieal’s,40.7196632,-73.9978597,food_drink,703.1,1800.0,residential,,52.0,213.8,136.1,109.7,0.7149776453055141,0.2850223546944858,
lower_east_side,1608794595,PetSmart,40.726185,-73.995877,retail,703.4,9817.0,primary,3.0,19.2,103.9,274.4,250.2,0.0,1.0,
lower_east_side,10289996857,Hugo Beauty,40.7177327,-73.9964589,retail,703.8,1374.0,residential,,105.5,83.4,193.0,163.8,0.7498806682577566,0.2501193317422434,
lower_east_side,2495735668,Clockwork Bar,40.7153863,-73.990065,food_drink,703.9,1571.0,residential,,79.2,308.4,176.0,63.5,0.7669172932330827,0.2330827067669172,
lower_east_side,8881326347,CT Health Castle,40.7171407,-73.9957438,personal_care,704.0,2508.0,primary,5.0,54.5,51.7,210.8,87.2,0.0,1.0,
lower_east_side,9659538024,Starlin,40.7280438,-73.9903394,retail,704.3,2425.0,residential,1.0,159.7,270.9,50.0,93.7,0.7999581939799331,0.2000418060200668,
lower_east_side,8378028017,Paper Source,40.7228556,-73.9981918,retail,704.4,2954.0,residential,,73.9,239.8,481.0,134.2,0.5998357963875205,0.4001642036124794,
lower_east_side,6110828687,XO Kitchen,40.7174266,-73.9961333,food_drink,705.2,11250.0,residential,,73.9,56.0,233.8,122.9,0.8315083723594219,0.1684579360533674,
lower_east_side,10289996860,Solo Boutique,40.7177459,-73.9965001,retail,705.6,1374.0,residential,,109.3,87.1,189.3,166.4,0.7498806682577566,0.2501193317422434,
lower_east_side,4382630250,Converse,40.7239185,-73.9978216,retail,705.6,21150.0,secondary,2.0,16.7,301.6,555.9,239.6,0.0,1.0,
lower_east_side,6109307685,Unique Omakase,40.7270696,-73.9854654,food_drink,706.0,1788.0,primary,4.0,55.0,350.9,247.5,277.3,0.8439306358381503,0.1560693641618497,
lower_east_side,13746155619,Metro Acres Market,40.7157459,-73.9871127,retail,706.1,15485.0,residential,,38.6,205.1,256.4,34.8,,,
lower_east_side,5265714174,Baz,40.7193429,-73.997741,food_drink,706.1,1425.0,secondary,1.0,86.8,195.9,109.7,143.2,0.6706915477497256,0.3293084522502744,
lower_east_side,9659538032,3°,40.7280605,-73.9903834,personal_care,706.3,3946.0,residential,1.0,163.7,272.5,50.9,90.6,0.8333214920071048,0.1666785079928952,
lower_east_side,9509016891,Rivington Exotics,40.7184629,-73.982766,retail,706.6,3045.0,residential,,264.2,279.9,119.1,117.1,0.8935868331441543,0.1064131668558456,
lower_east_side,6138666778,Christmas in New York,40.7188032,-73.9974238,retail,706.8,5083.0,residential,1.0,152.2,188.6,94.6,202.7,0.0,1.0,
lower_east_side,9275819960,Taiji Body Work,40.7171145,-73.9957589,personal_care,707.0,2508.0,primary,5.0,57.3,54.9,210.5,84.3,0.0,1.0,
lower_east_side,11270580267,Ladybird,40.7265692,-73.9845399,food_drink,707.5,6106.0,residential,1.0,98.5,442.7,276.0,240.6,0.8571472261300386,0.1428527738699614,
lower_east_side,11875083121,Bleecker Street Bar,40.7265973,-73.9953567,food_drink,707.6,5292.0,residential,1.0,74.3,45.0,229.8,235.2,0.2499493003447576,0.7500506996552423,
lower_east_side,7797542760,Regina’s Grocery,40.7154868,-73.9917005,food_drink,707.9,2137.0,residential,,31.3,394.6,152.6,46.7,0.8103666245259166,0.1896333754740834,
lower_east_side,3117106008,Hester Street Fair,40.7153696,-73.9892524,retail,708.3,43875.0,residential,,106.2,270.5,204.0,6.6,0.0,1.0,
lower_east_side,5792264728,Swatch,40.7263387,-73.9957532,retail,708.4,5158.0,residential,1.0,31.2,83.9,256.9,239.9,0.7809277868223582,0.2190722131776418,
lower_east_side,11270580268,Cadence,40.726539,-73.9844756,food_drink,708.5,6106.0,residential,1.0,101.3,448.7,276.0,235.1,0.8571472261300386,0.1428527738699614,
lower_east_side,2494160625,San Marzano,40.7279733,-73.9883791,food_drink,708.6,1517.0,residential,1.0,83.3,188.6,117.1,206.1,0.5008103727714749,0.4991896272285251,
lower_east_side,4492691093,Ariari,40.7272468,-73.98579,food_drink,708.7,1000.0,primary,4.0,70.9,319.1,235.5,265.1,0.7560975609756098,0.2439024390243902,
lower_east_side,10289996863,Seasons Spa,40.7177718,-73.9965754,personal_care,708.8,1374.0,residential,,116.2,93.9,182.3,171.5,0.7498806682577566,0.2501193317422434,
lower_east_side,4006284842,Miss Lily’s,40.7260148,-73.9837501,food_drink,709.3,2292.0,residential,1.0,83.3,487.5,271.1,181.0,0.5853084856160666,0.4146915143839334,
lower_east_side,2567560976,Great Wall Seafood Wholesale,40.7155173,-73.9919883,food_drink,710.0,2357.0,primary,2.0,18.3,373.1,128.6,24.0,0.8089249492900609,0.1910750507099391,
lower_east_side,8486650115,Ho Won Bake,40.7174722,-73.9962653,food_drink,710.1,11250.0,residential,,84.9,65.8,221.6,131.0,0.8315083723594219,0.1684579360533674,
lower_east_side,4146329489,Mulberry Project,40.719067,-73.9976412,food_drink,710.5,2500.0,residential,1.0,117.8,184.9,92.7,173.2,0.4357298474945534,0.3311546840958606,
lower_east_side,10979200037,Cricket Wireless,40.7180543,-73.9968774,retail,710.5,4467.0,residential,1.0,150.9,128.6,146.0,210.7,0.858463861105869,0.1415361388941309,
lower_east_side,7152625885,Museum of Ice Cream,40.7238576,-73.9979181,leisure_entertainment,711.0,12538.0,secondary,2.0,14.8,300.7,562.5,234.1,0.0926749703440095,0.9073250296559904,
lower_east_side,5766671053,Oda House,40.7240335,-73.9821057,food_drink,711.0,2426.0,tertiary,2.0,202.9,324.0,60.4,32.0,0.790356394129979,0.2096436058700209,
lower_east_side,7194998486,Videogamesnewyork,40.7280999,-73.9904803,retail,711.2,3946.0,residential,1.0,171.5,273.0,49.1,83.8,0.8333214920071048,0.1666785079928952,
lower_east_side,2826801779,Hashimoto Contemporary,40.7184451,-73.9826995,leisure_entertainment,712.5,3045.0,residential,,264.5,283.8,118.9,119.0,0.8935868331441543,0.1064131668558456,
lower_east_side,9275819955,Royal Jewelry Center,40.7170676,-73.9957896,retail,712.6,2830.0,primary,5.0,62.8,60.7,210.4,79.1,0.0,1.0,
lower_east_side,8272824073,Rossy's Bakery & Coffee Shop,40.7219452,-73.9815111,food_drink,713.2,2627.0,residential,,76.0,129.8,189.4,36.7,0.8364844149207972,0.1635155850792028,
lower_east_side,7254235917,MaLa Project,40.72713,-73.9854213,food_drink,713.6,1788.0,primary,4.0,47.9,347.7,254.1,271.0,0.8439306358381503,0.1560693641618497,
lower_east_side,11523643176,Treasure Club,40.7153993,-73.9915154,food_drink,714.4,2508.0,residential,,49.4,395.7,170.5,64.9,0.8429035752979415,0.1570964247020585,
lower_east_side,2555098973,All Health Pharmacy,40.7180167,-73.9968998,retail,714.4,4467.0,residential,1.0,151.4,128.6,145.9,207.8,0.858463861105869,0.1415361388941309,
lower_east_side,6332155985,Cosmo's Launderama,40.7272932,-73.9857579,personal_care,714.5,1000.0,primary,4.0,67.3,316.4,240.8,270.3,0.7445652173913043,0.2554347826086957,
lower_east_side,12228581278,island nyc,40.7167915,-73.9954421,leisure_entertainment,716.0,2923.0,primary,5.0,31.6,86.2,171.0,55.6,0.6,0.4,
lower_east_side,8957496941,Pitt Convenience,40.7186365,-73.982506,retail,716.1,3030.0,residential,2.0,239.7,308.5,93.5,99.0,0.8357694202660535,0.1642305797339464,
lower_east_side,2547241713,Nino Mier Gallery,40.7222983,-73.9984441,leisure_entertainment,717.1,14015.0,residential,,70.7,232.4,418.4,100.3,0.8301763553233181,0.1698236446766819,
lower_east_side,9161539625,Kennedy Chicken,40.7185728,-73.9825351,food_drink,717.4,3030.0,residential,2.0,247.2,302.9,101.0,105.7,0.8357694202660535,0.1642305797339464,
lower_east_side,8151649110,Bellacio,40.7189295,-73.9976487,food_drink,717.6,4723.0,residential,1.0,131.4,176.9,83.3,188.5,0.7738391237148041,0.2261608762851958,
lower_east_side,5603550886,Tompkins Square Bar,40.7258995,-73.9834824,food_drink,717.8,2769.0,residential,1.0,88.0,478.9,245.3,158.5,0.650716445379256,0.349283554620744,
lower_east_side,10289996862,Lady Chow Kitchen,40.7178502,-73.99679,food_drink,717.8,2528.0,residential,,136.1,113.7,162.2,187.1,0.8888888888888888,0.1111111111111111,
lower_east_side,11826587032,Rong Hang,40.7157089,-73.9930991,food_drink,718.2,2231.0,residential,,53.3,288.8,35.5,75.3,0.833822091886608,0.1661779081133919,
lower_east_side,2547109360,The Vintage Twin,40.7251641,-73.9971769,retail,718.3,5000.0,secondary,2.0,4.2,259.8,407.3,256.3,0.485253123171697,0.514746876828303,
lower_east_side,4947717723,Sushi Oku,40.7153647,-73.9915333,food_drink,718.4,2508.0,residential,,50.8,394.5,170.4,65.4,0.8429035752979415,0.1570964247020585,
lower_east_side,2567560975,Kickznasion,40.7153935,-73.9917488,retail,718.9,879.0,residential,,37.0,397.5,152.4,48.4,0.0,1.0,
lower_east_side,2547109335,H&M,40.7249782,-73.9973414,retail,719.4,11966.0,secondary,2.0,23.7,284.6,431.3,264.1,0.0,1.0,
lower_east_side,1241281004,Uniqlo,40.7235022,-73.998176,retail,719.6,3500.0,secondary,2.0,26.4,284.6,552.8,200.5,0.2,0.8,
lower_east_side,9347382047,Rivington Foods,40.7184303,-73.9826102,retail,719.8,3045.0,residential,,264.1,289.7,118.0,120.8,0.8935868331441543,0.1064131668558456,
lower_east_side,2826581769,Fine Fare Supermarket,40.7155895,-73.9871819,retail,720.6,293600.0,residential,,56.6,222.5,263.6,52.7,0.9168501015759636,0.0831498984240364,
lower_east_side,4255253130,Bank of America,40.7249368,-73.9973944,finance,721.0,5600.0,secondary,2.0,30.1,291.0,437.1,265.4,0.0,1.0,
lower_east_side,2549926891,Niagara,40.725928,-73.9834617,food_drink,721.2,2769.0,residential,1.0,84.6,475.5,244.9,160.4,0.650716445379256,0.349283554620744,
lower_east_side,9275819959,Paramount Diamond Center,40.716992,-73.9958333,retail,721.2,5525.0,primary,5.0,67.1,69.9,210.1,70.9,0.0,1.0,
lower_east_side,2549928858,East Village Organic,40.7271904,-73.9853771,food_drink,721.3,2287.0,primary,4.0,41.0,344.6,260.8,263.9,0.8,0.2,
lower_east_side,4455539694,Victoria's Secret,40.7250409,-73.9973221,retail,721.6,11966.0,secondary,2.0,17.9,278.1,424.2,259.4,0.0,1.0,
lower_east_side,6006276987,Maman,40.7202413,-73.9983154,food_drink,722.2,1632.0,primary,3.0,21.8,247.7,190.2,71.7,0.0,1.0,
lower_east_side,13458596602,Zia Maria,40.7186398,-73.997516,food_drink,722.2,2550.0,residential,1.0,165.4,175.6,82.8,204.9,0.8656480505795574,0.1343519494204425,
lower_east_side,4811903022,Los Tacos NYC,40.7265987,-73.9843126,food_drink,722.5,4095.0,residential,1.0,86.8,452.7,289.0,221.7,0.8333333333333334,0.1666666666666666,
lower_east_side,6939916259,Manhattan Bowery Lodge,40.716686,-73.9953975,hospitality,722.6,4375.0,primary,5.0,31.6,98.1,163.3,48.1,0.25,0.5,
lower_east_side,2547109301,Pandora,40.7246197,-73.9976524,retail,723.5,4900.0,secondary,2.0,71.2,332.2,477.6,285.0,0.5881383855024712,0.4118616144975288,
lower_east_side,5792284140,Lafayette Grand Café & Bakery,40.7275742,-73.993705,food_drink,723.5,8044.0,residential,1.0,117.4,146.3,197.3,127.8,0.0,1.0,
lower_east_side,4220662589,Under Armour,40.7247907,-73.9975378,retail,723.7,10300.0,secondary,2.0,50.3,311.2,456.4,272.8,0.7919128778629682,0.2080871221370318,
lower_east_side,5400684948,Halaal cart,40.7253883,-73.9970628,food_drink,724.0,12263.0,primary,3.0,16.1,234.4,380.6,244.7,0.0,1.0,
lower_east_side,1297629339,Screaming Mimi's,40.7276373,-73.9935441,retail,724.1,2679.0,primary,2.0,131.8,161.5,201.8,113.2,0.8636363636363636,0.1363636363636363,
lower_east_side,11523643223,Maiden Name,40.7153386,-73.9917772,retail,725.3,879.0,residential,,37.8,399.3,152.6,50.5,0.0,1.0,
lower_east_side,6213783610,Wendy's,40.7267453,-73.9954511,food_drink,725.4,3770.0,primary,2.0,78.8,32.0,212.5,217.5,0.0,1.0,
lower_east_side,9275819951,Starbright Jewelry,40.7169577,-73.995859,retail,725.5,5525.0,primary,5.0,68.3,74.2,210.5,67.3,0.0,1.0,
lower_east_side,8486650116,Diamond Queen,40.71734,-73.9963536,retail,725.5,11250.0,residential,,93.4,76.6,223.8,120.0,0.8315083723594219,0.1684579360533674,
lower_east_side,2555098972,Optical 88,40.717906,-73.9969601,health,725.7,4467.0,residential,,151.7,129.2,146.7,199.5,0.858463861105869,0.1415361388941309,
lower_east_side,6558563123,787 Coffee Co.,40.7263237,-73.9838601,food_drink,726.3,2450.0,residential,1.0,62.2,474.0,288.8,183.9,0.8,0.2,
lower_east_side,4515550805,12 Corners,40.7180559,-73.997117,food_drink,727.0,3131.0,residential,1.0,170.0,147.2,127.4,194.8,0.8371733289912888,0.1628266710087112,
lower_east_side,2547245960,Gohar World,40.7205328,-73.9984532,retail,727.0,735.0,primary,2.0,55.8,256.3,222.0,59.7,1.0,0.0,
lower_east_side,2555098987,Paesano's,40.7185789,-73.997542,food_drink,727.3,11282.0,residential,1.0,170.9,171.7,80.0,198.6,0.0,1.0,
lower_east_side,12567017537,Chase,40.7259646,-73.9965323,finance,727.4,6800.0,primary,3.0,45.1,156.8,306.8,244.8,0.0,1.0,
lower_east_side,4760746021,& Other Stories,40.7245591,-73.9977445,retail,727.5,20000.0,secondary,2.0,67.4,342.2,486.7,287.8,0.0,1.0,
lower_east_side,13391591360,Paper Source,40.7201836,-73.9983625,retail,727.6,1595.0,primary,3.0,16.4,240.2,183.5,69.8,0.0,1.0,
lower_east_side,11067172705,Lovers of Today,40.7258267,-73.9832403,food_drink,728.3,2769.0,residential,1.0,94.7,469.7,223.4,142.3,0.650716445379256,0.349283554620744,
lower_east_side,10270243631,Michelle Jewelry,40.7176184,-73.9967124,retail,728.4,5470.0,residential,,123.8,102.8,181.2,161.4,0.0,1.0,
lower_east_side,10270502710,Nudibranch,40.7274036,-73.9856776,food_drink,728.5,1050.0,primary,4.0,59.6,310.4,253.7,270.8,0.8,0.2,
lower_east_side,11115334405,Il Piccolo Bufalo,40.7188082,-73.9977151,food_drink,728.5,2525.0,residential,1.0,141.9,166.1,71.9,202.3,0.845360824742268,0.1546391752577319,
lower_east_side,9330247867,The Grafton,40.7272486,-73.9853346,food_drink,728.7,1391.0,primary,4.0,34.6,341.8,267.2,257.0,0.8,0.2,
lower_east_side,11405673186,Landline Vintage,40.7151604,-73.9901247,retail,729.1,4404.0,residential,,53.9,292.1,150.5,73.9,0.916075985256592,0.0839240147434079,
lower_east_side,12477113527,Ashley Longshore Studio Gallery,40.7217498,-73.9986288,leisure_entertainment,729.8,2508.0,residential,,65.6,237.6,357.5,97.8,0.8198784722222222,0.1801215277777778,
lower_east_side,4255253129,Chipotle,40.7260399,-73.9964859,food_drink,729.9,6800.0,primary,3.0,36.2,148.0,297.8,244.9,0.0,1.0,
lower_east_side,5523550668,Steve Madden,40.723331,-73.998366,retail,730.1,4000.0,secondary,2.0,42.7,283.3,533.3,188.3,0.713557764597778,0.286442235402222,
lower_east_side,6568734440,Inhabit karaoke lounge,40.7157167,-73.9934918,food_drink,730.2,5012.0,residential,,24.1,266.0,22.8,83.5,0.0,1.0,
lower_east_side,9659538031,Unik Wax,40.7280752,-73.9878076,personal_care,730.2,3333.0,primary,3.0,62.9,173.1,164.2,203.5,0.8302258322564765,0.1697741677435234,
lower_east_side,2547245956,Next Cleaners,40.720485,-73.9984933,personal_care,731.3,4925.0,primary,2.0,51.6,261.9,216.7,55.3,0.0,1.0,
lower_east_side,4255253132,Prada,40.7244716,-73.99785,retail,731.4,20000.0,residential,,55.0,355.3,498.9,293.2,0.0,1.0,
lower_east_side,9036389120,Ming’s Tease,40.7282574,-73.9890466,personal_care,731.5,2218.0,residential,1.0,104.1,180.7,61.5,158.6,0.8333333333333334,0.1666666666666666,
lower_east_side,13709755890,,40.7154378,-73.9873711,finance,731.6,293600.0,residential,,77.0,245.6,257.0,75.4,0.9168501015759636,0.0831498984240364,
lower_east_side,3708656578,Be Beauty Solution Skincare,40.7172711,-73.9963874,personal_care,732.7,6600.0,residential,,97.6,82.1,226.2,114.4,0.9325594391383863,0.0674405608616135,
lower_east_side,2826433688,Café Grumpy,40.7151271,-73.9901425,food_drink,732.8,4404.0,residential,,50.3,290.3,146.5,76.7,0.916075985256592,0.0839240147434079,
lower_east_side,9036389129,Laundry to You,40.7282743,-73.9890864,personal_care,733.0,2218.0,residential,1.0,106.4,180.9,58.8,154.7,0.8333333333333334,0.1666666666666666,
lower_east_side,13063730288,May May Kitchen,40.7154586,-73.9872286,food_drink,733.1,293600.0,residential,,71.6,236.8,254.2,67.4,0.9168501015759636,0.0831498984240364,
lower_east_side,4455580390,Gyu-Kaku,40.7282161,-73.991431,food_drink,733.2,3125.0,primary,5.0,121.6,204.9,49.2,80.6,0.3730484798685292,0.6269515201314708,
lower_east_side,2547241639,Blundstone,40.7213823,-73.9986602,retail,733.4,2675.0,primary,2.0,55.4,242.3,316.8,109.7,0.8714172425512632,0.1285827574487368,
lower_east_side,2555098986,La Nonna,40.7185144,-73.9975852,food_drink,734.0,11282.0,residential,1.0,174.1,166.6,76.2,191.0,0.0,1.0,
lower_east_side,4711117992,Yuca Bar & Restaurant,40.7262151,-73.9835939,food_drink,734.1,2450.0,residential,1.0,57.5,463.3,268.9,163.2,0.8,0.2,
lower_east_side,9275819954,Renew Day Spa II,40.716883,-73.9959137,personal_care,734.7,2529.0,primary,5.0,69.5,83.7,211.7,59.8,0.0,1.0,
lower_east_side,2555123888,Ling Ling Beauty,40.7163071,-73.994976,personal_care,734.7,7607.0,secondary,1.0,11.8,146.6,119.5,61.3,0.0,1.0,
lower_east_side,9036389125,Le Petit Parisien,40.7282924,-73.9891267,food_drink,734.7,2218.0,residential,1.0,108.9,181.2,56.2,150.8,0.8333333333333334,0.1666666666666666,
lower_east_side,4113144398,Astor Wines & Spirits,40.7279648,-73.9928069,retail,734.8,14627.0,primary,3.0,144.7,181.1,148.4,52.6,0.0,1.0,
lower_east_side,2547241706,Mango,40.7240708,-73.9981158,retail,734.8,5100.0,secondary,2.0,7.8,329.7,533.6,260.5,0.9023055881203595,0.0976944118796404,
lower_east_side,13709739699,Cards & Gifts,40.7154338,-73.9872385,retail,735.5,293600.0,residential,,74.5,239.5,251.9,70.2,0.9168501015759636,0.0831498984240364,
lower_east_side,11674345069,The Color House,40.7204339,-73.9985361,personal_care,735.9,4317.0,primary,2.0,47.7,260.9,211.1,51.0,0.0,1.0,
lower_east_side,9036389121,Thai for Thought,40.7283078,-73.9891631,food_drink,736.1,2218.0,residential,1.0,111.2,181.6,53.9,147.3,0.8333333333333334,0.1666666666666666,
lower_east_side,10289996856,T-Mobile,40.717527,-73.9967379,retail,736.5,5470.0,residential,,124.9,104.9,185.4,153.7,0.0,1.0,
lower_east_side,12980291901,Bank of America,40.7282143,-73.9882806,finance,736.5,5000.0,residential,1.0,55.9,160.7,124.6,180.1,0.7500212350293043,0.2499787649706956,
lower_east_side,3147883111,Mictlān,40.7152437,-73.991827,food_drink,736.5,1000.0,residential,,26.9,402.7,153.7,55.8,0.8168107412175832,0.1831892587824167,
lower_east_side,7794379162,noreetuh,40.7273102,-73.9852896,food_drink,736.5,1391.0,primary,4.0,28.4,339.0,274.1,249.8,0.8,0.2,
lower_east_side,6409636462,Chinatown Soup,40.7152082,-73.9916144,leisure_entertainment,736.8,2233.0,residential,,39.3,389.7,170.9,70.5,0.80433390264731,0.19566609735269,
lower_east_side,2572245357,EastWest Unibank,40.7166185,-73.995554,finance,736.8,4488.0,secondary,2.0,30.5,105.4,173.7,34.2,0.0,1.0,
lower_east_side,2547036423,CityMD,40.7269963,-73.9952645,health,737.5,7450.0,primary,2.0,50.8,0.0,187.1,209.1,0.0,1.0,
lower_east_side,9332382693,A-To Color Salon,40.7207637,-73.9986337,personal_care,737.8,2525.0,primary,2.0,84.8,258.5,248.0,58.8,0.919831223628692,0.080168776371308,
lower_east_side,10726878135,Crossroads,40.7281428,-73.987774,retail,738.2,3334.0,primary,3.0,56.0,165.7,166.9,197.2,0.3396787205434859,0.6603212794565141,
lower_east_side,13652583460,Little Market NYC,40.7264205,-73.9961529,retail,738.4,15425.0,primary,3.0,16.5,98.5,250.8,216.8,0.8787628965968745,0.1212371034031254,
lower_east_side,10289996864,New Fashion Apparel,40.7175495,-73.9968018,retail,739.1,15832.0,residential,,130.5,110.2,179.6,158.8,0.5575766126187861,0.4424233873812139,
lower_east_side,10270502716,Lulu's Nails,40.7274892,-73.9856208,personal_care,739.2,1225.0,primary,4.0,55.9,305.8,263.5,261.8,0.8,0.2,
lower_east_side,12477212288,Space Gallery,40.7214151,-73.9987389,leisure_entertainment,739.8,2229.0,primary,2.0,62.0,248.4,320.8,114.4,0.7088338569580485,0.2911661430419516,
lower_east_side,6308438187,Sephora,40.7239688,-73.9982352,retail,740.3,10000.0,secondary,2.0,14.0,326.8,535.8,251.8,0.0,1.0,
lower_east_side,5788273494,NoHo Hair Salon,40.7264623,-73.9961315,personal_care,740.4,15425.0,primary,3.0,21.4,94.1,246.0,213.3,0.8787628965968745,0.1212371034031254,
lower_east_side,2555098984,Umberto’s Clam House,40.7184479,-73.9976239,food_drink,740.4,11282.0,residential,1.0,171.1,162.0,73.6,183.5,0.0,1.0,
lower_east_side,2555123886,Yaya Tea Garden,40.7162569,-73.9950007,food_drink,740.5,7607.0,secondary,1.0,7.3,151.3,121.2,58.8,0.0,1.0,
lower_east_side,879680036,Standings,40.7282929,-73.9885805,food_drink,740.6,3750.0,residential,1.0,67.7,159.4,100.7,170.3,0.8333333333333334,0.1666666666666666,
lower_east_side,9332382694,Granyette Wine & Spirts,40.7207306,-73.9986626,retail,740.8,2525.0,primary,2.0,82.2,262.2,244.5,54.5,0.919831223628692,0.080168776371308,
lower_east_side,11087509305,The Metrograph,40.7150975,-73.991025,leisure_entertainment,741.3,5545.0,residential,,85.6,342.5,141.2,59.8,0.0,1.0,
lower_east_side,12971666701,Manhattan Bridge Orthodontics,40.7166056,-73.9956274,health,741.8,4488.0,secondary,2.0,30.9,107.3,179.4,30.1,0.0,1.0,
lower_east_side,12477212290,Feste,40.721581,-73.9987729,retail,742.1,2229.0,residential,,68.0,249.8,339.4,112.1,0.7088338569580485,0.2911661430419516,
lower_east_side,2963586033,Ray's Candy Store,40.7262821,-73.9835462,retail,742.1,2433.0,secondary,2.0,49.1,455.5,269.1,158.1,0.8507462686567164,0.1492537313432835,
lower_east_side,6622392786,Flour Shop,40.7203637,-73.9985948,food_drink,742.3,5943.0,primary,2.0,43.4,251.9,203.4,46.1,0.0,1.0,
lower_east_side,6207819521,Aedes Perfumery,40.7151602,-73.9916392,retail,742.4,6769.0,residential,,35.4,388.3,167.3,72.9,0.8193140219640299,0.18068597803597,
lower_east_side,12542895737,Kolachi,40.7273568,-73.9852536,food_drink,742.5,1390.0,primary,4.0,24.2,337.0,279.5,244.3,0.8259355961705831,0.1740644038294168,
lower_east_side,264621451,Hamilton Fish Recreation Center,40.7199807,-73.981457,leisure_entertainment,742.8,206647.0,residential,1.0,89.3,212.7,85.5,56.6,0.0,1.0,
lower_east_side,11523643232,Suzie Kondi,40.7151892,-73.9918546,retail,742.9,1000.0,residential,,21.0,404.9,154.7,59.7,0.8168107412175832,0.1831892587824167,
lower_east_side,879705916,Burp Castle,40.7283251,-73.9886573,food_drink,743.2,3750.0,residential,1.0,71.3,158.5,95.2,167.1,0.8333333333333334,0.1666666666666666,
lower_east_side,8098089418,Sky Ting Yoga,40.7153537,-73.9926733,leisure_entertainment,743.3,1688.0,primary,3.0,56.3,342.1,88.7,51.5,0.0,1.0,
lower_east_side,10270502722,AT&T,40.727523,-73.9855904,retail,743.7,1225.0,residential,1.0,54.2,304.5,267.9,257.7,0.8,0.2,
lower_east_side,9659538027,Okiboru House of Udon,40.728188,-73.9877361,food_drink,743.8,3343.0,primary,3.0,52.0,160.9,170.3,193.5,0.8333639537020026,0.1666360462979974,
lower_east_side,8151656745,Valley Bank,40.7165377,-73.9955579,finance,743.9,2533.0,secondary,2.0,21.8,114.4,171.9,26.8,0.6,0.4,
lower_east_side,2547246000,Sena Tattoo,40.720011,-73.9985049,personal_care,743.9,6400.0,primary,3.0,18.0,217.9,164.0,68.8,0.0,1.0,
lower_east_side,11663699191,179 Hester Laundromat,40.7180339,-73.9973479,personal_care,744.5,3131.0,residential,,187.2,164.6,111.2,176.2,0.8371733289912888,0.1628266710087112,
lower_east_side,10289996855,Wah Choi Collectable,40.7176274,-73.9969746,retail,745.2,15832.0,residential,,145.8,124.9,162.8,174.1,0.5575766126187861,0.4424233873812139,
lower_east_side,3147883113,Bar Belly,40.7151349,-73.9916523,food_drink,745.4,6769.0,residential,,33.6,387.7,165.5,74.4,0.8193140219640299,0.18068597803597,
lower_east_side,2563985421,Edcora Fine Jewelry,40.7173174,-73.9966511,retail,745.9,4763.0,residential,,118.5,101.3,205.8,130.3,0.0,1.0,
lower_east_side,11671515582,Cutting Edge Salon,40.7180434,-73.9973791,personal_care,746.2,3131.0,residential,,187.6,167.5,108.4,174.4,0.8371733289912888,0.1628266710087112,
lower_east_side,6230663655,Bonefade Barbers,40.726314,-73.9835195,personal_care,746.2,2442.0,secondary,2.0,44.9,451.6,268.9,155.4,0.7981651376146789,0.2018348623853211,
lower_east_side,5788137439,CoCo Fresh Tea & Juice,40.7266858,-73.9959215,food_drink,746.3,2250.0,residential,1.0,50.9,65.2,219.1,199.4,0.8,0.2,
lower_east_side,2549928994,Utshob Restaurant,40.7273871,-73.9852333,food_drink,746.3,1390.0,residential,,22.2,335.7,282.8,240.9,0.8259355961705831,0.1740644038294168,
lower_east_side,2555123890,China Moutai,40.7162023,-73.9950298,retail,746.9,7607.0,secondary,1.0,6.6,156.6,123.5,56.4,0.0,1.0,
lower_east_side,5788183778,Sweetwater Social,40.7267077,-73.9959009,food_drink,747.0,2250.0,residential,1.0,53.9,62.5,216.6,198.2,0.8,0.2,
lower_east_side,10143335871,T-Mobile,40.7176965,-73.9970745,retail,747.2,15832.0,residential,1.0,155.3,133.9,151.4,185.3,0.5575766126187861,0.4424233873812139,
lower_east_side,8622510722,Lan Larb Chiang Mai,40.7199764,-73.9985336,food_drink,747.2,6400.0,primary,3.0,21.4,213.4,160.2,69.5,0.0,1.0,
lower_east_side,2567557185,Magenta Plains,40.7164341,-73.995463,leisure_entertainment,747.9,1910.0,secondary,2.0,9.6,125.8,162.0,27.0,0.2474128702271916,0.7525871297728084,
lower_east_side,5576457143,William Barnacle Tavern,40.7276327,-73.985743,food_drink,748.1,4875.0,residential,1.0,70.4,287.0,266.5,263.3,0.5138888888888888,0.4861111111111111,
lower_east_side,5788273189,Han's Deli,40.7267605,-73.9958464,retail,748.3,1916.0,primary,2.0,61.2,55.6,210.4,195.8,0.3284457478005865,0.6715542521994134,
lower_east_side,2547241630,Champers Social Club,40.7214887,-73.9988518,food_drink,749.0,2229.0,residential,,72.2,257.0,329.7,120.9,0.7088338569580485,0.2911661430419516,
lower_east_side,11523643171,Carlota,40.7151017,-73.9916695,food_drink,749.3,6769.0,residential,,31.5,386.8,163.1,76.4,0.8193140219640299,0.18068597803597,
lower_east_side,241822339,Orpheum Theatre,40.7281871,-73.9874903,leisure_entertainment,749.3,3334.0,residential,1.0,61.4,164.1,191.0,201.6,0.0,1.0,
lower_east_side,11671515583,Villy Kx Pharmacy,40.7180704,-73.9974503,health,749.6,1761.0,residential,,182.3,174.1,101.7,170.5,0.7634815515610217,0.2365184484389782,
lower_east_side,10289996858,Shangri-La Skin Care,40.7175777,-73.9969919,personal_care,749.7,15832.0,residential,,146.7,126.2,165.2,170.6,0.5575766126187861,0.4424233873812139,
lower_east_side,6605121108,D. Salam African Cuisine,40.7155114,-73.9934666,food_drink,750.3,1250.0,secondary,2.0,21.2,278.1,45.0,84.0,0.0,1.0,
lower_east_side,5712394041,Aritzia,40.7228499,-73.9987477,retail,750.5,5000.0,residential,,28.8,279.8,480.2,160.5,0.0,1.0,
lower_east_side,6568734704,Dumpling Man,40.7271837,-73.9847349,food_drink,751.1,2518.0,residential,,30.5,380.9,290.3,225.0,0.8000387521798101,0.1999612478201899,
lower_east_side,10270502721,Brooklyn Dumpling Shop,40.7275808,-73.9855439,food_drink,751.2,1375.0,residential,1.0,52.7,302.2,275.0,251.1,0.0,1.0,
lower_east_side,5978745719,Highline,40.7154219,-73.9932075,retail,751.2,7925.0,secondary,2.0,45.2,300.1,57.7,88.0,0.0,0.99997552618698,
lower_east_side,11748179933,The Lions,40.7274292,-73.9852033,food_drink,751.6,1166.0,residential,,20.1,333.9,287.5,236.1,0.8,0.2,
lower_east_side,9332382695,Hair Bar NYC,40.7206325,-73.9987768,personal_care,752.0,2540.0,primary,2.0,76.8,275.5,234.4,40.0,0.8275862068965517,0.1724137931034483,
lower_east_side,9286047470,Norman Kwai Wing Wong Law Office,40.7167265,-73.9959925,office_professional,752.0,2500.0,primary,5.0,59.9,102.3,212.6,45.3,0.0,1.0,
lower_east_side,3977462059,Dr. David H. Lifschutz MD,40.7258985,-73.9969815,health,752.0,25616.0,primary,3.0,29.6,189.3,324.7,215.1,0.0,1.0,
lower_east_side,2555123876,East West Bus,40.7161577,-73.9950514,retail,752.0,7607.0,secondary,1.0,9.8,160.9,125.5,55.2,0.0,1.0,
lower_east_side,2547241690,Herschel Supply Company,40.7235217,-73.9985729,retail,752.4,5000.0,secondary,2.0,30.2,310.4,554.4,214.8,0.9137681940700808,0.0862318059299191,
lower_east_side,5265713219,Vincent's,40.7178273,-73.9972773,food_drink,752.5,2531.0,residential,,174.9,153.0,129.0,172.8,0.7998762759047324,0.1999175172698216,
lower_east_side,368061657,Museum of African Art,40.725,-73.9977778,leisure_entertainment,752.6,10300.0,residential,1.0,55.1,306.8,442.3,242.6,0.7919128778629682,0.2080871221370318,
lower_east_side,5788273495,Gregorys Coffee,40.726876,-73.995752,food_drink,752.8,1916.0,primary,2.0,76.3,43.2,197.2,190.2,0.0,1.0,
lower_east_side,5243561820,Landmark Coffee Shop & Pancake House,40.719947,-73.9985925,food_drink,752.9,6400.0,primary,1.0,27.3,208.4,157.1,68.3,0.0,1.0,
lower_east_side,5758846121,Abercrombie & Fitch,40.7236599,-73.9985283,retail,753.0,5006.0,secondary,2.0,18.6,318.0,548.2,227.3,0.5701895770972446,0.4298104229027554,
lower_east_side,9286047466,John Paradiso Jewelry,40.7167408,-73.9960323,retail,753.1,3151.0,primary,5.0,63.4,102.3,216.2,48.2,0.0,1.0,
lower_east_side,4146374200,Streecha Ukrainian Kitchen,40.7284522,-73.9889619,food_drink,753.8,1875.0,residential,1.0,90.4,158.7,76.2,157.0,0.7548543689320388,0.0,
lower_east_side,2563985426,ABC Pharmacy,40.7172445,-73.9966977,health,754.2,4763.0,residential,,123.8,107.5,207.5,126.1,0.0,1.0,
lower_east_side,6910668685,Bowery Dental,40.7163866,-73.9955049,health,754.2,1910.0,secondary,2.0,4.5,131.1,164.8,21.7,0.2474128702271916,0.7525871297728084,
lower_east_side,11806738059,Mr Exotix,40.7181038,-73.9975444,retail,754.3,2456.0,residential,,175.5,166.9,93.0,165.6,0.7738835500282646,0.2261164499717354,
lower_east_side,12327498679,St. Dymphna’s,40.7263843,-73.9834728,food_drink,754.4,2433.0,secondary,2.0,36.1,443.7,269.8,150.8,0.7431506849315068,0.2568493150684932,
lower_east_side,7112935815,Fun City Tattoo,40.7273201,-73.9849167,personal_care,754.7,1829.0,residential,,9.2,359.4,289.7,225.0,0.6972934472934473,0.3027065527065527,
lower_east_side,4551160604,Physical Graffitea,40.7272963,-73.9848696,food_drink,754.8,1829.0,residential,,13.6,364.0,288.8,223.9,0.6972934472934473,0.3027065527065527,
lower_east_side,10270699214,Nail Lab,40.7279997,-73.9865817,personal_care,754.8,2437.0,residential,1.0,121.8,212.6,256.4,226.0,0.8532783127005961,0.1467216872994039,
lower_east_side,11674345070,SushiDelic,40.7202273,-73.998709,food_drink,754.9,5943.0,primary,2.0,40.3,234.6,189.0,41.1,0.0,1.0,
lower_east_side,6234563392,Under St. Mark's Theater,40.7272575,-73.9847924,leisure_entertainment,755.0,2518.0,residential,,21.2,371.7,287.4,222.3,1.0,0.0,
lower_east_side,2547036417,Grabstein's Bagels,40.726927,-73.9957148,food_drink,755.1,1916.0,primary,2.0,75.7,38.7,191.4,187.7,0.0,1.0,
lower_east_side,10270699215,Vegan Grill,40.7280168,-73.9866261,food_drink,755.1,2437.0,residential,1.0,124.6,209.0,256.3,223.5,0.8532783127005961,0.1467216872994039,
lower_east_side,2547241689,Lacoste,40.7234505,-73.9986332,retail,755.2,2500.0,secondary,2.0,39.4,309.1,546.6,210.0,0.0,1.0,
lower_east_side,6910663883,Lucky Star,40.7163497,-73.9954844,retail,756.4,1310.0,secondary,2.0,0.0,135.2,162.6,21.7,0.0,1.0,
lower_east_side,887114819,Maria Tash,40.7269718,-73.9956715,retail,756.6,1916.0,primary,2.0,69.5,34.4,186.4,186.4,0.0,1.0,
lower_east_side,3581307956,La Colombe Coffee Roasters,40.7280641,-73.9932516,food_drink,758.1,18060.0,residential,1.0,141.3,169.5,177.3,91.7,0.0,1.0,
lower_east_side,13357755804,Cakes by Klein,40.7272019,-73.984626,food_drink,758.2,2518.0,residential,,35.9,386.0,282.8,217.4,0.7990934844192634,0.2009065155807365,
lower_east_side,5132368123,Sweet Moment,40.7175925,-73.9971381,food_drink,758.5,15832.0,residential,1.0,159.1,138.5,154.8,177.7,0.5575766126187861,0.4424233873812139,
lower_east_side,1006475556,,40.7167577,-73.9961522,retail,758.6,3151.0,primary,5.0,72.3,105.5,226.5,55.2,0.0,1.0,
lower_east_side,5523544206,Guess,40.7233656,-73.9987051,retail,758.7,2500.0,secondary,2.0,50.5,307.9,537.3,204.8,0.0,1.0,
lower_east_side,9068869758,"KebabishQ,",40.7283148,-73.9876436,food_drink,759.5,2380.0,primary,3.0,42.4,147.8,179.2,183.3,0.0,1.0,
lower_east_side,8151649111,Puglia,40.7181753,-73.9976755,food_drink,759.5,1877.0,residential,,167.1,155.5,79.4,160.8,0.805975941016686,0.1940240589833139,
lower_east_side,5788273496,Hat Club,40.7270395,-73.9956176,retail,759.6,31000.0,primary,2.0,60.8,30.1,179.0,184.0,0.9750152346130408,0.0249847653869591,
lower_east_side,12294768291,paloma-wool,40.7212325,-73.9989638,retail,759.9,5970.0,primary,2.0,83.1,270.2,302.5,93.7,0.7162208309618668,0.2837791690381331,
lower_east_side,9036389126,Village Happy House Convenience,40.7283934,-73.9880441,retail,760.0,2600.0,primary,3.0,28.9,138.1,147.3,164.0,0.8332930075006049,0.1667069924993951,
lower_east_side,247866624,Bloomingdale's,40.7220301,-73.9989792,retail,760.1,16670.0,residential,,78.7,269.9,390.7,130.3,0.0,1.0,
lower_east_side,9977939240,Sai Kay 21 Beauty Skin Care Center,40.7177553,-73.9973208,personal_care,760.2,2509.0,residential,1.0,176.8,155.3,131.3,166.9,0.7920754716981132,0.2079245283018868,
lower_east_side,12635027167,Up Stairs Bar,40.7150639,-73.9920743,food_drink,760.7,1375.0,secondary,,3.0,398.4,147.8,58.6,0.25,0.75,
lower_east_side,6910663884,Chase Global Realty Manhattan,40.716271,-73.9954407,office_professional,761.1,668.0,secondary,2.0,9.5,140.5,158.3,21.9,0.3305335968379446,0.6694664031620553,
lower_east_side,9332382697,Salem HQZ,40.7205114,-73.9988651,personal_care,761.6,2577.0,primary,2.0,70.6,261.9,221.9,26.3,0.8404907975460123,0.1595092024539877,
lower_east_side,6278128485,Superiority Burger,40.7264466,-73.9834307,food_drink,761.8,1709.0,secondary,2.0,28.3,436.7,270.7,147.0,0.75,0.25,
lower_east_side,250265583,La Pulpería by Sazón R.D.,40.7216741,-73.980928,food_drink,761.9,2646.0,residential,,21.6,74.7,189.3,37.2,0.8522399086573981,0.1477600913426019,
lower_east_side,886706963,A Sneaker City,40.7271255,-73.995546,retail,763.3,31000.0,primary,2.0,49.7,27.7,169.8,181.8,0.9750152346130408,0.0249847653869591,
lower_east_side,6434573686,B&H Dairy,40.7284226,-73.988016,food_drink,763.7,2600.0,primary,3.0,25.1,134.6,150.3,161.5,0.8332930075006049,0.1667069924993951,
lower_east_side,10227684169,Hey Tea,40.72835,-73.9876214,food_drink,763.7,2380.0,primary,3.0,40.3,144.3,181.5,180.5,0.0,1.0,
lower_east_side,2555099012,Caffe Napoli,40.7182017,-73.9977587,food_drink,764.0,1881.0,residential,,161.4,148.5,71.9,157.0,0.8070276497695853,0.1929723502304147,
lower_east_side,5061471722,Niketown,40.7232052,-73.9988208,retail,764.1,2500.0,secondary,2.0,54.7,305.4,519.9,195.1,0.0,1.0,
lower_east_side,10143335873,Lenny's Crystal Jewelry,40.7175449,-73.9971745,retail,764.1,15832.0,residential,1.0,161.8,141.6,156.3,173.9,0.5575766126187861,0.4424233873812139,
lower_east_side,9977939242,Rio Grande Spa,40.7177068,-73.9973434,personal_care,764.8,2517.0,residential,1.0,177.8,156.6,133.5,163.6,0.8695208970438328,0.1304791029561672,
lower_east_side,2567561024,Coming Soon,40.7149625,-73.991703,retail,765.0,1100.0,secondary,2.0,30.4,380.9,151.9,69.5,0.4572325398901386,0.5427674601098613,
lower_east_side,8272824075,Downtown Florist,40.7215031,-73.9808942,retail,765.1,2650.0,secondary,2.0,5.3,71.3,191.3,24.4,0.9598393574297188,0.0401606425702811,
lower_east_side,11674345072,Butler,40.7201134,-73.9988044,food_drink,765.6,5943.0,primary,1.0,43.5,220.2,177.4,42.6,0.0,1.0,
lower_east_side,5401946313,First Technology,40.7149501,-73.9916614,retail,765.7,1100.0,secondary,2.0,34.2,377.2,148.7,66.0,0.4572325398901386,0.5427674601098613,
lower_east_side,10270699209,Anthony Aiden Opticians,40.7282974,-73.9872887,health,765.9,665.0,residential,1.0,64.9,156.9,208.7,190.3,0.7695182724252492,0.2304817275747508,
lower_east_side,9332382696,Daily Bubble Laundromat,40.7205423,-73.9989252,personal_care,766.0,2577.0,primary,2.0,76.6,264.2,226.1,24.0,0.8404907975460123,0.1595092024539877,
lower_east_side,2567561127,Sobak,40.7149394,-73.9916253,food_drink,766.3,1100.0,secondary,2.0,37.5,374.0,146.0,62.9,0.4572325398901386,0.5427674601098613,
lower_east_side,12720704231,Craft + Carry Saint Marks,40.7269897,-73.9841119,food_drink,766.5,1729.0,residential,,77.7,433.6,277.3,212.3,0.7809819310093082,0.2190180689906917,
lower_east_side,2494064597,Porto Rico Importing,40.7283204,-73.9873483,food_drink,766.9,665.0,residential,1.0,59.3,152.9,204.0,188.4,0.8002889129649693,0.1997110870350307,
lower_east_side,6969654187,Eim Khao Mun Kai,40.72845,-73.987993,food_drink,767.1,2600.0,primary,3.0,21.6,131.5,152.8,159.1,0.8332929879770838,0.1667070120229161,
lower_east_side,886702490,Starbucks,40.7272065,-73.9954808,food_drink,767.1,15000.0,primary,2.0,39.3,29.6,161.3,180.1,0.0,1.0,
lower_east_side,5215515121,Dimes,40.7149208,-73.9915629,food_drink,767.4,1100.0,secondary,2.0,43.1,368.4,141.3,57.6,0.4572325398901386,0.5427674601098613,
lower_east_side,12720658654,Romeos,40.7269668,-73.9840529,food_drink,767.8,1729.0,residential,,72.1,439.0,277.1,206.8,0.7809819310093082,0.2190180689906917,
lower_east_side,9977939243,CLW Hair Fashion,40.7176754,-73.9973617,personal_care,768.1,2517.0,residential,1.0,178.9,157.8,134.9,161.2,0.8695208970438328,0.1304791029561672,
lower_east_side,2563985420,寶榮行食品中心,40.7171212,-73.9967759,retail,768.2,4736.0,residential,,133.5,118.8,194.6,120.2,0.0,1.0,
lower_east_side,11620563174,Smokers Paradise 2,40.7179646,-73.9976229,retail,768.2,2561.0,residential,,165.8,162.2,96.8,152.1,0.8672566371681416,0.1327433628318584,
lower_east_side,13708105001,Luster Photo & Digital,40.7265074,-73.9833982,personal_care,768.4,1709.0,secondary,2.0,21.1,430.5,272.4,144.2,0.75,0.25,
lower_east_side,2555123872,Popeyes,40.7160109,-73.9951234,food_drink,768.9,3782.0,secondary,1.0,25.7,149.5,133.3,51.1,0.0,0.1616094986807388,
lower_east_side,12987788601,Third Kingdom,40.7286265,-73.9893727,food_drink,770.1,3900.0,residential,1.0,122.7,166.9,64.6,120.2,0.8125,0.1875,
lower_east_side,2549926661,Sunny & Annie’s Deli,40.7246357,-73.9816786,food_drink,770.4,1552.0,residential,1.0,213.1,367.5,88.5,48.7,0.8006379585326954,0.1993620414673046,
lower_east_side,9039752089,Swiss Institute,40.7284048,-73.9875749,leisure_entertainment,770.6,2380.0,residential,1.0,38.5,139.0,186.3,176.7,0.0,1.0,
lower_east_side,9018305569,Leon Hotel,40.7160404,-73.9952223,hospitality,770.9,3782.0,secondary,1.0,29.1,143.1,141.0,45.7,0.0,0.1616094986807388,
lower_east_side,5792252375,IT'SUGAR NoHo,40.7272713,-73.9954514,food_drink,771.4,15000.0,primary,2.0,32.6,34.4,154.4,177.7,0.0,1.0,
lower_east_side,4300546789,Taqueria Diana,40.7284868,-73.9879718,food_drink,771.5,2600.0,primary,3.0,17.1,127.3,155.6,155.7,0.8332929879770838,0.1667070120229161,
lower_east_side,4743922771,Blink Fitness,40.7280452,-73.9937383,leisure_entertainment,772.1,15272.0,residential,1.0,132.4,173.6,160.1,130.8,0.4670096717224847,0.5329903282775154,
lower_east_side,2555123793,Jisu Vegetarian,40.7160659,-73.9953076,food_drink,772.7,3782.0,secondary,1.0,33.6,137.9,147.8,38.0,0.0,0.1616094986807388,
lower_east_side,2547241668,Cotton On,40.7224579,-73.9990986,retail,773.8,2500.0,secondary,2.0,31.1,290.4,439.1,156.6,0.8453842655752615,0.1546157344247385,
lower_east_side,11959321244,Proletariat,40.7286675,-73.9894532,food_drink,774.2,3900.0,residential,1.0,123.1,169.1,65.6,112.8,0.8125,0.1875,
lower_east_side,10270363605,Goodnight Sunny,40.7276083,-73.9850691,food_drink,774.5,1477.0,residential,,25.4,327.7,271.3,215.4,0.8,0.2,
lower_east_side,2494160674,"Paul's ""Da Burger Joint""",40.7285199,-73.9879471,food_drink,775.5,4000.0,primary,3.0,13.1,123.5,158.6,152.8,0.8333143052859916,0.1666856947140084,
lower_east_side,8530330752,Electric Burrito,40.7278249,-73.9855253,food_drink,775.7,1398.0,residential,1.0,60.5,283.4,257.6,237.6,0.7538461538461538,0.2461538461538461,
lower_east_side,10270699210,Little Kirin,40.7278071,-73.985483,food_drink,775.7,1398.0,residential,1.0,58.1,287.3,258.3,235.2,0.7538461538461538,0.2461538461538461,
lower_east_side,5756089922,Taqueria St. Marks Place,40.7278488,-73.9855823,food_drink,775.7,1398.0,residential,1.0,64.0,278.1,256.7,241.0,0.7538461538461538,0.2461538461538461,
lower_east_side,1379410005,Stromboli Pizza,40.7277727,-73.985401,food_drink,775.7,4696.0,residential,1.0,53.9,294.9,259.9,230.5,0.8,0.2,
lower_east_side,8816873617,La Palapa Cocina Mexicana,40.7278825,-73.9856624,food_drink,775.8,1398.0,residential,1.0,69.0,270.7,255.6,245.8,0.7538461538461538,0.2461538461538461,
lower_east_side,10270699211,Holiday Cocktail Lounge,40.727916,-73.985742,food_drink,776.0,2398.0,residential,1.0,69.6,263.4,254.8,250.8,0.75,0.25,
lower_east_side,2555098012,Da Gennaro,40.7182848,-73.9979936,food_drink,776.5,1500.0,residential,,142.3,128.9,50.3,148.6,0.8206896551724138,0.1793103448275862,
lower_east_side,9036389128,The Blackstones Collective,40.7286914,-73.989535,personal_care,776.5,1950.0,residential,1.0,117.6,172.9,64.4,105.6,0.8,0.2,
lower_east_side,11123643305,Capy Tres Leches Cake,40.718089,-73.9978455,food_drink,776.7,1291.0,residential,,150.6,141.8,73.6,143.6,0.6354090354090354,0.3645909645909646,
lower_east_side,247842935,Great Jones Distilling Co,40.72791,-73.9942311,food_drink,776.8,5330.0,residential,1.0,89.4,133.8,140.1,170.0,0.0,1.0,
lower_east_side,8694261205,Martos Gallery,40.7170446,-73.9968271,leisure_entertainment,777.1,7052.0,residential,,126.5,126.4,186.6,117.6,0.0,1.0,
lower_east_side,10830817799,Sushi Mumi,40.7267376,-73.9835516,food_drink,777.3,2195.0,residential,,23.2,426.6,283.5,159.9,0.8571428571428571,0.1428571428571428,
lower_east_side,10143335872,Yuan Zai Bing,40.7174307,-73.9972597,food_drink,777.5,4749.0,residential,1.0,168.7,149.5,160.8,165.4,0.8,0.2,
lower_east_side,11663984987,Round K by Sol,40.7151445,-73.9931296,food_drink,777.8,998.0,secondary,2.0,39.5,309.1,89.1,60.4,0.7855579868708972,0.2144420131291028,
lower_east_side,10689087630,Dienst + Dotter Antikviteter,40.7284726,-73.9923644,retail,777.9,4200.0,primary,3.0,79.3,136.7,92.3,75.2,0.4157886205219646,0.5842113794780354,
lower_east_side,10270699213,Jiang's Kitchen,40.7280825,-73.9861384,food_drink,778.0,2571.0,residential,1.0,83.9,227.2,254.3,226.9,0.8178506375227687,0.1821493624772313,
lower_east_side,368043485,Angelika Film Center,40.7259416,-73.9973321,leisure_entertainment,778.3,25616.0,residential,1.0,46.1,210.0,331.4,187.8,0.0,1.0,
lower_east_side,6013187088,Scissors Salon,40.7193815,-73.998676,personal_care,778.3,1804.0,primary,1.0,78.3,148.5,95.3,119.8,0.8,0.2,
lower_east_side,9957843797,DG Hair Salon,40.7151133,-73.9930511,personal_care,778.8,998.0,secondary,2.0,32.8,316.1,94.4,53.4,0.7855579868708972,0.2144420131291028,
lower_east_side,5193508103,Lure Fishbar,40.7246694,-73.9983531,food_drink,779.1,20000.0,residential,,77.2,367.0,471.1,258.9,0.0,1.0,
lower_east_side,5899626375,Clandestino,40.7147395,-73.9908755,food_drink,779.5,1269.0,secondary,2.0,64.3,308.8,99.6,25.8,0.8082788671023965,0.1917211328976034,
lower_east_side,12327472114,East Village Books,40.7273887,-73.9845283,retail,779.8,10437.0,residential,,37.2,377.9,261.7,196.4,0.9032258064516128,0.0967741935483871,
lower_east_side,11105960681,Poetica Coffee,40.728556,-73.9879209,food_drink,779.9,4000.0,residential,1.0,8.8,119.4,161.9,149.7,0.8333143052859916,0.1666856947140084,
lower_east_side,2572411288,Chase,40.7230126,-73.9990655,finance,780.0,5004.0,residential,,27.8,312.0,500.1,192.0,0.0,1.0,
lower_east_side,9977939244,Boss Vision,40.7175694,-73.9974338,health,780.0,2477.0,residential,1.0,180.1,163.4,139.5,152.8,0.8058252427184466,0.1941747572815534,
lower_east_side,6308438186,Stance,40.7223334,-73.9991896,retail,780.1,2492.0,secondary,2.0,46.1,294.0,426.3,157.5,0.6445579782866527,0.3554420217133473,
lower_east_side,2572411299,Chase,40.7230083,-73.999069,finance,780.2,5004.0,residential,,27.3,312.0,499.7,191.9,0.0,1.0,
lower_east_side,2567561003,Le Dive,40.7147362,-73.9909568,food_drink,780.6,1240.0,secondary,2.0,70.7,314.3,100.8,21.7,0.7964285714285714,0.2035714285714285,
lower_east_side,8272824076,Mashbill Wines and Spirits,40.7213191,-73.9807192,retail,780.8,2325.0,secondary,2.0,21.7,62.7,185.0,35.4,0.7769931239546553,0.2230068760453447,
lower_east_side,2555098022,Elaine Face Work,40.7193555,-73.9986995,personal_care,781.2,884.0,primary,1.0,81.8,145.0,92.8,121.9,0.0,1.0,
lower_east_side,12327465356,Cecilia,40.7274504,-73.9845978,food_drink,782.0,10437.0,residential,,32.0,369.0,260.6,195.6,0.9032258064516128,0.0967741935483871,
lower_east_side,8622609142,The SoLita SoHo Hotel,40.7198375,-73.9989137,hospitality,782.2,1310.0,primary,1.0,57.0,188.1,149.1,65.4,0.0,1.0,
lower_east_side,11875228070,Sunglasses Hut,40.7228843,-73.9991235,retail,782.3,2407.0,secondary,2.0,13.4,309.8,486.4,185.8,0.8999549346552501,0.1000450653447498,
lower_east_side,10143335870,Family Plus Pharmacy,40.7173854,-73.9972853,health,782.3,4749.0,residential,1.0,171.1,152.2,163.3,162.9,0.8,0.2,
lower_east_side,4551157295,Cafe Mogador,40.7273469,-73.984402,food_drink,782.4,4125.0,residential,,48.2,389.0,258.3,192.9,0.7829010566762729,0.2170989433237271,
lower_east_side,2547036945,The GRID,40.7279432,-73.9942997,food_drink,782.7,5330.0,primary,2.0,87.2,133.0,133.6,176.0,0.0,1.0,
lower_east_side,8694261204,XO Taste,40.7169943,-73.9968589,food_drink,782.8,7052.0,residential,,122.0,131.4,181.5,116.2,0.0,1.0,
lower_east_side,5248792880,Horus,40.7245431,-73.9814615,food_drink,782.8,1876.0,tertiary,2.0,212.3,351.3,80.7,57.7,0.7198275862068966,0.2801724137931034,
lower_east_side,6238267051,The Phluid Project,40.7278665,-73.9944936,retail,783.0,5763.0,residential,1.0,69.4,116.5,131.5,191.8,0.9199972994869026,0.0800027005130974,
lower_east_side,11854027862,26 Tobacco,40.721373,-73.9806818,retail,783.6,2021.0,secondary,2.0,18.5,57.4,179.7,37.9,0.6666666666666666,0.3333333333333333,
lower_east_side,9036389119,McSorley's Old Ale House,40.7287612,-73.9897021,food_drink,783.7,1950.0,residential,1.0,105.0,180.0,54.8,90.8,0.8,0.2,
lower_east_side,636505579,Canal Loft Hotel,40.7152825,-73.9937916,hospitality,784.6,7718.0,secondary,2.0,33.1,251.9,77.0,63.4,0.3843322482500372,0.2131444011829535,
lower_east_side,9977939245,Sa Sa Cosmetics & Skin Care,40.7175213,-73.9974561,personal_care,784.7,2525.0,residential,1.0,178.8,165.4,142.5,150.0,0.7132698703979814,0.2867301296020186,
lower_east_side,8333740826,Super Taste,40.7151467,-73.9933719,food_drink,784.8,1575.0,residential,1.0,54.6,288.8,85.5,76.1,0.8031007751937984,0.1968992248062015,
lower_east_side,6308440586,Little Italy Famous Gifts,40.7179918,-73.9978876,retail,785.4,1291.0,residential,1.0,144.5,139.7,79.0,134.5,0.6354090354090354,0.3645909645909646,
lower_east_side,5891929531,i-vape,40.7286364,-73.9881034,retail,785.4,4000.0,residential,1.0,15.7,111.8,150.4,136.6,0.8333143052859916,0.1666856947140084,
lower_east_side,2547241541,The North Face,40.7221932,-73.9992705,retail,785.7,2392.0,secondary,2.0,63.0,297.1,411.9,158.6,0.0,1.0,
lower_east_side,10261382327,OK Hardware,40.7216728,-73.9992954,retail,786.0,3357.0,primary,2.0,61.5,293.6,355.3,127.7,0.9228232652774856,0.0771767347225145,
lower_east_side,6013187087,Lina Foot Spa,40.7192969,-73.9987365,personal_care,786.3,884.0,primary,1.0,80.2,137.8,87.1,127.3,0.0,1.0,
lower_east_side,4711118291,Empellón Al pastor,40.7266479,-73.9832781,food_drink,786.6,1727.0,residential,,3.4,413.1,274.1,135.5,0.8279537756525204,0.1720462243474795,
lower_east_side,12980602001,Theo’s Haberdashery,40.7287895,-73.9897729,retail,786.7,1950.0,residential,1.0,100.1,183.5,51.6,84.6,0.8,0.2,
lower_east_side,11098842088,Ănjelly,40.7273122,-73.9842529,food_drink,786.9,3522.0,residential,,61.1,401.0,253.7,188.2,0.9104811637448712,0.0895188362551286,
lower_east_side,2572245375,TD Bank,40.7164502,-73.9962092,finance,787.0,7504.0,primary,3.0,57.6,115.2,215.8,38.1,0.0,1.0,
lower_east_side,7298120813,No Ho Juice Bar & Deli,40.7266736,-73.9966352,food_drink,787.1,15425.0,residential,1.0,58.2,120.9,233.7,177.1,0.8787628965968745,0.1212371034031254,
lower_east_side,247866610,Nespresso,40.724401,-73.9986153,food_drink,787.4,2626.0,residential,1.0,63.1,384.4,478.4,283.4,0.0,0.5756302521008403,
lower_east_side,7067197489,Cello's Pizzeria,40.7286656,-73.9881768,food_drink,787.4,4000.0,residential,1.0,22.2,109.8,146.0,132.0,0.8333143052859916,0.1666856947140084,
lower_east_side,2547241675,Brandy Melville,40.7227639,-73.9992129,retail,787.7,3462.0,secondary,2.0,8.6,311.2,474.0,183.2,0.0,0.3452294246176256,
lower_east_side,13421945101,Laced Up Manhattan,40.7279084,-73.994515,retail,788.0,5763.0,primary,2.0,71.5,119.5,126.6,193.8,0.9199972994869026,0.0800027005130974,
lower_east_side,5899663096,Vida Graphics & Signs,40.7146417,-73.9905464,retail,788.1,6763.0,secondary,2.0,35.1,279.8,86.9,45.1,0.6683335470359448,0.3316664529640552,
lower_east_side,9036389127,NY Copy Print & Ship Center,40.7288026,-73.9898013,personal_care,788.1,1950.0,residential,1.0,98.0,184.8,50.7,82.2,0.8,0.2,
lower_east_side,9977939246,Noble NY Jewelry,40.7174892,-73.9974773,retail,788.2,2525.0,residential,1.0,177.5,167.3,144.3,147.8,0.7132698703979814,0.2867301296020186,
lower_east_side,5899659853,The Hunt NYC,40.7146441,-73.9906041,retail,788.2,6763.0,secondary,2.0,39.5,283.9,86.9,40.4,0.6683335470359448,0.3316664529640552,
lower_east_side,2547245925,Grand Street Social,40.7198827,-73.9990098,food_drink,788.7,1310.0,primary,1.0,62.8,191.0,156.0,58.6,0.0,1.0,
lower_east_side,10270699212,An Kang,40.7284475,-73.9870069,personal_care,789.0,1211.0,residential,1.0,70.4,151.5,229.0,172.7,0.75,0.25,
lower_east_side,10073955919,Birria L.E.S.,40.7286941,-73.9882629,food_drink,789.1,1840.0,residential,1.0,29.9,108.5,140.8,127.5,0.8333333333333334,0.1666666666666666,
lower_east_side,5910637285,Books,40.7265724,-73.9968154,retail,790.2,14575.0,residential,1.0,62.3,138.9,249.7,185.1,1.0,0.0,
lower_east_side,5265713463,Supreme Restaurant,40.7172968,-73.9973195,food_drink,790.7,2385.0,residential,1.0,168.2,156.7,169.4,159.9,0.6,0.4,
lower_east_side,9155415177,Crif Dogs,40.727057,-73.9837711,food_drink,790.9,2348.0,residential,,58.7,425.0,257.4,187.3,0.8337112622826909,0.1662887377173091,
lower_east_side,4768971123,Marylou,40.7284935,-73.9871165,food_drink,791.0,1211.0,residential,1.0,60.2,142.6,219.6,167.6,0.75,0.25,
lower_east_side,9036389118,Shaji BBQ,40.7288297,-73.9898662,food_drink,791.1,1950.0,residential,1.0,93.6,188.1,48.8,76.7,0.8,0.2,
lower_east_side,5904459784,E Smoke & Convenience,40.714746,-73.9918541,retail,791.1,2316.0,residential,,38.5,380.3,142.2,65.7,0.8350537481312735,0.1649462518687264,
lower_east_side,2287620130,Mokyo,40.7271582,-73.9839133,food_drink,791.6,2348.0,residential,,75.1,430.8,252.8,188.3,0.8333333333333334,0.1666666666666666,
lower_east_side,5903069122,First Class Tattoo,40.7147323,-73.9918213,personal_care,792.1,2316.0,residential,,41.1,377.1,139.2,66.1,0.8350537481312735,0.1649462518687264,
lower_east_side,2826494982,Labor Skateboard Shop,40.7147086,-73.9916872,leisure_entertainment,792.5,1787.0,secondary,2.0,49.3,365.9,129.4,54.5,1.0,0.0,
lower_east_side,10270502711,Village Craft Beer & Smoke,40.727754,-73.9849656,retail,792.8,1200.0,primary,4.0,32.5,323.5,253.9,199.3,0.6699404761904761,0.3300595238095238,
lower_east_side,13736507651,Whit's,40.7287446,-73.9883526,food_drink,793.3,1840.0,residential,1.0,38.7,105.6,136.9,120.8,0.8333333333333334,0.1666666666666666,
lower_east_side,8151649112,Anthony Shops,40.717912,-73.9979397,retail,793.8,800.0,residential,1.0,138.5,137.3,83.4,126.0,0.8012422360248447,0.1987577639751552,
lower_east_side,5432070021,New Era Flagship Store,40.7283343,-73.9935021,retail,793.9,18060.0,residential,1.0,109.9,143.5,161.8,123.1,0.0,1.0,
lower_east_side,9289282803,Augers Well,40.7270326,-73.9836776,food_drink,794.1,3522.0,residential,,51.4,419.3,256.6,178.9,0.8333571837435604,0.1666428162564396,
lower_east_side,5193382596,Hanoi House,40.7269632,-73.9835719,food_drink,794.4,3522.0,residential,,39.8,415.2,260.4,167.9,0.8333571837435604,0.1666428162564396,
lower_east_side,6184945674,2 Bros Pizza,40.7287607,-73.9883895,food_drink,794.6,3120.0,residential,1.0,42.2,105.1,135.1,118.7,0.80003437312022,0.19996562687978,
lower_east_side,6231541015,Ling Kee Beef Jerky,40.7146751,-73.9916086,food_drink,795.0,1253.0,secondary,2.0,56.3,358.3,122.1,47.1,0.7387493679420192,0.2612506320579807,
lower_east_side,10261382325,Harney & Sons,40.7214362,-73.9994029,food_drink,795.6,2626.0,primary,2.0,55.6,303.8,331.5,111.8,0.2708333333333333,0.7291666666666666,
lower_east_side,8694260568,AAA Jade Fine Jeweley,40.7168608,-73.9969079,retail,795.9,3158.0,residential,,109.5,142.6,171.2,111.3,0.0,1.0,
lower_east_side,11447971796,161 Lafayette,40.7198136,-73.9990736,food_drink,795.9,1310.0,primary,2.0,70.4,182.3,150.3,65.5,0.0,1.0,
lower_east_side,11847363920,Village Comvenience,40.728781,-73.9884356,retail,796.1,3120.0,residential,1.0,46.7,104.7,133.1,116.2,0.80003437312022,0.19996562687978,
lower_east_side,12988563701,Café Maud,40.7286121,-73.9874271,food_drink,796.2,2890.0,residential,1.0,34.1,120.0,194.7,157.4,0.8333608860968755,0.1666391139031245,
lower_east_side,8151656743,Cathay Bank,40.7165688,-73.9965396,finance,796.4,7512.0,primary,3.0,69.4,119.9,190.5,68.9,0.0,1.0,
lower_east_side,4146358992,Please Don't Tell,40.7271211,-73.983769,food_drink,796.4,2348.0,residential,,63.9,421.6,250.9,187.2,0.8337112622826909,0.1662887377173091,
lower_east_side,9642113264,Mamoun's Falafel,40.7288007,-73.9885054,food_drink,797.4,3120.0,residential,1.0,52.9,105.4,129.5,113.8,0.8333215472738844,0.1666784527261155,
lower_east_side,2563985409,Casa Bella,40.7180735,-73.9981277,food_drink,798.0,2890.0,residential,1.0,127.3,118.3,59.8,124.1,0.6206896551724138,0.3793103448275862,
lower_east_side,8151649113,Summertime Gift Shop,40.7178683,-73.9979678,retail,798.4,881.0,residential,1.0,135.5,136.2,86.3,121.5,0.5833333333333334,0.4166666666666667,
lower_east_side,10270502712,Crispy Burger,40.7279514,-73.9852702,food_drink,798.4,4696.0,primary,4.0,35.5,289.7,237.7,212.3,0.8,0.2,
lower_east_side,5272733725,East Village Wines,40.7277981,-73.9849322,retail,798.5,1200.0,primary,4.0,27.1,322.5,248.6,194.4,0.6699404761904761,0.3300595238095238,
lower_east_side,6231541014,Forgtmenot,40.7146073,-73.9913792,food_drink,799.3,651.0,residential,,75.2,337.7,103.9,26.5,0.0,1.0,
lower_east_side,4149649614,Muji,40.7288409,-73.9912369,retail,799.4,13818.0,residential,,84.7,174.6,22.2,38.9,0.8445404311619581,0.1554595688380418,
lower_east_side,5603575358,Ten Degrees,40.7269086,-73.9834027,food_drink,799.7,4669.0,residential,,27.5,405.9,261.5,152.5,0.8333333333333334,0.1666666666666666,
lower_east_side,5383045522,C&B,40.7251418,-73.98162,food_drink,800.1,2560.0,residential,1.0,215.4,418.6,70.5,98.2,0.9026290165530672,0.0973709834469328,
lower_east_side,8151656740,Da Long Yi Hot Pot,40.7166189,-73.9966791,food_drink,800.6,7512.0,primary,3.0,77.6,124.2,180.3,80.8,0.0,1.0,
lower_east_side,8694260571,New King's World Jewelry,40.7168159,-73.9969382,retail,801.2,3158.0,residential,,106.0,146.6,166.8,110.6,0.0,1.0,
lower_east_side,10689087627,Barry's,40.7287323,-73.9921488,leisure_entertainment,801.5,8062.0,primary,3.0,48.3,121.9,72.7,103.3,0.0,1.0,
lower_east_side,9890284354,C&C Dry Cleaning & Alteration,40.7251289,-73.9815915,personal_care,801.5,1806.0,residential,1.0,217.6,416.5,68.0,98.9,0.9031945788964182,0.0968054211035818,
lower_east_side,8481020471,BNY Cleaners,40.7215051,-73.9804616,personal_care,801.6,2021.0,residential,,31.3,35.2,156.9,58.2,0.803619020900547,0.1963809790994529,
lower_east_side,6583004985,886,40.7288654,-73.9886584,food_drink,802.6,3120.0,residential,1.0,67.6,106.4,123.9,107.2,0.8333613445378151,0.1666386554621848,
lower_east_side,10270363606,V-One Nail Spa,40.727984,-73.9852463,personal_care,802.6,2350.0,primary,4.0,32.7,288.9,233.7,209.1,0.8,0.2,
lower_east_side,5700877721,Tiny Shanghai,40.7178259,-73.9979942,food_drink,802.8,851.0,residential,1.0,132.7,135.5,89.3,117.2,0.5833333333333334,0.4166666666666667,
lower_east_side,6786468294,Saturdays,40.720776,-73.9994144,retail,802.8,2600.0,residential,,106.0,285.5,261.0,47.8,0.9430106651469512,0.0569893348530489,
lower_east_side,8151656742,First Republican Bank,40.7166537,-73.9967759,finance,803.7,7512.0,primary,3.0,84.0,127.8,173.5,88.1,0.0,1.0,
lower_east_side,6088743385,Royal Seafood,40.7173582,-73.997581,food_drink,804.0,5051.0,residential,1.0,171.6,177.3,151.7,137.9,0.0,1.0,
lower_east_side,10270502717,Area Bar,40.7278406,-73.9848961,food_drink,804.1,1200.0,primary,4.0,21.9,321.9,243.5,189.4,0.6699404761904761,0.3300595238095238,
lower_east_side,8622598771,Starbucks,40.7197342,-73.9991471,food_drink,804.3,2650.0,primary,2.0,68.6,172.5,144.3,74.0,0.0,0.1304376182090915,
lower_east_side,6582979286,Mott Street Eatery,40.7171739,-73.9974068,food_drink,805.0,7044.0,residential,1.0,159.9,166.9,155.7,153.4,0.0,1.0,
lower_east_side,5603563258,Starbucks,40.7268161,-73.9831737,food_drink,805.9,4427.0,residential,,18.2,395.2,266.4,131.0,0.7988836874324811,0.2011163125675189,
lower_east_side,8694260570,Kim Thành Jewelry,40.7167737,-73.9969651,retail,806.0,3158.0,residential,,102.8,142.2,162.9,107.9,0.0,1.0,
lower_east_side,2494245451,Xing Fu Tang,40.728772,-73.9877814,food_drink,806.0,5748.0,residential,1.0,19.0,95.9,165.6,132.5,0.5626180902088077,0.4373819097911923,
lower_east_side,278245473,,40.7145656,-73.9915462,food_drink,806.1,1597.0,residential,,69.1,348.1,109.7,40.1,0.6888888888888889,0.3111111111111111,
lower_east_side,11875235567,Zara,40.7225116,-73.9994791,retail,806.3,24960.0,secondary,2.0,41.9,322.8,449.9,173.6,0.0,1.0,
lower_east_side,3573482099,Fanelli Cafe,40.7246074,-73.9987503,food_drink,806.8,1246.0,residential,,87.6,396.0,453.5,259.1,0.0,1.0,
lower_east_side,7041092622,Arts on Site,40.7289599,-73.989363,leisure_entertainment,807.1,3120.0,residential,1.0,100.2,144.1,90.8,112.6,0.4279835390946502,0.5720164609053497,
lower_east_side,9826534631,Yan May Foot Spa,40.7182067,-73.9983567,personal_care,807.4,2508.0,residential,,114.8,98.1,38.3,122.1,0.8011512297226583,0.1988487702773417,
lower_east_side,2567534688,Leon's Cafe,40.7214777,-73.9803924,food_drink,807.5,2021.0,residential,,37.2,30.4,152.7,63.3,0.9069045771916214,0.0930954228083785,
lower_east_side,6231541017,Bacaro,40.7145454,-73.9914975,food_drink,807.7,1597.0,residential,,73.4,343.4,105.2,36.0,0.6888888888888889,0.3111111111111111,
lower_east_side,8151649114,Buona Notte,40.7177738,-73.9980262,food_drink,808.2,851.0,residential,1.0,129.6,134.9,93.3,112.2,0.5833333333333334,0.4166666666666667,
lower_east_side,886682281,Le Basket,40.7279757,-73.994851,food_drink,808.5,41800.0,residential,,62.9,114.3,102.7,195.7,0.8990999467643891,0.1009000532356109,
lower_east_side,6245847103,Taiji Body Work,40.7288249,-73.9879175,personal_care,809.2,5748.0,residential,1.0,21.1,89.5,155.9,122.1,0.5626180902088077,0.4373819097911923,
lower_east_side,2563985408,Il Cortile,40.7179541,-73.9981923,food_drink,809.5,2150.0,residential,1.0,118.5,115.5,69.4,111.3,0.7309658326607479,0.269034167339252,
lower_east_side,10782658574,Bake Culture,40.7289517,-73.988844,food_drink,810.1,3120.0,residential,1.0,85.7,109.7,119.9,100.8,0.8,0.2,
lower_east_side,10270363604,Cosmo's Launderama,40.727892,-73.9848622,personal_care,810.4,1000.0,primary,4.0,16.0,320.7,237.5,184.1,0.7495945507622446,0.2504054492377554,
lower_east_side,4815674631,The Evolution Store,40.7280295,-73.9947744,retail,810.4,41800.0,primary,2.0,71.1,122.1,103.2,201.3,0.8990999467643891,0.1009000532356109,
lower_east_side,2454126844,Vazacs Horseshoe Bar,40.7250128,-73.9813915,food_drink,810.5,1806.0,tertiary,2.0,233.9,399.2,51.0,96.4,0.9031945788964182,0.0968054211035818,
lower_east_side,4243416297,Sartiano’s,40.7248056,-73.998682,food_drink,810.7,10000.0,residential,,102.4,377.2,441.0,238.1,0.0,0.2461009310324378,
lower_east_side,8060671788,Manhattan Carpet,40.7234041,-73.9806109,office_professional,810.7,4489.0,residential,,90.8,209.4,87.8,30.5,1.0,0.0,
lower_east_side,3147883115,Bacaro,40.7145382,-73.9916726,food_drink,810.9,1253.0,residential,,66.0,356.4,115.4,50.8,0.7387493679420192,0.2612506320579807,
lower_east_side,9826534634,May Wah Fast Food,40.7182323,-73.9984263,food_drink,811.2,2499.0,residential,,108.4,92.2,34.2,121.1,0.8407079646017699,0.1592920353982301,
lower_east_side,5041286121,Kikoo,40.7280522,-73.9851965,food_drink,811.3,2342.0,primary,4.0,28.1,287.5,225.3,202.4,0.8,0.2,
lower_east_side,11817062170,98K Fried Chicken and Sandwich,40.714778,-73.9929489,food_drink,811.3,2202.0,primary,2.0,13.1,331.7,132.5,26.7,0.9226260257913248,0.0773739742086752,
lower_east_side,9966728719,Chef Tan,40.7288592,-73.9880038,food_drink,811.4,5748.0,residential,1.0,26.0,86.2,149.9,115.7,0.5626180902088077,0.4373819097911923,
lower_east_side,4649136092,Free People,40.7234319,-73.9993293,retail,811.6,1875.0,residential,,76.5,355.1,497.5,241.5,0.833350595546349,0.1666494044536509,
lower_east_side,2547466244,Arete Studios,40.7200613,-73.9993505,retail,811.7,2880.0,primary,1.0,88.9,206.4,184.5,41.6,0.7486631016042781,0.2513368983957219,
lower_east_side,9977939247,Law Offices of Milos,40.7173462,-73.9976875,office_professional,811.9,5051.0,residential,1.0,163.2,181.3,148.6,128.9,0.0,1.0,
lower_east_side,9200910436,Brasserie Saint Marc,40.7287407,-73.9873366,food_drink,812.0,2890.0,primary,3.0,28.0,109.7,186.5,142.0,0.8333608860968755,0.1666391139031245,
lower_east_side,5749566253,Mercer Hotel,40.7249122,-73.9986434,hospitality,812.8,10000.0,residential,1.0,111.4,367.1,434.7,227.0,0.0,0.2461009310324378,
lower_east_side,7674034586,,40.7144279,-73.9907242,personal_care,812.9,1208.0,secondary,2.0,36.6,279.7,63.3,32.7,0.8,0.2,
lower_east_side,886679354,GameStop,40.7280692,-73.9947451,retail,813.1,41800.0,primary,2.0,76.1,127.1,101.6,203.4,0.8990999467643891,0.1009000532356109,
lower_east_side,11910381819,MG Hair Artistic,40.7289867,-73.9889174,personal_care,813.3,3120.0,residential,1.0,93.0,111.7,119.1,98.9,0.6666666666666666,0.3333333333333333,
lower_east_side,11447971793,L.O.V.E. Machine Street Tattoo,40.7196462,-73.9992285,personal_care,813.6,5293.0,primary,2.0,56.7,161.7,138.3,84.2,0.0,1.0,
lower_east_side,6418607491,Reiwatakiya,40.7288965,-73.9880946,retail,813.9,5748.0,residential,1.0,32.7,83.2,143.7,109.2,0.5626180902088077,0.4373819097911923,
lower_east_side,1233699772,Museum of Chinese in America,40.7194554,-73.9991571,leisure_entertainment,814.1,8145.0,primary,1.0,49.1,141.9,116.7,105.1,0.0,1.0,
lower_east_side,7041092619,St. Marks Yoga,40.7290207,-73.9893198,leisure_entertainment,814.1,3120.0,residential,1.0,97.7,137.6,97.6,105.7,0.4279835390946502,0.5720164609053497,
lower_east_side,10224616963,Verizon,40.7288384,-73.9877343,retail,814.1,5748.0,residential,1.0,11.9,89.1,160.5,128.0,0.5626180902088077,0.4373819097911923,
lower_east_side,2549928453,Tabetomo,40.7268801,-73.9831148,food_drink,814.5,4427.0,secondary,2.0,23.9,387.1,258.3,128.6,0.7988836874324811,0.2011163125675189,
lower_east_side,6013187086,Way Fong,40.7190122,-73.9989521,retail,814.6,3148.0,primary,1.0,68.5,101.3,65.8,155.1,0.7364367046215673,0.2635632953784327,
lower_east_side,6949654787,Miniso,40.721822,-73.9996354,retail,814.7,5852.0,primary,2.0,40.1,322.7,377.9,110.0,0.0,1.0,
lower_east_side,886674498,Miz Mooz,40.728098,-73.9947214,retail,814.9,41800.0,primary,2.0,79.9,130.8,99.7,205.1,0.8990999467643891,0.1009000532356109,
lower_east_side,8151649115,,40.7177128,-73.9980678,retail,814.9,4984.0,residential,1.0,125.9,134.3,98.2,106.1,0.8515330823023131,0.1484669176976869,
lower_east_side,7041092623,Elite Jewelry & Piercing,40.7290057,-73.9889655,retail,815.0,3120.0,residential,1.0,97.5,113.6,118.5,98.4,0.7499339148823685,0.2500660851176315,
lower_east_side,247838632,Public Theater,40.7289195,-73.9917597,leisure_entertainment,815.1,29670.0,primary,3.0,42.6,132.3,49.7,76.9,0.0,1.0,
lower_east_side,886530248,Rumble,40.7283854,-73.9939823,retail,815.1,9900.0,residential,1.0,112.5,153.9,122.7,162.0,0.0,1.0,
lower_east_side,13516817471,Sunn's,40.7144225,-73.9909621,food_drink,815.3,1544.0,secondary,2.0,40.6,297.0,68.1,17.9,0.7990353697749196,0.2009646302250803,
lower_east_side,6892940430,The Francis Kite Club,40.7218222,-73.980295,leisure_entertainment,815.3,1923.0,secondary,2.0,7.0,34.7,133.8,56.3,0.6875,0.3125,
lower_east_side,8151656737,Lucky Diamond,40.7167451,-73.9970807,retail,815.3,3158.0,primary,5.0,104.9,140.5,152.6,111.2,0.0,1.0,
lower_east_side,5897652745,Kiki's,40.7145315,-73.9919097,food_drink,815.5,2203.0,residential,,53.2,374.3,130.8,65.8,0.7862041145623235,0.2137958854376764,
lower_east_side,13516817470,Zaidi’s,40.714419,-73.9909987,retail,816.0,1544.0,secondary,2.0,41.8,299.6,69.1,16.9,0.7990353697749196,0.2009646302250803,
lower_east_side,7041092620,Addiction NYC,40.7290214,-73.9890041,retail,816.4,3120.0,residential,1.0,101.2,115.1,118.2,98.1,0.7499339148823685,0.2500660851176315,
lower_east_side,1001284305,PacSun,40.7223219,-73.9996236,retail,816.4,5850.0,secondary,2.0,65.5,329.2,431.7,149.5,0.6276294277929155,0.3723705722070844,
lower_east_side,10270502713,Paquito's,40.7280939,-73.985166,food_drink,816.6,2342.0,primary,4.0,26.3,286.7,220.1,198.4,0.8494983277591973,0.1505016722408027,
lower_east_side,10270502715,Cosmo's Dry Cleaning,40.7279419,-73.9848277,personal_care,816.7,1000.0,primary,4.0,10.9,319.7,231.7,178.9,0.7495945507622446,0.2504054492377554,
lower_east_side,6318314034,186f Kepler,40.7167838,-73.9971521,leisure_entertainment,816.9,3152.0,primary,5.0,111.9,146.0,148.9,118.4,0.0,1.0,
lower_east_side,2494163036,St. Mark's Comedy Club,40.729044,-73.9892596,leisure_entertainment,817.0,3120.0,residential,1.0,99.6,131.9,103.2,103.2,0.4279835390946502,0.5720164609053497,
lower_east_side,2563985429,La Princesa,40.7167646,-73.9971353,retail,817.2,3152.0,primary,5.0,109.3,143.6,149.3,115.9,0.0,1.0,
lower_east_side,5904850531,"Happy Express Cafe, Inc.",40.7146071,-73.9924298,food_drink,817.2,947.0,primary,2.0,35.1,378.8,167.7,23.6,0.0,1.0,
lower_east_side,7041092621,Viva Mini Mart,40.7290353,-73.9890506,retail,817.5,3120.0,residential,1.0,105.4,117.4,117.5,98.4,0.7999664091367148,0.2000335908632851,
lower_east_side,9283586621,Dig,40.7281492,-73.9946724,food_drink,817.8,41800.0,primary,2.0,86.8,137.6,96.8,209.0,0.8990999467643891,0.1009000532356109,
lower_east_side,5978510492,,40.7144087,-73.9911417,retail,818.5,4670.0,residential,,48.3,309.8,74.3,18.0,0.7454154191616766,0.2545845808383233,
lower_east_side,2563985430,Royal Star Jewelry,40.716776,-73.997172,retail,818.7,3152.0,primary,5.0,112.1,145.5,147.0,118.8,0.0,1.0,
lower_east_side,5934969279,145 Health Spa,40.7201099,-73.9994505,personal_care,818.8,1414.0,primary,1.0,95.1,211.4,192.8,41.6,0.7172478793590952,0.2827521206409048,
lower_east_side,5400496984,St. Marks Wine & Liquor,40.7290496,-73.9890871,retail,818.8,3120.0,residential,1.0,108.9,119.1,115.7,98.5,0.7999664091367148,0.2000335908632851,
lower_east_side,250268016,Hotel Richland,40.7147394,-73.9930815,hospitality,818.9,2188.0,primary_link,,24.4,322.0,133.8,37.7,,,
lower_east_side,2494161089,Mr. Keke,40.7290829,-73.990007,food_drink,819.2,5075.0,primary,4.0,63.6,187.7,67.4,71.2,0.7483520105471325,0.2516479894528675,
lower_east_side,5104879622,Capital One,40.7222672,-73.9996663,finance,819.5,5850.0,secondary,2.0,72.5,331.5,426.6,142.4,0.6276294277929155,0.3723705722070844,
lower_east_side,12327505161,No Fork,40.7269261,-73.9830877,food_drink,819.7,4427.0,secondary,2.0,22.0,382.4,252.9,128.4,0.7988836874324811,0.2011163125675189,
lower_east_side,10143335868,The Jewelry Vault,40.717045,-73.9974957,retail,819.8,1575.0,residential,1.0,152.4,168.9,140.5,148.3,0.0,1.0,
lower_east_side,5919768637,A.P.C.,40.7243375,-73.999063,retail,819.9,5000.0,residential,1.0,90.9,403.4,460.7,287.0,0.7590899033852054,0.2409100966147946,
lower_east_side,7657302426,Moko,40.7288045,-73.9872898,food_drink,819.9,3353.0,primary,3.0,28.3,105.2,182.8,134.4,0.75,0.25,
lower_east_side,10270363607,Banshee,40.7281223,-73.9851452,food_drink,820.2,2342.0,primary,4.0,25.6,286.3,216.7,195.8,0.8494983277591973,0.1505016722408027,
lower_east_side,2563985431,Tyka Pharmacy,40.7167981,-73.9972219,health,820.2,3152.0,primary,5.0,116.6,148.9,144.3,123.5,0.0,1.0,
lower_east_side,7041092618,Funky Town East Village,40.7290676,-73.9891644,retail,820.3,3420.0,residential,1.0,104.0,123.6,111.3,100.1,0.8,0.2,
lower_east_side,8149922758,Judd Foundation,40.7235189,-73.9994085,leisure_entertainment,820.4,1875.0,residential,1.0,87.6,366.0,488.6,253.2,0.0,0.2857142857142857,
lower_east_side,2555098017,Centre Seafood,40.7189642,-73.9990009,food_drink,820.4,3110.0,primary,1.0,67.4,94.7,64.2,160.1,0.0,1.0,
lower_east_side,5934969270,Sia's,40.7201218,-73.9994752,personal_care,820.5,1414.0,primary,1.0,96.0,212.7,194.9,41.9,0.7172478793590952,0.2827521206409048,
lower_east_side,9977939239,eRxCity Pharmacy,40.7172025,-73.9976732,retail,820.6,6267.0,residential,1.0,169.0,182.3,142.6,130.8,0.0,1.0,
lower_east_side,11774637881,Kimura,40.7289868,-73.9882604,food_drink,821.2,2912.0,residential,1.0,48.7,77.7,130.7,95.6,0.585395537525355,0.414604462474645,
lower_east_side,8272824074,Loisaida Drugs & Surgical,40.7216133,-73.9802217,health,821.5,3846.0,residential,,30.6,15.1,133.7,54.7,0.8538695347205986,0.1461304652794014,
lower_east_side,6231514605,Ming's Cafe,40.7143291,-73.9904108,food_drink,822.2,675.0,secondary,2.0,21.7,251.3,55.1,43.3,0.5,0.5,
lower_east_side,10688889600,Magnolia Jewelers,40.7168203,-73.9972891,retail,822.8,1575.0,primary,5.0,121.9,152.2,140.4,129.1,0.0,1.0,
lower_east_side,886674467,Infinity Shoes,40.7282196,-73.9946324,retail,823.0,41800.0,primary,2.0,95.3,146.1,92.2,208.5,0.8990999467643891,0.1009000532356109,
lower_east_side,2841380838,BrieHost,40.7144781,-73.9879052,office_professional,823.4,2231.0,secondary,2.0,176.4,143.8,199.8,66.6,0.7718063552996375,0.2281936447003625,
lower_east_side,2494064497,Baji Baji,40.7281476,-73.9851267,food_drink,823.4,2350.0,residential,1.0,25.4,285.9,213.5,193.4,0.7577417316199705,0.2422582683800294,
lower_east_side,5934969261,Soho Olive Branch,40.7201436,-73.9995201,retail,823.7,1440.0,primary,1.0,97.7,215.1,198.7,42.9,0.0,1.0,
lower_east_side,4813825921,Windsor,40.7221841,-73.9997237,retail,823.7,3955.0,secondary,2.0,68.2,334.5,418.8,132.2,0.7229033840117705,0.2770966159882295,
lower_east_side,12985661901,Hani’s,40.729127,-73.9899744,food_drink,824.1,5075.0,primary,4.0,59.4,183.6,72.9,75.8,0.7483520105471325,0.2516479894528675,
lower_east_side,6568807585,b&b winebar,40.7258103,-73.9981248,food_drink,824.4,7514.0,primary,3.0,6.6,274.7,376.6,150.5,0.8446637497349704,0.1553362502650296,
lower_east_side,5243561776,Little Canal,40.7143078,-73.9903911,food_drink,824.5,675.0,secondary,2.0,18.9,248.7,53.5,41.2,0.5,0.5,
lower_east_side,2547241811,Alo Yoga,40.7232235,-73.9995521,retail,824.8,6100.0,residential,,63.2,359.2,486.4,237.8,0.0,1.0,
lower_east_side,2563985432,Joa Jewel,40.7168469,-73.9973532,retail,824.9,1574.0,primary,5.0,127.6,152.5,137.2,135.0,0.3333333333333333,0.6666666666666666,
lower_east_side,10784495905,Rag&Bone,40.72409,-73.9992448,retail,825.1,2492.0,residential,1.0,88.5,394.8,474.8,297.2,0.2424347826086956,0.7575652173913043,
lower_east_side,5403604439,Village Works Book Shop,40.7291172,-73.9892249,retail,825.4,3120.0,residential,1.0,96.6,125.4,110.4,95.2,0.4279835390946502,0.5720164609053497,
lower_east_side,250267944,Corima,40.7146788,-73.9931153,food_drink,826.2,2013.0,primary_link,,30.9,321.1,139.8,41.4,0.7936726272352133,0.2063273727647868,
lower_east_side,6462580912,Studio X,40.7291417,-73.9895306,leisure_entertainment,826.5,3120.0,residential,1.0,75.7,147.8,91.9,94.2,0.0,1.0,
lower_east_side,12327530510,$1.50 Fresh Pizza & Hot Dog,40.7269826,-73.9830456,food_drink,826.6,4427.0,secondary,2.0,16.1,376.0,246.0,127.8,0.7988836874324811,0.2011163125675189,
lower_east_side,9566829986,N25 Nitro Tea & Coffee,40.7290595,-73.9884404,food_drink,826.7,2934.0,residential,1.0,64.6,78.1,120.6,85.3,0.8,0.2,
lower_east_side,8151649116,Handbag Heaven,40.7177911,-73.9983011,retail,826.8,2500.0,residential,1.0,106.6,112.8,84.3,93.1,0.75,0.25,
lower_east_side,12997486601,Life Time Fitness,40.7290999,-73.9911614,leisure_entertainment,827.2,13818.0,residential,,73.6,169.0,51.7,33.8,0.8445404311619581,0.1554595688380418,
lower_east_side,6231529909,Jajaja Plantas Mexicanas,40.714283,-73.9903859,food_drink,827.3,675.0,secondary,2.0,16.2,246.9,51.1,40.3,0.5,0.5,
lower_east_side,10270243628,Royal Business Bank,40.7168729,-73.9974224,finance,827.4,1572.0,primary,5.0,133.6,152.9,133.8,141.1,0.0,1.0,
lower_east_side,6206434889,New Mizu Sushi,40.7282747,-73.985326,food_drink,827.6,2350.0,residential,1.0,17.2,264.1,204.8,205.9,0.7577417316199705,0.2422582683800294,
lower_east_side,3583482794,East Village Pizza,40.7281808,-73.9851024,food_drink,827.6,2350.0,residential,1.0,25.7,285.5,209.5,190.3,0.7577417316199705,0.2422582683800294,
lower_east_side,5934969278,Soho Thai,40.7201707,-73.9995759,food_drink,827.6,1360.0,primary,1.0,100.2,218.1,203.5,44.7,0.0,0.25,
lower_east_side,2547241658,Levi's,40.7221114,-73.9997761,retail,827.6,4200.0,secondary,2.0,58.9,337.6,412.1,123.2,0.8333333333333334,0.1666666666666666,
lower_east_side,3583551893,Lime Tree Market,40.7280284,-73.9847603,retail,827.8,2000.0,residential,1.0,8.8,318.9,221.5,169.6,0.7501133786848072,0.2498866213151927,
lower_east_side,7098594473,Rafael's Barber Shop,40.7282837,-73.9853433,personal_care,827.8,2350.0,residential,1.0,16.9,262.3,204.3,207.1,0.7577417316199705,0.2422582683800294,
lower_east_side,6206430643,St. Marks Veterinary Hospital,40.728324,-73.9854432,health,827.9,2348.0,residential,1.0,19.6,252.8,203.2,214.4,0.6683168316831684,0.3316831683168317,
lower_east_side,7098603506,9th St. Vintage,40.728349,-73.9855026,retail,828.0,2348.0,residential,1.0,23.0,247.1,202.6,218.9,0.799786438868126,0.200213561131874,
lower_east_side,9473109135,Kenka,40.7290769,-73.988483,food_drink,828.0,2934.0,residential,1.0,68.5,78.8,118.5,83.1,0.5058494668185113,0.4941505331814887,
lower_east_side,7797542769,Chinatown Lumber Company,40.714348,-73.9913869,retail,828.0,1561.0,residential,,61.2,325.8,83.3,35.7,0.0,1.0,
lower_east_side,9875403134,Möge Tee,40.7291644,-73.9899477,food_drink,828.2,5075.0,primary,4.0,55.9,180.2,71.1,79.7,0.7483520105471325,0.2516479894528675,
lower_east_side,12902370931,Taoist Arts Center,40.7284189,-73.9856812,leisure_entertainment,828.3,2348.0,residential,1.0,36.7,230.4,202.4,210.7,1.0,0.0,
lower_east_side,5904850846,Allen Street Pharmacy,40.7144998,-73.9924124,health,828.4,5208.0,residential,,23.4,383.5,165.8,33.7,0.0,1.0,
lower_east_side,2555098016,Jing Fong,40.7188891,-73.9990644,food_drink,828.5,2720.0,primary,1.0,63.6,84.8,62.4,168.1,0.0,1.0,
lower_east_side,8590006397,Azaleas,40.728875,-73.9872383,retail,828.6,6709.0,primary,3.0,31.2,100.8,179.2,126.0,0.0,1.0,
lower_east_side,10747429257,Search & Destroy,40.7290912,-73.9885181,retail,829.1,2934.0,residential,1.0,71.7,79.4,116.8,81.5,0.5058494668185113,0.4941505331814887,
lower_east_side,1139026049,African Grove Theatre,40.726533,-73.9974806,leisure_entertainment,829.2,183844.0,residential,1.0,81.4,193.7,279.6,147.1,0.4504034292331289,0.4193497052579543,
lower_east_side,8151656736,Eyesmate Optical,40.7168976,-73.9974938,health,830.2,1570.0,primary,5.0,139.6,153.4,130.4,147.3,0.0,1.0,
lower_east_side,250267911,Museum at Eldridge Street,40.7147291,-73.993461,leisure_entertainment,830.8,5250.0,residential,1.0,54.2,291.6,131.9,69.8,0.0,1.0,
lower_east_side,12727042268,Rice Bird,40.7285629,-73.9860192,food_drink,830.9,2348.0,residential,1.0,67.2,197.9,204.8,182.3,0.8164078892152749,0.1835921107847251,
lower_east_side,6206430644,Cloak & Dagger,40.7285493,-73.9859793,retail,830.9,2348.0,residential,1.0,63.6,201.5,203.9,185.2,0.8164078892152749,0.1835921107847251,
lower_east_side,10270502720,Lady Wong,40.7285812,-73.9860553,food_drink,831.6,2348.0,residential,1.0,70.7,194.3,205.1,179.0,0.8166771422585376,0.1833228577414624,
lower_east_side,13003072801,Whitmans,40.727843,-73.9843074,food_drink,831.7,1556.0,residential,1.0,51.6,362.1,212.4,148.2,1.0,0.0,
lower_east_side,7098499225,Sushi Kai,40.728599,-73.9860977,food_drink,832.0,2348.0,residential,1.0,74.6,190.2,205.8,175.6,0.8166771422585376,0.1833228577414624,
lower_east_side,2563985435,Flushing Bank,40.7169274,-73.9975575,finance,832.2,1575.0,residential,1.0,145.6,154.9,128.1,146.6,0.0,1.0,
lower_east_side,6206439271,An.mé,40.7286154,-73.9861366,retail,832.4,3431.0,residential,1.0,78.3,186.5,206.6,172.5,0.8277367866285198,0.1722632133714802,
lower_east_side,5419527593,Nicholas K,40.720204,-73.9996445,retail,832.5,2895.0,primary,1.0,103.5,222.0,209.5,47.8,0.0,1.0,
lower_east_side,6473303178,Ukrainian East Village Restaurant,40.7288929,-73.9871544,food_drink,832.5,6709.0,primary,3.0,38.2,103.2,182.1,123.4,0.0,1.0,
lower_east_side,6206439272,Pillow-Cat Books,40.7286319,-73.986176,retail,832.8,3431.0,residential,1.0,82.0,182.8,207.4,169.4,0.8277367866285198,0.1722632133714802,
lower_east_side,11854027863,Shop Fair,40.7220934,-73.9800987,retail,832.9,11733.0,residential,,32.3,58.4,115.6,50.2,0.0,1.0,
lower_east_side,9977939241,United Orient Bank,40.7170822,-73.9977371,finance,833.1,6267.0,residential,1.0,168.5,168.1,128.9,127.5,0.0,1.0,
lower_east_side,8098170625,Manhattan Chinatown Pharmacy,40.7162886,-73.9967834,retail,833.1,950.0,primary,3.0,49.2,87.3,166.0,57.6,0.3333333333333333,0.6666666666666666,
lower_east_side,250266994,HSBC,40.7161351,-73.9965703,finance,833.4,8804.0,primary,3.0,24.6,72.1,184.0,33.0,0.0,1.0,
lower_east_side,2547241657,Mystique Boutique,40.7220142,-73.9998519,retail,833.5,2142.0,secondary,2.0,46.4,342.6,403.4,110.8,0.8132586367880486,0.1867413632119514,
lower_east_side,6206441730,Duo NYC,40.7286657,-73.9862565,retail,833.7,3522.0,residential,1.0,89.6,175.1,209.4,163.1,0.9318422245730694,0.0681577754269306,
lower_east_side,6206430651,D. L. Cerney,40.7286814,-73.9862937,retail,834.1,3522.0,residential,1.0,93.1,171.6,210.3,160.2,0.9318422245730694,0.0681577754269306,
lower_east_side,11189423585,Lucy's Bar,40.7270608,-73.9830229,food_drink,834.2,9068.0,secondary,2.0,11.0,369.8,237.1,130.2,0.883371231570454,0.1166287684295459,
lower_east_side,1378899289,J.Crew Men's Shop,40.7215489,-73.999866,retail,834.3,4796.0,secondary,2.0,14.8,342.0,354.5,78.0,0.3229995671139822,0.6770004328860177,
lower_east_side,11910381823,Tesolife,40.7291548,-73.9886585,retail,834.5,8801.0,residential,1.0,85.1,83.0,110.0,75.3,0.0,1.0,
lower_east_side,6027534885,joe’s pub,40.7290966,-73.9917737,food_drink,834.7,29670.0,primary,3.0,32.3,121.4,64.4,65.8,0.0,1.0,
lower_east_side,5402542523,Sakaya,40.7286991,-73.9863358,retail,834.7,3522.0,residential,1.0,97.1,167.5,211.5,157.0,0.9318422245730694,0.0681577754269306,
lower_east_side,8098170630,Canal Street Optical,40.7163118,-73.9968451,health,834.8,950.0,primary,3.0,54.6,90.1,161.0,63.3,0.3333333333333333,0.6666666666666666,
lower_east_side,5446727422,Barcade,40.7292159,-73.9894764,food_drink,835.0,3120.0,residential,1.0,73.2,140.7,89.2,85.3,0.0,1.0,
lower_east_side,357620336,Ryan/NENA Comprehensive Heath Service Center,40.7215695,-73.9800525,health,835.9,6347.0,residential,,41.7,0.0,122.4,43.8,0.0,1.0,
lower_east_side,6206441601,Hair Headquarters,40.7287465,-73.9864487,personal_care,836.1,2254.0,residential,1.0,98.9,156.8,215.0,148.6,0.934404722859954,0.0655952771400459,
lower_east_side,10746618757,T-Swirl Crepe,40.7291779,-73.988717,food_drink,836.4,8801.0,residential,1.0,90.5,85.3,108.0,73.7,0.0,1.0,
lower_east_side,6206441733,A Sustainable Village,40.7287664,-73.986496,retail,836.8,2348.0,residential,1.0,94.6,152.3,216.6,145.2,0.8099415204678363,0.1900584795321637,
lower_east_side,2567551893,DF Diamond,40.716334,-73.9969083,retail,836.8,1900.0,primary,3.0,60.0,93.1,155.8,69.0,0.7211377579475738,0.2788622420524261,
lower_east_side,9566829985,Szechuan Mountain House - 川山甲,40.7291717,-73.9885755,food_drink,837.3,8801.0,residential,1.0,81.5,76.5,107.8,72.7,0.0,1.0,
lower_east_side,6206442762,Cobblestones,40.728781,-73.9865308,retail,837.3,2348.0,residential,1.0,91.5,149.0,217.8,142.7,0.803073967339097,0.1969260326609029,
lower_east_side,5700167965,Thursday,40.7276075,-73.983771,food_drink,837.8,3384.0,residential,1.0,72.9,400.8,203.7,138.5,0.8041586073500967,0.1958413926499033,
lower_east_side,6206435051,Té Company,40.7287991,-73.9865739,food_drink,838.0,2348.0,residential,1.0,87.7,144.9,219.4,139.7,0.803073967339097,0.1969260326609029,
lower_east_side,10272388251,Sly Fox,40.7289514,-73.9871824,food_drink,838.1,6709.0,primary,3.0,36.6,96.7,175.7,117.1,0.0,1.0,
lower_east_side,4285496392,Lily's Vegan Pantry,40.7186407,-73.9990498,food_drink,838.2,2720.0,residential,,52.1,62.2,48.7,147.2,0.0,1.0,
lower_east_side,6231514606,Happy Star Bakery Corporation,40.7141841,-73.9904023,food_drink,838.3,1140.0,secondary,2.0,9.6,242.9,40.7,41.8,0.8115577889447236,0.1884422110552764,
lower_east_side,6206441735,Headdress,40.7288126,-73.9866059,personal_care,838.5,2196.0,residential,1.0,84.8,141.9,220.7,137.5,0.8089140361326186,0.1910859638673814,
lower_east_side,8098170632,Magnolia Jewlers,40.7163559,-73.9969701,retail,838.7,1900.0,residential,,65.5,96.3,150.9,74.7,0.7211377579475738,0.2788622420524261,
lower_east_side,8098170628,Simpsons Loans,40.7162382,-73.9968136,finance,838.9,2050.0,primary,3.0,46.9,81.7,163.3,56.5,0.0,1.0,
lower_east_side,6206442504,Cabin on 9th,40.7288312,-73.9866503,food_drink,839.1,2196.0,residential,1.0,80.9,137.7,216.7,134.5,0.8089140361326186,0.1910859638673814,
lower_east_side,6110907588,Mango Mango Dessert,40.7291946,-73.9886324,food_drink,839.2,8801.0,residential,1.0,86.7,78.5,105.4,70.6,0.0,1.0,
lower_east_side,6231514607,Weilgus & Sons,40.7141776,-73.9904837,retail,839.4,1155.0,secondary,2.0,16.1,248.7,37.2,48.7,0.7649823736780259,0.2350176263219741,
lower_east_side,7067158485,Whatever Tattoo,40.7292149,-73.9888086,personal_care,839.6,2934.0,residential,1.0,99.0,89.5,105.2,72.0,0.8332944561076122,0.1667055438923878,
lower_east_side,6795887931,Shun Chang Chicken Duck Super,40.7141785,-73.9905853,food_drink,839.7,1155.0,secondary,2.0,15.7,256.4,35.3,57.2,0.7649823736780259,0.2350176263219741,
lower_east_side,6206842885,Jose Luis,40.7176717,-73.9983849,food_drink,839.8,2521.0,residential,1.0,99.3,112.3,96.5,80.1,0.7625267157444787,0.2374732842555212,
lower_east_side,12327529700,Rosella,40.7270984,-73.9829757,food_drink,839.9,9068.0,secondary,2.0,7.7,364.2,232.2,129.0,0.883371231570454,0.1166287684295459,
lower_east_side,2494161101,Ace of Bladez,40.7292697,-73.9898712,personal_care,840.0,6216.0,primary,4.0,47.4,170.9,63.4,91.3,0.0,0.2986451426924185,
lower_east_side,6795916190,He Xie Grocery Store,40.7141804,-73.9906771,food_drink,840.0,1633.0,secondary,2.0,10.5,263.5,35.5,53.8,0.6,0.4,
lower_east_side,4769803021,R. Swiader,40.720255,-73.9997496,retail,840.1,2007.0,primary,1.0,103.5,223.4,218.7,53.9,0.0,1.0,
lower_east_side,6071311385,East Village Meat Market,40.7290539,-73.9875732,food_drink,840.5,3485.0,primary,3.0,18.8,69.7,146.4,113.8,0.8453488372093023,0.1546511627906976,
lower_east_side,11910381814,Me Cue,40.7292293,-73.9888459,retail,840.8,2934.0,residential,1.0,102.5,91.4,104.3,71.6,0.8332944561076122,0.1667055438923878,
lower_east_side,8151656722,,40.7174638,-73.998222,retail,841.0,2500.0,residential,1.0,116.3,136.3,121.3,85.3,0.838012958963283,0.161987041036717,
lower_east_side,9472863017,Che Li,40.7292178,-73.9886913,food_drink,841.1,8801.0,residential,1.0,92.0,81.0,103.3,68.9,0.0,1.0,
lower_east_side,11298618181,Lascava lingerie store,40.7224623,-73.9999036,retail,841.3,5850.0,residential,1.0,74.8,355.8,452.6,150.0,0.6276294277929155,0.3723705722070844,
lower_east_side,13404425791,Mott NYC Salon,40.7202405,-73.999762,personal_care,841.4,2007.0,primary,1.0,103.0,221.5,217.8,55.4,0.0,1.0,
lower_east_side,2494160712,St. Mark's Hotel,40.7292807,-73.9896315,hospitality,841.6,6216.0,residential,1.0,58.7,151.1,74.8,81.6,0.0,0.2986451426924185,
lower_east_side,4616285490,Solstice,40.7235622,-73.9996539,retail,841.6,1400.0,residential,,99.8,385.9,467.3,270.5,0.2407060711420166,0.7592939288579834,
lower_east_side,5919899373,Tumi,40.7247766,-73.9991042,retail,841.7,9100.0,residential,,121.7,407.0,419.9,238.1,0.700319451478437,0.2996805485215629,
lower_east_side,7674034986,,40.7143265,-73.9921648,personal_care,842.3,1632.0,residential,,24.8,386.0,139.0,61.6,0.6666666666666666,0.3333333333333333,
lower_east_side,2563985436,Lukfook Jewellry,40.7170021,-73.9978029,retail,843.0,6267.0,residential,1.0,165.9,158.4,118.6,124.4,0.0,1.0,
lower_east_side,9566829984,Nan Xiang Xiao Long Bao,40.7292575,-73.9889137,food_drink,843.3,2934.0,residential,1.0,99.6,95.0,102.8,71.2,0.6123573002203084,0.3876426997796915,
lower_east_side,2889066126,Joe's Pub at the Public,40.7291974,-73.9916255,food_drink,843.5,4135.0,primary,3.0,43.9,128.5,67.4,49.4,0.8333333333333334,0.1666666666666666,
lower_east_side,13391591358,Spring Beauty Soho,40.7202798,-73.9998007,personal_care,843.8,2010.0,primary,1.0,98.6,223.0,223.2,57.3,0.559748427672956,0.440251572327044,
lower_east_side,5397501569,The Bao,40.7292798,-73.988977,food_drink,845.2,2934.0,residential,1.0,95.8,98.8,102.2,71.7,0.7383177570093458,0.2616822429906542,
lower_east_side,5700167968,Veselka,40.7289775,-73.9869985,food_drink,845.4,3354.0,residential,1.0,52.3,105.0,184.2,113.8,0.0,1.0,
lower_east_side,886395953,Buffalo Exchange,40.7287947,-73.9936354,retail,845.6,3440.0,primary,2.0,60.1,99.9,138.8,162.4,0.9523014548056284,0.0476985451943715,
lower_east_side,8151656721,Manolo's Pizza,40.7176091,-73.9984198,food_drink,846.0,2520.0,residential,1.0,97.0,113.4,103.2,74.3,0.8,0.2,
lower_east_side,8151656735,Vladdys Diamonds,40.7170225,-73.9978695,retail,846.0,6267.0,primary,4.0,162.0,159.9,116.6,118.4,0.0,1.0,
lower_east_side,2567534704,Star Food Mart & Deli,40.7223229,-73.9799609,retail,846.1,1501.0,residential,,59.8,84.1,108.9,39.0,0.7771684225717996,0.2228315774282003,
lower_east_side,6916714072,Hao Xin Qing Fashion,40.7141341,-73.9908408,food_drink,846.3,1383.0,secondary,2.0,9.4,274.1,34.8,51.3,0.788647342995169,0.2113526570048309,
lower_east_side,11910381816,Spot Dessert Bar,40.7292945,-73.989015,food_drink,846.5,2934.0,residential,1.0,93.4,101.2,101.8,72.2,0.7383177570093458,0.2616822429906542,
lower_east_side,5231713664,La Bella Ferrara Bakery,40.7174065,-73.9982549,food_drink,846.9,5007.0,residential,1.0,115.3,137.8,127.1,81.6,0.7959662288930581,0.2040337711069418,
lower_east_side,4664799789,Krave It,40.7291102,-73.9875349,food_drink,847.4,3485.0,primary,3.0,25.6,65.5,143.2,106.8,0.8453488372093023,0.1546511627906976,
lower_east_side,12047551069,Susan Sheehan Gallery,40.7257429,-73.9985087,leisure_entertainment,847.6,2500.0,residential,1.0,36.7,306.9,384.0,141.4,0.816,0.184,
lower_east_side,6795908680,99 cent Pizza,40.7141277,-73.9909319,food_drink,847.7,1544.0,secondary,2.0,16.5,280.9,38.7,49.6,0.8,0.2,
lower_east_side,7366142882,Nice Brow,40.7273802,-73.9832311,personal_care,848.0,716.0,residential,1.0,25.5,368.3,207.1,146.9,0.8603351955307262,0.1396648044692737,
lower_east_side,5419352921,Foot Locker,40.7288797,-73.9934374,retail,848.5,3440.0,primary,2.0,49.4,84.2,155.1,157.6,0.8333333333333334,0.1666666666666666,
lower_east_side,7078649959,East Village Hotel,40.7284273,-73.9851727,hospitality,848.7,654.0,residential,1.0,6.2,265.8,184.6,190.0,0.6222222222222222,0.3777777777777777,
lower_east_side,7078649953,Universal Realty Group,40.7284549,-73.9852386,office_professional,848.8,654.0,residential,1.0,4.3,259.5,183.5,195.1,0.6222222222222222,0.3777777777777777,
lower_east_side,5934969267,Fueguia 1833,40.7202962,-73.9998658,retail,848.9,2010.0,residential,,92.8,221.2,227.5,62.3,0.559748427672956,0.440251572327044,
lower_east_side,5215491822,Tacos Morelos,40.7273626,-73.9831865,food_drink,849.1,716.0,residential,1.0,22.5,365.7,207.9,148.3,0.8603351955307262,0.1396648044692737,
lower_east_side,2572245383,Citibank,40.7164133,-73.9972202,finance,849.2,7063.0,residential,,85.8,108.1,130.9,95.9,0.0,1.0,
lower_east_side,6206438191,The Immigrant,40.7285237,-73.9854028,food_drink,849.2,1081.0,residential,1.0,17.8,243.7,181.5,205.3,1.0,0.0,
lower_east_side,2572245355,Citibank,40.7164143,-73.9972228,finance,849.3,7063.0,residential,,86.0,108.3,130.7,96.1,0.0,1.0,
lower_east_side,4235716667,Ray's Pizza Bagel Cafe,40.7293549,-73.9898092,food_drink,849.5,6216.0,residential,1.0,42.4,163.8,58.6,80.8,0.0,0.2986451426924185,
lower_east_side,7078649954,Wicked Heathens,40.7285814,-73.9855407,retail,849.7,2306.0,residential,1.0,30.9,230.4,180.9,203.1,0.8578042328042328,0.1421957671957672,
lower_east_side,8333736487,Chikarashi Isso at Hotel 50 Bowery,40.715936,-73.9965677,food_drink,849.9,8804.0,primary,2.0,14.0,50.9,183.5,23.1,0.0,1.0,
lower_east_side,7078649955,New Sew Good Cleaners,40.7285981,-73.9855806,personal_care,849.9,2306.0,residential,1.0,34.7,226.6,180.9,199.6,0.8578042328042328,0.1421957671957672,
lower_east_side,7078649956,Layers,40.7286143,-73.9856192,personal_care,850.1,2306.0,residential,1.0,38.4,222.9,181.0,196.1,0.8581011351909185,0.1418988648090815,
lower_east_side,11910381822,Udon St Marks,40.7293326,-73.9891008,food_drink,850.1,2934.0,residential,1.0,87.9,106.5,101.0,73.0,0.8333035714285715,0.1666964285714285,
lower_east_side,12307938441,Yi Zhang Fishball,40.7146634,-73.9938681,food_drink,850.3,1912.0,residential,1.0,89.3,261.5,144.2,89.6,0.8333333333333334,0.1666666666666666,
lower_east_side,7078649957,Fabulous Fanny's,40.7286326,-73.9856629,health,850.4,2306.0,residential,1.0,42.6,218.7,181.1,192.3,0.8581011351909185,0.1418988648090815,
lower_east_side,5923184265,Meermin,40.7253045,-73.998881,retail,850.4,2575.0,residential,1.0,90.5,358.1,390.0,180.8,0.4451635473150254,0.5548364526849746,
lower_east_side,8151656734,Golden Jade Jewelry,40.7170648,-73.9979792,retail,850.4,3780.0,primary,4.0,151.6,163.8,114.8,108.2,0.0,1.0,
lower_east_side,7078649958,Spark Pretty,40.7286489,-73.9857018,retail,850.6,2306.0,residential,1.0,46.3,214.9,181.4,188.8,0.8500286204922725,0.1499713795077275,
lower_east_side,6356918085,The Little One,40.714103,-73.9909671,food_drink,850.7,1544.0,secondary,2.0,19.2,282.7,38.8,51.7,0.8,0.2,
lower_east_side,2547141607,Sweet Village Market Place,40.7283644,-73.9849704,retail,850.9,1656.0,residential,1.0,23.9,284.1,187.1,174.5,0.0,0.2,
lower_east_side,7797556418,Laundry To Go,40.7141058,-73.9910501,personal_care,851.1,1550.0,secondary,2.0,26.2,289.3,44.3,50.7,0.8666382161527793,0.1333617838472207,
lower_east_side,8151656723,,40.7173641,-73.998281,retail,851.4,5007.0,residential,1.0,114.7,139.0,131.5,79.0,0.7959662288930581,0.2040337711069418,
lower_east_side,7098483439,The Source Unltd,40.7286988,-73.9858212,personal_care,851.5,2306.0,residential,1.0,57.8,203.4,182.6,178.4,0.871563767462821,0.1284362325371789,
lower_east_side,5629864554,Citibank,40.7213485,-74.0000613,finance,851.5,2520.0,secondary,2.0,29.4,318.0,339.6,55.5,0.0,1.0,
lower_east_side,12517302927,Iris Cantor Theatre,40.7263232,-73.9980432,leisure_entertainment,851.7,183844.0,primary,2.0,42.1,245.8,322.0,114.4,0.4504034292331289,0.4193497052579543,
lower_east_side,9473109136,Boka,40.7293497,-73.9891443,food_drink,851.7,3616.0,residential,1.0,85.5,109.5,101.1,70.4,0.6211232187761945,0.3788767812238055,
lower_east_side,6281164644,Confectionery!,40.7273195,-73.9830755,food_drink,851.9,707.0,residential,1.0,17.3,359.5,210.0,150.2,0.8160203792810643,0.1839796207189357,
lower_east_side,2567552462,Minh Tam Jewelry Center,40.7165039,-73.9973801,retail,852.1,1618.0,primary,5.0,102.6,117.6,119.9,112.6,0.0,1.0,
lower_east_side,5934969277,Dinosaur Designs,40.7202605,-73.9998965,retail,852.1,2010.0,residential,,91.5,216.5,225.5,65.6,0.559748427672956,0.440251572327044,
lower_east_side,8151656733,Good Luck Jewelry,40.7170795,-73.9980228,retail,852.3,3780.0,primary,4.0,147.6,165.3,114.2,104.2,0.0,1.0,
lower_east_side,9559658875,Beard Papa's,40.7293544,-73.989023,food_drink,853.1,2934.0,residential,1.0,86.8,99.5,96.0,67.3,0.8333035714285715,0.1666964285714285,
lower_east_side,5208082921,Performance Space 122,40.7281228,-73.9843931,leisure_entertainment,853.4,13840.0,residential,1.0,40.8,339.7,198.3,137.2,0.0,1.0,
lower_east_side,11910381824,Oh! Taisho,40.7293722,-73.9892017,food_drink,853.8,3616.0,residential,1.0,82.5,113.4,96.1,67.2,0.6211232187761945,0.3788767812238055,
lower_east_side,7098483440,Ibiza,40.7288127,-73.9860932,retail,854.0,2306.0,residential,1.0,83.9,177.3,188.1,155.1,0.8,0.2,
lower_east_side,7098483441,The March Hare,40.7288301,-73.9861348,retail,854.5,2306.0,residential,1.0,87.9,173.3,189.2,151.6,0.8,0.2,
lower_east_side,11910381820,Professional Threading Salon,40.7293731,-73.9890684,personal_care,854.8,2934.0,residential,1.0,83.9,102.6,95.7,68.2,0.8333035714285715,0.1666964285714285,
lower_east_side,11826577618,My Food House,40.7145666,-73.9937001,food_drink,854.9,131.0,residential,1.0,79.5,278.6,151.8,92.2,,,
lower_east_side,7047818086,The Crown,40.7159358,-73.9966617,food_drink,855.1,14996.0,primary,2.0,21.9,48.8,178.7,30.4,0.029109450998307,0.3029250530728509,
lower_east_side,5934969268,Stone and Strand,40.7202247,-73.9999271,retail,855.4,2010.0,residential,,90.5,211.8,223.5,69.2,0.559748427672956,0.440251572327044,
lower_east_side,2549928461,Doc Hollidays,40.7272283,-73.982885,food_drink,855.6,1629.0,residential,1.0,17.6,350.3,216.7,131.4,0.8025909932140654,0.1974090067859346,
lower_east_side,2567552464,Mian Tian Sing Hair Salon & Nail,40.7164592,-73.9973878,personal_care,855.9,1618.0,primary,5.0,100.3,113.0,118.1,110.7,0.0,1.0,
lower_east_side,10270502709,Rowdy Rooster,40.7284048,-73.9849409,food_drink,856.0,1656.0,residential,1.0,25.7,284.1,182.2,171.2,0.0,0.2,
lower_east_side,8151656732,Happy Diamond Angel Jewelry,40.7171092,-73.9981072,retail,856.0,2531.0,primary,4.0,139.8,168.5,113.4,96.5,0.0,1.0,
lower_east_side,11910381817,Sing Sing Karaoke,40.7293878,-73.9891157,leisure_entertainment,856.1,3616.0,residential,1.0,81.6,106.0,96.2,66.8,0.6211232187761945,0.3788767812238055,
lower_east_side,2262146997,Citizens Bank,40.7291822,-73.9874819,finance,856.2,3485.0,residential,1.0,21.7,61.0,139.7,97.7,0.8453488372093023,0.1546511627906976,
lower_east_side,7412581460,Klong,40.7293986,-73.9892603,food_drink,856.4,2375.0,residential,1.0,78.6,117.5,90.5,63.8,0.8,0.2,
lower_east_side,6206430650,Gnocchi on 9th,40.7289116,-73.9863304,food_drink,856.9,2306.0,residential,1.0,106.7,154.5,195.6,135.7,0.9244570349386212,0.0755429650613786,
lower_east_side,6261905669,Audrey Bakery & Cafe,40.7165523,-73.9975177,food_drink,857.0,800.0,primary,5.0,115.2,117.0,110.5,125.3,0.0,1.0,
lower_east_side,6206435028,Rosemary Home,40.7289294,-73.9863713,retail,857.5,2306.0,residential,1.0,104.3,150.5,197.1,132.4,0.9244570349386212,0.0755429650613786,
lower_east_side,8151656731,Exclusive Jewelers,40.7171213,-73.9981422,retail,857.6,2531.0,primary,4.0,136.6,165.9,113.2,93.3,0.0,1.0,
lower_east_side,1289044033,Apple Store SoHo,40.725039,-73.9991532,retail,857.6,9935.0,residential,,127.6,393.4,395.1,208.9,0.0,1.0,
lower_east_side,5934969281,Five Points Academy,40.7195194,-73.99973,leisure_entertainment,858.1,10524.0,primary,2.0,27.5,146.7,151.3,109.8,0.0,1.0,
lower_east_side,247892575,NoMo SoHo,40.7197439,-73.999815,hospitality,858.3,14470.0,primary,2.0,53.4,172.4,174.7,92.5,0.0,0.0258903148599017,
lower_east_side,10780577864,Dumpling N' Dips,40.729419,-73.9893134,food_drink,858.3,2375.0,residential,1.0,73.6,121.5,85.6,61.4,0.8,0.2,
lower_east_side,11910381815,Tokyo Taiyaki,40.7294115,-73.9891702,food_drink,858.3,3616.0,residential,1.0,78.4,109.8,95.4,63.2,0.6211232187761945,0.3788767812238055,
lower_east_side,11835596910,Hawa Smoothies and Bubble Tea,40.7140169,-73.9892332,food_drink,858.3,2608.0,secondary,2.0,90.8,149.5,119.2,36.9,0.8017932987258141,0.1982067012741859,
lower_east_side,11018937560,Don Juan Barbershop,40.7222293,-73.9798034,personal_care,858.6,1501.0,residential,,60.6,76.3,93.3,48.7,0.7771684225717996,0.2228315774282003,
lower_east_side,5934969259,Jacques,40.720189,-73.9999578,retail,858.8,2010.0,residential,,89.8,207.0,221.6,72.8,0.559748427672956,0.440251572327044,
lower_east_side,8151656730,Tiger Sugar,40.7171319,-73.9981749,food_drink,859.1,2531.0,primary,4.0,133.6,163.1,113.1,90.3,0.0,1.0,
lower_east_side,9826455127,Spongies Cafe,40.7180009,-73.9989068,food_drink,859.1,2550.0,residential,,63.8,56.7,69.1,79.8,0.8092513113972342,0.1907486886027658,
lower_east_side,11063656405,Chun Yang Tea,40.7161786,-73.9970795,food_drink,859.2,1404.0,residential,,62.3,79.5,140.9,73.6,0.0,1.0,
lower_east_side,7674034886,Les,40.7140084,-73.9892129,food_drink,859.4,2608.0,secondary,2.0,92.7,147.6,120.8,37.3,0.8017932987258141,0.1982067012741859,
lower_east_side,11800248039,3 Dessert Cafe,40.7171352,-73.9981858,food_drink,859.6,2531.0,primary,4.0,132.6,162.2,113.0,89.4,0.0,1.0,
lower_east_side,7041101689,A-Roll Bar & Grill,40.7294352,-73.9893564,food_drink,859.9,2375.0,residential,1.0,69.6,124.7,81.7,59.8,0.8,0.2,
lower_east_side,8151656729,VN Travel,40.7172087,-73.9982651,office_professional,860.2,2500.0,primary,4.0,122.9,151.7,118.0,81.2,0.0,1.0,
lower_east_side,7098491801,Davey's Ice Cream,40.7290119,-73.9865689,food_drink,860.4,2306.0,residential,1.0,88.6,131.5,205.4,117.4,0.8195963468260232,0.1804036531739767,
lower_east_side,8151656725,Little Italy Gift Shop,40.7172818,-73.9983427,retail,860.9,2500.0,residential,1.0,113.4,141.3,123.7,73.8,0.0,1.0,
lower_east_side,7098601262,Spooksvilla & Friends,40.7290286,-73.986609,retail,861.0,2306.0,residential,1.0,85.6,127.6,205.3,114.5,0.8195963468260232,0.1804036531739767,
lower_east_side,2555120257,Laicale,40.7203911,-74.0000392,personal_care,861.3,4004.0,residential,,76.0,222.2,244.2,75.8,0.8160992279458297,0.1839007720541703,
lower_east_side,7076355685,TJ Maxx,40.721651,-74.0001884,retail,861.3,10416.0,secondary,2.0,6.7,346.5,374.8,61.9,0.0,1.0,
lower_east_side,6261908601,,40.7165968,-73.99764,finance,861.4,3540.0,primary,5.0,126.4,117.8,102.8,136.7,0.0,1.0,
lower_east_side,4149654489,MUD,40.7290442,-73.9866462,food_drink,861.6,2306.0,residential,1.0,82.2,124.1,201.8,111.8,0.8195963468260232,0.1804036531739767,
lower_east_side,2547223539,Louis Vuitton,40.7247789,-73.9993641,retail,861.9,9100.0,residential,1.0,138.3,424.4,406.1,238.5,0.700319451478437,0.2996805485215629,
lower_east_side,6677761685,New Vibe Yoga,40.72944,-73.9891151,leisure_entertainment,861.9,3616.0,residential,1.0,75.9,104.6,91.2,61.1,0.6211232187761945,0.3788767812238055,
lower_east_side,869766821,Hotel 50 Bowery,40.7159645,-73.9968286,hospitality,862.1,14996.0,primary,2.0,35.9,51.5,164.3,44.4,0.029109450998307,0.3029250530728509,
lower_east_side,7098491802,SHW,40.729061,-73.9866864,retail,862.3,2306.0,residential,1.0,78.3,120.2,198.0,109.0,0.8195963468260232,0.1804036531739767,
lower_east_side,9809110694,Decibel,40.7292871,-73.9877312,food_drink,862.7,2104.0,residential,1.0,20.5,40.7,117.6,88.7,0.8379084967320262,0.1620915032679738,
lower_east_side,7098491803,Art+Ray,40.7290786,-73.9867283,personal_care,863.0,9412.0,residential,1.0,74.3,116.2,194.0,106.2,0.8430039484350077,0.1569960515649922,
lower_east_side,11897453324,Tokuyamatcha Onigirazubar,40.7239804,-73.9801699,food_drink,863.3,2248.0,residential,1.0,91.7,268.3,126.2,44.9,1.0,0.0,
lower_east_side,2547223560,Louis Vuitton,40.7248897,-73.9993246,retail,863.8,1000.0,residential,1.0,143.8,414.6,398.4,226.0,0.0,1.0,
lower_east_side,3421054408,Astor Place Theatre,40.7293012,-73.992186,leisure_entertainment,863.9,3713.0,primary,3.0,15.4,80.3,104.7,91.9,0.9087066779374472,0.0912933220625528,
lower_east_side,7098514439,Raw Spirit,40.7291003,-73.9867803,retail,863.9,9412.0,residential,1.0,69.3,111.2,189.0,102.8,0.8430039484350077,0.1569960515649922,
lower_east_side,12232419922,NC Outlet,40.7211619,-74.0002016,retail,864.5,1669.0,secondary,2.0,52.2,294.4,325.7,44.1,0.7074509803921568,0.2925490196078431,
lower_east_side,6142309885,Indochine,40.7292596,-73.99246,food_drink,864.7,3678.0,primary,3.0,28.5,62.2,119.7,115.4,0.8122741471182704,0.1877258528817296,
lower_east_side,2567551910,Bake Culture,40.7157788,-73.9965978,food_drink,864.8,2000.0,primary,2.0,25.4,33.7,166.7,18.2,0.3333333333333333,0.6666666666666666,
lower_east_side,7078615625,East Village Postal,40.7284747,-73.98489,retail,864.9,2308.0,primary,4.0,30.6,284.3,173.8,165.7,0.826306647718301,0.173693352281699,
lower_east_side,12762556567,NoMo Kitchen,40.71976,-73.9999039,food_drink,865.0,14470.0,primary,2.0,57.0,173.5,180.9,96.0,0.0,0.0258903148599017,
lower_east_side,5193274490,Casino,40.7139367,-73.9896705,food_drink,865.4,2608.0,secondary,2.0,57.9,175.5,81.5,39.1,0.8377501352082206,0.1622498647917793,
lower_east_side,6231529910,Cheong Fun Cart on Rutgers,40.7139326,-73.9900802,food_drink,865.5,2608.0,residential,,30.6,206.4,47.2,36.8,0.0,1.0,
lower_east_side,12485263600,Tiptara,40.7141483,-73.9875607,food_drink,865.6,2100.0,secondary,2.0,134.4,109.6,154.6,111.1,0.7820955147993462,0.2179044852006537,
lower_east_side,6231529913,169 Bar,40.7139326,-73.9897603,food_drink,865.7,2612.0,secondary,2.0,51.4,182.0,74.0,36.2,0.8,0.2,
lower_east_side,8151656728,Jewelry Gallery,40.7171832,-73.9983225,retail,865.8,2500.0,primary,4.0,120.0,150.3,113.7,77.0,0.0,1.0,
lower_east_side,4202805400,McDonald's,40.7291001,-73.9932306,food_drink,865.9,3648.0,primary,2.0,32.5,55.4,170.9,167.4,0.0,1.0,
lower_east_side,13189819502,Avani Beauty,40.7174067,-73.9985263,personal_care,865.9,3608.0,residential,1.0,93.7,120.5,125.6,58.9,0.6,0.4,
lower_east_side,6166731986,Taiyaki NYC,40.7179367,-73.9989552,food_drink,866.1,2531.0,residential,,56.8,56.1,77.4,71.7,0.8332631933338944,0.1666526386667789,
lower_east_side,2563986220,Nickel & Diner,40.7188128,-73.9995074,food_drink,866.2,2562.0,primary,1.0,33.8,67.1,91.2,167.5,0.0,1.0,
lower_east_side,8333740849,May Kaidee,40.7141554,-73.9874744,food_drink,866.6,2100.0,secondary,2.0,134.4,112.1,149.2,116.5,0.3754106053496011,0.6245893946503989,
lower_east_side,2563985399,Sapori,40.7174105,-73.99854,food_drink,866.6,3608.0,residential,1.0,92.5,119.4,125.2,57.9,0.6,0.4,
lower_east_side,9809110693,Cha-An BONBON,40.729348,-73.9878797,food_drink,866.7,2186.0,residential,1.0,30.6,31.4,104.9,75.5,0.6666666666666666,0.3333333333333333,
lower_east_side,6231529911,Wu's Wonton King,40.7139189,-73.989957,food_drink,867.0,2608.0,secondary,2.0,38.7,196.3,57.3,35.6,0.0,1.0,
lower_east_side,6260885847,Lee Jackson Agency,40.714076,-73.9920395,office_professional,867.3,1586.0,secondary,2.0,28.4,367.6,120.9,90.3,0.6666666666666666,0.3333333333333333,
lower_east_side,2563985440,Top Master Jewelry,40.7171933,-73.9983533,retail,867.3,2500.0,primary,4.0,117.1,147.7,114.0,74.2,0.0,1.0,
lower_east_side,1378899355,Elevate Soho,40.7215487,-74.0002594,retail,867.4,5206.0,secondary,2.0,16.6,333.9,366.7,49.7,0.0,1.0,
lower_east_side,12485270401,Bo Hai Dumpling Town,40.7141626,-73.9873874,food_drink,867.6,2100.0,secondary,2.0,134.8,115.1,143.9,122.1,0.6656050955414012,0.3343949044585987,
lower_east_side,6281938397,Reena Spauldings Fine Art,40.7139131,-73.9899544,leisure_entertainment,867.6,2608.0,secondary,2.0,39.3,195.8,57.5,36.2,0.0,1.0,
lower_east_side,12046346528,Vince,40.7231182,-74.0000963,retail,867.6,2500.0,residential,1.0,91.9,395.2,447.5,213.1,0.0,1.0,
lower_east_side,1396580643,Chase,40.7166025,-73.9977464,finance,867.7,3540.0,residential,1.0,134.3,115.8,95.0,144.8,0.0,1.0,
lower_east_side,7366142878,Evil Katsu,40.7276307,-73.9832512,food_drink,867.8,2306.0,residential,1.0,34.4,358.8,181.4,119.9,0.75,0.25,
lower_east_side,7674034887,Big Apple Food Market,40.7141697,-73.9873017,retail,868.7,2115.0,residential,1.0,135.5,118.4,138.8,127.8,0.8025471418698785,0.1974528581301214,
lower_east_side,8151656727,Mai & Lily Jewelry,40.7172058,-73.9983886,retail,868.9,2500.0,residential,1.0,113.9,144.7,114.5,71.0,0.0,1.0,
lower_east_side,7366142879,Throwback Vintage Sportswear,40.7275967,-73.9831688,retail,869.5,2306.0,residential,1.0,26.7,353.7,182.6,122.3,0.8,0.2,
lower_east_side,11671515584,KO Burger,40.7145,-73.9939599,food_drink,870.0,2173.0,residential,1.0,94.4,261.5,146.0,91.8,0.4843588862151942,0.5156411137848058,
lower_east_side,5243548103,Casa Adela,40.7226329,-73.9797146,food_drink,870.2,3991.0,secondary,2.0,56.2,121.6,107.1,56.6,0.8518255097202465,0.1481744902797534,
lower_east_side,7366142880,Neighborhood Barbers,40.7275779,-73.9831252,personal_care,870.3,726.0,residential,1.0,22.6,351.1,183.5,123.9,0.8333333333333334,0.1666666666666666,
lower_east_side,6916714073,Century Pharmacy,40.713886,-73.9904828,health,871.7,12002.0,secondary,2.0,32.1,236.0,12.9,62.0,0.9576914294924316,0.0423085705075685,
lower_east_side,7366142883,Poke N' Roll,40.7275413,-73.9830427,food_drink,871.9,726.0,residential,1.0,15.0,346.4,185.4,127.3,0.8333333333333334,0.1666666666666666,
lower_east_side,12485270471,7 Elephants,40.7141956,-73.9870365,food_drink,872.0,4282.0,residential,1.0,140.6,131.1,124.9,146.1,0.8122858885916748,0.1877141114083251,
lower_east_side,6206441737,Village Farm Grocery,40.7292277,-73.9869875,retail,872.2,9412.0,residential,1.0,47.6,88.9,166.5,86.1,0.8430039484350077,0.1569960515649922,
lower_east_side,2563986258,Relax Foot Spa,40.7187471,-73.9995523,personal_care,872.5,2562.0,primary,1.0,25.6,59.9,92.6,160.9,0.0,1.0,
lower_east_side,9978637391,Solas,40.7294285,-73.9880625,food_drink,872.5,1192.0,residential,1.0,46.3,26.3,89.4,58.5,0.0,1.0,
lower_east_side,10845663679,"Materialize, Inc.",40.729391,-73.9921562,office_professional,873.1,4491.0,primary,3.0,25.0,79.4,110.2,88.7,0.6930497697873274,0.3069502302126726,
lower_east_side,10031806788,Pomegranate Gallery,40.7258312,-73.9987925,leisure_entertainment,873.1,3670.0,residential,1.0,58.1,324.3,358.8,124.5,0.9166709824434202,0.0833290175565798,
lower_east_side,2826571503,Eastwood,40.7141721,-73.987061,food_drink,873.9,4282.0,residential,1.0,137.7,127.8,124.4,145.4,0.8122858885916748,0.1877141114083251,
lower_east_side,2567538735,La Sala de Pepe,40.7230918,-73.9797591,leisure_entertainment,873.9,3276.0,secondary,2.0,24.4,171.1,147.0,83.3,0.9402878127425808,0.0597121872574192,
lower_east_side,7162418888,Le Botaniste,40.7204727,-74.000209,food_drink,874.0,4022.0,primary,1.0,60.4,223.5,259.6,90.5,0.7282432432432432,0.2717567567567567,
lower_east_side,6231514602,12 Corners,40.7138584,-73.990386,food_drink,874.4,12002.0,secondary,2.0,33.8,227.3,20.8,58.1,0.9576914294924316,0.0423085705075685,
lower_east_side,5397270880,Cha-An Teahouse,40.7294568,-73.9881288,food_drink,874.6,3150.0,residential,1.0,52.3,27.3,84.1,52.4,7.935878104912309e-05,0.9999206412189507,
lower_east_side,5618795277,Timberland,40.7210425,-74.0003105,retail,874.7,3350.0,secondary,2.0,67.8,278.9,318.2,41.3,0.0,1.0,
lower_east_side,6260885845,124 Deli Grocery,40.714019,-73.9921233,retail,874.9,1400.0,secondary,2.0,20.6,372.8,126.8,92.1,0.0,0.1971428571428571,
lower_east_side,2563986254,Toto Beauty,40.7187181,-73.9995744,personal_care,875.4,2562.0,primary,1.0,22.0,56.8,93.7,158.1,0.0,1.0,
lower_east_side,5384685422,260 Sample Sale,40.7193553,-73.9998801,retail,875.5,10524.0,primary,2.0,18.5,131.0,148.5,131.9,0.0,1.0,
lower_east_side,12247152956,"Hello, Yam!",40.727499,-73.9829136,food_drink,875.8,726.0,residential,1.0,7.5,338.4,187.5,131.7,0.8333333333333334,0.1666666666666666,
lower_east_side,13003067601,Village Crêperie,40.727471,-73.982871,food_drink,875.9,725.0,residential,1.0,6.9,336.6,189.9,135.0,0.8333333333333334,0.1666666666666666,
lower_east_side,11725779437,Panther Coffee,40.7256642,-73.9989626,food_drink,875.9,5093.0,residential,1.0,75.7,345.0,358.6,140.3,0.630524861878453,0.369475138121547,
lower_east_side,4708892891,Adidas,40.7237297,-74.0000202,leisure_entertainment,876.1,3750.0,residential,,131.9,421.9,432.9,280.8,0.7030266343825666,0.2969733656174334,
lower_east_side,10115105172,Nakaji,40.7157979,-73.9968327,food_drink,876.2,16000.0,primary,2.0,40.1,33.2,160.7,37.0,0.0,1.0,
lower_east_side,8333736486,Joe's Shanghai,40.7156823,-73.9966551,food_drink,876.2,2000.0,primary,2.0,36.9,21.9,155.0,18.0,0.3333333333333333,0.6666666666666666,
lower_east_side,12097556099,Cartier,40.7243395,-73.9997759,retail,876.4,2500.0,residential,1.0,141.1,446.6,428.0,265.3,0.0,1.0,
lower_east_side,7797556399,Top Bridal Shop,40.7140177,-73.9922148,retail,876.7,2264.0,secondary,2.0,13.2,380.2,134.4,88.9,0.0,1.0,
lower_east_side,4490476995,Warby Parker,40.7253976,-73.9991821,health,877.7,5004.0,residential,1.0,104.7,374.9,364.5,169.0,0.4699126831434068,0.5300873168565932,
lower_east_side,6696993241,Kopitiam Malaysian Coffee,40.7138499,-73.9908808,food_drink,878.0,1875.0,secondary,2.0,30.1,266.8,20.9,80.1,0.0,1.0,
lower_east_side,9036181630,Rakka,40.728427,-73.9844713,food_drink,878.3,2500.0,primary,4.0,54.6,318.3,176.3,131.9,0.8333046471600688,0.1666953528399311,
lower_east_side,13587113340,El Rinconcito,40.7231513,-73.9797154,food_drink,878.7,3276.0,secondary,2.0,21.3,178.2,150.3,90.8,0.9402878127425808,0.0597121872574192,
lower_east_side,2567558503,Lian Jiang,40.7143686,-73.9938106,food_drink,878.8,1763.0,secondary,,82.3,279.3,158.0,103.4,0.8107192667862124,0.1892807332137876,
lower_east_side,886392347,NYU Bookstore,40.7292215,-73.9932385,retail,878.9,3648.0,primary,2.0,23.3,42.7,175.8,179.4,0.0,1.0,
lower_east_side,5618795821,Aldo,40.7209937,-74.0003561,retail,879.0,3350.0,secondary,2.0,70.1,272.5,315.3,41.9,0.0,1.0,
lower_east_side,5891445401,Aeon Bookstore,40.7138445,-73.9909289,retail,879.0,1875.0,secondary,2.0,32.5,270.5,25.0,79.5,0.0,1.0,
lower_east_side,4555818591,Satsko,40.7245384,-73.9802202,food_drink,879.4,2272.0,residential,1.0,130.5,330.4,75.3,49.7,0.9332443257676902,0.0667556742323097,
lower_east_side,6030797812,,40.7172858,-73.9986161,retail,879.6,3608.0,residential,1.0,92.8,125.4,119.8,50.8,0.6,0.4,
lower_east_side,2549930015,Ralph's Famous,40.7274216,-73.9827315,food_drink,880.0,789.0,residential,1.0,17.3,328.6,193.6,137.4,0.8333333333333334,0.1666666666666666,
lower_east_side,13391591362,Stòffa,40.7205122,-74.0002914,retail,880.1,4022.0,primary,1.0,53.2,224.5,267.1,90.2,0.7282432432432432,0.2717567567567567,
lower_east_side,2567566950,Henry Street Playhouse,40.7152783,-73.9838931,leisure_entertainment,880.1,23921.0,primary,1.0,53.5,262.4,281.2,46.9,0.0,1.0,
lower_east_side,12084131487,M & W Nail,40.7231829,-73.9796921,personal_care,881.3,3240.0,secondary,2.0,18.8,182.0,152.2,94.8,0.9283410963812254,0.0716589036187746,
lower_east_side,2262149832,Burgerhead,40.7293897,-73.987348,food_drink,881.4,4147.0,residential,1.0,14.4,53.6,131.6,72.1,0.8571428571428571,0.1428571428571428,
lower_east_side,2547223781,UGG,40.7228135,-74.0003307,retail,881.7,2450.0,residential,1.0,103.0,401.3,443.6,175.8,0.0,1.0,
lower_east_side,12097567699,Jil Sander,40.724182,-73.9999127,retail,881.7,2500.0,residential,1.0,144.0,444.0,433.1,263.4,0.78427684784653,0.21572315215347,
lower_east_side,13195739701,Fishion Wellness Center,40.7166314,-73.9979969,personal_care,881.7,3836.0,residential,1.0,154.0,115.6,78.7,128.4,0.0,1.0,
lower_east_side,12585855701,NYC DSA Office,40.7138335,-73.9888189,office_professional,881.8,1049.0,residential,,113.0,109.6,152.9,59.9,0.75,0.25,
lower_east_side,6261904276,Taipan Bakery,40.7167894,-73.9981712,food_drink,882.0,1875.0,primary,4.0,155.9,133.1,80.5,106.2,0.0,1.0,
lower_east_side,3574706493,Theater for the New City,40.7286136,-73.9847889,leisure_entertainment,882.5,3312.0,primary,4.0,44.3,285.4,157.2,155.6,0.7884940778341794,0.2115059221658206,
lower_east_side,9826455128,Kam Hing Coffee Shop,40.7179543,-73.9991906,food_drink,882.6,6625.0,residential,,41.2,38.2,87.6,70.3,0.0,1.0,
lower_east_side,11031505388,Budget,40.7295607,-73.9883721,leisure_entertainment,882.6,7875.0,residential,1.0,74.9,40.6,66.3,31.8,0.0,1.0,
lower_east_side,12087734386,Birkenstock,40.7235668,-74.0001577,retail,882.9,741.0,residential,,125.5,422.4,426.3,260.8,0.0,1.0,
lower_east_side,12485270422,Champion Pizza,40.7140454,-73.9872559,food_drink,883.0,2115.0,residential,1.0,121.8,107.5,127.1,138.5,0.8025471418698785,0.1974528581301214,
lower_east_side,2494245636,Whiskers Holistic Petcare,40.729444,-73.987554,retail,883.1,4147.0,residential,1.0,8.2,35.7,114.5,72.9,0.8571428571428571,0.1428571428571428,
lower_east_side,1487407044,L'Ecole Restaurant,40.7208901,-74.0003925,food_drink,883.2,20150.0,secondary,2.0,59.8,260.6,307.0,49.0,0.0,1.0,
lower_east_side,1396581104,Hoy Wong Restaurant,40.7166141,-73.998003,food_drink,883.3,1900.0,residential,1.0,153.6,113.7,77.2,129.1,0.5835283107159569,0.416471689284043,
lower_east_side,2547109169,Felix Roasting Co.,40.7261039,-73.9987153,food_drink,883.9,2500.0,primary,3.0,57.7,307.3,347.8,97.6,0.994894026974952,0.0051059730250481,
lower_east_side,247865200,Camper,40.7249194,-73.9995697,retail,884.0,1500.0,residential,1.0,161.6,430.1,383.3,225.0,0.0,1.0,
lower_east_side,2563986247,Toto Group,40.7186345,-73.9996407,retail,884.2,13388.0,primary,1.0,11.7,48.4,97.7,150.2,0.0,1.0,
lower_east_side,6261907676,Penguin Ice Cream,40.716811,-73.9982278,food_drink,884.3,1875.0,primary,4.0,150.7,135.8,79.7,100.9,0.0,1.0,
lower_east_side,2555120249,Raisonne,40.7201233,-74.0002526,retail,884.6,4004.0,residential,,68.7,187.4,230.7,98.7,0.8160992279458297,0.1839007720541703,
lower_east_side,12485270472,Subway,40.7140743,-73.9870467,food_drink,884.7,4282.0,residential,1.0,127.2,119.3,115.8,151.7,0.8122858885916748,0.1877141114083251,
lower_east_side,10790204163,Tori Bien,40.7295936,-73.9884493,food_drink,885.3,1575.0,residential,1.0,82.2,46.5,61.5,26.3,0.6794871794871795,0.3205128205128205,
lower_east_side,6261905356,Canal Pharmacy,40.7168191,-73.9982539,health,885.4,1875.0,primary,4.0,148.5,136.9,79.3,98.6,0.0,1.0,
lower_east_side,10784508205,Allouche Gallery,40.7227411,-74.0003875,retail,885.4,5008.0,residential,1.0,107.6,403.5,443.1,167.0,0.6760257589696412,0.3239742410303587,
lower_east_side,6030797811,Charisma Jewelry,40.717384,-73.9987862,retail,885.5,1505.0,primary,5.0,74.9,108.0,130.2,36.9,0.4999166805532411,0.5000833194467589,
lower_east_side,6597717295,Herschel,40.7208584,-74.0004197,retail,885.9,20150.0,primary,1.0,55.8,256.6,305.2,50.8,0.0,1.0,
lower_east_side,6231514601,The Crossroads,40.7137577,-73.9904961,office_professional,886.0,12002.0,secondary,2.0,43.1,232.8,16.5,72.6,0.9576914294924316,0.0423085705075685,
lower_east_side,12327555834,Korean Street Foods,40.7274717,-73.9826938,food_drink,886.3,789.0,secondary,2.0,20.9,323.2,187.7,136.4,0.8333333333333334,0.1666666666666666,
lower_east_side,11840440162,Carol's Bun,40.7138245,-73.9914494,food_drink,886.3,1875.0,secondary,2.0,38.4,312.5,68.9,87.9,0.8095238095238095,0.1904761904761904,
lower_east_side,12020606769,Cutler and Gross,40.7226203,-74.0004206,health,886.5,2517.0,residential,1.0,111.5,402.4,447.2,153.3,0.8324373385463939,0.1675626614536061,
lower_east_side,8098170627,18 Pharmacy,40.7159422,-73.9972278,retail,886.8,3000.0,residential,,69.5,62.4,131.8,74.0,0.847505184823716,0.152494815176284,
lower_east_side,2547109036,Polo Ralph Lauren,40.7251889,-73.9994493,retail,887.4,4750.0,residential,,136.1,405.9,366.1,193.8,0.4812227506936187,0.5187772493063812,
lower_east_side,8333736485,Shinsen Sushi Izakaya & Bar,40.7155856,-73.9967114,food_drink,887.4,2000.0,primary,2.0,48.4,10.2,143.2,17.9,0.3333333333333333,0.6666666666666666,
lower_east_side,278245495,Suncity,40.7137716,-73.9909846,retail,887.5,2188.0,secondary,2.0,41.8,273.0,31.3,71.5,0.7478386167146974,0.2521613832853026,
lower_east_side,5934767189,Hair Toto,40.7186386,-73.9996883,personal_care,887.7,13388.0,primary,1.0,12.5,49.8,101.7,151.6,0.0,1.0,
lower_east_side,9993249850,Lil Sweet Treat,40.7293522,-73.9868971,food_drink,887.7,5521.0,primary,3.0,52.4,89.9,164.9,73.3,0.8016787213144031,0.1983212786855969,
lower_east_side,12485270413,Genco Lee Dry Cleaner,40.7140021,-73.9872497,personal_care,887.8,2115.0,residential,1.0,117.1,103.5,123.8,141.8,0.8025471418698785,0.1974528581301214,
lower_east_side,11296394818,Happy Malaysia Canteen,40.7164395,-73.9978779,food_drink,888.0,1181.0,residential,1.0,135.5,95.7,77.7,146.9,0.0,1.0,
lower_east_side,11031505392,Yakinku West,40.729627,-73.9885276,food_drink,888.0,1575.0,residential,1.0,82.4,53.0,57.2,21.9,0.6794871794871795,0.3205128205128205,
lower_east_side,10992263593,IRO,40.722224,-74.0004901,retail,888.4,2540.0,primary,2.0,71.9,399.0,443.4,108.9,0.8059071729957806,0.1940928270042194,
lower_east_side,13746155618,,40.7140377,-73.9870218,food_drink,889.2,4282.0,residential,1.0,123.7,117.1,111.4,155.5,0.8122858885916748,0.1877141114083251,
lower_east_side,13401793872,Lemieux et Cie,40.7200716,-74.0002964,retail,889.3,6944.0,residential,,67.5,180.6,228.8,104.1,0.0,1.0,
lower_east_side,9807449447,Downtown Social,40.7294584,-73.9872984,food_drink,889.8,4147.0,primary,3.0,20.7,54.1,130.2,63.5,0.8571428571428571,0.1428571428571428,
lower_east_side,9373941165,Village Square Pizza,40.7275037,-73.9826761,food_drink,889.9,789.0,secondary,2.0,23.3,320.2,184.1,133.1,0.8333333333333334,0.1666666666666666,
lower_east_side,2563986243,Centre Care Phamacy,40.7185822,-73.999685,retail,889.9,13388.0,primary,1.0,6.5,43.7,100.9,145.5,0.0,1.0,
lower_east_side,4755831441,Think Coffee,40.7212663,-74.0005133,food_drink,890.0,2845.0,secondary,2.0,54.2,298.0,348.2,16.5,0.6504541459126868,0.3495458540873132,
lower_east_side,11031505391,Shiso,40.7296555,-73.9885942,food_drink,890.4,3375.0,residential,1.0,76.1,58.6,54.1,19.8,0.825024381848431,0.174975618151569,
lower_east_side,368043384,Abrons Arts Center,40.715245,-73.9837408,leisure_entertainment,890.6,23921.0,primary,1.0,66.3,272.9,287.0,35.6,0.0,1.0,
lower_east_side,5402540708,Kam Man,40.7168494,-73.9983694,retail,891.1,5025.0,primary,4.0,139.0,141.5,77.7,88.7,0.0,1.0,
lower_east_side,2501548887,Oriental Culture Enterprises Co,40.7160394,-73.9974462,retail,891.9,7092.0,residential,,88.4,73.5,111.6,95.3,0.0,1.0,
lower_east_side,11835593507,Yue Lai Bakery,40.7137947,-73.9916379,food_drink,892.0,1875.0,secondary,2.0,22.8,327.3,85.0,93.6,0.7806451612903226,0.2193548387096774,
lower_east_side,10784505405,AG Jeans SoHo,40.7247423,-73.9997727,retail,892.1,2840.0,residential,1.0,164.6,455.1,389.8,247.5,0.838011088011088,0.161988911988912,
lower_east_side,11031505390,Royal Convenience,40.7296759,-73.9886421,retail,892.1,3375.0,residential,1.0,71.6,62.8,52.2,19.4,0.825024381848431,0.174975618151569,
lower_east_side,9581876701,Sabor A Mexico,40.7285297,-73.9843806,food_drink,892.1,1266.0,primary,4.0,68.3,320.7,165.3,122.3,0.7498883430102724,0.2501116569897275,
lower_east_side,5670827751,senti senti,40.7165707,-73.9980913,retail,892.1,1900.0,residential,1.0,158.0,108.6,68.3,126.5,0.5835283107159569,0.416471689284043,
lower_east_side,10281524809,Stickett Inn,40.7286903,-73.984733,food_drink,892.2,3312.0,primary,4.0,52.8,286.5,148.1,147.0,0.7884940778341794,0.2115059221658206,
lower_east_side,1461531254,Bddw,40.7196363,-74.0001952,retail,892.3,9424.0,residential,,58.7,146.5,188.8,123.0,0.0,1.0,
lower_east_side,10115105167,N B Wing Wong,40.7155469,-73.9967408,food_drink,892.3,2000.0,primary,2.0,46.4,5.2,138.3,18.3,0.0,1.0,
lower_east_side,4816775623,Sobaya,40.7295926,-73.9879292,food_drink,892.5,1450.0,residential,1.0,42.2,4.9,80.6,56.0,0.0,1.0,
lower_east_side,9559639727,Hi-Collar,40.7295825,-73.9878389,food_drink,892.9,1633.0,residential,1.0,35.5,7.3,86.5,56.4,0.4703211157963023,0.5296788842036977,
lower_east_side,5955435385,Shanghai Asian Cruisine,40.7158894,-73.9972598,food_drink,892.9,3000.0,residential,,72.5,59.7,130.7,74.0,0.847505184823716,0.152494815176284,
lower_east_side,9543908517,Fong On,40.7141992,-73.9936957,food_drink,892.9,1258.0,secondary,,68.3,296.7,168.9,98.1,0.0,1.0,
lower_east_side,10182473197,Magic Jewelry,40.7160323,-73.9974555,retail,893.0,7092.0,residential,,89.1,72.4,111.0,95.6,0.0,1.0,
lower_east_side,12744492777,Rainbow Pavilion Trading Inc.,40.7163885,-73.9979015,retail,893.2,1181.0,residential,1.0,135.2,89.8,74.2,146.3,0.0,1.0,
lower_east_side,9543892117,La Cabra,40.7293965,-73.9868649,food_drink,893.2,5521.0,primary,3.0,55.1,90.9,164.7,69.1,0.8016787213144031,0.1983212786855969,
lower_east_side,5814315253,Dior,40.7246402,-73.9998469,retail,893.7,7500.0,residential,1.0,164.9,466.6,396.1,246.9,0.8000867192083047,0.1999132807916953,
lower_east_side,12327532499,Babs Home and Pantry,40.7275374,-73.9826498,retail,894.1,2975.0,secondary,2.0,26.8,316.6,180.1,129.8,0.8000193685841565,0.1999806314158435,
lower_east_side,9036389122,Astor Plate,40.7297204,-73.9909801,food_drink,894.1,17837.0,residential,,44.1,176.3,61.4,37.0,0.8209812182097417,0.1790187817902582,
lower_east_side,6064061185,Naked & Famous Denim,40.7206017,-74.0004776,retail,894.2,3009.0,primary,1.0,38.2,228.0,284.3,75.7,0.8975485188968335,0.1024514811031665,
lower_east_side,12744492778,Laankee,40.7165259,-73.9980761,food_drink,894.4,1900.0,residential,1.0,154.7,103.6,66.6,130.7,0.5835283107159569,0.416471689284043,
lower_east_side,10691446288,Mount Sinai Medical Center Chinatown,40.7182093,-73.9995203,health,894.4,7291.0,primary,1.0,37.3,0.0,94.2,101.8,0.0,1.0,
lower_east_side,4947754523,Kingston Hall,40.7295009,-73.9872677,food_drink,895.1,4104.0,primary,3.0,25.3,55.1,129.7,58.2,0.6073873175771665,0.3926126824228335,
lower_east_side,2494245564,212 East,40.7297134,-73.98873,food_drink,895.4,1350.0,residential,1.0,63.3,70.6,49.8,21.6,0.0,1.0,
lower_east_side,9581876699,Gizmo Notion Corp,40.7285575,-73.984364,personal_care,895.4,1266.0,residential,1.0,71.7,320.9,162.3,120.5,0.7498883430102724,0.2501116569897275,
lower_east_side,9038428116,Chase,40.7297054,-73.9913425,finance,895.9,17837.0,primary,3.0,13.6,145.7,91.9,39.4,0.8209812182097417,0.1790187817902582,
lower_east_side,2563986239,New Top Jewelry,40.7185253,-73.9997309,retail,895.9,13388.0,primary,1.0,6.8,39.4,104.7,140.6,0.0,1.0,
lower_east_side,4792165597,,40.7141971,-73.9937931,food_drink,896.0,1654.0,secondary,,64.7,289.7,160.8,93.2,0.0,0.12531328320802,
lower_east_side,13003153501,Five Spot Jazz,40.7296107,-73.9878145,food_drink,896.4,1633.0,residential,1.0,36.2,7.5,85.8,53.1,0.4703211157963023,0.5296788842036977,
lower_east_side,6260879938,Fulton Care Pharmacy,40.7140895,-73.9934192,health,896.5,3284.0,secondary,,73.3,323.0,193.7,99.0,0.0,1.0,
lower_east_side,2494245665,The Bean,40.7297726,-73.98948,food_drink,896.8,8775.0,residential,1.0,41.9,134.1,52.7,26.7,0.0,1.0,
lower_east_side,13003072802,Keisy Oriental Nature Center,40.7296301,-73.9878992,health,897.1,1450.0,residential,1.0,42.8,0.0,79.2,52.3,0.0,1.0,
lower_east_side,10115105169,Insight Comprehensive Medical PC,40.715504,-73.996766,health,897.4,2000.0,primary,2.0,42.8,0.0,133.1,18.3,0.0,1.0,
lower_east_side,7049620585,The Blonde,40.7191934,-74.000084,food_drink,897.4,8380.0,residential,,34.5,119.3,153.0,156.0,0.0,0.1510008857395925,
lower_east_side,6030797810,Chase,40.7178369,-73.9993099,finance,897.6,5520.0,residential,,25.3,41.6,104.1,57.7,0.0,1.0,
lower_east_side,11031505389,Sushi Bar Hasaki,40.7297391,-73.9887902,food_drink,897.6,1575.0,residential,1.0,57.7,76.1,48.9,24.7,0.5776347546259051,0.4223652453740949,
lower_east_side,12327528096,Blank Street Coffee,40.7275652,-73.9826272,food_drink,897.7,2975.0,secondary,2.0,29.9,313.5,176.9,127.2,0.8000193685841565,0.1999806314158435,
lower_east_side,7093933702,Tin Duc Food Market,40.7137753,-73.9918991,retail,897.8,4153.0,secondary,2.0,5.9,348.4,101.3,95.6,0.704929961797344,0.295070038202656,
lower_east_side,6356748087,Keki Modern Cakes,40.7164858,-73.9980912,food_drink,898.2,2525.0,residential,1.0,154.1,99.2,63.3,132.9,0.7272727272727273,0.2727272727272727,
lower_east_side,7078615623,Eye & Health,40.7287385,-73.9846979,health,898.4,3312.0,residential,1.0,58.4,287.4,142.4,141.7,0.7884940778341794,0.2115059221658206,
lower_east_side,10691511009,Rendr,40.7181648,-73.9995483,health,898.7,7291.0,primary,1.0,41.5,0.0,98.3,97.7,0.0,1.0,
lower_east_side,9993249851,Uluh,40.7294457,-73.9868292,food_drink,899.3,5521.0,primary,3.0,58.5,92.5,164.6,64.6,0.8016787213144031,0.1983212786855969,
lower_east_side,10115105160,Focus Beauty Hair Salon,40.7155316,-73.9968509,personal_care,899.6,2000.0,primary,2.0,48.8,7.8,132.7,26.0,0.0,1.0,
lower_east_side,12485270412,Queen Laundromat,40.7138918,-73.9872338,personal_care,900.0,2107.0,residential,1.0,104.9,93.6,115.9,150.4,0.8206117140550722,0.1793882859449277,
lower_east_side,9807449448,The Copper Still,40.729545,-73.9872359,food_drink,900.5,5437.0,primary,3.0,30.3,56.7,129.3,52.8,0.8333184097421203,0.1666815902578796,
lower_east_side,13073165602,Sake Bar Asoko,40.7137622,-73.9919916,food_drink,900.7,2100.0,secondary,2.0,10.4,355.8,102.7,96.9,0.8,0.2,
lower_east_side,12720698856,Apollo Bagels,40.7288795,-73.9849717,food_drink,901.0,3312.0,residential,1.0,56.4,260.4,131.6,155.8,0.7884940778341794,0.2115059221658206,
lower_east_side,11738964029,Luxeye,40.7163122,-73.9979454,health,901.6,2350.0,residential,1.0,136.0,80.8,68.7,146.0,0.8147167813658021,0.185283218634198,
lower_east_side,278245531,Hotel Mimosa,40.7141343,-73.9937844,hospitality,902.3,1654.0,residential,1.0,58.5,293.8,162.5,87.9,0.0,0.12531328320802,
lower_east_side,2494245394,Wonder,40.7298025,-73.9890803,food_drink,902.3,2808.0,residential,1.0,37.9,101.4,58.2,26.5,0.9559277214631996,0.0440722785368003,
lower_east_side,7078615622,"Terencia S. Q. Conejero, D.D.S, MPH",40.7288028,-73.984749,health,902.5,3312.0,residential,1.0,59.9,280.9,135.9,142.1,0.7884940778341794,0.2115059221658206,
lower_east_side,4696823290,BAPE store,40.7241702,-74.0001771,retail,902.5,1374.0,residential,1.0,164.6,460.8,411.1,245.1,0.0,1.0,
lower_east_side,7078542076,Apollo Bagels,40.7288353,-73.9848267,food_drink,902.5,3312.0,residential,1.0,58.4,273.6,133.4,146.4,0.7884940778341794,0.2115059221658206,
lower_east_side,11761845566,Go Green,40.7286293,-73.9843349,retail,903.5,1266.0,residential,1.0,79.6,320.3,154.6,117.4,0.7498883430102724,0.2501116569897275,
lower_east_side,10858751242,Farm Rio,40.7253405,-73.9995653,retail,903.6,9453.0,residential,,136.3,406.5,346.9,178.8,0.9328859060402684,0.0671140939597315,
lower_east_side,12485270473,Medilane Pharmacy,40.7138988,-73.9870212,health,904.0,2040.0,residential,1.0,108.6,105.1,101.5,164.1,0.8178506375227687,0.1821493624772313,
lower_east_side,12485270411,Orchid Garden Nail Salon,40.7138528,-73.9872283,personal_care,904.3,2107.0,residential,1.0,100.7,90.3,113.3,153.6,0.8206117140550722,0.1793882859449277,
lower_east_side,8159311355,Astor Place Greenmarket,40.7298189,-73.990928,retail,904.6,17837.0,residential,2.0,50.0,181.9,57.2,48.8,0.8209812182097417,0.1790187817902582,
lower_east_side,5208041127,Russian & Turkish Baths,40.7282779,-73.9836217,personal_care,904.7,2300.0,residential,1.0,108.1,370.1,137.2,72.8,0.6308196050342781,0.3691803949657219,
lower_east_side,2547223721,Kate Spade New York,40.7223179,-74.0006761,retail,904.8,2500.0,residential,1.0,88.7,410.2,447.1,117.8,0.8066854611357229,0.193314538864277,
lower_east_side,13588795502,Shake Shack,40.729857,-73.9899054,food_drink,905.3,36003.0,primary,5.0,30.2,170.9,16.2,52.4,0.0,1.0,
lower_east_side,7078534437,Hard to Explain,40.7291395,-73.9855532,food_drink,905.5,2306.0,residential,1.0,84.5,205.1,130.4,158.9,0.941473559120618,0.058526440879382,
lower_east_side,5193469080,Le Coucou,40.7190849,-74.0001395,food_drink,905.7,8380.0,primary,3.0,43.5,110.5,151.9,168.8,0.0,0.1510008857395925,
lower_east_side,6260879937,East Broadway Pharmacy,40.7139967,-73.9933985,health,905.7,1890.0,secondary,2.0,68.4,329.6,197.4,101.1,0.6721311475409836,0.3278688524590163,
lower_east_side,6468283466,Les Enfants de Bohème,40.7136197,-73.9887706,food_drink,905.9,5180.0,residential,,89.6,92.2,159.3,83.6,0.8749739591083598,0.1250260408916401,
lower_east_side,8333740848,Ernesto's,40.7143271,-73.9854388,food_drink,906.0,2185.0,residential,1.0,121.7,238.8,120.2,29.9,0.8342994368996356,0.1657005631003643,
lower_east_side,7154737296,East Canal Jewelry,40.7178309,-73.9994199,retail,906.1,5520.0,primary,4.0,17.7,38.7,110.9,59.0,0.0,1.0,
lower_east_side,4988385027,Unique Hype,40.7157736,-73.9973303,retail,906.4,3000.0,residential,,80.6,56.2,129.3,74.0,0.847505184823716,0.152494815176284,
lower_east_side,4589608995,Saint Laurent,40.7235312,-74.0004583,retail,906.7,5000.0,residential,1.0,142.0,442.7,403.2,253.5,0.9004739336492891,0.0995260663507109,
lower_east_side,5934969282,Pearl & The Beast,40.7195102,-74.0003318,retail,907.1,2175.0,residential,,60.3,128.4,189.3,141.0,0.0,1.0,
lower_east_side,7078534436,Rai Rai Ken,40.7292423,-73.9857986,food_drink,907.7,4612.0,residential,1.0,103.0,182.2,137.6,135.6,0.8333500551821009,0.166649944817899,
lower_east_side,11612557011,Abigail's Kitchen,40.7137076,-73.9878569,leisure_entertainment,908.1,2188.0,residential,,94.9,58.1,156.8,125.0,0.7980255516840883,0.2019744483159117,
lower_east_side,10784699360,T-Mobile,40.7295269,-73.9931241,retail,908.3,3320.0,primary,2.0,20.1,7.9,182.8,170.8,0.3429943405933802,0.6570056594066198,
lower_east_side,7078534435,Shabu-Tatsu,40.7292812,-73.9858915,food_drink,908.7,4612.0,residential,1.0,110.5,173.6,141.3,126.8,0.8333500551821009,0.166649944817899,
lower_east_side,8333740835,New York Canton Lounge,40.7162473,-73.9979811,food_drink,908.7,2356.0,residential,1.0,136.9,73.2,65.0,141.5,0.8227504952559691,0.1772495047440308,
lower_east_side,12720671571,Danny & Coop’s Cheesesteaks,40.7276608,-73.9825681,food_drink,908.8,2976.0,secondary,2.0,40.0,304.5,166.0,118.0,0.8768776163506525,0.1231223836493474,
lower_east_side,6532478322,Ando,40.7293042,-73.9859466,food_drink,909.3,2306.0,residential,1.0,115.0,168.5,143.7,121.6,0.9285575616385168,0.0714424383614832,
lower_east_side,5934969264,Smile To Go,40.7195276,-74.0003689,food_drink,909.6,2175.0,residential,,63.9,127.7,193.0,141.9,0.0,1.0,
lower_east_side,11624325044,Raising Cane's,40.7297829,-73.9917766,food_drink,909.8,8023.0,residential,2.0,24.4,110.8,128.3,70.9,0.8955427333669449,0.1044572666330551,
lower_east_side,5057321124,The East Village Mini Market,40.7276771,-73.9825645,retail,910.3,2976.0,secondary,2.0,41.4,303.4,164.2,116.4,0.8768776163506525,0.1231223836493474,
lower_east_side,9902231447,Boost Mobile,40.7203909,-73.9793091,retail,910.4,2650.0,primary,3.0,77.3,145.3,110.4,115.6,0.868766404199475,0.1312335958005249,
lower_east_side,5978792125,Madame Vo,40.729344,-73.9860416,food_drink,910.5,2307.0,residential,1.0,123.0,159.7,148.2,112.6,0.812743823146944,0.1872561768530559,
lower_east_side,12547655891,Five Points Tattoo,40.7187507,-74.0000488,personal_care,911.2,3227.0,primary,3.0,41.6,74.9,133.6,173.6,0.0,1.0,
lower_east_side,6389740021,New Collectors Gallery,40.7136613,-73.9879416,leisure_entertainment,911.8,2188.0,residential,,94.0,53.6,162.5,122.2,0.8267074413863404,0.1732925586136595,
lower_east_side,2572245364,EastWest Unibank,40.7169895,-73.998811,finance,911.9,7468.0,residential,1.0,102.4,144.7,86.4,50.4,0.0,1.0,
lower_east_side,11638670322,Betty,40.7136688,-73.9878507,food_drink,912.4,2188.0,residential,,90.8,53.7,155.3,127.9,0.7980255516840883,0.2019744483159117,
lower_east_side,12555492701,Clear MD,40.7295818,-73.9930641,health,912.7,3003.0,primary,2.0,15.9,0.0,181.9,166.4,0.0,1.0,
lower_east_side,5799024753,Ten Ren,40.7163524,-73.9981687,food_drink,912.8,2278.0,residential,1.0,155.3,84.6,51.4,131.9,0.8165946724262059,0.1834053275737941,
lower_east_side,5905578939,Prince + Broad,40.7205783,-74.0006968,personal_care,912.9,2504.0,secondary,2.0,19.7,220.0,293.6,75.7,0.0,1.0,
lower_east_side,5934767193,Eastbank,40.7183637,-73.9998598,finance,913.1,3857.0,primary,1.0,25.5,33.4,117.1,127.8,0.0,1.0,
lower_east_side,6150388267,Greene Street Dental,40.7232338,-74.0006185,health,913.2,7500.0,residential,1.0,137.4,440.6,401.9,219.7,0.25,0.75,
lower_east_side,6150413545,ETRO,40.7239389,-74.0004024,retail,913.3,2504.0,residential,,170.0,461.6,396.5,245.3,0.6342582933444607,0.3657417066555393,
lower_east_side,5754908921,Stone Island,40.7231507,-74.0006419,retail,913.5,2483.0,residential,1.0,136.0,438.9,403.7,210.4,0.7339735894357743,0.2660264105642257,
lower_east_side,9807449449,The Long Pour,40.7296514,-73.987159,food_drink,913.6,1508.0,primary,3.0,43.1,62.4,129.5,39.7,0.5288310522773165,0.4711689477226834,
lower_east_side,2555120465,Bibliotheque Cafe & Winebar,40.7218498,-74.0008229,retail,914.8,4788.0,residential,1.0,64.3,356.9,417.7,66.4,0.0,1.0,
lower_east_side,7228506785,The Apartment by the Line,40.7233174,-74.0006238,retail,915.4,7500.0,residential,1.0,141.6,444.8,398.0,229.0,0.25,0.75,
lower_east_side,2547141627,Prince Tea House,40.7294911,-73.9863927,food_drink,915.6,8195.0,residential,1.0,95.7,127.9,168.1,79.7,0.7919025257012311,0.2080974742987688,
lower_east_side,4285496391,Maxi's Noodle,40.7161971,-73.998031,food_drink,915.6,2350.0,residential,1.0,139.8,67.2,60.7,135.6,0.5590640853090382,0.4409359146909617,
lower_east_side,2563986149,Citizens Bank,40.7180433,-73.9996992,finance,916.1,7291.0,primary,4.0,38.5,18.6,115.8,89.8,0.0,1.0,
lower_east_side,4604009574,Nine Moons Piercing,40.7187034,-74.0000875,retail,916.2,3227.0,primary,3.0,41.6,72.8,136.0,170.2,0.0,1.0,
lower_east_side,4792176920,,40.7141621,-73.994338,retail,917.1,18750.0,secondary,2.0,60.6,253.3,116.1,63.7,0.0,1.0,
lower_east_side,2547466292,Maison Margiela,40.7195796,-74.0004804,retail,917.1,2175.0,residential,,74.9,126.3,204.0,145.2,0.0,1.0,
lower_east_side,10992506374,Bowery Capital,40.7187036,-74.000104,finance,917.5,3227.0,primary,3.0,42.8,73.8,137.4,170.8,0.0,1.0,
lower_east_side,2572216588,Chase,40.7295928,-73.9867224,finance,917.6,8195.0,residential,1.0,71.2,99.2,165.9,53.4,0.7919025257012311,0.2080974742987688,
lower_east_side,6281213649,Live by the Sword Tattoo,40.7205217,-74.0007446,personal_care,917.8,8812.0,secondary,2.0,15.0,212.9,291.3,82.0,0.7929994538244164,0.2070005461755835,
lower_east_side,4881021906,CVS Pharmacy,40.7299609,-73.9905041,retail,917.9,36003.0,residential,2.0,43.8,219.8,30.7,80.2,0.0,1.0,
lower_east_side,4792165598,,40.7139194,-73.9935677,food_drink,918.5,1600.0,secondary,2.0,51.8,322.0,185.7,84.4,0.8333333333333334,0.1666666666666666,
lower_east_side,2826571507,LES Gourmet Deli,40.7137206,-73.9872093,retail,919.0,2107.0,residential,,86.2,79.7,105.4,163.6,0.8206117140550722,0.1793882859449277,
lower_east_side,4792165602,,40.7139189,-73.9935878,health,919.1,1600.0,secondary,2.0,50.3,320.7,184.1,83.0,0.8333333333333334,0.1666666666666666,
lower_east_side,4792178323,,40.7141686,-73.9944225,retail,919.3,18750.0,secondary,2.0,63.3,247.1,109.0,56.9,0.0,1.0,
lower_east_side,9807449450,Temakase,40.7296993,-73.9871244,food_drink,919.5,2250.0,residential,1.0,48.9,65.7,130.1,33.9,0.6001137656427759,0.3998862343572241,
lower_east_side,2567551931,DA Shop Corp,40.7156544,-73.9973896,retail,919.5,3000.0,residential,,84.2,55.2,130.5,73.0,0.847505184823716,0.152494815176284,
lower_east_side,247850404,Hauser & Wirth,40.7255943,-73.9996082,leisure_entertainment,919.7,3750.0,residential,1.0,125.5,397.8,323.7,152.1,0.0,1.0,
lower_east_side,2567534009,Alphabet,40.723652,-73.9793543,retail,920.1,4117.0,residential,1.0,41.4,238.9,188.5,112.8,0.7980613893376414,0.2019386106623586,
lower_east_side,5929781531,COS,40.7239761,-74.0004723,retail,920.1,2208.0,residential,,177.0,468.8,389.9,238.2,0.0,1.0,
lower_east_side,2826571506,New Loho Gourmet Deli,40.7137458,-73.9869989,retail,920.9,2040.0,residential,1.0,92.8,94.3,90.7,167.8,0.8178506375227687,0.1821493624772313,
lower_east_side,1237708733,,40.715256,-73.9968354,retail,922.4,25125.0,primary,2.0,26.0,28.2,106.2,12.1,0.5869427076832299,0.4130572923167701,
lower_east_side,12555492702,Flying Tiger Copenhagen,40.7296944,-73.9929659,retail,922.4,3019.0,primary,2.0,16.1,15.0,182.9,160.3,0.6516359982415374,0.3483640017584626,
lower_east_side,12307861590,Kings Kitchen,40.7139084,-73.9936669,food_drink,922.4,2038.0,secondary,2.0,44.3,315.8,178.1,76.9,0.8234255444379046,0.1765744555620953,
lower_east_side,2555120407,Pearl River Mart,40.7204665,-74.0007941,retail,922.8,8812.0,secondary,2.0,13.0,205.9,289.5,88.4,0.7929994538244164,0.2070005461755835,
lower_east_side,4616286889,Patagonia,40.7231069,-74.0007663,retail,923.0,2825.0,residential,1.0,144.6,446.9,396.2,205.5,0.0,1.0,
lower_east_side,12485270474,Victoria's Flower Shop,40.7137243,-73.9869971,retail,923.3,2040.0,residential,,90.6,92.9,89.4,168.4,0.8178506375227687,0.1821493624772313,
lower_east_side,2547121512,Not As Bitter,40.729007,-73.9847265,food_drink,923.3,2692.0,residential,1.0,78.9,276.2,113.1,131.5,0.6666666666666666,0.3333333333333333,
lower_east_side,12552066544,To Eat Sushi,40.7290286,-73.9847778,food_drink,923.3,2692.0,residential,1.0,78.6,271.4,111.5,134.9,0.6666666666666666,0.3333333333333333,
lower_east_side,5923163685,Reformation,40.7193835,-74.0004872,retail,923.6,2617.0,residential,,68.4,109.2,193.0,160.2,0.0,1.0,
lower_east_side,6261905668,Canal Street Pharmacy,40.7170677,-73.9990518,health,923.6,7468.0,tertiary,2.0,83.7,129.0,98.3,31.6,0.0,1.0,
lower_east_side,9771053151,456 New Shanghai,40.7162541,-73.9982288,food_drink,923.8,3850.0,residential,1.0,157.5,74.3,44.2,122.5,0.8333333333333334,0.1666666666666666,
lower_east_side,4792165600,,40.7139194,-73.9937587,food_drink,923.9,1655.0,residential,1.0,39.6,308.7,170.3,71.6,0.0,1.0,
lower_east_side,3574687793,Gelatoville Gelataria,40.7289424,-73.9845457,food_drink,924.4,2692.0,residential,1.0,83.0,292.7,119.0,119.9,0.6666666666666666,0.3333333333333333,
lower_east_side,2567551928,Amazing Choice Pharmacy,40.7156098,-73.99742,health,924.8,3000.0,residential,,80.6,56.4,129.8,73.2,0.847505184823716,0.152494815176284,
lower_east_side,278256449,,40.7147762,-73.9839215,finance,924.8,18700.0,secondary,1.0,71.3,308.9,239.7,22.5,0.0,1.0,
lower_east_side,5978868288,Chinatown Supermarket of Manhattan,40.713697,-73.9928838,retail,924.9,1738.0,secondary,2.0,53.5,384.0,144.6,119.2,0.0404902604508645,0.9595097395491354,
lower_east_side,4568929154,Chinatown Centre Gift shop,40.7182761,-73.999969,retail,925.5,3857.0,primary,1.0,38.9,37.6,128.0,123.5,0.0,1.0,
lower_east_side,4792178321,,40.714133,-73.994507,retail,925.9,18750.0,secondary,2.0,55.7,243.9,103.1,52.5,0.0,1.0,
lower_east_side,11875173524,Duane Reade,40.7208441,-74.0008978,health,926.1,5385.0,primary,1.0,31.4,245.4,327.2,48.8,0.0,1.0,
lower_east_side,6261904275,Hung Kee Fish & Meat Market,40.7171074,-73.9991231,food_drink,926.2,2654.0,tertiary,2.0,76.9,122.9,104.2,25.2,0.8571942446043166,0.1428057553956834,
lower_east_side,1378899236,Suitsupply,40.7221884,-74.0009428,retail,926.3,4788.0,primary,2.0,92.6,393.2,437.7,105.2,0.0,1.0,
lower_east_side,2572216584,Harumi Japanese Mart,40.7297579,-73.987082,food_drink,926.7,2658.0,residential,1.0,56.2,70.3,131.2,27.0,0.8276482157909525,0.1723517842090474,
lower_east_side,9581876700,Beron Beron,40.7287959,-73.9841615,food_drink,927.0,2256.0,residential,1.0,100.1,328.3,138.6,101.0,0.799937349900804,0.200062650099196,
lower_east_side,13398322219,Valley National Bank,40.7204061,-74.0008422,finance,927.8,8812.0,secondary,2.0,15.5,198.5,287.3,95.5,0.7929994538244164,0.2070005461755835,
lower_east_side,2547121461,Hags,40.7289736,-73.984523,food_drink,928.4,2692.0,residential,1.0,86.8,293.7,115.5,116.8,0.6666666666666666,0.3333333333333333,
lower_east_side,4792174314,,40.7140476,-73.9943379,retail,928.8,18750.0,secondary,2.0,48.9,261.0,119.5,61.5,0.0,1.0,
lower_east_side,6260877969,Lan Zhou Ramen 107,40.7136866,-73.9930117,food_drink,928.9,1738.0,secondary,2.0,63.3,375.4,152.7,114.2,0.0404902604508645,0.9595097395491354,
lower_east_side,1239474586,,40.7176218,-73.9995794,retail,929.1,4032.0,primary,4.0,10.3,60.4,137.0,45.2,0.0,1.0,
lower_east_side,9332381121,New York Pilates,40.7194172,-74.0005775,leisure_entertainment,929.9,2617.0,residential,,75.0,107.0,201.4,163.2,0.0,1.0,
lower_east_side,4792178327,,40.714095,-73.9945133,retail,929.9,18750.0,secondary,2.0,52.1,246.2,103.8,54.4,0.0,1.0,
lower_east_side,2563990295,NYC Gift's Town,40.7175005,-73.9995055,retail,930.4,4032.0,residential,1.0,24.2,74.0,143.5,31.3,0.0,1.0,
lower_east_side,12307831703,Modern Coffee House,40.7136888,-73.993096,food_drink,930.7,1738.0,secondary,2.0,69.5,369.3,158.8,108.0,0.5258902460003441,0.4741097539996559,
lower_east_side,5057450097,,40.7300176,-73.9913985,food_drink,930.9,8023.0,residential,2.0,11.5,148.5,100.6,73.0,0.8955427333669449,0.1044572666330551,
lower_east_side,5397315859,Tokyo Mart,40.7167954,-73.9989061,retail,930.9,2542.0,residential,1.0,116.1,150.2,66.0,64.2,0.6963808598494049,0.3036191401505951,
lower_east_side,11624325045,TMPL Fitness Astor Place,40.7298778,-73.9924385,leisure_entertainment,931.1,40513.0,residential,2.0,63.4,62.1,167.6,124.4,0.0,1.0,
lower_east_side,6231514599,FIERMAN,40.713402,-73.9912954,leisure_entertainment,931.2,1774.0,residential,,69.9,292.3,57.6,43.6,0.8866983911171539,0.1133016088828461,
lower_east_side,4792178322,,40.7140167,-73.9943191,retail,931.3,18750.0,secondary,2.0,45.2,264.4,122.1,58.3,0.0,1.0,
lower_east_side,2555120309,Rick Owens,40.7196636,-74.0006856,retail,931.5,6047.0,residential,,79.8,125.0,223.6,153.9,0.0,1.0,
lower_east_side,9552593824,The Donut Pub,40.7297984,-73.9928785,food_drink,931.6,3019.0,primary,2.0,25.6,28.7,185.1,156.0,0.6516359982415374,0.3483640017584626,
lower_east_side,11738972189,Big Wong,40.7161895,-73.998278,food_drink,931.7,2390.0,residential,1.0,160.2,68.1,39.9,115.8,0.8335737268390103,0.1664262731609896,
lower_east_side,5415434959,Kavasutra Kava Bar,40.7284736,-73.9834305,food_drink,931.8,2369.0,residential,1.0,115.5,351.3,110.5,47.2,0.8151191454396056,0.1848808545603944,
lower_east_side,9215723524,Burberry,40.7240197,-74.0006002,retail,931.8,9614.0,residential,,187.7,480.5,378.4,226.9,0.2880947811065938,0.7119052188934062,
lower_east_side,10115105171,V1 Hair Salon,40.7154338,-73.9972917,personal_care,932.1,25125.0,residential,1.0,58.4,45.0,111.4,55.3,0.5869427076832299,0.4130572923167701,
lower_east_side,4792178325,,40.7140191,-73.9943536,retail,932.2,18750.0,secondary,2.0,46.8,261.9,119.3,58.3,0.0,1.0,
lower_east_side,4616286989,Versus Versace,40.723473,-74.0007858,retail,932.3,2250.0,residential,1.0,161.7,464.4,379.1,226.1,0.0,1.0,
lower_east_side,5585955221,Live Live and Organic,40.7284546,-73.9833854,retail,932.3,2369.0,residential,1.0,111.2,347.8,109.3,45.1,0.8151191454396056,0.1848808545603944,
lower_east_side,11738977653,iLook Eyewear,40.7160337,-73.9981113,health,932.8,2350.0,residential,1.0,144.2,48.9,57.5,124.0,0.553072625698324,0.4469273743016759,
lower_east_side,7633814599,Veggie Deli Corner,40.71338,-73.9887234,food_drink,932.8,2608.0,residential,,63.9,77.6,169.7,95.8,0.8256101874778917,0.1743898125221082,
lower_east_side,6910758318,Niconeco Zakkaya,40.7284229,-73.9833099,retail,933.3,2369.0,residential,1.0,104.0,341.9,107.5,42.4,0.8,0.2,
lower_east_side,6412172122,787 Coffee,40.7298631,-73.9873007,food_drink,933.4,2658.0,residential,1.0,57.2,56.7,110.0,25.4,0.8276482157909525,0.1723517842090474,
lower_east_side,2494245730,IBM Watson,40.7301107,-73.9902463,office_professional,933.7,36003.0,residential,1.0,34.2,204.9,24.7,81.0,0.0,1.0,
lower_east_side,6260877968,New Wong,40.7136792,-73.9931769,food_drink,933.7,1738.0,secondary,2.0,75.6,364.2,164.0,101.6,0.0,1.0,
lower_east_side,4146358991,Ferns,40.7288511,-73.9841239,food_drink,933.9,2225.0,residential,1.0,93.2,329.7,133.3,94.6,0.8432133791249813,0.1567866208750186,
lower_east_side,2567551912,Bank of America,40.7152018,-73.9969659,finance,934.0,3462.0,residential,1.0,29.6,37.6,95.5,19.9,0.7683823529411765,0.2316176470588235,
lower_east_side,2547109069,Max Mara,40.7253919,-73.9999366,retail,934.1,2442.0,residential,,148.3,432.2,322.7,182.1,0.8252780153977759,0.1747219846022241,
lower_east_side,6910758321,Ahimsa,40.7283918,-73.983236,food_drink,934.3,2369.0,residential,1.0,97.0,336.1,106.3,40.8,0.8294727866988774,0.1705272133011226,
lower_east_side,2567551919,AC Hair,40.7155266,-73.9974736,personal_care,934.7,1610.0,residential,,74.2,52.5,120.4,73.6,0.8333333333333334,0.1666666666666666,
lower_east_side,5265714783,Keetsa,40.7215143,-74.001059,retail,934.9,2489.0,residential,1.0,81.3,317.7,395.7,40.9,0.7498926762256375,0.2501073237743625,
lower_east_side,9552593823,Hetrick-Martin Institute,40.7298931,-73.9925616,office_professional,935.1,40513.0,residential,2.0,54.2,54.7,175.1,134.5,0.0,1.0,
lower_east_side,1252123735,East Broadway Mall,40.7140012,-73.9943948,retail,935.4,18750.0,secondary,2.0,47.0,260.5,116.7,56.2,0.0,1.0,
lower_east_side,5734394321,Xe Lua,40.7165861,-73.9987702,food_drink,935.7,2518.0,residential,1.0,142.0,124.3,41.5,90.2,0.8,0.2,
lower_east_side,6261906968,Win Sea Food Market,40.717172,-73.9993156,food_drink,935.8,2150.0,tertiary,2.0,63.7,112.1,116.7,18.7,0.7062325581395349,0.2937674418604651,
lower_east_side,9552593825,Potbelly,40.7298459,-73.9928398,food_drink,935.8,3019.0,primary,2.0,30.9,34.9,186.5,154.5,0.6516359982415374,0.3483640017584626,
lower_east_side,4490574507,Muji,40.7207142,-74.0009938,retail,935.8,5332.0,secondary,2.0,15.5,229.8,321.3,65.2,0.0,1.0,
lower_east_side,13384471001,The Clean Bedroom,40.722255,-74.0010571,retail,936.3,4864.0,primary,2.0,104.7,399.8,425.5,114.6,0.282428888440589,0.7175711115594109,
lower_east_side,4792129913,88 palace,40.7139447,-73.9942578,food_drink,936.7,18750.0,secondary,2.0,35.7,273.4,129.8,51.3,0.0,1.0,
lower_east_side,13401793873,Schott,40.7196996,-74.0007617,retail,936.8,6047.0,residential,,73.9,125.8,231.1,157.3,0.0,1.0,
lower_east_side,4792136731,Fu Zhou Wei Zhong Wei Jia Xiang Feng Wei,40.714027,-73.9945129,food_drink,936.8,18750.0,residential,2.0,46.8,251.1,106.4,59.1,0.0,1.0,
lower_east_side,5403602691,Chikalicious,40.7296787,-73.9863187,food_drink,937.3,2625.0,residential,1.0,106.5,133.3,156.1,71.9,0.8,0.2,
lower_east_side,9655041169,fresh&co,40.7297602,-73.9932978,food_drink,937.4,37400.0,primary,2.0,4.7,28.0,192.9,189.2,0.8861568809231605,0.1138431190768395,
lower_east_side,11738970500,Peoples Pharmacy,40.7161356,-73.9983132,health,937.8,2310.0,residential,1.0,162.2,63.1,37.9,110.9,0.8697988904299584,0.1300277392510402,
lower_east_side,6260877967,Jingdezhen,40.7136573,-73.993266,retail,938.2,1738.0,secondary,2.0,68.1,359.4,169.2,93.9,0.0,1.0,
lower_east_side,4496779320,JG Sohotel,40.7187802,-74.0004094,hospitality,938.5,1950.0,primary,3.0,59.7,82.2,164.1,190.7,0.0,0.1321625780754956,
lower_east_side,6910758319,Clash City Tattoo,40.7282742,-73.9829565,personal_care,938.6,2369.0,residential,1.0,70.7,315.0,105.8,45.5,0.800066130276645,0.199933869723355,
lower_east_side,12294738656,Nocturne,40.7251499,-74.0001458,retail,938.8,750.0,residential,1.0,177.5,459.7,334.7,209.3,0.8,0.2,
lower_east_side,4792165601,Fresh Swan Bakery,40.7139047,-73.994195,food_drink,938.8,18750.0,secondary,2.0,29.5,280.3,136.4,48.6,0.0,1.0,
lower_east_side,6261876005,Sun Sai Gai Restaurant,40.717196,-73.9993781,food_drink,938.8,2150.0,tertiary,2.0,59.6,108.7,121.4,19.6,0.7062325581395349,0.2937674418604651,
lower_east_side,10689391028,Pleats Please,40.7252452,-74.0000954,retail,939.3,750.0,residential,1.0,166.4,451.3,328.1,202.3,0.8,0.2,
lower_east_side,6910758322,Oh My Nails,40.7282572,-73.9829159,personal_care,939.3,2369.0,residential,1.0,67.0,312.0,106.3,47.5,0.800066130276645,0.199933869723355,
lower_east_side,2705025330,Columbia Pizza,40.7173572,-73.9804169,food_drink,939.7,4400.0,residential,2.0,95.8,441.8,239.6,203.2,0.0,1.0,
lower_east_side,5599454349,Astor Place Hairstylists,40.72991,-73.9927013,personal_care,939.8,3019.0,residential,2.0,44.5,47.6,183.9,146.1,0.6516359982415374,0.3483640017584626,
lower_east_side,4589608996,Burton,40.7233032,-74.0009234,retail,939.9,3760.0,residential,1.0,164.1,467.3,375.2,215.8,0.5999514356826322,0.4000485643173678,
lower_east_side,12232386092,Kabob Town,40.7174797,-73.9996271,food_drink,940.4,4032.0,tertiary,1.0,26.6,76.5,151.6,38.7,0.0,1.0,
lower_east_side,9581876702,Joe & Pat's,40.7289087,-73.9840953,food_drink,940.6,2225.0,primary,4.0,86.4,330.4,127.8,88.8,0.7709923664122137,0.2290076335877862,
lower_east_side,724196597,Madman Espresso,40.7301457,-73.9908993,food_drink,940.6,36003.0,primary,2.0,41.3,192.9,69.2,84.6,0.0,1.0,
lower_east_side,9904363429,49 Columbia Newsstand & Luncheonette,40.7173047,-73.9804441,food_drink,940.7,4400.0,residential,2.0,90.3,439.4,245.9,199.5,0.0,1.0,
lower_east_side,6260877966,Fortune Meat Market,40.7136543,-73.9933565,food_drink,940.8,2583.0,secondary,2.0,60.5,353.4,175.8,87.0,0.7963340122199593,0.2036659877800407,
lower_east_side,1239474587,,40.7178567,-73.9999051,retail,940.9,4178.0,primary,4.0,33.0,45.6,141.2,83.0,0.0,1.0,
lower_east_side,5599438448,Bookoff,40.7299057,-73.9927854,retail,941.1,3019.0,primary,2.0,38.3,43.0,188.2,152.4,0.6516359982415374,0.3483640017584626,
lower_east_side,6910758317,Fox & Jane,40.7282079,-73.9827988,personal_care,941.4,2369.0,residential,1.0,56.2,303.5,108.5,54.3,0.800024313153416,0.199975686846584,
lower_east_side,4616287089,Longchamp,40.7238465,-74.0007851,retail,941.8,4943.0,residential,,185.4,483.7,367.2,228.9,0.0,1.0,
lower_east_side,2702788197,Cleantech Cleaners,40.7172522,-73.9804713,personal_care,941.8,4400.0,residential,2.0,84.9,437.0,252.1,193.5,0.0,1.0,
lower_east_side,11300452752,CFSC,40.7239086,-73.9791672,finance,942.4,4994.0,secondary,2.0,62.4,270.6,187.4,91.0,0.8149861239592969,0.185013876040703,
lower_east_side,13320069201,1-900-Bleach Me,40.7284217,-73.9831304,personal_care,942.4,2369.0,residential,1.0,89.8,326.9,98.4,33.1,0.9012345679012346,0.0987654320987654,
lower_east_side,5057450972,Dashmart,40.7300536,-73.9919952,retail,942.7,8023.0,residential,2.0,51.6,104.2,150.3,104.5,0.8955427333669449,0.1044572666330551,
lower_east_side,6910758320,Crops for Girls,40.7281731,-73.9827161,personal_care,942.9,2369.0,residential,1.0,48.7,297.6,110.8,59.9,0.8,0.2,
lower_east_side,2547223550,Material Good,40.7250658,-74.0002524,retail,943.3,10100.0,residential,1.0,188.6,472.0,338.0,201.8,0.0,1.0,
lower_east_side,11786013228,Pret A Manger,40.7300533,-73.9920475,food_drink,943.5,8023.0,residential,2.0,56.0,100.4,154.6,107.7,0.8955427333669449,0.1044572666330551,
lower_east_side,2572216591,Marinara,40.7297952,-73.9865464,food_drink,943.5,2625.0,residential,1.0,94.2,115.5,172.5,48.8,0.8,0.2,
lower_east_side,2567551905,United Health Pharmacy,40.7154451,-73.9975207,health,944.1,1610.0,residential,,68.7,50.8,111.3,73.3,0.8333333333333334,0.1666666666666666,
lower_east_side,2826472424,Royal Business Bank,40.7148225,-73.996508,finance,944.1,247567.0,primary,3.0,37.0,78.8,84.9,14.5,0.0,1.0,
lower_east_side,248142897,EastSide Story,40.7284786,-73.9831928,food_drink,944.2,2369.0,residential,1.0,97.1,331.3,96.4,31.0,0.8294727866988774,0.1705272133011226,
lower_east_side,9215755055,Rudy's Music,40.722295,-74.0011468,retail,944.2,5023.0,primary,2.0,113.4,403.8,416.8,120.9,0.6925293826270995,0.3074706173729004,
lower_east_side,6185158917,CB2,40.7206089,-74.0010787,retail,944.3,5332.0,secondary,2.0,6.9,217.3,317.4,78.7,0.0,1.0,
lower_east_side,9735398747,New York Souvenier,40.7159269,-73.9981739,retail,944.7,1235.0,residential,1.0,144.9,37.7,58.1,116.8,0.7998278088678433,0.2001721911321567,
lower_east_side,13162330401,From Lucie,40.7285237,-73.9832612,food_drink,944.7,2369.0,residential,1.0,104.4,336.6,96.5,32.2,0.8,0.2,
lower_east_side,6124317999,Mulberry Pharmacy,40.7166697,-73.9989872,retail,944.7,2458.0,residential,1.0,125.8,141.5,54.5,75.2,0.8947909847563826,0.1052090152436173,
lower_east_side,1827808976,CVS Pharmacy,40.7150478,-73.9830229,health,944.7,3948.0,primary,1.0,15.6,328.3,248.1,22.3,,,
lower_east_side,4792178324,,40.7139437,-73.9944994,retail,944.8,18750.0,residential,2.0,42.1,258.1,111.2,50.5,0.0,1.0,
lower_east_side,5104847331,Ray-Ban,40.724917,-74.0003581,health,945.1,5000.0,residential,1.0,206.7,487.5,348.2,196.7,0.7042103013464416,0.2957896986535585,
lower_east_side,4616287090,Valentino,40.7241052,-74.0007373,retail,945.6,9614.0,residential,,202.5,495.3,365.4,211.9,0.2880947811065938,0.7119052188934062,
lower_east_side,12087747356,Swatch,40.7239095,-74.000811,retail,945.7,4943.0,residential,,191.7,489.1,363.4,222.7,0.0,1.0,
lower_east_side,1239474602,,40.7184088,-74.0003154,retail,946.3,3011.0,primary,4.0,51.7,70.1,154.6,152.2,,,
lower_east_side,7633814600,,40.7132052,-73.9899625,retail,946.4,1599.0,residential,,43.4,179.0,92.4,77.3,0.9006128871956269,0.099387112804373,
lower_east_side,6530593034,,40.7148107,-73.9965532,finance,947.4,247567.0,primary,3.0,38.0,79.2,87.3,11.7,0.0,1.0,
lower_east_side,6260877965,Let's Go Thai Ice Cream,40.7136358,-73.9935335,food_drink,947.4,2188.0,secondary,2.0,45.6,342.6,188.2,72.6,0.8093624232154205,0.1906375767845795,
lower_east_side,368051467,Astor Place Opera House,40.7300861,-73.9921313,leisure_entertainment,948.4,15030.0,residential,2.0,62.7,96.6,162.3,115.4,0.9022081165030148,0.0977918834969852,
lower_east_side,6231514598,,40.71321,-73.99082,food_drink,948.5,2383.0,residential,,75.0,251.3,67.3,12.4,0.8,0.0,
lower_east_side,2567533490,Alex Shoe Repair Watch Repair,40.7239793,-73.9791157,personal_care,948.6,4994.0,secondary,2.0,54.1,279.3,185.4,86.2,0.8149861239592969,0.185013876040703,
lower_east_side,10115105164,Sai Kay 21 Beauty Skin Care,40.7154049,-73.9975471,personal_care,948.9,1610.0,residential,1.0,66.5,50.4,106.9,73.5,0.8333333333333334,0.1666666666666666,
lower_east_side,9018179738,Bluestone Lane,40.7302461,-73.9904206,food_drink,949.3,36003.0,residential,1.0,13.5,223.2,45.7,99.1,0.0,1.0,
lower_east_side,2702788207,Key Food,40.7171763,-73.9804277,retail,949.4,4400.0,residential,2.0,76.0,440.7,259.3,189.3,0.0,1.0,
lower_east_side,7732048438,H Mart,40.7302306,-73.9890875,retail,949.7,27583.0,residential,1.0,19.9,120.4,46.0,34.0,0.0,0.0525845425458613,
lower_east_side,2826494992,Hotel91,40.713636,-73.9936267,hospitality,949.9,2188.0,secondary,2.0,37.7,336.4,192.3,65.5,0.8093624232154205,0.1906375767845795,
lower_east_side,5167467623,Bobwhite Lunch and Supper Counter,40.7236542,-73.9789806,food_drink,950.8,1179.0,secondary,2.0,61.0,248.8,182.5,108.3,0.7476022211004543,0.2523977788995457,
lower_east_side,5849856422,Thurman Isaiah and widow Napoli,40.7262076,-73.9995712,retail,950.9,7500.0,residential,1.0,58.7,373.4,281.1,86.5,0.7129949103109094,0.2870050896890905,
lower_east_side,6044339377,Kaigo Coffee Room,40.7186713,-74.0005149,food_drink,951.1,1950.0,primary,3.0,54.8,72.3,171.4,185.6,0.0,0.1321625780754956,
lower_east_side,6124317997,Dollar More,40.7166094,-73.9990234,retail,951.2,2560.0,residential,1.0,130.9,137.6,49.7,81.0,0.8128149748020158,0.1871850251979841,
lower_east_side,1239474588,,40.7180222,-74.0001496,retail,951.2,1170.0,primary,4.0,60.3,53.1,151.2,110.6,0.0,1.0,
lower_east_side,13324560997,King's Kitchen,40.7158774,-73.9982231,food_drink,951.5,1235.0,residential,1.0,143.6,33.4,58.1,112.0,0.7998278088678433,0.2001721911321567,
lower_east_side,6764557213,Ming Wong,40.716,-73.9983757,food_drink,951.8,2500.0,residential,1.0,162.4,51.1,39.5,101.5,0.7371188222923238,0.2628811777076761,
lower_east_side,2547223609,Mulberry,40.7239419,-74.0008746,retail,951.8,2763.0,residential,,198.1,495.6,357.4,216.4,0.0,1.0,
lower_east_side,12310498795,Ebisu Life Store,40.7205108,-74.0011603,retail,952.6,5000.0,secondary,2.0,13.2,205.8,314.5,91.5,0.0,1.0,
lower_east_side,13019169928,Zesty NYC,40.720641,-74.0011862,office_professional,952.8,5332.0,secondary,2.0,16.5,220.0,326.3,79.6,0.0,1.0,
lower_east_side,6218981269,Sweets Bakery,40.71729,-73.9996503,food_drink,952.8,8900.0,tertiary,1.0,47.7,90.6,141.7,36.7,0.5718545381283369,0.4281454618716631,
lower_east_side,6260877964,Xing Wong BBQ,40.7136265,-73.9937134,food_drink,953.3,1525.0,secondary,2.0,30.5,331.3,186.2,58.7,0.0,1.0,
lower_east_side,5781309872,Marc Jacobs,40.7255046,-74.0001212,retail,953.6,4850.0,residential,1.0,138.5,441.6,303.3,177.1,0.9428935937547462,0.0571064062452537,
lower_east_side,2826472423,Confucious Pharmacy,40.714758,-73.9965882,retail,953.8,247567.0,primary,3.0,43.7,84.3,84.4,11.4,0.0,1.0,
lower_east_side,2555120267,,40.7186501,-74.0005411,retail,954.0,1950.0,primary,3.0,53.9,70.1,173.4,185.0,0.0,0.1321625780754956,
lower_east_side,6925885914,Tony Moly,40.7175745,-73.9998835,retail,954.1,1501.0,tertiary,1.0,31.2,71.5,158.9,62.8,0.0,1.0,
lower_east_side,11620209249,SANUKI UDON,40.7291862,-73.9955475,food_drink,954.4,2497.0,residential,1.0,155.0,213.8,30.8,102.8,0.0,1.0,
lower_east_side,5712455421,Opening Ceremony,40.7195655,-74.0009327,retail,954.4,2500.0,residential,,78.2,106.6,235.6,177.3,0.5255255255255256,0.4744744744744745,
lower_east_side,4300546989,Urban Outfitters,40.7298756,-73.9864543,retail,954.4,10207.0,residential,1.0,105.5,124.8,163.7,52.8,0.8750812737134063,0.1249187262865937,
lower_east_side,7875927587,47 Division Street Trading,40.7140967,-73.9951842,food_drink,954.5,1706.0,secondary,2.0,44.8,205.6,52.9,33.9,0.0,1.0,
lower_east_side,4210173133,Momofuku Noodle Bar,40.7291861,-73.9843786,food_drink,954.9,1483.0,primary,4.0,72.7,300.0,92.6,97.9,0.7999652717485675,0.2000347282514325,
lower_east_side,7052629733,Kung Fu Tea,40.7177378,-74.0000133,food_drink,955.1,4178.0,secondary,2.0,38.1,61.6,156.1,81.5,0.0,1.0,
lower_east_side,5209387822,ABC Beer Co.,40.7236831,-73.9789326,food_drink,955.4,1179.0,secondary,2.0,66.1,253.3,185.3,103.1,0.7476022211004543,0.2523977788995457,
lower_east_side,4006285144,Your Desire In Food,40.7240563,-73.9790595,retail,955.5,1757.0,residential,1.0,45.5,288.9,183.7,81.8,0.8950524737631185,0.1049475262368815,
lower_east_side,2555120271,Sang Sang Jewelry,40.7186768,-74.0005788,retail,955.9,1950.0,primary,4.0,49.7,66.9,176.8,189.3,0.0,0.1321625780754956,
lower_east_side,5403604452,Warehouse Wines,40.7299756,-73.9931167,retail,956.0,37400.0,primary,2.0,27.8,44.0,190.9,181.3,0.8861568809231605,0.1138431190768395,
lower_east_side,2567551886,New Yue Wong,40.7154696,-73.9977671,food_drink,956.2,1610.0,residential,1.0,84.4,30.6,116.2,93.4,0.8333333333333334,0.1666666666666666,
lower_east_side,2563988680,New York Souvenir & Gift Center,40.7179664,-74.0001843,retail,956.5,1170.0,secondary,2.0,59.5,58.0,156.3,108.5,0.0,1.0,
lower_east_side,6260877963,Young Xinjiang BBQ Cart,40.7136196,-73.993807,food_drink,956.6,54.0,residential,1.0,22.8,325.7,179.6,51.6,,,
lower_east_side,6100964794,Lung Moon Bakery,40.7165556,-73.9990538,food_drink,956.8,4988.0,residential,1.0,135.7,134.2,45.8,86.4,0.7254531499084844,0.2745468500915156,
lower_east_side,8333740837,Kingwuu,40.7173742,-73.9997709,food_drink,956.8,8900.0,tertiary,1.0,41.6,80.7,155.1,47.0,0.5718545381283369,0.4281454618716631,
lower_east_side,9543907017,Joe's Steam Rice Roll,40.7190696,-74.0007786,food_drink,957.3,17961.0,primary,4.0,35.2,67.2,201.9,202.4,0.0116451716207167,0.9883548283792832,
lower_east_side,6462532126,ViVi Bubble Tea,40.7303245,-73.9895846,food_drink,957.8,20165.0,residential,1.0,35.7,161.6,59.6,45.9,0.9312819729709094,0.0687180270290906,
lower_east_side,2563988682,Convenience Shop,40.7179864,-74.0002146,retail,957.9,1170.0,primary,4.0,57.7,59.6,157.7,111.9,0.0,1.0,
lower_east_side,3991220678,Bayard L. C. Pharmacy,40.7155025,-73.9978469,health,958.2,3662.0,residential,1.0,91.8,22.9,109.8,101.0,0.7128351991668836,0.2871648008331163,
lower_east_side,12590625417,Broadway Food Court,40.7204494,-74.0012185,food_drink,958.4,2616.0,secondary,2.0,20.4,198.6,313.3,99.7,0.0,1.0,
lower_east_side,9332373140,Popular Jewelry,40.7187166,-74.0006349,retail,958.7,1825.0,primary,4.0,43.5,62.5,181.9,194.4,0.0,1.0,
lower_east_side,6538310256,Renew Regal Spa,40.7188617,-74.0007077,personal_care,959.0,4026.0,primary,4.0,33.7,60.1,190.4,206.8,0.0,1.0,
lower_east_side,6582979194,Xi'an Famous Foods,40.7151273,-73.9973245,food_drink,959.7,1250.0,residential,1.0,31.1,63.0,77.4,42.6,0.4998,0.5002,
lower_east_side,3574719396,Horus Café,40.727887,-73.982007,food_drink,959.7,1446.0,residential,2.0,7.4,251.0,146.0,118.6,0.8340248962655602,0.1659751037344398,
lower_east_side,7052647022,Magic Jewelry,40.7176869,-74.0000405,retail,959.8,4178.0,secondary,2.0,40.4,67.4,161.3,80.4,0.0,1.0,
lower_east_side,8333740846,A. 1. PIZZA SHOP,40.7149914,-73.9828256,food_drink,960.0,92400.0,primary,1.0,11.3,344.3,230.9,32.8,0.9734967112951154,0.0265032887048846,
lower_east_side,4470028590,Great NY Noodletown,40.7149725,-73.9970927,food_drink,960.6,3462.0,primary,2.0,5.1,65.2,68.0,17.3,0.7683823529411765,0.2316176470588235,
lower_east_side,5306295632,Hao Zu Dao,40.7159196,-73.9984252,personal_care,960.9,2500.0,residential,1.0,159.1,45.9,42.7,95.7,0.7100591715976331,0.2897256589564282,
lower_east_side,5607902921,Wonton Noodle Garden,40.7157853,-73.9982634,food_drink,961.0,3637.0,residential,1.0,138.9,25.8,62.9,108.2,0.8117148157964484,0.1882851842035515,
lower_east_side,11074226307,NY 99 Cents Pizza,40.7176803,-74.0000521,food_drink,961.0,4178.0,secondary,2.0,41.5,68.6,162.5,80.8,0.0,1.0,
lower_east_side,4616287091,Chanel,40.7241862,-74.0008978,retail,961.1,5392.0,residential,,218.4,511.6,350.7,195.8,0.7932116672820296,0.2067883327179703,
lower_east_side,3991220674,Lucky Star Bamboo Depot,40.7155467,-73.9979578,retail,961.2,3662.0,residential,1.0,102.0,12.4,99.8,111.5,0.7128351991668836,0.2871648008331163,
lower_east_side,9332373141,,40.7187513,-74.0006839,retail,961.3,1825.0,primary,4.0,38.2,58.8,186.5,196.2,0.0,1.0,
lower_east_side,5175559548,Antique Garage,40.7214704,-74.0013728,food_drink,961.4,1250.0,residential,1.0,104.1,311.7,406.8,60.7,0.0,1.0,
lower_east_side,11102160771,Canal Street Market Food Hall,40.7189524,-74.0007798,food_drink,961.5,4026.0,primary,4.0,28.9,59.2,198.5,209.9,0.0,1.0,
lower_east_side,2547023926,Cozy Soup 'n' Burger,40.7300458,-73.9930576,food_drink,962.1,37400.0,primary,2.0,36.9,51.6,187.7,179.6,0.8861568809231605,0.1138431190768395,
lower_east_side,12542895731,Iggy's,40.7292437,-73.9843369,food_drink,962.2,1483.0,primary,4.0,65.7,293.9,86.8,93.2,0.7999652717485675,0.2000347282514325,
lower_east_side,5934767188,East Season Restaurant House,40.7180742,-74.0003269,food_drink,962.3,1349.0,primary,4.0,45.6,66.4,163.2,125.4,0.0,1.0,
lower_east_side,2826472420,,40.7147279,-73.9967075,retail,962.4,3462.0,primary,3.0,37.2,86.4,73.9,7.8,0.7683823529411765,0.2316176470588235,
lower_east_side,10182473196,K. K. Discount Store,40.7163541,-73.9989327,retail,962.4,4910.0,residential,1.0,160.2,110.4,21.9,78.3,0.914662032379036,0.085337967620964,
lower_east_side,6259718197,Bayard's Hardware,40.7151814,-73.9974613,retail,962.6,2100.0,residential,1.0,43.9,68.7,82.0,55.6,0.8144482929242949,0.1855517070757051,
lower_east_side,2555120275,,40.718776,-74.0007188,retail,963.1,4026.0,primary,4.0,34.5,56.5,189.8,197.6,0.0,1.0,
lower_east_side,2949606712,New Green Bo,40.7155657,-73.998017,food_drink,963.2,2260.0,residential,1.0,107.2,7.0,94.9,117.0,0.6666666666666666,0.3333333333333333,
lower_east_side,7633814604,New Rosa’s Dry Clean & Laundry Inc,40.7130512,-73.9902108,personal_care,963.7,2115.0,residential,,27.0,200.5,97.0,55.1,0.9090081892629664,0.0909918107370336,
lower_east_side,248771057,Odd Sister,40.7216775,-74.0014104,food_drink,964.2,2500.0,residential,1.0,109.7,334.7,427.3,75.2,0.7391304347826086,0.2608695652173913,
lower_east_side,6259694363,ViVi Bubble Tea,40.7151944,-73.9975111,food_drink,964.3,2100.0,residential,1.0,48.1,66.0,83.4,60.0,0.8144482929242949,0.1855517070757051,
lower_east_side,6218981267,Jen 127,40.7173667,-73.9998695,retail,964.4,8900.0,tertiary,1.0,46.5,72.3,159.2,55.2,0.5718545381283369,0.4281454618716631,
lower_east_side,5159862423,Atmis Liquor Store,40.729958,-73.9864043,retail,964.4,10207.0,primary,3.0,114.0,131.1,158.9,55.4,0.8750812737134063,0.1249187262865937,
lower_east_side,8333740847,East Side Glatt,40.7149749,-73.9827649,food_drink,964.6,92400.0,primary,1.0,14.8,349.1,225.6,33.6,0.9734967112951154,0.0265032887048846,
lower_east_side,6597702298,Blick Art Materials,40.7203626,-74.0012743,retail,964.6,2616.0,secondary,2.0,21.8,188.7,310.4,110.5,0.0,1.0,
lower_east_side,8333736484,Cafe Hong Kong,40.7152049,-73.9975319,food_drink,964.6,2100.0,residential,1.0,50.2,64.0,84.6,62.1,0.8144482929242949,0.1855517070757051,
lower_east_side,2555120277,,40.7188007,-74.0007536,retail,965.0,4026.0,primary,4.0,30.9,54.3,193.1,199.1,0.0,1.0,
lower_east_side,2563990322,Wah Yeong,40.7164782,-73.9990999,retail,965.1,4988.0,residential,1.0,142.8,130.0,41.6,78.3,0.7254531499084844,0.2745468500915156,
lower_east_side,5849787600,Black Seed Bagels,40.7291067,-73.9839653,food_drink,965.1,3341.0,primary,4.0,61.8,312.7,111.0,67.9,0.7218956317265081,0.2781043682734919,
lower_east_side,10689391027,Woolrich,40.7249567,-74.0005925,retail,965.1,12417.0,residential,1.0,208.3,503.0,335.5,176.4,0.8151871784256904,0.1848128215743095,
lower_east_side,6903042182,Spring Cafe,40.7178852,-74.0002468,food_drink,965.2,4166.0,secondary,2.0,55.7,66.6,164.9,107.0,0.0,1.0,
lower_east_side,3972451775,Bayard Street Obstetrics and Gynecology,40.7155941,-73.9980907,health,965.3,2300.0,residential,1.0,114.0,0.0,88.5,123.9,0.6665337056242521,0.3334662943757479,
lower_east_side,9018168387,Chopt,40.7303916,-73.9903911,food_drink,965.3,3020.0,residential,1.0,9.5,226.4,57.7,103.0,0.0,1.0,
lower_east_side,278254355,Gouverneur Health Medical Center,40.7131856,-73.987839,health,965.4,73313.0,residential,,49.8,0.0,151.4,84.3,0.0,1.0,
lower_east_side,1239474596,,40.7182677,-74.0004861,retail,965.7,4503.0,primary,4.0,32.2,79.9,170.9,149.9,0.0,1.0,
lower_east_side,249847965,New Cameron Bakery,40.7179821,-74.0003232,food_drink,966.3,1170.0,primary,4.0,49.5,68.4,166.4,118.6,0.0,1.0,
lower_east_side,9332373142,,40.7188254,-74.0007885,retail,966.8,4026.0,primary,4.0,27.4,52.3,196.4,200.0,0.0,1.0,
lower_east_side,7633814594,Papito Grocery,40.7130772,-73.9886685,food_drink,966.8,2614.0,residential,,33.9,70.9,187.2,62.5,0.8377539503386005,0.1622460496613995,
lower_east_side,5934767191,,40.7180422,-74.0003721,personal_care,967.2,1349.0,primary,4.0,43.0,70.8,167.9,126.0,0.0,1.0,
lower_east_side,2826472416,Confucius Plaza Medical Offices,40.7146868,-73.9967375,health,967.6,3462.0,primary,3.0,38.6,90.9,69.7,8.1,0.7683823529411765,0.2316176470588235,
lower_east_side,8333736483,Yunshang Rice Noodle,40.7152603,-73.997673,food_drink,967.9,2125.0,residential,1.0,63.5,51.2,91.9,75.4,0.6666666666666666,0.3333333333333333,
lower_east_side,12682533967,QB House,40.730116,-73.9929985,personal_care,968.3,37400.0,primary,2.0,46.1,59.7,185.0,178.4,0.8861568809231605,0.1138431190768395,
lower_east_side,3972392759,Simply Bakery,40.7156175,-73.9981712,food_drink,968.3,2271.0,residential,1.0,120.9,7.3,82.3,117.6,0.8568835318036596,0.1431164681963404,
lower_east_side,11101765616,Canal Street Market,40.7190468,-74.00091,retail,968.6,2770.0,primary,4.0,25.3,57.5,211.8,209.0,0.0,0.2,
lower_east_side,13448974901,Charlot Abhors A Void,40.7180281,-74.0003812,retail,968.6,1349.0,primary,4.0,42.9,71.8,169.2,125.6,0.0,1.0,
lower_east_side,2547223602,Manuela,40.725385,-74.000397,food_drink,968.9,12625.0,residential,,158.0,468.1,301.3,186.7,0.0,1.0,
lower_east_side,6597704434,Nature Made,40.7199493,-74.0012278,retail,969.0,5905.0,residential,,46.4,143.1,279.2,152.1,0.0,1.0,
lower_east_side,5067562321,Quick Coin One,40.7292996,-73.9842965,personal_care,969.3,1483.0,residential,,58.9,287.9,81.4,89.0,0.7121021775544388,0.2878978224455611,
lower_east_side,2547155233,Smile Zone,40.7304277,-73.9895089,retail,969.5,20165.0,primary,4.0,39.4,162.1,72.4,53.7,0.9312819729709094,0.0687180270290906,
lower_east_side,2826472442,Fei Tenc Seafood,40.7138263,-73.9948732,food_drink,969.8,1725.0,secondary,2.0,10.0,245.5,92.3,54.2,0.0,1.0,
lower_east_side,8333736464,H K Wonton Garden,40.7164477,-73.9991412,food_drink,969.9,2500.0,residential,1.0,145.1,129.8,42.0,73.5,0.8604651162790697,0.1395348837209302,
lower_east_side,2322509058,MGNY,40.730445,-73.9899351,office_professional,970.6,2070.0,residential,1.0,38.8,194.0,57.9,75.0,0.3950803212851406,0.6049196787148594,
lower_east_side,6259787768,Chicha San Chen NY,40.7156257,-73.9982259,food_drink,971.0,3637.0,residential,1.0,125.1,11.9,78.9,112.9,0.8117148157964484,0.1882851842035515,
lower_east_side,11897313947,Mackage,40.7240036,-74.0010895,retail,971.1,2763.0,residential,,216.3,514.7,338.3,199.3,0.0,1.0,
lower_east_side,8272824079,New Chinatown,40.7204948,-73.978558,food_drink,971.2,3419.0,tertiary,3.0,35.5,173.6,113.8,84.6,0.7916666666666666,0.2083333333333333,
lower_east_side,3421054403,Wegmans,40.7304151,-73.9910411,retail,971.5,62582.0,primary,2.0,43.9,194.0,97.9,112.9,0.0,1.0,
lower_east_side,1827808977,Zafis Luncheonette,40.7149321,-73.9826973,food_drink,971.9,92400.0,primary,1.0,19.5,356.5,218.2,31.7,0.9734967112951154,0.0265032887048846,
lower_east_side,12084131484,Ayat,40.7242306,-73.9789217,food_drink,972.1,2457.0,residential,1.0,27.7,310.9,182.5,76.3,0.852431196045156,0.1475688039548439,
lower_east_side,10992263596,Eden Gallery,40.7226991,-74.0014366,leisure_entertainment,972.6,5000.0,residential,1.0,162.0,448.4,370.3,171.5,0.3486864946186784,0.6513135053813216,
lower_east_side,11899462035,Fairfield Inn & Suites,40.7132505,-73.9928866,hospitality,972.9,2500.0,residential,2.0,60.2,411.9,121.5,110.1,0.7941544885177453,0.2058455114822547,
lower_east_side,4300438090,Tompkins Square Bagels,40.7281762,-73.9821791,food_drink,973.1,2225.0,secondary,2.0,7.0,253.7,111.2,85.6,0.8409215578716401,0.1590784421283598,
lower_east_side,11386500757,Hokkaido Baked Cheese Tart,40.7300314,-73.986353,food_drink,973.5,10207.0,primary,3.0,122.3,137.7,154.5,59.6,0.8750812737134063,0.1249187262865937,
lower_east_side,2563988677,DG Scarf Inc.,40.7178109,-74.0003105,retail,973.7,4166.0,secondary,2.0,45.8,65.8,173.4,107.0,0.0,1.0,
lower_east_side,2567551917,Mott Street Optical,40.7156683,-73.9983254,health,973.8,3637.0,residential,1.0,134.6,21.4,70.4,103.9,0.8117148157964484,0.1882851842035515,
lower_east_side,6218981265,Law Offices of Edward J Cuccia,40.7174288,-74.0000467,office_professional,974.0,8900.0,tertiary,1.0,46.6,58.6,173.8,70.9,0.5718545381283369,0.4281454618716631,
lower_east_side,12023195569,Bayard Market,40.7153268,-73.9978815,retail,974.4,2400.0,residential,1.0,82.3,34.6,103.3,94.4,0.7400707007693907,0.2599292992306092,
lower_east_side,11623463037,Joyface,40.723899,-73.9787679,food_drink,974.6,3772.0,residential,1.0,43.3,280.7,208.5,78.1,0.8290966719492868,0.1709033280507131,
lower_east_side,2547155234,Hidden Grounds,40.7304731,-73.9894757,food_drink,974.6,20165.0,primary,4.0,35.5,162.6,78.0,57.7,0.9312819729709094,0.0687180270290906,
lower_east_side,12542895727,Eas Village Smoke Shop,40.729341,-73.9842613,retail,974.8,1536.0,residential,,53.6,283.6,77.7,85.7,0.7499558849479442,0.2500441150520557,
lower_east_side,8272824078,Avenue D Pizza,40.7205741,-73.9784977,food_drink,975.0,826.0,tertiary,3.0,43.0,171.5,114.1,75.9,0.63125,0.36875,
lower_east_side,285940927,TD Bank,40.7181066,-74.0005153,finance,975.2,4503.0,primary,4.0,29.3,81.8,177.3,139.9,0.0,1.0,
lower_east_side,5611937541,Birch Coffee,40.7265689,-73.9996226,food_drink,976.2,3257.0,primary,3.0,19.7,370.3,255.7,55.5,0.0,1.0,
lower_east_side,5604018198,East Side Glatt,40.714915,-73.9826397,retail,976.4,1975.0,primary,1.0,24.4,361.3,213.2,33.0,0.0,1.0,
lower_east_side,6218981266,Edward J Cuccia Real Estate,40.717447,-74.0000988,office_professional,976.8,8900.0,tertiary,1.0,42.1,54.9,178.1,75.6,0.5718545381283369,0.4281454618716631,
lower_east_side,7674035085,Pharmacy Inc,40.7137853,-73.9949658,health,977.2,1708.0,secondary,2.0,5.7,244.0,89.9,57.5,0.7807361002349256,0.2192638997650744,
lower_east_side,11897313116,Paul Smith,40.7238497,-74.0012194,retail,977.3,9942.0,residential,1.0,214.8,515.9,331.6,192.9,0.0454738373855575,0.9545261626144425,
lower_east_side,7633747474,Forever Taste Restaurant,40.7129251,-73.9899262,food_drink,977.5,2386.0,residential,,17.5,178.3,120.1,80.7,0.8240985048372911,0.1759014951627089,
lower_east_side,8272824077,Dental Place,40.7206076,-73.9784628,health,977.5,826.0,tertiary,3.0,46.5,171.4,113.9,72.4,0.6698795180722892,0.3301204819277108,
lower_east_side,5756089925,Dreamers Coffee,40.7189834,-74.0009997,food_drink,978.0,2770.0,primary,4.0,15.1,47.2,217.3,198.6,0.0,0.2,
lower_east_side,3869566324,Bodhi,40.716357,-73.9991738,food_drink,978.2,2500.0,residential,1.0,154.3,124.6,39.1,63.9,0.8092105263157895,0.1907894736842105,
lower_east_side,6218981270,Thai Son,40.7168178,-73.9996119,food_drink,978.3,2500.0,residential,1.0,99.7,108.6,98.9,65.3,0.0,1.0,
lower_east_side,6053087885,,40.7295503,-73.9846818,retail,978.5,2369.0,residential,,76.2,259.2,53.1,122.4,0.8,0.2,
lower_east_side,6053555793,Veniero's Pasticceria & Caffé,40.7294715,-73.9844822,food_drink,978.5,2514.0,residential,,62.1,267.9,60.2,104.7,0.8000193592101442,0.1999806407898557,
lower_east_side,10757661191,Wind Hair Salon,40.729566,-73.9847222,personal_care,978.5,2369.0,residential,,79.3,257.6,52.5,126.1,0.8000424538314583,0.1999575461685417,
lower_east_side,10757661193,Tokyo Joe,40.7295821,-73.984761,retail,978.6,2369.0,residential,,82.3,256.0,52.0,129.6,0.8000424538314583,0.1999575461685417,
lower_east_side,10757661196,Vintage Reserve,40.7296614,-73.9849655,retail,978.9,2369.0,residential,,99.0,247.2,54.1,148.2,0.8000443852640923,0.1999556147359076,
lower_east_side,7076063085,Techni Salon Ny,40.7296306,-73.9848798,personal_care,979.0,2369.0,residential,,91.9,251.4,52.2,140.4,0.7999345835150458,0.2000654164849542,
lower_east_side,6110870385,Mango Mango,40.7153768,-73.9980301,food_drink,979.0,2579.0,residential,1.0,95.9,24.7,109.2,108.1,0.9154929577464788,0.0845070422535211,
lower_east_side,5764228742,Buffalo Exchange,40.7296096,-73.9848208,retail,979.1,2369.0,residential,,87.1,253.3,51.5,135.1,0.8,0.2,
lower_east_side,8333736477,波記潮州小食,40.7158511,-73.9986411,food_drink,979.5,4200.0,residential,,168.1,54.5,41.3,76.7,0.8217957505140507,0.1782042494859493,
lower_east_side,2563988676,Nature Cosmetic,40.7177523,-74.00035,retail,979.6,4166.0,tertiary,1.0,38.5,58.5,179.4,106.8,0.0,1.0,
lower_east_side,13063730287,Reservations Only Vintage,40.7134874,-73.9941311,retail,979.9,26533.0,secondary,2.0,19.3,315.6,164.5,21.0,0.0,1.0,
lower_east_side,5209395822,Ayah Restaurant,40.7265987,-73.999651,food_drink,980.0,3257.0,primary,3.0,15.7,372.3,252.0,55.1,0.0,1.0,
lower_east_side,10828749044,Sugartown NYC,40.7153904,-73.9980687,food_drink,980.2,2579.0,residential,1.0,99.5,22.7,107.4,111.7,0.9154929577464788,0.0845070422535211,
lower_east_side,5248792786,San Loco,40.7243323,-73.9788618,food_drink,980.2,1218.0,secondary,2.0,23.5,323.2,181.6,74.6,0.5321029373537821,0.4678970626462178,
lower_east_side,6910728948,Mama Fina's House of Filipino Sisig,40.7282376,-73.9821344,food_drink,980.7,2225.0,secondary,2.0,13.1,248.3,105.5,84.3,0.8,0.2,
lower_east_side,2563990277,Jenny's Souvenir,40.7174719,-74.0001699,retail,980.7,8900.0,tertiary,1.0,36.1,50.1,184.1,82.0,0.5718545381283369,0.4281454618716631,
lower_east_side,11715036338,Madina Halal Meat & Grocery,40.7291538,-73.9837049,retail,981.1,2225.0,residential,,51.9,312.0,99.9,46.3,0.7751437506304852,0.2248562493695148,
lower_east_side,2547121455,Abacus Pharmacy,40.7300928,-73.9863067,health,981.3,7616.0,primary,3.0,129.5,143.7,150.8,64.2,0.9333374193021166,0.0666625806978834,
lower_east_side,7905929742,Casey Rubber Stamps,40.7297777,-73.9852287,retail,981.4,2369.0,residential,,121.9,225.6,65.2,156.2,0.9073559384843431,0.0926440615156568,
lower_east_side,8333736481,Kong Sihk Tong,40.715404,-73.9981108,food_drink,981.5,2599.0,residential,1.0,103.3,21.2,104.9,115.5,0.8732394366197183,0.1267605633802817,
lower_east_side,4768931130,AT&T,40.7302646,-73.9928737,retail,981.6,36050.0,primary,2.0,53.7,77.6,180.6,177.4,0.8685822326893696,0.1314177673106303,
lower_east_side,11715036337,Madina Halal Deli,40.7291209,-73.9836233,food_drink,981.8,2225.0,residential,,55.8,317.2,95.5,43.1,0.7751437506304852,0.2248562493695148,
lower_east_side,10757661199,Sushi Lab,40.7298004,-73.9852826,food_drink,981.9,2369.0,residential,,126.7,221.3,68.5,151.3,0.8936977980258163,0.1063022019741837,
lower_east_side,9579352614,H Art,40.7305128,-73.9889107,retail,982.2,893.0,residential,1.0,12.8,130.0,51.1,68.7,0.75,0.0,
lower_east_side,5265714963,Alexander Wang,40.7212298,-74.0016097,retail,982.5,4188.0,primary,1.0,88.6,285.6,398.6,76.0,0.8,0.2,
lower_east_side,2547223606,McnNally Jackson,40.7254909,-74.0005101,retail,982.5,12625.0,residential,,150.8,472.7,286.2,177.6,0.0,1.0,
lower_east_side,2567551897,Pancare Pharmacy,40.7148005,-73.9972296,health,982.7,2477.0,residential,,22.1,87.4,45.7,28.1,0.0,1.0,
lower_east_side,5525153732,The Shops of Soho,40.7201527,-74.0014455,retail,982.7,7470.0,secondary,2.0,41.4,165.3,307.2,137.8,0.0,1.0,
lower_east_side,7905929743,East Village Animal Clinic,40.7298436,-73.985378,health,983.1,2369.0,residential,,135.3,213.8,74.7,142.7,0.8009045419553503,0.1990954580446497,
lower_east_side,4775571738,Chinatown Ice Cream Factory,40.7154164,-73.9981579,food_drink,983.3,2599.0,residential,1.0,107.5,20.6,101.7,119.7,0.8732394366197183,0.1267605633802817,
lower_east_side,11897320440,The RealReal,40.7237053,-74.0013468,retail,984.0,5250.0,residential,1.0,215.5,518.2,326.0,179.9,0.9428571428571428,0.0571428571428571,
lower_east_side,419367357,Nha Trang One,40.7167899,-73.9996711,food_drink,984.2,2500.0,residential,1.0,103.1,105.9,100.6,70.5,0.8333333333333334,0.1666666666666666,
lower_east_side,6124317996,Sun Vin Grocery,40.7163077,-73.9992157,retail,984.3,2500.0,residential,1.0,159.0,123.6,40.6,57.4,0.3333333333333333,0.6666666666666666,
lower_east_side,10828749043,Yi Fang Tea,40.7154382,-73.9982044,food_drink,984.4,2587.0,residential,1.0,112.1,19.8,97.7,119.8,0.8591549295774648,0.1408450704225352,
lower_east_side,7633747478,Elegancia Unisex,40.7128554,-73.9899168,personal_care,985.3,2990.0,residential,,14.8,178.9,127.3,83.5,0.8304498269896193,0.1695501730103806,
lower_east_side,9993249849,Eyes On Second,40.730125,-73.9862814,health,985.3,7616.0,residential,,133.4,147.0,149.0,67.0,0.9333374193021166,0.0666625806978834,
lower_east_side,4589647292,Isabel Marant,40.7225053,-74.0016144,retail,985.3,6400.0,residential,1.0,158.8,427.3,371.5,158.2,0.957074175824176,0.0429258241758241,
lower_east_side,6250764195,First Cellphone Inc,40.7138014,-73.9952341,retail,985.6,1732.0,secondary,2.0,26.9,229.2,75.0,66.5,0.7110481586402266,0.2889518413597733,
lower_east_side,8333736480,Sweet House Drinks and Desserts,40.7154484,-73.9982419,food_drink,985.8,2587.0,residential,1.0,115.4,20.6,95.3,116.4,0.8591549295774648,0.1408450704225352,
lower_east_side,4568929158,TD Bank,40.7183874,-74.0008117,finance,985.9,8623.0,secondary,3.0,23.3,56.6,196.4,154.9,0.0,1.0,
lower_east_side,4471322292,Canada Goose,40.7247023,-74.0009858,retail,986.0,4875.0,residential,1.0,247.2,545.4,339.9,156.2,0.8571475409836066,0.1428524590163934,
lower_east_side,13025144991,Peony Chinese Bonsai,40.7177857,-74.0004574,retail,986.1,4166.0,tertiary,1.0,38.0,57.5,185.7,116.4,0.0,1.0,
lower_east_side,13680449615,Lucinda's,40.7283033,-73.9821252,food_drink,986.6,2225.0,secondary,2.0,20.4,245.8,98.7,80.9,0.800021784119377,0.199978215880623,
lower_east_side,7633747483,Century Pharmacy,40.712895,-73.9886473,health,987.2,2614.0,residential,,21.6,75.4,199.0,43.4,0.8377539503386005,0.1622460496613995,
lower_east_side,9910412817,,40.7157722,-73.9986833,food_drink,988.0,4200.0,residential,,165.9,53.7,49.4,72.9,0.8217957505140507,0.1782042494859493,
lower_east_side,7633747479,Eko Salon,40.7128778,-73.988744,personal_care,988.2,2612.0,residential,,13.4,83.6,193.3,46.5,0.8699902248289345,0.1300097751710655,
lower_east_side,7633747475,Madison St Pizza,40.7128689,-73.9888428,food_drink,988.3,2612.0,residential,,6.5,91.6,187.1,51.5,0.89501312335958,0.1049868766404199,
lower_east_side,10182473198,Sugarcane Daddy,40.716749,-73.9996966,food_drink,988.5,2500.0,residential,1.0,107.8,106.7,99.5,75.5,0.8333333333333334,0.1666666666666666,
lower_east_side,6250764196,Wing Wah Jewelry,40.7138068,-73.9953242,retail,988.5,1711.0,secondary,2.0,34.4,224.5,70.9,68.2,0.0,1.0,
lower_east_side,12084131486,Kosmic Community Anti Bar,40.7244254,-73.9787948,food_drink,988.7,1218.0,secondary,2.0,12.9,334.8,182.4,70.8,0.7986614612381484,0.2013385387618516,
lower_east_side,6250764199,World Financial Group,40.7138487,-73.9954419,finance,989.0,1949.0,secondary,2.0,45.1,215.2,62.8,61.4,0.8235428051001822,0.1764571948998178,
lower_east_side,7633814601,Madison St Laundromat,40.7128318,-73.9894081,personal_care,989.0,2612.0,residential,,44.3,138.0,154.3,90.9,0.75,0.25,
lower_east_side,5616255180,McDonald's,40.7128315,-73.9892273,food_drink,989.9,2612.0,residential,,29.1,123.5,164.9,76.7,0.0,1.0,
lower_east_side,7633814598,El Castillo De Manhattan,40.7128198,-73.9895012,food_drink,990.0,,residential,,49.5,145.9,150.2,97.9,,,
lower_east_side,2547023927,Citibank,40.730359,-73.9927942,finance,990.1,36050.0,primary,2.0,44.4,89.4,178.8,177.9,0.8685822326893696,0.1314177673106303,
lower_east_side,12830391772,Pecking House,40.7132144,-73.9934677,food_drink,990.3,2188.0,residential,2.0,70.8,377.0,167.9,62.9,0.9092770837599836,0.0907229162400163,
lower_east_side,12986823101,Housing Works,40.7304448,-73.9923327,health,990.8,15030.0,residential,2.0,60.2,114.0,191.0,155.6,0.9022081165030148,0.0977918834969852,
lower_east_side,8333736479,Yeah Shanghai Deluxe,40.7155413,-73.9984504,food_drink,991.1,3700.0,residential,1.0,135.8,30.9,78.9,96.5,0.7272727272727273,0.2727272727272727,
lower_east_side,11897340318,Essential Antwerp,40.7235564,-74.001478,retail,991.2,2500.0,residential,1.0,218.1,521.4,321.3,167.7,0.8394294714735737,0.1605705285264263,
lower_east_side,6225327081,Theresa Byrnes,40.7258135,-73.9795215,leisure_entertainment,991.3,9750.0,residential,,93.9,332.9,135.8,43.7,0.8787878787878788,0.1212121212121212,
lower_east_side,6250764198,Happy Travel Inc,40.7138185,-73.9954296,office_professional,991.4,1949.0,secondary,2.0,43.4,218.7,66.3,64.7,0.8235428051001822,0.1764571948998178,
lower_east_side,10830960867,Louis K.Meisel Gallery,40.7256775,-74.0005096,leisure_entertainment,991.5,4275.0,residential,,132.3,465.7,268.7,179.2,0.8618164231181125,0.1381835768818876,
lower_east_side,2563990327,Pasteur,40.7167115,-73.9997085,food_drink,991.7,5000.0,residential,1.0,112.1,108.4,97.9,78.7,0.8333333333333334,0.1666666666666666,
lower_east_side,6124318002,Pho Thanh Hoai,40.7162381,-73.9992609,food_drink,992.1,2500.0,residential,1.0,166.0,121.9,43.1,49.1,0.5,0.5,
lower_east_side,7633814592,Dunkin',40.7127929,-73.9897817,food_drink,992.3,2990.0,residential,,26.1,169.5,139.0,96.4,0.8304498269896193,0.1695501730103806,
lower_east_side,5628809026,Sadelle’s,40.7262525,-74.0001116,food_drink,992.5,2500.0,residential,2.0,60.1,416.7,242.4,109.6,0.0,1.0,
lower_east_side,7633814593,Madison Rx Pharmacy,40.7127913,-73.9896577,health,992.7,1587.0,residential,,36.5,159.4,144.8,106.4,0.7817652764306499,0.2182347235693501,
lower_east_side,7633814589,Stop 1 Deli,40.7127877,-73.9898946,retail,992.8,2990.0,residential,,16.9,178.8,134.8,87.7,0.8304498269896193,0.1695501730103806,
lower_east_side,6462997195,USA Super Stores,40.7306354,-73.9893585,retail,993.1,20165.0,primary,4.0,27.6,166.2,87.3,74.0,0.9312819729709094,0.0687180270290906,
lower_east_side,6250764193,Chao Hui Grocery Store,40.7135422,-73.9947251,retail,993.3,2250.0,secondary,2.0,28.1,277.8,123.6,27.9,0.0,0.1411954548510724,
lower_east_side,10090538375,KFC,40.7192028,-74.0012815,food_drink,993.5,2362.0,primary,4.0,39.3,60.1,246.7,200.7,0.0,1.0,
lower_east_side,9993249848,Vin Sur Vingt,40.7301919,-73.986236,food_drink,993.6,7616.0,residential,,141.1,153.4,146.0,72.6,0.9333374193021166,0.0666625806978834,
lower_east_side,5923163785,Moussy,40.7228056,-74.0016733,retail,993.8,5000.0,primary,2.0,184.4,460.9,347.2,171.0,0.7303855486654085,0.2696144513345915,
lower_east_side,5790696454,Popeyes,40.7178504,-74.0006031,food_drink,993.9,6079.0,tertiary,1.0,42.1,61.0,193.8,116.5,0.0,1.0,
lower_east_side,11714928281,Fishmarket,40.7283393,-73.9820432,food_drink,994.2,2225.0,secondary,2.0,25.8,238.1,97.3,85.0,0.8257496925551036,0.1742503074448964,
lower_east_side,2826472444,Shui Mei Cafe,40.713556,-73.9947941,food_drink,994.3,2250.0,secondary,2.0,23.7,273.0,118.7,33.9,0.0,0.1411954548510724,
lower_east_side,9664890815,Gerard Darel,40.724351,-74.0012449,retail,994.4,1875.0,residential,1.0,251.9,546.1,319.5,162.0,0.7499513650217237,0.2500486349782764,
lower_east_side,2563990323,LNC Tailor Shop,40.7166818,-73.9997257,personal_care,994.7,5000.0,residential,1.0,113.7,109.4,97.3,75.2,0.8333333333333334,0.1666666666666666,
lower_east_side,7633814586,Flavor Taste,40.712757,-73.990168,retail,996.3,2115.0,residential,,10.2,202.0,114.9,64.9,0.8241321438035509,0.175867856196449,
lower_east_side,6250764197,New Hing Wongs Ginseng,40.7137587,-73.995404,retail,996.3,1949.0,secondary,2.0,40.5,225.5,73.3,71.2,0.8235428051001822,0.1764571948998178,
lower_east_side,6817702871,NY 99¢ Pizza,40.7179999,-74.0007283,food_drink,996.5,6079.0,tertiary,1.0,22.4,76.7,197.9,121.7,0.0,1.0,
lower_east_side,11897340320,Gentle Monster,40.723474,-74.0015665,health,996.7,5862.0,residential,1.0,221.5,524.6,317.9,160.3,0.6118493150684932,0.3881506849315068,
lower_east_side,11591011685,Lamar's Bagel Express,40.7127514,-73.9902314,food_drink,997.1,2115.0,residential,,14.7,207.3,109.7,59.5,0.8241321438035509,0.175867856196449,
lower_east_side,5019124323,Morton Williams,40.7277598,-73.9987159,retail,997.5,16235.0,residential,1.0,120.5,303.0,202.6,85.4,0.0,1.0,
lower_east_side,6219132402,Baxter Street Pizza,40.7166527,-73.9997447,food_drink,997.9,5000.0,residential,1.0,115.1,110.3,97.0,71.7,0.8333333333333334,0.1666666666666666,
lower_east_side,11897283996,Trvdon,40.7241688,-74.0013607,retail,998.0,1600.0,residential,1.0,245.6,543.7,312.4,170.7,0.7364341085271318,0.2635658914728682,
lower_east_side,2547162163,Lazy Sundaes,40.7301234,-73.9941159,food_drink,998.0,7590.0,residential,,84.5,107.2,140.7,149.8,0.8419743687349321,0.1580256312650678,
lower_east_side,2826520610,Kennedy Fried Chicken,40.7127428,-73.9903295,food_drink,998.2,2115.0,residential,,22.3,215.6,101.7,51.2,0.8241321438035509,0.175867856196449,
lower_east_side,2547155237,Prince Deli & Market,40.7306904,-73.9903252,retail,998.4,3020.0,residential,1.0,13.9,236.0,86.8,117.6,0.0,1.0,
lower_east_side,7120041759,MK2 Optical,40.7175969,-74.0004986,health,998.6,19465.0,tertiary,1.0,17.3,37.2,199.0,95.9,0.0,1.0,
lower_east_side,6124318001,Asia Market Corp,40.7161734,-73.9992922,retail,998.6,898.0,residential,1.0,172.8,120.0,45.9,42.2,0.0,1.0,
lower_east_side,5532127441,McDonald's,40.7185828,-74.0010744,food_drink,998.7,2196.0,primary,4.0,32.6,26.9,217.9,164.2,0.0,1.0,
lower_east_side,2547023923,GNC,40.7304535,-73.9927148,retail,998.7,36050.0,primary,2.0,37.0,101.3,177.9,179.3,0.8685822326893696,0.1314177673106303,
lower_east_side,2826520611,Boost Mobile,40.7127377,-73.9903878,retail,999.0,2115.0,residential,,27.1,220.5,97.0,46.3,0.8241321438035509,0.175867856196449,
lower_east_side,6910728949,Organic Lounge,40.7285241,-73.9822331,personal_care,999.0,2225.0,residential,,45.6,250.4,72.6,62.4,0.8159765788373066,0.1840234211626934,
lower_east_side,5967865590,Madison Liquor,40.7127321,-73.9904785,retail,999.9,2383.0,residential,,34.5,228.1,89.7,38.6,0.8818737270875764,0.1181262729124236,
lower_east_side,5231707404,V One Salon,40.7147836,-73.9975285,personal_care,1000.0,1925.0,residential,,44.3,101.8,37.8,40.9,0.6,0.4,
lower_east_side,12181429831,Banksy Museum,40.7194141,-74.001447,leisure_entertainment,1000.6,9781.0,primary,4.0,66.4,83.3,267.7,206.1,0.0,1.0,
lower_east_side,9350417403,Ever/Body SoHo,40.7259821,-74.0004268,retail,1000.8,5195.0,residential,2.0,99.8,449.4,245.6,149.6,0.9618320610687024,0.0381679389312977,
lower_east_side,6250764200,Happy Garden Palace,40.7137479,-73.99549,food_drink,1000.8,1711.0,secondary,2.0,47.7,222.9,72.5,68.1,0.8108210367007189,0.1891789632992811,
lower_east_side,11897338665,Joybird,40.7238923,-74.0014952,retail,1001.0,4250.0,residential,1.0,236.9,538.7,308.0,171.2,0.9197818065137172,0.0802181934862826,
lower_east_side,5550978111,Breakroom,40.7166208,-73.9997625,food_drink,1001.1,2500.0,residential,1.0,117.0,111.5,96.6,67.9,0.8,0.2,
lower_east_side,8750549875,Lafayette Tea Shop,40.7179557,-74.0007681,food_drink,1001.6,6079.0,tertiary,1.0,25.8,71.9,202.6,115.8,0.0,1.0,
lower_east_side,4221091789,Westville East,40.7284125,-73.9820074,food_drink,1002.3,2225.0,residential,,34.4,233.5,91.0,84.4,0.8159765788373066,0.1840234211626934,
lower_east_side,7477289147,The Boil,40.7301569,-73.9941457,food_drink,1002.4,7590.0,residential,,88.6,111.3,136.5,146.3,0.8419743687349321,0.1580256312650678,
lower_east_side,2555120374,THC NYC,40.7199265,-74.0016276,retail,1002.5,5121.0,residential,,68.6,141.7,306.4,162.1,0.0,1.0,
lower_east_side,5854108697,Dunkin',40.717557,-74.0005298,food_drink,1003.0,19465.0,tertiary,1.0,12.1,32.0,203.5,90.7,0.0,1.0,
lower_east_side,5906911085,Peppercorn Kitchen,40.7302029,-73.9940209,food_drink,1003.6,7590.0,residential,1.0,82.8,106.2,134.0,155.0,0.8419743687349321,0.1580256312650678,
lower_east_side,2754781333,Sacred Tattoo,40.7195821,-74.0015457,personal_care,1004.1,4920.0,secondary,4.0,86.9,102.8,282.6,188.1,0.0,1.0,
lower_east_side,2563988663,Lafayette Deli,40.7179336,-74.000788,retail,1004.1,6079.0,tertiary,1.0,27.8,69.6,205.0,112.8,0.0,1.0,
lower_east_side,6124318000,Hai Cang Trading,40.7161187,-73.999322,food_drink,1004.3,898.0,residential,1.0,178.5,119.0,49.3,36.4,0.0,1.0,
lower_east_side,13756162808,The Corner Store,40.7266398,-73.9999617,food_drink,1004.4,925.0,residential,2.0,19.9,397.8,227.1,75.0,0.0,1.0,
lower_east_side,6150413542,Dr. Martens,40.7241912,-74.0014314,retail,1004.4,1600.0,residential,1.0,243.6,550.1,306.2,165.0,0.0,1.0,
lower_east_side,12946984154,Na Tart,40.7156446,-73.998797,food_drink,1004.6,1874.0,residential,,166.9,59.8,63.4,65.3,0.6666666666666666,0.3333333333333333,
lower_east_side,7324240299,Yaso Noodle Bar,40.7302173,-73.9940092,food_drink,1004.7,7590.0,residential,1.0,83.0,106.5,132.7,155.5,0.8419743687349321,0.1580256312650678,
lower_east_side,5231412448,Famous Sichuan,40.7147876,-73.9976233,food_drink,1004.8,1925.0,residential,,51.6,97.9,39.6,47.4,0.6,0.4,
lower_east_side,2555120292,Gifts & Souvenir Shop,40.7193294,-74.0014713,retail,1005.0,9781.0,primary,4.0,59.1,74.1,266.4,203.0,0.0,1.0,
lower_east_side,4560493914,Mixue,40.7186763,-74.0012084,food_drink,1005.7,4655.0,primary,4.0,23.7,13.9,229.7,162.6,0.0,1.0,
lower_east_side,6371366985,Authentic Pre Owned,40.7262011,-74.0003395,retail,1006.2,7500.0,residential,2.0,76.0,436.7,232.3,128.0,0.9153807864609258,0.0846192135390741,
lower_east_side,12789072420,J & M Deli,40.7211585,-73.9780516,retail,1006.2,2186.0,tertiary,3.0,17.9,174.7,112.0,30.2,0.6471418489767113,0.3528581510232886,
lower_east_side,2547109413,Soho Wines & Spirits,40.726247,-74.0003047,retail,1006.2,2500.0,residential,2.0,70.2,432.8,230.8,122.5,0.0,1.0,
lower_east_side,1827808975,Moishe's Kosher Bakery,40.7147733,-73.9823121,food_drink,1006.2,2046.0,primary,2.0,34.2,392.0,181.6,47.4,0.6060533269276964,0.3939466730723036,
lower_east_side,2547162213,Matto Espresso,40.7302457,-73.9939666,food_drink,1006.5,7590.0,residential,1.0,82.4,106.0,130.7,158.3,0.8419743687349321,0.1580256312650678,
lower_east_side,4551152804,Zu Yuan Spa,40.7153916,-73.9985164,personal_care,1006.7,1152.0,residential,1.0,133.6,42.4,79.7,96.3,0.0,1.0,
lower_east_side,2547110366,Dos Caminos,40.7266689,-73.9999718,food_drink,1006.9,925.0,residential,2.0,19.5,398.3,224.7,74.5,0.0,1.0,
lower_east_side,4407036591,Associated Supermarket,40.7246361,-73.9786539,retail,1007.3,17843.0,residential,,15.7,360.8,186.1,47.1,0.7475565370302213,0.2524434629697787,
lower_east_side,7120041757,ABC Pharmacy,40.7175172,-74.000561,health,1007.4,19465.0,secondary,1.0,7.0,26.9,208.1,85.6,0.0,1.0,
lower_east_side,6219132403,Bayard Sushi,40.7156845,-73.9988884,food_drink,1007.4,1762.0,residential,,175.8,68.0,60.0,56.8,0.8054474708171206,0.1945525291828793,
lower_east_side,11897333745,Piombo,40.7244055,-74.001392,retail,1008.0,1875.0,residential,1.0,245.0,559.8,306.6,149.0,0.0,1.0,
lower_east_side,5231708183,Newgen Pharmacy,40.7148055,-73.9977128,health,1008.2,3935.0,residential,,58.2,93.3,44.0,54.7,0.7145038167938931,0.2854961832061068,
lower_east_side,12919218149,Vitreous Retina Macula Consultants of New York,40.7181709,-74.0009822,health,1008.4,4091.0,secondary,3.0,11.2,64.3,214.0,127.0,0.0,1.0,
lower_east_side,11403598669,BYREDO,40.7232154,-74.0017757,personal_care,1008.8,6517.0,residential,1.0,224.0,506.9,315.2,146.7,0.3917627271608483,0.6082372728391516,
lower_east_side,12980284301,Luckin Coffee,40.7305616,-73.9926382,food_drink,1009.0,36050.0,secondary,2.0,31.7,114.7,176.9,182.7,0.8685822326893696,0.1314177673106303,
lower_east_side,8333736465,Tonii's Fresh Rice Noodle,40.7157002,-73.998936,food_drink,1009.2,1762.0,residential,,180.2,72.2,59.2,52.5,0.8054474708171206,0.1945525291828793,
lower_east_side,12890222606,The Flowery,40.7307486,-73.9888016,retail,1009.2,6726.0,residential,1.0,32.6,145.8,70.7,96.2,0.7420080826658277,0.2579919173341722,
lower_east_side,4716523571,Sahara East,40.7294592,-73.9837203,food_drink,1009.3,2500.0,primary,4.0,18.2,278.8,91.2,40.9,0.8,0.2,
lower_east_side,6261903469,UFC Gym,40.7193736,-74.001542,leisure_entertainment,1009.5,9781.0,primary,4.0,66.5,79.8,273.6,202.9,0.0,1.0,
lower_east_side,12739649701,Binondo,40.7137287,-73.9956663,food_drink,1009.6,1726.0,secondary,2.0,62.6,218.1,72.8,63.6,0.4944001614367874,0.5055998385632126,
lower_east_side,4589659390,Fjällräven,40.7216512,-74.001951,retail,1009.8,7575.0,primary,1.0,143.5,335.4,420.0,113.4,0.0,1.0,
lower_east_side,278241777,Good Good Taste,40.7133917,-73.9947576,food_drink,1009.8,2250.0,residential,1.0,41.7,289.5,135.1,32.3,0.8,0.2,
lower_east_side,2567534696,Erin's Pharmacy,40.7212245,-73.9780032,health,1009.9,3525.0,residential,,25.7,176.9,108.0,31.0,0.93234100135318,0.06765899864682,
lower_east_side,11897285216,The Elder Statesman,40.7242273,-74.0014852,retail,1009.9,1600.0,residential,1.0,238.6,556.0,301.1,159.1,0.2082758620689655,0.7917241379310345,
lower_east_side,6219132397,M & W Bakery,40.7157142,-73.998975,food_drink,1010.7,1762.0,residential,,183.8,75.7,58.7,49.0,0.8054474708171206,0.1945525291828793,
lower_east_side,5509625870,Bareburger,40.728289,-73.9982539,food_drink,1010.8,22276.0,residential,2.0,190.4,290.0,166.0,93.3,0.0,1.0,
lower_east_side,11897332551,Moschino,40.723673,-74.0016867,retail,1011.2,11004.0,residential,1.0,237.3,542.7,300.2,151.0,0.7397377346900622,0.2602622653099378,
lower_east_side,4568929155,7-Eleven,40.7181523,-74.0010157,retail,1011.8,4091.0,secondary,3.0,14.3,64.7,217.2,124.0,0.0,1.0,
lower_east_side,7120041760,Queen Bakery II,40.7174773,-74.0005922,food_drink,1011.8,19465.0,secondary,1.0,1.8,21.7,209.4,80.5,0.0,1.0,
lower_east_side,9215689736,Good Day Pilates Studio,40.7241675,-74.0015326,leisure_entertainment,1011.9,1600.0,residential,1.0,235.5,556.1,298.2,162.2,0.2082758620689655,0.7917241379310345,
lower_east_side,5231412273,Pell Wellness,40.714827,-73.997818,personal_care,1012.1,3935.0,residential,,66.3,88.3,50.3,63.5,0.7145038167938931,0.2854961832061068,
lower_east_side,2555120368,P!Q,40.7194758,-74.0016108,retail,1012.2,9781.0,secondary,4.0,78.9,92.1,283.1,191.1,0.0,1.0,
lower_east_side,4189750278,Kafana,40.7243534,-73.9784734,food_drink,1012.2,1266.0,secondary,2.0,14.2,336.9,210.5,43.9,0.7904662126767942,0.2095337873232058,
lower_east_side,419364456,Cricket Wireless,40.715726,-73.9990159,retail,1012.4,4936.0,residential,,187.4,79.3,58.6,45.4,0.8181818181818182,0.1818181818181818,
lower_east_side,12890222603,Penny,40.7308231,-73.989714,food_drink,1012.9,1874.0,residential,1.0,59.3,202.4,103.3,100.9,0.4110620618021293,0.5889379381978707,
lower_east_side,373068398,Whiskey Tavern,40.7165068,-73.9998287,food_drink,1012.9,2500.0,residential,1.0,124.4,116.9,96.5,54.5,0.7966446365022878,0.2033553634977122,
lower_east_side,2547123203,Pinnacle Cleaners,40.7302938,-73.9859152,personal_care,1013.1,2575.0,residential,,169.3,182.7,121.7,101.8,0.8092710838377974,0.1907289161622025,
lower_east_side,2567528714,Soda Club,40.7266906,-73.9798946,food_drink,1013.3,3091.0,tertiary,2.0,26.4,240.4,166.7,115.7,0.9117647058823528,0.088235294117647,
lower_east_side,4441419493,Alex and Ani,40.7250879,-74.0011413,retail,1013.4,5000.0,residential,2.0,215.9,533.6,304.8,128.0,0.93033381712627,0.06966618287373,
lower_east_side,2555120216,Bank of America,40.7194094,-74.0016033,finance,1013.5,9781.0,primary,4.0,72.7,84.8,279.8,196.4,0.0,1.0,
lower_east_side,12232386089,NYCK Outlet,40.7198087,-74.0017315,retail,1013.7,2500.0,secondary,4.0,84.0,130.5,307.7,160.9,0.0,1.0,
lower_east_side,1827808974,Eastside Kosher,40.7147479,-73.9822115,retail,1013.8,2046.0,primary,2.0,26.1,400.1,173.2,51.4,0.6060533269276964,0.3939466730723036,
lower_east_side,8333736478,WK,40.7153415,-73.9985703,food_drink,1013.8,1098.0,residential,1.0,135.9,49.2,72.5,92.6,0.0,1.0,
lower_east_side,419367212,Fu Kang Reflexology,40.7160717,-73.9994196,personal_care,1014.0,1835.0,residential,,183.0,124.0,58.6,26.7,0.0741839762611275,0.9258160237388724,
lower_east_side,5780519825,Wolf & Badger,40.7213967,-74.0019934,retail,1014.0,1620.0,primary,1.0,123.3,308.0,434.0,109.3,0.8030095759233926,0.1969904240766073,
lower_east_side,13408740002,Gnocco,40.7271198,-73.9802734,food_drink,1014.2,2369.0,residential,2.0,8.9,204.8,175.7,114.6,0.8258345428156749,0.1741654571843251,
lower_east_side,7120041755,Maiyomi Traditions Technique Restore,40.7175002,-74.0006424,personal_care,1014.3,19465.0,secondary,1.0,5.7,22.3,214.2,81.1,0.0,1.0,
lower_east_side,3581026177,Favela Cubana,40.7284192,-73.9981377,food_drink,1014.6,22276.0,residential,2.0,207.8,289.2,150.9,86.1,0.0,1.0,
lower_east_side,7228520786,Birchbox,40.7253748,-74.0010029,retail,1014.9,2500.0,residential,2.0,182.9,513.6,279.0,135.6,0.9157894736842104,0.0842105263157894,
lower_east_side,12461975478,North Dumpling,40.7140168,-73.9964455,food_drink,1015.3,1750.0,secondary,2.0,41.6,167.6,75.9,23.6,0.3157894736842105,0.6842105263157895,
lower_east_side,5231704528,Foot Heaven,40.7148458,-73.9979052,personal_care,1015.4,2097.0,residential,,73.2,84.7,56.2,71.0,0.0,1.0,
lower_east_side,2563990330,Manhattan Florist,40.7157536,-73.9990943,retail,1015.4,4936.0,residential,,194.7,86.4,58.8,38.4,0.8181818181818182,0.1818181818181818,
lower_east_side,3238681549,Insomnia Cookies,40.7303561,-73.9860626,food_drink,1015.6,2575.0,residential,,164.1,174.5,135.5,92.8,0.8092710838377974,0.1907289161622025,
lower_east_side,9664890814,Monica Vinader,40.7244403,-74.0014729,retail,1015.7,1950.0,residential,1.0,238.1,567.6,299.5,141.5,0.8333493975903614,0.1666506024096385,
lower_east_side,13337327493,Helios Pickleball,40.7213761,-74.0020129,leisure_entertainment,1015.7,1620.0,primary,1.0,122.8,306.0,433.5,110.6,0.8030095759233926,0.1969904240766073,
lower_east_side,9155410770,Blind Barber,40.7270975,-73.9802206,personal_care,1016.3,1750.0,residential,2.0,4.5,205.3,172.1,111.3,0.8504113687359761,0.1495886312640239,
lower_east_side,6150413544,Bared Footwear,40.7242629,-74.0015528,retail,1016.4,3200.0,residential,1.0,232.5,563.0,294.9,152.6,0.6175931582162493,0.3824068417837508,
lower_east_side,5854108698,Walker Liquor,40.7177601,-74.0008463,retail,1016.8,3703.0,tertiary,1.0,39.3,51.1,216.6,94.9,0.0,1.0,
lower_east_side,2563990312,Alimama Tea,40.7157707,-73.9991388,food_drink,1017.0,4936.0,residential,,198.9,90.5,59.1,34.5,0.8181818181818182,0.1818181818181818,
lower_east_side,12333450784,Sugar Mouse,40.7308162,-73.9887471,food_drink,1017.1,6726.0,primary,4.0,30.2,150.0,76.8,105.0,0.7420080826658277,0.2579919173341722,
lower_east_side,8333740845,Grand Kosher Cafe,40.7147579,-73.9821321,food_drink,1017.3,1208.0,primary,2.0,23.2,404.2,168.7,52.3,0.5,0.5,
lower_east_side,11897337298,Simone Rocha,40.7235548,-74.0017975,retail,1017.6,11000.0,residential,1.0,234.1,544.7,296.5,140.8,0.66149436031657,0.3385056396834299,
lower_east_side,5231704158,Hair Le Pell,40.7148642,-73.9979776,personal_care,1017.9,2112.0,residential,,79.0,81.7,61.6,77.3,0.7,0.3,
lower_east_side,12890222605,Claud,40.7308697,-73.9896752,food_drink,1018.1,1874.0,residential,1.0,59.1,203.5,109.2,104.7,0.4110620618021293,0.5889379381978707,
lower_east_side,4382630251,Vans,40.7214285,-74.0020478,retail,1018.4,1380.0,primary,1.0,129.0,312.3,435.0,114.4,0.0,1.0,
lower_east_side,12232386091,The Re:Shop,40.7197501,-74.0017786,retail,1019.0,6090.0,secondary,4.0,91.4,125.2,308.3,161.3,0.0,1.0,
lower_east_side,2547121482,Love Mama,40.7304045,-73.9861256,food_drink,1019.0,2575.0,residential,,163.9,172.5,142.2,90.6,0.8092710838377974,0.1907289161622025,
lower_east_side,8750573619,Heytea,40.7180873,-74.001073,food_drink,1019.1,4091.0,tertiary,1.0,21.4,69.3,223.4,115.4,0.0,1.0,
lower_east_side,285940929,Charles B. Wang Community Health Center,40.7186672,-74.0013731,health,1019.1,4338.0,primary,4.0,32.2,0.0,243.5,151.7,0.0,1.0,
lower_east_side,2563990338,City Park Convenient Store,40.7160763,-73.9995027,retail,1019.2,1835.0,residential,,179.6,130.5,65.2,22.2,0.0741839762611275,0.9258160237388724,
lower_east_side,13756162807,Franklin Bowles Galleries,40.7252899,-74.0011056,leisure_entertainment,1019.2,2500.0,residential,2.0,195.7,516.5,284.6,127.3,0.9157894736842104,0.0842105263157894,
lower_east_side,2563990318,Kabab Town,40.7164434,-73.9998631,food_drink,1019.3,4910.0,residential,1.0,129.0,120.6,97.2,47.2,0.8446798770518605,0.1553201229481394,
lower_east_side,13520165301,Curry House,40.7146812,-73.997729,food_drink,1019.6,2239.0,residential,,64.5,106.0,32.6,49.2,0.7978436657681941,0.2021563342318059,
lower_east_side,1378899206,Cult Gaia,40.7229924,-74.0019501,retail,1019.6,2500.0,residential,1.0,215.6,483.4,316.1,140.9,0.7692307692307693,0.2307692307692307,
lower_east_side,13756162806,Scavolini,40.7252369,-74.0011425,leisure_entertainment,1019.8,5000.0,residential,2.0,202.3,519.6,289.1,124.8,0.7968397291196389,0.2031602708803611,
lower_east_side,7149186630,Meta,40.7308046,-73.9916277,office_professional,1020.2,62582.0,residential,1.0,37.6,182.0,141.9,162.2,0.0,1.0,
lower_east_side,4565909216,STADIUM GOODS,40.7201586,-74.0019016,retail,1020.4,1650.0,residential,,77.0,171.7,339.5,130.4,0.0,1.0,
lower_east_side,2563990307,,40.7153973,-73.9987505,retail,1020.5,1250.0,residential,1.0,152.3,59.8,69.6,76.6,0.8,0.2,
lower_east_side,1383571132,139 Center Pharmacy,40.7173976,-74.0006546,health,1020.6,19465.0,secondary,1.0,8.5,11.4,207.6,70.2,0.0,1.0,
lower_east_side,5889547501,Ninth Street Espresso,40.7270509,-73.9801128,food_drink,1020.7,1750.0,residential,2.0,7.9,206.9,165.1,105.2,0.8504113687359761,0.1495886312640239,
lower_east_side,5854108695,New Sau Voi,40.7177791,-74.0009112,retail,1020.8,3703.0,tertiary,1.0,44.1,54.5,220.8,92.9,0.0,1.0,
lower_east_side,5231708531,Taiwan Bear House,40.714712,-73.9978045,food_drink,1021.1,1164.0,residential,,68.9,101.0,39.3,56.4,0.8105701837469218,0.1894298162530782,
lower_east_side,2562442597,Kartell,40.7219268,-74.0020843,retail,1021.3,4323.0,residential,1.0,169.3,367.4,389.1,137.6,1.0,0.0,
lower_east_side,11897266019,Grand Seiko,40.7242915,-74.0016021,retail,1021.3,3200.0,residential,1.0,228.1,568.1,290.3,147.6,0.6175931582162493,0.3824068417837508,
lower_east_side,6991451741,11th Street Bar,40.7280803,-73.9812286,food_drink,1021.4,1576.0,residential,,70.3,182.5,158.6,93.5,0.7170345217883418,0.2829654782116582,
lower_east_side,5231392721,Amy's Hair Salon,40.7148724,-73.998056,personal_care,1021.6,3187.0,residential,,85.5,80.3,66.8,83.6,0.4285714285714285,0.5714285714285714,
lower_east_side,13756162805,DOORS,40.7251433,-74.0012198,retail,1021.8,5000.0,residential,2.0,214.5,524.9,297.0,120.1,0.93033381712627,0.06966618287373,
lower_east_side,12890222604,Cafe 2by2,40.7309058,-73.9899035,food_drink,1021.9,1865.0,residential,1.0,42.2,220.6,109.0,115.6,0.25,0.75,
lower_east_side,8991994598,Yin Ji Chang Fen,40.7158075,-73.9992587,food_drink,1022.1,4936.0,residential,,209.8,101.3,62.2,24.4,0.8181818181818182,0.1818181818181818,
lower_east_side,2563990317,Nail Sail & Beyond,40.7164128,-73.9998851,personal_care,1022.8,4910.0,residential,1.0,131.2,122.3,98.2,43.6,0.8446798770518605,0.1553201229481394,
lower_east_side,2547155236,Healthy Choice 48,40.7308947,-73.9891613,retail,1022.9,2371.0,residential,1.0,18.7,176.3,98.2,103.4,0.8082788671023965,0.1917211328976034,
lower_east_side,5680634291,Hwa Yuan,40.7137082,-73.9959474,food_drink,1023.1,3475.0,secondary,2.0,86.3,211.3,78.2,61.6,0.0,1.0,
lower_east_side,13756162804,SEE Eyewear,40.7250986,-74.0012603,health,1023.2,5000.0,residential,2.0,220.5,527.3,300.7,118.0,0.93033381712627,0.06966618287373,
lower_east_side,11897319940,Celine Paris,40.7234306,-74.0018988,retail,1023.3,11004.0,residential,1.0,233.0,531.5,294.7,132.6,0.0,1.0,
lower_east_side,9664890813,apm Monaco,40.7244848,-74.0015492,retail,1023.3,1950.0,residential,1.0,231.7,575.6,292.8,133.5,0.8333493975903614,0.1666506024096385,
lower_east_side,1238653621,Best Western Plus Soho Hotel,40.7182419,-74.001214,hospitality,1023.4,4207.0,tertiary,1.0,31.5,49.2,232.0,127.8,0.0,0.2092063719862227,
lower_east_side,5231700484,SaSa Cosmetic & Skin Care,40.7148782,-73.9980984,personal_care,1023.5,3187.0,residential,,89.0,79.6,69.8,87.0,0.4285714285714285,0.5714285714285714,
lower_east_side,1827793448,A-1 Pizza,40.7145456,-73.9823483,food_drink,1023.8,2046.0,primary,2.0,26.8,407.9,170.2,48.5,0.6060533269276964,0.3939466730723036,
lower_east_side,4565955298,Nike Community Store,40.7206891,-74.0020439,retail,1024.0,2467.0,residential,,88.0,231.8,383.5,110.1,0.4134195019958183,0.5865804980041817,
lower_east_side,13074978801,BAGGU SoHo,40.7214642,-74.0021167,retail,1024.1,1380.0,primary,1.0,135.9,317.3,428.4,120.8,0.4997863247863248,0.5002136752136752,
lower_east_side,3577652948,Ippudo,40.7309292,-73.990263,food_drink,1024.8,3495.0,residential,1.0,11.8,246.0,104.8,133.8,0.8941598941598942,0.1058401058401058,
lower_east_side,13756162803,Sorrel Sky Gallery,40.7250274,-74.0013175,leisure_entertainment,1024.8,2500.0,residential,2.0,223.7,531.6,307.0,115.7,0.9000366972477064,0.0999633027522935,
lower_east_side,6462532122,TD Bank,40.7308823,-73.9887035,finance,1024.8,6726.0,primary,4.0,28.6,154.9,83.4,113.2,0.7420080826658277,0.2579919173341722,
lower_east_side,12895139038,Pure Wine,40.730933,-73.9898038,retail,1025.0,1860.0,residential,1.0,50.5,216.2,113.3,115.0,0.44,0.56,
lower_east_side,2563988675,Buy-Rite Pharmacy V,40.7173578,-74.0006858,health,1025.0,19465.0,secondary,1.0,13.7,6.3,206.9,65.1,0.0,1.0,
lower_east_side,4146369289,Blind Barber,40.7271537,-73.9801374,food_drink,1025.7,2370.0,residential,2.0,12.1,196.9,163.7,102.5,0.8864410629116511,0.1135589370883488,
lower_east_side,5231707391,Pell Hair Salon,40.7148945,-73.9981727,personal_care,1026.3,3187.0,residential,,95.1,78.1,75.6,93.4,0.4285714285714285,0.5714285714285714,
lower_east_side,11090520518,Ops,40.7304624,-73.9860714,food_drink,1026.5,2583.0,residential,,164.0,179.7,140.0,97.8,0.765203099319089,0.234796900680911,
lower_east_side,10224616960,Kanoyama,40.7305655,-73.9864902,food_drink,1026.8,11903.0,residential,1.0,158.1,157.8,177.1,79.1,0.8333231763056859,0.1666768236943141,
lower_east_side,9215684330,Crockett & Jones,40.7243114,-74.0016679,retail,1027.3,3200.0,residential,1.0,222.4,574.0,284.5,142.6,0.6175931582162493,0.3824068417837508,
lower_east_side,1827793446,Grand Street Cleaners,40.7145322,-73.982305,personal_care,1027.3,2046.0,primary,2.0,23.0,411.5,166.3,52.5,0.6060533269276964,0.3939466730723036,
lower_east_side,5231708184,Vegetarian Dim Sum House,40.7149226,-73.9982376,food_drink,1027.7,2350.0,residential,,100.4,75.7,74.2,99.7,0.0,1.0,
lower_east_side,11242527168,Bites of Xi’an,40.7309589,-73.9898626,food_drink,1027.8,1865.0,residential,1.0,45.7,221.8,113.8,119.5,0.25,0.75,
lower_east_side,11897327633,Mûre+grand,40.7245057,-74.0015972,retail,1027.9,1875.0,residential,1.0,227.7,571.8,288.6,129.1,0.8333333333333334,0.1666666666666666,
lower_east_side,2567531816,Here To Clean,40.7245366,-73.9783414,personal_care,1028.8,1330.0,residential,,28.3,360.1,214.4,44.4,0.7432605905006419,0.2567394094993581,
lower_east_side,2567531818,Two Perrys,40.7248465,-73.9784801,food_drink,1028.9,1500.0,residential,,42.3,387.7,196.1,30.0,0.8933333333333333,0.1066666666666666,
lower_east_side,10769253446,Starbucks,40.7296098,-73.9963468,food_drink,1029.2,11242.0,residential,,123.0,276.6,68.4,26.4,0.0,0.1295663127586827,
lower_east_side,11897319941,Gucci,40.723313,-74.0020083,retail,1030.0,7500.0,residential,1.0,232.0,519.4,292.8,125.2,0.6666666666666666,0.3333333333333333,
lower_east_side,7120041758,139 Centre,40.7173097,-74.0007245,health,1030.4,5100.0,secondary,1.0,19.9,0.0,206.2,58.9,0.0,1.0,
lower_east_side,6288548793,Soho Garden Hotel,40.7190209,-74.0016678,hospitality,1030.5,3127.0,primary,4.0,50.0,46.5,273.3,165.5,0.0,0.0929070288972896,
lower_east_side,5231708178,Mabu Hong Kong Cafe,40.714727,-73.9980048,food_drink,1030.8,1061.0,residential,,84.3,96.7,52.9,72.1,0.6,0.4,
lower_east_side,2547110379,Starbucks,40.7268477,-74.0001615,food_drink,1031.2,1799.0,primary,3.0,37.6,413.0,201.0,73.5,0.8,0.2,
lower_east_side,419360637,Sundaes and Cones,40.73098,-73.9893617,food_drink,1031.4,2371.0,residential,1.0,30.7,194.2,115.5,112.3,0.8082788671023965,0.1917211328976034,
lower_east_side,12559432405,IRL Gallery,40.7182733,-74.0013332,leisure_entertainment,1031.4,2242.0,tertiary,1.0,42.1,43.9,241.5,126.4,0.0,1.0,
lower_east_side,5231705717,Mee Sum Cafe,40.7149276,-73.9983164,food_drink,1031.8,4330.0,residential,,107.1,76.5,67.7,105.7,0.6661490683229814,0.3338509316770186,
lower_east_side,6219132404,Appethaize,40.7163269,-73.9999364,food_drink,1031.9,4910.0,residential,1.0,137.9,127.9,100.7,34.1,0.8446798770518605,0.1553201229481394,
lower_east_side,11897279117,Topdrawer,40.7245253,-74.0016401,retail,1032.0,1875.0,residential,1.0,224.1,568.3,284.9,125.1,0.8333333333333334,0.1666666666666666,
lower_east_side,12542895736,Permacut,40.7296411,-73.9835899,personal_care,1032.2,2500.0,primary,4.0,8.4,262.6,80.8,40.9,0.8,0.2,
lower_east_side,5231705403,Kelly Salon,40.7147901,-73.998127,personal_care,1032.4,1176.0,residential,,92.7,89.5,65.3,84.5,0.8293515358361775,0.1706484641638225,
lower_east_side,13550914366,Sky High Club,40.7248938,-73.9784462,retail,1033.3,1580.0,secondary,2.0,48.2,393.7,198.4,28.2,0.8666666666666667,0.1333333333333333,
lower_east_side,11897275443,Jay Kos,40.7243441,-74.0017294,retail,1033.3,6024.0,residential,1.0,217.0,580.4,279.0,136.7,0.4999676605652933,0.5000323394347067,
lower_east_side,5243567855,Morgenstern's Finest Ice Cream,40.727163,-73.9999069,food_drink,1033.5,1838.0,primary,4.0,28.4,391.6,207.7,39.1,0.0,1.0,
lower_east_side,5550978112,Dr. Clark,40.7161851,-73.9998239,food_drink,1033.5,2500.0,residential,,156.2,146.3,90.5,19.8,0.8648648648648649,0.1351351351351351,
lower_east_side,12559442639,Lomex,40.7182486,-74.0013511,leisure_entertainment,1033.8,2242.0,tertiary,1.0,43.0,46.6,243.3,123.6,0.0,1.0,
lower_east_side,13058149091,Ai Eros,40.7143813,-73.9975096,retail,1033.9,1360.0,primary,2.0,57.2,139.7,7.1,16.9,0.3341478313989004,0.6658521686010995,
lower_east_side,4938688122,House of Joy,40.7149659,-73.9984077,food_drink,1034.0,4330.0,residential,,114.8,74.8,61.0,113.9,0.6661490683229814,0.3338509316770186,
lower_east_side,13076297102,Wait a Second,40.7279099,-73.9808174,retail,1034.0,3553.0,residential,,101.2,162.9,196.2,72.7,0.9628970020777678,0.0371029979222321,
lower_east_side,1297638217,Casio G Shock,40.7260951,-74.0007962,food_drink,1034.2,665.0,residential,2.0,112.2,462.3,216.8,166.1,0.0,1.0,
lower_east_side,10224616955,Barber Shop,40.7306266,-73.9864468,personal_care,1034.3,11903.0,residential,1.0,161.6,165.1,176.2,86.7,0.8333231763056859,0.1666768236943141,
lower_east_side,11090520517,Pangea,40.7305261,-73.9860255,food_drink,1034.5,2583.0,primary,3.0,156.0,186.7,139.1,104.9,0.8335254193878858,0.1664745806121142,
lower_east_side,5712276604,Acne Studios,40.7217693,-74.002251,retail,1035.1,6500.0,primary,1.0,169.0,352.8,394.3,141.8,0.7894259427238565,0.2105740572761436,
lower_east_side,7125925886,Cha Chang Tang,40.7152633,-73.9988232,food_drink,1035.2,2380.0,residential,1.0,153.9,71.9,53.5,74.3,0.7231311351623458,0.2768688648376541,
lower_east_side,10695291116,DTR Modern Galleries,40.7262,-74.0007365,leisure_entertainment,1035.3,1875.0,residential,2.0,101.2,457.3,210.4,155.6,0.0,1.0,
lower_east_side,11897326659,Yohji Yamamoto,40.722764,-74.0021769,retail,1035.4,2500.0,residential,1.0,214.1,460.6,316.7,137.7,0.834609861177597,0.165390138822403,
lower_east_side,12806889291,Project Vintage,40.7279874,-73.9808871,retail,1035.4,2370.0,residential,,92.8,162.7,186.0,72.0,1.0,0.0,
lower_east_side,5231707385,New Hong Kong Barber Shop,40.7146776,-73.9980204,personal_care,1035.8,1061.0,residential,,87.3,102.1,51.0,70.5,0.6,0.4,
lower_east_side,5642418027,Séraphine,40.7264515,-74.0005568,retail,1036.0,1875.0,residential,2.0,74.2,448.8,199.7,127.3,0.8499884606508193,0.1500115393491807,
lower_east_side,5511992166,Molcajete Taqueria,40.7273229,-73.9997885,food_drink,1036.1,1838.0,residential,2.0,40.4,382.9,208.7,30.2,0.0,1.0,
lower_east_side,12542895732,Tree,40.7296734,-73.9835669,personal_care,1036.3,2500.0,primary,4.0,11.6,259.8,79.5,42.2,0.8,0.2,
lower_east_side,6462532123,The Smith,40.7309828,-73.9886341,food_drink,1036.5,13147.0,primary,4.0,30.9,162.7,93.9,125.1,0.768203251669716,0.2317967483302839,
lower_east_side,10695291115,Georges Bergès Gallery,40.7263278,-74.0006603,leisure_entertainment,1036.7,3750.0,residential,2.0,88.2,451.8,203.6,143.1,0.5628124177847935,0.4371875822152065,
lower_east_side,10830960866,Hibba Beauty Studios,40.7259713,-74.0009173,personal_care,1036.9,855.0,residential,2.0,128.8,465.7,222.8,157.4,0.3333333333333333,0.6666666666666666,
lower_east_side,5642396073,Happy Socks,40.7259135,-74.0009624,retail,1037.4,855.0,residential,1.0,135.8,468.2,226.5,151.3,0.3333333333333333,0.6666666666666666,
lower_east_side,8333740839,Halal Food,40.7192255,-74.0018328,food_drink,1037.5,3127.0,primary,4.0,47.2,73.2,292.0,176.6,0.0,0.0929070288972896,
lower_east_side,11897294537,Sunglass Hut,40.7245732,-74.0016935,health,1037.9,1875.0,residential,1.0,218.3,561.5,280.3,118.1,0.8333333333333334,0.1666666666666666,
lower_east_side,13550914365,B-Side,40.7249446,-73.9784115,food_drink,1038.0,1500.0,secondary,2.0,54.6,400.0,200.8,27.5,0.8666666666666667,0.1333333333333333,
lower_east_side,2547155241,Dumpling Xi,40.731052,-73.9902313,food_drink,1038.4,4362.0,residential,1.0,19.8,252.2,92.2,143.4,0.900912408759124,0.0990875912408759,
lower_east_side,1827793441,Wing Hing,40.7144836,-73.9821592,food_drink,1039.2,933.0,primary,2.0,11.3,423.9,153.0,65.9,0.6023965141612201,0.3976034858387799,
lower_east_side,12402918748,Mei Lai Wah Wonton Noodle,40.7148176,-73.9982893,food_drink,1039.3,1259.0,residential,,105.5,88.0,69.2,97.9,0.5387205387205387,0.4612794612794613,
lower_east_side,6128600886,Neuhaus,40.7243707,-74.0017953,food_drink,1039.4,6024.0,residential,1.0,211.2,578.5,273.1,131.2,0.4999676605652933,0.5000323394347067,
lower_east_side,2555120303,Fish Market,40.7196908,-74.0020133,retail,1039.7,6090.0,primary,4.0,80.1,126.0,323.6,149.8,0.0,1.0,
lower_east_side,5511982448,Lord's,40.7276864,-73.9994646,food_drink,1039.7,1875.0,residential,2.0,82.2,362.1,177.3,50.6,0.8,0.2,
lower_east_side,12542895730,Juice Vitality,40.7297001,-73.9835434,food_drink,1039.9,1750.0,primary,4.0,14.9,257.7,78.1,43.4,0.8,0.2,
lower_east_side,7975003159,La Mercerie,40.7202081,-74.0021478,food_drink,1040.0,6007.0,residential,,96.3,183.4,360.0,109.1,0.8,0.2,
lower_east_side,5511988543,Mocha Burger,40.7274205,-73.9997484,food_drink,1040.0,3750.0,residential,2.0,50.6,380.8,198.7,32.7,0.4506631078488614,0.5493368921511386,
lower_east_side,6468320485,Outspace by Empire,40.7200192,-74.0021063,leisure_entertainment,1040.1,22375.0,residential,,98.2,162.5,346.6,121.7,0.5189655172413793,0.4810344827586207,
lower_east_side,4218407489,White Oak Tavern,40.7303749,-73.9946392,food_drink,1040.2,18995.0,residential,,87.4,123.6,110.9,99.9,0.8666980318356465,0.1333019681643535,
lower_east_side,4894493421,Ost Cafe,40.7144862,-73.9821342,food_drink,1040.3,933.0,primary,2.0,9.3,425.1,151.3,67.8,0.6023965141612201,0.3976034858387799,
lower_east_side,5642382126,Chobani SoHo,40.7257638,-74.0011009,food_drink,1040.5,4842.0,residential,1.0,155.7,473.9,236.0,134.5,0.866590095860759,0.133409904139241,
lower_east_side,7674034985,DC Meat Market,40.7136834,-73.9963042,retail,1040.6,1871.0,secondary,2.0,71.8,206.1,93.7,61.6,0.5745768125199616,0.4254231874800383,
lower_east_side,5231707403,Ya Fi Hair Salon,40.7146309,-73.9980351,personal_care,1040.6,665.0,residential,,82.4,107.2,49.6,69.0,0.3333333333333333,0.6666666666666666,
lower_east_side,4470023993,New Hua Xia Seafood Restaurant,40.7139703,-73.9968991,food_drink,1040.6,1763.0,secondary,2.0,18.3,170.9,73.1,22.0,0.0,1.0,
lower_east_side,13517110250,European Wax Center,40.7277437,-73.9994161,personal_care,1040.7,1875.0,residential,2.0,89.4,359.6,173.0,57.1,0.0,1.0,
lower_east_side,11897362448,Selima Optique,40.723092,-74.0021923,health,1041.4,7500.0,residential,1.0,218.9,496.8,293.1,117.7,0.6666666666666666,0.3333333333333333,
lower_east_side,4851501923,Joe's Ginger,40.7148384,-73.998357,food_drink,1041.4,1129.0,residential,,109.1,87.0,63.5,104.0,0.8566194041739684,0.1433805958260315,
lower_east_side,2563930336,Loknath Gift Shop,40.7191796,-74.0018668,retail,1041.6,3127.0,secondary,2.0,42.2,70.6,293.5,170.8,0.0,0.0929070288972896,
lower_east_side,2547136896,Bar Veloce,40.730686,-73.9864013,food_drink,1041.7,11903.0,primary,3.0,154.0,172.4,175.4,94.3,0.8333231763056859,0.1666768236943141,
lower_east_side,5164002625,Moleskine,40.7257168,-74.0011489,retail,1041.9,4842.0,residential,2.0,162.2,475.6,239.2,129.0,0.866590095860759,0.133409904139241,
lower_east_side,8986962109,The Summit,40.7249939,-73.9783775,food_drink,1042.6,1500.0,secondary,2.0,60.8,406.1,203.4,28.2,0.8542805100182149,0.145719489981785,
lower_east_side,2547083556,Cafe Habibti,40.7278564,-73.9993209,food_drink,1042.7,3125.0,residential,2.0,103.7,354.9,165.2,70.4,0.0,1.0,
lower_east_side,5642403104,La Perla,40.7256432,-74.0012067,retail,1042.8,4842.0,residential,2.0,171.4,479.3,244.9,122.1,0.866590095860759,0.133409904139241,
lower_east_side,6231502057,,40.7129206,-73.9942901,retail,1043.6,1445.0,residential,2.0,69.3,355.1,200.6,33.1,0.7776879547291835,0.2223120452708165,
lower_east_side,12368274270,Pasta de Pasta,40.7297307,-73.9835233,food_drink,1043.7,1750.0,primary,4.0,18.4,255.0,77.3,45.3,0.8,0.2,
lower_east_side,9735398744,Art Bean Coffee Roasters,40.7146689,-73.9981529,food_drink,1043.9,1176.0,residential,,87.2,103.0,60.4,79.8,0.8293515358361775,0.1706484641638225,
lower_east_side,5223098154,Yung Sun Seafood Restaurant,40.7134411,-73.9958191,food_drink,1043.9,1875.0,secondary,2.0,82.6,242.9,105.3,92.3,0.2083333333333333,0.7916666666666666,
lower_east_side,2825288941,Toy Apple Beauty & Barber Shop,40.7145965,-73.9980495,personal_care,1044.3,665.0,residential,,78.6,111.0,49.3,68.2,0.3333333333333333,0.6666666666666666,
lower_east_side,9809819949,MoonStar House,40.7139638,-73.9969757,retail,1044.9,1741.0,secondary,2.0,19.7,172.2,69.3,22.4,0.2325040688212043,0.7674959311787957,
lower_east_side,2567566955,Creative Furniture Inc,40.7146288,-73.9818172,retail,1045.5,697.0,primary,2.0,17.0,433.5,139.2,77.7,0.6300784034212402,0.3699215965787598,
lower_east_side,10717874077,Staples,40.7309474,-73.9923324,retail,1045.6,45400.0,primary,2.0,30.6,153.8,170.6,183.0,0.6866543394675824,0.3133456605324176,
lower_east_side,9664890812,Morgenthal Fredericks,40.7244074,-74.0018587,health,1045.7,6024.0,residential,1.0,205.7,572.7,267.4,125.0,0.4999676605652933,0.5000323394347067,
lower_east_side,5231707775,Sichuan Hot Pot Cuisine,40.7149933,-73.9986519,food_drink,1046.1,1387.0,residential,,133.5,81.9,42.5,93.1,0.7002667415414854,0.2997332584585147,
lower_east_side,5512018756,The Folly,40.727248,-74.0000218,food_drink,1046.9,1838.0,primary,4.0,41.9,401.9,195.9,48.1,0.5,0.5,
lower_east_side,5231411130,Chinatown Optical,40.7150481,-73.9987401,health,1047.0,1387.0,residential,,139.1,81.7,39.3,85.3,0.7002667415414854,0.2997332584585147,
lower_east_side,5796438080,La Colombe Coffee Roasters,40.7257887,-74.0011724,food_drink,1047.1,4842.0,residential,1.0,158.3,468.0,231.0,129.7,0.866590095860759,0.133409904139241,
lower_east_side,5509952292,GMT Tavern,40.7280503,-73.9991643,food_drink,1047.2,3125.0,residential,1.0,128.3,348.9,153.9,94.2,0.0,1.0,
lower_east_side,5223098155,Cathy Bank,40.7134391,-73.9959114,finance,1047.8,2025.0,secondary,2.0,89.9,240.6,106.7,91.7,0.1551126516464471,0.8448873483535528,
lower_east_side,12368281668,Red Beard Bakery,40.729764,-73.9835016,food_drink,1047.8,1750.0,primary,4.0,22.2,252.2,76.6,47.6,0.8,0.2,
lower_east_side,2555120318,Dunkin',40.7197797,-74.0021409,food_drink,1048.1,906.0,primary,4.0,87.1,139.6,337.4,135.2,0.0,1.0,
lower_east_side,5231705213,Doyers Relaxing Spot,40.7146301,-73.9981709,personal_care,1048.2,2941.0,residential,,83.2,107.4,60.2,78.9,0.1050052502625131,0.8949947497374868,
lower_east_side,5265714697,Billionaire Boys Club,40.7203985,-74.0022857,retail,1048.3,5000.0,residential,,107.1,207.3,381.1,91.5,0.6720345640219952,0.3279654359780047,
lower_east_side,5231705398,Bella Dental,40.7150134,-73.998716,health,1048.3,1387.0,residential,,136.1,83.3,38.8,87.5,0.7002667415414854,0.2997332584585147,
lower_east_side,8333736476,Daniel Corpuz Chocolatier,40.715543,-73.9993735,food_drink,1048.5,2376.0,residential,1.0,187.3,108.3,81.9,24.0,0.823227859289376,0.176772140710624,
lower_east_side,7905888984,Cacio e Pepe,40.7306355,-73.9859173,food_drink,1048.9,2058.0,primary,3.0,141.3,178.4,136.6,119.4,0.8,0.2,
lower_east_side,10224616959,Mimi Cheng's,40.73075,-73.9863523,food_drink,1049.8,11903.0,primary,3.0,145.7,180.3,174.9,102.5,0.8333231763056859,0.1666768236943141,
lower_east_side,9579352615,Rubys,40.7310793,-73.9883694,food_drink,1049.8,13147.0,residential,1.0,53.6,165.9,105.5,122.7,0.768203251669716,0.2317967483302839,
lower_east_side,13756162801,Eileen Fisher,40.7242917,-74.0019548,retail,1049.9,6024.0,residential,2.0,198.5,581.5,260.9,132.6,0.4999676605652933,0.5000323394347067,
lower_east_side,9809819951,Tous les Jours,40.7139633,-73.9970846,food_drink,1050.1,1822.0,secondary,2.0,23.8,173.4,63.9,25.1,0.0,1.0,
lower_east_side,5871120270,Mariebelle,40.7232184,-74.0022708,food_drink,1050.1,7500.0,primary,2.0,211.6,511.7,279.6,106.4,0.6666666666666666,0.3333333333333333,
lower_east_side,3991220675,Mei Lai Wah,40.715135,-73.9989119,food_drink,1050.5,2362.0,residential,1.0,144.7,86.0,37.4,71.3,0.0,1.0,
lower_east_side,1247953851,,40.7170717,-74.0008238,retail,1050.5,5100.0,secondary,1.0,47.3,27.8,199.1,31.4,0.0,1.0,
lower_east_side,9579352616,The Dolar Shop,40.7311047,-73.9885452,food_drink,1050.8,13147.0,residential,1.0,39.7,172.8,107.2,132.2,0.768203251669716,0.2317967483302839,
lower_east_side,5067046492,Dretore Gallery,40.7231733,-74.0022944,leisure_entertainment,1051.3,7500.0,primary,2.0,209.7,507.0,280.8,106.3,0.6666666666666666,0.3333333333333333,
lower_east_side,8439642582,Laundry 194,40.7297936,-73.9834817,personal_care,1051.5,1750.0,primary,4.0,25.8,249.8,76.1,49.9,0.8,0.2,
lower_east_side,6261903093,Empire Luggage,40.7190822,-74.0019525,retail,1051.5,2286.0,secondary,2.0,31.5,67.2,298.1,157.8,0.0,1.0,
lower_east_side,2555120320,Stadium Goods,40.7198076,-74.0021901,retail,1051.6,906.0,primary,4.0,89.6,144.3,342.4,130.1,0.0,1.0,
lower_east_side,6551670585,Miss Du’s Tea Shop,40.7149012,-73.9986222,food_drink,1051.7,2531.0,residential,,123.1,89.1,41.8,95.6,0.8190896591649178,0.1809103408350821,
lower_east_side,5265714371,Oak & Wood,40.72035,-74.0023196,retail,1051.9,1725.0,residential,,109.7,203.4,380.6,90.1,0.0,1.0,
lower_east_side,5399823086,Ground Support Café,40.7242595,-74.0019929,food_drink,1052.0,6024.0,residential,2.0,195.7,583.6,258.2,134.6,0.4999676605652933,0.5000323394347067,
lower_east_side,368045910,Grey Art Gallery,40.7299471,-73.996123,leisure_entertainment,1052.0,5960.0,residential,,81.1,237.0,96.2,14.1,0.0,1.0,
lower_east_side,5512015924,Madame X,40.7272671,-74.0000807,food_drink,1052.2,1838.0,primary,4.0,46.8,407.0,190.5,53.2,0.5054945054945055,0.4945054945054945,
lower_east_side,13756128200,Reiss,40.7241773,-74.002034,retail,1052.9,4338.0,residential,2.0,193.6,590.9,256.4,141.0,0.0,1.0,
lower_east_side,10791185413,Lucky,40.7272139,-73.9797955,food_drink,1053.0,1750.0,tertiary,2.0,38.7,181.8,134.1,73.3,0.8401278976818545,0.1598721023181454,
lower_east_side,11897344668,Fred Perry,40.7228957,-74.0023711,retail,1053.4,1374.0,residential,1.0,206.8,477.7,294.7,115.8,0.7334329845540608,0.2665670154459392,
lower_east_side,10224616962,"Michael Chang, DDS",40.7306639,-73.9858279,health,1054.4,2067.0,primary,3.0,135.8,171.3,131.9,127.3,0.5999704884167035,0.4000295115832964,
lower_east_side,11897351335,Love Weld,40.72284,-74.0023942,retail,1054.5,1374.0,residential,1.0,206.2,471.9,297.4,118.2,0.6046511627906976,0.3953488372093023,
lower_east_side,12889705727,Lei,40.7145645,-73.9981901,food_drink,1054.7,2941.0,residential,,76.2,114.8,59.7,76.8,0.1050052502625131,0.8949947497374868,
lower_east_side,2567534730,Equal Care Pharmacy,40.7220472,-73.9774605,health,1054.8,2201.0,residential,,27.4,224.8,107.0,112.1,0.7678592940609565,0.2321407059390434,
lower_east_side,6345333428,Irving Farm New York,40.7312029,-73.9899196,food_drink,1054.9,10344.0,residential,1.0,36.5,244.1,88.3,146.3,1.0,0.0,
lower_east_side,9088344065,Tompkins Square Bagels,40.7306929,-73.9858959,food_drink,1055.5,2067.0,primary,3.0,134.7,172.3,138.5,124.7,0.5999704884167035,0.4000295115832964,
lower_east_side,13746128579,Paradigm Health Inc,40.7150788,-73.9989329,health,1056.1,2330.0,residential,1.0,138.2,91.2,31.1,69.1,0.8758515386422363,0.1240310077519379,
lower_east_side,11077605269,Bapple,40.7260032,-74.0011522,office_professional,1056.1,884.0,residential,1.0,142.4,450.3,210.2,141.4,0.0,1.0,
lower_east_side,5164002624,DKNY,40.7250817,-74.0016921,retail,1056.4,1744.0,residential,2.0,192.0,511.0,284.8,84.1,0.6956521739130435,0.3043478260869565,
lower_east_side,10791224469,Burgers on B,40.7272434,-73.979771,food_drink,1056.5,1750.0,tertiary,2.0,42.1,178.1,131.3,70.1,0.8401278976818545,0.1598721023181454,
lower_east_side,9735398749,New Chinatown Beauty Salon,40.7145433,-73.9981916,personal_care,1056.6,2941.0,residential,,73.9,117.2,59.3,75.8,0.1050052502625131,0.8949947497374868,
lower_east_side,12350543849,L.A. Burdick Handmade Chocolates,40.7258246,-74.0012786,food_drink,1056.9,4320.0,residential,1.0,162.7,459.5,223.9,123.0,0.928,0.072,
lower_east_side,5509996164,The Renee and Chaim Gross Foundation,40.7284684,-73.99882,leisure_entertainment,1058.3,1875.0,residential,2.0,182.3,341.4,142.8,143.4,1.0,0.0,
lower_east_side,5401946287,New University Pen And Stationery,40.7280942,-73.9992955,retail,1058.6,6250.0,residential,1.0,129.7,360.9,143.6,96.8,0.4548717948717948,0.5451282051282051,
lower_east_side,2611490854,Manhattan Marketplace,40.7298496,-73.9834409,retail,1058.6,1978.0,residential,,32.8,245.3,75.5,54.5,0.7999369549227697,0.2000630450772302,
lower_east_side,12613104101,INTER IAM,40.7193369,-74.002133,leisure_entertainment,1058.7,5805.0,residential,,39.7,98.2,319.7,172.2,0.0,1.0,
lower_east_side,11897352947,Sambrocatosalon,40.7223806,-74.002505,personal_care,1059.0,11853.0,residential,1.0,214.7,423.8,327.6,150.8,0.718029334987092,0.2819706650129079,
lower_east_side,6134882709,Citibank,40.7285369,-73.9987401,finance,1059.0,3750.0,residential,2.0,192.0,339.3,144.7,138.5,0.8046647230320699,0.19533527696793,
lower_east_side,6530593033,Downtown Yummy Restaurant,40.7134187,-73.9961407,food_drink,1059.1,3803.0,secondary,2.0,102.8,237.8,113.9,92.2,0.0,1.0,
lower_east_side,2547223676,The Broken Kilometer (DIA),40.7240871,-74.0021462,leisure_entertainment,1059.5,4338.0,residential,2.0,186.3,597.0,249.4,127.8,0.0,1.0,
lower_east_side,6231502058,Phở Gà Vàng,40.7127475,-73.9942698,food_drink,1061.1,1868.0,residential,1.0,51.4,371.8,217.5,52.0,0.4200988467874794,0.5799011532125206,
lower_east_side,4812004824,Rapha,40.7260982,-74.0011568,leisure_entertainment,1061.3,2351.0,residential,1.0,137.2,441.9,200.6,146.6,0.9221507162134108,0.0778492837865891,
lower_east_side,7975003160,Roman and Williams Guild,40.7199536,-74.0023558,retail,1062.1,6007.0,residential,,105.3,165.3,362.0,108.9,0.8,0.2,
lower_east_side,11897345451,Burrow House,40.7227364,-74.0025088,retail,1062.8,3150.0,residential,1.0,199.8,462.5,298.3,119.2,0.0,1.0,
lower_east_side,13746128578,EYE SOLUTION,40.7150174,-73.9989641,food_drink,1062.8,5830.0,residential,1.0,131.0,97.6,23.8,66.6,0.7865853658536586,0.2134146341463414,
lower_east_side,8279418775,China Wok,40.722117,-73.9773685,food_drink,1062.8,2610.0,tertiary,4.0,23.4,234.2,115.2,123.1,0.9315537303216974,0.0684462696783025,
lower_east_side,6261902981,WeWork,40.7189373,-74.0020369,office_professional,1062.9,2286.0,secondary,2.0,24.5,63.5,302.3,140.4,0.0,1.0,
lower_east_side,5709502954,The Ordinary,40.7248305,-74.0018956,retail,1063.1,554.0,residential,2.0,188.6,528.4,264.1,85.5,0.0,1.0,
lower_east_side,5509996165,Peculier Pub,40.7283007,-73.9991218,food_drink,1063.5,2879.0,residential,1.0,155.8,355.9,134.9,122.1,0.7245653296608711,0.2754346703391289,
lower_east_side,4551449492,Juice Press,40.7258602,-74.0013476,food_drink,1063.9,4320.0,residential,1.0,165.0,452.8,218.1,119.4,0.928,0.072,
lower_east_side,4284811306,Nom Wah Tea Parlor,40.7144593,-73.9981968,food_drink,1063.9,2360.0,residential,,64.9,126.5,58.8,71.7,0.0,1.0,
lower_east_side,8986962110,Lilly's Shakes & Crepes,40.7248962,-73.9780558,food_drink,1064.4,6418.0,secondary,2.0,68.5,406.4,231.1,57.3,0.8459167950693375,0.1540832049306625,
lower_east_side,7324239647,Lao Ma Spicy,40.7309117,-73.9934941,food_drink,1064.8,23550.0,secondary,1.0,51.3,71.9,95.0,192.8,0.8862224254654989,0.1137775745345011,
lower_east_side,1827781718,El Castillo De Jagua,40.714385,-73.9818347,food_drink,1065.1,1530.0,primary,2.0,22.3,450.9,123.9,54.8,0.5714285714285714,0.4285714285714285,
lower_east_side,5747425246,Center for Architecture,40.72873,-73.9985805,leisure_entertainment,1065.3,5503.0,residential,2.0,217.2,339.5,148.2,133.3,0.867098395515175,0.132901604484825,
lower_east_side,10692993581,Hekate Café & Elixir Lounge,40.7271351,-73.9795427,food_drink,1065.4,1767.0,tertiary,2.0,53.3,186.6,116.8,59.7,0.8601398601398601,0.1398601398601398,
lower_east_side,4775572230,Taiwan Pork Chop House,40.7142816,-73.9979466,food_drink,1065.6,1700.0,primary,3.0,44.0,146.4,41.8,44.1,0.7017543859649122,0.2982456140350877,
lower_east_side,9105695788,Madison Les Hotel,40.7123546,-73.9926814,hospitality,1065.7,2607.0,secondary,2.0,41.9,418.5,116.2,40.7,,,
lower_east_side,249664383,a83,40.7215845,-74.0026147,leisure_entertainment,1065.8,14898.0,primary,1.0,175.7,340.8,394.4,127.0,0.8144381111750248,0.1855618888249751,
lower_east_side,8333736471,Chinese Tuxedo,40.7143245,-73.998035,food_drink,1066.6,1700.0,primary,3.0,48.3,141.3,47.0,52.8,0.7017543859649122,0.2982456140350877,
lower_east_side,9215677603,MacKensie-Childs,40.7247079,-74.0019961,retail,1066.7,6310.0,residential,2.0,188.8,537.4,254.8,90.6,0.7579647566810597,0.2420352433189403,
lower_east_side,4146280791,Pulqueria,40.7144253,-73.9981968,food_drink,1066.8,2360.0,residential,,61.2,130.3,58.8,69.9,0.0,1.0,
lower_east_side,9735398746,Sasa Cosmetics & Skin Care Beauty,40.7144601,-73.9982616,personal_care,1067.4,2360.0,residential,,66.4,126.9,64.2,76.5,0.0,1.0,
lower_east_side,2825288971,Opera House,40.7143387,-73.9980744,food_drink,1067.5,1725.0,residential,,50.0,139.6,49.8,56.5,0.3768034738758929,0.623196526124107,
lower_east_side,5714220021,OriginsNYC,40.7187937,-74.0020394,retail,1067.9,5250.0,secondary,2.0,33.1,57.9,300.6,126.8,0.0,1.0,
lower_east_side,2244743660,Apothéke,40.7143873,-73.9981634,food_drink,1068.2,1725.0,residential,,56.5,134.3,56.3,65.5,0.3768034738758929,0.623196526124107,
lower_east_side,5401946301,New York Pen and Stationary,40.7305485,-73.9949732,retail,1068.8,3300.0,residential,,56.4,121.6,100.6,69.9,0.0,1.0,
lower_east_side,9966553542,Court Street Grocers,40.7288374,-73.99849,food_drink,1068.9,1935.0,residential,2.0,231.3,340.3,152.1,132.2,0.5722475570032574,0.4277524429967426,
lower_east_side,5097819389,John's of 12th Street,40.7307115,-73.9854886,food_drink,1069.1,2263.0,residential,1.0,124.5,150.8,112.7,154.2,0.8000577034045009,0.1999422965954991,
lower_east_side,4181417794,Peking Duck House,40.7146382,-73.9985571,food_drink,1069.2,2307.0,residential,1.0,94.5,113.3,51.5,98.3,0.8251136761105281,0.1748863238894718,
lower_east_side,2547155245,Tim Ho Wan,40.7313326,-73.9901504,food_drink,1069.4,26097.0,residential,1.0,14.1,268.0,65.7,123.2,0.8674120917728286,0.1325879082271713,
lower_east_side,11066047179,Jeffrey Deitch,40.7219434,-74.002655,leisure_entertainment,1069.4,2500.0,primary,1.0,205.8,380.0,358.9,161.8,0.0,1.0,
lower_east_side,11897345636,Grace Loves Lace,40.7226204,-74.0026024,retail,1069.4,4991.0,residential,1.0,196.4,451.6,302.1,124.1,0.7798611635101487,0.2201388364898513,
lower_east_side,4254615310,Jane,40.7273302,-74.000275,food_drink,1069.6,2490.0,primary,4.0,63.7,411.0,172.9,70.3,0.8333333333333334,0.1666666666666666,
lower_east_side,5231707921,Tasty Hand-Pulled Noodles,40.7141917,-73.9978766,food_drink,1069.6,626.0,primary,3.0,35.8,157.0,42.4,35.9,0.6515679442508711,0.3484320557491289,
lower_east_side,10830968028,Joe & The Juice,40.7260837,-74.001279,food_drink,1069.7,2375.0,residential,1.0,146.9,436.6,197.4,137.2,0.9364931846344484,0.0635068153655514,
lower_east_side,1827781709,Hill Top Grocery,40.7143777,-73.981762,retail,1069.7,984.0,primary,2.0,22.0,455.9,118.3,51.1,0.7699724517906336,0.2300275482093663,
lower_east_side,6231502056,,40.7127859,-73.9946936,retail,1069.8,16383.0,residential,2.0,53.7,349.1,196.3,58.1,0.8030845114453438,0.1969154885546563,
lower_east_side,12327548513,Foxface Natural,40.7289642,-73.9816112,food_drink,1070.3,1260.0,secondary,2.0,26.2,196.9,75.4,116.5,0.7498644986449865,0.2501355013550135,
lower_east_side,7366161187,CrossFit,40.7255676,-73.9783274,leisure_entertainment,1070.5,2307.0,residential,,47.8,368.6,215.0,35.3,0.4952749140893471,0.5047250859106529,
lower_east_side,247852538,Village East Cinema,40.7309633,-73.986389,leisure_entertainment,1071.6,12077.0,residential,1.0,128.1,183.3,189.7,121.1,0.0681468974250738,0.9318531025749262,
lower_east_side,2550551548,The Bitter End,40.7283337,-73.9992168,food_drink,1071.8,2858.0,residential,1.0,157.1,364.7,126.7,124.2,0.8420862660169645,0.1579137339830355,
lower_east_side,4786042527,Silk Road Cafe,40.7146942,-73.9986811,food_drink,1071.8,2302.0,residential,1.0,104.7,111.8,39.4,87.7,0.6984792868379653,0.3015207131620346,
lower_east_side,249848265,Hotel Mulberry,40.7152173,-73.9993659,hospitality,1072.1,8782.0,residential,1.0,151.1,115.4,47.7,36.8,0.3741406217048378,0.0977476907503479,
lower_east_side,9543896717,Brooklyn Bagel & Coffee Company,40.7310464,-73.9931939,food_drink,1072.5,37600.0,secondary,2.0,40.3,82.6,111.7,219.7,0.7914369553619065,0.2085630446380935,
lower_east_side,4316479989,Wing on Wo & Co,40.7145893,-73.9985501,retail,1072.8,2321.0,residential,1.0,89.4,118.2,54.5,99.3,0.8856631537084908,0.1143368462915092,
lower_east_side,5695181417,New York Boyer Foundation,40.7261091,-74.0013079,office_professional,1073.2,2375.0,residential,1.0,147.8,432.9,193.9,136.9,0.9364931846344484,0.0635068153655514,
lower_east_side,5796438081,Vesuvio Bakery,40.7259071,-74.0014471,food_drink,1073.7,4811.0,residential,1.0,169.1,443.7,210.3,114.6,0.8109372784421232,0.1890627215578768,
lower_east_side,2550551537,Marumi,40.7289859,-73.9983587,food_drink,1073.9,1111.0,residential,2.0,251.0,341.9,156.3,132.9,0.75,0.25,
lower_east_side,11074226306,Eleven B,40.727419,-73.9796782,food_drink,1074.3,1750.0,residential,,59.9,157.3,120.1,57.6,0.8373983739837398,0.1626016260162601,
lower_east_side,2547121533,Five Guys,40.7308433,-73.9857812,food_drink,1074.5,4133.0,residential,1.0,115.7,153.4,140.8,142.8,0.8333074252551945,0.1666925747448054,
lower_east_side,13550914367,The Cabinet,40.7254995,-73.9782351,food_drink,1074.6,3839.0,residential,,43.3,377.7,220.8,37.8,0.8938203440220853,0.1061796559779146,
lower_east_side,7314202223,Bowllin',40.7305854,-73.9950403,food_drink,1074.8,12527.0,residential,,50.7,122.2,99.6,64.3,0.9133045642395596,0.0866954357604402,
lower_east_side,2547223663,RRL,40.7237412,-74.0024413,retail,1074.9,11004.0,residential,2.0,176.3,571.3,238.5,89.8,0.0,1.0,
lower_east_side,11611062173,All Saint,40.7245174,-74.0021847,retail,1075.5,2397.0,residential,2.0,178.2,551.0,239.1,102.0,0.6,0.4,
lower_east_side,5265713043,Tre Giovani,40.7290362,-73.9983208,food_drink,1076.0,1111.0,residential,2.0,257.4,343.2,153.2,134.2,0.75,0.25,
lower_east_side,6261902770,Sweat Yoga,40.7187676,-74.0021312,leisure_entertainment,1076.1,5250.0,secondary,2.0,25.4,64.9,308.0,120.2,0.0,1.0,
lower_east_side,5994541085,Sun Hing Lung Co,40.7128526,-73.9950956,food_drink,1076.1,2512.0,residential,2.0,62.1,326.7,177.3,76.2,0.8140226892319137,0.1859773107680863,
lower_east_side,5164012128,Dunkin',40.7309822,-73.9936586,food_drink,1076.2,23550.0,secondary,1.0,67.1,57.0,79.1,179.9,0.8862224254654989,0.1137775745345011,
lower_east_side,2184803604,Sunrise Mart,40.7232585,-74.0025757,retail,1076.2,3000.0,primary,2.0,185.9,520.5,256.1,80.8,0.8333333333333334,0.1666666666666666,
lower_east_side,1827781722,Alphonso's Trattoria Pizzeria,40.7143362,-73.9816938,food_drink,1076.9,796.0,primary,2.0,18.7,463.2,111.0,44.6,0.0,1.0,
lower_east_side,11897349768,Kelly Faetanini,40.7224873,-74.0027162,retail,1077.7,6230.0,residential,1.0,193.5,439.6,307.1,131.5,0.0,1.0,
lower_east_side,3863833957,Terra Blues,40.728362,-73.999283,food_drink,1078.0,2870.0,residential,1.0,158.8,371.1,120.6,126.5,0.25,0.75,
lower_east_side,4664765789,Joe Coffee Company,40.7290876,-73.9982833,food_drink,1078.3,1112.0,residential,2.0,263.9,344.7,150.5,128.4,0.65,0.35,
lower_east_side,1396638254,Moxy,40.731407,-73.989437,hospitality,1078.5,13354.0,residential,1.0,57.6,236.3,104.1,160.0,,,
lower_east_side,5603537158,Gomi,40.7288636,-73.9813167,food_drink,1078.6,1738.0,secondary,2.0,24.2,171.4,102.4,112.1,0.8347107438016529,0.1652892561983471,
lower_east_side,13756162802,Anthropologie,40.7243587,-74.0022846,retail,1078.7,1968.0,residential,2.0,170.2,564.7,232.3,116.4,0.0,1.0,
lower_east_side,8795178426,Thompson Alchemists,40.7264962,-74.0011163,retail,1079.3,5770.0,residential,1.0,117.8,411.3,164.8,162.4,0.9333251773917298,0.0666748226082701,
lower_east_side,9354018725,Pelicana Chicken,40.7310025,-73.993706,food_drink,1079.6,23550.0,secondary,1.0,71.7,52.9,74.6,176.3,0.8862224254654989,0.1137775745345011,
lower_east_side,6231502059,,40.7125532,-73.9942216,retail,1080.1,1930.0,residential,1.0,31.7,392.0,231.5,73.3,0.7936800526662278,0.2063199473337722,
lower_east_side,12327777493,Genki Omakasa,40.7291349,-73.9982452,food_drink,1080.2,1112.0,residential,2.0,270.1,345.9,147.8,122.2,0.65,0.35,
lower_east_side,5231393245,Audrey Bakery & Cafe,40.7140325,-73.9978216,food_drink,1080.7,1603.0,primary,3.0,23.4,175.1,53.2,33.2,0.2499320836729149,0.750067916327085,
lower_east_side,4826193922,Arc'teryx,40.7247731,-74.0021428,retail,1080.8,6310.0,residential,2.0,174.6,525.9,242.9,77.8,0.7579647566810597,0.2420352433189403,
lower_east_side,10757661198,Salma,40.7302407,-73.9838074,food_drink,1080.8,1505.0,residential,1.0,64.1,193.6,65.2,106.6,0.6689397272327321,0.3310602727672679,
lower_east_side,5023333921,Ladurée,40.7243749,-74.0023047,food_drink,1080.8,1968.0,residential,2.0,168.4,562.4,230.4,114.2,0.0,1.0,
lower_east_side,2611490850,Motorino,40.7302858,-73.9839142,food_drink,1080.9,3123.0,residential,1.0,69.9,185.9,59.4,115.2,0.75,0.25,
lower_east_side,9543885217,Saltwater Coffee,40.7303032,-73.9839567,food_drink,1080.9,5163.0,residential,1.0,72.4,183.0,57.4,118.7,0.8333178826365069,0.1666821173634931,
lower_east_side,2287619730,Thai Terminal,40.7302647,-73.9838635,food_drink,1080.9,1505.0,residential,1.0,67.0,189.5,62.0,111.1,0.6689397272327321,0.3310602727672679,
lower_east_side,5097810483,Hearth,40.7299792,-73.9832142,food_drink,1080.9,4792.0,residential,,56.3,240.7,68.3,66.5,0.8000177999288003,0.1999822000711997,
lower_east_side,4568929156,Chipotle,40.7187757,-74.0021962,food_drink,1081.1,5250.0,secondary,2.0,20.1,70.4,313.5,118.0,0.0,1.0,
lower_east_side,3864232857,Wicked Willy's,40.728375,-73.999318,food_drink,1081.2,2870.0,residential,1.0,159.6,374.4,117.6,127.7,0.25,0.75,
lower_east_side,9543900617,M & O Market & Deli,40.7261387,-74.0013981,retail,1081.4,4142.0,residential,1.0,153.1,425.6,187.8,132.9,0.883887957864496,0.1161120421355039,
lower_east_side,4461963792,Canada Goose,40.720765,-74.0027411,retail,1081.5,2812.0,residential,1.0,147.4,260.2,435.7,54.5,0.8445945945945946,0.1554054054054054,
lower_east_side,11079651705,Grey Art Gallery,40.7303986,-73.9957606,leisure_entertainment,1081.8,17859.0,residential,,22.4,181.2,144.9,13.3,0.0,1.0,
lower_east_side,2487458479,Golden Unicorn,40.7136218,-73.9970903,food_drink,1081.8,1781.0,secondary,2.0,38.4,211.1,97.8,43.6,0.0,1.0,
lower_east_side,2549930024,New York Grill and Deli,40.7290503,-73.9815308,food_drink,1082.0,2695.0,residential,,36.0,191.3,80.0,122.6,0.7455731593662628,0.2544268406337371,
lower_east_side,7024106348,Mille-Feuille,40.7291839,-73.9982031,food_drink,1082.1,5000.0,residential,2.0,265.8,347.1,145.1,115.7,0.5609806133962457,0.4390193866037542,
lower_east_side,10784513005,7 For All Mankind,40.7243281,-74.0023406,retail,1082.3,3550.0,residential,2.0,165.8,566.3,228.1,118.7,0.579624134520277,0.420375865479723,
lower_east_side,4431347690,Arturo's Coal Oven Pizza,40.7273991,-74.0003974,food_drink,1082.4,1113.0,residential,,76.5,398.2,161.2,81.9,0.9201246834210014,0.0798753165789986,
lower_east_side,13746145188,Chipilo,40.715187,-73.9995008,food_drink,1082.8,8782.0,residential,1.0,148.9,127.2,51.2,25.3,0.3741406217048378,0.0977476907503479,
lower_east_side,2611490851,S'MAC,40.7301897,-73.9836385,food_drink,1082.8,1505.0,residential,1.0,59.8,204.0,76.8,95.7,0.6689397272327321,0.3310602727672679,
lower_east_side,4844172523,The Bean,40.7313359,-73.9919775,food_drink,1083.0,28500.0,residential,1.0,31.7,175.6,121.6,130.6,0.8462211788244026,0.1537788211755974,
lower_east_side,13507277200,La Colombe Coffee Roasters,40.7306339,-73.9951375,food_drink,1083.1,12527.0,residential,,42.9,124.2,99.5,55.6,0.9133045642395596,0.0866954357604402,
lower_east_side,5265713044,Chihiro Tea,40.7292145,-73.9981725,food_drink,1083.1,5000.0,residential,2.0,261.7,347.7,143.1,111.5,0.5609806133962457,0.4390193866037542,
lower_east_side,278106006,Ping's Seafood,40.7144395,-73.9985238,food_drink,1083.7,2200.0,residential,1.0,74.1,133.5,66.1,95.9,0.5617977528089888,0.4382022471910112,
lower_east_side,11565487890,Psychic Readings,40.7305798,-73.9846126,leisure_entertainment,1084.0,2779.0,residential,1.0,123.2,144.6,63.6,176.1,0.8333333333333334,0.1666666666666666,
lower_east_side,12542895735,Boong's Cafe,40.7305985,-73.9846616,food_drink,1084.2,2779.0,residential,1.0,127.2,142.6,66.3,180.4,0.8333333333333334,0.1666666666666666,
lower_east_side,8279418774,Food Emporium,40.7224555,-73.9771378,retail,1084.4,6764.0,residential,1.0,51.3,264.7,142.5,164.3,0.7548779609763122,0.2451220390236878,
lower_east_side,7164989985,Barolo,40.7242457,-74.0023993,food_drink,1084.6,3550.0,residential,2.0,162.0,573.4,224.8,120.6,0.579624134520277,0.420375865479723,
lower_east_side,6462532124,Boongs Grab & Go,40.7313843,-73.9882642,retail,1084.6,36022.0,residential,1.0,34.3,197.5,140.4,151.1,0.0,0.0225118483412322,
lower_east_side,9265380665,The Great Frog,40.7246031,-74.002264,retail,1084.7,5577.0,residential,2.0,172.1,539.7,232.1,90.8,0.8333333333333334,0.1666666666666666,
lower_east_side,5718492185,GNC,40.7196292,-74.0025424,retail,1084.7,1124.0,primary,4.0,71.9,145.4,362.6,125.9,0.5,0.5,
lower_east_side,5512636204,Madam Ji,40.7282329,-73.9995481,food_drink,1084.8,12500.0,residential,1.0,141.2,385.9,119.3,111.7,0.8675280738581939,0.1324719261418061,
lower_east_side,6231502062,Northeast Lobster,40.7124513,-73.9940161,food_drink,1085.2,1934.0,secondary,2.0,12.2,411.0,216.9,86.3,0.8033646493336246,0.1966353506663753,
lower_east_side,1827781731,People's Choice Pharmacy,40.714324,-73.9815597,health,1085.3,1238.0,primary,2.0,12.5,472.4,100.9,40.3,0.630048465266559,0.369951534733441,
lower_east_side,9810530517,20 2000,40.7311141,-73.9934442,health,1085.3,37600.0,secondary,1.0,59.9,60.6,89.3,200.1,0.7914369553619065,0.2085630446380935,
lower_east_side,5987859685,The Wayland,40.7251343,-73.9779025,food_drink,1085.6,3320.0,residential,,61.3,424.1,243.5,46.0,0.8054001459498905,0.1945998540501094,
lower_east_side,12863513173,Spes,40.7297959,-73.9827359,food_drink,1085.7,1416.0,residential,,82.4,271.6,28.9,48.5,1.0,0.0,
lower_east_side,2890392801,Lupa,40.7276391,-74.000211,food_drink,1085.7,1350.0,residential,,86.6,400.1,170.0,78.4,0.8357155157568452,0.1642844842431548,
lower_east_side,9354018726,J & Z One Nails,40.7310405,-73.9937892,personal_care,1085.7,23550.0,secondary,1.0,72.2,45.6,66.4,170.1,0.8862224254654989,0.1137775745345011,
lower_east_side,5796438082,The Hat Shop,40.7259694,-74.00157,retail,1086.0,4811.0,residential,1.0,171.2,432.0,200.5,109.9,0.8109372784421232,0.1890627215578768,
lower_east_side,2547149189,WS Hairstyling,40.7314146,-73.991514,personal_care,1086.3,54617.0,primary,2.0,59.5,214.5,84.3,101.9,0.9022305143270865,0.0977694856729135,
lower_east_side,9688958147,Tomo21 Sushi,40.7276995,-74.0001628,food_drink,1086.6,5200.0,residential,,90.6,401.1,163.4,79.4,0.9167312161115414,0.0832687838884585,
lower_east_side,12327785122,Village Craft Beer & Smoke II,40.7292807,-73.9981354,retail,1086.8,5000.0,residential,,254.9,350.8,141.6,103.6,0.5609806133962457,0.4390193866037542,
lower_east_side,7366099843,Bobby's Night Out,40.7254543,-73.9780492,food_drink,1087.1,3839.0,residential,,33.7,386.5,232.2,49.9,0.8938203440220853,0.1061796559779146,
lower_east_side,4396719791,Bonpoint,40.7243138,-74.0024067,retail,1087.2,3550.0,residential,2.0,160.4,566.0,222.8,119.3,0.579624134520277,0.420375865479723,
lower_east_side,13746145187,Yu & Me Books,40.7151377,-73.9995161,retail,1087.4,8782.0,residential,1.0,143.7,130.4,48.0,21.6,0.3741406217048378,0.0977476907503479,
lower_east_side,5231704271,Buy Rite Pharmacy,40.7139979,-73.9978944,health,1087.5,3109.0,primary,3.0,16.3,178.3,59.7,40.4,0.7232142857142857,0.2767857142857143,
lower_east_side,4568929161,Canal Furniture,40.7187005,-74.0022445,retail,1087.5,2440.0,tertiary,1.0,16.8,73.5,317.0,108.7,0.0,1.0,
lower_east_side,8333736475,Chipilo,40.7151452,-73.9995275,food_drink,1087.6,8782.0,residential,1.0,144.6,131.0,49.3,21.0,0.3741406217048378,0.0977476907503479,
lower_east_side,5901578387,Loadsmart Inc,40.7226051,-74.0028245,office_professional,1087.9,6230.0,residential,1.0,179.7,454.6,291.2,115.7,0.0,1.0,
lower_east_side,4470023190,Boqueria Soho,40.7248202,-74.0022169,food_drink,1088.3,2333.0,residential,1.0,166.4,518.7,237.0,70.2,0.874945722970039,0.1250542770299609,
lower_east_side,6030767011,Canal Sound & Light,40.7202153,-74.0027318,retail,1088.4,1275.0,primary,4.0,138.9,206.7,403.4,65.9,0.75,0.25,
lower_east_side,2563930256,Andrew Kreps Gallery,40.7181761,-74.0020133,leisure_entertainment,1088.7,3597.0,tertiary,1.0,64.4,76.8,299.7,75.4,0.0,1.0,
lower_east_side,5603357400,Au Za'atar,40.7289381,-73.9812454,food_drink,1088.7,1755.0,residential,,34.4,166.0,106.0,111.6,0.8632478632478633,0.1367521367521367,
lower_east_side,5627444236,Blue In Green,40.7206728,-74.0028178,retail,1089.0,2104.0,residential,1.0,152.7,254.1,435.3,45.3,0.7317095758473792,0.2682904241526208,
lower_east_side,5978792109,First Avenue Convenience & More,40.7302417,-73.9836004,retail,1089.4,1295.0,residential,1.0,66.2,200.0,81.6,100.2,0.7498498498498498,0.2501501501501501,
lower_east_side,6231502055,T-Mobile,40.7125475,-73.9945363,retail,1089.7,4400.0,residential,1.0,37.6,378.7,213.1,78.4,0.8455949137148048,0.1544050862851952,
lower_east_side,7314202222,Kung Fu Tea,40.7306776,-73.9952135,food_drink,1090.1,12527.0,residential,,37.7,125.8,99.5,48.3,0.9133045642395596,0.0866954357604402,
lower_east_side,6919152917,Au Cheval Diner,40.7180421,-74.0019638,food_drink,1090.3,3597.0,tertiary,1.0,76.9,85.5,297.9,68.1,0.0,1.0,
lower_east_side,13746145186,Banh mi Cafe,40.7150986,-73.9995294,food_drink,1091.2,8782.0,residential,1.0,139.5,133.2,46.0,19.2,0.3741406217048378,0.0977476907503479,
lower_east_side,6231502060,Golden Diner,40.7124474,-73.9942216,food_drink,1091.2,1934.0,secondary,2.0,24.9,401.9,230.5,85.1,0.8033646493336246,0.1966353506663753,
lower_east_side,5231412272,,40.7151088,-73.999553,personal_care,1091.9,8782.0,residential,1.0,141.0,134.5,48.2,17.5,0.3741406217048378,0.0977476907503479,
lower_east_side,8808753151,Walker Hotel Tribeca,40.718348,-74.00214,hospitality,1091.9,5052.0,tertiary,1.0,45.8,73.7,308.4,81.3,0.0,0.201326385599242,
lower_east_side,249664327,The Drawing Center,40.7224437,-74.0028908,leisure_entertainment,1092.0,5000.0,residential,1.0,182.7,439.0,301.9,129.6,0.7737218251786696,0.2262781748213304,
lower_east_side,7674034885,Cathay Bank,40.7135912,-73.9972517,finance,1092.2,4035.0,residential,1.0,27.1,216.6,97.2,36.9,0.0,1.0,
lower_east_side,10090538376,Guild Gallery,40.7202528,-74.0027872,leisure_entertainment,1092.4,1914.0,primary,4.0,144.2,212.8,409.4,59.7,0.6021959459459459,0.397804054054054,
lower_east_side,10772109444,Brodo,40.7301204,-73.9832431,food_drink,1093.0,3942.0,primary,4.0,66.9,225.8,81.6,82.1,0.8872886662492173,0.1127113337507827,
lower_east_side,249664314,The Performing Garage,40.7223135,-74.0029165,leisure_entertainment,1093.1,10000.0,residential,1.0,188.4,425.8,312.4,142.4,0.8760204081632653,0.1239795918367347,
lower_east_side,6919152919,Sawada Coffee,40.7180129,-74.0019883,food_drink,1093.4,3597.0,tertiary,1.0,77.6,89.3,300.6,64.5,0.0,1.0,
lower_east_side,2547224088,Badichi,40.7233433,-74.0027661,retail,1093.5,1500.0,primary,2.0,170.2,533.0,237.6,62.4,0.0,1.0,
lower_east_side,6597669948,Chase,40.7190131,-74.0024476,finance,1093.7,5475.0,secondary,2.0,11.4,98.4,337.8,132.8,0.0,1.0,
lower_east_side,12995861405,Games Workshop,40.7311771,-73.9935227,leisure_entertainment,1093.8,37600.0,secondary,1.0,69.5,51.3,81.0,195.2,0.7914369553619065,0.2085630446380935,
lower_east_side,2826436147,Mr. Fong's,40.7124273,-73.9942509,food_drink,1094.1,1934.0,secondary,2.0,26.3,402.5,227.3,87.4,0.8033646493336246,0.1966353506663753,
lower_east_side,672800424,9th St Espresso,40.725087,-73.9777631,food_drink,1094.8,3320.0,residential,,65.7,432.5,251.1,41.3,0.8054001459498905,0.1945998540501094,
lower_east_side,4071907604,AMC Loews Village 7,40.7315215,-73.9887471,leisure_entertainment,1095.2,7742.0,residential,1.0,49.5,222.1,154.3,178.6,0.0,1.0,
lower_east_side,6260059211,ViVi Bubble Tea,40.7136566,-73.9974429,food_drink,1095.4,3005.0,residential,1.0,20.1,213.2,87.7,23.8,0.0,1.0,
lower_east_side,11565487891,Naks,40.7302931,-73.9835696,food_drink,1095.6,1295.0,primary,4.0,72.3,195.9,85.9,104.9,0.75,0.25,
lower_east_side,11457586597,Stellar Works,40.7202927,-74.0028379,retail,1096.0,2225.0,primary,4.0,149.7,218.9,415.3,53.6,0.5969309462915601,0.4030690537084399,
lower_east_side,4844172522,Broadway Apothecary,40.7314756,-73.9918751,health,1097.0,28500.0,primary,2.0,39.7,184.3,106.7,113.2,0.8462211788244026,0.1537788211755974,
lower_east_side,7047041785,Cathédral,40.7315779,-73.9895131,food_drink,1097.3,13354.0,residential,1.0,59.3,255.7,90.5,144.5,,,
lower_east_side,11897230255,Uplift,40.7231161,-74.0028597,personal_care,1097.4,1347.0,primary,2.0,162.6,510.3,247.7,68.4,0.0,1.0,
lower_east_side,10073955920,12th Street Ale House,40.731033,-73.9856635,food_drink,1097.7,5123.0,residential,1.0,92.5,131.1,148.9,164.4,0.75,0.25,
lower_east_side,7072974787,Smør,40.7293429,-73.9816876,food_drink,1098.3,5175.0,residential,,68.8,211.3,69.4,103.8,0.8333333333333334,0.1666666666666666,
lower_east_side,7366099844,Fit Our Way,40.7255595,-73.9779613,leisure_entertainment,1098.4,1909.0,secondary,2.0,20.3,377.4,221.2,46.3,0.9513026540053569,0.0486973459946432,
lower_east_side,5231411428,Mama Eatery,40.7150097,-73.9995414,food_drink,1098.6,3486.0,residential,1.0,130.0,138.5,41.2,18.8,0.7637195121951219,0.236280487804878,
lower_east_side,7314202221,Ramen Takumi,40.7307321,-73.9953031,food_drink,1098.7,12527.0,residential,,33.2,128.1,100.2,39.9,0.9133045642395596,0.0866954357604402,
lower_east_side,3864057558,The Red Lion,40.7284605,-73.9994965,food_drink,1098.7,5717.0,residential,1.0,166.8,364.9,100.6,136.7,0.8067455005206009,0.193254499479399,
lower_east_side,1989533254,East Drive Pharmacy,40.7234146,-73.9771083,health,1100.1,2169.0,residential,1.0,157.2,322.0,206.4,66.9,1.0,0.0,
lower_east_side,2547149196,Hotworx,40.7315524,-73.9913675,leisure_entertainment,1100.1,54617.0,residential,1.0,79.1,227.5,65.2,82.9,0.9022305143270865,0.0977694856729135,
lower_east_side,4006284839,Deli Grocery,40.7226322,-73.9769706,retail,1100.1,1183.0,residential,1.0,72.4,285.3,163.0,154.0,0.7893772893772893,0.2106227106227106,
lower_east_side,5511958908,The Malt House,40.7286081,-73.9993367,food_drink,1100.2,5717.0,residential,,184.9,356.7,98.4,153.4,0.8067455005206009,0.193254499479399,
lower_east_side,6791524796,San Carlo Osteria Piemonte,40.7251488,-74.0022186,food_drink,1100.6,4700.0,residential,1.0,148.1,485.0,242.9,41.6,0.7994652406417112,0.2005347593582887,
lower_east_side,6791491632,Silver Lining Opticians,40.725218,-74.0021842,health,1100.6,4700.0,residential,1.0,147.8,479.1,247.7,40.1,0.7994652406417112,0.2005347593582887,
lower_east_side,9136326361,Leslie-Lohman Museum of Art,40.7217683,-74.0030317,leisure_entertainment,1100.9,9302.0,residential,1.0,180.8,372.1,359.4,134.2,0.779782196969697,0.220217803030303,
lower_east_side,10073955917,New York Tatoo Collective,40.7310527,-73.9856104,personal_care,1101.2,5123.0,residential,1.0,89.1,126.4,147.8,169.1,0.75,0.25,
lower_east_side,7324152025,Heavenly Market & Cafe,40.7311365,-73.994002,retail,1101.3,23550.0,secondary,1.0,51.5,29.2,45.5,154.9,0.8862224254654989,0.1137775745345011,
lower_east_side,2611490853,Sao Mai,40.7303381,-73.9835297,food_drink,1101.6,1295.0,primary,4.0,78.1,193.0,91.0,109.0,0.75,0.25,
lower_east_side,5589498819,& Hair Lounge,40.7265614,-74.0013773,personal_care,1102.1,4400.0,residential,1.0,135.8,390.9,146.6,163.5,0.8714901452065112,0.1285098547934887,
lower_east_side,10094939389,Kimono House,40.7266017,-74.0013499,retail,1102.2,4400.0,residential,1.0,135.3,389.2,144.0,165.5,0.8714901452065112,0.1285098547934887,
lower_east_side,10182473199,Yu & Me Books,40.7149625,-73.9995421,retail,1102.2,3486.0,residential,1.0,124.8,141.1,39.1,21.0,0.7637195121951219,0.236280487804878,
lower_east_side,5978510491,Sam Wai,40.7133616,-73.9970226,retail,1102.9,4579.0,secondary,2.0,33.5,239.2,97.9,25.3,0.0,1.0,
lower_east_side,6638970068,No Evil Eye,40.7203858,-74.0029385,leisure_entertainment,1103.0,1650.0,primary,4.0,162.0,232.2,427.7,40.7,0.6666666666666666,0.3333333333333333,
lower_east_side,13085557201,La La Laundry,40.7276818,-73.9795072,personal_care,1103.3,5702.0,tertiary,2.0,91.0,126.0,106.2,48.4,0.6130888169723121,0.3869111830276879,
lower_east_side,2547169342,Wells Fargo,40.7315381,-73.9918293,finance,1103.4,28500.0,primary,2.0,45.2,188.6,100.4,105.4,0.8462211788244026,0.1537788211755974,
lower_east_side,7124962483,Studio 151,40.7256117,-73.9779248,leisure_entertainment,1103.5,1909.0,secondary,2.0,14.4,372.8,215.9,46.4,0.0,1.0,
lower_east_side,11276300579,Smoke Shop,40.7198225,-74.0028225,retail,1103.5,3449.0,primary,4.0,100.4,177.3,392.2,95.5,0.0,1.0,
lower_east_side,6231502054,ML Graphics,40.7124167,-73.9945439,retail,1103.6,2200.0,secondary,2.0,29.3,391.1,205.0,92.8,0.7771587743732591,0.2228412256267409,
lower_east_side,10812420293,Ja Moy Kitchen & Bar,40.7286078,-73.9993964,food_drink,1103.8,5717.0,residential,,184.1,354.3,94.6,153.1,0.8067455005206009,0.193254499479399,
lower_east_side,6761624789,Juke Bar,40.7310697,-73.9855764,food_drink,1104.0,5123.0,residential,1.0,86.5,123.1,147.5,172.5,0.75,0.25,
lower_east_side,10090538377,Drake's,40.7203668,-74.0029472,retail,1104.0,1650.0,primary,4.0,160.4,230.9,427.3,41.3,0.6666666666666666,0.3333333333333333,
lower_east_side,10817753613,Spicy Moon,40.729402,-73.9982658,food_drink,1104.2,2947.0,residential,,256.9,346.9,132.1,98.3,0.8613422074320577,0.1386577925679423,
lower_east_side,6734071958,,40.7276892,-74.0004432,food_drink,1104.6,800.0,residential,,102.3,380.1,154.0,97.9,0.8666666666666667,0.1333333333333333,
lower_east_side,5603534984,Boris and Horton,40.7292335,-73.9814002,food_drink,1104.6,5175.0,residential,,58.2,184.7,90.7,124.6,0.8333333333333334,0.1666666666666666,
lower_east_side,2547218174,L Train Vintage,40.7302123,-73.9831761,retail,1104.6,1755.0,primary,4.0,78.6,220.0,83.8,92.5,0.6377144607843137,0.3622855392156863,
lower_east_side,2351282630,Broome Street Bar,40.7231111,-74.0029527,food_drink,1105.1,1349.0,residential,2.0,154.8,511.8,242.4,63.2,0.2638380882711534,0.7361619117288466,
lower_east_side,248156555,Leon's Bagels,40.7276803,-74.0004627,food_drink,1105.4,800.0,residential,,102.6,379.0,152.4,98.8,0.8666666666666667,0.1333333333333333,
lower_east_side,2825288960,Shanghai 21,40.7144241,-73.9988882,food_drink,1105.7,2210.0,residential,1.0,70.0,146.4,49.3,69.6,0.7837949140327396,0.2162050859672603,
lower_east_side,6462532125,Excel Framing,40.7315621,-73.9881349,retail,1105.7,36022.0,primary,4.0,15.2,189.7,161.9,167.6,0.0,0.0225118483412322,
lower_east_side,10202468517,Omen Azen,40.7259881,-74.0018204,food_drink,1105.9,1425.0,residential,1.0,155.8,418.5,193.3,95.3,0.8666666666666667,0.1333333333333333,
lower_east_side,5231707145,Tasty Dumpling,40.7149026,-73.9995325,food_drink,1106.2,3486.0,residential,1.0,118.1,143.8,36.4,25.4,0.7637195121951219,0.236280487804878,
lower_east_side,5891431577,Chase,40.7139054,-73.9981077,finance,1106.7,6525.0,primary,3.0,7.1,187.8,78.8,40.9,0.0,1.0,
lower_east_side,10224616957,Plantshed,40.7312238,-73.9860512,retail,1107.6,5513.0,residential,1.0,87.8,143.8,186.6,160.4,0.917183122506155,0.0828168774938449,
lower_east_side,6734071957,,40.7279148,-74.0002595,personal_care,1107.7,6767.0,residential,,115.7,384.5,139.3,102.0,0.9000683942548826,0.0999316057451174,
lower_east_side,10073930815,Lau Yu's Body Shop,40.7311037,-73.9855702,personal_care,1107.7,5123.0,residential,1.0,82.7,120.0,150.2,175.5,0.75,0.25,
lower_east_side,9934396018,Cipriani Downtown NYC,40.7236281,-74.0028707,food_drink,1107.8,4600.0,residential,2.0,152.5,565.9,212.4,51.6,0.0,1.0,
lower_east_side,12720721096,Paradise Gourmet Deli & Grill,40.7275196,-73.979284,retail,1107.8,1846.0,tertiary,2.0,93.2,142.6,86.2,24.4,0.9527689219506436,0.0472310780493564,
lower_east_side,13517110254,Ananda,40.7287751,-73.999252,food_drink,1108.2,10000.0,residential,,204.4,344.5,94.1,172.5,0.8830482044791973,0.1169517955208027,
lower_east_side,13034200401,Popup Bagels,40.7279458,-74.0002357,food_drink,1108.3,6767.0,residential,,118.1,385.2,135.9,103.3,0.9000683942548826,0.0999316057451174,
lower_east_side,5883571780,Space Market,40.7308592,-73.9952179,retail,1108.7,12527.0,residential,1.0,47.4,114.4,85.4,48.0,0.9133045642395596,0.0866954357604402,
lower_east_side,10709312371,Deco Jewels,40.7266188,-74.0014279,retail,1108.9,4400.0,residential,1.0,128.8,383.4,138.9,158.8,0.8714901452065112,0.1285098547934887,
lower_east_side,5069122223,NYC Pharmacy,40.730245,-73.983134,health,1109.6,1755.0,primary,4.0,83.6,218.9,79.1,96.4,0.6377144607843137,0.3622855392156863,
lower_east_side,419367317,,40.7311374,-73.9856068,finance,1110.2,5123.0,primary,3.0,80.0,119.5,155.1,176.0,0.75,0.25,
lower_east_side,8333736474,Asia Roma,40.7148391,-73.9995232,food_drink,1110.4,1806.0,residential,1.0,111.1,147.1,34.8,23.6,0.8210557709513868,0.1789442290486131,
lower_east_side,11582969069,Okinii,40.7289222,-73.9990944,food_drink,1110.6,2500.0,residential,,223.1,338.3,100.5,181.1,0.8,0.2,
lower_east_side,5231706548,Noodle Q,40.7135492,-73.9975548,food_drink,1110.6,3005.0,secondary,3.0,4.9,227.3,99.6,17.1,0.0,1.0,
lower_east_side,5796830912,H & H Corporation,40.7261043,-74.0018098,food_drink,1110.7,4000.0,residential,1.0,147.6,408.2,180.8,105.5,0.8502545672356994,0.1497454327643007,
lower_east_side,9170066779,Famous Ben's Pizza,40.724918,-74.00246,food_drink,1111.2,1509.0,residential,1.0,143.5,501.2,218.0,52.5,0.9204771371769384,0.0795228628230616,
lower_east_side,10090538382,Malia Mills,40.7219719,-74.0031544,retail,1111.5,9081.0,primary,1.0,176.6,396.9,334.5,155.0,0.9052808642706532,0.0947191357293468,
lower_east_side,6418378714,Carbone,40.7280028,-74.0002252,food_drink,1111.6,6767.0,residential,,123.6,383.9,129.5,107.8,0.9000683942548826,0.0999316057451174,
lower_east_side,5248793777,El Camion Cantina,40.7291278,-73.9811072,food_drink,1112.2,1486.0,residential,,58.4,157.8,115.0,98.9,0.8180494905385735,0.1819505094614265,
lower_east_side,6481772610,Museum of Reclaimed Urban Space,40.7257313,-73.9778791,leisure_entertainment,1112.4,1909.0,secondary,2.0,10.3,361.4,203.3,52.2,0.8815306243336097,0.1184693756663902,
lower_east_side,5403603958,Little Poland,40.7311482,-73.9855345,food_drink,1113.4,6180.0,primary,3.0,77.2,114.4,152.5,181.1,0.8333131288641047,0.1666868711358952,
lower_east_side,13175877701,ansā Micro Coffee Roastery,40.7256156,-74.0021423,food_drink,1113.7,5000.0,residential,1.0,142.0,440.8,231.2,47.7,0.9332865168539326,0.0667134831460674,
lower_east_side,10049317686,SoHo Laundry & Cleaners,40.7256022,-74.0021501,personal_care,1113.8,5000.0,residential,1.0,141.4,441.8,232.6,46.4,0.9332865168539326,0.0667134831460674,
lower_east_side,2563930327,Blue Bottle Coffee,40.7184787,-74.0024786,food_drink,1114.0,5052.0,tertiary,1.0,14.1,95.5,336.3,77.4,0.0,0.201326385599242,
lower_east_side,5514171300,Skirball Center for the Performing Arts,40.7298263,-73.9977312,leisure_entertainment,1114.1,23402.0,residential,2.0,194.9,355.2,119.2,34.3,0.0,1.0,
lower_east_side,5231393244,Ajisen Ramen,40.7141518,-73.9986409,food_drink,1114.3,350.0,residential,1.0,54.5,166.9,85.6,69.0,0.0,1.0,
lower_east_side,13462411686,Brown Bag Sandwich Shop,40.7290026,-73.9990495,food_drink,1114.5,4250.0,residential,,232.7,333.4,102.1,171.5,0.8333605442176871,0.1666394557823129,
lower_east_side,2826442725,,40.7123723,-73.9947527,personal_care,1114.5,2200.0,secondary,2.0,11.2,387.4,187.3,102.1,0.7771587743732591,0.2228412256267409,
lower_east_side,6597691422,Joey Pepperoni’s Pizza,40.7187899,-74.0026198,food_drink,1114.7,2580.0,tertiary,1.0,9.4,106.0,349.3,104.8,0.5257164790174002,0.4742835209825998,
lower_east_side,6052834497,What goes around comes around,40.7227871,-74.0031287,retail,1115.4,3096.0,residential,2.0,148.4,481.4,259.4,86.8,0.6866207090602139,0.3133792909397861,
lower_east_side,2825288943,Wo-Hop,40.714289,-73.9988678,food_drink,1115.6,2303.0,residential,1.0,57.9,159.2,64.0,68.2,0.7943656179313181,0.2056343820686818,
lower_east_side,1493005667,Balade,40.7302946,-73.9831042,food_drink,1115.6,1764.0,primary,4.0,89.5,215.8,74.9,102.2,0.7604562737642585,0.2395437262357414,
lower_east_side,7272018487,Poppy,40.7290033,-73.9808662,food_drink,1115.8,1139.0,residential,,62.9,135.2,136.3,79.0,0.7761611639619473,0.2238388360380526,
lower_east_side,8333736467,Hop Kee,40.7144157,-73.9990521,food_drink,1115.8,2210.0,residential,1.0,64.2,154.1,46.8,55.8,0.7837949140327396,0.2162050859672603,
lower_east_side,9664809923,Bistro les Amis,40.7247352,-74.0025962,food_drink,1115.8,1257.0,residential,1.0,146.4,516.5,204.5,71.2,0.7499316005471957,0.2500683994528044,
lower_east_side,5514228220,The Market Place at Kimmel,40.7296364,-73.9981099,food_drink,1116.4,23402.0,residential,,232.9,341.6,114.3,69.2,0.0,1.0,
lower_east_side,9579377217,Sammy L Coffee,40.7316535,-73.9880652,food_drink,1116.6,36022.0,residential,1.0,12.3,177.9,173.2,176.6,0.0,0.0225118483412322,
lower_east_side,13322321326,Wo Hop Next Door,40.7142577,-73.9988632,food_drink,1117.9,2303.0,residential,1.0,55.3,162.2,67.4,68.0,0.7943656179313181,0.2056343820686818,
lower_east_side,6582979193,Fried Dumpling,40.7145376,-73.9992597,food_drink,1118.1,2190.0,residential,1.0,75.3,153.3,35.3,42.4,0.8296422487223168,0.1703577512776831,
lower_east_side,5796505956,Bite Beauty Lip Lab,40.7261677,-74.0018679,retail,1118.3,4000.0,residential,1.0,139.1,399.6,172.9,108.1,0.8502545672356994,0.1497454327643007,
lower_east_side,5071908199,The New York Foundation,40.7267604,-74.0014567,leisure_entertainment,1118.8,2467.0,residential,1.0,118.9,370.3,124.3,156.3,0.8398205154961912,0.1601794845038088,
lower_east_side,8991988670,Jin Mei Dumpling,40.7129801,-73.9965808,food_drink,1119.9,2188.0,residential,2.0,83.7,281.1,89.7,60.5,0.8887240356083086,0.1112759643916913,
lower_east_side,2550012213,Le Poisson Rouge,40.7284254,-73.9998816,leisure_entertainment,1120.0,19921.0,residential,1.0,162.9,355.2,87.9,137.6,0.8443000377611578,0.1556999622388421,
lower_east_side,10757661192,Waxing Center EV,40.7304825,-73.9834239,personal_care,1120.0,1713.0,primary,4.0,96.1,183.4,98.1,123.3,0.75,0.25,
lower_east_side,12334487673,Convive Wines,40.7291887,-73.9810558,retail,1120.1,1200.0,secondary,2.0,66.4,155.4,119.3,95.2,0.8362445414847162,0.1637554585152838,
lower_east_side,9018132187,Amsterdam Billiards & Bar,40.7317897,-73.9900368,food_drink,1120.2,26097.0,residential,1.0,39.7,287.1,41.7,94.5,0.8674120917728286,0.1325879082271713,
lower_east_side,247857140,Webster Hall,40.7317687,-73.9890904,leisure_entertainment,1120.3,9000.0,residential,1.0,75.3,222.9,121.3,168.3,0.0,1.0,
lower_east_side,12327810411,Little Hen,40.7285726,-73.9997104,food_drink,1120.3,2500.0,residential,1.0,178.5,345.8,79.9,150.7,0.4333333333333333,0.5666666666666667,
lower_east_side,752186044,Westside Market,40.7317446,-73.9885326,retail,1121.7,12900.0,primary,4.0,28.4,191.6,168.4,196.3,0.8203301430261318,0.1796698569738681,
lower_east_side,12368307474,Appa’s Pizza,40.7303479,-73.9830787,food_drink,1121.8,2960.0,primary,4.0,95.7,212.2,71.1,108.2,0.8927433628318584,0.1072566371681416,
lower_east_side,12322538159,Crepe City,40.7293716,-73.9812999,food_drink,1121.8,2575.0,secondary,2.0,75.3,181.3,101.7,119.4,0.8072204696810376,0.1927795303189625,
lower_east_side,4324553594,Lava Shawarma,40.7292267,-73.9988688,food_drink,1122.5,2500.0,residential,,260.6,323.8,115.9,142.4,0.8333333333333334,0.1666666666666666,
lower_east_side,10073955918,Quality Plus Dry Cleaning,40.7312257,-73.9854838,personal_care,1122.9,6180.0,primary,3.0,67.9,105.3,157.5,190.2,0.8333131288641047,0.1666868711358952,
lower_east_side,10830954967,Il Corallo Trattoria,40.7261823,-74.0019199,food_drink,1122.9,4000.0,residential,1.0,135.5,395.8,170.5,107.0,0.8502545672356994,0.1497454327643007,
lower_east_side,3581408493,Chateau Royale,40.728719,-73.999578,food_drink,1123.4,2500.0,residential,,195.0,336.1,75.0,165.8,0.4333333333333333,0.5666666666666667,
lower_east_side,11398926734,Ace's,40.731346,-73.9859337,food_drink,1123.5,1890.0,primary,3.0,71.0,128.5,190.2,177.2,0.8,0.2,
lower_east_side,12334487672,The Pastry Box,40.728842,-73.980505,food_drink,1124.2,2581.0,residential,,84.4,103.0,169.2,55.1,0.8710924911376088,0.1289075088623912,
lower_east_side,10817754083,Yum Cha,40.7292842,-73.9988202,food_drink,1124.5,2476.0,residential,,267.9,321.8,120.5,134.8,0.671329466621176,0.328670533378824,
lower_east_side,2567528717,World of Wines,40.725843,-73.9777868,retail,1124.5,1909.0,residential,2.0,18.4,352.4,192.5,58.0,0.8431782540512285,0.1568217459487715,
lower_east_side,7132906371,Bangkok Center Grocery,40.7145178,-73.9993568,retail,1125.4,2190.0,residential,1.0,73.6,160.3,40.8,34.5,0.8296422487223168,0.1703577512776831,
lower_east_side,6231491556,He Dong Sheng,40.7121939,-73.9944949,retail,1125.4,1192.0,secondary,2.0,34.5,414.9,197.7,81.0,0.8012422360248447,0.1987577639751552,
lower_east_side,5231392722,Chinatown Fair,40.7139965,-73.9986062,retail,1125.5,726.0,residential,1.0,44.1,182.9,102.4,54.9,0.2796289934730333,0.7203710065269667,
lower_east_side,8333736468,Noodle Village,40.7141756,-73.9988776,food_drink,1125.5,2641.0,residential,1.0,47.5,171.1,75.8,60.7,0.8941216330679316,0.1058783669320684,
lower_east_side,5514272788,Karakatta,40.7293419,-73.9987713,food_drink,1126.6,4265.0,residential,,275.2,320.1,125.4,127.2,0.8351863232582826,0.1648136767417174,
lower_east_side,12022076619,PPOW,40.7183647,-74.002594,leisure_entertainment,1127.3,4849.0,secondary,2.0,16.1,108.3,335.2,61.5,0.6016666666666667,0.3983333333333333,
lower_east_side,4866565921,,40.7123536,-73.9951135,retail,1127.7,2514.0,secondary,2.0,21.0,377.0,160.7,117.6,0.8016528925619835,0.1983471074380165,
lower_east_side,12334487675,Oasis Cafe,40.7292501,-73.9810072,food_drink,1127.9,1200.0,secondary,2.0,74.4,153.5,123.9,92.2,0.8362445414847162,0.1637554585152838,
lower_east_side,5987843785,Pinch Chinese,40.7263749,-74.0018624,food_drink,1128.2,2387.0,residential,1.0,120.2,381.0,150.5,127.2,0.0,1.0,
lower_east_side,12334487676,Bassia Bassia,40.728791,-73.9803724,personal_care,1128.2,2581.0,residential,,94.5,91.7,181.4,49.2,0.8340248962655602,0.1659751037344398,
lower_east_side,2611479042,Gena's Grill,40.7303986,-73.9830423,food_drink,1128.2,2960.0,primary,4.0,102.1,209.6,66.9,113.5,0.8927433628318584,0.1072566371681416,
lower_east_side,8333736473,Juku,40.7145994,-73.9995122,food_drink,1128.3,1704.0,residential,1.0,84.9,163.1,42.7,20.3,0.8296422487223168,0.1703577512776831,
lower_east_side,5355695627,Western Spirit,40.7183471,-74.0025973,retail,1128.3,4849.0,secondary,2.0,17.9,109.1,334.2,59.7,0.6016666666666667,0.3983333333333333,
lower_east_side,5060721321,Carroll Place,40.7286314,-73.9997681,food_drink,1128.3,2500.0,residential,1.0,185.2,337.8,71.8,158.0,0.390625,0.609375,
lower_east_side,5640186359,Todd Merrill Studio,40.7171373,-74.0019195,retail,1128.5,18504.0,secondary,2.0,117.0,102.5,286.2,22.4,0.0,0.022049744222967,
lower_east_side,11899998172,Wai Wah Market,40.7131312,-73.9971177,food_drink,1128.8,5930.0,residential,1.0,37.9,265.5,71.3,12.4,0.7847943659779775,0.2152056340220225,
lower_east_side,12322526000,La Pizza Italia,40.7294385,-73.9812589,food_drink,1129.6,2575.0,secondary,2.0,83.5,180.8,107.0,118.4,0.8007968127490039,0.199203187250996,
lower_east_side,5515220109,Aurora SoHo,40.7235403,-74.0031561,food_drink,1129.7,2939.0,residential,1.0,140.8,562.3,198.1,26.3,0.7778498009074915,0.2221501990925085,
lower_east_side,4006284841,Manhatten Express Deli Grocery,40.7230469,-73.9766767,retail,1129.9,994.0,residential,1.0,123.5,328.5,207.1,119.1,0.7367728349565675,0.2632271650434324,
lower_east_side,10073955921,Odre,40.7313977,-73.9858961,food_drink,1129.9,1890.0,primary,3.0,64.5,123.1,192.8,183.7,0.8,0.2,
lower_east_side,5857793790,Northwell Health-GoHealth Urgent Care,40.7313955,-73.9940595,health,1130.2,44000.0,secondary,1.0,35.2,0.0,33.3,160.6,0.6816692878680116,0.3183307121319883,
lower_east_side,11897373644,Jenna Perry Hair,40.7226796,-74.0033232,personal_care,1130.5,2500.0,residential,2.0,138.1,475.5,259.5,94.7,0.844436104334772,0.155563895665228,
lower_east_side,10757661190,Truffle Tree,40.7305682,-73.983361,retail,1130.9,2723.0,primary,4.0,106.8,178.4,93.0,132.3,0.7999635468878156,0.2000364531121844,
lower_east_side,13517110255,The Cleaners IO,40.7290418,-73.9992806,personal_care,1131.1,2500.0,residential,,233.2,318.4,82.2,178.5,0.8388464800678541,0.1611535199321458,
lower_east_side,5640186351,White Furniture Industries,40.7174977,-74.0021877,retail,1131.5,5033.0,residential,1.0,96.2,125.1,323.0,38.8,0.0,1.0,
lower_east_side,247865135,Sixty SoHo,40.7239398,-74.0030718,hospitality,1131.5,6439.0,residential,1.0,119.1,591.6,181.0,57.0,0.0,0.0482142857142857,
lower_east_side,9601809695,Oliver Peoples,40.72323,-74.0032543,health,1132.2,1524.0,primary,4.0,128.7,531.6,215.1,37.3,0.6641479419367667,0.3358520580632332,
lower_east_side,5587111257,Debutea,40.7290847,-73.9992444,food_drink,1132.4,5000.0,residential,,238.4,316.3,84.5,172.8,0.85260897231944,0.1473910276805599,
lower_east_side,12021903149,PPOW,40.7182903,-74.002623,leisure_entertainment,1132.4,4849.0,secondary,2.0,23.9,113.4,330.0,53.2,0.0,1.0,
lower_east_side,12986818401,Wanpo Tea Shop,40.7314097,-73.994093,food_drink,1132.5,44000.0,secondary,1.0,32.2,3.2,30.7,158.8,0.6816692878680116,0.3183307121319883,
lower_east_side,8333736472,Sam's Deli,40.7145336,-73.9995011,retail,1132.8,2190.0,residential,1.0,77.6,167.4,46.9,25.4,0.8296422487223168,0.1703577512776831,
lower_east_side,12146166169,Hi-Note,40.7278978,-73.9792841,food_drink,1132.8,1810.0,tertiary,2.0,121.5,100.6,95.1,22.2,0.8130841121495327,0.1869158878504672,
lower_east_side,8333736470,Wok Wok Southeast Asian Kitchen,40.7140513,-73.9988292,food_drink,1133.1,2788.0,residential,1.0,36.6,182.5,90.2,52.7,0.5153428277785934,0.4846571722214065,
lower_east_side,5640186355,Cafe Lafayette,40.7170952,-74.0019536,food_drink,1133.2,18504.0,secondary,2.0,121.3,106.3,287.2,22.7,0.0,0.022049744222967,
lower_east_side,5905571146,Infinity Shoes,40.7182729,-74.0026265,retail,1133.3,4849.0,secondary,2.0,25.8,114.4,329.1,51.3,0.0,1.0,
lower_east_side,4035602815,The Half Pint,40.7295509,-73.9985745,food_drink,1133.5,4500.0,residential,,272.3,316.4,109.0,98.6,0.8143469971401335,0.1856530028598665,
lower_east_side,8333736469,Pinklady Cheese Tart,40.7140958,-73.9989117,food_drink,1134.0,2736.0,residential,1.0,38.8,180.4,83.8,52.1,0.8843663274745606,0.1156336725254394,
lower_east_side,13682884531,125 Newbury,40.7185831,-74.0027752,leisure_entertainment,1134.1,2495.0,secondary,2.0,6.6,118.5,330.9,79.5,0.0,1.0,
lower_east_side,1232818515,,40.7304228,-73.9969775,leisure_entertainment,1134.1,424000.0,residential,,113.9,268.6,155.2,5.7,0.0,1.0,
lower_east_side,11897394717,Barber Surgeons Guild,40.7226238,-74.003374,personal_care,1134.2,1247.0,residential,2.0,137.4,471.2,262.4,100.4,0.0,1.0,
lower_east_side,5345116923,TopStudio Production N.Y- Strugë,40.7238416,-73.9767943,office_professional,1135.1,8068.0,residential,,159.1,373.1,259.7,49.9,1.0,0.0,
lower_east_side,13746128580,I love NY gift & souvenir shop,40.713857,-73.9985699,retail,1135.4,4980.0,residential,1.0,39.8,197.3,111.3,39.2,0.0,1.0,
lower_east_side,12334487670,ABC Animal Hospital,40.7293112,-73.9809624,health,1135.5,2472.0,secondary,2.0,82.1,152.3,128.4,90.2,0.7643023127143964,0.2356976872856036,
lower_east_side,12334487674,SLCT Vintage,40.7286968,-73.9801318,retail,1135.7,2891.0,residential,,114.1,72.4,203.5,39.2,0.8993595608417201,0.1006404391582799,
lower_east_side,2826472418,Sun Tung-Fat Meats,40.7130451,-73.997094,food_drink,1135.9,5930.0,residential,1.0,46.6,274.8,63.8,18.4,0.7847943659779775,0.2152056340220225,
lower_east_side,2477336967,Raoul's,40.7262443,-74.002053,food_drink,1136.0,549.0,residential,1.0,124.1,383.9,162.1,107.5,0.7767385115900772,0.2232614884099227,
lower_east_side,2547223747,Paracelso,40.723577,-74.003227,retail,1136.3,1011.0,residential,1.0,134.3,567.9,190.9,21.1,0.0,1.0,
lower_east_side,5515196277,Sessanta,40.7239998,-74.0031136,food_drink,1136.5,6439.0,residential,1.0,112.8,584.3,175.1,60.8,0.0,0.0482142857142857,
lower_east_side,9807449446,Soliman Delicious Deli,40.7314508,-73.9858523,retail,1136.7,1890.0,primary,3.0,57.6,117.3,188.5,190.7,0.8,0.2,
lower_east_side,8789666433,"Roderick Lucente, DMD, PC",40.7286624,-73.980062,health,1137.4,2272.0,residential,,120.0,67.4,196.7,36.5,0.8186327888687235,0.1813672111312764,
lower_east_side,5515185730,The Gordon Bar,40.7239715,-74.003139,food_drink,1137.8,6439.0,residential,1.0,112.4,587.0,174.4,57.0,0.0,0.0482142857142857,
lower_east_side,12776334787,Rose Box,40.720695,-74.0034134,retail,1138.7,2275.0,primary,4.0,153.0,283.6,451.1,13.6,0.0,1.0,
lower_east_side,12020711369,Pi Bakerie,40.7236477,-74.003242,food_drink,1139.0,1011.0,residential,1.0,127.7,575.8,185.2,23.5,0.0,1.0,
lower_east_side,247865132,Pi Bakerie,40.7236472,-74.003243,food_drink,1139.1,1011.0,residential,1.0,127.7,575.7,185.2,23.4,0.0,1.0,
lower_east_side,11897335914,Soho Convenience,40.723259,-74.0033342,retail,1139.3,1524.0,primary,4.0,122.0,536.7,208.1,31.5,0.6641479419367667,0.3358520580632332,
lower_east_side,2611479038,Onion Tree Pizza Co,40.7304977,-73.9829866,food_drink,1140.1,3360.0,residential,1.0,97.1,201.4,61.2,124.2,0.8333532219570405,0.1666467780429594,
lower_east_side,10757661200,On The Mark Barber Shop,40.7307892,-73.9836685,personal_care,1140.1,2168.0,residential,1.0,125.5,143.6,112.3,160.5,0.8145859085290482,0.1854140914709517,
lower_east_side,2279509080,Hamptons Fresh Deli,40.7306422,-73.9833068,retail,1140.3,2723.0,residential,1.0,110.9,174.5,89.5,140.2,0.8,0.2,
lower_east_side,6174373286,Sanctuary T,40.7224336,-74.0034695,food_drink,1140.5,2525.0,primary,1.0,141.2,454.5,276.7,121.2,0.0,1.0,
lower_east_side,12547817795,Step Up Womens,40.7288063,-73.9997549,leisure_entertainment,1140.9,5000.0,residential,1.0,204.6,320.7,57.4,177.0,0.6124031007751938,0.3875968992248062,
lower_east_side,12776334788,Zcrave,40.7207166,-74.0034482,retail,1141.4,2275.0,primary,4.0,149.5,287.3,451.6,17.1,0.0,1.0,
lower_east_side,4312082389,10 Below Ice Cream,40.7137511,-73.9985135,food_drink,1141.5,4980.0,primary,3.0,43.0,208.0,115.1,27.3,0.0,1.0,
lower_east_side,10757661197,G & M Laundromat,40.7309881,-73.9841271,personal_care,1142.5,4750.0,residential,1.0,131.9,106.3,113.4,193.4,0.8992341797662233,0.1007658202337767,
lower_east_side,12334487678,Ishq,40.7293684,-73.9809196,food_drink,1142.6,2472.0,secondary,2.0,89.4,151.5,133.0,88.8,0.8147805149101686,0.1852194850898314,
lower_east_side,2547218194,Honey Crepes,40.7304125,-73.9827424,food_drink,1142.8,1140.0,residential,1.0,90.2,204.6,41.9,115.5,0.6700507614213198,0.3299492385786802,
lower_east_side,12334487679,Oro,40.7303908,-73.9826943,personal_care,1142.9,1140.0,residential,1.0,90.0,206.0,38.7,113.7,0.6700507614213198,0.3299492385786802,
lower_east_side,10757661194,Blue Meadow Flowers,40.7310237,-73.9842134,retail,1143.0,4750.0,residential,1.0,126.0,100.1,115.4,199.9,0.8992341797662233,0.1007658202337767,
lower_east_side,12547817796,Eyebrow By Ladan,40.728758,-73.9998565,personal_care,1143.4,5000.0,residential,1.0,199.6,321.9,55.9,173.2,0.6124031007751938,0.3875968992248062,
lower_east_side,11048648635,Blank Slate,40.7264448,-74.0020207,food_drink,1143.6,2388.0,residential,1.0,106.1,366.9,140.3,112.2,0.8665730337078652,0.1334269662921348,
lower_east_side,1123398026,Daytripper NYC,40.7257064,-73.9774603,food_drink,1143.7,1381.0,tertiary,2.0,19.9,377.0,206.4,36.1,0.7353096876654315,0.2646903123345686,
lower_east_side,11627936545,Wanpo Tea Shop,40.7314777,-73.9942487,food_drink,1143.8,44000.0,secondary,1.0,19.7,18.4,21.4,151.0,0.6816692878680116,0.3183307121319883,
lower_east_side,3581143883,Mexiterranean Grill Express,40.7294424,-73.9989393,food_drink,1144.3,25.0,residential,,257.6,302.2,113.9,125.5,,,
lower_east_side,2567527615,Urban Vets Animal Hospital,40.7260342,-73.9776413,health,1144.5,1738.0,residential,2.0,23.0,337.5,175.0,74.0,0.8849252013808976,0.1150747986191024,
lower_east_side,11123639305,Blank Street Coffee,40.7264761,-74.0020131,food_drink,1144.7,2388.0,residential,1.0,103.6,364.5,137.0,112.0,0.8665730337078652,0.1334269662921348,
lower_east_side,12322546580,Queens Beauty Parlor,40.7295657,-73.9811796,personal_care,1144.7,2575.0,secondary,2.0,99.1,180.9,118.2,117.8,0.9299439551641312,0.0700560448358686,
lower_east_side,2501564501,Dim Sum Go Go,40.7132723,-73.9977424,food_drink,1144.9,1925.0,secondary,3.0,29.9,259.8,82.9,22.1,0.0,1.0,
lower_east_side,7048001985,Piccola Cucina,40.7262766,-74.0021542,food_drink,1145.2,549.0,residential,1.0,117.2,376.3,157.7,107.4,0.7767385115900772,0.2232614884099227,
lower_east_side,3233793042,Precision Cuts NYC,40.7294691,-73.9989165,personal_care,1145.3,25.0,residential,,257.4,301.4,116.5,122.0,,,
lower_east_side,10090538380,Toad Hall,40.7221836,-74.0035553,food_drink,1146.1,1474.0,primary,1.0,137.7,432.1,298.5,125.3,0.7512437810945274,0.2487562189054726,
lower_east_side,7195064985,Piccola Cuccina Estiatorio,40.72461,-74.0030234,food_drink,1146.2,2782.0,residential,1.0,108.6,519.9,168.1,91.9,0.9180083482409064,0.0819916517590936,
lower_east_side,2825288972,Buddha Bodai,40.713865,-73.9987984,food_drink,1147.1,2527.0,residential,1.0,22.5,201.3,110.9,34.6,0.2455738387835867,0.7542178712768173,
lower_east_side,6231491557,A2Z Dominican,40.7119876,-73.9945141,food_drink,1147.6,2295.0,residential,1.0,47.6,434.6,188.5,61.8,0.8105606967882417,0.1894393032117583,
lower_east_side,13682816483,Canal Projects NY,40.720925,-74.0035477,leisure_entertainment,1147.7,4786.0,residential,1.0,136.3,310.8,430.0,41.6,0.5454545454545454,0.4545454545454545,
lower_east_side,2550551529,Tartinery,40.7295546,-73.9988437,food_drink,1148.5,1983.0,residential,,257.0,299.2,106.7,110.7,0.5606860158311345,0.4393139841688654,
lower_east_side,12334487669,The Last Resort,40.7300279,-73.9818721,food_drink,1148.8,5008.0,residential,1.0,105.2,243.1,62.4,113.7,0.8567701863354037,0.1432298136645962,
lower_east_side,11457577944,Canal Smoke Shop,40.7203056,-74.0034809,retail,1149.5,1363.0,residential,4.0,148.5,254.5,412.0,33.2,0.0,1.0,
lower_east_side,5019124322,,40.7287239,-74.0000031,food_drink,1149.9,2500.0,residential,1.0,197.1,320.6,53.3,172.4,0.0,1.0,
lower_east_side,12368319328,Luthun,40.7299937,-73.9817762,food_drink,1150.6,5008.0,residential,1.0,100.4,247.8,70.0,117.8,0.8567701863354037,0.1432298136645962,
lower_east_side,5978745701,Spring Street,40.7251973,-74.0028271,retail,1150.6,3120.0,residential,,100.3,461.7,195.2,26.9,0.933412447257384,0.066587552742616,
lower_east_side,11918682921,The Monroe,40.7117671,-73.9937291,food_drink,1150.8,2500.0,residential,1.0,61.5,488.0,225.9,24.4,0.5798319327731093,0.4201680672268907,
lower_east_side,7366099846,Metro by T-Mobile,40.7261037,-73.9775918,retail,1151.5,1916.0,secondary,3.0,26.8,332.2,169.0,81.0,0.8663994655978624,0.1336005344021376,
lower_east_side,5512653816,Sacred Sounds Yoga,40.7287309,-74.0000208,leisure_entertainment,1151.5,2500.0,residential,1.0,198.1,319.3,52.0,173.5,0.0,1.0,
lower_east_side,5903115786,Papatzu Mexican Restaurant,40.7222091,-74.0036238,food_drink,1152.0,1474.0,primary,1.0,131.4,437.1,293.5,119.2,0.6658415841584159,0.3341584158415842,
lower_east_side,5849929497,Irving Farm Coffee Roasters,40.7296596,-73.9987543,food_drink,1152.5,1983.0,residential,,257.2,297.0,95.2,96.8,0.5606860158311345,0.4393139841688654,
lower_east_side,5057326821,Lori McLean Jewelry,40.7296313,-73.9811343,retail,1152.8,2575.0,secondary,2.0,101.7,181.1,124.6,118.0,0.3822361892160106,0.6177638107839895,
lower_east_side,6231491555,TUFF Paint,40.7121228,-73.9951579,retail,1152.9,2442.0,secondary,2.0,32.9,399.7,143.9,110.9,0.8082896329164986,0.1917103670835014,
lower_east_side,249842321,Church Street Surplus,40.7201326,-74.003496,retail,1153.5,1650.0,residential,,146.1,242.0,395.7,51.9,0.0,1.0,
lower_east_side,5515156304,Pera SoHo,40.723831,-74.0033719,food_drink,1153.7,7318.0,residential,1.0,105.7,598.4,164.6,35.1,0.2834771886559802,0.7165228113440197,
lower_east_side,6231491558,A Graphic Printing Lin Inc.,40.7119043,-73.9944565,retail,1154.7,2417.0,residential,1.0,57.9,445.1,190.8,51.4,0.0,1.0,
lower_east_side,8333740840,HUMBLE FISH,40.7200227,-74.0034996,food_drink,1155.7,1338.0,residential,,146.5,234.2,385.8,63.9,0.0,1.0,
lower_east_side,6231491554,Taiwan Beauty Salon,40.7121225,-73.9952643,personal_care,1156.3,2500.0,secondary,2.0,40.1,396.7,136.0,118.2,0.8753246753246753,0.1246753246753246,
lower_east_side,13322230432,Laverie,40.7271513,-74.0016746,personal_care,1156.9,5125.0,residential,1.0,88.4,326.8,78.4,126.9,0.8018922400390885,0.1981077599609114,
lower_east_side,13322230433,Messy,40.7272354,-74.0016104,food_drink,1157.2,5125.0,residential,1.0,93.3,324.6,75.4,123.9,0.8018922400390885,0.1981077599609114,
lower_east_side,13323203191,Pino's Prime Meat,40.7272125,-74.0016316,food_drink,1157.3,5125.0,residential,1.0,91.5,324.9,75.8,124.4,0.8018922400390885,0.1981077599609114,
lower_east_side,5143788179,Soho Art Materials,40.7213246,-74.0036943,retail,1157.5,5188.0,residential,1.0,122.3,354.4,383.9,87.4,0.7588495575221239,0.2411504424778761,
lower_east_side,2550012191,Bar Moga,40.7277615,-74.0011504,food_drink,1157.5,2500.0,primary,4.0,104.7,323.2,94.7,129.4,0.8665607625099285,0.1334392374900714,
lower_east_side,5512653817,Grandma’s One Pizza,40.7287649,-74.0000832,food_drink,1157.9,2500.0,residential,1.0,202.6,313.8,46.7,178.6,0.8455001931247585,0.1544998068752414,
lower_east_side,6206584785,Banter,40.7278638,-74.001067,food_drink,1158.4,2500.0,residential,1.0,109.4,324.3,103.2,127.0,0.8665607625099285,0.1334392374900714,
lower_east_side,2563930317,Access Theater,40.7180547,-74.0028387,leisure_entertainment,1158.5,5522.0,residential,1.0,13.5,141.0,304.5,21.4,0.0,1.0,
lower_east_side,5553460385,Waiting On A Friend,40.7294965,-73.9808235,food_drink,1158.6,2472.0,secondary,2.0,105.8,151.0,144.0,87.8,0.8446400828586225,0.1553599171413775,
lower_east_side,5592631079,M1-5 Bar and Lounge,40.7191151,-74.0032838,food_drink,1158.8,5529.0,tertiary,1.0,73.9,168.6,326.2,112.5,0.0,1.0,
lower_east_side,1861646903,Vin et Fleur,40.7242486,-74.0033107,food_drink,1159.1,3733.0,residential,1.0,86.8,554.0,150.0,81.7,0.9332682291666666,0.0667317708333333,
lower_east_side,3925063780,Dominique Ansel Bakery,40.725171,-74.00295,food_drink,1159.4,1109.0,residential,,93.6,461.4,184.5,36.4,0.7655566767574841,0.234443323242516,
lower_east_side,12322236319,Essentials Marketplace,40.7296949,-73.9810977,retail,1160.2,2600.0,residential,1.0,94.1,182.2,130.6,119.3,0.8076923076923077,0.1923076923076923,
lower_east_side,3608053295,The Dutch,40.7265551,-74.0021692,food_drink,1160.4,4775.0,residential,1.0,89.1,349.7,126.8,97.4,0.8,0.2,
lower_east_side,9713847088,Barber's Point,40.7241463,-74.0033641,personal_care,1160.7,4000.0,residential,1.0,86.6,564.3,149.3,69.8,0.9057670561628344,0.0942329438371654,
lower_east_side,7366099850,Michelle Cleaners,40.7261937,-73.9775254,personal_care,1160.8,1909.0,secondary,3.0,34.7,325.7,161.7,90.4,0.8655371789700148,0.1344628210299852,
lower_east_side,2611290567,Idaho,40.7309012,-73.9833892,food_drink,1162.1,1038.0,residential,1.0,105.4,148.1,104.8,169.4,0.75,0.25,
lower_east_side,13517110253,Amity Hall,40.7297099,-73.9988571,food_drink,1162.4,1983.0,residential,,246.9,286.8,89.5,96.7,0.0,1.0,
lower_east_side,9118807105,David Lewis Gallery,40.7188402,-74.0032329,leisure_entertainment,1162.7,2436.0,tertiary,1.0,54.6,157.9,311.6,109.4,0.6427879961277831,0.3572120038722168,
lower_east_side,4396459593,Jazba,40.7316574,-73.9856935,food_drink,1162.7,2860.0,residential,1.0,31.4,97.0,162.7,217.3,0.7511802277145238,0.2488197722854762,
lower_east_side,6261902266,Church Street Boxing,40.71913,-74.0033389,leisure_entertainment,1162.9,5529.0,tertiary,1.0,78.8,173.5,323.7,107.6,0.0,1.0,
lower_east_side,6231480473,Food King,40.7117283,-73.9940837,food_drink,1163.5,2190.0,residential,1.0,64.3,476.8,218.4,22.1,0.8405103668261563,0.1594896331738437,
lower_east_side,2279508475,Starbucks,40.7308318,-73.983183,food_drink,1163.8,1218.0,residential,1.0,92.4,165.7,85.8,161.3,0.8181818181818182,0.1818181818181818,
lower_east_side,6252179316,Saluggi's,40.7201178,-74.0036225,food_drink,1164.3,900.0,residential,4.0,135.5,248.9,388.1,57.0,0.75,0.25,
lower_east_side,11196443975,Baby Jeeter,40.7321283,-73.991527,retail,1165.2,2083.0,primary,2.0,104.9,228.4,72.6,47.1,0.0,1.0,
lower_east_side,9215560351,Cigarillos,40.7251939,-74.0030151,retail,1165.4,1109.0,residential,,87.7,457.4,180.2,39.5,0.7655566767574841,0.234443323242516,
lower_east_side,5512656726,The Comedy Shop,40.7288048,-74.0001586,food_drink,1165.6,2500.0,residential,1.0,203.6,307.4,41.0,177.4,0.8112234371776357,0.1887765628223643,
lower_east_side,3608041636,Blue Ribbon,40.7261431,-74.0025063,food_drink,1165.6,3140.0,residential,1.0,95.5,374.6,173.4,85.8,1.0,0.0,
lower_east_side,10020545576,Tribeca Smiles,40.7195477,-74.0035148,health,1166.7,2176.0,residential,,117.8,205.3,344.7,89.4,0.7397050373491668,0.2602949626508332,
lower_east_side,6468197579,Cure Thrift,40.7320829,-73.9878144,retail,1167.0,5201.0,primary,4.0,54.7,125.9,224.8,222.3,0.8841788278897382,0.1158211721102617,
lower_east_side,11457577943,Westside Coffee Shop,40.7200879,-74.0036564,food_drink,1167.6,1780.0,residential,,132.8,249.0,383.7,61.3,0.4705882352941176,0.5294117647058824,
lower_east_side,2547114855,Old Fashioned Pizza,40.7317935,-73.9860472,food_drink,1168.3,2860.0,residential,1.0,51.9,123.9,176.2,216.9,0.7511802277145238,0.2488197722854762,
lower_east_side,13286404301,Madeline’s Martini,40.7262812,-73.9774787,food_drink,1168.6,1964.0,secondary,3.0,32.6,318.9,154.4,100.0,0.8956294846705806,0.1043705153294194,
lower_east_side,9735550665,Stars,40.7321585,-73.9883569,food_drink,1169.1,3215.0,residential,1.0,53.8,147.9,185.9,221.9,0.6895294519767574,0.3104705480232426,
lower_east_side,3581036299,Zinc,40.7297474,-73.9989338,food_drink,1169.7,1983.0,residential,,239.2,279.2,85.8,96.6,0.499482936918304,0.500517063081696,
lower_east_side,2547114845,Minty Nail Salon,40.73182,-73.9861082,personal_care,1169.7,12908.0,residential,1.0,56.7,120.4,178.9,217.6,0.8333520557178162,0.1666479442821837,
lower_east_side,5603368243,Santa Barbara Deli,40.7282563,-73.9790922,food_drink,1170.0,1100.0,residential,,148.9,62.8,106.4,10.2,0.8545454545454545,0.1454545454545454,
lower_east_side,2611479031,Fattoush,40.7308818,-73.9831335,food_drink,1170.7,1204.0,residential,1.0,86.2,164.9,84.6,167.0,0.7976732422862923,0.2023267577137076,
lower_east_side,2547114876,Cecile Dry Cleaners,40.7318465,-73.9861832,personal_care,1170.8,12908.0,residential,1.0,62.8,115.8,182.7,218.2,0.8333520557178162,0.1666479442821837,
lower_east_side,11196461644,Spabelles,40.7321873,-73.9915194,personal_care,1171.7,1875.0,primary,2.0,110.4,231.4,74.8,45.2,0.0,1.0,
lower_east_side,9875312850,Tamago Skincare,40.7318719,-73.9862478,personal_care,1172.0,12908.0,residential,1.0,68.3,111.7,186.1,219.1,0.8333520557178162,0.1666479442821837,
lower_east_side,1883462420,Maison Close,40.7232955,-74.0037222,food_drink,1172.2,5121.0,primary,4.0,89.4,551.4,184.1,33.2,0.0,1.0,
lower_east_side,11897338093,Restaurante Félix,40.7225399,-74.0038369,food_drink,1172.3,1700.0,primary,1.0,110.5,478.1,252.6,104.4,0.7976190476190477,0.2023809523809523,
lower_east_side,13034147201,Sōrate,40.7256521,-74.0028846,food_drink,1173.1,2500.0,residential,1.0,79.3,412.2,212.8,38.4,0.9195767195767196,0.0804232804232804,
lower_east_side,2611479036,H & W Hardware,40.730755,-73.9827894,retail,1173.1,1683.0,primary,5.0,66.6,168.9,52.5,152.9,0.5639097744360902,0.4360902255639097,
lower_east_side,2550551525,Bosco,40.7288472,-74.0002307,food_drink,1173.3,2500.0,residential,1.0,198.0,300.9,35.7,170.7,0.88,0.12,
lower_east_side,10923249690,Butterdose,40.7319019,-73.9863128,food_drink,1173.8,12908.0,residential,1.0,73.9,107.3,189.3,220.6,0.8333520557178162,0.1666479442821837,
lower_east_side,1827758746,Fine Fare,40.7138971,-73.9806102,retail,1173.9,15556.0,primary,2.0,20.3,563.6,12.3,75.0,0.0,1.0,
lower_east_side,12580323736,Dick Blick Art Supply,40.7322774,-73.9899344,retail,1174.4,17567.0,primary,3.0,94.2,256.4,68.8,88.9,0.946377274178104,0.0536227258218959,
lower_east_side,4968861039,NYC Convenience,40.7319256,-73.9863783,retail,1174.9,2211.0,residential,1.0,79.6,103.8,193.1,221.7,1.0,0.0,
lower_east_side,4426826294,Blue Ribbon Brassiere,40.725453,-74.0030128,food_drink,1175.1,1648.0,residential,1.0,73.3,429.8,192.3,34.9,0.8140321217244294,0.1859678782755705,
lower_east_side,6231491552,Karlee Hardware & Electric,40.7120828,-73.9957126,retail,1175.5,2500.0,secondary,2.0,76.0,390.6,102.3,114.1,1.0,0.0,
lower_east_side,9735550663,Han Dynasty,40.7322044,-73.9882118,food_drink,1175.6,3215.0,primary,4.0,57.3,135.5,198.9,234.0,0.6895294519767574,0.3104705480232426,
lower_east_side,11746463847,The Hat Shop,40.7272188,-74.0018996,retail,1176.9,2504.0,residential,1.0,68.9,307.9,61.3,109.1,0.9057137469356968,0.0942862530643032,
lower_east_side,6462532127,The Market by Cure Thrift,40.732168,-73.9877613,retail,1177.0,5201.0,primary,4.0,65.0,115.5,235.1,231.7,0.8841788278897382,0.1158211721102617,
lower_east_side,5415350325,Mee,40.730937,-73.9831109,food_drink,1177.0,1204.0,primary,5.0,82.1,161.1,86.3,172.3,0.7976732422862923,0.2023267577137076,
lower_east_side,11746463846,Core Culture Pilates,40.7271604,-74.0019485,leisure_entertainment,1177.1,2502.0,residential,1.0,65.4,309.5,65.1,112.1,0.8953619909502263,0.1046380090497737,
lower_east_side,2550551526,Super Burrito,40.7289369,-74.0001861,food_drink,1177.3,2500.0,residential,1.0,203.1,292.9,26.1,172.1,0.88,0.12,
lower_east_side,10989794539,Janovic,40.7238008,-74.0036671,retail,1177.4,14020.0,residential,,91.6,598.6,146.4,35.1,0.8124073749462177,0.1875926250537823,
lower_east_side,11746463844,Mori,40.7270969,-74.0020062,food_drink,1177.7,2504.0,residential,1.0,62.0,311.2,69.9,115.6,0.9479320245208348,0.052067975479165,
lower_east_side,11746463845,142 Sullivan Bar,40.727044,-74.0020491,food_drink,1177.8,2504.0,residential,1.0,60.4,313.2,74.5,112.9,0.9479320245208348,0.052067975479165,
lower_east_side,8907715020,HB381,40.7181813,-74.0031452,leisure_entertainment,1177.9,3835.0,residential,1.0,8.6,158.8,284.5,37.4,0.0,0.2,
lower_east_side,2611479035,Veeray Da Dhaba,40.7307963,-73.9827498,food_drink,1178.8,1683.0,primary,5.0,61.3,163.6,52.4,148.1,0.7564520913675468,0.2435479086324533,
lower_east_side,7139740737,Happy Wok,40.726378,-73.9774027,food_drink,1179.0,1541.0,secondary,3.0,27.8,312.7,147.7,97.5,0.8262380538662033,0.1737619461337967,
lower_east_side,6231491553,Chun Hing Co.,40.7120181,-73.9956289,retail,1179.2,2533.0,secondary,2.0,72.5,399.3,103.8,122.2,0.8153789347364534,0.1846210652635465,
lower_east_side,9411604725,MAMO,40.7219313,-74.0039657,food_drink,1179.8,1916.0,secondary,,112.2,423.6,312.7,97.8,0.0,1.0,
lower_east_side,2547218207,Phoenix Bar,40.7299744,-73.9811697,food_drink,1180.3,5171.0,residential,1.0,67.3,205.5,109.2,140.7,0.8333472314876584,0.1666527685123415,
lower_east_side,5015212723,Pepe Rosso,40.7279209,-74.0013375,food_drink,1180.6,1555.0,residential,1.0,86.0,301.0,82.6,105.7,,,
lower_east_side,13503053013,YGF Malatang,40.7322499,-73.988166,food_drink,1181.1,4200.0,primary,4.0,62.5,129.2,203.7,237.8,0.6724017127286882,0.3275982872713118,
lower_east_side,12527102616,265 Cherry Foodmarket,40.7111006,-73.9893696,retail,1181.5,103552.0,residential,1.0,195.4,265.3,270.7,133.3,0.995437900704388,0.0045620992956118,
lower_east_side,10090538383,Matchaful,40.7211027,-74.0039693,food_drink,1181.8,1335.0,primary,4.0,99.3,348.2,391.2,78.1,0.7815251702940688,0.2184748297059312,
lower_east_side,7440222000,Osswald Parfumerie & Luxury Skincare Boutique,40.7218706,-74.0039932,retail,1182.0,1916.0,secondary,,107.0,419.1,318.6,95.8,0.0,1.0,
lower_east_side,2826442741,CC’s Cafe,40.7116726,-73.9946073,food_drink,1183.2,1538.0,residential,1.0,75.4,463.3,173.9,45.6,0.8503683241252302,0.1496316758747698,
lower_east_side,3502137815,Gristedes,40.7318147,-73.9943928,retail,1183.2,44000.0,residential,,43.2,54.4,50.5,164.8,0.6816692878680116,0.3183307121319883,
lower_east_side,12479654312,MetaMorfosi,40.7178117,-74.0030315,leisure_entertainment,1183.4,11288.0,secondary,2.0,37.0,169.1,282.1,10.4,0.9059989745342676,0.0940010254657323,
lower_east_side,2611479030,Buffalo Wild Wings,40.7309843,-73.983062,food_drink,1183.6,1620.0,primary,5.0,76.4,154.5,86.0,166.5,0.8205741626794258,0.1794258373205741,
lower_east_side,13517110252,Il Mulino,40.7298203,-73.9990828,food_drink,1184.0,1900.0,residential,,224.3,264.4,80.4,96.8,0.7504504504504504,0.2495495495495495,
lower_east_side,4470109190,New York Costumes,40.7323609,-73.9903608,retail,1184.1,1593.0,primary,3.0,101.7,279.2,58.4,54.5,0.6,0.4,
lower_east_side,2547114825,Jackdaw,40.7318319,-73.9855738,food_drink,1184.2,2009.0,residential,1.0,12.0,83.8,142.1,239.1,0.777551265139705,0.222448734860295,
lower_east_side,1349122395,Anat Egbi,40.7175972,-74.002932,leisure_entertainment,1184.6,3776.0,residential,1.0,48.2,177.2,286.4,25.7,0.7177319074857,0.2822680925142999,
lower_east_side,12150641967,The Spotted Owl,40.7298793,-73.9809353,food_drink,1184.7,5171.0,residential,1.0,71.1,183.6,131.6,122.2,0.8333472314876584,0.1666527685123415,
lower_east_side,6462532128,Makarii Japanese Antique,40.7322354,-73.9877125,retail,1185.1,5201.0,primary,4.0,73.5,106.9,240.9,239.2,0.8841788278897382,0.1158211721102617,
lower_east_side,12547817797,Business Grocery Store Convenient Store,40.7292189,-73.9999578,food_drink,1185.1,18750.0,residential,1.0,215.7,272.1,24.6,176.5,1.0,0.0,
lower_east_side,13756128199,Lemon Tree Gourmet Deli,40.7223596,-74.0040088,retail,1185.3,2940.0,primary,1.0,96.5,466.8,266.2,86.6,0.0,1.0,
lower_east_side,5227527424,La Colombe Coffee Roasters,40.7198938,-74.0038297,food_drink,1185.5,925.0,residential,,121.3,247.9,357.7,81.6,0.6108510638297873,0.3891489361702128,
lower_east_side,7366099852,Little Tigers Martial Arts,40.7264416,-73.9773591,leisure_entertainment,1185.5,1541.0,residential,,27.9,308.5,143.5,91.2,0.8262380538662033,0.1737619461337967,
lower_east_side,6231491551,,40.7120048,-73.9957789,office_professional,1185.7,2525.0,secondary,2.0,84.5,397.9,92.6,110.1,0.9081145584725536,0.0918854415274463,
lower_east_side,5640186350,Mmuseumm,40.717363,-74.002815,leisure_entertainment,1185.9,5015.0,residential,,65.0,176.3,294.3,37.8,0.8478444632290786,0.1521555367709214,
lower_east_side,4159335789,Miss Lily's (Soho),40.7279837,-74.001356,food_drink,1186.0,1555.0,residential,1.0,84.0,296.5,83.6,99.8,0.7362465181058496,0.2637534818941504,
lower_east_side,13503053012,Smashed,40.7322915,-73.9881357,food_drink,1186.0,4200.0,primary,4.0,67.2,124.2,207.3,240.4,0.6724017127286882,0.3275982872713118,
lower_east_side,12547817800,Mei Dry Cleaner,40.7296581,-73.9993745,personal_care,1186.6,2500.0,residential,1.0,213.8,259.6,91.2,125.2,0.810838445807771,0.189161554192229,
lower_east_side,12594065265,Bar Oliver,40.7130612,-73.9982064,food_drink,1186.6,4038.0,residential,1.0,49.8,281.8,83.1,18.6,0.3885714285714285,0.1771428571428571,
lower_east_side,2567528724,Tom & Jerry Deli,40.7238463,-73.9761658,retail,1187.1,2397.0,residential,,134.3,414.0,258.7,101.4,0.9095431931252826,0.0904568068747173,
lower_east_side,13685610944,Cristin Tierney,40.7189299,-74.003573,leisure_entertainment,1187.6,2535.0,tertiary,1.0,84.1,187.7,294.4,99.0,0.813780260707635,0.186219739292365,
lower_east_side,11048651022,American Legion Hall,40.7266744,-74.0024559,leisure_entertainment,1188.0,1950.0,residential,1.0,66.6,325.3,114.3,72.0,0.5507343124165555,0.4492656875834446,
lower_east_side,12547817799,Hot Stuff Spicy Foods,40.7296194,-73.9994729,food_drink,1189.0,2500.0,residential,1.0,210.0,257.4,82.0,133.4,0.810838445807771,0.189161554192229,
lower_east_side,2611479026,E Smoke Shop & Convenience,40.7310321,-73.9830286,retail,1189.6,1200.0,primary,5.0,72.1,148.5,87.3,162.0,0.75,0.25,
lower_east_side,11457556175,Roman K Salon,40.7198229,-74.0038662,personal_care,1189.9,3953.0,residential,3.0,120.4,246.3,349.5,74.2,0.4,0.6,
lower_east_side,6908127804,Hanson Fitness,40.7323467,-73.9915875,leisure_entertainment,1189.9,1875.0,residential,,121.6,233.6,88.9,51.9,0.0,1.0,
lower_east_side,6261902489,Alexander and Bonin,40.7190232,-74.0036388,leisure_entertainment,1190.3,4193.0,tertiary,1.0,94.3,195.0,296.7,88.9,0.6576545463515714,0.3423454536484286,
lower_east_side,5553457642,Motel No Tell,40.7297578,-73.9806443,food_drink,1190.4,4944.0,residential,1.0,84.6,156.3,159.5,95.9,0.7484761978242419,0.251523802175758,
lower_east_side,10943859585,New University Stationery,40.7279374,-74.0014661,retail,1190.5,3110.0,primary,4.0,75.1,290.6,73.1,96.8,0.7798218718061031,0.2201781281938969,
lower_east_side,2547205472,Sauerkraut Fish,40.732334,-73.9881047,food_drink,1191.1,4200.0,primary,4.0,72.2,119.0,211.0,243.2,0.6724017127286882,0.3275982872713118,
lower_east_side,13517110251,Mido Omakase,40.729858,-73.9991597,food_drink,1191.4,1900.0,residential,,216.6,256.7,78.5,96.8,0.8132183908045977,0.1867816091954023,
lower_east_side,12547817798,Hoopclass,40.7294703,-73.9997281,leisure_entertainment,1191.5,2500.0,residential,1.0,205.8,257.8,54.8,159.1,1.0,0.0,
lower_east_side,2547114904,Bánh Anh Em,40.7322913,-73.987672,food_drink,1191.7,5929.0,primary,4.0,74.4,99.8,245.4,245.5,0.82,0.18,
lower_east_side,9535119733,Mishka Soho,40.7236733,-74.0038719,food_drink,1191.7,1210.0,residential,,90.1,595.2,143.5,37.9,0.0,1.0,
lower_east_side,8789731894,B-Side,40.728413,-73.9789264,food_drink,1191.8,1110.0,tertiary,2.0,127.0,52.7,112.4,14.4,0.7521685254027262,0.2478314745972738,
lower_east_side,7905903487,Ukrainian National Federal Credit Union,40.731907,-73.9855209,finance,1193.6,2262.0,residential,1.0,8.6,79.3,133.2,248.5,0.6355942165275655,0.3644057834724344,
lower_east_side,12729292979,Chopped Cheese,40.7238587,-73.9760881,food_drink,1193.8,2397.0,residential,,129.9,420.0,255.1,107.7,0.9095431931252826,0.0904568068747173,
lower_east_side,11836538420,Maison Gerard,40.7322855,-73.9924523,retail,1193.8,6593.0,residential,1.0,97.4,167.7,138.3,123.5,0.8832780010484012,0.1167219989515988,
lower_east_side,2547114882,Seasons Body Work,40.7320424,-73.9860818,personal_care,1194.1,3098.0,residential,1.0,57.8,98.1,164.9,241.6,0.8558870154200894,0.1441129845799106,
lower_east_side,11897360113,Gentle Monster,40.7224337,-74.0041077,health,1194.2,3340.0,primary,1.0,87.5,478.0,255.8,79.5,0.0,1.0,
lower_east_side,2491325773,Drop-Off Service,40.7299571,-73.9808751,food_drink,1194.6,5171.0,secondary,2.0,61.8,185.7,131.7,125.3,0.8333472314876584,0.1666527685123415,
lower_east_side,2611479034,Kathe's Jewelry,40.7309191,-73.9826531,retail,1194.7,12821.0,primary,5.0,48.1,148.1,56.7,136.3,0.6819715556116174,0.3180284443883825,
lower_east_side,2550046894,Senza Gluten,40.7290193,-74.0003692,food_drink,1194.8,2500.0,residential,1.0,189.7,279.0,19.7,155.4,0.8187444739168878,0.1812555260831123,
lower_east_side,2547218181,Petit Chou,40.7310744,-73.9830001,food_drink,1194.9,1200.0,primary,5.0,68.6,143.2,88.8,158.2,0.75,0.25,
lower_east_side,2550046889,Finest Deli,40.7289291,-74.0004788,food_drink,1194.9,2500.0,residential,1.0,178.7,285.8,33.2,148.2,0.8187444739168878,0.1812555260831123,
lower_east_side,5176797723,K&K Deli,40.7114965,-73.9943678,retail,1195.3,1538.0,residential,1.0,95.9,489.3,193.1,21.5,0.8503683241252302,0.1496316758747698,
lower_east_side,4149654067,All'Antico Vinaio,40.7295949,-73.9996291,food_drink,1195.9,2500.0,residential,1.0,201.9,251.4,70.2,142.9,0.810838445807771,0.189161554192229,
lower_east_side,6577737785,Ben’s Garden,40.722655,-74.004107,retail,1196.0,2506.0,primary,1.0,87.0,499.7,232.5,87.5,0.7733990147783252,0.2266009852216748,
lower_east_side,9120810077,Luna Pizza,40.713186,-73.9986181,food_drink,1196.2,4038.0,residential,1.0,15.9,271.4,118.7,8.3,0.3885714285714285,0.1771428571428571,
lower_east_side,3502137816,Knickerbocker Bar & Grill,40.7319768,-73.9942396,food_drink,1196.4,44000.0,residential,1.0,58.5,66.4,70.6,186.7,0.6816692878680116,0.3183307121319883,
lower_east_side,249657982,"NYC Health + Hospitals/Gotham Health, Roberto Clemente Center",40.7288021,-73.9792839,health,1196.5,6681.0,residential,1.0,112.3,0.0,165.0,31.9,0.0,1.0,
lower_east_side,8322227633,Ave B Beer & Cigars,40.7284575,-73.978896,retail,1196.9,1110.0,tertiary,2.0,121.4,50.4,115.6,19.4,0.7521685254027262,0.2478314745972738,
lower_east_side,12547847601,Yakub Shoe Repair,40.7297106,-73.9994875,personal_care,1197.3,1017.0,residential,1.0,202.7,248.9,87.7,125.6,0.8558731683881816,0.1441268316118184,
lower_east_side,2547114752,Linen Hall,40.7323434,-73.9876343,food_drink,1198.0,5929.0,primary,4.0,68.0,93.2,249.7,251.3,0.82,0.18,
lower_east_side,2611479033,Wine on 1st,40.7309455,-73.9826329,retail,1198.1,12821.0,primary,5.0,45.5,144.9,58.1,133.9,0.6819715556116174,0.3180284443883825,
lower_east_side,11836538424,Karl Kemp Antiques,40.7322513,-73.9929522,retail,1198.1,4747.0,residential,1.0,106.5,133.3,110.4,165.5,0.8957573230480559,0.1042426769519441,
lower_east_side,8333740841,Antique Garage,40.7197223,-74.0039458,food_drink,1198.6,1963.0,residential,3.0,118.0,246.5,336.5,62.2,0.46875,0.53125,
lower_east_side,2550551547,Springbone Kitchen,40.7298843,-73.9992546,food_drink,1198.8,2795.0,residential,,208.2,248.8,79.2,98.7,0.7148975221780361,0.2851024778219639,
lower_east_side,12334487681,Cafe Joah,40.7298281,-73.9805928,food_drink,1199.1,4944.0,secondary,2.0,75.8,158.7,159.4,99.6,0.7484761978242419,0.251523802175758,
lower_east_side,1827772291,Wa Lung Kitchen,40.7138887,-73.980158,food_drink,1200.5,7194.0,primary,2.0,31.4,593.5,38.4,113.1,0.0,1.0,
lower_east_side,6231491549,,40.7120247,-73.9962465,retail,1200.5,2525.0,secondary,2.0,76.7,389.4,67.3,71.5,0.8042094958394518,0.1957905041605482,
lower_east_side,2572411301,,40.732514,-73.9898363,finance,1200.7,17567.0,residential,1.0,121.7,240.7,93.9,101.7,0.946377274178104,0.0536227258218959,
lower_east_side,2611479029,Chick-N-Smash,40.7311247,-73.9829767,food_drink,1200.7,1200.0,primary,5.0,65.7,137.4,91.6,154.6,0.7500594530321046,0.2499405469678953,
lower_east_side,4557537890,Soothr,40.7323273,-73.9873238,food_drink,1200.8,1771.0,residential,1.0,68.8,84.9,256.5,251.8,0.75,0.25,
lower_east_side,6475053286,Soho Sushi,40.7297573,-73.9994822,food_drink,1200.9,1017.0,residential,1.0,200.0,245.4,91.6,121.1,0.8558731683881816,0.1441268316118184,
lower_east_side,12322531439,Zaragoza,40.7300094,-73.9808364,food_drink,1201.1,5167.0,secondary,2.0,55.7,187.4,132.1,122.8,0.8,0.2,
lower_east_side,4998805610,New York Costumes,40.7324844,-73.9911106,retail,1201.2,2733.0,primary,2.0,138.0,276.4,74.2,29.0,0.8888888888888888,0.1111111111111111,
lower_east_side,6053253585,Top Thai Greenwich,40.7297907,-73.9994469,food_drink,1201.7,1017.0,residential,1.0,200.2,244.6,96.4,116.3,0.8558731683881816,0.1441268316118184,
lower_east_side,12022095654,Sargent's Daughters,40.717639,-74.003176,leisure_entertainment,1201.8,3776.0,secondary,2.0,27.6,190.2,266.7,33.0,0.0,1.0,
lower_east_side,2572411295,Valley National Bank,40.7325246,-73.9898344,finance,1201.9,17567.0,residential,1.0,122.9,240.2,94.9,102.2,0.946377274178104,0.0536227258218959,
lower_east_side,6308440686,NY Gift Shop,40.7213005,-74.0042214,retail,1202.0,3100.0,primary,4.0,78.9,378.6,361.4,72.7,0.0,0.2596454640250261,
lower_east_side,6733996107,Village Tannery,40.7289791,-74.0005337,retail,1202.0,5000.0,residential,1.0,175.2,279.2,32.3,142.5,0.7957945814799838,0.2042054185200161,
lower_east_side,12729292980,Crown Fried Chicken,40.7239761,-73.9760173,food_drink,1202.3,4364.0,tertiary,3.0,115.6,432.7,240.8,112.7,0.5914082531082192,0.4085917468917807,
lower_east_side,12259319359,Soho Diner,40.7220958,-74.0042287,food_drink,1202.4,36421.0,secondary,,87.7,450.8,289.3,71.5,0.0,0.0394765930121166,
lower_east_side,6030762120,Planet Fitness,40.7208098,-74.004187,leisure_entertainment,1202.4,2303.0,primary,4.0,87.2,336.2,395.8,75.4,0.0,1.0,
lower_east_side,12097569302,Lucia Alimentari,40.7216106,-74.004245,food_drink,1203.1,3875.0,secondary,,77.2,407.1,341.8,78.1,0.8436932757855673,0.1563067242144326,
lower_east_side,4462798731,Soho Room,40.7253962,-74.0034071,food_drink,1204.1,2857.0,residential,1.0,48.0,427.3,160.4,67.0,0.86652977412731,0.1334702258726899,
lower_east_side,12547817794,Triona's,40.7298527,-73.9994054,food_drink,1204.5,2795.0,residential,1.0,199.2,242.1,88.8,108.7,0.7148975221780361,0.2851024778219639,
lower_east_side,11463577701,Ichibantei,40.7324491,-73.9880197,food_drink,1204.7,1290.0,primary,4.0,71.5,105.1,221.4,251.2,0.8345398138572906,0.1654601861427094,
lower_east_side,5883645807,Old Tbilisi Garden,40.7288339,-74.0007577,food_drink,1205.4,2156.0,residential,1.0,153.8,290.4,57.2,128.3,0.7698005698005698,0.2301994301994302,
lower_east_side,6733996106,Village Gifts NYC,40.7289911,-74.0005741,retail,1205.4,5000.0,residential,1.0,172.2,277.0,34.2,138.9,0.7957945814799838,0.2042054185200161,
lower_east_side,11897341759,Crispy Heaven,40.7227179,-74.0042121,food_drink,1205.5,1892.0,primary,1.0,75.9,510.0,223.0,83.4,0.8,0.2,
lower_east_side,6231307190,W & E Seafood Wholesale,40.7116348,-73.9952425,food_drink,1205.9,5021.0,residential,1.0,82.6,449.0,120.2,80.8,0.835285505124451,0.164714494875549,
lower_east_side,5385432424,Johnny Air Mart,40.7298835,-73.9805522,retail,1206.0,4944.0,secondary,2.0,68.7,160.9,159.7,103.0,0.7484761978242419,0.251523802175758,
lower_east_side,8333740842,Macao,40.719643,-74.0040209,food_drink,1206.4,1910.0,residential,3.0,116.2,248.1,325.7,52.2,0.5994506752117189,0.4005493247882811,
lower_east_side,2547114757,The Penny Farthing,40.7324161,-73.9875816,food_drink,1206.7,5929.0,residential,1.0,59.2,84.0,255.9,259.6,0.82,0.18,
lower_east_side,12322520838,East Village Gourmet Deli,40.7300561,-73.9808029,retail,1206.9,5167.0,secondary,2.0,50.5,189.3,132.6,116.9,0.8,0.2,
lower_east_side,7366099853,Yankee Deli,40.7266581,-73.9772142,food_drink,1207.2,4295.0,residential,,30.1,295.4,131.6,72.0,0.9062265566391596,0.0937734433608402,
lower_east_side,6910793421,New Arc Chicken,40.7311721,-73.9829309,food_drink,1207.2,1200.0,primary,5.0,61.3,130.9,93.2,149.5,0.75006435006435,0.2499356499356499,
lower_east_side,12547817793,Shade Bar,40.729931,-73.9993365,food_drink,1207.3,2795.0,residential,,199.6,240.3,78.3,98.2,0.7148975221780361,0.2851024778219639,
lower_east_side,6231307189,Essex Flowers Gallery,40.7117466,-73.9956636,leisure_entertainment,1208.0,2538.0,residential,1.0,92.6,428.0,88.0,105.4,0.7911227154046997,0.2088772845953002,
lower_east_side,4809889324,Shrine,40.7175806,-74.0032249,leisure_entertainment,1208.1,3776.0,secondary,2.0,24.0,197.4,261.7,40.7,0.0,1.0,
lower_east_side,6030762121,Sheraton,40.7208594,-74.0042677,hospitality,1208.8,2303.0,primary,4.0,78.9,344.9,387.0,69.5,0.0,1.0,
lower_east_side,3578036493,Little Rebel,40.7320364,-73.9854459,food_drink,1209.2,2897.0,primary,3.0,19.4,75.0,119.3,264.1,0.6826143176207828,0.3173856823792171,
lower_east_side,11836538423,Il Cantinori,40.7323245,-73.993126,food_drink,1209.2,2537.0,residential,1.0,121.1,129.8,95.1,180.4,0.6930022573363431,0.3069977426636568,
lower_east_side,10830817800,DOMODOMO,40.7280345,-74.0016502,food_drink,1209.4,3140.0,primary,4.0,59.4,271.8,64.7,78.5,0.8204022988505747,0.1795977011494252,
lower_east_side,1493005669,Global Fresh Marketplace,40.7240812,-73.975958,retail,1209.7,2186.0,tertiary,3.0,102.9,443.9,228.1,118.2,0.0,1.0,
lower_east_side,6261902592,David Gage String Instrument Repair,40.7193743,-74.0039886,retail,1209.8,1883.0,tertiary,1.0,135.3,234.0,303.8,48.3,0.0,1.0,
lower_east_side,3596708393,Joselito Bar,40.724159,-73.9759768,food_drink,1210.0,2185.0,tertiary,3.0,96.2,448.2,220.6,117.7,0.8777292576419214,0.1222707423580786,
lower_east_side,6733996105,Village Tattoo,40.729015,-74.0006214,personal_care,1210.2,5000.0,residential,1.0,168.9,273.4,36.2,134.5,0.7957945814799838,0.2042054185200161,
lower_east_side,5171953024,Madison Supreme Laundromat,40.712031,-73.9965395,personal_care,1211.0,3833.0,secondary,2.0,52.0,386.7,59.2,48.4,0.8332526751626607,0.1667473248373393,
lower_east_side,12322531667,Headline Barber Shop,40.7300905,-73.9807794,personal_care,1211.1,2410.0,secondary,2.0,46.7,190.8,133.0,112.7,0.7999683494223769,0.200031650577623,
lower_east_side,9285956796,Yellow Rose,40.7325074,-73.987978,food_drink,1211.6,1290.0,primary,4.0,64.2,98.3,226.8,255.4,0.8345398138572906,0.1654601861427094,
lower_east_side,1827768797,Special Touch Valet Cleaning,40.7138483,-73.9800148,personal_care,1212.1,7194.0,primary,2.0,44.1,605.7,49.3,125.5,0.0,1.0,
lower_east_side,4654873356,Soho Grand Hotel,40.7220039,-74.0043561,hospitality,1212.9,36421.0,secondary,,84.3,448.2,297.1,65.3,0.0,0.0394765930121166,
lower_east_side,2562441816,Ba‘al Cafe & Falafel,40.7244728,-74.0039044,food_drink,1213.7,2500.0,residential,1.0,33.2,522.1,95.5,71.0,0.8750429996560027,0.1249570003439972,
lower_east_side,7366099854,Yankee Pizza,40.7267069,-73.9771566,food_drink,1214.0,4295.0,residential,,22.8,294.0,131.0,69.4,0.9062265566391596,0.0937734433608402,
lower_east_side,2547193333,Sugared + Bronzed,40.7326372,-73.990259,personal_care,1214.6,5542.0,residential,1.0,131.6,247.5,90.3,75.6,0.9642857142857144,0.0357142857142857,
lower_east_side,2565708228,Tribeca Bagels,40.7209234,-74.0043457,retail,1214.8,2303.0,primary,4.0,70.4,354.5,377.4,61.4,0.0,1.0,
lower_east_side,2705025714,Marcella,40.7280654,-74.0017062,food_drink,1215.2,1587.0,primary,4.0,55.0,266.1,63.1,72.8,0.8002336448598131,0.1997663551401869,
lower_east_side,12334487680,FTC,40.7299613,-73.9804953,leisure_entertainment,1215.7,4944.0,secondary,2.0,58.9,164.4,160.6,108.4,0.7484761978242419,0.251523802175758,
lower_east_side,11836538422,Bernd Goeckler,40.7323651,-73.9932355,retail,1215.7,4243.0,residential,1.0,121.4,128.2,86.3,189.9,0.8721227621483376,0.1278772378516624,
lower_east_side,2562442598,Lucia Pizza,40.7213965,-74.0043967,food_drink,1216.4,2203.0,primary,4.0,62.6,396.3,343.2,58.6,0.75,0.25,
lower_east_side,9876984224,Dear Rufino,40.7320846,-73.9853638,food_drink,1216.5,2897.0,primary,3.0,13.6,69.8,110.5,272.3,0.6914972547855764,0.3085027452144235,
lower_east_side,4392870291,Da Marcella,40.7277469,-74.0020266,food_drink,1217.4,2975.0,primary,3.0,39.2,261.6,21.5,61.6,0.9093283040765996,0.0906716959234005,
lower_east_side,12313182579,Planet Rose,40.7301469,-73.9807499,food_drink,1217.5,2410.0,secondary,2.0,40.6,194.0,133.4,106.0,0.7999683494223769,0.200031650577623,
lower_east_side,9876984223,"Sincerely, Ophelia",40.73211,-73.9854278,food_drink,1217.5,2897.0,primary,3.0,17.6,75.8,113.3,271.9,0.6914972547855764,0.3085027452144235,
lower_east_side,3677010927,14th Street Y – Sports Center,40.7314081,-73.9832397,leisure_entertainment,1217.8,2323.0,secondary,3.0,89.9,124.6,128.4,169.3,0.0,1.0,
lower_east_side,357642745,New York Eye and Ear Infirmary of Mount Sinai,40.7318799,-73.9845807,health,1218.0,20707.0,secondary,3.0,26.3,0.0,92.0,280.9,0.0,1.0,
lower_east_side,5401978033,Bleecker,40.7290551,-74.000701,retail,1218.1,1900.0,residential,1.0,163.6,267.4,40.7,127.1,0.7199597787833082,0.2800402212166918,
lower_east_side,4470527389,Flight Club NY,40.7326398,-73.9910633,retail,1218.2,5857.0,primary,2.0,150.7,266.8,88.7,44.9,0.4,0.6,
lower_east_side,2547205386,Taco Bell,40.7325687,-73.9879342,food_drink,1218.9,1770.0,residential,1.0,56.5,91.2,232.5,259.9,0.8192090395480226,0.1807909604519774,
lower_east_side,2565708229,Video Store,40.7209554,-74.0043972,retail,1218.9,2303.0,primary,4.0,65.3,360.1,371.8,56.5,0.0,1.0,
lower_east_side,3502137813,Chase,40.7321008,-73.9946231,finance,1219.5,40520.0,residential,,32.0,91.7,83.4,177.4,0.8571428571428571,0.1428571428571428,
lower_east_side,6621617750,Paradis,40.7326818,-73.9902436,food_drink,1219.6,5542.0,residential,1.0,133.9,242.4,95.5,79.7,0.9642857142857144,0.0357142857142857,
lower_east_side,7366099855,Up Cleaners,40.7267628,-73.9771123,personal_care,1220.1,6412.0,secondary,2.0,15.9,291.4,129.5,66.2,0.920440251572327,0.0795597484276729,
lower_east_side,2547218192,Metro by T-Mobile,40.7313279,-73.9829715,retail,1220.7,2595.0,secondary,3.0,65.9,118.0,109.3,149.0,0.0,1.0,
lower_east_side,2611479019,Panda Express,40.7312845,-73.9828594,food_drink,1221.0,2595.0,secondary,3.0,55.7,117.1,100.3,140.8,0.0,1.0,
lower_east_side,8907715019,Gourmet Garage,40.7174565,-74.0033287,retail,1221.5,7501.0,residential,,24.0,212.8,251.6,57.0,0.9250358756880636,0.0749641243119364,
lower_east_side,11836538421,eskander,40.7324724,-73.9929179,retail,1221.6,8432.0,residential,1.0,127.4,153.6,94.6,164.6,0.9132910905312844,0.0867089094687155,
lower_east_side,8881163470,ClairVoyant,40.7315394,-73.9834761,leisure_entertainment,1221.7,2323.0,secondary,3.0,113.2,100.5,123.4,187.3,0.8426435877261998,0.1573564122738001,
lower_east_side,3677007825,T-Mobile,40.7311161,-73.9824625,retail,1221.7,12821.0,secondary,2.0,24.0,123.1,70.0,114.2,0.6819715556116174,0.3180284443883825,
lower_east_side,11196374537,Spikes,40.7300131,-73.9804574,food_drink,1222.1,2472.0,secondary,2.0,52.3,167.1,161.5,108.6,0.8840579710144928,0.1159420289855072,
lower_east_side,2550046897,Third Rail Coffee,40.7299427,-73.999592,food_drink,1222.4,2375.0,residential,1.0,180.6,224.0,91.2,108.7,0.8703425685819571,0.1296574314180428,
lower_east_side,3677007826,Gourmet Smoke Lotto,40.7310675,-73.9823406,retail,1222.5,12821.0,secondary,2.0,18.6,126.9,62.9,107.0,0.6819715556116174,0.3180284443883825,
lower_east_side,6473280860,B Cup Café,40.7286956,-73.9787601,food_drink,1222.5,3515.0,residential,1.0,92.6,45.7,135.6,37.4,0.8116193366572729,0.188380663342727,
lower_east_side,7363764841,E14 Medical Arts,40.7316461,-73.9837414,health,1222.5,2323.0,secondary,3.0,90.4,75.3,125.1,209.2,0.7367739548649649,0.2632260451350351,
lower_east_side,2565708091,Caffé Bene,40.7210007,-74.0044453,food_drink,1222.6,1278.0,primary,4.0,60.3,366.6,365.5,51.9,0.0,1.0,
lower_east_side,2547218198,McDonald's,40.7310359,-73.9822614,food_drink,1223.0,12821.0,secondary,2.0,12.6,129.8,59.0,101.1,0.6819715556116174,0.3180284443883825,
lower_east_side,6231491548,Catherine Deli & Bagels,40.7120022,-73.9967873,food_drink,1223.5,1755.0,secondary,2.0,31.3,389.4,56.2,33.4,0.8022598870056498,0.1977401129943503,
lower_east_side,6231307187,SLEEPCENTER,40.7117446,-73.9961249,leisure_entertainment,1224.1,2542.0,residential,1.0,90.1,421.5,52.2,94.7,0.8066435299950422,0.1933564700049578,
lower_east_side,4406319594,Black Tap,40.7238705,-74.004215,food_drink,1224.2,4735.0,residential,,67.2,587.1,108.1,73.8,0.8036160045645817,0.1963839954354183,
lower_east_side,7363764842,Ali Baba Smoke Shop,40.731684,-73.9838023,retail,1224.2,4646.0,secondary,3.0,83.7,69.1,119.2,214.3,0.833351463069727,0.166648536930273,
lower_east_side,6621617748,Firm Shoe Repair,40.7327268,-73.9902379,personal_care,1224.6,5542.0,residential,1.0,129.0,237.4,100.4,83.2,0.9642857142857144,0.0357142857142857,
lower_east_side,7366099856,Neighborhood Deli,40.7268065,-73.9770815,food_drink,1224.7,6412.0,secondary,2.0,11.1,289.3,128.3,64.0,0.920440251572327,0.0795597484276729,
lower_east_side,11196362150,Burrata Basil Pizza,40.7302121,-73.9807164,food_drink,1224.9,2533.0,secondary,2.0,33.8,197.9,134.1,98.5,0.8333333333333334,0.1666666666666666,
lower_east_side,5176797724,Monro Grocery,40.7115686,-73.9956272,retail,1225.0,2538.0,residential,1.0,105.4,448.0,87.2,87.8,0.7911227154046997,0.2088772845953002,
lower_east_side,11674325705,Bings & Noodles,40.7299776,-73.9995858,food_drink,1225.0,2375.0,residential,1.0,179.0,221.5,88.2,105.1,0.8703425685819571,0.1296574314180428,
lower_east_side,12684907461,Mrs Green Salad & Juice,40.7317068,-73.9838435,food_drink,1225.0,4646.0,secondary,3.0,79.5,65.0,115.6,217.8,0.833351463069727,0.166648536930273,
lower_east_side,6733996101,Hello Saigon,40.7289364,-74.0009503,food_drink,1225.1,1647.0,residential,1.0,139.9,276.4,65.0,109.7,0.6892612338156893,0.3107387661843107,
lower_east_side,9733707531,Chow House,40.7290896,-74.0007802,food_drink,1225.7,1900.0,residential,1.0,158.4,262.2,46.2,120.0,0.7199597787833082,0.2800402212166918,
lower_east_side,3677010929,Nowhere,40.7318045,-73.9840953,food_drink,1226.1,2323.0,secondary,3.0,55.9,41.8,99.5,239.5,0.7816593886462883,0.2183406113537118,
lower_east_side,3497497479,Epicurean Market,40.7323201,-73.9939583,food_drink,1226.1,2152.0,residential,,61.0,103.2,80.1,230.9,0.7823048806708235,0.2176951193291765,
lower_east_side,1827768786,Cozy Gourmet,40.7137769,-73.9798698,retail,1226.3,7194.0,residential,,58.6,620.3,61.1,138.6,0.0,1.0,
lower_east_side,6615272816,,40.7300317,-73.9995283,retail,1226.3,2375.0,residential,,180.1,220.8,80.5,97.4,0.8703425685819571,0.1296574314180428,
lower_east_side,6798302680,Soho Smile,40.7252164,-74.0037733,health,1226.7,2500.0,residential,,52.9,441.4,123.6,64.0,0.0,1.0,
lower_east_side,3677010930,International Haircutters,40.731836,-73.9841691,personal_care,1226.8,2322.0,secondary,3.0,48.9,35.0,95.0,246.0,0.7910731244064577,0.2089268755935422,
lower_east_side,6622267485,The Woo,40.7252195,-74.0037768,food_drink,1227.1,2500.0,residential,,52.5,441.0,123.6,63.9,0.0,1.0,
lower_east_side,8878684327,Mr. John's Barbershop,40.7327499,-73.9902816,personal_care,1227.2,5542.0,residential,1.0,127.9,235.5,102.1,82.2,0.9642857142857144,0.0357142857142857,
lower_east_side,3676993349,99¢ Pizza,40.7308171,-73.9817248,food_drink,1227.5,2275.0,secondary,2.0,43.8,158.6,56.9,71.0,0.8,0.2,
lower_east_side,3676993348,Mike Deli,40.7307985,-73.9816801,retail,1227.9,2275.0,secondary,2.0,48.0,161.6,58.8,69.7,0.8,0.2,
lower_east_side,11198938705,SoHo Cigar Bar,40.7236404,-74.0043201,retail,1228.2,3678.0,primary,4.0,58.5,606.2,124.6,73.0,0.8172352680549402,0.1827647319450598,
lower_east_side,10137743857,Empower Your Smile DDS,40.7191656,-74.0041506,health,1228.3,1720.0,tertiary,1.0,139.3,240.5,277.3,43.7,0.775073651850903,0.2249263481490969,
lower_east_side,2705025715,Song’ E Napule,40.7281274,-74.001839,food_drink,1228.3,3160.0,primary,4.0,45.6,253.0,60.5,60.6,0.8001620307858494,0.1998379692141507,
lower_east_side,3676993347,Petopia,40.7307781,-73.9816312,retail,1228.4,2275.0,secondary,2.0,52.6,164.9,61.1,68.5,0.8,0.2,
lower_east_side,4316044977,Avis,40.7326422,-73.9921769,leisure_entertainment,1229.1,4010.0,residential,,137.3,210.7,140.9,109.7,0.0,1.0,
lower_east_side,3676993346,Juice Bar,40.7307493,-73.981562,food_drink,1229.2,2581.0,secondary,2.0,59.2,169.6,64.8,67.3,0.8,0.2,
lower_east_side,5176785022,Domino's,40.7119348,-73.9967748,food_drink,1229.6,1755.0,residential,1.0,32.2,396.9,48.6,39.6,0.8022598870056498,0.1977401129943503,
lower_east_side,6255405074,Some Good Wine,40.7319721,-73.9954261,retail,1229.6,2300.0,secondary,1.0,44.1,131.8,106.4,128.7,0.6,0.4,
lower_east_side,3676993345,Big Apple Barbers,40.7307325,-73.9815217,personal_care,1229.6,2581.0,secondary,2.0,63.0,172.5,67.2,66.9,0.8,0.2,
lower_east_side,3676993343,Gemina,40.7306979,-73.9814385,food_drink,1230.5,2581.0,secondary,2.0,57.9,178.4,72.5,66.9,0.8224719101123595,0.1775280898876404,
lower_east_side,7140439804,Trader Joe's,40.7305095,-73.9810994,retail,1230.7,8647.0,secondary,2.0,25.4,209.0,97.8,81.1,0.8,0.2,
lower_east_side,4998805613,Ishta Yoga,40.7327606,-73.9909466,leisure_entertainment,1230.9,2508.0,primary,2.0,156.2,250.5,99.3,58.0,0.0,1.0,
lower_east_side,2722711709,Emmett's,40.7273671,-74.0025442,food_drink,1232.0,1580.0,unclassified,,20.3,258.7,42.9,71.9,0.6621621621621622,0.3378378378378378,
lower_east_side,8878684326,Crunch Fitness,40.7327957,-73.989772,leisure_entertainment,1232.1,13830.0,residential,1.0,114.2,226.6,122.8,119.6,0.8560358110919909,0.1439641889080091,
lower_east_side,2722711716,Raku Soho,40.7273101,-74.0025925,food_drink,1232.3,1580.0,unclassified,,13.1,261.0,50.4,77.7,0.6621621621621622,0.3378378378378378,
lower_east_side,2547205417,Classic Stage Company,40.7327227,-73.9882473,leisure_entertainment,1232.5,1020.0,residential,1.0,66.5,105.9,215.1,237.1,0.7777777777777778,0.0,
lower_east_side,2705025716,Comodo,40.727606,-74.0023607,food_drink,1232.6,4967.0,unclassified,,43.6,250.0,12.2,51.7,0.8333572556337018,0.1666427443662982,
lower_east_side,13182294812,Cinnabon / Carvel,40.7306148,-73.9812468,food_drink,1232.6,8647.0,secondary,2.0,39.6,193.1,86.3,70.6,0.8,0.2,
lower_east_side,2562433744,Harry's Corner Shop,40.7278292,-74.00217,personal_care,1232.6,2975.0,unclassified,,24.3,246.5,17.4,46.7,0.9093283040765996,0.0906716959234005,
lower_east_side,2705029788,12 Chairs,40.7275501,-74.0024076,food_drink,1232.7,4967.0,unclassified,,43.2,251.5,19.6,55.4,0.8333572556337018,0.1666427443662982,
lower_east_side,2550012207,Bar Veloce,40.7281515,-74.0018859,food_drink,1233.1,3160.0,unclassified,,42.9,248.2,60.5,56.2,0.8001620307858494,0.1998379692141507,
lower_east_side,6258099099,Añejo Tribeca,40.7193126,-74.0042535,food_drink,1233.1,2263.0,tertiary,1.0,123.9,253.1,284.5,28.1,0.8366013071895425,0.1633986928104575,
lower_east_side,4998805612,Outro,40.7327767,-73.9910309,food_drink,1233.1,2508.0,primary,2.0,159.6,251.8,102.6,59.8,0.0,1.0,
lower_east_side,10839772010,Shuka,40.7270593,-74.0027981,food_drink,1233.6,2236.0,unclassified,,21.2,273.7,83.2,58.7,0.8399715504978663,0.1600284495021337,
lower_east_side,2705024402,Chez Jacqueline,40.7282859,-74.0017773,food_drink,1234.4,3160.0,unclassified,,58.1,250.4,78.0,51.0,0.8001620307858494,0.1998379692141507,
lower_east_side,6693478207,Everyman Espresso,40.7327461,-73.9883025,food_drink,1234.5,1020.0,residential,1.0,69.8,109.4,212.2,233.2,0.7777777777777778,0.0,
lower_east_side,10078555617,Metropolis Vintage Clothing,40.732772,-73.991386,retail,1235.2,5033.0,primary,2.0,171.1,266.1,113.3,68.0,0.0,1.0,
lower_east_side,3497495773,Bagel Bob's,40.7324238,-73.9938939,food_drink,1235.7,2152.0,residential,,66.1,115.2,67.8,243.1,0.7823048806708235,0.2176951193291765,
lower_east_side,939491910,Kiehl's,40.7326568,-73.9873827,retail,1235.9,5700.0,residential,1.0,31.8,52.5,235.5,287.6,0.7036232712309979,0.2963767287690022,
lower_east_side,2567527037,Ave C Pharmacy,40.7264561,-73.9767006,health,1236.1,133722.0,secondary,2.0,37.6,339.8,148.0,114.5,1.0,0.0,
lower_east_side,6231491547,Shun Wei,40.7118563,-73.9967572,food_drink,1236.6,1755.0,residential,1.0,35.5,405.6,39.8,46.9,0.8022598870056498,0.1977401129943503,
lower_east_side,8881163469,Newsstand,40.7319798,-73.9843026,food_drink,1237.1,2322.0,secondary,3.0,30.5,25.9,78.2,258.9,0.7910731244064577,0.2089268755935422,
lower_east_side,2892746901,Kushie Punch,40.723848,-74.00438,retail,1237.4,4735.0,residential,,69.6,589.1,102.1,84.9,0.8036160045645817,0.1963839954354183,
lower_east_side,5415649203,JN Natural Fruits,40.7267318,-74.0030776,food_drink,1237.5,5300.0,residential,1.0,52.0,294.7,126.6,19.8,0.8768862716231137,0.1231137283768862,
lower_east_side,11897354380,Now or Never,40.7228856,-74.0045762,food_drink,1237.8,6180.0,primary,1.0,43.8,541.2,197.3,55.3,0.8333333333333334,0.1666666666666666,
lower_east_side,2547218203,Domino's,40.7304271,-73.9808198,food_drink,1238.0,4564.0,secondary,2.0,9.4,222.3,121.7,86.3,0.0,1.0,
lower_east_side,11236586108,Smoke Shop,40.7266508,-74.0031467,retail,1238.7,5300.0,residential,1.0,51.3,300.6,137.3,14.8,0.8768862716231137,0.1231137283768862,
lower_east_side,11897355413,Soho's Finest Market,40.7226869,-74.0046124,food_drink,1238.8,1896.0,residential,1.0,50.9,523.7,218.5,55.8,0.7104397247980856,0.2895602752019144,
lower_east_side,2893707101,Dunkin',40.721601,-74.004668,food_drink,1238.8,1138.0,primary,4.0,42.8,428.4,311.8,47.6,0.75,0.25,
lower_east_side,12313140240,Popeyes,40.7303978,-73.9807498,food_drink,1239.1,4564.0,secondary,2.0,13.1,216.2,127.8,84.3,0.0,1.0,
lower_east_side,6733996102,Bank of America,40.7290064,-74.001093,finance,1239.3,3250.0,residential,1.0,130.5,267.2,73.9,95.9,0.803082191780822,0.1969178082191781,
lower_east_side,6231307186,Monroe Market,40.711586,-73.9961061,retail,1239.5,2542.0,residential,1.0,97.7,439.2,47.4,83.1,0.8066435299950422,0.1933564700049578,
lower_east_side,11738012197,Sui Yoga Studio.Cafe,40.7258776,-74.0036174,food_drink,1239.8,12365.0,primary,3.0,27.2,371.3,152.5,95.1,0.7752203198264933,0.2247796801735066,
lower_east_side,6356436787,Three Times,40.7328388,-73.9910154,food_drink,1239.9,2508.0,primary,2.0,153.7,245.0,109.0,66.6,0.0,1.0,
lower_east_side,5415638333,Tribeca Soho Animal Hospital,40.7260305,-74.0035452,health,1240.6,12365.0,primary,3.0,35.7,356.0,144.3,77.1,0.7752203198264933,0.2247796801735066,
lower_east_side,2547218206,Pro Land,40.7303654,-73.9806635,retail,1240.9,4564.0,secondary,2.0,17.0,209.1,135.5,82.1,0.0,1.0,
lower_east_side,12729313310,Faith Pharmacy,40.7244276,-73.9756717,health,1242.0,3481.0,residential,,57.6,487.1,184.0,113.7,0.9314505072662462,0.0685494927337537,
lower_east_side,2892746201,Bisou Wine Bar,40.723743,-74.004462,food_drink,1242.0,3678.0,primary,4.0,61.3,600.7,109.0,87.3,0.8172352680549402,0.1827647319450598,
lower_east_side,3676993335,Stuyvesant Gourmet Deli,40.7303471,-73.9806111,retail,1242.1,4564.0,secondary,2.0,19.4,205.0,140.1,81.1,0.0,1.0,
lower_east_side,11078691561,Young's Cleaners,40.7325403,-73.9936178,personal_care,1242.3,15637.0,residential,1.0,90.8,132.6,55.6,224.1,0.93414470187287,0.06585529812713,
lower_east_side,6231491546,LianJiangDongDai INC,40.711788,-73.9967369,food_drink,1242.6,2863.0,residential,1.0,40.1,413.2,32.0,53.8,0.7763578274760383,0.2236421725239616,
lower_east_side,2279528512,KFC,40.7323003,-73.9852347,food_drink,1242.7,11455.0,secondary,3.0,17.1,72.3,88.3,298.4,0.8231261281231198,0.1768738718768802,
lower_east_side,4557494991,30 Love,40.732773,-73.9877871,food_drink,1243.2,1500.0,residential,1.0,31.1,68.3,249.9,276.1,0.0,1.0,
lower_east_side,11897345667,Kintsugi,40.7229261,-74.0046413,food_drink,1243.8,6180.0,primary,1.0,37.6,547.8,191.9,50.1,0.8333333333333334,0.1666666666666666,
lower_east_side,2547114888,Tio Pio,40.732327,-73.9852985,food_drink,1243.8,11455.0,secondary,3.0,19.6,78.3,91.7,298.3,0.8231261281231198,0.1768738718768802,
lower_east_side,9174977864,$1.50 Fresh Pizza,40.7216296,-74.0047353,food_drink,1244.4,1590.0,primary,4.0,39.2,434.5,305.3,46.0,0.7365648050579557,0.2634351949420442,
lower_east_side,2547114871,Y D Nail Spa,40.7323505,-73.9853545,personal_care,1244.8,11455.0,secondary,3.0,16.6,83.6,95.0,298.2,0.8231261281231198,0.1768738718768802,
lower_east_side,10847081712,Figaro,40.729034,-74.0011513,food_drink,1245.0,3250.0,residential,1.0,126.8,263.6,73.0,90.4,0.803082191780822,0.1969178082191781,
lower_east_side,2567527025,ABC Cleaners,40.7265487,-73.9766339,personal_care,1245.6,133722.0,secondary,2.0,43.7,335.6,146.6,110.7,1.0,0.0,
lower_east_side,3676838695,99¢ Pizza,40.7323739,-73.9854106,food_drink,1245.8,11455.0,secondary,3.0,15.1,88.9,98.4,298.3,0.8231261281231198,0.1768738718768802,
lower_east_side,4751507921,lupe's East L.A. Kitchen,40.723681,-74.0045295,food_drink,1246.3,3678.0,primary,4.0,52.7,607.6,113.1,91.2,0.8172352680549402,0.1827647319450598,
lower_east_side,3676838693,Zee Smoke & Convenience,40.7323974,-73.9854667,retail,1246.8,11455.0,secondary,3.0,15.4,94.3,102.0,298.4,0.8231261281231198,0.1768738718768802,
lower_east_side,10090538379,Smoke Shop,40.7216635,-74.0047642,retail,1246.9,1590.0,primary,4.0,39.3,439.0,301.2,43.1,0.7365648050579557,0.2634351949420442,
lower_east_side,9130216017,Panineria,40.7320814,-73.9956374,food_drink,1247.6,37566.0,secondary,1.0,26.7,153.3,127.9,129.3,0.8875458781700253,0.1124541218299746,
lower_east_side,2562380325,Target,40.730211,-73.9802943,retail,1247.8,2472.0,secondary,2.0,26.5,178.3,168.9,83.6,1.0,0.0,
lower_east_side,12729311760,Loma Deli Market,40.7244962,-73.9756188,food_drink,1248.2,3481.0,tertiary,2.0,48.8,495.5,175.4,105.5,0.9314505072662462,0.0685494927337537,
lower_east_side,11836538419,Bijan Royal,40.7327895,-73.992433,retail,1248.7,4019.0,residential,,153.2,206.9,115.7,136.2,0.0,1.0,
lower_east_side,11463577706,Colom de Corral,40.7328508,-73.9880335,retail,1248.8,1000.0,residential,1.0,44.5,84.3,237.6,258.0,0.75,0.25,
lower_east_side,6231491545,,40.7117182,-73.9967192,food_drink,1248.8,2908.0,residential,1.0,45.5,421.0,24.1,61.0,0.8216674097191262,0.1783325902808738,
lower_east_side,7366099858,Sethis Wholesale Paper,40.7270347,-73.9769031,retail,1249.8,1307.0,residential,,21.0,280.8,127.3,61.1,0.8092331171308661,0.1907668828691339,
lower_east_side,3938479924,Chloe,40.7292022,-74.001033,food_drink,1249.9,3784.0,residential,1.0,143.3,246.2,66.8,97.6,0.817797729073145,0.182202270926855,
lower_east_side,6255414825,Some Good Beer,40.7321,-73.9956547,food_drink,1250.1,37566.0,secondary,1.0,25.9,155.6,130.3,130.2,0.8875458781700253,0.1124541218299746,
lower_east_side,2547205395,Starlight Convenience,40.7328339,-73.9877433,retail,1250.4,1500.0,residential,1.0,23.7,62.0,243.2,281.3,0.0,1.0,
lower_east_side,11565456366,Döner Haus,40.7324818,-73.9856687,food_drink,1250.7,4784.0,secondary,3.0,27.3,84.8,116.1,299.8,0.8333161741995264,0.1666838258004735,
lower_east_side,4848258521,Deli Gourmet & Juice Bar,40.7329689,-73.9901812,retail,1251.4,9399.0,residential,1.0,102.1,210.1,127.7,105.8,0.9242508221557107,0.0757491778442892,
lower_east_side,11897317365,Yigal Azrouël,40.7229684,-74.0047307,retail,1251.8,6180.0,primary,1.0,31.3,555.7,186.1,43.4,0.8333333333333334,0.1666666666666666,
lower_east_side,11565458471,Tina's Cuban Cuisine,40.7325131,-73.9857436,food_drink,1252.3,4784.0,secondary,3.0,33.3,77.6,121.7,300.6,0.8333161741995264,0.1666838258004735,
lower_east_side,12729313417,Marty's Wine & Liquor,40.724554,-73.9755786,retail,1253.1,3481.0,tertiary,2.0,41.6,502.3,168.3,98.8,0.9314505072662462,0.0685494927337537,
lower_east_side,12729059749,Roscioli NYC,40.7277245,-74.0025523,food_drink,1253.3,785.0,unclassified,,34.8,229.2,24.0,32.9,0.7078804347826086,0.2921195652173913,
lower_east_side,6342778286,Jimmy at The James,40.7224501,-74.0048185,food_drink,1254.1,9676.0,residential,1.0,27.6,511.1,242.8,24.7,,,
lower_east_side,11865375282,Maestro Pasta,40.7293912,-74.0008833,food_drink,1254.7,2500.0,residential,,164.4,227.6,59.5,98.9,0.8421052631578947,0.1578947368421052,
lower_east_side,4203545989,Creperie,40.7295942,-74.0006325,food_drink,1254.9,2500.0,residential,,151.2,211.3,57.7,108.3,0.8431372549019608,0.1568627450980392,
lower_east_side,5561024647,Butter Smashburgers,40.7294539,-74.0008102,food_drink,1255.0,2500.0,residential,,160.3,222.2,57.5,100.5,0.8416050686378036,0.1583949313621964,
lower_east_side,1754412984,Think Coffee,40.733002,-73.9897704,food_drink,1255.1,1912.0,primary,2.0,91.2,203.7,143.0,133.1,0.0,1.0,
lower_east_side,10982394762,Borris & Horton,40.7270841,-73.976867,food_drink,1255.1,1273.0,residential,,27.1,279.2,127.8,62.1,0.8743126472898665,0.1256873527101335,
lower_east_side,11865332476,Berlin Döner,40.7294161,-74.0008633,food_drink,1255.4,2500.0,residential,,163.0,225.3,59.2,98.8,0.8421052631578947,0.1578947368421052,
lower_east_side,10793950969,Empanada Mama,40.7315527,-73.982652,food_drink,1255.6,3417.0,secondary,3.0,51.9,82.5,105.4,118.0,0.0,1.0,
lower_east_side,10689197471,Matto Espresso,40.7328775,-73.9877118,food_drink,1255.6,7500.0,primary,4.0,18.7,57.6,238.4,285.0,0.9819604140675052,0.0180395859324948,
lower_east_side,3676972136,Community Grocery & Candy,40.731607,-73.9827807,retail,1255.6,3417.0,secondary,3.0,62.2,83.4,99.2,128.4,0.0,1.0,
lower_east_side,2562432504,Rockmeisha,40.7316362,-73.9828499,food_drink,1255.7,3417.0,secondary,3.0,65.7,84.6,96.3,134.1,0.0,1.0,
lower_east_side,6680695932,O'Hanlons Bar,40.7316647,-73.9829175,food_drink,1255.7,2323.0,secondary,3.0,69.6,86.3,93.9,139.7,0.8375084631008801,0.1624915368991198,
lower_east_side,3676972134,Kati,40.7316957,-73.9829911,food_drink,1255.9,2323.0,secondary,3.0,74.2,88.7,91.8,146.0,0.8135777536119311,0.1864222463880689,
lower_east_side,2562378257,NYC Primary Medical Care,40.7328285,-73.987288,health,1256.1,10512.0,primary,4.0,18.2,32.0,217.1,307.5,0.9107332709817182,0.0892667290182818,
lower_east_side,3676807136,Mini Gourmet Deli,40.7325978,-73.9859463,retail,1256.6,4784.0,secondary,3.0,51.1,58.1,137.6,303.7,0.8333504995365125,0.1666495004634874,
lower_east_side,9666379842,Kamisama,40.7326075,-73.9859694,food_drink,1257.1,4784.0,secondary,3.0,53.2,55.8,139.5,304.1,0.8333504995365125,0.1666495004634874,
lower_east_side,13414765843,Jack Shainman Gallery,40.7161164,-74.0029281,leisure_entertainment,1257.2,28566.0,residential,1.0,88.9,228.2,312.7,55.5,0.911000297322802,0.0889997026771979,
lower_east_side,10094951526,7th Street Burger,40.7295683,-74.0007048,food_drink,1257.3,2500.0,residential,,151.4,212.2,59.2,103.4,0.8976466795615732,0.1023533204384268,
lower_east_side,2722712554,Villa Mosconi,40.7285324,-74.0018748,food_drink,1257.4,2000.0,unclassified,,59.4,233.4,83.8,31.4,0.8001184483269174,0.1998815516730826,
lower_east_side,2477507999,Modernhaus SoHo,40.7226301,-74.0048444,hospitality,1257.7,9676.0,residential,1.0,30.9,528.9,222.7,39.5,,,
lower_east_side,3449174226,Adonis Barbershop,40.731964,-73.9836367,personal_care,1258.3,2581.0,secondary,3.0,81.8,80.1,96.3,203.1,0.8035179640718563,0.1964820359281437,
lower_east_side,2547193343,Alabaster Bookshop,40.7330343,-73.9901652,retail,1258.6,9399.0,primary,2.0,94.9,202.7,135.1,112.3,0.9242508221557107,0.0757491778442892,
lower_east_side,3676793736,Aum Shanti,40.7326379,-73.9860423,retail,1258.7,4784.0,secondary,3.0,59.9,48.8,145.5,305.6,0.8333504995365125,0.1666495004634874,
lower_east_side,10090538378,Los Tacos Hermanos,40.7213158,-74.0048984,food_drink,1258.9,3050.0,secondary,1.0,25.0,418.3,313.8,15.6,0.0,1.0,
lower_east_side,13567940798,YOKO-CHO,40.73297,-73.9882845,food_drink,1259.4,2175.0,residential,1.0,63.5,102.5,226.2,241.8,0.773647782619841,0.2263522173801589,
lower_east_side,10793950972,New York Brows,40.7315838,-73.9826291,personal_care,1259.6,3417.0,secondary,3.0,52.5,78.5,102.1,115.8,0.0,1.0,
lower_east_side,5176756822,Lily’s,40.7121461,-73.9979687,food_drink,1259.7,3261.0,residential,1.0,27.7,383.5,61.0,17.9,0.803611164091805,0.196388835908195,
lower_east_side,3676822434,Thrift NYC,40.7326578,-73.9860897,retail,1259.8,4784.0,secondary,3.0,64.3,44.3,149.4,306.6,0.8333161953727506,0.1666838046272493,
lower_east_side,3676784853,ViVi Bubble Tea,40.7326688,-73.986116,food_drink,1260.4,4784.0,secondary,3.0,63.3,41.7,151.6,307.2,0.8333161953727506,0.1666838046272493,
lower_east_side,5164012821,Tataki,40.7206703,-74.0048609,food_drink,1260.4,1500.0,residential,,53.6,368.8,364.6,43.9,0.6140060656189689,0.3859939343810311,
lower_east_side,2562442622,386 Soho Deli Grocery,40.7212698,-74.004917,retail,1260.7,3050.0,secondary,1.0,27.1,415.9,315.8,14.8,0.0,1.0,
lower_east_side,2563930243,Brite Buy Wines & Spirits,40.7177634,-74.0039915,retail,1260.8,7532.0,residential,1.0,43.8,242.5,202.2,89.0,0.889937106918239,0.110062893081761,
lower_east_side,5216127223,Dante,40.7287909,-74.0016623,food_drink,1260.9,3975.0,unclassified,,77.8,244.3,60.0,54.3,0.8856928195771171,0.1143071804228829,
lower_east_side,6955273889,Van Leeuwen Ice Cream,40.7298338,-74.0004187,food_drink,1261.0,2500.0,residential,,137.5,193.5,75.6,114.8,0.8641503891907769,0.1358496108092231,
lower_east_side,2562442566,Black Burger,40.7213513,-74.0049246,food_drink,1261.0,3050.0,primary,4.0,21.0,422.7,309.7,14.1,0.0,1.0,
lower_east_side,13447161800,Ioannis Coffee Chef,40.732115,-73.9839991,food_drink,1261.0,2349.0,secondary,3.0,47.8,55.5,68.6,236.3,0.8139765405584007,0.1860234594415992,
lower_east_side,8789178531,Croft Alley,40.7270606,-74.0031671,food_drink,1261.0,5812.0,residential,1.0,14.8,258.4,103.1,35.3,0.8795325864353692,0.1204674135646307,
lower_east_side,11910216062,Hamburger America,40.7279642,-74.0024583,food_drink,1261.1,1937.0,primary,3.0,9.6,218.0,34.1,18.7,0.7488619119878603,0.2511380880121396,
lower_east_side,7298120657,MIGHTY Bowl,40.7298889,-74.0003515,food_drink,1261.5,2500.0,residential,,136.1,190.7,80.7,117.0,0.8119122257053292,0.1880877742946708,
lower_east_side,4561126589,David Burke Kitchen,40.7227812,-74.0048748,food_drink,1261.7,1659.0,primary,1.0,41.4,544.4,205.7,32.0,0.0,1.0,
lower_east_side,11565458470,Jo's Taco,40.7326934,-73.9861749,food_drink,1261.8,4784.0,secondary,3.0,57.7,36.1,156.6,308.6,0.8333161953727506,0.1666838046272493,
lower_east_side,2562380328,Solidcore,40.7299415,-73.9796534,leisure_entertainment,1261.8,30781.0,secondary,2.0,70.3,130.5,228.4,59.3,0.7630203811881465,0.2369796188118534,
lower_east_side,7362999640,Artichoke Basille's Pizza,40.7320931,-73.9839076,food_drink,1261.9,2375.0,secondary,3.0,55.9,61.5,74.1,228.3,0.8427260812581914,0.1572739187418086,
lower_east_side,12617472882,Spa Blue,40.733067,-73.9897655,personal_care,1262.3,1540.0,primary,2.0,84.0,196.4,149.7,138.1,0.2950819672131147,0.7049180327868853,
lower_east_side,2565708227,Pepolino,40.7207599,-74.0048947,food_drink,1262.3,1500.0,secondary,1.0,43.5,377.1,355.5,33.7,0.2150537634408602,0.7849462365591398,
lower_east_side,11989224378,NY Dosas,40.7308778,-73.9988189,food_drink,1262.5,2500.0,residential,1.0,202.7,227.7,40.4,11.5,0.0,1.0,
lower_east_side,3863997257,Saigon Shack,40.729691,-74.000637,food_drink,1262.7,2500.0,residential,,141.4,201.0,67.0,105.2,0.841587460396865,0.1584125396031349,
lower_east_side,3676972128,Ely Custom Tailors & Dry Cleaning,40.7321542,-73.9840576,personal_care,1263.1,2400.0,secondary,3.0,42.2,53.6,62.7,242.1,0.935340022296544,0.0646599777034559,
lower_east_side,2825284453,Janes Market,40.7125217,-73.9987695,retail,1263.1,3153.0,residential,1.0,83.5,346.4,108.4,20.9,0.8523954583217945,0.1476045416782054,
lower_east_side,7317595435,Dame,40.7290052,-74.0014767,food_drink,1263.9,2450.0,unclassified,,100.2,257.2,50.7,65.3,0.9333520809898764,0.0666479190101237,
lower_east_side,3863914558,Up and Up,40.72975,-74.000583,food_drink,1264.1,2500.0,residential,,137.7,196.5,70.8,108.4,0.8090452261306532,0.1909547738693467,
lower_east_side,5161825323,Generation,40.7120721,-73.9979191,health,1264.5,3261.0,residential,1.0,19.5,391.9,64.9,18.9,0.803611164091805,0.196388835908195,
lower_east_side,11565456368,The Belfry,40.7327433,-73.9862943,food_drink,1264.7,1652.0,secondary,3.0,46.3,24.6,166.8,311.8,0.4464675892206846,0.5535324107793154,
lower_east_side,3676972125,Mohan's Tattoo Inn,40.7322643,-73.9843464,personal_care,1265.0,1140.0,secondary,3.0,18.8,47.1,46.6,268.6,0.8252826310380267,0.1747173689619733,
lower_east_side,3676972126,Steve's Express Shoe Repair,40.7322442,-73.9842786,personal_care,1265.1,1140.0,secondary,3.0,23.7,47.8,48.9,262.5,0.8252826310380267,0.1747173689619733,
lower_east_side,3676953898,The Halal Guys,40.7322882,-73.9844226,food_drink,1265.1,1145.0,secondary,3.0,14.5,47.3,44.8,275.5,0.0,0.093984962406015,
lower_east_side,5227511227,Petrarca Cucina e Vino,40.7189298,-74.0045309,food_drink,1265.7,1375.0,residential,1.0,147.5,267.7,236.6,30.2,0.4444039372949325,0.5555960627050675,
lower_east_side,9227637566,Partea NYC,40.732763,-73.9863355,food_drink,1266.0,1652.0,secondary,3.0,42.2,20.5,168.7,313.2,0.4464675892206846,0.5535324107793154,
lower_east_side,6630276325,Poke Bowl,40.7213875,-74.0049853,food_drink,1266.0,3050.0,primary,4.0,14.5,429.1,303.1,11.8,0.0,1.0,
lower_east_side,10689197469,,40.7329656,-73.9876484,finance,1266.1,2588.0,primary,4.0,9.9,49.6,228.9,287.2,0.413755754129434,0.5862442458705659,
lower_east_side,9140832080,Really Nice Sheet,40.7320709,-73.9962271,retail,1266.4,12000.0,secondary,1.0,24.4,197.5,89.3,101.8,0.9539600624468972,0.0460399375531028,
lower_east_side,13506841657,Little Uluh,40.7327805,-73.9863779,food_drink,1267.0,4956.0,secondary,3.0,38.2,16.4,169.0,314.4,0.7215777262180975,0.2784222737819025,
lower_east_side,2550012289,Mermaid Oyster Bar,40.7291484,-74.00137,food_drink,1267.3,2450.0,residential,1.0,115.4,249.9,51.4,69.8,0.9333520809898764,0.0666479190101237,
lower_east_side,11067979505,Old Rabbit Club,40.7299518,-74.0003667,food_drink,1267.4,2500.0,residential,,130.0,184.0,87.8,113.0,0.7135183527305282,0.2864816472694718,
lower_east_side,2562442602,Tribeca Finest Marketplace,40.7218468,-74.0050121,retail,1267.8,2927.0,primary,4.0,45.3,468.0,272.9,13.9,0.0,1.0,
lower_east_side,3822461833,MacDougal Street Ale House,40.7299133,-74.0004358,food_drink,1268.4,2500.0,residential,,129.6,185.0,84.5,109.4,0.8119122257053292,0.1880877742946708,
lower_east_side,368051679,Variety Arts Theatre,40.7330556,-73.9883333,leisure_entertainment,1268.4,2175.0,residential,1.0,68.2,106.0,223.0,240.9,0.773647782619841,0.2263522173801589,
lower_east_side,4950995921,The Roost,40.7290639,-73.9784477,food_drink,1268.9,1995.0,tertiary,2.0,44.2,76.2,170.6,56.3,0.751984126984127,0.248015873015873,
lower_east_side,7363764835,Beauty Cutie Nail & Spa,40.7298182,-73.9793602,personal_care,1269.2,5163.0,secondary,2.0,89.4,113.2,256.0,56.5,0.9047936402151664,0.0952063597848336,
lower_east_side,12101637699,Figo Il Gelato Italiano,40.7293128,-74.0012165,food_drink,1269.6,5550.0,residential,,135.9,232.3,62.2,82.6,0.836565300426032,0.1634346995739679,
lower_east_side,4216669490,Old Rabbit Club,40.7299594,-74.0003929,food_drink,1269.6,2500.0,residential,,127.9,182.1,88.9,110.6,0.7135183527305282,0.2864816472694718,
lower_east_side,2565708226,Nancy's Whiskey Pub,40.72064,-74.00497,food_drink,1269.8,1500.0,residential,,53.4,374.2,360.9,44.6,0.2150537634408602,0.7849462365591398,
lower_east_side,2547193346,Triple A Dry Cleaners,40.7331383,-73.9901408,personal_care,1270.2,9399.0,primary,2.0,83.4,190.9,146.8,122.8,0.9242508221557107,0.0757491778442892,
lower_east_side,3822461834,Meskerem,40.7299814,-74.0003769,food_drink,1270.4,2500.0,residential,,127.0,180.7,91.2,110.9,0.7135183527305282,0.2864816472694718,
lower_east_side,10817748702,Munchiez,40.7300261,-74.0003147,food_drink,1270.4,2500.0,residential,,127.0,179.1,95.6,114.2,0.8497942386831275,0.1502057613168724,
lower_east_side,6356932387,Catmint Wheel Cake,40.7299964,-74.0003585,food_drink,1270.5,2500.0,residential,,126.8,180.0,92.7,111.8,0.8497942386831275,0.1502057613168724,
lower_east_side,13157298261,,40.7297944,-73.9793036,retail,1270.7,5163.0,secondary,2.0,84.2,110.4,261.4,57.5,0.9047936402151664,0.0952063597848336,
lower_east_side,5553506737,ReVision Lounge and Gallery,40.7289041,-73.978241,food_drink,1271.1,1936.0,tertiary,2.0,58.4,88.6,152.1,39.2,0.8755444928438083,0.1244555071561916,
lower_east_side,3676757691,CityMD,40.73285,-73.9865496,health,1271.1,2478.0,secondary,3.0,22.5,0.0,171.2,319.8,0.8101061141990904,0.1898938858009095,
lower_east_side,4077197392,Candy shop,40.7120638,-73.9980534,food_drink,1271.3,3261.0,secondary,2.0,20.7,392.6,72.6,28.3,0.803611164091805,0.196388835908195,
lower_east_side,5415649200,King Garment Care,40.7274702,-74.003005,personal_care,1271.3,6997.0,unclassified,,35.3,226.0,66.6,51.2,0.879154078549849,0.120845921450151,
lower_east_side,7363764834,Mad 4 Cuts,40.7297838,-73.9792782,personal_care,1271.4,5163.0,secondary,2.0,81.9,109.2,263.8,58.1,0.9047936402151664,0.0952063597848336,
lower_east_side,5099589357,Mint Masala,40.7294683,-74.001062,food_drink,1271.6,1919.0,residential,,153.6,216.5,76.8,81.6,0.8333973128598848,0.1666026871401151,
lower_east_side,250264474,C-Town,40.7267381,-73.9764047,retail,1272.2,139167.0,secondary,2.0,48.8,334.0,140.2,113.4,0.9889770723104055,0.0110229276895943,
lower_east_side,3676974268,Whole Foods Market,40.7310819,-73.9812884,retail,1272.7,2581.0,secondary,2.0,65.8,145.3,104.0,24.1,0.8,0.2,
lower_east_side,6791095179,Olympia Pita,40.7300818,-74.0002912,food_drink,1273.6,2500.0,residential,,124.2,174.9,101.7,114.3,0.850438153016515,0.149561846983485,
lower_east_side,12542895726,Taste Wine Co.,40.7329766,-73.9871855,retail,1273.9,10512.0,primary,4.0,22.5,13.7,200.2,315.7,0.9107332709817182,0.0892667290182818,
lower_east_side,6384745285,Percy's Pizza,40.7291744,-74.0014494,food_drink,1274.3,2450.0,residential,1.0,111.1,247.0,44.1,62.8,0.9235798590472956,0.0764201409527044,
lower_east_side,2825284456,,40.7120574,-73.9981126,retail,1274.6,3261.0,secondary,2.0,22.8,393.3,76.5,33.0,0.803611164091805,0.196388835908195,
lower_east_side,4738808807,Pommes Frites,40.7300993,-74.0002841,food_drink,1274.6,2500.0,residential,,123.4,173.6,103.7,114.4,0.850438153016515,0.149561846983485,
lower_east_side,11848618993,Sky Beauty & Sky,40.7291144,-73.9784083,personal_care,1275.1,4172.0,tertiary,2.0,37.8,81.5,175.9,61.6,0.9011466982997232,0.0988533017002767,
lower_east_side,2279536009,The Laurels,40.7325595,-73.9850445,food_drink,1275.2,3963.0,secondary,3.0,21.3,85.1,62.9,331.4,0.8595032033269642,0.1404967966730358,
lower_east_side,2562450556,Charley Bird,40.7277301,-74.0028571,food_drink,1275.4,1916.0,unclassified,,51.9,210.9,49.6,34.4,0.7790668970624537,0.2209331029375462,
lower_east_side,250052719,Roxy Hotel,40.7193706,-74.0047857,hospitality,1275.6,13491.0,residential,3.0,94.0,298.0,265.3,14.1,0.0,0.0034056536838567,
lower_east_side,3676764311,Kyuramen,40.7329227,-73.9867234,food_drink,1275.8,1755.0,secondary,3.0,9.1,16.7,174.8,326.2,0.6558823529411765,0.3441176470588235,
lower_east_side,2547193350,Union Square Supply,40.7331918,-73.9901287,retail,1276.1,9399.0,primary,2.0,77.6,184.9,152.9,128.2,0.9242508221557107,0.0757491778442892,
lower_east_side,2611479015,Lot Stop Department,40.7317159,-73.9825321,retail,1276.4,4740.0,primary,5.0,38.0,61.7,88.7,107.4,0.0,1.0,
lower_east_side,12617472883,Schmackary's,40.7331993,-73.9897484,food_drink,1277.0,6720.0,primary,2.0,69.3,181.7,163.7,149.3,0.8639909917155956,0.1360090082844044,
lower_east_side,2562445051,CBD Kratom,40.7258262,-74.0041203,retail,1277.1,3755.0,primary,3.0,19.1,370.6,134.5,100.5,1.0,0.0,
lower_east_side,247862492,Bagel Belly,40.7330728,-73.9877024,food_drink,1277.2,2588.0,primary,4.0,18.1,52.9,216.7,275.7,0.413755754129434,0.5862442458705659,
lower_east_side,3676736753,Dunkin',40.732945,-73.9867769,food_drink,1277.3,1755.0,secondary,3.0,8.1,21.9,176.3,328.3,0.6558823529411765,0.3441176470588235,
lower_east_side,2244644070,maman,40.7328961,-73.9934793,food_drink,1277.9,29235.0,residential,,115.7,139.3,28.5,222.2,0.8930625686059276,0.1069374313940724,
lower_east_side,11836538417,Wagwear,40.7329993,-73.9928643,retail,1278.1,2368.0,residential,,167.2,175.3,76.4,179.2,0.907556270096463,0.0924437299035369,
lower_east_side,11767652269,Saperavi,40.732635,-73.9852239,food_drink,1278.3,3963.0,secondary,3.0,7.2,99.9,76.6,331.3,0.8595032033269642,0.1404967966730358,
lower_east_side,5415649562,Starbucks,40.719848,-74.0049417,food_drink,1278.8,46040.0,tertiary,1.0,41.1,328.2,307.7,46.1,0.0,1.0,
lower_east_side,3676858326,The Winslow,40.7326652,-73.9852955,food_drink,1279.6,2709.0,secondary,3.0,7.7,106.1,82.5,331.5,0.7999781754692274,0.2000218245307725,
lower_east_side,10077762874,Roxy Cinema New York,40.7192924,-74.0048228,leisure_entertainment,1280.5,13491.0,residential,3.0,100.9,298.9,256.2,12.3,0.0,0.0034056536838567,
lower_east_side,6733996099,The Rice Noodle,40.7292129,-74.0015146,food_drink,1281.2,2450.0,residential,1.0,108.9,242.8,37.8,57.1,0.932998324958124,0.067001675041876,
lower_east_side,4015736092,Jerrell's BETR BRGR,40.723906,-74.0048995,food_drink,1281.6,232.0,primary,3.0,68.3,583.4,80.9,117.6,0.0,1.0,
lower_east_side,2491343755,Mona's,40.7291724,-73.9783661,food_drink,1282.0,4172.0,tertiary,2.0,30.5,87.6,182.2,67.8,0.9011466982997232,0.0988533017002767,
lower_east_side,10077663950,The Django,40.7192738,-74.0048357,food_drink,1282.0,13491.0,residential,3.0,102.5,299.5,253.9,12.5,0.0,0.0034056536838567,
lower_east_side,3676858328,Morning Ritual Nail,40.7327104,-73.9853634,personal_care,1282.6,2633.0,secondary,3.0,14.0,101.1,88.3,333.5,0.8216135343537806,0.1783864656462193,
lower_east_side,8060602381,Sound Dental,40.7158415,-74.0030763,health,1283.3,28302.0,secondary,2.0,71.1,256.8,315.7,40.7,0.8453003653139961,0.1546996346860039,
lower_east_side,4429201691,Minetta Tavern Restaurant,40.7299655,-74.0006297,food_drink,1283.9,3210.0,residential,,115.2,172.8,94.5,92.2,0.8503962477761604,0.1496037522238395,
lower_east_side,6733996098,Posh Pop,40.7292229,-74.0015462,food_drink,1284.0,2450.0,residential,1.0,107.4,241.7,34.9,54.4,0.932998324958124,0.067001675041876,
lower_east_side,7363764833,Kijitora,40.7295928,-73.9788241,food_drink,1284.2,2581.0,secondary,2.0,43.1,96.1,233.5,62.6,0.8343913883521943,0.1656086116478057,
lower_east_side,2550046876,Artichoke Pizza,40.7299487,-74.0006561,food_drink,1284.2,3210.0,residential,,115.6,173.7,93.6,91.1,0.8503962477761604,0.1496037522238395,
lower_east_side,5625538225,Manousheh,40.7293785,-74.0013718,food_drink,1284.2,5550.0,residential,1.0,129.7,224.3,50.1,69.7,0.836565300426032,0.1634346995739679,
lower_east_side,5171942128,Madison,40.7120612,-73.9983332,retail,1284.3,2958.0,secondary,2.0,37.6,393.4,90.1,50.1,0.845118034818863,0.1548819651811369,
lower_east_side,9251587009,CVS Pharmacy,40.7256759,-74.0042932,health,1284.9,47690.0,residential,,29.3,386.2,131.6,80.9,0.0,1.0,
lower_east_side,4775572070,Amorino,40.732889,-73.9938684,food_drink,1285.1,5525.0,residential,1.0,88.1,117.8,17.4,253.2,0.958134821873,0.0418651781269999,
lower_east_side,7363764832,ABC Organic Cleaners,40.729575,-73.9787818,personal_care,1285.5,2581.0,secondary,2.0,40.0,95.8,230.9,64.5,0.8343913883521943,0.1656086116478057,
lower_east_side,2592307124,Medrite Urgent Care,40.7330669,-73.987075,health,1285.5,4426.0,secondary,3.0,22.3,0.0,186.7,316.9,0.9295113569692398,0.0704886430307602,
lower_east_side,3497534428,Amorino,40.7328943,-73.9938859,food_drink,1286.0,5525.0,residential,1.0,87.4,116.5,17.6,254.8,0.958134821873,0.0418651781269999,
lower_east_side,2562445056,Barber Shop,40.72658,-74.0038168,personal_care,1286.2,16342.0,primary,3.0,31.3,291.4,90.1,44.8,0.8395010298780347,0.1604989701219653,
lower_east_side,3497534422,Supercuts,40.7329898,-73.9933964,personal_care,1286.4,29235.0,residential,,127.1,138.0,31.8,219.4,0.8930625686059276,0.1069374313940724,
lower_east_side,248159971,The Kati Roll Company,40.7296514,-74.0010795,food_drink,1286.5,2500.0,residential,,133.3,196.2,84.2,70.6,0.645002730748225,0.354997269251775,
lower_east_side,11848618995,Psychic Readings,40.7292127,-73.9783385,leisure_entertainment,1286.6,2842.0,tertiary,2.0,25.5,91.8,186.5,72.3,0.8049631332751923,0.1950368667248077,
lower_east_side,10599113564,Sal's Pizza II,40.7295566,-73.9787379,food_drink,1286.8,2581.0,secondary,2.0,37.0,95.7,228.2,66.7,0.8867817718652703,0.1132182281347296,
lower_east_side,9896425446,Dbong Nails & Spa,40.726631,-74.0037959,personal_care,1287.0,16342.0,primary,3.0,35.3,286.2,89.5,41.7,0.8395010298780347,0.1604989701219653,
lower_east_side,10290384729,11 Tigers,40.7290538,-73.9781533,food_drink,1287.3,1936.0,tertiary,2.0,42.3,99.3,169.0,57.2,0.0,1.0,
lower_east_side,7363764831,Hibachi Express,40.7295427,-73.9787049,food_drink,1287.8,2581.0,secondary,2.0,34.9,95.7,226.2,68.5,0.8867817718652703,0.1132182281347296,
lower_east_side,2279542456,IHOP,40.732808,-73.9855592,food_drink,1288.1,5377.0,secondary,3.0,32.6,83.6,105.6,336.8,0.7685809292711423,0.2314190707288577,
lower_east_side,999934639,Strand Bookstore,40.7332796,-73.9909401,retail,1288.4,8602.0,residential,1.0,118.3,198.5,156.3,115.6,0.9268491430556112,0.0731508569443887,
lower_east_side,3676873362,Coyote Ugly Saloon,40.7328438,-73.9857034,food_drink,1288.5,2685.0,secondary,3.0,44.3,71.3,118.2,336.2,0.8161185247451929,0.1838814752548072,
lower_east_side,2562445058,Chuva Shoe & Hand Bag Repair,40.726733,-74.0037543,personal_care,1288.7,16342.0,primary,3.0,44.6,275.9,89.3,37.7,0.8395010298780347,0.1604989701219653,
lower_east_side,8644312717,Jack’s Stir Brew Coffee,40.719358,-74.0049418,food_drink,1288.8,13491.0,secondary,3.0,90.9,310.4,258.0,24.6,0.0,0.0034056536838567,
lower_east_side,4203603696,Olive Tree Cafe,40.7301084,-74.0005257,food_drink,1289.3,1856.0,residential,,108.1,162.2,107.3,94.5,0.779467680608365,0.2205323193916349,
lower_east_side,2547193376,Leon's,40.733256,-73.9914891,food_drink,1289.6,8175.0,residential,1.0,142.1,226.9,165.6,120.6,0.0,1.0,
lower_east_side,2901108443,Otto's Shrunken Head Tiki Bar,40.7295158,-73.9786409,food_drink,1289.8,2581.0,secondary,2.0,31.3,96.1,222.4,72.2,0.8991610196837689,0.100838980316231,
lower_east_side,3676873363,Beauty Bar,40.732876,-73.9857799,food_drink,1290.2,2685.0,secondary,3.0,51.5,64.9,125.1,337.5,0.8549463301421526,0.1450536698578474,
lower_east_side,2562445060,The Wne Hut,40.726835,-74.0037126,retail,1290.5,16342.0,residential,1.0,46.0,265.8,90.8,37.1,0.8395010298780347,0.1604989701219653,
lower_east_side,6568369185,off the wagon,40.7299118,-74.0008153,food_drink,1290.7,1580.0,residential,,112.7,173.0,95.8,82.0,0.659405433111225,0.340594566888775,
lower_east_side,11848618994,PHD Barbers,40.7292492,-73.9783145,personal_care,1290.8,2842.0,tertiary,2.0,21.0,95.6,190.5,76.4,0.8049631332751923,0.1950368667248077,
lower_east_side,10290384727,Bee Wine & Liquors,40.7290843,-73.9781313,retail,1290.9,1936.0,tertiary,2.0,39.4,102.1,172.5,61.0,0.0,1.0,
lower_east_side,247862527,Gen Korean BBQ House,40.733182,-73.9875466,food_drink,1291.2,4112.0,primary,4.0,23.1,41.7,205.6,277.7,0.0,1.0,
lower_east_side,4947135921,Masala Times,40.7292524,-74.0016278,food_drink,1291.3,2450.0,residential,1.0,104.1,238.8,27.6,47.5,0.9330954504906334,0.0669045495093666,
lower_east_side,9283623320,Dig,40.7333299,-73.9897455,food_drink,1291.5,6720.0,primary,2.0,54.7,167.2,177.2,160.1,0.8639909917155956,0.1360090082844044,
lower_east_side,5227518946,Lyons Den Power Yoga Tribeca,40.7186159,-74.0047419,leisure_entertainment,1291.8,1869.0,residential,1.0,150.8,284.0,198.5,29.5,0.2000891762345334,0.7999108237654665,
lower_east_side,2999014763,Urban Juicery,40.7329061,-73.9858514,food_drink,1291.8,2943.0,secondary,3.0,58.4,59.2,131.7,338.8,0.8743192291579388,0.1256807708420611,
lower_east_side,6636462195,Starbucks,40.715754,-74.003128,food_drink,1292.0,28302.0,residential,2.0,68.2,266.4,317.0,36.8,0.8453003653139961,0.1546996346860039,
lower_east_side,7363764830,Suds Buds,40.7294837,-73.9785646,personal_care,1292.1,2581.0,secondary,2.0,28.1,97.0,218.1,77.1,0.7686345433406536,0.2313654566593463,
lower_east_side,3497534423,QQ Nails & spa,40.7330671,-73.9933253,personal_care,1293.5,29235.0,residential,,136.7,138.0,37.8,217.3,0.8930625686059276,0.1069374313940724,
lower_east_side,3676873365,Looks,40.7329418,-73.985936,personal_care,1293.7,2943.0,secondary,3.0,63.4,52.7,135.3,340.5,0.8743192291579388,0.1256807708420611,
lower_east_side,3506087029,Mamoun's Falafel,40.7302366,-74.0004281,food_drink,1294.0,2500.0,residential,,104.3,154.2,119.9,99.7,0.8550377833753149,0.1449622166246851,
lower_east_side,9579314646,MooMooCha,40.7329596,-73.9859835,food_drink,1294.6,2943.0,secondary,3.0,59.1,49.2,135.2,341.3,0.8743192291579388,0.1256807708420611,
lower_east_side,13166891301,Ribalta,40.7332959,-73.9916085,food_drink,1295.0,8175.0,residential,1.0,141.8,230.1,173.7,128.5,0.0,1.0,
lower_east_side,2562380331,Dunkin',40.7294442,-73.9784706,food_drink,1295.1,3705.0,secondary,2.0,19.6,99.0,212.9,83.5,0.8888024018681197,0.1111975981318803,
lower_east_side,248159931,So Good,40.7295149,-74.0013844,food_drink,1295.1,2016.0,residential,1.0,139.0,209.1,54.4,57.4,0.6666666666666666,0.3333333333333333,
lower_east_side,2279504496,CVS Pharmacy,40.731866,-73.982422,retail,1295.5,10531.0,primary,5.0,22.9,42.6,75.2,100.6,0.0,1.0,
lower_east_side,3580458505,Medilane Drugs,40.7291253,-73.9781027,health,1295.6,3289.0,tertiary,2.0,35.7,105.8,177.2,66.0,0.0,1.0,
lower_east_side,3676873366,Yaki Sushi,40.7329802,-73.9860274,food_drink,1295.8,2943.0,secondary,3.0,55.0,46.3,134.9,342.6,0.7905320485965647,0.2094679514034352,
lower_east_side,5265714716,Billy's Bakeshop,40.7177414,-74.0044297,food_drink,1296.3,1444.0,residential,1.0,79.1,277.4,166.1,123.3,0.5454545454545454,0.4545454545454545,
lower_east_side,3676873367,Zelda June,40.7329984,-73.9860708,personal_care,1296.8,2943.0,secondary,3.0,51.0,43.6,134.8,343.6,0.7905320485965647,0.2094679514034352,
lower_east_side,3506087030,Caffe Reggio,40.730322,-74.0003624,food_drink,1297.2,2500.0,residential,,103.2,149.6,128.8,104.6,0.8550377833753149,0.1449622166246851,
lower_east_side,3497534421,Gerlateria Gentile,40.7331087,-73.9932878,food_drink,1297.3,29235.0,residential,,142.0,138.2,41.7,216.5,0.8930625686059276,0.1069374313940724,
lower_east_side,248159880,Comedy Cellar,40.730194,-74.0005647,leisure_entertainment,1298.4,1856.0,residential,,98.9,152.3,117.3,89.1,0.779467680608365,0.2205323193916349,
lower_east_side,13078664901,Sake Bar Shigure,40.7185633,-74.004808,food_drink,1298.8,1875.0,residential,3.0,151.4,289.7,190.4,28.6,0.7499607843137255,0.2500392156862745,
lower_east_side,3676873369,Chen's Express Kitchen,40.7330368,-73.9861621,food_drink,1299.0,2943.0,secondary,3.0,42.7,38.7,135.2,346.0,0.8826979472140762,0.1173020527859237,
lower_east_side,3218149751,Ben's Pizzeria,40.7303941,-74.0003007,food_drink,1299.7,2500.0,residential,,103.6,146.6,125.9,102.8,0.8550377833753149,0.1449622166246851,
lower_east_side,247862508,Joe's Pizza,40.7332732,-73.9876565,food_drink,1299.8,4112.0,residential,2.0,23.1,54.1,194.7,264.1,0.0,1.0,
lower_east_side,4433464491,caffe wha,40.730082,-74.0007434,food_drink,1299.9,3210.0,residential,,99.1,157.2,110.1,78.1,0.8503962477761604,0.1496037522238395,
lower_east_side,8907715018,AT&T,40.7170239,-74.0040971,retail,1300.0,4755.0,residential,1.0,52.2,286.0,188.2,131.1,0.9047619047619048,0.0952380952380952,
lower_east_side,3497534420,SIMÒ PIZZA,40.7331382,-73.9932569,food_drink,1300.0,29235.0,residential,,146.0,138.8,45.0,215.7,0.8930625686059276,0.1069374313940724,
lower_east_side,4922311234,Nimble Fitness,40.7333336,-73.9917089,leisure_entertainment,1300.1,6920.0,residential,1.0,141.6,232.8,177.0,135.9,0.7814826875067838,0.2185173124932161,
lower_east_side,6201498959,Ricky's NYC,40.7333879,-73.9909191,personal_care,1300.3,8602.0,primary,2.0,111.0,187.2,168.1,127.8,0.9268491430556112,0.0731508569443887,
lower_east_side,3676887224,Happy Burrito,40.7330765,-73.9862563,food_drink,1301.4,2994.0,secondary,3.0,34.5,35.3,136.2,348.7,0.881906368620835,0.1180936313791649,
lower_east_side,7363764829,Brother's Candy & Grocery,40.7293584,-73.9782666,retail,1301.8,3705.0,tertiary,2.0,8.2,105.7,202.6,85.2,0.8888024018681197,0.1111975981318803,
lower_east_side,247861602,Hyatt Union Square New York,40.7334239,-73.9902241,hospitality,1302.0,10764.0,residential,1.0,60.6,161.1,176.5,146.5,0.0,0.3639001938533743,
lower_east_side,3497534429,Agata & Valentina,40.7330833,-73.9937129,retail,1302.8,6525.0,residential,,112.3,110.8,8.0,248.0,0.9496422910508504,0.0503577089491496,
lower_east_side,12832739401,Dream House,40.718496,-74.004836,leisure_entertainment,1303.1,1884.0,residential,3.0,148.1,292.5,183.3,33.1,0.749964843200675,0.250035156799325,
lower_east_side,3676888125,Union Square Inn,40.7331057,-73.9863256,hospitality,1303.2,2994.0,secondary,3.0,28.8,34.1,137.3,350.8,0.0,0.2108814846056516,
lower_east_side,9896425447,,40.7274691,-74.0034457,food_drink,1303.5,2477.0,primary,3.0,35.8,207.3,67.1,27.4,0.8499615942647435,0.1500384057352564,
lower_east_side,3676888127,Classic Barber Shop,40.7331305,-73.9863846,personal_care,1304.7,2994.0,secondary,3.0,24.3,34.1,138.4,352.7,0.7432586403342195,0.2567413596657805,
lower_east_side,4762558058,Pret A Manger,40.7334093,-73.991257,food_drink,1304.8,3118.0,residential,1.0,119.5,201.3,175.4,132.0,0.0,1.0,
lower_east_side,3676888126,M&N Cleaners,40.7331441,-73.9864153,personal_care,1305.6,2994.0,secondary,3.0,22.3,34.6,139.1,353.8,0.7432586403342195,0.2567413596657805,
lower_east_side,8511743557,Torch & Crown Brewing Company,40.7261365,-74.0043283,food_drink,1306.1,2225.0,residential,1.0,56.8,334.9,95.9,106.3,,,
lower_east_side,2563930242,Da Mikele,40.7185032,-74.0048891,food_drink,1307.2,1884.0,residential,3.0,152.1,296.9,180.9,30.2,0.749964843200675,0.250035156799325,
lower_east_side,8309469077,King,40.7275806,-74.0034217,food_drink,1307.8,2477.0,residential,,46.9,197.2,61.0,40.0,0.8499615942647435,0.1500384057352564,
lower_east_side,11911772604,Barry's,40.7212122,-74.0054737,leisure_entertainment,1307.8,21412.0,residential,1.0,19.8,446.7,285.4,34.7,0.7104698218427676,0.2895301781572324,
lower_east_side,247861571,Forbidden Planet,40.7334673,-73.9907605,retail,1308.4,8602.0,primary,2.0,95.2,172.9,176.2,137.8,0.9268491430556112,0.0731508569443887,
lower_east_side,5871114517,La Lanterna di Vittorio,40.7306519,-74.0000731,food_drink,1308.5,1282.0,residential,1.0,112.6,141.3,107.1,70.1,0.528837062716672,0.4711629372833281,
lower_east_side,2565702300,goPuff,40.7215689,-74.0054953,retail,1308.6,21412.0,primary,2.0,24.4,474.1,257.0,30.5,0.7104698218427676,0.2895301781572324,
lower_east_side,2565861094,M & J,40.729234,-73.9780195,food_drink,1308.7,3289.0,tertiary,2.0,28.5,116.9,189.9,79.8,0.0,1.0,
lower_east_side,9848992562,Peacefood,40.7332657,-73.9929743,food_drink,1309.0,18375.0,residential,,173.6,154.7,72.2,202.5,0.0,1.0,
lower_east_side,6422248286,Porto Rico Importing Co.,40.7295309,-74.0015887,food_drink,1309.2,2400.0,residential,1.0,128.6,207.7,41.2,45.5,0.7629796839729119,0.237020316027088,
lower_east_side,2572411292,SoHo 54 Hotel,40.7238201,-74.0052592,hospitality,1309.6,5432.0,trunk,4.0,64.8,595.3,92.1,104.7,,,
lower_east_side,3676888128,Red House,40.7332145,-73.9865838,food_drink,1310.0,1962.0,secondary,3.0,16.4,40.6,144.0,342.6,0.8083441981747066,0.1916558018252933,
lower_east_side,3497534427,Reservoir,40.7331707,-73.9936418,food_drink,1310.8,2120.0,residential,,123.4,109.4,19.4,246.4,0.7548482011501939,0.245151798849806,
lower_east_side,4953706821,Altro Paradiso,40.7254542,-74.0047415,food_drink,1312.5,12588.0,residential,,72.8,410.8,94.8,60.3,0.0,1.0,
lower_east_side,248163476,Groove,40.7306042,-74.0002266,food_drink,1313.0,1315.0,residential,,101.1,134.4,119.3,83.8,0.75,0.25,
lower_east_side,2897876739,Souths,40.7184521,-74.0049427,food_drink,1313.1,1884.0,residential,3.0,152.1,301.8,173.6,33.9,0.2564431337350942,0.7435568662649058,
lower_east_side,2279562464,Trader Joe's,40.7334209,-73.987875,retail,1313.4,4112.0,residential,2.0,22.8,78.1,178.0,239.4,0.0,1.0,
lower_east_side,368061607,Dahesh Museum of Art Gift Shop and Offices,40.7250957,-74.0049076,retail,1313.8,9375.0,residential,,57.6,451.4,52.8,41.3,0.0,1.0,
lower_east_side,2722720658,Da Silvano,40.7289641,-74.0022949,food_drink,1314.7,4000.0,secondary,3.0,42.4,188.9,45.7,31.2,0.8485534591194969,0.1514465408805031,
lower_east_side,4077197390,24 Hour Deli,40.7119807,-73.998824,food_drink,1314.8,900.0,residential,1.0,43.1,406.5,129.7,54.9,0.7107142857142857,0.2892857142857143,
lower_east_side,410310406,Murry Bergtraum Educational Campus Athletic Field,40.7101411,-73.9931587,leisure_entertainment,1314.8,35018.0,primary,3.0,118.3,561.8,331.8,70.1,,,
lower_east_side,3573482132,,40.729906,-74.001229,food_drink,1315.2,1650.0,residential,1.0,103.3,166.5,92.3,53.1,1.0,0.0,
lower_east_side,4947594522,Load Laundromat,40.729178,-73.9778586,personal_care,1315.3,2822.0,secondary,3.0,31.7,127.2,185.7,80.1,0.0,1.0,
lower_east_side,2279506338,Chase,40.7320222,-73.982307,finance,1315.4,10531.0,residential,1.0,18.5,22.7,64.2,97.0,0.0,1.0,
lower_east_side,3497534425,Blossom,40.7332225,-73.9936043,food_drink,1315.6,2122.0,residential,,129.7,108.8,25.9,246.0,0.8315029808597427,0.1684970191402573,
lower_east_side,5193578002,Shuko,40.7334964,-73.9915121,food_drink,1316.4,5538.0,residential,1.0,118.1,208.2,191.2,146.5,0.8996285815351963,0.1003419408088668,
lower_east_side,4998805620,I Smoke and Vape,40.7335165,-73.9912345,retail,1316.5,3118.0,primary,2.0,107.6,190.9,186.6,143.4,0.0,1.0,
lower_east_side,3543467340,Lounge Lizard,40.7333256,-73.9930451,office_professional,1316.7,18375.0,residential,,172.7,146.9,69.6,211.2,0.0,1.0,
lower_east_side,6733996096,Native Leather,40.7295812,-74.0016577,retail,1317.2,2400.0,residential,1.0,129.4,202.6,41.4,37.8,0.823177366702938,0.176822633297062,
lower_east_side,7363764828,Aura Cleaners,40.7291541,-73.9777987,personal_care,1317.5,2822.0,secondary,3.0,34.8,131.1,184.1,80.7,0.0,1.0,
lower_east_side,12994299701,Me Chicken Rice,40.7304925,-74.0004761,food_drink,1317.7,2500.0,residential,,85.5,128.8,140.0,93.5,0.7971415398801291,0.2028584601198709,
lower_east_side,3573482094,Bar Pitti,40.7291334,-74.0021646,food_drink,1317.7,4000.0,secondary,3.0,64.2,198.8,24.4,11.4,0.9339622641509434,0.0660377358490566,
lower_east_side,12397456372,DigitalOcean LLC,40.7234191,-74.0054559,office_professional,1318.8,30912.0,trunk,4.0,46.3,630.5,139.4,63.0,0.0,1.0,
lower_east_side,12200487947,Love Mi Yogurt,40.7335751,-73.9897,food_drink,1318.9,20040.0,residential,1.0,27.6,140.1,204.0,135.7,0.6239182002317949,0.3760817997682051,
lower_east_side,3497534426,nom!,40.7332774,-73.9935627,food_drink,1320.8,2190.0,residential,,136.5,108.8,33.0,245.7,0.7829778631355504,0.2170221368644496,
lower_east_side,9149294702,Civic Deli,40.7160679,-74.0037726,food_drink,1322.0,28302.0,residential,2.0,76.9,291.7,252.5,26.3,0.8453003653139961,0.1546996346860039,
lower_east_side,11210299208,ProPublica,40.7253658,-74.004903,office_professional,1322.3,12588.0,residential,,81.4,421.4,82.6,59.1,0.0,1.0,
lower_east_side,250052699,AMTD Idea Tribeca Hotel,40.7208,-74.0056223,hospitality,1323.1,11875.0,residential,1.0,48.8,429.5,312.3,45.4,0.0,0.0485578175022594,
lower_east_side,5616137907,Pokee,40.7305853,-74.000436,food_drink,1323.1,1315.0,residential,,84.7,123.2,136.8,86.0,0.75,0.25,
lower_east_side,12138358700,SoHo Playhouse,40.7264507,-74.0043756,leisure_entertainment,1323.3,2500.0,residential,1.0,65.8,299.8,63.1,94.0,0.519962486602358,0.480037513397642,
lower_east_side,10705287016,Unregular Pizza,40.7336168,-73.9896931,food_drink,1323.5,20040.0,residential,1.0,23.1,135.5,208.6,131.4,0.6239182002317949,0.3760817997682051,
lower_east_side,12662645402,Village Taverna,40.733396,-73.9930049,food_drink,1323.7,18375.0,residential,,180.1,147.9,76.5,213.1,0.0,1.0,
lower_east_side,5243575829,Top Cloud Smoke Shop,40.7324939,-73.99666,retail,1324.5,2850.0,secondary,1.0,24.3,215.7,56.1,121.0,0.8418722327640734,0.1581277672359266,
lower_east_side,4998806121,Cohen's Fashion Optical,40.73359,-73.9912177,health,1324.5,5538.0,primary,2.0,99.3,183.7,194.2,151.3,0.8996285815351963,0.1003419408088668,
lower_east_side,2279562480,Trader Joe's Pronto,40.7335574,-73.988259,retail,1324.6,41950.0,residential,2.0,54.9,113.7,167.2,204.8,0.0,0.0870031115773993,
lower_east_side,2286085264,Duane Reade,40.7333888,-73.9868305,health,1324.6,8050.0,secondary,3.0,19.0,41.3,150.0,315.0,0.0,0.0615362976246989,
lower_east_side,10689545494,Wolfnights - The Gourmet Wrap,40.7306629,-74.0003539,food_drink,1325.0,1807.0,residential,,89.2,122.1,130.7,82.8,0.8280712722725851,0.1719287277274148,
lower_east_side,4998806125,Hyde Park Antiques,40.7336169,-73.9908117,retail,1325.2,3420.0,primary,2.0,89.6,160.7,192.9,134.8,0.9383811495612738,0.0616188504387262,
lower_east_side,5265714964,The Print Room,40.7179792,-74.0049073,leisure_entertainment,1325.7,2350.0,residential,1.0,124.6,307.5,141.1,86.2,0.6667857142857143,0.3332142857142857,
lower_east_side,12517076899,HERE Arts Center,40.7250601,-74.0050764,leisure_entertainment,1326.3,9375.0,residential,,66.2,456.6,48.3,53.8,0.0,1.0,
lower_east_side,5858957558,Dos Toros Taqueria,40.7336586,-73.9896862,food_drink,1328.2,20040.0,primary,2.0,18.6,130.9,213.1,127.1,0.6239182002317949,0.3760817997682051,
lower_east_side,6540025385,Trader Joe's,40.7257088,-74.0048369,retail,1329.3,47690.0,residential,,74.8,383.0,121.1,89.5,0.0,1.0,
lower_east_side,9309134691,Artistic Pizza,40.730675,-74.0004193,food_drink,1329.6,1807.0,residential,,83.5,117.1,136.3,78.4,0.8280712722725851,0.1719287277274148,
lower_east_side,12709183136,Chi,40.7333558,-73.9936958,retail,1331.8,2190.0,residential,,135.9,94.8,37.2,259.7,0.7829778631355504,0.2170221368644496,
lower_east_side,12475058725,Min Sushi,40.7336518,-73.9886365,food_drink,1331.9,15450.0,residential,2.0,46.5,146.8,167.6,174.3,0.0,1.0,
lower_east_side,10923192180,Xi'an Famous Foods,40.7337003,-73.9896792,food_drink,1332.8,20040.0,primary,2.0,14.3,126.3,215.7,122.8,0.6239182002317949,0.3760817997682051,
lower_east_side,4998806122,Nu New York,40.7336674,-73.9911925,retail,1332.9,5570.0,primary,2.0,90.5,175.9,202.2,143.6,0.4999648506151142,0.5000351493848858,
lower_east_side,10828054932,Coffee Rx,40.7306933,-74.0004563,food_drink,1333.2,1807.0,residential,,80.0,113.4,139.7,74.9,0.8280712722725851,0.1719287277274148,
lower_east_side,12440279485,Pop Up Grocer,40.7296464,-74.0018437,retail,1333.8,4150.0,residential,1.0,127.1,197.5,41.4,26.6,0.8168665873088545,0.1831334126911455,
lower_east_side,5593000021,Anotheroom,40.7198236,-74.0056055,food_drink,1334.5,4645.0,secondary,2.0,41.5,379.2,288.8,32.9,0.2393162393162393,0.7606837606837606,
lower_east_side,11164243908,Time Out Market,40.73367,-73.9885635,food_drink,1334.5,15450.0,residential,2.0,49.0,142.2,163.3,177.3,0.0,1.0,
lower_east_side,10717839775,Marlton Esprsso Bar,40.7325497,-73.9967931,food_drink,1334.9,5306.0,secondary,1.0,35.1,220.6,50.0,120.1,0.0,0.1192660550458715,
lower_east_side,2547209018,Village Bleachers Laundromat,40.7333843,-73.9937658,personal_care,1336.3,2190.0,residential,,135.0,88.1,39.8,266.4,0.7829778631355504,0.2170221368644496,
lower_east_side,4998806127,USQ Wines,40.7337381,-73.9900749,retail,1336.8,10764.0,residential,1.0,30.3,124.3,213.3,113.3,0.0,0.3639001938533743,
lower_east_side,9709984690,Farook's Halal Cart,40.7336744,-73.9883102,food_drink,1337.0,15450.0,residential,2.0,62.4,124.1,155.7,193.2,0.0,1.0,
lower_east_side,10923065646,Smoke & Vape,40.7337421,-73.9896723,retail,1337.5,20040.0,primary,2.0,10.2,121.7,212.2,118.5,0.6239182002317949,0.3760817997682051,
lower_east_side,5415350326,Nao Medical,40.7322018,-73.9821777,health,1338.1,1460.0,residential,1.0,33.3,0.0,57.6,93.8,0.3333333333333333,0.6666666666666666,
lower_east_side,5593004899,Tribeca Tavern,40.7197629,-74.005662,food_drink,1340.2,1993.0,secondary,2.0,49.8,381.4,281.3,41.1,0.75,0.25,
lower_east_side,2279507740,Citibank,40.7320333,-73.9816966,finance,1342.4,2266.0,primary,5.0,35.2,44.7,101.8,49.2,0.8251748251748252,0.1748251748251748,
lower_east_side,2547209022,European Wax Center,40.7335216,-73.9933302,personal_care,1342.9,2260.0,residential,,159.1,117.9,66.4,243.4,0.7608833809977756,0.2391166190022243,
lower_east_side,10717839774,Margaux,40.7325933,-73.9968968,food_drink,1343.0,5306.0,secondary,1.0,44.3,224.9,47.2,119.4,0.0,0.1192660550458715,
lower_east_side,2562432482,J's Kitchen New York,40.7322424,-73.9821517,food_drink,1343.1,2266.0,residential,1.0,37.8,5.0,57.0,93.9,0.8251748251748252,0.1748251748251748,
lower_east_side,4998806123,Halstead Property,40.7337655,-73.9911602,office_professional,1343.6,5570.0,primary,2.0,79.3,166.1,212.4,133.0,0.4999648506151142,0.5000351493848858,
lower_east_side,10923081782,CAVA,40.7337972,-73.989668,food_drink,1343.6,20040.0,primary,2.0,6.1,115.6,207.8,112.8,0.6239182002317949,0.3760817997682051,
lower_east_side,8060623707,81 Leonard Gallery,40.7174539,-74.0049014,leisure_entertainment,1344.7,5354.0,residential,1.0,107.9,326.5,119.8,133.1,0.5255925798694606,0.4744074201305393,
lower_east_side,4998806126,Zumiez,40.7337929,-73.9908003,retail,1344.7,3420.0,residential,1.0,72.2,144.1,212.4,116.1,0.9383811495612738,0.0616188504387262,
lower_east_side,248754520,,40.7326552,-73.9967959,hospitality,1345.6,5306.0,secondary,1.0,45.3,214.0,57.9,129.8,0.0,0.1192660550458715,
lower_east_side,4872523321,Famous Calabria Pizza,40.7119244,-73.9993673,food_drink,1346.4,1024.0,secondary,2.0,4.6,422.0,173.5,25.0,0.8002098635886674,0.1997901364113326,
lower_east_side,2826971929,BaoHub,40.732275,-73.9821284,food_drink,1347.2,2266.0,primary,5.0,41.5,9.1,57.0,93.9,0.8251748251748252,0.1748251748251748,
lower_east_side,8907715017,Mon Cher Market,40.7165986,-74.0044759,food_drink,1348.5,4982.0,secondary,2.0,56.4,310.0,171.8,86.6,0.0,1.0,
lower_east_side,11332230969,Frenchette,40.7196471,-74.0057569,food_drink,1350.3,3391.0,secondary,2.0,64.9,385.2,267.2,56.2,0.7142857142857143,0.2857142857142857,
lower_east_side,10923174175,Le Café Coffee,40.7338591,-73.9896639,food_drink,1350.5,20040.0,primary,2.0,7.1,108.8,203.1,106.5,0.6239182002317949,0.3760817997682051,
lower_east_side,2244704716,The Village Underground,40.7306713,-74.0008181,leisure_entertainment,1351.8,3932.0,residential,,51.2,95.7,169.7,65.3,0.8111680604262207,0.1888319395737793,
lower_east_side,4998806124,Universe Antiques,40.733842,-73.991143,retail,1352.0,5570.0,primary,2.0,70.8,159.1,220.6,125.1,0.4999648506151142,0.5000351493848858,
lower_east_side,9700336066,iFixScreens,40.7325275,-73.9973327,retail,1352.9,2500.0,secondary,1.0,70.6,240.3,29.7,93.5,0.0,1.0,
lower_east_side,6032479080,El Cantinero,40.7336295,-73.9932341,food_drink,1353.0,2345.0,residential,,158.4,124.1,80.9,238.7,0.323943661971831,0.676056338028169,
lower_east_side,2826971932,Bagel Boss,40.7323263,-73.9820949,food_drink,1353.6,2266.0,primary,5.0,47.4,15.5,57.4,94.6,0.8251748251748252,0.1748251748251748,
lower_east_side,5935221149,Escape Games NYC,40.7174772,-74.0050253,leisure_entertainment,1353.6,5354.0,residential,1.0,118.6,335.0,110.0,132.4,0.5255925798694606,0.4744074201305393,
lower_east_side,5265715373,Grandaisy Bakery,40.7200222,-74.0058804,food_drink,1354.1,582.0,secondary,2.0,46.8,408.6,306.9,23.0,0.0,1.0,
lower_east_side,2826971931,Bread Story,40.7321287,-73.9816311,food_drink,1354.3,2266.0,primary,5.0,45.9,46.8,101.9,50.1,0.8251748251748252,0.1748251748251748,
lower_east_side,5593016867,Bâtard,40.7195759,-74.0058025,food_drink,1355.4,3500.0,secondary,2.0,73.7,386.7,258.7,64.8,0.8293172690763052,0.1706827309236948,
lower_east_side,3676902925,3rd Ave Dollar & More,40.733654,-73.9866361,retail,1356.8,13298.0,primary,5.0,20.8,75.0,122.5,316.9,0.9249235039904103,0.0750764960095896,
lower_east_side,2562444051,Taureau,40.7244662,-74.0056631,food_drink,1357.5,3120.0,residential,1.0,97.4,529.0,57.2,77.2,0.8666621429056117,0.1333378570943882,
lower_east_side,11433238611,Délice & Sarrasin,40.7287461,-74.0031498,food_drink,1358.2,2600.0,residential,,39.1,124.0,117.2,22.5,0.8280187763030107,0.1719812236969893,
lower_east_side,2547209021,Pranakhon,40.7336934,-73.9931603,food_drink,1358.7,2212.0,residential,,159.9,129.8,90.3,229.3,0.5005980861244019,0.499401913875598,
lower_east_side,8791888440,Wine Spring,40.7233905,-74.0059514,retail,1359.7,11375.0,secondary,4.0,28.6,651.1,158.5,76.8,0.7287259951291571,0.2712740048708428,
lower_east_side,11459871704,Union Square Travel Agency,40.7339145,-73.9911266,retail,1359.9,4823.0,residential,1.0,62.7,152.6,228.4,117.8,0.0,1.0,
lower_east_side,5415641570,No. 1 New York Kitchen,40.7323811,-73.9820615,food_drink,1360.3,2266.0,primary,5.0,53.8,22.2,58.2,95.9,0.8251748251748252,0.1748251748251748,
lower_east_side,2244734412,The Fat Black Pussycat,40.7307122,-74.00091,leisure_entertainment,1360.4,3932.0,residential,,42.4,87.8,177.9,59.8,0.8111680604262207,0.1888319395737793,
lower_east_side,8791888439,Claudette,40.7330582,-73.9960229,food_drink,1360.5,21248.0,residential,1.0,26.9,134.9,136.0,202.8,0.9583084063183944,0.0416915936816055,
lower_east_side,2279513027,Dunkin',40.7321799,-73.9815945,food_drink,1360.8,2266.0,primary,5.0,52.0,49.2,102.6,51.6,0.8251748251748252,0.1748251748251748,
lower_east_side,10717839778,Eva's Supplements,40.7326881,-73.9971229,retail,1360.8,2348.0,secondary,1.0,65.1,235.4,48.1,118.0,0.7190003815337658,0.2809996184662343,
lower_east_side,11739055904,Vestry,40.7255235,-74.0053247,food_drink,1361.5,24594.0,residential,,116.4,408.3,102.9,96.7,0.0027807952863586,0.3366731001121458,
lower_east_side,4468394389,La Sirène,40.7244709,-74.0057117,food_drink,1361.6,3120.0,residential,1.0,96.6,529.3,61.0,73.2,0.8666621429056117,0.1333378570943882,
lower_east_side,7503867831,South of the Clouds,40.7326017,-73.9974121,food_drink,1363.3,6483.0,secondary,1.0,80.0,230.3,39.5,96.8,0.0,1.0,
lower_east_side,7503878459,Eva's x Cinco de Mayo,40.7327076,-73.9971694,food_drink,1364.5,6950.0,secondary,1.0,69.5,237.7,49.5,117.8,0.8363471385054119,0.1636528614945881,
lower_east_side,5752611173,The Grey Dog,40.7337512,-73.9931307,food_drink,1364.5,2212.0,residential,,158.9,132.2,97.0,222.6,0.5005980861244019,0.499401913875598,
lower_east_side,10145183251,A's Organic Cleaners,40.7324167,-73.9820345,personal_care,1364.9,2266.0,primary,5.0,58.0,26.8,57.7,96.7,0.8251748251748252,0.1748251748251748,
lower_east_side,8648127117,Todd Snyder,40.7194744,-74.0058984,retail,1365.4,1000.0,residential,,87.5,391.8,246.3,77.9,0.5,0.5,
lower_east_side,3676902926,Hattan Cleaners,40.7337305,-73.9866008,personal_care,1365.8,13298.0,residential,1.0,28.3,83.9,116.8,316.5,0.9249235039904103,0.0750764960095896,
lower_east_side,2948610291,3 Streets Saloon,40.7307334,-74.0009872,food_drink,1366.5,2019.0,residential,,35.5,82.6,180.6,57.3,0.0,1.0,
lower_east_side,2826971933,Chameleon Spa Nails,40.7322374,-73.9815516,personal_care,1368.2,2266.0,primary,5.0,59.0,52.9,102.7,54.1,0.8251748251748252,0.1748251748251748,
lower_east_side,249664631,The Dominick,40.7253205,-74.0054962,hospitality,1368.5,24594.0,secondary,2.0,111.8,433.1,86.9,96.8,0.0027807952863586,0.3366731001121458,
lower_east_side,5400496758,Union Square Wine & Spirits,40.734024,-73.9900208,retail,1368.6,48223.0,primary,2.0,11.3,92.2,217.3,81.8,0.0,1.0,
lower_east_side,5779685553,Healthy & Fresh Gourmet Deli,40.7245708,-74.0057716,retail,1369.0,3120.0,secondary,2.0,106.1,519.4,63.8,71.2,0.8666621429056117,0.1333378570943882,
lower_east_side,11380488215,Japonica,40.7338012,-73.9930834,food_drink,1369.2,2212.0,residential,,159.9,136.3,103.8,215.8,0.5005980861244019,0.499401913875598,
lower_east_side,10145183249,Four Seasons Relax Center,40.732485,-73.982082,personal_care,1369.5,1600.0,primary,5.0,65.0,32.5,50.2,104.7,0.8148148148148148,0.1851851851851851,
lower_east_side,3238681556,Wells Fargo,40.7340228,-73.9893272,finance,1369.5,20040.0,residential,3.0,30.2,97.9,169.7,104.6,0.6239182002317949,0.3760817997682051,
lower_east_side,368051684,Minetta Lane Theatre,40.7302778,-74.0016667,leisure_entertainment,1370.4,2330.0,secondary,3.0,61.9,125.8,113.2,9.2,,,
lower_east_side,6593957085,Domino's,40.7326445,-73.9975117,food_drink,1371.4,6483.0,secondary,1.0,89.7,220.7,47.2,96.4,0.0,1.0,
lower_east_side,10717839777,Crown Cleaners,40.7327467,-73.9972624,personal_care,1371.9,6950.0,secondary,1.0,78.2,234.0,53.3,117.1,0.8363471385054119,0.1636528614945881,
lower_east_side,2326030976,Regal Union Square Stadium 14,40.7340532,-73.9907254,leisure_entertainment,1373.3,48223.0,residential,1.0,44.6,117.7,241.3,87.0,0.0,1.0,
lower_east_side,4812032522,Two Hands,40.7178102,-74.005449,food_drink,1375.0,2885.0,residential,1.0,130.4,353.2,93.1,85.1,0.8613518197573656,0.1386481802426343,
lower_east_side,2565708098,One White Street,40.719282,-74.0059677,food_drink,1375.2,705.0,residential,,89.1,393.2,224.4,72.2,0.4964539007092198,0.5035460992907801,
lower_east_side,10717839779,Wicked Jane,40.7327662,-73.9973089,food_drink,1375.6,2356.0,secondary,1.0,82.6,229.5,55.7,116.8,0.8539435248296008,0.1460564751703992,
lower_east_side,6070911185,David's Bagels,40.7325039,-73.9819747,food_drink,1375.8,1600.0,primary,5.0,68.5,37.7,57.3,99.8,0.608540925266904,0.3914590747330961,
lower_east_side,2550067177,Atelier New York,40.7326824,-73.9976219,retail,1379.4,1115.0,secondary,1.0,99.9,210.5,55.6,94.7,0.8294162244124337,0.1705837755875663,
lower_east_side,278268950,Pier 36,40.7096303,-73.986274,leisure_entertainment,1379.5,568952.0,motorway,3.0,359.8,416.8,178.6,169.5,0.0,1.0,
lower_east_side,8377954024,Levi's,40.7183574,-74.0057307,retail,1379.8,2500.0,residential,1.0,120.4,360.0,129.1,45.9,0.7497525024749753,0.2502474975250247,
lower_east_side,7512300179,BÀO Tea House,40.7313029,-74.0003662,food_drink,1379.9,3542.0,residential,,64.1,90.5,157.4,43.6,0.8441807503296176,0.1558192496703823,
lower_east_side,10717839780,Vitsœ,40.7327971,-73.9973675,retail,1380.9,2356.0,secondary,1.0,88.6,223.6,59.7,117.2,0.8539435248296008,0.1460564751703992,
lower_east_side,10145183252,Fortuna,40.7325514,-73.9819418,food_drink,1381.7,1600.0,primary,5.0,74.3,43.7,58.1,101.9,0.765625,0.234375,
lower_east_side,5726015580,Sweetgreen,40.7339919,-73.9925385,food_drink,1382.1,7150.0,residential,,144.3,184.2,149.3,173.1,0.9514607286958104,0.0485392713041895,
lower_east_side,2550067182,Amelie Wine Bar,40.7326969,-73.9976557,food_drink,1382.2,1115.0,secondary,1.0,103.1,207.2,58.5,94.5,0.8294162244124337,0.1705837755875663,
lower_east_side,11258926652,Sophie's Cuban Cuisine,40.7339291,-73.9930929,food_drink,1383.3,1360.0,residential,1.0,153.5,137.0,115.5,205.0,0.7571341833636915,0.2428658166363084,
lower_east_side,11359047403,Sei-Tomoko,40.7313207,-74.0004023,personal_care,1383.3,3542.0,residential,,60.6,87.3,159.6,40.0,0.8441807503296176,0.1558192496703823,
lower_east_side,5163989224,Cafe Clementine,40.7192673,-74.0060718,food_drink,1384.1,1798.0,residential,,81.3,401.6,221.8,66.4,0.0,1.0,
lower_east_side,5159851422,Apple Bank,40.7341287,-73.9885094,finance,1385.7,15450.0,residential,2.0,37.6,132.8,115.7,151.4,0.0,1.0,
lower_east_side,13695599913,Sophie's Cuban Cuisine,40.7162564,-74.0047537,food_drink,1386.0,10665.0,residential,2.0,13.3,267.3,173.4,58.4,0.0,1.0,
lower_east_side,7678230974,Santander,40.7341562,-73.9910907,finance,1386.5,4900.0,residential,1.0,36.8,133.6,241.8,95.4,0.6395839190328929,0.3604160809671071,
lower_east_side,9813469117,Analogue,40.7328253,-73.9974499,food_drink,1386.8,2356.0,secondary,1.0,96.0,215.9,64.2,115.9,0.8278948093074487,0.1721051906925512,
lower_east_side,11258926651,Dorado,40.7339533,-73.9931568,food_drink,1387.0,1360.0,residential,1.0,147.5,132.1,115.3,206.4,0.7571341833636915,0.2428658166363084,
lower_east_side,11739055903,Starbucks,40.7257767,-74.0055352,food_drink,1387.3,26860.0,residential,,124.9,384.1,134.9,128.9,0.0,1.0,
lower_east_side,10145183253,Angel Hands Wellness,40.7326321,-73.9819907,personal_care,1387.6,1600.0,residential,1.0,82.3,50.4,51.9,111.5,0.4166666666666667,0.5833333333333334,
lower_east_side,10145183254,Esquire Pharmacy,40.7325982,-73.9819007,retail,1388.0,1600.0,residential,1.0,80.2,49.9,60.1,103.9,0.4166666666666667,0.5833333333333334,
lower_east_side,3071111733,Chipotle,40.7341724,-73.9888783,food_drink,1388.1,15450.0,residential,3.0,16.4,105.8,130.8,122.0,0.0,1.0,
lower_east_side,6222075595,Shanghai Villa,40.7313519,-74.0004653,food_drink,1389.4,3542.0,residential,,54.5,81.7,154.7,33.6,0.8441807503296176,0.1558192496703823,
lower_east_side,4305053637,Arts and Crafts Beer Parlor,40.7327089,-73.9978138,food_drink,1389.7,1115.0,secondary,1.0,115.8,195.2,68.0,88.4,0.8294162244124337,0.1705837755875663,
lower_east_side,247862776,Cinema Village,40.7339403,-73.9934415,leisure_entertainment,1390.4,2342.0,residential,1.0,126.0,108.3,105.3,223.8,0.0,1.0,
lower_east_side,5726008201,Blue Bottle Coffee,40.7340809,-73.9924617,food_drink,1390.9,7150.0,residential,,132.8,192.3,161.0,161.3,0.9514607286958104,0.0485392713041895,
lower_east_side,2572411290,Santander,40.734204,-73.9911071,finance,1391.9,17877.0,residential,1.0,32.4,131.8,236.5,92.7,0.0,1.0,
lower_east_side,8883778719,Burger King,40.7161952,-74.0048063,food_drink,1393.0,10665.0,secondary,2.0,8.0,259.6,174.7,52.5,0.0,1.0,
lower_east_side,10717839781,Loring Place,40.7328594,-73.9975311,food_drink,1393.3,2356.0,secondary,1.0,103.7,208.1,69.8,115.3,0.8278948093074487,0.1721051906925512,
lower_east_side,3238681554,Bravo Pizza,40.7342275,-73.9890098,food_drink,1393.6,76503.0,residential,3.0,22.6,93.6,134.6,109.4,0.4400292212699497,0.5599707787300503,
lower_east_side,2562454119,Sweetgreen,40.7299618,-74.0024288,food_drink,1394.0,1875.0,residential,1.0,121.6,180.1,85.4,11.8,0.0,1.0,
lower_east_side,2358048510,North Square,40.7323868,-73.9986529,food_drink,1394.0,10693.0,residential,1.0,118.7,168.7,118.5,33.6,0.0,0.1070527824651171,
lower_east_side,13695599911,,40.716357,-74.0049233,personal_care,1394.1,10665.0,residential,2.0,28.5,264.1,155.3,43.7,0.0,1.0,
lower_east_side,5593041648,,40.7187167,-74.0060375,food_drink,1394.6,2000.0,residential,1.0,90.9,362.8,161.3,15.7,0.8206091772151899,0.1793908227848101,
lower_east_side,12079568549,Advanced Headache Center,40.7337413,-73.9946997,health,1395.3,7650.0,residential,,76.9,0.0,111.6,300.5,0.9851025579023728,0.0148974420976271,
lower_east_side,11258947744,Fields Good Chicken,40.7340101,-73.9932822,food_drink,1395.3,2342.0,residential,1.0,135.4,123.1,113.6,208.9,0.0,1.0,
lower_east_side,2562432483,New East Men Spa,40.7327318,-73.9820347,personal_care,1395.5,1860.0,residential,1.0,92.8,60.2,47.5,122.5,0.6363636363636364,0.3636363636363636,
lower_east_side,2826997903,Stuytown Marketplace,40.732654,-73.9818476,retail,1395.6,1860.0,residential,1.0,87.5,57.5,63.5,106.5,0.6363636363636364,0.3636363636363636,
lower_east_side,8883780917,Subway,40.7163789,-74.0049643,food_drink,1396.2,10665.0,residential,2.0,32.4,263.3,151.1,40.5,0.0,1.0,
lower_east_side,3238681553,Subway,40.7342551,-73.9890756,food_drink,1396.3,76503.0,residential,3.0,23.3,87.6,136.9,103.1,0.4400292212699497,0.5599707787300503,
lower_east_side,12459804122,California Closets,40.7205587,-74.0064693,retail,1396.5,2996.0,trunk,1.0,63.9,478.2,300.4,22.4,0.835099460866332,0.1649005391336679,
lower_east_side,12709183134,NewsBar,40.7341459,-73.9923988,food_drink,1397.2,7200.0,residential,,124.2,199.0,169.7,152.4,0.9078234819679688,0.0921765180320313,
lower_east_side,9344329007,D'albano,40.7310041,-74.0011406,food_drink,1397.5,2000.0,residential,,28.8,50.0,187.4,31.1,0.0,1.0,
lower_east_side,13695599912,,40.716399,-74.0050023,personal_care,1398.1,10665.0,residential,2.0,36.0,262.6,147.2,37.7,0.0,1.0,
lower_east_side,2014619565,Briciola Pizza Bar,40.7290902,-74.0034181,food_drink,1398.9,3060.0,residential,,75.4,93.4,125.3,65.0,0.8143856920684293,0.1856143079315707,
lower_east_side,6246906585,Molly‘s Cupcakes,40.7300372,-74.0024206,food_drink,1399.0,1875.0,residential,1.0,114.7,172.4,92.6,20.2,0.0,1.0,
lower_east_side,2562375435,Baya Bar,40.7342827,-73.9891414,food_drink,1399.1,76503.0,residential,3.0,17.3,81.6,139.5,96.7,0.4400292212699497,0.5599707787300503,
lower_east_side,2551316458,Adafruit Industries,40.7261948,-74.0054884,office_professional,1399.4,26860.0,secondary,2.0,79.9,338.0,100.8,162.9,0.0,1.0,
lower_east_side,8956551521,Dr. Amr Hosny,40.7337548,-73.9948126,health,1399.5,7650.0,residential,,75.0,9.6,114.6,292.2,0.9851025579023728,0.0148974420976271,
lower_east_side,13726017801,StuyFitness,40.7291554,-73.9765711,leisure_entertainment,1399.6,17372.0,secondary,3.0,70.5,231.9,229.6,118.9,0.9742319127849356,0.0257680872150644,
lower_east_side,3676902928,Luckin Coffee,40.734018,-73.9863892,food_drink,1400.8,10317.0,residential,1.0,64.1,120.5,93.4,323.6,0.913793103448276,0.0862068965517241,
lower_east_side,3150138768,Rite Aid,40.7118773,-74.00035,health,1400.8,15264.0,residential,1.0,86.5,426.5,134.9,21.9,,,
lower_east_side,6053556686,Molly's Cupcakes,40.7300211,-74.0024697,food_drink,1400.9,1875.0,residential,1.0,118.7,176.0,92.9,18.3,0.0,1.0,
lower_east_side,2501575586,Best Buy,40.734314,-73.9900649,retail,1400.9,48223.0,residential,2.0,9.5,62.5,206.1,49.3,0.0,1.0,
lower_east_side,5176819521,Alpine,40.7114827,-73.9996937,personal_care,1402.3,1024.0,primary,4.0,55.8,463.2,168.0,31.2,0.8002098635886674,0.1997901364113326,
lower_east_side,6222318519,Vol de Nuit,40.7314218,-74.0006056,food_drink,1402.9,1763.0,residential,,41.4,69.8,144.2,19.6,0.2015316404675534,0.7984683595324465,
lower_east_side,5932979098,Rasa,40.7329128,-73.9976584,food_drink,1403.5,7052.0,secondary,1.0,113.4,195.9,79.4,114.6,0.7593582887700535,0.2406417112299465,
lower_east_side,377371386,Nordstrom Rack,40.7343423,-73.9902122,retail,1404.1,48223.0,residential,2.0,18.0,65.6,216.6,46.9,0.0,1.0,
lower_east_side,3233781193,Stumptown,40.7327952,-73.9979676,food_drink,1404.3,2400.0,residential,1.0,120.4,179.1,84.0,89.5,0.490084985835694,0.509915014164306,
lower_east_side,4260987502,Blue Hill,40.7320396,-73.9995703,food_drink,1404.4,2144.0,residential,,103.2,172.5,139.5,61.9,0.7778764993336295,0.2221235006663705,
lower_east_side,3573482134,,40.7310659,-74.0011898,food_drink,1405.3,17250.0,residential,,31.4,42.0,180.9,28.0,0.0,1.0,
lower_east_side,12195740987,Aria,40.7291517,-74.0034544,food_drink,1405.4,1413.0,residential,,82.0,90.1,127.3,72.5,1.0,0.0,
lower_east_side,4900271321,Maman NYC,40.7189179,-74.0062313,food_drink,1405.4,5590.0,residential,1.0,80.4,365.7,182.2,26.1,0.8008533065629314,0.1991466934370686,
lower_east_side,2547209457,ByNext Laundry & Dry Cleaning,40.7340815,-73.9934358,personal_care,1405.7,2342.0,residential,1.0,120.5,113.0,98.7,212.7,0.0,1.0,
lower_east_side,12195740995,Cotenna,40.7290298,-74.0035786,food_drink,1405.9,1414.0,residential,,83.6,80.7,133.4,65.2,0.8032786885245902,0.1967213114754098,
lower_east_side,5465717722,Washington Square Dinner,40.7314198,-74.0006911,food_drink,1407.3,1763.0,residential,,34.3,62.6,143.0,13.5,0.2015316404675534,0.7984683595324465,
lower_east_side,2547208989,Panera Bread,40.7341969,-73.9927396,food_drink,1407.3,19067.0,residential,,131.0,172.7,141.0,163.2,0.6772741254439194,0.3227258745560806,
lower_east_side,9407597231,Vein Care Center,40.7338132,-73.9948929,health,1407.7,7650.0,residential,,69.0,18.1,111.6,282.8,0.9851025579023728,0.0148974420976271,
lower_east_side,5978556714,Madison Bagel & Grill,40.711896,-74.0005122,food_drink,1407.8,15264.0,residential,1.0,100.1,414.9,125.5,22.5,,,
lower_east_side,2547193326,Starbucks,40.7342526,-73.9923138,food_drink,1407.9,7200.0,residential,,110.8,208.9,168.2,138.6,0.9078234819679688,0.0921765180320313,
lower_east_side,3676918480,Golden Tree Nails & Spa,40.7340829,-73.9863428,personal_care,1408.7,10317.0,primary,5.0,72.2,128.7,89.5,325.7,0.913793103448276,0.0862068965517241,
lower_east_side,377371385,Duane Reade,40.7343857,-73.9903145,health,1409.1,48223.0,residential,2.0,26.0,67.1,223.1,42.1,0.0,1.0,
lower_east_side,5900010185,ESSEN - Fast Slow Food,40.7265969,-74.00541,food_drink,1409.9,23365.0,residential,1.0,41.8,293.0,64.3,173.9,0.0,1.0,
lower_east_side,11725744791,drip coffee makers,40.7233442,-74.0065729,food_drink,1410.9,62613.0,secondary,4.0,21.7,667.7,110.8,60.4,0.0,1.0,
lower_east_side,6402092290,The Greene Space at WNYC/WQXR,40.726956,-74.0052185,leisure_entertainment,1411.0,23365.0,residential,1.0,42.8,250.3,36.8,146.1,0.0,1.0,
lower_east_side,2547200395,Max Brenner,40.7343881,-73.9910564,food_drink,1412.0,17877.0,primary,2.0,13.1,118.3,220.4,76.8,0.0,1.0,
lower_east_side,8883778718,Dunkin',40.7160212,-74.0049448,food_drink,1412.1,5252.0,secondary,2.0,14.7,238.4,181.0,30.1,0.0,1.0,
lower_east_side,2547208995,Mirador,40.7341274,-73.9935455,office_professional,1412.6,6081.0,residential,1.0,110.1,106.3,88.6,216.4,0.9079605949664844,0.0920394050335155,
lower_east_side,10717839783,Shop Untitled,40.7329634,-73.9977651,retail,1412.7,2364.0,secondary,1.0,121.4,185.4,88.5,114.4,0.8315467075038285,0.1684532924961715,
lower_east_side,4848257932,Distilled,40.7188968,-74.0063291,food_drink,1413.9,5590.0,residential,1.0,71.9,358.2,179.7,19.8,0.8008533065629314,0.1991466934370686,
lower_east_side,4427616693,P.F. Chang's,40.7343278,-73.9921829,food_drink,1414.7,5200.0,residential,1.0,99.9,210.0,168.6,126.2,0.0,1.0,
lower_east_side,2892641901,Butterfly,40.719376,-74.006475,food_drink,1415.2,1700.0,secondary,2.0,45.2,390.0,233.4,71.3,1.0,0.0,
lower_east_side,4543442337,"Feiner & Lavy P.C., Attorneys at Law",40.7161414,-74.0050648,office_professional,1415.2,5252.0,residential,,26.4,239.1,164.2,36.0,0.0,1.0,
lower_east_side,931799207,Joe's Pizza,40.7305467,-74.0020629,food_drink,1415.2,4226.0,residential,,53.6,108.3,140.8,36.4,0.6694341943419434,0.3305658056580566,
lower_east_side,377371387,Citibank,40.7344389,-73.990446,finance,1415.3,48223.0,residential,2.0,34.8,71.1,231.9,38.4,0.0,1.0,
lower_east_side,2562454136,Popbar,40.7305852,-74.0020186,food_drink,1415.5,4226.0,residential,,48.1,102.7,144.9,41.4,0.6694341943419434,0.3305658056580566,
lower_east_side,10717839782,Karine Kazarian Luxury Skincare,40.7330124,-73.9977318,personal_care,1416.2,2364.0,secondary,1.0,118.0,185.8,92.1,120.5,0.8315467075038285,0.1684532924961715,
lower_east_side,11407297861,Marie Blachère Bakery & Café,40.730645,-74.0019567,food_drink,1416.4,4226.0,residential,,40.1,94.4,151.4,44.8,0.6694341943419434,0.3305658056580566,
lower_east_side,3676918484,For U,40.7341491,-73.9862974,food_drink,1416.7,10317.0,primary,5.0,80.4,137.0,86.3,327.8,0.913793103448276,0.0862068965517241,
lower_east_side,1825739861,Trattoria Spaghetto,40.730184,-74.0025384,food_drink,1417.2,3500.0,residential,,110.0,163.8,111.6,34.1,0.8488120950323974,0.1511879049676026,
lower_east_side,2547208990,Glaze Teriyaki,40.7343063,-73.9926464,food_drink,1418.0,19067.0,residential,,116.6,184.1,144.1,148.8,0.6772741254439194,0.3227258745560806,
lower_east_side,5248812939,Babbo,40.7323821,-73.9991969,food_drink,1418.2,2138.0,residential,,84.5,148.5,154.8,57.1,0.627906976744186,0.3720930232558139,
lower_east_side,2554924024,Atelier New York,40.7329927,-73.9978521,retail,1419.0,2364.0,secondary,1.0,119.1,177.4,95.1,113.4,0.7185167054216131,0.281483294578387,
lower_east_side,2826415413,St. James Convenience & Stationary,40.7113571,-73.9998192,retail,1419.8,15264.0,primary,4.0,73.3,449.2,155.1,30.7,,,
lower_east_side,4058773875,Bagels on the Square,40.7305542,-74.0021433,food_drink,1420.7,4212.0,residential,,58.8,111.0,142.2,36.7,0.8076126674786845,0.1923873325213154,
lower_east_side,11612203897,Target,40.7344922,-73.9896245,retail,1420.9,76503.0,residential,3.0,19.3,40.2,164.3,50.0,0.4400292212699497,0.5599707787300503,
lower_east_side,6814208895,Quique Crudo,40.7291813,-74.0036625,food_drink,1421.5,1481.0,residential,,98.1,72.7,144.5,83.2,0.7468354430379747,0.2531645569620253,
lower_east_side,11157794313,Popeyes,40.7307546,-74.0019275,food_drink,1423.2,1260.0,residential,,33.1,82.5,163.6,53.2,0.0,1.0,
lower_east_side,5356834735,Film Forum,40.7283888,-74.0043864,leisure_entertainment,1423.6,1625.0,primary,2.0,103.1,84.9,64.1,106.1,0.0,1.0,
lower_east_side,4058772628,Dos Toros Taqueria,40.7305146,-74.0022439,food_drink,1423.8,2500.0,residential,,68.3,119.4,139.1,33.5,0.735423322683706,0.2645766773162939,
lower_east_side,12855775402,Son del North,40.7301367,-74.0027007,food_drink,1424.0,3750.0,residential,,123.9,176.1,113.9,29.1,0.9334393591329446,0.0665606408670554,
lower_east_side,11612203898,CVS Pharmacy,40.7345214,-73.9896526,health,1424.1,76503.0,residential,3.0,22.7,36.4,165.4,46.2,0.4400292212699497,0.5599707787300503,
lower_east_side,6718768086,New York Sports Club,40.7344651,-73.9882348,leisure_entertainment,1425.1,3320.0,residential,1.0,76.3,136.6,71.7,160.8,0.0,1.0,
lower_east_side,4848258525,Terra,40.719227,-74.0065567,food_drink,1425.1,6119.0,secondary,2.0,47.9,372.7,217.5,55.7,0.8240358772423276,0.1759641227576723,
lower_east_side,2547208994,Villanelle,40.7342725,-73.99338,food_drink,1425.5,3167.0,residential,1.0,120.1,125.9,89.2,195.4,0.0,1.0,
lower_east_side,10717839785,Classic Arepas,40.733033,-73.9979481,food_drink,1426.8,2344.0,secondary,1.0,109.9,168.2,103.2,113.7,0.6470447475472602,0.3529552524527399,
lower_east_side,4725251649,Numero 28 Pizzeria,40.7301093,-74.0027854,food_drink,1427.4,3750.0,residential,,131.4,181.6,115.5,25.3,0.9334393591329446,0.0665606408670554,
lower_east_side,562303098,Mount Sinai Beth Israel,40.7332252,-73.9824426,health,1428.3,63664.0,residential,1.0,146.9,0.0,58.7,187.1,0.0,1.0,
lower_east_side,2562449499,Daily Provisions,40.7292441,-74.0037022,food_drink,1428.3,1875.0,residential,1.0,104.9,70.1,147.4,90.9,0.8374356038923869,0.162564396107613,
lower_east_side,4754091360,Pret A Manger,40.715906,-74.0050867,food_drink,1428.5,2629.0,residential,,9.6,221.2,184.1,12.6,0.8681210094253573,0.1318789905746427,
lower_east_side,5640199664,Hair Justice,40.7141396,-74.0036705,personal_care,1429.4,16700.0,unclassified,2.0,77.9,303.6,351.3,29.3,0.0,1.0,
lower_east_side,13723798801,Qahwah House,40.7305162,-74.0023398,food_drink,1429.8,2500.0,residential,,75.3,124.1,140.9,36.6,0.8689829192546584,0.1310170807453416,
lower_east_side,5640199663,,40.7141605,-74.0036998,personal_care,1430.0,16700.0,unclassified,2.0,80.0,300.7,352.9,28.5,0.0,1.0,
lower_east_side,5640199665,Corte Cafe,40.7140838,-74.0036284,food_drink,1430.2,16700.0,unclassified,2.0,72.1,308.4,346.5,33.8,0.0,1.0,
lower_east_side,11347087420,Strip House,40.7343055,-73.9934609,food_drink,1430.5,3167.0,residential,1.0,112.9,121.8,81.5,198.6,0.5113338473400154,0.4886661526599846,
lower_east_side,10717839786,Mr. Capri,40.7330575,-73.9980064,food_drink,1431.5,2356.0,secondary,1.0,104.3,162.6,108.3,114.2,0.6672212978369384,0.3327787021630615,
lower_east_side,5759240381,Venchi Chocolate,40.7304669,-74.0024371,food_drink,1432.0,2500.0,residential,1.0,85.1,133.5,137.8,36.9,0.2222222222222222,0.7777777777777778,
lower_east_side,9167795118,Little Italy Pizzeria & Deli,40.7272672,-74.005323,food_drink,1433.6,19575.0,residential,1.0,52.4,219.4,59.2,151.8,0.0036218233084991,0.9963781766915007,
lower_east_side,10558408063,13,40.7345239,-73.9919739,food_drink,1434.2,1977.0,residential,1.0,76.1,187.9,166.2,99.3,0.0,0.600046533271289,
lower_east_side,9960173554,Jackie Robinson Museum,40.7231769,-74.0068809,leisure_entertainment,1434.4,62613.0,primary,5.0,52.8,683.3,81.2,33.7,0.0,1.0,
lower_east_side,3676918487,Chips Cleaners,40.7343074,-73.9861968,personal_care,1435.7,10350.0,primary,5.0,99.7,156.5,82.2,330.3,0.9736550924706254,0.0263449075293745,
lower_east_side,278231645,Alfred E. Smith Recreation Center,40.7101915,-73.9976517,leisure_entertainment,1435.8,117191.0,residential,1.0,191.3,595.4,168.5,14.2,0.0,1.0,
lower_east_side,4881021552,FedEx Office,40.7346281,-73.9897516,personal_care,1435.9,76503.0,primary,2.0,30.3,23.0,169.9,33.0,0.4400292212699497,0.5599707787300503,
lower_east_side,4844179421,Capital One,40.7346072,-73.9910115,finance,1436.1,17877.0,primary,2.0,9.0,106.6,201.7,62.1,0.0,1.0,
lower_east_side,4015736091,Gotan,40.719225,-74.0066966,food_drink,1436.7,6119.0,secondary,3.0,40.1,365.2,218.7,57.4,0.8240358772423276,0.1759641227576723,
lower_east_side,4725247810,Demo,40.7300299,-74.0030254,food_drink,1437.1,2731.0,residential,,151.1,160.1,122.7,26.7,0.8134328358208955,0.1865671641791045,
lower_east_side,10717839788,Mace,40.7330903,-73.9980848,food_drink,1437.8,2350.0,secondary,1.0,96.9,155.1,115.2,115.4,0.6,0.4,
lower_east_side,10558408062,Be Juice,40.7345599,-73.9919937,food_drink,1438.3,1977.0,residential,1.0,72.1,188.9,162.4,96.2,0.0,0.600046533271289,
lower_east_side,2562449527,Ueki,40.7292006,-74.0038916,food_drink,1438.4,1875.0,residential,1.0,107.0,53.6,147.3,96.4,0.8374356038923869,0.162564396107613,
lower_east_side,10245589405,PubKey,40.732185,-74.0000205,food_drink,1439.6,2144.0,residential,,84.5,147.9,98.8,102.2,0.6842105263157895,0.3157894736842105,
lower_east_side,6238142497,Basics Plus,40.7345728,-73.9920082,retail,1439.9,1977.0,living_street,,70.8,189.8,160.5,95.4,0.0,0.600046533271289,
lower_east_side,2014619562,Carmine Liquor,40.7299538,-74.0031563,retail,1440.1,2438.0,residential,,145.4,146.2,125.8,33.0,0.899922420480993,0.1000775795190069,
lower_east_side,12952369058,Greenberg’s Bagels,40.7300099,-74.0030941,food_drink,1440.1,2731.0,residential,,147.7,154.2,125.6,30.4,0.8134328358208955,0.1865671641791045,
lower_east_side,4881021908,Au Bon Pain,40.734669,-73.9897677,food_drink,1440.4,4800.0,primary,2.0,33.5,18.3,170.1,30.0,,,
lower_east_side,10717839787,Mink Lash Bar,40.7331344,-73.9980538,personal_care,1440.9,2350.0,secondary,1.0,97.9,155.6,117.6,120.9,0.6,0.4,
lower_east_side,12450362420,Shades of Green,40.7345717,-73.9878085,food_drink,1441.0,2315.0,residential,1.0,112.4,168.8,49.9,194.5,0.8054183505463254,0.1945816494536746,
lower_east_side,3676918488,Sunny's Wine & Spirits,40.7343569,-73.9861579,retail,1441.8,10350.0,primary,5.0,106.1,162.9,81.2,330.7,0.9736550924706254,0.0263449075293745,
lower_east_side,1016693505,,40.7135179,-74.0032251,food_drink,1441.9,18050.0,secondary,2.0,16.2,359.9,294.3,34.9,0.0,1.0,
lower_east_side,5415648848,Chase,40.717085,-74.005967,finance,1443.2,15683.0,residential,2.0,40.0,280.3,35.8,95.1,0.6701158068882539,0.3298841931117461,
lower_east_side,12773041767,Capital One Café,40.7346739,-73.9909928,food_drink,1443.4,17877.0,primary,2.0,8.7,103.6,196.5,57.4,0.0,1.0,
lower_east_side,9920390979,Sammy's Halal Food,40.7318115,-74.0007467,food_drink,1443.9,4175.0,secondary,3.0,47.4,74.1,99.3,35.9,0.0,1.0,
lower_east_side,10717839789,Solidcore,40.7331233,-73.9981634,leisure_entertainment,1444.2,4324.0,secondary,1.0,89.4,147.5,122.1,117.0,0.7585980807057281,0.2414019192942719,
lower_east_side,763268998,Jury Duty,40.7135782,-74.0033351,food_drink,1444.9,18050.0,secondary,2.0,23.0,348.8,303.3,46.1,0.0,1.0,
lower_east_side,5756089924,Emily,40.7293542,-74.0038432,food_drink,1445.1,4166.0,residential,1.0,113.9,61.9,159.5,107.4,0.9016135379771744,0.0983864620228256,
lower_east_side,249665303,IFC Center,40.7312243,-74.0016654,leisure_entertainment,1445.4,4640.0,secondary,3.0,45.3,27.3,164.5,59.5,0.0,1.0,
lower_east_side,5857651396,CityMD,40.7313953,-74.0014331,health,1446.3,2332.0,secondary,3.0,25.1,0.0,148.3,43.0,0.0,1.0,
lower_east_side,5620520170,SideBAR,40.7346858,-73.9886233,food_drink,1446.6,7323.0,residential,1.0,74.6,99.0,78.5,125.0,0.0,1.0,
lower_east_side,2562454103,Wolfnights - the gourmet wrap,40.7306001,-74.0025218,food_drink,1447.3,2500.0,residential,1.0,86.0,127.4,154.1,52.9,0.2222222222222222,0.7777777777777778,
lower_east_side,7084484218,Bond Vet,40.7328595,-73.9810731,health,1448.2,15456.0,primary,5.0,137.9,118.4,129.5,100.3,1.0,0.0,
lower_east_side,9651946306,Criollas baked empanadas,40.7314661,-74.0013819,food_drink,1449.3,5062.0,secondary,3.0,18.0,9.0,139.6,43.0,0.9159538306376304,0.0840461693623697,
lower_east_side,10717839790,Mint+Bella Dental,40.7331546,-73.9982379,health,1450.3,4324.0,secondary,1.0,82.4,140.4,128.8,119.0,0.7585980807057281,0.2414019192942719,
lower_east_side,2562449550,Ama on Downing,40.7293143,-74.0039637,food_drink,1450.7,4166.0,residential,1.0,103.0,50.8,159.6,110.0,0.9016135379771744,0.0983864620228256,
lower_east_side,6618355119,Upkeep,40.7294632,-74.0038277,personal_care,1451.2,4166.0,residential,,118.6,68.5,159.2,100.1,0.9016135379771744,0.0983864620228256,
lower_east_side,4319632990,Salmagundi Club,40.7343016,-73.9945529,leisure_entertainment,1451.8,4787.0,secondary,2.0,24.5,63.5,50.2,277.0,0.0,1.0,
lower_east_side,3676918489,Cupsoul,40.7344416,-73.9860982,food_drink,1452.1,10350.0,residential,1.0,116.7,173.6,81.3,331.3,0.9736550924706254,0.0263449075293745,
lower_east_side,11329793277,Room,40.7199409,-74.0070492,retail,1452.9,8116.0,residential,,31.0,416.6,302.4,67.2,0.936697994259092,0.063302005740908,
lower_east_side,2562454104,Verizon,40.730657,-74.0025546,retail,1453.7,2500.0,residential,1.0,87.1,125.2,160.9,59.6,0.2222222222222222,0.7777777777777778,
lower_east_side,6734071961,The Brooklyneer,40.7286547,-74.0045899,food_drink,1453.7,1700.0,primary,2.0,69.5,54.8,98.3,122.4,0.0,1.0,
lower_east_side,10796135812,Ramen Danbo,40.7298743,-74.0034651,food_drink,1454.8,1500.0,residential,,129.3,120.6,143.3,58.1,0.8406068871462666,0.1593931128537333,
lower_east_side,12195740998,Village Gyrotonic,40.7295122,-74.0038539,leisure_entertainment,1456.2,4166.0,residential,,118.5,69.7,162.2,99.7,0.8667122351332878,0.1332877648667122,
lower_east_side,5213912523,Hustler Hollywood,40.7331907,-73.9983052,retail,1456.5,2162.0,secondary,1.0,75.8,133.6,135.5,122.0,0.5111111111111111,0.4888888888888889,
lower_east_side,4184564889,Walker's,40.7197094,-74.0070516,food_drink,1456.8,1865.0,residential,,22.5,393.9,277.3,87.1,0.8429319371727748,0.1570680628272251,
lower_east_side,4651010148,Taboonette,40.734646,-73.9927932,food_drink,1457.3,1147.0,residential,1.0,95.2,189.5,109.1,130.9,0.733523611831863,0.266476388168137,
lower_east_side,11329800632,Osteria Carlina,40.7195801,-74.0070314,food_drink,1457.4,1865.0,secondary,3.0,8.5,382.2,262.9,96.8,0.8429319371727748,0.1570680628272251,
lower_east_side,12517076897,Vineyard Theatre,40.7348029,-73.9889177,leisure_entertainment,1457.9,76503.0,residential,1.0,66.7,72.9,97.0,100.1,0.4400292212699497,0.5599707787300503,
lower_east_side,2547200373,Lenwich,40.7347076,-73.992346,food_drink,1458.4,10204.0,residential,1.0,65.3,216.2,129.0,98.3,0.8588509081097488,0.1411490918902511,
lower_east_side,4725248791,Jack's Wife Freda,40.7298568,-74.0035384,food_drink,1458.4,2000.0,residential,,125.8,114.7,148.0,64.3,0.8330550918196995,0.1669449081803005,
lower_east_side,2562375433,Mount Sinai Union Square,40.7348335,-73.9897815,health,1458.7,4800.0,primary,2.0,24.8,0.0,168.0,28.5,,,
lower_east_side,7084629298,Chipotle,40.7329436,-73.9810163,food_drink,1458.7,15456.0,primary,5.0,148.3,124.2,135.7,106.6,1.0,0.0,
lower_east_side,584125647,Whole Foods Market,40.7347925,-73.9913589,retail,1458.7,32959.0,residential,2.0,42.1,132.6,168.7,65.2,0.0,1.0,
lower_east_side,12207721100,Postcard,40.7302444,-74.0031534,food_drink,1460.7,5000.0,residential,,133.3,168.2,147.1,51.4,0.5969042244437278,0.4030957755562722,
lower_east_side,12918215839,la cittá,40.7345853,-73.9864705,food_drink,1461.1,2550.0,residential,1.0,116.8,176.4,116.4,296.1,0.7894736842105263,0.2105263157894736,
lower_east_side,5401978046,Tatyana's Cleaner,40.7326075,-73.9996791,personal_care,1461.6,2138.0,residential,,40.5,115.6,110.8,104.2,0.8746877601998335,0.1253122398001665,
lower_east_side,5858332004,Mount Sinai Urgent Care Center,40.734864,-73.9897882,health,1462.1,4800.0,primary,2.0,21.8,0.0,168.2,29.2,,,
lower_east_side,8883760318,7-Eleven,40.7156158,-74.00534,retail,1462.3,3701.0,secondary,2.0,19.2,185.2,202.2,26.2,0.6773707977922729,0.322629202207727,
lower_east_side,13291497371,Five Below,40.7348218,-73.9915993,retail,1463.8,3015.0,residential,2.0,42.5,152.7,156.6,59.9,0.0,1.0,
lower_east_side,2562454139,Carmine Street Beers,40.7298428,-74.0036369,food_drink,1464.0,2400.0,residential,,120.8,107.7,154.9,72.7,0.9200958849380744,0.0799041150619256,
lower_east_side,8419168031,Little Italy Pizza III,40.7347668,-73.9922972,food_drink,1464.4,10204.0,residential,1.0,57.5,211.7,128.1,90.7,0.8588509081097488,0.1411490918902511,
lower_east_side,9106019885,Atomic Wings,40.7155885,-74.0053623,food_drink,1465.3,3701.0,secondary,2.0,16.1,182.0,204.2,29.8,0.6773707977922729,0.322629202207727,
lower_east_side,10732326234,Stahl Gasiorowski Criminal Defense Lawyers,40.7140002,-74.0040644,office_professional,1465.4,16700.0,unclassified,1.0,67.0,275.3,328.0,61.5,0.0,1.0,
lower_east_side,884524432,Five Stuy Cafe,40.7319191,-73.9789613,food_drink,1465.5,2675000.0,residential,1.0,194.5,272.8,318.8,61.1,0.9357836392394872,0.0642163607605128,
lower_east_side,6621617751,Blue stripes,40.7347019,-73.9929545,food_drink,1465.7,1088.0,residential,1.0,102.3,181.7,96.8,138.6,0.7100085543199316,0.2899914456800684,
lower_east_side,9429596760,Chopt,40.7281463,-74.0051594,food_drink,1466.2,5004.0,primary,3.0,56.3,123.3,99.8,147.5,1.0,0.0,
lower_east_side,4184497397,Brandy Library,40.7199472,-74.007213,food_drink,1466.5,8116.0,residential,,44.4,411.0,306.2,77.4,0.936697994259092,0.063302005740908,
lower_east_side,6221183785,Nutella café,40.7347592,-73.9925643,food_drink,1466.7,10204.0,residential,1.0,72.5,212.6,111.6,107.9,0.8588509081097488,0.1411490918902511,
lower_east_side,3215166838,The Market Table,40.72978,-74.0037432,food_drink,1466.7,3600.0,residential,,119.8,96.5,160.6,82.3,0.933422103861518,0.066577896138482,
lower_east_side,6630517165,TD Bank,40.7272907,-74.0057436,finance,1466.7,13220.0,residential,1.0,44.4,230.4,90.5,187.3,0.0,1.0,
lower_east_side,7509056132,CVS Pharmacy,40.7323795,-74.0002248,retail,1467.3,16925.0,residential,,68.5,145.7,72.9,110.6,0.5797219243938713,0.4202780756061287,
lower_east_side,4725248792,P.S. Burgers,40.7301922,-74.0033333,food_drink,1468.5,2500.0,residential,,121.0,153.7,154.1,58.3,0.88,0.12,
lower_east_side,13316625193,Gramercy Best Barbers,40.7346835,-73.9866608,personal_care,1468.6,2550.0,residential,1.0,122.7,183.1,103.3,277.0,0.7894736842105263,0.2105263157894736,
lower_east_side,12195740994,Ubani,40.7296289,-74.0039259,food_drink,1468.8,4500.0,residential,,118.6,73.7,170.6,100.9,0.8335005930115865,0.1664994069884134,
lower_east_side,6630517167,Chipotle,40.7281983,-74.0051594,food_drink,1469.1,35532.0,primary,3.0,61.2,118.1,101.7,142.7,0.0,1.0,
lower_east_side,3131828039,The Headless Horseman,40.7348845,-73.9885442,food_drink,1469.2,7323.0,residential,1.0,93.9,104.4,64.3,129.6,0.0,1.0,
lower_east_side,4922311231,Panera Bread,40.7349295,-73.9897844,food_drink,1469.4,4800.0,primary,2.0,17.6,7.3,167.3,32.2,,,
lower_east_side,7084620591,Starbucks,40.7330316,-73.9809522,food_drink,1469.9,15456.0,primary,5.0,159.4,127.4,143.2,113.7,1.0,0.0,
lower_east_side,1297470390,DSW,40.7348789,-73.9915816,retail,1469.9,3015.0,residential,2.0,36.1,151.1,151.5,53.5,0.0,1.0,
lower_east_side,6630517166,Dunkin',40.7273979,-74.0057208,food_drink,1470.1,4375.0,primary,4.0,39.6,218.9,94.8,186.2,,,
lower_east_side,2547200374,Luke's Lobster,40.7348292,-73.9922468,food_drink,1470.7,2711.0,living_street,,49.4,207.2,127.5,82.8,0.7170391634201353,0.2829608365798646,
lower_east_side,11329824069,Douglas Elliman Real Estate,40.7192537,-74.0071168,office_professional,1470.8,11362.0,residential,1.0,31.2,347.5,229.8,63.5,0.7641653250509339,0.2358346749490661,
lower_east_side,12737005675,Goods For The Study,40.7331426,-73.9987658,retail,1471.0,7037.0,secondary,1.0,43.1,101.6,160.3,117.4,0.8000782663992565,0.1999217336007435,
lower_east_side,10717839795,Moshava Art,40.7332901,-73.9984234,leisure_entertainment,1471.0,4320.0,secondary,1.0,63.6,120.4,150.4,132.1,0.6,0.4,
lower_east_side,11997971643,Sephora,40.734898,-73.9914856,retail,1471.3,3015.0,residential,2.0,35.1,143.1,153.2,51.7,0.0,1.0,
lower_east_side,10908635405,Gregory’s coffee,40.7282617,-74.0051457,food_drink,1471.5,35532.0,primary,3.0,68.0,111.3,103.3,137.6,0.0,1.0,
lower_east_side,249665003,Houston Hall,40.7287936,-74.0047387,food_drink,1472.6,5565.0,residential,1.0,49.7,43.0,117.9,127.2,0.0,1.0,
lower_east_side,5243570803,Rocco's,40.7308317,-74.0026484,food_drink,1472.8,1886.0,residential,1.0,92.9,120.1,161.0,80.1,0.7781847781847782,0.2218152218152218,
lower_east_side,4353425889,Burlington,40.7349133,-73.9915985,retail,1473.9,3015.0,residential,2.0,32.3,152.6,147.4,49.7,0.0,1.0,
lower_east_side,2562374829,Irving Plaza,40.7349099,-73.9882699,leisure_entertainment,1474.1,7323.0,residential,2.0,112.7,127.6,41.2,145.8,0.0,1.0,
lower_east_side,10717839800,Moshava Coffee,40.7332791,-73.9985251,food_drink,1474.1,4320.0,secondary,1.0,55.4,112.8,155.3,130.6,0.6,0.4,
lower_east_side,12195740992,Neighborhood Cut & Shave,40.7296954,-74.0039608,personal_care,1475.6,4500.0,residential,,116.8,77.5,175.3,102.0,0.8335005930115865,0.1664994069884134,
lower_east_side,4416202291,Joe Junior,40.734635,-73.9859521,food_drink,1475.9,2580.0,residential,1.0,141.5,198.4,85.9,331.0,0.0,1.0,
lower_east_side,6789132282,Globe Language Services,40.7154521,-74.0054297,office_professional,1477.5,9300.0,secondary,2.0,5.6,169.4,216.3,45.8,0.0,1.0,
lower_east_side,6732699285,SOB's,40.7284401,-74.005096,leisure_entertainment,1477.8,35532.0,primary,2.0,67.6,92.0,109.4,125.2,0.0,1.0,
lower_east_side,4121316397,City Store,40.7133457,-74.0035915,retail,1478.0,50184.0,secondary,1.0,12.6,339.6,270.8,63.5,0.0,1.0,
lower_east_side,6630276324,Villagecopier,40.7347893,-73.993166,personal_care,1478.4,1675.0,residential,1.0,112.6,174.0,80.5,149.6,0.8333888703765412,0.1666111296234588,
lower_east_side,8878664656,Juice Generation,40.7308861,-74.0026761,food_drink,1478.6,1056.0,residential,1.0,95.4,119.1,154.6,86.4,0.8274539877300614,0.1725460122699386,
lower_east_side,12216281622,Occupational & Industrial Orthopedic Center,40.7291449,-74.004524,health,1478.8,3487.0,residential,1.0,53.4,0.0,146.7,134.1,1.0,0.0,
lower_east_side,8660588417,Heavenly Market & Deli,40.7297282,-74.0039827,retail,1479.3,4500.0,residential,,112.7,79.3,178.0,103.1,0.8335005930115865,0.1664994069884134,
lower_east_side,11655336329,Grace Beauty Bar,40.7321483,-74.0008647,personal_care,1479.4,1462.0,secondary,3.0,75.7,96.5,60.7,73.0,0.7962124331000412,0.2037875668999588,
lower_east_side,249664609,Four Points by Sheraton,40.7269401,-74.0061216,hospitality,1479.9,5145.0,residential,1.0,34.4,279.7,112.8,221.4,,,
lower_east_side,10717860312,Stellar Nail & Spa,40.7333091,-73.9985964,personal_care,1480.0,2160.0,secondary,1.0,48.9,106.0,161.9,127.5,0.565050530894205,0.4349494691057951,
lower_east_side,12517105501,The Flea,40.7160935,-74.0058928,leisure_entertainment,1480.5,3586.0,residential,,80.6,188.1,136.5,4.8,0.0,1.0,
lower_east_side,6001617585,Oppa Bar,40.7318504,-74.001369,food_drink,1480.8,2562.0,residential,,41.2,50.9,98.2,61.1,0.7984741985256301,0.2015258014743699,
lower_east_side,4308132589,Berimbau do Brasil,40.7300608,-74.0036699,food_drink,1481.2,3750.0,residential,,103.0,124.7,168.5,77.9,1.0,0.0,
lower_east_side,4108495532,Superfresh,40.7109067,-74.0002433,retail,1481.4,15264.0,primary,4.0,54.5,403.6,121.1,37.3,,,
lower_east_side,8307416282,Llama San,40.7322375,-74.0007701,food_drink,1482.3,1368.0,secondary,3.0,87.9,109.0,53.2,82.9,0.6904761904761905,0.3095238095238095,
lower_east_side,2704023639,East Way Gourmet,40.7346906,-73.9859133,retail,1482.6,2580.0,residential,1.0,148.5,205.4,88.7,330.4,0.0,1.0,
lower_east_side,10717839799,Renew Body Wellness,40.7333505,-73.9985669,personal_care,1482.8,2160.0,secondary,1.0,50.9,106.8,163.5,124.8,0.565050530894205,0.4349494691057951,
lower_east_side,8878664657,Hemped NYC,40.7309359,-74.0027002,retail,1483.9,1056.0,residential,1.0,98.0,118.4,148.7,92.2,0.8274539877300614,0.1725460122699386,
lower_east_side,249665040,Courtyard,40.7275472,-74.0058087,hospitality,1484.0,4375.0,primary,4.0,31.3,208.0,110.6,191.7,,,
lower_east_side,249664994,,40.7288293,-74.0048708,food_drink,1484.1,1192.0,residential,1.0,39.4,45.7,127.2,115.5,0.0,1.0,
lower_east_side,5896851985,Seven Grams Caffé,40.7273043,-74.0059691,food_drink,1484.6,13220.0,residential,1.0,50.5,238.2,108.4,206.3,0.0,1.0,
lower_east_side,7951278062,Duane Reade,40.7153984,-74.0054967,health,1485.3,9300.0,residential,1.0,12.3,161.6,220.1,46.9,0.0,1.0,
lower_east_side,6872608876,University Place Newsstand,40.7350075,-73.9917736,food_drink,1485.7,3015.0,living_street,,26.3,168.0,131.9,43.2,0.0,1.0,
lower_east_side,2562449477,Renewing Wellness,40.7286773,-74.0050175,personal_care,1485.7,1905.0,primary,2.0,47.7,66.6,121.7,113.0,0.0,1.0,
lower_east_side,5415650671,Pokerice,40.7318916,-74.0013962,food_drink,1485.8,2562.0,residential,,46.4,55.3,94.7,65.8,0.7984741985256301,0.2015258014743699,
lower_east_side,6397263568,Innovid,40.7349714,-73.9876825,office_professional,1486.5,8260.0,residential,1.0,148.6,177.5,11.5,185.4,0.0,1.0,
lower_east_side,9535050121,Sveta,40.729671,-74.0041564,food_drink,1487.2,4500.0,residential,,104.8,66.2,190.6,118.7,0.8335005930115865,0.1664994069884134,
lower_east_side,2704023642,Enail,40.7348042,-73.9863151,personal_care,1487.6,17296.0,residential,1.0,144.2,203.5,120.7,295.1,0.8803290633048665,0.1196709366951335,
lower_east_side,7904863244,Onigiri Tanakaya,40.7347321,-73.985884,food_drink,1487.7,1080.0,primary,5.0,153.7,210.6,91.0,328.1,0.6666666666666666,0.3333333333333333,
lower_east_side,12987824901,CorePower Yoga,40.7332473,-73.9989835,leisure_entertainment,1490.3,7265.0,secondary,1.0,21.5,79.9,180.2,121.4,0.7999748922458886,0.2000251077541114,
lower_east_side,2562449426,Houston News International,40.7286906,-74.0051001,retail,1492.4,1905.0,primary,2.0,42.4,70.1,127.6,106.5,0.0,1.0,
lower_east_side,249664614,New York City Fire Museum,40.7255756,-74.0069355,leisure_entertainment,1492.8,6300.0,residential,,21.5,445.9,192.9,139.3,0.0,1.0,
lower_east_side,4922311233,Starbucks,40.7351434,-73.9897998,food_drink,1493.1,9081.0,residential,1.0,8.4,31.1,151.2,37.8,0.0,1.0,
lower_east_side,9434253290,Chito Gvrito,40.7347769,-73.9858522,food_drink,1493.2,1080.0,primary,5.0,159.3,216.3,93.8,324.2,0.6666666666666666,0.3333333333333333,
lower_east_side,3215168668,The Grey Dog,40.7300039,-74.003915,food_drink,1493.5,1875.0,residential,,91.6,108.4,183.7,96.9,0.8113207547169812,0.1886792452830188,
lower_east_side,13514627475,Tashkent Supermarket Halal Food,40.7329662,-73.9996576,retail,1493.8,6750.0,residential,,19.0,76.1,116.5,131.8,0.0,1.0,
lower_east_side,6732642783,Five Boys Fresh Pizza,40.7287287,-74.0050957,food_drink,1494.3,1905.0,primary,2.0,39.2,66.8,130.4,104.3,0.0,1.0,
lower_east_side,2704023640,Danny 2 Cleaners,40.7348627,-73.9862709,personal_care,1494.7,17296.0,primary,5.0,151.7,210.9,122.7,294.7,0.8803290633048665,0.1196709366951335,
lower_east_side,5251345185,Hallah Food Van,40.7350937,-73.9918819,food_drink,1496.2,3957.0,living_street,,13.5,178.2,119.7,40.3,0.8837050910948407,0.1162949089051592,
lower_east_side,6732642784,Varick News International,40.7287714,-74.0050906,retail,1496.4,1905.0,residential,1.0,35.8,63.3,133.6,102.1,0.0,1.0,
lower_east_side,11746463839,Singlish,40.7349796,-73.993027,food_drink,1497.2,920.0,residential,1.0,92.0,197.0,67.4,130.8,0.0,1.0,
lower_east_side,2704021998,John's Shoe Repair,40.7350785,-73.9877636,personal_care,1497.4,8260.0,residential,2.0,152.7,172.2,7.2,174.3,0.0,1.0,
lower_east_side,2562449629,McDonald's,40.7288229,-74.0050824,food_drink,1498.8,1905.0,residential,1.0,32.3,59.1,137.4,99.8,0.0,1.0,
lower_east_side,6621617756,Pâtisserie Fouet,40.7349886,-73.9930818,food_drink,1499.0,920.0,residential,1.0,95.7,194.5,64.0,134.9,0.0,1.0,
lower_east_side,2897876741,Square Diner,40.718446,-74.007236,food_drink,1499.9,938.0,residential,1.0,23.8,269.4,151.5,32.3,0.0,1.0,
lower_east_side,4382629941,Bank of America,40.7351212,-73.9919648,finance,1500.0,3957.0,living_street,,9.8,185.6,114.7,43.4,0.8837050910948407,0.1162949089051592,
lower_east_side,9434253289,Thai Delight,40.7348485,-73.9858048,food_drink,1501.8,3240.0,primary,5.0,168.2,225.2,98.8,318.3,0.7785433070866141,0.2214566929133858,
lower_east_side,2562454109,Tacombi,40.7310966,-74.0027945,food_drink,1502.0,1390.0,residential,,109.4,119.4,129.6,111.7,0.0,1.0,
lower_east_side,13326385962,Burgers & Beer,40.7320136,-74.001509,food_drink,1502.2,1000.0,residential,,62.7,69.0,86.6,82.1,0.7674418604651163,0.2325581395348837,
lower_east_side,2358048503,Tashkent Supermarket,40.732989,-73.9997923,retail,1502.2,6750.0,residential,,9.4,72.9,106.4,140.8,0.0,1.0,
lower_east_side,3270458561,WeWork,40.7273252,-74.0061913,office_professional,1502.6,13220.0,residential,1.0,62.5,246.3,126.7,214.7,0.0,1.0,
lower_east_side,10695530468,Wicked Ways,40.7323865,-74.0009349,personal_care,1503.9,519.0,residential,,99.6,117.9,33.6,99.8,0.819364161849711,0.180635838150289,
lower_east_side,12986810701,Culture,40.7333228,-73.9991428,food_drink,1504.4,7265.0,secondary,1.0,6.8,64.1,171.0,110.4,0.7999748922458886,0.2000251077541114,
lower_east_side,4475172517,Corkbuzz,40.7350302,-73.993152,food_drink,1504.6,920.0,residential,1.0,99.5,189.8,56.9,139.3,0.0,1.0,
lower_east_side,7084594757,Walgreens,40.7333159,-73.9807557,health,1505.5,7360.0,primary,4.0,194.8,142.5,169.2,105.1,1.0,0.0,
lower_east_side,5607757124,All Seasons Beauty Spa,40.733441,-73.9989095,personal_care,1505.8,2348.0,secondary,1.0,22.9,76.2,191.0,102.8,0.8208640674394099,0.1791359325605901,
lower_east_side,11963740469,Bombay Bistros,40.7313594,-74.002533,food_drink,1506.9,2056.0,residential,,102.1,92.8,108.5,130.5,0.7527675276752768,0.2472324723247232,
lower_east_side,8883769417,Lot-Less,40.7152092,-74.0056552,retail,1507.0,14775.0,residential,1.0,23.3,140.5,236.7,49.8,0.0,1.0,
lower_east_side,11476841566,Reyna,40.7350479,-73.9932044,food_drink,1507.3,920.0,residential,1.0,103.0,185.3,53.0,143.0,0.0,1.0,
lower_east_side,8937352335,Tutors Umbrella,40.7349885,-73.9936244,office_professional,1507.6,7659.0,residential,1.0,116.3,165.7,54.1,179.0,1.0,0.0,
lower_east_side,11329781598,Playing Mantis,40.719761,-74.0076779,retail,1508.2,2188.0,residential,,64.9,376.3,299.1,104.9,0.6747946389969737,0.3252053610030264,
lower_east_side,2358048508,Grab & Go NYC Smoke Shop,40.7330918,-73.9997174,retail,1508.3,2925.0,secondary,3.0,6.8,61.6,116.3,138.2,0.0,1.0,
lower_east_side,10689584425,Popeyes,40.7351871,-73.9921001,food_drink,1508.6,2581.0,residential,3.0,13.7,198.1,104.8,49.6,0.0,1.0,
lower_east_side,10606691227,The Four-Faced Liar,40.7321644,-74.0013984,food_drink,1509.1,4875.0,residential,,75.2,85.6,67.4,89.2,0.8333333333333334,0.1666666666666666,
lower_east_side,13326385965,Tio Pepe,40.7320656,-74.0015562,food_drink,1509.2,2992.0,residential,,69.6,75.3,83.9,89.0,0.7144954727139244,0.2855045272860755,
lower_east_side,2897876740,Starbucks,40.7182651,-74.007295,food_drink,1509.7,6185.0,residential,1.0,44.3,251.1,137.6,39.0,0.8094086529378425,0.1905913470621575,
lower_east_side,5432433617,See's Candies,40.7333521,-73.9992007,food_drink,1509.7,3640.0,secondary,1.0,4.1,58.2,168.0,106.5,0.0,1.0,
lower_east_side,8769372817,Pamper Ur Pets,40.7178651,-74.0071513,retail,1510.0,1312.0,secondary,2.0,86.0,230.3,96.5,49.9,0.0,1.0,
lower_east_side,368051668,Daryl Roth Theater,40.7352914,-73.9894585,leisure_entertainment,1510.1,9081.0,residential,1.0,37.6,55.0,121.6,46.0,0.0,1.0,
lower_east_side,9469126092,King Wok,40.7290598,-74.0050475,food_drink,1510.4,600.0,residential,1.0,10.7,45.1,156.8,93.0,0.6,0.4,
lower_east_side,10717860313,Shun Fa Relaxing Center,40.7334652,-73.9989669,personal_care,1510.5,2348.0,secondary,1.0,19.5,70.8,191.2,98.6,0.8,0.2,
lower_east_side,11969362710,T-Mobile,40.7352011,-73.9921822,retail,1511.0,5163.0,residential,3.0,19.2,205.2,102.1,55.5,0.7799043062200957,0.2200956937799043,
lower_east_side,11655336328,Elegant Nails and Spa,40.7327557,-74.000431,personal_care,1511.3,1680.0,secondary,3.0,46.1,113.3,47.7,144.2,0.8561668464581086,0.1438331535418914,
lower_east_side,249665508,Top Thai 55 Carmine,40.7299664,-74.0042295,food_drink,1511.9,5250.0,residential,,79.5,94.7,206.3,122.8,0.8412698412698413,0.1587301587301587,
lower_east_side,11445034900,Matto Espresso,40.7151538,-74.0056897,food_drink,1512.5,14775.0,secondary,2.0,16.6,135.5,242.1,53.4,0.0,1.0,
lower_east_side,2547200402,Joe Coffee Company,40.7350879,-73.9933063,food_drink,1513.2,920.0,residential,1.0,110.0,176.3,45.3,150.4,0.0,1.0,
lower_east_side,2704023645,Westside Market,40.7350176,-73.9861522,retail,1513.6,17296.0,primary,5.0,171.4,230.4,130.0,294.7,0.8803290633048665,0.1196709366951335,
lower_east_side,11655336326,Taj Jewelry,40.7328002,-74.0003996,retail,1513.8,1680.0,secondary,3.0,41.3,107.7,51.3,148.0,0.8561668464581086,0.1438331535418914,
lower_east_side,10717860314,Smoke Shop,40.7334821,-73.9990071,retail,1513.9,2348.0,secondary,1.0,17.7,67.1,189.1,95.7,0.8,0.2,
lower_east_side,2562439875,Village Best,40.7328125,-74.0003909,retail,1514.5,1680.0,secondary,3.0,40.1,106.1,52.4,148.5,0.8561668464581086,0.1438331535418914,
lower_east_side,13008984463,Arcane Estate Coffee,40.7312645,-74.0028039,food_drink,1515.6,1032.0,residential,,116.6,116.4,111.2,128.6,0.755,0.245,
lower_east_side,2562449463,Napoli Pizza,40.7291699,-74.00503,food_drink,1515.8,153.0,secondary,3.0,12.6,42.7,166.4,92.4,0.0,1.0,
lower_east_side,11329818008,New York Design Architects,40.7178071,-74.0072067,office_professional,1516.3,545.0,secondary,2.0,92.7,222.7,95.9,57.8,0.0,1.0,
lower_east_side,11655336327,Uni K Wax,40.7328535,-74.000362,personal_care,1516.8,6825.0,secondary,3.0,36.0,101.0,56.1,147.8,0.9634262683431414,0.0365737316568586,
lower_east_side,2562449467,Talukder N Corp,40.7291973,-74.0050245,retail,1517.1,153.0,secondary,3.0,14.8,42.6,168.8,92.6,0.0,1.0,
lower_east_side,7283432938,GameStop,40.735247,-73.9922811,retail,1517.1,5163.0,residential,3.0,22.4,214.3,96.2,62.3,0.7799043062200957,0.2200956937799043,
lower_east_side,11329757155,Tokuyama Salon,40.7197756,-74.0077889,personal_care,1517.2,4375.0,residential,,60.1,374.4,304.3,102.4,0.912280701754386,0.087719298245614,
lower_east_side,2567571412,Majik Cleaning Services,40.7151039,-74.0057291,office_professional,1518.1,14775.0,secondary,2.0,10.7,130.5,246.9,56.9,0.0,1.0,
lower_east_side,12840681274,Cosmetic Dentist in Lower Manhattan,40.7340943,-73.9975773,health,1518.4,5950.0,residential,1.0,111.4,191.7,149.0,148.8,0.9849178020210144,0.0150821979789854,
lower_east_side,1714427541,Shmoné,40.7335075,-73.9990673,food_drink,1518.9,2348.0,secondary,1.0,16.5,61.4,186.0,91.6,0.8,0.2,
lower_east_side,8812242350,Kermanshah Oriental Rugs,40.7350144,-73.9941018,retail,1519.2,2500.0,secondary,3.0,87.2,148.7,37.8,217.8,0.7142362313820575,0.2857637686179425,
lower_east_side,12675363874,Laliko,40.7294591,-74.0048245,food_drink,1519.4,3000.0,residential,,47.8,43.1,188.0,111.5,0.8069345941686368,0.1930654058313632,
lower_east_side,2562449473,Taco Bell,40.729263,-74.0050056,food_drink,1519.8,153.0,secondary,3.0,21.2,42.7,174.5,94.0,0.0,1.0,
lower_east_side,9732492358,Shalman Dentistry,40.7341365,-73.997521,health,1520.7,5950.0,residential,1.0,115.9,197.5,143.8,143.9,0.9849178020210144,0.0150821979789854,
lower_east_side,11329788157,Downtown Pediatrics,40.7197806,-74.0078359,health,1521.0,4375.0,residential,,56.1,373.6,306.5,101.7,0.912280701754386,0.087719298245614,
lower_east_side,4426826906,Follia,40.7350082,-73.9857014,food_drink,1521.1,6900.0,residential,1.0,187.9,238.2,111.9,305.9,,,
lower_east_side,10717860315,Psychic,40.7335487,-73.9990374,leisure_entertainment,1521.5,2348.0,secondary,1.0,21.8,62.9,190.4,87.9,0.8,0.2,
lower_east_side,5858788894,Faicco's Italian Specialties,40.7311218,-74.0030826,food_drink,1521.5,1844.0,residential,1.0,133.5,142.3,124.5,127.7,0.6517469310670444,0.3482530689329556,
lower_east_side,11329824318,Glosslab,40.7181292,-74.0073929,personal_care,1521.6,6185.0,secondary,2.0,61.4,234.5,131.6,53.1,0.8094086529378425,0.1905913470621575,
lower_east_side,10689584426,Lush,40.7352889,-73.9923456,retail,1522.5,2581.0,residential,3.0,26.0,220.6,91.3,66.9,0.7857334166592268,0.2142665833407731,
lower_east_side,10709962665,Waverly Wine & Spirits,40.733327,-73.9995459,retail,1522.5,5075.0,secondary,3.0,32.3,40.2,141.0,109.7,0.0,1.0,
lower_east_side,9469126096,Wingstop,40.7294492,-74.0048903,food_drink,1523.3,3000.0,residential,,43.9,45.8,189.0,105.9,0.8069345941686368,0.1930654058313632,
lower_east_side,11867099054,Jajaja Mexicana,40.7298154,-74.004554,food_drink,1523.7,2235.0,residential,,87.8,74.6,219.7,130.7,0.88,0.12,
lower_east_side,6621617762,,40.7351379,-73.9936145,retail,1523.7,2500.0,residential,1.0,126.6,155.7,37.7,175.1,0.9477744807121662,0.0522255192878338,
lower_east_side,12195740993,Starbucks Pickup,40.7293401,-74.0049942,food_drink,1523.8,153.0,residential,,29.0,45.2,181.6,95.4,0.0,1.0,
lower_east_side,6612404177,Merci Market,40.7350706,-73.9940553,retail,1524.4,2500.0,secondary,3.0,94.5,144.2,45.1,212.9,0.6039366298607777,0.3960633701392222,
lower_east_side,8907680319,Verizon,40.7150331,-74.005777,retail,1525.5,14775.0,secondary,2.0,4.8,124.2,253.8,62.8,0.0,1.0,
lower_east_side,12621634600,amano cafe,40.7321451,-74.0017362,food_drink,1525.8,3445.0,residential,,85.0,87.2,87.0,103.7,0.75,0.25,
lower_east_side,10717860316,Barre3,40.7335474,-73.9991622,leisure_entertainment,1526.7,1802.0,secondary,1.0,18.6,52.6,181.3,85.5,0.5,0.5,
lower_east_side,12621649169,The Coppola Cafe,40.7322995,-74.0015137,food_drink,1526.9,2775.0,residential,,92.3,100.8,61.6,96.3,0.8628519527702089,0.1371480472297911,
lower_east_side,8769372717,Tribeca Wines,40.7177036,-74.0072982,retail,1527.1,1317.0,residential,2.0,105.1,209.8,96.0,71.4,0.8452328159645233,0.1547671840354767,
lower_east_side,4375696312,Trattoria Pesce Pasta,40.7311855,-74.0031019,food_drink,1527.6,1350.0,residential,1.0,137.0,142.5,117.4,134.3,0.670045045045045,0.3299549549549549,
lower_east_side,4977281127,Spunto Thin Crust Pizza,40.7297927,-74.0046364,food_drink,1527.8,1670.0,residential,,87.7,72.7,218.8,123.8,0.8,0.2,
lower_east_side,6568428086,The Mask Bar,40.7313242,-74.0029325,retail,1528.0,4320.0,residential,1.0,129.2,126.6,102.8,139.4,0.8550567874526771,0.1449432125473228,
lower_east_side,249663131,NYU Langone Orthopedic Hospital,40.7344007,-73.9829907,health,1528.1,22940.0,residential,1.0,110.1,0.0,179.9,146.4,0.0,1.0,
lower_east_side,11329781597,Elyse Walker,40.7200095,-74.0079803,retail,1529.7,1490.0,residential,,46.9,393.9,334.7,77.1,0.7551901908875575,0.2448098091124425,
lower_east_side,10709962666,Spectrum,40.7334486,-73.9994573,office_professional,1530.1,3640.0,secondary,1.0,25.4,34.4,154.5,95.4,0.0,1.0,
lower_east_side,6966903881,The Stand,40.7354298,-73.9884636,leisure_entertainment,1530.2,5834.0,residential,1.0,86.8,128.1,71.9,105.9,0.0,1.0,
lower_east_side,2358048515,Waverly Diner,40.7331105,-74.0001672,food_drink,1531.0,1717.0,residential,,22.8,68.0,83.9,144.7,0.75,0.25,
lower_east_side,8769372917,Drybar,40.7180142,-74.007471,personal_care,1531.3,6185.0,secondary,2.0,75.7,220.8,127.7,65.4,0.8094086529378425,0.1905913470621575,
lower_east_side,11329813206,Espasso,40.7197897,-74.0079676,retail,1531.9,4375.0,residential,,45.0,370.9,312.2,101.2,0.7321607035778532,0.2678392964221467,
lower_east_side,2547200381,Foot Locker,40.7353624,-73.9924866,retail,1532.2,2581.0,residential,3.0,37.4,211.8,83.9,78.3,0.7857334166592268,0.2142665833407731,
lower_east_side,4781188614,Getting Hungry,40.7289162,-74.0054734,food_drink,1532.3,25100.0,secondary,3.0,13.3,83.9,167.6,66.3,0.0,1.0,
lower_east_side,2554923796,BaNeul Tattoo,40.733577,-73.9992323,personal_care,1532.6,1802.0,secondary,1.0,22.5,46.2,178.2,81.3,0.5,0.5,
lower_east_side,12459804124,Broadway Spirits,40.7149769,-74.0058341,retail,1532.7,7650.0,secondary,2.0,9.3,117.9,259.2,67.6,0.0,1.0,
lower_east_side,2562374764,Raymour & Flanigan,40.7354971,-73.9894291,retail,1533.1,20813.0,primary,2.0,21.6,76.6,101.0,28.6,0.0,1.0,
lower_east_side,2704023647,Gramercy Cafe,40.735181,-73.9860339,food_drink,1533.5,1103.0,residential,1.0,192.1,250.9,140.5,295.5,0.0,1.0,
lower_east_side,13326433926,All Seasons Spa,40.7331694,-74.0001223,personal_care,1534.3,1760.0,secondary,3.0,19.7,60.4,90.7,141.8,0.4615384615384615,0.5384615384615384,
lower_east_side,13071037079,Planet Fitness,40.7353831,-73.9925647,leisure_entertainment,1535.4,3713.0,residential,3.0,44.2,204.9,79.5,84.9,0.6886120996441281,0.3113879003558719,
lower_east_side,8644302519,Barber SPA,40.7165487,-74.0068676,personal_care,1535.7,8797.0,residential,,51.7,191.3,94.2,83.9,0.7567294112687338,0.2432705887312662,
lower_east_side,11352167965,Club Pilates,40.7332109,-74.0000857,leisure_entertainment,1536.4,1760.0,secondary,3.0,17.2,54.9,96.0,136.3,0.4615384615384615,0.5384615384615384,
lower_east_side,11329781421,Steven Amedee Fine Custom Framing,40.7200158,-74.0080644,retail,1536.7,1490.0,residential,,40.7,392.6,338.4,77.8,0.7551901908875575,0.2448098091124425,
lower_east_side,264752132,Hotel 17,40.7349138,-73.9845535,hospitality,1536.8,5668.0,residential,1.0,132.8,143.5,113.7,215.1,,,
lower_east_side,1825739830,Ayza Wine & Chocolate Bar,40.7297052,-74.0048523,food_drink,1536.9,1575.0,residential,,71.0,68.2,214.5,106.2,0.7124565575269801,0.2875434424730199,
lower_east_side,2555137422,CrossFit Union Square,40.7354597,-73.9919171,leisure_entertainment,1537.0,6032.0,residential,3.0,8.2,191.2,81.0,32.3,0.0,1.0,
lower_east_side,5272597583,bookbook,40.7312795,-74.0031402,retail,1537.1,1062.0,residential,1.0,143.4,144.4,107.1,144.6,0.7288135593220338,0.2711864406779661,
lower_east_side,7343645076,Wendy's,40.7354191,-73.9926501,food_drink,1540.4,3713.0,residential,3.0,51.9,196.7,71.8,92.3,0.6886120996441281,0.3113879003558719,
lower_east_side,13107985270,FIFTYLAN,40.735567,-73.9893851,food_drink,1540.9,20813.0,primary,2.0,14.4,85.2,92.5,27.4,0.0,1.0,
lower_east_side,12079568551,& Son Steakeasy,40.7339041,-73.9986749,food_drink,1541.1,2348.0,residential,1.0,34.1,97.0,183.2,72.2,0.8264642082429501,0.1735357917570499,
lower_east_side,10717860317,Andiamo Pizza,40.7336357,-73.9993159,food_drink,1541.8,1802.0,secondary,1.0,31.0,38.6,176.2,74.2,0.5,0.5,
lower_east_side,2567571411,Foot Doctor of New York,40.7148884,-74.0059052,health,1542.8,7650.0,secondary,2.0,14.4,110.0,268.1,76.4,0.0,1.0,
lower_east_side,11329584542,BW Dental,40.7155431,-74.0063754,health,1543.7,4939.0,residential,1.0,80.5,114.7,193.3,19.1,0.7223499361430396,0.2776500638569604,
lower_east_side,6622136387,Taco Bell,40.73545,-73.9927297,food_drink,1544.8,3700.0,residential,3.0,59.1,189.2,64.8,99.3,0.8082901554404145,0.1917098445595854,
lower_east_side,13294695530,bluemercury,40.7336886,-73.9992804,retail,1545.3,1571.0,secondary,3.0,35.5,41.8,182.1,68.6,0.3401931961360773,0.6598068038639228,
lower_east_side,5910751755,Union Square Barbell Club,40.7355377,-73.9918887,leisure_entertainment,1545.4,6032.0,residential,3.0,16.2,192.2,74.6,34.2,0.0,1.0,
lower_east_side,5804903909,Ken-Zen Institute,40.7166313,-74.0070498,leisure_entertainment,1546.6,2510.0,residential,,59.5,188.7,95.7,99.5,1.0,0.0,
lower_east_side,10606691228,Village Cuts,40.732451,-74.0016465,personal_care,1547.0,830.0,residential,,111.9,118.8,61.2,76.0,0.25,0.75,
lower_east_side,11329608813,New York Sports and Joint Orthopedic Specialists,40.7155745,-74.0064461,health,1547.5,4939.0,residential,1.0,87.2,114.1,190.1,19.0,0.7223499361430396,0.2776500638569604,
lower_east_side,13308433525,West 9 Finest Deli,40.7339375,-73.9987539,retail,1547.5,2348.0,residential,1.0,27.6,91.9,177.6,64.6,0.8264642082429501,0.1735357917570499,
lower_east_side,6437021178,Shake Shack,40.7292079,-74.0054593,food_drink,1548.5,25100.0,secondary_link,1.0,23.1,79.1,190.6,56.0,0.0,1.0,
lower_east_side,13294695529,Shun Fa 68,40.7337367,-73.9992506,personal_care,1548.7,1552.0,secondary,3.0,40.2,45.2,187.4,63.5,0.3333333333333333,0.6666666666666666,
lower_east_side,8883769317,Starbucks,40.7148605,-74.0059829,food_drink,1550.0,7650.0,unclassified,1.0,20.5,103.0,270.5,79.0,0.0,1.0,
lower_east_side,7509089435,Askili Orchard,40.7334356,-73.9999276,food_drink,1550.0,2534.0,secondary,3.0,29.8,26.6,122.3,108.0,0.0,1.0,
lower_east_side,12022143172,Bureau,40.7156153,-74.0065097,leisure_entertainment,1550.3,4939.0,residential,1.0,94.1,115.2,186.0,17.8,0.7223499361430396,0.2776500638569604,
lower_east_side,4998806132,Staples,40.735602,-73.9916228,retail,1550.3,10325.0,residential,3.0,37.6,175.0,83.4,18.2,0.0,1.0,
lower_east_side,5302771421,cncpts,40.724267,-74.0080555,retail,1550.3,1925.0,secondary,2.0,175.0,618.7,136.1,29.5,0.8404558404558404,0.1595441595441595,
lower_east_side,11969362709,Subway,40.7355578,-73.9921902,food_drink,1550.5,6032.0,residential,3.0,22.6,216.6,62.9,57.7,0.0,1.0,
lower_east_side,248163435,Orangetheory Fitness,40.7333383,-74.0001348,leisure_entertainment,1550.5,3085.0,secondary,3.0,28.0,45.7,102.2,126.0,0.0,1.0,
lower_east_side,2825233330,Hall des Lumières,40.713744,-74.005072,leisure_entertainment,1551.1,11325.0,unclassified,3.0,77.7,208.8,292.4,26.9,,,
lower_east_side,13294695531,LifeThyme Market,40.7337859,-73.9992125,food_drink,1551.8,1552.0,secondary,3.0,40.3,49.8,186.7,58.6,0.0,1.0,
lower_east_side,4977281128,Village Tavern,40.7305538,-74.0042275,food_drink,1552.2,1508.0,residential,1.0,37.1,158.6,211.0,143.3,0.0,1.0,
lower_east_side,2550051120,Village Dental Surgery,40.7334735,-73.9998997,health,1552.3,2534.0,secondary,3.0,33.9,21.8,126.9,103.2,0.0,1.0,
lower_east_side,13308433524,World Class Cleaners,40.7339645,-73.9988179,personal_care,1552.7,3388.0,residential,1.0,22.8,88.0,173.2,58.6,0.8659838223328388,0.1340161776671612,
lower_east_side,4465973688,HG Lee Architects PC,40.7149137,-74.0060767,office_professional,1554.0,7650.0,unclassified,1.0,29.1,96.4,263.9,73.4,0.0,1.0,
lower_east_side,12079568550,Bigelow Surgical,40.7338779,-73.9990736,health,1554.8,3094.0,secondary,3.0,34.8,64.4,177.9,52.7,0.0,1.0,
lower_east_side,248163437,Citibank,40.7334283,-74.0000754,finance,1556.1,2462.0,secondary,3.0,32.9,35.0,112.9,114.8,0.0,1.0,
lower_east_side,11969362708,chashama,40.7356045,-73.9922799,leisure_entertainment,1556.6,31800.0,residential,3.0,31.7,216.6,56.6,66.7,0.8961589033557441,0.1038410966442559,
lower_east_side,5243570858,Voula,40.732235,-74.0021598,food_drink,1556.7,2500.0,residential,,115.6,111.7,75.6,88.3,0.9239447331727724,0.0760552668272277,
lower_east_side,1338576188,Barry Gordin Hair Design,40.7313263,-74.0034046,personal_care,1556.8,659.0,residential,,133.3,166.3,105.3,162.5,1.0,0.0,
lower_east_side,2704034189,188 Nail Spa,40.7353758,-73.9858946,personal_care,1557.2,2300.0,residential,1.0,178.3,238.6,155.9,285.1,0.8695652173913043,0.1304347826086956,
lower_east_side,10709962653,Chipotle,40.7335703,-73.9998283,food_drink,1558.1,2534.0,secondary,3.0,44.9,9.5,138.7,90.8,0.0,1.0,
lower_east_side,8648214217,Hudson Wine Spirits,40.7221344,-74.0084535,retail,1558.4,5000.0,primary,1.0,173.0,617.8,115.0,46.5,0.8333333333333334,0.1666666666666666,
lower_east_side,5651930690,C.O. Bigelow Chemists,40.7339069,-73.9990967,health,1558.6,3094.0,secondary,3.0,32.9,64.1,174.4,48.9,0.0,1.0,
lower_east_side,11969362707,QQ Nails & Spa,40.7356299,-73.9923335,personal_care,1559.9,31800.0,residential,3.0,36.9,211.4,53.4,72.0,0.8961589033557441,0.1038410966442559,
lower_east_side,5172034022,The Doughnut Project,40.7312468,-74.0035596,food_drink,1560.4,4500.0,residential,,117.5,179.9,117.7,165.2,0.7678018575851393,0.2321981424148606,
lower_east_side,7951278058,Trinity Boxing Club,40.7156886,-74.0066902,leisure_entertainment,1560.5,2917.0,residential,1.0,104.0,114.3,180.0,26.3,0.7718420023464998,0.2281579976535002,
lower_east_side,8769373017,Church St.,40.7163036,-74.0070698,retail,1561.8,8797.0,secondary,3.0,83.0,159.8,126.3,72.8,0.7567294112687338,0.2432705887312662,
lower_east_side,3583796993,Corbet & Conley,40.7354601,-73.9861323,food_drink,1562.1,2300.0,residential,1.0,181.7,244.3,149.0,276.3,0.8695652173913043,0.1304347826086956,
lower_east_side,10709962652,Medrite Urgen Care,40.7336445,-73.9997736,health,1562.7,12987.0,secondary,3.0,50.5,0.0,147.9,81.4,0.0,1.0,
lower_east_side,11157798346,Moustache Pitza (Moustache),40.7306885,-74.0042533,food_drink,1563.4,1675.0,residential,,35.9,173.1,198.9,153.4,1.0,0.0,
lower_east_side,12893601984,Jooy Tea Shoppe,40.7356607,-73.9923922,food_drink,1564.0,31800.0,residential,3.0,42.9,205.6,50.1,77.9,0.8961589033557441,0.1038410966442559,
lower_east_side,4998806133,Vans,40.7357447,-73.9915327,retail,1565.5,12915.0,residential,1.0,53.4,176.6,80.0,19.3,0.8334397294179574,0.1665602705820426,
lower_east_side,10757509890,Psychic Tarot,40.7340708,-73.9810325,leisure_entertainment,1566.6,1139.0,residential,1.0,172.1,151.5,123.6,114.9,0.7,0.3,
lower_east_side,10757509887,Prestige Laundry & Cleaners,40.7340943,-73.9810888,personal_care,1566.7,1139.0,residential,1.0,175.2,149.5,122.2,120.0,0.7,0.3,
lower_east_side,3822448405,La Loteria,40.7307928,-74.004204,food_drink,1567.7,4257.0,secondary,3.0,44.2,185.2,186.7,157.3,0.8277347114556417,0.1722652885443583,
lower_east_side,8648214218,Interlude,40.7211682,-74.0085684,food_drink,1568.6,10849.0,residential,1.0,146.7,510.0,218.8,36.6,0.5321897532094496,0.4678102467905504,
lower_east_side,2358048509,Joe Coffee Company,40.7333179,-74.0005572,food_drink,1568.6,1650.0,residential,,58.7,75.4,79.2,104.9,0.8015873015873016,0.1984126984126984,
lower_east_side,2704045689,Verizon,40.7340179,-73.9808503,retail,1568.9,1161.0,residential,1.0,161.6,160.5,127.0,98.7,0.6251076658053403,0.3748923341946598,
lower_east_side,2845882106,Bagel Pub,40.7340466,-73.9990277,food_drink,1569.3,3388.0,residential,1.0,16.8,77.1,160.1,39.4,0.8659838223328388,0.1340161776671612,
lower_east_side,2565708108,Bubby's,40.7198226,-74.0084234,food_drink,1569.4,3290.0,residential,,6.8,364.4,334.3,108.6,0.7026143790849673,0.2973856209150327,
lower_east_side,320487241,Arlo Soho,40.7244314,-74.0082488,hospitality,1569.8,12937.0,primary,1.0,166.7,610.9,157.1,48.0,,,
lower_east_side,249665482,Tony Dapolito Recreation Center,40.7296158,-74.0054089,leisure_entertainment,1569.9,11385.0,secondary,1.0,60.2,91.1,225.4,62.5,0.0,1.0,
lower_east_side,4316479389,Patisserie Claude,40.7326391,-74.0017782,food_drink,1570.2,834.0,residential,,130.1,141.3,66.7,52.5,1.0,0.0,
lower_east_side,12662645401,Rafele,40.7309038,-74.0041193,food_drink,1570.2,4257.0,secondary,3.0,56.9,198.5,172.5,160.4,0.8277347114556417,0.1722652885443583,
lower_east_side,3575499039,Potbelly,40.7144017,-74.005909,food_drink,1570.4,34413.0,secondary,3.0,31.8,113.6,321.9,52.7,0.0,1.0,
lower_east_side,10757178646,Triona's,40.7354861,-73.985814,food_drink,1570.7,2300.0,primary,5.0,164.3,224.8,165.5,273.0,0.0,1.0,
lower_east_side,2550051076,Casey's Flower Studio,40.7337416,-73.9997577,retail,1571.1,12987.0,secondary,2.0,40.3,10.9,156.7,71.2,0.0,1.0,
lower_east_side,5243570804,Jones Street Wine,40.7320382,-74.0027018,retail,1571.2,2500.0,residential,,92.8,128.6,39.1,120.2,0.7525977238990599,0.2474022761009401,
lower_east_side,8902262529,Lids,40.7358033,-73.9914982,retail,1571.7,12915.0,residential,1.0,60.1,178.0,79.5,19.6,0.8334397294179574,0.1665602705820426,
lower_east_side,2821335225,TD Bank,40.7146483,-74.0061262,finance,1572.2,2404.0,unclassified,1.0,39.9,90.1,293.1,79.9,0.8285714285714286,0.1714285714285714,
lower_east_side,11969362704,Baked by Melissa,40.7357202,-73.9925371,food_drink,1572.2,31800.0,residential,3.0,56.6,191.9,46.1,91.8,0.8961589033557441,0.1038410966442559,
lower_east_side,10757178647,Pilates Habitat,40.7355214,-73.9859028,leisure_entertainment,1572.9,2300.0,residential,1.0,165.0,226.4,169.5,268.9,0.0,1.0,
lower_east_side,931799204,John's of Bleecker St,40.7316098,-74.0033416,food_drink,1574.8,4200.0,residential,1.0,106.3,162.6,73.5,184.5,0.832908592585469,0.1670914074145309,
lower_east_side,5994163587,Little Branch,40.7301156,-74.0050252,food_drink,1575.5,2024.0,residential,,62.0,115.9,262.4,97.2,0.6074177746675997,0.3925822253324003,
lower_east_side,10757509886,One's Convenience & Smoke Shop,40.7340708,-73.9808118,retail,1575.7,1161.0,residential,1.0,155.8,166.5,120.9,96.7,0.6251076658053403,0.3748923341946598,
lower_east_side,11329753352,Tribeca Medspa,40.7196365,-74.008464,personal_care,1575.7,3787.0,secondary,3.0,23.9,343.5,319.0,128.7,0.7839105339105339,0.216089466089466,
lower_east_side,4971985122,Tribeca's Kitchen,40.7161674,-74.0071773,food_drink,1576.0,8797.0,residential,1.0,100.4,142.7,144.0,72.0,0.7567294112687338,0.2432705887312662,
lower_east_side,3041513139,Olio e Più,40.7337937,-73.9997745,food_drink,1576.8,12987.0,secondary,2.0,36.1,16.6,160.2,66.9,0.0,1.0,
lower_east_side,8851156980,Cafe Atelier,40.719582,-74.0084712,food_drink,1577.2,1640.0,secondary,3.0,29.9,337.4,314.4,134.5,0.7560637560637561,0.2439362439362439,
lower_east_side,2555135915,Citizens Bank,40.7358573,-73.9914514,finance,1577.4,12915.0,residential,1.0,67.1,178.4,80.8,18.9,0.8334397294179574,0.1665602705820426,
lower_east_side,8333736449,Hawa Smoothie,40.7158255,-74.0069978,food_drink,1577.5,5833.0,residential,1.0,96.6,118.2,172.0,49.5,0.8011314932281844,0.1988685067718155,
lower_east_side,2704045688,Posto,40.7348558,-73.982864,food_drink,1579.0,1200.0,residential,1.0,108.4,51.7,140.3,98.3,0.8,0.2,
lower_east_side,6630517161,CAVA,40.7274974,-74.0071128,food_drink,1581.3,30057.0,secondary,2.0,135.4,284.9,206.3,212.6,0.0,1.0,
lower_east_side,9140832116,CVS Pharmacy,40.7356855,-73.993496,health,1581.5,30150.0,residential,3.0,79.2,120.3,21.2,167.3,0.0,0.0219936958663828,
lower_east_side,11738086069,Osteria 57,40.7346089,-73.9978963,food_drink,1581.6,2077.0,residential,1.0,60.0,191.1,101.6,97.8,0.8907968067480042,0.1092031932519957,
lower_east_side,6612404170,Le Café coffee,40.735804,-73.9926767,food_drink,1583.0,31800.0,residential,3.0,71.6,177.8,43.8,106.5,0.8961589033557441,0.1038410966442559,
lower_east_side,8333736448,Burrito Mariachi,40.7157901,-74.0070493,food_drink,1583.1,5833.0,secondary,4.0,90.9,113.3,177.2,54.4,0.8011314932281844,0.1988685067718155,
lower_east_side,2704042931,Manhattan Indian Flavor,40.7350273,-73.9832212,food_drink,1585.6,3406.0,residential,1.0,102.5,72.3,159.2,107.9,0.8908024460252091,0.1091975539747909,
lower_east_side,10585445259,Yama,40.7358652,-73.9876113,food_drink,1585.8,1140.0,residential,1.0,147.9,214.6,95.3,143.8,0.7566371681415929,0.243362831858407,
lower_east_side,3041500233,Citarella,40.7343134,-73.9988298,retail,1587.3,10655.0,secondary,3.0,17.9,108.9,136.0,43.9,0.901430812196335,0.098569187803665,
lower_east_side,765274326,,40.7323558,-73.9774056,leisure_entertainment,1587.6,2675000.0,residential,,245.8,402.5,417.5,32.9,0.9357836392394872,0.0642163607605128,
lower_east_side,249664556,Emergency Dentist SoHo,40.724995,-74.0083049,health,1587.6,3690.0,residential,1.0,105.1,560.8,219.4,70.9,0.9606827445652174,0.0393172554347826,
lower_east_side,8333736450,Akimoto Sushi,40.7157534,-74.0070887,food_drink,1587.8,5833.0,secondary,4.0,85.6,108.5,182.2,58.4,0.8011314932281844,0.1988685067718155,
lower_east_side,2550051106,Tue Thai Food,40.7338979,-73.9998082,food_drink,1588.2,12987.0,residential,1.0,26.6,28.3,167.6,59.3,0.0,1.0,
lower_east_side,3157703734,Blind Tiger,40.7318556,-74.0032442,food_drink,1588.3,1250.0,residential,,81.9,161.0,45.0,160.7,0.8199052132701422,0.1800947867298578,
lower_east_side,13089386425,Salt Hank's,40.7317339,-74.0034057,food_drink,1588.4,1661.0,residential,1.0,91.8,170.4,62.7,179.7,0.75,0.25,
lower_east_side,4739221813,Locande,40.7204523,-74.0087431,food_drink,1588.4,17728.0,residential,2.0,70.1,429.2,299.4,79.1,0.8684628966647482,0.1315371033352518,
lower_east_side,6630517163,MakiMaki,40.7277372,-74.0070702,food_drink,1589.0,30057.0,secondary,2.0,120.2,265.6,212.8,186.8,0.0,1.0,
lower_east_side,8648214219,Citibank,40.7202542,-74.008727,finance,1589.1,17728.0,secondary,3.0,49.0,407.5,320.4,89.0,0.8684628966647482,0.1315371033352518,
lower_east_side,11969362703,Pressed Juicery,40.7358385,-73.9928646,food_drink,1589.2,31800.0,residential,3.0,86.8,161.6,52.8,122.4,0.8961589033557441,0.1038410966442559,
lower_east_side,1017512896,,40.7123718,-74.0042392,food_drink,1589.3,31706.0,secondary_link,1.0,32.4,237.7,149.8,17.2,0.0,1.0,
lower_east_side,10757509894,Ponce Bank,40.7341821,-73.9807308,finance,1589.8,2300.0,primary,5.0,143.9,179.2,108.2,94.0,0.8059006211180124,0.1940993788819875,
lower_east_side,1017512897,,40.7124955,-74.0043862,food_drink,1589.8,31706.0,secondary,3.0,19.5,248.3,158.9,20.6,0.0,1.0,
lower_east_side,6630517164,Glaze,40.7277965,-74.0070614,food_drink,1591.2,30057.0,secondary,2.0,113.6,261.1,215.0,180.5,0.0,1.0,
lower_east_side,2821335221,Chipotle,40.7144985,-74.0062757,food_drink,1591.5,6824.0,secondary,3.0,38.4,80.9,309.4,66.4,0.8530934366288963,0.1469065633711037,
lower_east_side,2704034126,Bar Jamón,40.7358748,-73.98712,food_drink,1592.6,2896.0,residential,1.0,172.6,251.3,111.1,183.2,0.9040423608420508,0.0959576391579491,
lower_east_side,8333736451,Shop Namira,40.7157169,-74.0071363,retail,1593.2,5833.0,secondary,4.0,80.0,103.7,187.5,63.2,0.8011314932281844,0.1988685067718155,
lower_east_side,2522452461,Port Sa'id,40.7279023,-74.0070286,food_drink,1593.7,30057.0,residential,,101.6,252.3,218.1,168.7,0.0,1.0,
lower_east_side,5154037340,KUNI sushi,40.7317814,-74.003445,food_drink,1594.4,1575.0,residential,1.0,86.1,174.9,59.6,177.5,0.6401052883464944,0.3598947116535056,
lower_east_side,11329779866,Mr. Chow,40.7200957,-74.0087665,food_drink,1594.4,17728.0,residential,,35.6,389.6,338.3,102.3,0.8684628966647482,0.1315371033352518,
lower_east_side,11969362702,Garden of Eden,40.735878,-73.9929476,food_drink,1594.6,16981.0,residential,3.0,95.1,153.6,56.5,130.6,0.9022190611664296,0.0977809388335704,
lower_east_side,8333736452,Fresh Curry,40.7156736,-74.0071471,food_drink,1596.0,5833.0,secondary,4.0,75.5,98.8,192.3,64.5,0.8011314932281844,0.1988685067718155,
lower_east_side,5804901025,Duane Street Hotel,40.7159879,-74.0073387,hospitality,1596.4,2975.0,residential,1.0,97.9,119.1,168.1,78.9,0.0,0.1489800595920238,
lower_east_side,5709973043,Taco Bell Cantina,40.734237,-73.9806908,food_drink,1596.8,7360.0,primary,5.0,138.1,185.6,102.1,93.4,0.6981132075471698,0.3018867924528302,
lower_east_side,2704034237,Casa Mono,40.7359257,-73.9871655,food_drink,1597.6,2896.0,residential,1.0,165.8,250.5,114.1,178.2,0.9040423608420508,0.0959576391579491,
lower_east_side,8333736444,Savida,40.7165611,-74.0076634,food_drink,1597.6,13144.0,residential,1.0,89.3,141.0,139.7,129.9,0.6073911940955864,0.3926088059044136,
lower_east_side,13311273314,Fyra Yoga,40.7344925,-73.9986459,leisure_entertainment,1597.8,2127.0,secondary,3.0,42.5,133.9,124.7,62.6,0.2802496476746527,0.7197503523253473,
lower_east_side,11329804755,Gerben Fine Art,40.7173575,-74.008036,leisure_entertainment,1597.9,4150.0,residential,,139.5,136.8,146.1,110.2,0.803652071470646,0.196347928529354,
lower_east_side,13326302618,Gandhi Cafe,40.7319374,-74.0033019,food_drink,1598.1,1875.0,residential,1.0,71.7,168.6,38.5,156.5,0.88,0.12,
lower_east_side,5023195622,Beacon's Closet,40.7355729,-73.9950008,retail,1598.1,3500.0,residential,1.0,102.8,82.1,37.1,209.8,0.9067218639704908,0.0932781360295093,
lower_east_side,8333736458,Tavern On Reade,40.7148666,-74.0066475,food_drink,1598.7,9385.0,unclassified,1.0,76.5,48.7,270.0,95.2,0.0,1.0,
lower_east_side,5163985624,The Odeon,40.716972,-74.0078817,food_drink,1599.1,2942.0,residential,,107.7,128.6,137.2,124.5,0.6874572051042639,0.312542794895736,
lower_east_side,8333736453,Domino's,40.7156466,-74.0071734,food_drink,1599.3,5833.0,secondary,4.0,71.8,95.5,195.9,67.2,0.8011314932281844,0.1988685067718155,
lower_east_side,5628928424,Westville,40.7272539,-74.0075081,food_drink,1601.2,10066.0,residential,1.0,129.0,327.8,232.5,251.3,0.0,1.0,
