cell_id,shop_density_km2
r0033_c0245,0.0
r0033_c0246,0.0
r0033_c0247,0.0
r0034_c0244,0.0
r0034_c0245,0.0
r0034_c0246,0.0
r0034_c0247,0.0
r0034_c0248,0.0
r0034_c0249,0.0
r0034_c0250,0.0
r0035_c0242,0.0
r0035_c0243,0.0
r0035_c0244,0.0
r0035_c0245,0.0
r0035_c0246,0.0
r0035_c0247,0.0
r0035_c0248,0.0
r0035_c0249,0.0
r0035_c0250,0.0
r0035_c0251,0.0
r0035_c0252,0.0
r0036_c0231,0.0
r0036_c0232,0.0
r0036_c0233,0.0
r0036_c0240,0.0
r0036_c0241,0.0
r0036_c0242,0.0
r0036_c0243,0.0
r0036_c0244,0.0
r0036_c0245,0.0
r0036_c0246,0.0
r0036_c0247,0.0
r0036_c0248,0.0
r0036_c0249,0.0
r0036_c0250,0.0
r0036_c0251,0.0
r0036_c0252,0.0
r0036_c0253,0.0
r0036_c0254,0.0
r0036_c0255,0.0
r0037_c0231,0.0
r0037_c0232,0.0
r0037_c0233,44.44
r0037_c0235,0.0
r0037_c0236,0.0
r0037_c0237,0.0
r0037_c0238,0.0
r0037_c0239,0.0
r0037_c0240,0.0
r0037_c0241,0.0
r0037_c0242,0.0
r0037_c0243,0.0
r0037_c0244,0.0
r0037_c0245,0.0
r0037_c0246,0.0
r0037_c0247,0.0
r0037_c0248,0.0
r0037_c0249,0.0
r0037_c0250,0.0
r0037_c0251,0.0
r0037_c0252,0.0
r0037_c0253,0.0
r0037_c0254,0.0
r0037_c0255,0.0
r0037_c0256,0.0
r0037_c0257,0.0
r0038_c0235,0.0
r0038_c0236,0.0
r0038_c0237,0.0
r0038_c0238,0.0
r0038_c0239,0.0
r0038_c0240,0.0
r0038_c0241,0.0
r0038_c0242,0.0
r0038_c0243,0.0
r0038_c0244,0.0
r0038_c0245,0.0
r0038_c0246,0.0
r0038_c0247,0.0
r0038_c0248,0.0
r0038_c0249,0.0
r0038_c0250,0.0
r0038_c0251,0.0
r0038_c0252,0.0
r0038_c0253,0.0
r0038_c0254,0.0
r0038_c0255,0.0
r0038_c0256,0.0
r0038_c0257,0.0
r0038_c0258,0.0
r0038_c0259,0.0
r0038_c0260,0.0
r0039_c0225,0.0
r0039_c0226,0.0
r0039_c0227,0.0
r0039_c0232,0.0
r0039_c0234,0.0
r0039_c0235,0.0
r0039_c0236,0.0
r0039_c0237,0.0
r0039_c0238,0.0
r0039_c0239,0.0
r0039_c0240,0.0
r0039_c0241,0.0
r0039_c0242,0.0
r0039_c0243,0.0
r0039_c0244,0.0
r0039_c0245,0.0
r0039_c0246,0.0
r0039_c0247,0.0
r0039_c0248,0.0
r0039_c0249,0.0
r0039_c0250,0.0
r0039_c0251,0.0
r0039_c0252,0.0
r0039_c0253,0.0
r0039_c0254,0.0
r0039_c0255,0.0
r0039_c0256,0.0
r0039_c0257,0.0
r0039_c0258,0.0
r0039_c0259,0.0
r0039_c0260,0.0
r0039_c0261,0.0
r0039_c0262,0.0
r0040_c0220,0.0
r0040_c0221,0.0
r0040_c0222,0.0
r0040_c0223,0.0
r0040_c0224,0.0
r0040_c0225,0.0
r0040_c0226,0.0
r0040_c0227,0.0
r0040_c0232,0.0
r0040_c0234,0.0
r0040_c0235,0.0
r0040_c0236,0.0
r0040_c0237,0.0
r0040_c0238,0.0
r0040_c0239,0.0
r0040_c0240,0.0
r0040_c0241,0.0
r0040_c0242,0.0
r0040_c0243,44.44
r0040_c0244,0.0
r0040_c0245,0.0
r0040_c0246,0.0
r0040_c0247,0.0
r0040_c0248,0.0
r0040_c0249,0.0
r0040_c0250,0.0
r0040_c0251,0.0
r0040_c0252,0.0
r0040_c0253,0.0
r0040_c0254,0.0
r0040_c0255,0.0
r0040_c0256,0.0
r0040_c0257,0.0
r0040_c0258,0.0
r0040_c0259,0.0
r0040_c0260,0.0
r0040_c0261,0.0
r0040_c0262,0.0
r0040_c0263,0.0
r0040_c0264,0.0
r0040_c0265,0.0
r0041_c0220,0.0
r0041_c0221,0.0
r0041_c0222,0.0
r0041_c0223,0.0
r0041_c0224,0.0
r0041_c0225,0.0
r0041_c0226,0.0
r0041_c0230,0.0
r0041_c0233,0.0
r0041_c0234,0.0
r0041_c0235,0.0
r0041_c0236,0.0
r0041_c0237,0.0
r0041_c0238,0.0
r0041_c0239,0.0
r0041_c0240,0.0
r0041_c0241,0.0
r0041_c0242,0.0
r0041_c0243,0.0
r0041_c0244,0.0
r0041_c0245,0.0
r0041_c0246,0.0
r0041_c0247,0.0
r0041_c0248,0.0
r0041_c0249,0.0
r0041_c0250,0.0
r0041_c0251,0.0
r0041_c0252,0.0
r0041_c0253,0.0
r0041_c0254,0.0
r0041_c0255,0.0
r0041_c0256,0.0
r0041_c0257,0.0
r0041_c0258,0.0
r0041_c0259,0.0
r0041_c0260,0.0
r0041_c0261,0.0
r0041_c0262,0.0
r0041_c0263,0.0
r0041_c0264,0.0
r0041_c0265,0.0
r0041_c0266,0.0
r0041_c0267,0.0
r0042_c0220,0.0
r0042_c0221,0.0
r0042_c0222,0.0
r0042_c0223,0.0
r0042_c0224,0.0
r0042_c0225,0.0
r0042_c0230,0.0
r0042_c0234,0.0
r0042_c0235,0.0
r0042_c0236,0.0
r0042_c0237,0.0
r0042_c0238,0.0
r0042_c0239,0.0
r0042_c0240,0.0
r0042_c0241,0.0
r0042_c0242,0.0
r0042_c0243,0.0
r0042_c0244,0.0
r0042_c0245,0.0
r0042_c0246,0.0
r0042_c0247,0.0
r0042_c0248,0.0
r0042_c0249,0.0
r0042_c0250,0.0
r0042_c0251,0.0
r0042_c0252,0.0
r0042_c0253,0.0
r0042_c0254,0.0
r0042_c0255,0.0
r0042_c0256,0.0
r0042_c0257,0.0
r0042_c0258,0.0
r0042_c0259,0.0
r0042_c0260,0.0
r0042_c0261,0.0
r0042_c0262,0.0
r0042_c0263,0.0
r0042_c0264,0.0
r0042_c0265,0.0
r0042_c0266,0.0
r0042_c0267,0.0
r0042_c0268,0.0
r0043_c0220,0.0
r0043_c0221,0.0
r0043_c0222,0.0
r0043_c0223,0.0
r0043_c0224,0.0
r0043_c0225,0.0
r0043_c0226,0.0
r0043_c0228,0.0
r0043_c0229,0.0
r0043_c0230,0.0
r0043_c0234,0.0
r0043_c0235,0.0
r0043_c0236,0.0
r0043_c0237,0.0
r0043_c0238,0.0
r0043_c0239,0.0
r0043_c0240,0.0
r0043_c0241,0.0
r0043_c0242,0.0
r0043_c0243,0.0
r0043_c0244,0.0
r0043_c0245,0.0
r0043_c0246,0.0
r0043_c0247,0.0
r0043_c0248,0.0
r0043_c0249,0.0
r0043_c0250,0.0
r0043_c0251,0.0
r0043_c0252,0.0
r0043_c0253,0.0
r0043_c0254,0.0
r0043_c0255,0.0
r0043_c0256,0.0
r0043_c0257,0.0
r0043_c0258,0.0
r0043_c0259,0.0
r0043_c0260,0.0
r0043_c0261,0.0
r0043_c0262,0.0
r0043_c0263,0.0
r0043_c0264,0.0
r0043_c0265,0.0
r0043_c0266,0.0
r0043_c0267,0.0
r0044_c0219,0.0
r0044_c0220,0.0
r0044_c0221,0.0
r0044_c0222,0.0
r0044_c0223,0.0
r0044_c0224,0.0
r0044_c0225,0.0
r0044_c0226,0.0
r0044_c0227,0.0
r0044_c0228,0.0
r0044_c0229,0.0
r0044_c0230,0.0
r0044_c0234,0.0
r0044_c0235,0.0
r0044_c0236,0.0
r0044_c0237,0.0
r0044_c0238,0.0
r0044_c0239,0.0
r0044_c0240,0.0
r0044_c0241,0.0
r0044_c0242,0.0
r0044_c0243,0.0
r0044_c0244,0.0
r0044_c0245,0.0
r0044_c0246,0.0
r0044_c0247,0.0
r0044_c0248,0.0
r0044_c0249,0.0
r0044_c0250,0.0
r0044_c0251,0.0
r0044_c0252,0.0
r0044_c0253,0.0
r0044_c0254,0.0
r0044_c0255,0.0
r0044_c0256,0.0
r0044_c0257,0.0
r0044_c0258,0.0
r0044_c0259,0.0
r0044_c0260,0.0
r0044_c0261,0.0
r0044_c0262,0.0
r0044_c0263,0.0
r0044_c0264,0.0
r0044_c0265,0.0
r0044_c0266,0.0
r0044_c0267,0.0
r0045_c0219,0.0
r0045_c0220,0.0
r0045_c0221,0.0
r0045_c0222,0.0
r0045_c0223,0.0
r0045_c0224,0.0
r0045_c0225,0.0
r0045_c0226,0.0
r0045_c0227,0.0
r0045_c0228,0.0
r0045_c0229,0.0
r0045_c0230,0.0
r0045_c0234,0.0
r0045_c0235,0.0
r0045_c0236,0.0
r0045_c0237,0.0
r0045_c0238,0.0
r0045_c0239,0.0
r0045_c0240,0.0
r0045_c0241,0.0
r0045_c0242,0.0
r0045_c0243,0.0
r0045_c0244,0.0
r0045_c0245,0.0
r0045_c0246,0.0
r0045_c0247,0.0
r0045_c0248,0.0
r0045_c0249,0.0
r0045_c0250,0.0
r0045_c0251,0.0
r0045_c0252,0.0
r0045_c0253,0.0
r0045_c0254,0.0
r0045_c0255,0.0
r0045_c0256,0.0
r0045_c0257,0.0
r0045_c0258,0.0
r0045_c0259,0.0
r0045_c0260,0.0
r0045_c0261,0.0
r0045_c0262,0.0
r0045_c0263,0.0
r0045_c0264,0.0
r0045_c0265,0.0
r0045_c0266,0.0
r0046_c0208,0.0
r0046_c0217,0.0
r0046_c0218,0.0
r0046_c0219,0.0
r0046_c0220,0.0
r0046_c0221,0.0
r0046_c0222,0.0
r0046_c0223,0.0
r0046_c0224,0.0
r0046_c0225,0.0
r0046_c0226,0.0
r0046_c0227,0.0
r0046_c0228,0.0
r0046_c0229,0.0
r0046_c0230,0.0
r0046_c0234,0.0
r0046_c0235,0.0
r0046_c0236,0.0
r0046_c0237,0.0
r0046_c0238,0.0
r0046_c0239,0.0
r0046_c0240,0.0
r0046_c0241,0.0
r0046_c0242,0.0
r0046_c0243,0.0
r0046_c0244,0.0
r0046_c0245,0.0
r0046_c0246,0.0
r0046_c0247,0.0
r0046_c0248,0.0
r0046_c0249,0.0
r0046_c0250,0.0
r0046_c0251,0.0
r0046_c0252,0.0
r0046_c0253,0.0
r0046_c0254,0.0
r0046_c0255,0.0
r0046_c0256,0.0
r0046_c0257,0.0
r0046_c0258,0.0
r0046_c0259,0.0
r0046_c0260,0.0
r0046_c0261,0.0
r0046_c0262,0.0
r0046_c0263,0.0
r0046_c0264,0.0
r0046_c0265,0.0
r0046_c0266,0.0
r0047_c0207,0.0
r0047_c0208,0.0
r0047_c0218,88.89
r0047_c0219,133.33
r0047_c0220,0.0
r0047_c0221,0.0
r0047_c0223,0.0
r0047_c0224,0.0
r0047_c0225,0.0
r0047_c0226,0.0
r0047_c0227,0.0
r0047_c0228,0.0
r0047_c0229,0.0
r0047_c0230,0.0
r0047_c0231,0.0
r0047_c0232,0.0
r0047_c0234,44.44
r0047_c0235,0.0
r0047_c0236,0.0
r0047_c0237,0.0
r0047_c0238,0.0
r0047_c0239,0.0
r0047_c0240,0.0
r0047_c0241,0.0
r0047_c0242,0.0
r0047_c0243,0.0
r0047_c0244,0.0
r0047_c0245,0.0
r0047_c0246,0.0
r0047_c0247,0.0
r0047_c0248,0.0
r0047_c0249,0.0
r0047_c0250,0.0
r0047_c0251,0.0
r0047_c0252,0.0
r0047_c0253,0.0
r0047_c0254,0.0
r0047_c0255,0.0
r0047_c0256,0.0
r0047_c0257,0.0
r0047_c0258,0.0
r0047_c0259,0.0
r0047_c0260,0.0
r0047_c0261,0.0
r0047_c0262,0.0
r0047_c0263,0.0
r0047_c0264,0.0
r0047_c0265,0.0
r0047_c0266,0.0
r0048_c0207,0.0
r0048_c0208,0.0
r0048_c0209,0.0
r0048_c0210,0.0
r0048_c0219,266.67
r0048_c0220,44.44
r0048_c0221,0.0
r0048_c0222,0.0
r0048_c0223,0.0
r0048_c0224,0.0
r0048_c0225,0.0
r0048_c0226,0.0
r0048_c0227,88.89
r0048_c0228,0.0
r0048_c0229,0.0
r0048_c0230,0.0
r0048_c0231,0.0
r0048_c0235,44.44
r0048_c0236,0.0
r0048_c0237,0.0
r0048_c0238,0.0
r0048_c0239,0.0
r0048_c0240,0.0
r0048_c0241,0.0
r0048_c0242,0.0
r0048_c0243,0.0
r0048_c0244,0.0
r0048_c0245,0.0
r0048_c0246,88.89
r0048_c0247,0.0
r0048_c0248,0.0
r0048_c0249,0.0
r0048_c0250,0.0
r0048_c0251,0.0
r0048_c0252,0.0
r0048_c0253,0.0
r0048_c0254,0.0
r0048_c0255,0.0
r0048_c0256,0.0
r0048_c0257,0.0
r0048_c0258,0.0
r0048_c0259,0.0
r0048_c0260,0.0
r0048_c0261,0.0
r0048_c0262,0.0
r0048_c0263,0.0
r0048_c0264,0.0
r0048_c0265,0.0
r0049_c0208,0.0
r0049_c0209,0.0
r0049_c0210,0.0
r0049_c0211,0.0
r0049_c0220,0.0
r0049_c0221,0.0
r0049_c0222,0.0
r0049_c0223,0.0
r0049_c0224,0.0
r0049_c0225,0.0
r0049_c0226,0.0
r0049_c0227,0.0
r0049_c0228,0.0
r0049_c0229,0.0
r0049_c0230,0.0
r0049_c0231,0.0
r0049_c0236,0.0
r0049_c0237,0.0
r0049_c0238,0.0
r0049_c0239,0.0
r0049_c0240,0.0
r0049_c0241,0.0
r0049_c0242,0.0
r0049_c0243,0.0
r0049_c0244,0.0
r0049_c0245,0.0
r0049_c0246,0.0
r0049_c0247,0.0
r0049_c0248,0.0
r0049_c0249,0.0
r0049_c0250,0.0
r0049_c0251,0.0
r0049_c0252,0.0
r0049_c0253,0.0
r0049_c0254,0.0
r0049_c0255,0.0
r0049_c0256,0.0
r0049_c0257,0.0
r0049_c0258,0.0
r0049_c0259,0.0
r0049_c0260,0.0
r0049_c0261,0.0
r0049_c0262,0.0
r0049_c0263,0.0
r0049_c0264,0.0
r0049_c0265,0.0
r0050_c0208,0.0
r0050_c0209,0.0
r0050_c0210,0.0
r0050_c0221,0.0
r0050_c0222,0.0
r0050_c0223,0.0
r0050_c0224,0.0
r0050_c0225,0.0
r0050_c0226,0.0
r0050_c0227,0.0
r0050_c0228,0.0
r0050_c0229,0.0
r0050_c0230,44.44
r0050_c0236,44.44
r0050_c0237,0.0
r0050_c0238,0.0
r0050_c0239,0.0
r0050_c0240,0.0
r0050_c0241,0.0
r0050_c0242,0.0
r0050_c0243,0.0
r0050_c0244,0.0
r0050_c0245,0.0
r0050_c0246,0.0
r0050_c0247,0.0
r0050_c0248,0.0
r0050_c0249,0.0
r0050_c0250,0.0
r0050_c0251,0.0
r0050_c0252,0.0
r0050_c0253,0.0
r0050_c0254,0.0
r0050_c0255,0.0
r0050_c0256,0.0
r0050_c0257,0.0
r0050_c0258,0.0
r0050_c0259,0.0
r0050_c0260,0.0
r0050_c0261,0.0
r0050_c0262,0.0
r0050_c0263,0.0
r0050_c0264,0.0
r0050_c0265,0.0
r0051_c0219,0.0
r0051_c0220,0.0
r0051_c0222,0.0
r0051_c0223,0.0
r0051_c0224,0.0
r0051_c0225,0.0
r0051_c0226,0.0
r0051_c0227,0.0
r0051_c0228,0.0
r0051_c0229,0.0
r0051_c0237,0.0
r0051_c0238,0.0
r0051_c0239,177.78
r0051_c0240,0.0
r0051_c0241,0.0
r0051_c0242,44.44
r0051_c0243,0.0
r0051_c0244,0.0
r0051_c0245,0.0
r0051_c0246,0.0
r0051_c0247,0.0
r0051_c0248,0.0
r0051_c0249,0.0
r0051_c0250,0.0
r0051_c0251,0.0
r0051_c0252,0.0
r0051_c0253,0.0
r0051_c0254,0.0
r0051_c0255,0.0
r0051_c0256,0.0
r0051_c0257,0.0
r0051_c0258,0.0
r0051_c0259,0.0
r0051_c0260,0.0
r0051_c0261,0.0
r0051_c0262,0.0
r0051_c0263,0.0
r0051_c0264,0.0
r0052_c0219,0.0
r0052_c0220,0.0
r0052_c0222,0.0
r0052_c0223,0.0
r0052_c0224,0.0
r0052_c0225,0.0
r0052_c0226,0.0
r0052_c0227,0.0
r0052_c0228,0.0
r0052_c0229,0.0
r0052_c0239,0.0
r0052_c0240,0.0
r0052_c0241,0.0
r0052_c0242,0.0
r0052_c0243,0.0
r0052_c0244,0.0
r0052_c0245,0.0
r0052_c0246,0.0
r0052_c0247,0.0
r0052_c0248,0.0
r0052_c0249,0.0
r0052_c0250,0.0
r0052_c0251,0.0
r0052_c0252,0.0
r0052_c0253,0.0
r0052_c0254,0.0
r0052_c0255,0.0
r0052_c0256,0.0
r0052_c0257,0.0
r0052_c0258,0.0
r0052_c0259,0.0
r0052_c0260,0.0
r0052_c0261,0.0
r0052_c0262,0.0
r0052_c0263,0.0
r0052_c0264,0.0
r0053_c0218,0.0
r0053_c0219,0.0
r0053_c0220,0.0
r0053_c0223,0.0
r0053_c0224,0.0
r0053_c0225,0.0
r0053_c0226,0.0
r0053_c0239,0.0
r0053_c0240,0.0
r0053_c0241,0.0
r0053_c0242,0.0
r0053_c0243,0.0
r0053_c0244,0.0
r0053_c0245,0.0
r0053_c0246,0.0
r0053_c0247,0.0
r0053_c0248,0.0
r0053_c0249,0.0
r0053_c0250,0.0
r0053_c0251,0.0
r0053_c0252,0.0
r0053_c0253,0.0
r0053_c0254,0.0
r0053_c0255,0.0
r0053_c0256,0.0
r0053_c0257,0.0
r0053_c0258,0.0
r0053_c0259,0.0
r0053_c0260,0.0
r0053_c0261,0.0
r0053_c0262,0.0
r0053_c0263,0.0
r0053_c0264,0.0
r0054_c0217,0.0
r0054_c0218,0.0
r0054_c0219,0.0
r0054_c0223,0.0
r0054_c0224,0.0
r0054_c0225,0.0
r0054_c0226,0.0
r0054_c0231,88.89
r0054_c0239,0.0
r0054_c0240,0.0
r0054_c0241,0.0
r0054_c0242,0.0
r0054_c0243,0.0
r0054_c0244,0.0
r0054_c0245,0.0
r0054_c0246,0.0
r0054_c0247,0.0
r0054_c0248,0.0
r0054_c0249,0.0
r0054_c0250,0.0
r0054_c0251,0.0
r0054_c0252,0.0
r0054_c0253,0.0
r0054_c0254,0.0
r0054_c0255,0.0
r0054_c0256,0.0
r0054_c0257,0.0
r0054_c0258,0.0
r0054_c0259,0.0
r0054_c0260,0.0
r0054_c0261,0.0
r0054_c0262,0.0
r0054_c0263,0.0
r0055_c0215,0.0
r0055_c0217,0.0
r0055_c0218,0.0
r0055_c0219,0.0
r0055_c0230,44.44
r0055_c0231,0.0
r0055_c0239,0.0
r0055_c0240,0.0
r0055_c0241,0.0
r0055_c0242,0.0
r0055_c0243,0.0
r0055_c0244,0.0
r0055_c0245,0.0
r0055_c0246,0.0
r0055_c0247,0.0
r0055_c0248,0.0
r0055_c0249,0.0
r0055_c0250,0.0
r0055_c0251,0.0
r0055_c0252,0.0
r0055_c0253,0.0
r0055_c0254,0.0
r0055_c0255,0.0
r0055_c0256,0.0
r0055_c0257,0.0
r0055_c0258,0.0
r0055_c0259,0.0
r0055_c0260,0.0
r0055_c0261,0.0
r0055_c0262,0.0
r0055_c0263,0.0
r0056_c0215,0.0
r0056_c0216,0.0
r0056_c0217,0.0
r0056_c0218,0.0
r0056_c0219,0.0
r0056_c0220,0.0
r0056_c0231,0.0
r0056_c0239,0.0
r0056_c0240,0.0
r0056_c0241,0.0
r0056_c0242,0.0
r0056_c0243,0.0
r0056_c0244,0.0
r0056_c0245,0.0
r0056_c0246,0.0
r0056_c0247,0.0
r0056_c0248,0.0
r0056_c0249,0.0
r0056_c0250,0.0
r0056_c0251,0.0
r0056_c0252,0.0
r0056_c0253,0.0
r0056_c0254,0.0
r0056_c0255,0.0
r0056_c0256,0.0
r0056_c0257,0.0
r0056_c0258,0.0
r0056_c0259,0.0
r0056_c0260,0.0
r0056_c0261,0.0
r0056_c0262,0.0
r0056_c0263,0.0
r0057_c0214,0.0
r0057_c0217,0.0
r0057_c0218,0.0
r0057_c0219,0.0
r0057_c0220,44.44
r0057_c0231,44.44
r0057_c0239,0.0
r0057_c0240,0.0
r0057_c0241,0.0
r0057_c0242,0.0
r0057_c0243,0.0
r0057_c0244,0.0
r0057_c0245,0.0
r0057_c0246,0.0
r0057_c0247,0.0
r0057_c0248,0.0
r0057_c0249,0.0
r0057_c0250,0.0
r0057_c0251,0.0
r0057_c0252,0.0
r0057_c0253,0.0
r0057_c0254,0.0
r0057_c0255,0.0
r0057_c0256,0.0
r0057_c0257,0.0
r0057_c0258,0.0
r0057_c0259,0.0
r0057_c0260,0.0
r0057_c0261,0.0
r0057_c0262,0.0
r0058_c0215,0.0
r0058_c0231,0.0
r0058_c0234,177.78
r0058_c0235,0.0
r0058_c0236,44.44
r0058_c0239,0.0
r0058_c0240,0.0
r0058_c0241,0.0
r0058_c0242,0.0
r0058_c0243,0.0
r0058_c0244,0.0
r0058_c0245,0.0
r0058_c0246,0.0
r0058_c0247,0.0
r0058_c0248,0.0
r0058_c0249,0.0
r0058_c0250,0.0
r0058_c0251,0.0
r0058_c0252,0.0
r0058_c0253,0.0
r0058_c0254,0.0
r0058_c0255,0.0
r0058_c0256,0.0
r0058_c0257,0.0
r0058_c0258,0.0
r0058_c0259,0.0
r0058_c0260,0.0
r0058_c0261,0.0
r0058_c0262,0.0
r0059_c0231,0.0
r0059_c0233,222.22
r0059_c0234,311.11
r0059_c0235,44.44
r0059_c0236,133.33
r0059_c0237,44.44
r0059_c0239,0.0
r0059_c0240,0.0
r0059_c0241,0.0
r0059_c0242,0.0
r0059_c0243,0.0
r0059_c0244,0.0
r0059_c0245,0.0
r0059_c0246,0.0
r0059_c0247,0.0
r0059_c0248,0.0
r0059_c0249,0.0
r0059_c0250,0.0
r0059_c0251,0.0
r0059_c0252,0.0
r0059_c0253,0.0
r0059_c0254,0.0
r0059_c0255,0.0
r0059_c0256,0.0
r0059_c0257,0.0
r0059_c0258,0.0
r0059_c0259,0.0
r0059_c0260,0.0
r0059_c0261,0.0
r0059_c0262,0.0
r0060_c0231,133.33
r0060_c0234,177.78
r0060_c0239,0.0
r0060_c0240,0.0
r0060_c0241,0.0
r0060_c0242,0.0
r0060_c0243,0.0
r0060_c0244,0.0
r0060_c0245,0.0
r0060_c0246,0.0
r0060_c0247,0.0
r0060_c0248,0.0
r0060_c0249,0.0
r0060_c0250,0.0
r0060_c0251,0.0
r0060_c0252,0.0
r0060_c0253,0.0
r0060_c0254,0.0
r0060_c0255,0.0
r0060_c0256,0.0
r0060_c0257,0.0
r0060_c0258,0.0
r0060_c0259,0.0
r0060_c0260,0.0
r0060_c0261,0.0
r0061_c0214,0.0
r0061_c0231,44.44
r0061_c0239,0.0
r0061_c0240,0.0
r0061_c0241,0.0
r0061_c0242,0.0
r0061_c0243,0.0
r0061_c0244,0.0
r0061_c0245,0.0
r0061_c0246,0.0
r0061_c0247,0.0
r0061_c0248,0.0
r0061_c0249,0.0
r0061_c0250,0.0
r0061_c0251,0.0
r0061_c0252,0.0
r0061_c0253,0.0
r0061_c0254,0.0
r0061_c0255,0.0
r0061_c0256,0.0
r0061_c0257,0.0
r0061_c0258,0.0
r0061_c0259,0.0
r0061_c0260,0.0
r0061_c0261,0.0
r0062_c0239,0.0
r0062_c0240,0.0
r0062_c0241,0.0
r0062_c0242,0.0
r0062_c0243,0.0
r0062_c0244,0.0
r0062_c0245,0.0
r0062_c0246,0.0
r0062_c0247,0.0
r0062_c0248,0.0
r0062_c0249,0.0
r0062_c0250,0.0
r0062_c0251,0.0
r0062_c0252,0.0
r0062_c0253,0.0
r0062_c0254,0.0
r0062_c0255,0.0
r0062_c0256,0.0
r0062_c0257,0.0
r0062_c0258,0.0
r0062_c0259,0.0
r0062_c0260,0.0
r0063_c0231,133.33
r0063_c0239,0.0
r0063_c0240,0.0
r0063_c0241,0.0
r0063_c0242,0.0
r0063_c0243,0.0
r0063_c0244,0.0
r0063_c0245,0.0
r0063_c0246,0.0
r0063_c0247,0.0
r0063_c0248,0.0
r0063_c0249,0.0
r0063_c0250,0.0
r0063_c0251,0.0
r0063_c0252,0.0
r0063_c0253,0.0
r0063_c0254,0.0
r0063_c0255,0.0
r0063_c0256,0.0
r0063_c0257,0.0
r0063_c0258,0.0
r0063_c0259,0.0
r0063_c0260,0.0
r0064_c0231,44.44
r0064_c0239,0.0
r0064_c0240,0.0
r0064_c0241,0.0
r0064_c0242,0.0
r0064_c0243,0.0
r0064_c0244,0.0
r0064_c0245,0.0
r0064_c0246,0.0
r0064_c0247,0.0
r0064_c0248,0.0
r0064_c0249,0.0
r0064_c0250,0.0
r0064_c0251,0.0
r0064_c0252,0.0
r0064_c0253,0.0
r0064_c0254,0.0
r0064_c0255,0.0
r0064_c0256,0.0
r0064_c0257,0.0
r0064_c0258,0.0
r0064_c0259,0.0
r0064_c0260,0.0
r0065_c0239,0.0
r0065_c0240,0.0
r0065_c0241,0.0
r0065_c0242,0.0
r0065_c0243,0.0
r0065_c0244,0.0
r0065_c0245,0.0
r0065_c0246,0.0
r0065_c0247,0.0
r0065_c0248,0.0
r0065_c0249,0.0
r0065_c0250,0.0
r0065_c0251,0.0
r0065_c0252,0.0
r0065_c0253,0.0
r0065_c0254,0.0
r0065_c0255,0.0
r0065_c0256,0.0
r0065_c0257,0.0
r0065_c0258,0.0
r0065_c0259,0.0
r0066_c0231,0.0
r0066_c0236,0.0
r0066_c0237,0.0
r0066_c0238,0.0
r0066_c0239,0.0
r0066_c0240,0.0
r0066_c0241,0.0
r0066_c0242,0.0
r0066_c0243,0.0
r0066_c0244,0.0
r0066_c0245,0.0
r0066_c0246,0.0
r0066_c0247,0.0
r0066_c0248,0.0
r0066_c0249,0.0
r0066_c0250,0.0
r0066_c0251,0.0
r0066_c0252,0.0
r0066_c0253,0.0
r0066_c0254,0.0
r0066_c0255,0.0
r0066_c0256,0.0
r0066_c0257,0.0
r0066_c0258,0.0
r0066_c0259,0.0
r0067_c0231,0.0
r0067_c0233,0.0
r0067_c0236,0.0
r0067_c0237,0.0
r0067_c0238,0.0
r0067_c0239,0.0
r0067_c0240,0.0
r0067_c0241,0.0
r0067_c0242,0.0
r0067_c0243,0.0
r0067_c0244,0.0
r0067_c0245,0.0
r0067_c0246,0.0
r0067_c0247,0.0
r0067_c0248,0.0
r0067_c0249,0.0
r0067_c0250,0.0
r0067_c0251,0.0
r0067_c0252,0.0
r0067_c0253,0.0
r0067_c0254,0.0
r0067_c0255,0.0
r0067_c0256,0.0
r0067_c0257,0.0
r0067_c0258,0.0
r0067_c0259,0.0
r0068_c0221,133.33
r0068_c0222,0.0
r0068_c0226,0.0
r0068_c0227,0.0
r0068_c0228,0.0
r0068_c0231,0.0
r0068_c0232,0.0
r0068_c0233,0.0
r0068_c0234,0.0
r0068_c0237,0.0
r0068_c0238,0.0
r0068_c0239,0.0
r0068_c0240,0.0
r0068_c0241,0.0
r0068_c0242,0.0
r0068_c0243,0.0
r0068_c0244,0.0
r0068_c0245,0.0
r0068_c0246,0.0
r0068_c0247,0.0
r0068_c0248,0.0
r0068_c0249,0.0
r0068_c0250,0.0
r0068_c0251,0.0
r0068_c0252,0.0
r0068_c0253,0.0
r0068_c0254,0.0
r0068_c0255,0.0
r0068_c0256,0.0
r0068_c0257,0.0
r0068_c0258,0.0
r0069_c0221,44.44
r0069_c0222,0.0
r0069_c0223,0.0
r0069_c0225,0.0
r0069_c0226,0.0
r0069_c0231,44.44
r0069_c0232,0.0
r0069_c0233,0.0
r0069_c0234,0.0
r0069_c0235,0.0
r0069_c0236,0.0
r0069_c0237,0.0
r0069_c0238,0.0
r0069_c0239,0.0
r0069_c0240,0.0
r0069_c0241,0.0
r0069_c0242,0.0
r0069_c0243,0.0
r0069_c0244,0.0
r0069_c0245,0.0
r0069_c0246,0.0
r0069_c0247,0.0
r0069_c0248,0.0
r0069_c0249,0.0
r0069_c0250,0.0
r0069_c0251,0.0
r0069_c0252,0.0
r0069_c0253,0.0
r0069_c0254,0.0
r0069_c0255,0.0
r0069_c0256,0.0
r0069_c0257,0.0
r0069_c0258,0.0
r0070_c0221,133.33
r0070_c0222,44.44
r0070_c0223,0.0
r0070_c0233,0.0
r0070_c0234,0.0
r0070_c0235,0.0
r0070_c0236,0.0
r0070_c0237,0.0
r0070_c0238,0.0
r0070_c0239,0.0
r0070_c0240,0.0
r0070_c0241,0.0
r0070_c0242,0.0
r0070_c0243,0.0
r0070_c0244,0.0
r0070_c0245,0.0
r0070_c0246,0.0
r0070_c0247,0.0
r0070_c0248,0.0
r0070_c0249,0.0
r0070_c0250,0.0
r0070_c0251,0.0
r0070_c0252,0.0
r0070_c0253,0.0
r0070_c0254,0.0
r0070_c0255,0.0
r0070_c0256,0.0
r0070_c0257,0.0
r0070_c0258,0.0
r0071_c0221,88.89
r0071_c0232,0.0
r0071_c0233,0.0
r0071_c0234,0.0
r0071_c0235,0.0
r0071_c0236,0.0
r0071_c0237,0.0
r0071_c0238,0.0
r0071_c0239,0.0
r0071_c0240,0.0
r0071_c0241,0.0
r0071_c0242,0.0
r0071_c0243,0.0
r0071_c0244,0.0
r0071_c0245,0.0
r0071_c0246,0.0
r0071_c0247,0.0
r0071_c0248,0.0
r0071_c0249,0.0
r0071_c0250,0.0
r0071_c0251,0.0
r0071_c0252,0.0
r0071_c0253,0.0
r0071_c0254,0.0
r0071_c0255,0.0
r0071_c0256,0.0
r0071_c0257,0.0
r0072_c0233,0.0
r0072_c0234,0.0
r0072_c0235,0.0
r0072_c0236,0.0
r0072_c0237,0.0
r0072_c0238,0.0
r0072_c0239,0.0
r0072_c0240,0.0
r0072_c0241,0.0
r0072_c0242,0.0
r0072_c0243,0.0
r0072_c0244,0.0
r0072_c0245,0.0
r0072_c0246,0.0
r0072_c0247,0.0
r0072_c0248,0.0
r0072_c0249,0.0
r0072_c0250,0.0
r0072_c0251,0.0
r0072_c0252,0.0
r0072_c0253,0.0
r0072_c0254,0.0
r0072_c0255,0.0
r0072_c0256,0.0
r0072_c0257,0.0
r0072_c0258,0.0
r0073_c0221,44.44
r0073_c0222,0.0
r0073_c0223,0.0
r0073_c0224,0.0
r0073_c0225,0.0
r0073_c0226,0.0
r0073_c0227,0.0
r0073_c0233,0.0
r0073_c0234,0.0
r0073_c0235,0.0
r0073_c0236,0.0
r0073_c0237,0.0
r0073_c0238,0.0
r0073_c0239,0.0
r0073_c0240,0.0
r0073_c0241,0.0
r0073_c0242,0.0
r0073_c0243,0.0
r0073_c0244,0.0
r0073_c0245,0.0
r0073_c0246,0.0
r0073_c0247,0.0
r0073_c0248,0.0
r0073_c0249,0.0
r0073_c0250,0.0
r0073_c0251,0.0
r0073_c0252,0.0
r0073_c0253,0.0
r0073_c0254,0.0
r0073_c0255,0.0
r0073_c0256,0.0
r0073_c0257,0.0
r0073_c0258,0.0
r0073_c0259,0.0
r0073_c0260,0.0
r0073_c0261,0.0
r0074_c0226,0.0
r0074_c0227,0.0
r0074_c0228,0.0
r0074_c0229,0.0
r0074_c0230,0.0
r0074_c0234,0.0
r0074_c0235,0.0
r0074_c0236,0.0
r0074_c0237,0.0
r0074_c0238,0.0
r0074_c0239,0.0
r0074_c0240,0.0
r0074_c0241,0.0
r0074_c0242,0.0
r0074_c0243,0.0
r0074_c0244,0.0
r0074_c0245,0.0
r0074_c0246,0.0
r0074_c0247,0.0
r0074_c0248,0.0
r0074_c0249,0.0
r0074_c0250,0.0
r0074_c0251,0.0
r0074_c0252,0.0
r0074_c0253,0.0
r0074_c0254,0.0
r0074_c0255,0.0
r0074_c0256,0.0
r0074_c0257,0.0
r0074_c0258,0.0
r0074_c0259,0.0
r0074_c0260,0.0
r0074_c0261,0.0
r0074_c0262,0.0
r0075_c0226,0.0
r0075_c0227,0.0
r0075_c0228,0.0
r0075_c0229,0.0
r0075_c0230,44.44
r0075_c0233,0.0
r0075_c0235,0.0
r0075_c0236,0.0
r0075_c0237,0.0
r0075_c0238,0.0
r0075_c0239,0.0
r0075_c0240,0.0
r0075_c0241,0.0
r0075_c0242,0.0
r0075_c0243,0.0
r0075_c0244,0.0
r0075_c0245,0.0
r0075_c0246,0.0
r0075_c0247,0.0
r0075_c0248,0.0
r0075_c0249,0.0
r0075_c0250,0.0
r0075_c0251,0.0
r0075_c0252,0.0
r0075_c0253,0.0
r0075_c0254,0.0
r0075_c0255,0.0
r0075_c0256,0.0
r0075_c0257,0.0
r0075_c0258,0.0
r0075_c0259,0.0
r0075_c0260,0.0
r0075_c0261,0.0
r0076_c0221,0.0
r0076_c0222,0.0
r0076_c0223,0.0
r0076_c0224,0.0
r0076_c0225,0.0
r0076_c0226,0.0
r0076_c0227,0.0
r0076_c0228,0.0
r0076_c0229,0.0
r0076_c0230,0.0
r0076_c0233,0.0
r0076_c0234,0.0
r0076_c0236,0.0
r0076_c0237,0.0
r0076_c0238,0.0
r0076_c0239,0.0
r0076_c0240,0.0
r0076_c0241,0.0
r0076_c0242,0.0
r0076_c0243,0.0
r0076_c0244,0.0
r0076_c0245,0.0
r0076_c0246,0.0
r0076_c0247,0.0
r0076_c0248,0.0
r0076_c0249,0.0
r0076_c0250,0.0
r0076_c0251,0.0
r0076_c0252,0.0
r0076_c0253,0.0
r0076_c0254,0.0
r0076_c0255,0.0
r0076_c0256,0.0
r0076_c0257,0.0
r0076_c0258,0.0
r0076_c0259,0.0
r0076_c0260,0.0
r0077_c0220,44.44
r0077_c0221,0.0
r0077_c0222,0.0
r0077_c0223,0.0
r0077_c0224,0.0
r0077_c0225,0.0
r0077_c0226,0.0
r0077_c0227,0.0
r0077_c0228,0.0
r0077_c0229,0.0
r0077_c0230,44.44
r0077_c0233,0.0
r0077_c0234,0.0
r0077_c0235,0.0
r0077_c0237,0.0
r0077_c0238,0.0
r0077_c0239,0.0
r0077_c0240,0.0
r0077_c0241,0.0
r0077_c0242,0.0
r0077_c0243,0.0
r0077_c0244,0.0
r0077_c0245,0.0
r0077_c0246,0.0
r0077_c0247,0.0
r0077_c0248,0.0
r0077_c0249,0.0
r0077_c0250,0.0
r0077_c0251,0.0
r0077_c0252,0.0
r0077_c0253,0.0
r0077_c0254,0.0
r0077_c0255,0.0
r0077_c0256,0.0
r0077_c0257,0.0
r0077_c0258,0.0
r0077_c0259,0.0
r0077_c0260,0.0
r0078_c0220,44.44
r0078_c0221,0.0
r0078_c0222,0.0
r0078_c0223,0.0
r0078_c0224,0.0
r0078_c0225,0.0
r0078_c0226,0.0
r0078_c0227,0.0
r0078_c0228,0.0
r0078_c0229,0.0
r0078_c0230,0.0
r0078_c0231,0.0
r0078_c0232,0.0
r0078_c0233,0.0
r0078_c0234,0.0
r0078_c0235,0.0
r0078_c0236,0.0
r0078_c0237,0.0
r0078_c0238,0.0
r0078_c0239,0.0
r0078_c0240,0.0
r0078_c0241,0.0
r0078_c0242,0.0
r0078_c0243,0.0
r0078_c0244,0.0
r0078_c0245,0.0
r0078_c0246,0.0
r0078_c0247,0.0
r0078_c0248,0.0
r0078_c0249,0.0
r0078_c0250,0.0
r0078_c0251,0.0
r0078_c0252,0.0
r0078_c0253,0.0
r0078_c0254,0.0
r0078_c0255,0.0
r0078_c0256,0.0
r0078_c0257,0.0
r0078_c0258,0.0
r0078_c0259,0.0
r0079_c0220,0.0
r0079_c0221,0.0
r0079_c0222,0.0
r0079_c0223,0.0
r0079_c0224,0.0
r0079_c0225,0.0
r0079_c0226,0.0
r0079_c0227,0.0
r0079_c0228,0.0
r0079_c0229,88.89
r0079_c0230,44.44
r0079_c0231,0.0
r0079_c0232,0.0
r0079_c0233,0.0
r0079_c0234,0.0
r0079_c0235,0.0
r0079_c0236,0.0
r0079_c0238,0.0
r0079_c0239,0.0
r0079_c0240,0.0
r0079_c0241,0.0
r0079_c0242,0.0
r0079_c0243,0.0
r0079_c0244,0.0
r0079_c0245,0.0
r0079_c0246,0.0
r0079_c0247,0.0
r0079_c0248,0.0
r0079_c0249,0.0
r0079_c0250,0.0
r0079_c0251,0.0
r0079_c0252,0.0
r0079_c0253,0.0
r0079_c0254,0.0
r0079_c0255,0.0
r0079_c0256,0.0
r0079_c0257,0.0
r0079_c0258,0.0
r0079_c0259,0.0
r0079_c0260,0.0
r0079_c0261,0.0
r0080_c0220,0.0
r0080_c0221,0.0
r0080_c0222,0.0
r0080_c0223,0.0
r0080_c0224,0.0
r0080_c0227,0.0
r0080_c0228,0.0
r0080_c0229,0.0
r0080_c0230,0.0
r0080_c0231,0.0
r0080_c0232,0.0
r0080_c0233,0.0
r0080_c0234,0.0
r0080_c0235,0.0
r0080_c0236,0.0
r0080_c0237,0.0
r0080_c0238,0.0
r0080_c0239,0.0
r0080_c0240,0.0
r0080_c0241,0.0
r0080_c0242,0.0
r0080_c0243,0.0
r0080_c0244,0.0
r0080_c0245,0.0
r0080_c0246,0.0
r0080_c0247,0.0
r0080_c0248,0.0
r0080_c0249,0.0
r0080_c0250,0.0
r0080_c0251,0.0
r0080_c0252,0.0
r0080_c0253,0.0
r0080_c0254,0.0
r0080_c0255,0.0
r0080_c0256,0.0
r0080_c0257,0.0
r0080_c0258,0.0
r0080_c0259,0.0
r0080_c0260,0.0
r0080_c0261,0.0
r0080_c0262,44.44
r0081_c0221,0.0
r0081_c0222,0.0
r0081_c0223,0.0
r0081_c0224,0.0
r0081_c0225,0.0
r0081_c0226,0.0
r0081_c0227,0.0
r0081_c0228,0.0
r0081_c0229,0.0
r0081_c0230,0.0
r0081_c0231,0.0
r0081_c0232,0.0
r0081_c0233,0.0
r0081_c0234,0.0
r0081_c0235,0.0
r0081_c0236,0.0
r0081_c0237,0.0
r0081_c0238,0.0
r0081_c0239,0.0
r0081_c0240,0.0
r0081_c0241,0.0
r0081_c0242,0.0
r0081_c0243,0.0
r0081_c0244,0.0
r0081_c0245,0.0
r0081_c0246,0.0
r0081_c0247,0.0
r0081_c0248,0.0
r0081_c0249,0.0
r0081_c0250,0.0
r0081_c0251,0.0
r0081_c0252,0.0
r0081_c0253,0.0
r0081_c0254,0.0
r0081_c0255,0.0
r0081_c0256,0.0
r0081_c0257,0.0
r0081_c0258,0.0
r0081_c0259,0.0
r0081_c0260,0.0
r0081_c0261,0.0
r0081_c0262,0.0
r0082_c0221,0.0
r0082_c0222,0.0
r0082_c0223,0.0
r0082_c0224,0.0
r0082_c0225,0.0
r0082_c0226,0.0
r0082_c0227,0.0
r0082_c0228,0.0
r0082_c0229,0.0
r0082_c0230,0.0
r0082_c0231,0.0
r0082_c0232,0.0
r0082_c0233,0.0
r0082_c0234,0.0
r0082_c0235,0.0
r0082_c0236,0.0
r0082_c0237,0.0
r0082_c0238,0.0
r0082_c0239,0.0
r0082_c0240,0.0
r0082_c0241,0.0
r0082_c0242,0.0
r0082_c0243,0.0
r0082_c0244,0.0
r0082_c0245,0.0
r0082_c0246,0.0
r0082_c0247,0.0
r0082_c0248,0.0
r0082_c0251,0.0
r0082_c0252,0.0
r0082_c0253,0.0
r0082_c0254,0.0
r0082_c0255,0.0
r0082_c0256,0.0
r0082_c0257,0.0
r0082_c0258,0.0
r0082_c0259,0.0
r0082_c0260,0.0
r0082_c0261,0.0
r0082_c0262,0.0
r0083_c0221,0.0
r0083_c0222,0.0
r0083_c0223,0.0
r0083_c0224,0.0
r0083_c0225,0.0
r0083_c0226,0.0
r0083_c0227,0.0
r0083_c0228,0.0
r0083_c0229,0.0
r0083_c0230,0.0
r0083_c0231,0.0
r0083_c0232,0.0
r0083_c0233,0.0
r0083_c0234,0.0
r0083_c0235,0.0
r0083_c0236,0.0
r0083_c0237,0.0
r0083_c0238,0.0
r0083_c0241,0.0
r0083_c0244,0.0
r0083_c0245,0.0
r0083_c0246,0.0
r0083_c0247,0.0
r0083_c0248,0.0
r0083_c0252,0.0
r0083_c0253,0.0
r0083_c0254,0.0
r0083_c0255,0.0
r0083_c0256,0.0
r0083_c0257,0.0
r0083_c0258,0.0
r0083_c0259,0.0
r0083_c0260,0.0
r0083_c0261,0.0
r0083_c0262,0.0
r0084_c0221,0.0
r0084_c0222,0.0
r0084_c0223,0.0
r0084_c0224,0.0
r0084_c0225,0.0
r0084_c0226,0.0
r0084_c0227,0.0
r0084_c0228,0.0
r0084_c0229,0.0
r0084_c0230,0.0
r0084_c0231,0.0
r0084_c0232,0.0
r0084_c0233,0.0
r0084_c0234,0.0
r0084_c0235,0.0
r0084_c0236,0.0
r0084_c0237,0.0
r0084_c0238,0.0
r0084_c0241,0.0
r0084_c0242,0.0
r0084_c0246,0.0
r0084_c0247,0.0
r0084_c0255,0.0
r0084_c0256,0.0
r0084_c0257,0.0
r0084_c0258,0.0
r0084_c0259,0.0
r0084_c0260,0.0
r0084_c0261,0.0
r0084_c0262,0.0
r0085_c0221,0.0
r0085_c0222,0.0
r0085_c0223,0.0
r0085_c0224,0.0
r0085_c0225,0.0
r0085_c0226,0.0
r0085_c0227,0.0
r0085_c0228,0.0
r0085_c0229,0.0
r0085_c0230,0.0
r0085_c0231,0.0
r0085_c0232,0.0
r0085_c0233,0.0
r0085_c0234,0.0
r0085_c0235,0.0
r0085_c0236,0.0
r0085_c0237,0.0
r0085_c0238,0.0
r0085_c0241,0.0
r0085_c0242,0.0
r0085_c0256,0.0
r0085_c0257,0.0
r0085_c0258,0.0
r0085_c0259,0.0
r0085_c0260,0.0
r0085_c0261,0.0
r0085_c0262,0.0
r0086_c0223,0.0
r0086_c0224,0.0
r0086_c0225,0.0
r0086_c0226,0.0
r0086_c0227,0.0
r0086_c0228,0.0
r0086_c0229,0.0
r0086_c0230,0.0
r0086_c0231,0.0
r0086_c0232,0.0
r0086_c0233,0.0
r0086_c0234,0.0
r0086_c0235,0.0
r0086_c0236,0.0
r0086_c0237,0.0
r0086_c0241,0.0
r0086_c0242,0.0
r0086_c0257,0.0
r0086_c0258,0.0
r0086_c0259,0.0
r0086_c0260,0.0
r0086_c0261,0.0
r0086_c0262,0.0
r0086_c0264,0.0
r0086_c0265,0.0
r0086_c0266,0.0
r0086_c0267,0.0
r0086_c0268,0.0
r0087_c0222,0.0
r0087_c0223,0.0
r0087_c0224,0.0
r0087_c0226,0.0
r0087_c0227,0.0
r0087_c0228,0.0
r0087_c0229,0.0
r0087_c0230,0.0
r0087_c0231,0.0
r0087_c0232,0.0
r0087_c0233,0.0
r0087_c0234,0.0
r0087_c0235,0.0
r0087_c0236,0.0
r0087_c0237,0.0
r0087_c0242,0.0
r0087_c0258,0.0
r0087_c0259,0.0
r0087_c0260,0.0
r0087_c0261,0.0
r0087_c0262,0.0
r0087_c0264,0.0
r0087_c0265,0.0
r0087_c0266,0.0
r0087_c0267,0.0
r0087_c0268,0.0
r0087_c0269,0.0
r0088_c0222,0.0
r0088_c0223,0.0
r0088_c0224,0.0
r0088_c0227,0.0
r0088_c0228,0.0
r0088_c0229,0.0
r0088_c0230,0.0
r0088_c0231,0.0
r0088_c0232,0.0
r0088_c0233,0.0
r0088_c0234,0.0
r0088_c0235,0.0
r0088_c0236,0.0
r0088_c0237,0.0
r0088_c0259,0.0
r0088_c0260,0.0
r0088_c0261,0.0
r0088_c0262,0.0
r0088_c0264,0.0
r0088_c0265,0.0
r0088_c0266,0.0
r0088_c0267,0.0
r0088_c0268,0.0
r0088_c0269,0.0
r0088_c0270,0.0
r0089_c0223,0.0
r0089_c0224,0.0
r0089_c0227,0.0
r0089_c0228,0.0
r0089_c0229,0.0
r0089_c0230,0.0
r0089_c0231,0.0
r0089_c0232,0.0
r0089_c0233,0.0
r0089_c0234,0.0
r0089_c0235,0.0
r0089_c0236,0.0
r0089_c0247,88.89
r0089_c0249,88.89
r0089_c0260,0.0
r0089_c0261,0.0
r0089_c0262,0.0
r0089_c0264,0.0
r0089_c0265,0.0
r0089_c0266,0.0
r0089_c0267,0.0
r0089_c0268,0.0
r0089_c0269,0.0
r0089_c0270,0.0
r0090_c0221,133.33
r0090_c0225,0.0
r0090_c0226,0.0
r0090_c0227,0.0
r0090_c0228,0.0
r0090_c0229,0.0
r0090_c0261,0.0
r0090_c0262,0.0
r0090_c0263,0.0
r0090_c0264,0.0
r0090_c0265,0.0
r0090_c0266,0.0
r0090_c0267,0.0
r0090_c0268,0.0
r0090_c0269,0.0
r0090_c0270,0.0
r0091_c0225,0.0
r0091_c0226,0.0
r0091_c0227,44.44
r0091_c0239,44.44
r0091_c0256,0.0
r0092_c0227,0.0
r0092_c0233,0.0
r0092_c0239,0.0
r0092_c0267,0.0
r0093_c0226,0.0
r0093_c0227,0.0
r0093_c0233,0.0
r0093_c0267,0.0
r0094_c0226,0.0
r0094_c0227,0.0
r0094_c0265,0.0
r0094_c0266,0.0
r0094_c0267,0.0
r0094_c0268,0.0
r0095_c0227,0.0
r0095_c0265,0.0
r0095_c0266,0.0
r0095_c0267,0.0
r0095_c0268,0.0
r0095_c0269,0.0
r0095_c0270,0.0
r0096_c0221,133.33
r0096_c0222,44.44
r0096_c0223,0.0
r0096_c0224,0.0
r0096_c0225,0.0
r0096_c0226,0.0
r0096_c0260,0.0
r0096_c0261,0.0
r0096_c0265,0.0
r0096_c0266,0.0
r0096_c0267,0.0
r0096_c0268,0.0
r0096_c0269,0.0
r0096_c0270,0.0
r0097_c0221,266.67
r0097_c0222,88.89
r0097_c0223,0.0
r0097_c0224,0.0
r0097_c0225,0.0
r0097_c0226,44.44
r0097_c0227,88.89
r0097_c0260,0.0
r0097_c0261,0.0
r0097_c0262,0.0
r0097_c0265,0.0
r0097_c0266,0.0
r0097_c0267,0.0
r0097_c0268,0.0
r0097_c0269,0.0
r0097_c0270,0.0
r0098_c0234,0.0
r0098_c0235,133.33
r0098_c0255,0.0
r0098_c0256,0.0
r0098_c0261,0.0
r0098_c0262,0.0
r0098_c0265,0.0
r0098_c0266,0.0
r0098_c0267,0.0
r0098_c0268,0.0
r0099_c0234,0.0
r0099_c0235,0.0
r0099_c0253,0.0
r0099_c0254,0.0
r0099_c0255,0.0
r0099_c0256,0.0
r0099_c0261,0.0
r0099_c0262,0.0
r0099_c0264,0.0
r0099_c0265,0.0
r0099_c0266,0.0
r0099_c0267,0.0
r0099_c0268,0.0
r0099_c0269,0.0
r0100_c0234,0.0
r0100_c0235,0.0
r0100_c0239,0.0
r0100_c0240,44.44
r0100_c0253,0.0
r0100_c0254,0.0
r0100_c0255,0.0
r0100_c0256,0.0
r0100_c0257,0.0
r0100_c0258,0.0
r0100_c0262,0.0
r0100_c0263,0.0
r0100_c0264,0.0
r0100_c0265,0.0
r0100_c0266,0.0
r0100_c0267,0.0
r0100_c0268,0.0
r0101_c0234,0.0
r0101_c0235,0.0
r0101_c0238,0.0
r0101_c0239,0.0
r0101_c0240,0.0
r0101_c0241,0.0
r0101_c0253,0.0
r0101_c0254,0.0
r0101_c0255,0.0
r0101_c0256,0.0
r0101_c0257,0.0
r0101_c0258,0.0
r0101_c0259,0.0
r0101_c0260,0.0
r0101_c0261,0.0
r0101_c0262,0.0
r0101_c0263,0.0
r0101_c0264,0.0
r0101_c0265,0.0
r0101_c0266,0.0
r0101_c0267,0.0
r0102_c0233,44.44
r0102_c0234,0.0
r0102_c0238,0.0
r0102_c0239,0.0
r0102_c0240,0.0
r0102_c0241,0.0
r0102_c0254,0.0
r0102_c0255,0.0
r0102_c0256,0.0
r0102_c0257,0.0
r0102_c0258,0.0
r0102_c0259,0.0
r0102_c0260,0.0
r0102_c0261,0.0
r0102_c0262,0.0
r0102_c0263,0.0
r0102_c0264,0.0
r0102_c0265,0.0
r0102_c0266,0.0
r0103_c0222,88.89
r0103_c0223,0.0
r0103_c0224,0.0
r0103_c0225,0.0
r0103_c0226,0.0
r0103_c0238,0.0
r0103_c0239,0.0
r0103_c0240,0.0
r0103_c0241,88.89
r0103_c0253,0.0
r0103_c0254,0.0
r0103_c0255,0.0
r0103_c0256,0.0
r0103_c0257,0.0
r0103_c0258,0.0
r0103_c0259,0.0
r0103_c0260,0.0
r0103_c0261,0.0
r0103_c0262,0.0
r0103_c0263,0.0
r0103_c0264,0.0
r0103_c0265,0.0
r0104_c0222,0.0
r0104_c0223,0.0
r0104_c0224,0.0
r0104_c0225,0.0
r0104_c0226,0.0
r0104_c0248,0.0
r0104_c0252,0.0
r0104_c0253,0.0
r0104_c0254,0.0
r0104_c0255,0.0
r0104_c0256,0.0
r0104_c0257,0.0
r0104_c0258,0.0
r0104_c0259,0.0
r0104_c0260,0.0
r0104_c0261,0.0
r0104_c0262,0.0
r0104_c0263,0.0
r0104_c0264,0.0
r0104_c0265,0.0
r0105_c0221,44.44
r0105_c0222,0.0
r0105_c0223,0.0
r0105_c0224,0.0
r0105_c0225,0.0
r0105_c0226,0.0
r0105_c0248,0.0
r0106_c0221,0.0
r0106_c0224,0.0
r0106_c0225,0.0
r0106_c0226,0.0
r0106_c0248,0.0
r0107_c0221,0.0
r0107_c0224,0.0
r0107_c0225,0.0
r0107_c0226,0.0
r0107_c0248,44.44
r0107_c0251,0.0
r0107_c0252,0.0
r0108_c0221,0.0
r0108_c0223,0.0
r0108_c0224,0.0
r0108_c0226,0.0
r0108_c0273,44.44
r0109_c0221,0.0
r0109_c0223,0.0
r0109_c0224,0.0
r0109_c0225,0.0
r0109_c0226,0.0
r0109_c0273,0.0
r0110_c0221,0.0
r0110_c0222,0.0
r0110_c0223,44.44
r0110_c0224,0.0
r0110_c0225,0.0
r0110_c0226,0.0
r0110_c0273,0.0
r0111_c0221,0.0
r0111_c0222,0.0
r0111_c0223,0.0
r0111_c0224,0.0
r0111_c0225,0.0
r0111_c0226,0.0
r0111_c0273,0.0
r0112_c0222,0.0
r0112_c0223,0.0
r0112_c0224,0.0
r0112_c0225,0.0
r0112_c0226,0.0
r0112_c0227,0.0
r0112_c0273,0.0
r0113_c0221,0.0
r0113_c0222,0.0
r0113_c0223,0.0
r0113_c0224,0.0
r0113_c0225,0.0
r0113_c0226,0.0
r0113_c0227,0.0
r0113_c0272,0.0
r0113_c0273,0.0
r0114_c0221,0.0
r0114_c0222,0.0
r0114_c0223,0.0
r0114_c0224,0.0
r0114_c0225,0.0
r0114_c0226,0.0
r0114_c0227,44.44
r0114_c0272,0.0
r0114_c0273,0.0
r0115_c0221,0.0
r0115_c0222,0.0
r0115_c0223,0.0
r0115_c0224,0.0
r0115_c0225,0.0
r0115_c0226,44.44
r0115_c0272,0.0
r0115_c0273,0.0
r0116_c0222,0.0
r0116_c0223,44.44
r0116_c0225,0.0
r0116_c0226,0.0
r0116_c0272,0.0
r0116_c0273,0.0
r0117_c0221,266.67
r0117_c0222,0.0
r0117_c0223,0.0
r0117_c0272,0.0
r0117_c0273,0.0
r0118_c0221,0.0
r0118_c0222,0.0
r0118_c0272,0.0
r0119_c0271,0.0
r0119_c0272,0.0
r0120_c0271,0.0
r0120_c0272,0.0
r0121_c0271,0.0
r0121_c0272,0.0
r0122_c0271,0.0
r0122_c0272,0.0
r0123_c0221,44.44
r0123_c0222,0.0
r0123_c0223,0.0
r0123_c0224,0.0
r0123_c0225,0.0
r0123_c0226,44.44
r0124_c0221,0.0
r0124_c0222,0.0
r0124_c0223,0.0
r0124_c0224,0.0
r0124_c0225,0.0
r0124_c0226,0.0
r0125_c0221,0.0
r0125_c0222,0.0
r0125_c0223,0.0
r0125_c0224,0.0
r0125_c0225,0.0
r0125_c0226,0.0
r0126_c0221,0.0
r0126_c0222,0.0
r0126_c0223,0.0
r0126_c0224,0.0
r0126_c0225,0.0
r0126_c0226,0.0
r0127_c0221,133.33
r0127_c0222,44.44
r0127_c0223,44.44
r0127_c0224,0.0
r0127_c0225,0.0
r0127_c0226,0.0
r0128_c0221,266.67
r0128_c0222,44.44
r0128_c0223,88.89
r0128_c0224,44.44
r0128_c0225,0.0
r0128_c0226,0.0
r0129_c0221,88.89
r0129_c0222,0.0
r0129_c0223,0.0
r0129_c0224,0.0
r0129_c0225,0.0
r0130_c0221,0.0
r0130_c0222,0.0
r0130_c0223,0.0
r0130_c0224,0.0
r0130_c0225,0.0
r0130_c0226,0.0
r0131_c0221,0.0
r0131_c0222,0.0
r0131_c0223,0.0
r0131_c0224,0.0
r0131_c0225,0.0
r0131_c0226,0.0
r0132_c0221,0.0
r0132_c0222,0.0
r0132_c0223,0.0
r0132_c0224,0.0
r0132_c0225,0.0
r0132_c0226,0.0
r0133_c0221,0.0
r0133_c0222,0.0
r0133_c0223,0.0
r0133_c0224,0.0
r0133_c0225,0.0
r0133_c0226,0.0
r0134_c0222,0.0
r0134_c0223,0.0
r0134_c0224,0.0
r0134_c0225,0.0
r0134_c0226,0.0
r0135_c0221,0.0
r0135_c0222,0.0
r0135_c0223,0.0
r0135_c0224,0.0
r0135_c0225,0.0
r0135_c0226,0.0
r0136_c0221,0.0
r0136_c0222,0.0
r0136_c0223,0.0
r0136_c0224,0.0
r0136_c0225,0.0
r0136_c0226,0.0
r0137_c0221,44.44
r0137_c0222,0.0
r0137_c0223,0.0
r0137_c0224,0.0
r0137_c0225,0.0
r0137_c0226,0.0
r0138_c0221,0.0
r0138_c0222,0.0
r0138_c0223,0.0
r0138_c0224,0.0
r0138_c0225,0.0
r0138_c0226,0.0
r0139_c0221,0.0
r0139_c0222,0.0
r0139_c0223,0.0
r0139_c0224,0.0
r0139_c0225,0.0
r0139_c0226,0.0
r0139_c0227,0.0
r0139_c0228,0.0
r0139_c0229,0.0
r0139_c0230,0.0
r0139_c0231,0.0
r0139_c0232,0.0
r0139_c0233,88.89
r0139_c0234,133.33
r0140_c0221,0.0
r0140_c0222,0.0
r0140_c0223,0.0
r0140_c0224,0.0
r0140_c0229,0.0
r0140_c0230,0.0
r0140_c0231,0.0
r0140_c0232,0.0
r0140_c0233,0.0
r0140_c0234,0.0
r0141_c0221,0.0
r0141_c0222,0.0
r0141_c0223,0.0
r0141_c0224,0.0
r0141_c0225,0.0
r0141_c0226,0.0
r0141_c0229,0.0
r0141_c0230,0.0
r0141_c0231,0.0
r0141_c0232,0.0
r0141_c0233,0.0
r0141_c0234,44.44
r0142_c0221,0.0
r0142_c0222,0.0
r0142_c0223,0.0
r0142_c0224,0.0
r0142_c0225,0.0
r0142_c0226,0.0
r0142_c0229,0.0
r0142_c0230,0.0
r0142_c0231,0.0
r0142_c0232,0.0
r0142_c0233,0.0
r0142_c0234,0.0
r0143_c0221,0.0
r0143_c0222,0.0
r0143_c0223,0.0
r0143_c0224,0.0
r0143_c0225,0.0
r0143_c0226,0.0
r0143_c0229,0.0
r0143_c0230,0.0
r0143_c0231,0.0
r0143_c0232,0.0
r0143_c0233,0.0
r0143_c0234,0.0
r0144_c0221,0.0
r0144_c0222,0.0
r0144_c0223,0.0
r0144_c0224,0.0
r0144_c0225,0.0
r0144_c0226,0.0
r0144_c0229,0.0
r0144_c0230,0.0
r0144_c0231,0.0
r0144_c0232,0.0
r0144_c0233,0.0
r0144_c0234,0.0
r0144_c0235,88.89
r0145_c0221,0.0
r0145_c0222,0.0
r0145_c0223,0.0
r0145_c0224,0.0
r0145_c0225,0.0
r0145_c0226,44.44
r0145_c0229,0.0
r0145_c0230,0.0
r0145_c0231,0.0
r0145_c0232,44.44
r0146_c0221,0.0
r0146_c0222,0.0
r0146_c0223,0.0
r0146_c0224,0.0
r0146_c0225,0.0
r0146_c0226,0.0
r0146_c0229,0.0
r0146_c0230,0.0
r0146_c0231,0.0
r0146_c0232,0.0
r0147_c0221,0.0
r0147_c0222,44.44
r0147_c0223,0.0
r0147_c0224,44.44
r0147_c0225,0.0
r0147_c0226,44.44
r0147_c0229,44.44
r0147_c0230,0.0
r0147_c0231,0.0
r0147_c0232,0.0
r0148_c0223,0.0
r0148_c0224,44.44
r0148_c0225,177.78
r0148_c0226,0.0
r0148_c0228,88.89
r0148_c0229,44.44
r0148_c0230,0.0
r0148_c0231,0.0
r0148_c0232,44.44
r0149_c0224,0.0
r0149_c0225,0.0
r0149_c0226,0.0
r0149_c0228,0.0
r0149_c0229,0.0
r0149_c0230,0.0
r0149_c0231,0.0
r0149_c0232,44.44
r0150_c0224,0.0
r0150_c0225,0.0
r0150_c0226,0.0
r0150_c0227,0.0
r0150_c0228,0.0
r0150_c0229,0.0
r0150_c0230,0.0
r0150_c0231,0.0
r0150_c0232,0.0
r0151_c0221,88.89
r0151_c0222,0.0
r0151_c0224,0.0
r0151_c0225,0.0
r0151_c0226,0.0
r0151_c0227,0.0
r0151_c0228,0.0
r0151_c0229,0.0
r0151_c0230,0.0
r0151_c0231,0.0
r0151_c0232,0.0
r0152_c0221,44.44
r0152_c0222,0.0
r0152_c0223,0.0
r0152_c0224,0.0
r0152_c0225,0.0
r0152_c0226,0.0
r0152_c0227,0.0
r0152_c0228,0.0
r0152_c0229,0.0
r0152_c0230,0.0
r0152_c0231,0.0
r0152_c0232,0.0
r0153_c0221,222.22
r0153_c0222,0.0
r0153_c0223,0.0
r0153_c0224,0.0
r0153_c0225,0.0
r0153_c0226,0.0
r0153_c0227,0.0
r0155_c0228,0.0
r0156_c0228,311.11
r0159_c0232,88.89
r0159_c0233,0.0
r0159_c0234,0.0
r0160_c0232,0.0
r0160_c0233,0.0
r0160_c0234,0.0
r0160_c0235,0.0
r0161_c0233,0.0
r0161_c0234,0.0
r0161_c0235,0.0
r0162_c0233,0.0
r0162_c0234,0.0
r0162_c0235,0.0
r0162_c0236,0.0
r0162_c0237,0.0
r0163_c0233,44.44
r0163_c0234,0.0
r0163_c0235,0.0
r0163_c0236,0.0
r0164_c0233,0.0
r0164_c0234,0.0
r0165_c0232,266.67
r0168_c0232,0.0
r0168_c0233,0.0
r0168_c0234,0.0
r0168_c0235,0.0
r0168_c0236,0.0
r0169_c0232,0.0
r0169_c0233,0.0
r0169_c0234,0.0
r0169_c0235,0.0
r0169_c0236,0.0
r0170_c0232,0.0
r0170_c0233,0.0
r0170_c0234,0.0
r0170_c0235,0.0
r0170_c0236,0.0
r0171_c0232,0.0
r0171_c0233,0.0
r0171_c0234,0.0
r0171_c0235,0.0
r0171_c0236,0.0
r0172_c0232,0.0
r0172_c0233,0.0
r0172_c0234,0.0
r0172_c0236,0.0
r0173_c0232,0.0
r0173_c0233,0.0
r0173_c0234,0.0
r0173_c0236,0.0
r0174_c0232,0.0
r0174_c0233,0.0
r0174_c0236,0.0
r0175_c0232,0.0
r0175_c0233,0.0
r0175_c0235,0.0
r0175_c0236,0.0
r0176_c0232,0.0
r0176_c0233,0.0
r0176_c0234,0.0
r0176_c0236,0.0
r0177_c0232,0.0
r0177_c0233,0.0
r0177_c0234,0.0
r0177_c0237,0.0
r0178_c0232,0.0
r0178_c0233,0.0
r0178_c0234,0.0
r0178_c0237,0.0
r0179_c0232,88.89
r0179_c0233,0.0
r0179_c0234,0.0
r0179_c0236,0.0
r0179_c0237,0.0
r0180_c0235,0.0
r0180_c0236,0.0
r0180_c0237,0.0
r0181_c0233,0.0
r0181_c0234,0.0
r0181_c0235,0.0
r0181_c0236,0.0
r0181_c0237,0.0
r0182_c0232,0.0
r0182_c0233,0.0
r0182_c0234,0.0
r0182_c0235,0.0
r0182_c0236,0.0
r0182_c0237,0.0
r0183_c0232,0.0
r0183_c0233,0.0
r0183_c0234,0.0
r0183_c0235,0.0
r0183_c0236,0.0
r0183_c0237,0.0
r0184_c0232,0.0
r0184_c0233,0.0
r0184_c0234,0.0
r0184_c0235,0.0
r0184_c0236,0.0
r0184_c0237,0.0
r0185_c0232,0.0
r0185_c0233,0.0
r0185_c0234,0.0
r0185_c0235,0.0
r0185_c0236,0.0
r0185_c0237,0.0
r0186_c0232,0.0
r0186_c0233,0.0
r0186_c0234,0.0
r0186_c0235,0.0
r0186_c0236,0.0
r0187_c0232,0.0
r0187_c0233,0.0
r0187_c0234,0.0
r0187_c0235,0.0
r0187_c0236,0.0
r0188_c0232,0.0
r0188_c0233,0.0
r0188_c0234,0.0
r0188_c0235,0.0
r0188_c0236,0.0
r0189_c0232,0.0
r0189_c0233,0.0
r0189_c0234,0.0
r0189_c0235,0.0
r0189_c0236,0.0
r0190_c0232,0.0
r0190_c0233,0.0
r0190_c0234,0.0
r0190_c0236,44.44
r0191_c0148,0.0
r0191_c0149,0.0
r0192_c0148,0.0
r0192_c0149,0.0
r0192_c0150,0.0
r0192_c0237,0.0
r0193_c0147,0.0
r0193_c0148,0.0
r0193_c0149,0.0
r0193_c0150,0.0
r0193_c0151,133.33
r0193_c0237,0.0
r0196_c0239,0.0
r0196_c0240,0.0
r0196_c0241,0.0
r0196_c0242,0.0
r0196_c0248,0.0
r0196_c0249,0.0
r0196_c0250,0.0
r0196_c0251,0.0
r0196_c0253,0.0
r0196_c0254,0.0
r0197_c0239,0.0
r0197_c0240,0.0
r0197_c0241,0.0
r0197_c0242,0.0
r0197_c0248,0.0
r0197_c0249,0.0
r0197_c0250,0.0
r0197_c0251,0.0
r0197_c0252,0.0
r0197_c0253,0.0
r0197_c0254,0.0
r0198_c0239,0.0
r0198_c0240,0.0
r0198_c0241,0.0
r0198_c0242,0.0
r0198_c0248,0.0
r0198_c0249,0.0
r0198_c0250,0.0
r0198_c0251,0.0
r0198_c0252,0.0
r0198_c0253,0.0
r0198_c0254,0.0
r0199_c0245,0.0
r0199_c0246,0.0
r0199_c0247,0.0
r0199_c0251,0.0
r0200_c0178,88.89
r0200_c0181,0.0
r0200_c0243,0.0
r0200_c0244,0.0
r0200_c0245,0.0
r0200_c0246,0.0
r0200_c0247,0.0
r0200_c0248,0.0
r0200_c0249,0.0
r0200_c0250,0.0
r0200_c0251,0.0
r0200_c0252,0.0
r0200_c0253,0.0
r0200_c0254,44.44
r0200_c0268,0.0
r0201_c0243,0.0
r0201_c0244,0.0
r0201_c0245,0.0
r0201_c0246,0.0
r0201_c0247,0.0
r0201_c0248,88.89
r0201_c0249,0.0
r0201_c0250,0.0
r0201_c0251,0.0
r0201_c0252,0.0
r0201_c0253,0.0
r0201_c0254,0.0
r0201_c0255,0.0
r0201_c0256,0.0
r0201_c0257,0.0
r0201_c0258,0.0
r0201_c0259,0.0
r0201_c0264,44.44
r0201_c0265,0.0
r0201_c0266,0.0
r0201_c0267,0.0
r0201_c0268,0.0
r0202_c0178,0.0
r0202_c0179,0.0
r0202_c0180,0.0
r0202_c0181,0.0
r0202_c0182,0.0
r0202_c0183,0.0
r0202_c0248,44.44
r0202_c0249,0.0
r0202_c0250,0.0
r0202_c0251,0.0
r0202_c0252,0.0
r0202_c0253,0.0
r0202_c0254,0.0
r0202_c0255,0.0
r0202_c0256,0.0
r0202_c0257,0.0
r0202_c0258,0.0
r0202_c0259,0.0
r0202_c0262,0.0
r0202_c0263,0.0
r0202_c0266,0.0
r0202_c0267,0.0
r0202_c0268,44.44
r0203_c0149,0.0
r0203_c0150,0.0
r0203_c0151,0.0
r0203_c0152,0.0
r0203_c0153,0.0
r0203_c0154,0.0
r0203_c0155,44.44
r0203_c0156,44.44
r0203_c0157,0.0
r0203_c0158,44.44
r0203_c0178,0.0
r0203_c0179,0.0
r0203_c0180,0.0
r0203_c0181,0.0
r0203_c0182,0.0
r0203_c0183,0.0
r0203_c0248,0.0
r0203_c0249,0.0
r0203_c0250,0.0
r0203_c0251,0.0
r0203_c0252,0.0
r0203_c0253,0.0
r0203_c0254,0.0
r0203_c0255,0.0
r0203_c0256,0.0
r0203_c0257,0.0
r0203_c0258,0.0
r0203_c0259,0.0
r0203_c0261,0.0
r0203_c0262,0.0
r0203_c0263,0.0
r0203_c0266,0.0
r0203_c0267,0.0
r0203_c0268,0.0
r0204_c0149,0.0
r0204_c0150,0.0
r0204_c0151,0.0
r0204_c0152,0.0
r0204_c0154,0.0
r0204_c0155,0.0
r0204_c0156,0.0
r0204_c0159,0.0
r0204_c0160,0.0
r0204_c0161,0.0
r0204_c0162,0.0
r0204_c0163,0.0
r0204_c0165,0.0
r0204_c0166,0.0
r0204_c0178,0.0
r0204_c0179,0.0
r0204_c0180,0.0
r0204_c0181,0.0
r0204_c0182,0.0
r0204_c0183,0.0
r0204_c0248,0.0
r0204_c0249,0.0
r0204_c0252,0.0
r0204_c0253,0.0
r0204_c0254,0.0
r0204_c0256,0.0
r0204_c0257,0.0
r0204_c0258,0.0
r0204_c0259,0.0
r0204_c0260,0.0
r0204_c0261,0.0
r0204_c0262,0.0
r0204_c0264,0.0
r0204_c0265,0.0
r0204_c0266,0.0
r0204_c0267,0.0
r0205_c0147,0.0
r0205_c0148,0.0
r0205_c0149,0.0
r0205_c0150,0.0
r0205_c0154,0.0
r0205_c0155,0.0
r0205_c0156,0.0
r0205_c0158,0.0
r0205_c0159,0.0
r0205_c0160,0.0
r0205_c0161,0.0
r0205_c0162,0.0
r0205_c0165,0.0
r0205_c0167,0.0
r0205_c0168,0.0
r0205_c0169,0.0
r0205_c0170,0.0
r0205_c0171,0.0
r0205_c0172,0.0
r0205_c0173,0.0
r0205_c0174,0.0
r0205_c0178,0.0
r0205_c0179,0.0
r0205_c0180,0.0
r0205_c0181,0.0
r0205_c0182,0.0
r0205_c0183,0.0
r0205_c0248,0.0
r0205_c0249,0.0
r0205_c0250,0.0
r0205_c0251,0.0
r0205_c0252,0.0
r0205_c0253,0.0
r0205_c0256,0.0
r0205_c0257,0.0
r0205_c0258,0.0
r0205_c0259,0.0
r0205_c0260,0.0
r0205_c0261,0.0
r0205_c0262,0.0
r0205_c0263,0.0
r0205_c0264,0.0
r0205_c0265,0.0
r0205_c0266,0.0
r0205_c0267,0.0
r0206_c0147,0.0
r0206_c0148,0.0
r0206_c0163,0.0
r0206_c0164,0.0
r0206_c0165,0.0
r0206_c0166,0.0
r0206_c0167,0.0
r0206_c0168,0.0
r0206_c0171,0.0
r0206_c0172,0.0
r0206_c0173,0.0
r0206_c0174,0.0
r0206_c0175,0.0
r0206_c0176,0.0
r0206_c0177,0.0
r0206_c0178,0.0
r0206_c0179,0.0
r0206_c0180,0.0
r0206_c0181,0.0
r0206_c0182,0.0
r0206_c0183,0.0
r0206_c0248,0.0
r0206_c0249,0.0
r0206_c0250,0.0
r0206_c0251,0.0
r0206_c0252,0.0
r0206_c0253,0.0
r0206_c0255,0.0
r0206_c0256,0.0
r0206_c0257,0.0
r0206_c0258,0.0
r0206_c0259,0.0
r0206_c0260,0.0
r0206_c0261,0.0
r0206_c0262,0.0
r0206_c0263,0.0
r0206_c0264,0.0
r0206_c0265,0.0
r0206_c0266,0.0
r0206_c0267,44.44
r0207_c0148,0.0
r0207_c0168,44.44
r0207_c0170,0.0
r0207_c0171,0.0
r0207_c0173,0.0
r0207_c0174,0.0
r0207_c0175,0.0
r0207_c0176,0.0
r0207_c0177,0.0
r0207_c0178,0.0
r0207_c0179,0.0
r0207_c0180,0.0
r0207_c0181,0.0
r0207_c0182,0.0
r0207_c0183,0.0
r0207_c0219,0.0
r0207_c0220,44.44
r0207_c0249,0.0
r0207_c0250,0.0
r0207_c0251,0.0
r0207_c0252,0.0
r0207_c0253,0.0
r0207_c0255,0.0
r0207_c0256,0.0
r0207_c0257,0.0
r0207_c0258,0.0
r0207_c0259,0.0
r0207_c0261,0.0
r0207_c0262,0.0
r0207_c0263,0.0
r0207_c0264,0.0
r0207_c0265,0.0
r0207_c0266,0.0
r0207_c0267,0.0
r0207_c0268,0.0
r0207_c0269,133.33
r0208_c0148,0.0
r0208_c0162,0.0
r0208_c0163,577.78
r0208_c0173,0.0
r0208_c0174,0.0
r0208_c0178,0.0
r0208_c0179,0.0
r0208_c0180,0.0
r0208_c0181,0.0
r0208_c0182,0.0
r0208_c0183,44.44
r0208_c0219,0.0
r0208_c0220,0.0
r0208_c0232,0.0
r0208_c0233,0.0
r0208_c0234,0.0
r0208_c0244,44.44
r0208_c0249,0.0
r0208_c0250,0.0
r0208_c0251,0.0
r0208_c0252,0.0
r0208_c0253,0.0
r0208_c0254,0.0
r0208_c0255,0.0
r0208_c0256,0.0
r0208_c0257,0.0
r0208_c0258,0.0
r0208_c0259,0.0
r0208_c0261,0.0
r0208_c0262,0.0
r0208_c0263,0.0
r0208_c0264,0.0
r0208_c0265,0.0
r0208_c0266,0.0
r0208_c0267,0.0
r0208_c0268,0.0
r0208_c0269,0.0
r0209_c0160,844.44
r0209_c0161,133.33
r0209_c0162,266.67
r0209_c0178,0.0
r0209_c0179,0.0
r0209_c0180,0.0
r0209_c0181,0.0
r0209_c0182,44.44
r0209_c0183,0.0
r0209_c0219,0.0
r0209_c0220,0.0
r0209_c0232,0.0
r0209_c0233,0.0
r0209_c0234,0.0
r0209_c0240,0.0
r0209_c0243,0.0
r0209_c0244,44.44
r0209_c0249,0.0
r0209_c0250,0.0
r0209_c0251,0.0
r0209_c0252,0.0
r0209_c0253,0.0
r0209_c0254,0.0
r0209_c0255,0.0
r0209_c0256,0.0
r0209_c0257,0.0
r0209_c0258,0.0
r0209_c0259,0.0
r0209_c0261,0.0
r0209_c0262,0.0
r0209_c0263,0.0
r0209_c0264,0.0
r0209_c0265,0.0
r0209_c0266,0.0
r0209_c0267,0.0
r0209_c0268,0.0
r0210_c0162,177.78
r0210_c0174,0.0
r0210_c0176,0.0
r0210_c0178,0.0
r0210_c0179,0.0
r0210_c0180,0.0
r0210_c0181,0.0
r0210_c0182,0.0
r0210_c0183,0.0
r0210_c0219,0.0
r0210_c0220,0.0
r0210_c0221,0.0
r0210_c0222,0.0
r0210_c0223,0.0
r0210_c0232,0.0
r0210_c0233,0.0
r0210_c0234,0.0
r0210_c0243,0.0
r0210_c0244,44.44
r0210_c0249,88.89
r0210_c0250,0.0
r0210_c0251,0.0
r0210_c0252,0.0
r0210_c0253,0.0
r0210_c0254,0.0
r0210_c0255,0.0
r0210_c0256,0.0
r0210_c0257,0.0
r0210_c0258,0.0
r0210_c0260,0.0
r0210_c0261,0.0
r0210_c0262,0.0
r0210_c0263,0.0
r0210_c0264,0.0
r0210_c0265,0.0
r0210_c0266,0.0
r0210_c0267,0.0
r0210_c0268,0.0
r0211_c0169,0.0
r0211_c0170,0.0
r0211_c0171,0.0
r0211_c0172,0.0
r0211_c0173,0.0
r0211_c0174,0.0
r0211_c0175,0.0
r0211_c0176,0.0
r0211_c0177,0.0
r0211_c0178,0.0
r0211_c0179,0.0
r0211_c0180,0.0
r0211_c0181,0.0
r0211_c0182,0.0
r0211_c0183,0.0
r0211_c0219,0.0
r0211_c0220,0.0
r0211_c0221,0.0
r0211_c0222,0.0
r0211_c0223,0.0
r0211_c0232,0.0
r0211_c0233,0.0
r0211_c0234,44.44
r0211_c0243,0.0
r0211_c0244,0.0
r0211_c0249,44.44
r0211_c0250,0.0
r0211_c0251,0.0
r0211_c0252,0.0
r0211_c0253,0.0
r0211_c0254,0.0
r0211_c0258,0.0
r0211_c0259,0.0
r0211_c0260,88.89
r0211_c0261,44.44
r0211_c0262,0.0
r0211_c0263,0.0
r0211_c0265,0.0
r0211_c0266,0.0
r0211_c0267,0.0
r0211_c0268,0.0
r0211_c0270,0.0
r0212_c0160,755.56
r0212_c0168,44.44
r0212_c0169,0.0
r0212_c0170,0.0
r0212_c0171,0.0
r0212_c0172,0.0
r0212_c0173,0.0
r0212_c0174,0.0
r0212_c0175,0.0
r0212_c0176,0.0
r0212_c0177,0.0
r0212_c0178,88.89
r0212_c0179,0.0
r0212_c0180,0.0
r0212_c0181,0.0
r0212_c0182,0.0
r0212_c0183,133.33
r0212_c0218,0.0
r0212_c0219,0.0
r0212_c0220,0.0
r0212_c0221,0.0
r0212_c0222,0.0
r0212_c0223,0.0
r0212_c0232,88.89
r0212_c0233,0.0
r0212_c0234,88.89
r0212_c0243,88.89
r0212_c0244,44.44
r0212_c0249,0.0
r0212_c0250,0.0
r0212_c0251,0.0
r0212_c0252,0.0
r0212_c0253,0.0
r0212_c0254,44.44
r0212_c0258,0.0
r0212_c0259,0.0
r0212_c0260,0.0
r0212_c0261,0.0
r0212_c0263,0.0
r0212_c0265,0.0
r0212_c0266,0.0
r0212_c0267,0.0
r0212_c0269,0.0
r0212_c0270,0.0
r0213_c0145,0.0
r0213_c0146,0.0
r0213_c0149,0.0
r0213_c0168,0.0
r0213_c0169,0.0
r0213_c0170,44.44
r0213_c0171,44.44
r0213_c0172,0.0
r0213_c0173,0.0
r0213_c0174,0.0
r0213_c0175,0.0
r0213_c0176,0.0
r0213_c0177,0.0
r0213_c0178,0.0
r0213_c0216,88.89
r0213_c0217,0.0
r0213_c0221,0.0
r0213_c0222,0.0
r0213_c0223,0.0
r0213_c0224,44.44
r0213_c0232,0.0
r0213_c0233,0.0
r0213_c0234,0.0
r0213_c0248,0.0
r0213_c0249,0.0
r0213_c0250,0.0
r0213_c0251,0.0
r0213_c0258,0.0
r0213_c0259,0.0
r0213_c0265,0.0
r0213_c0266,0.0
r0213_c0267,0.0
r0213_c0268,0.0
r0214_c0143,0.0
r0214_c0144,0.0
r0214_c0145,0.0
r0214_c0146,0.0
r0214_c0147,0.0
r0214_c0148,0.0
r0214_c0149,0.0
r0214_c0154,0.0
r0214_c0155,0.0
r0214_c0169,0.0
r0214_c0170,0.0
r0214_c0172,0.0
r0214_c0173,0.0
r0214_c0174,0.0
r0214_c0175,0.0
r0214_c0176,0.0
r0214_c0177,0.0
r0214_c0178,0.0
r0214_c0216,0.0
r0214_c0217,0.0
r0214_c0221,0.0
r0214_c0222,0.0
r0214_c0223,0.0
r0214_c0224,0.0
r0214_c0232,0.0
r0214_c0233,0.0
r0214_c0234,0.0
r0214_c0248,0.0
r0214_c0249,0.0
r0214_c0250,0.0
r0214_c0251,0.0
r0214_c0252,0.0
r0214_c0253,0.0
r0214_c0258,0.0
r0214_c0259,0.0
r0214_c0265,0.0
r0214_c0266,0.0
r0214_c0267,0.0
r0214_c0268,0.0
r0214_c0270,0.0
r0215_c0145,0.0
r0215_c0148,0.0
r0215_c0150,0.0
r0215_c0151,0.0
r0215_c0152,0.0
r0215_c0153,0.0
r0215_c0154,0.0
r0215_c0155,0.0
r0215_c0156,0.0
r0215_c0157,0.0
r0215_c0170,0.0
r0215_c0171,0.0
r0215_c0172,0.0
r0215_c0173,0.0
r0215_c0174,0.0
r0215_c0175,0.0
r0215_c0176,0.0
r0215_c0177,0.0
r0215_c0178,0.0
r0215_c0216,0.0
r0215_c0217,0.0
r0215_c0218,0.0
r0215_c0219,0.0
r0215_c0220,0.0
r0215_c0221,0.0
r0215_c0222,0.0
r0215_c0223,0.0
r0215_c0224,0.0
r0215_c0232,44.44
r0215_c0233,0.0
r0215_c0234,0.0
r0215_c0248,0.0
r0215_c0249,0.0
r0215_c0250,0.0
r0215_c0251,0.0
r0215_c0252,0.0
r0215_c0253,0.0
r0215_c0258,0.0
r0215_c0265,0.0
r0215_c0266,0.0
r0216_c0145,0.0
r0216_c0146,0.0
r0216_c0147,0.0
r0216_c0148,0.0
r0216_c0149,0.0
r0216_c0150,0.0
r0216_c0151,0.0
r0216_c0157,0.0
r0216_c0158,0.0
r0216_c0159,0.0
r0216_c0160,0.0
r0216_c0161,0.0
r0216_c0162,0.0
r0216_c0163,88.89
r0216_c0172,0.0
r0216_c0173,0.0
r0216_c0174,0.0
r0216_c0175,0.0
r0216_c0176,0.0
r0216_c0177,0.0
r0216_c0178,0.0
r0216_c0216,0.0
r0216_c0217,0.0
r0216_c0218,0.0
r0216_c0219,0.0
r0216_c0220,0.0
r0216_c0221,0.0
r0216_c0222,0.0
r0216_c0223,0.0
r0216_c0224,0.0
r0216_c0226,0.0
r0216_c0232,44.44
r0216_c0247,0.0
r0216_c0248,0.0
r0216_c0249,0.0
r0216_c0250,0.0
r0216_c0251,0.0
r0216_c0252,0.0
r0216_c0253,0.0
r0216_c0265,0.0
r0216_c0266,0.0
r0217_c0137,0.0
r0217_c0138,0.0
r0217_c0139,0.0
r0217_c0147,0.0
r0217_c0148,0.0
r0217_c0149,0.0
r0217_c0150,0.0
r0217_c0151,0.0
r0217_c0152,0.0
r0217_c0153,0.0
r0217_c0154,0.0
r0217_c0155,0.0
r0217_c0156,0.0
r0217_c0157,0.0
r0217_c0158,0.0
r0217_c0159,0.0
r0217_c0160,0.0
r0217_c0161,0.0
r0217_c0174,0.0
r0217_c0175,0.0
r0217_c0176,0.0
r0217_c0177,0.0
r0217_c0178,0.0
r0217_c0216,44.44
r0217_c0217,0.0
r0217_c0218,0.0
r0217_c0219,0.0
r0217_c0220,0.0
r0217_c0221,0.0
r0217_c0222,0.0
r0217_c0223,0.0
r0217_c0224,0.0
r0217_c0226,0.0
r0217_c0232,0.0
r0217_c0246,0.0
r0217_c0247,0.0
r0217_c0248,0.0
r0217_c0249,0.0
r0217_c0250,0.0
r0217_c0251,0.0
r0217_c0252,0.0
r0218_c0136,0.0
r0218_c0137,0.0
r0218_c0138,0.0
r0218_c0139,0.0
r0218_c0140,0.0
r0218_c0141,0.0
r0218_c0142,0.0
r0218_c0143,0.0
r0218_c0158,0.0
r0218_c0159,0.0
r0218_c0160,0.0
r0218_c0162,0.0
r0218_c0163,0.0
r0218_c0167,88.89
r0218_c0168,0.0
r0218_c0174,0.0
r0218_c0175,0.0
r0218_c0176,0.0
r0218_c0177,0.0
r0218_c0216,0.0
r0218_c0217,0.0
r0218_c0218,0.0
r0218_c0219,0.0
r0218_c0220,44.44
r0218_c0221,0.0
r0218_c0222,0.0
r0218_c0223,0.0
r0218_c0224,0.0
r0218_c0225,0.0
r0218_c0226,0.0
r0218_c0232,44.44
r0218_c0233,0.0
r0218_c0234,0.0
r0218_c0235,0.0
r0218_c0236,0.0
r0218_c0239,0.0
r0218_c0245,0.0
r0218_c0246,0.0
r0218_c0247,0.0
r0218_c0248,0.0
r0218_c0249,0.0
r0218_c0250,0.0
r0218_c0251,0.0
r0218_c0252,44.44
r0218_c0259,0.0
r0219_c0135,0.0
r0219_c0136,0.0
r0219_c0137,0.0
r0219_c0138,0.0
r0219_c0139,0.0
r0219_c0140,0.0
r0219_c0141,0.0
r0219_c0142,0.0
r0219_c0143,0.0
r0219_c0144,0.0
r0219_c0147,0.0
r0219_c0148,0.0
r0219_c0149,0.0
r0219_c0150,0.0
r0219_c0151,0.0
r0219_c0152,0.0
r0219_c0166,0.0
r0219_c0167,133.33
r0219_c0168,0.0
r0219_c0169,0.0
r0219_c0174,0.0
r0219_c0175,0.0
r0219_c0176,0.0
r0219_c0177,0.0
r0219_c0216,0.0
r0219_c0217,0.0
r0219_c0218,0.0
r0219_c0219,0.0
r0219_c0220,0.0
r0219_c0221,0.0
r0219_c0222,0.0
r0219_c0223,0.0
r0219_c0224,0.0
r0219_c0225,0.0
r0219_c0226,0.0
r0219_c0232,0.0
r0219_c0233,0.0
r0219_c0234,0.0
r0219_c0235,0.0
r0219_c0236,0.0
r0219_c0239,0.0
r0219_c0240,0.0
r0219_c0241,0.0
r0219_c0243,0.0
r0219_c0244,0.0
r0219_c0245,0.0
r0219_c0246,0.0
r0219_c0247,0.0
r0219_c0248,0.0
r0219_c0249,0.0
r0219_c0250,0.0
r0219_c0251,0.0
r0219_c0252,0.0
r0219_c0253,0.0
r0220_c0134,0.0
r0220_c0135,0.0
r0220_c0136,0.0
r0220_c0137,0.0
r0220_c0138,0.0
r0220_c0139,133.33
r0220_c0140,0.0
r0220_c0141,0.0
r0220_c0142,0.0
r0220_c0143,0.0
r0220_c0144,0.0
r0220_c0145,0.0
r0220_c0146,0.0
r0220_c0147,0.0
r0220_c0148,0.0
r0220_c0149,0.0
r0220_c0150,0.0
r0220_c0151,0.0
r0220_c0152,0.0
r0220_c0153,0.0
r0220_c0166,88.89
r0220_c0167,88.89
r0220_c0168,0.0
r0220_c0169,0.0
r0220_c0170,0.0
r0220_c0171,0.0
r0220_c0173,0.0
r0220_c0175,0.0
r0220_c0176,0.0
r0220_c0177,0.0
r0220_c0216,0.0
r0220_c0217,0.0
r0220_c0218,0.0
r0220_c0219,0.0
r0220_c0220,0.0
r0220_c0221,0.0
r0220_c0222,0.0
r0220_c0223,0.0
r0220_c0224,0.0
r0220_c0225,0.0
r0220_c0232,0.0
r0220_c0233,0.0
r0220_c0234,0.0
r0220_c0236,0.0
r0220_c0239,0.0
r0220_c0240,0.0
r0220_c0241,0.0
r0220_c0243,0.0
r0220_c0244,0.0
r0220_c0245,0.0
r0220_c0248,0.0
r0220_c0249,0.0
r0220_c0250,0.0
r0220_c0251,0.0
r0220_c0252,0.0
r0220_c0253,44.44
r0221_c0134,0.0
r0221_c0135,0.0
r0221_c0136,0.0
r0221_c0137,0.0
r0221_c0138,44.44
r0221_c0139,133.33
r0221_c0140,0.0
r0221_c0141,0.0
r0221_c0142,0.0
r0221_c0143,0.0
r0221_c0144,44.44
r0221_c0145,44.44
r0221_c0146,0.0
r0221_c0147,0.0
r0221_c0148,0.0
r0221_c0149,0.0
r0221_c0150,0.0
r0221_c0151,0.0
r0221_c0152,0.0
r0221_c0153,44.44
r0221_c0157,0.0
r0221_c0159,0.0
r0221_c0160,0.0
r0221_c0161,0.0
r0221_c0162,0.0
r0221_c0163,0.0
r0221_c0164,0.0
r0221_c0165,0.0
r0221_c0166,0.0
r0221_c0167,88.89
r0221_c0168,0.0
r0221_c0169,0.0
r0221_c0170,0.0
r0221_c0171,0.0
r0221_c0172,0.0
r0221_c0173,0.0
r0221_c0175,0.0
r0221_c0176,0.0
r0221_c0177,0.0
r0221_c0216,0.0
r0221_c0217,0.0
r0221_c0218,0.0
r0221_c0219,0.0
r0221_c0220,44.44
r0221_c0223,0.0
r0221_c0224,0.0
r0221_c0225,0.0
r0221_c0232,0.0
r0221_c0233,0.0
r0221_c0234,0.0
r0221_c0236,0.0
r0221_c0237,0.0
r0221_c0239,0.0
r0221_c0240,0.0
r0221_c0241,0.0
r0221_c0242,0.0
r0221_c0243,0.0
r0221_c0244,0.0
r0221_c0246,0.0
r0221_c0247,0.0
r0221_c0248,0.0
r0221_c0249,0.0
r0221_c0250,0.0
r0221_c0251,0.0
r0221_c0252,0.0
r0221_c0253,0.0
r0222_c0135,0.0
r0222_c0136,0.0
r0222_c0137,0.0
r0222_c0138,0.0
r0222_c0139,0.0
r0222_c0140,0.0
r0222_c0141,266.67
r0222_c0142,44.44
r0222_c0143,0.0
r0222_c0144,0.0
r0222_c0145,0.0
r0222_c0146,0.0
r0222_c0147,0.0
r0222_c0148,0.0
r0222_c0149,0.0
r0222_c0150,0.0
r0222_c0151,0.0
r0222_c0152,0.0
r0222_c0153,44.44
r0222_c0157,0.0
r0222_c0159,0.0
r0222_c0160,0.0
r0222_c0161,0.0
r0222_c0162,0.0
r0222_c0163,0.0
r0222_c0164,0.0
r0222_c0165,0.0
r0222_c0166,0.0
r0222_c0167,311.11
r0222_c0168,400.0
r0222_c0169,133.33
r0222_c0170,0.0
r0222_c0171,0.0
r0222_c0172,0.0
r0222_c0173,0.0
r0222_c0174,44.44
r0222_c0175,0.0
r0222_c0176,0.0
r0222_c0177,44.44
r0222_c0216,0.0
r0222_c0217,0.0
r0222_c0218,0.0
r0222_c0219,0.0
r0222_c0220,0.0
r0222_c0221,44.44
r0222_c0222,0.0
r0222_c0223,0.0
r0222_c0224,0.0
r0222_c0225,0.0
r0222_c0232,0.0
r0222_c0233,0.0
r0222_c0234,0.0
r0222_c0235,0.0
r0222_c0236,0.0
r0222_c0240,0.0
r0222_c0241,0.0
r0222_c0242,0.0
r0222_c0243,0.0
r0222_c0244,0.0
r0222_c0245,0.0
r0222_c0246,0.0
r0222_c0247,44.44
r0222_c0248,44.44
r0222_c0249,0.0
r0222_c0250,0.0
r0222_c0251,0.0
r0222_c0252,0.0
r0222_c0253,133.33
r0223_c0134,0.0
r0223_c0135,133.33
r0223_c0137,0.0
r0223_c0138,0.0
r0223_c0139,0.0
r0223_c0140,0.0
r0223_c0141,0.0
r0223_c0142,0.0
r0223_c0143,44.44
r0223_c0144,0.0
r0223_c0145,0.0
r0223_c0146,0.0
r0223_c0147,0.0
r0223_c0148,0.0
r0223_c0149,0.0
r0223_c0150,0.0
r0223_c0151,0.0
r0223_c0152,0.0
r0223_c0153,88.89
r0223_c0154,0.0
r0223_c0155,0.0
r0223_c0156,0.0
r0223_c0157,0.0
r0223_c0158,0.0
r0223_c0159,0.0
r0223_c0160,0.0
r0223_c0161,0.0
r0223_c0162,0.0
r0223_c0163,0.0
r0223_c0164,0.0
r0223_c0165,0.0
r0223_c0166,0.0
r0223_c0167,88.89
r0223_c0168,0.0
r0223_c0169,0.0
r0223_c0170,88.89
r0223_c0171,0.0
r0223_c0172,0.0
r0223_c0173,0.0
r0223_c0174,0.0
r0223_c0175,0.0
r0223_c0176,44.44
r0223_c0177,0.0
r0223_c0178,177.78
r0223_c0216,88.89
r0223_c0217,0.0
r0223_c0218,0.0
r0223_c0219,0.0
r0223_c0220,0.0
r0223_c0221,44.44
r0223_c0222,44.44
r0223_c0223,0.0
r0223_c0224,0.0
r0223_c0225,0.0
r0223_c0226,0.0
r0223_c0227,0.0
r0223_c0228,0.0
r0223_c0229,0.0
r0223_c0230,0.0
r0223_c0232,0.0
r0223_c0239,88.89
r0223_c0240,44.44
r0223_c0241,44.44
r0223_c0242,0.0
r0223_c0243,0.0
r0223_c0244,0.0
r0223_c0245,0.0
r0223_c0246,44.44
r0223_c0248,0.0
r0223_c0249,44.44
r0223_c0250,0.0
r0223_c0251,0.0
r0223_c0252,88.89
r0224_c0134,0.0
r0224_c0138,0.0
r0224_c0139,0.0
r0224_c0140,0.0
r0224_c0142,0.0
r0224_c0143,0.0
r0224_c0144,0.0
r0224_c0145,0.0
r0224_c0146,0.0
r0224_c0147,0.0
r0224_c0148,0.0
r0224_c0149,0.0
r0224_c0150,0.0
r0224_c0151,0.0
r0224_c0152,266.67
r0224_c0153,177.78
r0224_c0154,0.0
r0224_c0155,0.0
r0224_c0156,0.0
r0224_c0157,0.0
r0224_c0158,0.0
r0224_c0159,0.0
r0224_c0160,0.0
r0224_c0161,0.0
r0224_c0162,0.0
r0224_c0163,0.0
r0224_c0164,0.0
r0224_c0165,0.0
r0224_c0166,0.0
r0224_c0167,0.0
r0224_c0168,0.0
r0224_c0169,0.0
r0224_c0170,0.0
r0224_c0171,0.0
r0224_c0172,0.0
r0224_c0173,0.0
r0224_c0174,0.0
r0224_c0175,0.0
r0224_c0176,0.0
r0224_c0177,0.0
r0224_c0178,0.0
r0224_c0179,88.89
r0224_c0216,0.0
r0224_c0217,0.0
r0224_c0218,0.0
r0224_c0219,0.0
r0224_c0220,0.0
r0224_c0221,0.0
r0224_c0222,0.0
r0224_c0223,0.0
r0224_c0224,0.0
r0224_c0225,0.0
r0224_c0226,0.0
r0224_c0227,0.0
r0224_c0228,0.0
r0224_c0229,0.0
r0224_c0230,0.0
r0224_c0231,0.0
r0224_c0232,0.0
r0224_c0235,133.33
r0224_c0236,177.78
r0224_c0240,0.0
r0224_c0241,0.0
r0224_c0242,0.0
r0224_c0243,0.0
r0224_c0244,0.0
r0224_c0245,0.0
r0224_c0246,0.0
r0224_c0247,0.0
r0224_c0248,0.0
r0224_c0249,0.0
r0224_c0250,0.0
r0224_c0251,0.0
r0224_c0252,88.89
r0225_c0133,0.0
r0225_c0134,0.0
r0225_c0140,0.0
r0225_c0141,0.0
r0225_c0142,0.0
r0225_c0143,0.0
r0225_c0144,0.0
r0225_c0145,0.0
r0225_c0146,0.0
r0225_c0147,0.0
r0225_c0148,0.0
r0225_c0149,0.0
r0225_c0150,0.0
r0225_c0151,44.44
r0225_c0152,177.78
r0225_c0153,0.0
r0225_c0154,0.0
r0225_c0155,0.0
r0225_c0156,0.0
r0225_c0157,0.0
r0225_c0158,0.0
r0225_c0159,0.0
r0225_c0160,0.0
r0225_c0161,0.0
r0225_c0162,0.0
r0225_c0163,0.0
r0225_c0164,0.0
r0225_c0165,0.0
r0225_c0166,0.0
r0225_c0167,0.0
r0225_c0168,0.0
r0225_c0169,0.0
r0225_c0170,0.0
r0225_c0171,0.0
r0225_c0172,0.0
r0225_c0173,0.0
r0225_c0174,0.0
r0225_c0175,0.0
r0225_c0176,0.0
r0225_c0177,0.0
r0225_c0178,0.0
r0225_c0179,0.0
r0225_c0180,0.0
r0225_c0181,266.67
r0225_c0216,0.0
r0225_c0217,0.0
r0225_c0218,0.0
r0225_c0219,0.0
r0225_c0220,0.0
r0225_c0221,0.0
r0225_c0222,0.0
r0225_c0223,0.0
r0225_c0224,0.0
r0225_c0225,0.0
r0225_c0226,0.0
r0225_c0227,0.0
r0225_c0228,0.0
r0225_c0229,0.0
r0225_c0230,0.0
r0225_c0231,0.0
r0225_c0235,0.0
r0225_c0236,0.0
r0225_c0237,0.0
r0225_c0239,0.0
r0225_c0240,0.0
r0225_c0241,0.0
r0225_c0242,0.0
r0225_c0243,0.0
r0225_c0244,0.0
r0225_c0245,0.0
r0225_c0246,0.0
r0225_c0247,0.0
r0225_c0248,0.0
r0225_c0249,0.0
r0225_c0250,0.0
r0225_c0251,0.0
r0225_c0252,0.0
r0226_c0141,0.0
r0226_c0142,0.0
r0226_c0143,0.0
r0226_c0144,0.0
r0226_c0145,0.0
r0226_c0146,0.0
r0226_c0147,0.0
r0226_c0148,0.0
r0226_c0149,0.0
r0226_c0150,0.0
r0226_c0151,0.0
r0226_c0152,0.0
r0226_c0153,0.0
r0226_c0154,0.0
r0226_c0155,0.0
r0226_c0156,0.0
r0226_c0157,0.0
r0226_c0158,0.0
r0226_c0159,0.0
r0226_c0160,0.0
r0226_c0161,0.0
r0226_c0162,0.0
r0226_c0163,0.0
r0226_c0164,0.0
r0226_c0165,0.0
r0226_c0166,0.0
r0226_c0167,0.0
r0226_c0168,0.0
r0226_c0169,0.0
r0226_c0170,0.0
r0226_c0171,0.0
r0226_c0172,0.0
r0226_c0173,0.0
r0226_c0174,44.44
r0226_c0175,0.0
r0226_c0176,0.0
r0226_c0177,0.0
r0226_c0178,0.0
r0226_c0179,0.0
r0226_c0180,0.0
r0226_c0181,0.0
r0226_c0182,88.89
r0226_c0216,0.0
r0226_c0217,0.0
r0226_c0218,0.0
r0226_c0219,0.0
r0226_c0220,0.0
r0226_c0221,0.0
r0226_c0222,0.0
r0226_c0223,0.0
r0226_c0224,0.0
r0226_c0225,0.0
r0226_c0226,0.0
r0226_c0227,0.0
r0226_c0228,0.0
r0226_c0229,0.0
r0226_c0230,0.0
r0226_c0231,0.0
r0226_c0237,0.0
r0226_c0238,0.0
r0226_c0239,0.0
r0226_c0240,0.0
r0226_c0241,0.0
r0226_c0242,0.0
r0226_c0243,0.0
r0226_c0244,0.0
r0226_c0245,0.0
r0226_c0246,0.0
r0226_c0247,0.0
r0226_c0248,0.0
r0226_c0249,0.0
r0226_c0250,0.0
r0226_c0251,0.0
r0226_c0252,44.44
r0227_c0142,0.0
r0227_c0143,0.0
r0227_c0145,0.0
r0227_c0146,0.0
r0227_c0147,0.0
r0227_c0151,0.0
r0227_c0152,0.0
r0227_c0153,0.0
r0227_c0154,0.0
r0227_c0155,0.0
r0227_c0156,0.0
r0227_c0157,0.0
r0227_c0158,0.0
r0227_c0159,0.0
r0227_c0160,0.0
r0227_c0161,0.0
r0227_c0162,0.0
r0227_c0163,0.0
r0227_c0164,0.0
r0227_c0165,0.0
r0227_c0166,0.0
r0227_c0167,0.0
r0227_c0168,0.0
r0227_c0169,0.0
r0227_c0170,0.0
r0227_c0171,0.0
r0227_c0172,0.0
r0227_c0173,0.0
r0227_c0174,0.0
r0227_c0175,0.0
r0227_c0176,0.0
r0227_c0177,0.0
r0227_c0178,0.0
r0227_c0179,0.0
r0227_c0180,0.0
r0227_c0181,0.0
r0227_c0182,0.0
r0227_c0216,0.0
r0227_c0217,0.0
r0227_c0218,0.0
r0227_c0219,0.0
r0227_c0220,0.0
r0227_c0221,0.0
r0227_c0222,0.0
r0227_c0223,0.0
r0227_c0224,0.0
r0227_c0225,0.0
r0227_c0226,0.0
r0227_c0227,0.0
r0227_c0228,0.0
r0227_c0229,0.0
r0227_c0230,0.0
r0227_c0231,0.0
r0227_c0237,0.0
r0227_c0238,0.0
r0227_c0239,0.0
r0227_c0240,0.0
r0227_c0241,0.0
r0227_c0242,0.0
r0227_c0243,0.0
r0227_c0244,0.0
r0227_c0245,0.0
r0227_c0246,0.0
r0227_c0247,0.0
r0227_c0248,0.0
r0227_c0249,0.0
r0227_c0250,0.0
r0227_c0251,0.0
r0227_c0252,44.44
r0228_c0131,0.0
r0228_c0132,0.0
r0228_c0152,0.0
r0228_c0153,0.0
r0228_c0157,0.0
r0228_c0158,0.0
r0228_c0159,0.0
r0228_c0160,0.0
r0228_c0161,0.0
r0228_c0162,0.0
r0228_c0163,0.0
r0228_c0164,0.0
r0228_c0165,0.0
r0228_c0166,0.0
r0228_c0168,0.0
r0228_c0169,0.0
r0228_c0170,0.0
r0228_c0171,0.0
r0228_c0172,0.0
r0228_c0173,0.0
r0228_c0174,0.0
r0228_c0175,0.0
r0228_c0176,0.0
r0228_c0177,0.0
r0228_c0178,0.0
r0228_c0179,0.0
r0228_c0180,0.0
r0228_c0181,0.0
r0228_c0182,0.0
r0228_c0216,0.0
r0228_c0217,0.0
r0228_c0218,0.0
r0228_c0219,0.0
r0228_c0220,0.0
r0228_c0221,0.0
r0228_c0222,0.0
r0228_c0223,0.0
r0228_c0224,0.0
r0228_c0225,0.0
r0228_c0226,0.0
r0228_c0227,0.0
r0228_c0228,0.0
r0228_c0229,0.0
r0228_c0230,0.0
r0228_c0231,0.0
r0228_c0239,0.0
r0228_c0240,0.0
r0228_c0241,0.0
r0228_c0242,0.0
r0228_c0243,0.0
r0228_c0244,0.0
r0228_c0245,0.0
r0228_c0246,0.0
r0228_c0247,0.0
r0228_c0248,0.0
r0228_c0249,0.0
r0228_c0250,0.0
r0228_c0251,0.0
r0228_c0252,0.0
r0229_c0131,0.0
r0229_c0153,0.0
r0229_c0157,0.0
r0229_c0158,0.0
r0229_c0159,0.0
r0229_c0160,0.0
r0229_c0161,0.0
r0229_c0162,0.0
r0229_c0163,0.0
r0229_c0164,0.0
r0229_c0165,0.0
r0229_c0166,0.0
r0229_c0167,0.0
r0229_c0168,0.0
r0229_c0169,0.0
r0229_c0170,0.0
r0229_c0171,0.0
r0229_c0172,0.0
r0229_c0173,0.0
r0229_c0174,0.0
r0229_c0175,0.0
r0229_c0176,0.0
r0229_c0177,0.0
r0229_c0178,0.0
r0229_c0179,0.0
r0229_c0180,0.0
r0229_c0181,0.0
r0229_c0183,0.0
r0229_c0206,0.0
r0229_c0207,0.0
r0229_c0208,0.0
r0229_c0209,0.0
r0229_c0216,0.0
r0229_c0217,0.0
r0229_c0218,0.0
r0229_c0219,0.0
r0229_c0220,0.0
r0229_c0221,0.0
r0229_c0222,0.0
r0229_c0223,0.0
r0229_c0224,0.0
r0229_c0225,0.0
r0229_c0226,0.0
r0229_c0227,0.0
r0229_c0228,0.0
r0229_c0229,0.0
r0229_c0230,0.0
r0229_c0231,0.0
r0229_c0240,0.0
r0229_c0241,0.0
r0229_c0242,0.0
r0229_c0243,0.0
r0229_c0244,0.0
r0229_c0245,0.0
r0229_c0246,0.0
r0229_c0248,0.0
r0229_c0249,0.0
r0229_c0250,0.0
r0229_c0251,0.0
r0229_c0252,0.0
r0230_c0131,0.0
r0230_c0157,0.0
r0230_c0158,0.0
r0230_c0159,0.0
r0230_c0160,0.0
r0230_c0161,44.44
r0230_c0162,0.0
r0230_c0163,0.0
r0230_c0164,0.0
r0230_c0165,0.0
r0230_c0166,0.0
r0230_c0167,0.0
r0230_c0168,0.0
r0230_c0169,0.0
r0230_c0170,0.0
r0230_c0171,0.0
r0230_c0172,0.0
r0230_c0173,0.0
r0230_c0174,0.0
r0230_c0175,0.0
r0230_c0176,0.0
r0230_c0177,0.0
r0230_c0178,44.44
r0230_c0179,0.0
r0230_c0180,0.0
r0230_c0181,0.0
r0230_c0182,0.0
r0230_c0183,0.0
r0230_c0206,0.0
r0230_c0207,44.44
r0230_c0208,0.0
r0230_c0209,0.0
r0230_c0216,0.0
r0230_c0217,0.0
r0230_c0218,0.0
r0230_c0219,0.0
r0230_c0220,0.0
r0230_c0221,0.0
r0230_c0222,0.0
r0230_c0223,0.0
r0230_c0224,0.0
r0230_c0225,0.0
r0230_c0226,0.0
r0230_c0227,0.0
r0230_c0228,0.0
r0230_c0229,0.0
r0230_c0230,0.0
r0230_c0231,0.0
r0230_c0232,0.0
r0230_c0233,0.0
r0230_c0240,0.0
r0230_c0241,0.0
r0230_c0242,0.0
r0230_c0243,0.0
r0230_c0244,0.0
r0230_c0248,0.0
r0230_c0249,0.0
r0230_c0250,0.0
r0230_c0251,0.0
r0230_c0252,0.0
r0231_c0154,0.0
r0231_c0155,0.0
r0231_c0157,0.0
r0231_c0158,0.0
r0231_c0159,0.0
r0231_c0160,0.0
r0231_c0161,0.0
r0231_c0162,0.0
r0231_c0163,0.0
r0231_c0164,0.0
r0231_c0165,0.0
r0231_c0166,0.0
r0231_c0167,0.0
r0231_c0168,88.89
r0231_c0169,0.0
r0231_c0170,0.0
r0231_c0171,0.0
r0231_c0172,0.0
r0231_c0173,0.0
r0231_c0174,0.0
r0231_c0175,0.0
r0231_c0176,0.0
r0231_c0177,0.0
r0231_c0180,0.0
r0231_c0181,0.0
r0231_c0182,0.0
r0231_c0183,0.0
r0231_c0206,0.0
r0231_c0207,0.0
r0231_c0208,0.0
r0231_c0209,0.0
r0231_c0210,0.0
r0231_c0211,0.0
r0231_c0212,0.0
r0231_c0213,0.0
r0231_c0214,0.0
r0231_c0215,0.0
r0231_c0216,0.0
r0231_c0217,0.0
r0231_c0218,0.0
r0231_c0219,0.0
r0231_c0220,0.0
r0231_c0221,0.0
r0231_c0222,0.0
r0231_c0223,0.0
r0231_c0224,0.0
r0231_c0225,0.0
r0231_c0226,0.0
r0231_c0227,0.0
r0231_c0228,0.0
r0231_c0229,0.0
r0231_c0230,0.0
r0231_c0231,0.0
r0231_c0232,0.0
r0231_c0233,0.0
r0231_c0234,0.0
r0231_c0241,0.0
r0231_c0243,0.0
r0231_c0244,0.0
r0231_c0245,0.0
r0231_c0246,0.0
r0231_c0247,0.0
r0231_c0248,0.0
r0231_c0249,0.0
r0231_c0250,0.0
r0231_c0251,0.0
r0231_c0252,0.0
r0232_c0147,0.0
r0232_c0152,88.89
r0232_c0157,0.0
r0232_c0158,0.0
r0232_c0159,0.0
r0232_c0160,0.0
r0232_c0162,0.0
r0232_c0163,0.0
r0232_c0164,0.0
r0232_c0165,0.0
r0232_c0166,0.0
r0232_c0167,0.0
r0232_c0168,88.89
r0232_c0169,0.0
r0232_c0170,0.0
r0232_c0171,0.0
r0232_c0172,0.0
r0232_c0173,0.0
r0232_c0174,0.0
r0232_c0175,0.0
r0232_c0176,0.0
r0232_c0177,0.0
r0232_c0179,44.44
r0232_c0180,0.0
r0232_c0181,0.0
r0232_c0182,0.0
r0232_c0183,0.0
r0232_c0206,0.0
r0232_c0207,0.0
r0232_c0208,0.0
r0232_c0209,0.0
r0232_c0210,0.0
r0232_c0211,0.0
r0232_c0212,0.0
r0232_c0213,0.0
r0232_c0214,0.0
r0232_c0215,0.0
r0232_c0217,0.0
r0232_c0218,0.0
r0232_c0219,0.0
r0232_c0220,0.0
r0232_c0221,0.0
r0232_c0222,0.0
r0232_c0223,0.0
r0232_c0224,0.0
r0232_c0225,0.0
r0232_c0226,0.0
r0232_c0227,0.0
r0232_c0228,0.0
r0232_c0229,0.0
r0232_c0230,0.0
r0232_c0231,0.0
r0232_c0232,0.0
r0232_c0233,0.0
r0232_c0234,0.0
r0232_c0240,0.0
r0232_c0241,0.0
r0232_c0242,0.0
r0232_c0243,0.0
r0232_c0244,0.0
r0232_c0245,0.0
r0232_c0246,0.0
r0232_c0247,44.44
r0232_c0248,44.44
r0232_c0249,0.0
r0232_c0250,0.0
r0232_c0251,0.0
r0232_c0252,44.44
r0233_c0146,0.0
r0233_c0147,0.0
r0233_c0157,0.0
r0233_c0158,0.0
r0233_c0159,0.0
r0233_c0160,0.0
r0233_c0161,0.0
r0233_c0162,0.0
r0233_c0163,0.0
r0233_c0164,0.0
r0233_c0165,0.0
r0233_c0166,0.0
r0233_c0167,0.0
r0233_c0169,0.0
r0233_c0170,0.0
r0233_c0171,0.0
r0233_c0172,0.0
r0233_c0173,0.0
r0233_c0174,0.0
r0233_c0175,0.0
r0233_c0176,0.0
r0233_c0179,0.0
r0233_c0180,0.0
r0233_c0181,0.0
r0233_c0182,0.0
r0233_c0183,0.0
r0233_c0205,0.0
r0233_c0206,0.0
r0233_c0207,0.0
r0233_c0208,88.89
r0233_c0209,0.0
r0233_c0210,0.0
r0233_c0211,0.0
r0233_c0212,0.0
r0233_c0213,0.0
r0233_c0214,0.0
r0233_c0215,0.0
r0233_c0216,0.0
r0233_c0217,0.0
r0233_c0218,0.0
r0233_c0219,0.0
r0233_c0220,0.0
r0233_c0221,44.44
r0233_c0222,0.0
r0233_c0223,0.0
r0233_c0224,44.44
r0233_c0225,44.44
r0233_c0226,44.44
r0233_c0227,0.0
r0233_c0228,0.0
r0233_c0229,0.0
r0233_c0230,0.0
r0233_c0231,0.0
r0233_c0232,44.44
r0233_c0233,44.44
r0233_c0234,0.0
r0233_c0237,0.0
r0233_c0240,0.0
r0233_c0241,0.0
r0233_c0242,0.0
r0233_c0243,0.0
r0233_c0244,44.44
r0233_c0245,0.0
r0233_c0246,0.0
r0233_c0247,0.0
r0233_c0248,0.0
r0233_c0249,0.0
r0233_c0250,0.0
r0233_c0251,0.0
r0233_c0252,0.0
r0234_c0146,0.0
r0234_c0147,0.0
r0234_c0152,88.89
r0234_c0158,0.0
r0234_c0159,0.0
r0234_c0160,0.0
r0234_c0161,0.0
r0234_c0162,0.0
r0234_c0163,0.0
r0234_c0164,0.0
r0234_c0165,0.0
r0234_c0166,0.0
r0234_c0167,0.0
r0234_c0168,0.0
r0234_c0170,0.0
r0234_c0171,0.0
r0234_c0172,0.0
r0234_c0173,0.0
r0234_c0176,0.0
r0234_c0177,0.0
r0234_c0178,0.0
r0234_c0179,0.0
r0234_c0180,0.0
r0234_c0181,0.0
r0234_c0182,0.0
r0234_c0183,0.0
r0234_c0208,0.0
r0234_c0209,0.0
r0234_c0210,0.0
r0234_c0211,0.0
r0234_c0212,0.0
r0234_c0213,0.0
r0234_c0214,0.0
r0234_c0215,0.0
r0234_c0216,0.0
r0234_c0217,44.44
r0234_c0218,0.0
r0234_c0219,0.0
r0234_c0220,0.0
r0234_c0221,0.0
r0234_c0222,0.0
r0234_c0223,0.0
r0234_c0224,0.0
r0234_c0225,88.89
r0234_c0226,88.89
r0234_c0227,0.0
r0234_c0228,0.0
r0234_c0229,0.0
r0234_c0230,0.0
r0234_c0231,44.44
r0234_c0239,0.0
r0234_c0240,0.0
r0234_c0241,0.0
r0234_c0243,0.0
r0234_c0244,0.0
r0234_c0245,133.33
r0234_c0246,0.0
r0234_c0247,133.33
r0234_c0248,0.0
r0234_c0249,0.0
r0234_c0250,0.0
r0234_c0251,0.0
r0234_c0252,0.0
r0235_c0153,44.44
r0235_c0154,177.78
r0235_c0155,44.44
r0235_c0156,0.0
r0235_c0157,0.0
r0235_c0158,0.0
r0235_c0159,0.0
r0235_c0160,0.0
r0235_c0161,0.0
r0235_c0162,0.0
r0235_c0163,0.0
r0235_c0164,0.0
r0235_c0165,0.0
r0235_c0166,0.0
r0235_c0167,0.0
r0235_c0168,0.0
r0235_c0169,0.0
r0235_c0170,0.0
r0235_c0171,0.0
r0235_c0174,133.33
r0235_c0175,44.44
r0235_c0176,0.0
r0235_c0178,0.0
r0235_c0179,133.33
r0235_c0180,0.0
r0235_c0181,222.22
r0235_c0182,177.78
r0235_c0183,266.67
r0235_c0208,44.44
r0235_c0209,0.0
r0235_c0210,0.0
r0235_c0211,0.0
r0235_c0212,0.0
r0235_c0213,0.0
r0235_c0214,0.0
r0235_c0215,0.0
r0235_c0216,0.0
r0235_c0217,0.0
r0235_c0218,0.0
r0235_c0219,0.0
r0235_c0220,0.0
r0235_c0221,0.0
r0235_c0222,0.0
r0235_c0223,0.0
r0235_c0224,0.0
r0235_c0225,0.0
r0235_c0226,0.0
r0235_c0227,0.0
r0235_c0228,0.0
r0235_c0229,0.0
r0235_c0230,0.0
r0235_c0231,0.0
r0235_c0239,0.0
r0235_c0240,0.0
r0235_c0241,0.0
r0235_c0242,0.0
r0235_c0243,0.0
r0235_c0244,0.0
r0235_c0245,0.0
r0235_c0246,0.0
r0235_c0247,0.0
r0235_c0248,0.0
r0235_c0249,0.0
r0235_c0250,0.0
r0235_c0251,0.0
r0235_c0252,0.0
r0236_c0155,0.0
r0236_c0156,0.0
r0236_c0157,0.0
r0236_c0158,0.0
r0236_c0159,0.0
r0236_c0160,0.0
r0236_c0161,0.0
r0236_c0162,0.0
r0236_c0163,0.0
r0236_c0164,0.0
r0236_c0165,0.0
r0236_c0166,0.0
r0236_c0167,0.0
r0236_c0168,0.0
r0236_c0170,44.44
r0236_c0183,44.44
r0236_c0208,0.0
r0236_c0209,0.0
r0236_c0210,0.0
r0236_c0211,0.0
r0236_c0212,0.0
r0236_c0213,0.0
r0236_c0214,0.0
r0236_c0215,0.0
r0236_c0216,0.0
r0236_c0217,0.0
r0236_c0218,0.0
r0236_c0219,0.0
r0236_c0220,0.0
r0236_c0221,0.0
r0236_c0222,0.0
r0236_c0223,0.0
r0236_c0224,0.0
r0236_c0225,0.0
r0236_c0226,0.0
r0236_c0227,0.0
r0236_c0228,0.0
r0236_c0229,0.0
r0236_c0230,0.0
r0236_c0231,0.0
r0236_c0239,0.0
r0236_c0242,0.0
r0236_c0243,0.0
r0236_c0244,0.0
r0236_c0245,0.0
r0236_c0246,0.0
r0236_c0247,0.0
r0236_c0248,0.0
r0236_c0249,0.0
r0236_c0250,0.0
r0236_c0251,0.0
r0236_c0252,0.0
r0237_c0124,177.78
r0237_c0157,0.0
r0237_c0158,0.0
r0237_c0159,0.0
r0237_c0160,0.0
r0237_c0161,0.0
r0237_c0162,0.0
r0237_c0164,0.0
r0237_c0165,0.0
r0237_c0166,0.0
r0237_c0168,44.44
r0237_c0169,0.0
r0237_c0183,44.44
r0237_c0208,0.0
r0237_c0210,0.0
r0237_c0211,0.0
r0237_c0212,0.0
r0237_c0213,0.0
r0237_c0214,0.0
r0237_c0215,0.0
r0237_c0216,0.0
r0237_c0217,0.0
r0237_c0218,0.0
r0237_c0219,0.0
r0237_c0220,0.0
r0237_c0221,0.0
r0237_c0222,0.0
r0237_c0223,0.0
r0237_c0224,0.0
r0237_c0225,0.0
r0237_c0226,0.0
r0237_c0227,0.0
r0237_c0228,0.0
r0237_c0229,0.0
r0237_c0230,0.0
r0237_c0231,0.0
r0237_c0232,0.0
r0237_c0233,0.0
r0237_c0234,0.0
r0237_c0235,0.0
r0237_c0236,0.0
r0237_c0237,0.0
r0237_c0239,0.0
r0237_c0240,0.0
r0237_c0241,0.0
r0237_c0242,0.0
r0237_c0243,0.0
r0237_c0244,0.0
r0237_c0245,0.0
r0237_c0246,0.0
r0237_c0247,0.0
r0237_c0248,0.0
r0237_c0249,0.0
r0237_c0250,0.0
r0237_c0251,0.0
r0237_c0252,0.0
r0238_c0123,0.0
r0238_c0124,0.0
r0238_c0125,0.0
r0238_c0157,0.0
r0238_c0158,0.0
r0238_c0159,0.0
r0238_c0162,0.0
r0238_c0163,0.0
r0238_c0164,0.0
r0238_c0165,0.0
r0238_c0168,133.33
r0238_c0183,0.0
r0238_c0209,0.0
r0238_c0210,0.0
r0238_c0211,0.0
r0238_c0212,0.0
r0238_c0213,0.0
r0238_c0214,0.0
r0238_c0215,0.0
r0238_c0216,0.0
r0238_c0217,0.0
r0238_c0218,0.0
r0238_c0219,0.0
r0238_c0220,0.0
r0238_c0221,0.0
r0238_c0222,0.0
r0238_c0223,0.0
r0238_c0224,0.0
r0238_c0225,0.0
r0238_c0226,44.44
r0238_c0227,0.0
r0238_c0228,0.0
r0238_c0229,0.0
r0238_c0230,0.0
r0238_c0231,0.0
r0238_c0232,0.0
r0238_c0233,0.0
r0238_c0234,0.0
r0238_c0235,0.0
r0238_c0236,0.0
r0238_c0239,0.0
r0238_c0240,0.0
r0238_c0241,0.0
r0238_c0242,0.0
r0238_c0243,0.0
r0238_c0244,0.0
r0238_c0245,0.0
r0238_c0246,0.0
r0238_c0247,0.0
r0238_c0248,0.0
r0238_c0249,0.0
r0238_c0250,0.0
r0238_c0251,0.0
r0238_c0252,0.0
r0239_c0123,0.0
r0239_c0124,0.0
r0239_c0125,0.0
r0239_c0126,44.44
r0239_c0159,88.89
r0239_c0160,0.0
r0239_c0162,0.0
r0239_c0163,0.0
r0239_c0164,0.0
r0239_c0165,0.0
r0239_c0183,0.0
r0239_c0185,0.0
r0239_c0186,0.0
r0239_c0187,0.0
r0239_c0188,0.0
r0239_c0191,0.0
r0239_c0192,0.0
r0239_c0193,0.0
r0239_c0194,0.0
r0239_c0195,0.0
r0239_c0196,0.0
r0239_c0197,0.0
r0239_c0198,0.0
r0239_c0199,0.0
r0239_c0200,0.0
r0239_c0201,0.0
r0239_c0202,0.0
r0239_c0203,0.0
r0239_c0204,44.44
r0239_c0208,0.0
r0239_c0209,0.0
r0239_c0210,0.0
r0239_c0211,0.0
r0239_c0212,0.0
r0239_c0213,0.0
r0239_c0214,0.0
r0239_c0215,0.0
r0239_c0216,0.0
r0239_c0217,0.0
r0239_c0218,0.0
r0239_c0219,0.0
r0239_c0220,0.0
r0239_c0221,0.0
r0239_c0222,0.0
r0239_c0223,0.0
r0239_c0224,0.0
r0239_c0225,0.0
r0239_c0226,0.0
r0239_c0227,0.0
r0239_c0228,0.0
r0239_c0229,0.0
r0239_c0230,0.0
r0239_c0231,0.0
r0239_c0232,0.0
r0239_c0233,0.0
r0239_c0234,44.44
r0239_c0235,0.0
r0239_c0236,0.0
r0239_c0239,0.0
r0239_c0240,0.0
r0239_c0241,0.0
r0239_c0242,0.0
r0239_c0243,0.0
r0239_c0244,0.0
r0239_c0245,0.0
r0239_c0246,0.0
r0239_c0247,0.0
r0239_c0248,0.0
r0239_c0249,0.0
r0239_c0250,0.0
r0239_c0251,0.0
r0239_c0252,0.0
r0240_c0122,0.0
r0240_c0123,0.0
r0240_c0124,0.0
r0240_c0125,0.0
r0240_c0126,0.0
r0240_c0127,44.44
r0240_c0128,44.44
r0240_c0156,0.0
r0240_c0158,0.0
r0240_c0159,0.0
r0240_c0160,0.0
r0240_c0161,44.44
r0240_c0163,0.0
r0240_c0164,88.89
r0240_c0194,0.0
r0240_c0195,0.0
r0240_c0196,0.0
r0240_c0197,0.0
r0240_c0198,0.0
r0240_c0199,0.0
r0240_c0200,0.0
r0240_c0201,0.0
r0240_c0202,0.0
r0240_c0203,0.0
r0240_c0204,0.0
r0240_c0208,0.0
r0240_c0209,0.0
r0240_c0210,0.0
r0240_c0211,0.0
r0240_c0212,0.0
r0240_c0213,0.0
r0240_c0215,0.0
r0240_c0216,0.0
r0240_c0217,0.0
r0240_c0221,0.0
r0240_c0222,0.0
r0240_c0223,0.0
r0240_c0224,0.0
r0240_c0225,0.0
r0240_c0226,0.0
r0240_c0227,0.0
r0240_c0228,0.0
r0240_c0229,0.0
r0240_c0230,0.0
r0240_c0231,0.0
r0240_c0232,0.0
r0240_c0233,0.0
r0240_c0234,0.0
r0240_c0235,0.0
r0240_c0236,0.0
r0240_c0237,44.44
r0240_c0238,0.0
r0240_c0239,0.0
r0240_c0240,0.0
r0240_c0241,0.0
r0240_c0242,0.0
r0240_c0243,0.0
r0240_c0244,0.0
r0240_c0245,44.44
r0240_c0246,0.0
r0240_c0247,0.0
r0240_c0248,0.0
r0240_c0249,0.0
r0240_c0250,0.0
r0240_c0251,0.0
r0240_c0252,0.0
r0241_c0121,0.0
r0241_c0122,88.89
r0241_c0123,0.0
r0241_c0124,0.0
r0241_c0125,0.0
r0241_c0126,0.0
r0241_c0140,177.78
r0241_c0141,400.0
r0241_c0144,0.0
r0241_c0145,44.44
r0241_c0153,0.0
r0241_c0158,0.0
r0241_c0159,0.0
r0241_c0160,0.0
r0241_c0161,0.0
r0241_c0162,0.0
r0241_c0194,0.0
r0241_c0195,0.0
r0241_c0196,0.0
r0241_c0197,0.0
r0241_c0198,0.0
r0241_c0199,0.0
r0241_c0200,0.0
r0241_c0201,0.0
r0241_c0202,0.0
r0241_c0203,0.0
r0241_c0204,0.0
r0241_c0207,0.0
r0241_c0208,0.0
r0241_c0209,0.0
r0241_c0210,44.44
r0241_c0211,0.0
r0241_c0212,0.0
r0241_c0213,0.0
r0241_c0214,0.0
r0241_c0215,0.0
r0241_c0216,0.0
r0241_c0217,0.0
r0241_c0221,0.0
r0241_c0222,0.0
r0241_c0223,0.0
r0241_c0224,0.0
r0241_c0225,0.0
r0241_c0226,0.0
r0241_c0227,0.0
r0241_c0228,0.0
r0241_c0229,0.0
r0241_c0230,0.0
r0241_c0231,0.0
r0241_c0232,0.0
r0241_c0233,0.0
r0241_c0234,0.0
r0241_c0235,0.0
r0241_c0236,0.0
r0241_c0237,0.0
r0241_c0239,0.0
r0241_c0240,0.0
r0241_c0241,0.0
r0241_c0242,0.0
r0241_c0243,0.0
r0241_c0244,0.0
r0241_c0245,0.0
r0241_c0246,0.0
r0241_c0247,0.0
r0241_c0248,0.0
r0241_c0249,0.0
r0241_c0250,0.0
r0241_c0251,0.0
r0241_c0252,0.0
r0242_c0120,0.0
r0242_c0124,0.0
r0242_c0125,0.0
r0242_c0139,311.11
r0242_c0140,44.44
r0242_c0141,44.44
r0242_c0142,0.0
r0242_c0143,0.0
r0242_c0144,0.0
r0242_c0145,0.0
r0242_c0153,0.0
r0242_c0154,0.0
r0242_c0156,0.0
r0242_c0157,0.0
r0242_c0158,0.0
r0242_c0159,0.0
r0242_c0160,0.0
r0242_c0161,0.0
r0242_c0162,0.0
r0242_c0163,0.0
r0242_c0194,0.0
r0242_c0195,0.0
r0242_c0196,0.0
r0242_c0197,0.0
r0242_c0198,0.0
r0242_c0199,0.0
r0242_c0200,0.0
r0242_c0201,0.0
r0242_c0202,0.0
r0242_c0203,0.0
r0242_c0204,0.0
r0242_c0205,0.0
r0242_c0206,0.0
r0242_c0207,0.0
r0242_c0208,0.0
r0242_c0209,0.0
r0242_c0210,0.0
r0242_c0211,0.0
r0242_c0212,0.0
r0242_c0213,0.0
r0242_c0214,0.0
r0242_c0215,0.0
r0242_c0216,0.0
r0242_c0217,0.0
r0242_c0219,0.0
r0242_c0220,0.0
r0242_c0221,0.0
r0242_c0222,0.0
r0242_c0223,0.0
r0242_c0224,0.0
r0242_c0225,0.0
r0242_c0226,0.0
r0242_c0227,0.0
r0242_c0228,0.0
r0242_c0229,0.0
r0242_c0230,0.0
r0242_c0231,0.0
r0242_c0232,0.0
r0242_c0233,0.0
r0242_c0234,0.0
r0242_c0235,0.0
r0242_c0236,0.0
r0242_c0237,0.0
r0242_c0238,0.0
r0242_c0239,0.0
r0242_c0240,0.0
r0242_c0241,0.0
r0242_c0242,44.44
r0242_c0243,0.0
r0242_c0244,0.0
r0242_c0245,0.0
r0242_c0246,0.0
r0242_c0247,0.0
r0242_c0248,0.0
r0242_c0249,0.0
r0242_c0250,0.0
r0242_c0251,0.0
r0242_c0252,0.0
r0243_c0119,355.56
r0243_c0120,711.11
r0243_c0132,133.33
r0243_c0139,133.33
r0243_c0140,0.0
r0243_c0141,0.0
r0243_c0142,0.0
r0243_c0143,0.0
r0243_c0144,0.0
r0243_c0154,0.0
r0243_c0155,0.0
r0243_c0156,0.0
r0243_c0157,0.0
r0243_c0158,0.0
r0243_c0159,0.0
r0243_c0160,0.0
r0243_c0161,0.0
r0243_c0162,0.0
r0243_c0163,44.44
r0243_c0194,0.0
r0243_c0195,0.0
r0243_c0196,0.0
r0243_c0197,0.0
r0243_c0198,0.0
r0243_c0199,0.0
r0243_c0200,0.0
r0243_c0201,44.44
r0243_c0202,0.0
r0243_c0203,44.44
r0243_c0204,0.0
r0243_c0205,0.0
r0243_c0206,0.0
r0243_c0207,0.0
r0243_c0208,0.0
r0243_c0209,0.0
r0243_c0210,0.0
r0243_c0211,0.0
r0243_c0212,0.0
r0243_c0213,0.0
r0243_c0214,0.0
r0243_c0215,0.0
r0243_c0216,0.0
r0243_c0217,0.0
r0243_c0218,44.44
r0243_c0219,44.44
r0243_c0220,44.44
r0243_c0221,0.0
r0243_c0222,0.0
r0243_c0223,44.44
r0243_c0224,0.0
r0243_c0225,0.0
r0243_c0226,0.0
r0243_c0227,0.0
r0243_c0228,0.0
r0243_c0229,0.0
r0243_c0230,0.0
r0243_c0232,88.89
r0243_c0233,0.0
r0243_c0234,0.0
r0243_c0235,0.0
r0243_c0236,0.0
r0243_c0237,0.0
r0243_c0238,0.0
r0243_c0239,0.0
r0243_c0240,0.0
r0243_c0241,0.0
r0243_c0243,0.0
r0243_c0244,0.0
r0243_c0245,0.0
r0243_c0246,0.0
r0243_c0247,0.0
r0243_c0248,0.0
r0243_c0249,0.0
r0243_c0250,44.44
r0243_c0251,0.0
r0243_c0252,0.0
r0244_c0119,488.89
r0244_c0133,0.0
r0244_c0141,0.0
r0244_c0142,0.0
r0244_c0143,0.0
r0244_c0144,0.0
r0244_c0153,0.0
r0244_c0154,0.0
r0244_c0155,0.0
r0244_c0156,0.0
r0244_c0157,0.0
r0244_c0158,0.0
r0244_c0159,0.0
r0244_c0160,0.0
r0244_c0161,0.0
r0244_c0194,44.44
r0244_c0195,44.44
r0244_c0196,0.0
r0244_c0197,0.0
r0244_c0198,0.0
r0244_c0199,0.0
r0244_c0200,0.0
r0244_c0204,0.0
r0244_c0205,88.89
r0244_c0206,0.0
r0244_c0207,0.0
r0244_c0208,0.0
r0244_c0209,0.0
r0244_c0210,0.0
r0244_c0211,0.0
r0244_c0212,0.0
r0244_c0213,0.0
r0244_c0214,0.0
r0244_c0215,0.0
r0244_c0216,0.0
r0244_c0217,0.0
r0244_c0218,0.0
r0244_c0219,0.0
r0244_c0220,133.33
r0244_c0224,0.0
r0244_c0225,0.0
r0244_c0226,0.0
r0244_c0227,0.0
r0244_c0228,0.0
r0244_c0229,0.0
r0244_c0230,44.44
r0244_c0232,88.89
r0244_c0235,0.0
r0244_c0236,44.44
r0244_c0240,0.0
r0244_c0241,0.0
r0244_c0243,0.0
r0244_c0244,0.0
r0244_c0248,0.0
r0244_c0249,0.0
r0244_c0250,0.0
r0244_c0251,0.0
r0244_c0252,133.33
r0245_c0118,1022.22
r0245_c0125,622.22
r0245_c0126,577.78
r0245_c0136,222.22
r0245_c0141,0.0
r0245_c0142,0.0
r0245_c0143,0.0
r0245_c0144,0.0
r0245_c0147,0.0
r0245_c0153,88.89
r0245_c0154,0.0
r0245_c0155,0.0
r0245_c0156,0.0
r0245_c0157,0.0
r0245_c0158,0.0
r0245_c0159,0.0
r0245_c0160,0.0
r0245_c0161,0.0
r0245_c0204,0.0
r0245_c0205,0.0
r0245_c0206,0.0
r0245_c0207,0.0
r0245_c0208,0.0
r0245_c0209,0.0
r0245_c0210,0.0
r0245_c0211,0.0
r0245_c0212,0.0
r0245_c0213,0.0
r0245_c0214,0.0
r0245_c0216,0.0
r0245_c0217,0.0
r0245_c0218,44.44
r0245_c0219,0.0
r0245_c0220,0.0
r0245_c0221,44.44
r0245_c0222,44.44
r0245_c0223,0.0
r0245_c0224,0.0
r0245_c0225,0.0
r0245_c0226,0.0
r0245_c0227,0.0
r0245_c0228,0.0
r0245_c0229,0.0
r0245_c0230,0.0
r0245_c0231,0.0
r0245_c0232,0.0
r0245_c0233,0.0
r0245_c0234,44.44
r0245_c0235,0.0
r0245_c0236,0.0
r0245_c0239,0.0
r0245_c0240,0.0
r0245_c0241,0.0
r0245_c0242,0.0
r0245_c0245,0.0
r0245_c0246,0.0
r0245_c0251,0.0
r0245_c0252,0.0
r0245_c0254,0.0
r0245_c0255,0.0
r0245_c0262,44.44
r0246_c0122,533.33
r0246_c0123,444.44
r0246_c0124,844.44
r0246_c0137,44.44
r0246_c0140,0.0
r0246_c0141,0.0
r0246_c0142,0.0
r0246_c0143,0.0
r0246_c0144,0.0
r0246_c0145,0.0
r0246_c0147,0.0
r0246_c0148,0.0
r0246_c0152,133.33
r0246_c0153,0.0
r0246_c0154,0.0
r0246_c0155,0.0
r0246_c0156,0.0
r0246_c0157,0.0
r0246_c0158,0.0
r0246_c0159,0.0
r0246_c0160,0.0
r0246_c0204,0.0
r0246_c0205,0.0
r0246_c0206,0.0
r0246_c0207,0.0
r0246_c0208,0.0
r0246_c0209,0.0
r0246_c0210,0.0
r0246_c0211,0.0
r0246_c0212,0.0
r0246_c0213,0.0
r0246_c0214,0.0
r0246_c0215,0.0
r0246_c0216,0.0
r0246_c0217,0.0
r0246_c0218,0.0
r0246_c0219,0.0
r0246_c0220,0.0
r0246_c0221,0.0
r0246_c0222,0.0
r0246_c0223,0.0
r0246_c0224,0.0
r0246_c0225,0.0
r0246_c0226,0.0
r0246_c0227,0.0
r0246_c0228,0.0
r0246_c0229,0.0
r0246_c0230,0.0
r0246_c0231,0.0
r0246_c0232,0.0
r0246_c0233,0.0
r0246_c0234,0.0
r0246_c0235,0.0
r0246_c0236,0.0
r0246_c0239,0.0
r0246_c0240,0.0
r0246_c0241,0.0
r0246_c0242,0.0
r0246_c0245,0.0
r0246_c0246,0.0
r0246_c0247,0.0
r0246_c0249,0.0
r0246_c0250,0.0
r0246_c0251,0.0
r0246_c0252,0.0
r0246_c0253,0.0
r0246_c0254,0.0
r0246_c0255,0.0
r0247_c0140,44.44
r0247_c0141,0.0
r0247_c0142,0.0
r0247_c0143,0.0
r0247_c0144,0.0
r0247_c0147,0.0
r0247_c0148,0.0
r0247_c0149,0.0
r0247_c0150,0.0
r0247_c0151,44.44
r0247_c0152,0.0
r0247_c0153,0.0
r0247_c0154,0.0
r0247_c0156,44.44
r0247_c0157,0.0
r0247_c0158,0.0
r0247_c0159,0.0
r0247_c0160,0.0
r0247_c0204,0.0
r0247_c0205,0.0
r0247_c0206,0.0
r0247_c0207,0.0
r0247_c0208,0.0
r0247_c0209,0.0
r0247_c0210,0.0
r0247_c0211,0.0
r0247_c0212,0.0
r0247_c0213,0.0
r0247_c0214,0.0
r0247_c0215,0.0
r0247_c0216,0.0
r0247_c0217,0.0
r0247_c0218,0.0
r0247_c0219,0.0
r0247_c0220,0.0
r0247_c0221,0.0
r0247_c0222,0.0
r0247_c0223,0.0
r0247_c0224,0.0
r0247_c0225,0.0
r0247_c0226,0.0
r0247_c0227,0.0
r0247_c0228,0.0
r0247_c0229,0.0
r0247_c0230,0.0
r0247_c0231,0.0
r0247_c0232,0.0
r0247_c0233,0.0
r0247_c0234,0.0
r0247_c0235,0.0
r0247_c0236,44.44
r0247_c0239,0.0
r0247_c0240,0.0
r0247_c0241,0.0
r0247_c0242,0.0
r0247_c0245,0.0
r0247_c0246,0.0
r0247_c0248,0.0
r0247_c0249,0.0
r0247_c0250,0.0
r0247_c0251,0.0
r0247_c0252,0.0
r0247_c0253,0.0
r0247_c0254,0.0
r0247_c0255,0.0
r0248_c0136,133.33
r0248_c0139,0.0
r0248_c0141,88.89
r0248_c0142,0.0
r0248_c0143,0.0
r0248_c0146,0.0
r0248_c0147,0.0
r0248_c0148,0.0
r0248_c0149,0.0
r0248_c0150,0.0
r0248_c0151,0.0
r0248_c0152,0.0
r0248_c0153,0.0
r0248_c0154,177.78
r0248_c0155,0.0
r0248_c0156,88.89
r0248_c0157,0.0
r0248_c0158,0.0
r0248_c0159,0.0
r0248_c0160,0.0
r0248_c0161,0.0
r0248_c0204,0.0
r0248_c0205,0.0
r0248_c0206,0.0
r0248_c0207,0.0
r0248_c0208,0.0
r0248_c0209,0.0
r0248_c0210,0.0
r0248_c0211,0.0
r0248_c0212,0.0
r0248_c0213,0.0
r0248_c0214,0.0
r0248_c0215,0.0
r0248_c0216,0.0
r0248_c0217,0.0
r0248_c0218,0.0
r0248_c0219,0.0
r0248_c0220,0.0
r0248_c0222,0.0
r0248_c0223,0.0
r0248_c0224,0.0
r0248_c0225,0.0
r0248_c0226,0.0
r0248_c0227,0.0
r0248_c0228,0.0
r0248_c0229,0.0
r0248_c0230,0.0
r0248_c0231,0.0
r0248_c0232,0.0
r0248_c0233,0.0
r0248_c0234,0.0
r0248_c0235,0.0
r0248_c0236,0.0
r0248_c0239,0.0
r0248_c0240,0.0
r0248_c0241,0.0
r0248_c0242,0.0
r0248_c0243,44.44
r0248_c0244,0.0
r0248_c0245,0.0
r0248_c0248,0.0
r0248_c0249,0.0
r0248_c0250,0.0
r0248_c0251,0.0
r0248_c0252,0.0
r0248_c0256,0.0
r0248_c0257,0.0
r0248_c0258,0.0
r0249_c0125,44.44
r0249_c0131,133.33
r0249_c0138,0.0
r0249_c0139,0.0
r0249_c0140,0.0
r0249_c0146,88.89
r0249_c0147,133.33
r0249_c0148,44.44
r0249_c0149,0.0
r0249_c0150,0.0
r0249_c0151,0.0
r0249_c0152,0.0
r0249_c0153,0.0
r0249_c0154,88.89
r0249_c0155,0.0
r0249_c0156,0.0
r0249_c0157,0.0
r0249_c0158,0.0
r0249_c0159,0.0
r0249_c0160,0.0
r0249_c0161,0.0
r0249_c0162,0.0
r0249_c0204,0.0
r0249_c0205,0.0
r0249_c0206,0.0
r0249_c0207,0.0
r0249_c0208,0.0
r0249_c0209,0.0
r0249_c0210,0.0
r0249_c0211,0.0
r0249_c0212,0.0
r0249_c0213,0.0
r0249_c0214,0.0
r0249_c0215,0.0
r0249_c0216,0.0
r0249_c0217,0.0
r0249_c0218,0.0
r0249_c0219,0.0
r0249_c0220,0.0
r0249_c0221,0.0
r0249_c0222,0.0
r0249_c0223,0.0
r0249_c0224,0.0
r0249_c0225,0.0
r0249_c0226,0.0
r0249_c0227,0.0
r0249_c0228,0.0
r0249_c0229,0.0
r0249_c0230,0.0
r0249_c0231,44.44
r0249_c0232,0.0
r0249_c0233,0.0
r0249_c0234,0.0
r0249_c0235,0.0
r0249_c0236,0.0
r0249_c0239,0.0
r0249_c0240,0.0
r0249_c0241,0.0
r0249_c0242,0.0
r0249_c0243,0.0
r0249_c0244,0.0
r0249_c0245,0.0
r0249_c0246,0.0
r0249_c0247,0.0
r0249_c0248,0.0
r0249_c0249,0.0
r0249_c0250,0.0
r0249_c0251,0.0
r0249_c0252,0.0
r0249_c0256,0.0
r0249_c0257,0.0
r0249_c0258,0.0
r0249_c0259,0.0
r0249_c0260,0.0
r0249_c0261,44.44
r0250_c0128,88.89
r0250_c0130,88.89
r0250_c0131,0.0
r0250_c0132,0.0
r0250_c0133,44.44
r0250_c0134,44.44
r0250_c0135,0.0
r0250_c0140,0.0
r0250_c0141,0.0
r0250_c0142,177.78
r0250_c0149,177.78
r0250_c0150,133.33
r0250_c0151,133.33
r0250_c0152,44.44
r0250_c0153,0.0
r0250_c0154,0.0
r0250_c0155,0.0
r0250_c0156,0.0
r0250_c0157,0.0
r0250_c0158,0.0
r0250_c0159,0.0
r0250_c0160,0.0
r0250_c0161,0.0
r0250_c0162,0.0
r0250_c0163,0.0
r0250_c0207,0.0
r0250_c0208,0.0
r0250_c0211,0.0
r0250_c0212,0.0
r0250_c0213,0.0
r0250_c0214,0.0
r0250_c0215,0.0
r0250_c0216,0.0
r0250_c0217,0.0
r0250_c0218,0.0
r0250_c0219,0.0
r0250_c0220,0.0
r0250_c0221,0.0
r0250_c0222,0.0
r0250_c0223,0.0
r0250_c0224,0.0
r0250_c0225,0.0
r0250_c0226,0.0
r0250_c0227,0.0
r0250_c0228,0.0
r0250_c0229,0.0
r0250_c0230,0.0
r0250_c0231,0.0
r0250_c0232,0.0
r0250_c0233,0.0
r0250_c0234,0.0
r0250_c0235,0.0
r0250_c0236,0.0
r0250_c0239,0.0
r0250_c0240,0.0
r0250_c0241,0.0
r0250_c0242,0.0
r0250_c0243,0.0
r0250_c0244,0.0
r0250_c0245,0.0
r0250_c0246,0.0
r0250_c0248,0.0
r0250_c0249,0.0
r0250_c0250,0.0
r0250_c0251,0.0
r0250_c0252,0.0
r0250_c0253,0.0
r0250_c0254,0.0
r0250_c0256,0.0
r0250_c0257,0.0
r0250_c0258,0.0
r0250_c0259,0.0
r0250_c0260,0.0
r0250_c0261,0.0
r0251_c0127,88.89
r0251_c0128,133.33
r0251_c0129,0.0
r0251_c0130,0.0
r0251_c0131,0.0
r0251_c0132,0.0
r0251_c0133,0.0
r0251_c0134,0.0
r0251_c0135,0.0
r0251_c0136,0.0
r0251_c0137,0.0
r0251_c0140,0.0
r0251_c0141,0.0
r0251_c0142,0.0
r0251_c0143,88.89
r0251_c0144,44.44
r0251_c0154,0.0
r0251_c0155,0.0
r0251_c0156,88.89
r0251_c0157,0.0
r0251_c0158,0.0
r0251_c0159,0.0
r0251_c0160,0.0
r0251_c0161,0.0
r0251_c0162,0.0
r0251_c0163,0.0
r0251_c0207,0.0
r0251_c0208,0.0
r0251_c0209,0.0
r0251_c0210,0.0
r0251_c0211,0.0
r0251_c0212,0.0
r0251_c0213,0.0
r0251_c0214,0.0
r0251_c0215,0.0
r0251_c0216,0.0
r0251_c0217,0.0
r0251_c0218,0.0
r0251_c0219,0.0
r0251_c0220,0.0
r0251_c0221,0.0
r0251_c0222,0.0
r0251_c0223,0.0
r0251_c0224,0.0
r0251_c0225,0.0
r0251_c0226,0.0
r0251_c0227,0.0
r0251_c0228,0.0
r0251_c0229,0.0
r0251_c0230,0.0
r0251_c0231,0.0
r0251_c0232,0.0
r0251_c0233,0.0
r0251_c0234,0.0
r0251_c0235,0.0
r0251_c0236,0.0
r0251_c0239,0.0
r0251_c0240,0.0
r0251_c0241,0.0
r0251_c0242,0.0
r0251_c0244,0.0
r0251_c0245,0.0
r0251_c0246,0.0
r0251_c0248,0.0
r0251_c0250,0.0
r0251_c0251,0.0
r0251_c0252,0.0
r0251_c0253,0.0
r0251_c0254,0.0
r0251_c0255,0.0
r0251_c0256,0.0
r0251_c0257,0.0
r0251_c0258,0.0
r0251_c0259,0.0
r0251_c0260,0.0
r0252_c0125,88.89
r0252_c0126,311.11
r0252_c0127,44.44
r0252_c0128,0.0
r0252_c0129,0.0
r0252_c0130,0.0
r0252_c0131,0.0
r0252_c0132,0.0
r0252_c0133,0.0
r0252_c0134,0.0
r0252_c0135,0.0
r0252_c0136,0.0
r0252_c0137,0.0
r0252_c0138,0.0
r0252_c0139,44.44
r0252_c0140,133.33
r0252_c0141,0.0
r0252_c0142,0.0
r0252_c0143,0.0
r0252_c0144,0.0
r0252_c0145,44.44
r0252_c0149,44.44
r0252_c0150,0.0
r0252_c0151,88.89
r0252_c0152,44.44
r0252_c0154,133.33
r0252_c0155,88.89
r0252_c0156,44.44
r0252_c0157,0.0
r0252_c0158,0.0
r0252_c0159,0.0
r0252_c0160,0.0
r0252_c0161,0.0
r0252_c0162,0.0
r0252_c0163,222.22
r0252_c0207,0.0
r0252_c0208,0.0
r0252_c0209,0.0
r0252_c0210,0.0
r0252_c0211,0.0
r0252_c0212,0.0
r0252_c0213,0.0
r0252_c0214,0.0
r0252_c0215,0.0
r0252_c0216,0.0
r0252_c0217,0.0
r0252_c0218,0.0
r0252_c0219,0.0
r0252_c0220,0.0
r0252_c0221,0.0
r0252_c0222,0.0
r0252_c0223,0.0
r0252_c0224,0.0
r0252_c0225,0.0
r0252_c0226,0.0
r0252_c0227,0.0
r0252_c0228,0.0
r0252_c0229,0.0
r0252_c0230,0.0
r0252_c0231,0.0
r0252_c0232,0.0
r0252_c0233,0.0
r0252_c0234,0.0
r0252_c0235,0.0
r0252_c0236,0.0
r0252_c0239,0.0
r0252_c0240,0.0
r0252_c0241,0.0
r0252_c0242,0.0
r0252_c0244,0.0
r0252_c0245,0.0
r0252_c0246,0.0
r0252_c0247,0.0
r0252_c0248,0.0
r0252_c0249,0.0
r0252_c0250,0.0
r0252_c0251,0.0
r0252_c0252,0.0
r0252_c0253,0.0
r0252_c0254,0.0
r0252_c0255,0.0
r0252_c0256,0.0
r0252_c0257,0.0
r0252_c0258,0.0
r0252_c0259,0.0
r0252_c0260,0.0
r0252_c0261,0.0
r0253_c0122,133.33
r0253_c0123,0.0
r0253_c0124,88.89
r0253_c0125,88.89
r0253_c0126,0.0
r0253_c0127,0.0
r0253_c0128,0.0
r0253_c0129,0.0
r0253_c0130,0.0
r0253_c0131,44.44
r0253_c0132,0.0
r0253_c0133,0.0
r0253_c0134,0.0
r0253_c0135,0.0
r0253_c0138,0.0
r0253_c0139,0.0
r0253_c0140,133.33
r0253_c0141,0.0
r0253_c0142,0.0
r0253_c0143,0.0
r0253_c0144,0.0
r0253_c0145,0.0
r0253_c0148,311.11
r0253_c0149,0.0
r0253_c0150,0.0
r0253_c0151,0.0
r0253_c0152,0.0
r0253_c0153,0.0
r0253_c0156,0.0
r0253_c0157,0.0
r0253_c0158,222.22
r0253_c0162,444.44
r0253_c0163,44.44
r0253_c0164,44.44
r0253_c0191,0.0
r0253_c0207,0.0
r0253_c0208,0.0
r0253_c0209,0.0
r0253_c0210,0.0
r0253_c0211,0.0
r0253_c0212,0.0
r0253_c0213,0.0
r0253_c0214,0.0
r0253_c0215,0.0
r0253_c0216,0.0
r0253_c0217,0.0
r0253_c0218,0.0
r0253_c0219,0.0
r0253_c0221,0.0
r0253_c0222,0.0
r0253_c0223,0.0
r0253_c0224,0.0
r0253_c0225,0.0
r0253_c0226,44.44
r0253_c0227,0.0
r0253_c0228,0.0
r0253_c0229,0.0
r0253_c0230,0.0
r0253_c0231,0.0
r0253_c0232,0.0
r0253_c0233,0.0
r0253_c0234,0.0
r0253_c0235,0.0
r0253_c0236,0.0
r0253_c0237,0.0
r0253_c0238,0.0
r0253_c0239,0.0
r0253_c0240,0.0
r0253_c0241,0.0
r0253_c0242,0.0
r0253_c0244,0.0
r0253_c0245,0.0
r0253_c0246,0.0
r0253_c0247,0.0
r0253_c0251,0.0
r0253_c0252,0.0
r0253_c0253,0.0
r0253_c0254,0.0
r0253_c0255,0.0
r0253_c0256,0.0
r0253_c0257,0.0
r0253_c0258,0.0
r0253_c0259,0.0
r0253_c0260,0.0
r0253_c0261,0.0
r0254_c0122,622.22
r0254_c0123,0.0
r0254_c0124,0.0
r0254_c0125,0.0
r0254_c0126,0.0
r0254_c0127,0.0
r0254_c0128,0.0
r0254_c0129,0.0
r0254_c0130,0.0
r0254_c0131,0.0
r0254_c0132,0.0
r0254_c0133,0.0
r0254_c0134,0.0
r0254_c0135,0.0
r0254_c0136,0.0
r0254_c0139,0.0
r0254_c0140,0.0
r0254_c0141,44.44
r0254_c0142,177.78
r0254_c0143,0.0
r0254_c0144,0.0
r0254_c0145,44.44
r0254_c0146,0.0
r0254_c0147,0.0
r0254_c0148,0.0
r0254_c0149,0.0
r0254_c0150,0.0
r0254_c0151,0.0
r0254_c0152,0.0
r0254_c0153,0.0
r0254_c0156,88.89
r0254_c0157,355.56
r0254_c0163,0.0
r0254_c0164,0.0
r0254_c0190,0.0
r0254_c0191,0.0
r0254_c0192,0.0
r0254_c0207,0.0
r0254_c0208,0.0
r0254_c0209,0.0
r0254_c0210,0.0
r0254_c0211,0.0
r0254_c0212,0.0
r0254_c0213,0.0
r0254_c0214,0.0
r0254_c0215,0.0
r0254_c0216,0.0
r0254_c0217,0.0
r0254_c0218,0.0
r0254_c0219,0.0
r0254_c0220,0.0
r0254_c0221,0.0
r0254_c0222,0.0
r0254_c0223,0.0
r0254_c0224,0.0
r0254_c0225,0.0
r0254_c0226,0.0
r0254_c0227,0.0
r0254_c0228,0.0
r0254_c0229,0.0
r0254_c0230,0.0
r0254_c0231,0.0
r0254_c0232,0.0
r0254_c0233,0.0
r0254_c0234,0.0
r0254_c0235,0.0
r0254_c0236,0.0
r0254_c0237,0.0
r0254_c0238,0.0
r0254_c0239,0.0
r0254_c0240,0.0
r0254_c0241,0.0
r0254_c0242,0.0
r0254_c0244,0.0
r0254_c0245,0.0
r0254_c0246,0.0
r0254_c0247,0.0
r0254_c0253,0.0
r0254_c0254,0.0
r0254_c0255,0.0
r0254_c0256,0.0
r0254_c0257,0.0
r0254_c0258,0.0
r0254_c0259,0.0
r0254_c0260,0.0
r0254_c0261,0.0
r0254_c0262,0.0
r0254_c0263,133.33
r0255_c0123,0.0
r0255_c0124,0.0
r0255_c0126,0.0
r0255_c0127,0.0
r0255_c0128,0.0
r0255_c0129,0.0
r0255_c0130,0.0
r0255_c0131,0.0
r0255_c0132,0.0
r0255_c0133,0.0
r0255_c0134,0.0
r0255_c0135,0.0
r0255_c0136,0.0
r0255_c0137,0.0
r0255_c0138,0.0
r0255_c0139,0.0
r0255_c0140,0.0
r0255_c0141,0.0
r0255_c0142,0.0
r0255_c0143,177.78
r0255_c0144,222.22
r0255_c0145,0.0
r0255_c0146,177.78
r0255_c0147,88.89
r0255_c0148,0.0
r0255_c0149,0.0
r0255_c0150,0.0
r0255_c0151,0.0
r0255_c0152,88.89
r0255_c0156,800.0
r0255_c0191,0.0
r0255_c0192,0.0
r0255_c0193,0.0
r0255_c0209,0.0
r0255_c0210,0.0
r0255_c0211,0.0
r0255_c0212,0.0
r0255_c0213,0.0
r0255_c0214,0.0
r0255_c0215,44.44
r0255_c0216,0.0
r0255_c0217,0.0
r0255_c0218,0.0
r0255_c0219,0.0
r0255_c0220,0.0
r0255_c0221,44.44
r0255_c0222,0.0
r0255_c0223,0.0
r0255_c0224,0.0
r0255_c0225,0.0
r0255_c0226,0.0
r0255_c0227,0.0
r0255_c0228,0.0
r0255_c0229,0.0
r0255_c0230,0.0
r0255_c0231,0.0
r0255_c0232,0.0
r0255_c0233,0.0
r0255_c0234,0.0
r0255_c0235,0.0
r0255_c0236,0.0
r0255_c0239,0.0
r0255_c0240,0.0
r0255_c0241,0.0
r0255_c0242,44.44
r0255_c0244,0.0
r0255_c0245,0.0
r0255_c0246,0.0
r0255_c0247,0.0
r0255_c0254,0.0
r0255_c0255,0.0
r0255_c0256,0.0
r0255_c0257,0.0
r0255_c0259,0.0
r0255_c0260,0.0
r0255_c0261,44.44
r0255_c0262,44.44
r0255_c0263,266.67
r0256_c0127,0.0
r0256_c0128,0.0
r0256_c0129,0.0
r0256_c0130,0.0
r0256_c0131,0.0
r0256_c0132,0.0
r0256_c0133,0.0
r0256_c0134,0.0
r0256_c0135,0.0
r0256_c0136,0.0
r0256_c0137,0.0
r0256_c0138,0.0
r0256_c0139,0.0
r0256_c0140,0.0
r0256_c0141,0.0
r0256_c0142,0.0
r0256_c0143,0.0
r0256_c0144,88.89
r0256_c0145,311.11
r0256_c0146,177.78
r0256_c0147,44.44
r0256_c0148,0.0
r0256_c0149,0.0
r0256_c0150,0.0
r0256_c0151,0.0
r0256_c0152,311.11
r0256_c0191,0.0
r0256_c0192,0.0
r0256_c0193,0.0
r0256_c0194,0.0
r0256_c0206,44.44
r0256_c0207,222.22
r0256_c0208,0.0
r0256_c0209,0.0
r0256_c0210,0.0
r0256_c0211,0.0
r0256_c0216,0.0
r0256_c0217,0.0
r0256_c0218,0.0
r0256_c0219,0.0
r0256_c0220,0.0
r0256_c0221,0.0
r0256_c0222,0.0
r0256_c0223,0.0
r0256_c0224,0.0
r0256_c0225,0.0
r0256_c0226,0.0
r0256_c0227,0.0
r0256_c0228,0.0
r0256_c0229,0.0
r0256_c0230,0.0
r0256_c0232,0.0
r0256_c0233,0.0
r0256_c0234,0.0
r0256_c0235,0.0
r0256_c0236,88.89
r0256_c0240,0.0
r0256_c0241,0.0
r0256_c0242,0.0
r0256_c0243,0.0
r0256_c0244,0.0
r0256_c0245,0.0
r0256_c0246,0.0
r0256_c0247,0.0
r0256_c0251,0.0
r0256_c0252,0.0
r0256_c0254,0.0
r0256_c0255,0.0
r0256_c0261,0.0
r0257_c0130,0.0
r0257_c0131,0.0
r0257_c0132,0.0
r0257_c0134,0.0
r0257_c0135,0.0
r0257_c0136,44.44
r0257_c0137,0.0
r0257_c0138,0.0
r0257_c0139,0.0
r0257_c0140,0.0
r0257_c0141,0.0
r0257_c0142,0.0
r0257_c0143,0.0
r0257_c0144,0.0
r0257_c0145,0.0
r0257_c0146,0.0
r0257_c0147,266.67
r0257_c0148,0.0
r0257_c0149,0.0
r0257_c0150,0.0
r0257_c0151,0.0
r0257_c0152,0.0
r0257_c0153,0.0
r0257_c0187,0.0
r0257_c0192,0.0
r0257_c0193,0.0
r0257_c0194,0.0
r0257_c0195,0.0
r0257_c0205,44.44
r0257_c0207,44.44
r0257_c0209,0.0
r0257_c0210,0.0
r0257_c0211,0.0
r0257_c0213,0.0
r0257_c0214,0.0
r0257_c0215,0.0
r0257_c0216,0.0
r0257_c0217,0.0
r0257_c0218,0.0
r0257_c0219,0.0
r0257_c0220,0.0
r0257_c0221,0.0
r0257_c0222,0.0
r0257_c0223,0.0
r0257_c0224,0.0
r0257_c0225,0.0
r0257_c0226,0.0
r0257_c0227,0.0
r0257_c0228,0.0
r0257_c0229,0.0
r0257_c0230,0.0
r0257_c0232,0.0
r0257_c0233,0.0
r0257_c0234,0.0
r0257_c0235,0.0
r0257_c0236,0.0
r0257_c0238,0.0
r0257_c0239,0.0
r0257_c0240,0.0
r0257_c0241,0.0
r0257_c0242,0.0
r0257_c0243,0.0
r0257_c0244,0.0
r0257_c0245,0.0
r0257_c0251,0.0
r0257_c0252,0.0
r0257_c0254,44.44
r0257_c0255,0.0
r0258_c0131,0.0
r0258_c0132,0.0
r0258_c0133,0.0
r0258_c0134,0.0
r0258_c0135,0.0
r0258_c0136,0.0
r0258_c0137,0.0
r0258_c0138,0.0
r0258_c0139,0.0
r0258_c0140,0.0
r0258_c0141,0.0
r0258_c0142,0.0
r0258_c0143,0.0
r0258_c0144,0.0
r0258_c0145,0.0
r0258_c0146,0.0
r0258_c0147,0.0
r0258_c0148,0.0
r0258_c0149,0.0
r0258_c0150,0.0
r0258_c0151,0.0
r0258_c0152,0.0
r0258_c0153,222.22
r0258_c0186,0.0
r0258_c0187,0.0
r0258_c0188,0.0
r0258_c0192,0.0
r0258_c0193,0.0
r0258_c0194,0.0
r0258_c0195,0.0
r0258_c0203,44.44
r0258_c0210,0.0
r0258_c0211,0.0
r0258_c0212,0.0
r0258_c0213,0.0
r0258_c0214,0.0
r0258_c0215,0.0
r0258_c0216,0.0
r0258_c0217,0.0
r0258_c0218,0.0
r0258_c0219,0.0
r0258_c0220,0.0
r0258_c0221,0.0
r0258_c0222,0.0
r0258_c0223,0.0
r0258_c0224,0.0
r0258_c0225,0.0
r0258_c0226,0.0
r0258_c0227,0.0
r0258_c0228,0.0
r0258_c0229,0.0
r0258_c0230,0.0
r0258_c0232,44.44
r0258_c0233,0.0
r0258_c0234,0.0
r0258_c0235,0.0
r0258_c0236,0.0
r0258_c0238,0.0
r0258_c0239,44.44
r0258_c0240,0.0
r0258_c0241,0.0
r0258_c0242,0.0
r0258_c0243,0.0
r0258_c0244,0.0
r0258_c0245,0.0
r0258_c0252,0.0
r0258_c0253,0.0
r0258_c0254,0.0
r0258_c0255,0.0
r0259_c0130,0.0
r0259_c0131,0.0
r0259_c0132,0.0
r0259_c0133,0.0
r0259_c0134,0.0
r0259_c0135,0.0
r0259_c0136,0.0
r0259_c0137,0.0
r0259_c0138,0.0
r0259_c0139,0.0
r0259_c0140,0.0
r0259_c0141,0.0
r0259_c0142,0.0
r0259_c0143,0.0
r0259_c0144,0.0
r0259_c0145,0.0
r0259_c0146,0.0
r0259_c0147,0.0
r0259_c0148,0.0
r0259_c0149,0.0
r0259_c0150,177.78
r0259_c0151,0.0
r0259_c0152,0.0
r0259_c0153,177.78
r0259_c0186,0.0
r0259_c0187,0.0
r0259_c0188,0.0
r0259_c0192,0.0
r0259_c0193,0.0
r0259_c0194,0.0
r0259_c0195,0.0
r0259_c0203,44.44
r0259_c0204,0.0
r0259_c0210,0.0
r0259_c0211,0.0
r0259_c0212,0.0
r0259_c0213,0.0
r0259_c0214,0.0
r0259_c0215,0.0
r0259_c0216,0.0
r0259_c0217,0.0
r0259_c0218,0.0
r0259_c0219,0.0
r0259_c0220,0.0
r0259_c0221,0.0
r0259_c0222,0.0
r0259_c0223,0.0
r0259_c0224,0.0
r0259_c0225,0.0
r0259_c0226,0.0
r0259_c0227,0.0
r0259_c0228,0.0
r0259_c0229,0.0
r0259_c0230,0.0
r0259_c0232,0.0
r0259_c0233,0.0
r0259_c0234,0.0
r0259_c0235,0.0
r0259_c0236,0.0
r0259_c0237,0.0
r0259_c0238,0.0
r0259_c0239,0.0
r0259_c0240,0.0
r0259_c0241,0.0
r0259_c0242,88.89
r0259_c0243,0.0
r0259_c0244,0.0
r0259_c0245,0.0
r0259_c0252,0.0
r0259_c0254,0.0
r0259_c0255,0.0
r0259_c0259,0.0
r0259_c0261,44.44
r0259_c0262,0.0
r0259_c0263,0.0
r0260_c0131,0.0
r0260_c0132,0.0
r0260_c0133,0.0
r0260_c0134,0.0
r0260_c0135,0.0
r0260_c0136,0.0
r0260_c0137,0.0
r0260_c0138,0.0
r0260_c0139,0.0
r0260_c0140,0.0
r0260_c0141,177.78
r0260_c0142,0.0
r0260_c0143,0.0
r0260_c0144,0.0
r0260_c0145,0.0
r0260_c0146,0.0
r0260_c0147,0.0
r0260_c0148,0.0
r0260_c0149,0.0
r0260_c0150,0.0
r0260_c0151,0.0
r0260_c0186,0.0
r0260_c0192,0.0
r0260_c0193,0.0
r0260_c0194,0.0
r0260_c0196,0.0
r0260_c0197,0.0
r0260_c0198,0.0
r0260_c0199,0.0
r0260_c0200,0.0
r0260_c0202,0.0
r0260_c0203,0.0
r0260_c0204,0.0
r0260_c0210,0.0
r0260_c0211,0.0
r0260_c0212,0.0
r0260_c0213,0.0
r0260_c0214,0.0
r0260_c0215,0.0
r0260_c0216,0.0
r0260_c0217,0.0
r0260_c0218,0.0
r0260_c0219,0.0
r0260_c0220,0.0
r0260_c0221,0.0
r0260_c0222,0.0
r0260_c0223,0.0
r0260_c0224,0.0
r0260_c0225,0.0
r0260_c0226,44.44
r0260_c0227,0.0
r0260_c0228,0.0
r0260_c0229,0.0
r0260_c0232,0.0
r0260_c0233,0.0
r0260_c0234,0.0
r0260_c0235,0.0
r0260_c0236,44.44
r0260_c0239,0.0
r0260_c0240,0.0
r0260_c0241,0.0
r0260_c0242,44.44
r0260_c0243,0.0
r0260_c0244,0.0
r0260_c0245,0.0
r0260_c0250,0.0
r0260_c0251,0.0
r0260_c0254,0.0
r0260_c0255,0.0
r0260_c0258,0.0
r0260_c0259,0.0
r0260_c0260,0.0
r0260_c0261,0.0
r0260_c0262,0.0
r0260_c0263,0.0
r0261_c0133,0.0
r0261_c0134,0.0
r0261_c0135,0.0
r0261_c0136,0.0
r0261_c0137,0.0
r0261_c0138,0.0
r0261_c0139,0.0
r0261_c0140,0.0
r0261_c0141,0.0
r0261_c0142,0.0
r0261_c0143,0.0
r0261_c0144,0.0
r0261_c0145,0.0
r0261_c0146,0.0
r0261_c0147,0.0
r0261_c0148,0.0
r0261_c0149,0.0
r0261_c0150,0.0
r0261_c0151,0.0
r0261_c0152,222.22
r0261_c0186,0.0
r0261_c0193,0.0
r0261_c0196,0.0
r0261_c0197,0.0
r0261_c0198,0.0
r0261_c0199,0.0
r0261_c0200,0.0
r0261_c0203,0.0
r0261_c0204,0.0
r0261_c0205,0.0
r0261_c0206,0.0
r0261_c0207,0.0
r0261_c0208,0.0
r0261_c0209,0.0
r0261_c0210,0.0
r0261_c0211,0.0
r0261_c0212,0.0
r0261_c0213,0.0
r0261_c0214,0.0
r0261_c0215,0.0
r0261_c0216,0.0
r0261_c0217,0.0
r0261_c0218,0.0
r0261_c0219,0.0
r0261_c0220,0.0
r0261_c0222,0.0
r0261_c0223,0.0
r0261_c0224,0.0
r0261_c0225,0.0
r0261_c0226,0.0
r0261_c0227,0.0
r0261_c0228,0.0
r0261_c0229,0.0
r0261_c0230,0.0
r0261_c0231,88.89
r0261_c0244,0.0
r0261_c0255,0.0
r0261_c0258,0.0
r0261_c0259,0.0
r0261_c0260,0.0
r0261_c0261,0.0
r0261_c0262,0.0
r0261_c0263,0.0
r0262_c0134,0.0
r0262_c0135,0.0
r0262_c0136,0.0
r0262_c0137,0.0
r0262_c0138,0.0
r0262_c0139,0.0
r0262_c0140,0.0
r0262_c0141,0.0
r0262_c0142,0.0
r0262_c0143,0.0
r0262_c0144,0.0
r0262_c0145,0.0
r0262_c0146,0.0
r0262_c0147,0.0
r0262_c0148,0.0
r0262_c0149,0.0
r0262_c0150,0.0
r0262_c0151,0.0
r0262_c0152,0.0
r0262_c0153,88.89
r0262_c0154,533.33
r0262_c0186,0.0
r0262_c0187,0.0
r0262_c0192,0.0
r0262_c0195,0.0
r0262_c0196,0.0
r0262_c0197,0.0
r0262_c0198,0.0
r0262_c0199,0.0
r0262_c0201,0.0
r0262_c0202,0.0
r0262_c0203,0.0
r0262_c0204,0.0
r0262_c0205,0.0
r0262_c0206,0.0
r0262_c0207,0.0
r0262_c0208,0.0
r0262_c0209,0.0
r0262_c0210,0.0
r0262_c0211,0.0
r0262_c0212,0.0
r0262_c0213,0.0
r0262_c0214,0.0
r0262_c0215,0.0
r0262_c0216,0.0
r0262_c0217,0.0
r0262_c0218,0.0
r0262_c0219,0.0
r0262_c0220,0.0
r0262_c0221,0.0
r0262_c0222,0.0
r0262_c0223,0.0
r0262_c0224,0.0
r0262_c0225,0.0
r0262_c0226,0.0
r0262_c0227,0.0
r0262_c0228,0.0
r0262_c0229,0.0
r0262_c0230,0.0
r0262_c0231,0.0
r0262_c0232,0.0
r0262_c0243,44.44
r0262_c0245,0.0
r0262_c0246,0.0
r0262_c0255,0.0
r0262_c0256,0.0
r0262_c0257,0.0
r0262_c0261,0.0
r0262_c0262,0.0
r0262_c0263,0.0
r0262_c0284,0.0
r0263_c0136,0.0
r0263_c0137,0.0
r0263_c0138,0.0
r0263_c0139,0.0
r0263_c0141,0.0
r0263_c0142,0.0
r0263_c0143,0.0
r0263_c0144,0.0
r0263_c0145,0.0
r0263_c0146,0.0
r0263_c0147,0.0
r0263_c0148,0.0
r0263_c0149,0.0
r0263_c0150,0.0
r0263_c0151,0.0
r0263_c0152,0.0
r0263_c0153,0.0
r0263_c0154,0.0
r0263_c0155,222.22
r0263_c0186,0.0
r0263_c0187,0.0
r0263_c0189,0.0
r0263_c0190,0.0
r0263_c0191,0.0
r0263_c0192,0.0
r0263_c0195,0.0
r0263_c0201,0.0
r0263_c0202,0.0
r0263_c0203,0.0
r0263_c0204,88.89
r0263_c0205,0.0
r0263_c0206,0.0
r0263_c0207,0.0
r0263_c0208,0.0
r0263_c0209,0.0
r0263_c0210,0.0
r0263_c0211,0.0
r0263_c0212,0.0
r0263_c0213,0.0
r0263_c0214,0.0
r0263_c0215,0.0
r0263_c0216,0.0
r0263_c0217,0.0
r0263_c0218,0.0
r0263_c0219,0.0
r0263_c0220,0.0
r0263_c0221,44.44
r0263_c0222,0.0
r0263_c0223,0.0
r0263_c0224,0.0
r0263_c0225,0.0
r0263_c0226,0.0
r0263_c0227,0.0
r0263_c0228,0.0
r0263_c0229,0.0
r0263_c0230,0.0
r0263_c0231,0.0
r0263_c0232,0.0
r0263_c0235,0.0
r0263_c0236,0.0
r0263_c0245,0.0
r0263_c0246,0.0
r0263_c0257,0.0
r0263_c0261,0.0
r0263_c0262,0.0
r0263_c0263,0.0
r0263_c0283,44.44
r0263_c0289,0.0
r0264_c0138,0.0
r0264_c0139,0.0
r0264_c0140,0.0
r0264_c0141,0.0
r0264_c0142,0.0
r0264_c0143,0.0
r0264_c0144,0.0
r0264_c0145,0.0
r0264_c0146,0.0
r0264_c0147,0.0
r0264_c0148,0.0
r0264_c0149,0.0
r0264_c0150,0.0
r0264_c0151,0.0
r0264_c0152,0.0
r0264_c0153,0.0
r0264_c0154,0.0
r0264_c0155,0.0
r0264_c0156,88.89
r0264_c0157,444.44
r0264_c0181,0.0
r0264_c0186,0.0
r0264_c0187,0.0
r0264_c0188,0.0
r0264_c0189,0.0
r0264_c0190,0.0
r0264_c0191,0.0
r0264_c0192,0.0
r0264_c0200,44.44
r0264_c0201,0.0
r0264_c0202,0.0
r0264_c0203,0.0
r0264_c0204,44.44
r0264_c0206,0.0
r0264_c0207,0.0
r0264_c0208,0.0
r0264_c0209,0.0
r0264_c0210,0.0
r0264_c0211,0.0
r0264_c0212,0.0
r0264_c0213,0.0
r0264_c0214,0.0
r0264_c0215,0.0
r0264_c0216,0.0
r0264_c0217,0.0
r0264_c0218,0.0
r0264_c0219,0.0
r0264_c0220,0.0
r0264_c0221,0.0
r0264_c0222,0.0
r0264_c0223,0.0
r0264_c0224,0.0
r0264_c0225,0.0
r0264_c0226,0.0
r0264_c0227,0.0
r0264_c0228,0.0
r0264_c0229,0.0
r0264_c0230,0.0
r0264_c0231,0.0
r0264_c0232,0.0
r0264_c0233,0.0
r0264_c0235,0.0
r0264_c0236,0.0
r0264_c0254,44.44
r0264_c0255,0.0
r0264_c0256,0.0
r0264_c0257,0.0
r0264_c0261,0.0
r0264_c0262,0.0
r0264_c0263,0.0
r0264_c0264,44.44
r0264_c0265,0.0
r0264_c0266,88.89
r0264_c0267,0.0
r0264_c0268,0.0
r0264_c0269,0.0
r0264_c0270,44.44
r0264_c0271,0.0
r0264_c0272,0.0
r0264_c0273,0.0
r0264_c0274,0.0
r0264_c0275,44.44
r0264_c0276,0.0
r0264_c0278,0.0
r0264_c0279,0.0
r0264_c0280,0.0
r0264_c0281,0.0
r0264_c0282,44.44
r0264_c0289,88.89
r0265_c0138,0.0
r0265_c0139,0.0
r0265_c0140,0.0
r0265_c0141,0.0
r0265_c0142,0.0
r0265_c0143,0.0
r0265_c0144,0.0
r0265_c0145,0.0
r0265_c0146,0.0
r0265_c0148,0.0
r0265_c0150,0.0
r0265_c0151,0.0
r0265_c0152,0.0
r0265_c0153,0.0
r0265_c0154,0.0
r0265_c0155,0.0
r0265_c0156,0.0
r0265_c0157,44.44
r0265_c0158,755.56
r0265_c0183,0.0
r0265_c0184,0.0
r0265_c0185,0.0
r0265_c0186,0.0
r0265_c0187,0.0
r0265_c0188,0.0
r0265_c0189,0.0
r0265_c0190,0.0
r0265_c0191,0.0
r0265_c0192,0.0
r0265_c0200,0.0
r0265_c0201,0.0
r0265_c0202,0.0
r0265_c0203,0.0
r0265_c0204,0.0
r0265_c0206,0.0
r0265_c0207,0.0
r0265_c0208,0.0
r0265_c0209,0.0
r0265_c0210,0.0
r0265_c0211,0.0
r0265_c0212,0.0
r0265_c0213,0.0
r0265_c0214,0.0
r0265_c0215,0.0
r0265_c0216,0.0
r0265_c0217,0.0
r0265_c0218,0.0
r0265_c0219,0.0
r0265_c0220,0.0
r0265_c0221,88.89
r0265_c0222,0.0
r0265_c0223,0.0
r0265_c0224,0.0
r0265_c0225,0.0
r0265_c0226,0.0
r0265_c0227,0.0
r0265_c0228,0.0
r0265_c0229,0.0
r0265_c0230,0.0
r0265_c0231,44.44
r0265_c0232,0.0
r0265_c0254,0.0
r0265_c0255,0.0
r0265_c0256,0.0
r0265_c0257,0.0
r0265_c0258,0.0
r0265_c0261,0.0
r0265_c0262,0.0
r0265_c0263,0.0
r0265_c0264,0.0
r0265_c0265,44.44
r0265_c0266,0.0
r0265_c0267,0.0
r0265_c0268,0.0
r0265_c0269,0.0
r0265_c0270,0.0
r0265_c0271,0.0
r0265_c0272,0.0
r0265_c0273,0.0
r0265_c0274,0.0
r0265_c0275,44.44
r0265_c0276,44.44
r0265_c0277,0.0
r0265_c0278,0.0
r0265_c0279,0.0
r0265_c0280,0.0
r0266_c0138,0.0
r0266_c0139,0.0
r0266_c0140,0.0
r0266_c0141,0.0
r0266_c0142,0.0
r0266_c0143,0.0
r0266_c0144,0.0
r0266_c0145,0.0
r0266_c0146,0.0
r0266_c0147,0.0
r0266_c0149,0.0
r0266_c0150,0.0
r0266_c0151,0.0
r0266_c0152,0.0
r0266_c0153,0.0
r0266_c0154,0.0
r0266_c0155,0.0
r0266_c0156,0.0
r0266_c0157,0.0
r0266_c0158,0.0
r0266_c0159,88.89
r0266_c0160,755.56
r0266_c0161,666.67
r0266_c0162,44.44
r0266_c0179,0.0
r0266_c0182,0.0
r0266_c0183,0.0
r0266_c0184,0.0
r0266_c0185,0.0
r0266_c0186,0.0
r0266_c0187,0.0
r0266_c0188,0.0
r0266_c0189,0.0
r0266_c0190,0.0
r0266_c0191,0.0
r0266_c0192,0.0
r0266_c0193,0.0
r0266_c0194,0.0
r0266_c0195,0.0
r0266_c0198,0.0
r0266_c0199,0.0
r0266_c0200,0.0
r0266_c0201,0.0
r0266_c0202,0.0
r0266_c0203,0.0
r0266_c0204,0.0
r0266_c0205,44.44
r0266_c0206,0.0
r0266_c0207,0.0
r0266_c0208,0.0
r0266_c0209,0.0
r0266_c0210,0.0
r0266_c0211,0.0
r0266_c0212,0.0
r0266_c0213,0.0
r0266_c0214,0.0
r0266_c0215,0.0
r0266_c0216,0.0
r0266_c0217,0.0
r0266_c0218,0.0
r0266_c0219,0.0
r0266_c0220,0.0
r0266_c0221,88.89
r0266_c0222,0.0
r0266_c0223,0.0
r0266_c0224,0.0
r0266_c0225,0.0
r0266_c0226,0.0
r0266_c0227,0.0
r0266_c0228,0.0
r0266_c0229,0.0
r0266_c0230,0.0
r0266_c0235,0.0
r0266_c0254,0.0
r0266_c0255,0.0
r0266_c0256,0.0
r0266_c0257,0.0
r0266_c0258,0.0
r0266_c0259,0.0
r0266_c0260,0.0
r0266_c0261,0.0
r0266_c0262,0.0
r0266_c0263,0.0
r0266_c0264,0.0
r0266_c0265,0.0
r0266_c0266,0.0
r0266_c0267,0.0
r0266_c0268,44.44
r0266_c0269,0.0
r0266_c0270,0.0
r0266_c0271,0.0
r0266_c0272,0.0
r0266_c0274,0.0
r0266_c0275,0.0
r0267_c0138,44.44
r0267_c0139,0.0
r0267_c0140,0.0
r0267_c0141,0.0
r0267_c0142,0.0
r0267_c0143,0.0
r0267_c0144,0.0
r0267_c0145,0.0
r0267_c0146,0.0
r0267_c0147,0.0
r0267_c0148,0.0
r0267_c0149,0.0
r0267_c0150,0.0
r0267_c0151,88.89
r0267_c0152,311.11
r0267_c0153,0.0
r0267_c0154,0.0
r0267_c0155,0.0
r0267_c0156,0.0
r0267_c0157,0.0
r0267_c0158,0.0
r0267_c0159,0.0
r0267_c0160,133.33
r0267_c0161,0.0
r0267_c0162,133.33
r0267_c0163,88.89
r0267_c0164,311.11
r0267_c0177,0.0
r0267_c0178,0.0
r0267_c0179,0.0
r0267_c0180,0.0
r0267_c0181,0.0
r0267_c0182,0.0
r0267_c0183,0.0
r0267_c0184,0.0
r0267_c0185,0.0
r0267_c0186,0.0
r0267_c0187,0.0
r0267_c0188,0.0
r0267_c0189,0.0
r0267_c0190,0.0
r0267_c0191,0.0
r0267_c0192,177.78
r0267_c0193,0.0
r0267_c0194,0.0
r0267_c0195,0.0
r0267_c0196,0.0
r0267_c0197,0.0
r0267_c0198,0.0
r0267_c0199,0.0
r0267_c0200,0.0
r0267_c0201,0.0
r0267_c0202,0.0
r0267_c0203,0.0
r0267_c0204,0.0
r0267_c0205,0.0
r0267_c0206,0.0
r0267_c0207,0.0
r0267_c0208,0.0
r0267_c0209,0.0
r0267_c0210,0.0
r0267_c0211,0.0
r0267_c0212,0.0
r0267_c0213,0.0
r0267_c0214,0.0
r0267_c0215,0.0
r0267_c0216,0.0
r0267_c0217,0.0
r0267_c0218,0.0
r0267_c0219,0.0
r0267_c0220,0.0
r0267_c0222,0.0
r0267_c0223,0.0
r0267_c0224,0.0
r0267_c0225,0.0
r0267_c0226,0.0
r0267_c0227,0.0
r0267_c0228,0.0
r0267_c0229,0.0
r0267_c0230,0.0
r0267_c0231,0.0
r0267_c0253,0.0
r0267_c0254,0.0
r0267_c0255,0.0
r0267_c0256,0.0
r0267_c0257,0.0
r0267_c0258,0.0
r0267_c0259,44.44
r0267_c0261,44.44
r0267_c0262,0.0
r0267_c0263,0.0
r0267_c0264,44.44
r0267_c0265,0.0
r0267_c0266,0.0
r0267_c0267,0.0
r0267_c0271,0.0
r0267_c0272,0.0
r0267_c0274,0.0
r0267_c0275,44.44
r0268_c0138,133.33
r0268_c0139,0.0
r0268_c0140,0.0
r0268_c0141,0.0
r0268_c0142,0.0
r0268_c0143,0.0
r0268_c0144,0.0
r0268_c0145,0.0
r0268_c0146,0.0
r0268_c0147,0.0
r0268_c0148,0.0
r0268_c0149,0.0
r0268_c0150,0.0
r0268_c0151,0.0
r0268_c0152,0.0
r0268_c0153,0.0
r0268_c0154,0.0
r0268_c0155,0.0
r0268_c0157,0.0
r0268_c0158,0.0
r0268_c0159,0.0
r0268_c0160,88.89
r0268_c0161,0.0
r0268_c0162,400.0
r0268_c0163,311.11
r0268_c0164,222.22
r0268_c0177,44.44
r0268_c0178,44.44
r0268_c0179,44.44
r0268_c0180,44.44
r0268_c0181,44.44
r0268_c0182,355.56
r0268_c0183,0.0
r0268_c0184,0.0
r0268_c0185,0.0
r0268_c0186,0.0
r0268_c0187,0.0
r0268_c0188,0.0
r0268_c0189,0.0
r0268_c0190,0.0
r0268_c0191,0.0
r0268_c0192,44.44
r0268_c0193,44.44
r0268_c0194,0.0
r0268_c0195,0.0
r0268_c0196,0.0
r0268_c0197,0.0
r0268_c0198,0.0
r0268_c0199,0.0
r0268_c0200,0.0
r0268_c0201,0.0
r0268_c0202,0.0
r0268_c0203,0.0
r0268_c0204,0.0
r0268_c0205,0.0
r0268_c0206,0.0
r0268_c0208,0.0
r0268_c0209,44.44
r0268_c0211,0.0
r0268_c0212,0.0
r0268_c0213,0.0
r0268_c0214,0.0
r0268_c0215,0.0
r0268_c0216,0.0
r0268_c0217,0.0
r0268_c0218,0.0
r0268_c0219,0.0
r0268_c0220,0.0
r0268_c0221,0.0
r0268_c0222,0.0
r0268_c0223,0.0
r0268_c0224,0.0
r0268_c0225,0.0
r0268_c0226,0.0
r0268_c0227,0.0
r0268_c0228,0.0
r0268_c0229,0.0
r0268_c0230,0.0
r0268_c0231,0.0
r0268_c0251,0.0
r0268_c0252,0.0
r0268_c0253,0.0
r0268_c0254,0.0
r0268_c0255,0.0
r0268_c0256,0.0
r0268_c0257,0.0
r0268_c0258,0.0
r0268_c0264,0.0
r0268_c0265,0.0
r0268_c0266,0.0
r0268_c0267,0.0
r0268_c0271,44.44
r0268_c0272,0.0
r0268_c0273,0.0
r0268_c0274,0.0
r0268_c0280,88.89
r0269_c0136,0.0
r0269_c0137,0.0
r0269_c0138,0.0
r0269_c0139,0.0
r0269_c0140,0.0
r0269_c0141,133.33
r0269_c0142,44.44
r0269_c0143,0.0
r0269_c0144,0.0
r0269_c0145,0.0
r0269_c0146,0.0
r0269_c0147,0.0
r0269_c0148,0.0
r0269_c0149,0.0
r0269_c0150,0.0
r0269_c0151,0.0
r0269_c0152,0.0
r0269_c0153,0.0
r0269_c0154,0.0
r0269_c0155,0.0
r0269_c0156,0.0
r0269_c0157,0.0
r0269_c0158,0.0
r0269_c0159,44.44
r0269_c0160,0.0
r0269_c0161,44.44
r0269_c0162,0.0
r0269_c0163,44.44
r0269_c0164,88.89
r0269_c0165,311.11
r0269_c0179,0.0
r0269_c0180,0.0
r0269_c0181,0.0
r0269_c0182,133.33
r0269_c0183,0.0
r0269_c0184,0.0
r0269_c0185,0.0
r0269_c0187,0.0
r0269_c0188,0.0
r0269_c0189,0.0
r0269_c0190,0.0
r0269_c0191,0.0
r0269_c0192,44.44
r0269_c0193,88.89
r0269_c0196,0.0
r0269_c0198,0.0
r0269_c0199,0.0
r0269_c0200,0.0
r0269_c0201,0.0
r0269_c0202,0.0
r0269_c0203,0.0
r0269_c0204,88.89
r0269_c0205,0.0
r0269_c0209,0.0
r0269_c0210,0.0
r0269_c0211,0.0
r0269_c0212,0.0
r0269_c0213,0.0
r0269_c0214,0.0
r0269_c0215,0.0
r0269_c0216,0.0
r0269_c0217,0.0
r0269_c0218,0.0
r0269_c0219,0.0
r0269_c0220,0.0
r0269_c0221,0.0
r0269_c0222,0.0
r0269_c0223,0.0
r0269_c0224,0.0
r0269_c0225,0.0
r0269_c0226,0.0
r0269_c0227,0.0
r0269_c0228,0.0
r0269_c0229,0.0
r0269_c0230,0.0
r0269_c0231,44.44
r0269_c0233,0.0
r0269_c0234,133.33
r0269_c0238,0.0
r0269_c0239,44.44
r0269_c0251,0.0
r0269_c0252,0.0
r0269_c0253,0.0
r0269_c0254,0.0
r0269_c0255,0.0
r0269_c0256,44.44
r0269_c0257,0.0
r0269_c0272,0.0
r0269_c0275,0.0
r0269_c0276,0.0
r0269_c0278,44.44
r0269_c0279,0.0
r0269_c0280,0.0
r0269_c0281,0.0
r0269_c0282,0.0
r0269_c0289,0.0
r0269_c0290,0.0
r0270_c0135,88.89
r0270_c0136,0.0
r0270_c0137,0.0
r0270_c0138,0.0
r0270_c0139,0.0
r0270_c0140,0.0
r0270_c0141,0.0
r0270_c0142,0.0
r0270_c0143,0.0
r0270_c0144,0.0
r0270_c0145,0.0
r0270_c0146,0.0
r0270_c0147,0.0
r0270_c0148,0.0
r0270_c0149,0.0
r0270_c0150,0.0
r0270_c0151,0.0
r0270_c0152,0.0
r0270_c0153,0.0
r0270_c0154,0.0
r0270_c0155,0.0
r0270_c0156,0.0
r0270_c0157,0.0
r0270_c0158,44.44
r0270_c0159,0.0
r0270_c0160,0.0
r0270_c0161,0.0
r0270_c0162,0.0
r0270_c0163,0.0
r0270_c0164,0.0
r0270_c0165,177.78
r0270_c0180,0.0
r0270_c0181,44.44
r0270_c0182,0.0
r0270_c0183,0.0
r0270_c0184,0.0
r0270_c0185,0.0
r0270_c0186,0.0
r0270_c0188,0.0
r0270_c0189,0.0
r0270_c0190,0.0
r0270_c0191,0.0
r0270_c0192,44.44
r0270_c0198,0.0
r0270_c0199,0.0
r0270_c0200,0.0
r0270_c0201,0.0
r0270_c0202,0.0
r0270_c0203,0.0
r0270_c0204,88.89
r0270_c0205,0.0
r0270_c0206,0.0
r0270_c0207,0.0
r0270_c0208,0.0
r0270_c0209,0.0
r0270_c0210,0.0
r0270_c0211,0.0
r0270_c0212,0.0
r0270_c0213,0.0
r0270_c0214,0.0
r0270_c0215,0.0
r0270_c0216,0.0
r0270_c0217,0.0
r0270_c0218,0.0
r0270_c0219,0.0
r0270_c0220,0.0
r0270_c0221,0.0
r0270_c0222,0.0
r0270_c0223,0.0
r0270_c0224,0.0
r0270_c0225,0.0
r0270_c0226,0.0
r0270_c0227,0.0
r0270_c0228,0.0
r0270_c0229,0.0
r0270_c0230,0.0
r0270_c0231,0.0
r0270_c0232,0.0
r0270_c0233,0.0
r0270_c0239,0.0
r0270_c0240,0.0
r0270_c0251,44.44
r0270_c0252,0.0
r0270_c0253,0.0
r0270_c0254,0.0
r0270_c0255,0.0
r0270_c0256,44.44
r0270_c0262,0.0
r0270_c0272,0.0
r0270_c0274,0.0
r0270_c0275,0.0
r0270_c0276,133.33
r0270_c0277,44.44
r0270_c0278,0.0
r0270_c0279,0.0
r0270_c0280,0.0
r0270_c0281,0.0
r0270_c0289,0.0
r0270_c0290,0.0
r0270_c0291,0.0
r0270_c0292,311.11
r0271_c0134,0.0
r0271_c0135,0.0
r0271_c0136,0.0
r0271_c0137,0.0
r0271_c0138,0.0
r0271_c0139,0.0
r0271_c0140,0.0
r0271_c0141,0.0
r0271_c0142,0.0
r0271_c0143,0.0
r0271_c0144,0.0
r0271_c0145,0.0
r0271_c0146,0.0
r0271_c0147,0.0
r0271_c0148,0.0
r0271_c0149,0.0
r0271_c0150,0.0
r0271_c0151,0.0
r0271_c0152,0.0
r0271_c0153,0.0
r0271_c0154,0.0
r0271_c0155,0.0
r0271_c0156,0.0
r0271_c0157,88.89
r0271_c0158,133.33
r0271_c0159,0.0
r0271_c0160,88.89
r0271_c0161,0.0
r0271_c0162,0.0
r0271_c0163,0.0
r0271_c0164,0.0
r0271_c0165,0.0
r0271_c0166,44.44
r0271_c0167,355.56
r0271_c0168,755.56
r0271_c0180,0.0
r0271_c0181,44.44
r0271_c0182,44.44
r0271_c0183,0.0
r0271_c0184,0.0
r0271_c0185,0.0
r0271_c0188,0.0
r0271_c0189,0.0
r0271_c0190,44.44
r0271_c0191,0.0
r0271_c0192,44.44
r0271_c0199,44.44
r0271_c0200,44.44
r0271_c0201,0.0
r0271_c0202,0.0
r0271_c0203,0.0
r0271_c0204,0.0
r0271_c0206,0.0
r0271_c0207,44.44
r0271_c0208,0.0
r0271_c0209,0.0
r0271_c0210,0.0
r0271_c0211,0.0
r0271_c0212,0.0
r0271_c0213,0.0
r0271_c0214,0.0
r0271_c0215,0.0
r0271_c0217,0.0
r0271_c0218,0.0
r0271_c0219,0.0
r0271_c0220,0.0
r0271_c0221,44.44
r0271_c0222,0.0
r0271_c0223,0.0
r0271_c0224,0.0
r0271_c0225,0.0
r0271_c0226,0.0
r0271_c0227,0.0
r0271_c0228,0.0
r0271_c0229,0.0
r0271_c0230,0.0
r0271_c0231,0.0
r0271_c0239,88.89
r0271_c0240,0.0
r0271_c0252,0.0
r0271_c0253,0.0
r0271_c0254,0.0
r0271_c0255,133.33
r0271_c0265,0.0
r0271_c0272,0.0
r0271_c0274,44.44
r0271_c0275,0.0
r0271_c0276,0.0
r0271_c0277,0.0
r0271_c0278,0.0
r0271_c0279,0.0
r0271_c0280,0.0
r0271_c0290,0.0
r0271_c0291,0.0
r0271_c0292,44.44
r0272_c0134,0.0
r0272_c0135,0.0
r0272_c0136,0.0
r0272_c0137,0.0
r0272_c0138,0.0
r0272_c0139,0.0
r0272_c0140,0.0
r0272_c0141,0.0
r0272_c0142,0.0
r0272_c0143,0.0
r0272_c0144,44.44
r0272_c0145,133.33
r0272_c0146,133.33
r0272_c0147,44.44
r0272_c0148,222.22
r0272_c0149,0.0
r0272_c0151,0.0
r0272_c0152,0.0
r0272_c0153,0.0
r0272_c0154,0.0
r0272_c0155,0.0
r0272_c0156,0.0
r0272_c0157,88.89
r0272_c0158,0.0
r0272_c0159,88.89
r0272_c0160,44.44
r0272_c0161,0.0
r0272_c0162,0.0
r0272_c0163,0.0
r0272_c0164,0.0
r0272_c0165,0.0
r0272_c0166,0.0
r0272_c0167,0.0
r0272_c0168,44.44
r0272_c0169,222.22
r0272_c0179,44.44
r0272_c0180,88.89
r0272_c0181,0.0
r0272_c0182,88.89
r0272_c0183,44.44
r0272_c0184,0.0
r0272_c0185,0.0
r0272_c0187,44.44
r0272_c0188,0.0
r0272_c0189,0.0
r0272_c0194,88.89
r0272_c0195,133.33
r0272_c0196,0.0
r0272_c0197,0.0
r0272_c0198,0.0
r0272_c0199,44.44
r0272_c0200,0.0
r0272_c0201,0.0
r0272_c0202,0.0
r0272_c0203,0.0
r0272_c0204,0.0
r0272_c0205,0.0
r0272_c0206,0.0
r0272_c0207,0.0
r0272_c0208,0.0
r0272_c0209,0.0
r0272_c0210,0.0
r0272_c0211,0.0
r0272_c0212,0.0
r0272_c0213,0.0
r0272_c0214,0.0
r0272_c0215,0.0
r0272_c0216,0.0
r0272_c0217,0.0
r0272_c0218,0.0
r0272_c0219,0.0
r0272_c0220,0.0
r0272_c0221,44.44
r0272_c0222,0.0
r0272_c0223,0.0
r0272_c0224,0.0
r0272_c0225,0.0
r0272_c0226,0.0
r0272_c0227,0.0
r0272_c0228,0.0
r0272_c0229,0.0
r0272_c0230,0.0
r0272_c0232,0.0
r0272_c0233,0.0
r0272_c0234,311.11
r0272_c0238,0.0
r0272_c0239,0.0
r0272_c0240,44.44
r0272_c0241,44.44
r0272_c0252,0.0
r0272_c0253,88.89
r0272_c0265,133.33
r0272_c0266,0.0
r0272_c0267,0.0
r0272_c0271,44.44
r0272_c0275,0.0
r0272_c0276,0.0
r0272_c0277,0.0
r0272_c0278,0.0
r0272_c0288,0.0
r0272_c0289,0.0
r0272_c0290,44.44
r0273_c0133,222.22
r0273_c0134,0.0
r0273_c0135,0.0
r0273_c0136,0.0
r0273_c0137,0.0
r0273_c0138,133.33
r0273_c0139,0.0
r0273_c0140,0.0
r0273_c0142,0.0
r0273_c0143,0.0
r0273_c0145,0.0
r0273_c0146,0.0
r0273_c0147,311.11
r0273_c0148,133.33
r0273_c0149,0.0
r0273_c0150,0.0
r0273_c0151,0.0
r0273_c0152,0.0
r0273_c0153,0.0
r0273_c0154,0.0
r0273_c0155,0.0
r0273_c0156,0.0
r0273_c0157,177.78
r0273_c0158,0.0
r0273_c0159,177.78
r0273_c0160,0.0
r0273_c0161,0.0
r0273_c0162,0.0
r0273_c0163,0.0
r0273_c0164,0.0
r0273_c0165,0.0
r0273_c0166,0.0
r0273_c0167,0.0
r0273_c0168,44.44
r0273_c0169,133.33
r0273_c0170,355.56
r0273_c0180,88.89
r0273_c0181,0.0
r0273_c0182,88.89
r0273_c0183,0.0
r0273_c0184,0.0
r0273_c0185,0.0
r0273_c0186,0.0
r0273_c0187,0.0
r0273_c0188,0.0
r0273_c0189,0.0
r0273_c0194,0.0
r0273_c0195,0.0
r0273_c0196,0.0
r0273_c0197,0.0
r0273_c0198,0.0
r0273_c0199,0.0
r0273_c0200,0.0
r0273_c0201,0.0
r0273_c0202,0.0
r0273_c0203,0.0
r0273_c0204,44.44
r0273_c0205,0.0
r0273_c0206,0.0
r0273_c0207,0.0
r0273_c0208,0.0
r0273_c0209,0.0
r0273_c0210,0.0
r0273_c0211,0.0
r0273_c0212,0.0
r0273_c0213,0.0
r0273_c0214,0.0
r0273_c0215,0.0
r0273_c0216,0.0
r0273_c0217,0.0
r0273_c0218,0.0
r0273_c0219,0.0
r0273_c0220,0.0
r0273_c0221,0.0
r0273_c0222,0.0
r0273_c0223,0.0
r0273_c0224,0.0
r0273_c0225,0.0
r0273_c0226,0.0
r0273_c0227,0.0
r0273_c0228,0.0
r0273_c0229,0.0
r0273_c0230,0.0
r0273_c0231,88.89
r0273_c0232,44.44
r0273_c0236,133.33
r0273_c0237,0.0
r0273_c0238,0.0
r0273_c0239,0.0
r0273_c0240,0.0
r0273_c0241,133.33
r0273_c0252,44.44
r0273_c0267,0.0
r0273_c0271,44.44
r0273_c0276,88.89
r0273_c0287,133.33
r0273_c0288,44.44
r0274_c0131,888.89
r0274_c0132,44.44
r0274_c0133,177.78
r0274_c0134,88.89
r0274_c0135,44.44
r0274_c0136,0.0
r0274_c0137,0.0
r0274_c0138,44.44
r0274_c0139,133.33
r0274_c0140,0.0
r0274_c0141,0.0
r0274_c0142,0.0
r0274_c0144,0.0
r0274_c0145,0.0
r0274_c0146,0.0
r0274_c0147,0.0
r0274_c0148,0.0
r0274_c0149,0.0
r0274_c0150,0.0
r0274_c0151,0.0
r0274_c0152,0.0
r0274_c0153,0.0
r0274_c0154,0.0
r0274_c0155,0.0
r0274_c0156,0.0
r0274_c0157,88.89
r0274_c0158,666.67
r0274_c0159,177.78
r0274_c0160,44.44
r0274_c0161,0.0
r0274_c0162,0.0
r0274_c0163,88.89
r0274_c0164,0.0
r0274_c0165,0.0
r0274_c0166,0.0
r0274_c0167,0.0
r0274_c0170,44.44
r0274_c0171,177.78
r0274_c0172,755.56
r0274_c0180,0.0
r0274_c0181,44.44
r0274_c0182,44.44
r0274_c0183,0.0
r0274_c0184,0.0
r0274_c0185,0.0
r0274_c0186,0.0
r0274_c0187,0.0
r0274_c0188,0.0
r0274_c0189,0.0
r0274_c0194,0.0
r0274_c0195,0.0
r0274_c0196,0.0
r0274_c0197,0.0
r0274_c0198,0.0
r0274_c0199,0.0
r0274_c0200,0.0
r0274_c0201,0.0
r0274_c0202,0.0
r0274_c0203,0.0
r0274_c0204,44.44
r0274_c0205,0.0
r0274_c0206,0.0
r0274_c0207,0.0
r0274_c0208,0.0
r0274_c0209,0.0
r0274_c0210,0.0
r0274_c0211,0.0
r0274_c0212,0.0
r0274_c0213,0.0
r0274_c0214,0.0
r0274_c0215,0.0
r0274_c0216,0.0
r0274_c0217,0.0
r0274_c0218,0.0
r0274_c0219,0.0
r0274_c0220,0.0
r0274_c0221,0.0
r0274_c0222,0.0
r0274_c0223,0.0
r0274_c0224,0.0
r0274_c0225,0.0
r0274_c0226,0.0
r0274_c0227,0.0
r0274_c0228,0.0
r0274_c0229,0.0
r0274_c0230,0.0
r0274_c0231,133.33
r0274_c0232,44.44
r0274_c0236,0.0
r0274_c0237,0.0
r0274_c0238,0.0
r0274_c0239,0.0
r0274_c0240,0.0
r0274_c0241,44.44
r0274_c0245,0.0
r0274_c0251,44.44
r0274_c0252,0.0
r0274_c0253,0.0
r0274_c0271,44.44
r0274_c0285,0.0
r0275_c0130,44.44
r0275_c0131,0.0
r0275_c0132,0.0
r0275_c0133,0.0
r0275_c0134,0.0
r0275_c0135,177.78
r0275_c0136,400.0
r0275_c0137,0.0
r0275_c0138,0.0
r0275_c0139,0.0
r0275_c0140,0.0
r0275_c0141,0.0
r0275_c0142,0.0
r0275_c0143,0.0
r0275_c0144,0.0
r0275_c0145,0.0
r0275_c0146,0.0
r0275_c0147,0.0
r0275_c0148,0.0
r0275_c0149,0.0
r0275_c0150,0.0
r0275_c0151,0.0
r0275_c0152,177.78
r0275_c0153,0.0
r0275_c0154,0.0
r0275_c0155,266.67
r0275_c0156,0.0
r0275_c0157,0.0
r0275_c0158,88.89
r0275_c0160,0.0
r0275_c0161,0.0
r0275_c0162,0.0
r0275_c0163,44.44
r0275_c0164,177.78
r0275_c0165,0.0
r0275_c0166,0.0
r0275_c0167,0.0
r0275_c0168,0.0
r0275_c0169,0.0
r0275_c0171,44.44
r0275_c0172,44.44
r0275_c0173,177.78
r0275_c0174,222.22
r0275_c0175,444.44
r0275_c0183,0.0
r0275_c0184,0.0
r0275_c0185,0.0
r0275_c0186,0.0
r0275_c0187,0.0
r0275_c0188,0.0
r0275_c0189,0.0
r0275_c0190,0.0
r0275_c0195,0.0
r0275_c0196,0.0
r0275_c0197,0.0
r0275_c0198,0.0
r0275_c0199,0.0
r0275_c0200,0.0
r0275_c0201,0.0
r0275_c0202,0.0
r0275_c0203,0.0
r0275_c0204,0.0
r0275_c0205,44.44
r0275_c0206,0.0
r0275_c0207,0.0
r0275_c0212,0.0
r0275_c0213,0.0
r0275_c0214,0.0
r0275_c0215,0.0
r0275_c0216,0.0
r0275_c0217,0.0
r0275_c0218,0.0
r0275_c0219,0.0
r0275_c0220,0.0
r0275_c0221,0.0
r0275_c0222,0.0
r0275_c0223,0.0
r0275_c0225,0.0
r0275_c0226,0.0
r0275_c0227,0.0
r0275_c0228,0.0
r0275_c0229,0.0
r0275_c0230,0.0
r0275_c0231,88.89
r0275_c0237,0.0
r0275_c0238,0.0
r0275_c0239,0.0
r0275_c0240,0.0
r0275_c0241,0.0
r0275_c0245,44.44
r0275_c0249,0.0
r0275_c0250,44.44
r0275_c0251,0.0
r0275_c0252,0.0
r0275_c0253,0.0
r0275_c0271,0.0
r0275_c0284,0.0
r0275_c0285,0.0
r0275_c0286,0.0
r0275_c0287,0.0
r0275_c0288,0.0
r0276_c0129,88.89
r0276_c0130,0.0
r0276_c0131,0.0
r0276_c0132,44.44
r0276_c0133,44.44
r0276_c0134,0.0
r0276_c0135,0.0
r0276_c0136,133.33
r0276_c0137,355.56
r0276_c0138,44.44
r0276_c0139,0.0
r0276_c0140,0.0
r0276_c0141,0.0
r0276_c0142,44.44
r0276_c0145,0.0
r0276_c0146,0.0
r0276_c0147,0.0
r0276_c0148,0.0
r0276_c0149,0.0
r0276_c0150,0.0
r0276_c0151,0.0
r0276_c0152,0.0
r0276_c0153,0.0
r0276_c0156,0.0
r0276_c0157,0.0
r0276_c0158,0.0
r0276_c0160,0.0
r0276_c0161,0.0
r0276_c0162,0.0
r0276_c0163,0.0
r0276_c0164,0.0
r0276_c0165,88.89
r0276_c0166,0.0
r0276_c0167,0.0
r0276_c0168,0.0
r0276_c0169,0.0
r0276_c0170,177.78
r0276_c0172,0.0
r0276_c0173,0.0
r0276_c0174,0.0
r0276_c0175,44.44
r0276_c0176,133.33
r0276_c0177,44.44
r0276_c0178,177.78
r0276_c0183,88.89
r0276_c0184,44.44
r0276_c0185,44.44
r0276_c0186,88.89
r0276_c0187,0.0
r0276_c0188,311.11
r0276_c0189,222.22
r0276_c0190,177.78
r0276_c0195,88.89
r0276_c0196,0.0
r0276_c0197,0.0
r0276_c0198,0.0
r0276_c0199,0.0
r0276_c0200,0.0
r0276_c0201,0.0
r0276_c0202,0.0
r0276_c0203,44.44
r0276_c0204,0.0
r0276_c0216,0.0
r0276_c0217,0.0
r0276_c0218,0.0
r0276_c0226,0.0
r0276_c0227,0.0
r0276_c0228,0.0
r0276_c0229,44.44
r0276_c0230,0.0
r0276_c0232,44.44
r0276_c0239,0.0
r0276_c0240,44.44
r0276_c0245,0.0
r0276_c0249,44.44
r0276_c0250,0.0
r0276_c0251,44.44
r0276_c0252,0.0
r0276_c0253,0.0
r0276_c0254,0.0
r0276_c0284,0.0
r0276_c0285,0.0
r0276_c0286,0.0
r0276_c0287,0.0
r0276_c0288,0.0
r0277_c0091,0.0
r0277_c0129,0.0
r0277_c0130,0.0
r0277_c0131,44.44
r0277_c0132,177.78
r0277_c0133,0.0
r0277_c0134,88.89
r0277_c0135,133.33
r0277_c0136,0.0
r0277_c0137,0.0
r0277_c0138,355.56
r0277_c0139,177.78
r0277_c0140,0.0
r0277_c0141,0.0
r0277_c0142,0.0
r0277_c0143,0.0
r0277_c0144,0.0
r0277_c0145,0.0
r0277_c0146,0.0
r0277_c0147,0.0
r0277_c0148,0.0
r0277_c0149,0.0
r0277_c0150,0.0
r0277_c0151,0.0
r0277_c0152,0.0
r0277_c0153,0.0
r0277_c0155,0.0
r0277_c0156,0.0
r0277_c0157,0.0
r0277_c0158,0.0
r0277_c0159,0.0
r0277_c0160,0.0
r0277_c0161,0.0
r0277_c0162,0.0
r0277_c0163,0.0
r0277_c0164,0.0
r0277_c0165,0.0
r0277_c0166,0.0
r0277_c0167,0.0
r0277_c0168,0.0
r0277_c0169,0.0
r0277_c0172,0.0
r0277_c0173,0.0
r0277_c0174,0.0
r0277_c0175,0.0
r0277_c0176,222.22
r0277_c0177,44.44
r0277_c0178,88.89
r0277_c0179,44.44
r0277_c0180,444.44
r0277_c0184,0.0
r0277_c0185,0.0
r0277_c0186,44.44
r0277_c0187,0.0
r0277_c0188,133.33
r0277_c0189,44.44
r0277_c0190,44.44
r0277_c0195,44.44
r0277_c0196,0.0
r0277_c0216,0.0
r0277_c0223,0.0
r0277_c0224,0.0
r0277_c0225,0.0
r0277_c0231,88.89
r0277_c0238,44.44
r0277_c0248,44.44
r0277_c0249,133.33
r0277_c0250,0.0
r0277_c0251,0.0
r0277_c0252,0.0
r0277_c0253,0.0
r0277_c0254,44.44
r0277_c0262,0.0
r0277_c0263,0.0
r0277_c0264,0.0
r0277_c0269,0.0
r0277_c0270,0.0
r0277_c0284,0.0
r0277_c0285,0.0
r0277_c0286,0.0
r0277_c0287,0.0
r0277_c0288,0.0
r0277_c0289,88.89
r0278_c0087,0.0
r0278_c0094,0.0
r0278_c0095,0.0
r0278_c0127,0.0
r0278_c0128,0.0
r0278_c0129,0.0
r0278_c0130,0.0
r0278_c0131,44.44
r0278_c0132,0.0
r0278_c0133,0.0
r0278_c0134,0.0
r0278_c0135,88.89
r0278_c0136,44.44
r0278_c0137,222.22
r0278_c0138,133.33
r0278_c0139,88.89
r0278_c0140,44.44
r0278_c0141,133.33
r0278_c0144,44.44
r0278_c0145,0.0
r0278_c0146,0.0
r0278_c0147,0.0
r0278_c0148,0.0
r0278_c0149,0.0
r0278_c0150,0.0
r0278_c0151,0.0
r0278_c0152,0.0
r0278_c0153,0.0
r0278_c0154,0.0
r0278_c0155,0.0
r0278_c0156,0.0
r0278_c0157,0.0
r0278_c0158,0.0
r0278_c0159,0.0
r0278_c0160,0.0
r0278_c0161,0.0
r0278_c0162,0.0
r0278_c0163,0.0
r0278_c0164,0.0
r0278_c0165,0.0
r0278_c0166,0.0
r0278_c0167,0.0
r0278_c0168,0.0
r0278_c0169,0.0
r0278_c0172,88.89
r0278_c0173,0.0
r0278_c0174,0.0
r0278_c0175,0.0
r0278_c0176,0.0
r0278_c0177,0.0
r0278_c0178,133.33
r0278_c0179,133.33
r0278_c0180,0.0
r0278_c0181,0.0
r0278_c0182,88.89
r0278_c0184,88.89
r0278_c0185,0.0
r0278_c0187,0.0
r0278_c0188,0.0
r0278_c0190,0.0
r0278_c0191,0.0
r0278_c0192,44.44
r0278_c0195,0.0
r0278_c0196,88.89
r0278_c0197,0.0
r0278_c0198,0.0
r0278_c0199,0.0
r0278_c0200,0.0
r0278_c0201,0.0
r0278_c0202,0.0
r0278_c0216,0.0
r0278_c0217,0.0
r0278_c0218,0.0
r0278_c0223,0.0
r0278_c0224,0.0
r0278_c0225,0.0
r0278_c0226,0.0
r0278_c0235,0.0
r0278_c0244,222.22
r0278_c0247,44.44
r0278_c0248,133.33
r0278_c0249,0.0
r0278_c0250,0.0
r0278_c0251,0.0
r0278_c0252,0.0
r0278_c0253,0.0
r0278_c0254,0.0
r0278_c0255,88.89
r0278_c0262,88.89
r0278_c0263,0.0
r0278_c0264,0.0
r0278_c0265,0.0
r0278_c0266,0.0
r0278_c0267,0.0
r0278_c0268,44.44
r0278_c0269,44.44
r0278_c0270,0.0
r0278_c0285,0.0
r0278_c0286,0.0
r0278_c0287,0.0
r0278_c0288,0.0
r0278_c0289,0.0
r0279_c0084,0.0
r0279_c0085,0.0
r0279_c0086,0.0
r0279_c0087,0.0
r0279_c0088,0.0
r0279_c0094,0.0
r0279_c0095,0.0
r0279_c0096,0.0
r0279_c0126,44.44
r0279_c0127,0.0
r0279_c0128,0.0
r0279_c0129,44.44
r0279_c0130,0.0
r0279_c0131,0.0
r0279_c0132,0.0
r0279_c0133,0.0
r0279_c0134,0.0
r0279_c0135,0.0
r0279_c0136,44.44
r0279_c0137,88.89
r0279_c0138,44.44
r0279_c0139,44.44
r0279_c0140,133.33
r0279_c0141,133.33
r0279_c0142,266.67
r0279_c0143,44.44
r0279_c0144,44.44
r0279_c0145,0.0
r0279_c0146,0.0
r0279_c0147,0.0
r0279_c0148,0.0
r0279_c0149,0.0
r0279_c0150,0.0
r0279_c0151,0.0
r0279_c0152,0.0
r0279_c0153,44.44
r0279_c0154,0.0
r0279_c0155,0.0
r0279_c0156,0.0
r0279_c0157,0.0
r0279_c0158,0.0
r0279_c0159,0.0
r0279_c0160,0.0
r0279_c0161,0.0
r0279_c0162,0.0
r0279_c0163,0.0
r0279_c0164,0.0
r0279_c0165,0.0
r0279_c0166,0.0
r0279_c0167,0.0
r0279_c0168,0.0
r0279_c0169,0.0
r0279_c0170,0.0
r0279_c0171,133.33
r0279_c0172,311.11
r0279_c0173,0.0
r0279_c0174,0.0
r0279_c0175,0.0
r0279_c0176,0.0
r0279_c0177,0.0
r0279_c0178,133.33
r0279_c0180,0.0
r0279_c0184,44.44
r0279_c0185,0.0
r0279_c0186,0.0
r0279_c0187,0.0
r0279_c0188,0.0
r0279_c0191,0.0
r0279_c0192,0.0
r0279_c0197,0.0
r0279_c0198,0.0
r0279_c0199,0.0
r0279_c0200,0.0
r0279_c0201,0.0
r0279_c0202,0.0
r0279_c0203,0.0
r0279_c0204,0.0
r0279_c0205,44.44
r0279_c0206,0.0
r0279_c0207,0.0
r0279_c0208,0.0
r0279_c0209,0.0
r0279_c0210,0.0
r0279_c0211,0.0
r0279_c0212,0.0
r0279_c0213,0.0
r0279_c0215,0.0
r0279_c0216,0.0
r0279_c0217,0.0
r0279_c0218,0.0
r0279_c0220,0.0
r0279_c0223,0.0
r0279_c0224,0.0
r0279_c0225,0.0
r0279_c0226,0.0
r0279_c0246,0.0
r0279_c0247,0.0
r0279_c0248,0.0
r0279_c0249,0.0
r0279_c0250,0.0
r0279_c0251,0.0
r0279_c0252,0.0
r0279_c0253,0.0
r0279_c0254,0.0
r0279_c0255,0.0
r0279_c0256,88.89
r0279_c0262,44.44
r0279_c0263,44.44
r0279_c0264,0.0
r0279_c0265,0.0
r0279_c0267,0.0
r0279_c0268,44.44
r0279_c0269,0.0
r0279_c0270,0.0
r0279_c0281,44.44
r0279_c0285,0.0
r0279_c0286,0.0
r0279_c0287,44.44
r0279_c0288,0.0
r0279_c0289,0.0
r0279_c0290,0.0
r0280_c0080,0.0
r0280_c0081,0.0
r0280_c0082,0.0
r0280_c0084,0.0
r0280_c0085,0.0
r0280_c0086,0.0
r0280_c0087,0.0
r0280_c0088,0.0
r0280_c0095,0.0
r0280_c0096,0.0
r0280_c0125,0.0
r0280_c0126,0.0
r0280_c0127,0.0
r0280_c0128,0.0
r0280_c0129,0.0
r0280_c0130,0.0
r0280_c0131,0.0
r0280_c0132,0.0
r0280_c0133,0.0
r0280_c0134,0.0
r0280_c0135,0.0
r0280_c0136,0.0
r0280_c0137,0.0
r0280_c0138,44.44
r0280_c0139,44.44
r0280_c0140,133.33
r0280_c0144,266.67
r0280_c0145,44.44
r0280_c0146,0.0
r0280_c0147,0.0
r0280_c0148,0.0
r0280_c0149,0.0
r0280_c0150,0.0
r0280_c0151,0.0
r0280_c0152,0.0
r0280_c0153,0.0
r0280_c0154,0.0
r0280_c0155,0.0
r0280_c0156,0.0
r0280_c0157,0.0
r0280_c0158,0.0
r0280_c0159,0.0
r0280_c0160,0.0
r0280_c0161,0.0
r0280_c0162,0.0
r0280_c0163,0.0
r0280_c0164,0.0
r0280_c0165,0.0
r0280_c0166,0.0
r0280_c0167,0.0
r0280_c0168,0.0
r0280_c0169,0.0
r0280_c0170,0.0
r0280_c0171,0.0
r0280_c0172,222.22
r0280_c0173,0.0
r0280_c0174,0.0
r0280_c0175,0.0
r0280_c0176,0.0
r0280_c0177,0.0
r0280_c0178,0.0
r0280_c0179,177.78
r0280_c0180,44.44
r0280_c0183,0.0
r0280_c0184,0.0
r0280_c0185,0.0
r0280_c0186,0.0
r0280_c0187,0.0
r0280_c0188,0.0
r0280_c0189,0.0
r0280_c0191,0.0
r0280_c0192,0.0
r0280_c0193,0.0
r0280_c0197,0.0
r0280_c0198,0.0
r0280_c0199,0.0
r0280_c0200,0.0
r0280_c0201,0.0
r0280_c0202,0.0
r0280_c0203,0.0
r0280_c0204,0.0
r0280_c0205,0.0
r0280_c0206,0.0
r0280_c0207,0.0
r0280_c0208,0.0
r0280_c0209,0.0
r0280_c0210,0.0
r0280_c0211,0.0
r0280_c0212,0.0
r0280_c0213,0.0
r0280_c0217,0.0
r0280_c0218,0.0
r0280_c0219,0.0
r0280_c0220,0.0
r0280_c0221,0.0
r0280_c0222,0.0
r0280_c0226,0.0
r0280_c0236,0.0
r0280_c0241,0.0
r0280_c0245,44.44
r0280_c0246,44.44
r0280_c0247,0.0
r0280_c0248,0.0
r0280_c0249,0.0
r0280_c0250,0.0
r0280_c0251,0.0
r0280_c0252,44.44
r0280_c0253,0.0
r0280_c0254,88.89
r0280_c0255,0.0
r0280_c0256,0.0
r0280_c0268,133.33
r0280_c0271,0.0
r0280_c0272,0.0
r0280_c0273,44.44
r0280_c0281,88.89
r0280_c0285,0.0
r0280_c0286,0.0
r0280_c0287,0.0
r0280_c0288,0.0
r0280_c0289,0.0
r0280_c0290,0.0
r0281_c0069,44.44
r0281_c0070,0.0
r0281_c0071,0.0
r0281_c0078,0.0
r0281_c0079,0.0
r0281_c0080,0.0
r0281_c0081,0.0
r0281_c0082,0.0
r0281_c0084,0.0
r0281_c0085,0.0
r0281_c0086,0.0
r0281_c0087,0.0
r0281_c0088,0.0
r0281_c0096,0.0
r0281_c0124,444.44
r0281_c0125,0.0
r0281_c0126,0.0
r0281_c0127,0.0
r0281_c0128,0.0
r0281_c0129,0.0
r0281_c0130,0.0
r0281_c0131,0.0
r0281_c0133,0.0
r0281_c0134,0.0
r0281_c0135,0.0
r0281_c0136,0.0
r0281_c0137,0.0
r0281_c0138,0.0
r0281_c0139,355.56
r0281_c0140,222.22
r0281_c0143,355.56
r0281_c0144,44.44
r0281_c0145,88.89
r0281_c0146,488.89
r0281_c0147,0.0
r0281_c0148,0.0
r0281_c0149,0.0
r0281_c0150,0.0
r0281_c0151,0.0
r0281_c0152,0.0
r0281_c0153,0.0
r0281_c0154,0.0
r0281_c0155,0.0
r0281_c0156,0.0
r0281_c0157,0.0
r0281_c0158,0.0
r0281_c0159,0.0
r0281_c0160,0.0
r0281_c0161,0.0
r0281_c0162,0.0
r0281_c0163,0.0
r0281_c0164,0.0
r0281_c0165,0.0
r0281_c0166,0.0
r0281_c0167,0.0
r0281_c0168,0.0
r0281_c0169,0.0
r0281_c0170,0.0
r0281_c0171,0.0
r0281_c0172,311.11
r0281_c0173,0.0
r0281_c0174,0.0
r0281_c0175,0.0
r0281_c0176,0.0
r0281_c0177,0.0
r0281_c0178,0.0
r0281_c0184,0.0
r0281_c0185,0.0
r0281_c0191,0.0
r0281_c0192,0.0
r0281_c0193,0.0
r0281_c0202,0.0
r0281_c0203,0.0
r0281_c0204,0.0
r0281_c0205,0.0
r0281_c0206,0.0
r0281_c0207,0.0
r0281_c0208,0.0
r0281_c0209,0.0
r0281_c0210,0.0
r0281_c0211,0.0
r0281_c0212,0.0
r0281_c0213,0.0
r0281_c0217,0.0
r0281_c0218,0.0
r0281_c0219,0.0
r0281_c0220,0.0
r0281_c0243,0.0
r0281_c0244,0.0
r0281_c0245,0.0
r0281_c0246,0.0
r0281_c0247,0.0
r0281_c0248,177.78
r0281_c0249,0.0
r0281_c0250,0.0
r0281_c0251,0.0
r0281_c0252,0.0
r0281_c0253,0.0
r0281_c0254,0.0
r0281_c0255,0.0
r0281_c0256,0.0
r0281_c0271,0.0
r0281_c0274,88.89
r0281_c0286,0.0
r0281_c0287,0.0
r0281_c0288,0.0
r0281_c0289,0.0
r0281_c0290,0.0
r0281_c0291,88.89
r0282_c0067,0.0
r0282_c0068,0.0
r0282_c0069,0.0
r0282_c0070,44.44
r0282_c0071,0.0
r0282_c0072,0.0
r0282_c0073,0.0
r0282_c0075,0.0
r0282_c0077,0.0
r0282_c0079,0.0
r0282_c0080,0.0
r0282_c0081,0.0
r0282_c0082,0.0
r0282_c0084,0.0
r0282_c0085,0.0
r0282_c0086,0.0
r0282_c0087,0.0
r0282_c0089,0.0
r0282_c0090,0.0
r0282_c0096,0.0
r0282_c0123,177.78
r0282_c0124,0.0
r0282_c0125,222.22
r0282_c0126,133.33
r0282_c0127,44.44
r0282_c0128,0.0
r0282_c0129,0.0
r0282_c0130,0.0
r0282_c0131,0.0
r0282_c0132,0.0
r0282_c0133,0.0
r0282_c0134,0.0
r0282_c0135,0.0
r0282_c0136,0.0
r0282_c0137,0.0
r0282_c0138,133.33
r0282_c0139,266.67
r0282_c0142,444.44
r0282_c0143,0.0
r0282_c0144,0.0
r0282_c0145,0.0
r0282_c0146,44.44
r0282_c0147,355.56
r0282_c0149,0.0
r0282_c0150,0.0
r0282_c0151,177.78
r0282_c0152,0.0
r0282_c0153,0.0
r0282_c0154,0.0
r0282_c0155,0.0
r0282_c0156,0.0
r0282_c0157,0.0
r0282_c0158,0.0
r0282_c0159,0.0
r0282_c0160,0.0
r0282_c0161,0.0
r0282_c0162,0.0
r0282_c0163,0.0
r0282_c0164,0.0
r0282_c0165,0.0
r0282_c0166,0.0
r0282_c0167,0.0
r0282_c0168,0.0
r0282_c0169,0.0
r0282_c0170,0.0
r0282_c0171,0.0
r0282_c0172,88.89
r0282_c0173,0.0
r0282_c0174,44.44
r0282_c0175,0.0
r0282_c0176,0.0
r0282_c0177,0.0
r0282_c0178,0.0
r0282_c0179,222.22
r0282_c0180,0.0
r0282_c0181,0.0
r0282_c0182,44.44
r0282_c0184,0.0
r0282_c0185,0.0
r0282_c0186,0.0
r0282_c0188,0.0
r0282_c0189,44.44
r0282_c0192,0.0
r0282_c0193,0.0
r0282_c0203,0.0
r0282_c0204,0.0
r0282_c0205,0.0
r0282_c0206,0.0
r0282_c0207,44.44
r0282_c0208,0.0
r0282_c0209,0.0
r0282_c0210,0.0
r0282_c0218,0.0
r0282_c0219,0.0
r0282_c0220,44.44
r0282_c0227,88.89
r0282_c0228,0.0
r0282_c0229,0.0
r0282_c0243,0.0
r0282_c0244,0.0
r0282_c0245,44.44
r0282_c0246,177.78
r0282_c0247,0.0
r0282_c0248,0.0
r0282_c0249,0.0
r0282_c0250,0.0
r0282_c0251,0.0
r0282_c0252,44.44
r0282_c0253,0.0
r0282_c0254,0.0
r0282_c0255,88.89
r0282_c0270,0.0
r0282_c0271,0.0
r0282_c0274,0.0
r0282_c0285,44.44
r0282_c0286,0.0
r0282_c0287,0.0
r0282_c0288,0.0
r0282_c0289,0.0
r0282_c0290,0.0
r0282_c0291,0.0
r0283_c0067,0.0
r0283_c0068,0.0
r0283_c0069,0.0
r0283_c0070,0.0
r0283_c0071,0.0
r0283_c0072,0.0
r0283_c0075,0.0
r0283_c0076,0.0
r0283_c0077,0.0
r0283_c0078,0.0
r0283_c0079,0.0
r0283_c0080,0.0
r0283_c0081,0.0
r0283_c0082,0.0
r0283_c0083,0.0
r0283_c0085,0.0
r0283_c0089,0.0
r0283_c0090,0.0
r0283_c0091,0.0
r0283_c0092,0.0
r0283_c0096,0.0
r0283_c0097,0.0
r0283_c0099,0.0
r0283_c0100,0.0
r0283_c0122,666.67
r0283_c0123,0.0
r0283_c0124,0.0
r0283_c0125,0.0
r0283_c0126,44.44
r0283_c0127,444.44
r0283_c0128,88.89
r0283_c0129,0.0
r0283_c0130,0.0
r0283_c0131,0.0
r0283_c0132,0.0
r0283_c0133,0.0
r0283_c0134,0.0
r0283_c0135,0.0
r0283_c0136,0.0
r0283_c0137,0.0
r0283_c0138,133.33
r0283_c0139,88.89
r0283_c0142,133.33
r0283_c0143,0.0
r0283_c0144,0.0
r0283_c0145,0.0
r0283_c0146,44.44
r0283_c0147,222.22
r0283_c0148,88.89
r0283_c0149,177.78
r0283_c0150,177.78
r0283_c0151,0.0
r0283_c0152,0.0
r0283_c0153,0.0
r0283_c0154,0.0
r0283_c0155,0.0
r0283_c0159,0.0
r0283_c0160,0.0
r0283_c0161,0.0
r0283_c0162,0.0
r0283_c0163,0.0
r0283_c0164,0.0
r0283_c0165,0.0
r0283_c0166,0.0
r0283_c0167,0.0
r0283_c0168,0.0
r0283_c0169,0.0
r0283_c0170,0.0
r0283_c0171,0.0
r0283_c0172,0.0
r0283_c0173,88.89
r0283_c0174,0.0
r0283_c0175,0.0
r0283_c0176,0.0
r0283_c0177,0.0
r0283_c0178,0.0
r0283_c0179,133.33
r0283_c0180,0.0
r0283_c0181,0.0
r0283_c0182,0.0
r0283_c0183,0.0
r0283_c0184,0.0
r0283_c0185,44.44
r0283_c0186,44.44
r0283_c0189,0.0
r0283_c0195,88.89
r0283_c0196,88.89
r0283_c0197,0.0
r0283_c0203,0.0
r0283_c0204,0.0
r0283_c0205,0.0
r0283_c0206,0.0
r0283_c0207,0.0
r0283_c0208,0.0
r0283_c0209,0.0
r0283_c0216,44.44
r0283_c0217,0.0
r0283_c0218,0.0
r0283_c0219,0.0
r0283_c0220,44.44
r0283_c0221,133.33
r0283_c0226,0.0
r0283_c0227,0.0
r0283_c0228,0.0
r0283_c0229,0.0
r0283_c0231,44.44
r0283_c0232,0.0
r0283_c0243,0.0
r0283_c0244,0.0
r0283_c0245,0.0
r0283_c0246,0.0
r0283_c0247,44.44
r0283_c0248,0.0
r0283_c0249,0.0
r0283_c0250,0.0
r0283_c0251,0.0
r0283_c0252,88.89
r0283_c0253,0.0
r0283_c0254,177.78
r0283_c0269,0.0
r0283_c0270,0.0
r0283_c0273,0.0
r0283_c0274,0.0
r0283_c0286,0.0
r0283_c0287,0.0
r0283_c0288,0.0
r0283_c0289,0.0
r0283_c0290,0.0
r0283_c0291,0.0
r0283_c0292,444.44
r0284_c0068,0.0
r0284_c0071,0.0
r0284_c0072,0.0
r0284_c0073,0.0
r0284_c0074,0.0
r0284_c0075,0.0
r0284_c0076,0.0
r0284_c0077,0.0
r0284_c0078,0.0
r0284_c0080,0.0
r0284_c0081,0.0
r0284_c0082,0.0
r0284_c0083,0.0
r0284_c0085,0.0
r0284_c0089,0.0
r0284_c0090,0.0
r0284_c0091,0.0
r0284_c0092,0.0
r0284_c0093,0.0
r0284_c0096,0.0
r0284_c0097,0.0
r0284_c0098,0.0
r0284_c0099,0.0
r0284_c0102,0.0
r0284_c0113,0.0
r0284_c0114,0.0
r0284_c0121,133.33
r0284_c0122,0.0
r0284_c0123,177.78
r0284_c0124,0.0
r0284_c0125,0.0
r0284_c0126,0.0
r0284_c0127,44.44
r0284_c0128,222.22
r0284_c0129,266.67
r0284_c0130,88.89
r0284_c0131,0.0
r0284_c0132,0.0
r0284_c0133,0.0
r0284_c0134,0.0
r0284_c0135,0.0
r0284_c0136,0.0
r0284_c0137,88.89
r0284_c0138,0.0
r0284_c0141,222.22
r0284_c0142,0.0
r0284_c0143,0.0
r0284_c0144,0.0
r0284_c0145,0.0
r0284_c0146,355.56
r0284_c0147,0.0
r0284_c0148,0.0
r0284_c0149,0.0
r0284_c0150,400.0
r0284_c0151,266.67
r0284_c0152,0.0
r0284_c0153,0.0
r0284_c0154,0.0
r0284_c0160,0.0
r0284_c0161,0.0
r0284_c0162,0.0
r0284_c0163,0.0
r0284_c0164,0.0
r0284_c0165,0.0
r0284_c0166,0.0
r0284_c0167,0.0
r0284_c0168,0.0
r0284_c0169,0.0
r0284_c0170,0.0
r0284_c0171,0.0
r0284_c0172,0.0
r0284_c0173,0.0
r0284_c0174,0.0
r0284_c0175,0.0
r0284_c0176,0.0
r0284_c0177,0.0
r0284_c0178,44.44
r0284_c0179,177.78
r0284_c0180,0.0
r0284_c0181,0.0
r0284_c0182,0.0
r0284_c0183,0.0
r0284_c0184,0.0
r0284_c0185,0.0
r0284_c0186,133.33
r0284_c0190,0.0
r0284_c0191,0.0
r0284_c0195,0.0
r0284_c0196,0.0
r0284_c0197,0.0
r0284_c0203,0.0
r0284_c0204,0.0
r0284_c0205,0.0
r0284_c0206,0.0
r0284_c0207,0.0
r0284_c0208,0.0
r0284_c0209,0.0
r0284_c0216,44.44
r0284_c0217,0.0
r0284_c0218,0.0
r0284_c0219,0.0
r0284_c0220,44.44
r0284_c0221,177.78
r0284_c0226,88.89
r0284_c0227,0.0
r0284_c0228,0.0
r0284_c0229,0.0
r0284_c0231,0.0
r0284_c0232,0.0
r0284_c0233,0.0
r0284_c0243,0.0
r0284_c0244,0.0
r0284_c0245,0.0
r0284_c0246,0.0
r0284_c0247,0.0
r0284_c0248,0.0
r0284_c0249,0.0
r0284_c0250,0.0
r0284_c0251,0.0
r0284_c0252,0.0
r0284_c0253,177.78
r0284_c0254,88.89
r0284_c0255,1066.67
r0284_c0268,0.0
r0284_c0269,0.0
r0284_c0270,0.0
r0284_c0274,0.0
r0284_c0283,0.0
r0284_c0284,0.0
r0284_c0285,0.0
r0284_c0286,0.0
r0284_c0287,0.0
r0284_c0288,0.0
r0284_c0289,0.0
r0284_c0290,0.0
r0284_c0291,0.0
r0284_c0292,0.0
r0285_c0062,0.0
r0285_c0071,0.0
r0285_c0072,0.0
r0285_c0073,0.0
r0285_c0074,0.0
r0285_c0075,0.0
r0285_c0076,0.0
r0285_c0077,0.0
r0285_c0078,0.0
r0285_c0079,0.0
r0285_c0080,0.0
r0285_c0081,0.0
r0285_c0085,0.0
r0285_c0088,0.0
r0285_c0089,0.0
r0285_c0090,0.0
r0285_c0091,0.0
r0285_c0092,0.0
r0285_c0093,0.0
r0285_c0097,0.0
r0285_c0098,0.0
r0285_c0099,0.0
r0285_c0100,0.0
r0285_c0103,0.0
r0285_c0112,0.0
r0285_c0113,0.0
r0285_c0114,0.0
r0285_c0120,0.0
r0285_c0121,0.0
r0285_c0122,0.0
r0285_c0123,133.33
r0285_c0124,44.44
r0285_c0125,0.0
r0285_c0126,0.0
r0285_c0127,0.0
r0285_c0130,133.33
r0285_c0131,177.78
r0285_c0132,88.89
r0285_c0133,0.0
r0285_c0134,0.0
r0285_c0135,0.0
r0285_c0136,0.0
r0285_c0137,44.44
r0285_c0138,0.0
r0285_c0140,133.33
r0285_c0141,0.0
r0285_c0142,0.0
r0285_c0143,0.0
r0285_c0144,0.0
r0285_c0145,355.56
r0285_c0146,88.89
r0285_c0147,0.0
r0285_c0148,0.0
r0285_c0149,0.0
r0285_c0150,0.0
r0285_c0151,177.78
r0285_c0152,533.33
r0285_c0153,44.44
r0285_c0154,0.0
r0285_c0155,0.0
r0285_c0161,0.0
r0285_c0162,0.0
r0285_c0163,0.0
r0285_c0164,0.0
r0285_c0165,0.0
r0285_c0166,0.0
r0285_c0167,0.0
r0285_c0168,0.0
r0285_c0169,0.0
r0285_c0170,0.0
r0285_c0171,0.0
r0285_c0172,0.0
r0285_c0173,0.0
r0285_c0174,0.0
r0285_c0175,0.0
r0285_c0176,0.0
r0285_c0177,0.0
r0285_c0178,222.22
r0285_c0179,88.89
r0285_c0180,0.0
r0285_c0181,0.0
r0285_c0183,0.0
r0285_c0184,0.0
r0285_c0185,0.0
r0285_c0186,0.0
r0285_c0187,0.0
r0285_c0188,0.0
r0285_c0189,0.0
r0285_c0191,0.0
r0285_c0192,0.0
r0285_c0197,44.44
r0285_c0198,0.0
r0285_c0203,0.0
r0285_c0204,0.0
r0285_c0205,0.0
r0285_c0206,0.0
r0285_c0207,0.0
r0285_c0208,0.0
r0285_c0209,133.33
r0285_c0216,0.0
r0285_c0217,0.0
r0285_c0218,0.0
r0285_c0219,0.0
r0285_c0220,88.89
r0285_c0227,0.0
r0285_c0228,0.0
r0285_c0229,0.0
r0285_c0231,44.44
r0285_c0232,88.89
r0285_c0240,177.78
r0285_c0244,0.0
r0285_c0245,0.0
r0285_c0246,0.0
r0285_c0247,0.0
r0285_c0248,44.44
r0285_c0249,0.0
r0285_c0250,0.0
r0285_c0251,0.0
r0285_c0252,88.89
r0285_c0253,44.44
r0285_c0254,222.22
r0285_c0255,0.0
r0285_c0256,800.0
r0285_c0263,44.44
r0285_c0264,44.44
r0285_c0267,0.0
r0285_c0268,44.44
r0285_c0269,0.0
r0285_c0270,0.0
r0285_c0282,44.44
r0285_c0283,0.0
r0285_c0284,0.0
r0285_c0285,44.44
r0285_c0286,0.0
r0285_c0287,0.0
r0285_c0288,0.0
r0285_c0289,0.0
r0285_c0290,0.0
r0285_c0291,0.0
r0285_c0292,0.0
r0286_c0062,0.0
r0286_c0069,0.0
r0286_c0070,0.0
r0286_c0071,0.0
r0286_c0072,0.0
r0286_c0074,0.0
r0286_c0075,0.0
r0286_c0076,0.0
r0286_c0077,0.0
r0286_c0078,0.0
r0286_c0079,0.0
r0286_c0080,0.0
r0286_c0081,0.0
r0286_c0082,0.0
r0286_c0083,0.0
r0286_c0085,0.0
r0286_c0086,0.0
r0286_c0087,0.0
r0286_c0088,0.0
r0286_c0089,0.0
r0286_c0090,0.0
r0286_c0091,0.0
r0286_c0092,0.0
r0286_c0093,0.0
r0286_c0094,0.0
r0286_c0097,0.0
r0286_c0098,0.0
r0286_c0099,0.0
r0286_c0100,0.0
r0286_c0101,0.0
r0286_c0102,0.0
r0286_c0104,0.0
r0286_c0111,0.0
r0286_c0112,0.0
r0286_c0113,0.0
r0286_c0115,0.0
r0286_c0116,0.0
r0286_c0119,0.0
r0286_c0120,0.0
r0286_c0121,0.0
r0286_c0122,0.0
r0286_c0123,44.44
r0286_c0124,133.33
r0286_c0125,133.33
r0286_c0126,0.0
r0286_c0127,0.0
r0286_c0130,0.0
r0286_c0131,0.0
r0286_c0132,222.22
r0286_c0133,266.67
r0286_c0135,88.89
r0286_c0136,133.33
r0286_c0139,222.22
r0286_c0140,0.0
r0286_c0141,0.0
r0286_c0142,0.0
r0286_c0143,0.0
r0286_c0144,177.78
r0286_c0145,222.22
r0286_c0146,0.0
r0286_c0147,0.0
r0286_c0148,0.0
r0286_c0149,0.0
r0286_c0150,0.0
r0286_c0151,0.0
r0286_c0152,88.89
r0286_c0153,133.33
r0286_c0163,0.0
r0286_c0165,0.0
r0286_c0166,0.0
r0286_c0167,0.0
r0286_c0168,0.0
r0286_c0169,0.0
r0286_c0170,0.0
r0286_c0171,0.0
r0286_c0172,0.0
r0286_c0173,44.44
r0286_c0174,0.0
r0286_c0175,0.0
r0286_c0176,0.0
r0286_c0177,0.0
r0286_c0178,0.0
r0286_c0179,88.89
r0286_c0180,0.0
r0286_c0181,0.0
r0286_c0182,0.0
r0286_c0183,0.0
r0286_c0184,0.0
r0286_c0185,0.0
r0286_c0186,0.0
r0286_c0187,0.0
r0286_c0188,0.0
r0286_c0189,0.0
r0286_c0190,0.0
r0286_c0191,0.0
r0286_c0198,88.89
r0286_c0203,44.44
r0286_c0204,0.0
r0286_c0205,0.0
r0286_c0206,0.0
r0286_c0207,0.0
r0286_c0208,88.89
r0286_c0216,0.0
r0286_c0217,0.0
r0286_c0218,0.0
r0286_c0219,0.0
r0286_c0220,0.0
r0286_c0231,0.0
r0286_c0232,133.33
r0286_c0242,44.44
r0286_c0243,0.0
r0286_c0244,0.0
r0286_c0245,0.0
r0286_c0246,0.0
r0286_c0247,0.0
r0286_c0248,88.89
r0286_c0249,0.0
r0286_c0250,88.89
r0286_c0251,44.44
r0286_c0252,44.44
r0286_c0253,88.89
r0286_c0254,133.33
r0286_c0255,222.22
r0286_c0256,44.44
r0286_c0257,177.78
r0286_c0259,0.0
r0286_c0260,0.0
r0286_c0261,88.89
r0286_c0262,0.0
r0286_c0263,0.0
r0286_c0264,311.11
r0286_c0267,88.89
r0286_c0268,44.44
r0286_c0269,0.0
r0286_c0279,44.44
r0286_c0280,0.0
r0286_c0281,44.44
r0286_c0282,0.0
r0286_c0283,0.0
r0286_c0284,0.0
r0286_c0285,177.78
r0286_c0286,44.44
r0286_c0287,0.0
r0286_c0288,0.0
r0286_c0289,0.0
r0286_c0290,0.0
r0286_c0291,0.0
r0286_c0292,0.0
r0287_c0061,0.0
r0287_c0062,0.0
r0287_c0063,44.44
r0287_c0066,0.0
r0287_c0068,0.0
r0287_c0069,0.0
r0287_c0070,0.0
r0287_c0071,0.0
r0287_c0072,0.0
r0287_c0073,0.0
r0287_c0074,0.0
r0287_c0075,0.0
r0287_c0076,0.0
r0287_c0077,0.0
r0287_c0078,0.0
r0287_c0079,0.0
r0287_c0080,0.0
r0287_c0081,0.0
r0287_c0082,0.0
r0287_c0083,0.0
r0287_c0085,44.44
r0287_c0087,44.44
r0287_c0088,222.22
r0287_c0089,44.44
r0287_c0090,0.0
r0287_c0091,0.0
r0287_c0092,0.0
r0287_c0093,0.0
r0287_c0094,0.0
r0287_c0095,0.0
r0287_c0099,0.0
r0287_c0100,0.0
r0287_c0101,0.0
r0287_c0102,0.0
r0287_c0103,0.0
r0287_c0110,88.89
r0287_c0111,0.0
r0287_c0112,0.0
r0287_c0118,0.0
r0287_c0119,0.0
r0287_c0120,0.0
r0287_c0121,0.0
r0287_c0122,0.0
r0287_c0123,0.0
r0287_c0124,0.0
r0287_c0125,88.89
r0287_c0126,88.89
r0287_c0127,0.0
r0287_c0128,0.0
r0287_c0129,0.0
r0287_c0130,0.0
r0287_c0131,0.0
r0287_c0132,0.0
r0287_c0133,0.0
r0287_c0134,133.33
r0287_c0135,533.33
r0287_c0136,177.78
r0287_c0138,44.44
r0287_c0139,0.0
r0287_c0140,0.0
r0287_c0141,0.0
r0287_c0142,0.0
r0287_c0143,88.89
r0287_c0144,222.22
r0287_c0145,0.0
r0287_c0146,0.0
r0287_c0147,0.0
r0287_c0148,0.0
r0287_c0149,0.0
r0287_c0150,0.0
r0287_c0151,0.0
r0287_c0152,0.0
r0287_c0153,0.0
r0287_c0154,44.44
r0287_c0164,0.0
r0287_c0165,0.0
r0287_c0166,0.0
r0287_c0167,0.0
r0287_c0168,0.0
r0287_c0169,0.0
r0287_c0170,0.0
r0287_c0171,0.0
r0287_c0172,0.0
r0287_c0173,0.0
r0287_c0174,88.89
r0287_c0175,0.0
r0287_c0176,0.0
r0287_c0177,0.0
r0287_c0178,0.0
r0287_c0179,0.0
r0287_c0180,0.0
r0287_c0181,0.0
r0287_c0182,0.0
r0287_c0183,0.0
r0287_c0184,0.0
r0287_c0185,0.0
r0287_c0186,0.0
r0287_c0187,0.0
r0287_c0188,0.0
r0287_c0189,0.0
r0287_c0190,0.0
r0287_c0191,0.0
r0287_c0201,0.0
r0287_c0202,0.0
r0287_c0204,44.44
r0287_c0205,0.0
r0287_c0206,0.0
r0287_c0207,0.0
r0287_c0208,0.0
r0287_c0209,0.0
r0287_c0211,0.0
r0287_c0212,88.89
r0287_c0213,133.33
r0287_c0214,0.0
r0287_c0215,44.44
r0287_c0216,0.0
r0287_c0217,0.0
r0287_c0218,0.0
r0287_c0219,0.0
r0287_c0220,88.89
r0287_c0226,44.44
r0287_c0227,133.33
r0287_c0231,355.56
r0287_c0232,177.78
r0287_c0246,0.0
r0287_c0247,0.0
r0287_c0248,0.0
r0287_c0249,44.44
r0287_c0250,44.44
r0287_c0251,44.44
r0287_c0252,0.0
r0287_c0253,44.44
r0287_c0254,222.22
r0287_c0255,311.11
r0287_c0256,266.67
r0287_c0257,0.0
r0287_c0258,44.44
r0287_c0259,133.33
r0287_c0260,177.78
r0287_c0261,44.44
r0287_c0262,0.0
r0287_c0263,0.0
r0287_c0264,177.78
r0287_c0268,0.0
r0287_c0269,0.0
r0287_c0279,0.0
r0287_c0280,0.0
r0287_c0281,0.0
r0287_c0282,44.44
r0287_c0283,44.44
r0287_c0284,0.0
r0287_c0285,0.0
r0287_c0286,0.0
r0287_c0287,0.0
r0287_c0288,0.0
r0287_c0289,0.0
r0287_c0290,0.0
r0287_c0291,0.0
r0287_c0292,0.0
r0288_c0061,0.0
r0288_c0062,0.0
r0288_c0063,0.0
r0288_c0068,0.0
r0288_c0069,0.0
r0288_c0071,0.0
r0288_c0072,0.0
r0288_c0073,0.0
r0288_c0074,0.0
r0288_c0075,0.0
r0288_c0076,0.0
r0288_c0077,0.0
r0288_c0078,0.0
r0288_c0079,0.0
r0288_c0080,0.0
r0288_c0081,0.0
r0288_c0082,0.0
r0288_c0083,0.0
r0288_c0087,44.44
r0288_c0089,0.0
r0288_c0090,0.0
r0288_c0091,0.0
r0288_c0092,0.0
r0288_c0093,0.0
r0288_c0094,0.0
r0288_c0095,0.0
r0288_c0099,0.0
r0288_c0100,0.0
r0288_c0101,0.0
r0288_c0102,0.0
r0288_c0103,0.0
r0288_c0104,0.0
r0288_c0105,0.0
r0288_c0109,1244.44
r0288_c0110,44.44
r0288_c0111,0.0
r0288_c0112,0.0
r0288_c0119,0.0
r0288_c0120,0.0
r0288_c0121,0.0
r0288_c0122,0.0
r0288_c0123,0.0
r0288_c0124,0.0
r0288_c0125,0.0
r0288_c0126,177.78
r0288_c0127,0.0
r0288_c0128,0.0
r0288_c0129,0.0
r0288_c0131,0.0
r0288_c0132,0.0
r0288_c0134,0.0
r0288_c0135,44.44
r0288_c0138,177.78
r0288_c0139,133.33
r0288_c0140,133.33
r0288_c0141,44.44
r0288_c0142,0.0
r0288_c0143,355.56
r0288_c0144,88.89
r0288_c0145,0.0
r0288_c0146,0.0
r0288_c0147,0.0
r0288_c0148,0.0
r0288_c0149,0.0
r0288_c0150,0.0
r0288_c0151,0.0
r0288_c0152,0.0
r0288_c0153,0.0
r0288_c0154,0.0
r0288_c0155,0.0
r0288_c0156,0.0
r0288_c0164,0.0
r0288_c0165,0.0
r0288_c0166,0.0
r0288_c0167,0.0
r0288_c0168,0.0
r0288_c0169,0.0
r0288_c0170,0.0
r0288_c0171,0.0
r0288_c0172,0.0
r0288_c0173,0.0
r0288_c0174,44.44
r0288_c0175,0.0
r0288_c0176,0.0
r0288_c0177,0.0
r0288_c0178,0.0
r0288_c0179,44.44
r0288_c0180,0.0
r0288_c0181,0.0
r0288_c0182,0.0
r0288_c0183,0.0
r0288_c0184,0.0
r0288_c0185,0.0
r0288_c0186,0.0
r0288_c0187,0.0
r0288_c0188,0.0
r0288_c0189,0.0
r0288_c0190,0.0
r0288_c0191,44.44
r0288_c0196,0.0
r0288_c0197,44.44
r0288_c0198,44.44
r0288_c0201,88.89
r0288_c0202,44.44
r0288_c0203,0.0
r0288_c0204,133.33
r0288_c0205,0.0
r0288_c0206,44.44
r0288_c0207,44.44
r0288_c0208,0.0
r0288_c0209,0.0
r0288_c0210,88.89
r0288_c0211,0.0
r0288_c0212,0.0
r0288_c0213,0.0
r0288_c0214,0.0
r0288_c0215,0.0
r0288_c0216,44.44
r0288_c0217,0.0
r0288_c0218,0.0
r0288_c0219,0.0
r0288_c0220,44.44
r0288_c0221,0.0
r0288_c0231,44.44
r0288_c0232,133.33
r0288_c0247,0.0
r0288_c0248,0.0
r0288_c0249,0.0
r0288_c0250,44.44
r0288_c0251,133.33
r0288_c0252,133.33
r0288_c0253,0.0
r0288_c0254,44.44
r0288_c0255,133.33
r0288_c0256,177.78
r0288_c0257,88.89
r0288_c0258,44.44
r0288_c0259,0.0
r0288_c0260,44.44
r0288_c0261,0.0
r0288_c0262,88.89
r0288_c0263,133.33
r0288_c0264,88.89
r0288_c0268,0.0
r0288_c0273,0.0
r0288_c0274,0.0
r0288_c0279,0.0
r0288_c0280,0.0
r0288_c0281,133.33
r0288_c0282,44.44
r0288_c0283,0.0
r0288_c0284,0.0
r0288_c0285,0.0
r0288_c0286,0.0
r0288_c0287,0.0
r0288_c0288,0.0
r0288_c0289,0.0
r0288_c0290,0.0
r0288_c0291,0.0
r0288_c0292,0.0
r0289_c0061,0.0
r0289_c0062,0.0
r0289_c0063,0.0
r0289_c0068,0.0
r0289_c0069,0.0
r0289_c0071,0.0
r0289_c0072,0.0
r0289_c0073,0.0
r0289_c0074,0.0
r0289_c0075,0.0
r0289_c0076,0.0
r0289_c0077,0.0
r0289_c0078,0.0
r0289_c0086,0.0
r0289_c0087,0.0
r0289_c0088,0.0
r0289_c0089,0.0
r0289_c0090,0.0
r0289_c0091,0.0
r0289_c0092,0.0
r0289_c0093,0.0
r0289_c0094,0.0
r0289_c0095,0.0
r0289_c0099,0.0
r0289_c0100,0.0
r0289_c0101,0.0
r0289_c0102,0.0
r0289_c0103,0.0
r0289_c0104,0.0
r0289_c0105,0.0
r0289_c0106,0.0
r0289_c0108,0.0
r0289_c0109,0.0
r0289_c0110,0.0
r0289_c0111,0.0
r0289_c0112,0.0
r0289_c0120,0.0
r0289_c0121,0.0
r0289_c0122,0.0
r0289_c0123,0.0
r0289_c0124,0.0
r0289_c0125,0.0
r0289_c0126,0.0
r0289_c0127,177.78
r0289_c0128,44.44
r0289_c0129,0.0
r0289_c0137,0.0
r0289_c0138,0.0
r0289_c0139,44.44
r0289_c0140,88.89
r0289_c0141,311.11
r0289_c0142,44.44
r0289_c0143,88.89
r0289_c0144,0.0
r0289_c0145,0.0
r0289_c0146,0.0
r0289_c0147,0.0
r0289_c0148,0.0
r0289_c0149,0.0
r0289_c0150,0.0
r0289_c0151,0.0
r0289_c0152,0.0
r0289_c0153,0.0
r0289_c0154,0.0
r0289_c0155,0.0
r0289_c0156,0.0
r0289_c0157,0.0
r0289_c0158,0.0
r0289_c0164,0.0
r0289_c0165,0.0
r0289_c0166,0.0
r0289_c0167,0.0
r0289_c0168,0.0
r0289_c0169,0.0
r0289_c0170,0.0
r0289_c0171,0.0
r0289_c0172,0.0
r0289_c0173,177.78
r0289_c0175,0.0
r0289_c0176,0.0
r0289_c0177,0.0
r0289_c0178,0.0
r0289_c0179,0.0
r0289_c0180,44.44
r0289_c0181,0.0
r0289_c0182,0.0
r0289_c0183,0.0
r0289_c0184,0.0
r0289_c0185,0.0
r0289_c0186,0.0
r0289_c0187,0.0
r0289_c0188,0.0
r0289_c0189,0.0
r0289_c0190,0.0
r0289_c0191,88.89
r0289_c0192,0.0
r0289_c0193,0.0
r0289_c0194,0.0
r0289_c0195,0.0
r0289_c0196,0.0
r0289_c0197,0.0
r0289_c0198,0.0
r0289_c0199,222.22
r0289_c0200,0.0
r0289_c0201,0.0
r0289_c0202,44.44
r0289_c0203,0.0
r0289_c0204,0.0
r0289_c0205,0.0
r0289_c0206,0.0
r0289_c0207,0.0
r0289_c0208,0.0
r0289_c0209,0.0
r0289_c0210,0.0
r0289_c0211,0.0
r0289_c0212,0.0
r0289_c0213,0.0
r0289_c0214,0.0
r0289_c0215,0.0
r0289_c0216,0.0
r0289_c0217,0.0
r0289_c0218,0.0
r0289_c0219,0.0
r0289_c0220,0.0
r0289_c0221,0.0
r0289_c0231,44.44
r0289_c0247,0.0
r0289_c0248,0.0
r0289_c0249,0.0
r0289_c0250,355.56
r0289_c0251,44.44
r0289_c0252,88.89
r0289_c0253,0.0
r0289_c0254,0.0
r0289_c0255,44.44
r0289_c0256,44.44
r0289_c0257,222.22
r0289_c0258,0.0
r0289_c0259,0.0
r0289_c0260,44.44
r0289_c0261,44.44
r0289_c0262,266.67
r0289_c0263,800.0
r0289_c0264,88.89
r0289_c0269,0.0
r0289_c0271,0.0
r0289_c0272,0.0
r0289_c0273,0.0
r0289_c0280,44.44
r0289_c0281,0.0
r0289_c0282,0.0
r0289_c0283,0.0
r0289_c0284,0.0
r0289_c0285,0.0
r0289_c0286,0.0
r0289_c0287,0.0
r0289_c0288,0.0
r0289_c0289,0.0
r0289_c0290,44.44
r0289_c0291,0.0
r0289_c0292,44.44
r0290_c0068,0.0
r0290_c0071,0.0
r0290_c0073,0.0
r0290_c0074,0.0
r0290_c0075,0.0
r0290_c0076,0.0
r0290_c0077,0.0
r0290_c0078,0.0
r0290_c0087,0.0
r0290_c0088,0.0
r0290_c0089,0.0
r0290_c0090,0.0
r0290_c0091,0.0
r0290_c0092,0.0
r0290_c0093,0.0
r0290_c0094,0.0
r0290_c0095,0.0
r0290_c0099,0.0
r0290_c0100,0.0
r0290_c0101,0.0
r0290_c0102,0.0
r0290_c0105,0.0
r0290_c0106,0.0
r0290_c0107,0.0
r0290_c0108,0.0
r0290_c0109,0.0
r0290_c0110,0.0
r0290_c0111,0.0
r0290_c0112,0.0
r0290_c0113,0.0
r0290_c0116,0.0
r0290_c0120,0.0
r0290_c0121,0.0
r0290_c0122,0.0
r0290_c0123,0.0
r0290_c0124,0.0
r0290_c0125,0.0
r0290_c0126,0.0
r0290_c0127,0.0
r0290_c0128,44.44
r0290_c0137,0.0
r0290_c0138,0.0
r0290_c0139,0.0
r0290_c0140,0.0
r0290_c0141,177.78
r0290_c0142,444.44
r0290_c0143,133.33
r0290_c0144,88.89
r0290_c0145,44.44
r0290_c0146,0.0
r0290_c0147,0.0
r0290_c0148,0.0
r0290_c0149,0.0
r0290_c0150,0.0
r0290_c0151,0.0
r0290_c0152,0.0
r0290_c0153,0.0
r0290_c0154,44.44
r0290_c0155,0.0
r0290_c0156,0.0
r0290_c0157,0.0
r0290_c0158,0.0
r0290_c0159,0.0
r0290_c0164,0.0
r0290_c0165,0.0
r0290_c0166,0.0
r0290_c0167,0.0
r0290_c0168,0.0
r0290_c0169,0.0
r0290_c0170,0.0
r0290_c0171,0.0
r0290_c0172,0.0
r0290_c0173,0.0
r0290_c0174,88.89
r0290_c0175,0.0
r0290_c0176,0.0
r0290_c0177,0.0
r0290_c0178,0.0
r0290_c0179,0.0
r0290_c0180,0.0
r0290_c0181,0.0
r0290_c0182,0.0
r0290_c0183,0.0
r0290_c0184,0.0
r0290_c0185,44.44
r0290_c0186,44.44
r0290_c0187,0.0
r0290_c0188,0.0
r0290_c0189,44.44
r0290_c0190,0.0
r0290_c0191,0.0
r0290_c0192,0.0
r0290_c0193,0.0
r0290_c0194,0.0
r0290_c0195,0.0
r0290_c0196,0.0
r0290_c0197,0.0
r0290_c0198,0.0
r0290_c0199,44.44
r0290_c0200,0.0
r0290_c0201,0.0
r0290_c0202,0.0
r0290_c0203,0.0
r0290_c0204,0.0
r0290_c0205,0.0
r0290_c0206,0.0
r0290_c0207,0.0
r0290_c0208,0.0
r0290_c0209,0.0
r0290_c0210,0.0
r0290_c0211,0.0
r0290_c0212,0.0
r0290_c0213,0.0
r0290_c0214,0.0
r0290_c0215,0.0
r0290_c0216,0.0
r0290_c0217,0.0
r0290_c0218,0.0
r0290_c0219,0.0
r0290_c0220,0.0
r0290_c0221,44.44
r0290_c0231,133.33
r0290_c0248,0.0
r0290_c0250,0.0
r0290_c0251,0.0
r0290_c0252,0.0
r0290_c0253,0.0
r0290_c0254,44.44
r0290_c0255,0.0
r0290_c0256,0.0
r0290_c0257,88.89
r0290_c0258,533.33
r0290_c0259,0.0
r0290_c0260,0.0
r0290_c0261,0.0
r0290_c0262,133.33
r0290_c0263,44.44
r0290_c0264,0.0
r0290_c0265,0.0
r0290_c0266,0.0
r0290_c0269,0.0
r0290_c0271,0.0
r0290_c0272,0.0
r0290_c0273,0.0
r0290_c0279,44.44
r0290_c0280,0.0
r0290_c0281,0.0
r0290_c0282,0.0
r0290_c0283,0.0
r0290_c0284,0.0
r0290_c0285,0.0
r0290_c0286,0.0
r0290_c0287,0.0
r0290_c0288,0.0
r0290_c0289,0.0
r0290_c0290,0.0
r0290_c0291,0.0
r0290_c0292,0.0
r0291_c0071,0.0
r0291_c0073,0.0
r0291_c0074,0.0
r0291_c0075,0.0
r0291_c0076,0.0
r0291_c0077,0.0
r0291_c0087,0.0
r0291_c0088,0.0
r0291_c0089,0.0
r0291_c0090,0.0
r0291_c0091,0.0
r0291_c0092,0.0
r0291_c0093,0.0
r0291_c0094,0.0
r0291_c0095,0.0
r0291_c0100,0.0
r0291_c0101,0.0
r0291_c0102,0.0
r0291_c0104,0.0
r0291_c0105,0.0
r0291_c0106,0.0
r0291_c0107,0.0
r0291_c0108,0.0
r0291_c0109,0.0
r0291_c0110,0.0
r0291_c0111,0.0
r0291_c0112,0.0
r0291_c0113,0.0
r0291_c0115,0.0
r0291_c0116,0.0
r0291_c0117,0.0
r0291_c0118,0.0
r0291_c0119,0.0
r0291_c0120,44.44
r0291_c0121,266.67
r0291_c0122,0.0
r0291_c0123,44.44
r0291_c0124,44.44
r0291_c0125,0.0
r0291_c0126,0.0
r0291_c0127,0.0
r0291_c0137,0.0
r0291_c0138,0.0
r0291_c0139,0.0
r0291_c0140,0.0
r0291_c0141,88.89
r0291_c0142,0.0
r0291_c0143,0.0
r0291_c0144,0.0
r0291_c0145,0.0
r0291_c0146,44.44
r0291_c0147,0.0
r0291_c0148,0.0
r0291_c0149,0.0
r0291_c0150,0.0
r0291_c0151,0.0
r0291_c0152,0.0
r0291_c0153,0.0
r0291_c0154,44.44
r0291_c0155,0.0
r0291_c0156,0.0
r0291_c0157,0.0
r0291_c0158,0.0
r0291_c0159,0.0
r0291_c0160,0.0
r0291_c0162,0.0
r0291_c0163,0.0
r0291_c0164,0.0
r0291_c0165,0.0
r0291_c0166,0.0
r0291_c0167,0.0
r0291_c0168,0.0
r0291_c0169,0.0
r0291_c0170,0.0
r0291_c0171,0.0
r0291_c0172,0.0
r0291_c0173,0.0
r0291_c0174,177.78
r0291_c0175,44.44
r0291_c0176,0.0
r0291_c0177,0.0
r0291_c0178,0.0
r0291_c0179,88.89
r0291_c0180,88.89
r0291_c0181,0.0
r0291_c0182,0.0
r0291_c0183,44.44
r0291_c0184,0.0
r0291_c0185,0.0
r0291_c0186,0.0
r0291_c0187,0.0
r0291_c0188,0.0
r0291_c0189,0.0
r0291_c0190,0.0
r0291_c0191,0.0
r0291_c0192,0.0
r0291_c0193,0.0
r0291_c0194,0.0
r0291_c0195,0.0
r0291_c0196,0.0
r0291_c0197,0.0
r0291_c0198,0.0
r0291_c0199,0.0
r0291_c0200,0.0
r0291_c0201,0.0
r0291_c0202,0.0
r0291_c0203,0.0
r0291_c0204,0.0
r0291_c0205,0.0
r0291_c0206,0.0
r0291_c0207,0.0
r0291_c0208,0.0
r0291_c0209,0.0
r0291_c0210,0.0
r0291_c0211,0.0
r0291_c0212,0.0
r0291_c0213,0.0
r0291_c0214,0.0
r0291_c0215,0.0
r0291_c0216,44.44
r0291_c0217,44.44
r0291_c0218,44.44
r0291_c0219,0.0
r0291_c0220,0.0
r0291_c0221,44.44
r0291_c0239,88.89
r0291_c0240,44.44
r0291_c0252,0.0
r0291_c0253,0.0
r0291_c0254,0.0
r0291_c0255,0.0
r0291_c0256,266.67
r0291_c0257,44.44
r0291_c0258,0.0
r0291_c0259,44.44
r0291_c0260,0.0
r0291_c0261,0.0
r0291_c0262,0.0
r0291_c0263,0.0
r0291_c0264,0.0
r0291_c0265,0.0
r0291_c0266,0.0
r0291_c0269,0.0
r0291_c0271,0.0
r0291_c0272,0.0
r0291_c0279,0.0
r0291_c0280,0.0
r0291_c0281,0.0
r0291_c0282,0.0
r0291_c0283,0.0
r0291_c0284,0.0
r0291_c0285,0.0
r0291_c0286,0.0
r0291_c0287,0.0
r0291_c0288,0.0
r0291_c0289,0.0
r0291_c0290,0.0
r0291_c0291,0.0
r0291_c0292,44.44
r0292_c0073,0.0
r0292_c0074,0.0
r0292_c0075,0.0
r0292_c0076,0.0
r0292_c0077,0.0
r0292_c0078,0.0
r0292_c0087,44.44
r0292_c0088,0.0
r0292_c0089,0.0
r0292_c0090,0.0
r0292_c0091,0.0
r0292_c0092,0.0
r0292_c0093,0.0
r0292_c0101,0.0
r0292_c0102,0.0
r0292_c0104,0.0
r0292_c0105,0.0
r0292_c0106,0.0
r0292_c0107,0.0
r0292_c0108,0.0
r0292_c0109,0.0
r0292_c0110,0.0
r0292_c0111,0.0
r0292_c0112,0.0
r0292_c0115,0.0
r0292_c0116,0.0
r0292_c0117,0.0
r0292_c0118,0.0
r0292_c0119,0.0
r0292_c0120,0.0
r0292_c0121,44.44
r0292_c0122,0.0
r0292_c0123,133.33
r0292_c0124,488.89
r0292_c0125,577.78
r0292_c0126,222.22
r0292_c0127,88.89
r0292_c0138,0.0
r0292_c0139,0.0
r0292_c0140,222.22
r0292_c0141,88.89
r0292_c0142,0.0
r0292_c0144,0.0
r0292_c0145,0.0
r0292_c0146,44.44
r0292_c0147,0.0
r0292_c0148,0.0
r0292_c0149,0.0
r0292_c0150,0.0
r0292_c0151,0.0
r0292_c0152,0.0
r0292_c0153,0.0
r0292_c0154,0.0
r0292_c0155,0.0
r0292_c0156,0.0
r0292_c0157,0.0
r0292_c0158,0.0
r0292_c0159,0.0
r0292_c0160,0.0
r0292_c0162,0.0
r0292_c0163,0.0
r0292_c0164,0.0
r0292_c0165,0.0
r0292_c0166,0.0
r0292_c0167,0.0
r0292_c0168,0.0
r0292_c0169,0.0
r0292_c0170,0.0
r0292_c0171,0.0
r0292_c0172,0.0
r0292_c0173,0.0
r0292_c0174,0.0
r0292_c0175,88.89
r0292_c0176,0.0
r0292_c0177,44.44
r0292_c0178,177.78
r0292_c0181,0.0
r0292_c0182,0.0
r0292_c0183,0.0
r0292_c0184,0.0
r0292_c0185,0.0
r0292_c0186,0.0
r0292_c0187,0.0
r0292_c0188,0.0
r0292_c0189,0.0
r0292_c0190,0.0
r0292_c0191,0.0
r0292_c0192,44.44
r0292_c0193,0.0
r0292_c0194,0.0
r0292_c0195,0.0
r0292_c0196,0.0
r0292_c0197,0.0
r0292_c0198,0.0
r0292_c0199,44.44
r0292_c0200,0.0
r0292_c0201,0.0
r0292_c0202,0.0
r0292_c0203,0.0
r0292_c0204,0.0
r0292_c0205,0.0
r0292_c0206,0.0
r0292_c0207,0.0
r0292_c0208,0.0
r0292_c0209,0.0
r0292_c0210,0.0
r0292_c0211,0.0
r0292_c0212,177.78
r0292_c0213,133.33
r0292_c0214,177.78
r0292_c0215,0.0
r0292_c0220,44.44
r0292_c0221,44.44
r0292_c0240,0.0
r0292_c0241,0.0
r0292_c0242,0.0
r0292_c0243,0.0
r0292_c0244,44.44
r0292_c0250,44.44
r0292_c0251,0.0
r0292_c0252,0.0
r0292_c0253,0.0
r0292_c0254,0.0
r0292_c0255,0.0
r0292_c0256,0.0
r0292_c0257,88.89
r0292_c0258,0.0
r0292_c0259,0.0
r0292_c0260,0.0
r0292_c0265,0.0
r0292_c0266,0.0
r0292_c0268,88.89
r0292_c0280,0.0
r0292_c0281,0.0
r0292_c0282,0.0
r0292_c0283,0.0
r0292_c0284,0.0
r0292_c0286,44.44
r0292_c0287,0.0
r0292_c0288,0.0
r0292_c0289,0.0
r0292_c0290,0.0
r0292_c0291,0.0
r0292_c0292,0.0
r0293_c0073,0.0
r0293_c0074,0.0
r0293_c0075,0.0
r0293_c0076,0.0
r0293_c0077,0.0
r0293_c0078,0.0
r0293_c0079,0.0
r0293_c0089,0.0
r0293_c0090,0.0
r0293_c0091,0.0
r0293_c0092,0.0
r0293_c0096,44.44
r0293_c0105,0.0
r0293_c0106,0.0
r0293_c0107,0.0
r0293_c0108,0.0
r0293_c0109,0.0
r0293_c0110,0.0
r0293_c0111,0.0
r0293_c0112,0.0
r0293_c0114,0.0
r0293_c0115,0.0
r0293_c0116,0.0
r0293_c0117,0.0
r0293_c0118,0.0
r0293_c0119,0.0
r0293_c0120,0.0
r0293_c0121,0.0
r0293_c0122,0.0
r0293_c0123,0.0
r0293_c0124,0.0
r0293_c0125,44.44
r0293_c0126,44.44
r0293_c0137,0.0
r0293_c0138,0.0
r0293_c0139,266.67
r0293_c0140,177.78
r0293_c0141,0.0
r0293_c0142,0.0
r0293_c0144,0.0
r0293_c0145,0.0
r0293_c0146,0.0
r0293_c0147,44.44
r0293_c0148,44.44
r0293_c0149,0.0
r0293_c0150,0.0
r0293_c0151,0.0
r0293_c0152,0.0
r0293_c0153,0.0
r0293_c0154,0.0
r0293_c0155,0.0
r0293_c0156,0.0
r0293_c0157,0.0
r0293_c0158,0.0
r0293_c0159,0.0
r0293_c0160,0.0
r0293_c0162,0.0
r0293_c0163,0.0
r0293_c0164,44.44
r0293_c0165,0.0
r0293_c0166,0.0
r0293_c0167,0.0
r0293_c0168,88.89
r0293_c0169,44.44
r0293_c0170,222.22
r0293_c0171,44.44
r0293_c0172,88.89
r0293_c0173,44.44
r0293_c0174,177.78
r0293_c0177,0.0
r0293_c0178,0.0
r0293_c0180,88.89
r0293_c0181,0.0
r0293_c0182,0.0
r0293_c0183,0.0
r0293_c0184,0.0
r0293_c0185,0.0
r0293_c0186,0.0
r0293_c0187,0.0
r0293_c0188,0.0
r0293_c0189,0.0
r0293_c0190,0.0
r0293_c0191,0.0
r0293_c0192,0.0
r0293_c0193,44.44
r0293_c0194,0.0
r0293_c0195,0.0
r0293_c0196,0.0
r0293_c0197,0.0
r0293_c0198,0.0
r0293_c0199,44.44
r0293_c0200,0.0
r0293_c0201,0.0
r0293_c0202,0.0
r0293_c0203,0.0
r0293_c0204,0.0
r0293_c0205,0.0
r0293_c0207,0.0
r0293_c0208,0.0
r0293_c0209,0.0
r0293_c0213,0.0
r0293_c0221,44.44
r0293_c0240,0.0
r0293_c0241,0.0
r0293_c0242,44.44
r0293_c0250,0.0
r0293_c0251,0.0
r0293_c0252,0.0
r0293_c0253,0.0
r0293_c0254,0.0
r0293_c0255,0.0
r0293_c0256,0.0
r0293_c0257,88.89
r0293_c0258,0.0
r0293_c0288,0.0
r0293_c0289,0.0
r0293_c0290,0.0
r0293_c0291,0.0
r0293_c0292,0.0
r0294_c0072,0.0
r0294_c0073,0.0
r0294_c0074,0.0
r0294_c0075,0.0
r0294_c0076,0.0
r0294_c0077,0.0
r0294_c0078,0.0
r0294_c0079,0.0
r0294_c0080,0.0
r0294_c0081,0.0
r0294_c0090,0.0
r0294_c0091,0.0
r0294_c0092,0.0
r0294_c0096,0.0
r0294_c0107,0.0
r0294_c0108,0.0
r0294_c0109,0.0
r0294_c0110,0.0
r0294_c0111,0.0
r0294_c0112,0.0
r0294_c0114,0.0
r0294_c0115,0.0
r0294_c0116,0.0
r0294_c0117,0.0
r0294_c0118,0.0
r0294_c0119,0.0
r0294_c0120,0.0
r0294_c0121,0.0
r0294_c0122,0.0
r0294_c0123,0.0
r0294_c0124,0.0
r0294_c0125,0.0
r0294_c0137,0.0
r0294_c0138,0.0
r0294_c0139,266.67
r0294_c0140,0.0
r0294_c0141,0.0
r0294_c0142,0.0
r0294_c0143,0.0
r0294_c0144,0.0
r0294_c0145,0.0
r0294_c0146,0.0
r0294_c0147,0.0
r0294_c0148,0.0
r0294_c0149,44.44
r0294_c0150,0.0
r0294_c0151,0.0
r0294_c0152,0.0
r0294_c0153,0.0
r0294_c0154,0.0
r0294_c0155,0.0
r0294_c0156,0.0
r0294_c0157,0.0
r0294_c0158,0.0
r0294_c0159,0.0
r0294_c0162,0.0
r0294_c0163,0.0
r0294_c0164,0.0
r0294_c0165,88.89
r0294_c0166,0.0
r0294_c0167,44.44
r0294_c0168,0.0
r0294_c0169,88.89
r0294_c0170,355.56
r0294_c0171,266.67
r0294_c0172,44.44
r0294_c0173,133.33
r0294_c0174,0.0
r0294_c0177,0.0
r0294_c0178,0.0
r0294_c0180,0.0
r0294_c0181,0.0
r0294_c0182,0.0
r0294_c0183,0.0
r0294_c0184,0.0
r0294_c0185,0.0
r0294_c0186,0.0
r0294_c0187,44.44
r0294_c0188,0.0
r0294_c0189,0.0
r0294_c0190,0.0
r0294_c0191,0.0
r0294_c0192,0.0
r0294_c0193,0.0
r0294_c0194,0.0
r0294_c0195,0.0
r0294_c0196,0.0
r0294_c0197,0.0
r0294_c0198,88.89
r0294_c0202,0.0
r0294_c0203,0.0
r0294_c0204,0.0
r0294_c0205,0.0
r0294_c0207,0.0
r0294_c0208,0.0
r0294_c0209,0.0
r0294_c0220,0.0
r0294_c0221,0.0
r0294_c0241,0.0
r0294_c0242,0.0
r0294_c0243,0.0
r0294_c0251,0.0
r0294_c0252,0.0
r0294_c0253,0.0
r0294_c0254,0.0
r0294_c0255,0.0
r0294_c0256,88.89
r0294_c0257,0.0
r0294_c0261,0.0
r0294_c0269,0.0
r0294_c0270,0.0
r0294_c0271,0.0
r0294_c0275,0.0
r0294_c0276,0.0
r0294_c0277,0.0
r0294_c0281,0.0
r0294_c0282,0.0
r0294_c0284,0.0
r0294_c0285,0.0
r0294_c0287,0.0
r0294_c0288,0.0
r0294_c0289,0.0
r0294_c0290,0.0
r0294_c0291,0.0
r0294_c0292,0.0
r0295_c0072,0.0
r0295_c0073,0.0
r0295_c0074,0.0
r0295_c0075,0.0
r0295_c0076,0.0
r0295_c0077,0.0
r0295_c0078,0.0
r0295_c0079,0.0
r0295_c0080,0.0
r0295_c0081,0.0
r0295_c0107,0.0
r0295_c0108,0.0
r0295_c0113,0.0
r0295_c0114,0.0
r0295_c0115,0.0
r0295_c0116,0.0
r0295_c0117,0.0
r0295_c0118,0.0
r0295_c0119,0.0
r0295_c0120,0.0
r0295_c0121,0.0
r0295_c0122,0.0
r0295_c0123,0.0
r0295_c0124,0.0
r0295_c0136,0.0
r0295_c0137,0.0
r0295_c0138,222.22
r0295_c0139,44.44
r0295_c0140,0.0
r0295_c0141,0.0
r0295_c0142,0.0
r0295_c0143,0.0
r0295_c0144,0.0
r0295_c0145,0.0
r0295_c0146,0.0
r0295_c0147,0.0
r0295_c0148,0.0
r0295_c0149,0.0
r0295_c0150,177.78
r0295_c0151,0.0
r0295_c0152,577.78
r0295_c0154,488.89
r0295_c0155,0.0
r0295_c0156,0.0
r0295_c0157,0.0
r0295_c0158,0.0
r0295_c0180,44.44
r0295_c0181,0.0
r0295_c0182,0.0
r0295_c0183,0.0
r0295_c0184,0.0
r0295_c0185,0.0
r0295_c0186,0.0
r0295_c0187,266.67
r0295_c0188,0.0
r0295_c0190,0.0
r0295_c0191,0.0
r0295_c0192,0.0
r0295_c0193,0.0
r0295_c0194,0.0
r0295_c0195,0.0
r0295_c0196,0.0
r0295_c0197,0.0
r0295_c0200,0.0
r0295_c0201,0.0
r0295_c0202,0.0
r0295_c0203,0.0
r0295_c0204,0.0
r0295_c0205,0.0
r0295_c0206,0.0
r0295_c0207,0.0
r0295_c0208,0.0
r0295_c0209,0.0
r0295_c0210,0.0
r0295_c0220,0.0
r0295_c0221,0.0
r0295_c0222,44.44
r0295_c0241,0.0
r0295_c0242,0.0
r0295_c0243,177.78
r0295_c0254,0.0
r0295_c0255,0.0
r0295_c0256,0.0
r0295_c0260,44.44
r0295_c0262,0.0
r0295_c0263,0.0
r0295_c0264,266.67
r0295_c0265,0.0
r0295_c0266,88.89
r0295_c0268,0.0
r0295_c0269,0.0
r0295_c0270,0.0
r0295_c0271,0.0
r0295_c0277,0.0
r0295_c0278,0.0
r0295_c0279,44.44
r0295_c0280,0.0
r0295_c0281,88.89
r0295_c0285,0.0
r0295_c0287,0.0
r0295_c0288,0.0
r0295_c0289,0.0
r0295_c0290,0.0
r0295_c0291,0.0
r0295_c0292,0.0
r0296_c0072,0.0
r0296_c0073,0.0
r0296_c0074,0.0
r0296_c0075,0.0
r0296_c0076,0.0
r0296_c0077,0.0
r0296_c0078,0.0
r0296_c0079,0.0
r0296_c0080,0.0
r0296_c0107,0.0
r0296_c0108,0.0
r0296_c0109,0.0
r0296_c0112,0.0
r0296_c0113,0.0
r0296_c0114,0.0
r0296_c0115,0.0
r0296_c0117,0.0
r0296_c0118,0.0
r0296_c0119,0.0
r0296_c0120,0.0
r0296_c0121,0.0
r0296_c0122,0.0
r0296_c0123,0.0
r0296_c0124,0.0
r0296_c0135,0.0
r0296_c0138,0.0
r0296_c0139,0.0
r0296_c0140,0.0
r0296_c0141,0.0
r0296_c0142,0.0
r0296_c0143,0.0
r0296_c0144,0.0
r0296_c0145,0.0
r0296_c0146,0.0
r0296_c0147,0.0
r0296_c0148,0.0
r0296_c0149,0.0
r0296_c0150,0.0
r0296_c0151,88.89
r0296_c0154,3022.22
r0296_c0155,0.0
r0296_c0156,0.0
r0296_c0157,0.0
r0296_c0158,0.0
r0296_c0180,133.33
r0296_c0181,0.0
r0296_c0182,0.0
r0296_c0183,0.0
r0296_c0184,0.0
r0296_c0185,0.0
r0296_c0186,0.0
r0296_c0187,0.0
r0296_c0188,0.0
r0296_c0189,0.0
r0296_c0190,0.0
r0296_c0191,0.0
r0296_c0192,0.0
r0296_c0193,0.0
r0296_c0194,0.0
r0296_c0195,0.0
r0296_c0196,0.0
r0296_c0197,0.0
r0296_c0198,133.33
r0296_c0200,0.0
r0296_c0201,0.0
r0296_c0202,0.0
r0296_c0203,0.0
r0296_c0204,0.0
r0296_c0205,0.0
r0296_c0206,0.0
r0296_c0207,0.0
r0296_c0208,0.0
r0296_c0209,0.0
r0296_c0210,0.0
r0296_c0221,0.0
r0296_c0242,0.0
r0296_c0243,0.0
r0296_c0250,0.0
r0296_c0253,0.0
r0296_c0254,0.0
r0296_c0261,0.0
r0296_c0264,177.78
r0296_c0270,0.0
r0296_c0288,0.0
r0296_c0289,0.0
r0296_c0290,0.0
r0296_c0291,0.0
r0296_c0292,0.0
r0297_c0072,0.0
r0297_c0073,0.0
r0297_c0074,0.0
r0297_c0075,0.0
r0297_c0076,0.0
r0297_c0077,0.0
r0297_c0078,0.0
r0297_c0079,0.0
r0297_c0107,0.0
r0297_c0108,0.0
r0297_c0109,0.0
r0297_c0112,0.0
r0297_c0113,0.0
r0297_c0119,0.0
r0297_c0120,0.0
r0297_c0121,0.0
r0297_c0122,0.0
r0297_c0123,0.0
r0297_c0130,0.0
r0297_c0136,266.67
r0297_c0137,355.56
r0297_c0138,177.78
r0297_c0139,0.0
r0297_c0140,0.0
r0297_c0141,0.0
r0297_c0142,0.0
r0297_c0143,0.0
r0297_c0144,0.0
r0297_c0145,0.0
r0297_c0146,0.0
r0297_c0147,0.0
r0297_c0148,0.0
r0297_c0149,0.0
r0297_c0150,0.0
r0297_c0151,0.0
r0297_c0152,933.33
r0297_c0154,577.78
r0297_c0155,0.0
r0297_c0156,0.0
r0297_c0157,0.0
r0297_c0180,0.0
r0297_c0181,0.0
r0297_c0182,0.0
r0297_c0183,0.0
r0297_c0184,0.0
r0297_c0185,0.0
r0297_c0186,0.0
r0297_c0187,0.0
r0297_c0188,0.0
r0297_c0189,0.0
r0297_c0190,0.0
r0297_c0191,0.0
r0297_c0192,0.0
r0297_c0193,0.0
r0297_c0194,0.0
r0297_c0195,0.0
r0297_c0196,0.0
r0297_c0197,0.0
r0297_c0198,133.33
r0297_c0200,0.0
r0297_c0201,0.0
r0297_c0202,0.0
r0297_c0203,0.0
r0297_c0204,0.0
r0297_c0205,0.0
r0297_c0206,0.0
r0297_c0207,0.0
r0297_c0208,0.0
r0297_c0209,0.0
r0297_c0210,0.0
r0297_c0211,0.0
r0297_c0220,0.0
r0297_c0221,44.44
r0297_c0222,0.0
r0297_c0223,0.0
r0297_c0224,0.0
r0297_c0225,44.44
r0297_c0241,0.0
r0297_c0242,0.0
r0297_c0243,0.0
r0297_c0244,0.0
r0297_c0253,0.0
r0297_c0255,0.0
r0297_c0256,0.0
r0297_c0257,0.0
r0297_c0258,0.0
r0297_c0264,533.33
r0297_c0265,44.44
r0297_c0267,0.0
r0297_c0288,0.0
r0297_c0289,0.0
r0297_c0291,0.0
r0297_c0292,0.0
r0298_c0072,0.0
r0298_c0073,0.0
r0298_c0075,0.0
r0298_c0076,0.0
r0298_c0077,0.0
r0298_c0078,0.0
r0298_c0107,0.0
r0298_c0108,0.0
r0298_c0109,0.0
r0298_c0112,0.0
r0298_c0120,0.0
r0298_c0121,0.0
r0298_c0122,0.0
r0298_c0123,0.0
r0298_c0128,0.0
r0298_c0129,0.0
r0298_c0136,311.11
r0298_c0137,266.67
r0298_c0138,177.78
r0298_c0139,0.0
r0298_c0140,0.0
r0298_c0141,0.0
r0298_c0142,0.0
r0298_c0143,0.0
r0298_c0144,0.0
r0298_c0145,0.0
r0298_c0146,0.0
r0298_c0147,0.0
r0298_c0148,0.0
r0298_c0149,0.0
r0298_c0150,0.0
r0298_c0151,0.0
r0298_c0152,0.0
r0298_c0154,0.0
r0298_c0155,0.0
r0298_c0156,0.0
r0298_c0176,133.33
r0298_c0177,44.44
r0298_c0178,0.0
r0298_c0182,0.0
r0298_c0183,0.0
r0298_c0184,44.44
r0298_c0185,0.0
r0298_c0186,0.0
r0298_c0187,0.0
r0298_c0188,0.0
r0298_c0191,0.0
r0298_c0193,0.0
r0298_c0195,88.89
r0298_c0196,0.0
r0298_c0197,133.33
r0298_c0198,0.0
r0298_c0201,44.44
r0298_c0202,88.89
r0298_c0203,0.0
r0298_c0209,0.0
r0298_c0210,0.0
r0298_c0213,0.0
r0298_c0214,0.0
r0298_c0215,0.0
r0298_c0216,0.0
r0298_c0217,44.44
r0298_c0218,44.44
r0298_c0220,0.0
r0298_c0221,177.78
r0298_c0222,0.0
r0298_c0223,0.0
r0298_c0224,0.0
r0298_c0225,0.0
r0298_c0226,88.89
r0298_c0227,88.89
r0298_c0228,88.89
r0298_c0229,177.78
r0298_c0231,311.11
r0298_c0234,44.44
r0298_c0238,0.0
r0298_c0240,0.0
r0298_c0241,0.0
r0298_c0242,0.0
r0298_c0243,0.0
r0298_c0256,0.0
r0298_c0263,44.44
r0298_c0264,444.44
r0298_c0267,0.0
r0298_c0268,0.0
r0298_c0289,0.0
r0298_c0290,0.0
r0298_c0291,0.0
r0298_c0292,0.0
r0299_c0072,0.0
r0299_c0073,0.0
r0299_c0074,0.0
r0299_c0075,0.0
r0299_c0077,0.0
r0299_c0078,0.0
r0299_c0106,0.0
r0299_c0107,0.0
r0299_c0108,0.0
r0299_c0109,0.0
r0299_c0114,0.0
r0299_c0121,0.0
r0299_c0122,0.0
r0299_c0127,0.0
r0299_c0128,0.0
r0299_c0129,0.0
r0299_c0133,0.0
r0299_c0135,222.22
r0299_c0136,88.89
r0299_c0137,488.89
r0299_c0138,88.89
r0299_c0139,0.0
r0299_c0140,0.0
r0299_c0141,0.0
r0299_c0142,0.0
r0299_c0143,0.0
r0299_c0144,0.0
r0299_c0145,0.0
r0299_c0146,0.0
r0299_c0147,0.0
r0299_c0148,0.0
r0299_c0149,0.0
r0299_c0150,0.0
r0299_c0151,0.0
r0299_c0152,0.0
r0299_c0156,0.0
r0299_c0176,222.22
r0299_c0177,0.0
r0299_c0178,0.0
r0299_c0182,0.0
r0299_c0183,0.0
r0299_c0184,0.0
r0299_c0185,0.0
r0299_c0186,0.0
r0299_c0187,44.44
r0299_c0188,44.44
r0299_c0190,44.44
r0299_c0191,0.0
r0299_c0193,0.0
r0299_c0194,44.44
r0299_c0195,44.44
r0299_c0196,44.44
r0299_c0197,44.44
r0299_c0198,44.44
r0299_c0200,133.33
r0299_c0201,0.0
r0299_c0202,0.0
r0299_c0203,0.0
r0299_c0205,0.0
r0299_c0206,0.0
r0299_c0207,0.0
r0299_c0208,0.0
r0299_c0209,0.0
r0299_c0210,0.0
r0299_c0211,0.0
r0299_c0212,0.0
r0299_c0213,0.0
r0299_c0214,0.0
r0299_c0215,0.0
r0299_c0216,0.0
r0299_c0217,0.0
r0299_c0220,222.22
r0299_c0221,0.0
r0299_c0222,0.0
r0299_c0227,177.78
r0299_c0228,133.33
r0299_c0237,0.0
r0299_c0238,0.0
r0299_c0239,0.0
r0299_c0240,0.0
r0299_c0241,0.0
r0299_c0242,0.0
r0299_c0243,0.0
r0299_c0256,44.44
r0299_c0259,0.0
r0299_c0260,0.0
r0299_c0261,0.0
r0299_c0267,0.0
r0299_c0268,0.0
r0299_c0269,0.0
r0299_c0270,0.0
r0299_c0289,0.0
r0299_c0290,0.0
r0299_c0291,0.0
r0299_c0292,0.0
r0299_c0293,0.0
r0299_c0294,0.0
r0299_c0295,0.0
r0299_c0296,0.0
r0299_c0299,0.0
r0299_c0300,0.0
r0300_c0072,0.0
r0300_c0073,0.0
r0300_c0077,0.0
r0300_c0078,0.0
r0300_c0104,0.0
r0300_c0105,0.0
r0300_c0106,0.0
r0300_c0107,0.0
r0300_c0108,0.0
r0300_c0109,0.0
r0300_c0113,0.0
r0300_c0114,0.0
r0300_c0120,0.0
r0300_c0121,0.0
r0300_c0122,711.11
r0300_c0127,0.0
r0300_c0128,0.0
r0300_c0140,0.0
r0300_c0141,0.0
r0300_c0142,0.0
r0300_c0143,0.0
r0300_c0144,0.0
r0300_c0145,0.0
r0300_c0146,0.0
r0300_c0147,0.0
r0300_c0148,0.0
r0300_c0149,0.0
r0300_c0150,0.0
r0300_c0151,0.0
r0300_c0156,133.33
r0300_c0183,0.0
r0300_c0184,0.0
r0300_c0185,0.0
r0300_c0186,0.0
r0300_c0187,0.0
r0300_c0188,88.89
r0300_c0190,44.44
r0300_c0192,0.0
r0300_c0193,0.0
r0300_c0194,0.0
r0300_c0195,0.0
r0300_c0196,0.0
r0300_c0197,0.0
r0300_c0198,0.0
r0300_c0199,44.44
r0300_c0200,0.0
r0300_c0201,0.0
r0300_c0202,0.0
r0300_c0203,0.0
r0300_c0205,0.0
r0300_c0206,0.0
r0300_c0207,0.0
r0300_c0208,0.0
r0300_c0209,0.0
r0300_c0210,0.0
r0300_c0211,0.0
r0300_c0212,0.0
r0300_c0213,0.0
r0300_c0214,0.0
r0300_c0215,0.0
r0300_c0216,0.0
r0300_c0217,0.0
r0300_c0218,0.0
r0300_c0219,0.0
r0300_c0220,0.0
r0300_c0221,44.44
r0300_c0222,0.0
r0300_c0223,0.0
r0300_c0224,0.0
r0300_c0225,0.0
r0300_c0226,0.0
r0300_c0227,0.0
r0300_c0228,88.89
r0300_c0229,44.44
r0300_c0230,0.0
r0300_c0232,0.0
r0300_c0237,0.0
r0300_c0238,0.0
r0300_c0239,0.0
r0300_c0240,0.0
r0300_c0266,0.0
r0300_c0268,0.0
r0300_c0269,0.0
r0300_c0270,0.0
r0300_c0290,0.0
r0300_c0294,0.0
r0300_c0295,0.0
r0300_c0296,0.0
r0300_c0297,0.0
r0300_c0298,0.0
r0301_c0103,0.0
r0301_c0104,0.0
r0301_c0105,0.0
r0301_c0106,0.0
r0301_c0107,0.0
r0301_c0108,0.0
r0301_c0109,0.0
r0301_c0126,0.0
r0301_c0127,0.0
r0301_c0128,0.0
r0301_c0140,0.0
r0301_c0141,0.0
r0301_c0142,0.0
r0301_c0143,0.0
r0301_c0144,0.0
r0301_c0145,0.0
r0301_c0146,0.0
r0301_c0147,0.0
r0301_c0148,0.0
r0301_c0149,0.0
r0301_c0150,0.0
r0301_c0182,88.89
r0301_c0183,0.0
r0301_c0184,0.0
r0301_c0185,0.0
r0301_c0186,0.0
r0301_c0187,0.0
r0301_c0188,44.44
r0301_c0189,0.0
r0301_c0190,0.0
r0301_c0191,0.0
r0301_c0192,0.0
r0301_c0193,0.0
r0301_c0194,0.0
r0301_c0195,0.0
r0301_c0196,0.0
r0301_c0197,0.0
r0301_c0198,0.0
r0301_c0199,133.33
r0301_c0200,0.0
r0301_c0201,0.0
r0301_c0202,0.0
r0301_c0203,0.0
r0301_c0204,0.0
r0301_c0205,0.0
r0301_c0206,0.0
r0301_c0207,0.0
r0301_c0208,0.0
r0301_c0209,0.0
r0301_c0210,0.0
r0301_c0211,0.0
r0301_c0212,0.0
r0301_c0213,0.0
r0301_c0214,0.0
r0301_c0215,0.0
r0301_c0216,0.0
r0301_c0217,0.0
r0301_c0218,0.0
r0301_c0219,0.0
r0301_c0220,0.0
r0301_c0221,0.0
r0301_c0222,0.0
r0301_c0223,0.0
r0301_c0224,0.0
r0301_c0225,0.0
r0301_c0226,0.0
r0301_c0227,0.0
r0301_c0228,0.0
r0301_c0229,0.0
r0301_c0230,0.0
r0301_c0231,0.0
r0301_c0232,44.44
r0301_c0238,0.0
r0301_c0239,44.44
r0301_c0264,400.0
r0301_c0265,444.44
r0301_c0269,0.0
r0301_c0291,0.0
r0301_c0292,0.0
r0301_c0294,0.0
r0301_c0295,0.0
r0301_c0296,0.0
r0301_c0297,0.0
r0302_c0071,0.0
r0302_c0072,0.0
r0302_c0101,0.0
r0302_c0102,0.0
r0302_c0103,0.0
r0302_c0104,0.0
r0302_c0105,0.0
r0302_c0106,0.0
r0302_c0107,0.0
r0302_c0108,0.0
r0302_c0109,0.0
r0302_c0110,0.0
r0302_c0116,0.0
r0302_c0125,0.0
r0302_c0126,0.0
r0302_c0127,0.0
r0302_c0128,0.0
r0302_c0129,0.0
r0302_c0130,0.0
r0302_c0131,0.0
r0302_c0136,0.0
r0302_c0141,0.0
r0302_c0142,0.0
r0302_c0143,0.0
r0302_c0144,0.0
r0302_c0145,0.0
r0302_c0146,0.0
r0302_c0147,0.0
r0302_c0148,0.0
r0302_c0149,0.0
r0302_c0150,0.0
r0302_c0182,0.0
r0302_c0183,0.0
r0302_c0184,0.0
r0302_c0185,0.0
r0302_c0186,0.0
r0302_c0187,0.0
r0302_c0188,0.0
r0302_c0189,0.0
r0302_c0190,0.0
r0302_c0191,0.0
r0302_c0192,0.0
r0302_c0193,0.0
r0302_c0194,0.0
r0302_c0195,0.0
r0302_c0196,0.0
r0302_c0197,0.0
r0302_c0198,0.0
r0302_c0199,44.44
r0302_c0200,0.0
r0302_c0201,0.0
r0302_c0202,0.0
r0302_c0203,0.0
r0302_c0204,0.0
r0302_c0205,0.0
r0302_c0206,0.0
r0302_c0207,0.0
r0302_c0208,0.0
r0302_c0209,0.0
r0302_c0210,0.0
r0302_c0211,0.0
r0302_c0212,0.0
r0302_c0213,0.0
r0302_c0214,0.0
r0302_c0215,0.0
r0302_c0216,0.0
r0302_c0217,0.0
r0302_c0218,0.0
r0302_c0219,0.0
r0302_c0220,0.0
r0302_c0221,0.0
r0302_c0222,0.0
r0302_c0223,0.0
r0302_c0224,0.0
r0302_c0225,0.0
r0302_c0226,0.0
r0302_c0227,0.0
r0302_c0228,0.0
r0302_c0229,0.0
r0302_c0230,0.0
r0302_c0231,44.44
r0302_c0232,0.0
r0302_c0267,0.0
r0302_c0290,88.89
r0302_c0291,0.0
r0302_c0292,0.0
r0302_c0293,0.0
r0302_c0294,0.0
r0302_c0295,0.0
r0302_c0296,0.0
r0302_c0297,0.0
r0303_c0067,0.0
r0303_c0070,0.0
r0303_c0071,0.0
r0303_c0072,0.0
r0303_c0101,0.0
r0303_c0102,0.0
r0303_c0103,0.0
r0303_c0104,0.0
r0303_c0105,0.0
r0303_c0106,0.0
r0303_c0107,0.0
r0303_c0108,0.0
r0303_c0109,0.0
r0303_c0110,0.0
r0303_c0116,0.0
r0303_c0124,0.0
r0303_c0125,0.0
r0303_c0126,0.0
r0303_c0127,0.0
r0303_c0128,0.0
r0303_c0129,0.0
r0303_c0130,0.0
r0303_c0131,0.0
r0303_c0141,44.44
r0303_c0142,0.0
r0303_c0143,0.0
r0303_c0144,0.0
r0303_c0145,0.0
r0303_c0146,0.0
r0303_c0147,0.0
r0303_c0148,0.0
r0303_c0181,0.0
r0303_c0182,0.0
r0303_c0183,0.0
r0303_c0184,0.0
r0303_c0185,0.0
r0303_c0186,0.0
r0303_c0187,0.0
r0303_c0188,44.44
r0303_c0189,0.0
r0303_c0190,0.0
r0303_c0191,0.0
r0303_c0192,0.0
r0303_c0193,0.0
r0303_c0194,0.0
r0303_c0195,0.0
r0303_c0196,0.0
r0303_c0197,88.89
r0303_c0198,0.0
r0303_c0199,88.89
r0303_c0200,0.0
r0303_c0201,0.0
r0303_c0202,0.0
r0303_c0203,0.0
r0303_c0204,0.0
r0303_c0205,0.0
r0303_c0206,0.0
r0303_c0207,0.0
r0303_c0208,0.0
r0303_c0209,0.0
r0303_c0210,0.0
r0303_c0211,0.0
r0303_c0212,0.0
r0303_c0213,0.0
r0303_c0214,0.0
r0303_c0215,0.0
r0303_c0216,0.0
r0303_c0217,0.0
r0303_c0218,0.0
r0303_c0219,0.0
r0303_c0220,44.44
r0303_c0221,0.0
r0303_c0222,133.33
r0303_c0223,0.0
r0303_c0224,0.0
r0303_c0225,0.0
r0303_c0226,44.44
r0303_c0227,0.0
r0303_c0228,266.67
r0303_c0229,222.22
r0303_c0230,222.22
r0303_c0231,444.44
r0303_c0232,88.89
r0303_c0233,0.0
r0303_c0247,88.89
r0303_c0267,0.0
r0303_c0268,0.0
r0303_c0292,0.0
r0303_c0293,0.0
r0303_c0294,0.0
r0303_c0295,0.0
r0304_c0065,0.0
r0304_c0066,0.0
r0304_c0067,0.0
r0304_c0070,0.0
r0304_c0071,0.0
r0304_c0072,0.0
r0304_c0101,0.0
r0304_c0104,0.0
r0304_c0105,0.0
r0304_c0106,0.0
r0304_c0107,0.0
r0304_c0108,0.0
r0304_c0109,0.0
r0304_c0110,0.0
r0304_c0113,0.0
r0304_c0114,0.0
r0304_c0115,0.0
r0304_c0116,0.0
r0304_c0124,0.0
r0304_c0125,0.0
r0304_c0126,0.0
r0304_c0127,0.0
r0304_c0128,0.0
r0304_c0129,0.0
r0304_c0130,0.0
r0304_c0131,0.0
r0304_c0136,44.44
r0304_c0141,0.0
r0304_c0142,0.0
r0304_c0143,0.0
r0304_c0144,0.0
r0304_c0145,0.0
r0304_c0146,0.0
r0304_c0147,0.0
r0304_c0148,0.0
r0304_c0181,0.0
r0304_c0182,0.0
r0304_c0183,0.0
r0304_c0184,0.0
r0304_c0185,0.0
r0304_c0186,0.0
r0304_c0187,0.0
r0304_c0188,88.89
r0304_c0191,88.89
r0304_c0192,0.0
r0304_c0193,0.0
r0304_c0194,0.0
r0304_c0195,0.0
r0304_c0196,0.0
r0304_c0197,0.0
r0304_c0198,0.0
r0304_c0199,88.89
r0304_c0200,0.0
r0304_c0201,0.0
r0304_c0202,0.0
r0304_c0203,0.0
r0304_c0204,0.0
r0304_c0205,0.0
r0304_c0206,0.0
r0304_c0207,0.0
r0304_c0208,0.0
r0304_c0209,0.0
r0304_c0210,0.0
r0304_c0211,0.0
r0304_c0212,0.0
r0304_c0213,0.0
r0304_c0214,0.0
r0304_c0215,0.0
r0304_c0216,0.0
r0304_c0217,0.0
r0304_c0218,0.0
r0304_c0219,0.0
r0304_c0220,0.0
r0304_c0221,44.44
r0304_c0222,0.0
r0304_c0223,88.89
r0304_c0224,88.89
r0304_c0225,0.0
r0304_c0226,177.78
r0304_c0227,222.22
r0304_c0228,355.56
r0304_c0229,444.44
r0304_c0230,311.11
r0304_c0231,222.22
r0304_c0232,44.44
r0304_c0233,0.0
r0304_c0248,0.0
r0304_c0268,0.0
r0304_c0269,0.0
r0304_c0291,0.0
r0304_c0292,0.0
r0304_c0293,0.0
r0304_c0294,0.0
r0304_c0302,0.0
r0305_c0065,0.0
r0305_c0066,0.0
r0305_c0067,0.0
r0305_c0068,0.0
r0305_c0070,0.0
r0305_c0071,0.0
r0305_c0072,0.0
r0305_c0073,0.0
r0305_c0074,0.0
r0305_c0103,0.0
r0305_c0104,0.0
r0305_c0105,0.0
r0305_c0106,0.0
r0305_c0107,0.0
r0305_c0108,0.0
r0305_c0109,0.0
r0305_c0110,0.0
r0305_c0111,0.0
r0305_c0112,0.0
r0305_c0114,0.0
r0305_c0115,0.0
r0305_c0124,0.0
r0305_c0125,0.0
r0305_c0126,0.0
r0305_c0127,0.0
r0305_c0128,0.0
r0305_c0129,0.0
r0305_c0130,0.0
r0305_c0131,0.0
r0305_c0136,44.44
r0305_c0142,0.0
r0305_c0143,0.0
r0305_c0144,0.0
r0305_c0145,0.0
r0305_c0146,0.0
r0305_c0147,0.0
r0305_c0148,0.0
r0305_c0181,0.0
r0305_c0182,0.0
r0305_c0183,0.0
r0305_c0184,0.0
r0305_c0185,0.0
r0305_c0186,0.0
r0305_c0187,44.44
r0305_c0188,0.0
r0305_c0193,0.0
r0305_c0194,44.44
r0305_c0195,0.0
r0305_c0196,0.0
r0305_c0197,0.0
r0305_c0198,0.0
r0305_c0199,44.44
r0305_c0200,0.0
r0305_c0201,0.0
r0305_c0202,0.0
r0305_c0203,0.0
r0305_c0204,0.0
r0305_c0205,0.0
r0305_c0206,0.0
r0305_c0207,0.0
r0305_c0208,0.0
r0305_c0209,0.0
r0305_c0210,0.0
r0305_c0211,0.0
r0305_c0212,0.0
r0305_c0213,0.0
r0305_c0214,0.0
r0305_c0215,0.0
r0305_c0216,0.0
r0305_c0217,0.0
r0305_c0218,0.0
r0305_c0219,0.0
r0305_c0220,0.0
r0305_c0221,44.44
r0305_c0222,0.0
r0305_c0223,0.0
r0305_c0224,0.0
r0305_c0225,0.0
r0305_c0226,0.0
r0305_c0227,0.0
r0305_c0228,0.0
r0305_c0229,0.0
r0305_c0230,0.0
r0305_c0231,44.44
r0305_c0232,266.67
r0305_c0233,0.0
r0305_c0234,0.0
r0305_c0255,88.89
r0305_c0257,0.0
r0305_c0291,0.0
r0305_c0292,0.0
r0305_c0297,0.0
r0305_c0298,0.0
r0305_c0303,0.0
r0306_c0062,0.0
r0306_c0063,0.0
r0306_c0064,0.0
r0306_c0065,0.0
r0306_c0066,0.0
r0306_c0067,0.0
r0306_c0068,0.0
r0306_c0070,0.0
r0306_c0071,0.0
r0306_c0072,0.0
r0306_c0073,0.0
r0306_c0074,0.0
r0306_c0101,0.0
r0306_c0102,0.0
r0306_c0103,0.0
r0306_c0104,0.0
r0306_c0105,0.0
r0306_c0106,0.0
r0306_c0107,0.0
r0306_c0108,0.0
r0306_c0109,0.0
r0306_c0110,0.0
r0306_c0111,0.0
r0306_c0112,0.0
r0306_c0114,0.0
r0306_c0115,0.0
r0306_c0122,0.0
r0306_c0123,0.0
r0306_c0125,0.0
r0306_c0126,0.0
r0306_c0127,0.0
r0306_c0128,0.0
r0306_c0129,0.0
r0306_c0130,0.0
r0306_c0131,0.0
r0306_c0136,44.44
r0306_c0138,266.67
r0306_c0141,0.0
r0306_c0142,0.0
r0306_c0143,0.0
r0306_c0144,0.0
r0306_c0145,0.0
r0306_c0146,0.0
r0306_c0148,0.0
r0306_c0153,0.0
r0306_c0171,0.0
r0306_c0182,0.0
r0306_c0183,0.0
r0306_c0184,0.0
r0306_c0185,0.0
r0306_c0186,44.44
r0306_c0187,0.0
r0306_c0188,44.44
r0306_c0189,622.22
r0306_c0194,0.0
r0306_c0195,0.0
r0306_c0196,0.0
r0306_c0197,0.0
r0306_c0198,0.0
r0306_c0199,0.0
r0306_c0200,0.0
r0306_c0201,0.0
r0306_c0202,0.0
r0306_c0203,0.0
r0306_c0204,0.0
r0306_c0205,0.0
r0306_c0206,0.0
r0306_c0207,0.0
r0306_c0210,0.0
r0306_c0211,0.0
r0306_c0212,0.0
r0306_c0213,0.0
r0306_c0214,0.0
r0306_c0215,0.0
r0306_c0216,0.0
r0306_c0217,0.0
r0306_c0218,0.0
r0306_c0219,0.0
r0306_c0220,0.0
r0306_c0221,0.0
r0306_c0222,0.0
r0306_c0223,0.0
r0306_c0224,0.0
r0306_c0225,0.0
r0306_c0226,0.0
r0306_c0227,0.0
r0306_c0228,0.0
r0306_c0229,0.0
r0306_c0230,0.0
r0306_c0231,222.22
r0306_c0255,0.0
r0306_c0257,0.0
r0306_c0292,44.44
r0306_c0297,0.0
r0306_c0298,0.0
r0306_c0299,0.0
r0306_c0304,0.0
r0307_c0061,0.0
r0307_c0062,0.0
r0307_c0063,0.0
r0307_c0064,0.0
r0307_c0065,0.0
r0307_c0066,0.0
r0307_c0067,0.0
r0307_c0068,0.0
r0307_c0069,0.0
r0307_c0070,0.0
r0307_c0071,0.0
r0307_c0072,0.0
r0307_c0073,0.0
r0307_c0074,0.0
r0307_c0075,0.0
r0307_c0099,0.0
r0307_c0100,0.0
r0307_c0101,0.0
r0307_c0102,0.0
r0307_c0103,0.0
r0307_c0104,0.0
r0307_c0105,0.0
r0307_c0106,0.0
r0307_c0107,0.0
r0307_c0108,0.0
r0307_c0109,0.0
r0307_c0110,0.0
r0307_c0111,0.0
r0307_c0122,0.0
r0307_c0123,0.0
r0307_c0124,0.0
r0307_c0125,0.0
r0307_c0126,0.0
r0307_c0127,0.0
r0307_c0128,0.0
r0307_c0129,0.0
r0307_c0130,0.0
r0307_c0131,0.0
r0307_c0133,44.44
r0307_c0135,0.0
r0307_c0136,0.0
r0307_c0142,0.0
r0307_c0143,0.0
r0307_c0144,0.0
r0307_c0145,0.0
r0307_c0146,0.0
r0307_c0147,0.0
r0307_c0148,0.0
r0307_c0173,44.44
r0307_c0179,488.89
r0307_c0180,88.89
r0307_c0181,44.44
r0307_c0182,0.0
r0307_c0183,0.0
r0307_c0184,0.0
r0307_c0185,0.0
r0307_c0186,0.0
r0307_c0187,0.0
r0307_c0188,0.0
r0307_c0189,88.89
r0307_c0190,222.22
r0307_c0191,133.33
r0307_c0193,0.0
r0307_c0194,0.0
r0307_c0195,0.0
r0307_c0196,0.0
r0307_c0197,0.0
r0307_c0198,0.0
r0307_c0199,266.67
r0307_c0200,0.0
r0307_c0201,0.0
r0307_c0202,0.0
r0307_c0203,0.0
r0307_c0204,0.0
r0307_c0205,0.0
r0307_c0206,0.0
r0307_c0207,0.0
r0307_c0210,0.0
r0307_c0211,0.0
r0307_c0212,0.0
r0307_c0213,0.0
r0307_c0214,0.0
r0307_c0215,0.0
r0307_c0216,0.0
r0307_c0217,0.0
r0307_c0218,0.0
r0307_c0219,0.0
r0307_c0220,88.89
r0307_c0221,44.44
r0307_c0222,0.0
r0307_c0223,0.0
r0307_c0224,0.0
r0307_c0225,0.0
r0307_c0226,0.0
r0307_c0227,0.0
r0307_c0228,0.0
r0307_c0229,0.0
r0307_c0230,0.0
r0307_c0231,0.0
r0307_c0253,44.44
r0307_c0254,0.0
r0307_c0255,88.89
r0307_c0256,0.0
r0307_c0272,0.0
r0307_c0273,0.0
r0307_c0274,88.89
r0307_c0277,88.89
r0307_c0297,0.0
r0307_c0298,0.0
r0307_c0299,0.0
r0307_c0304,44.44
r0307_c0305,0.0
r0308_c0060,0.0
r0308_c0061,0.0
r0308_c0062,0.0
r0308_c0063,0.0
r0308_c0064,0.0
r0308_c0065,0.0
r0308_c0066,0.0
r0308_c0067,0.0
r0308_c0068,0.0
r0308_c0069,0.0
r0308_c0070,0.0
r0308_c0071,0.0
r0308_c0072,0.0
r0308_c0073,0.0
r0308_c0074,0.0
r0308_c0075,0.0
r0308_c0099,0.0
r0308_c0100,0.0
r0308_c0101,0.0
r0308_c0102,0.0
r0308_c0103,0.0
r0308_c0104,0.0
r0308_c0105,0.0
r0308_c0106,0.0
r0308_c0107,0.0
r0308_c0108,0.0
r0308_c0109,0.0
r0308_c0110,0.0
r0308_c0111,0.0
r0308_c0123,0.0
r0308_c0124,0.0
r0308_c0125,0.0
r0308_c0126,0.0
r0308_c0127,0.0
r0308_c0128,0.0
r0308_c0129,0.0
r0308_c0130,0.0
r0308_c0131,0.0
r0308_c0132,0.0
r0308_c0133,0.0
r0308_c0134,0.0
r0308_c0135,0.0
r0308_c0142,0.0
r0308_c0143,0.0
r0308_c0144,0.0
r0308_c0145,0.0
r0308_c0146,0.0
r0308_c0147,0.0
r0308_c0151,0.0
r0308_c0152,0.0
r0308_c0173,400.0
r0308_c0178,177.78
r0308_c0179,666.67
r0308_c0180,311.11
r0308_c0181,0.0
r0308_c0182,0.0
r0308_c0183,0.0
r0308_c0184,0.0
r0308_c0185,0.0
r0308_c0186,0.0
r0308_c0187,0.0
r0308_c0188,44.44
r0308_c0189,0.0
r0308_c0190,0.0
r0308_c0191,0.0
r0308_c0193,0.0
r0308_c0194,0.0
r0308_c0195,0.0
r0308_c0196,0.0
r0308_c0197,0.0
r0308_c0198,0.0
r0308_c0199,222.22
r0308_c0200,0.0
r0308_c0201,0.0
r0308_c0202,0.0
r0308_c0203,0.0
r0308_c0204,0.0
r0308_c0205,0.0
r0308_c0206,0.0
r0308_c0210,0.0
r0308_c0211,0.0
r0308_c0212,44.44
r0308_c0213,0.0
r0308_c0214,0.0
r0308_c0215,0.0
r0308_c0216,0.0
r0308_c0217,0.0
r0308_c0218,0.0
r0308_c0219,0.0
r0308_c0220,0.0
r0308_c0221,0.0
r0308_c0222,0.0
r0308_c0223,0.0
r0308_c0224,0.0
r0308_c0225,0.0
r0308_c0226,0.0
r0308_c0227,0.0
r0308_c0228,0.0
r0308_c0229,0.0
r0308_c0230,0.0
r0308_c0231,44.44
r0308_c0232,0.0
r0308_c0236,44.44
r0308_c0250,266.67
r0308_c0256,44.44
r0308_c0257,0.0
r0308_c0258,0.0
r0308_c0266,0.0
r0308_c0274,44.44
r0308_c0276,0.0
r0308_c0277,44.44
r0308_c0278,977.78
r0308_c0297,0.0
r0308_c0298,0.0
r0308_c0299,0.0
r0308_c0304,0.0
r0308_c0305,0.0
r0308_c0306,0.0
r0308_c0310,0.0
r0308_c0311,0.0
r0309_c0059,0.0
r0309_c0060,0.0
r0309_c0061,0.0
r0309_c0062,0.0
r0309_c0063,0.0
r0309_c0064,0.0
r0309_c0065,0.0
r0309_c0066,0.0
r0309_c0067,0.0
r0309_c0068,0.0
r0309_c0070,0.0
r0309_c0071,0.0
r0309_c0072,0.0
r0309_c0073,0.0
r0309_c0074,0.0
r0309_c0075,0.0
r0309_c0098,0.0
r0309_c0099,0.0
r0309_c0100,0.0
r0309_c0101,0.0
r0309_c0102,0.0
r0309_c0103,0.0
r0309_c0104,0.0
r0309_c0105,0.0
r0309_c0106,0.0
r0309_c0108,0.0
r0309_c0109,0.0
r0309_c0110,0.0
r0309_c0113,0.0
r0309_c0119,44.44
r0309_c0123,0.0
r0309_c0124,0.0
r0309_c0125,0.0
r0309_c0126,0.0
r0309_c0127,0.0
r0309_c0128,0.0
r0309_c0129,0.0
r0309_c0130,0.0
r0309_c0133,0.0
r0309_c0134,0.0
r0309_c0141,44.44
r0309_c0142,0.0
r0309_c0143,0.0
r0309_c0144,0.0
r0309_c0145,0.0
r0309_c0146,0.0
r0309_c0147,0.0
r0309_c0178,44.44
r0309_c0180,0.0
r0309_c0181,44.44
r0309_c0182,44.44
r0309_c0183,44.44
r0309_c0184,0.0
r0309_c0185,0.0
r0309_c0186,44.44
r0309_c0187,44.44
r0309_c0188,44.44
r0309_c0189,0.0
r0309_c0190,0.0
r0309_c0191,0.0
r0309_c0192,88.89
r0309_c0193,0.0
r0309_c0194,0.0
r0309_c0195,0.0
r0309_c0196,0.0
r0309_c0197,0.0
r0309_c0198,0.0
r0309_c0199,133.33
r0309_c0200,0.0
r0309_c0201,0.0
r0309_c0202,0.0
r0309_c0203,0.0
r0309_c0204,0.0
r0309_c0205,0.0
r0309_c0206,0.0
r0309_c0207,0.0
r0309_c0208,0.0
r0309_c0210,0.0
r0309_c0211,0.0
r0309_c0212,0.0
r0309_c0213,0.0
r0309_c0214,0.0
r0309_c0215,0.0
r0309_c0216,0.0
r0309_c0217,0.0
r0309_c0218,0.0
r0309_c0219,44.44
r0309_c0220,88.89
r0309_c0224,0.0
r0309_c0225,0.0
r0309_c0226,177.78
r0309_c0227,266.67
r0309_c0228,666.67
r0309_c0229,0.0
r0309_c0240,0.0
r0309_c0242,44.44
r0309_c0245,0.0
r0309_c0256,0.0
r0309_c0260,0.0
r0309_c0267,0.0
r0309_c0268,0.0
r0309_c0271,0.0
r0309_c0272,0.0
r0309_c0273,0.0
r0309_c0293,0.0
r0309_c0294,0.0
r0309_c0295,0.0
r0309_c0297,0.0
r0309_c0298,0.0
r0309_c0305,0.0
r0309_c0306,0.0
r0309_c0307,0.0
r0309_c0310,0.0
r0309_c0311,0.0
r0310_c0058,0.0
r0310_c0059,0.0
r0310_c0060,0.0
r0310_c0061,0.0
r0310_c0062,0.0
r0310_c0063,0.0
r0310_c0064,0.0
r0310_c0065,0.0
r0310_c0066,0.0
r0310_c0067,0.0
r0310_c0068,0.0
r0310_c0071,0.0
r0310_c0072,0.0
r0310_c0073,0.0
r0310_c0074,0.0
r0310_c0075,0.0
r0310_c0098,0.0
r0310_c0099,0.0
r0310_c0100,0.0
r0310_c0101,0.0
r0310_c0102,0.0
r0310_c0103,0.0
r0310_c0104,0.0
r0310_c0105,0.0
r0310_c0106,0.0
r0310_c0108,0.0
r0310_c0109,0.0
r0310_c0110,0.0
r0310_c0113,0.0
r0310_c0114,0.0
r0310_c0123,0.0
r0310_c0124,0.0
r0310_c0125,0.0
r0310_c0126,0.0
r0310_c0127,0.0
r0310_c0128,0.0
r0310_c0129,0.0
r0310_c0130,0.0
r0310_c0131,0.0
r0310_c0132,0.0
r0310_c0133,0.0
r0310_c0134,0.0
r0310_c0135,0.0
r0310_c0136,0.0
r0310_c0141,0.0
r0310_c0142,0.0
r0310_c0143,0.0
r0310_c0144,0.0
r0310_c0145,0.0
r0310_c0146,0.0
r0310_c0147,0.0
r0310_c0179,0.0
r0310_c0180,0.0
r0310_c0181,0.0
r0310_c0182,0.0
r0310_c0183,0.0
r0310_c0184,0.0
r0310_c0185,0.0
r0310_c0186,0.0
r0310_c0187,0.0
r0310_c0188,88.89
r0310_c0189,133.33
r0310_c0190,0.0
r0310_c0191,0.0
r0310_c0192,0.0
r0310_c0193,0.0
r0310_c0194,0.0
r0310_c0195,0.0
r0310_c0196,0.0
r0310_c0197,0.0
r0310_c0198,0.0
r0310_c0199,0.0
r0310_c0200,0.0
r0310_c0201,0.0
r0310_c0202,0.0
r0310_c0203,0.0
r0310_c0204,0.0
r0310_c0205,0.0
r0310_c0206,0.0
r0310_c0207,0.0
r0310_c0210,0.0
r0310_c0211,0.0
r0310_c0212,0.0
r0310_c0213,0.0
r0310_c0214,0.0
r0310_c0215,0.0
r0310_c0216,0.0
r0310_c0217,0.0
r0310_c0218,0.0
r0310_c0219,0.0
r0310_c0220,0.0
r0310_c0229,44.44
r0310_c0239,44.44
r0310_c0240,0.0
r0310_c0241,88.89
r0310_c0242,0.0
r0310_c0243,0.0
r0310_c0245,311.11
r0310_c0252,488.89
r0310_c0257,0.0
r0310_c0260,0.0
r0310_c0266,0.0
r0310_c0267,0.0
r0310_c0268,0.0
r0310_c0271,0.0
r0310_c0272,0.0
r0310_c0273,0.0
r0310_c0274,133.33
r0310_c0294,0.0
r0310_c0295,0.0
r0310_c0296,0.0
r0310_c0306,0.0
r0310_c0307,44.44
r0310_c0308,0.0
r0310_c0309,0.0
r0310_c0310,0.0
r0310_c0311,0.0
r0311_c0058,0.0
r0311_c0059,0.0
r0311_c0060,0.0
r0311_c0061,0.0
r0311_c0062,0.0
r0311_c0063,0.0
r0311_c0064,0.0
r0311_c0065,0.0
r0311_c0066,0.0
r0311_c0072,0.0
r0311_c0074,0.0
r0311_c0098,0.0
r0311_c0099,0.0
r0311_c0100,0.0
r0311_c0101,0.0
r0311_c0102,0.0
r0311_c0103,0.0
r0311_c0108,0.0
r0311_c0109,0.0
r0311_c0110,0.0
r0311_c0123,0.0
r0311_c0124,0.0
r0311_c0125,0.0
r0311_c0126,0.0
r0311_c0127,0.0
r0311_c0128,0.0
r0311_c0129,0.0
r0311_c0130,0.0
r0311_c0131,0.0
r0311_c0132,0.0
r0311_c0133,0.0
r0311_c0134,0.0
r0311_c0135,0.0
r0311_c0136,0.0
r0311_c0138,0.0
r0311_c0142,0.0
r0311_c0143,0.0
r0311_c0144,0.0
r0311_c0145,0.0
r0311_c0146,0.0
r0311_c0147,0.0
r0311_c0148,0.0
r0311_c0149,0.0
r0311_c0150,0.0
r0311_c0180,88.89
r0311_c0181,0.0
r0311_c0182,0.0
r0311_c0183,0.0
r0311_c0184,0.0
r0311_c0185,0.0
r0311_c0186,0.0
r0311_c0187,0.0
r0311_c0188,133.33
r0311_c0189,44.44
r0311_c0190,0.0
r0311_c0191,0.0
r0311_c0192,0.0
r0311_c0193,0.0
r0311_c0194,0.0
r0311_c0195,0.0
r0311_c0196,0.0
r0311_c0197,0.0
r0311_c0198,0.0
r0311_c0199,44.44
r0311_c0200,0.0
r0311_c0201,0.0
r0311_c0202,0.0
r0311_c0203,0.0
r0311_c0204,0.0
r0311_c0205,0.0
r0311_c0206,0.0
r0311_c0207,0.0
r0311_c0208,0.0
r0311_c0209,0.0
r0311_c0210,0.0
r0311_c0211,0.0
r0311_c0212,0.0
r0311_c0213,0.0
r0311_c0214,0.0
r0311_c0215,0.0
r0311_c0216,0.0
r0311_c0217,0.0
r0311_c0218,0.0
r0311_c0219,0.0
r0311_c0220,0.0
r0311_c0241,0.0
r0311_c0242,0.0
r0311_c0243,0.0
r0311_c0257,0.0
r0311_c0258,0.0
r0311_c0266,0.0
r0311_c0272,0.0
r0311_c0273,0.0
r0311_c0276,0.0
r0311_c0294,0.0
r0311_c0295,0.0
r0311_c0296,0.0
r0311_c0306,0.0
r0311_c0307,0.0
r0311_c0308,0.0
r0311_c0309,0.0
r0311_c0310,0.0
r0311_c0311,0.0
r0312_c0059,0.0
r0312_c0060,0.0
r0312_c0061,0.0
r0312_c0064,0.0
r0312_c0097,0.0
r0312_c0098,0.0
r0312_c0099,0.0
r0312_c0100,0.0
r0312_c0101,0.0
r0312_c0102,0.0
r0312_c0103,0.0
r0312_c0107,0.0
r0312_c0108,0.0
r0312_c0122,0.0
r0312_c0123,0.0
r0312_c0124,0.0
r0312_c0125,0.0
r0312_c0126,0.0
r0312_c0127,0.0
r0312_c0128,0.0
r0312_c0129,0.0
r0312_c0130,0.0
r0312_c0132,0.0
r0312_c0133,0.0
r0312_c0134,0.0
r0312_c0135,0.0
r0312_c0137,0.0
r0312_c0138,0.0
r0312_c0143,0.0
r0312_c0144,0.0
r0312_c0145,0.0
r0312_c0146,0.0
r0312_c0150,0.0
r0312_c0184,0.0
r0312_c0185,0.0
r0312_c0186,0.0
r0312_c0187,0.0
r0312_c0188,44.44
r0312_c0189,0.0
r0312_c0190,0.0
r0312_c0191,0.0
r0312_c0192,0.0
r0312_c0193,0.0
r0312_c0194,0.0
r0312_c0195,0.0
r0312_c0196,0.0
r0312_c0197,0.0
r0312_c0198,0.0
r0312_c0199,44.44
r0312_c0200,0.0
r0312_c0201,0.0
r0312_c0202,0.0
r0312_c0203,0.0
r0312_c0204,0.0
r0312_c0205,0.0
r0312_c0206,0.0
r0312_c0207,0.0
r0312_c0208,0.0
r0312_c0209,0.0
r0312_c0210,0.0
r0312_c0211,0.0
r0312_c0212,0.0
r0312_c0213,0.0
r0312_c0214,0.0
r0312_c0215,0.0
r0312_c0216,0.0
r0312_c0217,0.0
r0312_c0218,0.0
r0312_c0219,0.0
r0312_c0220,133.33
r0312_c0250,88.89
r0312_c0257,44.44
r0312_c0258,0.0
r0312_c0260,0.0
r0312_c0273,133.33
r0312_c0275,0.0
r0312_c0276,44.44
r0312_c0306,0.0
r0312_c0307,0.0
r0312_c0308,0.0
r0312_c0309,0.0
r0312_c0310,0.0
r0312_c0311,0.0
r0313_c0097,0.0
r0313_c0098,0.0
r0313_c0099,0.0
r0313_c0100,0.0
r0313_c0102,0.0
r0313_c0103,0.0
r0313_c0107,0.0
r0313_c0108,0.0
r0313_c0122,0.0
r0313_c0123,0.0
r0313_c0124,0.0
r0313_c0125,0.0
r0313_c0126,0.0
r0313_c0127,0.0
r0313_c0128,0.0
r0313_c0129,0.0
r0313_c0131,0.0
r0313_c0132,0.0
r0313_c0133,0.0
r0313_c0134,0.0
r0313_c0135,0.0
r0313_c0136,0.0
r0313_c0137,0.0
r0313_c0140,0.0
r0313_c0144,0.0
r0313_c0145,0.0
r0313_c0146,0.0
r0313_c0184,0.0
r0313_c0185,0.0
r0313_c0186,0.0
r0313_c0187,0.0
r0313_c0188,0.0
r0313_c0190,0.0
r0313_c0191,0.0
r0313_c0192,0.0
r0313_c0193,0.0
r0313_c0194,0.0
r0313_c0195,0.0
r0313_c0196,0.0
r0313_c0197,0.0
r0313_c0198,0.0
r0313_c0199,44.44
r0313_c0200,0.0
r0313_c0201,0.0
r0313_c0202,0.0
r0313_c0203,0.0
r0313_c0204,0.0
r0313_c0205,0.0
r0313_c0206,0.0
r0313_c0207,0.0
r0313_c0208,0.0
r0313_c0209,0.0
r0313_c0210,0.0
r0313_c0211,0.0
r0313_c0212,0.0
r0313_c0213,0.0
r0313_c0214,0.0
r0313_c0215,0.0
r0313_c0216,0.0
r0313_c0217,0.0
r0313_c0218,0.0
r0313_c0219,0.0
r0313_c0220,88.89
r0313_c0236,266.67
r0313_c0237,0.0
r0313_c0238,0.0
r0313_c0243,44.44
r0313_c0257,88.89
r0313_c0258,0.0
r0313_c0259,0.0
r0313_c0276,0.0
r0313_c0277,0.0
r0313_c0306,0.0
r0313_c0307,0.0
r0313_c0308,0.0
r0313_c0309,0.0
r0313_c0310,0.0
r0313_c0311,0.0
r0314_c0098,0.0
r0314_c0099,0.0
r0314_c0100,0.0
r0314_c0102,0.0
r0314_c0103,0.0
r0314_c0121,0.0
r0314_c0122,0.0
r0314_c0123,0.0
r0314_c0124,0.0
r0314_c0125,0.0
r0314_c0127,0.0
r0314_c0128,0.0
r0314_c0130,0.0
r0314_c0131,0.0
r0314_c0132,0.0
r0314_c0133,0.0
r0314_c0134,0.0
r0314_c0135,0.0
r0314_c0136,0.0
r0314_c0137,0.0
r0314_c0138,0.0
r0314_c0144,0.0
r0314_c0145,0.0
r0314_c0146,0.0
r0314_c0179,177.78
r0314_c0181,266.67
r0314_c0182,0.0
r0314_c0183,0.0
r0314_c0184,44.44
r0314_c0185,0.0
r0314_c0186,0.0
r0314_c0187,0.0
r0314_c0188,0.0
r0314_c0191,88.89
r0314_c0192,1155.56
r0314_c0193,577.78
r0314_c0194,355.56
r0314_c0195,888.89
r0314_c0196,355.56
r0314_c0197,400.0
r0314_c0198,444.44
r0314_c0200,177.78
r0314_c0201,0.0
r0314_c0202,0.0
r0314_c0203,0.0
r0314_c0204,0.0
r0314_c0205,0.0
r0314_c0206,0.0
r0314_c0209,177.78
r0314_c0210,44.44
r0314_c0211,0.0
r0314_c0212,0.0
r0314_c0213,44.44
r0314_c0214,44.44
r0314_c0215,0.0
r0314_c0216,0.0
r0314_c0217,44.44
r0314_c0218,0.0
r0314_c0219,0.0
r0314_c0220,177.78
r0314_c0236,0.0
r0314_c0237,0.0
r0314_c0238,0.0
r0314_c0239,0.0
r0314_c0242,0.0
r0314_c0243,177.78
r0314_c0259,0.0
r0314_c0277,0.0
r0314_c0307,0.0
r0314_c0308,0.0
r0314_c0309,0.0
r0314_c0310,0.0
r0314_c0311,0.0
r0315_c0098,0.0
r0315_c0099,0.0
r0315_c0100,0.0
r0315_c0101,0.0
r0315_c0102,0.0
r0315_c0121,0.0
r0315_c0122,0.0
r0315_c0123,0.0
r0315_c0124,0.0
r0315_c0125,0.0
r0315_c0127,0.0
r0315_c0128,0.0
r0315_c0130,0.0
r0315_c0131,0.0
r0315_c0132,0.0
r0315_c0133,0.0
r0315_c0134,0.0
r0315_c0135,0.0
r0315_c0136,0.0
r0315_c0137,0.0
r0315_c0138,0.0
r0315_c0140,0.0
r0315_c0144,0.0
r0315_c0145,0.0
r0315_c0179,0.0
r0315_c0189,0.0
r0315_c0190,0.0
r0315_c0191,0.0
r0315_c0192,44.44
r0315_c0193,0.0
r0315_c0194,0.0
r0315_c0195,44.44
r0315_c0196,88.89
r0315_c0197,0.0
r0315_c0198,0.0
r0315_c0199,44.44
r0315_c0200,0.0
r0315_c0201,0.0
r0315_c0202,0.0
r0315_c0203,0.0
r0315_c0204,0.0
r0315_c0205,0.0
r0315_c0209,44.44
r0315_c0215,0.0
r0315_c0217,0.0
r0315_c0236,0.0
r0315_c0237,0.0
r0315_c0242,88.89
r0315_c0259,88.89
r0315_c0260,0.0
r0315_c0277,0.0
r0315_c0278,0.0
r0315_c0279,88.89
r0315_c0306,0.0
r0315_c0307,0.0
r0315_c0308,0.0
r0315_c0309,0.0
r0315_c0310,0.0
r0315_c0311,0.0
r0316_c0101,0.0
r0316_c0121,0.0
r0316_c0122,0.0
r0316_c0123,0.0
r0316_c0124,0.0
r0316_c0125,0.0
r0316_c0127,0.0
r0316_c0128,0.0
r0316_c0129,0.0
r0316_c0130,0.0
r0316_c0131,0.0
r0316_c0132,0.0
r0316_c0133,0.0
r0316_c0134,0.0
r0316_c0135,0.0
r0316_c0136,0.0
r0316_c0137,0.0
r0316_c0138,0.0
r0316_c0143,0.0
r0316_c0144,0.0
r0316_c0145,0.0
r0316_c0179,0.0
r0316_c0189,44.44
r0316_c0190,0.0
r0316_c0191,0.0
r0316_c0192,0.0
r0316_c0193,0.0
r0316_c0194,0.0
r0316_c0195,0.0
r0316_c0196,44.44
r0316_c0197,0.0
r0316_c0198,0.0
r0316_c0199,44.44
r0316_c0200,0.0
r0316_c0201,0.0
r0316_c0202,0.0
r0316_c0203,0.0
r0316_c0204,0.0
r0316_c0205,0.0
r0316_c0209,88.89
r0316_c0217,0.0
r0316_c0236,0.0
r0316_c0237,0.0
r0316_c0241,88.89
r0316_c0242,0.0
r0316_c0252,88.89
r0316_c0260,0.0
r0316_c0276,222.22
r0316_c0279,0.0
r0316_c0290,0.0
r0316_c0292,0.0
r0316_c0293,0.0
r0316_c0310,0.0
r0316_c0311,0.0
r0317_c0101,0.0
r0317_c0120,0.0
r0317_c0121,0.0
r0317_c0122,0.0
r0317_c0123,0.0
r0317_c0125,0.0
r0317_c0127,0.0
r0317_c0128,0.0
r0317_c0129,0.0
r0317_c0130,0.0
r0317_c0132,0.0
r0317_c0133,0.0
r0317_c0134,0.0
r0317_c0135,0.0
r0317_c0136,0.0
r0317_c0137,0.0
r0317_c0138,0.0
r0317_c0140,0.0
r0317_c0141,0.0
r0317_c0143,0.0
r0317_c0144,0.0
r0317_c0145,0.0
r0317_c0147,0.0
r0317_c0179,2000.0
r0317_c0194,0.0
r0317_c0195,0.0
r0317_c0196,0.0
r0317_c0197,0.0
r0317_c0198,177.78
r0317_c0200,222.22
r0317_c0201,0.0
r0317_c0202,44.44
r0317_c0203,0.0
r0317_c0204,0.0
r0317_c0205,0.0
r0317_c0208,0.0
r0317_c0213,0.0
r0317_c0214,0.0
r0317_c0215,0.0
r0317_c0216,0.0
r0317_c0217,0.0
r0317_c0236,0.0
r0317_c0237,0.0
r0317_c0238,0.0
r0317_c0241,177.78
r0317_c0249,0.0
r0317_c0267,0.0
r0317_c0268,0.0
r0317_c0277,0.0
r0317_c0293,0.0
r0317_c0296,88.89
r0317_c0297,0.0
r0317_c0298,0.0
r0317_c0299,0.0
r0317_c0310,0.0
r0317_c0311,0.0
r0318_c0101,0.0
r0318_c0120,0.0
r0318_c0121,0.0
r0318_c0122,0.0
r0318_c0123,0.0
r0318_c0124,0.0
r0318_c0125,0.0
r0318_c0126,0.0
r0318_c0127,0.0
r0318_c0128,0.0
r0318_c0130,0.0
r0318_c0132,0.0
r0318_c0133,0.0
r0318_c0136,0.0
r0318_c0137,0.0
r0318_c0138,0.0
r0318_c0139,0.0
r0318_c0140,0.0
r0318_c0142,0.0
r0318_c0143,0.0
r0318_c0145,0.0
r0318_c0146,0.0
r0318_c0147,0.0
r0318_c0148,0.0
r0318_c0194,311.11
r0318_c0195,44.44
r0318_c0208,0.0
r0318_c0213,0.0
r0318_c0214,0.0
r0318_c0215,0.0
r0318_c0216,0.0
r0318_c0224,0.0
r0318_c0235,133.33
r0318_c0236,0.0
r0318_c0237,0.0
r0318_c0238,0.0
r0318_c0241,222.22
r0318_c0247,133.33
r0318_c0248,0.0
r0318_c0249,0.0
r0318_c0250,0.0
r0318_c0266,0.0
r0318_c0267,0.0
r0318_c0278,0.0
r0318_c0295,0.0
r0318_c0296,0.0
r0318_c0297,0.0
r0318_c0298,0.0
r0318_c0308,0.0
r0318_c0309,0.0
r0318_c0310,0.0
r0318_c0311,0.0
r0319_c0101,0.0
r0319_c0122,0.0
r0319_c0124,0.0
r0319_c0125,0.0
r0319_c0126,0.0
r0319_c0127,0.0
r0319_c0128,0.0
r0319_c0129,0.0
r0319_c0131,0.0
r0319_c0132,0.0
r0319_c0133,0.0
r0319_c0134,0.0
r0319_c0135,0.0
r0319_c0136,0.0
r0319_c0137,0.0
r0319_c0138,0.0
r0319_c0139,0.0
r0319_c0140,0.0
r0319_c0141,0.0
r0319_c0142,0.0
r0319_c0145,0.0
r0319_c0146,0.0
r0319_c0147,0.0
r0319_c0148,0.0
r0319_c0208,177.78
r0319_c0209,133.33
r0319_c0213,0.0
r0319_c0214,0.0
r0319_c0215,44.44
r0319_c0216,0.0
r0319_c0218,0.0
r0319_c0219,0.0
r0319_c0220,88.89
r0319_c0221,0.0
r0319_c0222,44.44
r0319_c0235,0.0
r0319_c0236,0.0
r0319_c0237,0.0
r0319_c0238,0.0
r0319_c0239,88.89
r0319_c0240,177.78
r0319_c0248,0.0
r0319_c0249,0.0
r0319_c0250,0.0
r0319_c0251,0.0
r0319_c0276,0.0
r0319_c0277,0.0
r0319_c0291,0.0
r0319_c0296,0.0
r0319_c0297,0.0
r0319_c0298,0.0
r0319_c0299,0.0
r0319_c0308,0.0
r0319_c0309,0.0
r0319_c0310,0.0
r0319_c0311,0.0
r0320_c0101,0.0
r0320_c0123,0.0
r0320_c0124,0.0
r0320_c0125,0.0
r0320_c0126,0.0
r0320_c0127,0.0
r0320_c0129,0.0
r0320_c0130,0.0
r0320_c0131,0.0
r0320_c0132,0.0
r0320_c0133,0.0
r0320_c0134,0.0
r0320_c0135,0.0
r0320_c0136,0.0
r0320_c0137,0.0
r0320_c0138,0.0
r0320_c0139,0.0
r0320_c0140,0.0
r0320_c0141,0.0
r0320_c0142,0.0
r0320_c0144,0.0
r0320_c0145,0.0
r0320_c0146,0.0
r0320_c0147,0.0
r0320_c0148,0.0
r0320_c0169,44.44
r0320_c0170,44.44
r0320_c0171,88.89
r0320_c0172,44.44
r0320_c0173,933.33
r0320_c0204,177.78
r0320_c0205,44.44
r0320_c0218,0.0
r0320_c0219,0.0
r0320_c0220,44.44
r0320_c0221,0.0
r0320_c0223,400.0
r0320_c0225,444.44
r0320_c0226,355.56
r0320_c0227,88.89
r0320_c0228,88.89
r0320_c0229,88.89
r0320_c0230,0.0
r0320_c0232,266.67
r0320_c0233,0.0
r0320_c0234,0.0
r0320_c0236,0.0
r0320_c0237,0.0
r0320_c0238,133.33
r0320_c0239,177.78
r0320_c0240,44.44
r0320_c0264,0.0
r0320_c0265,0.0
r0320_c0275,88.89
r0320_c0276,0.0
r0320_c0277,0.0
r0320_c0281,133.33
r0320_c0291,0.0
r0320_c0292,0.0
r0320_c0295,0.0
r0320_c0296,0.0
r0320_c0297,0.0
r0320_c0298,0.0
r0320_c0310,0.0
r0320_c0311,88.89
r0321_c0101,0.0
r0321_c0102,0.0
r0321_c0123,0.0
r0321_c0124,0.0
r0321_c0125,0.0
r0321_c0126,0.0
r0321_c0127,0.0
r0321_c0128,0.0
r0321_c0129,0.0
r0321_c0130,0.0
r0321_c0131,0.0
r0321_c0132,0.0
r0321_c0133,0.0
r0321_c0135,0.0
r0321_c0136,0.0
r0321_c0137,0.0
r0321_c0138,0.0
r0321_c0139,0.0
r0321_c0140,0.0
r0321_c0141,0.0
r0321_c0145,0.0
r0321_c0146,0.0
r0321_c0147,0.0
r0321_c0177,1733.33
r0321_c0200,266.67
r0321_c0201,44.44
r0321_c0202,88.89
r0321_c0205,0.0
r0321_c0209,0.0
r0321_c0216,0.0
r0321_c0226,0.0
r0321_c0227,0.0
r0321_c0228,0.0
r0321_c0229,0.0
r0321_c0230,0.0
r0321_c0232,311.11
r0321_c0233,0.0
r0321_c0234,0.0
r0321_c0236,0.0
r0321_c0237,44.44
r0321_c0238,177.78
r0321_c0263,0.0
r0321_c0264,0.0
r0321_c0265,0.0
r0321_c0266,0.0
r0321_c0275,88.89
r0321_c0276,0.0
r0321_c0281,133.33
r0321_c0286,133.33
r0321_c0288,0.0
r0321_c0289,0.0
r0321_c0294,0.0
r0321_c0297,0.0
r0321_c0300,0.0
r0322_c0123,0.0
r0322_c0124,0.0
r0322_c0125,0.0
r0322_c0126,0.0
r0322_c0127,0.0
r0322_c0128,0.0
r0322_c0129,0.0
r0322_c0130,0.0
r0322_c0131,0.0
r0322_c0135,0.0
r0322_c0136,0.0
r0322_c0137,0.0
r0322_c0138,0.0
r0322_c0139,0.0
r0322_c0140,0.0
r0322_c0144,0.0
r0322_c0146,0.0
r0322_c0147,0.0
r0322_c0175,0.0
r0322_c0176,0.0
r0322_c0177,0.0
r0322_c0178,711.11
r0322_c0200,177.78
r0322_c0201,0.0
r0322_c0202,44.44
r0322_c0208,0.0
r0322_c0209,0.0
r0322_c0210,44.44
r0322_c0212,0.0
r0322_c0215,0.0
r0322_c0216,0.0
r0322_c0226,355.56
r0322_c0227,0.0
r0322_c0228,177.78
r0322_c0232,88.89
r0322_c0233,0.0
r0322_c0234,0.0
r0322_c0235,0.0
r0322_c0236,0.0
r0322_c0237,0.0
r0322_c0239,0.0
r0322_c0243,0.0
r0322_c0260,0.0
r0322_c0263,0.0
r0322_c0264,0.0
r0322_c0268,44.44
r0322_c0275,44.44
r0322_c0277,0.0
r0322_c0281,0.0
r0322_c0282,88.89
r0322_c0283,0.0
r0322_c0286,0.0
r0322_c0287,0.0
r0322_c0288,0.0
r0322_c0289,0.0
r0322_c0295,0.0
r0322_c0296,0.0
r0322_c0297,0.0
r0323_c0116,0.0
r0323_c0123,0.0
r0323_c0124,0.0
r0323_c0126,0.0
r0323_c0127,0.0
r0323_c0128,0.0
r0323_c0129,0.0
r0323_c0130,0.0
r0323_c0131,0.0
r0323_c0133,0.0
r0323_c0134,0.0
r0323_c0135,0.0
r0323_c0137,0.0
r0323_c0138,0.0
r0323_c0139,0.0
r0323_c0140,0.0
r0323_c0146,0.0
r0323_c0174,0.0
r0323_c0175,0.0
r0323_c0176,0.0
r0323_c0177,0.0
r0323_c0178,0.0
r0323_c0179,44.44
r0323_c0180,44.44
r0323_c0200,44.44
r0323_c0201,0.0
r0323_c0202,88.89
r0323_c0205,0.0
r0323_c0206,0.0
r0323_c0208,0.0
r0323_c0209,0.0
r0323_c0210,0.0
r0323_c0212,0.0
r0323_c0213,0.0
r0323_c0214,0.0
r0323_c0227,177.78
r0323_c0233,0.0
r0323_c0234,44.44
r0323_c0235,88.89
r0323_c0236,444.44
r0323_c0240,133.33
r0323_c0243,44.44
r0323_c0262,0.0
r0323_c0263,0.0
r0323_c0264,0.0
r0323_c0265,0.0
r0323_c0266,0.0
r0323_c0267,0.0
r0323_c0268,133.33
r0323_c0278,0.0
r0323_c0282,266.67
r0323_c0287,0.0
r0323_c0288,0.0
r0323_c0295,0.0
r0323_c0296,0.0
r0323_c0297,0.0
r0323_c0298,0.0
r0323_c0309,0.0
r0324_c0103,0.0
r0324_c0112,0.0
r0324_c0113,0.0
r0324_c0114,0.0
r0324_c0116,0.0
r0324_c0125,0.0
r0324_c0126,0.0
r0324_c0127,0.0
r0324_c0128,0.0
r0324_c0129,0.0
r0324_c0130,0.0
r0324_c0131,0.0
r0324_c0132,0.0
r0324_c0133,0.0
r0324_c0134,0.0
r0324_c0135,0.0
r0324_c0137,0.0
r0324_c0138,0.0
r0324_c0140,0.0
r0324_c0146,0.0
r0324_c0148,0.0
r0324_c0173,0.0
r0324_c0174,0.0
r0324_c0175,0.0
r0324_c0176,0.0
r0324_c0177,0.0
r0324_c0178,0.0
r0324_c0179,0.0
r0324_c0180,0.0
r0324_c0181,44.44
r0324_c0182,88.89
r0324_c0200,133.33
r0324_c0201,44.44
r0324_c0202,0.0
r0324_c0205,0.0
r0324_c0206,0.0
r0324_c0208,0.0
r0324_c0209,44.44
r0324_c0210,44.44
r0324_c0213,0.0
r0324_c0214,0.0
r0324_c0215,0.0
r0324_c0216,0.0
r0324_c0219,0.0
r0324_c0221,44.44
r0324_c0230,44.44
r0324_c0236,44.44
r0324_c0237,0.0
r0324_c0239,0.0
r0324_c0262,0.0
r0324_c0264,0.0
r0324_c0265,0.0
r0324_c0267,0.0
r0324_c0276,0.0
r0324_c0277,0.0
r0324_c0283,44.44
r0324_c0287,0.0
r0324_c0288,0.0
r0324_c0295,0.0
r0324_c0296,0.0
r0324_c0297,0.0
r0324_c0298,0.0
r0324_c0299,0.0
r0324_c0300,0.0
r0325_c0101,0.0
r0325_c0103,0.0
r0325_c0112,0.0
r0325_c0113,0.0
r0325_c0114,0.0
r0325_c0115,0.0
r0325_c0126,0.0
r0325_c0127,0.0
r0325_c0128,0.0
r0325_c0129,0.0
r0325_c0130,0.0
r0325_c0131,0.0
r0325_c0132,0.0
r0325_c0133,0.0
r0325_c0134,0.0
r0325_c0135,0.0
r0325_c0136,0.0
r0325_c0137,0.0
r0325_c0139,0.0
r0325_c0148,0.0
r0325_c0149,0.0
r0325_c0173,0.0
r0325_c0174,0.0
r0325_c0175,0.0
r0325_c0176,0.0
r0325_c0177,0.0
r0325_c0178,0.0
r0325_c0179,0.0
r0325_c0180,0.0
r0325_c0181,0.0
r0325_c0182,0.0
r0325_c0183,0.0
r0325_c0184,88.89
r0325_c0185,44.44
r0325_c0186,222.22
r0325_c0187,0.0
r0325_c0204,44.44
r0325_c0205,0.0
r0325_c0206,0.0
r0325_c0207,88.89
r0325_c0208,44.44
r0325_c0209,0.0
r0325_c0210,177.78
r0325_c0211,44.44
r0325_c0212,133.33
r0325_c0213,133.33
r0325_c0215,0.0
r0325_c0216,44.44
r0325_c0218,88.89
r0325_c0219,44.44
r0325_c0220,133.33
r0325_c0221,0.0
r0325_c0222,222.22
r0325_c0223,88.89
r0325_c0224,311.11
r0325_c0234,177.78
r0325_c0235,44.44
r0325_c0236,0.0
r0325_c0237,0.0
r0325_c0238,0.0
r0325_c0239,0.0
r0325_c0260,0.0
r0325_c0261,0.0
r0325_c0262,0.0
r0325_c0263,0.0
r0325_c0264,0.0
r0325_c0276,0.0
r0325_c0278,0.0
r0325_c0286,0.0
r0325_c0295,0.0
r0325_c0296,0.0
r0325_c0297,0.0
r0325_c0298,0.0
r0325_c0299,0.0
r0325_c0300,0.0
r0325_c0301,0.0
r0326_c0101,0.0
r0326_c0102,0.0
r0326_c0112,0.0
r0326_c0113,0.0
r0326_c0114,0.0
r0326_c0115,0.0
r0326_c0126,0.0
r0326_c0127,0.0
r0326_c0128,0.0
r0326_c0129,0.0
r0326_c0130,0.0
r0326_c0131,0.0
r0326_c0132,0.0
r0326_c0133,0.0
r0326_c0134,0.0
r0326_c0135,0.0
r0326_c0136,0.0
r0326_c0137,0.0
r0326_c0138,44.44
r0326_c0139,0.0
r0326_c0148,0.0
r0326_c0149,0.0
r0326_c0173,0.0
r0326_c0174,0.0
r0326_c0175,0.0
r0326_c0176,0.0
r0326_c0177,0.0
r0326_c0178,0.0
r0326_c0179,0.0
r0326_c0180,0.0
r0326_c0181,0.0
r0326_c0182,0.0
r0326_c0183,0.0
r0326_c0184,0.0
r0326_c0185,0.0
r0326_c0186,0.0
r0326_c0187,0.0
r0326_c0188,0.0
r0326_c0189,0.0
r0326_c0190,88.89
r0326_c0199,177.78
r0326_c0200,0.0
r0326_c0201,0.0
r0326_c0208,0.0
r0326_c0209,44.44
r0326_c0210,88.89
r0326_c0212,0.0
r0326_c0232,88.89
r0326_c0235,0.0
r0326_c0236,0.0
r0326_c0237,0.0
r0326_c0238,0.0
r0326_c0239,0.0
r0326_c0260,0.0
r0326_c0261,0.0
r0326_c0262,0.0
r0326_c0263,0.0
r0326_c0277,0.0
r0326_c0296,0.0
r0326_c0297,0.0
r0326_c0298,0.0
r0326_c0299,0.0
r0326_c0300,0.0
r0326_c0301,0.0
r0327_c0101,0.0
r0327_c0102,0.0
r0327_c0112,0.0
r0327_c0124,0.0
r0327_c0125,0.0
r0327_c0126,0.0
r0327_c0127,0.0
r0327_c0128,0.0
r0327_c0129,0.0
r0327_c0130,0.0
r0327_c0131,0.0
r0327_c0132,0.0
r0327_c0134,0.0
r0327_c0135,0.0
r0327_c0136,0.0
r0327_c0137,0.0
r0327_c0138,0.0
r0327_c0148,0.0
r0327_c0149,0.0
r0327_c0173,0.0
r0327_c0174,0.0
r0327_c0175,0.0
r0327_c0176,0.0
r0327_c0177,0.0
r0327_c0178,0.0
r0327_c0179,0.0
r0327_c0180,0.0
r0327_c0181,0.0
r0327_c0182,0.0
r0327_c0183,0.0
r0327_c0184,0.0
r0327_c0185,0.0
r0327_c0186,0.0
r0327_c0187,0.0
r0327_c0188,0.0
r0327_c0189,0.0
r0327_c0190,0.0
r0327_c0198,222.22
r0327_c0199,0.0
r0327_c0200,133.33
r0327_c0204,222.22
r0327_c0205,88.89
r0327_c0206,177.78
r0327_c0207,133.33
r0327_c0208,133.33
r0327_c0209,88.89
r0327_c0210,88.89
r0327_c0211,0.0
r0327_c0213,44.44
r0327_c0214,0.0
r0327_c0215,0.0
r0327_c0217,0.0
r0327_c0219,44.44
r0327_c0220,0.0
r0327_c0221,0.0
r0327_c0232,355.56
r0327_c0234,133.33
r0327_c0235,0.0
r0327_c0236,0.0
r0327_c0237,0.0
r0327_c0238,0.0
r0327_c0239,0.0
r0327_c0257,0.0
r0327_c0259,0.0
r0327_c0260,0.0
r0327_c0261,0.0
r0327_c0262,0.0
r0327_c0263,0.0
r0327_c0277,0.0
r0327_c0280,0.0
r0327_c0286,0.0
r0327_c0294,0.0
r0327_c0295,0.0
r0327_c0296,0.0
r0327_c0297,0.0
r0327_c0298,0.0
r0327_c0299,0.0
r0327_c0300,0.0
r0327_c0301,0.0
r0328_c0101,0.0
r0328_c0106,0.0
r0328_c0111,0.0
r0328_c0124,0.0
r0328_c0125,0.0
r0328_c0126,0.0
r0328_c0128,0.0
r0328_c0129,0.0
r0328_c0130,0.0
r0328_c0131,0.0
r0328_c0132,0.0
r0328_c0133,0.0
r0328_c0134,0.0
r0328_c0135,0.0
r0328_c0136,0.0
r0328_c0137,0.0
r0328_c0142,0.0
r0328_c0149,0.0
r0328_c0170,0.0
r0328_c0173,0.0
r0328_c0174,0.0
r0328_c0175,0.0
r0328_c0176,0.0
r0328_c0177,0.0
r0328_c0178,0.0
r0328_c0179,0.0
r0328_c0180,0.0
r0328_c0181,0.0
r0328_c0182,0.0
r0328_c0183,0.0
r0328_c0184,0.0
r0328_c0185,0.0
r0328_c0186,0.0
r0328_c0187,0.0
r0328_c0188,0.0
r0328_c0189,0.0
r0328_c0190,0.0
r0328_c0201,311.11
r0328_c0202,577.78
r0328_c0203,311.11
r0328_c0204,177.78
r0328_c0205,44.44
r0328_c0206,44.44
r0328_c0207,133.33
r0328_c0208,177.78
r0328_c0211,222.22
r0328_c0212,88.89
r0328_c0213,133.33
r0328_c0214,0.0
r0328_c0215,88.89
r0328_c0217,88.89
r0328_c0218,177.78
r0328_c0220,88.89
r0328_c0221,222.22
r0328_c0222,88.89
r0328_c0223,177.78
r0328_c0224,577.78
r0328_c0225,488.89
r0328_c0226,222.22
r0328_c0227,222.22
r0328_c0231,0.0
r0328_c0234,44.44
r0328_c0235,0.0
r0328_c0236,0.0
r0328_c0237,0.0
r0328_c0238,0.0
r0328_c0239,0.0
r0328_c0240,44.44
r0328_c0257,0.0
r0328_c0258,0.0
r0328_c0259,0.0
r0328_c0260,0.0
r0328_c0261,44.44
r0328_c0262,0.0
r0328_c0275,0.0
r0328_c0276,0.0
r0328_c0279,0.0
r0328_c0280,0.0
r0328_c0286,0.0
r0328_c0287,0.0
r0328_c0288,0.0
r0328_c0289,0.0
r0328_c0290,0.0
r0328_c0295,0.0
r0328_c0296,0.0
r0328_c0297,0.0
r0328_c0298,0.0
r0328_c0299,0.0
r0328_c0300,0.0
r0328_c0301,0.0
r0329_c0101,0.0
r0329_c0102,0.0
r0329_c0107,0.0
r0329_c0110,0.0
r0329_c0111,0.0
r0329_c0112,0.0
r0329_c0113,0.0
r0329_c0126,0.0
r0329_c0127,0.0
r0329_c0128,0.0
r0329_c0129,0.0
r0329_c0130,0.0
r0329_c0131,0.0
r0329_c0132,0.0
r0329_c0133,0.0
r0329_c0134,0.0
r0329_c0135,0.0
r0329_c0137,0.0
r0329_c0138,0.0
r0329_c0142,0.0
r0329_c0149,0.0
r0329_c0170,0.0
r0329_c0171,0.0
r0329_c0172,0.0
r0329_c0173,0.0
r0329_c0174,0.0
r0329_c0175,0.0
r0329_c0176,0.0
r0329_c0177,0.0
r0329_c0178,0.0
r0329_c0179,0.0
r0329_c0180,0.0
r0329_c0181,0.0
r0329_c0182,0.0
r0329_c0183,0.0
r0329_c0184,0.0
r0329_c0185,0.0
r0329_c0189,0.0
r0329_c0195,0.0
r0329_c0202,577.78
r0329_c0220,44.44
r0329_c0225,0.0
r0329_c0226,0.0
r0329_c0231,88.89
r0329_c0234,88.89
r0329_c0237,0.0
r0329_c0238,0.0
r0329_c0239,0.0
r0329_c0258,0.0
r0329_c0259,0.0
r0329_c0260,0.0
r0329_c0261,0.0
r0329_c0262,0.0
r0329_c0279,0.0
r0329_c0286,0.0
r0329_c0287,0.0
r0329_c0288,0.0
r0329_c0289,0.0
r0329_c0290,0.0
r0329_c0291,0.0
r0329_c0292,0.0
r0329_c0295,0.0
r0329_c0296,0.0
r0329_c0297,0.0
r0329_c0298,0.0
r0329_c0300,0.0
r0329_c0301,0.0
r0330_c0101,0.0
r0330_c0102,0.0
r0330_c0107,0.0
r0330_c0108,0.0
r0330_c0109,0.0
r0330_c0110,0.0
r0330_c0111,0.0
r0330_c0112,0.0
r0330_c0113,0.0
r0330_c0115,0.0
r0330_c0116,0.0
r0330_c0124,0.0
r0330_c0126,0.0
r0330_c0127,0.0
r0330_c0128,0.0
r0330_c0129,0.0
r0330_c0130,0.0
r0330_c0131,0.0
r0330_c0132,0.0
r0330_c0133,0.0
r0330_c0134,0.0
r0330_c0135,0.0
r0330_c0136,0.0
r0330_c0137,0.0
r0330_c0142,0.0
r0330_c0147,0.0
r0330_c0170,0.0
r0330_c0171,0.0
r0330_c0172,0.0
r0330_c0174,0.0
r0330_c0175,0.0
r0330_c0176,0.0
r0330_c0178,0.0
r0330_c0179,0.0
r0330_c0180,0.0
r0330_c0181,0.0
r0330_c0182,0.0
r0330_c0183,0.0
r0330_c0184,0.0
r0330_c0186,0.0
r0330_c0187,0.0
r0330_c0188,0.0
r0330_c0195,0.0
r0330_c0196,0.0
r0330_c0208,177.78
r0330_c0220,88.89
r0330_c0225,0.0
r0330_c0226,0.0
r0330_c0231,133.33
r0330_c0234,44.44
r0330_c0237,0.0
r0330_c0238,0.0
r0330_c0243,311.11
r0330_c0260,0.0
r0330_c0261,0.0
r0330_c0262,0.0
r0330_c0263,44.44
r0330_c0286,0.0
r0330_c0287,0.0
r0330_c0288,44.44
r0330_c0289,0.0
r0330_c0290,0.0
r0330_c0291,44.44
r0330_c0292,0.0
r0330_c0293,0.0
r0330_c0294,0.0
r0330_c0295,0.0
r0330_c0296,0.0
r0330_c0297,88.89
r0330_c0298,44.44
r0330_c0299,0.0
r0330_c0300,0.0
r0330_c0301,0.0
r0331_c0100,0.0
r0331_c0101,0.0
r0331_c0102,0.0
r0331_c0106,0.0
r0331_c0107,0.0
r0331_c0108,0.0
r0331_c0109,0.0
r0331_c0110,0.0
r0331_c0115,0.0
r0331_c0117,0.0
r0331_c0119,0.0
r0331_c0124,0.0
r0331_c0125,0.0
r0331_c0126,0.0
r0331_c0127,0.0
r0331_c0128,0.0
r0331_c0129,0.0
r0331_c0130,0.0
r0331_c0131,0.0
r0331_c0132,0.0
r0331_c0136,0.0
r0331_c0137,0.0
r0331_c0138,0.0
r0331_c0142,0.0
r0331_c0143,0.0
r0331_c0147,0.0
r0331_c0149,0.0
r0331_c0163,0.0
r0331_c0171,0.0
r0331_c0172,0.0
r0331_c0173,0.0
r0331_c0179,0.0
r0331_c0180,0.0
r0331_c0181,0.0
r0331_c0182,0.0
r0331_c0183,0.0
r0331_c0184,0.0
r0331_c0185,0.0
r0331_c0186,0.0
r0331_c0187,0.0
r0331_c0188,0.0
r0331_c0216,266.67
r0331_c0217,0.0
r0331_c0218,0.0
r0331_c0219,0.0
r0331_c0221,0.0
r0331_c0222,0.0
r0331_c0223,0.0
r0331_c0224,0.0
r0331_c0225,0.0
r0331_c0226,0.0
r0331_c0227,0.0
r0331_c0228,0.0
r0331_c0229,0.0
r0331_c0230,0.0
r0331_c0231,0.0
r0331_c0232,0.0
r0331_c0233,0.0
r0331_c0234,266.67
r0331_c0235,0.0
r0331_c0236,0.0
r0331_c0237,0.0
r0331_c0238,0.0
r0331_c0239,0.0
r0331_c0243,222.22
r0331_c0260,0.0
r0331_c0262,0.0
r0331_c0288,133.33
r0331_c0289,0.0
r0331_c0290,0.0
r0331_c0291,0.0
r0331_c0292,0.0
r0331_c0293,0.0
r0331_c0294,0.0
r0331_c0295,0.0
r0331_c0296,0.0
r0331_c0297,0.0
r0331_c0298,0.0
r0331_c0299,0.0
r0331_c0300,0.0
r0331_c0301,0.0
r0332_c0102,0.0
r0332_c0106,0.0
r0332_c0107,0.0
r0332_c0109,0.0
r0332_c0110,0.0
r0332_c0112,0.0
r0332_c0113,0.0
r0332_c0114,0.0
r0332_c0117,0.0
r0332_c0118,0.0
r0332_c0119,0.0
r0332_c0120,0.0
r0332_c0124,0.0
r0332_c0125,0.0
r0332_c0126,0.0
r0332_c0127,0.0
r0332_c0128,0.0
r0332_c0129,0.0
r0332_c0130,0.0
r0332_c0131,0.0
r0332_c0136,0.0
r0332_c0137,0.0
r0332_c0142,0.0
r0332_c0143,0.0
r0332_c0148,0.0
r0332_c0180,0.0
r0332_c0181,0.0
r0332_c0183,0.0
r0332_c0184,0.0
r0332_c0185,0.0
r0332_c0186,0.0
r0332_c0215,0.0
r0332_c0216,0.0
r0332_c0217,0.0
r0332_c0218,0.0
r0332_c0219,0.0
r0332_c0221,0.0
r0332_c0222,0.0
r0332_c0223,0.0
r0332_c0224,0.0
r0332_c0225,0.0
r0332_c0226,0.0
r0332_c0227,0.0
r0332_c0228,0.0
r0332_c0229,0.0
r0332_c0230,0.0
r0332_c0231,0.0
r0332_c0232,0.0
r0332_c0233,0.0
r0332_c0234,133.33
r0332_c0235,0.0
r0332_c0236,0.0
r0332_c0237,0.0
r0332_c0238,0.0
r0332_c0239,0.0
r0332_c0240,0.0
r0332_c0243,88.89
r0332_c0244,44.44
r0332_c0260,0.0
r0332_c0261,0.0
r0332_c0262,0.0
r0332_c0263,44.44
r0332_c0287,0.0
r0332_c0288,0.0
r0332_c0290,44.44
r0332_c0291,0.0
r0332_c0292,0.0
r0332_c0293,0.0
r0332_c0294,0.0
r0332_c0295,0.0
r0332_c0297,0.0
r0332_c0298,0.0
r0332_c0299,0.0
r0332_c0301,0.0
r0333_c0102,0.0
r0333_c0103,0.0
r0333_c0107,0.0
r0333_c0113,0.0
r0333_c0114,0.0
r0333_c0116,0.0
r0333_c0117,0.0
r0333_c0118,0.0
r0333_c0119,0.0
r0333_c0120,0.0
r0333_c0124,0.0
r0333_c0125,0.0
r0333_c0126,0.0
r0333_c0127,0.0
r0333_c0128,0.0
r0333_c0129,0.0
r0333_c0130,0.0
r0333_c0135,0.0
r0333_c0136,0.0
r0333_c0137,0.0
r0333_c0138,0.0
r0333_c0142,0.0
r0333_c0143,0.0
r0333_c0144,0.0
r0333_c0145,0.0
r0333_c0146,0.0
r0333_c0184,0.0
r0333_c0185,0.0
r0333_c0186,0.0
r0333_c0187,0.0
r0333_c0215,0.0
r0333_c0216,0.0
r0333_c0217,0.0
r0333_c0218,0.0
r0333_c0219,0.0
r0333_c0220,0.0
r0333_c0221,0.0
r0333_c0222,0.0
r0333_c0223,0.0
r0333_c0224,0.0
r0333_c0225,0.0
r0333_c0226,0.0
r0333_c0227,0.0
r0333_c0228,0.0
r0333_c0229,0.0
r0333_c0230,0.0
r0333_c0231,0.0
r0333_c0232,0.0
r0333_c0233,0.0
r0333_c0234,266.67
r0333_c0235,0.0
r0333_c0236,0.0
r0333_c0237,0.0
r0333_c0238,0.0
r0333_c0239,0.0
r0333_c0244,133.33
r0333_c0249,44.44
r0333_c0258,0.0
r0333_c0259,0.0
r0333_c0260,0.0
r0333_c0261,0.0
r0333_c0262,0.0
r0333_c0269,44.44
r0333_c0273,0.0
r0333_c0286,0.0
r0333_c0287,44.44
r0333_c0288,0.0
r0333_c0289,44.44
r0333_c0290,88.89
r0333_c0291,266.67
r0333_c0292,0.0
r0333_c0293,44.44
r0333_c0294,0.0
r0333_c0295,0.0
r0333_c0296,0.0
r0333_c0298,0.0
r0333_c0299,0.0
r0333_c0300,0.0
r0333_c0301,0.0
r0334_c0103,0.0
r0334_c0106,0.0
r0334_c0107,0.0
r0334_c0116,0.0
r0334_c0117,0.0
r0334_c0118,0.0
r0334_c0119,0.0
r0334_c0120,0.0
r0334_c0125,0.0
r0334_c0126,0.0
r0334_c0127,0.0
r0334_c0128,0.0
r0334_c0129,0.0
r0334_c0130,0.0
r0334_c0135,0.0
r0334_c0136,0.0
r0334_c0137,0.0
r0334_c0142,0.0
r0334_c0143,0.0
r0334_c0144,0.0
r0334_c0145,0.0
r0334_c0182,0.0
r0334_c0183,0.0
r0334_c0185,0.0
r0334_c0215,0.0
r0334_c0216,0.0
r0334_c0217,0.0
r0334_c0218,0.0
r0334_c0219,0.0
r0334_c0220,0.0
r0334_c0221,0.0
r0334_c0222,0.0
r0334_c0223,0.0
r0334_c0224,0.0
r0334_c0225,0.0
r0334_c0226,0.0
r0334_c0227,0.0
r0334_c0228,0.0
r0334_c0229,0.0
r0334_c0230,0.0
r0334_c0231,0.0
r0334_c0232,0.0
r0334_c0233,0.0
r0334_c0234,177.78
r0334_c0235,0.0
r0334_c0236,0.0
r0334_c0237,0.0
r0334_c0238,0.0
r0334_c0251,0.0
r0334_c0252,0.0
r0334_c0253,0.0
r0334_c0254,0.0
r0334_c0255,88.89
r0334_c0257,0.0
r0334_c0258,0.0
r0334_c0259,0.0
r0334_c0260,0.0
r0334_c0261,44.44
r0334_c0267,0.0
r0334_c0268,0.0
r0334_c0284,0.0
r0334_c0285,0.0
r0334_c0286,0.0
r0334_c0287,0.0
r0334_c0288,0.0
r0334_c0289,0.0
r0334_c0290,0.0
r0334_c0291,0.0
r0334_c0292,577.78
r0334_c0293,444.44
r0334_c0294,0.0
r0334_c0295,0.0
r0334_c0296,0.0
r0334_c0297,0.0
r0334_c0299,0.0
r0334_c0300,0.0
r0334_c0301,0.0
r0335_c0103,0.0
r0335_c0104,0.0
r0335_c0115,0.0
r0335_c0116,0.0
r0335_c0117,0.0
r0335_c0118,0.0
r0335_c0119,0.0
r0335_c0120,0.0
r0335_c0125,0.0
r0335_c0126,0.0
r0335_c0127,0.0
r0335_c0128,0.0
r0335_c0129,0.0
r0335_c0135,0.0
r0335_c0136,0.0
r0335_c0141,0.0
r0335_c0142,0.0
r0335_c0143,0.0
r0335_c0144,0.0
r0335_c0145,0.0
r0335_c0182,0.0
r0335_c0183,0.0
r0335_c0184,0.0
r0335_c0201,0.0
r0335_c0215,0.0
r0335_c0216,0.0
r0335_c0217,0.0
r0335_c0218,0.0
r0335_c0219,0.0
r0335_c0220,0.0
r0335_c0221,0.0
r0335_c0222,0.0
r0335_c0223,0.0
r0335_c0224,0.0
r0335_c0225,0.0
r0335_c0226,0.0
r0335_c0227,0.0
r0335_c0228,0.0
r0335_c0229,0.0
r0335_c0230,0.0
r0335_c0231,0.0
r0335_c0232,0.0
r0335_c0233,0.0
r0335_c0234,0.0
r0335_c0235,0.0
r0335_c0236,0.0
r0335_c0237,0.0
r0335_c0238,0.0
r0335_c0239,0.0
r0335_c0240,0.0
r0335_c0242,0.0
r0335_c0243,0.0
r0335_c0250,0.0
r0335_c0251,0.0
r0335_c0252,0.0
r0335_c0253,0.0
r0335_c0254,0.0
r0335_c0255,0.0
r0335_c0257,0.0
r0335_c0258,0.0
r0335_c0259,0.0
r0335_c0260,0.0
r0335_c0266,0.0
r0335_c0284,0.0
r0335_c0285,0.0
r0335_c0286,0.0
r0335_c0287,0.0
r0335_c0288,0.0
r0335_c0289,0.0
r0335_c0290,0.0
r0335_c0291,0.0
r0335_c0292,0.0
r0335_c0293,0.0
r0335_c0294,44.44
r0335_c0295,133.33
r0335_c0296,0.0
r0335_c0297,0.0
r0335_c0298,0.0
r0336_c0103,0.0
r0336_c0104,0.0
r0336_c0107,0.0
r0336_c0115,0.0
r0336_c0116,0.0
r0336_c0117,0.0
r0336_c0118,0.0
r0336_c0119,0.0
r0336_c0120,0.0
r0336_c0121,0.0
r0336_c0124,0.0
r0336_c0125,0.0
r0336_c0126,0.0
r0336_c0127,0.0
r0336_c0128,0.0
r0336_c0129,0.0
r0336_c0130,0.0
r0336_c0136,0.0
r0336_c0140,0.0
r0336_c0141,0.0
r0336_c0143,0.0
r0336_c0144,0.0
r0336_c0146,0.0
r0336_c0147,0.0
r0336_c0182,0.0
r0336_c0183,0.0
r0336_c0201,88.89
r0336_c0215,0.0
r0336_c0216,0.0
r0336_c0217,0.0
r0336_c0218,0.0
r0336_c0219,0.0
r0336_c0220,0.0
r0336_c0221,0.0
r0336_c0222,0.0
r0336_c0223,0.0
r0336_c0224,0.0
r0336_c0225,0.0
r0336_c0226,0.0
r0336_c0227,0.0
r0336_c0228,0.0
r0336_c0229,0.0
r0336_c0230,0.0
r0336_c0231,0.0
r0336_c0232,0.0
r0336_c0233,0.0
r0336_c0234,0.0
r0336_c0235,0.0
r0336_c0236,0.0
r0336_c0237,0.0
r0336_c0238,0.0
r0336_c0239,0.0
r0336_c0240,0.0
r0336_c0241,0.0
r0336_c0242,0.0
r0336_c0243,0.0
r0336_c0249,0.0
r0336_c0250,0.0
r0336_c0251,0.0
r0336_c0252,0.0
r0336_c0253,0.0
r0336_c0254,0.0
r0336_c0283,0.0
r0336_c0284,0.0
r0336_c0285,0.0
r0336_c0286,0.0
r0336_c0287,0.0
r0336_c0288,0.0
r0336_c0289,0.0
r0336_c0290,0.0
r0336_c0291,0.0
r0336_c0292,0.0
r0336_c0293,0.0
r0336_c0294,0.0
r0337_c0103,0.0
r0337_c0107,0.0
r0337_c0108,0.0
r0337_c0115,0.0
r0337_c0117,0.0
r0337_c0118,0.0
r0337_c0119,0.0
r0337_c0120,0.0
r0337_c0125,0.0
r0337_c0126,0.0
r0337_c0127,0.0
r0337_c0128,0.0
r0337_c0129,0.0
r0337_c0130,0.0
r0337_c0138,0.0
r0337_c0143,0.0
r0337_c0144,0.0
r0337_c0145,0.0
r0337_c0147,0.0
r0337_c0148,0.0
r0337_c0216,0.0
r0337_c0217,0.0
r0337_c0218,0.0
r0337_c0219,0.0
r0337_c0220,0.0
r0337_c0223,0.0
r0337_c0224,0.0
r0337_c0225,0.0
r0337_c0226,0.0
r0337_c0227,0.0
r0337_c0228,0.0
r0337_c0229,0.0
r0337_c0230,0.0
r0337_c0231,0.0
r0337_c0232,0.0
r0337_c0233,0.0
r0337_c0234,0.0
r0337_c0235,0.0
r0337_c0236,0.0
r0337_c0237,0.0
r0337_c0238,0.0
r0337_c0239,0.0
r0337_c0240,0.0
r0337_c0241,0.0
r0337_c0249,0.0
r0337_c0250,0.0
r0337_c0251,0.0
r0337_c0252,0.0
r0337_c0253,0.0
r0337_c0254,0.0
r0337_c0255,88.89
r0337_c0260,177.78
r0337_c0272,0.0
r0337_c0282,0.0
r0337_c0283,0.0
r0337_c0284,0.0
r0337_c0285,0.0
r0337_c0286,0.0
r0337_c0287,0.0
r0337_c0288,0.0
r0337_c0289,0.0
r0337_c0290,0.0
r0337_c0291,0.0
r0337_c0292,0.0
r0337_c0293,0.0
r0337_c0297,44.44
r0337_c0298,222.22
r0338_c0103,0.0
r0338_c0107,0.0
r0338_c0119,0.0
r0338_c0120,0.0
r0338_c0125,0.0
r0338_c0126,0.0
r0338_c0127,0.0
r0338_c0128,0.0
r0338_c0129,0.0
r0338_c0143,0.0
r0338_c0144,0.0
r0338_c0145,0.0
r0338_c0146,0.0
r0338_c0147,0.0
r0338_c0148,0.0
r0338_c0216,0.0
r0338_c0217,0.0
r0338_c0218,0.0
r0338_c0219,0.0
r0338_c0220,0.0
r0338_c0226,44.44
r0338_c0227,0.0
r0338_c0228,0.0
r0338_c0229,0.0
r0338_c0230,0.0
r0338_c0231,0.0
r0338_c0232,0.0
r0338_c0233,0.0
r0338_c0234,0.0
r0338_c0235,0.0
r0338_c0236,0.0
r0338_c0237,0.0
r0338_c0238,0.0
r0338_c0239,0.0
r0338_c0240,0.0
r0338_c0241,0.0
r0338_c0242,0.0
r0338_c0243,0.0
r0338_c0244,0.0
r0338_c0245,0.0
r0338_c0247,0.0
r0338_c0248,0.0
r0338_c0249,44.44
r0338_c0250,0.0
r0338_c0251,0.0
r0338_c0252,0.0
r0338_c0253,0.0
r0338_c0280,0.0
r0338_c0281,0.0
r0338_c0282,0.0
r0338_c0283,0.0
r0338_c0284,0.0
r0338_c0285,0.0
r0338_c0286,0.0
r0338_c0287,0.0
r0338_c0289,0.0
r0338_c0290,0.0
r0338_c0291,0.0
r0338_c0292,0.0
r0338_c0293,0.0
r0339_c0102,0.0
r0339_c0106,0.0
r0339_c0107,0.0
r0339_c0118,0.0
r0339_c0119,0.0
r0339_c0120,0.0
r0339_c0125,0.0
r0339_c0126,0.0
r0339_c0127,0.0
r0339_c0128,0.0
r0339_c0129,0.0
r0339_c0130,0.0
r0339_c0143,0.0
r0339_c0144,0.0
r0339_c0145,0.0
r0339_c0146,0.0
r0339_c0147,0.0
r0339_c0148,0.0
r0339_c0182,0.0
r0339_c0216,0.0
r0339_c0217,0.0
r0339_c0218,0.0
r0339_c0219,0.0
r0339_c0220,0.0
r0339_c0228,44.44
r0339_c0229,0.0
r0339_c0230,0.0
r0339_c0231,0.0
r0339_c0232,0.0
r0339_c0233,0.0
r0339_c0234,0.0
r0339_c0235,0.0
r0339_c0236,0.0
r0339_c0237,0.0
r0339_c0238,0.0
r0339_c0239,0.0
r0339_c0240,0.0
r0339_c0241,0.0
r0339_c0242,0.0
r0339_c0243,0.0
r0339_c0244,0.0
r0339_c0245,0.0
r0339_c0247,0.0
r0339_c0248,0.0
r0339_c0249,133.33
r0339_c0250,133.33
r0339_c0251,0.0
r0339_c0252,0.0
r0339_c0253,0.0
r0339_c0280,0.0
r0339_c0281,0.0
r0339_c0282,0.0
r0339_c0283,0.0
r0339_c0284,0.0
r0339_c0285,0.0
r0339_c0286,0.0
r0339_c0287,0.0
r0339_c0288,0.0
r0339_c0289,0.0
r0339_c0290,0.0
r0339_c0291,0.0
r0339_c0292,44.44
r0340_c0102,0.0
r0340_c0119,0.0
r0340_c0120,0.0
r0340_c0124,0.0
r0340_c0125,0.0
r0340_c0126,0.0
r0340_c0127,0.0
r0340_c0128,0.0
r0340_c0129,0.0
r0340_c0130,0.0
r0340_c0131,0.0
r0340_c0143,0.0
r0340_c0147,0.0
r0340_c0148,0.0
r0340_c0182,0.0
r0340_c0183,0.0
r0340_c0200,0.0
r0340_c0201,0.0
r0340_c0216,0.0
r0340_c0217,0.0
r0340_c0218,0.0
r0340_c0219,0.0
r0340_c0232,0.0
r0340_c0233,0.0
r0340_c0234,0.0
r0340_c0235,0.0
r0340_c0236,0.0
r0340_c0237,0.0
r0340_c0238,0.0
r0340_c0239,0.0
r0340_c0240,0.0
r0340_c0241,0.0
r0340_c0242,0.0
r0340_c0246,0.0
r0340_c0247,0.0
r0340_c0248,0.0
r0340_c0249,0.0
r0340_c0250,133.33
r0340_c0251,44.44
r0340_c0252,0.0
r0340_c0268,44.44
r0340_c0280,0.0
r0340_c0281,0.0
r0340_c0282,0.0
r0340_c0283,0.0
r0340_c0284,0.0
r0340_c0285,0.0
r0340_c0286,0.0
r0340_c0287,0.0
r0340_c0288,88.89
r0340_c0289,0.0
r0340_c0290,88.89
r0340_c0299,0.0
r0341_c0102,0.0
r0341_c0119,0.0
r0341_c0120,0.0
r0341_c0124,0.0
r0341_c0126,0.0
r0341_c0127,0.0
r0341_c0128,0.0
r0341_c0129,0.0
r0341_c0130,0.0
r0341_c0175,0.0
r0341_c0200,0.0
r0341_c0216,88.89
r0341_c0217,0.0
r0341_c0218,0.0
r0341_c0219,0.0
r0341_c0220,0.0
r0341_c0235,0.0
r0341_c0238,0.0
r0341_c0239,0.0
r0341_c0240,0.0
r0341_c0241,0.0
r0341_c0242,0.0
r0341_c0246,0.0
r0341_c0247,0.0
r0341_c0248,0.0
r0341_c0249,0.0
r0341_c0250,0.0
r0341_c0259,88.89
r0341_c0266,0.0
r0341_c0279,0.0
r0341_c0280,0.0
r0341_c0281,0.0
r0341_c0282,0.0
r0341_c0283,0.0
r0341_c0284,0.0
r0341_c0285,0.0
r0341_c0286,0.0
r0341_c0287,88.89
r0341_c0293,0.0
r0341_c0305,0.0
r0342_c0099,0.0
r0342_c0100,0.0
r0342_c0113,0.0
r0342_c0120,0.0
r0342_c0121,0.0
r0342_c0124,0.0
r0342_c0125,0.0
r0342_c0126,0.0
r0342_c0127,0.0
r0342_c0128,0.0
r0342_c0129,0.0
r0342_c0130,0.0
r0342_c0162,0.0
r0342_c0163,0.0
r0342_c0164,0.0
r0342_c0173,0.0
r0342_c0174,0.0
r0342_c0175,0.0
r0342_c0204,0.0
r0342_c0235,0.0
r0342_c0236,0.0
r0342_c0245,0.0
r0342_c0246,0.0
r0342_c0247,0.0
r0342_c0248,0.0
r0342_c0249,0.0
r0342_c0258,44.44
r0342_c0259,0.0
r0342_c0260,0.0
r0342_c0264,0.0
r0342_c0265,0.0
r0342_c0266,0.0
r0342_c0267,0.0
r0342_c0268,44.44
r0342_c0279,0.0
r0342_c0280,0.0
r0342_c0281,0.0
r0342_c0282,0.0
r0342_c0285,133.33
r0342_c0286,0.0
r0342_c0287,0.0
r0342_c0288,0.0
r0342_c0289,0.0
r0342_c0290,0.0
r0342_c0292,0.0
r0342_c0293,0.0
r0342_c0294,0.0
r0342_c0295,0.0
r0342_c0296,44.44
r0342_c0297,133.33
r0342_c0305,0.0
r0343_c0099,0.0
r0343_c0100,0.0
r0343_c0112,0.0
r0343_c0113,0.0
r0343_c0114,0.0
r0343_c0120,0.0
r0343_c0121,0.0
r0343_c0124,0.0
r0343_c0125,0.0
r0343_c0126,0.0
r0343_c0127,0.0
r0343_c0128,0.0
r0343_c0130,0.0
r0343_c0162,0.0
r0343_c0163,0.0
r0343_c0164,0.0
r0343_c0203,0.0
r0343_c0204,0.0
r0343_c0245,0.0
r0343_c0246,0.0
r0343_c0247,0.0
r0343_c0248,0.0
r0343_c0256,0.0
r0343_c0257,0.0
r0343_c0258,0.0
r0343_c0259,0.0
r0343_c0260,0.0
r0343_c0261,0.0
r0343_c0263,0.0
r0343_c0264,0.0
r0343_c0265,0.0
r0343_c0266,0.0
r0343_c0267,0.0
r0343_c0268,0.0
r0343_c0276,133.33
r0343_c0277,0.0
r0343_c0280,44.44
r0343_c0281,44.44
r0343_c0282,0.0
r0343_c0283,44.44
r0343_c0284,133.33
r0343_c0285,0.0
r0343_c0286,0.0
r0343_c0287,0.0
r0343_c0288,0.0
r0343_c0289,0.0
r0343_c0290,0.0
r0343_c0291,0.0
r0343_c0292,0.0
r0343_c0293,0.0
r0343_c0294,0.0
r0343_c0295,0.0
r0343_c0296,0.0
r0343_c0304,0.0
r0343_c0305,0.0
r0343_c0306,0.0
r0343_c0307,0.0
r0344_c0099,0.0
r0344_c0112,0.0
r0344_c0113,0.0
r0344_c0120,0.0
r0344_c0121,0.0
r0344_c0122,0.0
r0344_c0124,0.0
r0344_c0125,0.0
r0344_c0126,0.0
r0344_c0127,0.0
r0344_c0162,0.0
r0344_c0163,0.0
r0344_c0164,0.0
r0344_c0195,0.0
r0344_c0202,0.0
r0344_c0203,0.0
r0344_c0208,0.0
r0344_c0209,0.0
r0344_c0246,88.89
r0344_c0247,0.0
r0344_c0251,88.89
r0344_c0255,222.22
r0344_c0256,0.0
r0344_c0257,0.0
r0344_c0258,0.0
r0344_c0259,0.0
r0344_c0260,0.0
r0344_c0261,0.0
r0344_c0262,0.0
r0344_c0263,0.0
r0344_c0264,0.0
r0344_c0265,0.0
r0344_c0266,0.0
r0344_c0267,0.0
r0344_c0268,0.0
r0344_c0269,0.0
r0344_c0277,0.0
r0344_c0278,0.0
r0344_c0280,0.0
r0344_c0281,0.0
r0344_c0282,0.0
r0344_c0283,0.0
r0344_c0284,0.0
r0344_c0285,0.0
r0344_c0286,0.0
r0344_c0287,0.0
r0344_c0288,0.0
r0344_c0289,0.0
r0344_c0290,0.0
r0344_c0291,0.0
r0344_c0292,0.0
r0344_c0293,0.0
r0344_c0294,0.0
r0344_c0295,0.0
r0344_c0296,0.0
r0344_c0301,0.0
r0344_c0304,0.0
r0344_c0305,0.0
r0344_c0306,0.0
r0344_c0307,0.0
r0345_c0098,0.0
r0345_c0099,0.0
r0345_c0109,0.0
r0345_c0110,0.0
r0345_c0112,0.0
r0345_c0113,0.0
r0345_c0121,0.0
r0345_c0122,0.0
r0345_c0123,0.0
r0345_c0124,0.0
r0345_c0125,0.0
r0345_c0126,0.0
r0345_c0127,0.0
r0345_c0128,0.0
r0345_c0129,0.0
r0345_c0162,0.0
r0345_c0163,0.0
r0345_c0195,0.0
r0345_c0196,0.0
r0345_c0197,0.0
r0345_c0198,0.0
r0345_c0200,0.0
r0345_c0209,0.0
r0345_c0217,0.0
r0345_c0218,0.0
r0345_c0246,0.0
r0345_c0247,44.44
r0345_c0250,0.0
r0345_c0259,0.0
r0345_c0260,0.0
r0345_c0261,0.0
r0345_c0262,0.0
r0345_c0263,0.0
r0345_c0264,0.0
r0345_c0265,0.0
r0345_c0266,0.0
r0345_c0267,0.0
r0345_c0268,88.89
r0345_c0269,0.0
r0345_c0270,44.44
r0345_c0276,44.44
r0345_c0277,0.0
r0345_c0278,0.0
r0345_c0279,0.0
r0345_c0280,0.0
r0345_c0283,0.0
r0345_c0284,0.0
r0345_c0285,0.0
r0345_c0286,0.0
r0345_c0287,0.0
r0345_c0288,0.0
r0345_c0289,0.0
r0345_c0290,0.0
r0345_c0292,0.0
r0345_c0293,0.0
r0345_c0296,0.0
r0345_c0297,0.0
r0345_c0305,0.0
r0345_c0306,0.0
r0345_c0307,0.0
r0346_c0097,0.0
r0346_c0098,0.0
r0346_c0099,0.0
r0346_c0106,0.0
r0346_c0107,0.0
r0346_c0108,0.0
r0346_c0109,0.0
r0346_c0110,0.0
r0346_c0111,0.0
r0346_c0112,0.0
r0346_c0113,0.0
r0346_c0116,0.0
r0346_c0122,0.0
r0346_c0123,0.0
r0346_c0124,0.0
r0346_c0125,0.0
r0346_c0126,0.0
r0346_c0127,0.0
r0346_c0162,0.0
r0346_c0194,0.0
r0346_c0195,0.0
r0346_c0196,0.0
r0346_c0197,0.0
r0346_c0198,0.0
r0346_c0199,0.0
r0346_c0200,0.0
r0346_c0201,0.0
r0346_c0209,0.0
r0346_c0217,0.0
r0346_c0218,0.0
r0346_c0245,0.0
r0346_c0246,0.0
r0346_c0247,0.0
r0346_c0248,88.89
r0346_c0249,133.33
r0346_c0265,0.0
r0346_c0266,0.0
r0346_c0267,0.0
r0346_c0268,0.0
r0346_c0269,0.0
r0346_c0276,88.89
r0346_c0277,0.0
r0346_c0278,0.0
r0346_c0284,0.0
r0346_c0285,0.0
r0346_c0289,0.0
r0346_c0290,0.0
r0346_c0291,0.0
r0346_c0296,0.0
r0346_c0297,0.0
r0346_c0298,0.0
r0346_c0306,0.0
r0347_c0098,0.0
r0347_c0099,0.0
r0347_c0105,0.0
r0347_c0106,0.0
r0347_c0107,0.0
r0347_c0108,0.0
r0347_c0109,0.0
r0347_c0110,0.0
r0347_c0111,0.0
r0347_c0112,0.0
r0347_c0113,0.0
r0347_c0114,0.0
r0347_c0115,0.0
r0347_c0117,0.0
r0347_c0123,0.0
r0347_c0124,0.0
r0347_c0194,0.0
r0347_c0199,0.0
r0347_c0200,0.0
r0347_c0201,0.0
r0347_c0207,0.0
r0347_c0208,0.0
r0347_c0209,0.0
r0347_c0217,0.0
r0347_c0245,0.0
r0347_c0246,0.0
r0347_c0247,44.44
r0347_c0248,0.0
r0347_c0249,222.22
r0347_c0266,0.0
r0347_c0267,0.0
r0347_c0268,0.0
r0347_c0269,0.0
r0347_c0270,0.0
r0347_c0278,0.0
r0347_c0285,0.0
r0347_c0286,0.0
r0347_c0296,0.0
r0347_c0297,0.0
r0347_c0298,0.0
r0348_c0104,0.0
r0348_c0105,0.0
r0348_c0106,0.0
r0348_c0107,0.0
r0348_c0108,0.0
r0348_c0109,0.0
r0348_c0110,0.0
r0348_c0111,0.0
r0348_c0112,0.0
r0348_c0114,0.0
r0348_c0115,0.0
r0348_c0117,0.0
r0348_c0123,0.0
r0348_c0198,0.0
r0348_c0199,0.0
r0348_c0200,0.0
r0348_c0201,0.0
r0348_c0202,0.0
r0348_c0207,0.0
r0348_c0208,0.0
r0348_c0209,0.0
r0348_c0245,0.0
r0348_c0246,0.0
r0348_c0247,0.0
r0348_c0248,44.44
r0348_c0266,0.0
r0348_c0267,0.0
r0348_c0268,0.0
r0348_c0269,0.0
r0348_c0278,0.0
r0348_c0279,0.0
r0348_c0293,0.0
r0348_c0294,0.0
r0348_c0295,0.0
r0348_c0296,0.0
r0348_c0297,0.0
r0348_c0298,0.0
r0349_c0105,0.0
r0349_c0106,0.0
r0349_c0107,0.0
r0349_c0108,0.0
r0349_c0109,0.0
r0349_c0110,0.0
r0349_c0114,0.0
r0349_c0115,0.0
r0349_c0197,44.44
r0349_c0198,0.0
r0349_c0199,0.0
r0349_c0200,0.0
r0349_c0201,0.0
r0349_c0202,0.0
r0349_c0207,0.0
r0349_c0208,0.0
r0349_c0209,0.0
r0349_c0217,0.0
r0349_c0218,0.0
r0349_c0245,0.0
r0349_c0246,0.0
r0349_c0247,0.0
r0349_c0248,0.0
r0349_c0266,0.0
r0349_c0267,0.0
r0349_c0268,0.0
r0349_c0269,0.0
r0349_c0274,0.0
r0349_c0275,0.0
r0349_c0276,0.0
r0349_c0277,0.0
r0349_c0278,0.0
r0349_c0279,0.0
r0349_c0280,0.0
r0349_c0281,0.0
r0349_c0282,0.0
r0349_c0286,0.0
r0349_c0293,0.0
r0349_c0294,0.0
r0349_c0295,0.0
r0349_c0296,0.0
r0349_c0297,0.0
r0350_c0101,0.0
r0350_c0102,0.0
r0350_c0103,0.0
r0350_c0104,0.0
r0350_c0105,0.0
r0350_c0106,0.0
r0350_c0107,0.0
r0350_c0116,0.0
r0350_c0117,0.0
r0350_c0118,0.0
r0350_c0195,0.0
r0350_c0197,0.0
r0350_c0198,0.0
r0350_c0199,0.0
r0350_c0200,0.0
r0350_c0201,0.0
r0350_c0202,0.0
r0350_c0203,0.0
r0350_c0208,0.0
r0350_c0209,0.0
r0350_c0236,0.0
r0350_c0237,0.0
r0350_c0241,0.0
r0350_c0244,0.0
r0350_c0245,0.0
r0350_c0246,0.0
r0350_c0247,0.0
r0350_c0266,0.0
r0350_c0267,0.0
r0350_c0268,0.0
r0350_c0269,0.0
r0350_c0274,0.0
r0350_c0275,0.0
r0350_c0276,0.0
r0350_c0277,88.89
r0350_c0278,0.0
r0350_c0279,0.0
r0350_c0280,0.0
r0350_c0281,0.0
r0350_c0282,0.0
r0350_c0286,0.0
r0350_c0289,0.0
r0350_c0290,0.0
r0350_c0291,0.0
r0350_c0292,0.0
r0350_c0293,0.0
r0350_c0294,0.0
r0350_c0295,0.0
r0350_c0296,0.0
r0350_c0297,0.0
r0351_c0071,0.0
r0351_c0100,0.0
r0351_c0101,0.0
r0351_c0102,0.0
r0351_c0103,0.0
r0351_c0104,0.0
r0351_c0105,0.0
r0351_c0106,0.0
r0351_c0107,0.0
r0351_c0108,0.0
r0351_c0116,0.0
r0351_c0117,0.0
r0351_c0118,0.0
r0351_c0192,177.78
r0351_c0193,577.78
r0351_c0197,0.0
r0351_c0198,0.0
r0351_c0199,0.0
r0351_c0200,0.0
r0351_c0201,0.0
r0351_c0202,0.0
r0351_c0203,0.0
r0351_c0204,0.0
r0351_c0236,0.0
r0351_c0237,0.0
r0351_c0238,44.44
r0351_c0240,0.0
r0351_c0241,0.0
r0351_c0242,0.0
r0351_c0243,0.0
r0351_c0244,0.0
r0351_c0245,0.0
r0351_c0246,0.0
r0351_c0247,0.0
r0351_c0266,0.0
r0351_c0267,0.0
r0351_c0268,0.0
r0351_c0269,0.0
r0351_c0274,0.0
r0351_c0275,0.0
r0351_c0276,0.0
r0351_c0277,0.0
r0351_c0278,44.44
r0351_c0279,0.0
r0351_c0280,0.0
r0351_c0281,0.0
r0351_c0282,0.0
r0351_c0284,0.0
r0351_c0285,0.0
r0351_c0286,0.0
r0351_c0287,0.0
r0351_c0288,0.0
r0351_c0289,0.0
r0351_c0290,0.0
r0351_c0291,0.0
r0351_c0292,0.0
r0351_c0293,0.0
r0351_c0294,0.0
r0351_c0295,0.0
r0351_c0296,0.0
r0352_c0101,0.0
r0352_c0102,0.0
r0352_c0103,0.0
r0352_c0104,0.0
r0352_c0105,0.0
r0352_c0106,0.0
r0352_c0107,0.0
r0352_c0108,0.0
r0352_c0109,0.0
r0352_c0115,0.0
r0352_c0116,0.0
r0352_c0117,0.0
r0352_c0190,0.0
r0352_c0198,0.0
r0352_c0199,0.0
r0352_c0200,0.0
r0352_c0204,0.0
r0352_c0233,0.0
r0352_c0234,0.0
r0352_c0235,0.0
r0352_c0236,0.0
r0352_c0237,0.0
r0352_c0240,0.0
r0352_c0242,0.0
r0352_c0243,0.0
r0352_c0244,0.0
r0352_c0245,0.0
r0352_c0246,0.0
r0352_c0267,44.44
r0352_c0268,0.0
r0352_c0269,0.0
r0352_c0270,0.0
r0352_c0271,0.0
r0352_c0272,0.0
r0352_c0274,0.0
r0352_c0275,0.0
r0352_c0276,0.0
r0352_c0277,0.0
r0352_c0278,44.44
r0352_c0279,0.0
r0352_c0280,0.0
r0352_c0281,0.0
r0352_c0282,0.0
r0352_c0283,0.0
r0352_c0284,0.0
r0352_c0286,0.0
r0352_c0287,0.0
r0352_c0288,0.0
r0352_c0289,0.0
r0352_c0290,0.0
r0352_c0291,0.0
r0352_c0292,0.0
r0352_c0293,0.0
r0352_c0294,0.0
r0352_c0295,0.0
r0352_c0296,0.0
r0353_c0063,0.0
r0353_c0070,0.0
r0353_c0071,0.0
r0353_c0072,0.0
r0353_c0073,0.0
r0353_c0101,0.0
r0353_c0102,0.0
r0353_c0103,0.0
r0353_c0104,0.0
r0353_c0105,0.0
r0353_c0106,0.0
r0353_c0107,0.0
r0353_c0108,0.0
r0353_c0109,0.0
r0353_c0116,0.0
r0353_c0199,0.0
r0353_c0200,0.0
r0353_c0235,0.0
r0353_c0236,0.0
r0353_c0242,0.0
r0353_c0243,0.0
r0353_c0244,0.0
r0353_c0245,0.0
r0353_c0246,44.44
r0353_c0271,0.0
r0353_c0272,0.0
r0353_c0274,0.0
r0353_c0275,0.0
r0353_c0276,0.0
r0353_c0277,44.44
r0353_c0278,133.33
r0353_c0281,0.0
r0353_c0282,0.0
r0353_c0283,0.0
r0353_c0286,0.0
r0353_c0287,0.0
r0353_c0288,0.0
r0353_c0289,0.0
r0353_c0290,0.0
r0353_c0291,0.0
r0353_c0292,0.0
r0353_c0293,0.0
r0353_c0294,88.89
r0353_c0296,0.0
r0354_c0070,0.0
r0354_c0071,0.0
r0354_c0072,0.0
r0354_c0073,0.0
r0354_c0101,0.0
r0354_c0102,0.0
r0354_c0103,0.0
r0354_c0104,0.0
r0354_c0107,0.0
r0354_c0108,0.0
r0354_c0109,0.0
r0354_c0110,0.0
r0354_c0168,0.0
r0354_c0169,0.0
r0354_c0189,44.44
r0354_c0200,0.0
r0354_c0242,0.0
r0354_c0243,0.0
r0354_c0244,0.0
r0354_c0245,0.0
r0354_c0246,0.0
r0354_c0273,0.0
r0354_c0276,0.0
r0354_c0278,0.0
r0354_c0281,0.0
r0354_c0282,0.0
r0354_c0285,0.0
r0354_c0286,0.0
r0354_c0287,0.0
r0354_c0288,0.0
r0354_c0289,0.0
r0354_c0290,0.0
r0354_c0291,0.0
r0354_c0292,0.0
r0354_c0293,0.0
r0354_c0296,0.0
r0355_c0071,0.0
r0355_c0072,0.0
r0355_c0073,0.0
r0355_c0087,0.0
r0355_c0101,0.0
r0355_c0102,0.0
r0355_c0103,0.0
r0355_c0104,0.0
r0355_c0107,0.0
r0355_c0108,0.0
r0355_c0109,0.0
r0355_c0166,0.0
r0355_c0167,0.0
r0355_c0168,0.0
r0355_c0169,0.0
r0355_c0189,0.0
r0355_c0190,1288.89
r0355_c0200,0.0
r0355_c0243,0.0
r0355_c0244,0.0
r0355_c0245,44.44
r0355_c0273,0.0
r0355_c0274,0.0
r0355_c0278,0.0
r0355_c0279,44.44
r0355_c0280,44.44
r0355_c0285,0.0
r0355_c0286,0.0
r0355_c0287,44.44
r0355_c0288,0.0
r0355_c0289,0.0
r0355_c0290,0.0
r0355_c0291,0.0
r0355_c0292,0.0
r0355_c0293,0.0
r0356_c0071,0.0
r0356_c0072,0.0
r0356_c0073,0.0
r0356_c0074,0.0
r0356_c0082,0.0
r0356_c0083,0.0
r0356_c0084,0.0
r0356_c0086,0.0
r0356_c0087,0.0
r0356_c0101,0.0
r0356_c0102,0.0
r0356_c0103,0.0
r0356_c0104,0.0
r0356_c0108,0.0
r0356_c0166,0.0
r0356_c0167,0.0
r0356_c0168,0.0
r0356_c0178,44.44
r0356_c0182,0.0
r0356_c0183,133.33
r0356_c0184,0.0
r0356_c0185,44.44
r0356_c0200,0.0
r0356_c0228,0.0
r0356_c0241,0.0
r0356_c0242,0.0
r0356_c0243,0.0
r0356_c0244,0.0
r0356_c0245,0.0
r0356_c0270,0.0
r0356_c0273,0.0
r0356_c0274,44.44
r0356_c0277,0.0
r0356_c0278,0.0
r0356_c0279,0.0
r0356_c0280,0.0
r0356_c0281,0.0
r0356_c0282,44.44
r0356_c0283,0.0
r0356_c0284,0.0
r0356_c0285,0.0
r0356_c0286,0.0
r0356_c0287,0.0
r0356_c0288,0.0
r0356_c0289,0.0
r0356_c0290,0.0
r0356_c0291,0.0
r0356_c0292,0.0
r0356_c0293,0.0
r0356_c0294,0.0
r0356_c0298,44.44
r0357_c0071,0.0
r0357_c0072,0.0
r0357_c0073,0.0
r0357_c0074,0.0
r0357_c0075,0.0
r0357_c0076,0.0
r0357_c0077,0.0
r0357_c0081,0.0
r0357_c0082,0.0
r0357_c0083,0.0
r0357_c0084,0.0
r0357_c0086,0.0
r0357_c0087,0.0
r0357_c0088,0.0
r0357_c0101,0.0
r0357_c0102,0.0
r0357_c0103,0.0
r0357_c0104,0.0
r0357_c0157,0.0
r0357_c0158,0.0
r0357_c0163,0.0
r0357_c0164,0.0
r0357_c0165,0.0
r0357_c0166,0.0
r0357_c0167,0.0
r0357_c0174,0.0
r0357_c0175,0.0
r0357_c0176,0.0
r0357_c0177,0.0
r0357_c0178,0.0
r0357_c0179,44.44
r0357_c0180,222.22
r0357_c0182,88.89
r0357_c0183,133.33
r0357_c0184,0.0
r0357_c0185,0.0
r0357_c0199,44.44
r0357_c0200,0.0
r0357_c0228,0.0
r0357_c0229,0.0
r0357_c0241,0.0
r0357_c0242,0.0
r0357_c0243,0.0
r0357_c0244,0.0
r0357_c0270,88.89
r0357_c0271,0.0
r0357_c0272,666.67
r0357_c0273,44.44
r0357_c0276,0.0
r0357_c0277,0.0
r0357_c0278,0.0
r0357_c0279,0.0
r0357_c0280,0.0
r0357_c0281,0.0
r0357_c0282,0.0
r0357_c0283,0.0
r0357_c0284,0.0
r0357_c0285,0.0
r0357_c0286,0.0
r0357_c0287,0.0
r0357_c0288,0.0
r0357_c0289,0.0
r0357_c0290,0.0
r0357_c0291,0.0
r0357_c0292,0.0
r0357_c0293,0.0
r0357_c0294,0.0
r0358_c0074,0.0
r0358_c0075,0.0
r0358_c0076,0.0
r0358_c0081,0.0
r0358_c0082,0.0
r0358_c0083,0.0
r0358_c0084,0.0
r0358_c0085,0.0
r0358_c0086,0.0
r0358_c0087,0.0
r0358_c0088,0.0
r0358_c0089,0.0
r0358_c0104,0.0
r0358_c0135,0.0
r0358_c0157,0.0
r0358_c0158,0.0
r0358_c0161,222.22
r0358_c0162,88.89
r0358_c0163,0.0
r0358_c0164,0.0
r0358_c0165,44.44
r0358_c0166,0.0
r0358_c0167,88.89
r0358_c0168,266.67
r0358_c0169,355.56
r0358_c0170,222.22
r0358_c0173,0.0
r0358_c0174,0.0
r0358_c0175,0.0
r0358_c0176,0.0
r0358_c0177,0.0
r0358_c0180,0.0
r0358_c0181,88.89
r0358_c0182,0.0
r0358_c0183,0.0
r0358_c0184,0.0
r0358_c0185,0.0
r0358_c0195,44.44
r0358_c0196,0.0
r0358_c0199,0.0
r0358_c0200,0.0
r0358_c0241,0.0
r0358_c0242,0.0
r0358_c0243,0.0
r0358_c0244,44.44
r0358_c0272,177.78
r0358_c0273,0.0
r0358_c0274,0.0
r0358_c0275,0.0
r0358_c0276,0.0
r0358_c0277,0.0
r0358_c0278,0.0
r0358_c0279,0.0
r0358_c0280,0.0
r0358_c0281,0.0
r0358_c0282,0.0
r0358_c0283,0.0
r0358_c0284,0.0
r0358_c0285,0.0
r0358_c0286,0.0
r0358_c0287,0.0
r0358_c0288,0.0
r0358_c0289,0.0
r0358_c0290,0.0
r0358_c0291,0.0
r0358_c0292,0.0
r0358_c0293,0.0
r0358_c0294,0.0
r0359_c0076,0.0
r0359_c0077,0.0
r0359_c0078,0.0
r0359_c0080,0.0
r0359_c0081,0.0
r0359_c0082,0.0
r0359_c0083,0.0
r0359_c0084,0.0
r0359_c0085,0.0
r0359_c0086,0.0
r0359_c0087,0.0
r0359_c0088,0.0
r0359_c0127,0.0
r0359_c0135,0.0
r0359_c0136,0.0
r0359_c0140,0.0
r0359_c0141,0.0
r0359_c0149,0.0
r0359_c0150,0.0
r0359_c0151,0.0
r0359_c0157,44.44
r0359_c0162,0.0
r0359_c0163,0.0
r0359_c0164,0.0
r0359_c0165,0.0
r0359_c0166,44.44
r0359_c0167,177.78
r0359_c0173,0.0
r0359_c0174,0.0
r0359_c0175,0.0
r0359_c0176,0.0
r0359_c0177,0.0
r0359_c0200,0.0
r0359_c0201,0.0
r0359_c0241,0.0
r0359_c0242,0.0
r0359_c0243,0.0
r0359_c0244,222.22
r0359_c0272,0.0
r0359_c0273,0.0
r0359_c0274,0.0
r0359_c0275,0.0
r0359_c0276,0.0
r0359_c0277,0.0
r0359_c0278,0.0
r0359_c0279,0.0
r0359_c0280,0.0
r0359_c0281,0.0
r0359_c0282,0.0
r0359_c0283,0.0
r0359_c0284,0.0
r0359_c0285,0.0
r0359_c0286,0.0
r0359_c0287,0.0
r0359_c0288,0.0
r0359_c0289,0.0
r0359_c0290,0.0
r0359_c0291,0.0
r0359_c0292,0.0
r0359_c0293,0.0
r0359_c0294,0.0
r0359_c0297,0.0
r0360_c0075,0.0
r0360_c0076,0.0
r0360_c0078,0.0
r0360_c0079,0.0
r0360_c0080,0.0
r0360_c0081,0.0
r0360_c0082,0.0
r0360_c0083,0.0
r0360_c0084,0.0
r0360_c0085,0.0
r0360_c0086,0.0
r0360_c0087,0.0
r0360_c0088,0.0
r0360_c0089,0.0
r0360_c0125,0.0
r0360_c0127,0.0
r0360_c0131,0.0
r0360_c0132,0.0
r0360_c0133,0.0
r0360_c0134,0.0
r0360_c0135,0.0
r0360_c0136,0.0
r0360_c0140,0.0
r0360_c0141,0.0
r0360_c0142,0.0
r0360_c0143,0.0
r0360_c0147,0.0
r0360_c0148,0.0
r0360_c0149,0.0
r0360_c0150,0.0
r0360_c0151,0.0
r0360_c0156,133.33
r0360_c0157,44.44
r0360_c0160,0.0
r0360_c0161,0.0
r0360_c0162,0.0
r0360_c0163,0.0
r0360_c0164,0.0
r0360_c0165,0.0
r0360_c0166,0.0
r0360_c0167,133.33
r0360_c0173,0.0
r0360_c0174,0.0
r0360_c0175,0.0
r0360_c0176,0.0
r0360_c0177,0.0
r0360_c0202,44.44
r0360_c0203,0.0
r0360_c0204,0.0
r0360_c0205,0.0
r0360_c0230,0.0
r0360_c0240,0.0
r0360_c0241,0.0
r0360_c0242,0.0
r0360_c0243,0.0
r0360_c0272,44.44
r0360_c0273,0.0
r0360_c0284,0.0
r0360_c0285,0.0
r0360_c0286,0.0
r0360_c0287,0.0
r0360_c0288,0.0
r0360_c0289,0.0
r0360_c0290,0.0
r0360_c0291,0.0
r0360_c0292,0.0
r0360_c0297,0.0
r0361_c0075,0.0
r0361_c0078,0.0
r0361_c0081,0.0
r0361_c0082,0.0
r0361_c0083,0.0
r0361_c0084,0.0
r0361_c0085,0.0
r0361_c0086,0.0
r0361_c0087,0.0
r0361_c0088,0.0
r0361_c0089,0.0
r0361_c0090,0.0
r0361_c0091,0.0
r0361_c0125,0.0
r0361_c0126,0.0
r0361_c0127,0.0
r0361_c0128,0.0
r0361_c0130,0.0
r0361_c0131,0.0
r0361_c0132,0.0
r0361_c0133,0.0
r0361_c0134,0.0
r0361_c0135,0.0
r0361_c0136,0.0
r0361_c0140,0.0
r0361_c0141,0.0
r0361_c0142,0.0
r0361_c0143,0.0
r0361_c0147,0.0
r0361_c0148,0.0
r0361_c0149,0.0
r0361_c0150,0.0
r0361_c0151,0.0
r0361_c0158,44.44
r0361_c0159,0.0
r0361_c0160,0.0
r0361_c0161,0.0
r0361_c0162,0.0
r0361_c0163,0.0
r0361_c0164,0.0
r0361_c0165,0.0
r0361_c0166,0.0
r0361_c0167,0.0
r0361_c0174,0.0
r0361_c0175,0.0
r0361_c0176,0.0
r0361_c0177,0.0
r0361_c0205,0.0
r0361_c0206,0.0
r0361_c0229,0.0
r0361_c0238,0.0
r0361_c0240,0.0
r0361_c0241,0.0
r0361_c0242,44.44
r0361_c0243,0.0
r0361_c0272,0.0
r0361_c0273,0.0
r0361_c0287,0.0
r0361_c0288,0.0
r0361_c0289,0.0
r0361_c0290,0.0
r0361_c0297,0.0
r0362_c0080,0.0
r0362_c0082,0.0
r0362_c0084,0.0
r0362_c0085,0.0
r0362_c0086,0.0
r0362_c0087,0.0
r0362_c0088,0.0
r0362_c0089,0.0
r0362_c0090,0.0
r0362_c0091,0.0
r0362_c0098,0.0
r0362_c0099,0.0
r0362_c0107,0.0
r0362_c0109,0.0
r0362_c0110,0.0
r0362_c0111,0.0
r0362_c0112,0.0
r0362_c0128,0.0
r0362_c0129,0.0
r0362_c0130,0.0
r0362_c0131,0.0
r0362_c0132,0.0
r0362_c0133,0.0
r0362_c0134,0.0
r0362_c0135,0.0
r0362_c0136,0.0
r0362_c0140,0.0
r0362_c0141,0.0
r0362_c0142,0.0
r0362_c0143,0.0
r0362_c0144,0.0
r0362_c0145,0.0
r0362_c0146,533.33
r0362_c0147,44.44
r0362_c0148,0.0
r0362_c0149,0.0
r0362_c0153,0.0
r0362_c0154,0.0
r0362_c0155,0.0
r0362_c0156,0.0
r0362_c0157,0.0
r0362_c0158,0.0
r0362_c0159,0.0
r0362_c0160,0.0
r0362_c0161,0.0
r0362_c0162,0.0
r0362_c0163,0.0
r0362_c0164,0.0
r0362_c0165,0.0
r0362_c0166,0.0
r0362_c0167,0.0
r0362_c0168,0.0
r0362_c0169,0.0
r0362_c0174,0.0
r0362_c0175,0.0
r0362_c0176,0.0
r0362_c0177,0.0
r0362_c0181,0.0
r0362_c0215,0.0
r0362_c0216,0.0
r0362_c0217,0.0
r0362_c0218,0.0
r0362_c0219,0.0
r0362_c0240,0.0
r0362_c0241,0.0
r0362_c0242,0.0
r0362_c0272,0.0
r0362_c0297,0.0
r0363_c0024,0.0
r0363_c0076,0.0
r0363_c0079,0.0
r0363_c0080,0.0
r0363_c0084,0.0
r0363_c0085,0.0
r0363_c0086,0.0
r0363_c0087,0.0
r0363_c0088,0.0
r0363_c0089,0.0
r0363_c0090,0.0
r0363_c0091,0.0
r0363_c0092,0.0
r0363_c0098,0.0
r0363_c0099,0.0
r0363_c0106,0.0
r0363_c0107,0.0
r0363_c0108,0.0
r0363_c0109,0.0
r0363_c0110,0.0
r0363_c0111,0.0
r0363_c0112,0.0
r0363_c0125,0.0
r0363_c0126,0.0
r0363_c0127,0.0
r0363_c0128,0.0
r0363_c0129,0.0
r0363_c0130,0.0
r0363_c0131,0.0
r0363_c0132,177.78
r0363_c0146,0.0
r0363_c0147,0.0
r0363_c0148,0.0
r0363_c0149,0.0
r0363_c0150,0.0
r0363_c0152,0.0
r0363_c0153,0.0
r0363_c0154,0.0
r0363_c0155,0.0
r0363_c0156,0.0
r0363_c0157,0.0
r0363_c0158,0.0
r0363_c0159,0.0
r0363_c0160,0.0
r0363_c0161,0.0
r0363_c0162,88.89
r0363_c0163,0.0
r0363_c0164,0.0
r0363_c0165,0.0
r0363_c0166,0.0
r0363_c0167,44.44
r0363_c0168,0.0
r0363_c0169,0.0
r0363_c0173,0.0
r0363_c0174,0.0
r0363_c0175,0.0
r0363_c0176,0.0
r0363_c0177,0.0
r0363_c0180,0.0
r0363_c0181,44.44
r0363_c0185,266.67
r0363_c0215,0.0
r0363_c0216,0.0
r0363_c0217,0.0
r0363_c0218,0.0
r0363_c0219,0.0
r0363_c0220,0.0
r0363_c0240,0.0
r0363_c0241,44.44
r0363_c0242,44.44
r0363_c0272,0.0
r0364_c0076,0.0
r0364_c0077,0.0
r0364_c0078,0.0
r0364_c0079,0.0
r0364_c0080,0.0
r0364_c0084,0.0
r0364_c0085,0.0
r0364_c0086,0.0
r0364_c0087,0.0
r0364_c0088,0.0
r0364_c0089,0.0
r0364_c0090,0.0
r0364_c0091,0.0
r0364_c0092,0.0
r0364_c0093,0.0
r0364_c0094,0.0
r0364_c0095,0.0
r0364_c0096,0.0
r0364_c0097,0.0
r0364_c0098,0.0
r0364_c0099,0.0
r0364_c0106,0.0
r0364_c0107,0.0
r0364_c0108,0.0
r0364_c0109,0.0
r0364_c0110,0.0
r0364_c0111,0.0
r0364_c0112,0.0
r0364_c0125,0.0
r0364_c0126,0.0
r0364_c0127,0.0
r0364_c0128,0.0
r0364_c0136,44.44
r0364_c0137,44.44
r0364_c0139,44.44
r0364_c0140,0.0
r0364_c0141,44.44
r0364_c0143,0.0
r0364_c0144,0.0
r0364_c0145,44.44
r0364_c0147,0.0
r0364_c0148,0.0
r0364_c0149,0.0
r0364_c0150,0.0
r0364_c0151,88.89
r0364_c0152,0.0
r0364_c0153,0.0
r0364_c0154,0.0
r0364_c0155,0.0
r0364_c0156,0.0
r0364_c0157,0.0
r0364_c0158,0.0
r0364_c0159,0.0
r0364_c0160,0.0
r0364_c0161,44.44
r0364_c0162,0.0
r0364_c0163,0.0
r0364_c0164,0.0
r0364_c0165,0.0
r0364_c0166,0.0
r0364_c0167,44.44
r0364_c0169,0.0
r0364_c0170,0.0
r0364_c0171,0.0
r0364_c0172,44.44
r0364_c0173,0.0
r0364_c0174,0.0
r0364_c0175,0.0
r0364_c0176,0.0
r0364_c0177,44.44
r0364_c0215,0.0
r0364_c0216,0.0
r0364_c0217,0.0
r0364_c0218,0.0
r0364_c0219,0.0
r0364_c0240,0.0
r0364_c0241,0.0
r0365_c0022,0.0
r0365_c0023,0.0
r0365_c0046,0.0
r0365_c0075,0.0
r0365_c0076,0.0
r0365_c0077,0.0
r0365_c0078,0.0
r0365_c0079,0.0
r0365_c0080,0.0
r0365_c0081,0.0
r0365_c0084,0.0
r0365_c0085,0.0
r0365_c0086,0.0
r0365_c0087,0.0
r0365_c0088,0.0
r0365_c0089,0.0
r0365_c0090,0.0
r0365_c0091,0.0
r0365_c0092,0.0
r0365_c0093,0.0
r0365_c0094,0.0
r0365_c0095,0.0
r0365_c0096,0.0
r0365_c0097,0.0
r0365_c0098,0.0
r0365_c0106,0.0
r0365_c0107,0.0
r0365_c0108,0.0
r0365_c0109,0.0
r0365_c0110,0.0
r0365_c0111,0.0
r0365_c0112,0.0
r0365_c0113,0.0
r0365_c0134,888.89
r0365_c0135,177.78
r0365_c0137,0.0
r0365_c0138,0.0
r0365_c0139,0.0
r0365_c0140,0.0
r0365_c0141,0.0
r0365_c0143,0.0
r0365_c0144,0.0
r0365_c0145,0.0
r0365_c0147,0.0
r0365_c0148,0.0
r0365_c0149,0.0
r0365_c0150,0.0
r0365_c0151,0.0
r0365_c0152,0.0
r0365_c0153,0.0
r0365_c0154,0.0
r0365_c0155,0.0
r0365_c0156,0.0
r0365_c0157,0.0
r0365_c0158,0.0
r0365_c0159,0.0
r0365_c0161,0.0
r0365_c0162,0.0
r0365_c0163,0.0
r0365_c0164,0.0
r0365_c0165,0.0
r0365_c0166,0.0
r0365_c0167,0.0
r0365_c0168,0.0
r0365_c0169,0.0
r0365_c0170,0.0
r0365_c0171,0.0
r0365_c0172,0.0
r0365_c0174,0.0
r0365_c0175,0.0
r0365_c0176,0.0
r0365_c0177,0.0
r0365_c0194,311.11
r0365_c0195,88.89
r0365_c0196,222.22
r0365_c0214,0.0
r0365_c0215,0.0
r0365_c0216,0.0
r0365_c0217,0.0
r0365_c0218,0.0
r0365_c0219,0.0
r0365_c0240,0.0
r0365_c0241,44.44
r0366_c0021,0.0
r0366_c0022,0.0
r0366_c0046,0.0
r0366_c0075,0.0
r0366_c0076,0.0
r0366_c0077,0.0
r0366_c0078,0.0
r0366_c0079,0.0
r0366_c0080,0.0
r0366_c0081,0.0
r0366_c0084,0.0
r0366_c0085,0.0
r0366_c0086,0.0
r0366_c0087,0.0
r0366_c0088,0.0
r0366_c0089,0.0
r0366_c0090,0.0
r0366_c0091,0.0
r0366_c0092,0.0
r0366_c0093,0.0
r0366_c0094,0.0
r0366_c0095,0.0
r0366_c0096,0.0
r0366_c0097,0.0
r0366_c0098,0.0
r0366_c0106,0.0
r0366_c0107,0.0
r0366_c0108,0.0
r0366_c0109,0.0
r0366_c0110,0.0
r0366_c0111,0.0
r0366_c0112,0.0
r0366_c0113,0.0
r0366_c0124,44.44
r0366_c0125,44.44
r0366_c0128,0.0
r0366_c0129,88.89
r0366_c0130,133.33
r0366_c0131,222.22
r0366_c0132,177.78
r0366_c0133,44.44
r0366_c0134,0.0
r0366_c0135,88.89
r0366_c0136,44.44
r0366_c0137,0.0
r0366_c0138,0.0
r0366_c0139,0.0
r0366_c0140,0.0
r0366_c0143,0.0
r0366_c0144,0.0
r0366_c0145,0.0
r0366_c0147,0.0
r0366_c0148,0.0
r0366_c0149,0.0
r0366_c0150,0.0
r0366_c0151,0.0
r0366_c0152,0.0
r0366_c0153,0.0
r0366_c0154,0.0
r0366_c0155,0.0
r0366_c0156,0.0
r0366_c0157,0.0
r0366_c0158,0.0
r0366_c0159,0.0
r0366_c0160,0.0
r0366_c0161,0.0
r0366_c0162,0.0
r0366_c0163,0.0
r0366_c0164,0.0
r0366_c0165,0.0
r0366_c0167,44.44
r0366_c0168,0.0
r0366_c0169,0.0
r0366_c0170,0.0
r0366_c0171,0.0
r0366_c0172,0.0
r0366_c0174,0.0
r0366_c0175,0.0
r0366_c0176,0.0
r0366_c0177,0.0
r0366_c0181,0.0
r0366_c0182,0.0
r0366_c0187,0.0
r0366_c0188,88.89
r0366_c0189,88.89
r0366_c0190,0.0
r0366_c0191,0.0
r0366_c0192,0.0
r0366_c0193,0.0
r0366_c0194,0.0
r0366_c0195,0.0
r0367_c0021,0.0
r0367_c0045,0.0
r0367_c0046,0.0
r0367_c0047,44.44
r0367_c0075,0.0
r0367_c0076,0.0
r0367_c0077,0.0
r0367_c0078,0.0
r0367_c0083,0.0
r0367_c0084,0.0
r0367_c0085,0.0
r0367_c0086,0.0
r0367_c0087,0.0
r0367_c0088,0.0
r0367_c0089,0.0
r0367_c0090,0.0
r0367_c0091,0.0
r0367_c0092,0.0
r0367_c0093,0.0
r0367_c0094,0.0
r0367_c0095,0.0
r0367_c0096,0.0
r0367_c0097,0.0
r0367_c0106,0.0
r0367_c0107,0.0
r0367_c0108,0.0
r0367_c0109,0.0
r0367_c0110,0.0
r0367_c0111,0.0
r0367_c0112,0.0
r0367_c0113,0.0
r0367_c0123,88.89
r0367_c0124,44.44
r0367_c0125,0.0
r0367_c0126,88.89
r0367_c0127,0.0
r0367_c0128,0.0
r0367_c0129,0.0
r0367_c0130,0.0
r0367_c0131,0.0
r0367_c0132,0.0
r0367_c0133,0.0
r0367_c0134,0.0
r0367_c0135,44.44
r0367_c0136,0.0
r0367_c0137,0.0
r0367_c0138,0.0
r0367_c0139,0.0
r0367_c0140,0.0
r0367_c0142,0.0
r0367_c0143,0.0
r0367_c0144,0.0
r0367_c0145,0.0
r0367_c0146,0.0
r0367_c0147,0.0
r0367_c0148,0.0
r0367_c0149,0.0
r0367_c0150,0.0
r0367_c0151,0.0
r0367_c0152,0.0
r0367_c0153,0.0
r0367_c0154,0.0
r0367_c0155,0.0
r0367_c0156,0.0
r0367_c0157,0.0
r0367_c0158,0.0
r0367_c0159,0.0
r0367_c0160,0.0
r0367_c0161,0.0
r0367_c0162,0.0
r0367_c0163,0.0
r0367_c0164,0.0
r0367_c0173,0.0
r0367_c0174,0.0
r0367_c0175,0.0
r0367_c0176,0.0
r0367_c0177,0.0
r0367_c0179,0.0
r0367_c0180,0.0
r0367_c0181,0.0
r0367_c0182,0.0
r0367_c0183,88.89
r0367_c0187,0.0
r0367_c0188,0.0
r0367_c0189,0.0
r0367_c0190,0.0
r0367_c0191,0.0
r0367_c0192,0.0
r0367_c0193,0.0
r0367_c0194,0.0
r0367_c0195,44.44
r0367_c0212,88.89
r0367_c0223,133.33
r0367_c0224,0.0
r0367_c0228,0.0
r0368_c0020,0.0
r0368_c0021,222.22
r0368_c0045,44.44
r0368_c0046,0.0
r0368_c0077,0.0
r0368_c0084,0.0
r0368_c0085,0.0
r0368_c0086,0.0
r0368_c0087,0.0
r0368_c0088,0.0
r0368_c0089,0.0
r0368_c0090,0.0
r0368_c0091,0.0
r0368_c0092,0.0
r0368_c0093,0.0
r0368_c0096,0.0
r0368_c0097,0.0
r0368_c0106,0.0
r0368_c0107,0.0
r0368_c0108,0.0
r0368_c0109,0.0
r0368_c0110,0.0
r0368_c0111,0.0
r0368_c0112,0.0
r0368_c0119,0.0
r0368_c0120,0.0
r0368_c0121,0.0
r0368_c0123,0.0
r0368_c0124,0.0
r0368_c0125,0.0
r0368_c0126,0.0
r0368_c0127,0.0
r0368_c0128,0.0
r0368_c0129,0.0
r0368_c0130,0.0
r0368_c0131,0.0
r0368_c0132,0.0
r0368_c0133,0.0
r0368_c0134,0.0
r0368_c0137,0.0
r0368_c0138,0.0
r0368_c0139,0.0
r0368_c0140,0.0
r0368_c0141,0.0
r0368_c0142,0.0
r0368_c0143,0.0
r0368_c0144,0.0
r0368_c0145,0.0
r0368_c0146,0.0
r0368_c0147,0.0
r0368_c0148,0.0
r0368_c0149,0.0
r0368_c0150,0.0
r0368_c0151,0.0
r0368_c0152,0.0
r0368_c0153,0.0
r0368_c0154,0.0
r0368_c0155,0.0
r0368_c0156,0.0
r0368_c0157,0.0
r0368_c0158,0.0
r0368_c0159,0.0
r0368_c0160,0.0
r0368_c0162,0.0
r0368_c0163,0.0
r0368_c0173,0.0
r0368_c0174,0.0
r0368_c0175,0.0
r0368_c0176,0.0
r0368_c0177,0.0
r0368_c0179,0.0
r0368_c0180,0.0
r0368_c0181,0.0
r0368_c0182,0.0
r0368_c0183,133.33
r0368_c0187,0.0
r0368_c0188,0.0
r0368_c0189,0.0
r0368_c0190,0.0
r0368_c0191,0.0
r0368_c0192,0.0
r0368_c0193,0.0
r0368_c0194,0.0
r0368_c0224,0.0
r0368_c0225,0.0
r0368_c0226,44.44
r0368_c0238,44.44
r0369_c0017,222.22
r0369_c0019,44.44
r0369_c0020,0.0
r0369_c0021,177.78
r0369_c0084,0.0
r0369_c0085,0.0
r0369_c0086,0.0
r0369_c0087,0.0
r0369_c0088,0.0
r0369_c0089,0.0
r0369_c0090,0.0
r0369_c0091,0.0
r0369_c0092,0.0
r0369_c0106,0.0
r0369_c0107,0.0
r0369_c0108,44.44
r0369_c0109,177.78
r0369_c0110,44.44
r0369_c0111,0.0
r0369_c0112,0.0
r0369_c0113,0.0
r0369_c0114,0.0
r0369_c0115,44.44
r0369_c0116,0.0
r0369_c0117,0.0
r0369_c0118,0.0
r0369_c0119,0.0
r0369_c0120,0.0
r0369_c0121,0.0
r0369_c0122,0.0
r0369_c0124,0.0
r0369_c0125,0.0
r0369_c0126,0.0
r0369_c0127,0.0
r0369_c0128,0.0
r0369_c0129,0.0
r0369_c0130,0.0
r0369_c0131,0.0
r0369_c0132,0.0
r0369_c0133,0.0
r0369_c0136,0.0
r0369_c0137,0.0
r0369_c0138,0.0
r0369_c0139,0.0
r0369_c0140,133.33
r0369_c0141,44.44
r0369_c0142,133.33
r0369_c0143,0.0
r0369_c0144,0.0
r0369_c0145,44.44
r0369_c0146,44.44
r0369_c0147,0.0
r0369_c0148,0.0
r0369_c0149,0.0
r0369_c0152,0.0
r0369_c0153,0.0
r0369_c0155,0.0
r0369_c0157,0.0
r0369_c0163,0.0
r0369_c0164,0.0
r0369_c0169,44.44
r0369_c0170,0.0
r0369_c0171,0.0
r0369_c0172,0.0
r0369_c0173,0.0
r0369_c0174,0.0
r0369_c0175,0.0
r0369_c0176,0.0
r0369_c0177,0.0
r0369_c0179,0.0
r0369_c0180,0.0
r0369_c0181,0.0
r0369_c0182,44.44
r0369_c0184,44.44
r0369_c0185,0.0
r0369_c0186,0.0
r0369_c0187,0.0
r0369_c0188,0.0
r0369_c0189,0.0
r0369_c0190,0.0
r0369_c0191,0.0
r0369_c0192,0.0
r0369_c0193,0.0
r0369_c0194,0.0
r0369_c0230,0.0
r0370_c0020,0.0
r0370_c0021,44.44
r0370_c0050,0.0
r0370_c0077,0.0
r0370_c0082,0.0
r0370_c0084,0.0
r0370_c0085,0.0
r0370_c0086,0.0
r0370_c0087,0.0
r0370_c0088,0.0
r0370_c0089,0.0
r0370_c0090,0.0
r0370_c0091,0.0
r0370_c0092,0.0
r0370_c0099,0.0
r0370_c0103,0.0
r0370_c0105,0.0
r0370_c0106,0.0
r0370_c0107,177.78
r0370_c0108,0.0
r0370_c0109,0.0
r0370_c0110,0.0
r0370_c0111,0.0
r0370_c0112,0.0
r0370_c0113,0.0
r0370_c0114,0.0
r0370_c0115,0.0
r0370_c0116,0.0
r0370_c0117,0.0
r0370_c0118,0.0
r0370_c0119,0.0
r0370_c0120,0.0
r0370_c0121,0.0
r0370_c0122,0.0
r0370_c0123,0.0
r0370_c0124,0.0
r0370_c0125,0.0
r0370_c0126,0.0
r0370_c0127,0.0
r0370_c0128,0.0
r0370_c0129,0.0
r0370_c0130,0.0
r0370_c0131,0.0
r0370_c0132,0.0
r0370_c0133,0.0
r0370_c0134,0.0
r0370_c0136,0.0
r0370_c0137,0.0
r0370_c0138,0.0
r0370_c0139,0.0
r0370_c0140,0.0
r0370_c0141,0.0
r0370_c0142,0.0
r0370_c0143,0.0
r0370_c0144,0.0
r0370_c0145,0.0
r0370_c0151,0.0
r0370_c0152,0.0
r0370_c0153,0.0
r0370_c0155,0.0
r0370_c0156,44.44
r0370_c0159,0.0
r0370_c0160,0.0
r0370_c0161,0.0
r0370_c0162,0.0
r0370_c0163,0.0
r0370_c0164,0.0
r0370_c0169,0.0
r0370_c0170,0.0
r0370_c0171,0.0
r0370_c0172,0.0
r0370_c0173,0.0
r0370_c0174,0.0
r0370_c0175,0.0
r0370_c0176,0.0
r0370_c0177,0.0
r0370_c0179,0.0
r0370_c0180,0.0
r0370_c0181,0.0
r0370_c0182,0.0
r0370_c0183,177.78
r0370_c0184,0.0
r0370_c0185,0.0
r0370_c0186,0.0
r0370_c0187,0.0
r0370_c0188,0.0
r0370_c0189,0.0
r0370_c0190,0.0
r0370_c0191,0.0
r0370_c0192,0.0
r0370_c0193,0.0
r0370_c0194,0.0
r0371_c0018,0.0
r0371_c0019,0.0
r0371_c0021,0.0
r0371_c0071,0.0
r0371_c0081,0.0
r0371_c0082,0.0
r0371_c0083,0.0
r0371_c0084,0.0
r0371_c0085,0.0
r0371_c0086,0.0
r0371_c0087,0.0
r0371_c0088,0.0
r0371_c0089,0.0
r0371_c0090,0.0
r0371_c0091,0.0
r0371_c0092,0.0
r0371_c0098,133.33
r0371_c0099,44.44
r0371_c0103,44.44
r0371_c0104,0.0
r0371_c0105,0.0
r0371_c0106,0.0
r0371_c0107,0.0
r0371_c0108,0.0
r0371_c0109,0.0
r0371_c0110,0.0
r0371_c0111,0.0
r0371_c0112,0.0
r0371_c0113,0.0
r0371_c0114,0.0
r0371_c0115,0.0
r0371_c0116,0.0
r0371_c0117,0.0
r0371_c0118,0.0
r0371_c0119,0.0
r0371_c0120,0.0
r0371_c0121,0.0
r0371_c0122,0.0
r0371_c0123,0.0
r0371_c0129,0.0
r0371_c0130,0.0
r0371_c0131,0.0
r0371_c0132,0.0
r0371_c0133,0.0
r0371_c0134,0.0
r0371_c0135,0.0
r0371_c0136,0.0
r0371_c0137,0.0
r0371_c0138,0.0
r0371_c0141,0.0
r0371_c0142,0.0
r0371_c0143,0.0
r0371_c0144,0.0
r0371_c0145,0.0
r0371_c0146,0.0
r0371_c0147,0.0
r0371_c0148,0.0
r0371_c0149,0.0
r0371_c0150,0.0
r0371_c0151,0.0
r0371_c0152,0.0
r0371_c0153,0.0
r0371_c0154,0.0
r0371_c0155,0.0
r0371_c0156,0.0
r0371_c0158,0.0
r0371_c0159,0.0
r0371_c0160,0.0
r0371_c0161,0.0
r0371_c0162,0.0
r0371_c0163,0.0
r0371_c0164,0.0
r0371_c0165,0.0
r0371_c0166,44.44
r0371_c0167,88.89
r0371_c0169,0.0
r0371_c0170,0.0
r0371_c0171,0.0
r0371_c0173,0.0
r0371_c0174,0.0
r0371_c0175,0.0
r0371_c0176,0.0
r0371_c0179,0.0
r0371_c0180,0.0
r0371_c0181,0.0
r0371_c0182,44.44
r0371_c0183,0.0
r0371_c0184,0.0
r0371_c0185,0.0
r0371_c0186,0.0
r0371_c0187,0.0
r0371_c0188,0.0
r0371_c0189,0.0
r0371_c0190,0.0
r0371_c0191,0.0
r0371_c0192,0.0
r0371_c0193,0.0
r0372_c0017,0.0
r0372_c0018,0.0
r0372_c0019,0.0
r0372_c0020,0.0
r0372_c0021,0.0
r0372_c0023,0.0
r0372_c0024,0.0
r0372_c0081,0.0
r0372_c0082,0.0
r0372_c0083,0.0
r0372_c0084,0.0
r0372_c0086,0.0
r0372_c0087,0.0
r0372_c0088,0.0
r0372_c0089,0.0
r0372_c0092,0.0
r0372_c0096,400.0
r0372_c0098,0.0
r0372_c0099,0.0
r0372_c0100,0.0
r0372_c0101,0.0
r0372_c0103,0.0
r0372_c0104,0.0
r0372_c0105,0.0
r0372_c0106,0.0
r0372_c0107,0.0
r0372_c0108,0.0
r0372_c0109,0.0
r0372_c0110,0.0
r0372_c0111,0.0
r0372_c0112,0.0
r0372_c0113,0.0
r0372_c0114,0.0
r0372_c0115,0.0
r0372_c0116,0.0
r0372_c0117,0.0
r0372_c0118,0.0
r0372_c0119,0.0
r0372_c0120,0.0
r0372_c0122,0.0
r0372_c0125,0.0
r0372_c0126,0.0
r0372_c0127,0.0
r0372_c0128,0.0
r0372_c0129,0.0
r0372_c0130,0.0
r0372_c0131,0.0
r0372_c0132,0.0
r0372_c0133,0.0
r0372_c0134,0.0
r0372_c0136,0.0
r0372_c0137,0.0
r0372_c0138,0.0
r0372_c0141,0.0
r0372_c0142,0.0
r0372_c0143,0.0
r0372_c0144,0.0
r0372_c0145,0.0
r0372_c0146,0.0
r0372_c0147,0.0
r0372_c0148,0.0
r0372_c0149,0.0
r0372_c0150,0.0
r0372_c0151,0.0
r0372_c0152,0.0
r0372_c0153,0.0
r0372_c0154,0.0
r0372_c0155,0.0
r0372_c0156,0.0
r0372_c0158,0.0
r0372_c0159,0.0
r0372_c0160,0.0
r0372_c0161,0.0
r0372_c0162,0.0
r0372_c0163,0.0
r0372_c0164,0.0
r0372_c0165,0.0
r0372_c0166,0.0
r0372_c0167,0.0
r0372_c0168,0.0
r0372_c0169,0.0
r0372_c0170,0.0
r0372_c0171,0.0
r0372_c0172,0.0
r0372_c0173,0.0
r0372_c0174,0.0
r0372_c0175,0.0
r0372_c0179,0.0
r0372_c0180,0.0
r0372_c0181,0.0
r0372_c0182,0.0
r0372_c0183,44.44
r0372_c0184,0.0
r0372_c0185,0.0
r0372_c0186,0.0
r0372_c0187,0.0
r0372_c0188,0.0
r0372_c0189,0.0
r0372_c0190,0.0
r0372_c0191,0.0
r0373_c0015,0.0
r0373_c0016,0.0
r0373_c0017,0.0
r0373_c0018,0.0
r0373_c0019,0.0
r0373_c0020,0.0
r0373_c0021,0.0
r0373_c0022,44.44
r0373_c0023,0.0
r0373_c0075,0.0
r0373_c0077,0.0
r0373_c0078,0.0
r0373_c0079,0.0
r0373_c0080,0.0
r0373_c0081,0.0
r0373_c0082,0.0
r0373_c0083,0.0
r0373_c0084,0.0
r0373_c0085,0.0
r0373_c0086,0.0
r0373_c0087,0.0
r0373_c0088,0.0
r0373_c0089,0.0
r0373_c0090,88.89
r0373_c0091,0.0
r0373_c0092,88.89
r0373_c0093,88.89
r0373_c0094,88.89
r0373_c0095,44.44
r0373_c0096,0.0
r0373_c0097,0.0
r0373_c0098,0.0
r0373_c0099,0.0
r0373_c0100,0.0
r0373_c0101,0.0
r0373_c0102,0.0
r0373_c0103,0.0
r0373_c0104,0.0
r0373_c0105,0.0
r0373_c0106,0.0
r0373_c0107,0.0
r0373_c0108,0.0
r0373_c0109,0.0
r0373_c0110,0.0
r0373_c0111,0.0
r0373_c0112,0.0
r0373_c0113,0.0
r0373_c0114,0.0
r0373_c0115,0.0
r0373_c0116,0.0
r0373_c0117,0.0
r0373_c0118,0.0
r0373_c0119,0.0
r0373_c0120,0.0
r0373_c0122,0.0
r0373_c0123,0.0
r0373_c0124,0.0
r0373_c0125,0.0
r0373_c0126,0.0
r0373_c0127,0.0
r0373_c0128,0.0
r0373_c0129,0.0
r0373_c0130,0.0
r0373_c0131,0.0
r0373_c0132,0.0
r0373_c0133,0.0
r0373_c0134,0.0
r0373_c0139,0.0
r0373_c0140,0.0
r0373_c0141,0.0
r0373_c0142,0.0
r0373_c0143,0.0
r0373_c0144,0.0
r0373_c0145,0.0
r0373_c0149,0.0
r0373_c0150,0.0
r0373_c0151,0.0
r0373_c0152,0.0
r0373_c0153,0.0
r0373_c0154,0.0
r0373_c0155,0.0
r0373_c0156,0.0
r0373_c0158,0.0
r0373_c0159,0.0
r0373_c0160,0.0
r0373_c0161,0.0
r0373_c0162,0.0
r0373_c0163,0.0
r0373_c0164,0.0
r0373_c0165,0.0
r0373_c0166,0.0
r0373_c0167,0.0
r0373_c0168,0.0
r0373_c0169,0.0
r0373_c0170,0.0
r0373_c0171,0.0
r0373_c0172,0.0
r0373_c0173,0.0
r0373_c0174,0.0
r0373_c0175,0.0
r0373_c0179,88.89
r0373_c0180,0.0
r0373_c0181,88.89
r0373_c0182,0.0
r0373_c0183,0.0
r0373_c0184,0.0
r0373_c0185,0.0
r0373_c0186,0.0
r0373_c0187,0.0
r0373_c0188,0.0
r0373_c0189,0.0
r0373_c0190,0.0
r0373_c0191,0.0
r0374_c0015,0.0
r0374_c0016,0.0
r0374_c0017,0.0
r0374_c0018,0.0
r0374_c0019,0.0
r0374_c0020,0.0
r0374_c0021,0.0
r0374_c0022,0.0
r0374_c0023,0.0
r0374_c0024,0.0
r0374_c0025,0.0
r0374_c0026,0.0
r0374_c0027,44.44
r0374_c0066,0.0
r0374_c0067,0.0
r0374_c0068,0.0
r0374_c0070,0.0
r0374_c0071,0.0
r0374_c0072,0.0
r0374_c0073,0.0
r0374_c0074,0.0
r0374_c0075,0.0
r0374_c0076,0.0
r0374_c0077,0.0
r0374_c0078,0.0
r0374_c0079,0.0
r0374_c0080,0.0
r0374_c0081,0.0
r0374_c0082,0.0
r0374_c0083,0.0
r0374_c0084,0.0
r0374_c0085,0.0
r0374_c0086,0.0
r0374_c0087,0.0
r0374_c0088,88.89
r0374_c0089,355.56
r0374_c0090,88.89
r0374_c0091,0.0
r0374_c0092,0.0
r0374_c0093,0.0
r0374_c0094,0.0
r0374_c0095,0.0
r0374_c0096,0.0
r0374_c0097,0.0
r0374_c0098,0.0
r0374_c0099,0.0
r0374_c0100,0.0
r0374_c0101,0.0
r0374_c0102,0.0
r0374_c0103,0.0
r0374_c0104,0.0
r0374_c0105,0.0
r0374_c0106,0.0
r0374_c0107,0.0
r0374_c0108,0.0
r0374_c0111,0.0
r0374_c0112,0.0
r0374_c0113,0.0
r0374_c0114,0.0
r0374_c0115,0.0
r0374_c0116,0.0
r0374_c0117,0.0
r0374_c0118,0.0
r0374_c0119,0.0
r0374_c0123,0.0
r0374_c0124,0.0
r0374_c0125,0.0
r0374_c0126,0.0
r0374_c0127,0.0
r0374_c0128,0.0
r0374_c0129,0.0
r0374_c0130,0.0
r0374_c0131,0.0
r0374_c0132,0.0
r0374_c0133,0.0
r0374_c0134,44.44
r0374_c0139,0.0
r0374_c0140,0.0
r0374_c0141,0.0
r0374_c0142,0.0
r0374_c0143,0.0
r0374_c0144,0.0
r0374_c0145,0.0
r0374_c0148,0.0
r0374_c0149,0.0
r0374_c0150,0.0
r0374_c0151,0.0
r0374_c0152,0.0
r0374_c0153,0.0
r0374_c0154,0.0
r0374_c0155,0.0
r0374_c0156,0.0
r0374_c0158,0.0
r0374_c0159,0.0
r0374_c0160,0.0
r0374_c0161,0.0
r0374_c0162,0.0
r0374_c0163,0.0
r0374_c0164,0.0
r0374_c0165,0.0
r0374_c0166,133.33
r0374_c0167,0.0
r0374_c0168,0.0
r0374_c0169,0.0
r0374_c0170,0.0
r0374_c0171,0.0
r0374_c0172,0.0
r0374_c0173,0.0
r0374_c0174,0.0
r0374_c0175,0.0
r0374_c0180,0.0
r0374_c0181,88.89
r0374_c0182,0.0
r0374_c0183,44.44
r0374_c0184,44.44
r0374_c0185,88.89
r0374_c0186,44.44
r0374_c0187,0.0
r0374_c0188,44.44
r0374_c0189,44.44
r0374_c0190,0.0
r0374_c0191,0.0
r0375_c0015,0.0
r0375_c0016,0.0
r0375_c0017,0.0
r0375_c0018,0.0
r0375_c0019,0.0
r0375_c0020,0.0
r0375_c0021,0.0
r0375_c0022,0.0
r0375_c0023,0.0
r0375_c0024,0.0
r0375_c0025,0.0
r0375_c0026,0.0
r0375_c0027,222.22
r0375_c0028,177.78
r0375_c0029,311.11
r0375_c0033,0.0
r0375_c0052,0.0
r0375_c0053,0.0
r0375_c0054,0.0
r0375_c0064,0.0
r0375_c0065,0.0
r0375_c0066,0.0
r0375_c0067,0.0
r0375_c0068,0.0
r0375_c0069,0.0
r0375_c0070,0.0
r0375_c0071,0.0
r0375_c0072,0.0
r0375_c0073,0.0
r0375_c0074,0.0
r0375_c0075,0.0
r0375_c0076,0.0
r0375_c0077,0.0
r0375_c0078,0.0
r0375_c0079,0.0
r0375_c0080,0.0
r0375_c0081,0.0
r0375_c0082,0.0
r0375_c0083,0.0
r0375_c0084,0.0
r0375_c0085,0.0
r0375_c0086,133.33
r0375_c0087,44.44
r0375_c0088,44.44
r0375_c0089,44.44
r0375_c0090,0.0
r0375_c0091,0.0
r0375_c0092,0.0
r0375_c0093,0.0
r0375_c0094,0.0
r0375_c0095,0.0
r0375_c0096,0.0
r0375_c0097,0.0
r0375_c0098,0.0
r0375_c0099,0.0
r0375_c0100,0.0
r0375_c0101,0.0
r0375_c0102,0.0
r0375_c0103,0.0
r0375_c0104,0.0
r0375_c0105,0.0
r0375_c0106,0.0
r0375_c0107,44.44
r0375_c0109,0.0
r0375_c0110,0.0
r0375_c0111,0.0
r0375_c0113,0.0
r0375_c0114,0.0
r0375_c0115,0.0
r0375_c0116,0.0
r0375_c0117,0.0
r0375_c0125,0.0
r0375_c0126,0.0
r0375_c0127,0.0
r0375_c0128,0.0
r0375_c0129,0.0
r0375_c0130,0.0
r0375_c0131,0.0
r0375_c0132,0.0
r0375_c0133,0.0
r0375_c0134,88.89
r0375_c0136,88.89
r0375_c0137,0.0
r0375_c0138,0.0
r0375_c0139,0.0
r0375_c0142,0.0
r0375_c0143,0.0
r0375_c0144,0.0
r0375_c0145,0.0
r0375_c0146,0.0
r0375_c0147,0.0
r0375_c0148,0.0
r0375_c0149,0.0
r0375_c0150,0.0
r0375_c0151,0.0
r0375_c0152,0.0
r0375_c0153,0.0
r0375_c0154,0.0
r0375_c0155,0.0
r0375_c0156,44.44
r0375_c0157,0.0
r0375_c0158,0.0
r0375_c0159,0.0
r0375_c0160,0.0
r0375_c0161,44.44
r0375_c0162,0.0
r0375_c0163,0.0
r0375_c0164,0.0
r0375_c0165,0.0
r0375_c0166,44.44
r0375_c0167,133.33
r0375_c0169,0.0
r0375_c0173,0.0
r0375_c0174,0.0
r0375_c0180,88.89
r0375_c0181,0.0
r0375_c0182,0.0
r0375_c0184,177.78
r0375_c0185,0.0
r0375_c0186,44.44
r0375_c0187,0.0
r0375_c0188,0.0
r0375_c0189,0.0
r0375_c0190,0.0
r0375_c0191,0.0
r0375_c0192,0.0
r0376_c0009,0.0
r0376_c0010,0.0
r0376_c0011,0.0
r0376_c0012,0.0
r0376_c0013,0.0
r0376_c0014,0.0
r0376_c0016,0.0
r0376_c0017,0.0
r0376_c0018,0.0
r0376_c0019,0.0
r0376_c0020,0.0
r0376_c0021,0.0
r0376_c0022,0.0
r0376_c0023,0.0
r0376_c0024,0.0
r0376_c0025,0.0
r0376_c0026,0.0
r0376_c0027,0.0
r0376_c0028,133.33
r0376_c0029,577.78
r0376_c0030,177.78
r0376_c0031,266.67
r0376_c0032,0.0
r0376_c0033,0.0
r0376_c0048,977.78
r0376_c0049,444.44
r0376_c0053,0.0
r0376_c0054,0.0
r0376_c0055,0.0
r0376_c0056,0.0
r0376_c0063,0.0
r0376_c0064,0.0
r0376_c0065,0.0
r0376_c0066,0.0
r0376_c0067,0.0
r0376_c0068,0.0
r0376_c0069,0.0
r0376_c0070,0.0
r0376_c0071,0.0
r0376_c0072,0.0
r0376_c0073,0.0
r0376_c0074,0.0
r0376_c0075,0.0
r0376_c0076,0.0
r0376_c0077,0.0
r0376_c0078,0.0
r0376_c0079,0.0
r0376_c0080,0.0
r0376_c0083,0.0
r0376_c0084,44.44
r0376_c0087,0.0
r0376_c0088,0.0
r0376_c0089,0.0
r0376_c0090,0.0
r0376_c0091,0.0
r0376_c0092,0.0
r0376_c0093,0.0
r0376_c0094,0.0
r0376_c0095,0.0
r0376_c0096,0.0
r0376_c0097,0.0
r0376_c0098,0.0
r0376_c0099,0.0
r0376_c0100,0.0
r0376_c0101,0.0
r0376_c0102,0.0
r0376_c0103,0.0
r0376_c0104,0.0
r0376_c0105,0.0
r0376_c0106,0.0
r0376_c0109,0.0
r0376_c0111,0.0
r0376_c0112,0.0
r0376_c0113,0.0
r0376_c0114,0.0
r0376_c0115,0.0
r0376_c0116,0.0
r0376_c0117,0.0
r0376_c0118,0.0
r0376_c0119,0.0
r0376_c0125,0.0
r0376_c0126,0.0
r0376_c0127,0.0
r0376_c0128,0.0
r0376_c0129,0.0
r0376_c0130,0.0
r0376_c0131,0.0
r0376_c0132,0.0
r0376_c0133,0.0
r0376_c0134,0.0
r0376_c0137,0.0
r0376_c0138,0.0
r0376_c0139,0.0
r0376_c0141,0.0
r0376_c0142,0.0
r0376_c0143,0.0
r0376_c0144,0.0
r0376_c0145,0.0
r0376_c0146,0.0
r0376_c0147,0.0
r0376_c0148,0.0
r0376_c0149,0.0
r0376_c0150,0.0
r0376_c0151,0.0
r0376_c0152,0.0
r0376_c0153,0.0
r0376_c0154,0.0
r0376_c0155,0.0
r0376_c0156,0.0
r0376_c0157,0.0
r0376_c0158,0.0
r0376_c0159,0.0
r0376_c0160,0.0
r0376_c0161,0.0
r0376_c0162,0.0
r0376_c0163,0.0
r0376_c0164,0.0
r0376_c0165,0.0
r0376_c0166,44.44
r0376_c0169,0.0
r0376_c0170,0.0
r0376_c0173,0.0
r0376_c0174,0.0
r0376_c0179,44.44
r0376_c0180,0.0
r0376_c0181,0.0
r0376_c0182,0.0
r0376_c0183,0.0
r0376_c0184,0.0
r0376_c0185,0.0
r0376_c0186,0.0
r0376_c0187,0.0
r0376_c0188,0.0
r0376_c0189,0.0
r0376_c0190,0.0
r0376_c0191,0.0
r0376_c0192,0.0
r0377_c0009,0.0
r0377_c0010,0.0
r0377_c0011,0.0
r0377_c0012,0.0
r0377_c0013,0.0
r0377_c0014,0.0
r0377_c0015,0.0
r0377_c0016,0.0
r0377_c0017,0.0
r0377_c0018,0.0
r0377_c0019,0.0
r0377_c0020,0.0
r0377_c0021,0.0
r0377_c0022,0.0
r0377_c0023,0.0
r0377_c0024,0.0
r0377_c0025,0.0
r0377_c0026,0.0
r0377_c0027,0.0
r0377_c0028,0.0
r0377_c0029,0.0
r0377_c0030,133.33
r0377_c0031,311.11
r0377_c0032,222.22
r0377_c0033,311.11
r0377_c0036,444.44
r0377_c0037,488.89
r0377_c0038,1466.67
r0377_c0050,88.89
r0377_c0051,0.0
r0377_c0052,44.44
r0377_c0053,0.0
r0377_c0055,0.0
r0377_c0063,0.0
r0377_c0064,0.0
r0377_c0065,0.0
r0377_c0066,0.0
r0377_c0067,0.0
r0377_c0068,0.0
r0377_c0069,0.0
r0377_c0070,0.0
r0377_c0071,0.0
r0377_c0072,0.0
r0377_c0073,0.0
r0377_c0074,0.0
r0377_c0075,0.0
r0377_c0076,0.0
r0377_c0077,0.0
r0377_c0078,0.0
r0377_c0079,0.0
r0377_c0080,0.0
r0377_c0081,44.44
r0377_c0082,44.44
r0377_c0083,444.44
r0377_c0084,0.0
r0377_c0086,0.0
r0377_c0087,0.0
r0377_c0088,0.0
r0377_c0089,0.0
r0377_c0090,0.0
r0377_c0091,0.0
r0377_c0092,0.0
r0377_c0093,0.0
r0377_c0094,0.0
r0377_c0095,0.0
r0377_c0096,0.0
r0377_c0097,0.0
r0377_c0098,0.0
r0377_c0099,0.0
r0377_c0100,0.0
r0377_c0101,0.0
r0377_c0102,0.0
r0377_c0103,0.0
r0377_c0104,0.0
r0377_c0105,0.0
r0377_c0114,0.0
r0377_c0115,0.0
r0377_c0116,0.0
r0377_c0117,0.0
r0377_c0118,0.0
r0377_c0125,0.0
r0377_c0126,0.0
r0377_c0127,0.0
r0377_c0128,0.0
r0377_c0129,0.0
r0377_c0130,0.0
r0377_c0131,0.0
r0377_c0132,0.0
r0377_c0133,0.0
r0377_c0134,0.0
r0377_c0137,0.0
r0377_c0138,0.0
r0377_c0139,0.0
r0377_c0140,0.0
r0377_c0141,0.0
r0377_c0142,0.0
r0377_c0143,0.0
r0377_c0144,0.0
r0377_c0145,0.0
r0377_c0146,0.0
r0377_c0147,0.0
r0377_c0148,0.0
r0377_c0149,0.0
r0377_c0150,0.0
r0377_c0151,0.0
r0377_c0152,0.0
r0377_c0153,0.0
r0377_c0154,0.0
r0377_c0155,0.0
r0377_c0156,0.0
r0377_c0157,0.0
r0377_c0158,0.0
r0377_c0159,0.0
r0377_c0160,0.0
r0377_c0161,0.0
r0377_c0162,0.0
r0377_c0163,0.0
r0377_c0164,0.0
r0377_c0165,0.0
r0377_c0166,88.89
r0377_c0169,0.0
r0377_c0170,0.0
r0377_c0171,0.0
r0377_c0172,0.0
r0377_c0173,0.0
r0377_c0174,0.0
r0377_c0181,0.0
r0377_c0182,0.0
r0377_c0187,0.0
r0377_c0189,44.44
r0377_c0190,0.0
r0377_c0191,0.0
r0378_c0007,0.0
r0378_c0008,0.0
r0378_c0009,0.0
r0378_c0010,0.0
r0378_c0011,0.0
r0378_c0012,0.0
r0378_c0013,0.0
r0378_c0014,0.0
r0378_c0015,0.0
r0378_c0017,0.0
r0378_c0018,0.0
r0378_c0019,0.0
r0378_c0020,0.0
r0378_c0021,0.0
r0378_c0022,0.0
r0378_c0023,0.0
r0378_c0024,0.0
r0378_c0025,0.0
r0378_c0026,0.0
r0378_c0027,0.0
r0378_c0028,0.0
r0378_c0029,0.0
r0378_c0030,0.0
r0378_c0031,0.0
r0378_c0032,0.0
r0378_c0033,177.78
r0378_c0034,44.44
r0378_c0035,44.44
r0378_c0036,133.33
r0378_c0037,0.0
r0378_c0038,133.33
r0378_c0041,622.22
r0378_c0043,577.78
r0378_c0044,222.22
r0378_c0045,355.56
r0378_c0046,177.78
r0378_c0047,0.0
r0378_c0051,0.0
r0378_c0052,0.0
r0378_c0053,0.0
r0378_c0054,0.0
r0378_c0055,0.0
r0378_c0060,44.44
r0378_c0061,0.0
r0378_c0063,0.0
r0378_c0064,0.0
r0378_c0065,0.0
r0378_c0066,0.0
r0378_c0067,0.0
r0378_c0068,0.0
r0378_c0069,0.0
r0378_c0070,0.0
r0378_c0071,0.0
r0378_c0072,0.0
r0378_c0073,0.0
r0378_c0074,0.0
r0378_c0075,0.0
r0378_c0076,0.0
r0378_c0077,0.0
r0378_c0078,0.0
r0378_c0079,88.89
r0378_c0080,355.56
r0378_c0081,222.22
r0378_c0082,311.11
r0378_c0083,44.44
r0378_c0086,0.0
r0378_c0087,0.0
r0378_c0088,0.0
r0378_c0089,0.0
r0378_c0090,0.0
r0378_c0091,0.0
r0378_c0092,0.0
r0378_c0093,0.0
r0378_c0094,0.0
r0378_c0095,0.0
r0378_c0096,0.0
r0378_c0097,0.0
r0378_c0098,0.0
r0378_c0099,0.0
r0378_c0100,0.0
r0378_c0101,0.0
r0378_c0102,0.0
r0378_c0125,0.0
r0378_c0126,0.0
r0378_c0127,0.0
r0378_c0128,0.0
r0378_c0129,0.0
r0378_c0130,0.0
r0378_c0131,0.0
r0378_c0132,0.0
r0378_c0133,0.0
r0378_c0134,0.0
r0378_c0136,44.44
r0378_c0137,0.0
r0378_c0138,0.0
r0378_c0139,0.0
r0378_c0140,0.0
r0378_c0141,0.0
r0378_c0142,0.0
r0378_c0143,0.0
r0378_c0144,0.0
r0378_c0145,0.0
r0378_c0146,0.0
r0378_c0147,0.0
r0378_c0148,0.0
r0378_c0149,0.0
r0378_c0150,0.0
r0378_c0151,0.0
r0378_c0152,0.0
r0378_c0153,0.0
r0378_c0154,0.0
r0378_c0155,0.0
r0378_c0156,0.0
r0378_c0157,0.0
r0378_c0158,0.0
r0378_c0159,0.0
r0378_c0160,0.0
r0378_c0161,0.0
r0378_c0162,0.0
r0378_c0163,0.0
r0378_c0164,0.0
r0378_c0165,0.0
r0378_c0166,0.0
r0378_c0167,44.44
r0378_c0168,0.0
r0378_c0169,0.0
r0378_c0170,0.0
r0378_c0171,0.0
r0378_c0172,0.0
r0378_c0173,0.0
r0378_c0174,0.0
r0378_c0175,0.0
r0378_c0176,0.0
r0378_c0177,44.44
r0378_c0181,0.0
r0378_c0182,0.0
r0378_c0185,0.0
r0378_c0186,0.0
r0378_c0187,0.0
r0378_c0188,0.0
r0378_c0189,44.44
r0378_c0190,0.0
r0378_c0191,0.0
r0379_c0007,0.0
r0379_c0008,0.0
r0379_c0009,0.0
r0379_c0010,0.0
r0379_c0011,0.0
r0379_c0012,0.0
r0379_c0013,0.0
r0379_c0014,0.0
r0379_c0015,0.0
r0379_c0017,0.0
r0379_c0018,0.0
r0379_c0019,0.0
r0379_c0020,0.0
r0379_c0021,0.0
r0379_c0022,0.0
r0379_c0023,0.0
r0379_c0024,0.0
r0379_c0025,0.0
r0379_c0026,0.0
r0379_c0027,0.0
r0379_c0028,0.0
r0379_c0029,0.0
r0379_c0030,0.0
r0379_c0031,0.0
r0379_c0032,0.0
r0379_c0033,0.0
r0379_c0034,0.0
r0379_c0035,0.0
r0379_c0036,0.0
r0379_c0037,0.0
r0379_c0039,0.0
r0379_c0040,44.44
r0379_c0041,0.0
r0379_c0042,0.0
r0379_c0043,0.0
r0379_c0044,0.0
r0379_c0045,0.0
r0379_c0046,0.0
r0379_c0047,44.44
r0379_c0051,0.0
r0379_c0052,0.0
r0379_c0053,0.0
r0379_c0054,0.0
r0379_c0055,0.0
r0379_c0056,0.0
r0379_c0057,0.0
r0379_c0059,0.0
r0379_c0060,177.78
r0379_c0063,44.44
r0379_c0064,44.44
r0379_c0065,0.0
r0379_c0066,0.0
r0379_c0067,0.0
r0379_c0068,0.0
r0379_c0069,0.0
r0379_c0070,0.0
r0379_c0071,0.0
r0379_c0072,0.0
r0379_c0073,0.0
r0379_c0074,0.0
r0379_c0075,88.89
r0379_c0076,88.89
r0379_c0077,0.0
r0379_c0078,133.33
r0379_c0079,44.44
r0379_c0080,0.0
r0379_c0081,0.0
r0379_c0082,133.33
r0379_c0085,0.0
r0379_c0086,0.0
r0379_c0087,0.0
r0379_c0088,0.0
r0379_c0089,0.0
r0379_c0090,0.0
r0379_c0091,0.0
r0379_c0092,0.0
r0379_c0093,0.0
r0379_c0094,0.0
r0379_c0095,0.0
r0379_c0096,0.0
r0379_c0098,0.0
r0379_c0099,0.0
r0379_c0100,0.0
r0379_c0101,0.0
r0379_c0125,0.0
r0379_c0126,0.0
r0379_c0127,0.0
r0379_c0128,0.0
r0379_c0129,0.0
r0379_c0130,0.0
r0379_c0131,0.0
r0379_c0132,0.0
r0379_c0133,0.0
r0379_c0134,0.0
r0379_c0136,44.44
r0379_c0137,0.0
r0379_c0138,0.0
r0379_c0139,0.0
r0379_c0140,0.0
r0379_c0141,0.0
r0379_c0142,0.0
r0379_c0143,0.0
r0379_c0144,0.0
r0379_c0145,0.0
r0379_c0146,0.0
r0379_c0147,0.0
r0379_c0148,0.0
r0379_c0149,0.0
r0379_c0150,0.0
r0379_c0151,0.0
r0379_c0152,0.0
r0379_c0154,0.0
r0379_c0155,0.0
r0379_c0156,0.0
r0379_c0157,0.0
r0379_c0158,0.0
r0379_c0159,0.0
r0379_c0160,0.0
r0379_c0161,0.0
r0379_c0162,0.0
r0379_c0163,0.0
r0379_c0164,0.0
r0379_c0165,0.0
r0379_c0166,0.0
r0379_c0167,0.0
r0379_c0168,0.0
r0379_c0169,0.0
r0379_c0170,0.0
r0379_c0171,0.0
r0379_c0172,0.0
r0379_c0174,0.0
r0379_c0175,0.0
r0379_c0176,44.44
r0379_c0177,0.0
r0379_c0182,0.0
r0379_c0186,0.0
r0379_c0187,0.0
r0379_c0188,0.0
r0379_c0189,0.0
r0379_c0190,0.0
r0379_c0191,0.0
r0380_c0007,0.0
r0380_c0008,0.0
r0380_c0009,0.0
r0380_c0010,0.0
r0380_c0011,0.0
r0380_c0012,0.0
r0380_c0013,0.0
r0380_c0014,0.0
r0380_c0016,0.0
r0380_c0017,0.0
r0380_c0018,0.0
r0380_c0019,0.0
r0380_c0020,0.0
r0380_c0021,0.0
r0380_c0022,0.0
r0380_c0023,0.0
r0380_c0024,0.0
r0380_c0025,0.0
r0380_c0026,0.0
r0380_c0027,0.0
r0380_c0028,0.0
r0380_c0029,0.0
r0380_c0030,0.0
r0380_c0031,0.0
r0380_c0032,0.0
r0380_c0033,0.0
r0380_c0034,0.0
r0380_c0035,0.0
r0380_c0036,0.0
r0380_c0038,44.44
r0380_c0039,0.0
r0380_c0040,0.0
r0380_c0041,0.0
r0380_c0042,0.0
r0380_c0043,0.0
r0380_c0044,0.0
r0380_c0045,0.0
r0380_c0046,0.0
r0380_c0047,0.0
r0380_c0050,0.0
r0380_c0051,0.0
r0380_c0052,0.0
r0380_c0053,0.0
r0380_c0054,0.0
r0380_c0055,0.0
r0380_c0056,0.0
r0380_c0057,0.0
r0380_c0058,0.0
r0380_c0059,0.0
r0380_c0066,88.89
r0380_c0067,0.0
r0380_c0068,0.0
r0380_c0071,88.89
r0380_c0074,533.33
r0380_c0079,0.0
r0380_c0080,0.0
r0380_c0081,0.0
r0380_c0084,0.0
r0380_c0085,0.0
r0380_c0086,0.0
r0380_c0087,0.0
r0380_c0088,0.0
r0380_c0089,0.0
r0380_c0090,0.0
r0380_c0091,0.0
r0380_c0092,44.44
r0380_c0093,44.44
r0380_c0094,0.0
r0380_c0095,0.0
r0380_c0096,0.0
r0380_c0097,0.0
r0380_c0098,0.0
r0380_c0099,0.0
r0380_c0100,0.0
r0380_c0105,0.0
r0380_c0106,0.0
r0380_c0125,0.0
r0380_c0126,0.0
r0380_c0127,0.0
r0380_c0128,0.0
r0380_c0129,0.0
r0380_c0130,266.67
r0380_c0131,0.0
r0380_c0132,0.0
r0380_c0133,0.0
r0380_c0134,44.44
r0380_c0136,88.89
r0380_c0137,0.0
r0380_c0138,0.0
r0380_c0139,0.0
r0380_c0140,177.78
r0380_c0141,44.44
r0380_c0142,0.0
r0380_c0143,0.0
r0380_c0144,0.0
r0380_c0145,0.0
r0380_c0146,88.89
r0380_c0147,0.0
r0380_c0148,0.0
r0380_c0149,0.0
r0380_c0150,0.0
r0380_c0153,0.0
r0380_c0154,0.0
r0380_c0155,0.0
r0380_c0157,0.0
r0380_c0158,0.0
r0380_c0159,0.0
r0380_c0160,0.0
r0380_c0161,44.44
r0380_c0162,88.89
r0380_c0163,44.44
r0380_c0164,0.0
r0380_c0165,0.0
r0380_c0166,0.0
r0380_c0168,0.0
r0380_c0169,0.0
r0380_c0170,0.0
r0380_c0171,0.0
r0380_c0173,0.0
r0380_c0174,0.0
r0380_c0175,0.0
r0380_c0177,44.44
r0380_c0178,0.0
r0380_c0179,44.44
r0380_c0180,0.0
r0380_c0182,0.0
r0380_c0183,133.33
r0380_c0184,0.0
r0380_c0185,0.0
r0380_c0186,0.0
r0380_c0187,0.0
r0380_c0188,0.0
r0380_c0189,44.44
r0380_c0190,0.0
r0381_c0007,0.0
r0381_c0008,0.0
r0381_c0009,0.0
r0381_c0010,0.0
r0381_c0011,0.0
r0381_c0012,0.0
r0381_c0013,0.0
r0381_c0014,0.0
r0381_c0015,0.0
r0381_c0016,0.0
r0381_c0017,0.0
r0381_c0018,0.0
r0381_c0019,0.0
r0381_c0020,0.0
r0381_c0021,0.0
r0381_c0022,0.0
r0381_c0023,0.0
r0381_c0024,0.0
r0381_c0025,0.0
r0381_c0026,0.0
r0381_c0027,0.0
r0381_c0028,0.0
r0381_c0029,0.0
r0381_c0030,0.0
r0381_c0032,0.0
r0381_c0033,0.0
r0381_c0034,0.0
r0381_c0035,0.0
r0381_c0036,0.0
r0381_c0038,0.0
r0381_c0039,0.0
r0381_c0040,0.0
r0381_c0041,0.0
r0381_c0042,0.0
r0381_c0043,0.0
r0381_c0044,0.0
r0381_c0045,0.0
r0381_c0046,44.44
r0381_c0047,0.0
r0381_c0048,0.0
r0381_c0049,0.0
r0381_c0050,0.0
r0381_c0051,0.0
r0381_c0052,0.0
r0381_c0053,0.0
r0381_c0054,0.0
r0381_c0055,0.0
r0381_c0056,0.0
r0381_c0057,0.0
r0381_c0058,0.0
r0381_c0059,0.0
r0381_c0060,0.0
r0381_c0061,0.0
r0381_c0062,0.0
r0381_c0063,0.0
r0381_c0064,0.0
r0381_c0065,0.0
r0381_c0067,0.0
r0381_c0068,0.0
r0381_c0069,0.0
r0381_c0070,0.0
r0381_c0073,0.0
r0381_c0074,0.0
r0381_c0075,44.44
r0381_c0076,0.0
r0381_c0079,0.0
r0381_c0080,0.0
r0381_c0081,0.0
r0381_c0082,0.0
r0381_c0083,0.0
r0381_c0084,0.0
r0381_c0085,0.0
r0381_c0086,0.0
r0381_c0087,0.0
r0381_c0088,0.0
r0381_c0089,0.0
r0381_c0090,0.0
r0381_c0091,0.0
r0381_c0092,0.0
r0381_c0093,0.0
r0381_c0094,0.0
r0381_c0095,0.0
r0381_c0096,0.0
r0381_c0097,0.0
r0381_c0098,0.0
r0381_c0099,0.0
r0381_c0100,0.0
r0381_c0105,0.0
r0381_c0106,0.0
r0381_c0125,0.0
r0381_c0126,0.0
r0381_c0127,0.0
r0381_c0128,0.0
r0381_c0129,0.0
r0381_c0130,0.0
r0381_c0131,0.0
r0381_c0132,0.0
r0381_c0133,0.0
r0381_c0134,0.0
r0381_c0136,0.0
r0381_c0137,0.0
r0381_c0138,0.0
r0381_c0139,0.0
r0381_c0140,0.0
r0381_c0141,0.0
r0381_c0142,0.0
r0381_c0143,0.0
r0381_c0144,0.0
r0381_c0145,0.0
r0381_c0146,0.0
r0381_c0147,0.0
r0381_c0148,0.0
r0381_c0149,0.0
r0381_c0150,0.0
r0381_c0151,0.0
r0381_c0154,0.0
r0381_c0155,0.0
r0381_c0157,0.0
r0381_c0159,0.0
r0381_c0160,0.0
r0381_c0161,0.0
r0381_c0162,0.0
r0381_c0163,0.0
r0381_c0164,0.0
r0381_c0165,0.0
r0381_c0166,0.0
r0381_c0167,0.0
r0381_c0168,0.0
r0381_c0169,0.0
r0381_c0170,0.0
r0381_c0171,0.0
r0381_c0172,0.0
r0381_c0173,0.0
r0381_c0174,0.0
r0381_c0175,0.0
r0381_c0177,44.44
r0381_c0178,0.0
r0381_c0179,0.0
r0381_c0180,0.0
r0381_c0181,0.0
r0381_c0182,0.0
r0381_c0183,0.0
r0381_c0184,0.0
r0381_c0185,0.0
r0381_c0186,0.0
r0381_c0187,0.0
r0381_c0188,0.0
r0381_c0189,133.33
r0381_c0190,0.0
r0382_c0007,0.0
r0382_c0008,0.0
r0382_c0009,0.0
r0382_c0010,0.0
r0382_c0011,0.0
r0382_c0012,0.0
r0382_c0013,0.0
r0382_c0014,0.0
r0382_c0015,0.0
r0382_c0016,0.0
r0382_c0017,0.0
r0382_c0018,0.0
r0382_c0019,0.0
r0382_c0020,0.0
r0382_c0021,0.0
r0382_c0022,0.0
r0382_c0023,0.0
r0382_c0024,0.0
r0382_c0025,0.0
r0382_c0026,0.0
r0382_c0027,0.0
r0382_c0028,0.0
r0382_c0029,0.0
r0382_c0030,0.0
r0382_c0032,0.0
r0382_c0033,0.0
r0382_c0034,0.0
r0382_c0035,0.0
r0382_c0036,0.0
r0382_c0037,0.0
r0382_c0038,0.0
r0382_c0039,0.0
r0382_c0040,0.0
r0382_c0041,0.0
r0382_c0042,0.0
r0382_c0043,0.0
r0382_c0044,0.0
r0382_c0045,0.0
r0382_c0046,0.0
r0382_c0047,0.0
r0382_c0048,0.0
r0382_c0049,0.0
r0382_c0050,0.0
r0382_c0051,0.0
r0382_c0052,0.0
r0382_c0053,0.0
r0382_c0054,0.0
r0382_c0055,0.0
r0382_c0056,0.0
r0382_c0057,0.0
r0382_c0058,0.0
r0382_c0059,0.0
r0382_c0060,0.0
r0382_c0061,0.0
r0382_c0062,0.0
r0382_c0063,0.0
r0382_c0064,0.0
r0382_c0065,0.0
r0382_c0066,0.0
r0382_c0067,0.0
r0382_c0068,0.0
r0382_c0069,0.0
r0382_c0070,0.0
r0382_c0073,0.0
r0382_c0074,0.0
r0382_c0075,0.0
r0382_c0079,0.0
r0382_c0080,0.0
r0382_c0081,0.0
r0382_c0082,0.0
r0382_c0083,0.0
r0382_c0084,0.0
r0382_c0085,0.0
r0382_c0086,0.0
r0382_c0087,0.0
r0382_c0088,0.0
r0382_c0089,0.0
r0382_c0090,0.0
r0382_c0091,0.0
r0382_c0092,0.0
r0382_c0093,0.0
r0382_c0094,0.0
r0382_c0095,0.0
r0382_c0096,0.0
r0382_c0097,0.0
r0382_c0098,0.0
r0382_c0099,0.0
r0382_c0100,0.0
r0382_c0125,88.89
r0382_c0126,0.0
r0382_c0127,0.0
r0382_c0128,0.0
r0382_c0129,0.0
r0382_c0130,0.0
r0382_c0131,0.0
r0382_c0132,0.0
r0382_c0133,0.0
r0382_c0134,0.0
r0382_c0136,0.0
r0382_c0137,0.0
r0382_c0138,0.0
r0382_c0139,0.0
r0382_c0140,0.0
r0382_c0141,0.0
r0382_c0142,0.0
r0382_c0143,0.0
r0382_c0144,0.0
r0382_c0145,0.0
r0382_c0146,0.0
r0382_c0147,0.0
r0382_c0148,0.0
r0382_c0149,0.0
r0382_c0150,0.0
r0382_c0151,0.0
r0382_c0157,0.0
r0382_c0159,0.0
r0382_c0160,0.0
r0382_c0161,0.0
r0382_c0162,0.0
r0382_c0163,0.0
r0382_c0164,0.0
r0382_c0165,0.0
r0382_c0166,0.0
r0382_c0167,0.0
r0382_c0168,0.0
r0382_c0169,0.0
r0382_c0170,0.0
r0382_c0171,0.0
r0382_c0172,0.0
r0382_c0173,0.0
r0382_c0174,0.0
r0382_c0175,0.0
r0382_c0178,0.0
r0382_c0179,0.0
r0382_c0180,0.0
r0382_c0181,0.0
r0382_c0182,0.0
r0382_c0183,0.0
r0382_c0184,0.0
r0382_c0185,0.0
r0382_c0186,0.0
r0382_c0187,0.0
r0382_c0188,0.0
r0382_c0189,0.0
r0383_c0007,0.0
r0383_c0008,0.0
r0383_c0009,0.0
r0383_c0010,0.0
r0383_c0011,0.0
r0383_c0012,0.0
r0383_c0013,0.0
r0383_c0014,0.0
r0383_c0015,0.0
r0383_c0016,0.0
r0383_c0017,0.0
r0383_c0018,0.0
r0383_c0019,0.0
r0383_c0020,0.0
r0383_c0021,0.0
r0383_c0023,0.0
r0383_c0024,0.0
r0383_c0025,0.0
r0383_c0026,0.0
r0383_c0027,0.0
r0383_c0028,0.0
r0383_c0029,0.0
r0383_c0030,0.0
r0383_c0031,0.0
r0383_c0032,0.0
r0383_c0033,0.0
r0383_c0034,0.0
r0383_c0035,0.0
r0383_c0036,0.0
r0383_c0037,0.0
r0383_c0038,0.0
r0383_c0042,44.44
r0383_c0043,0.0
r0383_c0044,0.0
r0383_c0045,0.0
r0383_c0046,0.0
r0383_c0047,0.0
r0383_c0048,0.0
r0383_c0049,0.0
r0383_c0050,0.0
r0383_c0051,0.0
r0383_c0052,0.0
r0383_c0053,0.0
r0383_c0054,0.0
r0383_c0055,0.0
r0383_c0056,0.0
r0383_c0057,0.0
r0383_c0058,0.0
r0383_c0059,0.0
r0383_c0060,0.0
r0383_c0061,0.0
r0383_c0062,0.0
r0383_c0063,0.0
r0383_c0064,0.0
r0383_c0065,0.0
r0383_c0066,0.0
r0383_c0067,0.0
r0383_c0068,0.0
r0383_c0069,0.0
r0383_c0070,0.0
r0383_c0073,0.0
r0383_c0074,0.0
r0383_c0075,0.0
r0383_c0076,0.0
r0383_c0077,0.0
r0383_c0078,0.0
r0383_c0079,0.0
r0383_c0080,0.0
r0383_c0081,0.0
r0383_c0082,0.0
r0383_c0083,0.0
r0383_c0084,0.0
r0383_c0085,0.0
r0383_c0086,0.0
r0383_c0087,0.0
r0383_c0088,0.0
r0383_c0089,0.0
r0383_c0090,0.0
r0383_c0091,0.0
r0383_c0092,0.0
r0383_c0093,0.0
r0383_c0094,0.0
r0383_c0095,0.0
r0383_c0096,0.0
r0383_c0097,0.0
r0383_c0098,0.0
r0383_c0099,0.0
r0383_c0100,0.0
r0383_c0101,0.0
r0383_c0102,0.0
r0383_c0125,133.33
r0383_c0126,0.0
r0383_c0127,0.0
r0383_c0128,0.0
r0383_c0129,0.0
r0383_c0130,0.0
r0383_c0131,0.0
r0383_c0132,0.0
r0383_c0133,0.0
r0383_c0134,44.44
r0383_c0136,0.0
r0383_c0137,0.0
r0383_c0138,0.0
r0383_c0139,0.0
r0383_c0140,0.0
r0383_c0141,0.0
r0383_c0142,0.0
r0383_c0143,0.0
r0383_c0144,0.0
r0383_c0145,0.0
r0383_c0146,0.0
r0383_c0147,0.0
r0383_c0148,0.0
r0383_c0149,0.0
r0383_c0150,0.0
r0383_c0151,0.0
r0383_c0157,0.0
r0383_c0158,0.0
r0383_c0159,0.0
r0383_c0160,0.0
r0383_c0161,0.0
r0383_c0162,0.0
r0383_c0163,0.0
r0383_c0164,0.0
r0383_c0165,0.0
r0383_c0166,0.0
r0383_c0167,0.0
r0383_c0168,0.0
r0383_c0169,0.0
r0383_c0170,0.0
r0383_c0171,0.0
r0383_c0172,0.0
r0383_c0173,0.0
r0383_c0174,0.0
r0383_c0175,44.44
r0383_c0178,0.0
r0383_c0179,0.0
r0383_c0180,0.0
r0383_c0181,0.0
r0383_c0182,0.0
r0383_c0183,0.0
r0383_c0184,0.0
r0383_c0185,0.0
r0383_c0186,0.0
r0383_c0187,0.0
r0383_c0188,0.0
r0384_c0001,0.0
r0384_c0002,0.0
r0384_c0003,0.0
r0384_c0004,0.0
r0384_c0005,0.0
r0384_c0006,0.0
r0384_c0007,0.0
r0384_c0008,0.0
r0384_c0009,0.0
r0384_c0010,0.0
r0384_c0011,0.0
r0384_c0012,0.0
r0384_c0013,0.0
r0384_c0014,0.0
r0384_c0015,0.0
r0384_c0016,0.0
r0384_c0017,0.0
r0384_c0018,0.0
r0384_c0019,0.0
r0384_c0020,0.0
r0384_c0021,0.0
r0384_c0022,0.0
r0384_c0023,0.0
r0384_c0024,0.0
r0384_c0025,0.0
r0384_c0026,0.0
r0384_c0027,0.0
r0384_c0028,0.0
r0384_c0029,0.0
r0384_c0030,0.0
r0384_c0031,0.0
r0384_c0032,0.0
r0384_c0033,0.0
r0384_c0034,0.0
r0384_c0035,0.0
r0384_c0036,0.0
r0384_c0037,0.0
r0384_c0038,0.0
r0384_c0044,0.0
r0384_c0045,0.0
r0384_c0046,0.0
r0384_c0047,0.0
r0384_c0048,0.0
r0384_c0049,0.0
r0384_c0050,0.0
r0384_c0051,0.0
r0384_c0052,0.0
r0384_c0053,0.0
r0384_c0054,0.0
r0384_c0055,0.0
r0384_c0056,0.0
r0384_c0057,0.0
r0384_c0058,0.0
r0384_c0059,0.0
r0384_c0060,0.0
r0384_c0061,0.0
r0384_c0062,0.0
r0384_c0063,0.0
r0384_c0064,0.0
r0384_c0065,0.0
r0384_c0066,0.0
r0384_c0067,0.0
r0384_c0068,0.0
r0384_c0069,0.0
r0384_c0070,0.0
r0384_c0073,0.0
r0384_c0074,0.0
r0384_c0075,0.0
r0384_c0076,0.0
r0384_c0077,0.0
r0384_c0078,0.0
r0384_c0079,0.0
r0384_c0080,0.0
r0384_c0081,0.0
r0384_c0082,0.0
r0384_c0083,0.0
r0384_c0084,0.0
r0384_c0085,0.0
r0384_c0086,0.0
r0384_c0087,0.0
r0384_c0088,0.0
r0384_c0089,0.0
r0384_c0090,0.0
r0384_c0091,0.0
r0384_c0092,0.0
r0384_c0093,0.0
r0384_c0094,0.0
r0384_c0095,0.0
r0384_c0096,0.0
r0384_c0097,0.0
r0384_c0098,0.0
r0384_c0099,0.0
r0384_c0100,0.0
r0384_c0101,0.0
r0384_c0102,0.0
r0384_c0117,0.0
r0384_c0125,133.33
r0384_c0126,0.0
r0384_c0127,0.0
r0384_c0128,0.0
r0384_c0129,0.0
r0384_c0130,0.0
r0384_c0131,0.0
r0384_c0132,0.0
r0384_c0133,0.0
r0384_c0134,0.0
r0384_c0136,44.44
r0384_c0137,0.0
r0384_c0138,0.0
r0384_c0139,0.0
r0384_c0140,0.0
r0384_c0141,0.0
r0384_c0142,0.0
r0384_c0143,0.0
r0384_c0144,0.0
r0384_c0145,0.0
r0384_c0146,0.0
r0384_c0147,0.0
r0384_c0148,0.0
r0384_c0149,0.0
r0384_c0150,0.0
r0384_c0151,0.0
r0384_c0152,0.0
r0384_c0157,0.0
r0384_c0158,0.0
r0384_c0159,0.0
r0384_c0160,0.0
r0384_c0161,0.0
r0384_c0162,0.0
r0384_c0163,0.0
r0384_c0164,0.0
r0384_c0165,0.0
r0384_c0166,0.0
r0384_c0167,44.44
r0384_c0168,0.0
r0384_c0169,0.0
r0384_c0170,0.0
r0384_c0171,0.0
r0384_c0172,0.0
r0384_c0173,0.0
r0384_c0174,0.0
r0384_c0175,0.0
r0384_c0178,0.0
r0384_c0179,0.0
r0384_c0180,0.0
r0384_c0181,0.0
r0384_c0182,0.0
r0384_c0183,0.0
r0384_c0184,0.0
r0384_c0185,0.0
r0384_c0186,0.0
r0384_c0187,0.0
r0384_c0188,0.0
r0385_c0001,0.0
r0385_c0002,0.0
r0385_c0003,0.0
r0385_c0004,0.0
r0385_c0005,0.0
r0385_c0006,0.0
r0385_c0007,0.0
r0385_c0008,0.0
r0385_c0009,0.0
r0385_c0010,0.0
r0385_c0011,0.0
r0385_c0012,0.0
r0385_c0013,0.0
r0385_c0014,0.0
r0385_c0015,0.0
r0385_c0016,0.0
r0385_c0017,0.0
r0385_c0018,0.0
r0385_c0019,0.0
r0385_c0020,0.0
r0385_c0021,0.0
r0385_c0022,0.0
r0385_c0023,0.0
r0385_c0024,0.0
r0385_c0025,0.0
r0385_c0026,0.0
r0385_c0027,0.0
r0385_c0028,400.0
r0385_c0029,0.0
r0385_c0030,0.0
r0385_c0031,0.0
r0385_c0032,0.0
r0385_c0033,0.0
r0385_c0034,0.0
r0385_c0035,0.0
r0385_c0036,0.0
r0385_c0037,0.0
r0385_c0038,0.0
r0385_c0039,0.0
r0385_c0044,44.44
r0385_c0046,88.89
r0385_c0047,0.0
r0385_c0048,44.44
r0385_c0049,0.0
r0385_c0050,0.0
r0385_c0051,0.0
r0385_c0052,0.0
r0385_c0053,0.0
r0385_c0054,0.0
r0385_c0055,0.0
r0385_c0056,0.0
r0385_c0057,0.0
r0385_c0058,0.0
r0385_c0059,0.0
r0385_c0060,0.0
r0385_c0061,0.0
r0385_c0062,0.0
r0385_c0063,0.0
r0385_c0064,0.0
r0385_c0065,0.0
r0385_c0066,0.0
r0385_c0067,0.0
r0385_c0068,0.0
r0385_c0069,0.0
r0385_c0070,0.0
r0385_c0074,0.0
r0385_c0075,0.0
r0385_c0076,0.0
r0385_c0082,622.22
r0385_c0083,0.0
r0385_c0084,0.0
r0385_c0085,0.0
r0385_c0086,0.0
r0385_c0087,0.0
r0385_c0088,0.0
r0385_c0089,0.0
r0385_c0090,0.0
r0385_c0091,0.0
r0385_c0092,0.0
r0385_c0093,0.0
r0385_c0094,0.0
r0385_c0095,0.0
r0385_c0096,0.0
r0385_c0097,0.0
r0385_c0098,0.0
r0385_c0099,0.0
r0385_c0100,44.44
r0385_c0101,0.0
r0385_c0102,0.0
r0385_c0116,0.0
r0385_c0117,0.0
r0385_c0123,0.0
r0385_c0124,44.44
r0385_c0125,0.0
r0385_c0126,0.0
r0385_c0127,0.0
r0385_c0128,0.0
r0385_c0129,0.0
r0385_c0130,44.44
r0385_c0131,0.0
r0385_c0132,0.0
r0385_c0133,44.44
r0385_c0134,0.0
r0385_c0136,133.33
r0385_c0137,0.0
r0385_c0138,0.0
r0385_c0139,44.44
r0385_c0141,44.44
r0385_c0142,0.0
r0385_c0143,0.0
r0385_c0144,0.0
r0385_c0145,44.44
r0385_c0146,44.44
r0385_c0147,0.0
r0385_c0148,0.0
r0385_c0149,0.0
r0385_c0150,0.0
r0385_c0151,0.0
r0385_c0152,0.0
r0385_c0153,0.0
r0385_c0155,0.0
r0385_c0157,0.0
r0385_c0158,0.0
r0385_c0159,0.0
r0385_c0160,0.0
r0385_c0162,311.11
r0385_c0163,0.0
r0385_c0164,0.0
r0385_c0165,0.0
r0385_c0166,0.0
r0385_c0167,44.44
r0385_c0169,0.0
r0385_c0170,0.0
r0385_c0171,0.0
r0385_c0172,0.0
r0385_c0173,0.0
r0385_c0174,44.44
r0385_c0178,0.0
r0385_c0179,0.0
r0385_c0180,0.0
r0385_c0181,0.0
r0385_c0182,0.0
r0385_c0183,88.89
r0385_c0185,0.0
r0385_c0186,0.0
r0385_c0187,0.0
r0385_c0188,0.0
r0386_c0001,0.0
r0386_c0002,0.0
r0386_c0003,0.0
r0386_c0004,0.0
r0386_c0005,0.0
r0386_c0006,0.0
r0386_c0007,0.0
r0386_c0008,0.0
r0386_c0009,0.0
r0386_c0010,0.0
r0386_c0011,0.0
r0386_c0012,0.0
r0386_c0013,0.0
r0386_c0014,0.0
r0386_c0015,0.0
r0386_c0016,0.0
r0386_c0017,0.0
r0386_c0018,0.0
r0386_c0019,0.0
r0386_c0020,0.0
r0386_c0021,0.0
r0386_c0022,0.0
r0386_c0023,0.0
r0386_c0024,0.0
r0386_c0025,0.0
r0386_c0026,0.0
r0386_c0027,0.0
r0386_c0028,0.0
r0386_c0029,0.0
r0386_c0030,0.0
r0386_c0031,0.0
r0386_c0032,0.0
r0386_c0033,0.0
r0386_c0034,0.0
r0386_c0035,0.0
r0386_c0036,0.0
r0386_c0037,0.0
r0386_c0038,222.22
r0386_c0039,0.0
r0386_c0040,44.44
r0386_c0041,44.44
r0386_c0044,0.0
r0386_c0046,0.0
r0386_c0047,0.0
r0386_c0048,0.0
r0386_c0049,0.0
r0386_c0050,0.0
r0386_c0051,0.0
r0386_c0052,0.0
r0386_c0053,0.0
r0386_c0054,0.0
r0386_c0055,0.0
r0386_c0060,0.0
r0386_c0061,0.0
r0386_c0062,0.0
r0386_c0063,0.0
r0386_c0064,0.0
r0386_c0065,0.0
r0386_c0066,0.0
r0386_c0067,0.0
r0386_c0068,0.0
r0386_c0069,0.0
r0386_c0070,0.0
r0386_c0072,0.0
r0386_c0073,0.0
r0386_c0074,0.0
r0386_c0075,0.0
r0386_c0076,0.0
r0386_c0082,222.22
r0386_c0083,0.0
r0386_c0084,0.0
r0386_c0085,0.0
r0386_c0086,0.0
r0386_c0087,0.0
r0386_c0088,0.0
r0386_c0089,0.0
r0386_c0090,0.0
r0386_c0091,0.0
r0386_c0092,0.0
r0386_c0093,0.0
r0386_c0094,0.0
r0386_c0095,0.0
r0386_c0096,0.0
r0386_c0098,0.0
r0386_c0099,0.0
r0386_c0100,0.0
r0386_c0101,0.0
r0386_c0102,0.0
r0386_c0106,0.0
r0386_c0123,0.0
r0386_c0124,0.0
r0386_c0125,133.33
r0386_c0126,0.0
r0386_c0127,0.0
r0386_c0128,0.0
r0386_c0129,0.0
r0386_c0131,0.0
r0386_c0134,177.78
r0386_c0139,0.0
r0386_c0140,0.0
r0386_c0141,0.0
r0386_c0142,0.0
r0386_c0143,0.0
r0386_c0144,0.0
r0386_c0145,0.0
r0386_c0146,44.44
r0386_c0147,0.0
r0386_c0148,0.0
r0386_c0149,0.0
r0386_c0150,0.0
r0386_c0151,0.0
r0386_c0152,0.0
r0386_c0153,0.0
r0386_c0154,0.0
r0386_c0155,0.0
r0386_c0156,0.0
r0386_c0157,0.0
r0386_c0158,0.0
r0386_c0159,0.0
r0386_c0160,0.0
r0386_c0162,44.44
r0386_c0163,0.0
r0386_c0164,0.0
r0386_c0165,0.0
r0386_c0166,0.0
r0386_c0167,44.44
r0386_c0170,0.0
r0386_c0171,0.0
r0386_c0172,0.0
r0386_c0175,44.44
r0386_c0176,0.0
r0386_c0178,0.0
r0386_c0179,0.0
r0386_c0180,0.0
r0386_c0181,0.0
r0386_c0182,0.0
r0386_c0183,0.0
r0386_c0184,0.0
r0386_c0185,44.44
r0386_c0186,0.0
r0386_c0187,0.0
r0386_c0188,0.0
r0386_c0189,0.0
r0387_c0001,0.0
r0387_c0002,0.0
r0387_c0003,0.0
r0387_c0004,0.0
r0387_c0005,0.0
r0387_c0006,0.0
r0387_c0007,0.0
r0387_c0008,0.0
r0387_c0009,0.0
r0387_c0010,0.0
r0387_c0011,0.0
r0387_c0012,0.0
r0387_c0013,0.0
r0387_c0014,0.0
r0387_c0015,0.0
r0387_c0016,0.0
r0387_c0017,0.0
r0387_c0018,0.0
r0387_c0019,0.0
r0387_c0020,0.0
r0387_c0021,0.0
r0387_c0022,0.0
r0387_c0023,0.0
r0387_c0024,0.0
r0387_c0025,0.0
r0387_c0026,0.0
r0387_c0027,0.0
r0387_c0028,0.0
r0387_c0029,0.0
r0387_c0030,0.0
r0387_c0031,0.0
r0387_c0032,0.0
r0387_c0033,0.0
r0387_c0034,0.0
r0387_c0035,0.0
r0387_c0036,0.0
r0387_c0037,44.44
r0387_c0039,0.0
r0387_c0040,0.0
r0387_c0041,0.0
r0387_c0045,0.0
r0387_c0046,0.0
r0387_c0047,0.0
r0387_c0048,0.0
r0387_c0049,0.0
r0387_c0050,0.0
r0387_c0051,0.0
r0387_c0052,0.0
r0387_c0053,0.0
r0387_c0054,0.0
r0387_c0055,88.89
r0387_c0060,0.0
r0387_c0061,0.0
r0387_c0062,0.0
r0387_c0064,0.0
r0387_c0065,0.0
r0387_c0066,0.0
r0387_c0067,0.0
r0387_c0068,0.0
r0387_c0069,0.0
r0387_c0070,0.0
r0387_c0071,0.0
r0387_c0072,0.0
r0387_c0073,0.0
r0387_c0074,0.0
r0387_c0075,0.0
r0387_c0076,0.0
r0387_c0077,0.0
r0387_c0079,0.0
r0387_c0080,44.44
r0387_c0082,44.44
r0387_c0083,0.0
r0387_c0084,0.0
r0387_c0085,0.0
r0387_c0087,0.0
r0387_c0088,0.0
r0387_c0089,0.0
r0387_c0090,0.0
r0387_c0091,0.0
r0387_c0092,0.0
r0387_c0093,0.0
r0387_c0094,0.0
r0387_c0095,0.0
r0387_c0096,0.0
r0387_c0101,0.0
r0387_c0103,0.0
r0387_c0122,0.0
r0387_c0124,44.44
r0387_c0125,0.0
r0387_c0126,44.44
r0387_c0127,0.0
r0387_c0128,0.0
r0387_c0129,44.44
r0387_c0130,0.0
r0387_c0131,0.0
r0387_c0132,0.0
r0387_c0133,0.0
r0387_c0137,0.0
r0387_c0138,0.0
r0387_c0139,0.0
r0387_c0140,0.0
r0387_c0141,0.0
r0387_c0142,0.0
r0387_c0143,0.0
r0387_c0144,0.0
r0387_c0145,0.0
r0387_c0146,0.0
r0387_c0147,0.0
r0387_c0148,0.0
r0387_c0149,0.0
r0387_c0151,0.0
r0387_c0152,0.0
r0387_c0153,0.0
r0387_c0154,0.0
r0387_c0155,0.0
r0387_c0156,0.0
r0387_c0157,0.0
r0387_c0158,0.0
r0387_c0159,0.0
r0387_c0160,0.0
r0387_c0162,0.0
r0387_c0163,0.0
r0387_c0164,0.0
r0387_c0165,0.0
r0387_c0166,0.0
r0387_c0168,177.78
r0387_c0169,0.0
r0387_c0170,0.0
r0387_c0171,0.0
r0387_c0172,0.0
r0387_c0175,0.0
r0387_c0176,0.0
r0387_c0177,0.0
r0387_c0178,0.0
r0387_c0179,0.0
r0387_c0180,0.0
r0387_c0181,0.0
r0387_c0182,0.0
r0387_c0183,0.0
r0387_c0184,0.0
r0387_c0185,0.0
r0387_c0186,0.0
r0387_c0187,0.0
r0387_c0188,0.0
r0387_c0189,0.0
r0388_c0001,0.0
r0388_c0002,0.0
r0388_c0003,0.0
r0388_c0004,0.0
r0388_c0005,0.0
r0388_c0006,0.0
r0388_c0007,0.0
r0388_c0008,0.0
r0388_c0009,0.0
r0388_c0010,0.0
r0388_c0011,0.0
r0388_c0012,0.0
r0388_c0013,0.0
r0388_c0014,0.0
r0388_c0015,0.0
r0388_c0016,0.0
r0388_c0017,0.0
r0388_c0018,0.0
r0388_c0019,0.0
r0388_c0020,0.0
r0388_c0021,0.0
r0388_c0022,0.0
r0388_c0023,0.0
r0388_c0024,0.0
r0388_c0025,0.0
r0388_c0026,0.0
r0388_c0027,0.0
r0388_c0028,0.0
r0388_c0029,0.0
r0388_c0030,0.0
r0388_c0031,0.0
r0388_c0032,0.0
r0388_c0033,0.0
r0388_c0034,0.0
r0388_c0035,0.0
r0388_c0036,0.0
r0388_c0037,88.89
r0388_c0039,88.89
r0388_c0040,44.44
r0388_c0041,44.44
r0388_c0042,0.0
r0388_c0043,0.0
r0388_c0049,0.0
r0388_c0050,0.0
r0388_c0051,0.0
r0388_c0052,0.0
r0388_c0053,0.0
r0388_c0059,0.0
r0388_c0062,0.0
r0388_c0063,0.0
r0388_c0064,0.0
r0388_c0065,0.0
r0388_c0066,0.0
r0388_c0067,0.0
r0388_c0068,0.0
r0388_c0069,0.0
r0388_c0070,0.0
r0388_c0071,0.0
r0388_c0072,0.0
r0388_c0073,0.0
r0388_c0074,0.0
r0388_c0076,0.0
r0388_c0077,0.0
r0388_c0079,0.0
r0388_c0080,0.0
r0388_c0082,0.0
r0388_c0083,0.0
r0388_c0084,0.0
r0388_c0085,0.0
r0388_c0087,0.0
r0388_c0088,0.0
r0388_c0089,0.0
r0388_c0090,0.0
r0388_c0091,0.0
r0388_c0092,0.0
r0388_c0093,0.0
r0388_c0094,0.0
r0388_c0095,0.0
r0388_c0096,0.0
r0388_c0098,0.0
r0388_c0099,0.0
r0388_c0100,0.0
r0388_c0103,0.0
r0388_c0104,0.0
r0388_c0105,0.0
r0388_c0106,0.0
r0388_c0121,0.0
r0388_c0122,0.0
r0388_c0123,0.0
r0388_c0124,177.78
r0388_c0125,0.0
r0388_c0126,0.0
r0388_c0127,0.0
r0388_c0129,0.0
r0388_c0130,0.0
r0388_c0131,0.0
r0388_c0132,0.0
r0388_c0133,44.44
r0388_c0138,0.0
r0388_c0139,0.0
r0388_c0140,0.0
r0388_c0141,0.0
r0388_c0142,0.0
r0388_c0143,0.0
r0388_c0144,0.0
r0388_c0145,0.0
r0388_c0146,0.0
r0388_c0147,0.0
r0388_c0148,0.0
r0388_c0149,0.0
r0388_c0150,0.0
r0388_c0151,0.0
r0388_c0152,0.0
r0388_c0153,0.0
r0388_c0154,0.0
r0388_c0155,0.0
r0388_c0156,0.0
r0388_c0157,0.0
r0388_c0158,0.0
r0388_c0159,0.0
r0388_c0160,0.0
r0388_c0161,0.0
r0388_c0162,0.0
r0388_c0163,0.0
r0388_c0164,0.0
r0388_c0165,0.0
r0388_c0167,44.44
r0388_c0168,0.0
r0388_c0169,0.0
r0388_c0170,0.0
r0388_c0171,0.0
r0388_c0172,0.0
r0388_c0175,0.0
r0388_c0176,0.0
r0388_c0177,0.0
r0388_c0178,0.0
r0388_c0179,0.0
r0388_c0180,0.0
r0388_c0181,0.0
r0388_c0182,0.0
r0388_c0183,0.0
r0388_c0184,0.0
r0388_c0185,0.0
r0388_c0186,0.0
r0388_c0187,0.0
r0388_c0188,0.0
r0388_c0189,0.0
r0389_c0001,0.0
r0389_c0002,0.0
r0389_c0003,0.0
r0389_c0004,0.0
r0389_c0005,0.0
r0389_c0006,0.0
r0389_c0007,0.0
r0389_c0008,0.0
r0389_c0009,0.0
r0389_c0010,0.0
r0389_c0011,0.0
r0389_c0012,0.0
r0389_c0013,0.0
r0389_c0014,0.0
r0389_c0015,0.0
r0389_c0016,0.0
r0389_c0017,0.0
r0389_c0018,0.0
r0389_c0019,0.0
r0389_c0020,0.0
r0389_c0021,0.0
r0389_c0022,0.0
r0389_c0023,0.0
r0389_c0024,0.0
r0389_c0025,0.0
r0389_c0026,0.0
r0389_c0027,44.44
r0389_c0028,0.0
r0389_c0029,0.0
r0389_c0030,0.0
r0389_c0031,0.0
r0389_c0032,0.0
r0389_c0033,0.0
r0389_c0034,0.0
r0389_c0035,0.0
r0389_c0036,0.0
r0389_c0037,88.89
r0389_c0039,800.0
r0389_c0040,0.0
r0389_c0041,44.44
r0389_c0042,0.0
r0389_c0043,0.0
r0389_c0049,0.0
r0389_c0050,0.0
r0389_c0051,0.0
r0389_c0052,0.0
r0389_c0053,0.0
r0389_c0056,44.44
r0389_c0062,0.0
r0389_c0063,0.0
r0389_c0064,0.0
r0389_c0065,0.0
r0389_c0066,0.0
r0389_c0067,0.0
r0389_c0068,0.0
r0389_c0069,0.0
r0389_c0070,0.0
r0389_c0071,0.0
r0389_c0072,0.0
r0389_c0073,0.0
r0389_c0074,0.0
r0389_c0075,0.0
r0389_c0076,0.0
r0389_c0077,0.0
r0389_c0078,0.0
r0389_c0079,0.0
r0389_c0080,0.0
r0389_c0081,0.0
r0389_c0082,0.0
r0389_c0083,0.0
r0389_c0084,0.0
r0389_c0085,0.0
r0389_c0087,0.0
r0389_c0088,0.0
r0389_c0089,0.0
r0389_c0090,0.0
r0389_c0091,0.0
r0389_c0092,0.0
r0389_c0094,0.0
r0389_c0095,0.0
r0389_c0097,0.0
r0389_c0098,0.0
r0389_c0099,0.0
r0389_c0100,0.0
r0389_c0101,0.0
r0389_c0102,0.0
r0389_c0103,0.0
r0389_c0104,0.0
r0389_c0105,0.0
r0389_c0106,0.0
r0389_c0107,0.0
r0389_c0110,0.0
r0389_c0111,0.0
r0389_c0112,0.0
r0389_c0114,0.0
r0389_c0115,0.0
r0389_c0116,0.0
r0389_c0117,0.0
r0389_c0118,0.0
r0389_c0121,0.0
r0389_c0122,0.0
r0389_c0123,0.0
r0389_c0124,177.78
r0389_c0125,44.44
r0389_c0126,0.0
r0389_c0127,0.0
r0389_c0128,0.0
r0389_c0129,0.0
r0389_c0130,0.0
r0389_c0131,0.0
r0389_c0132,0.0
r0389_c0133,0.0
r0389_c0136,0.0
r0389_c0137,0.0
r0389_c0138,0.0
r0389_c0139,0.0
r0389_c0140,0.0
r0389_c0141,0.0
r0389_c0142,0.0
r0389_c0143,0.0
r0389_c0144,0.0
r0389_c0145,0.0
r0389_c0146,0.0
r0389_c0147,0.0
r0389_c0148,0.0
r0389_c0149,0.0
r0389_c0150,0.0
r0389_c0151,0.0
r0389_c0152,0.0
r0389_c0153,0.0
r0389_c0154,0.0
r0389_c0155,0.0
r0389_c0156,0.0
r0389_c0157,0.0
r0389_c0158,0.0
r0389_c0159,0.0
r0389_c0160,0.0
r0389_c0161,0.0
r0389_c0162,0.0
r0389_c0163,0.0
r0389_c0164,0.0
r0389_c0166,0.0
r0389_c0167,0.0
r0389_c0168,0.0
r0389_c0169,0.0
r0389_c0170,0.0
r0389_c0171,0.0
r0389_c0172,0.0
r0389_c0175,44.44
r0389_c0176,0.0
r0389_c0177,0.0
r0389_c0178,0.0
r0389_c0179,0.0
r0389_c0180,0.0
r0389_c0181,0.0
r0389_c0182,0.0
r0389_c0183,0.0
r0389_c0184,0.0
r0389_c0185,0.0
r0389_c0186,0.0
r0389_c0187,0.0
r0389_c0188,0.0
r0389_c0189,0.0
r0390_c0001,0.0
r0390_c0002,0.0
r0390_c0003,0.0
r0390_c0004,0.0
r0390_c0005,0.0
r0390_c0006,0.0
r0390_c0008,0.0
r0390_c0009,0.0
r0390_c0010,0.0
r0390_c0011,0.0
r0390_c0012,0.0
r0390_c0013,0.0
r0390_c0014,0.0
r0390_c0015,0.0
r0390_c0016,88.89
r0390_c0017,0.0
r0390_c0018,0.0
r0390_c0019,0.0
r0390_c0020,0.0
r0390_c0021,0.0
r0390_c0022,0.0
r0390_c0023,0.0
r0390_c0024,0.0
r0390_c0025,44.44
r0390_c0026,177.78
r0390_c0027,88.89
r0390_c0029,0.0
r0390_c0030,0.0
r0390_c0031,0.0
r0390_c0032,0.0
r0390_c0033,0.0
r0390_c0034,0.0
r0390_c0035,0.0
r0390_c0036,0.0
r0390_c0037,0.0
r0390_c0039,755.56
r0390_c0040,0.0
r0390_c0041,44.44
r0390_c0042,133.33
r0390_c0043,44.44
r0390_c0047,88.89
r0390_c0048,0.0
r0390_c0049,0.0
r0390_c0050,0.0
r0390_c0051,0.0
r0390_c0052,0.0
r0390_c0054,0.0
r0390_c0057,0.0
r0390_c0058,0.0
r0390_c0062,0.0
r0390_c0063,0.0
r0390_c0064,0.0
r0390_c0065,0.0
r0390_c0066,0.0
r0390_c0067,0.0
r0390_c0068,0.0
r0390_c0069,0.0
r0390_c0070,0.0
r0390_c0071,44.44
r0390_c0072,0.0
r0390_c0073,0.0
r0390_c0074,0.0
r0390_c0075,0.0
r0390_c0076,0.0
r0390_c0077,0.0
r0390_c0078,0.0
r0390_c0079,0.0
r0390_c0080,0.0
r0390_c0082,0.0
r0390_c0083,0.0
r0390_c0084,0.0
r0390_c0085,0.0
r0390_c0087,44.44
r0390_c0088,0.0
r0390_c0089,0.0
r0390_c0090,0.0
r0390_c0091,0.0
r0390_c0092,0.0
r0390_c0097,0.0
r0390_c0099,0.0
r0390_c0100,0.0
r0390_c0101,0.0
r0390_c0102,0.0
r0390_c0103,0.0
r0390_c0104,0.0
r0390_c0105,0.0
r0390_c0106,0.0
r0390_c0107,0.0
r0390_c0113,0.0
r0390_c0114,0.0
r0390_c0115,0.0
r0390_c0116,0.0
r0390_c0117,0.0
r0390_c0118,0.0
r0390_c0120,0.0
r0390_c0121,0.0
r0390_c0122,0.0
r0390_c0123,0.0
r0390_c0124,133.33
r0390_c0125,0.0
r0390_c0126,0.0
r0390_c0127,0.0
r0390_c0128,0.0
r0390_c0129,88.89
r0390_c0130,0.0
r0390_c0131,0.0
r0390_c0132,0.0
r0390_c0133,0.0
r0390_c0134,0.0
r0390_c0135,222.22
r0390_c0136,0.0
r0390_c0137,0.0
r0390_c0138,0.0
r0390_c0139,0.0
r0390_c0140,0.0
r0390_c0141,0.0
r0390_c0142,0.0
r0390_c0143,0.0
r0390_c0144,0.0
r0390_c0145,0.0
r0390_c0146,0.0
r0390_c0147,44.44
r0390_c0148,0.0
r0390_c0149,0.0
r0390_c0150,0.0
r0390_c0151,0.0
r0390_c0152,44.44
r0390_c0153,0.0
r0390_c0154,0.0
r0390_c0155,0.0
r0390_c0156,222.22
r0390_c0157,88.89
r0390_c0158,44.44
r0390_c0159,0.0
r0390_c0160,0.0
r0390_c0161,0.0
r0390_c0162,0.0
r0390_c0163,0.0
r0390_c0165,44.44
r0390_c0166,0.0
r0390_c0167,0.0
r0390_c0168,0.0
r0390_c0170,0.0
r0390_c0171,0.0
r0390_c0172,88.89
r0390_c0174,44.44
r0390_c0175,0.0
r0390_c0176,0.0
r0390_c0177,0.0
r0390_c0178,0.0
r0390_c0179,0.0
r0390_c0180,0.0
r0390_c0181,0.0
r0390_c0182,0.0
r0390_c0183,88.89
r0390_c0184,44.44
r0390_c0185,0.0
r0390_c0186,0.0
r0390_c0187,0.0
r0390_c0188,44.44
r0391_c0001,0.0
r0391_c0004,0.0
r0391_c0005,0.0
r0391_c0006,0.0
r0391_c0008,0.0
r0391_c0009,0.0
r0391_c0010,0.0
r0391_c0011,0.0
r0391_c0012,0.0
r0391_c0013,0.0
r0391_c0014,0.0
r0391_c0015,0.0
r0391_c0016,44.44
r0391_c0017,44.44
r0391_c0018,0.0
r0391_c0019,0.0
r0391_c0020,0.0
r0391_c0021,0.0
r0391_c0022,0.0
r0391_c0023,0.0
r0391_c0024,0.0
r0391_c0025,0.0
r0391_c0026,88.89
r0391_c0027,0.0
r0391_c0028,44.44
r0391_c0029,0.0
r0391_c0030,0.0
r0391_c0031,0.0
r0391_c0032,0.0
r0391_c0033,0.0
r0391_c0034,0.0
r0391_c0035,0.0
r0391_c0036,0.0
r0391_c0037,0.0
r0391_c0038,0.0
r0391_c0039,44.44
r0391_c0040,44.44
r0391_c0041,0.0
r0391_c0042,222.22
r0391_c0043,177.78
r0391_c0047,0.0
r0391_c0048,0.0
r0391_c0049,44.44
r0391_c0050,0.0
r0391_c0057,0.0
r0391_c0060,0.0
r0391_c0061,0.0
r0391_c0062,0.0
r0391_c0063,0.0
r0391_c0064,0.0
r0391_c0065,44.44
r0391_c0066,0.0
r0391_c0067,0.0
r0391_c0068,0.0
r0391_c0069,266.67
r0391_c0070,177.78
r0391_c0072,0.0
r0391_c0073,0.0
r0391_c0077,0.0
r0391_c0078,0.0
r0391_c0079,0.0
r0391_c0080,0.0
r0391_c0081,88.89
r0391_c0084,0.0
r0391_c0086,0.0
r0391_c0087,0.0
r0391_c0088,0.0
r0391_c0089,0.0
r0391_c0090,0.0
r0391_c0091,0.0
r0391_c0092,0.0
r0391_c0093,0.0
r0391_c0094,0.0
r0391_c0095,0.0
r0391_c0096,0.0
r0391_c0097,0.0
r0391_c0098,0.0
r0391_c0099,0.0
r0391_c0100,0.0
r0391_c0101,0.0
r0391_c0102,0.0
r0391_c0103,0.0
r0391_c0104,0.0
r0391_c0105,0.0
r0391_c0106,0.0
r0391_c0107,0.0
r0391_c0108,0.0
r0391_c0109,0.0
r0391_c0112,0.0
r0391_c0113,177.78
r0391_c0114,88.89
r0391_c0115,0.0
r0391_c0116,0.0
r0391_c0117,0.0
r0391_c0118,44.44
r0391_c0120,0.0
r0391_c0121,0.0
r0391_c0122,0.0
r0391_c0123,0.0
r0391_c0124,0.0
r0391_c0125,0.0
r0391_c0126,0.0
r0391_c0127,0.0
r0391_c0128,0.0
r0391_c0129,0.0
r0391_c0130,0.0
r0391_c0131,44.44
r0391_c0132,0.0
r0391_c0133,88.89
r0391_c0138,0.0
r0391_c0139,0.0
r0391_c0140,0.0
r0391_c0141,0.0
r0391_c0142,0.0
r0391_c0143,0.0
r0391_c0144,0.0
r0391_c0145,0.0
r0391_c0147,0.0
r0391_c0148,0.0
r0391_c0149,0.0
r0391_c0150,0.0
r0391_c0151,0.0
r0391_c0152,0.0
r0391_c0153,0.0
r0391_c0154,0.0
r0391_c0155,0.0
r0391_c0157,88.89
r0391_c0158,88.89
r0391_c0159,0.0
r0391_c0160,0.0
r0391_c0161,0.0
r0391_c0162,44.44
r0391_c0163,0.0
r0391_c0166,88.89
r0391_c0167,0.0
r0391_c0168,44.44
r0391_c0169,0.0
r0391_c0170,0.0
r0391_c0171,0.0
r0391_c0173,44.44
r0391_c0174,0.0
r0391_c0175,0.0
r0391_c0176,0.0
r0391_c0177,0.0
r0391_c0178,0.0
r0391_c0179,0.0
r0391_c0180,0.0
r0391_c0181,0.0
r0391_c0185,0.0
r0391_c0186,0.0
r0391_c0187,0.0
r0391_c0188,0.0
r0391_c0189,0.0
r0392_c0009,0.0
r0392_c0010,0.0
r0392_c0011,0.0
r0392_c0012,0.0
r0392_c0013,0.0
r0392_c0014,0.0
r0392_c0015,0.0
r0392_c0016,0.0
r0392_c0017,88.89
r0392_c0018,0.0
r0392_c0019,0.0
r0392_c0020,0.0
r0392_c0021,0.0
r0392_c0022,0.0
r0392_c0023,0.0
r0392_c0024,0.0
r0392_c0025,44.44
r0392_c0026,0.0
r0392_c0027,133.33
r0392_c0028,0.0
r0392_c0029,0.0
r0392_c0030,0.0
r0392_c0031,0.0
r0392_c0032,0.0
r0392_c0033,0.0
r0392_c0034,0.0
r0392_c0035,0.0
r0392_c0036,0.0
r0392_c0037,0.0
r0392_c0038,133.33
r0392_c0039,177.78
r0392_c0040,177.78
r0392_c0041,0.0
r0392_c0042,88.89
r0392_c0044,0.0
r0392_c0045,133.33
r0392_c0046,0.0
r0392_c0048,44.44
r0392_c0049,0.0
r0392_c0050,0.0
r0392_c0051,0.0
r0392_c0052,0.0
r0392_c0053,0.0
r0392_c0054,0.0
r0392_c0055,0.0
r0392_c0056,0.0
r0392_c0057,0.0
r0392_c0058,0.0
r0392_c0059,0.0
r0392_c0060,0.0
r0392_c0061,0.0
r0392_c0062,0.0
r0392_c0063,0.0
r0392_c0064,0.0
r0392_c0065,0.0
r0392_c0066,0.0
r0392_c0067,0.0
r0392_c0068,0.0
r0392_c0069,88.89
r0392_c0070,88.89
r0392_c0071,0.0
r0392_c0072,0.0
r0392_c0073,0.0
r0392_c0074,0.0
r0392_c0075,0.0
r0392_c0076,0.0
r0392_c0077,0.0
r0392_c0078,0.0
r0392_c0079,0.0
r0392_c0080,0.0
r0392_c0081,0.0
r0392_c0087,0.0
r0392_c0088,0.0
r0392_c0089,0.0
r0392_c0090,0.0
r0392_c0091,0.0
r0392_c0092,0.0
r0392_c0093,0.0
r0392_c0094,0.0
r0392_c0095,0.0
r0392_c0096,0.0
r0392_c0097,0.0
r0392_c0098,0.0
r0392_c0099,0.0
r0392_c0100,0.0
r0392_c0101,0.0
r0392_c0102,0.0
r0392_c0103,0.0
r0392_c0104,0.0
r0392_c0105,0.0
r0392_c0106,0.0
r0392_c0107,0.0
r0392_c0108,0.0
r0392_c0109,0.0
r0392_c0112,0.0
r0392_c0113,0.0
r0392_c0114,0.0
r0392_c0115,0.0
r0392_c0116,0.0
r0392_c0117,0.0
r0392_c0118,0.0
r0392_c0119,0.0
r0392_c0120,0.0
r0392_c0121,0.0
r0392_c0122,0.0
r0392_c0123,0.0
r0392_c0124,0.0
r0392_c0125,44.44
r0392_c0126,0.0
r0392_c0127,0.0
r0392_c0128,0.0
r0392_c0129,0.0
r0392_c0133,0.0
r0392_c0138,0.0
r0392_c0139,0.0
r0392_c0140,0.0
r0392_c0141,0.0
r0392_c0142,0.0
r0392_c0143,0.0
r0392_c0144,0.0
r0392_c0145,0.0
r0392_c0146,0.0
r0392_c0147,0.0
r0392_c0148,0.0
r0392_c0149,0.0
r0392_c0150,0.0
r0392_c0151,0.0
r0392_c0152,0.0
r0392_c0153,0.0
r0392_c0154,0.0
r0392_c0155,0.0
r0392_c0156,0.0
r0392_c0157,0.0
r0392_c0158,0.0
r0392_c0159,0.0
r0392_c0160,0.0
r0392_c0161,0.0
r0392_c0162,0.0
r0392_c0163,0.0
r0392_c0166,44.44
r0392_c0167,0.0
r0392_c0168,0.0
r0392_c0169,0.0
r0392_c0170,0.0
r0392_c0171,0.0
r0392_c0172,0.0
r0392_c0173,0.0
r0392_c0174,0.0
r0392_c0175,0.0
r0392_c0176,0.0
r0392_c0177,0.0
r0392_c0178,0.0
r0392_c0179,0.0
r0392_c0180,0.0
r0392_c0181,0.0
r0392_c0185,0.0
r0392_c0186,0.0
r0392_c0187,0.0
r0392_c0188,0.0
r0392_c0189,0.0
r0393_c0008,0.0
r0393_c0009,0.0
r0393_c0010,0.0
r0393_c0011,0.0
r0393_c0012,0.0
r0393_c0013,0.0
r0393_c0014,0.0
r0393_c0015,0.0
r0393_c0016,0.0
r0393_c0017,44.44
r0393_c0018,0.0
r0393_c0019,0.0
r0393_c0020,0.0
r0393_c0021,0.0
r0393_c0022,0.0
r0393_c0023,0.0
r0393_c0024,0.0
r0393_c0025,0.0
r0393_c0026,88.89
r0393_c0027,311.11
r0393_c0028,0.0
r0393_c0029,0.0
r0393_c0031,0.0
r0393_c0032,0.0
r0393_c0033,0.0
r0393_c0034,0.0
r0393_c0035,0.0
r0393_c0036,0.0
r0393_c0037,0.0
r0393_c0038,44.44
r0393_c0039,0.0
r0393_c0040,88.89
r0393_c0041,0.0
r0393_c0044,44.44
r0393_c0045,0.0
r0393_c0050,0.0
r0393_c0051,0.0
r0393_c0052,0.0
r0393_c0053,0.0
r0393_c0054,0.0
r0393_c0055,0.0
r0393_c0056,0.0
r0393_c0057,0.0
r0393_c0058,0.0
r0393_c0059,0.0
r0393_c0060,0.0
r0393_c0061,0.0
r0393_c0062,0.0
r0393_c0063,0.0
r0393_c0064,0.0
r0393_c0066,0.0
r0393_c0067,0.0
r0393_c0068,0.0
r0393_c0069,0.0
r0393_c0070,0.0
r0393_c0071,0.0
r0393_c0072,0.0
r0393_c0073,0.0
r0393_c0074,0.0
r0393_c0075,0.0
r0393_c0076,0.0
r0393_c0077,0.0
r0393_c0078,0.0
r0393_c0079,0.0
r0393_c0080,0.0
r0393_c0081,0.0
r0393_c0085,0.0
r0393_c0086,0.0
r0393_c0087,0.0
r0393_c0088,0.0
r0393_c0089,0.0
r0393_c0090,0.0
r0393_c0091,0.0
r0393_c0092,0.0
r0393_c0093,0.0
r0393_c0094,0.0
r0393_c0095,0.0
r0393_c0096,0.0
r0393_c0097,0.0
r0393_c0098,0.0
r0393_c0099,0.0
r0393_c0100,0.0
r0393_c0101,0.0
r0393_c0102,0.0
r0393_c0103,0.0
r0393_c0104,0.0
r0393_c0105,0.0
r0393_c0106,0.0
r0393_c0107,0.0
r0393_c0108,0.0
r0393_c0109,0.0
r0393_c0114,0.0
r0393_c0115,0.0
r0393_c0116,0.0
r0393_c0117,0.0
r0393_c0118,0.0
r0393_c0119,0.0
r0393_c0120,0.0
r0393_c0121,0.0
r0393_c0122,0.0
r0393_c0123,0.0
r0393_c0124,0.0
r0393_c0125,0.0
r0393_c0126,0.0
r0393_c0127,0.0
r0393_c0128,0.0
r0393_c0129,0.0
r0393_c0133,0.0
r0393_c0137,0.0
r0393_c0138,0.0
r0393_c0139,0.0
r0393_c0140,0.0
r0393_c0141,0.0
r0393_c0142,0.0
r0393_c0143,0.0
r0393_c0144,0.0
r0393_c0145,0.0
r0393_c0146,0.0
r0393_c0147,0.0
r0393_c0148,0.0
r0393_c0149,0.0
r0393_c0150,0.0
r0393_c0151,0.0
r0393_c0152,0.0
r0393_c0153,0.0
r0393_c0154,0.0
r0393_c0155,0.0
r0393_c0156,0.0
r0393_c0157,0.0
r0393_c0158,0.0
r0393_c0159,0.0
r0393_c0160,0.0
r0393_c0161,0.0
r0393_c0162,0.0
r0393_c0163,0.0
r0393_c0165,0.0
r0393_c0166,0.0
r0393_c0167,0.0
r0393_c0168,0.0
r0393_c0169,0.0
r0393_c0170,0.0
r0393_c0171,0.0
r0393_c0172,0.0
r0393_c0173,0.0
r0393_c0174,0.0
r0393_c0175,0.0
r0393_c0176,0.0
r0393_c0177,0.0
r0393_c0178,0.0
r0393_c0179,0.0
r0393_c0181,0.0
r0393_c0182,44.44
r0393_c0183,0.0
r0393_c0184,0.0
r0393_c0185,0.0
r0393_c0186,0.0
r0393_c0187,0.0
r0393_c0188,0.0
r0393_c0189,0.0
r0394_c0008,0.0
r0394_c0009,0.0
r0394_c0010,0.0
r0394_c0011,0.0
r0394_c0012,0.0
r0394_c0013,0.0
r0394_c0014,0.0
r0394_c0015,0.0
r0394_c0016,0.0
r0394_c0017,0.0
r0394_c0018,0.0
r0394_c0019,0.0
r0394_c0020,0.0
r0394_c0021,0.0
r0394_c0022,0.0
r0394_c0023,0.0
r0394_c0024,0.0
r0394_c0025,0.0
r0394_c0026,0.0
r0394_c0027,133.33
r0394_c0028,0.0
r0394_c0029,0.0
r0394_c0030,0.0
r0394_c0031,0.0
r0394_c0032,0.0
r0394_c0033,0.0
r0394_c0034,0.0
r0394_c0035,0.0
r0394_c0036,0.0
r0394_c0037,0.0
r0394_c0039,88.89
r0394_c0040,88.89
r0394_c0041,44.44
r0394_c0047,0.0
r0394_c0050,0.0
r0394_c0051,0.0
r0394_c0052,0.0
r0394_c0053,0.0
r0394_c0054,0.0
r0394_c0055,0.0
r0394_c0056,0.0
r0394_c0057,0.0
r0394_c0058,0.0
r0394_c0059,0.0
r0394_c0060,0.0
r0394_c0061,0.0
r0394_c0062,0.0
r0394_c0063,0.0
r0394_c0064,0.0
r0394_c0065,0.0
r0394_c0066,0.0
r0394_c0067,0.0
r0394_c0068,0.0
r0394_c0069,0.0
r0394_c0070,0.0
r0394_c0071,0.0
r0394_c0072,0.0
r0394_c0073,0.0
r0394_c0074,44.44
r0394_c0075,44.44
r0394_c0076,0.0
r0394_c0077,0.0
r0394_c0078,0.0
r0394_c0079,0.0
r0394_c0080,0.0
r0394_c0081,0.0
r0394_c0082,0.0
r0394_c0083,0.0
r0394_c0084,0.0
r0394_c0085,0.0
r0394_c0086,0.0
r0394_c0087,0.0
r0394_c0088,0.0
r0394_c0089,0.0
r0394_c0090,0.0
r0394_c0091,0.0
r0394_c0092,0.0
r0394_c0093,0.0
r0394_c0094,0.0
r0394_c0095,0.0
r0394_c0096,0.0
r0394_c0097,0.0
r0394_c0098,0.0
r0394_c0099,0.0
r0394_c0100,0.0
r0394_c0101,0.0
r0394_c0102,0.0
r0394_c0103,0.0
r0394_c0104,0.0
r0394_c0105,0.0
r0394_c0106,0.0
r0394_c0107,0.0
r0394_c0108,0.0
r0394_c0112,0.0
r0394_c0113,0.0
r0394_c0114,0.0
r0394_c0115,0.0
r0394_c0116,0.0
r0394_c0117,0.0
r0394_c0118,0.0
r0394_c0119,0.0
r0394_c0120,0.0
r0394_c0121,0.0
r0394_c0122,0.0
r0394_c0123,0.0
r0394_c0124,0.0
r0394_c0125,0.0
r0394_c0126,0.0
r0394_c0127,0.0
r0394_c0128,0.0
r0394_c0129,0.0
r0394_c0130,0.0
r0394_c0131,0.0
r0394_c0132,0.0
r0394_c0133,0.0
r0394_c0134,0.0
r0394_c0135,133.33
r0394_c0136,0.0
r0394_c0137,0.0
r0394_c0138,0.0
r0394_c0139,0.0
r0394_c0140,0.0
r0394_c0141,0.0
r0394_c0142,0.0
r0394_c0143,0.0
r0394_c0144,0.0
r0394_c0145,0.0
r0394_c0147,0.0
r0394_c0148,0.0
r0394_c0149,0.0
r0394_c0150,0.0
r0394_c0151,0.0
r0394_c0152,0.0
r0394_c0153,0.0
r0394_c0154,0.0
r0394_c0155,0.0
r0394_c0156,0.0
r0394_c0157,0.0
r0394_c0158,0.0
r0394_c0159,0.0
r0394_c0160,0.0
r0394_c0161,0.0
r0394_c0162,0.0
r0394_c0163,0.0
r0394_c0165,0.0
r0394_c0166,44.44
r0394_c0167,0.0
r0394_c0168,0.0
r0394_c0169,0.0
r0394_c0170,0.0
r0394_c0171,0.0
r0394_c0172,0.0
r0394_c0173,0.0
r0394_c0174,0.0
r0394_c0175,0.0
r0394_c0176,0.0
r0394_c0177,0.0
r0394_c0178,0.0
r0394_c0179,0.0
r0394_c0180,0.0
r0394_c0181,0.0
r0394_c0182,0.0
r0394_c0183,0.0
r0394_c0184,0.0
r0394_c0185,0.0
r0394_c0186,0.0
r0394_c0187,0.0
r0394_c0188,0.0
r0395_c0008,0.0
r0395_c0009,0.0
r0395_c0010,0.0
r0395_c0011,0.0
r0395_c0012,0.0
r0395_c0013,0.0
r0395_c0014,0.0
r0395_c0015,0.0
r0395_c0016,44.44
r0395_c0017,0.0
r0395_c0018,0.0
r0395_c0019,0.0
r0395_c0020,0.0
r0395_c0021,0.0
r0395_c0022,0.0
r0395_c0023,0.0
r0395_c0024,0.0
r0395_c0025,0.0
r0395_c0026,177.78
r0395_c0027,0.0
r0395_c0028,0.0
r0395_c0029,0.0
r0395_c0030,0.0
r0395_c0031,0.0
r0395_c0032,0.0
r0395_c0033,0.0
r0395_c0034,0.0
r0395_c0035,0.0
r0395_c0036,0.0
r0395_c0037,0.0
r0395_c0039,0.0
r0395_c0040,0.0
r0395_c0041,0.0
r0395_c0047,0.0
r0395_c0050,0.0
r0395_c0051,0.0
r0395_c0052,0.0
r0395_c0053,0.0
r0395_c0054,0.0
r0395_c0055,0.0
r0395_c0056,0.0
r0395_c0057,0.0
r0395_c0060,0.0
r0395_c0061,0.0
r0395_c0062,0.0
r0395_c0063,0.0
r0395_c0064,0.0
r0395_c0065,0.0
r0395_c0066,0.0
r0395_c0067,0.0
r0395_c0068,0.0
r0395_c0069,0.0
r0395_c0070,0.0
r0395_c0071,44.44
r0395_c0072,0.0
r0395_c0073,0.0
r0395_c0077,0.0
r0395_c0078,0.0
r0395_c0079,0.0
r0395_c0080,0.0
r0395_c0081,0.0
r0395_c0083,44.44
r0395_c0084,44.44
r0395_c0085,0.0
r0395_c0086,0.0
r0395_c0087,0.0
r0395_c0088,0.0
r0395_c0089,0.0
r0395_c0090,0.0
r0395_c0091,0.0
r0395_c0092,0.0
r0395_c0093,0.0
r0395_c0094,0.0
r0395_c0095,0.0
r0395_c0096,0.0
r0395_c0097,0.0
r0395_c0098,0.0
r0395_c0099,0.0
r0395_c0100,0.0
r0395_c0101,0.0
r0395_c0102,0.0
r0395_c0103,44.44
r0395_c0104,0.0
r0395_c0105,0.0
r0395_c0106,0.0
r0395_c0107,0.0
r0395_c0108,44.44
r0395_c0112,0.0
r0395_c0113,0.0
r0395_c0114,0.0
r0395_c0115,0.0
r0395_c0116,0.0
r0395_c0117,0.0
r0395_c0118,0.0
r0395_c0119,0.0
r0395_c0120,0.0
r0395_c0121,0.0
r0395_c0122,0.0
r0395_c0123,0.0
r0395_c0124,0.0
r0395_c0125,44.44
r0395_c0126,0.0
r0395_c0127,0.0
r0395_c0128,0.0
r0395_c0129,0.0
r0395_c0130,0.0
r0395_c0131,0.0
r0395_c0132,0.0
r0395_c0133,0.0
r0395_c0134,0.0
r0395_c0135,44.44
r0395_c0136,0.0
r0395_c0137,0.0
r0395_c0138,0.0
r0395_c0139,0.0
r0395_c0140,0.0
r0395_c0141,0.0
r0395_c0142,0.0
r0395_c0143,0.0
r0395_c0144,0.0
r0395_c0145,0.0
r0395_c0146,0.0
r0395_c0147,0.0
r0395_c0148,0.0
r0395_c0149,0.0
r0395_c0150,0.0
r0395_c0151,0.0
r0395_c0152,0.0
r0395_c0153,0.0
r0395_c0154,0.0
r0395_c0155,0.0
r0395_c0156,0.0
r0395_c0157,0.0
r0395_c0158,0.0
r0395_c0159,0.0
r0395_c0160,0.0
r0395_c0161,0.0
r0395_c0162,0.0
r0395_c0163,0.0
r0395_c0165,0.0
r0395_c0168,0.0
r0395_c0169,0.0
r0395_c0170,0.0
r0395_c0171,0.0
r0395_c0172,0.0
r0395_c0173,0.0
r0395_c0174,0.0
r0395_c0175,0.0
r0395_c0176,44.44
r0395_c0177,0.0
r0395_c0178,0.0
r0395_c0179,0.0
r0395_c0180,0.0
r0395_c0181,0.0
r0395_c0182,0.0
r0395_c0183,0.0
r0395_c0186,0.0
r0395_c0187,0.0
r0395_c0188,0.0
r0396_c0008,0.0
r0396_c0009,0.0
r0396_c0010,0.0
r0396_c0011,0.0
r0396_c0012,0.0
r0396_c0013,0.0
r0396_c0014,0.0
r0396_c0015,0.0
r0396_c0016,44.44
r0396_c0017,0.0
r0396_c0018,0.0
r0396_c0019,0.0
r0396_c0020,0.0
r0396_c0021,0.0
r0396_c0022,0.0
r0396_c0023,0.0
r0396_c0024,0.0
r0396_c0025,0.0
r0396_c0026,0.0
r0396_c0027,0.0
r0396_c0028,0.0
r0396_c0029,0.0
r0396_c0030,0.0
r0396_c0031,0.0
r0396_c0032,0.0
r0396_c0033,0.0
r0396_c0034,0.0
r0396_c0035,0.0
r0396_c0036,0.0
r0396_c0037,0.0
r0396_c0038,0.0
r0396_c0039,0.0
r0396_c0040,44.44
r0396_c0047,0.0
r0396_c0048,0.0
r0396_c0050,44.44
r0396_c0051,0.0
r0396_c0052,0.0
r0396_c0053,0.0
r0396_c0054,0.0
r0396_c0055,0.0
r0396_c0056,0.0
r0396_c0057,0.0
r0396_c0058,0.0
r0396_c0059,0.0
r0396_c0061,44.44
r0396_c0062,0.0
r0396_c0063,0.0
r0396_c0064,44.44
r0396_c0065,0.0
r0396_c0066,0.0
r0396_c0067,0.0
r0396_c0068,0.0
r0396_c0069,0.0
r0396_c0070,44.44
r0396_c0071,222.22
r0396_c0072,0.0
r0396_c0073,0.0
r0396_c0074,0.0
r0396_c0075,0.0
r0396_c0076,0.0
r0396_c0077,0.0
r0396_c0078,0.0
r0396_c0079,0.0
r0396_c0080,0.0
r0396_c0081,311.11
r0396_c0084,44.44
r0396_c0085,0.0
r0396_c0086,0.0
r0396_c0087,0.0
r0396_c0088,0.0
r0396_c0089,0.0
r0396_c0090,0.0
r0396_c0091,0.0
r0396_c0093,0.0
r0396_c0094,0.0
r0396_c0095,0.0
r0396_c0096,0.0
r0396_c0097,0.0
r0396_c0098,133.33
r0396_c0099,0.0
r0396_c0100,0.0
r0396_c0101,0.0
r0396_c0102,0.0
r0396_c0103,44.44
r0396_c0104,0.0
r0396_c0105,0.0
r0396_c0106,0.0
r0396_c0107,0.0
r0396_c0110,0.0
r0396_c0112,0.0
r0396_c0114,0.0
r0396_c0115,0.0
r0396_c0116,0.0
r0396_c0117,0.0
r0396_c0118,0.0
r0396_c0120,0.0
r0396_c0121,0.0
r0396_c0124,44.44
r0396_c0125,0.0
r0396_c0127,0.0
r0396_c0128,0.0
r0396_c0129,44.44
r0396_c0130,44.44
r0396_c0131,0.0
r0396_c0133,0.0
r0396_c0134,400.0
r0396_c0135,44.44
r0396_c0136,0.0
r0396_c0137,0.0
r0396_c0138,0.0
r0396_c0139,0.0
r0396_c0140,44.44
r0396_c0141,0.0
r0396_c0142,0.0
r0396_c0143,0.0
r0396_c0144,0.0
r0396_c0145,44.44
r0396_c0146,0.0
r0396_c0147,0.0
r0396_c0148,0.0
r0396_c0149,0.0
r0396_c0150,0.0
r0396_c0152,0.0
r0396_c0153,0.0
r0396_c0154,0.0
r0396_c0155,0.0
r0396_c0156,133.33
r0396_c0157,222.22
r0396_c0158,0.0
r0396_c0159,0.0
r0396_c0160,0.0
r0396_c0161,0.0
r0396_c0162,0.0
r0396_c0165,0.0
r0396_c0166,0.0
r0396_c0168,0.0
r0396_c0169,0.0
r0396_c0170,0.0
r0396_c0171,0.0
r0396_c0175,0.0
r0396_c0178,0.0
r0396_c0179,0.0
r0396_c0180,0.0
r0396_c0181,0.0
r0396_c0182,0.0
r0396_c0183,88.89
r0396_c0184,0.0
r0396_c0185,0.0
r0396_c0186,0.0
r0396_c0187,44.44
r0396_c0188,0.0
r0397_c0006,0.0
r0397_c0008,0.0
r0397_c0009,0.0
r0397_c0010,0.0
r0397_c0011,0.0
r0397_c0012,0.0
r0397_c0013,0.0
r0397_c0014,0.0
r0397_c0015,0.0
r0397_c0016,0.0
r0397_c0017,0.0
r0397_c0018,0.0
r0397_c0019,0.0
r0397_c0020,0.0
r0397_c0021,0.0
r0397_c0022,0.0
r0397_c0023,0.0
r0397_c0024,0.0
r0397_c0025,0.0
r0397_c0026,0.0
r0397_c0027,0.0
r0397_c0028,0.0
r0397_c0029,0.0
r0397_c0030,0.0
r0397_c0031,0.0
r0397_c0032,0.0
r0397_c0033,0.0
r0397_c0034,0.0
r0397_c0035,0.0
r0397_c0036,0.0
r0397_c0037,0.0
r0397_c0038,311.11
r0397_c0041,0.0
r0397_c0042,88.89
r0397_c0049,0.0
r0397_c0050,0.0
r0397_c0051,0.0
r0397_c0052,0.0
r0397_c0053,0.0
r0397_c0054,0.0
r0397_c0055,0.0
r0397_c0056,0.0
r0397_c0057,0.0
r0397_c0058,0.0
r0397_c0059,0.0
r0397_c0060,0.0
r0397_c0061,0.0
r0397_c0062,0.0
r0397_c0063,0.0
r0397_c0064,0.0
r0397_c0065,0.0
r0397_c0066,0.0
r0397_c0067,0.0
r0397_c0068,0.0
r0397_c0069,0.0
r0397_c0070,0.0
r0397_c0071,0.0
r0397_c0072,0.0
r0397_c0073,0.0
r0397_c0074,0.0
r0397_c0075,0.0
r0397_c0076,0.0
r0397_c0077,0.0
r0397_c0078,0.0
r0397_c0079,0.0
r0397_c0080,0.0
r0397_c0084,0.0
r0397_c0085,0.0
r0397_c0086,0.0
r0397_c0087,0.0
r0397_c0088,0.0
r0397_c0089,0.0
r0397_c0090,0.0
r0397_c0091,0.0
r0397_c0092,0.0
r0397_c0093,0.0
r0397_c0094,0.0
r0397_c0095,0.0
r0397_c0096,0.0
r0397_c0097,0.0
r0397_c0098,0.0
r0397_c0099,0.0
r0397_c0100,0.0
r0397_c0101,0.0
r0397_c0102,0.0
r0397_c0103,0.0
r0397_c0104,0.0
r0397_c0105,0.0
r0397_c0106,0.0
r0397_c0107,0.0
r0397_c0108,0.0
r0397_c0110,0.0
r0397_c0112,0.0
r0397_c0113,0.0
r0397_c0114,0.0
r0397_c0115,0.0
r0397_c0116,0.0
r0397_c0117,0.0
r0397_c0118,0.0
r0397_c0120,0.0
r0397_c0121,0.0
r0397_c0122,0.0
r0397_c0123,0.0
r0397_c0125,0.0
r0397_c0127,0.0
r0397_c0128,0.0
r0397_c0129,0.0
r0397_c0130,0.0
r0397_c0131,0.0
r0397_c0132,0.0
r0397_c0133,0.0
r0397_c0134,0.0
r0397_c0138,0.0
r0397_c0139,0.0
r0397_c0140,0.0
r0397_c0141,0.0
r0397_c0142,0.0
r0397_c0143,0.0
r0397_c0144,0.0
r0397_c0145,0.0
r0397_c0146,0.0
r0397_c0147,0.0
r0397_c0148,0.0
r0397_c0149,0.0
r0397_c0150,0.0
r0397_c0151,0.0
r0397_c0152,0.0
r0397_c0153,0.0
r0397_c0154,0.0
r0397_c0156,0.0
r0397_c0157,0.0
r0397_c0158,0.0
r0397_c0159,0.0
r0397_c0160,0.0
r0397_c0161,0.0
r0397_c0165,0.0
r0397_c0166,0.0
r0397_c0167,0.0
r0397_c0171,0.0
r0397_c0174,88.89
r0397_c0175,0.0
r0397_c0178,0.0
r0397_c0179,0.0
r0397_c0180,0.0
r0397_c0181,0.0
r0397_c0182,0.0
r0397_c0183,0.0
r0397_c0184,0.0
r0397_c0185,0.0
r0397_c0186,0.0
r0398_c0005,0.0
r0398_c0006,0.0
r0398_c0009,0.0
r0398_c0010,0.0
r0398_c0011,0.0
r0398_c0012,0.0
r0398_c0013,0.0
r0398_c0014,0.0
r0398_c0015,0.0
r0398_c0016,0.0
r0398_c0017,0.0
r0398_c0018,0.0
r0398_c0019,0.0
r0398_c0020,0.0
r0398_c0021,0.0
r0398_c0022,0.0
r0398_c0023,0.0
r0398_c0024,0.0
r0398_c0025,0.0
r0398_c0026,0.0
r0398_c0027,0.0
r0398_c0028,0.0
r0398_c0029,0.0
r0398_c0030,0.0
r0398_c0031,0.0
r0398_c0032,0.0
r0398_c0033,0.0
r0398_c0034,0.0
r0398_c0035,0.0
r0398_c0036,0.0
r0398_c0037,0.0
r0398_c0038,177.78
r0398_c0041,0.0
r0398_c0042,0.0
r0398_c0043,0.0
r0398_c0048,0.0
r0398_c0049,0.0
r0398_c0050,0.0
r0398_c0051,0.0
r0398_c0052,0.0
r0398_c0053,0.0
r0398_c0054,0.0
r0398_c0055,0.0
r0398_c0056,0.0
r0398_c0057,0.0
r0398_c0058,0.0
r0398_c0059,0.0
r0398_c0060,0.0
r0398_c0061,0.0
r0398_c0062,0.0
r0398_c0063,0.0
r0398_c0064,0.0
r0398_c0065,0.0
r0398_c0066,0.0
r0398_c0067,0.0
r0398_c0068,0.0
r0398_c0069,0.0
r0398_c0070,0.0
r0398_c0071,0.0
r0398_c0072,0.0
r0398_c0073,0.0
r0398_c0074,0.0
r0398_c0075,0.0
r0398_c0076,0.0
r0398_c0077,0.0
r0398_c0078,0.0
r0398_c0079,0.0
r0398_c0080,0.0
r0398_c0083,44.44
r0398_c0084,0.0
r0398_c0085,0.0
r0398_c0086,0.0
r0398_c0087,0.0
r0398_c0088,0.0
r0398_c0089,0.0
r0398_c0090,0.0
r0398_c0091,0.0
r0398_c0092,0.0
r0398_c0093,0.0
r0398_c0094,0.0
r0398_c0095,0.0
r0398_c0096,0.0
r0398_c0097,0.0
r0398_c0098,0.0
r0398_c0099,0.0
r0398_c0100,0.0
r0398_c0101,0.0
r0398_c0102,0.0
r0398_c0103,0.0
r0398_c0104,0.0
r0398_c0105,0.0
r0398_c0106,0.0
r0398_c0107,0.0
r0398_c0108,0.0
r0398_c0110,0.0
r0398_c0112,0.0
r0398_c0113,0.0
r0398_c0114,0.0
r0398_c0115,0.0
r0398_c0116,0.0
r0398_c0117,0.0
r0398_c0118,0.0
r0398_c0119,0.0
r0398_c0120,0.0
r0398_c0121,0.0
r0398_c0122,0.0
r0398_c0123,0.0
r0398_c0125,0.0
r0398_c0126,0.0
r0398_c0127,0.0
r0398_c0128,0.0
r0398_c0129,0.0
r0398_c0130,0.0
r0398_c0131,0.0
r0398_c0132,0.0
r0398_c0133,0.0
r0398_c0137,44.44
r0398_c0138,0.0
r0398_c0139,0.0
r0398_c0140,0.0
r0398_c0141,0.0
r0398_c0142,0.0
r0398_c0143,0.0
r0398_c0144,0.0
r0398_c0145,0.0
r0398_c0146,0.0
r0398_c0147,0.0
r0398_c0148,0.0
r0398_c0149,0.0
r0398_c0150,0.0
r0398_c0151,0.0
r0398_c0152,0.0
r0398_c0153,0.0
r0398_c0156,0.0
r0398_c0157,0.0
r0398_c0158,0.0
r0398_c0159,0.0
r0398_c0160,0.0
r0398_c0161,0.0
r0398_c0165,0.0
r0398_c0166,0.0
r0398_c0167,0.0
r0398_c0168,0.0
r0398_c0169,0.0
r0398_c0170,0.0
r0398_c0171,0.0
r0398_c0173,0.0
r0398_c0174,0.0
r0398_c0178,0.0
r0398_c0179,0.0
r0398_c0180,0.0
r0398_c0181,0.0
r0398_c0182,0.0
r0399_c0005,0.0
r0399_c0009,0.0
r0399_c0010,0.0
r0399_c0011,0.0
r0399_c0012,0.0
r0399_c0013,0.0
r0399_c0014,0.0
r0399_c0015,0.0
r0399_c0016,0.0
r0399_c0017,0.0
r0399_c0018,0.0
r0399_c0019,0.0
r0399_c0020,0.0
r0399_c0021,0.0
r0399_c0024,44.44
r0399_c0025,0.0
r0399_c0026,0.0
r0399_c0027,0.0
r0399_c0028,0.0
r0399_c0029,0.0
r0399_c0030,0.0
r0399_c0031,0.0
r0399_c0032,0.0
r0399_c0034,0.0
r0399_c0035,0.0
r0399_c0036,0.0
r0399_c0037,0.0
r0399_c0039,133.33
r0399_c0040,0.0
r0399_c0041,0.0
r0399_c0042,0.0
r0399_c0043,44.44
r0399_c0048,0.0
r0399_c0049,0.0
r0399_c0050,0.0
r0399_c0051,0.0
r0399_c0052,0.0
r0399_c0053,0.0
r0399_c0054,0.0
r0399_c0055,0.0
r0399_c0056,0.0
r0399_c0057,0.0
r0399_c0058,0.0
r0399_c0059,0.0
r0399_c0060,0.0
r0399_c0061,0.0
r0399_c0062,0.0
r0399_c0063,0.0
r0399_c0064,0.0
r0399_c0065,0.0
r0399_c0066,0.0
r0399_c0067,0.0
r0399_c0068,0.0
r0399_c0069,0.0
r0399_c0070,0.0
r0399_c0071,0.0
r0399_c0072,0.0
r0399_c0073,0.0
r0399_c0074,0.0
r0399_c0075,0.0
r0399_c0076,0.0
r0399_c0077,0.0
r0399_c0078,0.0
r0399_c0079,0.0
r0399_c0080,0.0
r0399_c0081,0.0
r0399_c0084,0.0
r0399_c0085,0.0
r0399_c0086,0.0
r0399_c0087,0.0
r0399_c0089,0.0
r0399_c0090,0.0
r0399_c0091,0.0
r0399_c0092,0.0
r0399_c0093,0.0
r0399_c0094,0.0
r0399_c0095,0.0
r0399_c0096,0.0
r0399_c0097,0.0
r0399_c0098,0.0
r0399_c0099,0.0
r0399_c0100,0.0
r0399_c0101,0.0
r0399_c0102,0.0
r0399_c0103,0.0
r0399_c0104,0.0
r0399_c0105,0.0
r0399_c0106,0.0
r0399_c0107,0.0
r0399_c0110,0.0
r0399_c0114,0.0
r0399_c0115,0.0
r0399_c0116,0.0
r0399_c0117,0.0
r0399_c0118,0.0
r0399_c0119,0.0
r0399_c0120,0.0
r0399_c0121,0.0
r0399_c0122,0.0
r0399_c0123,0.0
r0399_c0125,0.0
r0399_c0126,0.0
r0399_c0127,0.0
r0399_c0128,0.0
r0399_c0129,0.0
r0399_c0130,0.0
r0399_c0131,0.0
r0399_c0132,0.0
r0399_c0133,0.0
r0399_c0134,0.0
r0399_c0135,44.44
r0399_c0136,0.0
r0399_c0137,0.0
r0399_c0138,0.0
r0399_c0139,0.0
r0399_c0140,0.0
r0399_c0141,0.0
r0399_c0142,0.0
r0399_c0143,0.0
r0399_c0144,0.0
r0399_c0145,0.0
r0399_c0146,0.0
r0399_c0147,0.0
r0399_c0148,0.0
r0399_c0149,0.0
r0399_c0150,0.0
r0399_c0151,0.0
r0399_c0152,0.0
r0399_c0153,0.0
r0399_c0154,0.0
r0399_c0155,0.0
r0399_c0156,0.0
r0399_c0157,0.0
r0399_c0158,0.0
r0399_c0159,0.0
r0399_c0160,0.0
r0399_c0161,0.0
r0399_c0165,0.0
r0399_c0166,0.0
r0399_c0167,88.89
r0399_c0168,0.0
r0399_c0169,0.0
r0399_c0170,0.0
r0399_c0171,0.0
r0399_c0172,0.0
r0399_c0173,0.0
r0399_c0177,0.0
r0399_c0178,0.0
r0400_c0007,0.0
r0400_c0008,0.0
r0400_c0009,0.0
r0400_c0010,0.0
r0400_c0011,0.0
r0400_c0012,0.0
r0400_c0013,0.0
r0400_c0014,0.0
r0400_c0015,0.0
r0400_c0016,0.0
r0400_c0017,0.0
r0400_c0018,0.0
r0400_c0019,0.0
r0400_c0020,0.0
r0400_c0021,0.0
r0400_c0022,0.0
r0400_c0024,0.0
r0400_c0025,0.0
r0400_c0027,0.0
r0400_c0028,0.0
r0400_c0029,0.0
r0400_c0030,0.0
r0400_c0031,0.0
r0400_c0032,0.0
r0400_c0034,0.0
r0400_c0035,0.0
r0400_c0040,88.89
r0400_c0041,177.78
r0400_c0042,1066.67
r0400_c0043,622.22
r0400_c0048,0.0
r0400_c0049,44.44
r0400_c0050,0.0
r0400_c0051,0.0
r0400_c0052,0.0
r0400_c0053,0.0
r0400_c0054,0.0
r0400_c0055,0.0
r0400_c0056,0.0
r0400_c0057,0.0
r0400_c0058,0.0
r0400_c0059,0.0
r0400_c0060,0.0
r0400_c0061,0.0
r0400_c0062,0.0
r0400_c0063,0.0
r0400_c0064,0.0
r0400_c0065,44.44
r0400_c0066,0.0
r0400_c0067,0.0
r0400_c0068,0.0
r0400_c0069,0.0
r0400_c0070,0.0
r0400_c0071,0.0
r0400_c0072,0.0
r0400_c0073,0.0
r0400_c0075,0.0
r0400_c0076,0.0
r0400_c0077,0.0
r0400_c0078,0.0
r0400_c0079,0.0
r0400_c0080,0.0
r0400_c0085,0.0
r0400_c0086,0.0
r0400_c0087,0.0
r0400_c0088,0.0
r0400_c0089,0.0
r0400_c0090,0.0
r0400_c0091,0.0
r0400_c0092,0.0
r0400_c0093,0.0
r0400_c0094,0.0
r0400_c0095,0.0
r0400_c0096,0.0
r0400_c0097,0.0
r0400_c0098,0.0
r0400_c0099,0.0
r0400_c0100,0.0
r0400_c0101,0.0
r0400_c0102,0.0
r0400_c0103,0.0
r0400_c0104,0.0
r0400_c0105,0.0
r0400_c0106,0.0
r0400_c0107,88.89
r0400_c0108,0.0
r0400_c0110,0.0
r0400_c0114,88.89
r0400_c0115,0.0
r0400_c0116,0.0
r0400_c0117,0.0
r0400_c0118,0.0
r0400_c0120,0.0
r0400_c0121,0.0
r0400_c0122,44.44
r0400_c0124,44.44
r0400_c0125,44.44
r0400_c0126,0.0
r0400_c0127,0.0
r0400_c0128,0.0
r0400_c0129,0.0
r0400_c0130,0.0
r0400_c0131,0.0
r0400_c0132,0.0
r0400_c0133,0.0
r0400_c0134,0.0
r0400_c0135,0.0
r0400_c0136,0.0
r0400_c0137,0.0
r0400_c0138,0.0
r0400_c0139,0.0
r0400_c0140,0.0
r0400_c0141,0.0
r0400_c0142,0.0
r0400_c0143,0.0
r0400_c0144,0.0
r0400_c0145,0.0
r0400_c0146,0.0
r0400_c0147,0.0
r0400_c0148,0.0
r0400_c0149,0.0
r0400_c0150,0.0
r0400_c0151,0.0
r0400_c0152,0.0
r0400_c0153,0.0
r0400_c0154,0.0
r0400_c0155,0.0
r0400_c0156,0.0
r0400_c0157,0.0
r0400_c0158,0.0
r0400_c0159,0.0
r0400_c0160,0.0
r0400_c0161,0.0
r0400_c0164,0.0
r0400_c0165,0.0
r0400_c0166,0.0
r0400_c0167,0.0
r0400_c0168,88.89
r0400_c0169,0.0
r0400_c0170,0.0
r0400_c0171,0.0
r0400_c0172,0.0
r0400_c0177,88.89
r0400_c0178,0.0
r0400_c0179,0.0
r0400_c0180,0.0
r0400_c0181,0.0
r0400_c0182,0.0
r0400_c0183,44.44
r0401_c0007,0.0
r0401_c0008,0.0
r0401_c0009,0.0
r0401_c0010,0.0
r0401_c0011,0.0
r0401_c0012,0.0
r0401_c0013,0.0
r0401_c0014,0.0
r0401_c0015,0.0
r0401_c0016,0.0
r0401_c0017,0.0
r0401_c0018,0.0
r0401_c0019,0.0
r0401_c0020,0.0
r0401_c0021,0.0
r0401_c0022,0.0
r0401_c0023,0.0
r0401_c0025,0.0
r0401_c0026,0.0
r0401_c0027,0.0
r0401_c0028,0.0
r0401_c0029,0.0
r0401_c0030,0.0
r0401_c0031,0.0
r0401_c0032,0.0
r0401_c0034,0.0
r0401_c0035,88.89
r0401_c0040,622.22
r0401_c0052,0.0
r0401_c0053,0.0
r0401_c0054,0.0
r0401_c0055,0.0
r0401_c0056,0.0
r0401_c0057,44.44
r0401_c0058,0.0
r0401_c0059,0.0
r0401_c0060,44.44
r0401_c0061,0.0
r0401_c0062,0.0
r0401_c0063,0.0
r0401_c0064,0.0
r0401_c0066,44.44
r0401_c0067,0.0
r0401_c0068,0.0
r0401_c0069,0.0
r0401_c0070,0.0
r0401_c0072,0.0
r0401_c0073,0.0
r0401_c0076,0.0
r0401_c0077,44.44
r0401_c0078,44.44
r0401_c0079,0.0
r0401_c0085,0.0
r0401_c0086,88.89
r0401_c0088,0.0
r0401_c0089,0.0
r0401_c0090,0.0
r0401_c0091,0.0
r0401_c0093,0.0
r0401_c0094,0.0
r0401_c0095,0.0
r0401_c0096,0.0
r0401_c0097,0.0
r0401_c0099,0.0
r0401_c0100,0.0
r0401_c0101,0.0
r0401_c0102,88.89
r0401_c0104,0.0
r0401_c0107,88.89
r0401_c0108,44.44
r0401_c0110,0.0
r0401_c0116,0.0
r0401_c0118,88.89
r0401_c0120,0.0
r0401_c0121,0.0
r0401_c0125,0.0
r0401_c0126,0.0
r0401_c0127,0.0
r0401_c0130,0.0
r0401_c0131,0.0
r0401_c0132,0.0
r0401_c0134,0.0
r0401_c0135,44.44
r0401_c0136,0.0
r0401_c0137,0.0
r0401_c0138,0.0
r0401_c0139,0.0
r0401_c0140,44.44
r0401_c0142,0.0
r0401_c0143,0.0
r0401_c0144,0.0
r0401_c0145,177.78
r0401_c0146,0.0
r0401_c0147,0.0
r0401_c0148,0.0
r0401_c0149,0.0
r0401_c0150,0.0
r0401_c0151,0.0
r0401_c0157,88.89
r0401_c0158,0.0
r0401_c0159,0.0
r0401_c0160,0.0
r0401_c0161,0.0
r0401_c0164,0.0
r0401_c0165,0.0
r0401_c0166,0.0
r0401_c0167,88.89
r0401_c0168,44.44
r0401_c0169,0.0
r0401_c0170,0.0
r0401_c0171,0.0
r0401_c0177,0.0
r0401_c0178,0.0
r0401_c0179,0.0
r0401_c0180,0.0
r0401_c0181,0.0
r0401_c0182,0.0
r0401_c0183,44.44
r0402_c0007,0.0
r0402_c0008,0.0
r0402_c0009,0.0
r0402_c0013,0.0
r0402_c0014,0.0
r0402_c0015,0.0
r0402_c0016,0.0
r0402_c0017,0.0
r0402_c0018,0.0
r0402_c0019,0.0
r0402_c0020,0.0
r0402_c0021,0.0
r0402_c0022,0.0
r0402_c0025,0.0
r0402_c0026,0.0
r0402_c0027,0.0
r0402_c0028,0.0
r0402_c0029,0.0
r0402_c0030,0.0
r0402_c0031,0.0
r0402_c0032,0.0
r0402_c0033,0.0
r0402_c0034,44.44
r0402_c0035,0.0
r0402_c0036,266.67
r0402_c0037,133.33
r0402_c0038,177.78
r0402_c0039,311.11
r0402_c0040,488.89
r0402_c0045,177.78
r0402_c0046,222.22
r0402_c0048,0.0
r0402_c0049,44.44
r0402_c0053,0.0
r0402_c0054,44.44
r0402_c0056,44.44
r0402_c0057,0.0
r0402_c0058,0.0
r0402_c0059,44.44
r0402_c0060,0.0
r0402_c0061,0.0
r0402_c0062,0.0
r0402_c0063,0.0
r0402_c0064,0.0
r0402_c0065,0.0
r0402_c0066,0.0
r0402_c0067,0.0
r0402_c0068,0.0
r0402_c0069,0.0
r0402_c0070,0.0
r0402_c0071,0.0
r0402_c0072,0.0
r0402_c0073,0.0
r0402_c0074,0.0
r0402_c0075,0.0
r0402_c0076,266.67
r0402_c0077,0.0
r0402_c0078,0.0
r0402_c0079,133.33
r0402_c0080,266.67
r0402_c0083,0.0
r0402_c0084,0.0
r0402_c0085,177.78
r0402_c0086,88.89
r0402_c0087,44.44
r0402_c0088,0.0
r0402_c0089,0.0
r0402_c0090,0.0
r0402_c0091,0.0
r0402_c0092,44.44
r0402_c0093,0.0
r0402_c0094,0.0
r0402_c0095,0.0
r0402_c0096,0.0
r0402_c0097,0.0
r0402_c0098,0.0
r0402_c0099,0.0
r0402_c0100,0.0
r0402_c0101,0.0
r0402_c0102,44.44
r0402_c0106,0.0
r0402_c0107,0.0
r0402_c0110,0.0
r0402_c0114,44.44
r0402_c0115,0.0
r0402_c0116,0.0
r0402_c0121,0.0
r0402_c0122,0.0
r0402_c0123,0.0
r0402_c0124,44.44
r0402_c0125,0.0
r0402_c0126,0.0
r0402_c0127,0.0
r0402_c0128,0.0
r0402_c0129,44.44
r0402_c0134,177.78
r0402_c0135,133.33
r0402_c0136,44.44
r0402_c0138,0.0
r0402_c0139,0.0
r0402_c0140,0.0
r0402_c0141,0.0
r0402_c0142,0.0
r0402_c0143,0.0
r0402_c0144,0.0
r0402_c0145,44.44
r0402_c0146,44.44
r0402_c0147,44.44
r0402_c0148,0.0
r0402_c0149,0.0
r0402_c0150,0.0
r0402_c0151,0.0
r0402_c0152,0.0
r0402_c0153,0.0
r0402_c0154,44.44
r0402_c0155,0.0
r0402_c0157,0.0
r0402_c0158,44.44
r0402_c0159,44.44
r0402_c0160,0.0
r0402_c0164,0.0
r0402_c0165,0.0
r0402_c0166,0.0
r0402_c0171,0.0
r0402_c0173,0.0
r0402_c0174,0.0
r0402_c0175,44.44
r0402_c0176,0.0
r0402_c0177,0.0
r0402_c0178,0.0
r0402_c0179,0.0
r0402_c0180,0.0
r0402_c0181,0.0
r0402_c0182,0.0
r0402_c0183,0.0
r0402_c0184,0.0
r0402_c0185,0.0
r0402_c0186,0.0
r0402_c0187,0.0
r0403_c0007,0.0
r0403_c0008,0.0
r0403_c0014,0.0
r0403_c0015,0.0
r0403_c0016,0.0
r0403_c0017,0.0
r0403_c0018,0.0
r0403_c0019,0.0
r0403_c0020,0.0
r0403_c0021,0.0
r0403_c0023,0.0
r0403_c0025,0.0
r0403_c0026,0.0
r0403_c0027,0.0
r0403_c0028,0.0
r0403_c0029,0.0
r0403_c0030,0.0
r0403_c0031,0.0
r0403_c0032,0.0
r0403_c0033,0.0
r0403_c0034,0.0
r0403_c0035,0.0
r0403_c0036,0.0
r0403_c0037,0.0
r0403_c0038,44.44
r0403_c0040,0.0
r0403_c0044,177.78
r0403_c0045,0.0
r0403_c0046,0.0
r0403_c0047,0.0
r0403_c0048,0.0
r0403_c0049,0.0
r0403_c0053,0.0
r0403_c0054,0.0
r0403_c0055,0.0
r0403_c0056,0.0
r0403_c0057,0.0
r0403_c0058,0.0
r0403_c0059,0.0
r0403_c0060,0.0
r0403_c0062,0.0
r0403_c0063,0.0
r0403_c0064,0.0
r0403_c0065,0.0
r0403_c0066,0.0
r0403_c0067,0.0
r0403_c0068,0.0
r0403_c0069,0.0
r0403_c0070,0.0
r0403_c0071,0.0
r0403_c0072,0.0
r0403_c0073,0.0
r0403_c0074,0.0
r0403_c0075,0.0
r0403_c0076,0.0
r0403_c0077,0.0
r0403_c0078,0.0
r0403_c0079,0.0
r0403_c0080,0.0
r0403_c0081,44.44
r0403_c0083,0.0
r0403_c0084,0.0
r0403_c0085,0.0
r0403_c0086,0.0
r0403_c0087,0.0
r0403_c0088,0.0
r0403_c0089,0.0
r0403_c0090,0.0
r0403_c0091,0.0
r0403_c0092,0.0
r0403_c0093,0.0
r0403_c0094,0.0
r0403_c0096,0.0
r0403_c0097,0.0
r0403_c0098,0.0
r0403_c0099,0.0
r0403_c0100,0.0
r0403_c0101,0.0
r0403_c0102,0.0
r0403_c0103,0.0
r0403_c0105,0.0
r0403_c0106,0.0
r0403_c0107,0.0
r0403_c0109,0.0
r0403_c0110,0.0
r0403_c0114,0.0
r0403_c0115,0.0
r0403_c0116,0.0
r0403_c0117,0.0
r0403_c0118,0.0
r0403_c0120,0.0
r0403_c0121,0.0
r0403_c0122,0.0
r0403_c0123,0.0
r0403_c0125,133.33
r0403_c0126,0.0
r0403_c0127,0.0
r0403_c0128,0.0
r0403_c0129,0.0
r0403_c0130,0.0
r0403_c0131,0.0
r0403_c0132,0.0
r0403_c0133,0.0
r0403_c0134,0.0
r0403_c0135,44.44
r0403_c0137,0.0
r0403_c0138,0.0
r0403_c0139,0.0
r0403_c0140,0.0
r0403_c0141,0.0
r0403_c0142,0.0
r0403_c0143,0.0
r0403_c0144,0.0
r0403_c0145,0.0
r0403_c0146,0.0
r0403_c0147,0.0
r0403_c0148,0.0
r0403_c0149,0.0
r0403_c0150,0.0
r0403_c0151,0.0
r0403_c0152,0.0
r0403_c0153,0.0
r0403_c0154,222.22
r0403_c0163,0.0
r0403_c0164,0.0
r0403_c0165,0.0
r0403_c0166,0.0
r0403_c0167,0.0
r0403_c0171,0.0
r0403_c0173,0.0
r0403_c0174,0.0
r0403_c0175,0.0
r0403_c0176,0.0
r0403_c0177,0.0
r0403_c0178,0.0
r0403_c0181,0.0
r0403_c0182,0.0
r0403_c0183,0.0
r0403_c0184,0.0
r0403_c0185,0.0
r0403_c0186,0.0
r0403_c0187,0.0
r0404_c0006,0.0
r0404_c0007,0.0
r0404_c0008,0.0
r0404_c0013,0.0
r0404_c0014,0.0
r0404_c0015,0.0
r0404_c0016,0.0
r0404_c0017,0.0
r0404_c0018,0.0
r0404_c0019,0.0
r0404_c0020,0.0
r0404_c0021,0.0
r0404_c0022,0.0
r0404_c0023,0.0
r0404_c0024,0.0
r0404_c0025,0.0
r0404_c0026,0.0
r0404_c0027,0.0
r0404_c0028,0.0
r0404_c0029,0.0
r0404_c0030,0.0
r0404_c0031,0.0
r0404_c0032,0.0
r0404_c0033,0.0
r0404_c0034,0.0
r0404_c0035,0.0
r0404_c0036,0.0
r0404_c0037,0.0
r0404_c0038,0.0
r0404_c0040,0.0
r0404_c0041,0.0
r0404_c0042,0.0
r0404_c0045,0.0
r0404_c0046,0.0
r0404_c0047,0.0
r0404_c0048,0.0
r0404_c0049,0.0
r0404_c0050,0.0
r0404_c0051,0.0
r0404_c0052,0.0
r0404_c0053,0.0
r0404_c0054,0.0
r0404_c0055,0.0
r0404_c0056,0.0
r0404_c0057,0.0
r0404_c0058,0.0
r0404_c0059,0.0
r0404_c0060,0.0
r0404_c0061,0.0
r0404_c0062,0.0
r0404_c0063,0.0
r0404_c0064,0.0
r0404_c0065,0.0
r0404_c0066,0.0
r0404_c0067,0.0
r0404_c0068,0.0
r0404_c0069,0.0
r0404_c0070,0.0
r0404_c0071,0.0
r0404_c0072,0.0
r0404_c0073,0.0
r0404_c0074,0.0
r0404_c0075,0.0
r0404_c0076,0.0
r0404_c0077,0.0
r0404_c0078,0.0
r0404_c0079,0.0
r0404_c0080,0.0
r0404_c0081,0.0
r0404_c0082,0.0
r0404_c0083,0.0
r0404_c0084,0.0
r0404_c0085,0.0
r0404_c0086,0.0
r0404_c0087,0.0
r0404_c0088,0.0
r0404_c0089,0.0
r0404_c0090,0.0
r0404_c0091,0.0
r0404_c0092,0.0
r0404_c0093,0.0
r0404_c0094,0.0
r0404_c0095,0.0
r0404_c0096,0.0
r0404_c0097,0.0
r0404_c0098,0.0
r0404_c0099,0.0
r0404_c0100,0.0
r0404_c0101,0.0
r0404_c0102,0.0
r0404_c0105,0.0
r0404_c0106,0.0
r0404_c0107,0.0
r0404_c0109,0.0
r0404_c0110,0.0
r0404_c0114,0.0
r0404_c0115,0.0
r0404_c0116,0.0
r0404_c0117,0.0
r0404_c0118,0.0
r0404_c0120,0.0
r0404_c0121,0.0
r0404_c0122,0.0
r0404_c0123,0.0
r0404_c0125,0.0
r0404_c0126,0.0
r0404_c0127,0.0
r0404_c0128,0.0
r0404_c0129,0.0
r0404_c0130,0.0
r0404_c0131,0.0
r0404_c0132,0.0
r0404_c0133,0.0
r0404_c0134,0.0
r0404_c0135,0.0
r0404_c0137,0.0
r0404_c0138,0.0
r0404_c0139,0.0
r0404_c0140,0.0
r0404_c0141,0.0
r0404_c0142,0.0
r0404_c0143,0.0
r0404_c0144,0.0
r0404_c0145,0.0
r0404_c0146,0.0
r0404_c0147,0.0
r0404_c0148,0.0
r0404_c0149,0.0
r0404_c0150,0.0
r0404_c0151,0.0
r0404_c0152,0.0
r0404_c0153,0.0
r0404_c0156,0.0
r0404_c0162,0.0
r0404_c0163,0.0
r0404_c0164,0.0
r0404_c0165,0.0
r0404_c0166,0.0
r0404_c0171,0.0
r0404_c0173,0.0
r0404_c0174,0.0
r0404_c0175,0.0
r0404_c0176,0.0
r0404_c0177,0.0
r0404_c0178,0.0
r0404_c0179,0.0
r0404_c0180,0.0
r0404_c0181,0.0
r0404_c0182,0.0
r0404_c0183,0.0
r0404_c0184,0.0
r0404_c0185,0.0
r0404_c0186,0.0
r0404_c0187,0.0
r0405_c0013,0.0
r0405_c0014,0.0
r0405_c0015,0.0
r0405_c0016,0.0
r0405_c0017,0.0
r0405_c0018,0.0
r0405_c0019,0.0
r0405_c0020,0.0
r0405_c0021,0.0
r0405_c0022,0.0
r0405_c0023,0.0
r0405_c0024,0.0
r0405_c0025,0.0
r0405_c0026,0.0
r0405_c0027,0.0
r0405_c0028,0.0
r0405_c0029,0.0
r0405_c0030,0.0
r0405_c0031,0.0
r0405_c0032,0.0
r0405_c0033,0.0
r0405_c0034,0.0
r0405_c0035,0.0
r0405_c0036,0.0
r0405_c0037,0.0
r0405_c0038,0.0
r0405_c0040,0.0
r0405_c0041,0.0
r0405_c0042,0.0
r0405_c0045,0.0
r0405_c0046,0.0
r0405_c0047,0.0
r0405_c0048,0.0
r0405_c0049,0.0
r0405_c0050,0.0
r0405_c0051,0.0
r0405_c0052,0.0
r0405_c0053,0.0
r0405_c0054,0.0
r0405_c0055,0.0
r0405_c0056,0.0
r0405_c0057,0.0
r0405_c0058,0.0
r0405_c0059,0.0
r0405_c0060,0.0
r0405_c0061,0.0
r0405_c0062,0.0
r0405_c0063,0.0
r0405_c0064,0.0
r0405_c0065,0.0
r0405_c0066,0.0
r0405_c0067,0.0
r0405_c0068,0.0
r0405_c0069,0.0
r0405_c0070,0.0
r0405_c0071,0.0
r0405_c0072,0.0
r0405_c0073,0.0
r0405_c0074,0.0
r0405_c0075,0.0
r0405_c0076,0.0
r0405_c0077,0.0
r0405_c0078,0.0
r0405_c0079,0.0
r0405_c0080,0.0
r0405_c0081,0.0
r0405_c0082,0.0
r0405_c0083,0.0
r0405_c0084,0.0
r0405_c0085,0.0
r0405_c0086,0.0
r0405_c0087,0.0
r0405_c0088,0.0
r0405_c0089,0.0
r0405_c0090,0.0
r0405_c0091,0.0
r0405_c0092,0.0
r0405_c0093,0.0
r0405_c0094,0.0
r0405_c0095,0.0
r0405_c0096,0.0
r0405_c0097,0.0
r0405_c0098,0.0
r0405_c0099,0.0
r0405_c0100,0.0
r0405_c0101,0.0
r0405_c0102,0.0
r0405_c0103,0.0
r0405_c0105,0.0
r0405_c0106,0.0
r0405_c0107,0.0
r0405_c0109,0.0
r0405_c0110,0.0
r0405_c0114,0.0
r0405_c0115,0.0
r0405_c0116,0.0
r0405_c0117,0.0
r0405_c0118,0.0
r0405_c0119,0.0
r0405_c0120,0.0
r0405_c0121,0.0
r0405_c0122,0.0
r0405_c0123,0.0
r0405_c0125,0.0
r0405_c0126,0.0
r0405_c0127,0.0
r0405_c0130,0.0
r0405_c0131,0.0
r0405_c0132,0.0
r0405_c0133,0.0
r0405_c0134,0.0
r0405_c0135,0.0
r0405_c0136,0.0
r0405_c0137,0.0
r0405_c0141,0.0
r0405_c0142,0.0
r0405_c0143,0.0
r0405_c0144,0.0
r0405_c0145,0.0
r0405_c0147,0.0
r0405_c0148,0.0
r0405_c0149,0.0
r0405_c0150,0.0
r0405_c0151,0.0
r0405_c0152,0.0
r0405_c0153,0.0
r0405_c0154,0.0
r0405_c0155,0.0
r0405_c0156,0.0
r0405_c0159,0.0
r0405_c0160,0.0
r0405_c0161,0.0
r0405_c0162,0.0
r0405_c0163,0.0
r0405_c0164,0.0
r0405_c0165,0.0
r0405_c0166,0.0
r0405_c0171,0.0
r0405_c0173,0.0
r0405_c0174,0.0
r0405_c0175,0.0
r0405_c0176,0.0
r0405_c0177,0.0
r0405_c0178,0.0
r0405_c0179,0.0
r0405_c0180,0.0
r0405_c0181,0.0
r0405_c0182,0.0
r0405_c0183,0.0
r0405_c0184,0.0
r0405_c0185,0.0
r0405_c0186,0.0
r0405_c0187,0.0
r0406_c0013,0.0
r0406_c0014,0.0
r0406_c0015,0.0
r0406_c0016,0.0
r0406_c0017,0.0
r0406_c0018,0.0
r0406_c0019,0.0
r0406_c0021,0.0
r0406_c0022,0.0
r0406_c0023,0.0
r0406_c0024,0.0
r0406_c0025,0.0
r0406_c0026,0.0
r0406_c0027,0.0
r0406_c0028,0.0
r0406_c0029,0.0
r0406_c0030,0.0
r0406_c0031,0.0
r0406_c0032,0.0
r0406_c0033,0.0
r0406_c0034,0.0
r0406_c0035,0.0
r0406_c0036,0.0
r0406_c0037,0.0
r0406_c0038,133.33
r0406_c0040,0.0
r0406_c0041,0.0
r0406_c0042,0.0
r0406_c0045,0.0
r0406_c0046,0.0
r0406_c0047,0.0
r0406_c0048,0.0
r0406_c0049,0.0
r0406_c0050,0.0
r0406_c0051,0.0
r0406_c0052,0.0
r0406_c0053,0.0
r0406_c0054,0.0
r0406_c0057,0.0
r0406_c0058,0.0
r0406_c0059,0.0
r0406_c0060,0.0
r0406_c0061,0.0
r0406_c0062,0.0
r0406_c0063,0.0
r0406_c0064,0.0
r0406_c0065,0.0
r0406_c0066,0.0
r0406_c0067,0.0
r0406_c0068,0.0
r0406_c0069,0.0
r0406_c0070,88.89
r0406_c0071,0.0
r0406_c0072,0.0
r0406_c0073,0.0
r0406_c0074,0.0
r0406_c0075,0.0
r0406_c0076,0.0
r0406_c0077,0.0
r0406_c0078,0.0
r0406_c0079,0.0
r0406_c0080,0.0
r0406_c0081,44.44
r0406_c0082,44.44
r0406_c0083,0.0
r0406_c0084,0.0
r0406_c0085,0.0
r0406_c0086,0.0
r0406_c0087,0.0
r0406_c0088,0.0
r0406_c0089,0.0
r0406_c0090,0.0
r0406_c0091,0.0
r0406_c0092,44.44
r0406_c0093,0.0
r0406_c0094,0.0
r0406_c0095,0.0
r0406_c0096,0.0
r0406_c0097,0.0
r0406_c0098,88.89
r0406_c0099,44.44
r0406_c0100,0.0
r0406_c0101,0.0
r0406_c0102,0.0
r0406_c0105,0.0
r0406_c0106,0.0
r0406_c0107,44.44
r0406_c0109,0.0
r0406_c0110,0.0
r0406_c0114,0.0
r0406_c0115,0.0
r0406_c0116,0.0
r0406_c0118,0.0
r0406_c0119,0.0
r0406_c0120,0.0
r0406_c0121,0.0
r0406_c0122,0.0
r0406_c0123,0.0
r0406_c0124,0.0
r0406_c0125,0.0
r0406_c0126,0.0
r0406_c0127,0.0
r0406_c0130,0.0
r0406_c0131,0.0
r0406_c0132,0.0
r0406_c0133,0.0
r0406_c0134,0.0
r0406_c0138,0.0
r0406_c0139,0.0
r0406_c0140,0.0
r0406_c0141,0.0
r0406_c0142,0.0
r0406_c0143,0.0
r0406_c0144,0.0
r0406_c0145,0.0
r0406_c0147,0.0
r0406_c0148,0.0
r0406_c0149,0.0
r0406_c0150,0.0
r0406_c0151,0.0
r0406_c0152,0.0
r0406_c0153,0.0
r0406_c0154,0.0
r0406_c0156,0.0
r0406_c0157,0.0
r0406_c0158,0.0
r0406_c0159,0.0
r0406_c0160,0.0
r0406_c0162,0.0
r0406_c0163,0.0
r0406_c0164,0.0
r0406_c0165,0.0
r0406_c0166,0.0
r0406_c0170,0.0
r0406_c0173,0.0
r0406_c0174,0.0
r0406_c0175,0.0
r0406_c0176,0.0
r0406_c0177,0.0
r0406_c0178,44.44
r0406_c0179,0.0
r0406_c0180,0.0
r0406_c0181,0.0
r0406_c0182,0.0
r0406_c0183,0.0
r0406_c0184,0.0
r0406_c0185,0.0
r0406_c0186,0.0
r0406_c0187,0.0
r0406_c0189,0.0
r0406_c0197,0.0
r0406_c0198,0.0
r0406_c0199,0.0
r0406_c0200,44.44
r0407_c0013,0.0
r0407_c0014,0.0
r0407_c0015,0.0
r0407_c0017,0.0
r0407_c0018,0.0
r0407_c0019,0.0
r0407_c0021,0.0
r0407_c0022,88.89
r0407_c0023,0.0
r0407_c0024,0.0
r0407_c0025,0.0
r0407_c0026,0.0
r0407_c0027,0.0
r0407_c0028,0.0
r0407_c0029,0.0
r0407_c0030,0.0
r0407_c0031,0.0
r0407_c0032,0.0
r0407_c0033,0.0
r0407_c0034,0.0
r0407_c0035,0.0
r0407_c0038,0.0
r0407_c0040,0.0
r0407_c0041,0.0
r0407_c0045,0.0
r0407_c0046,0.0
r0407_c0047,0.0
r0407_c0048,0.0
r0407_c0049,0.0
r0407_c0050,0.0
r0407_c0051,0.0
r0407_c0052,0.0
r0407_c0053,0.0
r0407_c0054,0.0
r0407_c0055,0.0
r0407_c0056,0.0
r0407_c0057,0.0
r0407_c0058,0.0
r0407_c0061,0.0
r0407_c0062,0.0
r0407_c0063,0.0
r0407_c0064,0.0
r0407_c0065,0.0
r0407_c0066,0.0
r0407_c0067,0.0
r0407_c0068,0.0
r0407_c0069,0.0
r0407_c0070,44.44
r0407_c0072,0.0
r0407_c0073,0.0
r0407_c0074,0.0
r0407_c0075,0.0
r0407_c0076,0.0
r0407_c0077,0.0
r0407_c0078,0.0
r0407_c0079,0.0
r0407_c0080,0.0
r0407_c0081,44.44
r0407_c0082,0.0
r0407_c0083,0.0
r0407_c0084,0.0
r0407_c0085,0.0
r0407_c0086,0.0
r0407_c0087,0.0
r0407_c0088,0.0
r0407_c0089,0.0
r0407_c0090,0.0
r0407_c0091,88.89
r0407_c0092,0.0
r0407_c0093,0.0
r0407_c0094,0.0
r0407_c0095,0.0
r0407_c0096,0.0
r0407_c0097,44.44
r0407_c0098,0.0
r0407_c0099,0.0
r0407_c0100,0.0
r0407_c0101,0.0
r0407_c0102,0.0
r0407_c0103,0.0
r0407_c0109,0.0
r0407_c0110,0.0
r0407_c0117,0.0
r0407_c0118,0.0
r0407_c0119,0.0
r0407_c0120,0.0
r0407_c0121,0.0
r0407_c0122,0.0
r0407_c0123,88.89
r0407_c0127,0.0
r0407_c0128,0.0
r0407_c0129,0.0
r0407_c0130,0.0
r0407_c0131,0.0
r0407_c0132,0.0
r0407_c0133,0.0
r0407_c0134,0.0
r0407_c0135,44.44
r0407_c0138,0.0
r0407_c0139,0.0
r0407_c0140,0.0
r0407_c0141,0.0
r0407_c0142,0.0
r0407_c0143,0.0
r0407_c0144,0.0
r0407_c0145,0.0
r0407_c0146,0.0
r0407_c0147,0.0
r0407_c0148,0.0
r0407_c0149,0.0
r0407_c0150,0.0
r0407_c0152,0.0
r0407_c0153,0.0
r0407_c0154,0.0
r0407_c0155,0.0
r0407_c0156,0.0
r0407_c0157,0.0
r0407_c0158,0.0
r0407_c0159,0.0
r0407_c0160,0.0
r0407_c0161,0.0
r0407_c0162,0.0
r0407_c0163,0.0
r0407_c0164,0.0
r0407_c0165,0.0
r0407_c0166,0.0
r0407_c0169,0.0
r0407_c0170,0.0
r0407_c0171,177.78
r0407_c0174,0.0
r0407_c0175,0.0
r0407_c0176,0.0
r0407_c0177,44.44
r0407_c0178,44.44
r0407_c0179,0.0
r0407_c0180,0.0
r0407_c0181,0.0
r0407_c0182,0.0
r0407_c0183,0.0
r0407_c0184,0.0
r0407_c0185,0.0
r0407_c0186,0.0
r0407_c0187,0.0
r0407_c0194,0.0
r0407_c0195,0.0
r0407_c0197,0.0
r0407_c0198,0.0
r0407_c0200,0.0
r0408_c0014,0.0
r0408_c0015,0.0
r0408_c0016,0.0
r0408_c0017,0.0
r0408_c0018,0.0
r0408_c0019,0.0
r0408_c0020,0.0
r0408_c0021,0.0
r0408_c0022,0.0
r0408_c0023,0.0
r0408_c0024,0.0
r0408_c0025,0.0
r0408_c0026,0.0
r0408_c0027,0.0
r0408_c0028,0.0
r0408_c0029,0.0
r0408_c0030,0.0
r0408_c0031,0.0
r0408_c0032,0.0
r0408_c0033,0.0
r0408_c0034,0.0
r0408_c0035,0.0
r0408_c0036,0.0
r0408_c0037,0.0
r0408_c0038,0.0
r0408_c0040,0.0
r0408_c0041,0.0
r0408_c0045,0.0
r0408_c0046,0.0
r0408_c0047,0.0
r0408_c0048,0.0
r0408_c0049,0.0
r0408_c0050,0.0
r0408_c0051,0.0
r0408_c0052,0.0
r0408_c0053,0.0
r0408_c0054,0.0
r0408_c0055,0.0
r0408_c0056,0.0
r0408_c0057,0.0
r0408_c0058,0.0
r0408_c0059,0.0
r0408_c0060,0.0
r0408_c0061,0.0
r0408_c0062,0.0
r0408_c0063,0.0
r0408_c0064,0.0
r0408_c0065,0.0
r0408_c0066,0.0
r0408_c0068,0.0
r0408_c0069,0.0
r0408_c0070,0.0
r0408_c0071,0.0
r0408_c0072,0.0
r0408_c0073,0.0
r0408_c0074,0.0
r0408_c0075,0.0
r0408_c0076,0.0
r0408_c0077,0.0
r0408_c0078,0.0
r0408_c0079,0.0
r0408_c0080,0.0
r0408_c0081,0.0
r0408_c0082,0.0
r0408_c0083,0.0
r0408_c0084,0.0
r0408_c0085,0.0
r0408_c0086,0.0
r0408_c0087,0.0
r0408_c0088,0.0
r0408_c0089,0.0
r0408_c0090,0.0
r0408_c0091,0.0
r0408_c0092,0.0
r0408_c0093,0.0
r0408_c0094,0.0
r0408_c0095,0.0
r0408_c0096,0.0
r0408_c0097,0.0
r0408_c0098,0.0
r0408_c0099,0.0
r0408_c0100,0.0
r0408_c0101,0.0
r0408_c0102,0.0
r0408_c0103,0.0
r0408_c0104,44.44
r0408_c0105,222.22
r0408_c0109,0.0
r0408_c0110,0.0
r0408_c0114,0.0
r0408_c0115,0.0
r0408_c0116,0.0
r0408_c0117,0.0
r0408_c0118,0.0
r0408_c0119,0.0
r0408_c0120,0.0
r0408_c0121,0.0
r0408_c0122,0.0
r0408_c0123,0.0
r0408_c0126,0.0
r0408_c0127,0.0
r0408_c0128,0.0
r0408_c0129,0.0
r0408_c0130,0.0
r0408_c0131,0.0
r0408_c0132,0.0
r0408_c0133,0.0
r0408_c0134,0.0
r0408_c0135,44.44
r0408_c0140,0.0
r0408_c0141,0.0
r0408_c0142,0.0
r0408_c0143,0.0
r0408_c0144,44.44
r0408_c0145,0.0
r0408_c0146,0.0
r0408_c0147,0.0
r0408_c0148,0.0
r0408_c0149,0.0
r0408_c0150,0.0
r0408_c0151,0.0
r0408_c0152,0.0
r0408_c0153,0.0
r0408_c0154,0.0
r0408_c0155,0.0
r0408_c0156,0.0
r0408_c0157,0.0
r0408_c0158,0.0
r0408_c0159,0.0
r0408_c0160,0.0
r0408_c0161,0.0
r0408_c0162,0.0
r0408_c0163,0.0
r0408_c0164,0.0
r0408_c0165,0.0
r0408_c0166,0.0
r0408_c0167,0.0
r0408_c0168,0.0
r0408_c0169,0.0
r0408_c0170,0.0
r0408_c0171,44.44
r0408_c0174,0.0
r0408_c0175,0.0
r0408_c0176,0.0
r0408_c0177,0.0
r0408_c0178,0.0
r0408_c0179,0.0
r0408_c0180,0.0
r0408_c0181,0.0
r0408_c0182,0.0
r0408_c0183,0.0
r0408_c0184,0.0
r0408_c0185,0.0
r0408_c0186,0.0
r0408_c0187,0.0
r0408_c0193,0.0
r0408_c0194,0.0
r0408_c0195,0.0
r0408_c0196,0.0
r0408_c0197,88.89
r0408_c0199,0.0
r0408_c0200,0.0
r0408_c0201,0.0
r0409_c0014,0.0
r0409_c0015,0.0
r0409_c0016,0.0
r0409_c0017,0.0
r0409_c0018,0.0
r0409_c0019,0.0
r0409_c0020,0.0
r0409_c0021,0.0
r0409_c0022,0.0
r0409_c0023,0.0
r0409_c0024,0.0
r0409_c0025,0.0
r0409_c0026,0.0
r0409_c0027,0.0
r0409_c0028,0.0
r0409_c0029,0.0
r0409_c0030,0.0
r0409_c0031,0.0
r0409_c0032,0.0
r0409_c0033,0.0
r0409_c0036,0.0
r0409_c0037,0.0
r0409_c0038,0.0
r0409_c0039,0.0
r0409_c0040,0.0
r0409_c0041,0.0
r0409_c0042,0.0
r0409_c0045,0.0
r0409_c0046,0.0
r0409_c0047,0.0
r0409_c0048,0.0
r0409_c0049,0.0
r0409_c0050,0.0
r0409_c0051,0.0
r0409_c0052,0.0
r0409_c0053,0.0
r0409_c0054,0.0
r0409_c0055,0.0
r0409_c0056,0.0
r0409_c0057,0.0
r0409_c0058,0.0
r0409_c0059,0.0
r0409_c0060,0.0
r0409_c0061,0.0
r0409_c0062,0.0
r0409_c0063,0.0
r0409_c0064,0.0
r0409_c0065,0.0
r0409_c0066,0.0
r0409_c0067,0.0
r0409_c0068,0.0
r0409_c0069,0.0
r0409_c0070,0.0
r0409_c0071,0.0
r0409_c0072,0.0
r0409_c0073,0.0
r0409_c0074,0.0
r0409_c0075,0.0
r0409_c0076,0.0
r0409_c0077,0.0
r0409_c0078,0.0
r0409_c0079,0.0
r0409_c0080,0.0
r0409_c0081,0.0
r0409_c0082,0.0
r0409_c0083,0.0
r0409_c0084,0.0
r0409_c0085,0.0
r0409_c0086,0.0
r0409_c0087,0.0
r0409_c0088,0.0
r0409_c0089,0.0
r0409_c0090,0.0
r0409_c0091,0.0
r0409_c0092,0.0
r0409_c0093,0.0
r0409_c0094,0.0
r0409_c0095,0.0
r0409_c0096,0.0
r0409_c0097,0.0
r0409_c0098,0.0
r0409_c0099,0.0
r0409_c0100,0.0
r0409_c0101,0.0
r0409_c0102,0.0
r0409_c0103,44.44
r0409_c0104,44.44
r0409_c0105,0.0
r0409_c0109,0.0
r0409_c0110,0.0
r0409_c0114,0.0
r0409_c0115,0.0
r0409_c0116,0.0
r0409_c0117,0.0
r0409_c0118,0.0
r0409_c0119,0.0
r0409_c0120,0.0
r0409_c0121,0.0
r0409_c0122,0.0
r0409_c0123,0.0
r0409_c0126,44.44
r0409_c0127,44.44
r0409_c0128,44.44
r0409_c0129,0.0
r0409_c0130,0.0
r0409_c0131,0.0
r0409_c0132,0.0
r0409_c0133,0.0
r0409_c0134,0.0
r0409_c0138,0.0
r0409_c0139,0.0
r0409_c0140,0.0
r0409_c0141,0.0
r0409_c0142,0.0
r0409_c0143,0.0
r0409_c0144,0.0
r0409_c0145,0.0
r0409_c0146,0.0
r0409_c0147,0.0
r0409_c0148,0.0
r0409_c0149,0.0
r0409_c0150,0.0
r0409_c0151,0.0
r0409_c0152,0.0
r0409_c0153,0.0
r0409_c0154,0.0
r0409_c0155,0.0
r0409_c0156,0.0
r0409_c0157,0.0
r0409_c0158,0.0
r0409_c0159,0.0
r0409_c0160,0.0
r0409_c0161,0.0
r0409_c0162,0.0
r0409_c0163,0.0
r0409_c0164,0.0
r0409_c0165,0.0
r0409_c0166,0.0
r0409_c0168,0.0
r0409_c0169,0.0
r0409_c0170,0.0
r0409_c0171,0.0
r0409_c0173,0.0
r0409_c0174,0.0
r0409_c0175,0.0
r0409_c0176,0.0
r0409_c0177,0.0
r0409_c0178,0.0
r0409_c0179,0.0
r0409_c0180,0.0
r0409_c0181,0.0
r0409_c0182,0.0
r0409_c0183,0.0
r0409_c0184,0.0
r0409_c0185,0.0
r0409_c0186,0.0
r0409_c0187,0.0
r0409_c0192,0.0
r0409_c0193,0.0
r0409_c0194,0.0
r0409_c0195,0.0
r0409_c0196,0.0
r0409_c0198,0.0
r0409_c0199,0.0
r0409_c0200,0.0
r0409_c0201,0.0
r0409_c0202,0.0
r0409_c0203,0.0
r0410_c0015,0.0
r0410_c0016,0.0
r0410_c0017,0.0
r0410_c0018,0.0
r0410_c0019,0.0
r0410_c0020,0.0
r0410_c0021,0.0
r0410_c0022,0.0
r0410_c0023,0.0
r0410_c0024,0.0
r0410_c0025,0.0
r0410_c0026,0.0
r0410_c0027,0.0
r0410_c0028,0.0
r0410_c0029,0.0
r0410_c0030,0.0
r0410_c0031,0.0
r0410_c0032,0.0
r0410_c0033,0.0
r0410_c0034,0.0
r0410_c0035,0.0
r0410_c0036,0.0
r0410_c0037,0.0
r0410_c0038,0.0
r0410_c0039,0.0
r0410_c0040,0.0
r0410_c0041,0.0
r0410_c0042,44.44
r0410_c0046,0.0
r0410_c0047,0.0
r0410_c0048,0.0
r0410_c0049,0.0
r0410_c0050,0.0
r0410_c0051,0.0
r0410_c0052,0.0
r0410_c0054,0.0
r0410_c0055,0.0
r0410_c0056,0.0
r0410_c0057,0.0
r0410_c0058,0.0
r0410_c0059,0.0
r0410_c0060,0.0
r0410_c0061,0.0
r0410_c0062,0.0
r0410_c0063,0.0
r0410_c0064,0.0
r0410_c0065,0.0
r0410_c0066,0.0
r0410_c0067,0.0
r0410_c0068,0.0
r0410_c0069,0.0
r0410_c0070,0.0
r0410_c0071,0.0
r0410_c0072,0.0
r0410_c0073,0.0
r0410_c0074,0.0
r0410_c0075,0.0
r0410_c0076,0.0
r0410_c0077,0.0
r0410_c0078,0.0
r0410_c0079,0.0
r0410_c0080,0.0
r0410_c0081,0.0
r0410_c0082,0.0
r0410_c0083,0.0
r0410_c0084,0.0
r0410_c0085,0.0
r0410_c0086,0.0
r0410_c0087,0.0
r0410_c0088,0.0
r0410_c0089,0.0
r0410_c0090,0.0
r0410_c0091,0.0
r0410_c0092,0.0
r0410_c0093,0.0
r0410_c0094,0.0
r0410_c0095,0.0
r0410_c0096,0.0
r0410_c0097,0.0
r0410_c0098,0.0
r0410_c0099,0.0
r0410_c0100,0.0
r0410_c0101,0.0
r0410_c0102,0.0
r0410_c0103,0.0
r0410_c0104,0.0
r0410_c0109,0.0
r0410_c0110,0.0
r0410_c0114,0.0
r0410_c0115,0.0
r0410_c0116,0.0
r0410_c0117,0.0
r0410_c0118,0.0
r0410_c0119,0.0
r0410_c0120,0.0
r0410_c0121,0.0
r0410_c0122,0.0
r0410_c0123,0.0
r0410_c0126,0.0
r0410_c0127,0.0
r0410_c0130,0.0
r0410_c0131,0.0
r0410_c0136,44.44
r0410_c0137,88.89
r0410_c0138,0.0
r0410_c0139,0.0
r0410_c0140,0.0
r0410_c0141,0.0
r0410_c0142,0.0
r0410_c0143,0.0
r0410_c0144,0.0
r0410_c0145,0.0
r0410_c0146,0.0
r0410_c0147,0.0
r0410_c0148,0.0
r0410_c0149,0.0
r0410_c0150,0.0
r0410_c0151,0.0
r0410_c0152,0.0
r0410_c0153,0.0
r0410_c0154,0.0
r0410_c0156,0.0
r0410_c0157,0.0
r0410_c0158,0.0
r0410_c0159,0.0
r0410_c0160,0.0
r0410_c0161,0.0
r0410_c0162,0.0
r0410_c0163,0.0
r0410_c0164,0.0
r0410_c0165,0.0
r0410_c0166,0.0
r0410_c0167,0.0
r0410_c0168,0.0
r0410_c0169,0.0
r0410_c0170,0.0
r0410_c0171,0.0
r0410_c0173,0.0
r0410_c0174,0.0
r0410_c0175,0.0
r0410_c0176,0.0
r0410_c0177,0.0
r0410_c0178,0.0
r0410_c0179,0.0
r0410_c0180,0.0
r0410_c0181,0.0
r0410_c0182,0.0
r0410_c0183,0.0
r0410_c0184,0.0
r0410_c0185,0.0
r0410_c0186,0.0
r0410_c0187,0.0
r0410_c0191,0.0
r0410_c0192,0.0
r0410_c0193,0.0
r0410_c0194,0.0
r0410_c0195,0.0
r0410_c0197,0.0
r0410_c0198,0.0
r0410_c0199,0.0
r0411_c0015,0.0
r0411_c0016,0.0
r0411_c0017,0.0
r0411_c0018,0.0
r0411_c0019,0.0
r0411_c0020,0.0
r0411_c0021,0.0
r0411_c0022,0.0
r0411_c0023,0.0
r0411_c0024,0.0
r0411_c0025,0.0
r0411_c0026,0.0
r0411_c0027,0.0
r0411_c0028,0.0
r0411_c0029,0.0
r0411_c0030,0.0
r0411_c0031,0.0
r0411_c0032,0.0
r0411_c0033,0.0
r0411_c0034,0.0
r0411_c0035,0.0
r0411_c0036,0.0
r0411_c0037,0.0
r0411_c0038,0.0
r0411_c0039,0.0
r0411_c0040,0.0
r0411_c0041,0.0
r0411_c0046,0.0
r0411_c0047,0.0
r0411_c0048,0.0
r0411_c0049,0.0
r0411_c0050,0.0
r0411_c0051,0.0
r0411_c0052,0.0
r0411_c0053,0.0
r0411_c0054,0.0
r0411_c0055,0.0
r0411_c0056,0.0
r0411_c0057,0.0
r0411_c0058,0.0
r0411_c0059,0.0
r0411_c0060,0.0
r0411_c0061,0.0
r0411_c0062,0.0
r0411_c0063,0.0
r0411_c0064,0.0
r0411_c0065,0.0
r0411_c0066,0.0
r0411_c0067,0.0
r0411_c0068,0.0
r0411_c0069,0.0
r0411_c0070,0.0
r0411_c0071,0.0
r0411_c0072,0.0
r0411_c0073,0.0
r0411_c0074,0.0
r0411_c0075,0.0
r0411_c0076,0.0
r0411_c0077,0.0
r0411_c0079,0.0
r0411_c0080,0.0
r0411_c0082,0.0
r0411_c0083,0.0
r0411_c0084,0.0
r0411_c0085,0.0
r0411_c0086,0.0
r0411_c0087,0.0
r0411_c0088,0.0
r0411_c0089,0.0
r0411_c0090,0.0
r0411_c0091,0.0
r0411_c0092,0.0
r0411_c0093,0.0
r0411_c0094,0.0
r0411_c0095,0.0
r0411_c0096,0.0
r0411_c0097,0.0
r0411_c0098,0.0
r0411_c0099,0.0
r0411_c0100,0.0
r0411_c0101,0.0
r0411_c0102,0.0
r0411_c0105,0.0
r0411_c0109,0.0
r0411_c0110,0.0
r0411_c0114,0.0
r0411_c0115,0.0
r0411_c0116,0.0
r0411_c0117,0.0
r0411_c0118,0.0
r0411_c0119,0.0
r0411_c0120,0.0
r0411_c0121,0.0
r0411_c0128,0.0
r0411_c0129,0.0
r0411_c0130,0.0
r0411_c0131,0.0
r0411_c0132,0.0
r0411_c0133,0.0
r0411_c0134,0.0
r0411_c0135,133.33
r0411_c0136,0.0
r0411_c0137,88.89
r0411_c0138,0.0
r0411_c0139,0.0
r0411_c0140,0.0
r0411_c0141,0.0
r0411_c0142,0.0
r0411_c0143,0.0
r0411_c0144,0.0
r0411_c0145,0.0
r0411_c0146,0.0
r0411_c0147,0.0
r0411_c0148,0.0
r0411_c0149,0.0
r0411_c0150,0.0
r0411_c0151,0.0
r0411_c0152,0.0
r0411_c0153,0.0
r0411_c0154,0.0
r0411_c0155,0.0
r0411_c0156,0.0
r0411_c0157,0.0
r0411_c0158,0.0
r0411_c0159,0.0
r0411_c0160,0.0
r0411_c0161,0.0
r0411_c0162,0.0
r0411_c0163,0.0
r0411_c0164,0.0
r0411_c0165,0.0
r0411_c0166,0.0
r0411_c0167,0.0
r0411_c0168,0.0
r0411_c0169,0.0
r0411_c0170,0.0
r0411_c0171,0.0
r0411_c0172,0.0
r0411_c0173,0.0
r0411_c0174,0.0
r0411_c0175,0.0
r0411_c0176,0.0
r0411_c0177,0.0
r0411_c0178,0.0
r0411_c0179,0.0
r0411_c0180,0.0
r0411_c0183,0.0
r0411_c0184,0.0
r0411_c0185,0.0
r0411_c0186,0.0
r0411_c0187,0.0
r0411_c0191,0.0
r0411_c0192,0.0
r0411_c0193,0.0
r0411_c0194,0.0
r0411_c0199,0.0
r0412_c0015,0.0
r0412_c0016,0.0
r0412_c0017,0.0
r0412_c0018,0.0
r0412_c0019,0.0
r0412_c0020,0.0
r0412_c0022,0.0
r0412_c0023,0.0
r0412_c0024,0.0
r0412_c0025,0.0
r0412_c0026,0.0
r0412_c0027,0.0
r0412_c0028,0.0
r0412_c0029,0.0
r0412_c0030,0.0
r0412_c0031,0.0
r0412_c0032,0.0
r0412_c0033,0.0
r0412_c0034,0.0
r0412_c0035,0.0
r0412_c0036,0.0
r0412_c0037,0.0
r0412_c0038,0.0
r0412_c0040,0.0
r0412_c0041,0.0
r0412_c0046,0.0
r0412_c0047,0.0
r0412_c0048,0.0
r0412_c0049,0.0
r0412_c0050,0.0
r0412_c0051,0.0
r0412_c0052,0.0
r0412_c0053,0.0
r0412_c0054,0.0
r0412_c0055,0.0
r0412_c0056,0.0
r0412_c0057,0.0
r0412_c0058,0.0
r0412_c0059,0.0
r0412_c0060,0.0
r0412_c0061,0.0
r0412_c0062,0.0
r0412_c0063,0.0
r0412_c0064,0.0
r0412_c0065,0.0
r0412_c0066,0.0
r0412_c0067,0.0
r0412_c0068,0.0
r0412_c0069,0.0
r0412_c0070,0.0
r0412_c0071,0.0
r0412_c0072,0.0
r0412_c0073,0.0
r0412_c0074,0.0
r0412_c0075,0.0
r0412_c0076,0.0
r0412_c0077,0.0
r0412_c0078,0.0
r0412_c0079,0.0
r0412_c0080,0.0
r0412_c0082,0.0
r0412_c0083,0.0
r0412_c0084,0.0
r0412_c0085,0.0
r0412_c0086,0.0
r0412_c0087,0.0
r0412_c0088,0.0
r0412_c0089,0.0
r0412_c0090,0.0
r0412_c0091,0.0
r0412_c0092,0.0
r0412_c0093,0.0
r0412_c0094,0.0
r0412_c0095,0.0
r0412_c0096,0.0
r0412_c0097,0.0
r0412_c0098,0.0
r0412_c0099,0.0
r0412_c0100,0.0
r0412_c0101,0.0
r0412_c0102,0.0
r0412_c0106,0.0
r0412_c0107,0.0
r0412_c0108,0.0
r0412_c0109,0.0
r0412_c0110,0.0
r0412_c0114,0.0
r0412_c0115,0.0
r0412_c0116,0.0
r0412_c0117,0.0
r0412_c0118,0.0
r0412_c0119,44.44
r0412_c0123,0.0
r0412_c0125,44.44
r0412_c0126,0.0
r0412_c0127,0.0
r0412_c0128,0.0
r0412_c0129,0.0
r0412_c0130,0.0
r0412_c0131,0.0
r0412_c0132,0.0
r0412_c0133,0.0
r0412_c0134,0.0
r0412_c0135,44.44
r0412_c0136,44.44
r0412_c0137,44.44
r0412_c0138,0.0
r0412_c0139,0.0
r0412_c0140,0.0
r0412_c0141,0.0
r0412_c0142,0.0
r0412_c0143,0.0
r0412_c0144,0.0
r0412_c0145,0.0
r0412_c0146,0.0
r0412_c0148,0.0
r0412_c0149,0.0
r0412_c0150,0.0
r0412_c0151,0.0
r0412_c0152,0.0
r0412_c0153,0.0
r0412_c0154,0.0
r0412_c0155,0.0
r0412_c0156,0.0
r0412_c0157,0.0
r0412_c0158,0.0
r0412_c0159,0.0
r0412_c0160,0.0
r0412_c0162,0.0
r0412_c0163,0.0
r0412_c0164,0.0
r0412_c0165,0.0
r0412_c0166,0.0
r0412_c0167,0.0
r0412_c0168,0.0
r0412_c0169,0.0
r0412_c0170,0.0
r0412_c0171,0.0
r0412_c0172,0.0
r0412_c0173,0.0
r0412_c0174,0.0
r0412_c0175,0.0
r0412_c0176,0.0
r0412_c0177,0.0
r0412_c0178,0.0
r0412_c0179,0.0
r0412_c0180,0.0
r0412_c0181,0.0
r0412_c0182,0.0
r0412_c0184,44.44
r0412_c0185,0.0
r0412_c0186,0.0
r0412_c0187,0.0
r0412_c0188,0.0
r0412_c0190,0.0
r0412_c0191,0.0
r0412_c0192,0.0
r0412_c0193,0.0
r0413_c0015,0.0
r0413_c0016,0.0
r0413_c0017,0.0
r0413_c0018,0.0
r0413_c0019,0.0
r0413_c0020,0.0
r0413_c0021,0.0
r0413_c0022,0.0
r0413_c0023,0.0
r0413_c0024,0.0
r0413_c0025,0.0
r0413_c0026,0.0
r0413_c0027,0.0
r0413_c0028,0.0
r0413_c0029,0.0
r0413_c0030,0.0
r0413_c0031,0.0
r0413_c0033,0.0
r0413_c0034,0.0
r0413_c0035,0.0
r0413_c0036,0.0
r0413_c0037,0.0
r0413_c0038,0.0
r0413_c0041,0.0
r0413_c0046,0.0
r0413_c0047,0.0
r0413_c0048,0.0
r0413_c0049,0.0
r0413_c0050,0.0
r0413_c0051,0.0
r0413_c0052,0.0
r0413_c0053,0.0
r0413_c0054,0.0
r0413_c0055,0.0
r0413_c0056,0.0
r0413_c0057,0.0
r0413_c0058,0.0
r0413_c0059,0.0
r0413_c0060,0.0
r0413_c0061,0.0
r0413_c0062,0.0
r0413_c0063,0.0
r0413_c0064,0.0
r0413_c0065,0.0
r0413_c0066,0.0
r0413_c0067,0.0
r0413_c0068,0.0
r0413_c0069,0.0
r0413_c0070,0.0
r0413_c0071,0.0
r0413_c0072,0.0
r0413_c0073,0.0
r0413_c0076,0.0
r0413_c0077,0.0
r0413_c0078,0.0
r0413_c0079,0.0
r0413_c0080,0.0
r0413_c0082,0.0
r0413_c0083,0.0
r0413_c0084,0.0
r0413_c0085,0.0
r0413_c0086,0.0
r0413_c0087,0.0
r0413_c0088,0.0
r0413_c0089,0.0
r0413_c0090,0.0
r0413_c0091,0.0
r0413_c0092,0.0
r0413_c0093,0.0
r0413_c0094,0.0
r0413_c0095,0.0
r0413_c0096,0.0
r0413_c0097,0.0
r0413_c0098,0.0
r0413_c0099,0.0
r0413_c0100,0.0
r0413_c0101,0.0
r0413_c0102,0.0
r0413_c0109,0.0
r0413_c0110,0.0
r0413_c0111,0.0
r0413_c0112,0.0
r0413_c0114,0.0
r0413_c0115,0.0
r0413_c0116,0.0
r0413_c0117,0.0
r0413_c0118,0.0
r0413_c0119,0.0
r0413_c0120,0.0
r0413_c0121,0.0
r0413_c0122,0.0
r0413_c0125,0.0
r0413_c0126,0.0
r0413_c0127,0.0
r0413_c0128,0.0
r0413_c0129,0.0
r0413_c0130,0.0
r0413_c0131,0.0
r0413_c0132,0.0
r0413_c0136,0.0
r0413_c0137,0.0
r0413_c0138,0.0
r0413_c0139,0.0
r0413_c0140,0.0
r0413_c0141,0.0
r0413_c0142,0.0
r0413_c0143,0.0
r0413_c0144,0.0
r0413_c0145,0.0
r0413_c0146,0.0
r0413_c0147,0.0
r0413_c0148,0.0
r0413_c0149,0.0
r0413_c0150,0.0
r0413_c0151,0.0
r0413_c0152,0.0
r0413_c0153,0.0
r0413_c0154,0.0
r0413_c0155,0.0
r0413_c0156,0.0
r0413_c0157,0.0
r0413_c0158,0.0
r0413_c0159,0.0
r0413_c0160,0.0
r0413_c0162,0.0
r0413_c0163,0.0
r0413_c0164,0.0
r0413_c0165,0.0
r0413_c0166,0.0
r0413_c0167,0.0
r0413_c0168,0.0
r0413_c0169,0.0
r0413_c0170,0.0
r0413_c0171,0.0
r0413_c0173,0.0
r0413_c0174,0.0
r0413_c0175,0.0
r0413_c0176,0.0
r0413_c0177,0.0
r0413_c0178,0.0
r0413_c0179,0.0
r0413_c0180,0.0
r0413_c0181,0.0
r0413_c0182,0.0
r0413_c0186,0.0
r0413_c0187,0.0
r0413_c0188,44.44
r0413_c0189,0.0
r0413_c0190,0.0
r0413_c0191,0.0
r0413_c0192,0.0
r0414_c0014,0.0
r0414_c0015,0.0
r0414_c0016,0.0
r0414_c0017,0.0
r0414_c0018,0.0
r0414_c0019,0.0
r0414_c0020,0.0
r0414_c0021,0.0
r0414_c0022,0.0
r0414_c0024,0.0
r0414_c0025,0.0
r0414_c0026,0.0
r0414_c0027,0.0
r0414_c0028,0.0
r0414_c0029,0.0
r0414_c0030,0.0
r0414_c0031,0.0
r0414_c0032,0.0
r0414_c0033,0.0
r0414_c0034,0.0
r0414_c0035,0.0
r0414_c0036,0.0
r0414_c0037,0.0
r0414_c0038,44.44
r0414_c0039,44.44
r0414_c0040,0.0
r0414_c0041,0.0
r0414_c0044,0.0
r0414_c0045,44.44
r0414_c0046,44.44
r0414_c0047,0.0
r0414_c0048,0.0
r0414_c0049,0.0
r0414_c0050,0.0
r0414_c0051,0.0
r0414_c0052,0.0
r0414_c0053,0.0
r0414_c0054,0.0
r0414_c0055,0.0
r0414_c0056,0.0
r0414_c0057,0.0
r0414_c0058,0.0
r0414_c0059,0.0
r0414_c0060,0.0
r0414_c0061,0.0
r0414_c0062,0.0
r0414_c0063,0.0
r0414_c0064,0.0
r0414_c0065,0.0
r0414_c0066,0.0
r0414_c0067,0.0
r0414_c0068,0.0
r0414_c0069,0.0
r0414_c0070,0.0
r0414_c0071,0.0
r0414_c0072,0.0
r0414_c0073,0.0
r0414_c0075,0.0
r0414_c0076,0.0
r0414_c0077,0.0
r0414_c0078,0.0
r0414_c0079,0.0
r0414_c0080,0.0
r0414_c0081,0.0
r0414_c0082,0.0
r0414_c0083,0.0
r0414_c0084,0.0
r0414_c0085,0.0
r0414_c0086,0.0
r0414_c0087,0.0
r0414_c0089,0.0
r0414_c0090,0.0
r0414_c0091,0.0
r0414_c0092,0.0
r0414_c0093,0.0
r0414_c0094,0.0
r0414_c0095,0.0
r0414_c0096,0.0
r0414_c0097,0.0
r0414_c0098,0.0
r0414_c0099,0.0
r0414_c0100,0.0
r0414_c0101,0.0
r0414_c0102,44.44
r0414_c0109,0.0
r0414_c0110,0.0
r0414_c0111,0.0
r0414_c0112,0.0
r0414_c0113,0.0
r0414_c0114,0.0
r0414_c0115,0.0
r0414_c0116,0.0
r0414_c0117,0.0
r0414_c0118,0.0
r0414_c0119,0.0
r0414_c0120,0.0
r0414_c0121,0.0
r0414_c0122,0.0
r0414_c0124,0.0
r0414_c0125,0.0
r0414_c0126,0.0
r0414_c0127,0.0
r0414_c0128,0.0
r0414_c0129,0.0
r0414_c0130,0.0
r0414_c0131,0.0
r0414_c0132,0.0
r0414_c0133,44.44
r0414_c0134,0.0
r0414_c0135,177.78
r0414_c0136,0.0
r0414_c0137,0.0
r0414_c0138,0.0
r0414_c0139,0.0
r0414_c0140,0.0
r0414_c0141,0.0
r0414_c0142,0.0
r0414_c0143,0.0
r0414_c0144,0.0
r0414_c0145,0.0
r0414_c0147,0.0
r0414_c0148,0.0
r0414_c0149,0.0
r0414_c0150,0.0
r0414_c0151,0.0
r0414_c0152,0.0
r0414_c0153,0.0
r0414_c0154,0.0
r0414_c0155,0.0
r0414_c0156,0.0
r0414_c0157,0.0
r0414_c0158,0.0
r0414_c0159,0.0
r0414_c0160,0.0
r0414_c0161,0.0
r0414_c0162,0.0
r0414_c0163,0.0
r0414_c0164,0.0
r0414_c0165,0.0
r0414_c0166,0.0
r0414_c0167,0.0
r0414_c0168,0.0
r0414_c0169,0.0
r0414_c0170,0.0
r0414_c0171,0.0
r0414_c0173,0.0
r0414_c0174,0.0
r0414_c0175,0.0
r0414_c0176,0.0
r0414_c0177,0.0
r0414_c0178,0.0
r0414_c0179,0.0
r0414_c0180,0.0
r0414_c0184,44.44
r0414_c0185,0.0
r0414_c0186,0.0
r0414_c0187,0.0
r0414_c0188,0.0
r0414_c0189,0.0
r0414_c0190,0.0
r0414_c0191,0.0
r0415_c0014,177.78
r0415_c0015,44.44
r0415_c0016,0.0
r0415_c0017,0.0
r0415_c0018,0.0
r0415_c0019,0.0
r0415_c0020,0.0
r0415_c0021,0.0
r0415_c0022,0.0
r0415_c0023,0.0
r0415_c0024,0.0
r0415_c0025,0.0
r0415_c0026,0.0
r0415_c0027,0.0
r0415_c0028,0.0
r0415_c0029,0.0
r0415_c0030,0.0
r0415_c0031,0.0
r0415_c0032,0.0
r0415_c0033,0.0
r0415_c0034,0.0
r0415_c0035,0.0
r0415_c0036,0.0
r0415_c0037,0.0
r0415_c0038,44.44
r0415_c0040,0.0
r0415_c0041,0.0
r0415_c0044,0.0
r0415_c0045,0.0
r0415_c0047,0.0
r0415_c0048,44.44
r0415_c0049,88.89
r0415_c0050,0.0
r0415_c0051,0.0
r0415_c0052,0.0
r0415_c0055,0.0
r0415_c0056,0.0
r0415_c0057,0.0
r0415_c0061,0.0
r0415_c0062,0.0
r0415_c0063,0.0
r0415_c0064,0.0
r0415_c0065,0.0
r0415_c0066,0.0
r0415_c0067,0.0
r0415_c0068,0.0
r0415_c0069,0.0
r0415_c0070,0.0
r0415_c0071,0.0
r0415_c0072,0.0
r0415_c0073,0.0
r0415_c0075,0.0
r0415_c0076,0.0
r0415_c0077,0.0
r0415_c0078,0.0
r0415_c0079,0.0
r0415_c0080,44.44
r0415_c0084,0.0
r0415_c0085,0.0
r0415_c0086,0.0
r0415_c0087,0.0
r0415_c0088,0.0
r0415_c0089,0.0
r0415_c0090,0.0
r0415_c0091,0.0
r0415_c0092,0.0
r0415_c0093,0.0
r0415_c0094,0.0
r0415_c0095,0.0
r0415_c0096,0.0
r0415_c0097,0.0
r0415_c0098,0.0
r0415_c0099,0.0
r0415_c0100,0.0
r0415_c0101,0.0
r0415_c0102,44.44
r0415_c0103,0.0
r0415_c0104,88.89
r0415_c0109,0.0
r0415_c0110,0.0
r0415_c0111,0.0
r0415_c0114,0.0
r0415_c0115,0.0
r0415_c0116,0.0
r0415_c0117,0.0
r0415_c0118,0.0
r0415_c0119,0.0
r0415_c0120,44.44
r0415_c0121,0.0
r0415_c0122,0.0
r0415_c0124,0.0
r0415_c0125,0.0
r0415_c0126,0.0
r0415_c0127,0.0
r0415_c0129,0.0
r0415_c0130,0.0
r0415_c0131,0.0
r0415_c0132,0.0
r0415_c0133,0.0
r0415_c0134,0.0
r0415_c0135,133.33
r0415_c0136,0.0
r0415_c0137,0.0
r0415_c0138,0.0
r0415_c0139,0.0
r0415_c0140,0.0
r0415_c0141,0.0
r0415_c0142,0.0
r0415_c0143,0.0
r0415_c0144,0.0
r0415_c0145,266.67
r0415_c0147,0.0
r0415_c0148,0.0
r0415_c0149,0.0
r0415_c0150,0.0
r0415_c0151,0.0
r0415_c0152,0.0
r0415_c0153,0.0
r0415_c0154,0.0
r0415_c0155,0.0
r0415_c0156,0.0
r0415_c0157,0.0
r0415_c0158,0.0
r0415_c0159,0.0
r0415_c0160,0.0
r0415_c0161,0.0
r0415_c0162,0.0
r0415_c0163,0.0
r0415_c0164,0.0
r0415_c0165,0.0
r0415_c0166,0.0
r0415_c0167,0.0
r0415_c0168,0.0
r0415_c0169,0.0
r0415_c0170,0.0
r0415_c0171,0.0
r0415_c0173,0.0
r0415_c0174,0.0
r0415_c0175,0.0
r0415_c0176,0.0
r0415_c0177,0.0
r0415_c0178,0.0
r0415_c0179,0.0
r0415_c0180,0.0
r0415_c0181,0.0
r0415_c0182,0.0
r0415_c0185,88.89
r0415_c0186,0.0
r0415_c0187,0.0
r0415_c0188,0.0
r0415_c0189,0.0
r0415_c0190,0.0
r0416_c0014,0.0
r0416_c0015,0.0
r0416_c0016,0.0
r0416_c0017,0.0
r0416_c0018,0.0
r0416_c0019,0.0
r0416_c0020,0.0
r0416_c0021,0.0
r0416_c0022,0.0
r0416_c0023,0.0
r0416_c0024,0.0
r0416_c0025,0.0
r0416_c0026,0.0
r0416_c0027,0.0
r0416_c0028,0.0
r0416_c0029,0.0
r0416_c0030,0.0
r0416_c0031,0.0
r0416_c0032,0.0
r0416_c0033,0.0
r0416_c0034,0.0
r0416_c0035,0.0
r0416_c0036,0.0
r0416_c0037,44.44
r0416_c0038,44.44
r0416_c0039,0.0
r0416_c0040,0.0
r0416_c0041,0.0
r0416_c0042,0.0
r0416_c0043,0.0
r0416_c0045,0.0
r0416_c0046,0.0
r0416_c0047,0.0
r0416_c0048,0.0
r0416_c0050,44.44
r0416_c0051,0.0
r0416_c0052,0.0
r0416_c0053,0.0
r0416_c0054,44.44
r0416_c0055,0.0
r0416_c0056,0.0
r0416_c0057,0.0
r0416_c0058,0.0
r0416_c0059,0.0
r0416_c0060,0.0
r0416_c0061,0.0
r0416_c0062,0.0
r0416_c0063,0.0
r0416_c0064,0.0
r0416_c0065,0.0
r0416_c0066,0.0
r0416_c0067,0.0
r0416_c0068,0.0
r0416_c0069,0.0
r0416_c0070,0.0
r0416_c0071,44.44
r0416_c0072,0.0
r0416_c0073,0.0
r0416_c0074,0.0
r0416_c0075,0.0
r0416_c0076,0.0
r0416_c0077,0.0
r0416_c0078,0.0
r0416_c0079,0.0
r0416_c0080,44.44
r0416_c0083,0.0
r0416_c0084,0.0
r0416_c0085,0.0
r0416_c0086,0.0
r0416_c0087,0.0
r0416_c0088,0.0
r0416_c0089,0.0
r0416_c0090,0.0
r0416_c0091,0.0
r0416_c0092,44.44
r0416_c0093,0.0
r0416_c0094,0.0
r0416_c0095,0.0
r0416_c0096,0.0
r0416_c0097,0.0
r0416_c0098,44.44
r0416_c0099,0.0
r0416_c0100,0.0
r0416_c0101,0.0
r0416_c0102,88.89
r0416_c0103,0.0
r0416_c0106,0.0
r0416_c0107,0.0
r0416_c0108,0.0
r0416_c0109,0.0
r0416_c0110,0.0
r0416_c0111,0.0
r0416_c0112,44.44
r0416_c0113,0.0
r0416_c0114,0.0
r0416_c0115,0.0
r0416_c0116,0.0
r0416_c0117,0.0
r0416_c0118,0.0
r0416_c0119,44.44
r0416_c0121,177.78
r0416_c0122,44.44
r0416_c0123,44.44
r0416_c0124,0.0
r0416_c0125,44.44
r0416_c0126,44.44
r0416_c0127,0.0
r0416_c0129,0.0
r0416_c0131,0.0
r0416_c0132,0.0
r0416_c0133,44.44
r0416_c0134,0.0
r0416_c0135,44.44
r0416_c0136,88.89
r0416_c0137,0.0
r0416_c0138,0.0
r0416_c0139,0.0
r0416_c0140,0.0
r0416_c0141,0.0
r0416_c0142,0.0
r0416_c0143,0.0
r0416_c0144,177.78
r0416_c0147,44.44
r0416_c0148,0.0
r0416_c0149,0.0
r0416_c0150,0.0
r0416_c0151,44.44
r0416_c0152,0.0
r0416_c0153,0.0
r0416_c0154,0.0
r0416_c0155,0.0
r0416_c0157,88.89
r0416_c0158,0.0
r0416_c0160,0.0
r0416_c0161,44.44
r0416_c0162,0.0
r0416_c0163,0.0
r0416_c0164,0.0
r0416_c0165,0.0
r0416_c0166,0.0
r0416_c0167,0.0
r0416_c0168,0.0
r0416_c0169,0.0
r0416_c0170,0.0
r0416_c0171,0.0
r0416_c0173,0.0
r0416_c0174,0.0
r0416_c0175,0.0
r0416_c0176,0.0
r0416_c0177,0.0
r0416_c0181,0.0
r0416_c0182,0.0
r0416_c0183,0.0
r0416_c0184,0.0
r0416_c0185,0.0
r0416_c0186,0.0
r0416_c0187,0.0
r0416_c0188,0.0
r0416_c0189,88.89
r0417_c0014,0.0
r0417_c0015,0.0
r0417_c0016,0.0
r0417_c0017,0.0
r0417_c0018,0.0
r0417_c0019,0.0
r0417_c0020,0.0
r0417_c0021,0.0
r0417_c0022,0.0
r0417_c0023,0.0
r0417_c0024,0.0
r0417_c0025,0.0
r0417_c0026,0.0
r0417_c0027,0.0
r0417_c0028,0.0
r0417_c0029,0.0
r0417_c0030,0.0
r0417_c0031,0.0
r0417_c0032,0.0
r0417_c0033,0.0
r0417_c0034,0.0
r0417_c0035,0.0
r0417_c0036,0.0
r0417_c0037,0.0
r0417_c0038,44.44
r0417_c0039,44.44
r0417_c0040,0.0
r0417_c0041,0.0
r0417_c0042,0.0
r0417_c0043,0.0
r0417_c0044,0.0
r0417_c0045,0.0
r0417_c0046,0.0
r0417_c0047,0.0
r0417_c0048,0.0
r0417_c0050,0.0
r0417_c0051,0.0
r0417_c0052,0.0
r0417_c0053,0.0
r0417_c0054,0.0
r0417_c0055,0.0
r0417_c0056,0.0
r0417_c0057,0.0
r0417_c0058,0.0
r0417_c0060,0.0
r0417_c0061,0.0
r0417_c0062,0.0
r0417_c0063,0.0
r0417_c0064,0.0
r0417_c0065,0.0
r0417_c0066,0.0
r0417_c0067,0.0
r0417_c0068,0.0
r0417_c0069,0.0
r0417_c0070,0.0
r0417_c0071,0.0
r0417_c0072,0.0
r0417_c0073,0.0
r0417_c0074,0.0
r0417_c0075,0.0
r0417_c0076,0.0
r0417_c0077,0.0
r0417_c0078,0.0
r0417_c0079,0.0
r0417_c0080,0.0
r0417_c0082,133.33
r0417_c0083,0.0
r0417_c0084,0.0
r0417_c0085,0.0
r0417_c0086,0.0
r0417_c0087,0.0
r0417_c0088,0.0
r0417_c0089,0.0
r0417_c0090,0.0
r0417_c0091,0.0
r0417_c0092,0.0
r0417_c0093,0.0
r0417_c0094,0.0
r0417_c0095,0.0
r0417_c0096,0.0
r0417_c0097,0.0
r0417_c0098,0.0
r0417_c0102,0.0
r0417_c0103,0.0
r0417_c0104,0.0
r0417_c0105,0.0
r0417_c0106,0.0
r0417_c0107,0.0
r0417_c0108,0.0
r0417_c0110,0.0
r0417_c0111,0.0
r0417_c0112,0.0
r0417_c0113,0.0
r0417_c0114,0.0
r0417_c0115,0.0
r0417_c0116,0.0
r0417_c0117,0.0
r0417_c0118,44.44
r0417_c0119,44.44
r0417_c0121,44.44
r0417_c0122,88.89
r0417_c0123,44.44
r0417_c0124,488.89
r0417_c0125,355.56
r0417_c0126,88.89
r0417_c0127,88.89
r0417_c0128,400.0
r0417_c0129,0.0
r0417_c0130,0.0
r0417_c0131,0.0
r0417_c0132,0.0
r0417_c0133,0.0
r0417_c0137,44.44
r0417_c0138,0.0
r0417_c0139,0.0
r0417_c0140,0.0
r0417_c0141,0.0
r0417_c0142,0.0
r0417_c0143,0.0
r0417_c0144,0.0
r0417_c0145,44.44
r0417_c0146,0.0
r0417_c0147,0.0
r0417_c0148,0.0
r0417_c0149,0.0
r0417_c0150,0.0
r0417_c0151,0.0
r0417_c0152,0.0
r0417_c0153,0.0
r0417_c0154,0.0
r0417_c0159,0.0
r0417_c0160,0.0
r0417_c0161,0.0
r0417_c0164,0.0
r0417_c0165,0.0
r0417_c0166,44.44
r0417_c0167,0.0
r0417_c0168,0.0
r0417_c0169,0.0
r0417_c0170,0.0
r0417_c0171,0.0
r0417_c0172,0.0
r0417_c0173,44.44
r0417_c0174,0.0
r0417_c0175,0.0
r0417_c0176,0.0
r0417_c0182,0.0
r0417_c0183,0.0
r0418_c0020,0.0
r0418_c0021,0.0
r0418_c0022,0.0
r0418_c0023,0.0
r0418_c0024,0.0
r0418_c0025,0.0
r0418_c0026,0.0
r0418_c0027,0.0
r0418_c0028,0.0
r0418_c0029,0.0
r0418_c0030,0.0
r0418_c0031,0.0
r0418_c0032,0.0
r0418_c0033,0.0
r0418_c0034,0.0
r0418_c0035,0.0
r0418_c0036,0.0
r0418_c0037,0.0
r0418_c0038,0.0
r0418_c0039,0.0
r0418_c0040,0.0
r0418_c0041,0.0
r0418_c0042,0.0
r0418_c0043,0.0
r0418_c0044,0.0
r0418_c0045,0.0
r0418_c0046,0.0
r0418_c0047,0.0
r0418_c0048,0.0
r0418_c0049,0.0
r0418_c0050,0.0
r0418_c0051,0.0
r0418_c0052,0.0
r0418_c0053,0.0
r0418_c0054,0.0
r0418_c0055,0.0
r0418_c0056,0.0
r0418_c0057,0.0
r0418_c0058,0.0
r0418_c0060,0.0
r0418_c0061,0.0
r0418_c0062,0.0
r0418_c0063,0.0
r0418_c0064,0.0
r0418_c0065,0.0
r0418_c0066,0.0
r0418_c0067,0.0
r0418_c0068,0.0
r0418_c0069,0.0
r0418_c0070,0.0
r0418_c0071,0.0
r0418_c0072,0.0
r0418_c0073,0.0
r0418_c0074,0.0
r0418_c0075,0.0
r0418_c0076,0.0
r0418_c0077,0.0
r0418_c0078,0.0
r0418_c0079,0.0
r0418_c0080,0.0
r0418_c0081,622.22
r0418_c0082,0.0
r0418_c0083,0.0
r0418_c0084,0.0
r0418_c0085,0.0
r0418_c0086,0.0
r0418_c0090,0.0
r0418_c0091,0.0
r0418_c0092,0.0
r0418_c0093,0.0
r0418_c0094,0.0
r0418_c0095,0.0
r0418_c0096,0.0
r0418_c0097,0.0
r0418_c0098,0.0
r0418_c0099,0.0
r0418_c0100,0.0
r0418_c0101,0.0
r0418_c0102,0.0
r0418_c0103,0.0
r0418_c0105,0.0
r0418_c0106,0.0
r0418_c0107,0.0
r0418_c0110,0.0
r0418_c0111,0.0
r0418_c0112,0.0
r0418_c0115,0.0
r0418_c0116,0.0
r0418_c0117,0.0
r0418_c0118,0.0
r0418_c0119,0.0
r0418_c0120,0.0
r0418_c0121,0.0
r0418_c0122,0.0
r0418_c0123,311.11
r0418_c0124,0.0
r0418_c0125,0.0
r0418_c0126,0.0
r0418_c0127,0.0
r0418_c0128,0.0
r0418_c0129,0.0
r0418_c0130,0.0
r0418_c0131,0.0
r0418_c0132,0.0
r0418_c0133,0.0
r0418_c0135,400.0
r0418_c0137,44.44
r0418_c0138,0.0
r0418_c0139,0.0
r0418_c0140,0.0
r0418_c0141,0.0
r0418_c0142,0.0
r0418_c0143,0.0
r0418_c0144,0.0
r0418_c0145,0.0
r0418_c0146,0.0
r0418_c0147,0.0
r0418_c0148,0.0
r0418_c0149,0.0
r0418_c0150,0.0
r0418_c0151,0.0
r0418_c0152,0.0
r0418_c0153,0.0
r0418_c0154,0.0
r0418_c0159,0.0
r0418_c0160,0.0
r0418_c0164,0.0
r0418_c0165,0.0
r0418_c0166,0.0
r0418_c0167,0.0
r0418_c0168,0.0
r0418_c0169,0.0
r0418_c0170,0.0
r0418_c0171,0.0
r0418_c0174,0.0
r0418_c0175,0.0
r0418_c0176,0.0
r0418_c0177,0.0
r0419_c0022,0.0
r0419_c0023,0.0
r0419_c0024,0.0
r0419_c0025,0.0
r0419_c0026,0.0
r0419_c0027,0.0
r0419_c0028,0.0
r0419_c0029,0.0
r0419_c0030,0.0
r0419_c0031,0.0
r0419_c0032,0.0
r0419_c0033,0.0
r0419_c0034,0.0
r0419_c0035,0.0
r0419_c0036,0.0
r0419_c0037,0.0
r0419_c0038,0.0
r0419_c0039,0.0
r0419_c0040,0.0
r0419_c0041,0.0
r0419_c0042,0.0
r0419_c0043,0.0
r0419_c0044,0.0
r0419_c0045,0.0
r0419_c0046,0.0
r0419_c0047,0.0
r0419_c0048,0.0
r0419_c0049,0.0
r0419_c0050,0.0
r0419_c0051,0.0
r0419_c0052,0.0
r0419_c0054,0.0
r0419_c0055,0.0
r0419_c0056,0.0
r0419_c0057,0.0
r0419_c0058,0.0
r0419_c0059,0.0
r0419_c0060,0.0
r0419_c0061,0.0
r0419_c0062,0.0
r0419_c0063,0.0
r0419_c0064,0.0
r0419_c0065,0.0
r0419_c0066,0.0
r0419_c0067,0.0
r0419_c0068,0.0
r0419_c0069,0.0
r0419_c0070,0.0
r0419_c0071,0.0
r0419_c0072,0.0
r0419_c0073,0.0
r0419_c0074,0.0
r0419_c0075,0.0
r0419_c0076,0.0
r0419_c0077,0.0
r0419_c0078,0.0
r0419_c0079,0.0
r0419_c0080,0.0
r0419_c0081,0.0
r0419_c0084,0.0
r0419_c0085,0.0
r0419_c0086,0.0
r0419_c0087,0.0
r0419_c0088,0.0
r0419_c0089,0.0
r0419_c0090,0.0
r0419_c0091,0.0
r0419_c0092,0.0
r0419_c0093,0.0
r0419_c0094,0.0
r0419_c0095,0.0
r0419_c0096,0.0
r0419_c0097,0.0
r0419_c0098,0.0
r0419_c0099,0.0
r0419_c0100,0.0
r0419_c0101,0.0
r0419_c0102,0.0
r0419_c0103,0.0
r0419_c0105,0.0
r0419_c0106,0.0
r0419_c0107,0.0
r0419_c0108,0.0
r0419_c0109,0.0
r0419_c0110,0.0
r0419_c0111,0.0
r0419_c0112,0.0
r0419_c0113,0.0
r0419_c0114,0.0
r0419_c0115,0.0
r0419_c0116,0.0
r0419_c0117,0.0
r0419_c0118,0.0
r0419_c0119,0.0
r0419_c0120,0.0
r0419_c0121,0.0
r0419_c0122,0.0
r0419_c0123,0.0
r0419_c0124,177.78
r0419_c0125,0.0
r0419_c0126,0.0
r0419_c0127,0.0
r0419_c0128,0.0
r0419_c0129,0.0
r0419_c0130,0.0
r0419_c0131,0.0
r0419_c0132,0.0
r0419_c0133,0.0
r0419_c0134,133.33
r0419_c0135,222.22
r0419_c0136,0.0
r0419_c0137,0.0
r0419_c0138,0.0
r0419_c0139,0.0
r0419_c0140,0.0
r0419_c0141,0.0
r0419_c0142,0.0
r0419_c0143,0.0
r0419_c0144,0.0
r0419_c0145,0.0
r0419_c0146,0.0
r0419_c0147,0.0
r0419_c0148,0.0
r0419_c0149,0.0
r0419_c0150,0.0
r0419_c0151,0.0
r0419_c0152,0.0
r0419_c0153,0.0
r0419_c0159,0.0
r0419_c0164,0.0
r0419_c0165,0.0
r0419_c0166,44.44
r0419_c0167,0.0
r0419_c0168,0.0
r0419_c0169,0.0
r0419_c0170,0.0
r0419_c0171,0.0
r0419_c0175,44.44
r0419_c0176,0.0
r0419_c0177,0.0
r0420_c0027,0.0
r0420_c0028,0.0
r0420_c0029,0.0
r0420_c0030,0.0
r0420_c0031,0.0
r0420_c0032,0.0
r0420_c0033,0.0
r0420_c0034,0.0
r0420_c0035,0.0
r0420_c0036,0.0
r0420_c0037,0.0
r0420_c0038,0.0
r0420_c0039,0.0
r0420_c0040,0.0
r0420_c0041,0.0
r0420_c0042,0.0
r0420_c0043,0.0
r0420_c0044,0.0
r0420_c0045,0.0
r0420_c0046,0.0
r0420_c0047,0.0
r0420_c0048,0.0
r0420_c0049,0.0
r0420_c0050,0.0
r0420_c0051,0.0
r0420_c0052,0.0
r0420_c0053,0.0
r0420_c0054,0.0
r0420_c0055,0.0
r0420_c0056,0.0
r0420_c0057,0.0
r0420_c0058,0.0
r0420_c0059,0.0
r0420_c0060,0.0
r0420_c0061,0.0
r0420_c0062,0.0
r0420_c0063,0.0
r0420_c0064,0.0
r0420_c0065,0.0
r0420_c0066,0.0
r0420_c0067,0.0
r0420_c0068,0.0
r0420_c0069,0.0
r0420_c0070,0.0
r0420_c0071,0.0
r0420_c0072,0.0
r0420_c0073,0.0
r0420_c0074,0.0
r0420_c0075,0.0
r0420_c0076,0.0
r0420_c0077,0.0
r0420_c0078,0.0
r0420_c0079,0.0
r0420_c0080,0.0
r0420_c0081,88.89
r0420_c0085,0.0
r0420_c0086,0.0
r0420_c0087,0.0
r0420_c0088,0.0
r0420_c0089,0.0
r0420_c0090,0.0
r0420_c0091,0.0
r0420_c0092,0.0
r0420_c0093,0.0
r0420_c0094,0.0
r0420_c0095,0.0
r0420_c0096,0.0
r0420_c0097,0.0
r0420_c0098,0.0
r0420_c0099,0.0
r0420_c0100,0.0
r0420_c0101,0.0
r0420_c0102,0.0
r0420_c0103,0.0
r0420_c0105,0.0
r0420_c0106,0.0
r0420_c0107,0.0
r0420_c0108,0.0
r0420_c0109,0.0
r0420_c0110,0.0
r0420_c0111,0.0
r0420_c0112,0.0
r0420_c0113,0.0
r0420_c0114,0.0
r0420_c0115,0.0
r0420_c0116,0.0
r0420_c0117,0.0
r0420_c0118,0.0
r0420_c0119,0.0
r0420_c0120,0.0
r0420_c0121,0.0
r0420_c0122,0.0
r0420_c0123,44.44
r0420_c0124,177.78
r0420_c0125,0.0
r0420_c0126,0.0
r0420_c0127,0.0
r0420_c0128,0.0
r0420_c0129,0.0
r0420_c0130,0.0
r0420_c0131,0.0
r0420_c0132,44.44
r0420_c0133,0.0
r0420_c0134,88.89
r0420_c0136,0.0
r0420_c0137,0.0
r0420_c0138,0.0
r0420_c0139,0.0
r0420_c0142,0.0
r0420_c0143,0.0
r0420_c0144,44.44
r0420_c0146,0.0
r0420_c0147,0.0
r0420_c0148,0.0
r0420_c0149,0.0
r0420_c0150,0.0
r0420_c0151,0.0
r0420_c0152,0.0
r0420_c0153,0.0
r0420_c0163,0.0
r0420_c0164,0.0
r0420_c0165,0.0
r0420_c0166,0.0
r0420_c0167,0.0
r0420_c0168,0.0
r0420_c0169,0.0
r0420_c0170,0.0
r0420_c0171,0.0
r0420_c0176,0.0
r0420_c0179,0.0
r0420_c0180,0.0
r0421_c0034,0.0
r0421_c0035,0.0
r0421_c0036,0.0
r0421_c0037,0.0
r0421_c0038,0.0
r0421_c0039,0.0
r0421_c0040,0.0
r0421_c0041,0.0
r0421_c0042,0.0
r0421_c0044,0.0
r0421_c0045,0.0
r0421_c0046,0.0
r0421_c0047,0.0
r0421_c0048,0.0
r0421_c0049,0.0
r0421_c0050,0.0
r0421_c0051,0.0
r0421_c0052,0.0
r0421_c0053,0.0
r0421_c0054,0.0
r0421_c0055,0.0
r0421_c0056,0.0
r0421_c0057,0.0
r0421_c0058,0.0
r0421_c0059,0.0
r0421_c0060,0.0
r0421_c0061,0.0
r0421_c0062,0.0
r0421_c0063,0.0
r0421_c0064,0.0
r0421_c0065,0.0
r0421_c0066,0.0
r0421_c0067,0.0
r0421_c0068,0.0
r0421_c0069,0.0
r0421_c0070,44.44
r0421_c0071,44.44
r0421_c0072,0.0
r0421_c0073,0.0
r0421_c0074,0.0
r0421_c0075,0.0
r0421_c0079,0.0
r0421_c0080,0.0
r0421_c0081,0.0
r0421_c0087,133.33
r0421_c0088,0.0
r0421_c0089,0.0
r0421_c0090,0.0
r0421_c0091,0.0
r0421_c0092,0.0
r0421_c0093,0.0
r0421_c0094,0.0
r0421_c0095,0.0
r0421_c0096,0.0
r0421_c0097,0.0
r0421_c0098,0.0
r0421_c0099,0.0
r0421_c0100,0.0
r0421_c0101,0.0
r0421_c0102,0.0
r0421_c0103,0.0
r0421_c0106,0.0
r0421_c0107,0.0
r0421_c0108,0.0
r0421_c0109,0.0
r0421_c0110,0.0
r0421_c0111,0.0
r0421_c0112,0.0
r0421_c0113,0.0
r0421_c0114,0.0
r0421_c0115,0.0
r0421_c0116,0.0
r0421_c0117,0.0
r0421_c0118,0.0
r0421_c0119,0.0
r0421_c0120,0.0
r0421_c0121,0.0
r0421_c0122,44.44
r0421_c0123,266.67
r0421_c0124,533.33
r0421_c0125,222.22
r0421_c0126,0.0
r0421_c0127,0.0
r0421_c0128,0.0
r0421_c0129,0.0
r0421_c0130,0.0
r0421_c0131,0.0
r0421_c0132,0.0
r0421_c0133,44.44
r0421_c0134,0.0
r0421_c0135,44.44
r0421_c0136,0.0
r0421_c0137,0.0
r0421_c0138,0.0
r0421_c0139,0.0
r0421_c0140,0.0
r0421_c0141,0.0
r0421_c0142,0.0
r0421_c0143,0.0
r0421_c0144,133.33
r0421_c0145,177.78
r0421_c0146,0.0
r0421_c0147,0.0
r0421_c0148,0.0
r0421_c0149,0.0
r0421_c0150,0.0
r0421_c0151,0.0
r0421_c0152,0.0
r0421_c0153,0.0
r0421_c0154,0.0
r0421_c0162,0.0
r0421_c0163,0.0
r0421_c0164,0.0
r0421_c0165,0.0
r0421_c0166,0.0
r0421_c0167,0.0
r0421_c0168,0.0
r0421_c0169,0.0
r0421_c0170,0.0
r0421_c0171,0.0
r0421_c0173,0.0
r0421_c0174,0.0
r0421_c0175,0.0
r0421_c0176,0.0
r0421_c0177,0.0
r0421_c0178,0.0
r0421_c0179,0.0
r0421_c0180,0.0
r0421_c0181,0.0
r0421_c0186,44.44
r0422_c0034,0.0
r0422_c0035,0.0
r0422_c0036,0.0
r0422_c0037,0.0
r0422_c0038,0.0
r0422_c0039,0.0
r0422_c0040,0.0
r0422_c0041,0.0
r0422_c0042,0.0
r0422_c0043,0.0
r0422_c0044,0.0
r0422_c0045,0.0
r0422_c0046,0.0
r0422_c0047,0.0
r0422_c0048,0.0
r0422_c0049,0.0
r0422_c0050,0.0
r0422_c0051,0.0
r0422_c0052,0.0
r0422_c0053,0.0
r0422_c0054,0.0
r0422_c0055,0.0
r0422_c0056,0.0
r0422_c0057,0.0
r0422_c0058,0.0
r0422_c0059,0.0
r0422_c0060,0.0
r0422_c0061,0.0
r0422_c0062,0.0
r0422_c0063,0.0
r0422_c0064,0.0
r0422_c0065,0.0
r0422_c0066,222.22
r0422_c0067,0.0
r0422_c0072,88.89
r0422_c0074,0.0
r0422_c0075,0.0
r0422_c0079,0.0
r0422_c0080,44.44
r0422_c0081,44.44
r0422_c0085,0.0
r0422_c0086,0.0
r0422_c0087,44.44
r0422_c0088,0.0
r0422_c0089,0.0
r0422_c0090,0.0
r0422_c0091,0.0
r0422_c0092,0.0
r0422_c0093,0.0
r0422_c0094,0.0
r0422_c0095,0.0
r0422_c0096,0.0
r0422_c0097,0.0
r0422_c0098,0.0
r0422_c0099,0.0
r0422_c0100,0.0
r0422_c0101,0.0
r0422_c0102,0.0
r0422_c0103,0.0
r0422_c0104,0.0
r0422_c0105,0.0
r0422_c0106,0.0
r0422_c0107,0.0
r0422_c0108,0.0
r0422_c0109,0.0
r0422_c0110,0.0
r0422_c0111,0.0
r0422_c0112,0.0
r0422_c0113,177.78
r0422_c0114,0.0
r0422_c0115,0.0
r0422_c0116,0.0
r0422_c0117,0.0
r0422_c0118,0.0
r0422_c0119,0.0
r0422_c0120,0.0
r0422_c0121,0.0
r0422_c0122,44.44
r0422_c0123,577.78
r0422_c0124,400.0
r0422_c0125,133.33
r0422_c0126,0.0
r0422_c0127,0.0
r0422_c0128,0.0
r0422_c0130,0.0
r0422_c0131,0.0
r0422_c0135,0.0
r0422_c0136,0.0
r0422_c0137,0.0
r0422_c0138,0.0
r0422_c0139,0.0
r0422_c0140,0.0
r0422_c0141,0.0
r0422_c0142,0.0
r0422_c0143,0.0
r0422_c0144,0.0
r0422_c0145,0.0
r0422_c0148,0.0
r0422_c0149,0.0
r0422_c0150,0.0
r0422_c0151,0.0
r0422_c0152,0.0
r0422_c0153,0.0
r0422_c0154,0.0
r0422_c0161,0.0
r0422_c0162,0.0
r0422_c0163,0.0
r0422_c0165,0.0
r0422_c0166,0.0
r0422_c0167,0.0
r0422_c0168,0.0
r0422_c0169,0.0
r0422_c0170,0.0
r0422_c0171,0.0
r0422_c0174,0.0
r0422_c0175,0.0
r0422_c0176,0.0
r0422_c0177,0.0
r0422_c0178,0.0
r0422_c0179,0.0
r0422_c0180,0.0
r0422_c0181,0.0
r0422_c0182,0.0
r0422_c0185,0.0
r0422_c0186,0.0
r0423_c0034,0.0
r0423_c0035,0.0
r0423_c0036,0.0
r0423_c0037,0.0
r0423_c0038,0.0
r0423_c0039,0.0
r0423_c0040,0.0
r0423_c0041,0.0
r0423_c0042,0.0
r0423_c0043,0.0
r0423_c0044,0.0
r0423_c0045,0.0
r0423_c0046,0.0
r0423_c0047,0.0
r0423_c0048,0.0
r0423_c0049,0.0
r0423_c0050,0.0
r0423_c0051,0.0
r0423_c0052,0.0
r0423_c0053,0.0
r0423_c0054,0.0
r0423_c0055,0.0
r0423_c0056,0.0
r0423_c0057,0.0
r0423_c0058,0.0
r0423_c0059,0.0
r0423_c0060,0.0
r0423_c0061,0.0
r0423_c0062,0.0
r0423_c0063,0.0
r0423_c0064,0.0
r0423_c0065,0.0
r0423_c0066,0.0
r0423_c0067,88.89
r0423_c0074,0.0
r0423_c0075,44.44
r0423_c0077,0.0
r0423_c0078,0.0
r0423_c0079,0.0
r0423_c0082,44.44
r0423_c0083,0.0
r0423_c0084,0.0
r0423_c0085,0.0
r0423_c0086,0.0
r0423_c0087,0.0
r0423_c0088,0.0
r0423_c0089,0.0
r0423_c0090,0.0
r0423_c0091,0.0
r0423_c0092,0.0
r0423_c0093,0.0
r0423_c0094,0.0
r0423_c0095,0.0
r0423_c0096,0.0
r0423_c0097,0.0
r0423_c0098,0.0
r0423_c0099,0.0
r0423_c0100,0.0
r0423_c0101,0.0
r0423_c0102,0.0
r0423_c0103,0.0
r0423_c0104,0.0
r0423_c0105,0.0
r0423_c0106,0.0
r0423_c0107,0.0
r0423_c0108,0.0
r0423_c0109,0.0
r0423_c0110,0.0
r0423_c0111,0.0
r0423_c0112,0.0
r0423_c0113,0.0
r0423_c0114,0.0
r0423_c0115,0.0
r0423_c0116,0.0
r0423_c0117,0.0
r0423_c0118,0.0
r0423_c0119,0.0
r0423_c0120,0.0
r0423_c0121,0.0
r0423_c0122,0.0
r0423_c0123,44.44
r0423_c0125,0.0
r0423_c0126,0.0
r0423_c0127,0.0
r0423_c0128,0.0
r0423_c0130,0.0
r0423_c0131,0.0
r0423_c0135,0.0
r0423_c0136,0.0
r0423_c0137,0.0
r0423_c0138,0.0
r0423_c0139,0.0
r0423_c0140,0.0
r0423_c0141,0.0
r0423_c0142,0.0
r0423_c0143,0.0
r0423_c0144,0.0
r0423_c0145,0.0
r0423_c0146,0.0
r0423_c0149,0.0
r0423_c0150,0.0
r0423_c0151,0.0
r0423_c0152,0.0
r0423_c0153,0.0
r0423_c0154,0.0
r0423_c0161,0.0
r0423_c0162,0.0
r0423_c0163,44.44
r0423_c0166,0.0
r0423_c0167,0.0
r0423_c0168,0.0
r0423_c0169,0.0
r0423_c0170,0.0
r0423_c0171,0.0
r0423_c0175,44.44
r0423_c0176,0.0
r0423_c0177,0.0
r0423_c0178,0.0
r0423_c0179,0.0
r0423_c0180,0.0
r0423_c0181,0.0
r0423_c0182,0.0
r0423_c0183,0.0
r0423_c0185,0.0
r0423_c0186,0.0
r0423_c0189,0.0
r0424_c0035,0.0
r0424_c0036,0.0
r0424_c0037,0.0
r0424_c0038,0.0
r0424_c0039,0.0
r0424_c0040,0.0
r0424_c0041,0.0
r0424_c0042,0.0
r0424_c0043,44.44
r0424_c0044,0.0
r0424_c0045,0.0
r0424_c0046,0.0
r0424_c0047,0.0
r0424_c0048,0.0
r0424_c0049,0.0
r0424_c0050,0.0
r0424_c0051,0.0
r0424_c0052,0.0
r0424_c0053,0.0
r0424_c0054,0.0
r0424_c0055,44.44
r0424_c0056,0.0
r0424_c0057,0.0
r0424_c0058,0.0
r0424_c0059,0.0
r0424_c0060,0.0
r0424_c0061,0.0
r0424_c0062,0.0
r0424_c0063,0.0
r0424_c0064,0.0
r0424_c0065,0.0
r0424_c0066,44.44
r0424_c0072,44.44
r0424_c0073,44.44
r0424_c0074,0.0
r0424_c0075,0.0
r0424_c0076,44.44
r0424_c0077,0.0
r0424_c0078,0.0
r0424_c0079,0.0
r0424_c0080,0.0
r0424_c0081,44.44
r0424_c0082,444.44
r0424_c0083,0.0
r0424_c0084,0.0
r0424_c0085,0.0
r0424_c0086,0.0
r0424_c0087,0.0
r0424_c0088,0.0
r0424_c0089,0.0
r0424_c0090,0.0
r0424_c0091,0.0
r0424_c0092,0.0
r0424_c0093,0.0
r0424_c0094,0.0
r0424_c0095,0.0
r0424_c0096,0.0
r0424_c0097,0.0
r0424_c0098,0.0
r0424_c0099,0.0
r0424_c0100,0.0
r0424_c0101,0.0
r0424_c0102,0.0
r0424_c0103,0.0
r0424_c0104,0.0
r0424_c0105,0.0
r0424_c0106,0.0
r0424_c0107,0.0
r0424_c0108,0.0
r0424_c0109,0.0
r0424_c0110,0.0
r0424_c0111,0.0
r0424_c0112,0.0
r0424_c0113,0.0
r0424_c0114,0.0
r0424_c0115,0.0
r0424_c0116,0.0
r0424_c0117,0.0
r0424_c0118,0.0
r0424_c0119,0.0
r0424_c0120,0.0
r0424_c0121,0.0
r0424_c0122,0.0
r0424_c0123,177.78
r0424_c0124,88.89
r0424_c0125,0.0
r0424_c0126,0.0
r0424_c0127,0.0
r0424_c0128,0.0
r0424_c0129,0.0
r0424_c0130,0.0
r0424_c0131,0.0
r0424_c0135,0.0
r0424_c0136,0.0
r0424_c0137,0.0
r0424_c0138,0.0
r0424_c0139,0.0
r0424_c0140,0.0
r0424_c0141,0.0
r0424_c0142,0.0
r0424_c0143,0.0
r0424_c0144,0.0
r0424_c0145,0.0
r0424_c0146,0.0
r0424_c0147,0.0
r0424_c0149,0.0
r0424_c0150,0.0
r0424_c0152,0.0
r0424_c0153,0.0
r0424_c0154,0.0
r0424_c0155,0.0
r0424_c0156,0.0
r0424_c0157,0.0
r0424_c0164,44.44
r0424_c0165,0.0
r0424_c0166,0.0
r0424_c0167,0.0
r0424_c0169,0.0
r0424_c0170,0.0
r0424_c0174,0.0
r0424_c0175,0.0
r0424_c0176,0.0
r0424_c0177,0.0
r0424_c0178,0.0
r0424_c0179,0.0
r0424_c0180,0.0
r0424_c0181,0.0
r0424_c0182,44.44
r0424_c0183,0.0
r0424_c0184,0.0
r0424_c0185,44.44
r0424_c0186,0.0
r0424_c0189,0.0
r0424_c0190,0.0
r0424_c0191,0.0
r0424_c0192,0.0
r0425_c0036,0.0
r0425_c0037,0.0
r0425_c0038,0.0
r0425_c0039,0.0
r0425_c0044,0.0
r0425_c0045,0.0
r0425_c0046,0.0
r0425_c0049,0.0
r0425_c0050,0.0
r0425_c0051,0.0
r0425_c0052,0.0
r0425_c0053,0.0
r0425_c0055,0.0
r0425_c0056,0.0
r0425_c0057,0.0
r0425_c0058,0.0
r0425_c0059,0.0
r0425_c0060,0.0
r0425_c0061,0.0
r0425_c0062,0.0
r0425_c0065,0.0
r0425_c0066,0.0
r0425_c0067,0.0
r0425_c0068,0.0
r0425_c0069,88.89
r0425_c0070,0.0
r0425_c0071,44.44
r0425_c0072,0.0
r0425_c0073,0.0
r0425_c0074,0.0
r0425_c0077,0.0
r0425_c0078,0.0
r0425_c0079,0.0
r0425_c0080,0.0
r0425_c0081,0.0
r0425_c0082,133.33
r0425_c0083,0.0
r0425_c0084,0.0
r0425_c0085,0.0
r0425_c0086,0.0
r0425_c0087,0.0
r0425_c0088,0.0
r0425_c0089,0.0
r0425_c0090,0.0
r0425_c0091,0.0
r0425_c0092,0.0
r0425_c0093,0.0
r0425_c0094,0.0
r0425_c0095,0.0
r0425_c0096,0.0
r0425_c0097,0.0
r0425_c0098,0.0
r0425_c0099,0.0
r0425_c0100,0.0
r0425_c0101,0.0
r0425_c0102,0.0
r0425_c0103,0.0
r0425_c0104,0.0
r0425_c0105,0.0
r0425_c0106,0.0
r0425_c0107,0.0
r0425_c0108,0.0
r0425_c0109,0.0
r0425_c0110,0.0
r0425_c0111,0.0
r0425_c0112,0.0
r0425_c0113,0.0
r0425_c0114,0.0
r0425_c0115,0.0
r0425_c0116,0.0
r0425_c0117,0.0
r0425_c0118,0.0
r0425_c0119,0.0
r0425_c0120,0.0
r0425_c0121,0.0
r0425_c0122,0.0
r0425_c0123,88.89
r0425_c0124,44.44
r0425_c0125,0.0
r0425_c0126,0.0
r0425_c0127,0.0
r0425_c0128,0.0
r0425_c0129,0.0
r0425_c0130,0.0
r0425_c0131,0.0
r0425_c0135,0.0
r0425_c0136,0.0
r0425_c0137,0.0
r0425_c0138,0.0
r0425_c0139,0.0
r0425_c0140,0.0
r0425_c0141,0.0
r0425_c0142,0.0
r0425_c0143,0.0
r0425_c0144,0.0
r0425_c0145,0.0
r0425_c0146,0.0
r0425_c0148,0.0
r0425_c0149,0.0
r0425_c0150,0.0
r0425_c0151,0.0
r0425_c0152,0.0
r0425_c0153,0.0
r0425_c0155,0.0
r0425_c0156,0.0
r0425_c0157,0.0
r0425_c0158,0.0
r0425_c0160,0.0
r0425_c0161,0.0
r0425_c0164,0.0
r0425_c0165,0.0
r0425_c0166,0.0
r0425_c0168,0.0
r0425_c0169,0.0
r0425_c0173,0.0
r0425_c0174,0.0
r0425_c0175,0.0
r0425_c0176,0.0
r0425_c0177,0.0
r0425_c0178,0.0
r0425_c0179,0.0
r0425_c0180,0.0
r0425_c0181,0.0
r0425_c0182,0.0
r0425_c0183,0.0
r0425_c0184,0.0
r0425_c0185,0.0
r0426_c0037,0.0
r0426_c0038,0.0
r0426_c0044,0.0
r0426_c0045,0.0
r0426_c0046,0.0
r0426_c0049,0.0
r0426_c0050,0.0
r0426_c0051,0.0
r0426_c0052,0.0
r0426_c0053,0.0
r0426_c0055,0.0
r0426_c0056,0.0
r0426_c0057,0.0
r0426_c0058,0.0
r0426_c0059,0.0
r0426_c0060,0.0
r0426_c0061,0.0
r0426_c0062,44.44
r0426_c0066,0.0
r0426_c0067,44.44
r0426_c0068,44.44
r0426_c0069,44.44
r0426_c0070,44.44
r0426_c0071,88.89
r0426_c0072,0.0
r0426_c0073,0.0
r0426_c0074,0.0
r0426_c0077,0.0
r0426_c0078,0.0
r0426_c0079,0.0
r0426_c0080,0.0
r0426_c0081,88.89
r0426_c0082,88.89
r0426_c0083,0.0
r0426_c0084,0.0
r0426_c0085,0.0
r0426_c0086,88.89
r0426_c0087,44.44
r0426_c0088,0.0
r0426_c0089,0.0
r0426_c0090,0.0
r0426_c0091,0.0
r0426_c0092,0.0
r0426_c0093,0.0
r0426_c0094,0.0
r0426_c0095,0.0
r0426_c0096,0.0
r0426_c0097,0.0
r0426_c0098,0.0
r0426_c0099,0.0
r0426_c0100,0.0
r0426_c0101,44.44
r0426_c0102,0.0
r0426_c0103,44.44
r0426_c0104,0.0
r0426_c0105,0.0
r0426_c0106,0.0
r0426_c0107,0.0
r0426_c0108,0.0
r0426_c0109,0.0
r0426_c0110,0.0
r0426_c0111,0.0
r0426_c0112,0.0
r0426_c0113,222.22
r0426_c0114,0.0
r0426_c0115,0.0
r0426_c0116,0.0
r0426_c0117,0.0
r0426_c0118,0.0
r0426_c0119,88.89
r0426_c0120,133.33
r0426_c0121,0.0
r0426_c0122,0.0
r0426_c0123,311.11
r0426_c0125,311.11
r0426_c0126,0.0
r0426_c0127,0.0
r0426_c0128,0.0
r0426_c0129,0.0
r0426_c0130,0.0
r0426_c0131,0.0
r0426_c0135,222.22
r0426_c0136,0.0
r0426_c0137,0.0
r0426_c0138,0.0
r0426_c0139,0.0
r0426_c0140,44.44
r0426_c0141,44.44
r0426_c0142,0.0
r0426_c0143,0.0
r0426_c0144,0.0
r0426_c0145,0.0
r0426_c0146,0.0
r0426_c0147,0.0
r0426_c0148,0.0
r0426_c0149,0.0
r0426_c0150,0.0
r0426_c0151,0.0
r0426_c0152,0.0
r0426_c0156,0.0
r0426_c0157,0.0
r0426_c0159,0.0
r0426_c0165,0.0
r0426_c0172,44.44
r0426_c0173,0.0
r0426_c0174,0.0
r0426_c0175,0.0
r0426_c0176,0.0
r0426_c0177,0.0
r0426_c0178,0.0
r0426_c0179,0.0
r0426_c0180,0.0
r0426_c0181,0.0
r0426_c0182,88.89
r0426_c0183,0.0
r0426_c0184,0.0
r0426_c0185,0.0
r0426_c0241,0.0
r0426_c0242,0.0
r0426_c0243,0.0
r0426_c0244,0.0
r0427_c0038,0.0
r0427_c0041,0.0
r0427_c0042,0.0
r0427_c0043,0.0
r0427_c0055,0.0
r0427_c0056,0.0
r0427_c0057,0.0
r0427_c0058,0.0
r0427_c0059,0.0
r0427_c0060,0.0
r0427_c0066,0.0
r0427_c0067,0.0
r0427_c0068,0.0
r0427_c0069,44.44
r0427_c0070,44.44
r0427_c0071,0.0
r0427_c0072,0.0
r0427_c0073,0.0
r0427_c0075,0.0
r0427_c0076,0.0
r0427_c0077,0.0
r0427_c0078,0.0
r0427_c0079,0.0
r0427_c0080,44.44
r0427_c0081,44.44
r0427_c0082,177.78
r0427_c0084,0.0
r0427_c0085,0.0
r0427_c0088,0.0
r0427_c0089,0.0
r0427_c0090,0.0
r0427_c0091,0.0
r0427_c0092,0.0
r0427_c0093,0.0
r0427_c0094,0.0
r0427_c0095,0.0
r0427_c0096,0.0
r0427_c0097,0.0
r0427_c0098,0.0
r0427_c0099,0.0
r0427_c0100,0.0
r0427_c0101,0.0
r0427_c0102,88.89
r0427_c0103,0.0
r0427_c0104,0.0
r0427_c0105,0.0
r0427_c0106,0.0
r0427_c0107,0.0
r0427_c0108,0.0
r0427_c0109,0.0
r0427_c0110,0.0
r0427_c0111,0.0
r0427_c0112,177.78
r0427_c0113,88.89
r0427_c0114,44.44
r0427_c0115,0.0
r0427_c0119,0.0
r0427_c0121,0.0
r0427_c0122,0.0
r0427_c0123,311.11
r0427_c0126,0.0
r0427_c0127,0.0
r0427_c0128,0.0
r0427_c0129,0.0
r0427_c0130,0.0
r0427_c0131,0.0
r0427_c0132,0.0
r0427_c0133,0.0
r0427_c0134,177.78
r0427_c0135,0.0
r0427_c0136,0.0
r0427_c0137,0.0
r0427_c0138,0.0
r0427_c0139,0.0
r0427_c0140,0.0
r0427_c0141,0.0
r0427_c0142,0.0
r0427_c0143,0.0
r0427_c0144,0.0
r0427_c0145,0.0
r0427_c0146,0.0
r0427_c0147,0.0
r0427_c0148,0.0
r0427_c0149,0.0
r0427_c0150,0.0
r0427_c0151,0.0
r0427_c0158,0.0
r0427_c0159,0.0
r0427_c0160,0.0
r0427_c0161,0.0
r0427_c0164,0.0
r0427_c0165,0.0
r0427_c0166,0.0
r0427_c0172,88.89
r0427_c0173,0.0
r0427_c0174,0.0
r0427_c0175,0.0
r0427_c0176,0.0
r0427_c0177,0.0
r0427_c0178,0.0
r0427_c0179,0.0
r0427_c0180,0.0
r0427_c0181,0.0
r0427_c0182,0.0
r0427_c0183,0.0
r0427_c0184,44.44
r0427_c0185,0.0
r0427_c0241,0.0
r0427_c0242,0.0
r0427_c0243,0.0
r0427_c0244,0.0
r0428_c0041,0.0
r0428_c0042,0.0
r0428_c0043,0.0
r0428_c0049,0.0
r0428_c0055,0.0
r0428_c0056,0.0
r0428_c0057,0.0
r0428_c0058,0.0
r0428_c0059,0.0
r0428_c0060,0.0
r0428_c0066,44.44
r0428_c0068,44.44
r0428_c0069,1200.0
r0428_c0070,44.44
r0428_c0071,0.0
r0428_c0072,0.0
r0428_c0073,0.0
r0428_c0074,0.0
r0428_c0075,0.0
r0428_c0076,0.0
r0428_c0077,0.0
r0428_c0079,0.0
r0428_c0080,0.0
r0428_c0081,222.22
r0428_c0082,0.0
r0428_c0085,88.89
r0428_c0088,0.0
r0428_c0089,0.0
r0428_c0090,0.0
r0428_c0091,0.0
r0428_c0092,0.0
r0428_c0093,0.0
r0428_c0094,0.0
r0428_c0095,0.0
r0428_c0096,0.0
r0428_c0097,0.0
r0428_c0098,0.0
r0428_c0099,0.0
r0428_c0100,0.0
r0428_c0101,0.0
r0428_c0102,0.0
r0428_c0103,0.0
r0428_c0104,0.0
r0428_c0105,0.0
r0428_c0106,0.0
r0428_c0107,0.0
r0428_c0108,0.0
r0428_c0109,0.0
r0428_c0110,0.0
r0428_c0111,0.0
r0428_c0112,0.0
r0428_c0113,0.0
r0428_c0114,0.0
r0428_c0115,0.0
r0428_c0118,0.0
r0428_c0119,0.0
r0428_c0121,0.0
r0428_c0122,0.0
r0428_c0123,177.78
r0428_c0126,0.0
r0428_c0127,0.0
r0428_c0128,0.0
r0428_c0129,0.0
r0428_c0130,0.0
r0428_c0131,0.0
r0428_c0132,0.0
r0428_c0133,0.0
r0428_c0134,0.0
r0428_c0135,0.0
r0428_c0136,0.0
r0428_c0137,0.0
r0428_c0138,0.0
r0428_c0139,0.0
r0428_c0140,0.0
r0428_c0141,0.0
r0428_c0142,0.0
r0428_c0143,0.0
r0428_c0144,0.0
r0428_c0145,0.0
r0428_c0146,0.0
r0428_c0147,0.0
r0428_c0148,0.0
r0428_c0149,0.0
r0428_c0150,0.0
r0428_c0157,0.0
r0428_c0158,0.0
r0428_c0159,0.0
r0428_c0160,0.0
r0428_c0161,0.0
r0428_c0162,0.0
r0428_c0163,0.0
r0428_c0164,0.0
r0428_c0165,0.0
r0428_c0166,0.0
r0428_c0171,0.0
r0428_c0172,0.0
r0428_c0173,0.0
r0428_c0174,0.0
r0428_c0175,0.0
r0428_c0176,0.0
r0428_c0177,0.0
r0428_c0178,0.0
r0428_c0179,0.0
r0428_c0180,0.0
r0428_c0181,0.0
r0428_c0182,0.0
r0428_c0183,0.0
r0428_c0184,0.0
r0428_c0189,0.0
r0428_c0190,0.0
r0428_c0244,0.0
r0428_c0245,0.0
r0429_c0038,0.0
r0429_c0041,0.0
r0429_c0042,0.0
r0429_c0043,0.0
r0429_c0051,0.0
r0429_c0052,0.0
r0429_c0053,0.0
r0429_c0054,0.0
r0429_c0055,0.0
r0429_c0056,0.0
r0429_c0057,0.0
r0429_c0058,0.0
r0429_c0059,0.0
r0429_c0060,0.0
r0429_c0068,44.44
r0429_c0069,2311.11
r0429_c0070,88.89
r0429_c0071,0.0
r0429_c0072,0.0
r0429_c0073,0.0
r0429_c0074,0.0
r0429_c0075,0.0
r0429_c0076,0.0
r0429_c0077,0.0
r0429_c0078,0.0
r0429_c0079,0.0
r0429_c0080,0.0
r0429_c0081,0.0
r0429_c0082,311.11
r0429_c0085,0.0
r0429_c0086,88.89
r0429_c0090,0.0
r0429_c0091,0.0
r0429_c0092,0.0
r0429_c0093,0.0
r0429_c0094,0.0
r0429_c0095,0.0
r0429_c0096,0.0
r0429_c0097,0.0
r0429_c0098,0.0
r0429_c0100,0.0
r0429_c0101,0.0
r0429_c0102,0.0
r0429_c0103,0.0
r0429_c0104,0.0
r0429_c0105,0.0
r0429_c0106,0.0
r0429_c0107,0.0
r0429_c0108,0.0
r0429_c0109,0.0
r0429_c0110,0.0
r0429_c0111,0.0
r0429_c0112,0.0
r0429_c0113,0.0
r0429_c0114,0.0
r0429_c0115,0.0
r0429_c0121,0.0
r0429_c0122,0.0
r0429_c0123,0.0
r0429_c0126,0.0
r0429_c0127,0.0
r0429_c0128,0.0
r0429_c0130,0.0
r0429_c0131,0.0
r0429_c0132,0.0
r0429_c0133,0.0
r0429_c0134,0.0
r0429_c0135,0.0
r0429_c0136,0.0
r0429_c0137,0.0
r0429_c0138,0.0
r0429_c0139,0.0
r0429_c0140,0.0
r0429_c0141,0.0
r0429_c0142,0.0
r0429_c0143,0.0
r0429_c0144,0.0
r0429_c0145,0.0
r0429_c0146,0.0
r0429_c0147,0.0
r0429_c0148,0.0
r0429_c0149,0.0
r0429_c0156,0.0
r0429_c0157,0.0
r0429_c0158,0.0
r0429_c0159,0.0
r0429_c0160,0.0
r0429_c0161,0.0
r0429_c0162,0.0
r0429_c0163,0.0
r0429_c0164,0.0
r0429_c0165,0.0
r0429_c0170,133.33
r0429_c0171,0.0
r0429_c0172,0.0
r0429_c0173,0.0
r0429_c0174,0.0
r0429_c0175,0.0
r0429_c0176,0.0
r0429_c0177,0.0
r0429_c0178,0.0
r0429_c0179,0.0
r0429_c0180,0.0
r0429_c0181,0.0
r0429_c0182,0.0
r0429_c0183,0.0
r0429_c0184,0.0
r0429_c0189,0.0
r0429_c0190,44.44
r0429_c0191,0.0
r0429_c0244,0.0
r0429_c0245,0.0
r0429_c0246,0.0
r0430_c0024,44.44
r0430_c0037,0.0
r0430_c0038,0.0
r0430_c0049,0.0
r0430_c0050,0.0
r0430_c0051,0.0
r0430_c0052,0.0
r0430_c0053,0.0
r0430_c0054,0.0
r0430_c0055,0.0
r0430_c0056,0.0
r0430_c0057,0.0
r0430_c0068,0.0
r0430_c0069,888.89
r0430_c0070,44.44
r0430_c0071,0.0
r0430_c0072,0.0
r0430_c0073,0.0
r0430_c0074,0.0
r0430_c0075,0.0
r0430_c0076,0.0
r0430_c0077,0.0
r0430_c0078,0.0
r0430_c0079,0.0
r0430_c0080,0.0
r0430_c0081,0.0
r0430_c0090,0.0
r0430_c0091,0.0
r0430_c0092,0.0
r0430_c0093,0.0
r0430_c0094,0.0
r0430_c0095,0.0
r0430_c0096,0.0
r0430_c0097,0.0
r0430_c0098,0.0
r0430_c0101,0.0
r0430_c0102,0.0
r0430_c0103,0.0
r0430_c0104,0.0
r0430_c0105,0.0
r0430_c0106,0.0
r0430_c0107,0.0
r0430_c0108,0.0
r0430_c0109,0.0
r0430_c0110,0.0
r0430_c0111,0.0
r0430_c0112,0.0
r0430_c0113,0.0
r0430_c0114,0.0
r0430_c0115,0.0
r0430_c0116,0.0
r0430_c0117,0.0
r0430_c0118,0.0
r0430_c0123,0.0
r0430_c0126,0.0
r0430_c0127,0.0
r0430_c0130,0.0
r0430_c0131,0.0
r0430_c0132,0.0
r0430_c0133,0.0
r0430_c0134,0.0
r0430_c0135,0.0
r0430_c0136,0.0
r0430_c0137,0.0
r0430_c0138,0.0
r0430_c0139,0.0
r0430_c0140,0.0
r0430_c0141,0.0
r0430_c0142,0.0
r0430_c0143,0.0
r0430_c0144,0.0
r0430_c0145,0.0
r0430_c0146,0.0
r0430_c0147,0.0
r0430_c0156,0.0
r0430_c0157,0.0
r0430_c0158,0.0
r0430_c0159,0.0
r0430_c0160,0.0
r0430_c0161,0.0
r0430_c0162,0.0
r0430_c0163,0.0
r0430_c0169,0.0
r0430_c0170,0.0
r0430_c0171,0.0
r0430_c0172,0.0
r0430_c0173,0.0
r0430_c0174,0.0
r0430_c0175,0.0
r0430_c0176,0.0
r0430_c0177,0.0
r0430_c0178,0.0
r0430_c0179,0.0
r0430_c0180,0.0
r0430_c0181,0.0
r0430_c0182,0.0
r0430_c0183,0.0
r0430_c0243,0.0
r0430_c0244,0.0
r0430_c0245,0.0
r0430_c0246,44.44
r0431_c0037,0.0
r0431_c0038,0.0
r0431_c0047,0.0
r0431_c0049,0.0
r0431_c0050,0.0
r0431_c0051,0.0
r0431_c0052,0.0
r0431_c0053,0.0
r0431_c0054,0.0
r0431_c0055,0.0
r0431_c0056,0.0
r0431_c0057,0.0
r0431_c0068,44.44
r0431_c0069,0.0
r0431_c0070,44.44
r0431_c0071,0.0
r0431_c0072,0.0
r0431_c0073,0.0
r0431_c0074,0.0
r0431_c0075,0.0
r0431_c0076,0.0
r0431_c0077,0.0
r0431_c0078,0.0
r0431_c0079,0.0
r0431_c0080,0.0
r0431_c0081,44.44
r0431_c0082,0.0
r0431_c0085,44.44
r0431_c0087,0.0
r0431_c0090,0.0
r0431_c0091,0.0
r0431_c0092,0.0
r0431_c0093,0.0
r0431_c0094,0.0
r0431_c0095,0.0
r0431_c0096,0.0
r0431_c0097,0.0
r0431_c0098,0.0
r0431_c0101,0.0
r0431_c0102,0.0
r0431_c0103,0.0
r0431_c0104,0.0
r0431_c0105,0.0
r0431_c0106,0.0
r0431_c0107,0.0
r0431_c0108,0.0
r0431_c0109,0.0
r0431_c0110,0.0
r0431_c0111,0.0
r0431_c0112,0.0
r0431_c0113,0.0
r0431_c0114,0.0
r0431_c0116,0.0
r0431_c0117,0.0
r0431_c0118,0.0
r0431_c0121,0.0
r0431_c0123,0.0
r0431_c0126,0.0
r0431_c0127,0.0
r0431_c0128,0.0
r0431_c0129,0.0
r0431_c0131,0.0
r0431_c0132,0.0
r0431_c0133,0.0
r0431_c0134,0.0
r0431_c0135,0.0
r0431_c0136,0.0
r0431_c0137,0.0
r0431_c0138,0.0
r0431_c0139,0.0
r0431_c0140,0.0
r0431_c0141,0.0
r0431_c0142,0.0
r0431_c0143,0.0
r0431_c0144,0.0
r0431_c0145,0.0
r0431_c0146,0.0
r0431_c0147,0.0
r0431_c0148,0.0
r0431_c0157,0.0
r0431_c0158,0.0
r0431_c0159,0.0
r0431_c0160,0.0
r0431_c0161,0.0
r0431_c0162,0.0
r0431_c0163,0.0
r0431_c0164,0.0
r0431_c0170,0.0
r0431_c0171,0.0
r0431_c0172,0.0
r0431_c0173,0.0
r0431_c0174,0.0
r0431_c0175,0.0
r0431_c0176,0.0
r0431_c0177,0.0
r0431_c0178,0.0
r0431_c0179,0.0
r0431_c0180,0.0
r0431_c0181,0.0
r0431_c0182,0.0
r0431_c0243,0.0
r0431_c0244,44.44
r0431_c0247,222.22
r0432_c0036,0.0
r0432_c0037,0.0
r0432_c0038,0.0
r0432_c0050,44.44
r0432_c0051,0.0
r0432_c0052,0.0
r0432_c0053,0.0
r0432_c0054,44.44
r0432_c0055,0.0
r0432_c0056,0.0
r0432_c0057,0.0
r0432_c0058,0.0
r0432_c0059,0.0
r0432_c0060,0.0
r0432_c0061,0.0
r0432_c0062,0.0
r0432_c0063,0.0
r0432_c0064,0.0
r0432_c0065,0.0
r0432_c0066,44.44
r0432_c0067,133.33
r0432_c0068,0.0
r0432_c0069,0.0
r0432_c0070,44.44
r0432_c0071,0.0
r0432_c0072,0.0
r0432_c0073,0.0
r0432_c0074,0.0
r0432_c0075,0.0
r0432_c0076,0.0
r0432_c0077,0.0
r0432_c0078,0.0
r0432_c0079,0.0
r0432_c0080,0.0
r0432_c0081,44.44
r0432_c0082,44.44
r0432_c0090,0.0
r0432_c0091,0.0
r0432_c0092,0.0
r0432_c0093,0.0
r0432_c0094,0.0
r0432_c0095,0.0
r0432_c0096,0.0
r0432_c0097,0.0
r0432_c0098,0.0
r0432_c0099,0.0
r0432_c0100,0.0
r0432_c0101,0.0
r0432_c0102,0.0
r0432_c0103,0.0
r0432_c0104,0.0
r0432_c0105,0.0
r0432_c0106,0.0
r0432_c0107,0.0
r0432_c0108,0.0
r0432_c0109,0.0
r0432_c0110,0.0
r0432_c0111,0.0
r0432_c0112,0.0
r0432_c0113,0.0
r0432_c0114,0.0
r0432_c0115,0.0
r0432_c0116,0.0
r0432_c0117,0.0
r0432_c0118,0.0
r0432_c0121,0.0
r0432_c0123,88.89
r0432_c0126,0.0
r0432_c0127,44.44
r0432_c0128,0.0
r0432_c0129,0.0
r0432_c0130,0.0
r0432_c0131,0.0
r0432_c0132,0.0
r0432_c0133,133.33
r0432_c0134,355.56
r0432_c0135,0.0
r0432_c0136,0.0
r0432_c0137,0.0
r0432_c0138,0.0
r0432_c0139,0.0
r0432_c0140,0.0
r0432_c0141,0.0
r0432_c0142,0.0
r0432_c0143,0.0
r0432_c0144,0.0
r0432_c0145,0.0
r0432_c0146,0.0
r0432_c0147,0.0
r0432_c0148,0.0
r0432_c0149,88.89
r0432_c0158,0.0
r0432_c0159,0.0
r0432_c0160,0.0
r0432_c0161,0.0
r0432_c0162,0.0
r0432_c0163,0.0
r0432_c0164,0.0
r0432_c0171,0.0
r0432_c0172,0.0
r0432_c0173,0.0
r0432_c0174,0.0
r0432_c0175,0.0
r0432_c0176,0.0
r0432_c0177,0.0
r0432_c0178,0.0
r0432_c0179,0.0
r0432_c0180,0.0
r0432_c0181,0.0
r0432_c0182,0.0
r0432_c0243,0.0
r0432_c0244,44.44
r0432_c0245,88.89
r0432_c0246,44.44
r0432_c0247,0.0
r0433_c0036,0.0
r0433_c0037,0.0
r0433_c0038,0.0
r0433_c0042,44.44
r0433_c0046,0.0
r0433_c0052,0.0
r0433_c0053,0.0
r0433_c0054,0.0
r0433_c0055,0.0
r0433_c0056,0.0
r0433_c0057,0.0
r0433_c0058,0.0
r0433_c0059,0.0
r0433_c0060,0.0
r0433_c0061,0.0
r0433_c0062,0.0
r0433_c0063,0.0
r0433_c0064,0.0
r0433_c0065,0.0
r0433_c0066,0.0
r0433_c0067,0.0
r0433_c0068,0.0
r0433_c0069,0.0
r0433_c0070,0.0
r0433_c0071,0.0
r0433_c0072,0.0
r0433_c0073,0.0
r0433_c0074,0.0
r0433_c0075,0.0
r0433_c0076,0.0
r0433_c0077,0.0
r0433_c0078,0.0
r0433_c0079,0.0
r0433_c0080,0.0
r0433_c0081,222.22
r0433_c0082,0.0
r0433_c0091,0.0
r0433_c0092,0.0
r0433_c0093,0.0
r0433_c0094,0.0
r0433_c0095,0.0
r0433_c0096,0.0
r0433_c0097,0.0
r0433_c0098,0.0
r0433_c0099,0.0
r0433_c0100,0.0
r0433_c0101,0.0
r0433_c0102,0.0
r0433_c0103,0.0
r0433_c0104,0.0
r0433_c0105,0.0
r0433_c0106,0.0
r0433_c0107,0.0
r0433_c0108,0.0
r0433_c0109,0.0
r0433_c0110,0.0
r0433_c0111,0.0
r0433_c0112,0.0
r0433_c0118,0.0
r0433_c0119,0.0
r0433_c0123,0.0
r0433_c0124,0.0
r0433_c0131,0.0
r0433_c0132,0.0
r0433_c0133,0.0
r0433_c0134,0.0
r0433_c0135,0.0
r0433_c0136,0.0
r0433_c0137,0.0
r0433_c0138,0.0
r0433_c0139,0.0
r0433_c0140,0.0
r0433_c0141,0.0
r0433_c0142,0.0
r0433_c0143,0.0
r0433_c0144,0.0
r0433_c0145,0.0
r0433_c0146,0.0
r0433_c0147,0.0
r0433_c0148,0.0
r0433_c0149,0.0
r0433_c0150,0.0
r0433_c0153,0.0
r0433_c0154,44.44
r0433_c0160,0.0
r0433_c0161,0.0
r0433_c0162,0.0
r0433_c0163,0.0
r0433_c0164,0.0
r0433_c0165,0.0
r0433_c0172,0.0
r0433_c0173,0.0
r0433_c0174,0.0
r0433_c0175,0.0
r0433_c0176,0.0
r0433_c0177,0.0
r0433_c0178,0.0
r0433_c0179,0.0
r0433_c0180,0.0
r0433_c0181,0.0
r0433_c0243,0.0
r0433_c0244,0.0
r0433_c0245,0.0
r0433_c0246,0.0
r0433_c0247,0.0
r0434_c0036,0.0
r0434_c0037,0.0
r0434_c0042,0.0
r0434_c0052,0.0
r0434_c0053,0.0
r0434_c0054,0.0
r0434_c0055,0.0
r0434_c0056,0.0
r0434_c0057,0.0
r0434_c0058,0.0
r0434_c0059,0.0
r0434_c0060,0.0
r0434_c0061,0.0
r0434_c0062,0.0
r0434_c0063,0.0
r0434_c0064,0.0
r0434_c0065,0.0
r0434_c0066,0.0
r0434_c0067,0.0
r0434_c0068,0.0
r0434_c0069,0.0
r0434_c0070,0.0
r0434_c0071,0.0
r0434_c0072,0.0
r0434_c0073,0.0
r0434_c0074,0.0
r0434_c0075,0.0
r0434_c0076,0.0
r0434_c0077,0.0
r0434_c0078,0.0
r0434_c0079,0.0
r0434_c0080,0.0
r0434_c0081,0.0
r0434_c0082,0.0
r0434_c0083,0.0
r0434_c0084,0.0
r0434_c0085,0.0
r0434_c0086,0.0
r0434_c0091,0.0
r0434_c0092,0.0
r0434_c0093,0.0
r0434_c0094,0.0
r0434_c0095,0.0
r0434_c0096,0.0
r0434_c0097,0.0
r0434_c0098,0.0
r0434_c0099,0.0
r0434_c0100,0.0
r0434_c0101,0.0
r0434_c0102,0.0
r0434_c0103,0.0
r0434_c0104,0.0
r0434_c0105,0.0
r0434_c0106,0.0
r0434_c0107,0.0
r0434_c0108,0.0
r0434_c0109,0.0
r0434_c0110,0.0
r0434_c0111,0.0
r0434_c0112,0.0
r0434_c0123,0.0
r0434_c0124,0.0
r0434_c0130,0.0
r0434_c0131,0.0
r0434_c0132,0.0
r0434_c0133,0.0
r0434_c0134,44.44
r0434_c0135,0.0
r0434_c0136,0.0
r0434_c0137,0.0
r0434_c0138,0.0
r0434_c0139,0.0
r0434_c0140,0.0
r0434_c0141,0.0
r0434_c0142,0.0
r0434_c0143,0.0
r0434_c0144,0.0
r0434_c0145,0.0
r0434_c0146,0.0
r0434_c0147,0.0
r0434_c0148,0.0
r0434_c0149,0.0
r0434_c0150,0.0
r0434_c0152,44.44
r0434_c0153,88.89
r0434_c0154,0.0
r0434_c0161,0.0
r0434_c0162,0.0
r0434_c0163,0.0
r0434_c0164,0.0
r0434_c0173,0.0
r0434_c0174,0.0
r0434_c0175,0.0
r0434_c0176,0.0
r0434_c0177,0.0
r0434_c0178,0.0
r0434_c0179,0.0
r0434_c0180,0.0
r0434_c0181,0.0
r0434_c0182,0.0
r0434_c0243,577.78
r0434_c0244,0.0
r0434_c0245,0.0
r0434_c0246,0.0
r0434_c0247,0.0
r0435_c0036,0.0
r0435_c0037,0.0
r0435_c0052,0.0
r0435_c0053,0.0
r0435_c0055,0.0
r0435_c0056,0.0
r0435_c0057,0.0
r0435_c0058,0.0
r0435_c0059,0.0
r0435_c0060,0.0
r0435_c0061,0.0
r0435_c0062,0.0
r0435_c0063,0.0
r0435_c0064,0.0
r0435_c0065,0.0
r0435_c0066,0.0
r0435_c0067,0.0
r0435_c0068,0.0
r0435_c0069,0.0
r0435_c0070,0.0
r0435_c0071,0.0
r0435_c0072,0.0
r0435_c0073,0.0
r0435_c0074,0.0
r0435_c0075,0.0
r0435_c0076,0.0
r0435_c0077,0.0
r0435_c0078,0.0
r0435_c0079,0.0
r0435_c0080,0.0
r0435_c0081,0.0
r0435_c0082,0.0
r0435_c0083,0.0
r0435_c0084,0.0
r0435_c0085,0.0
r0435_c0086,0.0
r0435_c0087,0.0
r0435_c0088,0.0
r0435_c0089,0.0
r0435_c0092,0.0
r0435_c0093,0.0
r0435_c0094,0.0
r0435_c0095,0.0
r0435_c0096,0.0
r0435_c0097,0.0
r0435_c0098,0.0
r0435_c0099,0.0
r0435_c0100,0.0
r0435_c0101,0.0
r0435_c0102,0.0
r0435_c0103,0.0
r0435_c0104,0.0
r0435_c0105,0.0
r0435_c0106,0.0
r0435_c0107,0.0
r0435_c0108,0.0
r0435_c0109,0.0
r0435_c0110,0.0
r0435_c0111,0.0
r0435_c0112,0.0
r0435_c0130,0.0
r0435_c0131,0.0
r0435_c0132,0.0
r0435_c0133,0.0
r0435_c0134,88.89
r0435_c0135,0.0
r0435_c0136,44.44
r0435_c0137,0.0
r0435_c0138,0.0
r0435_c0139,0.0
r0435_c0140,0.0
r0435_c0141,0.0
r0435_c0142,0.0
r0435_c0144,0.0
r0435_c0145,0.0
r0435_c0146,0.0
r0435_c0147,0.0
r0435_c0148,0.0
r0435_c0149,0.0
r0435_c0150,0.0
r0435_c0151,0.0
r0435_c0152,0.0
r0435_c0153,44.44
r0435_c0162,0.0
r0435_c0163,0.0
r0435_c0164,0.0
r0435_c0174,0.0
r0435_c0176,0.0
r0435_c0177,0.0
r0435_c0178,0.0
r0435_c0179,0.0
r0435_c0180,0.0
r0435_c0181,0.0
r0435_c0182,0.0
r0435_c0244,0.0
r0435_c0245,0.0
r0435_c0246,0.0
r0435_c0247,0.0
r0436_c0036,0.0
r0436_c0037,0.0
r0436_c0038,0.0
r0436_c0040,0.0
r0436_c0041,0.0
r0436_c0052,0.0
r0436_c0053,0.0
r0436_c0054,88.89
r0436_c0055,0.0
r0436_c0056,0.0
r0436_c0057,0.0
r0436_c0058,0.0
r0436_c0059,0.0
r0436_c0060,0.0
r0436_c0061,0.0
r0436_c0062,0.0
r0436_c0063,0.0
r0436_c0064,0.0
r0436_c0065,0.0
r0436_c0066,0.0
r0436_c0067,0.0
r0436_c0068,0.0
r0436_c0069,0.0
r0436_c0070,0.0
r0436_c0071,0.0
r0436_c0072,0.0
r0436_c0073,0.0
r0436_c0074,0.0
r0436_c0076,0.0
r0436_c0077,0.0
r0436_c0078,0.0
r0436_c0079,0.0
r0436_c0080,0.0
r0436_c0081,0.0
r0436_c0082,0.0
r0436_c0083,0.0
r0436_c0084,0.0
r0436_c0085,0.0
r0436_c0086,0.0
r0436_c0087,0.0
r0436_c0088,0.0
r0436_c0089,0.0
r0436_c0092,0.0
r0436_c0093,0.0
r0436_c0094,0.0
r0436_c0095,0.0
r0436_c0096,0.0
r0436_c0097,0.0
r0436_c0098,0.0
r0436_c0099,0.0
r0436_c0100,0.0
r0436_c0101,0.0
r0436_c0102,0.0
r0436_c0103,0.0
r0436_c0104,0.0
r0436_c0105,0.0
r0436_c0106,0.0
r0436_c0107,0.0
r0436_c0108,0.0
r0436_c0109,0.0
r0436_c0110,0.0
r0436_c0111,0.0
r0436_c0112,0.0
r0436_c0119,0.0
r0436_c0130,0.0
r0436_c0132,0.0
r0436_c0133,0.0
r0436_c0134,0.0
r0436_c0135,0.0
r0436_c0136,177.78
r0436_c0137,44.44
r0436_c0138,0.0
r0436_c0139,0.0
r0436_c0140,0.0
r0436_c0145,0.0
r0436_c0146,0.0
r0436_c0147,0.0
r0436_c0148,0.0
r0436_c0150,0.0
r0436_c0151,0.0
r0436_c0152,0.0
r0436_c0153,0.0
r0436_c0154,0.0
r0436_c0163,0.0
r0436_c0173,0.0
r0436_c0174,0.0
r0436_c0175,0.0
r0436_c0176,0.0
r0436_c0177,0.0
r0436_c0178,0.0
r0436_c0181,0.0
r0436_c0244,0.0
r0436_c0245,0.0
r0436_c0246,0.0
r0437_c0036,0.0
r0437_c0037,0.0
r0437_c0038,222.22
r0437_c0039,0.0
r0437_c0040,0.0
r0437_c0041,0.0
r0437_c0049,44.44
r0437_c0052,0.0
r0437_c0053,0.0
r0437_c0054,0.0
r0437_c0055,44.44
r0437_c0056,0.0
r0437_c0057,0.0
r0437_c0058,0.0
r0437_c0059,0.0
r0437_c0060,0.0
r0437_c0061,0.0
r0437_c0062,0.0
r0437_c0063,0.0
r0437_c0064,0.0
r0437_c0065,0.0
r0437_c0066,0.0
r0437_c0067,0.0
r0437_c0068,0.0
r0437_c0069,0.0
r0437_c0070,0.0
r0437_c0071,0.0
r0437_c0072,0.0
r0437_c0073,0.0
r0437_c0074,0.0
r0437_c0075,0.0
r0437_c0076,0.0
r0437_c0077,0.0
r0437_c0078,0.0
r0437_c0079,0.0
r0437_c0080,0.0
r0437_c0081,0.0
r0437_c0082,0.0
r0437_c0083,0.0
r0437_c0084,0.0
r0437_c0085,0.0
r0437_c0086,0.0
r0437_c0087,0.0
r0437_c0088,0.0
r0437_c0089,0.0
r0437_c0092,44.44
r0437_c0093,0.0
r0437_c0094,0.0
r0437_c0095,0.0
r0437_c0096,0.0
r0437_c0097,0.0
r0437_c0098,0.0
r0437_c0099,0.0
r0437_c0100,0.0
r0437_c0101,0.0
r0437_c0102,0.0
r0437_c0103,0.0
r0437_c0104,0.0
r0437_c0105,0.0
r0437_c0106,0.0
r0437_c0107,0.0
r0437_c0108,0.0
r0437_c0109,0.0
r0437_c0110,0.0
r0437_c0132,0.0
r0437_c0133,0.0
r0437_c0134,0.0
r0437_c0135,0.0
r0437_c0136,0.0
r0437_c0137,0.0
r0437_c0138,0.0
r0437_c0139,0.0
r0437_c0140,0.0
r0437_c0146,0.0
r0437_c0147,0.0
r0437_c0151,0.0
r0437_c0152,0.0
r0437_c0153,0.0
r0437_c0154,0.0
r0437_c0155,0.0
r0437_c0172,0.0
r0437_c0173,0.0
r0437_c0174,0.0
r0437_c0175,0.0
r0437_c0176,0.0
r0437_c0177,0.0
r0437_c0178,0.0
r0437_c0179,0.0
r0437_c0245,0.0
r0437_c0246,0.0
r0438_c0033,0.0
r0438_c0034,0.0
r0438_c0035,0.0
r0438_c0036,0.0
r0438_c0037,0.0
r0438_c0038,88.89
r0438_c0042,0.0
r0438_c0045,177.78
r0438_c0046,0.0
r0438_c0049,88.89
r0438_c0050,0.0
r0438_c0051,0.0
r0438_c0052,0.0
r0438_c0053,0.0
r0438_c0055,0.0
r0438_c0056,0.0
r0438_c0057,0.0
r0438_c0058,0.0
r0438_c0059,0.0
r0438_c0060,0.0
r0438_c0061,0.0
r0438_c0062,0.0
r0438_c0063,0.0
r0438_c0064,0.0
r0438_c0065,0.0
r0438_c0066,0.0
r0438_c0067,0.0
r0438_c0068,0.0
r0438_c0069,0.0
r0438_c0070,0.0
r0438_c0073,0.0
r0438_c0074,0.0
r0438_c0075,0.0
r0438_c0076,0.0
r0438_c0077,0.0
r0438_c0078,0.0
r0438_c0079,0.0
r0438_c0080,0.0
r0438_c0081,0.0
r0438_c0082,0.0
r0438_c0083,0.0
r0438_c0084,0.0
r0438_c0085,0.0
r0438_c0086,0.0
r0438_c0087,0.0
r0438_c0088,0.0
r0438_c0089,0.0
r0438_c0093,0.0
r0438_c0094,0.0
r0438_c0095,0.0
r0438_c0096,0.0
r0438_c0097,0.0
r0438_c0098,0.0
r0438_c0099,0.0
r0438_c0100,0.0
r0438_c0101,0.0
r0438_c0102,88.89
r0438_c0103,0.0
r0438_c0104,0.0
r0438_c0105,0.0
r0438_c0106,0.0
r0438_c0107,0.0
r0438_c0108,0.0
r0438_c0109,0.0
r0438_c0110,0.0
r0438_c0111,0.0
r0438_c0112,0.0
r0438_c0113,0.0
r0438_c0114,0.0
r0438_c0115,0.0
r0438_c0116,0.0
r0438_c0117,0.0
r0438_c0118,0.0
r0438_c0119,0.0
r0438_c0121,0.0
r0438_c0122,0.0
r0438_c0123,355.56
r0438_c0124,44.44
r0438_c0125,0.0
r0438_c0126,0.0
r0438_c0127,0.0
r0438_c0128,0.0
r0438_c0129,0.0
r0438_c0130,0.0
r0438_c0131,0.0
r0438_c0132,0.0
r0438_c0133,0.0
r0438_c0134,0.0
r0438_c0135,0.0
r0438_c0136,0.0
r0438_c0137,0.0
r0438_c0138,0.0
r0438_c0152,0.0
r0438_c0153,0.0
r0438_c0154,0.0
r0438_c0155,0.0
r0438_c0156,0.0
r0438_c0162,0.0
r0438_c0163,0.0
r0438_c0164,0.0
r0438_c0165,0.0
r0438_c0171,0.0
r0438_c0172,44.44
r0438_c0173,0.0
r0438_c0174,0.0
r0438_c0175,0.0
r0438_c0176,0.0
r0438_c0177,0.0
r0438_c0180,0.0
r0438_c0244,0.0
r0438_c0245,0.0
r0438_c0246,0.0
r0439_c0033,0.0
r0439_c0034,0.0
r0439_c0035,0.0
r0439_c0036,0.0
r0439_c0037,0.0
r0439_c0038,0.0
r0439_c0042,0.0
r0439_c0047,0.0
r0439_c0050,0.0
r0439_c0051,0.0
r0439_c0052,0.0
r0439_c0053,0.0
r0439_c0054,0.0
r0439_c0055,0.0
r0439_c0056,0.0
r0439_c0057,0.0
r0439_c0058,0.0
r0439_c0059,0.0
r0439_c0060,0.0
r0439_c0061,0.0
r0439_c0062,0.0
r0439_c0063,0.0
r0439_c0064,0.0
r0439_c0065,0.0
r0439_c0066,0.0
r0439_c0067,0.0
r0439_c0068,0.0
r0439_c0069,0.0
r0439_c0070,0.0
r0439_c0071,0.0
r0439_c0072,0.0
r0439_c0073,0.0
r0439_c0074,0.0
r0439_c0075,0.0
r0439_c0076,0.0
r0439_c0077,0.0
r0439_c0078,0.0
r0439_c0079,0.0
r0439_c0080,0.0
r0439_c0081,0.0
r0439_c0082,0.0
r0439_c0083,0.0
r0439_c0084,0.0
r0439_c0085,0.0
r0439_c0086,0.0
r0439_c0087,0.0
r0439_c0088,0.0
r0439_c0089,0.0
r0439_c0092,0.0
r0439_c0093,0.0
r0439_c0094,0.0
r0439_c0095,0.0
r0439_c0096,0.0
r0439_c0097,0.0
r0439_c0098,0.0
r0439_c0099,0.0
r0439_c0100,0.0
r0439_c0101,0.0
r0439_c0102,0.0
r0439_c0103,0.0
r0439_c0104,0.0
r0439_c0105,0.0
r0439_c0106,0.0
r0439_c0107,0.0
r0439_c0108,0.0
r0439_c0109,0.0
r0439_c0110,0.0
r0439_c0111,0.0
r0439_c0112,0.0
r0439_c0113,0.0
r0439_c0114,0.0
r0439_c0115,0.0
r0439_c0116,0.0
r0439_c0118,0.0
r0439_c0119,0.0
r0439_c0121,0.0
r0439_c0122,0.0
r0439_c0123,0.0
r0439_c0124,0.0
r0439_c0125,0.0
r0439_c0126,0.0
r0439_c0127,0.0
r0439_c0128,0.0
r0439_c0129,0.0
r0439_c0130,0.0
r0439_c0131,0.0
r0439_c0132,0.0
r0439_c0133,0.0
r0439_c0135,0.0
r0439_c0152,0.0
r0439_c0153,0.0
r0439_c0154,0.0
r0439_c0155,0.0
r0439_c0156,0.0
r0439_c0157,0.0
r0439_c0161,133.33
r0439_c0162,0.0
r0439_c0163,0.0
r0439_c0164,0.0
r0439_c0165,0.0
r0439_c0166,0.0
r0439_c0172,0.0
r0439_c0173,0.0
r0439_c0174,0.0
r0439_c0175,0.0
r0439_c0176,0.0
r0439_c0177,0.0
r0439_c0178,0.0
r0439_c0181,0.0
r0440_c0033,0.0
r0440_c0034,0.0
r0440_c0035,0.0
r0440_c0036,0.0
r0440_c0037,0.0
r0440_c0038,0.0
r0440_c0042,0.0
r0440_c0052,0.0
r0440_c0053,0.0
r0440_c0054,0.0
r0440_c0055,0.0
r0440_c0056,0.0
r0440_c0057,0.0
r0440_c0058,0.0
r0440_c0059,0.0
r0440_c0060,0.0
r0440_c0061,0.0
r0440_c0062,0.0
r0440_c0063,0.0
r0440_c0065,0.0
r0440_c0066,0.0
r0440_c0067,0.0
r0440_c0068,0.0
r0440_c0069,0.0
r0440_c0070,0.0
r0440_c0071,0.0
r0440_c0072,0.0
r0440_c0073,0.0
r0440_c0074,0.0
r0440_c0075,0.0
r0440_c0076,0.0
r0440_c0077,0.0
r0440_c0078,0.0
r0440_c0079,0.0
r0440_c0080,0.0
r0440_c0081,0.0
r0440_c0084,0.0
r0440_c0087,0.0
r0440_c0088,0.0
r0440_c0089,0.0
r0440_c0092,0.0
r0440_c0093,0.0
r0440_c0094,0.0
r0440_c0095,0.0
r0440_c0096,0.0
r0440_c0097,0.0
r0440_c0098,0.0
r0440_c0099,0.0
r0440_c0100,0.0
r0440_c0101,0.0
r0440_c0102,0.0
r0440_c0103,0.0
r0440_c0104,0.0
r0440_c0105,0.0
r0440_c0106,0.0
r0440_c0107,0.0
r0440_c0108,0.0
r0440_c0109,0.0
r0440_c0110,0.0
r0440_c0111,0.0
r0440_c0112,0.0
r0440_c0113,0.0
r0440_c0114,0.0
r0440_c0115,0.0
r0440_c0116,0.0
r0440_c0117,0.0
r0440_c0118,0.0
r0440_c0119,0.0
r0440_c0121,0.0
r0440_c0122,0.0
r0440_c0123,44.44
r0440_c0124,0.0
r0440_c0125,0.0
r0440_c0126,0.0
r0440_c0127,0.0
r0440_c0128,0.0
r0440_c0129,0.0
r0440_c0130,0.0
r0440_c0131,0.0
r0440_c0132,0.0
r0440_c0152,0.0
r0440_c0153,0.0
r0440_c0154,0.0
r0440_c0155,0.0
r0440_c0156,0.0
r0440_c0157,0.0
r0440_c0158,0.0
r0440_c0160,0.0
r0440_c0161,0.0
r0440_c0162,0.0
r0440_c0163,0.0
r0440_c0164,0.0
r0440_c0165,0.0
r0440_c0166,0.0
r0440_c0167,0.0
r0440_c0172,0.0
r0440_c0173,0.0
r0440_c0174,0.0
r0440_c0175,0.0
r0440_c0176,0.0
r0440_c0177,0.0
r0440_c0178,0.0
r0440_c0182,88.89
r0441_c0034,0.0
r0441_c0035,0.0
r0441_c0036,0.0
r0441_c0037,0.0
r0441_c0038,0.0
r0441_c0052,0.0
r0441_c0053,0.0
r0441_c0054,0.0
r0441_c0055,0.0
r0441_c0056,0.0
r0441_c0057,0.0
r0441_c0058,0.0
r0441_c0059,0.0
r0441_c0060,0.0
r0441_c0061,0.0
r0441_c0062,0.0
r0441_c0066,0.0
r0441_c0067,0.0
r0441_c0068,0.0
r0441_c0069,0.0
r0441_c0070,0.0
r0441_c0071,0.0
r0441_c0072,0.0
r0441_c0073,0.0
r0441_c0074,0.0
r0441_c0075,0.0
r0441_c0076,0.0
r0441_c0077,0.0
r0441_c0078,0.0
r0441_c0079,0.0
r0441_c0080,0.0
r0441_c0081,0.0
r0441_c0082,0.0
r0441_c0085,0.0
r0441_c0089,0.0
r0441_c0090,0.0
r0441_c0091,0.0
r0441_c0092,0.0
r0441_c0093,0.0
r0441_c0094,0.0
r0441_c0096,0.0
r0441_c0097,0.0
r0441_c0098,0.0
r0441_c0099,0.0
r0441_c0100,0.0
r0441_c0101,0.0
r0441_c0102,44.44
r0441_c0103,0.0
r0441_c0104,0.0
r0441_c0105,0.0
r0441_c0107,0.0
r0441_c0108,0.0
r0441_c0109,0.0
r0441_c0110,0.0
r0441_c0111,0.0
r0441_c0112,0.0
r0441_c0113,0.0
r0441_c0114,0.0
r0441_c0115,0.0
r0441_c0116,0.0
r0441_c0117,0.0
r0441_c0118,0.0
r0441_c0119,0.0
r0441_c0121,0.0
r0441_c0122,0.0
r0441_c0123,222.22
r0441_c0124,0.0
r0441_c0125,0.0
r0441_c0126,0.0
r0441_c0127,0.0
r0441_c0128,0.0
r0441_c0129,0.0
r0441_c0130,0.0
r0441_c0131,0.0
r0441_c0132,0.0
r0441_c0151,0.0
r0441_c0152,0.0
r0441_c0153,0.0
r0441_c0154,0.0
r0441_c0155,0.0
r0441_c0156,0.0
r0441_c0157,0.0
r0441_c0158,0.0
r0441_c0160,0.0
r0441_c0161,0.0
r0441_c0162,0.0
r0441_c0163,0.0
r0441_c0164,0.0
r0441_c0165,0.0
r0441_c0166,0.0
r0441_c0167,0.0
r0441_c0168,0.0
r0441_c0172,0.0
r0441_c0173,0.0
r0441_c0174,0.0
r0441_c0175,0.0
r0441_c0176,0.0
r0441_c0177,0.0
r0441_c0178,0.0
r0441_c0183,0.0
r0441_c0212,0.0
r0441_c0213,0.0
r0441_c0214,0.0
r0441_c0215,0.0
r0441_c0216,0.0
r0442_c0034,0.0
r0442_c0035,0.0
r0442_c0036,0.0
r0442_c0037,0.0
r0442_c0038,0.0
r0442_c0052,0.0
r0442_c0053,0.0
r0442_c0054,0.0
r0442_c0055,44.44
r0442_c0056,0.0
r0442_c0057,0.0
r0442_c0058,0.0
r0442_c0059,0.0
r0442_c0060,0.0
r0442_c0061,0.0
r0442_c0062,0.0
r0442_c0066,0.0
r0442_c0067,0.0
r0442_c0068,0.0
r0442_c0069,0.0
r0442_c0070,0.0
r0442_c0071,0.0
r0442_c0072,0.0
r0442_c0073,0.0
r0442_c0074,0.0
r0442_c0075,0.0
r0442_c0076,0.0
r0442_c0077,0.0
r0442_c0078,0.0
r0442_c0080,44.44
r0442_c0081,44.44
r0442_c0082,44.44
r0442_c0083,0.0
r0442_c0085,0.0
r0442_c0086,0.0
r0442_c0089,0.0
r0442_c0090,0.0
r0442_c0091,0.0
r0442_c0092,0.0
r0442_c0093,0.0
r0442_c0094,0.0
r0442_c0095,0.0
r0442_c0096,0.0
r0442_c0097,0.0
r0442_c0098,0.0
r0442_c0099,0.0
r0442_c0100,0.0
r0442_c0101,0.0
r0442_c0102,0.0
r0442_c0103,88.89
r0442_c0104,0.0
r0442_c0105,0.0
r0442_c0106,0.0
r0442_c0107,0.0
r0442_c0108,0.0
r0442_c0109,0.0
r0442_c0110,0.0
r0442_c0111,0.0
r0442_c0112,0.0
r0442_c0113,0.0
r0442_c0114,0.0
r0442_c0115,0.0
r0442_c0116,0.0
r0442_c0117,0.0
r0442_c0118,0.0
r0442_c0119,0.0
r0442_c0120,0.0
r0442_c0121,0.0
r0442_c0122,0.0
r0442_c0123,355.56
r0442_c0124,88.89
r0442_c0125,0.0
r0442_c0126,0.0
r0442_c0127,0.0
r0442_c0128,0.0
r0442_c0129,0.0
r0442_c0130,0.0
r0442_c0131,0.0
r0442_c0132,0.0
r0442_c0152,0.0
r0442_c0153,0.0
r0442_c0154,0.0
r0442_c0155,0.0
r0442_c0156,0.0
r0442_c0157,0.0
r0442_c0161,0.0
r0442_c0162,0.0
r0442_c0163,0.0
r0442_c0164,0.0
r0442_c0165,0.0
r0442_c0166,0.0
r0442_c0167,0.0
r0442_c0168,0.0
r0442_c0173,0.0
r0442_c0174,0.0
r0442_c0175,0.0
r0442_c0176,0.0
r0442_c0177,0.0
r0442_c0211,0.0
r0442_c0212,0.0
r0442_c0213,0.0
r0442_c0214,0.0
r0442_c0215,0.0
r0442_c0216,0.0
r0442_c0228,177.78
r0442_c0229,0.0
r0442_c0230,0.0
r0443_c0039,88.89
r0443_c0040,44.44
r0443_c0041,133.33
r0443_c0043,133.33
r0443_c0051,0.0
r0443_c0052,0.0
r0443_c0053,0.0
r0443_c0055,0.0
r0443_c0056,0.0
r0443_c0057,0.0
r0443_c0058,0.0
r0443_c0059,0.0
r0443_c0060,0.0
r0443_c0061,0.0
r0443_c0062,0.0
r0443_c0066,0.0
r0443_c0067,0.0
r0443_c0068,0.0
r0443_c0069,0.0
r0443_c0070,0.0
r0443_c0071,0.0
r0443_c0072,0.0
r0443_c0073,0.0
r0443_c0074,0.0
r0443_c0075,0.0
r0443_c0076,0.0
r0443_c0077,0.0
r0443_c0079,0.0
r0443_c0080,0.0
r0443_c0081,0.0
r0443_c0082,0.0
r0443_c0083,0.0
r0443_c0084,0.0
r0443_c0085,0.0
r0443_c0086,0.0
r0443_c0087,0.0
r0443_c0088,0.0
r0443_c0089,44.44
r0443_c0090,0.0
r0443_c0091,0.0
r0443_c0092,0.0
r0443_c0093,0.0
r0443_c0094,0.0
r0443_c0095,0.0
r0443_c0096,0.0
r0443_c0097,0.0
r0443_c0098,0.0
r0443_c0099,0.0
r0443_c0101,44.44
r0443_c0102,0.0
r0443_c0103,0.0
r0443_c0104,0.0
r0443_c0105,0.0
r0443_c0106,0.0
r0443_c0107,0.0
r0443_c0108,0.0
r0443_c0109,0.0
r0443_c0110,0.0
r0443_c0111,0.0
r0443_c0112,0.0
r0443_c0113,44.44
r0443_c0114,0.0
r0443_c0115,0.0
r0443_c0116,0.0
r0443_c0117,0.0
r0443_c0118,0.0
r0443_c0119,0.0
r0443_c0121,177.78
r0443_c0122,400.0
r0443_c0123,488.89
r0443_c0125,177.78
r0443_c0126,0.0
r0443_c0127,0.0
r0443_c0128,0.0
r0443_c0129,0.0
r0443_c0130,0.0
r0443_c0131,0.0
r0443_c0132,44.44
r0443_c0139,0.0
r0443_c0153,0.0
r0443_c0154,0.0
r0443_c0155,0.0
r0443_c0162,0.0
r0443_c0163,0.0
r0443_c0164,0.0
r0443_c0165,0.0
r0443_c0166,0.0
r0443_c0167,0.0
r0443_c0174,0.0
r0443_c0175,0.0
r0443_c0176,0.0
r0443_c0177,0.0
r0443_c0178,0.0
r0443_c0179,0.0
r0443_c0210,0.0
r0443_c0211,0.0
r0443_c0212,0.0
r0443_c0213,0.0
r0443_c0214,0.0
r0443_c0215,0.0
r0443_c0216,0.0
r0443_c0221,0.0
r0443_c0228,0.0
r0443_c0229,0.0
r0443_c0230,0.0
r0443_c0231,0.0
r0444_c0049,88.89
r0444_c0050,0.0
r0444_c0051,0.0
r0444_c0052,0.0
r0444_c0053,0.0
r0444_c0054,0.0
r0444_c0055,44.44
r0444_c0060,0.0
r0444_c0061,0.0
r0444_c0069,0.0
r0444_c0070,0.0
r0444_c0071,0.0
r0444_c0072,0.0
r0444_c0073,0.0
r0444_c0074,0.0
r0444_c0075,0.0
r0444_c0076,0.0
r0444_c0077,0.0
r0444_c0079,0.0
r0444_c0080,88.89
r0444_c0081,88.89
r0444_c0082,0.0
r0444_c0083,0.0
r0444_c0084,0.0
r0444_c0085,0.0
r0444_c0086,0.0
r0444_c0087,0.0
r0444_c0088,0.0
r0444_c0089,0.0
r0444_c0090,0.0
r0444_c0092,0.0
r0444_c0093,0.0
r0444_c0094,0.0
r0444_c0095,0.0
r0444_c0096,0.0
r0444_c0097,0.0
r0444_c0098,0.0
r0444_c0099,0.0
r0444_c0100,0.0
r0444_c0101,0.0
r0444_c0102,0.0
r0444_c0103,0.0
r0444_c0104,0.0
r0444_c0105,0.0
r0444_c0106,0.0
r0444_c0107,0.0
r0444_c0108,0.0
r0444_c0109,0.0
r0444_c0110,0.0
r0444_c0111,0.0
r0444_c0112,0.0
r0444_c0113,0.0
r0444_c0114,0.0
r0444_c0115,0.0
r0444_c0116,0.0
r0444_c0117,0.0
r0444_c0118,0.0
r0444_c0119,0.0
r0444_c0120,0.0
r0444_c0123,44.44
r0444_c0125,88.89
r0444_c0126,0.0
r0444_c0127,0.0
r0444_c0128,0.0
r0444_c0129,0.0
r0444_c0133,0.0
r0444_c0138,0.0
r0444_c0139,0.0
r0444_c0140,0.0
r0444_c0141,0.0
r0444_c0142,0.0
r0444_c0143,88.89
r0444_c0144,0.0
r0444_c0145,44.44
r0444_c0154,0.0
r0444_c0155,0.0
r0444_c0163,0.0
r0444_c0164,0.0
r0444_c0165,0.0
r0444_c0166,0.0
r0444_c0167,0.0
r0444_c0169,0.0
r0444_c0171,0.0
r0444_c0210,44.44
r0444_c0211,0.0
r0444_c0212,0.0
r0444_c0213,88.89
r0444_c0214,0.0
r0444_c0215,133.33
r0444_c0216,222.22
r0444_c0220,0.0
r0444_c0221,0.0
r0444_c0225,88.89
r0444_c0226,0.0
r0444_c0227,0.0
r0444_c0228,0.0
r0444_c0229,0.0
r0444_c0230,0.0
r0444_c0231,0.0
r0445_c0030,0.0
r0445_c0031,0.0
r0445_c0049,0.0
r0445_c0050,0.0
r0445_c0051,0.0
r0445_c0052,0.0
r0445_c0053,0.0
r0445_c0054,0.0
r0445_c0069,0.0
r0445_c0070,0.0
r0445_c0071,0.0
r0445_c0072,0.0
r0445_c0073,0.0
r0445_c0074,0.0
r0445_c0075,0.0
r0445_c0076,0.0
r0445_c0077,0.0
r0445_c0078,0.0
r0445_c0079,0.0
r0445_c0080,0.0
r0445_c0081,0.0
r0445_c0082,0.0
r0445_c0083,0.0
r0445_c0084,0.0
r0445_c0085,0.0
r0445_c0086,0.0
r0445_c0092,0.0
r0445_c0093,0.0
r0445_c0094,0.0
r0445_c0095,0.0
r0445_c0097,0.0
r0445_c0098,0.0
r0445_c0099,0.0
r0445_c0100,0.0
r0445_c0101,0.0
r0445_c0102,0.0
r0445_c0103,0.0
r0445_c0104,0.0
r0445_c0105,0.0
r0445_c0106,0.0
r0445_c0107,0.0
r0445_c0108,0.0
r0445_c0109,0.0
r0445_c0110,0.0
r0445_c0111,0.0
r0445_c0112,0.0
r0445_c0113,0.0
r0445_c0114,0.0
r0445_c0115,0.0
r0445_c0116,0.0
r0445_c0117,0.0
r0445_c0118,0.0
r0445_c0119,0.0
r0445_c0120,0.0
r0445_c0123,0.0
r0445_c0125,177.78
r0445_c0126,0.0
r0445_c0127,0.0
r0445_c0128,0.0
r0445_c0129,0.0
r0445_c0137,0.0
r0445_c0138,0.0
r0445_c0139,0.0
r0445_c0140,0.0
r0445_c0141,0.0
r0445_c0142,0.0
r0445_c0143,0.0
r0445_c0144,0.0
r0445_c0149,0.0
r0445_c0162,0.0
r0445_c0163,0.0
r0445_c0166,0.0
r0445_c0167,0.0
r0445_c0171,0.0
r0445_c0172,0.0
r0445_c0212,88.89
r0445_c0213,0.0
r0445_c0214,177.78
r0445_c0219,44.44
r0445_c0220,0.0
r0445_c0225,0.0
r0445_c0228,0.0
r0445_c0229,0.0
r0445_c0230,0.0
r0445_c0245,0.0
r0445_c0246,0.0
r0446_c0049,0.0
r0446_c0050,0.0
r0446_c0052,0.0
r0446_c0053,0.0
r0446_c0054,0.0
r0446_c0069,0.0
r0446_c0070,0.0
r0446_c0071,0.0
r0446_c0072,0.0
r0446_c0073,0.0
r0446_c0074,0.0
r0446_c0075,0.0
r0446_c0076,0.0
r0446_c0077,0.0
r0446_c0078,0.0
r0446_c0079,0.0
r0446_c0080,0.0
r0446_c0081,0.0
r0446_c0082,0.0
r0446_c0083,0.0
r0446_c0084,0.0
r0446_c0085,0.0
r0446_c0086,0.0
r0446_c0092,0.0
r0446_c0093,0.0
r0446_c0097,0.0
r0446_c0098,0.0
r0446_c0099,0.0
r0446_c0100,0.0
r0446_c0101,0.0
r0446_c0102,0.0
r0446_c0103,0.0
r0446_c0104,0.0
r0446_c0105,0.0
r0446_c0106,0.0
r0446_c0107,0.0
r0446_c0108,0.0
r0446_c0109,0.0
r0446_c0110,0.0
r0446_c0111,0.0
r0446_c0112,0.0
r0446_c0113,0.0
r0446_c0114,0.0
r0446_c0115,0.0
r0446_c0116,0.0
r0446_c0117,0.0
r0446_c0118,0.0
r0446_c0119,0.0
r0446_c0120,0.0
r0446_c0121,0.0
r0446_c0122,0.0
r0446_c0123,0.0
r0446_c0124,44.44
r0446_c0125,0.0
r0446_c0137,0.0
r0446_c0138,0.0
r0446_c0139,0.0
r0446_c0140,0.0
r0446_c0141,0.0
r0446_c0142,0.0
r0446_c0143,0.0
r0446_c0148,0.0
r0446_c0152,0.0
r0446_c0162,0.0
r0446_c0163,0.0
r0446_c0208,0.0
r0446_c0209,0.0
r0446_c0210,177.78
r0446_c0212,0.0
r0446_c0213,0.0
r0446_c0214,0.0
r0446_c0218,44.44
r0446_c0219,0.0
r0446_c0220,0.0
r0446_c0221,0.0
r0446_c0222,0.0
r0446_c0223,0.0
r0446_c0224,0.0
r0446_c0225,0.0
r0446_c0228,0.0
r0446_c0229,0.0
r0446_c0230,0.0
r0446_c0245,0.0
r0446_c0246,0.0
r0447_c0049,0.0
r0447_c0050,0.0
r0447_c0051,0.0
r0447_c0052,0.0
r0447_c0053,0.0
r0447_c0054,0.0
r0447_c0059,0.0
r0447_c0060,0.0
r0447_c0062,0.0
r0447_c0069,0.0
r0447_c0070,0.0
r0447_c0071,0.0
r0447_c0072,0.0
r0447_c0073,0.0
r0447_c0074,0.0
r0447_c0075,0.0
r0447_c0076,0.0
r0447_c0077,0.0
r0447_c0078,0.0
r0447_c0079,0.0
r0447_c0080,0.0
r0447_c0081,0.0
r0447_c0082,0.0
r0447_c0083,0.0
r0447_c0084,0.0
r0447_c0085,0.0
r0447_c0086,0.0
r0447_c0087,44.44
r0447_c0088,88.89
r0447_c0089,88.89
r0447_c0097,0.0
r0447_c0098,0.0
r0447_c0099,0.0
r0447_c0100,0.0
r0447_c0101,0.0
r0447_c0102,0.0
r0447_c0103,0.0
r0447_c0104,0.0
r0447_c0105,0.0
r0447_c0106,0.0
r0447_c0107,0.0
r0447_c0108,0.0
r0447_c0109,0.0
r0447_c0110,0.0
r0447_c0111,0.0
r0447_c0112,0.0
r0447_c0113,0.0
r0447_c0114,0.0
r0447_c0115,0.0
r0447_c0117,0.0
r0447_c0118,0.0
r0447_c0119,0.0
r0447_c0120,0.0
r0447_c0121,0.0
r0447_c0122,0.0
r0447_c0123,0.0
r0447_c0124,0.0
r0447_c0125,0.0
r0447_c0126,0.0
r0447_c0137,0.0
r0447_c0138,0.0
r0447_c0141,0.0
r0447_c0142,0.0
r0447_c0151,0.0
r0447_c0152,0.0
r0447_c0163,0.0
r0447_c0165,0.0
r0447_c0174,0.0
r0447_c0207,0.0
r0447_c0208,0.0
r0447_c0218,0.0
r0447_c0219,0.0
r0447_c0220,0.0
r0447_c0221,0.0
r0447_c0222,0.0
r0447_c0223,0.0
r0447_c0224,0.0
r0447_c0225,0.0
r0447_c0226,0.0
r0447_c0227,0.0
r0447_c0228,0.0
r0447_c0229,0.0
r0447_c0245,0.0
r0447_c0246,0.0
r0448_c0039,0.0
r0448_c0050,0.0
r0448_c0051,0.0
r0448_c0052,0.0
r0448_c0053,0.0
r0448_c0054,0.0
r0448_c0056,0.0
r0448_c0059,0.0
r0448_c0061,0.0
r0448_c0062,0.0
r0448_c0063,0.0
r0448_c0070,0.0
r0448_c0071,0.0
r0448_c0072,0.0
r0448_c0073,0.0
r0448_c0074,0.0
r0448_c0075,0.0
r0448_c0076,0.0
r0448_c0077,0.0
r0448_c0078,0.0
r0448_c0079,44.44
r0448_c0080,0.0
r0448_c0081,0.0
r0448_c0082,0.0
r0448_c0083,0.0
r0448_c0084,0.0
r0448_c0085,0.0
r0448_c0086,44.44
r0448_c0087,0.0
r0448_c0088,0.0
r0448_c0089,222.22
r0448_c0090,444.44
r0448_c0091,355.56
r0448_c0092,222.22
r0448_c0093,266.67
r0448_c0094,44.44
r0448_c0095,0.0
r0448_c0096,0.0
r0448_c0097,0.0
r0448_c0098,0.0
r0448_c0099,0.0
r0448_c0100,0.0
r0448_c0101,44.44
r0448_c0102,400.0
r0448_c0103,0.0
r0448_c0104,0.0
r0448_c0105,0.0
r0448_c0106,0.0
r0448_c0107,0.0
r0448_c0108,0.0
r0448_c0109,0.0
r0448_c0110,0.0
r0448_c0111,0.0
r0448_c0112,0.0
r0448_c0113,0.0
r0448_c0114,0.0
r0448_c0115,0.0
r0448_c0116,0.0
r0448_c0117,0.0
r0448_c0118,0.0
r0448_c0119,0.0
r0448_c0120,0.0
r0448_c0122,44.44
r0448_c0123,444.44
r0448_c0124,400.0
r0448_c0125,0.0
r0448_c0126,0.0
r0448_c0127,0.0
r0448_c0128,0.0
r0448_c0138,0.0
r0448_c0141,0.0
r0448_c0142,177.78
r0448_c0149,0.0
r0448_c0150,0.0
r0448_c0151,0.0
r0448_c0152,0.0
r0448_c0153,0.0
r0448_c0165,0.0
r0448_c0173,0.0
r0448_c0174,0.0
r0448_c0175,0.0
r0448_c0200,0.0
r0448_c0201,0.0
r0448_c0202,44.44
r0448_c0204,0.0
r0448_c0213,0.0
r0448_c0214,0.0
r0448_c0217,0.0
r0448_c0218,0.0
r0448_c0219,0.0
r0448_c0220,0.0
r0448_c0221,0.0
r0448_c0222,0.0
r0448_c0223,0.0
r0448_c0224,0.0
r0448_c0225,0.0
r0448_c0226,0.0
r0448_c0227,0.0
r0448_c0245,0.0
r0449_c0038,0.0
r0449_c0049,0.0
r0449_c0050,0.0
r0449_c0051,0.0
r0449_c0052,44.44
r0449_c0053,0.0
r0449_c0054,0.0
r0449_c0055,0.0
r0449_c0056,0.0
r0449_c0057,0.0
r0449_c0062,0.0
r0449_c0063,0.0
r0449_c0070,0.0
r0449_c0071,0.0
r0449_c0072,0.0
r0449_c0073,0.0
r0449_c0074,0.0
r0449_c0075,0.0
r0449_c0076,0.0
r0449_c0077,0.0
r0449_c0078,0.0
r0449_c0079,0.0
r0449_c0080,0.0
r0449_c0081,0.0
r0449_c0082,0.0
r0449_c0083,0.0
r0449_c0084,0.0
r0449_c0085,0.0
r0449_c0086,133.33
r0449_c0087,177.78
r0449_c0088,266.67
r0449_c0089,88.89
r0449_c0090,222.22
r0449_c0091,44.44
r0449_c0092,222.22
r0449_c0093,222.22
r0449_c0094,266.67
r0449_c0095,0.0
r0449_c0096,0.0
r0449_c0102,177.78
r0449_c0103,0.0
r0449_c0104,0.0
r0449_c0105,0.0
r0449_c0106,0.0
r0449_c0107,0.0
r0449_c0108,0.0
r0449_c0109,0.0
r0449_c0110,0.0
r0449_c0111,0.0
r0449_c0112,0.0
r0449_c0113,0.0
r0449_c0114,0.0
r0449_c0115,0.0
r0449_c0116,0.0
r0449_c0117,0.0
r0449_c0118,0.0
r0449_c0120,0.0
r0449_c0123,266.67
r0449_c0124,133.33
r0449_c0125,0.0
r0449_c0126,0.0
r0449_c0141,0.0
r0449_c0142,0.0
r0449_c0143,0.0
r0449_c0150,0.0
r0449_c0151,0.0
r0449_c0152,44.44
r0449_c0155,0.0
r0449_c0173,0.0
r0449_c0174,0.0
r0449_c0175,0.0
r0449_c0204,0.0
r0449_c0206,0.0
r0449_c0207,0.0
r0449_c0208,0.0
r0449_c0213,0.0
r0449_c0217,0.0
r0449_c0218,0.0
r0449_c0219,0.0
r0449_c0220,0.0
r0449_c0221,0.0
r0449_c0222,0.0
r0449_c0223,0.0
r0449_c0224,0.0
r0449_c0225,0.0
r0449_c0226,0.0
r0449_c0245,0.0
r0450_c0049,0.0
r0450_c0050,0.0
r0450_c0051,0.0
r0450_c0052,0.0
r0450_c0053,0.0
r0450_c0054,0.0
r0450_c0055,0.0
r0450_c0056,0.0
r0450_c0057,0.0
r0450_c0062,0.0
r0450_c0063,0.0
r0450_c0064,0.0
r0450_c0074,0.0
r0450_c0075,0.0
r0450_c0076,0.0
r0450_c0077,0.0
r0450_c0078,0.0
r0450_c0079,0.0
r0450_c0080,0.0
r0450_c0081,0.0
r0450_c0082,0.0
r0450_c0083,0.0
r0450_c0084,0.0
r0450_c0085,0.0
r0450_c0086,0.0
r0450_c0087,0.0
r0450_c0088,266.67
r0450_c0089,44.44
r0450_c0102,0.0
r0450_c0103,0.0
r0450_c0104,0.0
r0450_c0105,0.0
r0450_c0106,0.0
r0450_c0107,0.0
r0450_c0108,0.0
r0450_c0109,0.0
r0450_c0110,0.0
r0450_c0111,0.0
r0450_c0112,0.0
r0450_c0114,0.0
r0450_c0115,0.0
r0450_c0116,0.0
r0450_c0118,0.0
r0450_c0119,0.0
r0450_c0120,0.0
r0450_c0124,0.0
r0450_c0125,0.0
r0450_c0130,0.0
r0450_c0142,0.0
r0450_c0143,0.0
r0450_c0144,0.0
r0450_c0151,0.0
r0450_c0152,88.89
r0450_c0154,0.0
r0450_c0155,0.0
r0450_c0156,0.0
r0450_c0208,0.0
r0450_c0217,0.0
r0450_c0218,0.0
r0450_c0219,0.0
r0450_c0220,0.0
r0450_c0221,0.0
r0450_c0222,0.0
r0450_c0223,0.0
r0450_c0224,0.0
r0451_c0049,0.0
r0451_c0050,0.0
r0451_c0051,0.0
r0451_c0052,0.0
r0451_c0053,0.0
r0451_c0054,0.0
r0451_c0055,0.0
r0451_c0056,0.0
r0451_c0057,0.0
r0451_c0058,0.0
r0451_c0063,0.0
r0451_c0064,0.0
r0451_c0074,0.0
r0451_c0075,0.0
r0451_c0076,0.0
r0451_c0077,0.0
r0451_c0078,0.0
r0451_c0079,0.0
r0451_c0080,0.0
r0451_c0081,0.0
r0451_c0082,0.0
r0451_c0083,0.0
r0451_c0084,0.0
r0451_c0085,0.0
r0451_c0086,0.0
r0451_c0087,0.0
r0451_c0102,0.0
r0451_c0103,0.0
r0451_c0104,0.0
r0451_c0105,0.0
r0451_c0106,0.0
r0451_c0107,0.0
r0451_c0108,0.0
r0451_c0109,0.0
r0451_c0110,0.0
r0451_c0111,0.0
r0451_c0112,0.0
r0451_c0113,0.0
r0451_c0114,0.0
r0451_c0115,0.0
r0451_c0116,0.0
r0451_c0117,0.0
r0451_c0118,0.0
r0451_c0119,0.0
r0451_c0120,0.0
r0451_c0122,0.0
r0451_c0123,0.0
r0451_c0124,0.0
r0451_c0125,0.0
r0451_c0144,0.0
r0451_c0150,44.44
r0451_c0154,0.0
r0451_c0155,0.0
r0451_c0156,0.0
r0451_c0164,0.0
r0451_c0165,0.0
r0451_c0203,0.0
r0451_c0204,0.0
r0451_c0219,0.0
r0451_c0220,0.0
r0451_c0221,0.0
r0451_c0222,0.0
r0451_c0223,0.0
r0452_c0050,0.0
r0452_c0051,0.0
r0452_c0052,0.0
r0452_c0053,0.0
r0452_c0054,0.0
r0452_c0055,0.0
r0452_c0056,0.0
r0452_c0057,0.0
r0452_c0058,0.0
r0452_c0063,0.0
r0452_c0064,0.0
r0452_c0065,0.0
r0452_c0075,0.0
r0452_c0076,0.0
r0452_c0077,0.0
r0452_c0078,0.0
r0452_c0079,0.0
r0452_c0080,0.0
r0452_c0081,0.0
r0452_c0082,0.0
r0452_c0083,0.0
r0452_c0084,0.0
r0452_c0085,0.0
r0452_c0086,0.0
r0452_c0087,0.0
r0452_c0102,0.0
r0452_c0103,0.0
r0452_c0104,0.0
r0452_c0105,0.0
r0452_c0106,0.0
r0452_c0107,0.0
r0452_c0109,0.0
r0452_c0110,0.0
r0452_c0111,0.0
r0452_c0113,0.0
r0452_c0114,0.0
r0452_c0115,0.0
r0452_c0116,0.0
r0452_c0117,0.0
r0452_c0118,0.0
r0452_c0119,0.0
r0452_c0120,0.0
r0452_c0122,0.0
r0452_c0123,0.0
r0452_c0124,44.44
r0452_c0125,0.0
r0452_c0126,0.0
r0452_c0127,0.0
r0452_c0128,0.0
r0452_c0129,0.0
r0452_c0130,0.0
r0452_c0131,0.0
r0452_c0149,0.0
r0452_c0150,44.44
r0452_c0155,177.78
r0452_c0165,0.0
r0452_c0202,0.0
r0452_c0203,0.0
r0452_c0205,0.0
r0452_c0219,0.0
r0452_c0220,0.0
r0452_c0221,0.0
r0452_c0222,0.0
r0452_c0223,0.0
r0453_c0044,0.0
r0453_c0045,0.0
r0453_c0052,0.0
r0453_c0053,0.0
r0453_c0054,0.0
r0453_c0055,0.0
r0453_c0056,0.0
r0453_c0057,0.0
r0453_c0058,0.0
r0453_c0059,0.0
r0453_c0063,0.0
r0453_c0064,0.0
r0453_c0065,0.0
r0453_c0075,0.0
r0453_c0076,0.0
r0453_c0077,0.0
r0453_c0078,0.0
r0453_c0079,0.0
r0453_c0080,0.0
r0453_c0081,0.0
r0453_c0082,0.0
r0453_c0083,0.0
r0453_c0084,0.0
r0453_c0085,0.0
r0453_c0086,0.0
r0453_c0087,0.0
r0453_c0102,0.0
r0453_c0103,44.44
r0453_c0104,44.44
r0453_c0105,0.0
r0453_c0106,0.0
r0453_c0107,0.0
r0453_c0108,0.0
r0453_c0109,0.0
r0453_c0110,0.0
r0453_c0113,44.44
r0453_c0114,0.0
r0453_c0115,0.0
r0453_c0116,0.0
r0453_c0117,0.0
r0453_c0118,0.0
r0453_c0119,0.0
r0453_c0120,0.0
r0453_c0122,0.0
r0453_c0123,44.44
r0453_c0124,0.0
r0453_c0125,177.78
r0453_c0126,0.0
r0453_c0127,0.0
r0453_c0128,0.0
r0453_c0129,0.0
r0453_c0130,0.0
r0453_c0131,0.0
r0453_c0132,0.0
r0453_c0142,0.0
r0453_c0145,0.0
r0453_c0149,88.89
r0453_c0150,0.0
r0453_c0165,0.0
r0453_c0180,0.0
r0453_c0219,0.0
r0453_c0220,0.0
r0453_c0221,0.0
r0453_c0222,0.0
r0453_c0223,0.0
r0453_c0224,0.0
r0454_c0044,0.0
r0454_c0045,0.0
r0454_c0050,0.0
r0454_c0051,0.0
r0454_c0053,0.0
r0454_c0054,0.0
r0454_c0055,0.0
r0454_c0056,0.0
r0454_c0057,0.0
r0454_c0058,0.0
r0454_c0066,0.0
r0454_c0067,0.0
r0454_c0075,0.0
r0454_c0076,0.0
r0454_c0077,0.0
r0454_c0078,0.0
r0454_c0079,0.0
r0454_c0080,0.0
r0454_c0086,0.0
r0454_c0087,0.0
r0454_c0092,0.0
r0454_c0093,0.0
r0454_c0094,0.0
r0454_c0095,0.0
r0454_c0096,0.0
r0454_c0097,0.0
r0454_c0098,0.0
r0454_c0099,0.0
r0454_c0100,0.0
r0454_c0101,44.44
r0454_c0102,44.44
r0454_c0103,133.33
r0454_c0104,0.0
r0454_c0105,0.0
r0454_c0106,0.0
r0454_c0107,0.0
r0454_c0112,0.0
r0454_c0116,0.0
r0454_c0117,0.0
r0454_c0118,0.0
r0454_c0124,0.0
r0454_c0125,44.44
r0454_c0126,88.89
r0454_c0128,44.44
r0454_c0131,0.0
r0454_c0132,0.0
r0454_c0133,0.0
r0454_c0142,0.0
r0454_c0145,0.0
r0454_c0146,0.0
r0454_c0148,88.89
r0454_c0149,0.0
r0454_c0150,44.44
r0454_c0151,0.0
r0454_c0180,0.0
r0454_c0189,0.0
r0454_c0190,0.0
r0454_c0191,0.0
r0454_c0198,0.0
r0454_c0199,0.0
r0454_c0200,0.0
r0454_c0201,0.0
r0454_c0220,0.0
r0454_c0221,0.0
r0454_c0222,0.0
r0454_c0223,0.0
r0455_c0062,0.0
r0455_c0063,0.0
r0455_c0064,0.0
r0455_c0065,0.0
r0455_c0066,0.0
r0455_c0067,0.0
r0455_c0069,133.33
r0455_c0070,44.44
r0455_c0071,0.0
r0455_c0072,0.0
r0455_c0073,0.0
r0455_c0075,0.0
r0455_c0076,0.0
r0455_c0077,0.0
r0455_c0078,0.0
r0455_c0079,0.0
r0455_c0080,0.0
r0455_c0086,0.0
r0455_c0087,0.0
r0455_c0092,0.0
r0455_c0093,0.0
r0455_c0094,0.0
r0455_c0095,0.0
r0455_c0096,0.0
r0455_c0097,0.0
r0455_c0098,0.0
r0455_c0099,0.0
r0455_c0100,0.0
r0455_c0101,0.0
r0455_c0102,44.44
r0455_c0103,444.44
r0455_c0104,0.0
r0455_c0105,0.0
r0455_c0106,0.0
r0455_c0107,0.0
r0455_c0112,0.0
r0455_c0116,0.0
r0455_c0117,0.0
r0455_c0118,0.0
r0455_c0124,0.0
r0455_c0129,0.0
r0455_c0130,0.0
r0455_c0131,0.0
r0455_c0143,0.0
r0455_c0145,0.0
r0455_c0146,0.0
r0455_c0147,0.0
r0455_c0148,0.0
r0455_c0149,0.0
r0455_c0150,44.44
r0455_c0158,0.0
r0455_c0169,44.44
r0455_c0170,0.0
r0455_c0180,0.0
r0455_c0182,0.0
r0455_c0183,0.0
r0455_c0184,0.0
r0456_c0056,0.0
r0456_c0057,0.0
r0456_c0058,0.0
r0456_c0059,133.33
r0456_c0061,0.0
r0456_c0062,0.0
r0456_c0063,0.0
r0456_c0064,0.0
r0456_c0065,88.89
r0456_c0070,0.0
r0456_c0071,0.0
r0456_c0072,0.0
r0456_c0073,0.0
r0456_c0074,0.0
r0456_c0076,0.0
r0456_c0077,0.0
r0456_c0078,0.0
r0456_c0086,0.0
r0456_c0092,0.0
r0456_c0093,0.0
r0456_c0094,0.0
r0456_c0095,0.0
r0456_c0096,0.0
r0456_c0097,0.0
r0456_c0098,0.0
r0456_c0099,0.0
r0456_c0100,0.0
r0456_c0101,0.0
r0456_c0102,0.0
r0456_c0103,0.0
r0456_c0104,0.0
r0456_c0105,0.0
r0456_c0106,0.0
r0456_c0107,0.0
r0456_c0112,0.0
r0456_c0116,0.0
r0456_c0117,0.0
r0456_c0118,0.0
r0456_c0122,0.0
r0456_c0123,0.0
r0456_c0124,0.0
r0456_c0125,0.0
r0456_c0126,0.0
r0456_c0128,0.0
r0456_c0131,0.0
r0456_c0132,44.44
r0456_c0134,0.0
r0456_c0135,0.0
r0456_c0136,88.89
r0456_c0143,0.0
r0456_c0144,0.0
r0456_c0145,133.33
r0456_c0146,0.0
r0456_c0147,0.0
r0456_c0148,0.0
r0456_c0149,0.0
r0456_c0157,44.44
r0456_c0158,44.44
r0456_c0169,0.0
r0456_c0178,0.0
r0456_c0179,0.0
r0456_c0180,0.0
r0456_c0225,0.0
r0457_c0056,44.44
r0457_c0057,0.0
r0457_c0058,44.44
r0457_c0059,0.0
r0457_c0060,88.89
r0457_c0061,0.0
r0457_c0062,0.0
r0457_c0063,0.0
r0457_c0064,133.33
r0457_c0065,0.0
r0457_c0075,0.0
r0457_c0076,0.0
r0457_c0077,0.0
r0457_c0078,0.0
r0457_c0079,0.0
r0457_c0080,0.0
r0457_c0081,0.0
r0457_c0086,0.0
r0457_c0087,0.0
r0457_c0092,0.0
r0457_c0093,0.0
r0457_c0094,0.0
r0457_c0095,0.0
r0457_c0096,0.0
r0457_c0097,0.0
r0457_c0098,0.0
r0457_c0099,0.0
r0457_c0100,0.0
r0457_c0101,0.0
r0457_c0102,0.0
r0457_c0103,0.0
r0457_c0104,0.0
r0457_c0105,0.0
r0457_c0106,0.0
r0457_c0107,0.0
r0457_c0109,0.0
r0457_c0110,0.0
r0457_c0111,0.0
r0457_c0112,0.0
r0457_c0113,0.0
r0457_c0114,0.0
r0457_c0115,0.0
r0457_c0116,0.0
r0457_c0117,0.0
r0457_c0118,0.0
r0457_c0124,0.0
r0457_c0125,0.0
r0457_c0126,0.0
r0457_c0127,0.0
r0457_c0129,0.0
r0457_c0133,0.0
r0457_c0134,0.0
r0457_c0135,0.0
r0457_c0144,0.0
r0457_c0145,0.0
r0457_c0146,0.0
r0457_c0147,0.0
r0457_c0148,0.0
r0457_c0149,0.0
r0457_c0150,0.0
r0457_c0167,0.0
r0457_c0168,0.0
r0457_c0224,0.0
r0457_c0225,0.0
r0457_c0226,0.0
r0458_c0055,0.0
r0458_c0056,0.0
r0458_c0057,0.0
r0458_c0058,0.0
r0458_c0059,0.0
r0458_c0060,0.0
r0458_c0061,88.89
r0458_c0062,88.89
r0458_c0063,88.89
r0458_c0064,88.89
r0458_c0075,0.0
r0458_c0076,0.0
r0458_c0077,0.0
r0458_c0078,0.0
r0458_c0079,0.0
r0458_c0080,0.0
r0458_c0081,0.0
r0458_c0087,0.0
r0458_c0088,0.0
r0458_c0089,0.0
r0458_c0090,0.0
r0458_c0091,0.0
r0458_c0092,0.0
r0458_c0093,0.0
r0458_c0094,0.0
r0458_c0095,0.0
r0458_c0096,0.0
r0458_c0097,0.0
r0458_c0098,0.0
r0458_c0099,0.0
r0458_c0100,44.44
r0458_c0105,0.0
r0458_c0106,0.0
r0458_c0107,0.0
r0458_c0108,0.0
r0458_c0109,0.0
r0458_c0110,0.0
r0458_c0111,0.0
r0458_c0112,0.0
r0458_c0113,0.0
r0458_c0114,0.0
r0458_c0115,0.0
r0458_c0116,0.0
r0458_c0117,0.0
r0458_c0118,0.0
r0458_c0124,44.44
r0458_c0125,0.0
r0458_c0126,44.44
r0458_c0127,0.0
r0458_c0128,0.0
r0458_c0132,0.0
r0458_c0133,0.0
r0458_c0134,0.0
r0458_c0135,0.0
r0458_c0144,44.44
r0458_c0146,0.0
r0458_c0147,44.44
r0458_c0148,0.0
r0458_c0149,0.0
r0458_c0150,0.0
r0458_c0166,0.0
r0458_c0167,0.0
r0459_c0055,0.0
r0459_c0056,0.0
r0459_c0057,0.0
r0459_c0058,0.0
r0459_c0059,0.0
r0459_c0060,0.0
r0459_c0061,0.0
r0459_c0062,0.0
r0459_c0063,0.0
r0459_c0075,0.0
r0459_c0076,0.0
r0459_c0077,0.0
r0459_c0078,0.0
r0459_c0079,0.0
r0459_c0080,0.0
r0459_c0081,0.0
r0459_c0082,0.0
r0459_c0105,0.0
r0459_c0106,0.0
r0459_c0107,0.0
r0459_c0108,0.0
r0459_c0109,0.0
r0459_c0110,0.0
r0459_c0111,0.0
r0459_c0112,0.0
r0459_c0113,0.0
r0459_c0114,0.0
r0459_c0115,0.0
r0459_c0116,0.0
r0459_c0117,0.0
r0459_c0118,0.0
r0459_c0126,0.0
r0459_c0127,0.0
r0459_c0131,44.44
r0459_c0132,44.44
r0459_c0133,0.0
r0459_c0134,88.89
r0459_c0146,44.44
r0459_c0147,0.0
r0459_c0148,0.0
r0459_c0149,0.0
r0459_c0150,0.0
r0459_c0163,44.44
r0459_c0189,0.0
r0459_c0190,0.0
r0459_c0191,0.0
r0459_c0195,0.0
r0459_c0196,0.0
r0459_c0197,0.0
r0459_c0198,0.0
r0459_c0199,0.0
r0459_c0200,0.0
r0459_c0201,0.0
r0459_c0202,0.0
r0459_c0203,0.0
r0459_c0204,0.0
r0459_c0216,0.0
r0459_c0217,0.0
r0459_c0218,0.0
r0459_c0219,0.0
r0460_c0054,0.0
r0460_c0055,0.0
r0460_c0056,0.0
r0460_c0057,0.0
r0460_c0058,0.0
r0460_c0059,0.0
r0460_c0060,0.0
r0460_c0061,0.0
r0460_c0062,0.0
r0460_c0075,0.0
r0460_c0076,0.0
r0460_c0077,0.0
r0460_c0078,0.0
r0460_c0079,0.0
r0460_c0080,0.0
r0460_c0081,0.0
r0460_c0082,0.0
r0460_c0093,0.0
r0460_c0106,0.0
r0460_c0110,0.0
r0460_c0111,0.0
r0460_c0112,0.0
r0460_c0113,0.0
r0460_c0131,0.0
r0460_c0132,0.0
r0460_c0147,133.33
r0460_c0148,0.0
r0460_c0149,0.0
r0460_c0150,0.0
r0460_c0152,0.0
r0460_c0153,0.0
r0460_c0195,0.0
r0460_c0196,0.0
r0460_c0197,0.0
r0460_c0198,0.0
r0460_c0199,0.0
r0460_c0200,0.0
r0460_c0201,0.0
r0460_c0202,0.0
r0460_c0203,0.0
r0460_c0204,0.0
r0460_c0205,0.0
r0460_c0216,0.0
r0460_c0217,0.0
r0460_c0218,0.0
r0460_c0219,0.0
r0460_c0220,0.0
r0460_c0230,0.0
r0461_c0054,0.0
r0461_c0055,0.0
r0461_c0056,0.0
r0461_c0057,0.0
r0461_c0058,0.0
r0461_c0059,0.0
r0461_c0074,0.0
r0461_c0075,0.0
r0461_c0076,0.0
r0461_c0077,0.0
r0461_c0078,0.0
r0461_c0079,0.0
r0461_c0080,0.0
r0461_c0081,0.0
r0461_c0082,0.0
r0461_c0092,0.0
r0461_c0093,0.0
r0461_c0110,0.0
r0461_c0111,0.0
r0461_c0112,0.0
r0461_c0113,0.0
r0461_c0114,0.0
r0461_c0132,88.89
r0461_c0148,44.44
r0461_c0149,0.0
r0461_c0150,0.0
r0461_c0151,0.0
r0461_c0152,266.67
r0461_c0160,0.0
r0461_c0163,0.0
r0461_c0164,0.0
r0461_c0195,0.0
r0461_c0196,0.0
r0461_c0197,0.0
r0461_c0198,0.0
r0461_c0199,0.0
r0461_c0200,0.0
r0461_c0201,0.0
r0461_c0202,0.0
r0461_c0203,0.0
r0461_c0204,0.0
r0461_c0205,0.0
r0461_c0216,0.0
r0461_c0219,0.0
r0461_c0220,0.0
r0461_c0221,0.0
r0461_c0230,0.0
r0461_c0231,0.0
r0462_c0057,0.0
r0462_c0058,0.0
r0462_c0059,0.0
r0462_c0074,0.0
r0462_c0075,0.0
r0462_c0076,0.0
r0462_c0077,0.0
r0462_c0078,0.0
r0462_c0079,0.0
r0462_c0080,0.0
r0462_c0081,0.0
r0462_c0082,0.0
r0462_c0092,0.0
r0462_c0112,0.0
r0462_c0113,0.0
r0462_c0149,0.0
r0462_c0150,0.0
r0462_c0151,0.0
r0462_c0163,0.0
r0462_c0168,0.0
r0462_c0178,0.0
r0462_c0217,0.0
r0462_c0218,0.0
r0462_c0219,0.0
r0462_c0220,0.0
r0462_c0221,0.0
r0463_c0074,0.0
r0463_c0075,0.0
r0463_c0076,0.0
r0463_c0077,0.0
r0463_c0078,0.0
r0463_c0079,0.0
r0463_c0080,0.0
r0463_c0081,0.0
r0463_c0082,0.0
r0463_c0091,0.0
r0463_c0092,0.0
r0463_c0093,0.0
r0463_c0113,0.0
r0463_c0114,0.0
r0463_c0126,0.0
r0463_c0150,0.0
r0463_c0151,0.0
r0463_c0162,0.0
r0463_c0216,0.0
r0463_c0217,0.0
r0463_c0218,0.0
r0463_c0219,0.0
r0463_c0220,0.0
r0463_c0221,0.0
r0464_c0073,0.0
r0464_c0074,0.0
r0464_c0075,0.0
r0464_c0076,0.0
r0464_c0077,0.0
r0464_c0078,0.0
r0464_c0079,0.0
r0464_c0080,0.0
r0464_c0081,0.0
r0464_c0090,0.0
r0464_c0113,0.0
r0464_c0117,0.0
r0464_c0118,0.0
r0464_c0119,0.0
r0464_c0124,0.0
r0464_c0125,0.0
r0464_c0126,0.0
r0464_c0151,0.0
r0464_c0152,0.0
r0464_c0163,0.0
r0464_c0216,0.0
r0464_c0217,0.0
r0464_c0218,0.0
r0464_c0219,0.0
r0464_c0220,0.0
r0464_c0221,0.0
r0465_c0073,0.0
r0465_c0074,0.0
r0465_c0075,0.0
r0465_c0076,0.0
r0465_c0077,0.0
r0465_c0113,0.0
r0465_c0117,0.0
r0465_c0118,0.0
r0465_c0119,0.0
r0465_c0120,0.0
r0465_c0152,0.0
r0465_c0153,0.0
r0465_c0156,0.0
r0465_c0164,0.0
r0465_c0165,0.0
r0465_c0167,0.0
r0466_c0048,0.0
r0466_c0049,0.0
r0466_c0070,0.0
r0466_c0071,0.0
r0466_c0072,0.0
r0466_c0073,0.0
r0466_c0074,0.0
r0466_c0075,0.0
r0466_c0117,0.0
r0466_c0118,0.0
r0466_c0119,0.0
r0466_c0120,0.0
r0466_c0122,0.0
r0466_c0123,0.0
r0466_c0153,44.44
r0466_c0154,0.0
r0466_c0157,44.44
r0467_c0048,0.0
r0467_c0049,0.0
r0467_c0052,0.0
r0467_c0053,0.0
r0467_c0054,0.0
r0467_c0070,0.0
r0467_c0071,0.0
r0467_c0072,0.0
r0467_c0116,0.0
r0467_c0117,0.0
r0467_c0118,0.0
r0467_c0119,0.0
r0467_c0120,0.0
r0467_c0154,0.0
r0467_c0155,0.0
r0468_c0048,0.0
r0468_c0049,0.0
r0468_c0053,0.0
r0468_c0054,0.0
r0468_c0055,0.0
r0468_c0056,0.0
r0468_c0057,0.0
r0468_c0058,0.0
r0468_c0059,0.0
r0468_c0084,0.0
r0468_c0085,0.0
r0468_c0092,0.0
r0468_c0115,0.0
r0468_c0116,0.0
r0468_c0117,0.0
r0468_c0118,0.0
r0468_c0119,0.0
r0468_c0154,0.0
r0468_c0155,0.0
r0468_c0156,0.0
r0468_c0157,0.0
r0468_c0166,0.0
r0468_c0167,0.0
r0468_c0168,0.0
r0468_c0169,0.0
r0468_c0170,0.0
r0469_c0049,0.0
r0469_c0050,0.0
r0469_c0053,0.0
r0469_c0054,0.0
r0469_c0055,0.0
r0469_c0056,0.0
r0469_c0057,0.0
r0469_c0058,0.0
r0469_c0059,0.0
r0469_c0084,0.0
r0469_c0085,0.0
r0469_c0116,0.0
r0469_c0117,0.0
r0469_c0132,0.0
r0469_c0155,177.78
r0469_c0156,0.0
r0469_c0166,0.0
r0469_c0167,0.0
r0469_c0168,0.0
r0469_c0169,0.0
r0469_c0170,0.0
r0469_c0171,0.0
r0469_c0172,0.0
r0469_c0173,0.0
r0469_c0174,0.0
r0469_c0175,0.0
r0470_c0054,0.0
r0470_c0055,0.0
r0470_c0056,0.0
r0470_c0057,0.0
r0470_c0058,0.0
r0470_c0059,0.0
r0470_c0060,0.0
r0470_c0069,0.0
r0470_c0085,0.0
r0470_c0098,0.0
r0470_c0117,0.0
r0470_c0132,0.0
r0470_c0156,44.44
r0470_c0161,0.0
r0470_c0162,0.0
r0470_c0167,0.0
r0470_c0168,0.0
r0470_c0169,0.0
r0470_c0170,0.0
r0470_c0171,0.0
r0470_c0172,0.0
r0470_c0173,0.0
r0470_c0174,0.0
r0471_c0052,0.0
r0471_c0053,0.0
r0471_c0054,0.0
r0471_c0055,0.0
r0471_c0056,0.0
r0471_c0057,0.0
r0471_c0058,0.0
r0471_c0059,0.0
r0471_c0069,0.0
r0471_c0070,0.0
r0471_c0073,0.0
r0471_c0136,0.0
r0471_c0137,0.0
r0471_c0138,0.0
r0471_c0152,44.44
r0471_c0155,0.0
r0471_c0162,0.0
r0471_c0169,0.0
r0471_c0170,0.0
r0471_c0171,0.0
r0471_c0172,0.0
r0471_c0173,0.0
r0471_c0174,0.0
r0471_c0175,0.0
r0472_c0049,0.0
r0472_c0050,0.0
r0472_c0051,0.0
r0472_c0052,0.0
r0472_c0053,0.0
r0472_c0054,0.0
r0472_c0055,0.0
r0472_c0056,0.0
r0472_c0057,0.0
r0472_c0058,0.0
r0472_c0059,0.0
r0472_c0107,0.0
r0472_c0135,0.0
r0472_c0136,0.0
r0472_c0137,0.0
r0472_c0138,0.0
r0472_c0139,0.0
r0472_c0151,0.0
r0472_c0152,0.0
r0472_c0153,0.0
r0472_c0170,0.0
r0472_c0171,0.0
r0472_c0172,0.0
r0472_c0173,0.0
r0472_c0174,0.0
r0473_c0050,0.0
r0473_c0051,0.0
r0473_c0052,0.0
r0473_c0053,0.0
r0473_c0054,0.0
r0473_c0055,0.0
r0473_c0056,0.0
r0473_c0057,0.0
r0473_c0058,0.0
r0473_c0077,0.0
r0473_c0106,0.0
r0473_c0107,0.0
r0473_c0134,0.0
r0473_c0135,0.0
r0473_c0136,0.0
r0473_c0137,0.0
r0473_c0138,0.0
r0473_c0139,0.0
r0473_c0140,0.0
r0473_c0152,0.0
r0473_c0154,0.0
r0473_c0155,0.0
r0473_c0172,0.0
r0474_c0050,0.0
r0474_c0051,0.0
r0474_c0052,0.0
r0474_c0053,0.0
r0474_c0054,0.0
r0474_c0055,0.0
r0474_c0056,0.0
r0474_c0057,0.0
r0474_c0106,0.0
r0474_c0107,0.0
r0474_c0120,0.0
r0474_c0121,0.0
r0474_c0122,0.0
r0474_c0133,0.0
r0474_c0134,0.0
r0474_c0135,0.0
r0474_c0137,0.0
r0474_c0138,0.0
r0474_c0139,0.0
r0474_c0140,0.0
r0474_c0141,0.0
r0474_c0154,0.0
r0474_c0155,0.0
r0474_c0156,0.0
r0475_c0051,0.0
r0475_c0052,0.0
r0475_c0053,0.0
r0475_c0054,0.0
r0475_c0055,0.0
r0475_c0106,0.0
r0475_c0109,0.0
r0475_c0110,0.0
r0475_c0119,0.0
r0475_c0120,0.0
r0475_c0121,0.0
r0475_c0134,0.0
r0475_c0136,0.0
r0475_c0137,0.0
r0475_c0138,0.0
r0475_c0139,0.0
r0475_c0140,0.0
r0475_c0141,0.0
r0475_c0153,0.0
r0475_c0154,0.0
r0475_c0155,0.0
r0475_c0156,0.0
r0475_c0157,0.0
r0475_c0158,0.0
r0476_c0051,0.0
r0476_c0052,0.0
r0476_c0053,0.0
r0476_c0105,0.0
r0476_c0109,0.0
r0476_c0110,0.0
r0476_c0118,0.0
r0476_c0119,0.0
r0476_c0120,0.0
r0476_c0121,0.0
r0476_c0122,0.0
r0476_c0135,0.0
r0476_c0136,0.0
r0476_c0137,0.0
r0476_c0138,0.0
r0476_c0150,0.0
r0476_c0151,0.0
r0476_c0152,0.0
r0476_c0156,0.0
r0476_c0157,0.0
r0476_c0158,0.0
r0477_c0104,0.0
r0477_c0118,0.0
r0477_c0119,0.0
r0477_c0120,0.0
r0477_c0121,0.0
r0477_c0122,0.0
r0477_c0123,0.0
r0477_c0136,0.0
r0477_c0137,0.0
r0477_c0149,0.0
r0477_c0150,0.0
r0477_c0151,0.0
r0478_c0110,0.0
r0478_c0111,0.0
r0478_c0112,0.0
r0478_c0116,0.0
r0478_c0117,0.0
r0478_c0119,0.0
r0478_c0120,0.0
r0478_c0121,0.0
r0478_c0122,0.0
r0478_c0148,0.0
r0478_c0150,0.0
r0478_c0156,0.0
r0479_c0103,0.0
r0479_c0104,0.0
r0479_c0110,0.0
r0479_c0111,0.0
r0479_c0112,0.0
r0479_c0115,0.0
r0479_c0116,0.0
r0479_c0117,0.0
r0479_c0119,0.0
r0479_c0120,0.0
r0479_c0121,0.0
r0479_c0134,0.0
r0479_c0135,0.0
r0479_c0136,0.0
r0479_c0137,0.0
r0479_c0144,0.0
r0479_c0145,0.0
r0479_c0147,0.0
r0479_c0148,0.0
r0479_c0149,0.0
r0479_c0153,0.0
r0479_c0154,0.0
r0479_c0155,0.0
r0479_c0156,0.0
r0480_c0093,0.0
r0480_c0102,0.0
r0480_c0103,0.0
r0480_c0104,0.0
r0480_c0114,0.0
r0480_c0115,0.0
r0480_c0116,0.0
r0480_c0117,0.0
r0480_c0121,0.0
r0480_c0133,0.0
r0480_c0134,44.44
r0480_c0135,44.44
r0480_c0144,0.0
r0480_c0145,0.0
r0480_c0146,0.0
r0480_c0148,0.0
r0480_c0152,0.0
r0480_c0153,0.0
r0480_c0154,0.0
r0480_c0155,0.0
r0480_c0156,0.0
r0481_c0102,0.0
r0481_c0103,0.0
r0481_c0104,0.0
r0481_c0105,0.0
r0481_c0115,0.0
r0481_c0116,0.0
r0481_c0118,0.0
r0481_c0132,0.0
r0481_c0133,0.0
r0481_c0134,0.0
r0481_c0135,0.0
r0481_c0143,0.0
r0481_c0144,44.44
r0481_c0145,0.0
r0481_c0147,0.0
r0481_c0149,0.0
r0481_c0150,0.0
r0481_c0151,0.0
r0481_c0152,0.0
r0481_c0153,0.0
r0481_c0154,0.0
r0481_c0155,0.0
r0481_c0156,0.0
r0482_c0103,0.0
r0482_c0104,0.0
r0482_c0105,0.0
r0482_c0106,0.0
r0482_c0132,0.0
r0482_c0133,0.0
r0482_c0134,0.0
r0482_c0143,44.44
r0482_c0144,0.0
r0482_c0145,0.0
r0482_c0146,0.0
r0482_c0147,44.44
r0482_c0148,133.33
r0482_c0149,0.0
r0482_c0150,0.0
r0482_c0151,0.0
r0482_c0152,0.0
r0482_c0153,0.0
r0482_c0154,0.0
r0482_c0155,0.0
r0482_c0157,0.0
r0483_c0103,0.0
r0483_c0104,0.0
r0483_c0105,0.0
r0483_c0106,0.0
r0483_c0117,0.0
r0483_c0119,0.0
r0483_c0120,0.0
r0483_c0121,0.0
r0483_c0131,0.0
r0483_c0132,0.0
r0483_c0133,0.0
r0483_c0143,0.0
r0483_c0144,0.0
r0483_c0146,44.44
r0483_c0147,44.44
r0483_c0149,0.0
r0483_c0150,0.0
r0483_c0151,0.0
r0483_c0152,0.0
r0483_c0153,0.0
r0483_c0154,0.0
r0483_c0155,0.0
r0483_c0156,0.0
r0484_c0100,0.0
r0484_c0103,0.0
r0484_c0104,0.0
r0484_c0105,0.0
r0484_c0106,0.0
r0484_c0118,0.0
r0484_c0119,0.0
r0484_c0120,0.0
r0484_c0121,0.0
r0484_c0122,0.0
r0484_c0129,0.0
r0484_c0130,0.0
r0484_c0131,0.0
r0484_c0132,0.0
r0484_c0133,0.0
r0484_c0142,222.22
r0484_c0143,0.0
r0484_c0144,0.0
r0484_c0145,0.0
r0484_c0146,0.0
r0484_c0148,0.0
r0484_c0150,0.0
r0484_c0151,0.0
r0484_c0152,0.0
r0484_c0153,0.0
r0484_c0158,0.0
r0484_c0159,0.0
r0485_c0100,0.0
r0485_c0104,0.0
r0485_c0105,0.0
r0485_c0106,0.0
r0485_c0107,0.0
r0485_c0116,0.0
r0485_c0117,0.0
r0485_c0118,0.0
r0485_c0119,0.0
r0485_c0120,0.0
r0485_c0121,0.0
r0485_c0122,0.0
r0485_c0123,0.0
r0485_c0126,0.0
r0485_c0127,0.0
r0485_c0130,0.0
r0485_c0131,0.0
r0485_c0132,0.0
r0485_c0133,0.0
r0485_c0137,0.0
r0485_c0138,0.0
r0485_c0139,0.0
r0485_c0143,0.0
r0485_c0144,0.0
r0485_c0145,0.0
r0485_c0146,0.0
r0485_c0147,0.0
r0485_c0149,0.0
r0485_c0151,0.0
r0485_c0152,0.0
r0485_c0159,0.0
r0485_c0160,0.0
r0486_c0105,0.0
r0486_c0106,0.0
r0486_c0112,0.0
r0486_c0115,0.0
r0486_c0116,0.0
r0486_c0117,0.0
r0486_c0118,0.0
r0486_c0119,0.0
r0486_c0120,0.0
r0486_c0121,0.0
r0486_c0122,0.0
r0486_c0123,0.0
r0486_c0124,0.0
r0486_c0127,0.0
r0486_c0128,0.0
r0486_c0129,0.0
r0486_c0130,0.0
r0486_c0131,0.0
r0486_c0132,0.0
r0486_c0136,0.0
r0486_c0137,0.0
r0486_c0138,0.0
r0486_c0139,0.0
r0486_c0142,0.0
r0486_c0143,0.0
r0486_c0144,0.0
r0486_c0145,0.0
r0486_c0146,0.0
r0486_c0147,0.0
r0486_c0148,0.0
r0486_c0149,0.0
r0486_c0150,0.0
r0486_c0151,0.0
r0486_c0152,0.0
r0486_c0159,0.0
r0486_c0160,0.0
r0487_c0105,0.0
r0487_c0106,0.0
r0487_c0112,0.0
r0487_c0113,0.0
r0487_c0114,0.0
r0487_c0115,0.0
r0487_c0116,0.0
r0487_c0117,0.0
r0487_c0118,0.0
r0487_c0119,0.0
r0487_c0120,0.0
r0487_c0121,0.0
r0487_c0122,0.0
r0487_c0123,0.0
r0487_c0124,0.0
r0487_c0125,0.0
r0487_c0126,0.0
r0487_c0127,0.0
r0487_c0128,0.0
r0487_c0129,0.0
r0487_c0130,0.0
r0487_c0131,0.0
r0487_c0132,0.0
r0487_c0133,0.0
r0487_c0135,0.0
r0487_c0136,0.0
r0487_c0137,0.0
r0487_c0138,0.0
r0487_c0141,0.0
r0487_c0142,0.0
r0487_c0143,0.0
r0487_c0144,0.0
r0487_c0145,0.0
r0487_c0146,0.0
r0487_c0147,0.0
r0487_c0148,0.0
r0487_c0149,0.0
r0487_c0150,0.0
r0487_c0151,0.0
r0487_c0152,0.0
r0487_c0153,0.0
r0487_c0159,0.0
r0487_c0160,0.0
r0487_c0161,0.0
r0487_c0165,0.0
r0488_c0105,0.0
r0488_c0106,0.0
r0488_c0110,0.0
r0488_c0111,0.0
r0488_c0113,0.0
r0488_c0114,0.0
r0488_c0115,0.0
r0488_c0116,0.0
r0488_c0117,0.0
r0488_c0118,0.0
r0488_c0119,0.0
r0488_c0120,0.0
r0488_c0121,0.0
r0488_c0122,0.0
r0488_c0123,0.0
r0488_c0124,0.0
r0488_c0125,177.78
r0488_c0126,88.89
r0488_c0127,0.0
r0488_c0128,0.0
r0488_c0129,0.0
r0488_c0130,0.0
r0488_c0131,0.0
r0488_c0132,0.0
r0488_c0133,0.0
r0488_c0135,0.0
r0488_c0136,0.0
r0488_c0137,0.0
r0488_c0140,0.0
r0488_c0142,0.0
r0488_c0143,0.0
r0488_c0144,0.0
r0488_c0145,0.0
r0488_c0146,0.0
r0488_c0147,0.0
r0488_c0148,0.0
r0488_c0149,0.0
r0488_c0150,177.78
r0488_c0151,0.0
r0488_c0152,0.0
r0488_c0153,0.0
r0488_c0157,0.0
r0488_c0158,0.0
r0488_c0159,0.0
r0488_c0160,0.0
r0488_c0161,0.0
r0488_c0165,0.0
r0488_c0166,0.0
r0489_c0094,0.0
r0489_c0095,0.0
r0489_c0096,0.0
r0489_c0097,0.0
r0489_c0098,0.0
r0489_c0099,0.0
r0489_c0100,0.0
r0489_c0101,0.0
r0489_c0106,0.0
r0489_c0108,0.0
r0489_c0109,0.0
r0489_c0110,0.0
r0489_c0111,0.0
r0489_c0112,0.0
r0489_c0114,0.0
r0489_c0115,0.0
r0489_c0116,0.0
r0489_c0117,0.0
r0489_c0118,0.0
r0489_c0119,0.0
r0489_c0120,0.0
r0489_c0121,0.0
r0489_c0122,0.0
r0489_c0123,0.0
r0489_c0124,0.0
r0489_c0125,0.0
r0489_c0126,0.0
r0489_c0127,0.0
r0489_c0128,0.0
r0489_c0129,0.0
r0489_c0130,0.0
r0489_c0131,0.0
r0489_c0132,0.0
r0489_c0133,0.0
r0489_c0134,0.0
r0489_c0135,0.0
r0489_c0136,0.0
r0489_c0138,0.0
r0489_c0139,0.0
r0489_c0141,0.0
r0489_c0142,0.0
r0489_c0143,0.0
r0489_c0144,0.0
r0489_c0145,0.0
r0489_c0147,0.0
r0489_c0148,0.0
r0489_c0149,0.0
r0489_c0150,0.0
r0489_c0151,0.0
r0489_c0152,0.0
r0489_c0153,0.0
r0489_c0154,0.0
r0489_c0156,0.0
r0489_c0157,0.0
r0489_c0158,0.0
r0489_c0159,0.0
r0489_c0160,0.0
r0489_c0161,0.0
r0489_c0166,0.0
r0490_c0092,0.0
r0490_c0093,0.0
r0490_c0094,0.0
r0490_c0095,0.0
r0490_c0096,0.0
r0490_c0097,0.0
r0490_c0098,0.0
r0490_c0099,0.0
r0490_c0100,0.0
r0490_c0101,0.0
r0490_c0102,0.0
r0490_c0108,0.0
r0490_c0109,0.0
r0490_c0110,0.0
r0490_c0111,0.0
r0490_c0112,0.0
r0490_c0115,88.89
r0490_c0116,44.44
r0490_c0117,0.0
r0490_c0118,0.0
r0490_c0119,0.0
r0490_c0120,0.0
r0490_c0121,0.0
r0490_c0122,0.0
r0490_c0123,0.0
r0490_c0124,0.0
r0490_c0125,0.0
r0490_c0126,0.0
r0490_c0127,0.0
r0490_c0128,0.0
r0490_c0129,0.0
r0490_c0130,0.0
r0490_c0131,0.0
r0490_c0132,0.0
r0490_c0133,0.0
r0490_c0134,0.0
r0490_c0135,0.0
r0490_c0137,0.0
r0490_c0138,0.0
r0490_c0140,0.0
r0490_c0141,0.0
r0490_c0142,0.0
r0490_c0143,0.0
r0490_c0144,0.0
r0490_c0145,0.0
r0490_c0146,0.0
r0490_c0147,0.0
r0490_c0148,0.0
r0490_c0149,0.0
r0490_c0150,0.0
r0490_c0151,0.0
r0490_c0152,0.0
r0490_c0153,0.0
r0490_c0154,0.0
r0490_c0155,0.0
r0490_c0156,0.0
r0490_c0157,0.0
r0490_c0158,0.0
r0490_c0159,0.0
r0490_c0160,0.0
r0490_c0161,0.0
r0490_c0162,0.0
r0491_c0092,0.0
r0491_c0093,0.0
r0491_c0094,0.0
r0491_c0095,0.0
r0491_c0096,0.0
r0491_c0097,0.0
r0491_c0098,0.0
r0491_c0099,0.0
r0491_c0100,0.0
r0491_c0101,0.0
r0491_c0102,0.0
r0491_c0109,0.0
r0491_c0110,0.0
r0491_c0111,0.0
r0491_c0112,0.0
r0491_c0113,0.0
r0491_c0116,222.22
r0491_c0117,0.0
r0491_c0118,0.0
r0491_c0119,0.0
r0491_c0120,0.0
r0491_c0121,0.0
r0491_c0122,0.0
r0491_c0123,0.0
r0491_c0124,0.0
r0491_c0125,0.0
r0491_c0126,0.0
r0491_c0127,0.0
r0491_c0128,88.89
r0491_c0129,44.44
r0491_c0130,0.0
r0491_c0131,0.0
r0491_c0132,0.0
r0491_c0133,0.0
r0491_c0134,0.0
r0491_c0140,0.0
r0491_c0141,0.0
r0491_c0142,0.0
r0491_c0143,0.0
r0491_c0144,0.0
r0491_c0145,0.0
r0491_c0146,0.0
r0491_c0147,0.0
r0491_c0148,0.0
r0491_c0149,0.0
r0491_c0150,0.0
r0491_c0151,0.0
r0491_c0152,0.0
r0491_c0153,0.0
r0491_c0154,0.0
r0491_c0155,0.0
r0491_c0156,0.0
r0491_c0157,0.0
r0491_c0158,0.0
r0491_c0159,0.0
r0491_c0160,0.0
r0491_c0161,0.0
r0492_c0091,0.0
r0492_c0092,0.0
r0492_c0093,0.0
r0492_c0094,0.0
r0492_c0095,0.0
r0492_c0096,0.0
r0492_c0097,0.0
r0492_c0098,0.0
r0492_c0099,0.0
r0492_c0100,0.0
r0492_c0101,0.0
r0492_c0109,0.0
r0492_c0110,0.0
r0492_c0135,0.0
r0492_c0136,0.0
r0492_c0139,0.0
r0492_c0140,0.0
r0492_c0141,0.0
r0492_c0142,0.0
r0492_c0143,0.0
r0492_c0144,0.0
r0492_c0145,0.0
r0492_c0146,0.0
r0492_c0147,0.0
r0492_c0148,0.0
r0492_c0149,0.0
r0492_c0150,0.0
r0492_c0151,0.0
r0492_c0152,0.0
r0492_c0153,0.0
r0492_c0154,0.0
r0492_c0155,0.0
r0492_c0156,0.0
r0492_c0157,0.0
r0492_c0158,0.0
r0492_c0159,0.0
r0492_c0160,0.0
r0492_c0161,0.0
r0493_c0092,0.0
r0493_c0093,0.0
r0493_c0094,0.0
r0493_c0095,0.0
r0493_c0096,0.0
r0493_c0097,0.0
r0493_c0098,0.0
r0493_c0099,0.0
r0493_c0100,0.0
r0493_c0101,0.0
r0493_c0109,0.0
r0493_c0140,0.0
r0493_c0141,0.0
r0493_c0142,0.0
r0493_c0143,0.0
r0493_c0144,0.0
r0493_c0145,0.0
r0493_c0146,0.0
r0493_c0147,0.0
r0493_c0148,0.0
r0493_c0149,0.0
r0493_c0150,0.0
r0493_c0151,0.0
r0493_c0152,0.0
r0493_c0153,0.0
r0493_c0154,0.0
r0493_c0157,0.0
r0493_c0158,0.0
r0493_c0159,0.0
r0493_c0160,0.0
r0493_c0161,0.0
r0494_c0093,0.0
r0494_c0094,0.0
r0494_c0095,0.0
r0494_c0096,0.0
r0494_c0097,0.0
r0494_c0098,0.0
r0494_c0099,0.0
r0494_c0100,0.0
r0494_c0140,0.0
r0494_c0141,0.0
r0494_c0142,0.0
r0494_c0143,0.0
r0494_c0144,0.0
r0494_c0145,0.0
r0494_c0146,0.0
r0494_c0147,0.0
r0494_c0148,0.0
r0494_c0149,0.0
r0494_c0150,0.0
r0494_c0151,0.0
r0494_c0152,0.0
r0494_c0158,0.0
r0494_c0159,0.0
r0494_c0160,0.0
r0494_c0161,0.0
r0495_c0094,0.0
r0495_c0095,0.0
r0495_c0096,0.0
r0495_c0097,0.0
r0495_c0098,0.0
r0495_c0099,0.0
r0495_c0100,0.0
r0495_c0140,0.0
r0495_c0141,0.0
r0495_c0143,0.0
r0495_c0144,0.0
r0495_c0146,0.0
r0495_c0147,0.0
r0495_c0148,0.0
r0495_c0149,0.0
r0495_c0150,0.0
r0495_c0151,0.0
r0495_c0157,0.0
r0495_c0158,0.0
r0495_c0159,0.0
r0495_c0160,0.0
r0495_c0161,0.0
r0496_c0095,0.0
r0496_c0096,0.0
r0496_c0097,0.0
r0496_c0098,0.0
r0496_c0099,0.0
r0496_c0146,0.0
r0496_c0147,0.0
r0496_c0148,0.0
r0496_c0149,0.0
r0496_c0150,0.0
r0496_c0158,0.0
r0497_c0096,0.0
r0497_c0097,0.0
r0497_c0098,0.0
r0497_c0099,0.0
