cell_id,cell_lat,cell_lon,zone_type,cell_lot_count
r0043_c0100,37.6977467,-123.0033326,Mixed-Use,3
r0051_c0400,37.7085575,-122.4903661,Open Space,4
r0051_c0401,37.7085575,-122.4886562,Open Space,5
r0051_c0404,37.7085575,-122.4835265,Residential,6
r0051_c0412,37.7085575,-122.4698474,Residential,6
r0051_c0414,37.7085575,-122.4664276,Residential,6
r0051_c0415,37.7085575,-122.4647177,Residential,10
r0051_c0416,37.7085575,-122.4630078,Residential,10
r0051_c0417,37.7085575,-122.461298,Residential,10
r0051_c0418,37.7085575,-122.4595881,Residential,9
r0051_c0419,37.7085575,-122.4578782,Residential,9
r0051_c0420,37.7085575,-122.4561683,Residential,10
r0051_c0421,37.7085575,-122.4544584,Residential,10
r0051_c0422,37.7085575,-122.4527485,Commercial,10
r0051_c0423,37.7085575,-122.4510386,Residential,9
r0051_c0424,37.7085575,-122.4493287,Residential,10
r0051_c0425,37.7085575,-122.4476188,Residential,9
r0051_c0426,37.7085575,-122.445909,Residential,7
r0051_c0427,37.7085575,-122.4441991,Residential,9
r0051_c0428,37.7085575,-122.4424892,Residential,9
r0051_c0429,37.7085575,-122.4407793,Residential,7
r0051_c0430,37.7085575,-122.4390694,Residential,9
r0051_c0431,37.7085575,-122.4373595,Residential,7
r0051_c0432,37.7085575,-122.4356496,Residential,8
r0051_c0433,37.7085575,-122.4339397,Residential,9
r0051_c0434,37.7085575,-122.4322299,Residential,10
r0051_c0435,37.7085575,-122.43052,Residential,7
r0051_c0436,37.7085575,-122.4288101,Residential,10
r0051_c0438,37.7085575,-122.4253903,Mixed-Use,33
r0051_c0439,37.7085575,-122.4236804,Commercial,4
r0051_c0440,37.7085575,-122.4219705,Commercial,8
r0051_c0441,37.7085575,-122.4202606,Residential,8
r0051_c0442,37.7085575,-122.4185507,Residential,10
r0051_c0443,37.7085575,-122.4168409,Residential,10
r0051_c0444,37.7085575,-122.415131,Residential,9
r0051_c0445,37.7085575,-122.4134211,Residential,5
r0051_c0446,37.7085575,-122.4117112,Industrial,9
r0051_c0447,37.7085575,-122.4100013,Industrial,10
r0051_c0448,37.7085575,-122.4082914,Residential,11
r0051_c0449,37.7085575,-122.4065815,Residential,7
r0051_c0452,37.7085575,-122.4014519,Industrial,4
r0051_c0453,37.7085575,-122.399742,Industrial,10
r0051_c0454,37.7085575,-122.3980321,Industrial,10
r0051_c0455,37.7085575,-122.3963222,Industrial,7
r0052_c0400,37.7099089,-122.4903661,Open Space,3
r0052_c0404,37.7099089,-122.4835265,Residential,6
r0052_c0412,37.7099089,-122.4698474,Residential,8
r0052_c0413,37.7099089,-122.4681375,Mixed-Use,4
r0052_c0415,37.7099089,-122.4647177,Residential,4
r0052_c0416,37.7099089,-122.4630078,Residential,6
r0052_c0417,37.7099089,-122.461298,Residential,6
r0052_c0418,37.7099089,-122.4595881,Residential,6
r0052_c0419,37.7099089,-122.4578782,Residential,4
r0052_c0420,37.7099089,-122.4561683,Residential,7
r0052_c0421,37.7099089,-122.4544584,Residential,8
r0052_c0422,37.7099089,-122.4527485,Residential,10
r0052_c0423,37.7099089,-122.4510386,Residential,10
r0052_c0424,37.7099089,-122.4493287,Commercial,10
r0052_c0425,37.7099089,-122.4476188,Residential,6
r0052_c0426,37.7099089,-122.445909,Residential,6
r0052_c0427,37.7099089,-122.4441991,Residential,10
r0052_c0428,37.7099089,-122.4424892,Residential,9
r0052_c0429,37.7099089,-122.4407793,Residential,10
r0052_c0430,37.7099089,-122.4390694,Residential,8
r0052_c0431,37.7099089,-122.4373595,Residential,9
r0052_c0432,37.7099089,-122.4356496,Residential,8
r0052_c0433,37.7099089,-122.4339397,Residential,5
r0052_c0434,37.7099089,-122.4322299,Residential,10
r0052_c0435,37.7099089,-122.43052,Residential,9
r0052_c0436,37.7099089,-122.4288101,Residential,9
r0052_c0437,37.7099089,-122.4271002,Residential,4
r0052_c0438,37.7099089,-122.4253903,Residential,3
r0052_c0439,37.7099089,-122.4236804,Residential,7
r0052_c0440,37.7099089,-122.4219705,Residential,9
r0052_c0441,37.7099089,-122.4202606,Residential,9
r0052_c0442,37.7099089,-122.4185507,Residential,10
r0052_c0443,37.7099089,-122.4168409,Residential,10
r0052_c0444,37.7099089,-122.415131,Residential,10
r0052_c0445,37.7099089,-122.4134211,Residential,10
r0052_c0446,37.7099089,-122.4117112,Residential,10
r0052_c0447,37.7099089,-122.4100013,Residential,10
r0052_c0448,37.7099089,-122.4082914,Residential,10
r0052_c0449,37.7099089,-122.4065815,Residential,10
r0052_c0450,37.7099089,-122.4048716,Residential,4
r0052_c0452,37.7099089,-122.4014519,Industrial,3
r0052_c0453,37.7099089,-122.399742,Residential,10
r0052_c0454,37.7099089,-122.3980321,Industrial,6
r0052_c0455,37.7099089,-122.3963222,Industrial,7
r0052_c0456,37.7099089,-122.3946123,Commercial,5
r0052_c0457,37.7099089,-122.3929024,Commercial,10
r0052_c0462,37.7099089,-122.384353,Other,7
r0052_c0463,37.7099089,-122.3826431,Other,8
r0053_c0397,37.7112602,-122.4954957,Open Space,3
r0053_c0399,37.7112602,-122.4920759,Open Space,5
r0053_c0400,37.7112602,-122.4903661,Open Space,3
r0053_c0411,37.7112602,-122.4715573,Residential,3
r0053_c0412,37.7112602,-122.4698474,Residential,10
r0053_c0413,37.7112602,-122.4681375,Residential,7
r0053_c0414,37.7112602,-122.4664276,Residential,6
r0053_c0415,37.7112602,-122.4647177,Residential,6
r0053_c0416,37.7112602,-122.4630078,Residential,3
r0053_c0417,37.7112602,-122.461298,Residential,6
r0053_c0418,37.7112602,-122.4595881,Residential,6
r0053_c0419,37.7112602,-122.4578782,Residential,6
r0053_c0422,37.7112602,-122.4527485,Residential,8
r0053_c0423,37.7112602,-122.4510386,Residential,10
r0053_c0424,37.7112602,-122.4493287,Residential,10
r0053_c0425,37.7112602,-122.4476188,Commercial,10
r0053_c0426,37.7112602,-122.445909,Commercial,8
r0053_c0427,37.7112602,-122.4441991,Residential,7
r0053_c0428,37.7112602,-122.4424892,Residential,10
r0053_c0429,37.7112602,-122.4407793,Residential,10
r0053_c0430,37.7112602,-122.4390694,Residential,9
r0053_c0431,37.7112602,-122.4373595,Residential,10
r0053_c0432,37.7112602,-122.4356496,Residential,9
r0053_c0433,37.7112602,-122.4339397,Residential,9
r0053_c0434,37.7112602,-122.4322299,Residential,8
r0053_c0435,37.7112602,-122.43052,Residential,10
r0053_c0436,37.7112602,-122.4288101,Residential,10
r0053_c0437,37.7112602,-122.4271002,Residential,6
r0053_c0438,37.7112602,-122.4253903,Residential,3
r0053_c0440,37.7112602,-122.4219705,Residential,9
r0053_c0441,37.7112602,-122.4202606,Residential,10
r0053_c0442,37.7112602,-122.4185507,Residential,10
r0053_c0443,37.7112602,-122.4168409,Residential,10
r0053_c0444,37.7112602,-122.415131,Residential,10
r0053_c0445,37.7112602,-122.4134211,Residential,10
r0053_c0446,37.7112602,-122.4117112,Residential,10
r0053_c0447,37.7112602,-122.4100013,Residential,10
r0053_c0448,37.7112602,-122.4082914,Residential,10
r0053_c0449,37.7112602,-122.4065815,Residential,10
r0053_c0450,37.7112602,-122.4048716,Residential,10
r0053_c0453,37.7112602,-122.399742,Residential,10
r0053_c0454,37.7112602,-122.3980321,Residential,10
r0053_c0455,37.7112602,-122.3963222,Residential,7
r0053_c0456,37.7112602,-122.3946123,Residential,6
r0053_c0457,37.7112602,-122.3929024,Commercial,9
r0053_c0458,37.7112602,-122.3911925,Residential,6
r0053_c0459,37.7112602,-122.3894826,Residential,5
r0053_c0460,37.7112602,-122.3877728,Residential,7
r0053_c0461,37.7112602,-122.3860629,Mixed-Use,7
r0053_c0462,37.7112602,-122.384353,Other,10
r0053_c0463,37.7112602,-122.3826431,Other,10
r0054_c0394,37.7126116,-122.5006254,Other,3
r0054_c0395,37.7126116,-122.4989155,Other,3
r0054_c0399,37.7126116,-122.4920759,Open Space,3
r0054_c0404,37.7126116,-122.4835265,Residential,4
r0054_c0405,37.7126116,-122.4818166,Residential,4
r0054_c0409,37.7126116,-122.4749771,Mixed-Use,5
r0054_c0411,37.7126116,-122.4715573,Residential,4
r0054_c0412,37.7126116,-122.4698474,Residential,3
r0054_c0413,37.7126116,-122.4681375,Residential,4
r0054_c0414,37.7126116,-122.4664276,Residential,4
r0054_c0415,37.7126116,-122.4647177,Residential,4
r0054_c0416,37.7126116,-122.4630078,Residential,8
r0054_c0417,37.7126116,-122.461298,Residential,9
r0054_c0418,37.7126116,-122.4595881,Residential,9
r0054_c0419,37.7126116,-122.4578782,Residential,9
r0054_c0420,37.7126116,-122.4561683,Residential,9
r0054_c0421,37.7126116,-122.4544584,Residential,4
r0054_c0422,37.7126116,-122.4527485,Commercial,3
r0054_c0423,37.7126116,-122.4510386,Residential,7
r0054_c0424,37.7126116,-122.4493287,Residential,10
r0054_c0425,37.7126116,-122.4476188,Residential,10
r0054_c0426,37.7126116,-122.445909,Residential,10
r0054_c0427,37.7126116,-122.4441991,Residential,10
r0054_c0428,37.7126116,-122.4424892,Residential,10
r0054_c0429,37.7126116,-122.4407793,Residential,10
r0054_c0430,37.7126116,-122.4390694,Residential,10
r0054_c0431,37.7126116,-122.4373595,Residential,9
r0054_c0432,37.7126116,-122.4356496,Residential,9
r0054_c0433,37.7126116,-122.4339397,Residential,9
r0054_c0434,37.7126116,-122.4322299,Residential,5
r0054_c0435,37.7126116,-122.43052,Residential,4
r0054_c0440,37.7126116,-122.4219705,Residential,7
r0054_c0441,37.7126116,-122.4202606,Residential,10
r0054_c0442,37.7126116,-122.4185507,Residential,10
r0054_c0443,37.7126116,-122.4168409,Residential,7
r0054_c0444,37.7126116,-122.415131,Residential,9
r0054_c0445,37.7126116,-122.4134211,Residential,10
r0054_c0446,37.7126116,-122.4117112,Residential,10
r0054_c0447,37.7126116,-122.4100013,Residential,10
r0054_c0448,37.7126116,-122.4082914,Residential,10
r0054_c0449,37.7126116,-122.4065815,Residential,10
r0054_c0450,37.7126116,-122.4048716,Residential,10
r0054_c0451,37.7126116,-122.4031618,Residential,9
r0054_c0452,37.7126116,-122.4014519,Residential,5
r0054_c0453,37.7126116,-122.399742,Residential,10
r0054_c0454,37.7126116,-122.3980321,Residential,9
r0054_c0455,37.7126116,-122.3963222,Residential,4
r0054_c0456,37.7126116,-122.3946123,Residential,10
r0054_c0457,37.7126116,-122.3929024,Residential,6
r0054_c0460,37.7126116,-122.3877728,Mixed-Use,5
r0054_c0461,37.7126116,-122.3860629,Other,10
r0054_c0462,37.7126116,-122.384353,Other,10
r0054_c0463,37.7126116,-122.3826431,Other,10
r0055_c0398,37.7139629,-122.4937858,Open Space,4
r0055_c0409,37.7139629,-122.4749771,Residential,5
r0055_c0410,37.7139629,-122.4732672,Residential,10
r0055_c0411,37.7139629,-122.4715573,Residential,6
r0055_c0412,37.7139629,-122.4698474,Residential,7
r0055_c0413,37.7139629,-122.4681375,Residential,9
r0055_c0414,37.7139629,-122.4664276,Residential,9
r0055_c0415,37.7139629,-122.4647177,Residential,9
r0055_c0416,37.7139629,-122.4630078,Residential,8
r0055_c0417,37.7139629,-122.461298,Residential,9
r0055_c0418,37.7139629,-122.4595881,Residential,6
r0055_c0419,37.7139629,-122.4578782,Residential,10
r0055_c0420,37.7139629,-122.4561683,Residential,9
r0055_c0421,37.7139629,-122.4544584,Residential,5
r0055_c0422,37.7139629,-122.4527485,Residential,5
r0055_c0424,37.7139629,-122.4493287,Residential,6
r0055_c0425,37.7139629,-122.4476188,Residential,9
r0055_c0426,37.7139629,-122.445909,Residential,10
r0055_c0427,37.7139629,-122.4441991,Residential,10
r0055_c0428,37.7139629,-122.4424892,Residential,10
r0055_c0429,37.7139629,-122.4407793,Residential,10
r0055_c0430,37.7139629,-122.4390694,Residential,10
r0055_c0431,37.7139629,-122.4373595,Residential,8
r0055_c0432,37.7139629,-122.4356496,Residential,7
r0055_c0433,37.7139629,-122.4339397,Residential,8
r0055_c0439,37.7139629,-122.4236804,Industrial,3
r0055_c0440,37.7139629,-122.4219705,Residential,4
r0055_c0441,37.7139629,-122.4202606,Residential,4
r0055_c0444,37.7139629,-122.415131,Residential,8
r0055_c0445,37.7139629,-122.4134211,Residential,10
r0055_c0446,37.7139629,-122.4117112,Residential,9
r0055_c0447,37.7139629,-122.4100013,Residential,10
r0055_c0448,37.7139629,-122.4082914,Residential,10
r0055_c0449,37.7139629,-122.4065815,Residential,10
r0055_c0450,37.7139629,-122.4048716,Residential,10
r0055_c0451,37.7139629,-122.4031618,Residential,10
r0055_c0452,37.7139629,-122.4014519,Residential,10
r0055_c0453,37.7139629,-122.399742,Residential,7
r0055_c0460,37.7139629,-122.3877728,Other,6
r0055_c0461,37.7139629,-122.3860629,Other,10
r0055_c0462,37.7139629,-122.384353,Other,10
r0055_c0463,37.7139629,-122.3826431,Other,10
r0056_c0396,37.7153143,-122.4972056,Residential,5
r0056_c0397,37.7153143,-122.4954957,Residential,5
r0056_c0403,37.7153143,-122.4852364,Residential,4
r0056_c0404,37.7153143,-122.4835265,Residential,9
r0056_c0405,37.7153143,-122.4818166,Residential,10
r0056_c0406,37.7153143,-122.4801067,Residential,10
r0056_c0407,37.7153143,-122.4783968,Residential,10
r0056_c0408,37.7153143,-122.476687,Residential,10
r0056_c0409,37.7153143,-122.4749771,Residential,11
r0056_c0410,37.7153143,-122.4732672,Residential,11
r0056_c0411,37.7153143,-122.4715573,Residential,7
r0056_c0412,37.7153143,-122.4698474,Residential,7
r0056_c0413,37.7153143,-122.4681375,Residential,10
r0056_c0414,37.7153143,-122.4664276,Residential,10
r0056_c0415,37.7153143,-122.4647177,Residential,10
r0056_c0416,37.7153143,-122.4630078,Residential,9
r0056_c0417,37.7153143,-122.461298,Residential,9
r0056_c0418,37.7153143,-122.4595881,Residential,7
r0056_c0420,37.7153143,-122.4561683,Residential,4
r0056_c0421,37.7153143,-122.4544584,Residential,7
r0056_c0422,37.7153143,-122.4527485,Residential,8
r0056_c0423,37.7153143,-122.4510386,Residential,6
r0056_c0424,37.7153143,-122.4493287,Residential,5
r0056_c0425,37.7153143,-122.4476188,Residential,10
r0056_c0426,37.7153143,-122.445909,Residential,7
r0056_c0427,37.7153143,-122.4441991,Residential,10
r0056_c0428,37.7153143,-122.4424892,Residential,11
r0056_c0429,37.7153143,-122.4407793,Residential,10
r0056_c0430,37.7153143,-122.4390694,Residential,9
r0056_c0431,37.7153143,-122.4373595,Residential,9
r0056_c0432,37.7153143,-122.4356496,Residential,10
r0056_c0433,37.7153143,-122.4339397,Residential,10
r0056_c0434,37.7153143,-122.4322299,Residential,6
r0056_c0435,37.7153143,-122.43052,Open Space,3
r0056_c0444,37.7153143,-122.415131,Residential,4
r0056_c0447,37.7153143,-122.4100013,Residential,10
r0056_c0448,37.7153143,-122.4082914,Residential,10
r0056_c0449,37.7153143,-122.4065815,Residential,10
r0056_c0450,37.7153143,-122.4048716,Residential,10
r0056_c0451,37.7153143,-122.4031618,Residential,10
r0056_c0452,37.7153143,-122.4014519,Residential,10
r0056_c0453,37.7153143,-122.399742,Residential,6
r0056_c0454,37.7153143,-122.3980321,Mixed-Use,3
r0056_c0459,37.7153143,-122.3894826,Mixed-Use,12
r0056_c0460,37.7153143,-122.3877728,Other,7
r0056_c0461,37.7153143,-122.3860629,Other,10
r0056_c0462,37.7153143,-122.384353,Mixed-Use,10
r0056_c0463,37.7153143,-122.3826431,Industrial,7
r0057_c0395,37.7166657,-122.4989155,Residential,5
r0057_c0396,37.7166657,-122.4972056,Residential,5
r0057_c0403,37.7166657,-122.4852364,Residential,4
r0057_c0404,37.7166657,-122.4835265,Residential,10
r0057_c0405,37.7166657,-122.4818166,Residential,10
r0057_c0406,37.7166657,-122.4801067,Residential,10
r0057_c0407,37.7166657,-122.4783968,Residential,10
r0057_c0408,37.7166657,-122.476687,Residential,11
r0057_c0409,37.7166657,-122.4749771,Residential,11
r0057_c0410,37.7166657,-122.4732672,Residential,10
r0057_c0411,37.7166657,-122.4715573,Residential,5
r0057_c0412,37.7166657,-122.4698474,Residential,9
r0057_c0413,37.7166657,-122.4681375,Residential,7
r0057_c0415,37.7166657,-122.4647177,Residential,10
r0057_c0416,37.7166657,-122.4630078,Residential,10
r0057_c0417,37.7166657,-122.461298,Residential,10
r0057_c0418,37.7166657,-122.4595881,Residential,9
r0057_c0419,37.7166657,-122.4578782,Residential,5
r0057_c0420,37.7166657,-122.4561683,Residential,7
r0057_c0421,37.7166657,-122.4544584,Residential,10
r0057_c0422,37.7166657,-122.4527485,Residential,10
r0057_c0423,37.7166657,-122.4510386,Residential,8
r0057_c0424,37.7166657,-122.4493287,Residential,3
r0057_c0425,37.7166657,-122.4476188,Residential,9
r0057_c0426,37.7166657,-122.445909,Residential,10
r0057_c0427,37.7166657,-122.4441991,Residential,8
r0057_c0428,37.7166657,-122.4424892,Residential,10
r0057_c0429,37.7166657,-122.4407793,Commercial,10
r0057_c0430,37.7166657,-122.4390694,Residential,10
r0057_c0431,37.7166657,-122.4373595,Residential,10
r0057_c0432,37.7166657,-122.4356496,Residential,10
r0057_c0433,37.7166657,-122.4339397,Residential,10
r0057_c0434,37.7166657,-122.4322299,Residential,10
r0057_c0435,37.7166657,-122.43052,Residential,8
r0057_c0436,37.7166657,-122.4288101,Residential,10
r0057_c0437,37.7166657,-122.4271002,Residential,7
r0057_c0447,37.7166657,-122.4100013,Residential,4
r0057_c0448,37.7166657,-122.4082914,Residential,7
r0057_c0449,37.7166657,-122.4065815,Residential,10
r0057_c0450,37.7166657,-122.4048716,Residential,10
r0057_c0451,37.7166657,-122.4031618,Residential,10
r0057_c0452,37.7166657,-122.4014519,Residential,10
r0057_c0453,37.7166657,-122.399742,Residential,4
r0057_c0454,37.7166657,-122.3980321,Mixed-Use,15
r0057_c0455,37.7166657,-122.3963222,Mixed-Use,33
r0057_c0459,37.7166657,-122.3894826,Residential,3
r0057_c0460,37.7166657,-122.3877728,Other,4
r0057_c0461,37.7166657,-122.3860629,Mixed-Use,9
r0057_c0462,37.7166657,-122.384353,Industrial,9
r0057_c0463,37.7166657,-122.3826431,Industrial,7
r0057_c0473,37.7166657,-122.3655442,Other,7
r0057_c0474,37.7166657,-122.3638343,Mixed-Use,5
r0058_c0403,37.718017,-122.4852364,Residential,4
r0058_c0404,37.718017,-122.4835265,Residential,12
r0058_c0405,37.718017,-122.4818166,Residential,13
r0058_c0406,37.718017,-122.4801067,Residential,14
r0058_c0407,37.718017,-122.4783968,Residential,11
r0058_c0408,37.718017,-122.476687,Residential,11
r0058_c0409,37.718017,-122.4749771,Residential,10
r0058_c0410,37.718017,-122.4732672,Residential,5
r0058_c0411,37.718017,-122.4715573,Residential,6
r0058_c0412,37.718017,-122.4698474,Residential,8
r0058_c0413,37.718017,-122.4681375,Residential,9
r0058_c0414,37.718017,-122.4664276,Residential,7
r0058_c0415,37.718017,-122.4647177,Residential,10
r0058_c0416,37.718017,-122.4630078,Residential,8
r0058_c0417,37.718017,-122.461298,Residential,10
r0058_c0418,37.718017,-122.4595881,Residential,9
r0058_c0419,37.718017,-122.4578782,Residential,10
r0058_c0420,37.718017,-122.4561683,Residential,9
r0058_c0421,37.718017,-122.4544584,Residential,8
r0058_c0422,37.718017,-122.4527485,Residential,9
r0058_c0423,37.718017,-122.4510386,Residential,10
r0058_c0424,37.718017,-122.4493287,Residential,6
r0058_c0425,37.718017,-122.4476188,Residential,8
r0058_c0426,37.718017,-122.445909,Residential,10
r0058_c0427,37.718017,-122.4441991,Residential,10
r0058_c0428,37.718017,-122.4424892,Residential,3
r0058_c0429,37.718017,-122.4407793,Commercial,4
r0058_c0430,37.718017,-122.4390694,Residential,10
r0058_c0431,37.718017,-122.4373595,Residential,10
r0058_c0432,37.718017,-122.4356496,Residential,10
r0058_c0433,37.718017,-122.4339397,Residential,10
r0058_c0434,37.718017,-122.4322299,Residential,10
r0058_c0435,37.718017,-122.43052,Residential,10
r0058_c0436,37.718017,-122.4288101,Residential,10
r0058_c0437,37.718017,-122.4271002,Residential,10
r0058_c0448,37.718017,-122.4082914,Residential,3
r0058_c0449,37.718017,-122.4065815,Residential,9
r0058_c0450,37.718017,-122.4048716,Residential,10
r0058_c0451,37.718017,-122.4031618,Residential,10
r0058_c0452,37.718017,-122.4014519,Residential,10
r0058_c0454,37.718017,-122.3980321,Mixed-Use,27
r0058_c0455,37.718017,-122.3963222,Mixed-Use,66
r0058_c0456,37.718017,-122.3946123,Mixed-Use,33
r0058_c0458,37.718017,-122.3911925,Residential,5
r0058_c0460,37.718017,-122.3877728,Industrial,3
r0058_c0462,37.718017,-122.384353,Industrial,4
r0058_c0471,37.718017,-122.368964,Other,7
r0058_c0472,37.718017,-122.3672541,Other,9
r0058_c0473,37.718017,-122.3655442,Mixed-Use,10
r0058_c0474,37.718017,-122.3638343,Industrial,10
r0059_c0395,37.7193684,-122.4989155,Mixed-Use,3
r0059_c0401,37.7193684,-122.4886562,Open Space,3
r0059_c0403,37.7193684,-122.4852364,Residential,4
r0059_c0404,37.7193684,-122.4835265,Residential,10
r0059_c0405,37.7193684,-122.4818166,Residential,11
r0059_c0406,37.7193684,-122.4801067,Residential,11
r0059_c0407,37.7193684,-122.4783968,Residential,11
r0059_c0408,37.7193684,-122.476687,Residential,12
r0059_c0409,37.7193684,-122.4749771,Residential,8
r0059_c0410,37.7193684,-122.4732672,Residential,8
r0059_c0411,37.7193684,-122.4715573,Residential,8
r0059_c0412,37.7193684,-122.4698474,Residential,10
r0059_c0413,37.7193684,-122.4681375,Residential,10
r0059_c0414,37.7193684,-122.4664276,Residential,10
r0059_c0415,37.7193684,-122.4647177,Residential,10
r0059_c0416,37.7193684,-122.4630078,Residential,8
r0059_c0417,37.7193684,-122.461298,Residential,10
r0059_c0418,37.7193684,-122.4595881,Residential,9
r0059_c0419,37.7193684,-122.4578782,Residential,10
r0059_c0420,37.7193684,-122.4561683,Residential,9
r0059_c0421,37.7193684,-122.4544584,Residential,9
r0059_c0422,37.7193684,-122.4527485,Residential,8
r0059_c0423,37.7193684,-122.4510386,Residential,9
r0059_c0424,37.7193684,-122.4493287,Residential,7
r0059_c0425,37.7193684,-122.4476188,Residential,5
r0059_c0426,37.7193684,-122.445909,Residential,10
r0059_c0427,37.7193684,-122.4441991,Residential,4
r0059_c0430,37.7193684,-122.4390694,Commercial,12
r0059_c0431,37.7193684,-122.4373595,Residential,10
r0059_c0432,37.7193684,-122.4356496,Residential,10
r0059_c0433,37.7193684,-122.4339397,Residential,10
r0059_c0434,37.7193684,-122.4322299,Residential,10
r0059_c0435,37.7193684,-122.43052,Residential,10
r0059_c0436,37.7193684,-122.4288101,Residential,10
r0059_c0437,37.7193684,-122.4271002,Residential,10
r0059_c0447,37.7193684,-122.4100013,Residential,5
r0059_c0448,37.7193684,-122.4082914,Residential,4
r0059_c0449,37.7193684,-122.4065815,Residential,8
r0059_c0450,37.7193684,-122.4048716,Residential,10
r0059_c0451,37.7193684,-122.4031618,Residential,10
r0059_c0452,37.7193684,-122.4014519,Residential,10
r0059_c0456,37.7193684,-122.3946123,Mixed-Use,71
r0059_c0457,37.7193684,-122.3929024,Mixed-Use,60
r0059_c0459,37.7193684,-122.3894826,Mixed-Use,5
r0059_c0460,37.7193684,-122.3877728,Mixed-Use,10
r0059_c0461,37.7193684,-122.3860629,Other,6
r0059_c0468,37.7193684,-122.3740936,Other,6
r0059_c0469,37.7193684,-122.3723838,Other,8
r0059_c0470,37.7193684,-122.3706739,Other,10
r0059_c0471,37.7193684,-122.368964,Other,10
r0059_c0472,37.7193684,-122.3672541,Other,10
r0059_c0473,37.7193684,-122.3655442,Mixed-Use,10
r0059_c0474,37.7193684,-122.3638343,Industrial,9
r0059_c0475,37.7193684,-122.3621244,Industrial,3
r0059_c0476,37.7193684,-122.3604145,Industrial,9
r0060_c0403,37.7207197,-122.4852364,Residential,4
r0060_c0404,37.7207197,-122.4835265,Residential,9
r0060_c0405,37.7207197,-122.4818166,Residential,5
r0060_c0406,37.7207197,-122.4801067,Open Space,3
r0060_c0408,37.7207197,-122.476687,Residential,3
r0060_c0409,37.7207197,-122.4749771,Residential,8
r0060_c0410,37.7207197,-122.4732672,Residential,8
r0060_c0411,37.7207197,-122.4715573,Residential,8
r0060_c0412,37.7207197,-122.4698474,Residential,10
r0060_c0413,37.7207197,-122.4681375,Residential,10
r0060_c0414,37.7207197,-122.4664276,Residential,10
r0060_c0415,37.7207197,-122.4647177,Residential,10
r0060_c0416,37.7207197,-122.4630078,Residential,9
r0060_c0417,37.7207197,-122.461298,Residential,10
r0060_c0418,37.7207197,-122.4595881,Residential,8
r0060_c0419,37.7207197,-122.4578782,Residential,10
r0060_c0420,37.7207197,-122.4561683,Residential,9
r0060_c0421,37.7207197,-122.4544584,Residential,9
r0060_c0422,37.7207197,-122.4527485,Residential,8
r0060_c0423,37.7207197,-122.4510386,Residential,10
r0060_c0424,37.7207197,-122.4493287,Residential,9
r0060_c0425,37.7207197,-122.4476188,Mixed-Use,4
r0060_c0426,37.7207197,-122.445909,Industrial,3
r0060_c0427,37.7207197,-122.4441991,Mixed-Use,54
r0060_c0430,37.7207197,-122.4390694,Commercial,6
r0060_c0431,37.7207197,-122.4373595,Commercial,10
r0060_c0432,37.7207197,-122.4356496,Residential,10
r0060_c0433,37.7207197,-122.4339397,Residential,10
r0060_c0434,37.7207197,-122.4322299,Residential,10
r0060_c0435,37.7207197,-122.43052,Residential,10
r0060_c0436,37.7207197,-122.4288101,Residential,10
r0060_c0437,37.7207197,-122.4271002,Residential,10
r0060_c0438,37.7207197,-122.4253903,Residential,6
r0060_c0443,37.7207197,-122.4168409,Mixed-Use,3
r0060_c0446,37.7207197,-122.4117112,Residential,5
r0060_c0447,37.7207197,-122.4100013,Residential,10
r0060_c0448,37.7207197,-122.4082914,Residential,8
r0060_c0450,37.7207197,-122.4048716,Residential,5
r0060_c0451,37.7207197,-122.4031618,Residential,8
r0060_c0452,37.7207197,-122.4014519,Residential,8
r0060_c0454,37.7207197,-122.3980321,Residential,7
r0060_c0455,37.7207197,-122.3963222,Residential,3
r0060_c0456,37.7207197,-122.3946123,Mixed-Use,57
r0060_c0457,37.7207197,-122.3929024,Mixed-Use,63
r0060_c0458,37.7207197,-122.3911925,Mixed-Use,64
r0060_c0460,37.7207197,-122.3877728,Other,10
r0060_c0461,37.7207197,-122.3860629,Other,6
r0060_c0467,37.7207197,-122.3758035,Other,3
r0060_c0468,37.7207197,-122.3740936,Other,10
r0060_c0469,37.7207197,-122.3723838,Other,10
r0060_c0470,37.7207197,-122.3706739,Other,10
r0060_c0471,37.7207197,-122.368964,Mixed-Use,11
r0060_c0472,37.7207197,-122.3672541,Mixed-Use,11
r0060_c0473,37.7207197,-122.3655442,Industrial,10
r0060_c0474,37.7207197,-122.3638343,Industrial,10
r0060_c0475,37.7207197,-122.3621244,Industrial,8
r0061_c0401,37.7220711,-122.4886562,Open Space,3
r0061_c0407,37.7220711,-122.4783968,Open Space,3
r0061_c0409,37.7220711,-122.4749771,Residential,5
r0061_c0410,37.7220711,-122.4732672,Residential,8
r0061_c0411,37.7220711,-122.4715573,Residential,7
r0061_c0412,37.7220711,-122.4698474,Residential,10
r0061_c0413,37.7220711,-122.4681375,Residential,10
r0061_c0414,37.7220711,-122.4664276,Residential,10
r0061_c0415,37.7220711,-122.4647177,Residential,10
r0061_c0416,37.7220711,-122.4630078,Residential,8
r0061_c0417,37.7220711,-122.461298,Residential,9
r0061_c0418,37.7220711,-122.4595881,Residential,8
r0061_c0419,37.7220711,-122.4578782,Residential,10
r0061_c0420,37.7220711,-122.4561683,Residential,9
r0061_c0421,37.7220711,-122.4544584,Residential,9
r0061_c0422,37.7220711,-122.4527485,Residential,8
r0061_c0423,37.7220711,-122.4510386,Residential,6
r0061_c0424,37.7220711,-122.4493287,Residential,4
r0061_c0425,37.7220711,-122.4476188,Industrial,4
r0061_c0426,37.7220711,-122.445909,Industrial,7
r0061_c0427,37.7220711,-122.4441991,Mixed-Use,23
r0061_c0428,37.7220711,-122.4424892,Mixed-Use,32
r0061_c0430,37.7220711,-122.4390694,Commercial,4
r0061_c0431,37.7220711,-122.4373595,Commercial,10
r0061_c0432,37.7220711,-122.4356496,Residential,10
r0061_c0433,37.7220711,-122.4339397,Residential,10
r0061_c0434,37.7220711,-122.4322299,Residential,10
r0061_c0435,37.7220711,-122.43052,Residential,10
r0061_c0436,37.7220711,-122.4288101,Residential,10
r0061_c0437,37.7220711,-122.4271002,Residential,10
r0061_c0438,37.7220711,-122.4253903,Residential,9
r0061_c0445,37.7220711,-122.4134211,Mixed-Use,3
r0061_c0446,37.7220711,-122.4117112,Residential,8
r0061_c0447,37.7220711,-122.4100013,Residential,10
r0061_c0448,37.7220711,-122.4082914,Residential,7
r0061_c0450,37.7220711,-122.4048716,Residential,7
r0061_c0451,37.7220711,-122.4031618,Residential,10
r0061_c0452,37.7220711,-122.4014519,Residential,7
r0061_c0453,37.7220711,-122.399742,Residential,6
r0061_c0454,37.7220711,-122.3980321,Residential,9
r0061_c0455,37.7220711,-122.3963222,Residential,5
r0061_c0456,37.7220711,-122.3946123,Mixed-Use,58
r0061_c0457,37.7220711,-122.3929024,Mixed-Use,41
r0061_c0458,37.7220711,-122.3911925,Mixed-Use,29
r0061_c0459,37.7220711,-122.3894826,Mixed-Use,14
r0061_c0467,37.7220711,-122.3758035,Other,6
r0061_c0468,37.7220711,-122.3740936,Other,10
r0061_c0469,37.7220711,-122.3723838,Other,10
r0061_c0470,37.7220711,-122.3706739,Other,10
r0061_c0471,37.7220711,-122.368964,Industrial,11
r0061_c0472,37.7220711,-122.3672541,Industrial,11
r0061_c0473,37.7220711,-122.3655442,Industrial,11
r0061_c0474,37.7220711,-122.3638343,Industrial,8
r0061_c0476,37.7220711,-122.3604145,Industrial,3
r0062_c0398,37.7234224,-122.4937858,Open Space,4
r0062_c0400,37.7234224,-122.4903661,Open Space,3
r0062_c0401,37.7234224,-122.4886562,Open Space,3
r0062_c0402,37.7234224,-122.4869463,Open Space,3
r0062_c0409,37.7234224,-122.4749771,Residential,5
r0062_c0410,37.7234224,-122.4732672,Residential,9
r0062_c0411,37.7234224,-122.4715573,Residential,8
r0062_c0412,37.7234224,-122.4698474,Residential,10
r0062_c0413,37.7234224,-122.4681375,Residential,10
r0062_c0414,37.7234224,-122.4664276,Residential,10
r0062_c0415,37.7234224,-122.4647177,Residential,10
r0062_c0416,37.7234224,-122.4630078,Residential,9
r0062_c0417,37.7234224,-122.461298,Residential,10
r0062_c0418,37.7234224,-122.4595881,Residential,9
r0062_c0419,37.7234224,-122.4578782,Residential,10
r0062_c0420,37.7234224,-122.4561683,Residential,9
r0062_c0421,37.7234224,-122.4544584,Commercial,10
r0062_c0422,37.7234224,-122.4527485,Commercial,8
r0062_c0427,37.7234224,-122.4441991,Commercial,19
r0062_c0428,37.7234224,-122.4424892,Mixed-Use,63
r0062_c0429,37.7234224,-122.4407793,Mixed-Use,64
r0062_c0431,37.7234224,-122.4373595,Commercial,9
r0062_c0432,37.7234224,-122.4356496,Commercial,10
r0062_c0433,37.7234224,-122.4339397,Residential,10
r0062_c0434,37.7234224,-122.4322299,Residential,10
r0062_c0435,37.7234224,-122.43052,Residential,10
r0062_c0436,37.7234224,-122.4288101,Residential,10
r0062_c0437,37.7234224,-122.4271002,Residential,10
r0062_c0438,37.7234224,-122.4253903,Residential,10
r0062_c0442,37.7234224,-122.4185507,Residential,5
r0062_c0443,37.7234224,-122.4168409,Residential,10
r0062_c0444,37.7234224,-122.415131,Residential,6
r0062_c0446,37.7234224,-122.4117112,Open Space,4
r0062_c0447,37.7234224,-122.4100013,Residential,8
r0062_c0448,37.7234224,-122.4082914,Residential,10
r0062_c0449,37.7234224,-122.4065815,Residential,10
r0062_c0450,37.7234224,-122.4048716,Residential,10
r0062_c0451,37.7234224,-122.4031618,Residential,11
r0062_c0452,37.7234224,-122.4014519,Residential,6
r0062_c0453,37.7234224,-122.399742,Industrial,7
r0062_c0454,37.7234224,-122.3980321,Industrial,8
r0062_c0456,37.7234224,-122.3946123,Mixed-Use,13
r0062_c0457,37.7234224,-122.3929024,Mixed-Use,19
r0062_c0459,37.7234224,-122.3894826,Mixed-Use,14
r0062_c0460,37.7234224,-122.3877728,Mixed-Use,17
r0062_c0461,37.7234224,-122.3860629,Mixed-Use,7
r0062_c0465,37.7234224,-122.3792233,Other,3
r0062_c0467,37.7234224,-122.3758035,Other,9
r0062_c0468,37.7234224,-122.3740936,Other,10
r0062_c0469,37.7234224,-122.3723838,Other,10
r0062_c0470,37.7234224,-122.3706739,Other,10
r0062_c0471,37.7234224,-122.368964,Industrial,11
r0062_c0472,37.7234224,-122.3672541,Industrial,10
r0062_c0473,37.7234224,-122.3655442,Industrial,10
r0062_c0474,37.7234224,-122.3638343,Industrial,10
r0062_c0475,37.7234224,-122.3621244,Industrial,4
r0063_c0399,37.7247738,-122.4920759,Open Space,4
r0063_c0400,37.7247738,-122.4903661,Open Space,6
r0063_c0401,37.7247738,-122.4886562,Open Space,6
r0063_c0402,37.7247738,-122.4869463,Open Space,5
r0063_c0405,37.7247738,-122.4818166,Mixed-Use,3
r0063_c0406,37.7247738,-122.4801067,Institutional,12
r0063_c0409,37.7247738,-122.4749771,Residential,4
r0063_c0410,37.7247738,-122.4732672,Residential,7
r0063_c0411,37.7247738,-122.4715573,Residential,7
r0063_c0412,37.7247738,-122.4698474,Residential,10
r0063_c0413,37.7247738,-122.4681375,Residential,11
r0063_c0414,37.7247738,-122.4664276,Residential,10
r0063_c0415,37.7247738,-122.4647177,Residential,10
r0063_c0416,37.7247738,-122.4630078,Residential,10
r0063_c0417,37.7247738,-122.461298,Commercial,9
r0063_c0418,37.7247738,-122.4595881,Commercial,7
r0063_c0419,37.7247738,-122.4578782,Commercial,4
r0063_c0420,37.7247738,-122.4561683,Commercial,4
r0063_c0421,37.7247738,-122.4544584,Mixed-Use,8
r0063_c0427,37.7247738,-122.4441991,Mixed-Use,3
r0063_c0428,37.7247738,-122.4424892,Mixed-Use,59
r0063_c0429,37.7247738,-122.4407793,Mixed-Use,59
r0063_c0430,37.7247738,-122.4390694,Mixed-Use,59
r0063_c0432,37.7247738,-122.4356496,Commercial,5
r0063_c0433,37.7247738,-122.4339397,Residential,10
r0063_c0434,37.7247738,-122.4322299,Residential,10
r0063_c0435,37.7247738,-122.43052,Residential,10
r0063_c0436,37.7247738,-122.4288101,Residential,10
r0063_c0437,37.7247738,-122.4271002,Residential,10
r0063_c0438,37.7247738,-122.4253903,Residential,10
r0063_c0439,37.7247738,-122.4236804,Residential,10
r0063_c0440,37.7247738,-122.4219705,Residential,9
r0063_c0441,37.7247738,-122.4202606,Residential,7
r0063_c0442,37.7247738,-122.4185507,Residential,10
r0063_c0443,37.7247738,-122.4168409,Residential,11
r0063_c0444,37.7247738,-122.415131,Residential,10
r0063_c0445,37.7247738,-122.4134211,Residential,5
r0063_c0447,37.7247738,-122.4100013,Residential,7
r0063_c0448,37.7247738,-122.4082914,Residential,10
r0063_c0449,37.7247738,-122.4065815,Residential,10
r0063_c0450,37.7247738,-122.4048716,Residential,10
r0063_c0451,37.7247738,-122.4031618,Residential,11
r0063_c0452,37.7247738,-122.4014519,Industrial,6
r0063_c0453,37.7247738,-122.399742,Industrial,10
r0063_c0454,37.7247738,-122.3980321,Industrial,7
r0063_c0456,37.7247738,-122.3946123,Residential,4
r0063_c0457,37.7247738,-122.3929024,Industrial,3
r0063_c0458,37.7247738,-122.3911925,Industrial,5
r0063_c0459,37.7247738,-122.3894826,Mixed-Use,21
r0063_c0460,37.7247738,-122.3877728,Mixed-Use,28
r0063_c0461,37.7247738,-122.3860629,Mixed-Use,5
r0063_c0464,37.7247738,-122.3809332,Mixed-Use,10
r0063_c0465,37.7247738,-122.3792233,Other,6
r0063_c0466,37.7247738,-122.3775134,Other,10
r0063_c0467,37.7247738,-122.3758035,Other,10
r0063_c0468,37.7247738,-122.3740936,Other,10
r0063_c0469,37.7247738,-122.3723838,Other,10
r0063_c0470,37.7247738,-122.3706739,Mixed-Use,5
r0063_c0471,37.7247738,-122.368964,Industrial,9
r0063_c0472,37.7247738,-122.3672541,Industrial,10
r0063_c0473,37.7247738,-122.3655442,Industrial,10
r0063_c0474,37.7247738,-122.3638343,Industrial,6
r0063_c0475,37.7247738,-122.3621244,Industrial,8
r0063_c0476,37.7247738,-122.3604145,Industrial,3
r0063_c0477,37.7247738,-122.3587047,Industrial,3
r0064_c0392,37.7261251,-122.5040452,Other,3
r0064_c0400,37.7261251,-122.4903661,Open Space,3
r0064_c0401,37.7261251,-122.4886562,Open Space,3
r0064_c0405,37.7261251,-122.4818166,Institutional,5
r0064_c0407,37.7261251,-122.4783968,Commercial,6
r0064_c0408,37.7261251,-122.476687,Commercial,8
r0064_c0409,37.7261251,-122.4749771,Commercial,6
r0064_c0410,37.7261251,-122.4732672,Residential,10
r0064_c0411,37.7261251,-122.4715573,Residential,6
r0064_c0412,37.7261251,-122.4698474,Residential,10
r0064_c0413,37.7261251,-122.4681375,Residential,10
r0064_c0414,37.7261251,-122.4664276,Residential,10
r0064_c0415,37.7261251,-122.4647177,Residential,6
r0064_c0416,37.7261251,-122.4630078,Commercial,4
r0064_c0418,37.7261251,-122.4595881,Mixed-Use,46
r0064_c0420,37.7261251,-122.4561683,Other,3
r0064_c0421,37.7261251,-122.4544584,Other,9
r0064_c0422,37.7261251,-122.4527485,Other,4
r0064_c0424,37.7261251,-122.4493287,Mixed-Use,3
r0064_c0425,37.7261251,-122.4476188,Mixed-Use,9
r0064_c0428,37.7261251,-122.4424892,Mixed-Use,15
r0064_c0429,37.7261251,-122.4407793,Mixed-Use,61
r0064_c0430,37.7261251,-122.4390694,Mixed-Use,56
r0064_c0431,37.7261251,-122.4373595,Mixed-Use,63
r0064_c0433,37.7261251,-122.4339397,Commercial,7
r0064_c0434,37.7261251,-122.4322299,Residential,10
r0064_c0435,37.7261251,-122.43052,Residential,10
r0064_c0436,37.7261251,-122.4288101,Residential,10
r0064_c0437,37.7261251,-122.4271002,Residential,10
r0064_c0438,37.7261251,-122.4253903,Residential,10
r0064_c0439,37.7261251,-122.4236804,Residential,10
r0064_c0440,37.7261251,-122.4219705,Residential,10
r0064_c0441,37.7261251,-122.4202606,Residential,10
r0064_c0442,37.7261251,-122.4185507,Residential,10
r0064_c0443,37.7261251,-122.4168409,Residential,10
r0064_c0444,37.7261251,-122.415131,Residential,10
r0064_c0447,37.7261251,-122.4100013,Residential,10
r0064_c0448,37.7261251,-122.4082914,Residential,10
r0064_c0449,37.7261251,-122.4065815,Residential,10
r0064_c0450,37.7261251,-122.4048716,Residential,10
r0064_c0451,37.7261251,-122.4031618,Commercial,10
r0064_c0452,37.7261251,-122.4014519,Industrial,5
r0064_c0453,37.7261251,-122.399742,Industrial,3
r0064_c0454,37.7261251,-122.3980321,Mixed-Use,3
r0064_c0459,37.7261251,-122.3894826,Mixed-Use,9
r0064_c0462,37.7261251,-122.384353,Mixed-Use,19
r0064_c0463,37.7261251,-122.3826431,Mixed-Use,15
r0064_c0464,37.7261251,-122.3809332,Mixed-Use,17
r0064_c0466,37.7261251,-122.3775134,Other,8
r0064_c0467,37.7261251,-122.3758035,Other,6
r0064_c0468,37.7261251,-122.3740936,Other,5
r0064_c0469,37.7261251,-122.3723838,Other,4
r0064_c0471,37.7261251,-122.368964,Industrial,7
r0064_c0472,37.7261251,-122.3672541,Industrial,5
r0064_c0473,37.7261251,-122.3655442,Industrial,5
r0064_c0474,37.7261251,-122.3638343,Industrial,10
r0064_c0475,37.7261251,-122.3621244,Industrial,10
r0064_c0476,37.7261251,-122.3604145,Industrial,10
r0064_c0477,37.7261251,-122.3587047,Industrial,7
r0065_c0390,37.7274765,-122.5074649,Other,4
r0065_c0391,37.7274765,-122.5057551,Other,4
r0065_c0392,37.7274765,-122.5040452,Other,5
r0065_c0393,37.7274765,-122.5023353,Other,3
r0065_c0406,37.7274765,-122.4801067,Open Space,3
r0065_c0407,37.7274765,-122.4783968,Commercial,7
r0065_c0408,37.7274765,-122.476687,Commercial,10
r0065_c0409,37.7274765,-122.4749771,Commercial,6
r0065_c0410,37.7274765,-122.4732672,Residential,9
r0065_c0411,37.7274765,-122.4715573,Residential,6
r0065_c0412,37.7274765,-122.4698474,Residential,10
r0065_c0413,37.7274765,-122.4681375,Residential,10
r0065_c0415,37.7274765,-122.4647177,Mixed-Use,60
r0065_c0416,37.7274765,-122.4630078,Mixed-Use,51
r0065_c0417,37.7274765,-122.461298,Mixed-Use,64
r0065_c0418,37.7274765,-122.4595881,Mixed-Use,47
r0065_c0421,37.7274765,-122.4544584,Other,3
r0065_c0422,37.7274765,-122.4527485,Institutional,5
r0065_c0423,37.7274765,-122.4510386,Mixed-Use,14
r0065_c0425,37.7274765,-122.4476188,Mixed-Use,59
r0065_c0426,37.7274765,-122.445909,Mixed-Use,51
r0065_c0427,37.7274765,-122.4441991,Mixed-Use,35
r0065_c0428,37.7274765,-122.4424892,Mixed-Use,64
r0065_c0429,37.7274765,-122.4407793,Mixed-Use,59
r0065_c0430,37.7274765,-122.4390694,Mixed-Use,56
r0065_c0431,37.7274765,-122.4373595,Mixed-Use,52
r0065_c0432,37.7274765,-122.4356496,Mixed-Use,46
r0065_c0434,37.7274765,-122.4322299,Commercial,6
r0065_c0436,37.7274765,-122.4288101,Residential,9
r0065_c0437,37.7274765,-122.4271002,Residential,10
r0065_c0438,37.7274765,-122.4253903,Residential,10
r0065_c0439,37.7274765,-122.4236804,Residential,10
r0065_c0440,37.7274765,-122.4219705,Residential,10
r0065_c0441,37.7274765,-122.4202606,Residential,10
r0065_c0442,37.7274765,-122.4185507,Residential,10
r0065_c0443,37.7274765,-122.4168409,Residential,10
r0065_c0444,37.7274765,-122.415131,Residential,10
r0065_c0445,37.7274765,-122.4134211,Residential,5
r0065_c0446,37.7274765,-122.4117112,Residential,3
r0065_c0447,37.7274765,-122.4100013,Residential,10
r0065_c0448,37.7274765,-122.4082914,Residential,10
r0065_c0449,37.7274765,-122.4065815,Residential,10
r0065_c0450,37.7274765,-122.4048716,Residential,10
r0065_c0451,37.7274765,-122.4031618,Commercial,6
r0065_c0452,37.7274765,-122.4014519,Residential,6
r0065_c0453,37.7274765,-122.399742,Mixed-Use,11
r0065_c0454,37.7274765,-122.3980321,Mixed-Use,117
r0065_c0455,37.7274765,-122.3963222,Mixed-Use,30
r0065_c0456,37.7274765,-122.3946123,Mixed-Use,24
r0065_c0457,37.7274765,-122.3929024,Commercial,3
r0065_c0458,37.7274765,-122.3911925,Residential,6
r0065_c0459,37.7274765,-122.3894826,Residential,6
r0065_c0460,37.7274765,-122.3877728,Residential,8
r0065_c0461,37.7274765,-122.3860629,Residential,6
r0065_c0462,37.7274765,-122.384353,Residential,5
r0065_c0463,37.7274765,-122.3826431,Residential,5
r0065_c0465,37.7274765,-122.3792233,Mixed-Use,3
r0065_c0466,37.7274765,-122.3775134,Other,6
r0065_c0467,37.7274765,-122.3758035,Other,9
r0065_c0468,37.7274765,-122.3740936,Mixed-Use,10
r0065_c0469,37.7274765,-122.3723838,Residential,10
r0065_c0470,37.7274765,-122.3706739,Residential,12
r0065_c0471,37.7274765,-122.368964,Residential,11
r0065_c0472,37.7274765,-122.3672541,Residential,9
r0065_c0474,37.7274765,-122.3638343,Industrial,8
r0065_c0475,37.7274765,-122.3621244,Industrial,10
r0065_c0476,37.7274765,-122.3604145,Industrial,10
r0065_c0477,37.7274765,-122.3587047,Industrial,10
r0065_c0478,37.7274765,-122.3569948,Industrial,3
r0066_c0390,37.7288278,-122.5074649,Other,5
r0066_c0391,37.7288278,-122.5057551,Other,3
r0066_c0399,37.7288278,-122.4920759,Residential,4
r0066_c0407,37.7288278,-122.4783968,Commercial,7
r0066_c0408,37.7288278,-122.476687,Commercial,10
r0066_c0409,37.7288278,-122.4749771,Commercial,6
r0066_c0410,37.7288278,-122.4732672,Residential,11
r0066_c0411,37.7288278,-122.4715573,Residential,6
r0066_c0412,37.7288278,-122.4698474,Residential,10
r0066_c0413,37.7288278,-122.4681375,Residential,5
r0066_c0415,37.7288278,-122.4647177,Mixed-Use,56
r0066_c0416,37.7288278,-122.4630078,Mixed-Use,44
r0066_c0417,37.7288278,-122.461298,Mixed-Use,47
r0066_c0420,37.7288278,-122.4561683,Mixed-Use,39
r0066_c0421,37.7288278,-122.4544584,Mixed-Use,35
r0066_c0422,37.7288278,-122.4527485,Mixed-Use,46
r0066_c0423,37.7288278,-122.4510386,Mixed-Use,57
r0066_c0424,37.7288278,-122.4493287,Mixed-Use,54
r0066_c0425,37.7288278,-122.4476188,Mixed-Use,76
r0066_c0426,37.7288278,-122.445909,Mixed-Use,50
r0066_c0427,37.7288278,-122.4441991,Mixed-Use,49
r0066_c0428,37.7288278,-122.4424892,Mixed-Use,26
r0066_c0429,37.7288278,-122.4407793,Mixed-Use,39
r0066_c0430,37.7288278,-122.4390694,Mixed-Use,62
r0066_c0431,37.7288278,-122.4373595,Mixed-Use,59
r0066_c0432,37.7288278,-122.4356496,Mixed-Use,68
r0066_c0433,37.7288278,-122.4339397,Mixed-Use,65
r0066_c0435,37.7288278,-122.43052,Commercial,6
r0066_c0436,37.7288278,-122.4288101,Residential,8
r0066_c0437,37.7288278,-122.4271002,Residential,10
r0066_c0438,37.7288278,-122.4253903,Residential,10
r0066_c0439,37.7288278,-122.4236804,Residential,10
r0066_c0440,37.7288278,-122.4219705,Residential,10
r0066_c0441,37.7288278,-122.4202606,Residential,10
r0066_c0442,37.7288278,-122.4185507,Residential,10
r0066_c0443,37.7288278,-122.4168409,Residential,10
r0066_c0444,37.7288278,-122.415131,Residential,10
r0066_c0445,37.7288278,-122.4134211,Residential,10
r0066_c0446,37.7288278,-122.4117112,Residential,10
r0066_c0447,37.7288278,-122.4100013,Residential,12
r0066_c0448,37.7288278,-122.4082914,Residential,11
r0066_c0449,37.7288278,-122.4065815,Residential,10
r0066_c0450,37.7288278,-122.4048716,Residential,11
r0066_c0451,37.7288278,-122.4031618,Commercial,4
r0066_c0452,37.7288278,-122.4014519,Residential,10
r0066_c0455,37.7288278,-122.3963222,Commercial,31
r0066_c0456,37.7288278,-122.3946123,Mixed-Use,25
r0066_c0457,37.7288278,-122.3929024,Commercial,3
r0066_c0458,37.7288278,-122.3911925,Residential,10
r0066_c0459,37.7288278,-122.3894826,Residential,10
r0066_c0460,37.7288278,-122.3877728,Residential,10
r0066_c0461,37.7288278,-122.3860629,Residential,10
r0066_c0462,37.7288278,-122.384353,Residential,11
r0066_c0463,37.7288278,-122.3826431,Residential,10
r0066_c0464,37.7288278,-122.3809332,Residential,10
r0066_c0465,37.7288278,-122.3792233,Residential,9
r0066_c0466,37.7288278,-122.3775134,Mixed-Use,9
r0066_c0467,37.7288278,-122.3758035,Other,5
r0066_c0468,37.7288278,-122.3740936,Residential,5
r0066_c0469,37.7288278,-122.3723838,Residential,10
r0066_c0470,37.7288278,-122.3706739,Residential,6
r0066_c0471,37.7288278,-122.368964,Residential,9
r0066_c0472,37.7288278,-122.3672541,Industrial,5
r0066_c0473,37.7288278,-122.3655442,Industrial,5
r0066_c0474,37.7288278,-122.3638343,Industrial,7
r0066_c0475,37.7288278,-122.3621244,Industrial,9
r0066_c0476,37.7288278,-122.3604145,Industrial,6
r0066_c0477,37.7288278,-122.3587047,Industrial,5
r0067_c0390,37.7301792,-122.5074649,Other,6
r0067_c0392,37.7301792,-122.5040452,Mixed-Use,20
r0067_c0393,37.7301792,-122.5023353,Mixed-Use,3
r0067_c0396,37.7301792,-122.4972056,Residential,7
r0067_c0397,37.7301792,-122.4954957,Residential,10
r0067_c0398,37.7301792,-122.4937858,Residential,4
r0067_c0399,37.7301792,-122.4920759,Residential,10
r0067_c0400,37.7301792,-122.4903661,Residential,7
r0067_c0401,37.7301792,-122.4886562,Residential,4
r0067_c0402,37.7301792,-122.4869463,Residential,6
r0067_c0407,37.7301792,-122.4783968,Commercial,3
r0067_c0408,37.7301792,-122.476687,Commercial,4
r0067_c0409,37.7301792,-122.4749771,Mixed-Use,5
r0067_c0410,37.7301792,-122.4732672,Residential,11
r0067_c0411,37.7301792,-122.4715573,Residential,5
r0067_c0412,37.7301792,-122.4698474,Residential,5
r0067_c0414,37.7301792,-122.4664276,Mixed-Use,31
r0067_c0415,37.7301792,-122.4647177,Mixed-Use,41
r0067_c0416,37.7301792,-122.4630078,Mixed-Use,41
r0067_c0417,37.7301792,-122.461298,Mixed-Use,35
r0067_c0420,37.7301792,-122.4561683,Mixed-Use,44
r0067_c0421,37.7301792,-122.4544584,Mixed-Use,41
r0067_c0422,37.7301792,-122.4527485,Residential,59
r0067_c0423,37.7301792,-122.4510386,Residential,57
r0067_c0424,37.7301792,-122.4493287,Institutional,46
r0067_c0425,37.7301792,-122.4476188,Institutional,41
r0067_c0426,37.7301792,-122.445909,Mixed-Use,49
r0067_c0427,37.7301792,-122.4441991,Mixed-Use,64
r0067_c0428,37.7301792,-122.4424892,Mixed-Use,59
r0067_c0429,37.7301792,-122.4407793,Mixed-Use,38
r0067_c0430,37.7301792,-122.4390694,Mixed-Use,11
r0067_c0431,37.7301792,-122.4373595,Mixed-Use,36
r0067_c0432,37.7301792,-122.4356496,Mixed-Use,63
r0067_c0433,37.7301792,-122.4339397,Mixed-Use,69
r0067_c0434,37.7301792,-122.4322299,Residential,63
r0067_c0435,37.7301792,-122.43052,Commercial,5
r0067_c0436,37.7301792,-122.4288101,Residential,9
r0067_c0437,37.7301792,-122.4271002,Residential,10
r0067_c0438,37.7301792,-122.4253903,Residential,10
r0067_c0439,37.7301792,-122.4236804,Residential,10
r0067_c0440,37.7301792,-122.4219705,Residential,10
r0067_c0441,37.7301792,-122.4202606,Residential,10
r0067_c0442,37.7301792,-122.4185507,Residential,10
r0067_c0443,37.7301792,-122.4168409,Residential,9
r0067_c0444,37.7301792,-122.415131,Residential,10
r0067_c0445,37.7301792,-122.4134211,Residential,10
r0067_c0446,37.7301792,-122.4117112,Residential,11
r0067_c0447,37.7301792,-122.4100013,Residential,13
r0067_c0448,37.7301792,-122.4082914,Residential,11
r0067_c0449,37.7301792,-122.4065815,Residential,10
r0067_c0450,37.7301792,-122.4048716,Commercial,9
r0067_c0452,37.7301792,-122.4014519,Residential,10
r0067_c0453,37.7301792,-122.399742,Residential,8
r0067_c0454,37.7301792,-122.3980321,Residential,7
r0067_c0455,37.7301792,-122.3963222,Residential,5
r0067_c0456,37.7301792,-122.3946123,Residential,9
r0067_c0457,37.7301792,-122.3929024,Residential,8
r0067_c0458,37.7301792,-122.3911925,Residential,10
r0067_c0459,37.7301792,-122.3894826,Residential,10
r0067_c0460,37.7301792,-122.3877728,Residential,10
r0067_c0461,37.7301792,-122.3860629,Residential,10
r0067_c0462,37.7301792,-122.384353,Residential,10
r0067_c0463,37.7301792,-122.3826431,Residential,10
r0067_c0464,37.7301792,-122.3809332,Residential,10
r0067_c0465,37.7301792,-122.3792233,Residential,10
r0067_c0466,37.7301792,-122.3775134,Residential,14
r0067_c0467,37.7301792,-122.3758035,Residential,12
r0067_c0468,37.7301792,-122.3740936,Residential,10
r0067_c0469,37.7301792,-122.3723838,Industrial,3
r0067_c0470,37.7301792,-122.3706739,Other,7
r0067_c0471,37.7301792,-122.368964,Mixed-Use,8
r0067_c0472,37.7301792,-122.3672541,Industrial,10
r0067_c0473,37.7301792,-122.3655442,Industrial,10
r0067_c0474,37.7301792,-122.3638343,Industrial,10
r0067_c0475,37.7301792,-122.3621244,Industrial,6
r0067_c0476,37.7301792,-122.3604145,Industrial,5
r0068_c0390,37.7315305,-122.5074649,Other,6
r0068_c0396,37.7315305,-122.4972056,Residential,10
r0068_c0397,37.7315305,-122.4954957,Residential,10
r0068_c0398,37.7315305,-122.4937858,Residential,4
r0068_c0399,37.7315305,-122.4920759,Residential,10
r0068_c0400,37.7315305,-122.4903661,Residential,9
r0068_c0401,37.7315305,-122.4886562,Residential,10
r0068_c0402,37.7315305,-122.4869463,Residential,10
r0068_c0403,37.7315305,-122.4852364,Residential,9
r0068_c0404,37.7315305,-122.4835265,Residential,8
r0068_c0405,37.7315305,-122.4818166,Residential,8
r0068_c0406,37.7315305,-122.4801067,Residential,8
r0068_c0407,37.7315305,-122.4783968,Residential,9
r0068_c0408,37.7315305,-122.476687,Residential,8
r0068_c0409,37.7315305,-122.4749771,Residential,6
r0068_c0410,37.7315305,-122.4732672,Commercial,9
r0068_c0412,37.7315305,-122.4698474,Residential,28
r0068_c0413,37.7315305,-122.4681375,Residential,56
r0068_c0414,37.7315305,-122.4664276,Mixed-Use,38
r0068_c0415,37.7315305,-122.4647177,Mixed-Use,42
r0068_c0416,37.7315305,-122.4630078,Mixed-Use,34
r0068_c0417,37.7315305,-122.461298,Mixed-Use,37
r0068_c0418,37.7315305,-122.4595881,Mixed-Use,25
r0068_c0419,37.7315305,-122.4578782,Mixed-Use,26
r0068_c0420,37.7315305,-122.4561683,Mixed-Use,35
r0068_c0421,37.7315305,-122.4544584,Mixed-Use,45
r0068_c0422,37.7315305,-122.4527485,Mixed-Use,59
r0068_c0425,37.7315305,-122.4476188,Mixed-Use,68
r0068_c0426,37.7315305,-122.445909,Mixed-Use,71
r0068_c0427,37.7315305,-122.4441991,Mixed-Use,55
r0068_c0428,37.7315305,-122.4424892,Mixed-Use,61
r0068_c0429,37.7315305,-122.4407793,Mixed-Use,71
r0068_c0430,37.7315305,-122.4390694,Mixed-Use,55
r0068_c0431,37.7315305,-122.4373595,Mixed-Use,40
r0068_c0432,37.7315305,-122.4356496,Mixed-Use,12
r0068_c0433,37.7315305,-122.4339397,Mixed-Use,17
r0068_c0440,37.7315305,-122.4219705,Residential,3
r0068_c0441,37.7315305,-122.4202606,Residential,4
r0068_c0442,37.7315305,-122.4185507,Residential,4
r0068_c0444,37.7315305,-122.415131,Residential,4
r0068_c0445,37.7315305,-122.4134211,Residential,10
r0068_c0446,37.7315305,-122.4117112,Residential,10
r0068_c0447,37.7315305,-122.4100013,Residential,10
r0068_c0448,37.7315305,-122.4082914,Residential,10
r0068_c0449,37.7315305,-122.4065815,Residential,10
r0068_c0450,37.7315305,-122.4048716,Commercial,5
r0068_c0451,37.7315305,-122.4031618,Residential,9
r0068_c0452,37.7315305,-122.4014519,Residential,10
r0068_c0453,37.7315305,-122.399742,Residential,10
r0068_c0454,37.7315305,-122.3980321,Residential,10
r0068_c0455,37.7315305,-122.3963222,Residential,9
r0068_c0456,37.7315305,-122.3946123,Residential,10
r0068_c0457,37.7315305,-122.3929024,Residential,10
r0068_c0458,37.7315305,-122.3911925,Residential,8
r0068_c0459,37.7315305,-122.3894826,Residential,10
r0068_c0460,37.7315305,-122.3877728,Residential,10
r0068_c0461,37.7315305,-122.3860629,Residential,10
r0068_c0462,37.7315305,-122.384353,Residential,11
r0068_c0463,37.7315305,-122.3826431,Residential,10
r0068_c0464,37.7315305,-122.3809332,Residential,10
r0068_c0465,37.7315305,-122.3792233,Residential,15
r0068_c0466,37.7315305,-122.3775134,Residential,20
r0068_c0467,37.7315305,-122.3758035,Residential,14
r0068_c0468,37.7315305,-122.3740936,Industrial,9
r0068_c0469,37.7315305,-122.3723838,Other,9
r0068_c0470,37.7315305,-122.3706739,Other,10
r0068_c0471,37.7315305,-122.368964,Mixed-Use,9
r0068_c0472,37.7315305,-122.3672541,Industrial,9
r0068_c0473,37.7315305,-122.3655442,Industrial,8
r0068_c0474,37.7315305,-122.3638343,Industrial,4
r0069_c0390,37.7328819,-122.5074649,Other,5
r0069_c0392,37.7328819,-122.5040452,Mixed-Use,7
r0069_c0394,37.7328819,-122.5006254,Mixed-Use,4
r0069_c0396,37.7328819,-122.4972056,Residential,6
r0069_c0397,37.7328819,-122.4954957,Residential,10
r0069_c0398,37.7328819,-122.4937858,Residential,3
r0069_c0399,37.7328819,-122.4920759,Residential,9
r0069_c0400,37.7328819,-122.4903661,Commercial,10
r0069_c0401,37.7328819,-122.4886562,Residential,10
r0069_c0402,37.7328819,-122.4869463,Residential,10
r0069_c0403,37.7328819,-122.4852364,Residential,10
r0069_c0404,37.7328819,-122.4835265,Residential,10
r0069_c0405,37.7328819,-122.4818166,Residential,10
r0069_c0406,37.7328819,-122.4801067,Residential,10
r0069_c0407,37.7328819,-122.4783968,Residential,4
r0069_c0408,37.7328819,-122.476687,Residential,10
r0069_c0409,37.7328819,-122.4749771,Residential,5
r0069_c0414,37.7328819,-122.4664276,Mixed-Use,28
r0069_c0415,37.7328819,-122.4647177,Mixed-Use,25
r0069_c0416,37.7328819,-122.4630078,Mixed-Use,29
r0069_c0417,37.7328819,-122.461298,Mixed-Use,32
r0069_c0418,37.7328819,-122.4595881,Mixed-Use,34
r0069_c0419,37.7328819,-122.4578782,Mixed-Use,43
r0069_c0420,37.7328819,-122.4561683,Mixed-Use,44
r0069_c0421,37.7328819,-122.4544584,Mixed-Use,37
r0069_c0422,37.7328819,-122.4527485,Mixed-Use,55
r0069_c0423,37.7328819,-122.4510386,Mixed-Use,53
r0069_c0424,37.7328819,-122.4493287,Mixed-Use,58
r0069_c0426,37.7328819,-122.445909,Mixed-Use,56
r0069_c0427,37.7328819,-122.4441991,Mixed-Use,60
r0069_c0428,37.7328819,-122.4424892,Mixed-Use,58
r0069_c0429,37.7328819,-122.4407793,Mixed-Use,60
r0069_c0430,37.7328819,-122.4390694,Mixed-Use,65
r0069_c0431,37.7328819,-122.4373595,Residential,74
r0069_c0432,37.7328819,-122.4356496,Mixed-Use,44
r0069_c0433,37.7328819,-122.4339397,Commercial,18
r0069_c0437,37.7328819,-122.4271002,Residential,59
r0069_c0438,37.7328819,-122.4253903,Mixed-Use,47
r0069_c0439,37.7328819,-122.4236804,Mixed-Use,51
r0069_c0440,37.7328819,-122.4219705,Mixed-Use,45
r0069_c0442,37.7328819,-122.4185507,Mixed-Use,13
r0069_c0443,37.7328819,-122.4168409,Mixed-Use,21
r0069_c0444,37.7328819,-122.415131,Mixed-Use,13
r0069_c0446,37.7328819,-122.4117112,Residential,3
r0069_c0447,37.7328819,-122.4100013,Residential,9
r0069_c0448,37.7328819,-122.4082914,Residential,10
r0069_c0449,37.7328819,-122.4065815,Residential,9
r0069_c0450,37.7328819,-122.4048716,Residential,3
r0069_c0452,37.7328819,-122.4014519,Residential,10
r0069_c0453,37.7328819,-122.399742,Residential,10
r0069_c0454,37.7328819,-122.3980321,Residential,10
r0069_c0455,37.7328819,-122.3963222,Residential,10
r0069_c0456,37.7328819,-122.3946123,Residential,10
r0069_c0457,37.7328819,-122.3929024,Residential,10
r0069_c0458,37.7328819,-122.3911925,Residential,4
r0069_c0459,37.7328819,-122.3894826,Residential,10
r0069_c0460,37.7328819,-122.3877728,Residential,10
r0069_c0461,37.7328819,-122.3860629,Residential,10
r0069_c0462,37.7328819,-122.384353,Residential,11
r0069_c0463,37.7328819,-122.3826431,Residential,10
r0069_c0464,37.7328819,-122.3809332,Residential,10
r0069_c0465,37.7328819,-122.3792233,Residential,11
r0069_c0466,37.7328819,-122.3775134,Residential,9
r0069_c0467,37.7328819,-122.3758035,Industrial,7
r0069_c0469,37.7328819,-122.3723838,Other,6
r0069_c0470,37.7328819,-122.3706739,Other,3
r0070_c0390,37.7342332,-122.5074649,Mixed-Use,6
r0070_c0395,37.7342332,-122.4989155,Residential,4
r0070_c0396,37.7342332,-122.4972056,Residential,7
r0070_c0397,37.7342332,-122.4954957,Residential,7
r0070_c0399,37.7342332,-122.4920759,Residential,8
r0070_c0400,37.7342332,-122.4903661,Residential,8
r0070_c0401,37.7342332,-122.4886562,Residential,8
r0070_c0402,37.7342332,-122.4869463,Residential,9
r0070_c0403,37.7342332,-122.4852364,Residential,9
r0070_c0404,37.7342332,-122.4835265,Residential,9
r0070_c0405,37.7342332,-122.4818166,Residential,9
r0070_c0406,37.7342332,-122.4801067,Residential,8
r0070_c0407,37.7342332,-122.4783968,Residential,3
r0070_c0408,37.7342332,-122.476687,Residential,8
r0070_c0409,37.7342332,-122.4749771,Residential,3
r0070_c0410,37.7342332,-122.4732672,Mixed-Use,26
r0070_c0411,37.7342332,-122.4715573,Mixed-Use,8
r0070_c0412,37.7342332,-122.4698474,Mixed-Use,34
r0070_c0413,37.7342332,-122.4681375,Mixed-Use,35
r0070_c0414,37.7342332,-122.4664276,Mixed-Use,26
r0070_c0415,37.7342332,-122.4647177,Mixed-Use,23
r0070_c0416,37.7342332,-122.4630078,Mixed-Use,40
r0070_c0417,37.7342332,-122.461298,Mixed-Use,44
r0070_c0418,37.7342332,-122.4595881,Mixed-Use,42
r0070_c0419,37.7342332,-122.4578782,Mixed-Use,38
r0070_c0420,37.7342332,-122.4561683,Mixed-Use,47
r0070_c0421,37.7342332,-122.4544584,Mixed-Use,49
r0070_c0422,37.7342332,-122.4527485,Mixed-Use,67
r0070_c0423,37.7342332,-122.4510386,Mixed-Use,62
r0070_c0424,37.7342332,-122.4493287,Mixed-Use,66
r0070_c0426,37.7342332,-122.445909,Mixed-Use,63
r0070_c0427,37.7342332,-122.4441991,Mixed-Use,67
r0070_c0428,37.7342332,-122.4424892,Mixed-Use,69
r0070_c0429,37.7342332,-122.4407793,Mixed-Use,59
r0070_c0432,37.7342332,-122.4356496,Residential,6
r0070_c0433,37.7342332,-122.4339397,Residential,6
r0070_c0434,37.7342332,-122.4322299,Residential,9
r0070_c0435,37.7342332,-122.43052,Residential,5
r0070_c0437,37.7342332,-122.4271002,Residential,51
r0070_c0438,37.7342332,-122.4253903,Mixed-Use,56
r0070_c0439,37.7342332,-122.4236804,Mixed-Use,39
r0070_c0440,37.7342332,-122.4219705,Institutional,24
r0070_c0441,37.7342332,-122.4202606,Mixed-Use,24
r0070_c0442,37.7342332,-122.4185507,Mixed-Use,79
r0070_c0443,37.7342332,-122.4168409,Mixed-Use,84
r0070_c0444,37.7342332,-122.415131,Mixed-Use,70
r0070_c0445,37.7342332,-122.4134211,Mixed-Use,87
r0070_c0446,37.7342332,-122.4117112,Mixed-Use,10
r0070_c0447,37.7342332,-122.4100013,Industrial,4
r0070_c0448,37.7342332,-122.4082914,Industrial,10
r0070_c0449,37.7342332,-122.4065815,Residential,3
r0070_c0450,37.7342332,-122.4048716,Residential,5
r0070_c0451,37.7342332,-122.4031618,Residential,10
r0070_c0452,37.7342332,-122.4014519,Residential,10
r0070_c0453,37.7342332,-122.399742,Residential,10
r0070_c0454,37.7342332,-122.3980321,Residential,10
r0070_c0455,37.7342332,-122.3963222,Residential,10
r0070_c0456,37.7342332,-122.3946123,Residential,10
r0070_c0457,37.7342332,-122.3929024,Residential,10
r0070_c0458,37.7342332,-122.3911925,Residential,7
r0070_c0459,37.7342332,-122.3894826,Residential,4
r0070_c0460,37.7342332,-122.3877728,Residential,8
r0070_c0461,37.7342332,-122.3860629,Residential,10
r0070_c0462,37.7342332,-122.384353,Residential,10
r0070_c0463,37.7342332,-122.3826431,Residential,10
r0070_c0464,37.7342332,-122.3809332,Residential,11
r0070_c0465,37.7342332,-122.3792233,Residential,11
r0070_c0467,37.7342332,-122.3758035,Mixed-Use,9
r0071_c0390,37.7355846,-122.5074649,Other,3
r0071_c0391,37.7355846,-122.5057551,Residential,4
r0071_c0392,37.7355846,-122.5040452,Commercial,4
r0071_c0393,37.7355846,-122.5023353,Residential,5
r0071_c0394,37.7355846,-122.5006254,Residential,8
r0071_c0395,37.7355846,-122.4989155,Residential,10
r0071_c0396,37.7355846,-122.4972056,Residential,10
r0071_c0397,37.7355846,-122.4954957,Residential,10
r0071_c0398,37.7355846,-122.4937858,Residential,3
r0071_c0399,37.7355846,-122.4920759,Residential,10
r0071_c0400,37.7355846,-122.4903661,Residential,9
r0071_c0401,37.7355846,-122.4886562,Residential,5
r0071_c0402,37.7355846,-122.4869463,Residential,4
r0071_c0403,37.7355846,-122.4852364,Residential,3
r0071_c0404,37.7355846,-122.4835265,Residential,5
r0071_c0405,37.7355846,-122.4818166,Residential,6
r0071_c0406,37.7355846,-122.4801067,Residential,3
r0071_c0410,37.7355846,-122.4732672,Residential,27
r0071_c0412,37.7355846,-122.4698474,Mixed-Use,34
r0071_c0413,37.7355846,-122.4681375,Mixed-Use,30
r0071_c0416,37.7355846,-122.4630078,Mixed-Use,25
r0071_c0417,37.7355846,-122.461298,Mixed-Use,32
r0071_c0418,37.7355846,-122.4595881,Mixed-Use,31
r0071_c0419,37.7355846,-122.4578782,Mixed-Use,31
r0071_c0420,37.7355846,-122.4561683,Mixed-Use,59
r0071_c0421,37.7355846,-122.4544584,Mixed-Use,50
r0071_c0422,37.7355846,-122.4527485,Mixed-Use,51
r0071_c0423,37.7355846,-122.4510386,Mixed-Use,59
r0071_c0424,37.7355846,-122.4493287,Residential,63
r0071_c0425,37.7355846,-122.4476188,Mixed-Use,53
r0071_c0426,37.7355846,-122.445909,Mixed-Use,49
r0071_c0427,37.7355846,-122.4441991,Mixed-Use,35
r0071_c0428,37.7355846,-122.4424892,Mixed-Use,23
r0071_c0429,37.7355846,-122.4407793,Mixed-Use,12
r0071_c0430,37.7355846,-122.4390694,Residential,9
r0071_c0431,37.7355846,-122.4373595,Residential,9
r0071_c0432,37.7355846,-122.4356496,Residential,10
r0071_c0433,37.7355846,-122.4339397,Residential,10
r0071_c0434,37.7355846,-122.4322299,Residential,10
r0071_c0435,37.7355846,-122.43052,Residential,10
r0071_c0436,37.7355846,-122.4288101,Residential,9
r0071_c0440,37.7355846,-122.4219705,Mixed-Use,67
r0071_c0441,37.7355846,-122.4202606,Mixed-Use,70
r0071_c0442,37.7355846,-122.4185507,Mixed-Use,69
r0071_c0443,37.7355846,-122.4168409,Mixed-Use,81
r0071_c0444,37.7355846,-122.415131,Mixed-Use,102
r0071_c0445,37.7355846,-122.4134211,Mixed-Use,87
r0071_c0446,37.7355846,-122.4117112,Mixed-Use,72
r0071_c0448,37.7355846,-122.4082914,Industrial,5
r0071_c0451,37.7355846,-122.4031618,Residential,9
r0071_c0452,37.7355846,-122.4014519,Residential,6
r0071_c0453,37.7355846,-122.399742,Residential,9
r0071_c0454,37.7355846,-122.3980321,Residential,10
r0071_c0455,37.7355846,-122.3963222,Residential,10
r0071_c0456,37.7355846,-122.3946123,Residential,10
r0071_c0457,37.7355846,-122.3929024,Residential,10
r0071_c0458,37.7355846,-122.3911925,Residential,9
r0071_c0459,37.7355846,-122.3894826,Residential,5
r0071_c0460,37.7355846,-122.3877728,Residential,10
r0071_c0461,37.7355846,-122.3860629,Residential,10
r0071_c0462,37.7355846,-122.384353,Residential,10
r0071_c0463,37.7355846,-122.3826431,Residential,10
r0071_c0464,37.7355846,-122.3809332,Residential,17
r0071_c0465,37.7355846,-122.3792233,Residential,15
r0071_c0466,37.7355846,-122.3775134,Industrial,7
r0071_c0467,37.7355846,-122.3758035,Mixed-Use,6
r0072_c0391,37.7369359,-122.5057551,Residential,8
r0072_c0392,37.7369359,-122.5040452,Residential,10
r0072_c0393,37.7369359,-122.5023353,Residential,10
r0072_c0394,37.7369359,-122.5006254,Residential,9
r0072_c0396,37.7369359,-122.4972056,Residential,9
r0072_c0397,37.7369359,-122.4954957,Residential,10
r0072_c0398,37.7369359,-122.4937858,Residential,4
r0072_c0399,37.7369359,-122.4920759,Residential,10
r0072_c0400,37.7369359,-122.4903661,Residential,4
r0072_c0401,37.7369359,-122.4886562,Residential,6
r0072_c0402,37.7369359,-122.4869463,Residential,5
r0072_c0403,37.7369359,-122.4852364,Residential,4
r0072_c0406,37.7369359,-122.4801067,Residential,3
r0072_c0409,37.7369359,-122.4749771,Mixed-Use,6
r0072_c0410,37.7369359,-122.4732672,Mixed-Use,3
r0072_c0412,37.7369359,-122.4698474,Commercial,6
r0072_c0414,37.7369359,-122.4664276,Mixed-Use,31
r0072_c0415,37.7369359,-122.4647177,Mixed-Use,21
r0072_c0416,37.7369359,-122.4630078,Mixed-Use,30
r0072_c0417,37.7369359,-122.461298,Mixed-Use,29
r0072_c0418,37.7369359,-122.4595881,Mixed-Use,21
r0072_c0419,37.7369359,-122.4578782,Mixed-Use,25
r0072_c0420,37.7369359,-122.4561683,Mixed-Use,33
r0072_c0421,37.7369359,-122.4544584,Mixed-Use,32
r0072_c0422,37.7369359,-122.4527485,Mixed-Use,54
r0072_c0423,37.7369359,-122.4510386,Mixed-Use,63
r0072_c0424,37.7369359,-122.4493287,Mixed-Use,55
r0072_c0425,37.7369359,-122.4476188,Mixed-Use,68
r0072_c0426,37.7369359,-122.445909,Mixed-Use,43
r0072_c0427,37.7369359,-122.4441991,Mixed-Use,16
r0072_c0428,37.7369359,-122.4424892,Mixed-Use,5
r0072_c0430,37.7369359,-122.4390694,Residential,9
r0072_c0431,37.7369359,-122.4373595,Residential,10
r0072_c0432,37.7369359,-122.4356496,Residential,10
r0072_c0433,37.7369359,-122.4339397,Residential,10
r0072_c0434,37.7369359,-122.4322299,Residential,10
r0072_c0435,37.7369359,-122.43052,Residential,10
r0072_c0436,37.7369359,-122.4288101,Residential,10
r0072_c0437,37.7369359,-122.4271002,Residential,9
r0072_c0442,37.7369359,-122.4185507,Mixed-Use,50
r0072_c0443,37.7369359,-122.4168409,Mixed-Use,77
r0072_c0444,37.7369359,-122.415131,Mixed-Use,96
r0072_c0445,37.7369359,-122.4134211,Mixed-Use,75
r0072_c0446,37.7369359,-122.4117112,Mixed-Use,73
r0072_c0447,37.7369359,-122.4100013,Mixed-Use,40
r0072_c0450,37.7369359,-122.4048716,Residential,17
r0072_c0453,37.7369359,-122.399742,Residential,4
r0072_c0454,37.7369359,-122.3980321,Residential,10
r0072_c0455,37.7369359,-122.3963222,Residential,10
r0072_c0456,37.7369359,-122.3946123,Residential,5
r0072_c0457,37.7369359,-122.3929024,Residential,10
r0072_c0458,37.7369359,-122.3911925,Residential,10
r0072_c0459,37.7369359,-122.3894826,Residential,5
r0072_c0460,37.7369359,-122.3877728,Residential,10
r0072_c0461,37.7369359,-122.3860629,Residential,10
r0072_c0462,37.7369359,-122.384353,Residential,10
r0072_c0463,37.7369359,-122.3826431,Residential,10
r0072_c0464,37.7369359,-122.3809332,Residential,16
r0072_c0465,37.7369359,-122.3792233,Industrial,14
r0072_c0466,37.7369359,-122.3775134,Industrial,13
r0072_c0467,37.7369359,-122.3758035,Industrial,8
r0073_c0391,37.7382873,-122.5057551,Residential,8
r0073_c0392,37.7382873,-122.5040452,Residential,9
r0073_c0393,37.7382873,-122.5023353,Residential,9
r0073_c0394,37.7382873,-122.5006254,Residential,7
r0073_c0395,37.7382873,-122.4989155,Residential,5
r0073_c0396,37.7382873,-122.4972056,Residential,9
r0073_c0397,37.7382873,-122.4954957,Residential,9
r0073_c0398,37.7382873,-122.4937858,Residential,4
r0073_c0399,37.7382873,-122.4920759,Residential,9
r0073_c0400,37.7382873,-122.4903661,Residential,9
r0073_c0401,37.7382873,-122.4886562,Residential,10
r0073_c0402,37.7382873,-122.4869463,Residential,3
r0073_c0405,37.7382873,-122.4818166,Residential,10
r0073_c0406,37.7382873,-122.4801067,Residential,10
r0073_c0407,37.7382873,-122.4783968,Residential,10
r0073_c0408,37.7382873,-122.476687,Residential,6
r0073_c0409,37.7382873,-122.4749771,Mixed-Use,38
r0073_c0410,37.7382873,-122.4732672,Mixed-Use,71
r0073_c0411,37.7382873,-122.4715573,Residential,66
r0073_c0412,37.7382873,-122.4698474,Commercial,3
r0073_c0413,37.7382873,-122.4681375,Commercial,6
r0073_c0415,37.7382873,-122.4647177,Mixed-Use,35
r0073_c0416,37.7382873,-122.4630078,Mixed-Use,33
r0073_c0417,37.7382873,-122.461298,Mixed-Use,29
r0073_c0418,37.7382873,-122.4595881,Mixed-Use,36
r0073_c0419,37.7382873,-122.4578782,Mixed-Use,36
r0073_c0420,37.7382873,-122.4561683,Mixed-Use,7
r0073_c0422,37.7382873,-122.4527485,Mixed-Use,11
r0073_c0423,37.7382873,-122.4510386,Mixed-Use,57
r0073_c0425,37.7382873,-122.4476188,Mixed-Use,68
r0073_c0426,37.7382873,-122.445909,Residential,58
r0073_c0427,37.7382873,-122.4441991,Mixed-Use,45
r0073_c0430,37.7382873,-122.4390694,Residential,9
r0073_c0431,37.7382873,-122.4373595,Residential,9
r0073_c0432,37.7382873,-122.4356496,Residential,10
r0073_c0433,37.7382873,-122.4339397,Residential,10
r0073_c0434,37.7382873,-122.4322299,Residential,10
r0073_c0435,37.7382873,-122.43052,Residential,10
r0073_c0436,37.7382873,-122.4288101,Residential,10
r0073_c0437,37.7382873,-122.4271002,Residential,10
r0073_c0438,37.7382873,-122.4253903,Residential,6
r0073_c0440,37.7382873,-122.4219705,Residential,3
r0073_c0441,37.7382873,-122.4202606,Mixed-Use,18
r0073_c0444,37.7382873,-122.415131,Commercial,3
r0073_c0446,37.7382873,-122.4117112,Mixed-Use,84
r0073_c0447,37.7382873,-122.4100013,Mixed-Use,75
r0073_c0449,37.7382873,-122.4065815,Industrial,6
r0073_c0450,37.7382873,-122.4048716,Industrial,3
r0073_c0452,37.7382873,-122.4014519,Residential,3
r0073_c0453,37.7382873,-122.399742,Residential,10
r0073_c0454,37.7382873,-122.3980321,Residential,10
r0073_c0455,37.7382873,-122.3963222,Industrial,8
r0073_c0456,37.7382873,-122.3946123,Industrial,5
r0073_c0457,37.7382873,-122.3929024,Industrial,9
r0073_c0458,37.7382873,-122.3911925,Residential,10
r0073_c0459,37.7382873,-122.3894826,Residential,5
r0073_c0460,37.7382873,-122.3877728,Residential,10
r0073_c0461,37.7382873,-122.3860629,Residential,10
r0073_c0462,37.7382873,-122.384353,Residential,4
r0073_c0463,37.7382873,-122.3826431,Commercial,9
r0073_c0464,37.7382873,-122.3809332,Commercial,5
r0073_c0465,37.7382873,-122.3792233,Industrial,8
r0073_c0466,37.7382873,-122.3775134,Industrial,6
r0074_c0391,37.7396386,-122.5057551,Residential,10
r0074_c0392,37.7396386,-122.5040452,Residential,10
r0074_c0393,37.7396386,-122.5023353,Residential,10
r0074_c0394,37.7396386,-122.5006254,Residential,10
r0074_c0395,37.7396386,-122.4989155,Residential,10
r0074_c0396,37.7396386,-122.4972056,Residential,10
r0074_c0397,37.7396386,-122.4954957,Residential,9
r0074_c0398,37.7396386,-122.4937858,Residential,5
r0074_c0399,37.7396386,-122.4920759,Residential,10
r0074_c0400,37.7396386,-122.4903661,Residential,10
r0074_c0401,37.7396386,-122.4886562,Residential,10
r0074_c0402,37.7396386,-122.4869463,Residential,10
r0074_c0403,37.7396386,-122.4852364,Residential,10
r0074_c0404,37.7396386,-122.4835265,Residential,10
r0074_c0405,37.7396386,-122.4818166,Residential,10
r0074_c0406,37.7396386,-122.4801067,Residential,10
r0074_c0407,37.7396386,-122.4783968,Residential,10
r0074_c0408,37.7396386,-122.476687,Residential,6
r0074_c0410,37.7396386,-122.4732672,Institutional,47
r0074_c0411,37.7396386,-122.4715573,Residential,54
r0074_c0412,37.7396386,-122.4698474,Residential,50
r0074_c0413,37.7396386,-122.4681375,Commercial,4
r0074_c0414,37.7396386,-122.4664276,Commercial,6
r0074_c0416,37.7396386,-122.4630078,Mixed-Use,32
r0074_c0417,37.7396386,-122.461298,Mixed-Use,30
r0074_c0418,37.7396386,-122.4595881,Mixed-Use,37
r0074_c0419,37.7396386,-122.4578782,Mixed-Use,20
r0074_c0423,37.7396386,-122.4510386,Mixed-Use,59
r0074_c0425,37.7396386,-122.4476188,Institutional,53
r0074_c0426,37.7396386,-122.445909,Mixed-Use,48
r0074_c0427,37.7396386,-122.4441991,Mixed-Use,23
r0074_c0430,37.7396386,-122.4390694,Residential,10
r0074_c0431,37.7396386,-122.4373595,Residential,10
r0074_c0432,37.7396386,-122.4356496,Residential,8
r0074_c0433,37.7396386,-122.4339397,Residential,9
r0074_c0434,37.7396386,-122.4322299,Residential,10
r0074_c0435,37.7396386,-122.43052,Residential,10
r0074_c0436,37.7396386,-122.4288101,Residential,9
r0074_c0437,37.7396386,-122.4271002,Residential,5
r0074_c0438,37.7396386,-122.4253903,Residential,5
r0074_c0440,37.7396386,-122.4219705,Mixed-Use,49
r0074_c0441,37.7396386,-122.4202606,Residential,3
r0074_c0442,37.7396386,-122.4185507,Residential,10
r0074_c0443,37.7396386,-122.4168409,Residential,13
r0074_c0444,37.7396386,-122.415131,Residential,13
r0074_c0445,37.7396386,-122.4134211,Residential,12
r0074_c0446,37.7396386,-122.4117112,Residential,4
r0074_c0447,37.7396386,-122.4100013,Residential,3
r0074_c0449,37.7396386,-122.4065815,Industrial,10
r0074_c0450,37.7396386,-122.4048716,Industrial,10
r0074_c0451,37.7396386,-122.4031618,Industrial,9
r0074_c0452,37.7396386,-122.4014519,Industrial,6
r0074_c0453,37.7396386,-122.399742,Industrial,9
r0074_c0454,37.7396386,-122.3980321,Industrial,9
r0074_c0455,37.7396386,-122.3963222,Industrial,10
r0074_c0456,37.7396386,-122.3946123,Industrial,7
r0074_c0457,37.7396386,-122.3929024,Industrial,10
r0074_c0458,37.7396386,-122.3911925,Industrial,8
r0074_c0459,37.7396386,-122.3894826,Industrial,9
r0074_c0460,37.7396386,-122.3877728,Residential,9
r0074_c0461,37.7396386,-122.3860629,Commercial,6
r0074_c0462,37.7396386,-122.384353,Commercial,8
r0074_c0463,37.7396386,-122.3826431,Commercial,7
r0074_c0464,37.7396386,-122.3809332,Industrial,10
r0074_c0465,37.7396386,-122.3792233,Industrial,10
r0074_c0466,37.7396386,-122.3775134,Industrial,8
r0074_c0468,37.7396386,-122.3740936,Industrial,5
r0074_c0469,37.7396386,-122.3723838,Industrial,5
r0074_c0470,37.7396386,-122.3706739,Industrial,5
r0074_c0471,37.7396386,-122.368964,Industrial,4
r0075_c0391,37.74099,-122.5057551,Residential,10
r0075_c0392,37.74099,-122.5040452,Residential,10
r0075_c0393,37.74099,-122.5023353,Residential,10
r0075_c0394,37.74099,-122.5006254,Residential,10
r0075_c0395,37.74099,-122.4989155,Residential,10
r0075_c0396,37.74099,-122.4972056,Residential,10
r0075_c0397,37.74099,-122.4954957,Residential,9
r0075_c0398,37.74099,-122.4937858,Residential,5
r0075_c0399,37.74099,-122.4920759,Residential,10
r0075_c0400,37.74099,-122.4903661,Residential,10
r0075_c0401,37.74099,-122.4886562,Residential,10
r0075_c0402,37.74099,-122.4869463,Residential,10
r0075_c0403,37.74099,-122.4852364,Residential,10
r0075_c0404,37.74099,-122.4835265,Residential,10
r0075_c0405,37.74099,-122.4818166,Residential,10
r0075_c0406,37.74099,-122.4801067,Residential,10
r0075_c0407,37.74099,-122.4783968,Residential,10
r0075_c0408,37.74099,-122.476687,Residential,7
r0075_c0410,37.74099,-122.4732672,Mixed-Use,54
r0075_c0411,37.74099,-122.4715573,Mixed-Use,52
r0075_c0412,37.74099,-122.4698474,Mixed-Use,48
r0075_c0413,37.74099,-122.4681375,Residential,45
r0075_c0414,37.74099,-122.4664276,Commercial,4
r0075_c0415,37.74099,-122.4647177,Commercial,4
r0075_c0416,37.74099,-122.4630078,Residential,46
r0075_c0417,37.74099,-122.461298,Mixed-Use,43
r0075_c0418,37.74099,-122.4595881,Mixed-Use,30
r0075_c0419,37.74099,-122.4578782,Mixed-Use,36
r0075_c0420,37.74099,-122.4561683,Mixed-Use,42
r0075_c0421,37.74099,-122.4544584,Mixed-Use,37
r0075_c0422,37.74099,-122.4527485,Mixed-Use,33
r0075_c0423,37.74099,-122.4510386,Mixed-Use,47
r0075_c0424,37.74099,-122.4493287,Mixed-Use,47
r0075_c0425,37.74099,-122.4476188,Mixed-Use,70
r0075_c0426,37.74099,-122.445909,Mixed-Use,10
r0075_c0429,37.74099,-122.4407793,Residential,3
r0075_c0430,37.74099,-122.4390694,Residential,9
r0075_c0431,37.74099,-122.4373595,Residential,10
r0075_c0434,37.74099,-122.4322299,Residential,6
r0075_c0437,37.74099,-122.4271002,Residential,62
r0075_c0438,37.74099,-122.4253903,Residential,32
r0075_c0439,37.74099,-122.4236804,Commercial,3
r0075_c0440,37.74099,-122.4219705,Residential,8
r0075_c0441,37.74099,-122.4202606,Residential,10
r0075_c0442,37.74099,-122.4185507,Residential,10
r0075_c0443,37.74099,-122.4168409,Residential,10
r0075_c0444,37.74099,-122.415131,Residential,10
r0075_c0445,37.74099,-122.4134211,Residential,10
r0075_c0446,37.74099,-122.4117112,Residential,10
r0075_c0447,37.74099,-122.4100013,Residential,10
r0075_c0448,37.74099,-122.4082914,Residential,4
r0075_c0449,37.74099,-122.4065815,Industrial,10
r0075_c0450,37.74099,-122.4048716,Industrial,10
r0075_c0451,37.74099,-122.4031618,Industrial,10
r0075_c0452,37.74099,-122.4014519,Industrial,9
r0075_c0453,37.74099,-122.399742,Industrial,9
r0075_c0454,37.74099,-122.3980321,Industrial,10
r0075_c0455,37.74099,-122.3963222,Industrial,10
r0075_c0456,37.74099,-122.3946123,Industrial,7
r0075_c0457,37.74099,-122.3929024,Industrial,11
r0075_c0458,37.74099,-122.3911925,Industrial,10
r0075_c0459,37.74099,-122.3894826,Industrial,10
r0075_c0460,37.74099,-122.3877728,Commercial,8
r0075_c0461,37.74099,-122.3860629,Commercial,9
r0075_c0462,37.74099,-122.384353,Industrial,9
r0075_c0463,37.74099,-122.3826431,Industrial,10
r0075_c0464,37.74099,-122.3809332,Industrial,10
r0075_c0465,37.74099,-122.3792233,Industrial,9
r0075_c0466,37.74099,-122.3775134,Mixed-Use,7
r0075_c0467,37.74099,-122.3758035,Industrial,6
r0075_c0468,37.74099,-122.3740936,Industrial,10
r0075_c0469,37.74099,-122.3723838,Industrial,10
r0075_c0470,37.74099,-122.3706739,Industrial,10
r0075_c0471,37.74099,-122.368964,Industrial,10
r0076_c0391,37.7423413,-122.5057551,Residential,9
r0076_c0392,37.7423413,-122.5040452,Residential,9
r0076_c0393,37.7423413,-122.5023353,Residential,9
r0076_c0394,37.7423413,-122.5006254,Residential,9
r0076_c0395,37.7423413,-122.4989155,Residential,9
r0076_c0396,37.7423413,-122.4972056,Residential,9
r0076_c0397,37.7423413,-122.4954957,Residential,7
r0076_c0398,37.7423413,-122.4937858,Commercial,6
r0076_c0399,37.7423413,-122.4920759,Commercial,11
r0076_c0400,37.7423413,-122.4903661,Commercial,11
r0076_c0401,37.7423413,-122.4886562,Commercial,11
r0076_c0402,37.7423413,-122.4869463,Commercial,11
r0076_c0403,37.7423413,-122.4852364,Commercial,11
r0076_c0404,37.7423413,-122.4835265,Residential,11
r0076_c0405,37.7423413,-122.4818166,Residential,10
r0076_c0406,37.7423413,-122.4801067,Residential,10
r0076_c0407,37.7423413,-122.4783968,Residential,11
r0076_c0408,37.7423413,-122.476687,Residential,10
r0076_c0409,37.7423413,-122.4749771,Commercial,3
r0076_c0414,37.7423413,-122.4664276,Residential,52
r0076_c0416,37.7423413,-122.4630078,Mixed-Use,55
r0076_c0417,37.7423413,-122.461298,Mixed-Use,55
r0076_c0418,37.7423413,-122.4595881,Mixed-Use,15
r0076_c0419,37.7423413,-122.4578782,Mixed-Use,35
r0076_c0420,37.7423413,-122.4561683,Mixed-Use,31
r0076_c0421,37.7423413,-122.4544584,Mixed-Use,53
r0076_c0422,37.7423413,-122.4527485,Institutional,39
r0076_c0423,37.7423413,-122.4510386,Mixed-Use,35
r0076_c0424,37.7423413,-122.4493287,Mixed-Use,58
r0076_c0425,37.7423413,-122.4476188,Mixed-Use,33
r0076_c0429,37.7423413,-122.4407793,Residential,5
r0076_c0430,37.7423413,-122.4390694,Residential,10
r0076_c0431,37.7423413,-122.4373595,Residential,10
r0076_c0433,37.7423413,-122.4339397,Residential,47
r0076_c0434,37.7423413,-122.4322299,Institutional,46
r0076_c0435,37.7423413,-122.43052,Mixed-Use,60
r0076_c0438,37.7423413,-122.4253903,Residential,53
r0076_c0440,37.7423413,-122.4219705,Commercial,9
r0076_c0441,37.7423413,-122.4202606,Residential,10
r0076_c0442,37.7423413,-122.4185507,Residential,10
r0076_c0443,37.7423413,-122.4168409,Residential,4
r0076_c0444,37.7423413,-122.415131,Residential,5
r0076_c0445,37.7423413,-122.4134211,Residential,4
r0076_c0446,37.7423413,-122.4117112,Residential,4
r0076_c0447,37.7423413,-122.4100013,Residential,7
r0076_c0448,37.7423413,-122.4082914,Residential,9
r0076_c0449,37.7423413,-122.4065815,Industrial,6
r0076_c0450,37.7423413,-122.4048716,Industrial,11
r0076_c0451,37.7423413,-122.4031618,Industrial,10
r0076_c0452,37.7423413,-122.4014519,Industrial,10
r0076_c0453,37.7423413,-122.399742,Industrial,9
r0076_c0454,37.7423413,-122.3980321,Industrial,10
r0076_c0455,37.7423413,-122.3963222,Industrial,10
r0076_c0456,37.7423413,-122.3946123,Industrial,9
r0076_c0457,37.7423413,-122.3929024,Industrial,17
r0076_c0458,37.7423413,-122.3911925,Industrial,10
r0076_c0459,37.7423413,-122.3894826,Industrial,9
r0076_c0460,37.7423413,-122.3877728,Commercial,5
r0076_c0461,37.7423413,-122.3860629,Industrial,6
r0076_c0462,37.7423413,-122.384353,Industrial,13
r0076_c0463,37.7423413,-122.3826431,Industrial,10
r0076_c0464,37.7423413,-122.3809332,Industrial,8
r0076_c0465,37.7423413,-122.3792233,Mixed-Use,7
r0076_c0466,37.7423413,-122.3775134,Industrial,10
r0076_c0467,37.7423413,-122.3758035,Industrial,8
r0076_c0468,37.7423413,-122.3740936,Industrial,10
r0076_c0469,37.7423413,-122.3723838,Industrial,10
r0076_c0470,37.7423413,-122.3706739,Industrial,10
r0077_c0390,37.7436927,-122.5074649,Residential,3
r0077_c0391,37.7436927,-122.5057551,Residential,10
r0077_c0392,37.7436927,-122.5040452,Residential,10
r0077_c0393,37.7436927,-122.5023353,Residential,10
r0077_c0394,37.7436927,-122.5006254,Residential,10
r0077_c0395,37.7436927,-122.4989155,Residential,10
r0077_c0396,37.7436927,-122.4972056,Residential,10
r0077_c0397,37.7436927,-122.4954957,Residential,7
r0077_c0398,37.7436927,-122.4937858,Residential,7
r0077_c0399,37.7436927,-122.4920759,Residential,10
r0077_c0400,37.7436927,-122.4903661,Residential,10
r0077_c0401,37.7436927,-122.4886562,Residential,10
r0077_c0402,37.7436927,-122.4869463,Residential,10
r0077_c0403,37.7436927,-122.4852364,Residential,10
r0077_c0404,37.7436927,-122.4835265,Residential,10
r0077_c0405,37.7436927,-122.4818166,Residential,9
r0077_c0407,37.7436927,-122.4783968,Residential,9
r0077_c0408,37.7436927,-122.476687,Residential,10
r0077_c0409,37.7436927,-122.4749771,Commercial,6
r0077_c0410,37.7436927,-122.4732672,Commercial,5
r0077_c0411,37.7436927,-122.4715573,Commercial,5
r0077_c0412,37.7436927,-122.4698474,Commercial,5
r0077_c0413,37.7436927,-122.4681375,Commercial,3
r0077_c0414,37.7436927,-122.4664276,Mixed-Use,40
r0077_c0415,37.7436927,-122.4647177,Institutional,33
r0077_c0416,37.7436927,-122.4630078,Residential,33
r0077_c0417,37.7436927,-122.461298,Mixed-Use,38
r0077_c0418,37.7436927,-122.4595881,Mixed-Use,33
r0077_c0419,37.7436927,-122.4578782,Mixed-Use,61
r0077_c0420,37.7436927,-122.4561683,Mixed-Use,38
r0077_c0421,37.7436927,-122.4544584,Commercial,37
r0077_c0422,37.7436927,-122.4527485,Commercial,49
r0077_c0423,37.7436927,-122.4510386,Mixed-Use,49
r0077_c0426,37.7436927,-122.445909,Mixed-Use,18
r0077_c0427,37.7436927,-122.4441991,Mixed-Use,52
r0077_c0428,37.7436927,-122.4424892,Mixed-Use,13
r0077_c0429,37.7436927,-122.4407793,Open Space,3
r0077_c0430,37.7436927,-122.4390694,Commercial,8
r0077_c0432,37.7436927,-122.4356496,Mixed-Use,41
r0077_c0433,37.7436927,-122.4339397,Residential,62
r0077_c0434,37.7436927,-122.4322299,Mixed-Use,68
r0077_c0435,37.7436927,-122.43052,Mixed-Use,56
r0077_c0436,37.7436927,-122.4288101,Residential,66
r0077_c0437,37.7436927,-122.4271002,Residential,48
r0077_c0438,37.7436927,-122.4253903,Residential,58
r0077_c0440,37.7436927,-122.4219705,Commercial,10
r0077_c0441,37.7436927,-122.4202606,Residential,11
r0077_c0442,37.7436927,-122.4185507,Residential,10
r0077_c0443,37.7436927,-122.4168409,Residential,7
r0077_c0445,37.7436927,-122.4134211,Residential,3
r0077_c0446,37.7436927,-122.4117112,Residential,4
r0077_c0447,37.7436927,-122.4100013,Residential,7
r0077_c0448,37.7436927,-122.4082914,Residential,8
r0077_c0449,37.7436927,-122.4065815,Residential,6
r0077_c0450,37.7436927,-122.4048716,Industrial,9
r0077_c0451,37.7436927,-122.4031618,Industrial,11
r0077_c0452,37.7436927,-122.4014519,Industrial,11
r0077_c0453,37.7436927,-122.399742,Industrial,9
r0077_c0454,37.7436927,-122.3980321,Industrial,10
r0077_c0455,37.7436927,-122.3963222,Industrial,11
r0077_c0456,37.7436927,-122.3946123,Industrial,11
r0077_c0457,37.7436927,-122.3929024,Industrial,13
r0077_c0458,37.7436927,-122.3911925,Industrial,10
r0077_c0459,37.7436927,-122.3894826,Industrial,9
r0077_c0460,37.7436927,-122.3877728,Industrial,7
r0077_c0461,37.7436927,-122.3860629,Industrial,9
r0077_c0462,37.7436927,-122.384353,Industrial,10
r0077_c0463,37.7436927,-122.3826431,Industrial,8
r0077_c0464,37.7436927,-122.3809332,Other,4
r0077_c0466,37.7436927,-122.3775134,Industrial,7
r0077_c0467,37.7436927,-122.3758035,Industrial,10
r0077_c0468,37.7436927,-122.3740936,Industrial,10
r0077_c0469,37.7436927,-122.3723838,Industrial,10
r0077_c0470,37.7436927,-122.3706739,Industrial,3
r0078_c0390,37.745044,-122.5074649,Residential,4
r0078_c0391,37.745044,-122.5057551,Residential,10
r0078_c0392,37.745044,-122.5040452,Residential,10
r0078_c0393,37.745044,-122.5023353,Residential,10
r0078_c0394,37.745044,-122.5006254,Residential,10
r0078_c0395,37.745044,-122.4989155,Residential,10
r0078_c0396,37.745044,-122.4972056,Residential,10
r0078_c0397,37.745044,-122.4954957,Residential,7
r0078_c0398,37.745044,-122.4937858,Residential,7
r0078_c0399,37.745044,-122.4920759,Residential,10
r0078_c0400,37.745044,-122.4903661,Residential,10
r0078_c0401,37.745044,-122.4886562,Residential,10
r0078_c0402,37.745044,-122.4869463,Residential,10
r0078_c0403,37.745044,-122.4852364,Residential,10
r0078_c0404,37.745044,-122.4835265,Residential,10
r0078_c0405,37.745044,-122.4818166,Residential,8
r0078_c0406,37.745044,-122.4801067,Mixed-Use,4
r0078_c0407,37.745044,-122.4783968,Residential,9
r0078_c0408,37.745044,-122.476687,Residential,10
r0078_c0411,37.745044,-122.4715573,Mixed-Use,55
r0078_c0412,37.745044,-122.4698474,Institutional,34
r0078_c0413,37.745044,-122.4681375,Mixed-Use,22
r0078_c0414,37.745044,-122.4664276,Mixed-Use,51
r0078_c0415,37.745044,-122.4647177,Mixed-Use,35
r0078_c0416,37.745044,-122.4630078,Mixed-Use,45
r0078_c0418,37.745044,-122.4595881,Institutional,31
r0078_c0420,37.745044,-122.4561683,Mixed-Use,50
r0078_c0421,37.745044,-122.4544584,Mixed-Use,53
r0078_c0422,37.745044,-122.4527485,Commercial,15
r0078_c0423,37.745044,-122.4510386,Commercial,10
r0078_c0426,37.745044,-122.445909,Mixed-Use,38
r0078_c0427,37.745044,-122.4441991,Mixed-Use,49
r0078_c0428,37.745044,-122.4424892,Residential,4
r0078_c0429,37.745044,-122.4407793,Residential,3
r0078_c0431,37.745044,-122.4373595,Mixed-Use,63
r0078_c0432,37.745044,-122.4356496,Mixed-Use,60
r0078_c0435,37.745044,-122.43052,Residential,66
r0078_c0436,37.745044,-122.4288101,Institutional,65
r0078_c0437,37.745044,-122.4271002,Residential,64
r0078_c0438,37.745044,-122.4253903,Mixed-Use,70
r0078_c0439,37.745044,-122.4236804,Residential,65
r0078_c0441,37.745044,-122.4202606,Commercial,9
r0078_c0442,37.745044,-122.4185507,Residential,10
r0078_c0443,37.745044,-122.4168409,Residential,10
r0078_c0444,37.745044,-122.415131,Residential,8
r0078_c0445,37.745044,-122.4134211,Residential,10
r0078_c0446,37.745044,-122.4117112,Residential,10
r0078_c0447,37.745044,-122.4100013,Residential,10
r0078_c0448,37.745044,-122.4082914,Residential,10
r0078_c0449,37.745044,-122.4065815,Residential,10
r0078_c0450,37.745044,-122.4048716,Industrial,5
r0078_c0451,37.745044,-122.4031618,Industrial,10
r0078_c0452,37.745044,-122.4014519,Industrial,12
r0078_c0453,37.745044,-122.399742,Industrial,11
r0078_c0454,37.745044,-122.3980321,Industrial,10
r0078_c0455,37.745044,-122.3963222,Industrial,15
r0078_c0456,37.745044,-122.3946123,Industrial,8
r0078_c0457,37.745044,-122.3929024,Industrial,9
r0078_c0458,37.745044,-122.3911925,Industrial,10
r0078_c0459,37.745044,-122.3894826,Industrial,10
r0078_c0460,37.745044,-122.3877728,Industrial,8
r0078_c0461,37.745044,-122.3860629,Industrial,8
r0078_c0462,37.745044,-122.384353,Industrial,9
r0078_c0463,37.745044,-122.3826431,Industrial,10
r0078_c0464,37.745044,-122.3809332,Industrial,9
r0078_c0465,37.745044,-122.3792233,Industrial,8
r0078_c0466,37.745044,-122.3775134,Industrial,8
r0078_c0467,37.745044,-122.3758035,Industrial,4
r0078_c0468,37.745044,-122.3740936,Industrial,4
r0078_c0469,37.745044,-122.3723838,Industrial,5
r0079_c0390,37.7463954,-122.5074649,Residential,6
r0079_c0391,37.7463954,-122.5057551,Residential,10
r0079_c0392,37.7463954,-122.5040452,Residential,10
r0079_c0393,37.7463954,-122.5023353,Residential,10
r0079_c0394,37.7463954,-122.5006254,Residential,10
r0079_c0395,37.7463954,-122.4989155,Residential,10
r0079_c0396,37.7463954,-122.4972056,Residential,4
r0079_c0398,37.7463954,-122.4937858,Residential,8
r0079_c0399,37.7463954,-122.4920759,Residential,10
r0079_c0400,37.7463954,-122.4903661,Residential,10
r0079_c0401,37.7463954,-122.4886562,Residential,10
r0079_c0402,37.7463954,-122.4869463,Residential,10
r0079_c0403,37.7463954,-122.4852364,Residential,10
r0079_c0404,37.7463954,-122.4835265,Residential,10
r0079_c0405,37.7463954,-122.4818166,Residential,8
r0079_c0407,37.7463954,-122.4783968,Residential,10
r0079_c0408,37.7463954,-122.476687,Residential,9
r0079_c0409,37.7463954,-122.4749771,Mixed-Use,46
r0079_c0410,37.7463954,-122.4732672,Mixed-Use,50
r0079_c0411,37.7463954,-122.4715573,Mixed-Use,63
r0079_c0412,37.7463954,-122.4698474,Mixed-Use,20
r0079_c0413,37.7463954,-122.4681375,Residential,23
r0079_c0414,37.7463954,-122.4664276,Mixed-Use,40
r0079_c0415,37.7463954,-122.4647177,Mixed-Use,36
r0079_c0416,37.7463954,-122.4630078,Mixed-Use,33
r0079_c0417,37.7463954,-122.461298,Mixed-Use,35
r0079_c0418,37.7463954,-122.4595881,Institutional,36
r0079_c0420,37.7463954,-122.4561683,Residential,29
r0079_c0421,37.7463954,-122.4544584,Mixed-Use,7
r0079_c0422,37.7463954,-122.4527485,Mixed-Use,3
r0079_c0423,37.7463954,-122.4510386,Commercial,17
r0079_c0424,37.7463954,-122.4493287,Mixed-Use,8
r0079_c0425,37.7463954,-122.4476188,Mixed-Use,20
r0079_c0426,37.7463954,-122.445909,Mixed-Use,39
r0079_c0427,37.7463954,-122.4441991,Residential,30
r0079_c0428,37.7463954,-122.4424892,Residential,3
r0079_c0429,37.7463954,-122.4407793,Residential,7
r0079_c0430,37.7463954,-122.4390694,Residential,10
r0079_c0431,37.7463954,-122.4373595,Mixed-Use,52
r0079_c0432,37.7463954,-122.4356496,Mixed-Use,73
r0079_c0433,37.7463954,-122.4339397,Mixed-Use,52
r0079_c0434,37.7463954,-122.4322299,Mixed-Use,43
r0079_c0435,37.7463954,-122.43052,Mixed-Use,61
r0079_c0436,37.7463954,-122.4288101,Residential,77
r0079_c0437,37.7463954,-122.4271002,Mixed-Use,73
r0079_c0438,37.7463954,-122.4253903,Mixed-Use,52
r0079_c0439,37.7463954,-122.4236804,Mixed-Use,65
r0079_c0440,37.7463954,-122.4219705,Residential,50
r0079_c0441,37.7463954,-122.4202606,Commercial,6
r0079_c0442,37.7463954,-122.4185507,Residential,10
r0079_c0443,37.7463954,-122.4168409,Residential,10
r0079_c0444,37.7463954,-122.415131,Residential,10
r0079_c0445,37.7463954,-122.4134211,Residential,9
r0079_c0446,37.7463954,-122.4117112,Residential,9
r0079_c0447,37.7463954,-122.4100013,Residential,10
r0079_c0448,37.7463954,-122.4082914,Residential,10
r0079_c0449,37.7463954,-122.4065815,Residential,10
r0079_c0450,37.7463954,-122.4048716,Residential,3
r0079_c0451,37.7463954,-122.4031618,Industrial,9
r0079_c0452,37.7463954,-122.4014519,Industrial,12
r0079_c0453,37.7463954,-122.399742,Industrial,14
r0079_c0454,37.7463954,-122.3980321,Industrial,12
r0079_c0455,37.7463954,-122.3963222,Industrial,10
r0079_c0456,37.7463954,-122.3946123,Industrial,7
r0079_c0457,37.7463954,-122.3929024,Industrial,7
r0079_c0458,37.7463954,-122.3911925,Industrial,9
r0079_c0459,37.7463954,-122.3894826,Industrial,8
r0079_c0460,37.7463954,-122.3877728,Industrial,6
r0079_c0461,37.7463954,-122.3860629,Industrial,5
r0079_c0462,37.7463954,-122.384353,Industrial,10
r0079_c0463,37.7463954,-122.3826431,Industrial,14
r0079_c0464,37.7463954,-122.3809332,Industrial,19
r0079_c0465,37.7463954,-122.3792233,Industrial,16
r0079_c0466,37.7463954,-122.3775134,Industrial,9
r0080_c0390,37.7477467,-122.5074649,Residential,6
r0080_c0391,37.7477467,-122.5057551,Residential,10
r0080_c0392,37.7477467,-122.5040452,Residential,9
r0080_c0393,37.7477467,-122.5023353,Residential,9
r0080_c0394,37.7477467,-122.5006254,Residential,9
r0080_c0395,37.7477467,-122.4989155,Residential,4
r0080_c0398,37.7477467,-122.4937858,Residential,7
r0080_c0399,37.7477467,-122.4920759,Residential,9
r0080_c0400,37.7477467,-122.4903661,Residential,9
r0080_c0401,37.7477467,-122.4886562,Residential,9
r0080_c0402,37.7477467,-122.4869463,Residential,9
r0080_c0403,37.7477467,-122.4852364,Residential,9
r0080_c0404,37.7477467,-122.4835265,Residential,9
r0080_c0405,37.7477467,-122.4818166,Residential,4
r0080_c0407,37.7477467,-122.4783968,Residential,10
r0080_c0408,37.7477467,-122.476687,Residential,9
r0080_c0409,37.7477467,-122.4749771,Mixed-Use,63
r0080_c0410,37.7477467,-122.4732672,Mixed-Use,58
r0080_c0411,37.7477467,-122.4715573,Mixed-Use,52
r0080_c0412,37.7477467,-122.4698474,Mixed-Use,54
r0080_c0413,37.7477467,-122.4681375,Residential,57
r0080_c0414,37.7477467,-122.4664276,Mixed-Use,40
r0080_c0415,37.7477467,-122.4647177,Mixed-Use,37
r0080_c0416,37.7477467,-122.4630078,Mixed-Use,37
r0080_c0417,37.7477467,-122.461298,Mixed-Use,34
r0080_c0418,37.7477467,-122.4595881,Commercial,24
r0080_c0419,37.7477467,-122.4578782,Mixed-Use,3
r0080_c0420,37.7477467,-122.4561683,Mixed-Use,8
r0080_c0423,37.7477467,-122.4510386,Mixed-Use,47
r0080_c0424,37.7477467,-122.4493287,Mixed-Use,35
r0080_c0425,37.7477467,-122.4476188,Mixed-Use,58
r0080_c0426,37.7477467,-122.445909,Residential,65
r0080_c0431,37.7477467,-122.4373595,Mixed-Use,55
r0080_c0432,37.7477467,-122.4356496,Mixed-Use,62
r0080_c0434,37.7477467,-122.4322299,Mixed-Use,50
r0080_c0435,37.7477467,-122.43052,Mixed-Use,66
r0080_c0436,37.7477467,-122.4288101,Mixed-Use,66
r0080_c0437,37.7477467,-122.4271002,Mixed-Use,71
r0080_c0438,37.7477467,-122.4253903,Mixed-Use,61
r0080_c0439,37.7477467,-122.4236804,Residential,69
r0080_c0441,37.7477467,-122.4202606,Commercial,7
r0080_c0442,37.7477467,-122.4185507,Commercial,9
r0080_c0443,37.7477467,-122.4168409,Residential,10
r0080_c0444,37.7477467,-122.415131,Residential,7
r0080_c0447,37.7477467,-122.4100013,Residential,9
r0080_c0448,37.7477467,-122.4082914,Residential,9
r0080_c0449,37.7477467,-122.4065815,Residential,10
r0080_c0450,37.7477467,-122.4048716,Residential,4
r0080_c0451,37.7477467,-122.4031618,Industrial,8
r0080_c0452,37.7477467,-122.4014519,Industrial,15
r0080_c0453,37.7477467,-122.399742,Industrial,10
r0080_c0454,37.7477467,-122.3980321,Industrial,10
r0080_c0455,37.7477467,-122.3963222,Industrial,9
r0080_c0456,37.7477467,-122.3946123,Industrial,10
r0080_c0459,37.7477467,-122.3894826,Industrial,3
r0080_c0460,37.7477467,-122.3877728,Industrial,4
r0080_c0463,37.7477467,-122.3826431,Industrial,3
r0081_c0390,37.7490981,-122.5074649,Residential,8
r0081_c0391,37.7490981,-122.5057551,Residential,10
r0081_c0392,37.7490981,-122.5040452,Residential,10
r0081_c0393,37.7490981,-122.5023353,Residential,10
r0081_c0394,37.7490981,-122.5006254,Residential,10
r0081_c0398,37.7490981,-122.4937858,Residential,9
r0081_c0399,37.7490981,-122.4920759,Residential,10
r0081_c0400,37.7490981,-122.4903661,Residential,10
r0081_c0401,37.7490981,-122.4886562,Residential,10
r0081_c0402,37.7490981,-122.4869463,Residential,10
r0081_c0405,37.7490981,-122.4818166,Residential,3
r0081_c0406,37.7490981,-122.4801067,Residential,10
r0081_c0407,37.7490981,-122.4783968,Residential,10
r0081_c0408,37.7490981,-122.476687,Residential,8
r0081_c0409,37.7490981,-122.4749771,Residential,8
r0081_c0410,37.7490981,-122.4732672,Residential,8
r0081_c0411,37.7490981,-122.4715573,Residential,7
r0081_c0412,37.7490981,-122.4698474,Residential,7
r0081_c0413,37.7490981,-122.4681375,Residential,4
r0081_c0414,37.7490981,-122.4664276,Residential,50
r0081_c0415,37.7490981,-122.4647177,Mixed-Use,37
r0081_c0416,37.7490981,-122.4630078,Mixed-Use,45
r0081_c0417,37.7490981,-122.461298,Mixed-Use,32
r0081_c0418,37.7490981,-122.4595881,Mixed-Use,7
r0081_c0422,37.7490981,-122.4527485,Mixed-Use,45
r0081_c0423,37.7490981,-122.4510386,Mixed-Use,52
r0081_c0424,37.7490981,-122.4493287,Mixed-Use,27
r0081_c0425,37.7490981,-122.4476188,Mixed-Use,25
r0081_c0426,37.7490981,-122.445909,Mixed-Use,12
r0081_c0427,37.7490981,-122.4441991,Mixed-Use,19
r0081_c0428,37.7490981,-122.4424892,Mixed-Use,59
r0081_c0429,37.7490981,-122.4407793,Mixed-Use,42
r0081_c0431,37.7490981,-122.4373595,Mixed-Use,78
r0081_c0432,37.7490981,-122.4356496,Mixed-Use,60
r0081_c0433,37.7490981,-122.4339397,Commercial,38
r0081_c0434,37.7490981,-122.4322299,Mixed-Use,28
r0081_c0435,37.7490981,-122.43052,Residential,79
r0081_c0436,37.7490981,-122.4288101,Residential,57
r0081_c0437,37.7490981,-122.4271002,Residential,58
r0081_c0438,37.7490981,-122.4253903,Residential,60
r0081_c0439,37.7490981,-122.4236804,Residential,57
r0081_c0441,37.7490981,-122.4202606,Commercial,7
r0081_c0442,37.7490981,-122.4185507,Commercial,8
r0081_c0443,37.7490981,-122.4168409,Residential,16
r0081_c0444,37.7490981,-122.415131,Residential,17
r0081_c0445,37.7490981,-122.4134211,Residential,9
r0081_c0446,37.7490981,-122.4117112,Residential,7
r0081_c0447,37.7490981,-122.4100013,Residential,10
r0081_c0448,37.7490981,-122.4082914,Residential,10
r0081_c0449,37.7490981,-122.4065815,Residential,4
r0081_c0451,37.7490981,-122.4031618,Industrial,5
r0081_c0452,37.7490981,-122.4014519,Industrial,9
r0081_c0453,37.7490981,-122.399742,Industrial,9
r0081_c0454,37.7490981,-122.3980321,Industrial,9
r0081_c0455,37.7490981,-122.3963222,Industrial,15
r0081_c0456,37.7490981,-122.3946123,Industrial,18
r0081_c0457,37.7490981,-122.3929024,Industrial,5
r0081_c0458,37.7490981,-122.3911925,Industrial,9
r0081_c0459,37.7490981,-122.3894826,Industrial,10
r0081_c0460,37.7490981,-122.3877728,Industrial,10
r0081_c0461,37.7490981,-122.3860629,Industrial,8
r0081_c0462,37.7490981,-122.384353,Industrial,10
r0081_c0463,37.7490981,-122.3826431,Industrial,11
r0081_c0464,37.7490981,-122.3809332,Industrial,11
r0081_c0465,37.7490981,-122.3792233,Industrial,11
r0081_c0466,37.7490981,-122.3775134,Industrial,10
r0081_c0467,37.7490981,-122.3758035,Industrial,5
r0082_c0390,37.7504494,-122.5074649,Residential,9
r0082_c0391,37.7504494,-122.5057551,Residential,10
r0082_c0392,37.7504494,-122.5040452,Residential,10
r0082_c0393,37.7504494,-122.5023353,Residential,10
r0082_c0394,37.7504494,-122.5006254,Residential,9
r0082_c0398,37.7504494,-122.4937858,Residential,9
r0082_c0399,37.7504494,-122.4920759,Residential,10
r0082_c0400,37.7504494,-122.4903661,Residential,10
r0082_c0401,37.7504494,-122.4886562,Residential,10
r0082_c0402,37.7504494,-122.4869463,Residential,10
r0082_c0405,37.7504494,-122.4818166,Residential,4
r0082_c0406,37.7504494,-122.4801067,Residential,10
r0082_c0407,37.7504494,-122.4783968,Residential,10
r0082_c0408,37.7504494,-122.476687,Residential,9
r0082_c0409,37.7504494,-122.4749771,Residential,10
r0082_c0410,37.7504494,-122.4732672,Residential,10
r0082_c0411,37.7504494,-122.4715573,Residential,10
r0082_c0412,37.7504494,-122.4698474,Residential,11
r0082_c0413,37.7504494,-122.4681375,Residential,6
r0082_c0414,37.7504494,-122.4664276,Residential,60
r0082_c0415,37.7504494,-122.4647177,Mixed-Use,32
r0082_c0416,37.7504494,-122.4630078,Mixed-Use,43
r0082_c0417,37.7504494,-122.461298,Institutional,12
r0082_c0422,37.7504494,-122.4527485,Mixed-Use,46
r0082_c0423,37.7504494,-122.4510386,Mixed-Use,53
r0082_c0425,37.7504494,-122.4476188,Mixed-Use,3
r0082_c0426,37.7504494,-122.445909,Mixed-Use,16
r0082_c0427,37.7504494,-122.4441991,Mixed-Use,37
r0082_c0428,37.7504494,-122.4424892,Mixed-Use,42
r0082_c0429,37.7504494,-122.4407793,Mixed-Use,64
r0082_c0430,37.7504494,-122.4390694,Commercial,58
r0082_c0433,37.7504494,-122.4339397,Commercial,4
r0082_c0436,37.7504494,-122.4288101,Residential,72
r0082_c0437,37.7504494,-122.4271002,Mixed-Use,73
r0082_c0438,37.7504494,-122.4253903,Residential,52
r0082_c0439,37.7504494,-122.4236804,Residential,52
r0082_c0440,37.7504494,-122.4219705,Residential,63
r0082_c0441,37.7504494,-122.4202606,Commercial,5
r0082_c0442,37.7504494,-122.4185507,Commercial,7
r0082_c0443,37.7504494,-122.4168409,Residential,10
r0082_c0444,37.7504494,-122.415131,Residential,10
r0082_c0445,37.7504494,-122.4134211,Residential,9
r0082_c0446,37.7504494,-122.4117112,Residential,5
r0082_c0447,37.7504494,-122.4100013,Residential,10
r0082_c0448,37.7504494,-122.4082914,Residential,10
r0082_c0449,37.7504494,-122.4065815,Residential,6
r0082_c0452,37.7504494,-122.4014519,Industrial,6
r0082_c0453,37.7504494,-122.399742,Industrial,8
r0082_c0454,37.7504494,-122.3980321,Industrial,9
r0082_c0455,37.7504494,-122.3963222,Industrial,10
r0082_c0456,37.7504494,-122.3946123,Industrial,9
r0082_c0459,37.7504494,-122.3894826,Industrial,10
r0082_c0460,37.7504494,-122.3877728,Industrial,10
r0082_c0461,37.7504494,-122.3860629,Industrial,11
r0082_c0462,37.7504494,-122.384353,Industrial,11
r0082_c0463,37.7504494,-122.3826431,Industrial,10
r0082_c0464,37.7504494,-122.3809332,Industrial,10
r0082_c0465,37.7504494,-122.3792233,Industrial,10
r0082_c0466,37.7504494,-122.3775134,Industrial,10
r0082_c0467,37.7504494,-122.3758035,Industrial,5
r0083_c0390,37.7518008,-122.5074649,Residential,10
r0083_c0391,37.7518008,-122.5057551,Residential,10
r0083_c0392,37.7518008,-122.5040452,Residential,10
r0083_c0393,37.7518008,-122.5023353,Residential,10
r0083_c0394,37.7518008,-122.5006254,Residential,10
r0083_c0395,37.7518008,-122.4989155,Residential,8
r0083_c0396,37.7518008,-122.4972056,Residential,8
r0083_c0397,37.7518008,-122.4954957,Residential,3
r0083_c0398,37.7518008,-122.4937858,Residential,10
r0083_c0399,37.7518008,-122.4920759,Residential,10
r0083_c0400,37.7518008,-122.4903661,Residential,10
r0083_c0401,37.7518008,-122.4886562,Residential,10
r0083_c0402,37.7518008,-122.4869463,Residential,10
r0083_c0403,37.7518008,-122.4852364,Residential,4
r0083_c0404,37.7518008,-122.4835265,Residential,3
r0083_c0405,37.7518008,-122.4818166,Residential,6
r0083_c0406,37.7518008,-122.4801067,Residential,10
r0083_c0407,37.7518008,-122.4783968,Residential,10
r0083_c0408,37.7518008,-122.476687,Residential,9
r0083_c0409,37.7518008,-122.4749771,Residential,10
r0083_c0410,37.7518008,-122.4732672,Residential,10
r0083_c0411,37.7518008,-122.4715573,Residential,10
r0083_c0412,37.7518008,-122.4698474,Residential,10
r0083_c0413,37.7518008,-122.4681375,Residential,4
r0083_c0414,37.7518008,-122.4664276,Mixed-Use,64
r0083_c0415,37.7518008,-122.4647177,Mixed-Use,30
r0083_c0416,37.7518008,-122.4630078,Mixed-Use,17
r0083_c0418,37.7518008,-122.4595881,Mixed-Use,7
r0083_c0419,37.7518008,-122.4578782,Mixed-Use,49
r0083_c0420,37.7518008,-122.4561683,Institutional,26
r0083_c0422,37.7518008,-122.4527485,Mixed-Use,27
r0083_c0423,37.7518008,-122.4510386,Mixed-Use,44
r0083_c0424,37.7518008,-122.4493287,Mixed-Use,35
r0083_c0426,37.7518008,-122.445909,Mixed-Use,16
r0083_c0427,37.7518008,-122.4441991,Mixed-Use,37
r0083_c0428,37.7518008,-122.4424892,Mixed-Use,27
r0083_c0429,37.7518008,-122.4407793,Mixed-Use,72
r0083_c0430,37.7518008,-122.4390694,Commercial,63
r0083_c0432,37.7518008,-122.4356496,Commercial,4
r0083_c0433,37.7518008,-122.4339397,Commercial,4
r0083_c0434,37.7518008,-122.4322299,Commercial,5
r0083_c0435,37.7518008,-122.43052,Commercial,7
r0083_c0436,37.7518008,-122.4288101,Commercial,6
r0083_c0437,37.7518008,-122.4271002,Commercial,6
r0083_c0438,37.7518008,-122.4253903,Mixed-Use,59
r0083_c0439,37.7518008,-122.4236804,Institutional,36
r0083_c0441,37.7518008,-122.4202606,Commercial,4
r0083_c0442,37.7518008,-122.4185507,Commercial,8
r0083_c0443,37.7518008,-122.4168409,Residential,10
r0083_c0444,37.7518008,-122.415131,Residential,10
r0083_c0445,37.7518008,-122.4134211,Residential,10
r0083_c0446,37.7518008,-122.4117112,Residential,10
r0083_c0447,37.7518008,-122.4100013,Residential,10
r0083_c0448,37.7518008,-122.4082914,Residential,10
r0083_c0449,37.7518008,-122.4065815,Residential,10
r0083_c0450,37.7518008,-122.4048716,Residential,6
r0083_c0451,37.7518008,-122.4031618,Residential,4
r0083_c0452,37.7518008,-122.4014519,Mixed-Use,67
r0083_c0453,37.7518008,-122.399742,Mixed-Use,93
r0083_c0454,37.7518008,-122.3980321,Other,6
r0083_c0455,37.7518008,-122.3963222,Industrial,6
r0083_c0456,37.7518008,-122.3946123,Industrial,8
r0083_c0459,37.7518008,-122.3894826,Industrial,10
r0083_c0460,37.7518008,-122.3877728,Industrial,10
r0083_c0461,37.7518008,-122.3860629,Industrial,17
r0083_c0462,37.7518008,-122.384353,Industrial,17
r0083_c0463,37.7518008,-122.3826431,Industrial,10
r0083_c0464,37.7518008,-122.3809332,Industrial,10
r0083_c0465,37.7518008,-122.3792233,Industrial,8
r0083_c0466,37.7518008,-122.3775134,Industrial,8
r0083_c0467,37.7518008,-122.3758035,Industrial,3
r0084_c0390,37.7531521,-122.5074649,Residential,3
r0084_c0391,37.7531521,-122.5057551,Commercial,4
r0084_c0392,37.7531521,-122.5040452,Commercial,5
r0084_c0393,37.7531521,-122.5023353,Residential,4
r0084_c0394,37.7531521,-122.5006254,Residential,5
r0084_c0395,37.7531521,-122.4989155,Residential,6
r0084_c0396,37.7531521,-122.4972056,Residential,8
r0084_c0398,37.7531521,-122.4937858,Residential,9
r0084_c0399,37.7531521,-122.4920759,Residential,9
r0084_c0400,37.7531521,-122.4903661,Residential,10
r0084_c0401,37.7531521,-122.4886562,Residential,10
r0084_c0402,37.7531521,-122.4869463,Residential,9
r0084_c0403,37.7531521,-122.4852364,Residential,10
r0084_c0404,37.7531521,-122.4835265,Residential,10
r0084_c0405,37.7531521,-122.4818166,Residential,10
r0084_c0406,37.7531521,-122.4801067,Residential,10
r0084_c0407,37.7531521,-122.4783968,Residential,10
r0084_c0408,37.7531521,-122.476687,Residential,8
r0084_c0409,37.7531521,-122.4749771,Residential,10
r0084_c0410,37.7531521,-122.4732672,Residential,10
r0084_c0411,37.7531521,-122.4715573,Residential,10
r0084_c0412,37.7531521,-122.4698474,Residential,10
r0084_c0413,37.7531521,-122.4681375,Residential,3
r0084_c0414,37.7531521,-122.4664276,Mixed-Use,61
r0084_c0415,37.7531521,-122.4647177,Mixed-Use,44
r0084_c0418,37.7531521,-122.4595881,Mixed-Use,21
r0084_c0419,37.7531521,-122.4578782,Mixed-Use,32
r0084_c0420,37.7531521,-122.4561683,Institutional,26
r0084_c0421,37.7531521,-122.4544584,Mixed-Use,23
r0084_c0422,37.7531521,-122.4527485,Mixed-Use,32
r0084_c0423,37.7531521,-122.4510386,Mixed-Use,53
r0084_c0424,37.7531521,-122.4493287,Mixed-Use,41
r0084_c0426,37.7531521,-122.445909,Mixed-Use,4
r0084_c0427,37.7531521,-122.4441991,Residential,34
r0084_c0428,37.7531521,-122.4424892,Residential,47
r0084_c0429,37.7531521,-122.4407793,Residential,61
r0084_c0430,37.7531521,-122.4390694,Residential,53
r0084_c0431,37.7531521,-122.4373595,Residential,59
r0084_c0432,37.7531521,-122.4356496,Residential,64
r0084_c0433,37.7531521,-122.4339397,Residential,57
r0084_c0434,37.7531521,-122.4322299,Residential,61
r0084_c0435,37.7531521,-122.43052,Mixed-Use,62
r0084_c0436,37.7531521,-122.4288101,Institutional,83
r0084_c0437,37.7531521,-122.4271002,Mixed-Use,63
r0084_c0438,37.7531521,-122.4253903,Mixed-Use,58
r0084_c0439,37.7531521,-122.4236804,Institutional,54
r0084_c0441,37.7531521,-122.4202606,Commercial,4
r0084_c0442,37.7531521,-122.4185507,Commercial,9
r0084_c0443,37.7531521,-122.4168409,Residential,10
r0084_c0444,37.7531521,-122.415131,Residential,10
r0084_c0445,37.7531521,-122.4134211,Residential,10
r0084_c0446,37.7531521,-122.4117112,Residential,10
r0084_c0447,37.7531521,-122.4100013,Residential,10
r0084_c0448,37.7531521,-122.4082914,Residential,10
r0084_c0449,37.7531521,-122.4065815,Residential,9
r0084_c0450,37.7531521,-122.4048716,Residential,6
r0084_c0451,37.7531521,-122.4031618,Residential,4
r0084_c0452,37.7531521,-122.4014519,Mixed-Use,56
r0084_c0453,37.7531521,-122.399742,Mixed-Use,12
r0084_c0454,37.7531521,-122.3980321,Mixed-Use,22
r0084_c0455,37.7531521,-122.3963222,Mixed-Use,12
r0084_c0456,37.7531521,-122.3946123,Mixed-Use,19
r0084_c0457,37.7531521,-122.3929024,Mixed-Use,24
r0084_c0459,37.7531521,-122.3894826,Industrial,10
r0084_c0460,37.7531521,-122.3877728,Industrial,10
r0084_c0461,37.7531521,-122.3860629,Industrial,12
r0084_c0462,37.7531521,-122.384353,Industrial,13
r0084_c0463,37.7531521,-122.3826431,Industrial,7
r0084_c0464,37.7531521,-122.3809332,Industrial,4
r0085_c0389,37.7545035,-122.5091748,Residential,17
r0085_c0390,37.7545035,-122.5074649,Residential,61
r0085_c0391,37.7545035,-122.5057551,Residential,62
r0085_c0392,37.7545035,-122.5040452,Mixed-Use,54
r0085_c0393,37.7545035,-122.5023353,Mixed-Use,63
r0085_c0394,37.7545035,-122.5006254,Mixed-Use,70
r0085_c0395,37.7545035,-122.4989155,Mixed-Use,59
r0085_c0396,37.7545035,-122.4972056,Mixed-Use,62
r0085_c0398,37.7545035,-122.4937858,Residential,10
r0085_c0399,37.7545035,-122.4920759,Residential,10
r0085_c0400,37.7545035,-122.4903661,Residential,10
r0085_c0401,37.7545035,-122.4886562,Residential,10
r0085_c0402,37.7545035,-122.4869463,Residential,10
r0085_c0403,37.7545035,-122.4852364,Residential,10
r0085_c0404,37.7545035,-122.4835265,Residential,10
r0085_c0405,37.7545035,-122.4818166,Residential,10
r0085_c0406,37.7545035,-122.4801067,Residential,10
r0085_c0407,37.7545035,-122.4783968,Commercial,10
r0085_c0408,37.7545035,-122.476687,Residential,7
r0085_c0409,37.7545035,-122.4749771,Residential,7
r0085_c0410,37.7545035,-122.4732672,Residential,7
r0085_c0411,37.7545035,-122.4715573,Residential,8
r0085_c0412,37.7545035,-122.4698474,Residential,8
r0085_c0414,37.7545035,-122.4664276,Residential,58
r0085_c0415,37.7545035,-122.4647177,Mixed-Use,50
r0085_c0417,37.7545035,-122.461298,Mixed-Use,38
r0085_c0418,37.7545035,-122.4595881,Mixed-Use,52
r0085_c0419,37.7545035,-122.4578782,Mixed-Use,37
r0085_c0420,37.7545035,-122.4561683,Mixed-Use,48
r0085_c0421,37.7545035,-122.4544584,Mixed-Use,27
r0085_c0422,37.7545035,-122.4527485,Industrial,3
r0085_c0423,37.7545035,-122.4510386,Mixed-Use,36
r0085_c0424,37.7545035,-122.4493287,Mixed-Use,52
r0085_c0425,37.7545035,-122.4476188,Mixed-Use,4
r0085_c0427,37.7545035,-122.4441991,Institutional,15
r0085_c0428,37.7545035,-122.4424892,Institutional,35
r0085_c0429,37.7545035,-122.4407793,Residential,64
r0085_c0430,37.7545035,-122.4390694,Residential,53
r0085_c0431,37.7545035,-122.4373595,Residential,64
r0085_c0432,37.7545035,-122.4356496,Mixed-Use,56
r0085_c0433,37.7545035,-122.4339397,Residential,69
r0085_c0434,37.7545035,-122.4322299,Residential,59
r0085_c0435,37.7545035,-122.43052,Mixed-Use,57
r0085_c0436,37.7545035,-122.4288101,Mixed-Use,78
r0085_c0438,37.7545035,-122.4253903,Institutional,40
r0085_c0439,37.7545035,-122.4236804,Residential,58
r0085_c0440,37.7545035,-122.4219705,Commercial,3
r0085_c0441,37.7545035,-122.4202606,Commercial,4
r0085_c0442,37.7545035,-122.4185507,Commercial,10
r0085_c0443,37.7545035,-122.4168409,Residential,10
r0085_c0444,37.7545035,-122.415131,Residential,10
r0085_c0445,37.7545035,-122.4134211,Residential,11
r0085_c0446,37.7545035,-122.4117112,Residential,10
r0085_c0447,37.7545035,-122.4100013,Residential,10
r0085_c0448,37.7545035,-122.4082914,Residential,10
r0085_c0449,37.7545035,-122.4065815,Residential,5
r0085_c0452,37.7545035,-122.4014519,Residential,49
r0085_c0453,37.7545035,-122.399742,Mixed-Use,49
r0085_c0454,37.7545035,-122.3980321,Residential,9
r0085_c0456,37.7545035,-122.3946123,Mixed-Use,4
r0085_c0458,37.7545035,-122.3911925,Industrial,3
r0085_c0459,37.7545035,-122.3894826,Industrial,10
r0085_c0460,37.7545035,-122.3877728,Industrial,10
r0085_c0462,37.7545035,-122.384353,Industrial,3
r0086_c0389,37.7558548,-122.5091748,Mixed-Use,18
r0086_c0390,37.7558548,-122.5074649,Mixed-Use,62
r0086_c0391,37.7558548,-122.5057551,Institutional,62
r0086_c0392,37.7558548,-122.5040452,Mixed-Use,75
r0086_c0394,37.7558548,-122.5006254,Mixed-Use,62
r0086_c0395,37.7558548,-122.4989155,Mixed-Use,64
r0086_c0396,37.7558548,-122.4972056,Mixed-Use,58
r0086_c0398,37.7558548,-122.4937858,Residential,10
r0086_c0399,37.7558548,-122.4920759,Residential,10
r0086_c0400,37.7558548,-122.4903661,Residential,10
r0086_c0401,37.7558548,-122.4886562,Residential,10
r0086_c0402,37.7558548,-122.4869463,Residential,12
r0086_c0403,37.7558548,-122.4852364,Residential,10
r0086_c0404,37.7558548,-122.4835265,Residential,10
r0086_c0405,37.7558548,-122.4818166,Residential,10
r0086_c0406,37.7558548,-122.4801067,Residential,10
r0086_c0407,37.7558548,-122.4783968,Residential,10
r0086_c0408,37.7558548,-122.476687,Residential,6
r0086_c0411,37.7558548,-122.4715573,Mixed-Use,30
r0086_c0412,37.7558548,-122.4698474,Mixed-Use,52
r0086_c0413,37.7558548,-122.4681375,Residential,58
r0086_c0414,37.7558548,-122.4664276,Mixed-Use,54
r0086_c0415,37.7558548,-122.4647177,Mixed-Use,73
r0086_c0417,37.7558548,-122.461298,Mixed-Use,44
r0086_c0418,37.7558548,-122.4595881,Mixed-Use,30
r0086_c0419,37.7558548,-122.4578782,Mixed-Use,20
r0086_c0420,37.7558548,-122.4561683,Mixed-Use,40
r0086_c0421,37.7558548,-122.4544584,Mixed-Use,38
r0086_c0422,37.7558548,-122.4527485,Industrial,3
r0086_c0423,37.7558548,-122.4510386,Mixed-Use,4
r0086_c0424,37.7558548,-122.4493287,Mixed-Use,18
r0086_c0427,37.7558548,-122.4441991,Mixed-Use,17
r0086_c0428,37.7558548,-122.4424892,Institutional,49
r0086_c0429,37.7558548,-122.4407793,Mixed-Use,45
r0086_c0430,37.7558548,-122.4390694,Mixed-Use,61
r0086_c0431,37.7558548,-122.4373595,Mixed-Use,66
r0086_c0432,37.7558548,-122.4356496,Mixed-Use,61
r0086_c0433,37.7558548,-122.4339397,Mixed-Use,59
r0086_c0434,37.7558548,-122.4322299,Mixed-Use,59
r0086_c0435,37.7558548,-122.43052,Mixed-Use,50
r0086_c0436,37.7558548,-122.4288101,Mixed-Use,52
r0086_c0438,37.7558548,-122.4253903,Residential,76
r0086_c0439,37.7558548,-122.4236804,Mixed-Use,49
r0086_c0440,37.7558548,-122.4219705,Commercial,3
r0086_c0441,37.7558548,-122.4202606,Commercial,6
r0086_c0442,37.7558548,-122.4185507,Commercial,11
r0086_c0443,37.7558548,-122.4168409,Residential,10
r0086_c0444,37.7558548,-122.415131,Residential,10
r0086_c0445,37.7558548,-122.4134211,Residential,11
r0086_c0446,37.7558548,-122.4117112,Residential,11
r0086_c0447,37.7558548,-122.4100013,Residential,10
r0086_c0448,37.7558548,-122.4082914,Residential,10
r0086_c0449,37.7558548,-122.4065815,Residential,5
r0086_c0451,37.7558548,-122.4031618,Mixed-Use,19
r0086_c0452,37.7558548,-122.4014519,Mixed-Use,58
r0086_c0453,37.7558548,-122.399742,Mixed-Use,77
r0086_c0456,37.7558548,-122.3946123,Residential,10
r0086_c0457,37.7558548,-122.3929024,Other,4
r0086_c0458,37.7558548,-122.3911925,Industrial,4
r0086_c0460,37.7558548,-122.3877728,Commercial,5
r0086_c0461,37.7558548,-122.3860629,Mixed-Use,5
r0087_c0389,37.7572062,-122.5091748,Mixed-Use,11
r0087_c0390,37.7572062,-122.5074649,Mixed-Use,55
r0087_c0391,37.7572062,-122.5057551,Mixed-Use,66
r0087_c0392,37.7572062,-122.5040452,Mixed-Use,65
r0087_c0394,37.7572062,-122.5006254,Mixed-Use,59
r0087_c0395,37.7572062,-122.4989155,Mixed-Use,37
r0087_c0396,37.7572062,-122.4972056,Mixed-Use,58
r0087_c0398,37.7572062,-122.4937858,Residential,10
r0087_c0399,37.7572062,-122.4920759,Residential,10
r0087_c0400,37.7572062,-122.4903661,Residential,10
r0087_c0401,37.7572062,-122.4886562,Residential,10
r0087_c0402,37.7572062,-122.4869463,Residential,10
r0087_c0403,37.7572062,-122.4852364,Residential,10
r0087_c0404,37.7572062,-122.4835265,Residential,10
r0087_c0405,37.7572062,-122.4818166,Residential,10
r0087_c0406,37.7572062,-122.4801067,Residential,10
r0087_c0407,37.7572062,-122.4783968,Residential,10
r0087_c0408,37.7572062,-122.476687,Residential,5
r0087_c0409,37.7572062,-122.4749771,Residential,9
r0087_c0410,37.7572062,-122.4732672,Residential,3
r0087_c0411,37.7572062,-122.4715573,Mixed-Use,36
r0087_c0412,37.7572062,-122.4698474,Mixed-Use,58
r0087_c0413,37.7572062,-122.4681375,Mixed-Use,59
r0087_c0414,37.7572062,-122.4664276,Institutional,55
r0087_c0415,37.7572062,-122.4647177,Mixed-Use,54
r0087_c0417,37.7572062,-122.461298,Mixed-Use,28
r0087_c0418,37.7572062,-122.4595881,Residential,13
r0087_c0419,37.7572062,-122.4578782,Mixed-Use,3
r0087_c0420,37.7572062,-122.4561683,Mixed-Use,14
r0087_c0421,37.7572062,-122.4544584,Mixed-Use,12
r0087_c0422,37.7572062,-122.4527485,Mixed-Use,4
r0087_c0423,37.7572062,-122.4510386,Residential,27
r0087_c0424,37.7572062,-122.4493287,Residential,29
r0087_c0425,37.7572062,-122.4476188,Mixed-Use,19
r0087_c0426,37.7572062,-122.445909,Mixed-Use,41
r0087_c0427,37.7572062,-122.4441991,Mixed-Use,44
r0087_c0430,37.7572062,-122.4390694,Mixed-Use,52
r0087_c0431,37.7572062,-122.4373595,Mixed-Use,72
r0087_c0432,37.7572062,-122.4356496,Mixed-Use,59
r0087_c0433,37.7572062,-122.4339397,Residential,54
r0087_c0434,37.7572062,-122.4322299,Mixed-Use,58
r0087_c0435,37.7572062,-122.43052,Residential,54
r0087_c0436,37.7572062,-122.4288101,Mixed-Use,60
r0087_c0437,37.7572062,-122.4271002,Residential,8
r0087_c0439,37.7572062,-122.4236804,Mixed-Use,51
r0087_c0440,37.7572062,-122.4219705,Commercial,4
r0087_c0441,37.7572062,-122.4202606,Commercial,5
r0087_c0442,37.7572062,-122.4185507,Commercial,11
r0087_c0443,37.7572062,-122.4168409,Residential,10
r0087_c0444,37.7572062,-122.415131,Residential,10
r0087_c0445,37.7572062,-122.4134211,Residential,10
r0087_c0446,37.7572062,-122.4117112,Residential,10
r0087_c0447,37.7572062,-122.4100013,Residential,12
r0087_c0448,37.7572062,-122.4082914,Residential,10
r0087_c0449,37.7572062,-122.4065815,Residential,4
r0087_c0450,37.7572062,-122.4048716,Institutional,17
r0087_c0451,37.7572062,-122.4031618,Mixed-Use,25
r0087_c0452,37.7572062,-122.4014519,Mixed-Use,65
r0087_c0453,37.7572062,-122.399742,Mixed-Use,36
r0087_c0454,37.7572062,-122.3980321,Mixed-Use,47
r0087_c0455,37.7572062,-122.3963222,Mixed-Use,13
r0087_c0456,37.7572062,-122.3946123,Residential,8
r0087_c0457,37.7572062,-122.3929024,Other,3
r0087_c0458,37.7572062,-122.3911925,Industrial,4
r0087_c0459,37.7572062,-122.3894826,Residential,32
r0087_c0460,37.7572062,-122.3877728,Commercial,5
r0088_c0389,37.7585575,-122.5091748,Mixed-Use,24
r0088_c0390,37.7585575,-122.5074649,Mixed-Use,63
r0088_c0391,37.7585575,-122.5057551,Mixed-Use,70
r0088_c0392,37.7585575,-122.5040452,Mixed-Use,61
r0088_c0393,37.7585575,-122.5023353,Institutional,37
r0088_c0394,37.7585575,-122.5006254,Mixed-Use,63
r0088_c0395,37.7585575,-122.4989155,Mixed-Use,61
r0088_c0396,37.7585575,-122.4972056,Mixed-Use,68
r0088_c0397,37.7585575,-122.4954957,Residential,3
r0088_c0398,37.7585575,-122.4937858,Residential,10
r0088_c0399,37.7585575,-122.4920759,Residential,10
r0088_c0400,37.7585575,-122.4903661,Residential,10
r0088_c0401,37.7585575,-122.4886562,Residential,10
r0088_c0402,37.7585575,-122.4869463,Residential,10
r0088_c0403,37.7585575,-122.4852364,Residential,10
r0088_c0404,37.7585575,-122.4835265,Residential,10
r0088_c0405,37.7585575,-122.4818166,Residential,10
r0088_c0406,37.7585575,-122.4801067,Residential,10
r0088_c0407,37.7585575,-122.4783968,Residential,12
r0088_c0408,37.7585575,-122.476687,Residential,11
r0088_c0409,37.7585575,-122.4749771,Residential,6
r0088_c0411,37.7585575,-122.4715573,Mixed-Use,51
r0088_c0412,37.7585575,-122.4698474,Institutional,39
r0088_c0413,37.7585575,-122.4681375,Mixed-Use,70
r0088_c0414,37.7585575,-122.4664276,Mixed-Use,60
r0088_c0415,37.7585575,-122.4647177,Mixed-Use,46
r0088_c0417,37.7585575,-122.461298,Mixed-Use,11
r0088_c0418,37.7585575,-122.4595881,Mixed-Use,9
r0088_c0421,37.7585575,-122.4544584,Mixed-Use,5
r0088_c0422,37.7585575,-122.4527485,Mixed-Use,7
r0088_c0423,37.7585575,-122.4510386,Mixed-Use,42
r0088_c0424,37.7585575,-122.4493287,Mixed-Use,39
r0088_c0425,37.7585575,-122.4476188,Mixed-Use,50
r0088_c0426,37.7585575,-122.445909,Mixed-Use,50
r0088_c0427,37.7585575,-122.4441991,Mixed-Use,62
r0088_c0430,37.7585575,-122.4390694,Mixed-Use,70
r0088_c0431,37.7585575,-122.4373595,Mixed-Use,45
r0088_c0433,37.7585575,-122.4339397,Residential,77
r0088_c0434,37.7585575,-122.4322299,Mixed-Use,56
r0088_c0435,37.7585575,-122.43052,Mixed-Use,57
r0088_c0437,37.7585575,-122.4271002,Open Space,7
r0088_c0439,37.7585575,-122.4236804,Mixed-Use,57
r0088_c0440,37.7585575,-122.4219705,Commercial,4
r0088_c0441,37.7585575,-122.4202606,Commercial,3
r0088_c0442,37.7585575,-122.4185507,Commercial,9
r0088_c0443,37.7585575,-122.4168409,Residential,10
r0088_c0444,37.7585575,-122.415131,Residential,8
r0088_c0445,37.7585575,-122.4134211,Residential,8
r0088_c0446,37.7585575,-122.4117112,Residential,10
r0088_c0447,37.7585575,-122.4100013,Residential,10
r0088_c0448,37.7585575,-122.4082914,Residential,10
r0088_c0449,37.7585575,-122.4065815,Residential,3
r0088_c0451,37.7585575,-122.4031618,Mixed-Use,45
r0088_c0452,37.7585575,-122.4014519,Residential,64
r0088_c0453,37.7585575,-122.399742,Mixed-Use,49
r0088_c0454,37.7585575,-122.3980321,Mixed-Use,76
r0088_c0455,37.7585575,-122.3963222,Mixed-Use,51
r0088_c0456,37.7585575,-122.3946123,Residential,56
r0088_c0458,37.7585575,-122.3911925,Mixed-Use,23
r0088_c0460,37.7585575,-122.3877728,Commercial,5
r0088_c0461,37.7585575,-122.3860629,Other,3
r0088_c0462,37.7585575,-122.384353,Other,10
r0088_c0463,37.7585575,-122.3826431,Other,10
r0089_c0389,37.7599089,-122.5091748,Mixed-Use,22
r0089_c0390,37.7599089,-122.5074649,Mixed-Use,57
r0089_c0391,37.7599089,-122.5057551,Commercial,3
r0089_c0393,37.7599089,-122.5023353,Mixed-Use,58
r0089_c0394,37.7599089,-122.5006254,Mixed-Use,64
r0089_c0395,37.7599089,-122.4989155,Mixed-Use,80
r0089_c0396,37.7599089,-122.4972056,Mixed-Use,60
r0089_c0397,37.7599089,-122.4954957,Residential,3
r0089_c0398,37.7599089,-122.4937858,Residential,10
r0089_c0399,37.7599089,-122.4920759,Residential,10
r0089_c0400,37.7599089,-122.4903661,Residential,10
r0089_c0401,37.7599089,-122.4886562,Residential,10
r0089_c0402,37.7599089,-122.4869463,Residential,10
r0089_c0403,37.7599089,-122.4852364,Residential,10
r0089_c0404,37.7599089,-122.4835265,Residential,10
r0089_c0405,37.7599089,-122.4818166,Residential,10
r0089_c0406,37.7599089,-122.4801067,Residential,10
r0089_c0407,37.7599089,-122.4783968,Residential,11
r0089_c0408,37.7599089,-122.476687,Residential,7
r0089_c0409,37.7599089,-122.4749771,Residential,3
r0089_c0410,37.7599089,-122.4732672,Mixed-Use,45
r0089_c0411,37.7599089,-122.4715573,Mixed-Use,48
r0089_c0412,37.7599089,-122.4698474,Institutional,60
r0089_c0413,37.7599089,-122.4681375,Mixed-Use,66
r0089_c0414,37.7599089,-122.4664276,Commercial,56
r0089_c0415,37.7599089,-122.4647177,Mixed-Use,55
r0089_c0417,37.7599089,-122.461298,Mixed-Use,14
r0089_c0418,37.7599089,-122.4595881,Mixed-Use,3
r0089_c0420,37.7599089,-122.4561683,Mixed-Use,3
r0089_c0422,37.7599089,-122.4527485,Mixed-Use,8
r0089_c0423,37.7599089,-122.4510386,Mixed-Use,40
r0089_c0424,37.7599089,-122.4493287,Residential,46
r0089_c0425,37.7599089,-122.4476188,Mixed-Use,8
r0089_c0426,37.7599089,-122.445909,Mixed-Use,59
r0089_c0427,37.7599089,-122.4441991,Residential,45
r0089_c0428,37.7599089,-122.4424892,Commercial,67
r0089_c0429,37.7599089,-122.4407793,Mixed-Use,81
r0089_c0430,37.7599089,-122.4390694,Mixed-Use,66
r0089_c0432,37.7599089,-122.4356496,Commercial,5
r0089_c0434,37.7599089,-122.4322299,Mixed-Use,72
r0089_c0435,37.7599089,-122.43052,Mixed-Use,62
r0089_c0437,37.7599089,-122.4271002,Open Space,8
r0089_c0439,37.7599089,-122.4236804,Commercial,60
r0089_c0440,37.7599089,-122.4219705,Commercial,5
r0089_c0441,37.7599089,-122.4202606,Commercial,4
r0089_c0442,37.7599089,-122.4185507,Commercial,10
r0089_c0443,37.7599089,-122.4168409,Residential,10
r0089_c0445,37.7599089,-122.4134211,Institutional,6
r0089_c0446,37.7599089,-122.4117112,Commercial,10
r0089_c0447,37.7599089,-122.4100013,Commercial,10
r0089_c0448,37.7599089,-122.4082914,Residential,9
r0089_c0449,37.7599089,-122.4065815,Residential,3
r0089_c0451,37.7599089,-122.4031618,Residential,64
r0089_c0452,37.7599089,-122.4014519,Mixed-Use,43
r0089_c0453,37.7599089,-122.399742,Mixed-Use,37
r0089_c0455,37.7599089,-122.3963222,Mixed-Use,61
r0089_c0456,37.7599089,-122.3946123,Mixed-Use,51
r0089_c0457,37.7599089,-122.3929024,Mixed-Use,34
r0089_c0459,37.7599089,-122.3894826,Mixed-Use,22
r0089_c0460,37.7599089,-122.3877728,Commercial,5
r0089_c0462,37.7599089,-122.384353,Other,8
r0089_c0463,37.7599089,-122.3826431,Other,10
r0090_c0389,37.7612602,-122.5091748,Residential,44
r0090_c0390,37.7612602,-122.5074649,Institutional,65
r0090_c0394,37.7612602,-122.5006254,Mixed-Use,60
r0090_c0395,37.7612602,-122.4989155,Mixed-Use,51
r0090_c0396,37.7612602,-122.4972056,Mixed-Use,60
r0090_c0397,37.7612602,-122.4954957,Residential,3
r0090_c0398,37.7612602,-122.4937858,Residential,9
r0090_c0399,37.7612602,-122.4920759,Residential,9
r0090_c0400,37.7612602,-122.4903661,Residential,13
r0090_c0401,37.7612602,-122.4886562,Residential,13
r0090_c0402,37.7612602,-122.4869463,Residential,9
r0090_c0403,37.7612602,-122.4852364,Residential,9
r0090_c0404,37.7612602,-122.4835265,Residential,9
r0090_c0405,37.7612602,-122.4818166,Residential,9
r0090_c0406,37.7612602,-122.4801067,Residential,9
r0090_c0407,37.7612602,-122.4783968,Residential,9
r0090_c0409,37.7612602,-122.4749771,Mixed-Use,57
r0090_c0410,37.7612602,-122.4732672,Mixed-Use,56
r0090_c0411,37.7612602,-122.4715573,Mixed-Use,66
r0090_c0412,37.7612602,-122.4698474,Mixed-Use,71
r0090_c0413,37.7612602,-122.4681375,Mixed-Use,68
r0090_c0416,37.7612602,-122.4630078,Mixed-Use,61
r0090_c0417,37.7612602,-122.461298,Institutional,37
r0090_c0418,37.7612602,-122.4595881,Mixed-Use,4
r0090_c0421,37.7612602,-122.4544584,Mixed-Use,25
r0090_c0422,37.7612602,-122.4527485,Mixed-Use,21
r0090_c0423,37.7612602,-122.4510386,Residential,58
r0090_c0424,37.7612602,-122.4493287,Residential,62
r0090_c0425,37.7612602,-122.4476188,Mixed-Use,65
r0090_c0426,37.7612602,-122.445909,Mixed-Use,48
r0090_c0427,37.7612602,-122.4441991,Mixed-Use,75
r0090_c0428,37.7612602,-122.4424892,Mixed-Use,86
r0090_c0429,37.7612602,-122.4407793,Mixed-Use,63
r0090_c0430,37.7612602,-122.4390694,Mixed-Use,46
r0090_c0432,37.7612602,-122.4356496,Commercial,7
r0090_c0433,37.7612602,-122.4339397,Commercial,4
r0090_c0434,37.7612602,-122.4322299,Residential,57
r0090_c0435,37.7612602,-122.43052,Residential,60
r0090_c0439,37.7612602,-122.4236804,Residential,59
r0090_c0440,37.7612602,-122.4219705,Commercial,6
r0090_c0441,37.7612602,-122.4202606,Commercial,5
r0090_c0442,37.7612602,-122.4185507,Residential,10
r0090_c0443,37.7612602,-122.4168409,Commercial,10
r0090_c0444,37.7612602,-122.415131,Commercial,10
r0090_c0445,37.7612602,-122.4134211,Commercial,10
r0090_c0446,37.7612602,-122.4117112,Commercial,11
r0090_c0447,37.7612602,-122.4100013,Commercial,12
r0090_c0448,37.7612602,-122.4082914,Residential,9
r0090_c0449,37.7612602,-122.4065815,Residential,4
r0090_c0450,37.7612602,-122.4048716,Residential,55
r0090_c0451,37.7612602,-122.4031618,Institutional,44
r0090_c0452,37.7612602,-122.4014519,Mixed-Use,41
r0090_c0453,37.7612602,-122.399742,Mixed-Use,14
r0090_c0454,37.7612602,-122.3980321,Institutional,44
r0090_c0456,37.7612602,-122.3946123,Mixed-Use,58
r0090_c0457,37.7612602,-122.3929024,Mixed-Use,25
r0090_c0458,37.7612602,-122.3911925,Mixed-Use,3
r0090_c0459,37.7612602,-122.3894826,Mixed-Use,12
r0090_c0461,37.7612602,-122.3860629,Industrial,4
r0090_c0462,37.7612602,-122.384353,Industrial,9
r0090_c0463,37.7612602,-122.3826431,Industrial,6
r0091_c0389,37.7626116,-122.5091748,Residential,39
r0091_c0390,37.7626116,-122.5074649,Residential,65
r0091_c0391,37.7626116,-122.5057551,Residential,53
r0091_c0392,37.7626116,-122.5040452,Residential,60
r0091_c0393,37.7626116,-122.5023353,Mixed-Use,68
r0091_c0395,37.7626116,-122.4989155,Residential,53
r0091_c0396,37.7626116,-122.4972056,Residential,57
r0091_c0397,37.7626116,-122.4954957,Residential,4
r0091_c0398,37.7626116,-122.4937858,Residential,10
r0091_c0399,37.7626116,-122.4920759,Residential,10
r0091_c0400,37.7626116,-122.4903661,Residential,10
r0091_c0401,37.7626116,-122.4886562,Residential,10
r0091_c0402,37.7626116,-122.4869463,Residential,10
r0091_c0403,37.7626116,-122.4852364,Residential,11
r0091_c0404,37.7626116,-122.4835265,Residential,11
r0091_c0405,37.7626116,-122.4818166,Residential,11
r0091_c0406,37.7626116,-122.4801067,Residential,11
r0091_c0407,37.7626116,-122.4783968,Residential,11
r0091_c0410,37.7626116,-122.4732672,Mixed-Use,71
r0091_c0411,37.7626116,-122.4715573,Institutional,28
r0091_c0412,37.7626116,-122.4698474,Mixed-Use,53
r0091_c0414,37.7626116,-122.4664276,Commercial,8
r0091_c0416,37.7626116,-122.4630078,Institutional,58
r0091_c0417,37.7626116,-122.461298,Institutional,35
r0091_c0418,37.7626116,-122.4595881,Institutional,7
r0091_c0419,37.7626116,-122.4578782,Institutional,12
r0091_c0421,37.7626116,-122.4544584,Mixed-Use,62
r0091_c0422,37.7626116,-122.4527485,Mixed-Use,52
r0091_c0424,37.7626116,-122.4493287,Mixed-Use,61
r0091_c0425,37.7626116,-122.4476188,Mixed-Use,52
r0091_c0426,37.7626116,-122.445909,Mixed-Use,66
r0091_c0427,37.7626116,-122.4441991,Residential,74
r0091_c0428,37.7626116,-122.4424892,Mixed-Use,69
r0091_c0429,37.7626116,-122.4407793,Mixed-Use,71
r0091_c0432,37.7626116,-122.4356496,Commercial,3
r0091_c0434,37.7626116,-122.4322299,Mixed-Use,60
r0091_c0435,37.7626116,-122.43052,Mixed-Use,45
r0091_c0437,37.7626116,-122.4271002,Mixed-Use,34
r0091_c0438,37.7626116,-122.4253903,Residential,73
r0091_c0439,37.7626116,-122.4236804,Institutional,53
r0091_c0440,37.7626116,-122.4219705,Commercial,5
r0091_c0441,37.7626116,-122.4202606,Commercial,4
r0091_c0442,37.7626116,-122.4185507,Commercial,10
r0091_c0443,37.7626116,-122.4168409,Commercial,10
r0091_c0444,37.7626116,-122.415131,Commercial,12
r0091_c0445,37.7626116,-122.4134211,Commercial,10
r0091_c0446,37.7626116,-122.4117112,Commercial,10
r0091_c0447,37.7626116,-122.4100013,Commercial,10
r0091_c0448,37.7626116,-122.4082914,Commercial,9
r0091_c0449,37.7626116,-122.4065815,Residential,9
r0091_c0451,37.7626116,-122.4031618,Mixed-Use,52
r0091_c0453,37.7626116,-122.399742,Residential,5
r0091_c0455,37.7626116,-122.3963222,Mixed-Use,57
r0091_c0456,37.7626116,-122.3946123,Mixed-Use,65
r0091_c0457,37.7626116,-122.3929024,Mixed-Use,5
r0091_c0458,37.7626116,-122.3911925,Mixed-Use,7
r0091_c0459,37.7626116,-122.3894826,Mixed-Use,25
r0091_c0462,37.7626116,-122.384353,Industrial,3
r0091_c0463,37.7626116,-122.3826431,Industrial,3
r0092_c0389,37.7639629,-122.5091748,Residential,20
r0092_c0390,37.7639629,-122.5074649,Residential,45
r0092_c0391,37.7639629,-122.5057551,Residential,50
r0092_c0392,37.7639629,-122.5040452,Residential,48
r0092_c0393,37.7639629,-122.5023353,Mixed-Use,46
r0092_c0394,37.7639629,-122.5006254,Mixed-Use,54
r0092_c0395,37.7639629,-122.4989155,Residential,54
r0092_c0396,37.7639629,-122.4972056,Residential,53
r0092_c0397,37.7639629,-122.4954957,Residential,5
r0092_c0398,37.7639629,-122.4937858,Residential,10
r0092_c0399,37.7639629,-122.4920759,Residential,10
r0092_c0400,37.7639629,-122.4903661,Residential,10
r0092_c0401,37.7639629,-122.4886562,Residential,10
r0092_c0402,37.7639629,-122.4869463,Residential,10
r0092_c0403,37.7639629,-122.4852364,Residential,10
r0092_c0404,37.7639629,-122.4835265,Residential,10
r0092_c0405,37.7639629,-122.4818166,Residential,10
r0092_c0406,37.7639629,-122.4801067,Residential,10
r0092_c0407,37.7639629,-122.4783968,Commercial,9
r0092_c0408,37.7639629,-122.476687,Commercial,5
r0092_c0409,37.7639629,-122.4749771,Commercial,6
r0092_c0410,37.7639629,-122.4732672,Commercial,6
r0092_c0411,37.7639629,-122.4715573,Commercial,6
r0092_c0412,37.7639629,-122.4698474,Commercial,6
r0092_c0413,37.7639629,-122.4681375,Commercial,7
r0092_c0414,37.7639629,-122.4664276,Commercial,10
r0092_c0415,37.7639629,-122.4647177,Commercial,7
r0092_c0416,37.7639629,-122.4630078,Commercial,5
r0092_c0418,37.7639629,-122.4595881,Institutional,35
r0092_c0419,37.7639629,-122.4578782,Institutional,12
r0092_c0421,37.7639629,-122.4544584,Residential,59
r0092_c0423,37.7639629,-122.4510386,Mixed-Use,51
r0092_c0424,37.7639629,-122.4493287,Residential,59
r0092_c0425,37.7639629,-122.4476188,Mixed-Use,67
r0092_c0426,37.7639629,-122.445909,Mixed-Use,51
r0092_c0427,37.7639629,-122.4441991,Mixed-Use,67
r0092_c0428,37.7639629,-122.4424892,Mixed-Use,57
r0092_c0429,37.7639629,-122.4407793,Mixed-Use,66
r0092_c0430,37.7639629,-122.4390694,Residential,24
r0092_c0435,37.7639629,-122.43052,Institutional,38
r0092_c0436,37.7639629,-122.4288101,Institutional,11
r0092_c0437,37.7639629,-122.4271002,Institutional,35
r0092_c0440,37.7639629,-122.4219705,Commercial,7
r0092_c0441,37.7639629,-122.4202606,Commercial,4
r0092_c0442,37.7639629,-122.4185507,Commercial,9
r0092_c0443,37.7639629,-122.4168409,Commercial,9
r0092_c0444,37.7639629,-122.415131,Commercial,7
r0092_c0445,37.7639629,-122.4134211,Commercial,10
r0092_c0446,37.7639629,-122.4117112,Commercial,11
r0092_c0447,37.7639629,-122.4100013,Industrial,8
r0092_c0448,37.7639629,-122.4082914,Industrial,3
r0092_c0449,37.7639629,-122.4065815,Residential,8
r0092_c0451,37.7639629,-122.4031618,Residential,4
r0092_c0455,37.7639629,-122.3963222,Mixed-Use,59
r0092_c0456,37.7639629,-122.3946123,Mixed-Use,29
r0092_c0459,37.7639629,-122.3894826,Mixed-Use,9
r0093_c0390,37.7653143,-122.5074649,Industrial,3
r0093_c0402,37.7653143,-122.4869463,Residential,3
r0093_c0403,37.7653143,-122.4852364,Residential,3
r0093_c0404,37.7653143,-122.4835265,Residential,4
r0093_c0405,37.7653143,-122.4818166,Residential,4
r0093_c0406,37.7653143,-122.4801067,Residential,5
r0093_c0407,37.7653143,-122.4783968,Residential,5
r0093_c0409,37.7653143,-122.4749771,Residential,35
r0093_c0410,37.7653143,-122.4732672,Residential,41
r0093_c0413,37.7653143,-122.4681375,Residential,47
r0093_c0414,37.7653143,-122.4664276,Commercial,6
r0093_c0415,37.7653143,-122.4647177,Residential,52
r0093_c0416,37.7653143,-122.4630078,Mixed-Use,60
r0093_c0417,37.7653143,-122.461298,Residential,68
r0093_c0420,37.7653143,-122.4561683,Residential,5
r0093_c0421,37.7653143,-122.4544584,Mixed-Use,48
r0093_c0422,37.7653143,-122.4527485,Mixed-Use,52
r0093_c0424,37.7653143,-122.4493287,Commercial,4
r0093_c0425,37.7653143,-122.4476188,Residential,68
r0093_c0426,37.7653143,-122.445909,Residential,65
r0093_c0427,37.7653143,-122.4441991,Mixed-Use,56
r0093_c0428,37.7653143,-122.4424892,Residential,58
r0093_c0429,37.7653143,-122.4407793,Mixed-Use,45
r0093_c0431,37.7653143,-122.4373595,Mixed-Use,33
r0093_c0432,37.7653143,-122.4356496,Residential,64
r0093_c0433,37.7653143,-122.4339397,Residential,59
r0093_c0434,37.7653143,-122.4322299,Residential,37
r0093_c0435,37.7653143,-122.43052,Residential,48
r0093_c0436,37.7653143,-122.4288101,Institutional,55
r0093_c0437,37.7653143,-122.4271002,Mixed-Use,34
r0093_c0439,37.7653143,-122.4236804,Commercial,5
r0093_c0440,37.7653143,-122.4219705,Commercial,8
r0093_c0441,37.7653143,-122.4202606,Commercial,6
r0093_c0442,37.7653143,-122.4185507,Commercial,7
r0093_c0443,37.7653143,-122.4168409,Commercial,4
r0093_c0444,37.7653143,-122.415131,Commercial,7
r0093_c0445,37.7653143,-122.4134211,Commercial,7
r0093_c0446,37.7653143,-122.4117112,Commercial,6
r0093_c0447,37.7653143,-122.4100013,Commercial,3
r0093_c0450,37.7653143,-122.4048716,Mixed-Use,6
r0093_c0451,37.7653143,-122.4031618,Commercial,4
r0093_c0453,37.7653143,-122.399742,Mixed-Use,8
r0093_c0454,37.7653143,-122.3980321,Mixed-Use,16
r0093_c0456,37.7653143,-122.3946123,Residential,8
r0094_c0404,37.7666657,-122.4835265,Mixed-Use,3
r0094_c0411,37.7666657,-122.4715573,Open Space,8
r0094_c0412,37.7666657,-122.4698474,Open Space,4
r0094_c0413,37.7666657,-122.4681375,Open Space,4
r0094_c0418,37.7666657,-122.4595881,Mixed-Use,10
r0094_c0421,37.7666657,-122.4544584,Mixed-Use,10
r0094_c0422,37.7666657,-122.4527485,Residential,48
r0094_c0423,37.7666657,-122.4510386,Residential,63
r0094_c0426,37.7666657,-122.445909,Mixed-Use,59
r0094_c0427,37.7666657,-122.4441991,Residential,51
r0094_c0431,37.7666657,-122.4373595,Institutional,45
r0094_c0432,37.7666657,-122.4356496,Residential,40
r0094_c0433,37.7666657,-122.4339397,Residential,60
r0094_c0434,37.7666657,-122.4322299,Residential,68
r0094_c0436,37.7666657,-122.4288101,Commercial,3
r0094_c0437,37.7666657,-122.4271002,Residential,46
r0094_c0438,37.7666657,-122.4253903,Mixed-Use,67
r0094_c0439,37.7666657,-122.4236804,Residential,5
r0094_c0440,37.7666657,-122.4219705,Commercial,7
r0094_c0444,37.7666657,-122.415131,Industrial,6
r0094_c0445,37.7666657,-122.4134211,Industrial,4
r0094_c0446,37.7666657,-122.4117112,Mixed-Use,7
r0094_c0447,37.7666657,-122.4100013,Commercial,8
r0094_c0448,37.7666657,-122.4082914,Commercial,10
r0094_c0449,37.7666657,-122.4065815,Commercial,5
r0094_c0450,37.7666657,-122.4048716,Mixed-Use,3
r0094_c0453,37.7666657,-122.399742,Industrial,3
r0094_c0454,37.7666657,-122.3980321,Residential,6
r0094_c0455,37.7666657,-122.3963222,Residential,5
r0095_c0401,37.768017,-122.4886562,Open Space,3
r0095_c0411,37.768017,-122.4715573,Open Space,3
r0095_c0412,37.768017,-122.4698474,Open Space,3
r0095_c0413,37.768017,-122.4681375,Open Space,4
r0095_c0417,37.768017,-122.461298,Mixed-Use,8
r0095_c0418,37.768017,-122.4595881,Mixed-Use,5
r0095_c0422,37.768017,-122.4527485,Commercial,3
r0095_c0424,37.768017,-122.4493287,Institutional,58
r0095_c0425,37.768017,-122.4476188,Residential,60
r0095_c0426,37.768017,-122.445909,Residential,65
r0095_c0427,37.768017,-122.4441991,Residential,34
r0095_c0431,37.768017,-122.4373595,Mixed-Use,76
r0095_c0432,37.768017,-122.4356496,Mixed-Use,34
r0095_c0433,37.768017,-122.4339397,Residential,19
r0095_c0434,37.768017,-122.4322299,Residential,64
r0095_c0436,37.768017,-122.4288101,Commercial,4
r0095_c0440,37.768017,-122.4219705,Commercial,7
r0095_c0442,37.768017,-122.4185507,Commercial,52
r0095_c0443,37.768017,-122.4168409,Commercial,3
r0095_c0447,37.768017,-122.4100013,Commercial,5
r0095_c0448,37.768017,-122.4082914,Commercial,7
r0095_c0449,37.768017,-122.4065815,Commercial,3
r0095_c0450,37.768017,-122.4048716,Mixed-Use,3
r0095_c0452,37.768017,-122.4014519,Industrial,3
r0095_c0453,37.768017,-122.399742,Commercial,4
r0095_c0454,37.768017,-122.3980321,Commercial,4
r0096_c0397,37.7693684,-122.4954957,Mixed-Use,3
r0096_c0402,37.7693684,-122.4869463,Open Space,6
r0096_c0403,37.7693684,-122.4852364,Open Space,8
r0096_c0404,37.7693684,-122.4835265,Open Space,6
r0096_c0419,37.7693684,-122.4578782,Open Space,8
r0096_c0422,37.7693684,-122.4527485,Commercial,8
r0096_c0423,37.7693684,-122.4510386,Commercial,7
r0096_c0424,37.7693684,-122.4493287,Commercial,5
r0096_c0425,37.7693684,-122.4476188,Commercial,4
r0096_c0428,37.7693684,-122.4424892,Residential,7
r0096_c0431,37.7693684,-122.4373595,Mixed-Use,51
r0096_c0432,37.7693684,-122.4356496,Residential,42
r0096_c0433,37.7693684,-122.4339397,Residential,21
r0096_c0434,37.7693684,-122.4322299,Residential,37
r0096_c0435,37.7693684,-122.43052,Residential,42
r0096_c0436,37.7693684,-122.4288101,Commercial,4
r0096_c0437,37.7693684,-122.4271002,Commercial,3
r0096_c0438,37.7693684,-122.4253903,Residential,47
r0096_c0440,37.7693684,-122.4219705,Commercial,5
r0096_c0442,37.7693684,-122.4185507,Mixed-Use,12
r0096_c0443,37.7693684,-122.4168409,Mixed-Use,22
r0096_c0444,37.7693684,-122.415131,Commercial,5
r0096_c0445,37.7693684,-122.4134211,Commercial,6
r0096_c0446,37.7693684,-122.4117112,Commercial,4
r0096_c0448,37.7693684,-122.4082914,Commercial,5
r0096_c0451,37.7693684,-122.4031618,Residential,4
r0096_c0452,37.7693684,-122.4014519,Industrial,4
r0096_c0453,37.7693684,-122.399742,Industrial,9
r0096_c0454,37.7693684,-122.3980321,Mixed-Use,3
r0096_c0455,37.7693684,-122.3963222,Other,6
r0096_c0459,37.7693684,-122.3894826,Residential,6
r0096_c0460,37.7693684,-122.3877728,Commercial,3
r0097_c0389,37.7707197,-122.5091748,Mixed-Use,5
r0097_c0399,37.7707197,-122.4920759,Open Space,4
r0097_c0400,37.7707197,-122.4903661,Open Space,4
r0097_c0401,37.7707197,-122.4886562,Open Space,3
r0097_c0403,37.7707197,-122.4852364,Open Space,3
r0097_c0410,37.7707197,-122.4732672,Open Space,4
r0097_c0411,37.7707197,-122.4715573,Open Space,3
r0097_c0414,37.7707197,-122.4664276,Open Space,3
r0097_c0420,37.7707197,-122.4561683,Open Space,3
r0097_c0426,37.7707197,-122.445909,Commercial,4
r0097_c0427,37.7707197,-122.4441991,Commercial,3
r0097_c0428,37.7707197,-122.4424892,Mixed-Use,30
r0097_c0429,37.7707197,-122.4407793,Mixed-Use,16
r0097_c0434,37.7707197,-122.4322299,Residential,71
r0097_c0436,37.7707197,-122.4288101,Residential,59
r0097_c0437,37.7707197,-122.4271002,Residential,32
r0097_c0438,37.7707197,-122.4253903,Residential,16
r0097_c0441,37.7707197,-122.4202606,Commercial,6
r0097_c0442,37.7707197,-122.4185507,Commercial,6
r0097_c0443,37.7707197,-122.4168409,Commercial,14
r0097_c0445,37.7707197,-122.4134211,Mixed-Use,26
r0097_c0446,37.7707197,-122.4117112,Mixed-Use,7
r0097_c0447,37.7707197,-122.4100013,Commercial,18
r0097_c0448,37.7707197,-122.4082914,Commercial,10
r0097_c0449,37.7707197,-122.4065815,Commercial,5
r0097_c0450,37.7707197,-122.4048716,Residential,3
r0097_c0453,37.7707197,-122.399742,Mixed-Use,4
r0097_c0455,37.7707197,-122.3963222,Other,4
r0097_c0456,37.7707197,-122.3946123,Other,4
r0097_c0458,37.7707197,-122.3911925,Commercial,4
r0098_c0389,37.7720711,-122.5091748,Commercial,8
r0098_c0390,37.7720711,-122.5074649,Residential,8
r0098_c0391,37.7720711,-122.5057551,Residential,8
r0098_c0392,37.7720711,-122.5040452,Residential,7
r0098_c0393,37.7720711,-122.5023353,Residential,7
r0098_c0394,37.7720711,-122.5006254,Residential,6
r0098_c0395,37.7720711,-122.4989155,Residential,5
r0098_c0396,37.7720711,-122.4972056,Residential,5
r0098_c0397,37.7720711,-122.4954957,Residential,4
r0098_c0398,37.7720711,-122.4937858,Residential,4
r0098_c0399,37.7720711,-122.4920759,Residential,3
r0098_c0400,37.7720711,-122.4903661,Residential,3
r0098_c0401,37.7720711,-122.4886562,Residential,3
r0098_c0423,37.7720711,-122.4510386,Residential,11
r0098_c0424,37.7720711,-122.4493287,Residential,13
r0098_c0425,37.7720711,-122.4476188,Residential,19
r0098_c0426,37.7720711,-122.445909,Residential,18
r0098_c0427,37.7720711,-122.4441991,Residential,34
r0098_c0428,37.7720711,-122.4424892,Residential,44
r0098_c0429,37.7720711,-122.4407793,Mixed-Use,47
r0098_c0430,37.7720711,-122.4390694,Mixed-Use,49
r0098_c0431,37.7720711,-122.4373595,Commercial,6
r0098_c0433,37.7720711,-122.4339397,Commercial,5
r0098_c0434,37.7720711,-122.4322299,Commercial,5
r0098_c0435,37.7720711,-122.43052,Commercial,5
r0098_c0436,37.7720711,-122.4288101,Commercial,3
r0098_c0441,37.7720711,-122.4202606,Mixed-Use,20
r0098_c0442,37.7720711,-122.4185507,Residential,7
r0098_c0443,37.7720711,-122.4168409,Mixed-Use,27
r0098_c0444,37.7720711,-122.415131,Mixed-Use,18
r0098_c0447,37.7720711,-122.4100013,Residential,34
r0098_c0448,37.7720711,-122.4082914,Commercial,32
r0098_c0449,37.7720711,-122.4065815,Commercial,11
r0098_c0450,37.7720711,-122.4048716,Residential,3
r0098_c0451,37.7720711,-122.4031618,Residential,4
r0098_c0452,37.7720711,-122.4014519,Other,3
r0098_c0453,37.7720711,-122.399742,Other,7
r0098_c0455,37.7720711,-122.3963222,Residential,10
r0098_c0458,37.7720711,-122.3911925,Residential,6
r0098_c0459,37.7720711,-122.3894826,Residential,6
r0098_c0460,37.7720711,-122.3877728,Residential,7
r0099_c0389,37.7734224,-122.5091748,Residential,7
r0099_c0390,37.7734224,-122.5074649,Residential,8
r0099_c0391,37.7734224,-122.5057551,Residential,9
r0099_c0392,37.7734224,-122.5040452,Residential,8
r0099_c0393,37.7734224,-122.5023353,Residential,7
r0099_c0394,37.7734224,-122.5006254,Residential,8
r0099_c0395,37.7734224,-122.4989155,Residential,8
r0099_c0396,37.7734224,-122.4972056,Residential,9
r0099_c0397,37.7734224,-122.4954957,Residential,8
r0099_c0398,37.7734224,-122.4937858,Residential,9
r0099_c0399,37.7734224,-122.4920759,Residential,9
r0099_c0400,37.7734224,-122.4903661,Residential,10
r0099_c0401,37.7734224,-122.4886562,Residential,10
r0099_c0402,37.7734224,-122.4869463,Residential,7
r0099_c0403,37.7734224,-122.4852364,Residential,9
r0099_c0404,37.7734224,-122.4835265,Residential,9
r0099_c0405,37.7734224,-122.4818166,Residential,10
r0099_c0406,37.7734224,-122.4801067,Residential,10
r0099_c0407,37.7734224,-122.4783968,Residential,9
r0099_c0408,37.7734224,-122.476687,Residential,9
r0099_c0409,37.7734224,-122.4749771,Residential,8
r0099_c0410,37.7734224,-122.4732672,Residential,7
r0099_c0412,37.7734224,-122.4698474,Mixed-Use,37
r0099_c0413,37.7734224,-122.4681375,Mixed-Use,35
r0099_c0414,37.7734224,-122.4664276,Mixed-Use,26
r0099_c0418,37.7734224,-122.4595881,Mixed-Use,6
r0099_c0422,37.7734224,-122.4527485,Residential,31
r0099_c0424,37.7734224,-122.4493287,Residential,50
r0099_c0425,37.7734224,-122.4476188,Residential,42
r0099_c0426,37.7734224,-122.445909,Residential,35
r0099_c0427,37.7734224,-122.4441991,Residential,35
r0099_c0428,37.7734224,-122.4424892,Residential,12
r0099_c0429,37.7734224,-122.4407793,Mixed-Use,12
r0099_c0430,37.7734224,-122.4390694,Commercial,5
r0099_c0431,37.7734224,-122.4373595,Commercial,7
r0099_c0432,37.7734224,-122.4356496,Mixed-Use,59
r0099_c0433,37.7734224,-122.4339397,Mixed-Use,44
r0099_c0434,37.7734224,-122.4322299,Residential,45
r0099_c0435,37.7734224,-122.43052,Residential,47
r0099_c0437,37.7734224,-122.4271002,Residential,8
r0099_c0438,37.7734224,-122.4253903,Residential,10
r0099_c0439,37.7734224,-122.4236804,Residential,9
r0099_c0440,37.7734224,-122.4219705,Residential,8
r0099_c0441,37.7734224,-122.4202606,Residential,4
r0099_c0443,37.7734224,-122.4168409,Mixed-Use,40
r0099_c0444,37.7734224,-122.415131,Industrial,33
r0099_c0447,37.7734224,-122.4100013,Residential,5
r0099_c0449,37.7734224,-122.4065815,Mixed-Use,10
r0099_c0450,37.7734224,-122.4048716,Residential,16
r0099_c0452,37.7734224,-122.4014519,Industrial,25
r0099_c0453,37.7734224,-122.399742,Other,4
r0099_c0454,37.7734224,-122.3980321,Other,5
r0099_c0455,37.7734224,-122.3963222,Residential,4
r0099_c0456,37.7734224,-122.3946123,Mixed-Use,5
r0100_c0388,37.7747738,-122.5108847,Residential,27
r0100_c0389,37.7747738,-122.5091748,Residential,6
r0100_c0390,37.7747738,-122.5074649,Residential,8
r0100_c0391,37.7747738,-122.5057551,Residential,9
r0100_c0392,37.7747738,-122.5040452,Residential,8
r0100_c0393,37.7747738,-122.5023353,Residential,4
r0100_c0394,37.7747738,-122.5006254,Residential,8
r0100_c0395,37.7747738,-122.4989155,Residential,7
r0100_c0396,37.7747738,-122.4972056,Residential,9
r0100_c0397,37.7747738,-122.4954957,Residential,9
r0100_c0398,37.7747738,-122.4937858,Residential,9
r0100_c0399,37.7747738,-122.4920759,Residential,9
r0100_c0400,37.7747738,-122.4903661,Residential,10
r0100_c0401,37.7747738,-122.4886562,Residential,10
r0100_c0402,37.7747738,-122.4869463,Residential,9
r0100_c0403,37.7747738,-122.4852364,Residential,9
r0100_c0404,37.7747738,-122.4835265,Residential,11
r0100_c0405,37.7747738,-122.4818166,Residential,10
r0100_c0406,37.7747738,-122.4801067,Residential,10
r0100_c0407,37.7747738,-122.4783968,Residential,10
r0100_c0408,37.7747738,-122.476687,Residential,11
r0100_c0409,37.7747738,-122.4749771,Residential,10
r0100_c0410,37.7747738,-122.4732672,Residential,10
r0100_c0411,37.7747738,-122.4715573,Mixed-Use,21
r0100_c0412,37.7747738,-122.4698474,Residential,54
r0100_c0413,37.7747738,-122.4681375,Residential,67
r0100_c0415,37.7747738,-122.4647177,Commercial,3
r0100_c0416,37.7747738,-122.4630078,Mixed-Use,52
r0100_c0417,37.7747738,-122.461298,Mixed-Use,55
r0100_c0418,37.7747738,-122.4595881,Mixed-Use,53
r0100_c0419,37.7747738,-122.4578782,Residential,41
r0100_c0420,37.7747738,-122.4561683,Residential,38
r0100_c0421,37.7747738,-122.4544584,Residential,34
r0100_c0424,37.7747738,-122.4493287,Residential,51
r0100_c0425,37.7747738,-122.4476188,Institutional,39
r0100_c0426,37.7747738,-122.445909,Mixed-Use,46
r0100_c0427,37.7747738,-122.4441991,Residential,52
r0100_c0428,37.7747738,-122.4424892,Residential,43
r0100_c0429,37.7747738,-122.4407793,Mixed-Use,36
r0100_c0431,37.7747738,-122.4373595,Commercial,6
r0100_c0432,37.7747738,-122.4356496,Mixed-Use,40
r0100_c0433,37.7747738,-122.4339397,Mixed-Use,31
r0100_c0434,37.7747738,-122.4322299,Residential,45
r0100_c0435,37.7747738,-122.43052,Residential,43
r0100_c0436,37.7747738,-122.4288101,Residential,5
r0100_c0437,37.7747738,-122.4271002,Residential,9
r0100_c0438,37.7747738,-122.4253903,Residential,14
r0100_c0439,37.7747738,-122.4236804,Residential,11
r0100_c0440,37.7747738,-122.4219705,Residential,11
r0100_c0444,37.7747738,-122.415131,Mixed-Use,32
r0100_c0445,37.7747738,-122.4134211,Commercial,3
r0100_c0447,37.7747738,-122.4100013,Commercial,3
r0100_c0448,37.7747738,-122.4082914,Commercial,32
r0100_c0449,37.7747738,-122.4065815,Mixed-Use,10
r0100_c0450,37.7747738,-122.4048716,Institutional,6
r0100_c0451,37.7747738,-122.4031618,Residential,39
r0100_c0452,37.7747738,-122.4014519,Mixed-Use,13
r0100_c0453,37.7747738,-122.399742,Residential,9
r0100_c0454,37.7747738,-122.3980321,Other,4
r0100_c0455,37.7747738,-122.3963222,Other,5
r0100_c0456,37.7747738,-122.3946123,Residential,4
r0100_c0458,37.7747738,-122.3911925,Residential,3
r0101_c0389,37.7761251,-122.5091748,Residential,3
r0101_c0390,37.7761251,-122.5074649,Residential,8
r0101_c0391,37.7761251,-122.5057551,Residential,9
r0101_c0392,37.7761251,-122.5040452,Residential,9
r0101_c0393,37.7761251,-122.5023353,Residential,8
r0101_c0394,37.7761251,-122.5006254,Residential,8
r0101_c0395,37.7761251,-122.4989155,Residential,7
r0101_c0396,37.7761251,-122.4972056,Residential,5
r0101_c0397,37.7761251,-122.4954957,Residential,4
r0101_c0398,37.7761251,-122.4937858,Residential,3
r0101_c0399,37.7761251,-122.4920759,Residential,4
r0101_c0400,37.7761251,-122.4903661,Residential,5
r0101_c0401,37.7761251,-122.4886562,Residential,10
r0101_c0402,37.7761251,-122.4869463,Residential,10
r0101_c0403,37.7761251,-122.4852364,Residential,9
r0101_c0404,37.7761251,-122.4835265,Residential,11
r0101_c0405,37.7761251,-122.4818166,Residential,10
r0101_c0406,37.7761251,-122.4801067,Residential,10
r0101_c0407,37.7761251,-122.4783968,Residential,9
r0101_c0408,37.7761251,-122.476687,Residential,10
r0101_c0409,37.7761251,-122.4749771,Residential,10
r0101_c0410,37.7761251,-122.4732672,Residential,7
r0101_c0411,37.7761251,-122.4715573,Mixed-Use,25
r0101_c0412,37.7761251,-122.4698474,Mixed-Use,77
r0101_c0413,37.7761251,-122.4681375,Mixed-Use,54
r0101_c0414,37.7761251,-122.4664276,Mixed-Use,53
r0101_c0415,37.7761251,-122.4647177,Mixed-Use,53
r0101_c0416,37.7761251,-122.4630078,Mixed-Use,61
r0101_c0417,37.7761251,-122.461298,Mixed-Use,64
r0101_c0418,37.7761251,-122.4595881,Residential,56
r0101_c0419,37.7761251,-122.4578782,Residential,47
r0101_c0420,37.7761251,-122.4561683,Residential,65
r0101_c0421,37.7761251,-122.4544584,Residential,34
r0101_c0424,37.7761251,-122.4493287,Institutional,25
r0101_c0425,37.7761251,-122.4476188,Residential,55
r0101_c0426,37.7761251,-122.445909,Residential,17
r0101_c0427,37.7761251,-122.4441991,Residential,53
r0101_c0428,37.7761251,-122.4424892,Mixed-Use,58
r0101_c0429,37.7761251,-122.4407793,Mixed-Use,41
r0101_c0430,37.7761251,-122.4390694,Commercial,4
r0101_c0431,37.7761251,-122.4373595,Commercial,5
r0101_c0434,37.7761251,-122.4322299,Mixed-Use,45
r0101_c0435,37.7761251,-122.43052,Residential,51
r0101_c0436,37.7761251,-122.4288101,Residential,9
r0101_c0437,37.7761251,-122.4271002,Residential,12
r0101_c0438,37.7761251,-122.4253903,Residential,16
r0101_c0439,37.7761251,-122.4236804,Residential,17
r0101_c0440,37.7761251,-122.4219705,Residential,12
r0101_c0443,37.7761251,-122.4168409,Commercial,7
r0101_c0446,37.7761251,-122.4117112,Mixed-Use,24
r0101_c0448,37.7761251,-122.4082914,Residential,33
r0101_c0451,37.7761251,-122.4031618,Commercial,3
r0101_c0453,37.7761251,-122.399742,Commercial,7
r0101_c0454,37.7761251,-122.3980321,Other,3
r0101_c0455,37.7761251,-122.3963222,Other,4
r0101_c0456,37.7761251,-122.3946123,Other,4
r0101_c0457,37.7761251,-122.3929024,Commercial,6
r0101_c0458,37.7761251,-122.3911925,Commercial,4
r0102_c0389,37.7774765,-122.5091748,Residential,5
r0102_c0390,37.7774765,-122.5074649,Residential,8
r0102_c0391,37.7774765,-122.5057551,Residential,5
r0102_c0392,37.7774765,-122.5040452,Residential,9
r0102_c0393,37.7774765,-122.5023353,Residential,8
r0102_c0394,37.7774765,-122.5006254,Residential,8
r0102_c0395,37.7774765,-122.4989155,Residential,7
r0102_c0397,37.7774765,-122.4954957,Mixed-Use,61
r0102_c0398,37.7774765,-122.4937858,Mixed-Use,61
r0102_c0399,37.7774765,-122.4920759,Mixed-Use,34
r0102_c0400,37.7774765,-122.4903661,Residential,3
r0102_c0401,37.7774765,-122.4886562,Residential,10
r0102_c0402,37.7774765,-122.4869463,Residential,10
r0102_c0403,37.7774765,-122.4852364,Residential,10
r0102_c0404,37.7774765,-122.4835265,Residential,10
r0102_c0405,37.7774765,-122.4818166,Residential,10
r0102_c0406,37.7774765,-122.4801067,Residential,10
r0102_c0407,37.7774765,-122.4783968,Residential,10
r0102_c0408,37.7774765,-122.476687,Residential,10
r0102_c0409,37.7774765,-122.4749771,Residential,10
r0102_c0410,37.7774765,-122.4732672,Residential,8
r0102_c0411,37.7774765,-122.4715573,Residential,33
r0102_c0412,37.7774765,-122.4698474,Residential,53
r0102_c0413,37.7774765,-122.4681375,Residential,59
r0102_c0414,37.7774765,-122.4664276,Mixed-Use,56
r0102_c0415,37.7774765,-122.4647177,Mixed-Use,58
r0102_c0417,37.7774765,-122.461298,Mixed-Use,60
r0102_c0418,37.7774765,-122.4595881,Residential,50
r0102_c0419,37.7774765,-122.4578782,Residential,42
r0102_c0420,37.7774765,-122.4561683,Residential,60
r0102_c0421,37.7774765,-122.4544584,Residential,15
r0102_c0422,37.7774765,-122.4527485,Residential,32
r0102_c0423,37.7774765,-122.4510386,Residential,41
r0102_c0424,37.7774765,-122.4493287,Institutional,45
r0102_c0425,37.7774765,-122.4476188,Mixed-Use,19
r0102_c0426,37.7774765,-122.445909,Mixed-Use,42
r0102_c0430,37.7774765,-122.4390694,Commercial,4
r0102_c0431,37.7774765,-122.4373595,Commercial,3
r0102_c0432,37.7774765,-122.4356496,Mixed-Use,29
r0102_c0433,37.7774765,-122.4339397,Institutional,22
r0102_c0436,37.7774765,-122.4288101,Residential,15
r0102_c0437,37.7774765,-122.4271002,Residential,15
r0102_c0438,37.7774765,-122.4253903,Residential,11
r0102_c0439,37.7774765,-122.4236804,Residential,13
r0102_c0440,37.7774765,-122.4219705,Residential,12
r0102_c0441,37.7774765,-122.4202606,Commercial,3
r0102_c0442,37.7774765,-122.4185507,Residential,7
r0102_c0447,37.7774765,-122.4100013,Commercial,46
r0102_c0448,37.7774765,-122.4082914,Commercial,39
r0102_c0449,37.7774765,-122.4065815,Residential,23
r0102_c0450,37.7774765,-122.4048716,Commercial,18
r0102_c0451,37.7774765,-122.4031618,Mixed-Use,19
r0102_c0452,37.7774765,-122.4014519,Mixed-Use,19
r0102_c0454,37.7774765,-122.3980321,Other,3
r0103_c0389,37.7788278,-122.5091748,Residential,4
r0103_c0390,37.7788278,-122.5074649,Residential,6
r0103_c0392,37.7788278,-122.5040452,Residential,7
r0103_c0393,37.7788278,-122.5023353,Residential,6
r0103_c0394,37.7788278,-122.5006254,Residential,7
r0103_c0395,37.7788278,-122.4989155,Residential,5
r0103_c0396,37.7788278,-122.4972056,Residential,49
r0103_c0397,37.7788278,-122.4954957,Mixed-Use,63
r0103_c0399,37.7788278,-122.4920759,Mixed-Use,24
r0103_c0400,37.7788278,-122.4903661,Residential,3
r0103_c0401,37.7788278,-122.4886562,Residential,10
r0103_c0402,37.7788278,-122.4869463,Residential,10
r0103_c0403,37.7788278,-122.4852364,Residential,10
r0103_c0404,37.7788278,-122.4835265,Residential,10
r0103_c0405,37.7788278,-122.4818166,Residential,10
r0103_c0406,37.7788278,-122.4801067,Residential,10
r0103_c0407,37.7788278,-122.4783968,Residential,10
r0103_c0408,37.7788278,-122.476687,Residential,10
r0103_c0409,37.7788278,-122.4749771,Residential,10
r0103_c0410,37.7788278,-122.4732672,Residential,8
r0103_c0411,37.7788278,-122.4715573,Residential,33
r0103_c0412,37.7788278,-122.4698474,Residential,59
r0103_c0413,37.7788278,-122.4681375,Residential,50
r0103_c0414,37.7788278,-122.4664276,Residential,62
r0103_c0415,37.7788278,-122.4647177,Residential,58
r0103_c0416,37.7788278,-122.4630078,Mixed-Use,62
r0103_c0417,37.7788278,-122.461298,Mixed-Use,54
r0103_c0418,37.7788278,-122.4595881,Mixed-Use,55
r0103_c0420,37.7788278,-122.4561683,Mixed-Use,37
r0103_c0421,37.7788278,-122.4544584,Mixed-Use,56
r0103_c0425,37.7788278,-122.4476188,Institutional,23
r0103_c0426,37.7788278,-122.445909,Mixed-Use,31
r0103_c0427,37.7788278,-122.4441991,Mixed-Use,48
r0103_c0428,37.7788278,-122.4424892,Mixed-Use,37
r0103_c0429,37.7788278,-122.4407793,Mixed-Use,46
r0103_c0430,37.7788278,-122.4390694,Commercial,6
r0103_c0432,37.7788278,-122.4356496,Institutional,31
r0103_c0433,37.7788278,-122.4339397,Mixed-Use,37
r0103_c0436,37.7788278,-122.4288101,Residential,5
r0103_c0437,37.7788278,-122.4271002,Residential,9
r0103_c0438,37.7788278,-122.4253903,Residential,10
r0103_c0439,37.7788278,-122.4236804,Residential,8
r0103_c0440,37.7788278,-122.4219705,Residential,4
r0103_c0445,37.7788278,-122.4134211,Residential,6
r0103_c0447,37.7788278,-122.4100013,Residential,32
r0103_c0448,37.7788278,-122.4082914,Residential,36
r0104_c0389,37.7801792,-122.5091748,Mixed-Use,47
r0104_c0390,37.7801792,-122.5074649,Mixed-Use,52
r0104_c0391,37.7801792,-122.5057551,Mixed-Use,51
r0104_c0392,37.7801792,-122.5040452,Mixed-Use,49
r0104_c0393,37.7801792,-122.5023353,Mixed-Use,50
r0104_c0394,37.7801792,-122.5006254,Mixed-Use,59
r0104_c0395,37.7801792,-122.4989155,Mixed-Use,59
r0104_c0396,37.7801792,-122.4972056,Mixed-Use,59
r0104_c0397,37.7801792,-122.4954957,Mixed-Use,54
r0104_c0398,37.7801792,-122.4937858,Residential,8
r0104_c0399,37.7801792,-122.4920759,Residential,8
r0104_c0400,37.7801792,-122.4903661,Residential,5
r0104_c0401,37.7801792,-122.4886562,Residential,7
r0104_c0402,37.7801792,-122.4869463,Commercial,10
r0104_c0403,37.7801792,-122.4852364,Commercial,10
r0104_c0404,37.7801792,-122.4835265,Commercial,10
r0104_c0405,37.7801792,-122.4818166,Commercial,10
r0104_c0406,37.7801792,-122.4801067,Commercial,10
r0104_c0407,37.7801792,-122.4783968,Commercial,10
r0104_c0408,37.7801792,-122.476687,Commercial,10
r0104_c0409,37.7801792,-122.4749771,Commercial,10
r0104_c0410,37.7801792,-122.4732672,Residential,8
r0104_c0411,37.7801792,-122.4715573,Commercial,3
r0104_c0412,37.7801792,-122.4698474,Commercial,5
r0104_c0413,37.7801792,-122.4681375,Commercial,4
r0104_c0414,37.7801792,-122.4664276,Commercial,3
r0104_c0415,37.7801792,-122.4647177,Commercial,3
r0104_c0421,37.7801792,-122.4544584,Mixed-Use,50
r0104_c0422,37.7801792,-122.4527485,Mixed-Use,21
r0104_c0423,37.7801792,-122.4510386,Residential,10
r0104_c0424,37.7801792,-122.4493287,Residential,33
r0104_c0425,37.7801792,-122.4476188,Mixed-Use,43
r0104_c0426,37.7801792,-122.445909,Mixed-Use,24
r0104_c0427,37.7801792,-122.4441991,Mixed-Use,40
r0104_c0428,37.7801792,-122.4424892,Mixed-Use,43
r0104_c0429,37.7801792,-122.4407793,Institutional,52
r0104_c0430,37.7801792,-122.4390694,Commercial,3
r0104_c0431,37.7801792,-122.4373595,Mixed-Use,53
r0104_c0432,37.7801792,-122.4356496,Institutional,25
r0104_c0433,37.7801792,-122.4339397,Mixed-Use,20
r0104_c0434,37.7801792,-122.4322299,Institutional,11
r0104_c0436,37.7801792,-122.4288101,Residential,4
r0104_c0437,37.7801792,-122.4271002,Residential,6
r0104_c0438,37.7801792,-122.4253903,Residential,7
r0104_c0439,37.7801792,-122.4236804,Residential,4
r0104_c0440,37.7801792,-122.4219705,Residential,3
r0104_c0441,37.7801792,-122.4202606,Mixed-Use,4
r0104_c0442,37.7801792,-122.4185507,Institutional,3
r0104_c0449,37.7801792,-122.4065815,Commercial,31
r0104_c0450,37.7801792,-122.4048716,Residential,34
r0104_c0452,37.7801792,-122.4014519,Residential,26
r0104_c0453,37.7801792,-122.399742,Mixed-Use,6
r0104_c0454,37.7801792,-122.3980321,Mixed-Use,18
r0104_c0456,37.7801792,-122.3946123,Commercial,23
r0104_c0457,37.7801792,-122.3929024,Commercial,3
r0104_c0460,37.7801792,-122.3877728,Mixed-Use,5
r0105_c0389,37.7815305,-122.5091748,Mixed-Use,3
r0105_c0390,37.7815305,-122.5074649,Institutional,23
r0105_c0391,37.7815305,-122.5057551,Mixed-Use,11
r0105_c0392,37.7815305,-122.5040452,Mixed-Use,11
r0105_c0393,37.7815305,-122.5023353,Mixed-Use,16
r0105_c0395,37.7815305,-122.4989155,Mixed-Use,27
r0105_c0398,37.7815305,-122.4937858,Residential,7
r0105_c0399,37.7815305,-122.4920759,Residential,10
r0105_c0400,37.7815305,-122.4903661,Residential,7
r0105_c0401,37.7815305,-122.4886562,Residential,9
r0105_c0402,37.7815305,-122.4869463,Residential,12
r0105_c0403,37.7815305,-122.4852364,Residential,15
r0105_c0404,37.7815305,-122.4835265,Residential,14
r0105_c0405,37.7815305,-122.4818166,Residential,14
r0105_c0406,37.7815305,-122.4801067,Residential,13
r0105_c0407,37.7815305,-122.4783968,Residential,12
r0105_c0408,37.7815305,-122.476687,Residential,11
r0105_c0409,37.7815305,-122.4749771,Residential,11
r0105_c0410,37.7815305,-122.4732672,Residential,7
r0105_c0412,37.7815305,-122.4698474,Commercial,4
r0105_c0413,37.7815305,-122.4681375,Commercial,5
r0105_c0414,37.7815305,-122.4664276,Commercial,4
r0105_c0415,37.7815305,-122.4647177,Commercial,8
r0105_c0416,37.7815305,-122.4630078,Commercial,6
r0105_c0417,37.7815305,-122.461298,Commercial,6
r0105_c0418,37.7815305,-122.4595881,Commercial,6
r0105_c0419,37.7815305,-122.4578782,Commercial,7
r0105_c0420,37.7815305,-122.4561683,Commercial,8
r0105_c0421,37.7815305,-122.4544584,Commercial,8
r0105_c0422,37.7815305,-122.4527485,Commercial,7
r0105_c0423,37.7815305,-122.4510386,Commercial,6
r0105_c0424,37.7815305,-122.4493287,Commercial,4
r0105_c0425,37.7815305,-122.4476188,Commercial,4
r0105_c0426,37.7815305,-122.445909,Commercial,7
r0105_c0428,37.7815305,-122.4424892,Mixed-Use,30
r0105_c0429,37.7815305,-122.4407793,Mixed-Use,37
r0105_c0430,37.7815305,-122.4390694,Commercial,3
r0105_c0432,37.7815305,-122.4356496,Mixed-Use,14
r0105_c0433,37.7815305,-122.4339397,Mixed-Use,13
r0105_c0435,37.7815305,-122.43052,Residential,3
r0105_c0436,37.7815305,-122.4288101,Residential,8
r0105_c0437,37.7815305,-122.4271002,Residential,3
r0105_c0440,37.7815305,-122.4219705,Residential,4
r0105_c0441,37.7815305,-122.4202606,Residential,3
r0105_c0444,37.7815305,-122.415131,Institutional,20
r0105_c0449,37.7815305,-122.4065815,Commercial,16
r0105_c0450,37.7815305,-122.4048716,Mixed-Use,5
r0105_c0451,37.7815305,-122.4031618,Residential,28
r0105_c0454,37.7815305,-122.3980321,Commercial,11
r0105_c0455,37.7815305,-122.3963222,Commercial,25
r0105_c0459,37.7815305,-122.3894826,Residential,4
r0106_c0391,37.7828819,-122.5057551,Institutional,12
r0106_c0392,37.7828819,-122.5040452,Mixed-Use,5
r0106_c0397,37.7828819,-122.4954957,Open Space,3
r0106_c0398,37.7828819,-122.4937858,Residential,4
r0106_c0399,37.7828819,-122.4920759,Residential,10
r0106_c0400,37.7828819,-122.4903661,Residential,10
r0106_c0401,37.7828819,-122.4886562,Residential,10
r0106_c0402,37.7828819,-122.4869463,Residential,10
r0106_c0403,37.7828819,-122.4852364,Residential,12
r0106_c0404,37.7828819,-122.4835265,Residential,13
r0106_c0405,37.7828819,-122.4818166,Residential,13
r0106_c0406,37.7828819,-122.4801067,Residential,14
r0106_c0407,37.7828819,-122.4783968,Residential,14
r0106_c0408,37.7828819,-122.476687,Residential,11
r0106_c0409,37.7828819,-122.4749771,Residential,10
r0106_c0410,37.7828819,-122.4732672,Residential,7
r0106_c0411,37.7828819,-122.4715573,Commercial,3
r0106_c0412,37.7828819,-122.4698474,Commercial,6
r0106_c0413,37.7828819,-122.4681375,Commercial,6
r0106_c0414,37.7828819,-122.4664276,Commercial,7
r0106_c0415,37.7828819,-122.4647177,Commercial,8
r0106_c0416,37.7828819,-122.4630078,Commercial,7
r0106_c0417,37.7828819,-122.461298,Commercial,7
r0106_c0418,37.7828819,-122.4595881,Commercial,5
r0106_c0419,37.7828819,-122.4578782,Institutional,37
r0106_c0420,37.7828819,-122.4561683,Mixed-Use,49
r0106_c0423,37.7828819,-122.4510386,Commercial,3
r0106_c0424,37.7828819,-122.4493287,Commercial,5
r0106_c0425,37.7828819,-122.4476188,Commercial,7
r0106_c0426,37.7828819,-122.445909,Industrial,4
r0106_c0428,37.7828819,-122.4424892,Institutional,22
r0106_c0429,37.7828819,-122.4407793,Residential,15
r0106_c0431,37.7828819,-122.4373595,Residential,21
r0106_c0434,37.7828819,-122.4322299,Commercial,9
r0106_c0436,37.7828819,-122.4288101,Residential,4
r0106_c0437,37.7828819,-122.4271002,Residential,3
r0106_c0439,37.7828819,-122.4236804,Residential,15
r0106_c0441,37.7828819,-122.4202606,Commercial,3
r0106_c0445,37.7828819,-122.4134211,Residential,23
r0106_c0446,37.7828819,-122.4117112,Mixed-Use,24
r0106_c0447,37.7828819,-122.4100013,Commercial,8
r0106_c0448,37.7828819,-122.4082914,Commercial,4
r0106_c0449,37.7828819,-122.4065815,Commercial,4
r0106_c0452,37.7828819,-122.4014519,Commercial,8
r0106_c0453,37.7828819,-122.399742,Commercial,3
r0106_c0456,37.7828819,-122.3946123,Commercial,26
r0106_c0458,37.7828819,-122.3911925,Residential,3
r0106_c0459,37.7828819,-122.3894826,Residential,4
r0107_c0399,37.7842332,-122.4920759,Residential,59
r0107_c0404,37.7842332,-122.4835265,Residential,3
r0107_c0405,37.7842332,-122.4818166,Residential,4
r0107_c0406,37.7842332,-122.4801067,Residential,4
r0107_c0407,37.7842332,-122.4783968,Residential,5
r0107_c0408,37.7842332,-122.476687,Residential,5
r0107_c0409,37.7842332,-122.4749771,Residential,6
r0107_c0410,37.7842332,-122.4732672,Residential,4
r0107_c0411,37.7842332,-122.4715573,Institutional,32
r0107_c0412,37.7842332,-122.4698474,Mixed-Use,69
r0107_c0413,37.7842332,-122.4681375,Mixed-Use,60
r0107_c0414,37.7842332,-122.4664276,Mixed-Use,45
r0107_c0415,37.7842332,-122.4647177,Residential,42
r0107_c0416,37.7842332,-122.4630078,Mixed-Use,61
r0107_c0419,37.7842332,-122.4578782,Mixed-Use,41
r0107_c0420,37.7842332,-122.4561683,Mixed-Use,34
r0107_c0421,37.7842332,-122.4544584,Mixed-Use,43
r0107_c0422,37.7842332,-122.4527485,Mixed-Use,34
r0107_c0423,37.7842332,-122.4510386,Mixed-Use,25
r0107_c0425,37.7842332,-122.4476188,Industrial,4
r0107_c0426,37.7842332,-122.445909,Industrial,3
r0107_c0427,37.7842332,-122.4441991,Mixed-Use,65
r0107_c0428,37.7842332,-122.4424892,Residential,5
r0107_c0430,37.7842332,-122.4390694,Institutional,13
r0107_c0431,37.7842332,-122.4373595,Mixed-Use,5
r0107_c0434,37.7842332,-122.4322299,Commercial,8
r0107_c0435,37.7842332,-122.43052,Residential,6
r0107_c0436,37.7842332,-122.4288101,Residential,8
r0107_c0437,37.7842332,-122.4271002,Residential,3
r0107_c0439,37.7842332,-122.4236804,Mixed-Use,10
r0107_c0440,37.7842332,-122.4219705,Mixed-Use,10
r0107_c0441,37.7842332,-122.4202606,Mixed-Use,22
r0107_c0447,37.7842332,-122.4100013,Residential,19
r0107_c0448,37.7842332,-122.4082914,Commercial,3
r0107_c0449,37.7842332,-122.4065815,Commercial,10
r0107_c0450,37.7842332,-122.4048716,Commercial,5
r0107_c0451,37.7842332,-122.4031618,Commercial,8
r0107_c0452,37.7842332,-122.4014519,Commercial,10
r0107_c0453,37.7842332,-122.399742,Commercial,6
r0107_c0454,37.7842332,-122.3980321,Residential,3
r0107_c0459,37.7842332,-122.3894826,Residential,9
r0107_c0460,37.7842332,-122.3877728,Residential,3
r0108_c0399,37.7855846,-122.4920759,Residential,45
r0108_c0400,37.7855846,-122.4903661,Residential,31
r0108_c0401,37.7855846,-122.4886562,Mixed-Use,39
r0108_c0402,37.7855846,-122.4869463,Mixed-Use,45
r0108_c0403,37.7855846,-122.4852364,Mixed-Use,54
r0108_c0404,37.7855846,-122.4835265,Mixed-Use,52
r0108_c0405,37.7855846,-122.4818166,Mixed-Use,59
r0108_c0406,37.7855846,-122.4801067,Mixed-Use,52
r0108_c0407,37.7855846,-122.4783968,Mixed-Use,42
r0108_c0408,37.7855846,-122.476687,Mixed-Use,57
r0108_c0409,37.7855846,-122.4749771,Mixed-Use,57
r0108_c0410,37.7855846,-122.4732672,Mixed-Use,32
r0108_c0411,37.7855846,-122.4715573,Mixed-Use,59
r0108_c0412,37.7855846,-122.4698474,Mixed-Use,60
r0108_c0413,37.7855846,-122.4681375,Mixed-Use,54
r0108_c0414,37.7855846,-122.4664276,Mixed-Use,61
r0108_c0415,37.7855846,-122.4647177,Mixed-Use,61
r0108_c0418,37.7855846,-122.4595881,Mixed-Use,41
r0108_c0419,37.7855846,-122.4578782,Mixed-Use,38
r0108_c0420,37.7855846,-122.4561683,Mixed-Use,38
r0108_c0422,37.7855846,-122.4527485,Commercial,4
r0108_c0427,37.7855846,-122.4441991,Mixed-Use,63
r0108_c0429,37.7855846,-122.4407793,Residential,23
r0108_c0430,37.7855846,-122.4390694,Institutional,21
r0108_c0431,37.7855846,-122.4373595,Mixed-Use,25
r0108_c0432,37.7855846,-122.4356496,Institutional,25
r0108_c0433,37.7855846,-122.4339397,Commercial,3
r0108_c0434,37.7855846,-122.4322299,Commercial,4
r0108_c0435,37.7855846,-122.43052,Commercial,9
r0108_c0436,37.7855846,-122.4288101,Commercial,9
r0108_c0437,37.7855846,-122.4271002,Residential,16
r0108_c0439,37.7855846,-122.4236804,Institutional,9
r0108_c0440,37.7855846,-122.4219705,Mixed-Use,7
r0108_c0441,37.7855846,-122.4202606,Residential,9
r0108_c0442,37.7855846,-122.4185507,Mixed-Use,16
r0108_c0443,37.7855846,-122.4168409,Residential,36
r0108_c0444,37.7855846,-122.415131,Residential,33
r0108_c0447,37.7855846,-122.4100013,Mixed-Use,8
r0108_c0448,37.7855846,-122.4082914,Commercial,4
r0108_c0450,37.7855846,-122.4048716,Commercial,3
r0108_c0451,37.7855846,-122.4031618,Commercial,4
r0108_c0452,37.7855846,-122.4014519,Commercial,6
r0108_c0454,37.7855846,-122.3980321,Commercial,11
r0108_c0455,37.7855846,-122.3963222,Commercial,6
r0108_c0456,37.7855846,-122.3946123,Commercial,3
r0108_c0459,37.7855846,-122.3894826,Residential,7
r0109_c0399,37.7869359,-122.4920759,Residential,18
r0109_c0400,37.7869359,-122.4903661,Mixed-Use,15
r0109_c0401,37.7869359,-122.4886562,Mixed-Use,37
r0109_c0402,37.7869359,-122.4869463,Mixed-Use,53
r0109_c0403,37.7869359,-122.4852364,Mixed-Use,55
r0109_c0404,37.7869359,-122.4835265,Mixed-Use,40
r0109_c0405,37.7869359,-122.4818166,Mixed-Use,31
r0109_c0406,37.7869359,-122.4801067,Mixed-Use,19
r0109_c0407,37.7869359,-122.4783968,Mixed-Use,20
r0109_c0408,37.7869359,-122.476687,Mixed-Use,30
r0109_c0409,37.7869359,-122.4749771,Mixed-Use,28
r0109_c0410,37.7869359,-122.4732672,Mixed-Use,16
r0109_c0411,37.7869359,-122.4715573,Residential,12
r0109_c0412,37.7869359,-122.4698474,Residential,20
r0109_c0413,37.7869359,-122.4681375,Residential,23
r0109_c0414,37.7869359,-122.4664276,Mixed-Use,31
r0109_c0415,37.7869359,-122.4647177,Mixed-Use,62
r0109_c0417,37.7869359,-122.461298,Mixed-Use,46
r0109_c0418,37.7869359,-122.4595881,Mixed-Use,31
r0109_c0419,37.7869359,-122.4578782,Mixed-Use,37
r0109_c0420,37.7869359,-122.4561683,Mixed-Use,22
r0109_c0422,37.7869359,-122.4527485,Commercial,10
r0109_c0423,37.7869359,-122.4510386,Commercial,10
r0109_c0427,37.7869359,-122.4441991,Mixed-Use,59
r0109_c0428,37.7869359,-122.4424892,Institutional,50
r0109_c0429,37.7869359,-122.4407793,Residential,48
r0109_c0430,37.7869359,-122.4390694,Residential,41
r0109_c0431,37.7869359,-122.4373595,Mixed-Use,26
r0109_c0432,37.7869359,-122.4356496,Mixed-Use,27
r0109_c0433,37.7869359,-122.4339397,Commercial,4
r0109_c0435,37.7869359,-122.43052,Commercial,3
r0109_c0437,37.7869359,-122.4271002,Mixed-Use,21
r0109_c0438,37.7869359,-122.4253903,Mixed-Use,16
r0109_c0439,37.7869359,-122.4236804,Mixed-Use,13
r0109_c0441,37.7869359,-122.4202606,Commercial,4
r0109_c0442,37.7869359,-122.4185507,Commercial,5
r0109_c0443,37.7869359,-122.4168409,Residential,43
r0109_c0444,37.7869359,-122.415131,Residential,23
r0109_c0446,37.7869359,-122.4117112,Commercial,21
r0109_c0447,37.7869359,-122.4100013,Commercial,23
r0109_c0449,37.7869359,-122.4065815,Commercial,6
r0109_c0453,37.7869359,-122.399742,Commercial,4
r0109_c0455,37.7869359,-122.3963222,Mixed-Use,12
r0109_c0457,37.7869359,-122.3929024,Residential,6
r0109_c0458,37.7869359,-122.3911925,Mixed-Use,4
r0110_c0400,37.7882873,-122.4903661,Mixed-Use,6
r0110_c0402,37.7882873,-122.4869463,Mixed-Use,45
r0110_c0403,37.7882873,-122.4852364,Mixed-Use,46
r0110_c0404,37.7882873,-122.4835265,Mixed-Use,4
r0110_c0406,37.7882873,-122.4801067,Mixed-Use,6
r0110_c0410,37.7882873,-122.4732672,Commercial,8
r0110_c0414,37.7882873,-122.4664276,Mixed-Use,12
r0110_c0415,37.7882873,-122.4647177,Mixed-Use,39
r0110_c0419,37.7882873,-122.4578782,Mixed-Use,44
r0110_c0420,37.7882873,-122.4561683,Institutional,40
r0110_c0423,37.7882873,-122.4510386,Commercial,4
r0110_c0424,37.7882873,-122.4493287,Commercial,5
r0110_c0425,37.7882873,-122.4476188,Commercial,4
r0110_c0427,37.7882873,-122.4441991,Mixed-Use,56
r0110_c0428,37.7882873,-122.4424892,Mixed-Use,45
r0110_c0429,37.7882873,-122.4407793,Mixed-Use,41
r0110_c0430,37.7882873,-122.4390694,Institutional,31
r0110_c0431,37.7882873,-122.4373595,Mixed-Use,50
r0110_c0432,37.7882873,-122.4356496,Commercial,3
r0110_c0433,37.7882873,-122.4339397,Commercial,5
r0110_c0434,37.7882873,-122.4322299,Mixed-Use,79
r0110_c0435,37.7882873,-122.43052,Mixed-Use,51
r0110_c0436,37.7882873,-122.4288101,Mixed-Use,56
r0110_c0437,37.7882873,-122.4271002,Mixed-Use,34
r0110_c0438,37.7882873,-122.4253903,Mixed-Use,41
r0110_c0439,37.7882873,-122.4236804,Commercial,40
r0110_c0441,37.7882873,-122.4202606,Commercial,9
r0110_c0442,37.7882873,-122.4185507,Commercial,9
r0110_c0443,37.7882873,-122.4168409,Residential,3
r0110_c0445,37.7882873,-122.4134211,Residential,25
r0110_c0446,37.7882873,-122.4117112,Residential,26
r0110_c0447,37.7882873,-122.4100013,Commercial,17
r0110_c0448,37.7882873,-122.4082914,Commercial,16
r0110_c0449,37.7882873,-122.4065815,Commercial,31
r0110_c0450,37.7882873,-122.4048716,Mixed-Use,22
r0110_c0451,37.7882873,-122.4031618,Commercial,14
r0110_c0455,37.7882873,-122.3963222,Commercial,7
r0111_c0402,37.7896386,-122.4869463,Mixed-Use,7
r0111_c0403,37.7896386,-122.4852364,Mixed-Use,24
r0111_c0404,37.7896386,-122.4835265,Mixed-Use,3
r0111_c0410,37.7896386,-122.4732672,Mixed-Use,11
r0111_c0413,37.7896386,-122.4681375,Open Space,3
r0111_c0415,37.7896386,-122.4647177,Open Space,3
r0111_c0417,37.7896386,-122.461298,Open Space,3
r0111_c0419,37.7896386,-122.4578782,Mixed-Use,29
r0111_c0420,37.7896386,-122.4561683,Mixed-Use,25
r0111_c0421,37.7896386,-122.4544584,Mixed-Use,29
r0111_c0422,37.7896386,-122.4527485,Mixed-Use,37
r0111_c0423,37.7896386,-122.4510386,Mixed-Use,40
r0111_c0424,37.7896386,-122.4493287,Mixed-Use,42
r0111_c0425,37.7896386,-122.4476188,Mixed-Use,46
r0111_c0426,37.7896386,-122.445909,Mixed-Use,42
r0111_c0427,37.7896386,-122.4441991,Mixed-Use,53
r0111_c0428,37.7896386,-122.4424892,Mixed-Use,55
r0111_c0429,37.7896386,-122.4407793,Mixed-Use,44
r0111_c0430,37.7896386,-122.4390694,Mixed-Use,50
r0111_c0431,37.7896386,-122.4373595,Mixed-Use,62
r0111_c0433,37.7896386,-122.4339397,Commercial,5
r0111_c0434,37.7896386,-122.4322299,Residential,23
r0111_c0435,37.7896386,-122.43052,Mixed-Use,36
r0111_c0436,37.7896386,-122.4288101,Mixed-Use,38
r0111_c0437,37.7896386,-122.4271002,Mixed-Use,30
r0111_c0439,37.7896386,-122.4236804,Residential,3
r0111_c0441,37.7896386,-122.4202606,Commercial,10
r0111_c0442,37.7896386,-122.4185507,Commercial,8
r0111_c0445,37.7896386,-122.4134211,Residential,33
r0111_c0446,37.7896386,-122.4117112,Residential,33
r0111_c0447,37.7896386,-122.4100013,Residential,28
r0111_c0448,37.7896386,-122.4082914,Residential,25
r0111_c0449,37.7896386,-122.4065815,Residential,20
r0111_c0453,37.7896386,-122.399742,Commercial,3
r0111_c0454,37.7896386,-122.3980321,Mixed-Use,4
r0111_c0455,37.7896386,-122.3963222,Commercial,4
r0111_c0457,37.7896386,-122.3929024,Commercial,6
r0111_c0458,37.7896386,-122.3911925,Residential,6
r0111_c0459,37.7896386,-122.3894826,Commercial,5
r0112_c0406,37.79099,-122.4801067,Residential,4
r0112_c0407,37.79099,-122.4783968,Residential,7
r0112_c0408,37.79099,-122.476687,Residential,6
r0112_c0416,37.79099,-122.4630078,Open Space,3
r0112_c0421,37.79099,-122.4544584,Mixed-Use,9
r0112_c0423,37.79099,-122.4510386,Mixed-Use,27
r0112_c0424,37.79099,-122.4493287,Mixed-Use,34
r0112_c0425,37.79099,-122.4476188,Mixed-Use,49
r0112_c0426,37.79099,-122.445909,Institutional,43
r0112_c0427,37.79099,-122.4441991,Mixed-Use,52
r0112_c0428,37.79099,-122.4424892,Mixed-Use,50
r0112_c0429,37.79099,-122.4407793,Mixed-Use,45
r0112_c0432,37.79099,-122.4356496,Mixed-Use,31
r0112_c0433,37.79099,-122.4339397,Commercial,5
r0112_c0434,37.79099,-122.4322299,Institutional,24
r0112_c0435,37.79099,-122.43052,Mixed-Use,29
r0112_c0439,37.79099,-122.4236804,Residential,23
r0112_c0440,37.79099,-122.4219705,Commercial,3
r0112_c0441,37.79099,-122.4202606,Commercial,8
r0112_c0442,37.79099,-122.4185507,Commercial,7
r0112_c0443,37.79099,-122.4168409,Commercial,6
r0112_c0444,37.79099,-122.415131,Residential,37
r0112_c0445,37.79099,-122.4134211,Residential,24
r0112_c0446,37.79099,-122.4117112,Residential,35
r0112_c0448,37.79099,-122.4082914,Residential,44
r0112_c0450,37.79099,-122.4048716,Commercial,5
r0112_c0451,37.79099,-122.4031618,Commercial,4
r0112_c0452,37.79099,-122.4014519,Mixed-Use,7
r0112_c0455,37.79099,-122.3963222,Commercial,5
r0112_c0457,37.79099,-122.3929024,Commercial,3
r0113_c0406,37.7923413,-122.4801067,Residential,10
r0113_c0407,37.7923413,-122.4783968,Residential,10
r0113_c0408,37.7923413,-122.476687,Residential,7
r0113_c0409,37.7923413,-122.4749771,Mixed-Use,4
r0113_c0411,37.7923413,-122.4715573,Open Space,3
r0113_c0415,37.7923413,-122.4647177,Open Space,3
r0113_c0424,37.7923413,-122.4493287,Mixed-Use,3
r0113_c0425,37.7923413,-122.4476188,Residential,10
r0113_c0426,37.7923413,-122.445909,Residential,23
r0113_c0427,37.7923413,-122.4441991,Residential,27
r0113_c0428,37.7923413,-122.4424892,Mixed-Use,35
r0113_c0429,37.7923413,-122.4407793,Institutional,29
r0113_c0430,37.7923413,-122.4390694,Residential,23
r0113_c0431,37.7923413,-122.4373595,Residential,25
r0113_c0433,37.7923413,-122.4339397,Commercial,3
r0113_c0434,37.7923413,-122.4322299,Mixed-Use,51
r0113_c0435,37.7923413,-122.43052,Mixed-Use,44
r0113_c0436,37.7923413,-122.4288101,Residential,11
r0113_c0438,37.7923413,-122.4253903,Mixed-Use,26
r0113_c0439,37.7923413,-122.4236804,Mixed-Use,22
r0113_c0440,37.7923413,-122.4219705,Commercial,5
r0113_c0441,37.7923413,-122.4202606,Commercial,4
r0113_c0442,37.7923413,-122.4185507,Mixed-Use,42
r0113_c0443,37.7923413,-122.4168409,Mixed-Use,50
r0113_c0444,37.7923413,-122.415131,Mixed-Use,54
r0113_c0445,37.7923413,-122.4134211,Mixed-Use,31
r0113_c0448,37.7923413,-122.4082914,Residential,28
r0113_c0449,37.7923413,-122.4065815,Commercial,4
r0113_c0452,37.7923413,-122.4014519,Mixed-Use,19
r0113_c0454,37.7923413,-122.3980321,Commercial,4
r0113_c0455,37.7923413,-122.3963222,Commercial,9
r0113_c0456,37.7923413,-122.3946123,Commercial,3
r0113_c0457,37.7923413,-122.3929024,Commercial,8
r0114_c0406,37.7936927,-122.4801067,Residential,5
r0114_c0407,37.7936927,-122.4783968,Residential,9
r0114_c0409,37.7936927,-122.4749771,Residential,9
r0114_c0412,37.7936927,-122.4698474,Open Space,3
r0114_c0414,37.7936927,-122.4664276,Open Space,3
r0114_c0420,37.7936927,-122.4561683,Mixed-Use,3
r0114_c0421,37.7936927,-122.4544584,Mixed-Use,5
r0114_c0422,37.7936927,-122.4527485,Mixed-Use,10
r0114_c0423,37.7936927,-122.4510386,Residential,26
r0114_c0426,37.7936927,-122.445909,Mixed-Use,22
r0114_c0427,37.7936927,-122.4441991,Mixed-Use,36
r0114_c0428,37.7936927,-122.4424892,Mixed-Use,30
r0114_c0429,37.7936927,-122.4407793,Mixed-Use,36
r0114_c0430,37.7936927,-122.4390694,Mixed-Use,35
r0114_c0431,37.7936927,-122.4373595,Mixed-Use,32
r0114_c0432,37.7936927,-122.4356496,Mixed-Use,32
r0114_c0433,37.7936927,-122.4339397,Mixed-Use,34
r0114_c0434,37.7936927,-122.4322299,Mixed-Use,45
r0114_c0435,37.7936927,-122.43052,Mixed-Use,29
r0114_c0436,37.7936927,-122.4288101,Mixed-Use,32
r0114_c0437,37.7936927,-122.4271002,Mixed-Use,39
r0114_c0438,37.7936927,-122.4253903,Residential,28
r0114_c0440,37.7936927,-122.4219705,Commercial,7
r0114_c0441,37.7936927,-122.4202606,Commercial,3
r0114_c0442,37.7936927,-122.4185507,Institutional,44
r0114_c0443,37.7936927,-122.4168409,Mixed-Use,54
r0114_c0444,37.7936927,-122.415131,Residential,38
r0114_c0449,37.7936927,-122.4065815,Commercial,6
r0114_c0450,37.7936927,-122.4048716,Commercial,3
r0114_c0456,37.7936927,-122.3946123,Commercial,6
r0114_c0457,37.7936927,-122.3929024,Commercial,4
r0115_c0409,37.795044,-122.4749771,Mixed-Use,4
r0115_c0410,37.795044,-122.4732672,Mixed-Use,4
r0115_c0414,37.795044,-122.4664276,Open Space,3
r0115_c0417,37.795044,-122.461298,Mixed-Use,6
r0115_c0419,37.795044,-122.4578782,Other,4
r0115_c0420,37.795044,-122.4561683,Mixed-Use,10
r0115_c0421,37.795044,-122.4544584,Mixed-Use,14
r0115_c0422,37.795044,-122.4527485,Mixed-Use,14
r0115_c0423,37.795044,-122.4510386,Residential,5
r0115_c0424,37.795044,-122.4493287,Mixed-Use,3
r0115_c0426,37.795044,-122.445909,Mixed-Use,50
r0115_c0427,37.795044,-122.4441991,Mixed-Use,40
r0115_c0428,37.795044,-122.4424892,Mixed-Use,42
r0115_c0429,37.795044,-122.4407793,Mixed-Use,40
r0115_c0430,37.795044,-122.4390694,Mixed-Use,45
r0115_c0431,37.795044,-122.4373595,Mixed-Use,49
r0115_c0432,37.795044,-122.4356496,Mixed-Use,45
r0115_c0434,37.795044,-122.4322299,Mixed-Use,28
r0115_c0435,37.795044,-122.43052,Mixed-Use,32
r0115_c0436,37.795044,-122.4288101,Mixed-Use,29
r0115_c0437,37.795044,-122.4271002,Mixed-Use,28
r0115_c0438,37.795044,-122.4253903,Residential,29
r0115_c0440,37.795044,-122.4219705,Commercial,9
r0115_c0441,37.795044,-122.4202606,Commercial,6
r0115_c0442,37.795044,-122.4185507,Commercial,5
r0115_c0443,37.795044,-122.4168409,Commercial,3
r0115_c0445,37.795044,-122.4134211,Mixed-Use,49
r0115_c0446,37.795044,-122.4117112,Residential,52
r0115_c0449,37.795044,-122.4065815,Commercial,6
r0115_c0452,37.795044,-122.4014519,Commercial,8
r0115_c0453,37.795044,-122.399742,Commercial,8
r0115_c0454,37.795044,-122.3980321,Commercial,7
r0115_c0455,37.795044,-122.3963222,Commercial,5
r0115_c0457,37.795044,-122.3929024,Mixed-Use,4
r0116_c0413,37.7963954,-122.4681375,Mixed-Use,8
r0116_c0414,37.7963954,-122.4664276,Mixed-Use,6
r0116_c0415,37.7963954,-122.4647177,Mixed-Use,5
r0116_c0416,37.7963954,-122.4630078,Mixed-Use,10
r0116_c0417,37.7963954,-122.461298,Mixed-Use,9
r0116_c0419,37.7963954,-122.4578782,Mixed-Use,4
r0116_c0420,37.7963954,-122.4561683,Mixed-Use,6
r0116_c0421,37.7963954,-122.4544584,Mixed-Use,7
r0116_c0422,37.7963954,-122.4527485,Residential,5
r0116_c0423,37.7963954,-122.4510386,Mixed-Use,6
r0116_c0424,37.7963954,-122.4493287,Mixed-Use,4
r0116_c0425,37.7963954,-122.4476188,Mixed-Use,10
r0116_c0426,37.7963954,-122.445909,Mixed-Use,61
r0116_c0427,37.7963954,-122.4441991,Mixed-Use,58
r0116_c0428,37.7963954,-122.4424892,Residential,43
r0116_c0429,37.7963954,-122.4407793,Mixed-Use,35
r0116_c0430,37.7963954,-122.4390694,Mixed-Use,40
r0116_c0432,37.7963954,-122.4356496,Commercial,3
r0116_c0435,37.7963954,-122.43052,Residential,46
r0116_c0436,37.7963954,-122.4288101,Residential,45
r0116_c0437,37.7963954,-122.4271002,Residential,47
r0116_c0438,37.7963954,-122.4253903,Residential,42
r0116_c0440,37.7963954,-122.4219705,Commercial,8
r0116_c0441,37.7963954,-122.4202606,Residential,48
r0116_c0444,37.7963954,-122.415131,Commercial,3
r0116_c0445,37.7963954,-122.4134211,Residential,70
r0116_c0446,37.7963954,-122.4117112,Mixed-Use,70
r0116_c0447,37.7963954,-122.4100013,Commercial,3
r0116_c0449,37.7963954,-122.4065815,Commercial,6
r0116_c0450,37.7963954,-122.4048716,Commercial,4
r0116_c0451,37.7963954,-122.4031618,Mixed-Use,39
r0116_c0455,37.7963954,-122.3963222,Open Space,3
r0117_c0410,37.7977467,-122.4732672,Residential,5
r0117_c0411,37.7977467,-122.4715573,Mixed-Use,3
r0117_c0412,37.7977467,-122.4698474,Mixed-Use,8
r0117_c0415,37.7977467,-122.4647177,Other,5
r0117_c0417,37.7977467,-122.461298,Institutional,3
r0117_c0420,37.7977467,-122.4561683,Residential,6
r0117_c0422,37.7977467,-122.4527485,Mixed-Use,7
r0117_c0424,37.7977467,-122.4493287,Commercial,4
r0117_c0426,37.7977467,-122.445909,Mixed-Use,59
r0117_c0428,37.7977467,-122.4424892,Mixed-Use,48
r0117_c0429,37.7977467,-122.4407793,Mixed-Use,44
r0117_c0430,37.7977467,-122.4390694,Mixed-Use,49
r0117_c0432,37.7977467,-122.4356496,Commercial,8
r0117_c0433,37.7977467,-122.4339397,Commercial,5
r0117_c0434,37.7977467,-122.4322299,Commercial,6
r0117_c0435,37.7977467,-122.43052,Commercial,7
r0117_c0436,37.7977467,-122.4288101,Commercial,6
r0117_c0437,37.7977467,-122.4271002,Commercial,5
r0117_c0439,37.7977467,-122.4236804,Residential,33
r0117_c0440,37.7977467,-122.4219705,Commercial,7
r0117_c0441,37.7977467,-122.4202606,Residential,65
r0117_c0442,37.7977467,-122.4185507,Residential,56
r0117_c0443,37.7977467,-122.4168409,Mixed-Use,66
r0117_c0444,37.7977467,-122.415131,Mixed-Use,50
r0117_c0445,37.7977467,-122.4134211,Mixed-Use,37
r0117_c0446,37.7977467,-122.4117112,Residential,47
r0117_c0447,37.7977467,-122.4100013,Commercial,3
r0117_c0448,37.7977467,-122.4082914,Commercial,43
r0117_c0449,37.7977467,-122.4065815,Commercial,4
r0117_c0451,37.7977467,-122.4031618,Mixed-Use,35
r0117_c0453,37.7977467,-122.399742,Institutional,11
r0117_c0456,37.7977467,-122.3946123,Mixed-Use,6
r0118_c0409,37.7990981,-122.4749771,Residential,3
r0118_c0411,37.7990981,-122.4715573,Mixed-Use,13
r0118_c0414,37.7990981,-122.4664276,Other,7
r0118_c0415,37.7990981,-122.4647177,Other,10
r0118_c0416,37.7990981,-122.4630078,Other,5
r0118_c0417,37.7990981,-122.461298,Other,3
r0118_c0418,37.7990981,-122.4595881,Open Space,3
r0118_c0419,37.7990981,-122.4578782,Open Space,4
r0118_c0421,37.7990981,-122.4544584,Mixed-Use,3
r0118_c0422,37.7990981,-122.4527485,Mixed-Use,3
r0118_c0423,37.7990981,-122.4510386,Commercial,7
r0118_c0424,37.7990981,-122.4493287,Commercial,15
r0118_c0425,37.7990981,-122.4476188,Commercial,7
r0118_c0426,37.7990981,-122.445909,Mixed-Use,38
r0118_c0427,37.7990981,-122.4441991,Commercial,5
r0118_c0428,37.7990981,-122.4424892,Commercial,9
r0118_c0429,37.7990981,-122.4407793,Commercial,8
r0118_c0430,37.7990981,-122.4390694,Commercial,7
r0118_c0431,37.7990981,-122.4373595,Commercial,4
r0118_c0432,37.7990981,-122.4356496,Commercial,6
r0118_c0434,37.7990981,-122.4322299,Mixed-Use,53
r0118_c0435,37.7990981,-122.43052,Residential,68
r0118_c0436,37.7990981,-122.4288101,Mixed-Use,61
r0118_c0438,37.7990981,-122.4253903,Commercial,3
r0118_c0440,37.7990981,-122.4219705,Commercial,6
r0118_c0441,37.7990981,-122.4202606,Mixed-Use,79
r0118_c0442,37.7990981,-122.4185507,Mixed-Use,55
r0118_c0443,37.7990981,-122.4168409,Mixed-Use,43
r0118_c0444,37.7990981,-122.415131,Mixed-Use,44
r0118_c0445,37.7990981,-122.4134211,Mixed-Use,50
r0118_c0446,37.7990981,-122.4117112,Residential,74
r0118_c0448,37.7990981,-122.4082914,Commercial,3
r0118_c0449,37.7990981,-122.4065815,Commercial,3
r0118_c0450,37.7990981,-122.4048716,Mixed-Use,66
r0118_c0451,37.7990981,-122.4031618,Residential,49
r0118_c0452,37.7990981,-122.4014519,Mixed-Use,11
r0118_c0453,37.7990981,-122.399742,Commercial,10
r0118_c0456,37.7990981,-122.3946123,Mixed-Use,3
r0119_c0408,37.8004494,-122.476687,Mixed-Use,8
r0119_c0409,37.8004494,-122.4749771,Open Space,5
r0119_c0412,37.8004494,-122.4698474,Residential,3
r0119_c0415,37.8004494,-122.4647177,Other,9
r0119_c0416,37.8004494,-122.4630078,Other,10
r0119_c0417,37.8004494,-122.461298,Mixed-Use,7
r0119_c0419,37.8004494,-122.4578782,Open Space,5
r0119_c0421,37.8004494,-122.4544584,Mixed-Use,3
r0119_c0423,37.8004494,-122.4510386,Commercial,3
r0119_c0424,37.8004494,-122.4493287,Commercial,14
r0119_c0425,37.8004494,-122.4476188,Commercial,4
r0119_c0426,37.8004494,-122.445909,Mixed-Use,57
r0119_c0428,37.8004494,-122.4424892,Commercial,4
r0119_c0429,37.8004494,-122.4407793,Commercial,6
r0119_c0430,37.8004494,-122.4390694,Commercial,7
r0119_c0431,37.8004494,-122.4373595,Commercial,9
r0119_c0432,37.8004494,-122.4356496,Commercial,8
r0119_c0433,37.8004494,-122.4339397,Commercial,7
r0119_c0434,37.8004494,-122.4322299,Commercial,7
r0119_c0435,37.8004494,-122.43052,Commercial,7
r0119_c0436,37.8004494,-122.4288101,Commercial,7
r0119_c0437,37.8004494,-122.4271002,Commercial,5
r0119_c0440,37.8004494,-122.4219705,Residential,50
r0119_c0441,37.8004494,-122.4202606,Mixed-Use,42
r0119_c0442,37.8004494,-122.4185507,Mixed-Use,48
r0119_c0443,37.8004494,-122.4168409,Mixed-Use,47
r0119_c0444,37.8004494,-122.415131,Mixed-Use,57
r0119_c0447,37.8004494,-122.4100013,Commercial,3
r0119_c0448,37.8004494,-122.4082914,Commercial,3
r0119_c0450,37.8004494,-122.4048716,Mixed-Use,87
r0119_c0451,37.8004494,-122.4031618,Commercial,21
r0119_c0452,37.8004494,-122.4014519,Mixed-Use,14
r0119_c0453,37.8004494,-122.399742,Mixed-Use,5
r0120_c0409,37.8018008,-122.4749771,Open Space,6
r0120_c0411,37.8018008,-122.4715573,Residential,7
r0120_c0412,37.8018008,-122.4698474,Residential,8
r0120_c0416,37.8018008,-122.4630078,Mixed-Use,4
r0120_c0419,37.8018008,-122.4578782,Open Space,3
r0120_c0421,37.8018008,-122.4544584,Mixed-Use,7
r0120_c0422,37.8018008,-122.4527485,Mixed-Use,7
r0120_c0423,37.8018008,-122.4510386,Mixed-Use,10
r0120_c0425,37.8018008,-122.4476188,Mixed-Use,16
r0120_c0426,37.8018008,-122.445909,Mixed-Use,53
r0120_c0427,37.8018008,-122.4441991,Mixed-Use,52
r0120_c0428,37.8018008,-122.4424892,Mixed-Use,53
r0120_c0429,37.8018008,-122.4407793,Mixed-Use,54
r0120_c0430,37.8018008,-122.4390694,Residential,55
r0120_c0431,37.8018008,-122.4373595,Residential,54
r0120_c0432,37.8018008,-122.4356496,Institutional,3
r0120_c0434,37.8018008,-122.4322299,Mixed-Use,13
r0120_c0437,37.8018008,-122.4271002,Commercial,3
r0120_c0439,37.8018008,-122.4236804,Residential,33
r0120_c0440,37.8018008,-122.4219705,Residential,61
r0120_c0441,37.8018008,-122.4202606,Residential,13
r0120_c0442,37.8018008,-122.4185507,Residential,51
r0120_c0443,37.8018008,-122.4168409,Mixed-Use,38
r0120_c0444,37.8018008,-122.415131,Mixed-Use,72
r0120_c0445,37.8018008,-122.4134211,Mixed-Use,73
r0120_c0446,37.8018008,-122.4117112,Commercial,3
r0120_c0447,37.8018008,-122.4100013,Mixed-Use,56
r0120_c0448,37.8018008,-122.4082914,Mixed-Use,80
r0120_c0449,37.8018008,-122.4065815,Mixed-Use,65
r0120_c0450,37.8018008,-122.4048716,Residential,76
r0120_c0451,37.8018008,-122.4031618,Residential,28
r0120_c0452,37.8018008,-122.4014519,Mixed-Use,5
r0120_c0454,37.8018008,-122.3980321,Commercial,3
r0121_c0408,37.8031521,-122.476687,Mixed-Use,3
r0121_c0411,37.8031521,-122.4715573,Mixed-Use,7
r0121_c0415,37.8031521,-122.4647177,Open Space,4
r0121_c0416,37.8031521,-122.4630078,Open Space,5
r0121_c0417,37.8031521,-122.461298,Open Space,7
r0121_c0426,37.8031521,-122.445909,Mixed-Use,50
r0121_c0427,37.8031521,-122.4441991,Mixed-Use,43
r0121_c0428,37.8031521,-122.4424892,Mixed-Use,38
r0121_c0429,37.8031521,-122.4407793,Mixed-Use,66
r0121_c0430,37.8031521,-122.4390694,Residential,67
r0121_c0431,37.8031521,-122.4373595,Mixed-Use,30
r0121_c0432,37.8031521,-122.4356496,Residential,32
r0121_c0437,37.8031521,-122.4271002,Mixed-Use,54
r0121_c0439,37.8031521,-122.4236804,Residential,41
r0121_c0442,37.8031521,-122.4185507,Residential,38
r0121_c0443,37.8031521,-122.4168409,Mixed-Use,42
r0121_c0444,37.8031521,-122.415131,Mixed-Use,35
r0121_c0445,37.8031521,-122.4134211,Mixed-Use,47
r0121_c0446,37.8031521,-122.4117112,Mixed-Use,57
r0121_c0447,37.8031521,-122.4100013,Mixed-Use,80
r0121_c0448,37.8031521,-122.4082914,Mixed-Use,89
r0121_c0450,37.8031521,-122.4048716,Residential,25
r0121_c0451,37.8031521,-122.4031618,Mixed-Use,17
r0122_c0413,37.8045035,-122.4681375,Open Space,5
r0122_c0414,37.8045035,-122.4664276,Open Space,8
r0122_c0415,37.8045035,-122.4647177,Open Space,6
r0122_c0416,37.8045035,-122.4630078,Open Space,6
r0122_c0417,37.8045035,-122.461298,Open Space,6
r0122_c0426,37.8045035,-122.445909,Mixed-Use,53
r0122_c0427,37.8045035,-122.4441991,Mixed-Use,42
r0122_c0428,37.8045035,-122.4424892,Mixed-Use,42
r0122_c0429,37.8045035,-122.4407793,Mixed-Use,51
r0122_c0430,37.8045035,-122.4390694,Mixed-Use,61
r0122_c0431,37.8045035,-122.4373595,Mixed-Use,40
r0122_c0432,37.8045035,-122.4356496,Mixed-Use,49
r0122_c0434,37.8045035,-122.4322299,Commercial,6
r0122_c0435,37.8045035,-122.43052,Open Space,8
r0122_c0436,37.8045035,-122.4288101,Open Space,3
r0122_c0439,37.8045035,-122.4236804,Mixed-Use,20
r0122_c0442,37.8045035,-122.4185507,Residential,40
r0122_c0443,37.8045035,-122.4168409,Mixed-Use,26
r0122_c0444,37.8045035,-122.415131,Mixed-Use,25
r0122_c0445,37.8045035,-122.4134211,Mixed-Use,45
r0122_c0446,37.8045035,-122.4117112,Mixed-Use,29
r0122_c0447,37.8045035,-122.4100013,Residential,58
r0122_c0448,37.8045035,-122.4082914,Mixed-Use,70
r0122_c0449,37.8045035,-122.4065815,Mixed-Use,21
r0122_c0450,37.8045035,-122.4048716,Mixed-Use,7
r0122_c0451,37.8045035,-122.4031618,Commercial,7
r0123_c0408,37.8058548,-122.476687,Mixed-Use,11
r0123_c0409,37.8058548,-122.4749771,Mixed-Use,4
r0123_c0410,37.8058548,-122.4732672,Mixed-Use,9
r0123_c0411,37.8058548,-122.4715573,Mixed-Use,12
r0123_c0413,37.8058548,-122.4681375,Open Space,3
r0123_c0422,37.8058548,-122.4527485,Open Space,3
r0123_c0423,37.8058548,-122.4510386,Open Space,3
r0123_c0424,37.8058548,-122.4493287,Open Space,6
r0123_c0427,37.8058548,-122.4441991,Mixed-Use,13
r0123_c0428,37.8058548,-122.4424892,Mixed-Use,11
r0123_c0429,37.8058548,-122.4407793,Mixed-Use,26
r0123_c0430,37.8058548,-122.4390694,Mixed-Use,43
r0123_c0431,37.8058548,-122.4373595,Mixed-Use,40
r0123_c0432,37.8058548,-122.4356496,Mixed-Use,38
r0123_c0435,37.8058548,-122.43052,Open Space,3
r0123_c0436,37.8058548,-122.4288101,Open Space,7
r0123_c0438,37.8058548,-122.4253903,Commercial,4
r0123_c0439,37.8058548,-122.4236804,Commercial,6
r0123_c0440,37.8058548,-122.4219705,Commercial,3
r0123_c0441,37.8058548,-122.4202606,Residential,56
r0123_c0442,37.8058548,-122.4185507,Residential,39
r0123_c0444,37.8058548,-122.415131,Commercial,6
r0123_c0445,37.8058548,-122.4134211,Residential,14
r0123_c0446,37.8058548,-122.4117112,Mixed-Use,11
r0123_c0447,37.8058548,-122.4100013,Mixed-Use,32
r0123_c0448,37.8058548,-122.4082914,Mixed-Use,14
r0123_c0449,37.8058548,-122.4065815,Mixed-Use,4
r0123_c0450,37.8058548,-122.4048716,Mixed-Use,7
r0124_c0408,37.8072062,-122.476687,Mixed-Use,6
r0124_c0410,37.8072062,-122.4732672,Mixed-Use,22
r0124_c0434,37.8072062,-122.4322299,Mixed-Use,4
r0124_c0435,37.8072062,-122.43052,Mixed-Use,4
r0124_c0440,37.8072062,-122.4219705,Open Space,4
r0124_c0441,37.8072062,-122.4202606,Commercial,3
r0124_c0442,37.8072062,-122.4185507,Commercial,6
r0124_c0443,37.8072062,-122.4168409,Commercial,5
r0124_c0444,37.8072062,-122.415131,Commercial,4
r0124_c0446,37.8072062,-122.4117112,Industrial,5
r0124_c0448,37.8072062,-122.4082914,Industrial,8
r0124_c0475,37.8072062,-122.3621244,Mixed-Use,5
r0125_c0411,37.8085575,-122.4715573,Commercial,6
r0125_c0442,37.8085575,-122.4185507,Commercial,3
r0125_c0444,37.8085575,-122.415131,Commercial,3
r0125_c0445,37.8085575,-122.4134211,Commercial,4
r0125_c0447,37.8085575,-122.4100013,Commercial,5
r0125_c0474,37.8085575,-122.3638343,Other,4
r0125_c0475,37.8085575,-122.3621244,Mixed-Use,14
r0126_c0443,37.8099089,-122.4168409,Mixed-Use,4
r0126_c0447,37.8099089,-122.4100013,Commercial,5
r0126_c0472,37.8099089,-122.3672541,Residential,5
r0126_c0474,37.8099089,-122.3638343,Other,3
r0126_c0475,37.8099089,-122.3621244,Mixed-Use,13
r0127_c0447,37.8112602,-122.4100013,Commercial,3
r0127_c0472,37.8112602,-122.3672541,Residential,4
r0127_c0473,37.8112602,-122.3655442,Residential,8
r0127_c0475,37.8112602,-122.3621244,Mixed-Use,10
r0128_c0475,37.8126116,-122.3621244,Other,4
r0130_c0377,37.8153143,-122.5296935,Mixed-Use,4
r0132_c0471,37.818017,-122.368964,Other,9
r0133_c0471,37.8193684,-122.368964,Other,9
r0133_c0472,37.8193684,-122.3672541,Other,8
r0133_c0473,37.8193684,-122.3655442,Industrial,3
r0134_c0471,37.8207197,-122.368964,Other,7
r0134_c0472,37.8207197,-122.3672541,Other,10
r0134_c0473,37.8207197,-122.3655442,Mixed-Use,10
r0134_c0474,37.8207197,-122.3638343,Industrial,5
r0134_c0475,37.8207197,-122.3621244,Industrial,3
r0135_c0474,37.8220711,-122.3638343,Other,7
r0136_c0468,37.8234224,-122.3740936,Residential,5
r0136_c0470,37.8234224,-122.3706739,Other,6
r0136_c0471,37.8234224,-122.368964,Other,4
r0136_c0474,37.8234224,-122.3638343,Other,4
r0137_c0466,37.8247738,-122.3775134,Residential,3
r0137_c0467,37.8247738,-122.3758035,Residential,9
r0137_c0470,37.8247738,-122.3706739,Other,5
r0137_c0471,37.8247738,-122.368964,Other,3
r0137_c0472,37.8247738,-122.3672541,Other,3
r0137_c0473,37.8247738,-122.3655442,Other,7
r0138_c0440,37.8261251,-122.4219705,Commercial,8
r0138_c0466,37.8261251,-122.3775134,Residential,5
r0138_c0467,37.8261251,-122.3758035,Mixed-Use,11
r0138_c0468,37.8261251,-122.3740936,Mixed-Use,3
r0139_c0438,37.8274765,-122.4253903,Industrial,3
r0139_c0439,37.8274765,-122.4236804,Mixed-Use,7
r0139_c0440,37.8274765,-122.4219705,Mixed-Use,5
r0139_c0466,37.8274765,-122.3775134,Residential,7
r0139_c0467,37.8274765,-122.3758035,Residential,6
r0139_c0468,37.8274765,-122.3740936,Mixed-Use,5
r0139_c0471,37.8274765,-122.368964,Other,3
r0139_c0472,37.8274765,-122.3672541,Other,4
r0140_c0466,37.8288278,-122.3775134,Residential,8
r0140_c0467,37.8288278,-122.3758035,Residential,8
r0140_c0468,37.8288278,-122.3740936,Residential,6
r0140_c0469,37.8288278,-122.3723838,Residential,9
r0140_c0471,37.8288278,-122.368964,Other,9
r0140_c0472,37.8288278,-122.3672541,Other,6
r0141_c0466,37.8301792,-122.3775134,Residential,4
r0141_c0467,37.8301792,-122.3758035,Residential,6
r0141_c0468,37.8301792,-122.3740936,Residential,8
r0141_c0469,37.8301792,-122.3723838,Residential,7
r0141_c0470,37.8301792,-122.3706739,Mixed-Use,6
r0142_c0468,37.8315305,-122.3740936,Residential,3
r0142_c0469,37.8315305,-122.3723838,Residential,3
r0142_c0470,37.8315305,-122.3706739,Mixed-Use,7
r0165_c0441,37.8626116,-122.4202606,Mixed-Use,7
