cell_id,cell_lat,cell_lon,zone_type,cell_lot_count
r0009_c0033,40.5609699,-73.9032349,Open Space,3
r0014_c0055,40.5677266,-73.8640108,Residential,5
r0014_c0056,40.5677266,-73.8622279,Residential,10
r0015_c0055,40.569078,-73.8640108,Residential,18
r0015_c0056,40.569078,-73.8622279,Residential,23
r0015_c0057,40.569078,-73.860445,Residential,17
r0015_c0058,40.569078,-73.8586621,Residential,8
r0016_c0054,40.5704293,-73.8657937,Open Space,7
r0016_c0055,40.5704293,-73.8640108,Residential,35
r0016_c0056,40.5704293,-73.8622279,Residential,18
r0016_c0057,40.5704293,-73.860445,Residential,23
r0016_c0058,40.5704293,-73.8586621,Residential,29
r0016_c0059,40.5704293,-73.8568792,Residential,29
r0016_c0060,40.5704293,-73.8550963,Residential,11
r0017_c0054,40.5717807,-73.8657937,Residential,26
r0017_c0055,40.5717807,-73.8640108,Residential,36
r0017_c0056,40.5717807,-73.8622279,Residential,47
r0017_c0057,40.5717807,-73.860445,Residential,25
r0017_c0058,40.5717807,-73.8586621,Residential,21
r0017_c0059,40.5717807,-73.8568792,Residential,35
r0017_c0060,40.5717807,-73.8550963,Residential,41
r0017_c0061,40.5717807,-73.8533134,Residential,33
r0017_c0062,40.5717807,-73.8515304,Residential,11
r0018_c0054,40.573132,-73.8657937,Open Space,12
r0018_c0055,40.573132,-73.8640108,Residential,27
r0018_c0056,40.573132,-73.8622279,Residential,34
r0018_c0057,40.573132,-73.860445,Residential,32
r0018_c0058,40.573132,-73.8586621,Residential,35
r0018_c0059,40.573132,-73.8568792,Residential,33
r0018_c0060,40.573132,-73.8550963,Residential,30
r0018_c0061,40.573132,-73.8533134,Residential,32
r0018_c0062,40.573132,-73.8515304,Residential,38
r0018_c0063,40.573132,-73.8497475,Residential,33
r0018_c0064,40.573132,-73.8479646,Residential,11
r0019_c0055,40.5744834,-73.8640108,Open Space,10
r0019_c0056,40.5744834,-73.8622279,Residential,42
r0019_c0057,40.5744834,-73.860445,Residential,32
r0019_c0058,40.5744834,-73.8586621,Residential,29
r0019_c0059,40.5744834,-73.8568792,Residential,37
r0019_c0060,40.5744834,-73.8550963,Residential,39
r0019_c0061,40.5744834,-73.8533134,Residential,33
r0019_c0062,40.5744834,-73.8515304,Residential,25
r0019_c0063,40.5744834,-73.8497475,Residential,34
r0019_c0064,40.5744834,-73.8479646,Residential,46
r0019_c0065,40.5744834,-73.8461817,Residential,45
r0019_c0066,40.5744834,-73.8443988,Open Space,14
r0020_c0055,40.5758348,-73.8640108,Mixed-Use,3
r0020_c0056,40.5758348,-73.8622279,Residential,19
r0020_c0057,40.5758348,-73.860445,Residential,39
r0020_c0058,40.5758348,-73.8586621,Residential,42
r0020_c0059,40.5758348,-73.8568792,Residential,40
r0020_c0060,40.5758348,-73.8550963,Residential,40
r0020_c0061,40.5758348,-73.8533134,Residential,38
r0020_c0062,40.5758348,-73.8515304,Residential,36
r0020_c0063,40.5758348,-73.8497475,Residential,30
r0020_c0064,40.5758348,-73.8479646,Mixed-Use,23
r0020_c0065,40.5758348,-73.8461817,Residential,45
r0020_c0066,40.5758348,-73.8443988,Residential,41
r0020_c0067,40.5758348,-73.8426159,Residential,28
r0020_c0068,40.5758348,-73.840833,Residential,9
r0021_c0057,40.5771861,-73.860445,Residential,16
r0021_c0058,40.5771861,-73.8586621,Residential,29
r0021_c0059,40.5771861,-73.8568792,Residential,38
r0021_c0060,40.5771861,-73.8550963,Institutional,27
r0021_c0061,40.5771861,-73.8533134,Residential,38
r0021_c0062,40.5771861,-73.8515304,Residential,31
r0021_c0063,40.5771861,-73.8497475,Residential,33
r0021_c0064,40.5771861,-73.8479646,Residential,32
r0021_c0065,40.5771861,-73.8461817,Residential,36
r0021_c0066,40.5771861,-73.8443988,Residential,20
r0021_c0067,40.5771861,-73.8426159,Residential,41
r0021_c0068,40.5771861,-73.840833,Residential,44
r0021_c0069,40.5771861,-73.8390501,Residential,29
r0021_c0070,40.5771861,-73.8372672,Residential,6
r0022_c0059,40.5785375,-73.8568792,Residential,35
r0022_c0060,40.5785375,-73.8550963,Residential,35
r0022_c0061,40.5785375,-73.8533134,Residential,33
r0022_c0062,40.5785375,-73.8515304,Residential,39
r0022_c0063,40.5785375,-73.8497475,Residential,48
r0022_c0064,40.5785375,-73.8479646,Residential,37
r0022_c0065,40.5785375,-73.8461817,Residential,41
r0022_c0066,40.5785375,-73.8443988,Residential,42
r0022_c0067,40.5785375,-73.8426159,Residential,33
r0022_c0068,40.5785375,-73.840833,Residential,26
r0022_c0069,40.5785375,-73.8390501,Residential,46
r0022_c0070,40.5785375,-73.8372672,Residential,35
r0022_c0071,40.5785375,-73.8354842,Institutional,10
r0022_c0072,40.5785375,-73.8337013,Institutional,5
r0023_c0060,40.5798888,-73.8550963,Residential,23
r0023_c0061,40.5798888,-73.8533134,Residential,46
r0023_c0062,40.5798888,-73.8515304,Residential,44
r0023_c0063,40.5798888,-73.8497475,Residential,36
r0023_c0064,40.5798888,-73.8479646,Residential,46
r0023_c0065,40.5798888,-73.8461817,Residential,48
r0023_c0066,40.5798888,-73.8443988,Residential,44
r0023_c0067,40.5798888,-73.8426159,Residential,38
r0023_c0068,40.5798888,-73.840833,Residential,39
r0023_c0069,40.5798888,-73.8390501,Residential,44
r0023_c0070,40.5798888,-73.8372672,Commercial,34
r0023_c0071,40.5798888,-73.8354842,Residential,44
r0023_c0072,40.5798888,-73.8337013,Residential,40
r0023_c0073,40.5798888,-73.8319184,Institutional,7
r0023_c0074,40.5798888,-73.8301355,Institutional,29
r0024_c0061,40.5812402,-73.8533134,Residential,10
r0024_c0062,40.5812402,-73.8515304,Residential,31
r0024_c0063,40.5812402,-73.8497475,Residential,42
r0024_c0064,40.5812402,-73.8479646,Residential,27
r0024_c0065,40.5812402,-73.8461817,Residential,32
r0024_c0066,40.5812402,-73.8443988,Residential,26
r0024_c0067,40.5812402,-73.8426159,Residential,33
r0024_c0068,40.5812402,-73.840833,Residential,28
r0024_c0069,40.5812402,-73.8390501,Residential,29
r0024_c0070,40.5812402,-73.8372672,Commercial,11
r0024_c0071,40.5812402,-73.8354842,Commercial,5
r0024_c0072,40.5812402,-73.8337013,Mixed-Use,15
r0024_c0073,40.5812402,-73.8319184,Institutional,19
r0024_c0074,40.5812402,-73.8301355,Residential,24
r0025_c0063,40.5825915,-73.8497475,Mixed-Use,3
r0025_c0069,40.5825915,-73.8390501,Commercial,4
r0025_c0070,40.5825915,-73.8372672,Commercial,7
r0025_c0071,40.5825915,-73.8354842,Mixed-Use,6
r0025_c0072,40.5825915,-73.8337013,Mixed-Use,3
r0025_c0074,40.5825915,-73.8301355,Mixed-Use,13
r0025_c0075,40.5825915,-73.8283526,Commercial,5
r0025_c0076,40.5825915,-73.8265697,Residential,3
r0025_c0079,40.5825915,-73.8212209,Residential,11
r0025_c0080,40.5825915,-73.819438,Mixed-Use,9
r0026_c0074,40.5839429,-73.8301355,Mixed-Use,5
r0026_c0076,40.5839429,-73.8265697,Mixed-Use,7
r0026_c0077,40.5839429,-73.8247868,Institutional,10
r0026_c0078,40.5839429,-73.8230039,Commercial,18
r0026_c0079,40.5839429,-73.8212209,Institutional,33
r0026_c0080,40.5839429,-73.819438,Residential,56
r0026_c0081,40.5839429,-73.8176551,Residential,56
r0026_c0082,40.5839429,-73.8158722,Residential,11
r0026_c0083,40.5839429,-73.8140893,Residential,12
r0027_c0077,40.5852942,-73.8247868,Residential,17
r0027_c0078,40.5852942,-73.8230039,Residential,76
r0027_c0079,40.5852942,-73.8212209,Residential,28
r0027_c0080,40.5852942,-73.819438,Residential,46
r0027_c0081,40.5852942,-73.8176551,Residential,46
r0027_c0082,40.5852942,-73.8158722,Residential,42
r0027_c0083,40.5852942,-73.8140893,Residential,51
r0027_c0084,40.5852942,-73.8123064,Residential,15
r0028_c0080,40.5866456,-73.819438,Industrial,9
r0028_c0081,40.5866456,-73.8176551,Industrial,5
r0028_c0082,40.5866456,-73.8158722,Mixed-Use,43
r0028_c0083,40.5866456,-73.8140893,Residential,44
r0028_c0086,40.5866456,-73.8087406,Residential,3
r0028_c0090,40.5866456,-73.8016089,Open Space,10
r0028_c0091,40.5866456,-73.799826,Open Space,5
r0029_c0081,40.5879969,-73.8176551,Institutional,9
r0029_c0082,40.5879969,-73.8158722,Residential,62
r0029_c0083,40.5879969,-73.8140893,Residential,49
r0029_c0084,40.5879969,-73.8123064,Mixed-Use,31
r0029_c0088,40.5879969,-73.8051747,Residential,9
r0029_c0089,40.5879969,-73.8033918,Residential,5
r0029_c0090,40.5879969,-73.8016089,Residential,36
r0029_c0091,40.5879969,-73.799826,Mixed-Use,48
r0029_c0092,40.5879969,-73.7980431,Residential,37
r0029_c0093,40.5879969,-73.7962602,Mixed-Use,9
r0029_c0094,40.5879969,-73.7944773,Residential,35
r0029_c0095,40.5879969,-73.7926944,Residential,26
r0030_c0081,40.5893483,-73.8176551,Mixed-Use,8
r0030_c0082,40.5893483,-73.8158722,Mixed-Use,21
r0030_c0083,40.5893483,-73.8140893,Residential,58
r0030_c0084,40.5893483,-73.8123064,Residential,65
r0030_c0085,40.5893483,-73.8105235,Mixed-Use,20
r0030_c0088,40.5893483,-73.8051747,Institutional,27
r0030_c0089,40.5893483,-73.8033918,Residential,84
r0030_c0090,40.5893483,-73.8016089,Institutional,11
r0030_c0091,40.5893483,-73.799826,Residential,27
r0030_c0092,40.5893483,-73.7980431,Residential,20
r0030_c0093,40.5893483,-73.7962602,Mixed-Use,12
r0030_c0094,40.5893483,-73.7944773,Residential,53
r0030_c0095,40.5893483,-73.7926944,Mixed-Use,37
r0030_c0096,40.5893483,-73.7909114,Residential,16
r0030_c0097,40.5893483,-73.7891285,Residential,20
r0031_c0083,40.5906996,-73.8140893,Mixed-Use,4
r0031_c0084,40.5906996,-73.8123064,Mixed-Use,27
r0031_c0085,40.5906996,-73.8105235,Residential,41
r0031_c0086,40.5906996,-73.8087406,Mixed-Use,4
r0031_c0087,40.5906996,-73.8069576,Mixed-Use,6
r0031_c0088,40.5906996,-73.8051747,Mixed-Use,12
r0031_c0089,40.5906996,-73.8033918,Mixed-Use,20
r0031_c0090,40.5906996,-73.8016089,Mixed-Use,19
r0031_c0091,40.5906996,-73.799826,Commercial,10
r0031_c0092,40.5906996,-73.7980431,Residential,16
r0031_c0093,40.5906996,-73.7962602,Commercial,11
r0031_c0094,40.5906996,-73.7944773,Institutional,22
r0031_c0095,40.5906996,-73.7926944,Residential,55
r0031_c0096,40.5906996,-73.7909114,Residential,45
r0031_c0097,40.5906996,-73.7891285,Residential,31
r0032_c0084,40.592051,-73.8123064,Mixed-Use,3
r0032_c0085,40.592051,-73.8105235,Open Space,13
r0032_c0086,40.592051,-73.8087406,Mixed-Use,3
r0032_c0087,40.592051,-73.8069576,Mixed-Use,3
r0032_c0089,40.592051,-73.8033918,Industrial,9
r0032_c0090,40.592051,-73.8016089,Mixed-Use,22
r0032_c0091,40.592051,-73.799826,Mixed-Use,19
r0032_c0092,40.592051,-73.7980431,Residential,47
r0032_c0093,40.592051,-73.7962602,Residential,40
r0032_c0094,40.592051,-73.7944773,Residential,44
r0032_c0095,40.592051,-73.7926944,Institutional,23
r0032_c0096,40.592051,-73.7909114,Mixed-Use,17
r0032_c0097,40.592051,-73.7891285,Mixed-Use,34
r0032_c0098,40.592051,-73.7873456,Mixed-Use,10
r0032_c0100,40.592051,-73.7837798,Mixed-Use,7
r0032_c0101,40.592051,-73.7819969,Open Space,4
r0032_c0105,40.592051,-73.7748652,Open Space,3
r0032_c0114,40.592051,-73.758819,Mixed-Use,3
r0033_c0090,40.5934023,-73.8016089,Mixed-Use,16
r0033_c0091,40.5934023,-73.799826,Residential,52
r0033_c0092,40.5934023,-73.7980431,Residential,42
r0033_c0093,40.5934023,-73.7962602,Mixed-Use,31
r0033_c0094,40.5934023,-73.7944773,Residential,24
r0033_c0095,40.5934023,-73.7926944,Residential,32
r0033_c0098,40.5934023,-73.7873456,Residential,3
r0033_c0100,40.5934023,-73.7837798,Mixed-Use,13
r0033_c0101,40.5934023,-73.7819969,Mixed-Use,6
r0033_c0102,40.5934023,-73.780214,Mixed-Use,9
r0033_c0103,40.5934023,-73.7784311,Mixed-Use,21
r0033_c0104,40.5934023,-73.7766481,Mixed-Use,22
r0033_c0105,40.5934023,-73.7748652,Mixed-Use,26
r0033_c0106,40.5934023,-73.7730823,Mixed-Use,25
r0033_c0107,40.5934023,-73.7712994,Mixed-Use,16
r0033_c0108,40.5934023,-73.7695165,Mixed-Use,3
r0033_c0111,40.5934023,-73.7641678,Residential,16
r0033_c0112,40.5934023,-73.7623848,Mixed-Use,54
r0033_c0113,40.5934023,-73.7606019,Institutional,29
r0033_c0114,40.5934023,-73.758819,Residential,67
r0033_c0115,40.5934023,-73.7570361,Residential,13
r0034_c0089,40.5947537,-73.8033918,Open Space,3
r0034_c0090,40.5947537,-73.8016089,Open Space,29
r0034_c0091,40.5947537,-73.799826,Residential,61
r0034_c0092,40.5947537,-73.7980431,Residential,34
r0034_c0093,40.5947537,-73.7962602,Residential,46
r0034_c0094,40.5947537,-73.7944773,Residential,43
r0034_c0095,40.5947537,-73.7926944,Residential,46
r0034_c0096,40.5947537,-73.7909114,Open Space,7
r0034_c0097,40.5947537,-73.7891285,Open Space,7
r0034_c0100,40.5947537,-73.7837798,Mixed-Use,9
r0034_c0101,40.5947537,-73.7819969,Institutional,3
r0034_c0102,40.5947537,-73.780214,Institutional,4
r0034_c0103,40.5947537,-73.7784311,Residential,51
r0034_c0104,40.5947537,-73.7766481,Residential,56
r0034_c0105,40.5947537,-73.7748652,Residential,60
r0034_c0106,40.5947537,-73.7730823,Residential,55
r0034_c0107,40.5947537,-73.7712994,Residential,59
r0034_c0108,40.5947537,-73.7695165,Mixed-Use,13
r0034_c0109,40.5947537,-73.7677336,Mixed-Use,7
r0034_c0111,40.5947537,-73.7641678,Residential,62
r0034_c0112,40.5947537,-73.7623848,Residential,50
r0034_c0113,40.5947537,-73.7606019,Residential,40
r0034_c0114,40.5947537,-73.758819,Residential,81
r0034_c0115,40.5947537,-73.7570361,Residential,17
r0034_c0117,40.5947537,-73.7534703,Residential,3
r0034_c0123,40.5947537,-73.7427728,Residential,3
r0034_c0124,40.5947537,-73.7409899,Mixed-Use,10
r0034_c0125,40.5947537,-73.739207,Residential,34
r0035_c0088,40.596105,-73.8051747,Mixed-Use,3
r0035_c0089,40.596105,-73.8033918,Open Space,28
r0035_c0090,40.596105,-73.8016089,Residential,55
r0035_c0091,40.596105,-73.799826,Residential,53
r0035_c0092,40.596105,-73.7980431,Residential,44
r0035_c0093,40.596105,-73.7962602,Residential,46
r0035_c0094,40.596105,-73.7944773,Residential,64
r0035_c0095,40.596105,-73.7926944,Residential,47
r0035_c0096,40.596105,-73.7909114,Mixed-Use,10
r0035_c0097,40.596105,-73.7891285,Mixed-Use,3
r0035_c0102,40.596105,-73.780214,Institutional,7
r0035_c0103,40.596105,-73.7784311,Residential,59
r0035_c0104,40.596105,-73.7766481,Residential,49
r0035_c0105,40.596105,-73.7748652,Residential,42
r0035_c0106,40.596105,-73.7730823,Residential,10
r0035_c0107,40.596105,-73.7712994,Residential,20
r0035_c0108,40.596105,-73.7695165,Residential,39
r0035_c0109,40.596105,-73.7677336,Mixed-Use,14
r0035_c0110,40.596105,-73.7659507,Mixed-Use,3
r0035_c0111,40.596105,-73.7641678,Residential,29
r0035_c0112,40.596105,-73.7623848,Residential,38
r0035_c0113,40.596105,-73.7606019,Residential,40
r0035_c0114,40.596105,-73.758819,Residential,46
r0035_c0115,40.596105,-73.7570361,Residential,13
r0035_c0117,40.596105,-73.7534703,Residential,22
r0035_c0119,40.596105,-73.7499045,Residential,3
r0035_c0120,40.596105,-73.7481216,Residential,17
r0035_c0121,40.596105,-73.7463386,Residential,21
r0035_c0122,40.596105,-73.7445557,Residential,8
r0035_c0123,40.596105,-73.7427728,Mixed-Use,10
r0035_c0124,40.596105,-73.7409899,Mixed-Use,24
r0035_c0125,40.596105,-73.739207,Residential,45
r0036_c0080,40.5974564,-73.819438,Mixed-Use,10
r0036_c0088,40.5974564,-73.8051747,Mixed-Use,19
r0036_c0089,40.5974564,-73.8033918,Mixed-Use,33
r0036_c0090,40.5974564,-73.8016089,Residential,42
r0036_c0091,40.5974564,-73.799826,Residential,75
r0036_c0092,40.5974564,-73.7980431,Residential,42
r0036_c0093,40.5974564,-73.7962602,Residential,45
r0036_c0094,40.5974564,-73.7944773,Residential,62
r0036_c0095,40.5974564,-73.7926944,Residential,41
r0036_c0096,40.5974564,-73.7909114,Mixed-Use,11
r0036_c0102,40.5974564,-73.780214,Open Space,4
r0036_c0103,40.5974564,-73.7784311,Residential,42
r0036_c0104,40.5974564,-73.7766481,Residential,74
r0036_c0105,40.5974564,-73.7748652,Residential,52
r0036_c0107,40.5974564,-73.7712994,Residential,16
r0036_c0108,40.5974564,-73.7695165,Residential,43
r0036_c0109,40.5974564,-73.7677336,Residential,15
r0036_c0110,40.5974564,-73.7659507,Commercial,8
r0036_c0111,40.5974564,-73.7641678,Residential,34
r0036_c0112,40.5974564,-73.7623848,Residential,47
r0036_c0113,40.5974564,-73.7606019,Residential,45
r0036_c0114,40.5974564,-73.758819,Residential,49
r0036_c0115,40.5974564,-73.7570361,Residential,25
r0036_c0117,40.5974564,-73.7534703,Institutional,13
r0036_c0118,40.5974564,-73.7516874,Institutional,21
r0036_c0119,40.5974564,-73.7499045,Residential,12
r0036_c0120,40.5974564,-73.7481216,Residential,22
r0036_c0121,40.5974564,-73.7463386,Residential,48
r0036_c0122,40.5974564,-73.7445557,Residential,36
r0036_c0123,40.5974564,-73.7427728,Residential,16
r0036_c0124,40.5974564,-73.7409899,Residential,28
r0036_c0125,40.5974564,-73.739207,Mixed-Use,8
r0037_c0078,40.5988077,-73.8230039,Mixed-Use,4
r0037_c0079,40.5988077,-73.8212209,Mixed-Use,19
r0037_c0080,40.5988077,-73.819438,Residential,38
r0037_c0089,40.5988077,-73.8033918,Mixed-Use,8
r0037_c0090,40.5988077,-73.8016089,Mixed-Use,25
r0037_c0091,40.5988077,-73.799826,Residential,47
r0037_c0092,40.5988077,-73.7980431,Residential,31
r0037_c0093,40.5988077,-73.7962602,Residential,42
r0037_c0094,40.5988077,-73.7944773,Mixed-Use,21
r0037_c0095,40.5988077,-73.7926944,Residential,22
r0037_c0096,40.5988077,-73.7909114,Residential,18
r0037_c0104,40.5988077,-73.7766481,Mixed-Use,62
r0037_c0105,40.5988077,-73.7748652,Mixed-Use,33
r0037_c0110,40.5988077,-73.7659507,Residential,13
r0037_c0111,40.5988077,-73.7641678,Residential,35
r0037_c0112,40.5988077,-73.7623848,Residential,50
r0037_c0113,40.5988077,-73.7606019,Residential,45
r0037_c0114,40.5988077,-73.758819,Residential,35
r0037_c0115,40.5988077,-73.7570361,Residential,34
r0037_c0116,40.5988077,-73.7552532,Residential,20
r0037_c0117,40.5988077,-73.7534703,Institutional,3
r0037_c0118,40.5988077,-73.7516874,Institutional,24
r0037_c0119,40.5988077,-73.7499045,Residential,47
r0037_c0120,40.5988077,-73.7481216,Residential,34
r0037_c0121,40.5988077,-73.7463386,Residential,46
r0037_c0122,40.5988077,-73.7445557,Residential,54
r0037_c0123,40.5988077,-73.7427728,Residential,37
r0037_c0124,40.5988077,-73.7409899,Residential,36
r0037_c0125,40.5988077,-73.739207,Residential,31
r0038_c0077,40.6001591,-73.8247868,Mixed-Use,12
r0038_c0078,40.6001591,-73.8230039,Residential,26
r0038_c0079,40.6001591,-73.8212209,Residential,32
r0038_c0080,40.6001591,-73.819438,Residential,25
r0038_c0104,40.6001591,-73.7766481,Mixed-Use,20
r0038_c0105,40.6001591,-73.7748652,Mixed-Use,27
r0038_c0109,40.6001591,-73.7677336,Residential,14
r0038_c0110,40.6001591,-73.7659507,Residential,52
r0038_c0111,40.6001591,-73.7641678,Residential,36
r0038_c0112,40.6001591,-73.7623848,Residential,47
r0038_c0113,40.6001591,-73.7606019,Residential,37
r0038_c0114,40.6001591,-73.758819,Institutional,31
r0038_c0115,40.6001591,-73.7570361,Residential,28
r0038_c0116,40.6001591,-73.7552532,Residential,28
r0038_c0117,40.6001591,-73.7534703,Mixed-Use,25
r0038_c0118,40.6001591,-73.7516874,Residential,32
r0038_c0119,40.6001591,-73.7499045,Residential,35
r0038_c0120,40.6001591,-73.7481216,Residential,50
r0038_c0121,40.6001591,-73.7463386,Residential,33
r0038_c0122,40.6001591,-73.7445557,Institutional,18
r0038_c0123,40.6001591,-73.7427728,Residential,25
r0038_c0124,40.6001591,-73.7409899,Residential,30
r0038_c0125,40.6001591,-73.739207,Residential,38
r0039_c0078,40.6015104,-73.8230039,Residential,35
r0039_c0079,40.6015104,-73.8212209,Residential,45
r0039_c0080,40.6015104,-73.819438,Mixed-Use,25
r0039_c0105,40.6015104,-73.7748652,Residential,15
r0039_c0109,40.6015104,-73.7677336,Residential,49
r0039_c0110,40.6015104,-73.7659507,Residential,28
r0039_c0111,40.6015104,-73.7641678,Institutional,3
r0039_c0112,40.6015104,-73.7623848,Residential,34
r0039_c0113,40.6015104,-73.7606019,Residential,22
r0039_c0114,40.6015104,-73.758819,Residential,41
r0039_c0115,40.6015104,-73.7570361,Residential,38
r0039_c0116,40.6015104,-73.7552532,Residential,16
r0039_c0117,40.6015104,-73.7534703,Mixed-Use,22
r0039_c0118,40.6015104,-73.7516874,Mixed-Use,26
r0039_c0119,40.6015104,-73.7499045,Residential,14
r0039_c0120,40.6015104,-73.7481216,Residential,31
r0039_c0121,40.6015104,-73.7463386,Residential,24
r0039_c0122,40.6015104,-73.7445557,Residential,30
r0039_c0123,40.6015104,-73.7427728,Residential,36
r0039_c0124,40.6015104,-73.7409899,Residential,18
r0039_c0125,40.6015104,-73.739207,Residential,30
r0040_c0078,40.6028618,-73.8230039,Mixed-Use,29
r0040_c0079,40.6028618,-73.8212209,Residential,69
r0040_c0080,40.6028618,-73.819438,Residential,24
r0040_c0081,40.6028618,-73.8176551,Residential,4
r0040_c0108,40.6028618,-73.7695165,Residential,22
r0040_c0109,40.6028618,-73.7677336,Residential,33
r0040_c0110,40.6028618,-73.7659507,Residential,32
r0040_c0111,40.6028618,-73.7641678,Residential,27
r0040_c0112,40.6028618,-73.7623848,Residential,22
r0040_c0113,40.6028618,-73.7606019,Residential,33
r0040_c0114,40.6028618,-73.758819,Residential,37
r0040_c0115,40.6028618,-73.7570361,Residential,38
r0040_c0116,40.6028618,-73.7552532,Residential,27
r0040_c0117,40.6028618,-73.7534703,Commercial,21
r0040_c0118,40.6028618,-73.7516874,Mixed-Use,22
r0040_c0119,40.6028618,-73.7499045,Mixed-Use,17
r0040_c0120,40.6028618,-73.7481216,Residential,23
r0040_c0121,40.6028618,-73.7463386,Residential,24
r0040_c0122,40.6028618,-73.7445557,Residential,35
r0040_c0123,40.6028618,-73.7427728,Residential,32
r0040_c0124,40.6028618,-73.7409899,Residential,25
r0040_c0125,40.6028618,-73.739207,Residential,17
r0041_c0078,40.6042131,-73.8230039,Residential,23
r0041_c0079,40.6042131,-73.8212209,Residential,71
r0041_c0080,40.6042131,-73.819438,Residential,40
r0041_c0081,40.6042131,-73.8176551,Mixed-Use,10
r0041_c0108,40.6042131,-73.7695165,Residential,20
r0041_c0109,40.6042131,-73.7677336,Residential,31
r0041_c0110,40.6042131,-73.7659507,Residential,19
r0041_c0111,40.6042131,-73.7641678,Residential,18
r0041_c0112,40.6042131,-73.7623848,Residential,17
r0041_c0113,40.6042131,-73.7606019,Residential,20
r0041_c0114,40.6042131,-73.758819,Residential,51
r0041_c0115,40.6042131,-73.7570361,Residential,43
r0041_c0116,40.6042131,-73.7552532,Mixed-Use,36
r0041_c0117,40.6042131,-73.7534703,Mixed-Use,13
r0041_c0118,40.6042131,-73.7516874,Mixed-Use,12
r0041_c0119,40.6042131,-73.7499045,Institutional,11
r0041_c0120,40.6042131,-73.7481216,Residential,25
r0041_c0121,40.6042131,-73.7463386,Residential,40
r0041_c0122,40.6042131,-73.7445557,Residential,37
r0041_c0123,40.6042131,-73.7427728,Residential,29
r0041_c0124,40.6042131,-73.7409899,Residential,23
r0041_c0125,40.6042131,-73.739207,Residential,6
r0042_c0078,40.6055645,-73.8230039,Mixed-Use,12
r0042_c0079,40.6055645,-73.8212209,Residential,72
r0042_c0080,40.6055645,-73.819438,Residential,49
r0042_c0081,40.6055645,-73.8176551,Mixed-Use,8
r0042_c0082,40.6055645,-73.8158722,Residential,10
r0042_c0108,40.6055645,-73.7695165,Residential,24
r0042_c0109,40.6055645,-73.7677336,Residential,22
r0042_c0110,40.6055645,-73.7659507,Residential,25
r0042_c0111,40.6055645,-73.7641678,Residential,21
r0042_c0112,40.6055645,-73.7623848,Residential,22
r0042_c0113,40.6055645,-73.7606019,Residential,31
r0042_c0114,40.6055645,-73.758819,Residential,36
r0042_c0115,40.6055645,-73.7570361,Residential,33
r0042_c0116,40.6055645,-73.7552532,Commercial,21
r0042_c0117,40.6055645,-73.7534703,Mixed-Use,8
r0042_c0118,40.6055645,-73.7516874,Institutional,19
r0042_c0119,40.6055645,-73.7499045,Residential,34
r0042_c0120,40.6055645,-73.7481216,Residential,36
r0042_c0121,40.6055645,-73.7463386,Residential,35
r0042_c0122,40.6055645,-73.7445557,Residential,35
r0042_c0123,40.6055645,-73.7427728,Residential,27
r0042_c0124,40.6055645,-73.7409899,Residential,6
r0043_c0079,40.6069158,-73.8212209,Residential,29
r0043_c0080,40.6069158,-73.819438,Residential,56
r0043_c0081,40.6069158,-73.8176551,Residential,55
r0043_c0082,40.6069158,-73.8158722,Residential,29
r0043_c0108,40.6069158,-73.7695165,Residential,21
r0043_c0109,40.6069158,-73.7677336,Residential,31
r0043_c0110,40.6069158,-73.7659507,Residential,21
r0043_c0111,40.6069158,-73.7641678,Residential,26
r0043_c0112,40.6069158,-73.7623848,Residential,35
r0043_c0113,40.6069158,-73.7606019,Residential,15
r0043_c0114,40.6069158,-73.758819,Residential,43
r0043_c0115,40.6069158,-73.7570361,Residential,38
r0043_c0116,40.6069158,-73.7552532,Residential,40
r0043_c0117,40.6069158,-73.7534703,Residential,30
r0043_c0118,40.6069158,-73.7516874,Residential,14
r0043_c0119,40.6069158,-73.7499045,Residential,32
r0043_c0120,40.6069158,-73.7481216,Residential,19
r0043_c0121,40.6069158,-73.7463386,Residential,29
r0043_c0122,40.6069158,-73.7445557,Institutional,17
r0043_c0123,40.6069158,-73.7427728,Residential,14
r0044_c0079,40.6082672,-73.8212209,Residential,8
r0044_c0080,40.6082672,-73.819438,Residential,40
r0044_c0081,40.6082672,-73.8176551,Residential,69
r0044_c0082,40.6082672,-73.8158722,Mixed-Use,15
r0044_c0108,40.6082672,-73.7695165,Mixed-Use,30
r0044_c0109,40.6082672,-73.7677336,Residential,29
r0044_c0110,40.6082672,-73.7659507,Residential,15
r0044_c0111,40.6082672,-73.7641678,Institutional,11
r0044_c0112,40.6082672,-73.7623848,Residential,4
r0044_c0113,40.6082672,-73.7606019,Residential,31
r0044_c0114,40.6082672,-73.758819,Residential,39
r0044_c0115,40.6082672,-73.7570361,Residential,50
r0044_c0116,40.6082672,-73.7552532,Residential,47
r0044_c0117,40.6082672,-73.7534703,Residential,33
r0044_c0118,40.6082672,-73.7516874,Industrial,6
r0044_c0119,40.6082672,-73.7499045,Residential,39
r0044_c0120,40.6082672,-73.7481216,Residential,25
r0044_c0121,40.6082672,-73.7463386,Residential,22
r0044_c0122,40.6082672,-73.7445557,Residential,28
r0044_c0123,40.6082672,-73.7427728,Residential,9
r0045_c0080,40.6096185,-73.819438,Residential,25
r0045_c0081,40.6096185,-73.8176551,Residential,29
r0045_c0108,40.6096185,-73.7695165,Residential,11
r0045_c0109,40.6096185,-73.7677336,Residential,24
r0045_c0110,40.6096185,-73.7659507,Residential,29
r0045_c0111,40.6096185,-73.7641678,Residential,31
r0045_c0114,40.6096185,-73.758819,Residential,52
r0045_c0115,40.6096185,-73.7570361,Residential,40
r0045_c0116,40.6096185,-73.7552532,Residential,27
r0045_c0117,40.6096185,-73.7534703,Commercial,9
r0045_c0119,40.6096185,-73.7499045,Mixed-Use,13
r0045_c0120,40.6096185,-73.7481216,Residential,22
r0045_c0121,40.6096185,-73.7463386,Institutional,12
r0045_c0122,40.6096185,-73.7445557,Residential,13
r0046_c0080,40.6109699,-73.819438,Mixed-Use,23
r0046_c0081,40.6109699,-73.8176551,Mixed-Use,11
r0046_c0106,40.6109699,-73.7730823,Mixed-Use,3
r0046_c0107,40.6109699,-73.7712994,Residential,29
r0046_c0108,40.6109699,-73.7695165,Residential,27
r0046_c0109,40.6109699,-73.7677336,Residential,29
r0046_c0110,40.6109699,-73.7659507,Residential,32
r0046_c0111,40.6109699,-73.7641678,Residential,24
r0046_c0112,40.6109699,-73.7623848,Mixed-Use,5
r0046_c0120,40.6109699,-73.7481216,Industrial,19
r0046_c0121,40.6109699,-73.7463386,Residential,20
r0046_c0122,40.6109699,-73.7445557,Residential,14
r0047_c0079,40.6123212,-73.8212209,Mixed-Use,10
r0047_c0080,40.6123212,-73.819438,Residential,26
r0047_c0107,40.6123212,-73.7712994,Residential,29
r0047_c0108,40.6123212,-73.7695165,Residential,21
r0047_c0109,40.6123212,-73.7677336,Residential,36
r0047_c0110,40.6123212,-73.7659507,Open Space,26
r0047_c0120,40.6123212,-73.7481216,Residential,12
r0047_c0121,40.6123212,-73.7463386,Residential,3
r0048_c0078,40.6136726,-73.8230039,Open Space,5
r0048_c0079,40.6136726,-73.8212209,Open Space,6
r0048_c0080,40.6136726,-73.819438,Residential,5
r0048_c0108,40.6136726,-73.7695165,Open Space,9
r0048_c0109,40.6136726,-73.7677336,Open Space,14
r0048_c0110,40.6136726,-73.7659507,Open Space,11
r0049_c0079,40.6150239,-73.8212209,Mixed-Use,5
r0050_c0079,40.6163753,-73.8212209,Open Space,5
r0064_c0123,40.6352942,-73.7427728,Residential,7
r0064_c0124,40.6352942,-73.7409899,Mixed-Use,21
r0065_c0121,40.6366456,-73.7463386,Residential,17
r0065_c0124,40.6366456,-73.7409899,Mixed-Use,15
r0066_c0121,40.6379969,-73.7463386,Residential,23
r0066_c0122,40.6379969,-73.7445557,Mixed-Use,22
r0066_c0123,40.6379969,-73.7427728,Mixed-Use,3
r0067_c0122,40.6393483,-73.7445557,Mixed-Use,5
r0067_c0123,40.6393483,-73.7427728,Commercial,4
r0069_c0123,40.642051,-73.7427728,Mixed-Use,9
r0070_c0122,40.6434023,-73.7445557,Mixed-Use,6
r0070_c0123,40.6434023,-73.7427728,Mixed-Use,7
r0071_c0122,40.6447537,-73.7445557,Mixed-Use,12
r0071_c0123,40.6447537,-73.7427728,Mixed-Use,10
r0072_c0122,40.646105,-73.7445557,Mixed-Use,13
r0072_c0123,40.646105,-73.7427728,Mixed-Use,10
r0072_c0124,40.646105,-73.7409899,Open Space,9
r0073_c0065,40.6474564,-73.8461817,Residential,6
r0073_c0122,40.6474564,-73.7445557,Mixed-Use,3
r0074_c0065,40.6488077,-73.8461817,Residential,36
r0074_c0066,40.6488077,-73.8443988,Residential,35
r0074_c0067,40.6488077,-73.8426159,Residential,31
r0074_c0068,40.6488077,-73.840833,Residential,27
r0074_c0069,40.6488077,-73.8390501,Residential,15
r0074_c0070,40.6488077,-73.8372672,Commercial,3
r0075_c0064,40.6501591,-73.8479646,Residential,4
r0075_c0065,40.6501591,-73.8461817,Residential,34
r0075_c0066,40.6501591,-73.8443988,Residential,39
r0075_c0067,40.6501591,-73.8426159,Residential,38
r0075_c0068,40.6501591,-73.840833,Residential,39
r0075_c0069,40.6501591,-73.8390501,Residential,36
r0075_c0070,40.6501591,-73.8372672,Commercial,8
r0075_c0071,40.6501591,-73.8354842,Residential,46
r0075_c0072,40.6501591,-73.8337013,Residential,46
r0075_c0073,40.6501591,-73.8319184,Residential,23
r0075_c0074,40.6501591,-73.8301355,Residential,8
r0075_c0075,40.6501591,-73.8283526,Residential,38
r0075_c0076,40.6501591,-73.8265697,Mixed-Use,4
r0075_c0126,40.6501591,-73.7374241,Residential,17
r0075_c0127,40.6501591,-73.7356412,Residential,39
r0075_c0128,40.6501591,-73.7338583,Residential,34
r0075_c0129,40.6501591,-73.7320753,Residential,23
r0075_c0130,40.6501591,-73.7302924,Residential,7
r0076_c0064,40.6515104,-73.8479646,Residential,15
r0076_c0065,40.6515104,-73.8461817,Residential,33
r0076_c0066,40.6515104,-73.8443988,Residential,35
r0076_c0067,40.6515104,-73.8426159,Residential,37
r0076_c0068,40.6515104,-73.840833,Residential,51
r0076_c0069,40.6515104,-73.8390501,Residential,40
r0076_c0070,40.6515104,-73.8372672,Commercial,14
r0076_c0071,40.6515104,-73.8354842,Residential,39
r0076_c0072,40.6515104,-73.8337013,Residential,37
r0076_c0073,40.6515104,-73.8319184,Residential,28
r0076_c0074,40.6515104,-73.8301355,Residential,72
r0076_c0075,40.6515104,-73.8283526,Residential,89
r0076_c0076,40.6515104,-73.8265697,Mixed-Use,3
r0076_c0126,40.6515104,-73.7374241,Residential,38
r0076_c0127,40.6515104,-73.7356412,Residential,53
r0076_c0128,40.6515104,-73.7338583,Residential,55
r0076_c0129,40.6515104,-73.7320753,Residential,52
r0076_c0130,40.6515104,-73.7302924,Residential,20
r0076_c0131,40.6515104,-73.7285095,Residential,30
r0076_c0132,40.6515104,-73.7267266,Residential,9
r0077_c0064,40.6528618,-73.8479646,Residential,20
r0077_c0065,40.6528618,-73.8461817,Residential,35
r0077_c0066,40.6528618,-73.8443988,Residential,36
r0077_c0067,40.6528618,-73.8426159,Residential,36
r0077_c0068,40.6528618,-73.840833,Residential,37
r0077_c0069,40.6528618,-73.8390501,Mixed-Use,21
r0077_c0070,40.6528618,-73.8372672,Residential,11
r0077_c0071,40.6528618,-73.8354842,Residential,39
r0077_c0072,40.6528618,-73.8337013,Residential,39
r0077_c0073,40.6528618,-73.8319184,Residential,32
r0077_c0074,40.6528618,-73.8301355,Residential,85
r0077_c0075,40.6528618,-73.8283526,Residential,71
r0077_c0120,40.6528618,-73.7481216,Mixed-Use,11
r0077_c0121,40.6528618,-73.7463386,Residential,34
r0077_c0122,40.6528618,-73.7445557,Residential,45
r0077_c0123,40.6528618,-73.7427728,Residential,42
r0077_c0124,40.6528618,-73.7409899,Residential,39
r0077_c0125,40.6528618,-73.739207,Residential,25
r0077_c0126,40.6528618,-73.7374241,Residential,37
r0077_c0127,40.6528618,-73.7356412,Institutional,26
r0077_c0128,40.6528618,-73.7338583,Residential,53
r0077_c0129,40.6528618,-73.7320753,Residential,63
r0077_c0130,40.6528618,-73.7302924,Residential,55
r0077_c0131,40.6528618,-73.7285095,Residential,57
r0077_c0132,40.6528618,-73.7267266,Residential,48
r0077_c0133,40.6528618,-73.7249437,Residential,26
r0078_c0061,40.6542131,-73.8533134,Residential,16
r0078_c0062,40.6542131,-73.8515304,Residential,26
r0078_c0063,40.6542131,-73.8497475,Residential,13
r0078_c0064,40.6542131,-73.8479646,Residential,25
r0078_c0065,40.6542131,-73.8461817,Residential,40
r0078_c0066,40.6542131,-73.8443988,Residential,48
r0078_c0067,40.6542131,-73.8426159,Residential,43
r0078_c0068,40.6542131,-73.840833,Residential,36
r0078_c0069,40.6542131,-73.8390501,Commercial,15
r0078_c0070,40.6542131,-73.8372672,Residential,17
r0078_c0071,40.6542131,-73.8354842,Residential,43
r0078_c0072,40.6542131,-73.8337013,Residential,43
r0078_c0073,40.6542131,-73.8319184,Residential,40
r0078_c0074,40.6542131,-73.8301355,Residential,64
r0078_c0075,40.6542131,-73.8283526,Residential,35
r0078_c0111,40.6542131,-73.7641678,Mixed-Use,7
r0078_c0118,40.6542131,-73.7516874,Residential,9
r0078_c0120,40.6542131,-73.7481216,Residential,20
r0078_c0121,40.6542131,-73.7463386,Residential,41
r0078_c0122,40.6542131,-73.7445557,Residential,38
r0078_c0123,40.6542131,-73.7427728,Residential,34
r0078_c0124,40.6542131,-73.7409899,Residential,40
r0078_c0125,40.6542131,-73.739207,Residential,44
r0078_c0126,40.6542131,-73.7374241,Residential,45
r0078_c0127,40.6542131,-73.7356412,Residential,44
r0078_c0128,40.6542131,-73.7338583,Residential,40
r0078_c0129,40.6542131,-73.7320753,Residential,40
r0078_c0130,40.6542131,-73.7302924,Residential,42
r0078_c0131,40.6542131,-73.7285095,Residential,49
r0078_c0132,40.6542131,-73.7267266,Residential,38
r0078_c0133,40.6542131,-73.7249437,Residential,17
r0079_c0061,40.6555645,-73.8533134,Residential,23
r0079_c0062,40.6555645,-73.8515304,Residential,37
r0079_c0063,40.6555645,-73.8497475,Residential,40
r0079_c0064,40.6555645,-73.8479646,Residential,39
r0079_c0065,40.6555645,-73.8461817,Residential,49
r0079_c0066,40.6555645,-73.8443988,Residential,42
r0079_c0067,40.6555645,-73.8426159,Residential,41
r0079_c0068,40.6555645,-73.840833,Residential,41
r0079_c0069,40.6555645,-73.8390501,Commercial,15
r0079_c0070,40.6555645,-73.8372672,Residential,23
r0079_c0071,40.6555645,-73.8354842,Residential,46
r0079_c0072,40.6555645,-73.8337013,Residential,45
r0079_c0073,40.6555645,-73.8319184,Residential,51
r0079_c0074,40.6555645,-73.8301355,Mixed-Use,53
r0079_c0075,40.6555645,-73.8283526,Residential,24
r0079_c0110,40.6555645,-73.7659507,Mixed-Use,12
r0079_c0111,40.6555645,-73.7641678,Mixed-Use,26
r0079_c0112,40.6555645,-73.7623848,Mixed-Use,5
r0079_c0117,40.6555645,-73.7534703,Institutional,4
r0079_c0118,40.6555645,-73.7516874,Residential,40
r0079_c0119,40.6555645,-73.7499045,Residential,8
r0079_c0121,40.6555645,-73.7463386,Residential,54
r0079_c0122,40.6555645,-73.7445557,Residential,44
r0079_c0123,40.6555645,-73.7427728,Residential,41
r0079_c0124,40.6555645,-73.7409899,Residential,41
r0079_c0125,40.6555645,-73.739207,Residential,36
r0079_c0126,40.6555645,-73.7374241,Institutional,30
r0079_c0127,40.6555645,-73.7356412,Residential,55
r0079_c0128,40.6555645,-73.7338583,Residential,39
r0079_c0129,40.6555645,-73.7320753,Residential,41
r0079_c0130,40.6555645,-73.7302924,Residential,45
r0079_c0131,40.6555645,-73.7285095,Residential,49
r0079_c0132,40.6555645,-73.7267266,Residential,29
r0079_c0133,40.6555645,-73.7249437,Residential,7
r0080_c0057,40.6569158,-73.860445,Open Space,4
r0080_c0058,40.6569158,-73.8586621,Open Space,7
r0080_c0061,40.6569158,-73.8533134,Residential,31
r0080_c0062,40.6569158,-73.8515304,Residential,37
r0080_c0063,40.6569158,-73.8497475,Residential,38
r0080_c0064,40.6569158,-73.8479646,Residential,33
r0080_c0065,40.6569158,-73.8461817,Residential,38
r0080_c0066,40.6569158,-73.8443988,Residential,28
r0080_c0067,40.6569158,-73.8426159,Residential,39
r0080_c0068,40.6569158,-73.840833,Residential,32
r0080_c0069,40.6569158,-73.8390501,Commercial,5
r0080_c0070,40.6569158,-73.8372672,Residential,33
r0080_c0071,40.6569158,-73.8354842,Residential,44
r0080_c0072,40.6569158,-73.8337013,Residential,37
r0080_c0073,40.6569158,-73.8319184,Mixed-Use,43
r0080_c0074,40.6569158,-73.8301355,Mixed-Use,39
r0080_c0075,40.6569158,-73.8283526,Mixed-Use,7
r0080_c0109,40.6569158,-73.7677336,Industrial,17
r0080_c0110,40.6569158,-73.7659507,Industrial,7
r0080_c0111,40.6569158,-73.7641678,Mixed-Use,9
r0080_c0112,40.6569158,-73.7623848,Industrial,5
r0080_c0115,40.6569158,-73.7570361,Residential,9
r0080_c0116,40.6569158,-73.7552532,Mixed-Use,14
r0080_c0117,40.6569158,-73.7534703,Residential,37
r0080_c0118,40.6569158,-73.7516874,Residential,47
r0080_c0119,40.6569158,-73.7499045,Residential,42
r0080_c0120,40.6569158,-73.7481216,Residential,7
r0080_c0121,40.6569158,-73.7463386,Residential,26
r0080_c0122,40.6569158,-73.7445557,Residential,42
r0080_c0123,40.6569158,-73.7427728,Residential,38
r0080_c0124,40.6569158,-73.7409899,Residential,33
r0080_c0125,40.6569158,-73.739207,Residential,37
r0080_c0126,40.6569158,-73.7374241,Residential,36
r0080_c0127,40.6569158,-73.7356412,Residential,47
r0080_c0128,40.6569158,-73.7338583,Residential,45
r0080_c0129,40.6569158,-73.7320753,Residential,38
r0080_c0130,40.6569158,-73.7302924,Residential,32
r0080_c0131,40.6569158,-73.7285095,Residential,35
r0080_c0132,40.6569158,-73.7267266,Industrial,20
r0081_c0057,40.6582672,-73.860445,Open Space,15
r0081_c0058,40.6582672,-73.8586621,Open Space,3
r0081_c0059,40.6582672,-73.8568792,Open Space,5
r0081_c0061,40.6582672,-73.8533134,Residential,45
r0081_c0062,40.6582672,-73.8515304,Residential,39
r0081_c0063,40.6582672,-73.8497475,Residential,32
r0081_c0064,40.6582672,-73.8479646,Residential,31
r0081_c0065,40.6582672,-73.8461817,Residential,33
r0081_c0066,40.6582672,-73.8443988,Institutional,22
r0081_c0067,40.6582672,-73.8426159,Residential,40
r0081_c0068,40.6582672,-73.840833,Residential,35
r0081_c0069,40.6582672,-73.8390501,Commercial,5
r0081_c0070,40.6582672,-73.8372672,Residential,44
r0081_c0071,40.6582672,-73.8354842,Residential,41
r0081_c0072,40.6582672,-73.8337013,Residential,34
r0081_c0073,40.6582672,-73.8319184,Residential,22
r0081_c0074,40.6582672,-73.8301355,Mixed-Use,65
r0081_c0108,40.6582672,-73.7695165,Institutional,5
r0081_c0109,40.6582672,-73.7677336,Industrial,13
r0081_c0110,40.6582672,-73.7659507,Industrial,10
r0081_c0113,40.6582672,-73.7606019,Residential,19
r0081_c0114,40.6582672,-73.758819,Residential,38
r0081_c0115,40.6582672,-73.7570361,Residential,36
r0081_c0116,40.6582672,-73.7552532,Residential,38
r0081_c0117,40.6582672,-73.7534703,Residential,37
r0081_c0118,40.6582672,-73.7516874,Residential,38
r0081_c0119,40.6582672,-73.7499045,Residential,35
r0081_c0120,40.6582672,-73.7481216,Residential,19
r0081_c0122,40.6582672,-73.7445557,Residential,30
r0081_c0123,40.6582672,-73.7427728,Residential,43
r0081_c0124,40.6582672,-73.7409899,Residential,39
r0081_c0125,40.6582672,-73.739207,Residential,54
r0081_c0126,40.6582672,-73.7374241,Residential,40
r0081_c0127,40.6582672,-73.7356412,Residential,51
r0081_c0128,40.6582672,-73.7338583,Residential,46
r0081_c0129,40.6582672,-73.7320753,Residential,43
r0081_c0130,40.6582672,-73.7302924,Residential,47
r0081_c0131,40.6582672,-73.7285095,Residential,35
r0081_c0132,40.6582672,-73.7267266,Residential,23
r0082_c0058,40.6596185,-73.8586621,Open Space,5
r0082_c0059,40.6596185,-73.8568792,Open Space,5
r0082_c0060,40.6596185,-73.8550963,Open Space,3
r0082_c0061,40.6596185,-73.8533134,Residential,7
r0082_c0062,40.6596185,-73.8515304,Residential,33
r0082_c0063,40.6596185,-73.8497475,Residential,34
r0082_c0064,40.6596185,-73.8479646,Residential,29
r0082_c0065,40.6596185,-73.8461817,Residential,31
r0082_c0066,40.6596185,-73.8443988,Residential,32
r0082_c0067,40.6596185,-73.8426159,Residential,40
r0082_c0068,40.6596185,-73.840833,Residential,30
r0082_c0069,40.6596185,-73.8390501,Residential,12
r0082_c0070,40.6596185,-73.8372672,Residential,40
r0082_c0071,40.6596185,-73.8354842,Residential,37
r0082_c0072,40.6596185,-73.8337013,Residential,41
r0082_c0073,40.6596185,-73.8319184,Residential,44
r0082_c0074,40.6596185,-73.8301355,Mixed-Use,37
r0082_c0106,40.6596185,-73.7730823,Industrial,10
r0082_c0107,40.6596185,-73.7712994,Industrial,7
r0082_c0108,40.6596185,-73.7695165,Industrial,12
r0082_c0109,40.6596185,-73.7677336,Industrial,11
r0082_c0110,40.6596185,-73.7659507,Industrial,18
r0082_c0111,40.6596185,-73.7641678,Industrial,19
r0082_c0113,40.6596185,-73.7606019,Industrial,20
r0082_c0114,40.6596185,-73.758819,Residential,44
r0082_c0115,40.6596185,-73.7570361,Residential,45
r0082_c0116,40.6596185,-73.7552532,Residential,42
r0082_c0117,40.6596185,-73.7534703,Residential,25
r0082_c0118,40.6596185,-73.7516874,Residential,45
r0082_c0119,40.6596185,-73.7499045,Residential,37
r0082_c0120,40.6596185,-73.7481216,Residential,37
r0082_c0121,40.6596185,-73.7463386,Mixed-Use,8
r0082_c0123,40.6596185,-73.7427728,Residential,40
r0082_c0124,40.6596185,-73.7409899,Residential,54
r0082_c0125,40.6596185,-73.739207,Residential,43
r0082_c0126,40.6596185,-73.7374241,Residential,44
r0082_c0127,40.6596185,-73.7356412,Residential,36
r0082_c0128,40.6596185,-73.7338583,Residential,27
r0082_c0129,40.6596185,-73.7320753,Residential,35
r0082_c0130,40.6596185,-73.7302924,Residential,42
r0082_c0131,40.6596185,-73.7285095,Residential,40
r0082_c0132,40.6596185,-73.7267266,Residential,21
r0083_c0059,40.6609699,-73.8568792,Residential,60
r0083_c0062,40.6609699,-73.8515304,Residential,8
r0083_c0063,40.6609699,-73.8497475,Institutional,16
r0083_c0064,40.6609699,-73.8479646,Residential,32
r0083_c0065,40.6609699,-73.8461817,Residential,38
r0083_c0066,40.6609699,-73.8443988,Residential,35
r0083_c0067,40.6609699,-73.8426159,Residential,27
r0083_c0068,40.6609699,-73.840833,Residential,20
r0083_c0069,40.6609699,-73.8390501,Residential,16
r0083_c0070,40.6609699,-73.8372672,Residential,46
r0083_c0071,40.6609699,-73.8354842,Residential,28
r0083_c0072,40.6609699,-73.8337013,Institutional,25
r0083_c0073,40.6609699,-73.8319184,Residential,45
r0083_c0074,40.6609699,-73.8301355,Mixed-Use,7
r0083_c0106,40.6609699,-73.7730823,Mixed-Use,5
r0083_c0107,40.6609699,-73.7712994,Industrial,16
r0083_c0108,40.6609699,-73.7695165,Residential,31
r0083_c0109,40.6609699,-73.7677336,Institutional,20
r0083_c0110,40.6609699,-73.7659507,Residential,39
r0083_c0111,40.6609699,-73.7641678,Residential,45
r0083_c0112,40.6609699,-73.7623848,Open Space,6
r0083_c0113,40.6609699,-73.7606019,Residential,29
r0083_c0114,40.6609699,-73.758819,Residential,43
r0083_c0115,40.6609699,-73.7570361,Residential,54
r0083_c0116,40.6609699,-73.7552532,Residential,68
r0083_c0117,40.6609699,-73.7534703,Industrial,9
r0083_c0118,40.6609699,-73.7516874,Residential,37
r0083_c0119,40.6609699,-73.7499045,Residential,44
r0083_c0120,40.6609699,-73.7481216,Residential,41
r0083_c0121,40.6609699,-73.7463386,Residential,9
r0083_c0123,40.6609699,-73.7427728,Residential,12
r0083_c0124,40.6609699,-73.7409899,Residential,53
r0083_c0125,40.6609699,-73.739207,Residential,41
r0083_c0126,40.6609699,-73.7374241,Residential,43
r0083_c0127,40.6609699,-73.7356412,Residential,41
r0083_c0128,40.6609699,-73.7338583,Residential,37
r0083_c0129,40.6609699,-73.7320753,Residential,35
r0083_c0130,40.6609699,-73.7302924,Residential,40
r0083_c0131,40.6609699,-73.7285095,Residential,33
r0083_c0132,40.6609699,-73.7267266,Residential,3
r0084_c0058,40.6623212,-73.8586621,Open Space,4
r0084_c0059,40.6623212,-73.8568792,Open Space,33
r0084_c0060,40.6623212,-73.8550963,Residential,31
r0084_c0061,40.6623212,-73.8533134,Residential,7
r0084_c0064,40.6623212,-73.8479646,Residential,27
r0084_c0065,40.6623212,-73.8461817,Residential,33
r0084_c0066,40.6623212,-73.8443988,Residential,30
r0084_c0067,40.6623212,-73.8426159,Residential,38
r0084_c0068,40.6623212,-73.840833,Commercial,11
r0084_c0069,40.6623212,-73.8390501,Residential,18
r0084_c0070,40.6623212,-73.8372672,Residential,43
r0084_c0071,40.6623212,-73.8354842,Residential,49
r0084_c0072,40.6623212,-73.8337013,Residential,39
r0084_c0073,40.6623212,-73.8319184,Residential,40
r0084_c0104,40.6623212,-73.7766481,Industrial,4
r0084_c0105,40.6623212,-73.7748652,Mixed-Use,21
r0084_c0106,40.6623212,-73.7730823,Residential,28
r0084_c0107,40.6623212,-73.7712994,Residential,43
r0084_c0108,40.6623212,-73.7695165,Residential,38
r0084_c0109,40.6623212,-73.7677336,Residential,37
r0084_c0110,40.6623212,-73.7659507,Residential,46
r0084_c0111,40.6623212,-73.7641678,Residential,44
r0084_c0112,40.6623212,-73.7623848,Open Space,25
r0084_c0113,40.6623212,-73.7606019,Residential,4
r0084_c0114,40.6623212,-73.758819,Residential,51
r0084_c0115,40.6623212,-73.7570361,Residential,47
r0084_c0116,40.6623212,-73.7552532,Residential,47
r0084_c0117,40.6623212,-73.7534703,Residential,49
r0084_c0118,40.6623212,-73.7516874,Residential,31
r0084_c0119,40.6623212,-73.7499045,Residential,43
r0084_c0120,40.6623212,-73.7481216,Residential,40
r0084_c0121,40.6623212,-73.7463386,Residential,28
r0084_c0124,40.6623212,-73.7409899,Residential,39
r0084_c0125,40.6623212,-73.739207,Residential,49
r0084_c0126,40.6623212,-73.7374241,Residential,40
r0084_c0127,40.6623212,-73.7356412,Residential,33
r0084_c0128,40.6623212,-73.7338583,Residential,42
r0084_c0129,40.6623212,-73.7320753,Residential,36
r0084_c0130,40.6623212,-73.7302924,Residential,35
r0084_c0131,40.6623212,-73.7285095,Residential,27
r0085_c0059,40.6636726,-73.8568792,Mixed-Use,16
r0085_c0060,40.6636726,-73.8550963,Residential,36
r0085_c0061,40.6636726,-73.8533134,Residential,3
r0085_c0065,40.6636726,-73.8461817,Residential,13
r0085_c0066,40.6636726,-73.8443988,Residential,29
r0085_c0067,40.6636726,-73.8426159,Residential,35
r0085_c0068,40.6636726,-73.840833,Commercial,7
r0085_c0069,40.6636726,-73.8390501,Residential,28
r0085_c0070,40.6636726,-73.8372672,Residential,34
r0085_c0071,40.6636726,-73.8354842,Residential,28
r0085_c0072,40.6636726,-73.8337013,Residential,44
r0085_c0073,40.6636726,-73.8319184,Residential,25
r0085_c0082,40.6636726,-73.8158722,Residential,14
r0085_c0083,40.6636726,-73.8140893,Residential,26
r0085_c0084,40.6636726,-73.8123064,Residential,24
r0085_c0101,40.6636726,-73.7819969,Industrial,18
r0085_c0102,40.6636726,-73.780214,Residential,70
r0085_c0104,40.6636726,-73.7766481,Residential,28
r0085_c0105,40.6636726,-73.7748652,Residential,42
r0085_c0106,40.6636726,-73.7730823,Residential,47
r0085_c0107,40.6636726,-73.7712994,Residential,40
r0085_c0108,40.6636726,-73.7695165,Residential,30
r0085_c0109,40.6636726,-73.7677336,Residential,46
r0085_c0110,40.6636726,-73.7659507,Residential,50
r0085_c0111,40.6636726,-73.7641678,Residential,40
r0085_c0112,40.6636726,-73.7623848,Residential,23
r0085_c0113,40.6636726,-73.7606019,Residential,8
r0085_c0114,40.6636726,-73.758819,Residential,30
r0085_c0115,40.6636726,-73.7570361,Residential,45
r0085_c0116,40.6636726,-73.7552532,Residential,43
r0085_c0117,40.6636726,-73.7534703,Residential,50
r0085_c0118,40.6636726,-73.7516874,Residential,42
r0085_c0119,40.6636726,-73.7499045,Residential,40
r0085_c0120,40.6636726,-73.7481216,Residential,43
r0085_c0121,40.6636726,-73.7463386,Residential,33
r0085_c0122,40.6636726,-73.7445557,Residential,36
r0085_c0124,40.6636726,-73.7409899,Residential,13
r0085_c0125,40.6636726,-73.739207,Residential,51
r0085_c0126,40.6636726,-73.7374241,Residential,39
r0085_c0127,40.6636726,-73.7356412,Residential,35
r0085_c0128,40.6636726,-73.7338583,Residential,25
r0085_c0129,40.6636726,-73.7320753,Residential,37
r0085_c0130,40.6636726,-73.7302924,Residential,34
r0085_c0131,40.6636726,-73.7285095,Residential,44
r0086_c0060,40.6650239,-73.8550963,Residential,30
r0086_c0061,40.6650239,-73.8533134,Residential,41
r0086_c0062,40.6650239,-73.8515304,Residential,12
r0086_c0066,40.6650239,-73.8443988,Residential,3
r0086_c0067,40.6650239,-73.8426159,Residential,12
r0086_c0069,40.6650239,-73.8390501,Residential,36
r0086_c0070,40.6650239,-73.8372672,Residential,52
r0086_c0071,40.6650239,-73.8354842,Residential,30
r0086_c0072,40.6650239,-73.8337013,Residential,25
r0086_c0073,40.6650239,-73.8319184,Mixed-Use,6
r0086_c0078,40.6650239,-73.8230039,Open Space,3
r0086_c0080,40.6650239,-73.819438,Mixed-Use,6
r0086_c0081,40.6650239,-73.8176551,Mixed-Use,5
r0086_c0082,40.6650239,-73.8158722,Residential,30
r0086_c0083,40.6650239,-73.8140893,Residential,34
r0086_c0084,40.6650239,-73.8123064,Residential,32
r0086_c0085,40.6650239,-73.8105235,Mixed-Use,5
r0086_c0100,40.6650239,-73.7837798,Mixed-Use,11
r0086_c0101,40.6650239,-73.7819969,Industrial,16
r0086_c0102,40.6650239,-73.780214,Residential,43
r0086_c0103,40.6650239,-73.7784311,Mixed-Use,31
r0086_c0104,40.6650239,-73.7766481,Residential,62
r0086_c0105,40.6650239,-73.7748652,Residential,56
r0086_c0106,40.6650239,-73.7730823,Residential,41
r0086_c0107,40.6650239,-73.7712994,Residential,39
r0086_c0108,40.6650239,-73.7695165,Residential,37
r0086_c0109,40.6650239,-73.7677336,Mixed-Use,23
r0086_c0110,40.6650239,-73.7659507,Residential,45
r0086_c0111,40.6650239,-73.7641678,Residential,37
r0086_c0112,40.6650239,-73.7623848,Residential,43
r0086_c0113,40.6650239,-73.7606019,Residential,44
r0086_c0114,40.6650239,-73.758819,Institutional,11
r0086_c0115,40.6650239,-73.7570361,Residential,27
r0086_c0116,40.6650239,-73.7552532,Residential,35
r0086_c0117,40.6650239,-73.7534703,Residential,31
r0086_c0118,40.6650239,-73.7516874,Residential,34
r0086_c0119,40.6650239,-73.7499045,Residential,33
r0086_c0120,40.6650239,-73.7481216,Residential,31
r0086_c0121,40.6650239,-73.7463386,Residential,53
r0086_c0122,40.6650239,-73.7445557,Residential,52
r0086_c0123,40.6650239,-73.7427728,Residential,12
r0086_c0125,40.6650239,-73.739207,Residential,25
r0086_c0126,40.6650239,-73.7374241,Mixed-Use,30
r0086_c0127,40.6650239,-73.7356412,Commercial,12
r0086_c0128,40.6650239,-73.7338583,Residential,29
r0086_c0129,40.6650239,-73.7320753,Mixed-Use,27
r0086_c0130,40.6650239,-73.7302924,Residential,21
r0086_c0131,40.6650239,-73.7285095,Residential,30
r0087_c0059,40.6663753,-73.8568792,Residential,3
r0087_c0060,40.6663753,-73.8550963,Residential,30
r0087_c0061,40.6663753,-73.8533134,Residential,44
r0087_c0062,40.6663753,-73.8515304,Commercial,5
r0087_c0069,40.6663753,-73.8390501,Mixed-Use,9
r0087_c0072,40.6663753,-73.8337013,Mixed-Use,8
r0087_c0075,40.6663753,-73.8283526,Open Space,8
r0087_c0076,40.6663753,-73.8265697,Open Space,27
r0087_c0077,40.6663753,-73.8247868,Residential,27
r0087_c0078,40.6663753,-73.8230039,Residential,20
r0087_c0079,40.6663753,-73.8212209,Residential,29
r0087_c0080,40.6663753,-73.819438,Residential,40
r0087_c0081,40.6663753,-73.8176551,Residential,36
r0087_c0082,40.6663753,-73.8158722,Residential,25
r0087_c0083,40.6663753,-73.8140893,Mixed-Use,14
r0087_c0084,40.6663753,-73.8123064,Mixed-Use,15
r0087_c0085,40.6663753,-73.8105235,Industrial,3
r0087_c0086,40.6663753,-73.8087406,Mixed-Use,6
r0087_c0087,40.6663753,-73.8069576,Mixed-Use,6
r0087_c0089,40.6663753,-73.8033918,Mixed-Use,3
r0087_c0091,40.6663753,-73.799826,Mixed-Use,4
r0087_c0094,40.6663753,-73.7944773,Mixed-Use,4
r0087_c0096,40.6663753,-73.7909114,Mixed-Use,3
r0087_c0100,40.6663753,-73.7837798,Mixed-Use,12
r0087_c0101,40.6663753,-73.7819969,Mixed-Use,10
r0087_c0102,40.6663753,-73.780214,Industrial,10
r0087_c0103,40.6663753,-73.7784311,Residential,49
r0087_c0104,40.6663753,-73.7766481,Residential,39
r0087_c0105,40.6663753,-73.7748652,Residential,45
r0087_c0106,40.6663753,-73.7730823,Residential,35
r0087_c0107,40.6663753,-73.7712994,Residential,37
r0087_c0108,40.6663753,-73.7695165,Residential,43
r0087_c0109,40.6663753,-73.7677336,Institutional,13
r0087_c0110,40.6663753,-73.7659507,Residential,23
r0087_c0111,40.6663753,-73.7641678,Residential,21
r0087_c0112,40.6663753,-73.7623848,Mixed-Use,16
r0087_c0113,40.6663753,-73.7606019,Residential,12
r0087_c0114,40.6663753,-73.758819,Residential,16
r0087_c0115,40.6663753,-73.7570361,Commercial,6
r0087_c0116,40.6663753,-73.7552532,Mixed-Use,16
r0087_c0117,40.6663753,-73.7534703,Residential,12
r0087_c0118,40.6663753,-73.7516874,Residential,10
r0087_c0121,40.6663753,-73.7463386,Residential,15
r0087_c0122,40.6663753,-73.7445557,Open Space,18
r0087_c0123,40.6663753,-73.7427728,Residential,20
r0087_c0124,40.6663753,-73.7409899,Mixed-Use,8
r0087_c0125,40.6663753,-73.739207,Residential,3
r0087_c0126,40.6663753,-73.7374241,Mixed-Use,18
r0087_c0127,40.6663753,-73.7356412,Mixed-Use,17
r0087_c0128,40.6663753,-73.7338583,Institutional,14
r0087_c0129,40.6663753,-73.7320753,Mixed-Use,18
r0087_c0130,40.6663753,-73.7302924,Residential,20
r0087_c0131,40.6663753,-73.7285095,Residential,16
r0088_c0059,40.6677266,-73.8568792,Residential,17
r0088_c0060,40.6677266,-73.8550963,Residential,38
r0088_c0061,40.6677266,-73.8533134,Residential,41
r0088_c0062,40.6677266,-73.8515304,Residential,32
r0088_c0063,40.6677266,-73.8497475,Residential,12
r0088_c0069,40.6677266,-73.8390501,Mixed-Use,8
r0088_c0070,40.6677266,-73.8372672,Mixed-Use,14
r0088_c0071,40.6677266,-73.8354842,Residential,29
r0088_c0072,40.6677266,-73.8337013,Mixed-Use,4
r0088_c0076,40.6677266,-73.8265697,Residential,41
r0088_c0077,40.6677266,-73.8247868,Residential,41
r0088_c0078,40.6677266,-73.8230039,Residential,40
r0088_c0079,40.6677266,-73.8212209,Residential,42
r0088_c0080,40.6677266,-73.819438,Residential,46
r0088_c0081,40.6677266,-73.8176551,Residential,36
r0088_c0082,40.6677266,-73.8158722,Residential,39
r0088_c0083,40.6677266,-73.8140893,Residential,41
r0088_c0084,40.6677266,-73.8123064,Residential,39
r0088_c0085,40.6677266,-73.8105235,Residential,35
r0088_c0086,40.6677266,-73.8087406,Residential,18
r0088_c0087,40.6677266,-73.8069576,Mixed-Use,33
r0088_c0088,40.6677266,-73.8051747,Residential,42
r0088_c0089,40.6677266,-73.8033918,Residential,34
r0088_c0090,40.6677266,-73.8016089,Residential,10
r0088_c0091,40.6677266,-73.799826,Residential,22
r0088_c0092,40.6677266,-73.7980431,Mixed-Use,21
r0088_c0093,40.6677266,-73.7962602,Commercial,6
r0088_c0094,40.6677266,-73.7944773,Commercial,17
r0088_c0095,40.6677266,-73.7926944,Residential,50
r0088_c0096,40.6677266,-73.7909114,Residential,64
r0088_c0097,40.6677266,-73.7891285,Residential,22
r0088_c0099,40.6677266,-73.7855627,Residential,26
r0088_c0100,40.6677266,-73.7837798,Mixed-Use,24
r0088_c0101,40.6677266,-73.7819969,Institutional,5
r0088_c0102,40.6677266,-73.780214,Commercial,4
r0088_c0103,40.6677266,-73.7784311,Residential,14
r0088_c0104,40.6677266,-73.7766481,Residential,18
r0088_c0105,40.6677266,-73.7748652,Open Space,14
r0088_c0106,40.6677266,-73.7730823,Residential,10
r0088_c0107,40.6677266,-73.7712994,Residential,13
r0088_c0108,40.6677266,-73.7695165,Mixed-Use,24
r0088_c0109,40.6677266,-73.7677336,Residential,28
r0088_c0110,40.6677266,-73.7659507,Residential,31
r0088_c0111,40.6677266,-73.7641678,Residential,33
r0088_c0112,40.6677266,-73.7623848,Residential,42
r0088_c0113,40.6677266,-73.7606019,Residential,45
r0088_c0114,40.6677266,-73.758819,Residential,25
r0088_c0115,40.6677266,-73.7570361,Residential,19
r0088_c0116,40.6677266,-73.7552532,Residential,38
r0088_c0117,40.6677266,-73.7534703,Residential,38
r0088_c0118,40.6677266,-73.7516874,Residential,34
r0088_c0119,40.6677266,-73.7499045,Residential,16
r0088_c0120,40.6677266,-73.7481216,Mixed-Use,37
r0088_c0121,40.6677266,-73.7463386,Residential,51
r0088_c0122,40.6677266,-73.7445557,Residential,47
r0088_c0123,40.6677266,-73.7427728,Residential,57
r0088_c0124,40.6677266,-73.7409899,Residential,45
r0088_c0125,40.6677266,-73.739207,Mixed-Use,5
r0088_c0126,40.6677266,-73.7374241,Residential,38
r0088_c0127,40.6677266,-73.7356412,Residential,35
r0088_c0128,40.6677266,-73.7338583,Residential,38
r0088_c0129,40.6677266,-73.7320753,Residential,39
r0088_c0130,40.6677266,-73.7302924,Residential,41
r0088_c0131,40.6677266,-73.7285095,Residential,26
r0089_c0059,40.669078,-73.8568792,Mixed-Use,15
r0089_c0060,40.669078,-73.8550963,Residential,45
r0089_c0061,40.669078,-73.8533134,Residential,44
r0089_c0062,40.669078,-73.8515304,Residential,49
r0089_c0063,40.669078,-73.8497475,Residential,33
r0089_c0064,40.669078,-73.8479646,Residential,4
r0089_c0065,40.669078,-73.8461817,Residential,38
r0089_c0066,40.669078,-73.8443988,Mixed-Use,7
r0089_c0068,40.669078,-73.840833,Residential,6
r0089_c0069,40.669078,-73.8390501,Residential,40
r0089_c0070,40.669078,-73.8372672,Residential,52
r0089_c0071,40.669078,-73.8354842,Residential,41
r0089_c0072,40.669078,-73.8337013,Mixed-Use,4
r0089_c0076,40.669078,-73.8265697,Residential,31
r0089_c0077,40.669078,-73.8247868,Residential,40
r0089_c0078,40.669078,-73.8230039,Residential,43
r0089_c0079,40.669078,-73.8212209,Residential,34
r0089_c0080,40.669078,-73.819438,Residential,47
r0089_c0081,40.669078,-73.8176551,Residential,47
r0089_c0082,40.669078,-73.8158722,Residential,37
r0089_c0083,40.669078,-73.8140893,Residential,39
r0089_c0084,40.669078,-73.8123064,Residential,39
r0089_c0085,40.669078,-73.8105235,Residential,44
r0089_c0086,40.669078,-73.8087406,Residential,45
r0089_c0087,40.669078,-73.8069576,Residential,58
r0089_c0088,40.669078,-73.8051747,Residential,54
r0089_c0089,40.669078,-73.8033918,Residential,68
r0089_c0090,40.669078,-73.8016089,Residential,32
r0089_c0091,40.669078,-73.799826,Residential,48
r0089_c0092,40.669078,-73.7980431,Residential,49
r0089_c0093,40.669078,-73.7962602,Residential,36
r0089_c0094,40.669078,-73.7944773,Residential,46
r0089_c0095,40.669078,-73.7926944,Residential,58
r0089_c0096,40.669078,-73.7909114,Residential,53
r0089_c0097,40.669078,-73.7891285,Residential,31
r0089_c0099,40.669078,-73.7855627,Residential,41
r0089_c0100,40.669078,-73.7837798,Residential,41
r0089_c0101,40.669078,-73.7819969,Industrial,15
r0089_c0102,40.669078,-73.780214,Residential,35
r0089_c0103,40.669078,-73.7784311,Residential,43
r0089_c0104,40.669078,-73.7766481,Residential,55
r0089_c0105,40.669078,-73.7748652,Residential,56
r0089_c0106,40.669078,-73.7730823,Residential,46
r0089_c0107,40.669078,-73.7712994,Residential,50
r0089_c0108,40.669078,-73.7695165,Residential,54
r0089_c0109,40.669078,-73.7677336,Residential,47
r0089_c0110,40.669078,-73.7659507,Residential,45
r0089_c0111,40.669078,-73.7641678,Residential,55
r0089_c0112,40.669078,-73.7623848,Residential,44
r0089_c0113,40.669078,-73.7606019,Residential,43
r0089_c0114,40.669078,-73.758819,Residential,26
r0089_c0115,40.669078,-73.7570361,Institutional,7
r0089_c0116,40.669078,-73.7552532,Residential,44
r0089_c0117,40.669078,-73.7534703,Residential,35
r0089_c0118,40.669078,-73.7516874,Mixed-Use,34
r0089_c0119,40.669078,-73.7499045,Residential,33
r0089_c0120,40.669078,-73.7481216,Residential,50
r0089_c0121,40.669078,-73.7463386,Residential,38
r0089_c0122,40.669078,-73.7445557,Residential,41
r0089_c0123,40.669078,-73.7427728,Residential,46
r0089_c0124,40.669078,-73.7409899,Residential,57
r0089_c0125,40.669078,-73.739207,Residential,35
r0089_c0126,40.669078,-73.7374241,Residential,7
r0089_c0127,40.669078,-73.7356412,Residential,26
r0089_c0128,40.669078,-73.7338583,Residential,37
r0089_c0129,40.669078,-73.7320753,Residential,43
r0089_c0130,40.669078,-73.7302924,Residential,42
r0089_c0131,40.669078,-73.7285095,Residential,24
r0090_c0060,40.6704293,-73.8550963,Residential,12
r0090_c0063,40.6704293,-73.8497475,Mixed-Use,12
r0090_c0064,40.6704293,-73.8479646,Residential,8
r0090_c0065,40.6704293,-73.8461817,Institutional,11
r0090_c0066,40.6704293,-73.8443988,Open Space,37
r0090_c0067,40.6704293,-73.8426159,Commercial,12
r0090_c0068,40.6704293,-73.840833,Residential,28
r0090_c0069,40.6704293,-73.8390501,Open Space,25
r0090_c0070,40.6704293,-73.8372672,Residential,56
r0090_c0071,40.6704293,-73.8354842,Residential,19
r0090_c0076,40.6704293,-73.8265697,Residential,29
r0090_c0077,40.6704293,-73.8247868,Residential,71
r0090_c0078,40.6704293,-73.8230039,Residential,65
r0090_c0079,40.6704293,-73.8212209,Residential,43
r0090_c0080,40.6704293,-73.819438,Residential,34
r0090_c0081,40.6704293,-73.8176551,Residential,40
r0090_c0082,40.6704293,-73.8158722,Residential,46
r0090_c0083,40.6704293,-73.8140893,Residential,58
r0090_c0084,40.6704293,-73.8123064,Residential,41
r0090_c0085,40.6704293,-73.8105235,Residential,41
r0090_c0086,40.6704293,-73.8087406,Residential,37
r0090_c0087,40.6704293,-73.8069576,Residential,52
r0090_c0088,40.6704293,-73.8051747,Residential,51
r0090_c0089,40.6704293,-73.8033918,Residential,75
r0090_c0090,40.6704293,-73.8016089,Residential,39
r0090_c0091,40.6704293,-73.799826,Residential,41
r0090_c0092,40.6704293,-73.7980431,Residential,49
r0090_c0093,40.6704293,-73.7962602,Residential,47
r0090_c0094,40.6704293,-73.7944773,Residential,38
r0090_c0095,40.6704293,-73.7926944,Residential,60
r0090_c0096,40.6704293,-73.7909114,Residential,71
r0090_c0097,40.6704293,-73.7891285,Residential,44
r0090_c0099,40.6704293,-73.7855627,Industrial,3
r0090_c0100,40.6704293,-73.7837798,Industrial,14
r0090_c0101,40.6704293,-73.7819969,Residential,38
r0090_c0102,40.6704293,-73.780214,Residential,49
r0090_c0103,40.6704293,-73.7784311,Residential,42
r0090_c0104,40.6704293,-73.7766481,Residential,45
r0090_c0105,40.6704293,-73.7748652,Residential,44
r0090_c0106,40.6704293,-73.7730823,Residential,37
r0090_c0107,40.6704293,-73.7712994,Residential,48
r0090_c0108,40.6704293,-73.7695165,Residential,54
r0090_c0109,40.6704293,-73.7677336,Residential,69
r0090_c0110,40.6704293,-73.7659507,Residential,55
r0090_c0111,40.6704293,-73.7641678,Residential,39
r0090_c0112,40.6704293,-73.7623848,Residential,45
r0090_c0113,40.6704293,-73.7606019,Residential,42
r0090_c0114,40.6704293,-73.758819,Residential,36
r0090_c0115,40.6704293,-73.7570361,Mixed-Use,9
r0090_c0116,40.6704293,-73.7552532,Residential,35
r0090_c0117,40.6704293,-73.7534703,Residential,48
r0090_c0118,40.6704293,-73.7516874,Residential,37
r0090_c0119,40.6704293,-73.7499045,Residential,36
r0090_c0120,40.6704293,-73.7481216,Residential,33
r0090_c0121,40.6704293,-73.7463386,Residential,29
r0090_c0122,40.6704293,-73.7445557,Residential,43
r0090_c0123,40.6704293,-73.7427728,Residential,40
r0090_c0124,40.6704293,-73.7409899,Residential,50
r0090_c0125,40.6704293,-73.739207,Residential,55
r0090_c0126,40.6704293,-73.7374241,Residential,22
r0090_c0127,40.6704293,-73.7356412,Residential,21
r0090_c0128,40.6704293,-73.7338583,Residential,32
r0090_c0129,40.6704293,-73.7320753,Residential,43
r0090_c0130,40.6704293,-73.7302924,Residential,36
r0090_c0131,40.6704293,-73.7285095,Residential,31
r0091_c0057,40.6717807,-73.860445,Residential,10
r0091_c0058,40.6717807,-73.8586621,Mixed-Use,35
r0091_c0059,40.6717807,-73.8568792,Commercial,3
r0091_c0062,40.6717807,-73.8515304,Mixed-Use,11
r0091_c0063,40.6717807,-73.8497475,Residential,3
r0091_c0064,40.6717807,-73.8479646,Mixed-Use,35
r0091_c0065,40.6717807,-73.8461817,Residential,49
r0091_c0066,40.6717807,-73.8443988,Residential,42
r0091_c0067,40.6717807,-73.8426159,Residential,29
r0091_c0068,40.6717807,-73.840833,Residential,74
r0091_c0069,40.6717807,-73.8390501,Residential,71
r0091_c0070,40.6717807,-73.8372672,Open Space,30
r0091_c0071,40.6717807,-73.8354842,Mixed-Use,19
r0091_c0076,40.6717807,-73.8265697,Residential,25
r0091_c0077,40.6717807,-73.8247868,Residential,53
r0091_c0078,40.6717807,-73.8230039,Residential,71
r0091_c0079,40.6717807,-73.8212209,Residential,58
r0091_c0080,40.6717807,-73.819438,Residential,55
r0091_c0081,40.6717807,-73.8176551,Residential,47
r0091_c0082,40.6717807,-73.8158722,Residential,40
r0091_c0083,40.6717807,-73.8140893,Residential,47
r0091_c0084,40.6717807,-73.8123064,Residential,43
r0091_c0085,40.6717807,-73.8105235,Residential,48
r0091_c0086,40.6717807,-73.8087406,Residential,53
r0091_c0087,40.6717807,-73.8069576,Residential,45
r0091_c0088,40.6717807,-73.8051747,Residential,55
r0091_c0089,40.6717807,-73.8033918,Residential,63
r0091_c0090,40.6717807,-73.8016089,Residential,31
r0091_c0091,40.6717807,-73.799826,Residential,46
r0091_c0092,40.6717807,-73.7980431,Residential,64
r0091_c0093,40.6717807,-73.7962602,Residential,50
r0091_c0094,40.6717807,-73.7944773,Residential,48
r0091_c0095,40.6717807,-73.7926944,Residential,52
r0091_c0096,40.6717807,-73.7909114,Residential,62
r0091_c0097,40.6717807,-73.7891285,Institutional,39
r0091_c0099,40.6717807,-73.7855627,Industrial,13
r0091_c0100,40.6717807,-73.7837798,Residential,30
r0091_c0101,40.6717807,-73.7819969,Residential,46
r0091_c0102,40.6717807,-73.780214,Residential,42
r0091_c0103,40.6717807,-73.7784311,Residential,43
r0091_c0104,40.6717807,-73.7766481,Residential,51
r0091_c0105,40.6717807,-73.7748652,Residential,29
r0091_c0106,40.6717807,-73.7730823,Residential,20
r0091_c0107,40.6717807,-73.7712994,Residential,46
r0091_c0108,40.6717807,-73.7695165,Residential,49
r0091_c0109,40.6717807,-73.7677336,Residential,43
r0091_c0110,40.6717807,-73.7659507,Residential,36
r0091_c0111,40.6717807,-73.7641678,Mixed-Use,25
r0091_c0112,40.6717807,-73.7623848,Residential,47
r0091_c0113,40.6717807,-73.7606019,Residential,45
r0091_c0114,40.6717807,-73.758819,Residential,34
r0091_c0115,40.6717807,-73.7570361,Residential,48
r0091_c0116,40.6717807,-73.7552532,Residential,30
r0091_c0117,40.6717807,-73.7534703,Residential,47
r0091_c0118,40.6717807,-73.7516874,Residential,36
r0091_c0119,40.6717807,-73.7499045,Residential,33
r0091_c0120,40.6717807,-73.7481216,Residential,41
r0091_c0121,40.6717807,-73.7463386,Residential,33
r0091_c0122,40.6717807,-73.7445557,Residential,27
r0091_c0123,40.6717807,-73.7427728,Residential,32
r0091_c0124,40.6717807,-73.7409899,Residential,43
r0091_c0125,40.6717807,-73.739207,Residential,47
r0091_c0126,40.6717807,-73.7374241,Residential,53
r0091_c0127,40.6717807,-73.7356412,Residential,13
r0091_c0128,40.6717807,-73.7338583,Institutional,29
r0091_c0129,40.6717807,-73.7320753,Residential,44
r0091_c0130,40.6717807,-73.7302924,Residential,41
r0091_c0131,40.6717807,-73.7285095,Residential,37
r0092_c0057,40.673132,-73.860445,Residential,22
r0092_c0058,40.673132,-73.8586621,Mixed-Use,23
r0092_c0059,40.673132,-73.8568792,Residential,6
r0092_c0060,40.673132,-73.8550963,Open Space,4
r0092_c0061,40.673132,-73.8533134,Mixed-Use,41
r0092_c0062,40.673132,-73.8515304,Residential,67
r0092_c0063,40.673132,-73.8497475,Residential,43
r0092_c0064,40.673132,-73.8479646,Residential,39
r0092_c0065,40.673132,-73.8461817,Residential,49
r0092_c0066,40.673132,-73.8443988,Residential,58
r0092_c0067,40.673132,-73.8426159,Residential,52
r0092_c0068,40.673132,-73.840833,Residential,80
r0092_c0069,40.673132,-73.8390501,Residential,59
r0092_c0070,40.673132,-73.8372672,Residential,33
r0092_c0071,40.673132,-73.8354842,Mixed-Use,4
r0092_c0076,40.673132,-73.8265697,Residential,28
r0092_c0077,40.673132,-73.8247868,Residential,58
r0092_c0078,40.673132,-73.8230039,Residential,68
r0092_c0079,40.673132,-73.8212209,Residential,62
r0092_c0080,40.673132,-73.819438,Residential,70
r0092_c0081,40.673132,-73.8176551,Residential,49
r0092_c0082,40.673132,-73.8158722,Residential,53
r0092_c0083,40.673132,-73.8140893,Residential,45
r0092_c0084,40.673132,-73.8123064,Residential,50
r0092_c0085,40.673132,-73.8105235,Residential,41
r0092_c0086,40.673132,-73.8087406,Residential,51
r0092_c0087,40.673132,-73.8069576,Residential,56
r0092_c0088,40.673132,-73.8051747,Residential,61
r0092_c0089,40.673132,-73.8033918,Residential,65
r0092_c0090,40.673132,-73.8016089,Residential,32
r0092_c0091,40.673132,-73.799826,Residential,49
r0092_c0092,40.673132,-73.7980431,Residential,49
r0092_c0093,40.673132,-73.7962602,Residential,48
r0092_c0094,40.673132,-73.7944773,Residential,41
r0092_c0095,40.673132,-73.7926944,Residential,51
r0092_c0096,40.673132,-73.7909114,Residential,45
r0092_c0097,40.673132,-73.7891285,Residential,17
r0092_c0099,40.673132,-73.7855627,Industrial,5
r0092_c0100,40.673132,-73.7837798,Residential,41
r0092_c0101,40.673132,-73.7819969,Residential,9
r0092_c0102,40.673132,-73.780214,Residential,40
r0092_c0103,40.673132,-73.7784311,Residential,40
r0092_c0104,40.673132,-73.7766481,Residential,39
r0092_c0108,40.673132,-73.7695165,Institutional,9
r0092_c0109,40.673132,-73.7677336,Residential,45
r0092_c0110,40.673132,-73.7659507,Residential,37
r0092_c0111,40.673132,-73.7641678,Residential,32
r0092_c0112,40.673132,-73.7623848,Residential,44
r0092_c0113,40.673132,-73.7606019,Residential,50
r0092_c0114,40.673132,-73.758819,Residential,31
r0092_c0115,40.673132,-73.7570361,Residential,35
r0092_c0116,40.673132,-73.7552532,Residential,39
r0092_c0117,40.673132,-73.7534703,Residential,35
r0092_c0118,40.673132,-73.7516874,Residential,43
r0092_c0119,40.673132,-73.7499045,Residential,38
r0092_c0120,40.673132,-73.7481216,Residential,29
r0092_c0121,40.673132,-73.7463386,Residential,44
r0092_c0122,40.673132,-73.7445557,Residential,25
r0092_c0123,40.673132,-73.7427728,Residential,30
r0092_c0124,40.673132,-73.7409899,Residential,53
r0092_c0125,40.673132,-73.739207,Residential,53
r0092_c0126,40.673132,-73.7374241,Residential,46
r0092_c0127,40.673132,-73.7356412,Residential,20
r0092_c0128,40.673132,-73.7338583,Residential,21
r0092_c0129,40.673132,-73.7320753,Residential,38
r0092_c0130,40.673132,-73.7302924,Residential,42
r0092_c0131,40.673132,-73.7285095,Residential,36
r0093_c0057,40.6744834,-73.860445,Residential,19
r0093_c0058,40.6744834,-73.8586621,Mixed-Use,19
r0093_c0059,40.6744834,-73.8568792,Residential,32
r0093_c0060,40.6744834,-73.8550963,Residential,61
r0093_c0061,40.6744834,-73.8533134,Residential,85
r0093_c0062,40.6744834,-73.8515304,Residential,60
r0093_c0063,40.6744834,-73.8497475,Residential,49
r0093_c0064,40.6744834,-73.8479646,Residential,51
r0093_c0065,40.6744834,-73.8461817,Residential,60
r0093_c0066,40.6744834,-73.8443988,Residential,72
r0093_c0067,40.6744834,-73.8426159,Residential,46
r0093_c0068,40.6744834,-73.840833,Residential,49
r0093_c0069,40.6744834,-73.8390501,Residential,49
r0093_c0070,40.6744834,-73.8372672,Residential,41
r0093_c0076,40.6744834,-73.8265697,Residential,14
r0093_c0077,40.6744834,-73.8247868,Residential,66
r0093_c0078,40.6744834,-73.8230039,Residential,58
r0093_c0079,40.6744834,-73.8212209,Residential,58
r0093_c0080,40.6744834,-73.819438,Residential,53
r0093_c0081,40.6744834,-73.8176551,Residential,46
r0093_c0082,40.6744834,-73.8158722,Institutional,45
r0093_c0083,40.6744834,-73.8140893,Residential,58
r0093_c0084,40.6744834,-73.8123064,Residential,63
r0093_c0085,40.6744834,-73.8105235,Residential,39
r0093_c0086,40.6744834,-73.8087406,Residential,46
r0093_c0087,40.6744834,-73.8069576,Residential,55
r0093_c0088,40.6744834,-73.8051747,Mixed-Use,38
r0093_c0089,40.6744834,-73.8033918,Residential,57
r0093_c0090,40.6744834,-73.8016089,Open Space,13
r0093_c0091,40.6744834,-73.799826,Residential,60
r0093_c0092,40.6744834,-73.7980431,Residential,54
r0093_c0093,40.6744834,-73.7962602,Residential,45
r0093_c0094,40.6744834,-73.7944773,Residential,57
r0093_c0095,40.6744834,-73.7926944,Residential,72
r0093_c0096,40.6744834,-73.7909114,Institutional,38
r0093_c0100,40.6744834,-73.7837798,Residential,7
r0093_c0101,40.6744834,-73.7819969,Institutional,22
r0093_c0102,40.6744834,-73.780214,Residential,37
r0093_c0103,40.6744834,-73.7784311,Residential,28
r0093_c0104,40.6744834,-73.7766481,Mixed-Use,3
r0093_c0109,40.6744834,-73.7677336,Residential,16
r0093_c0110,40.6744834,-73.7659507,Residential,31
r0093_c0111,40.6744834,-73.7641678,Residential,32
r0093_c0112,40.6744834,-73.7623848,Residential,47
r0093_c0113,40.6744834,-73.7606019,Residential,36
r0093_c0114,40.6744834,-73.758819,Residential,28
r0093_c0115,40.6744834,-73.7570361,Open Space,24
r0093_c0116,40.6744834,-73.7552532,Mixed-Use,18
r0093_c0117,40.6744834,-73.7534703,Residential,41
r0093_c0118,40.6744834,-73.7516874,Residential,40
r0093_c0119,40.6744834,-73.7499045,Residential,48
r0093_c0120,40.6744834,-73.7481216,Residential,38
r0093_c0121,40.6744834,-73.7463386,Residential,26
r0093_c0122,40.6744834,-73.7445557,Residential,46
r0093_c0123,40.6744834,-73.7427728,Residential,45
r0093_c0124,40.6744834,-73.7409899,Residential,46
r0093_c0125,40.6744834,-73.739207,Residential,53
r0093_c0126,40.6744834,-73.7374241,Residential,47
r0093_c0127,40.6744834,-73.7356412,Commercial,12
r0093_c0130,40.6744834,-73.7302924,Residential,27
r0093_c0131,40.6744834,-73.7285095,Residential,33
r0093_c0132,40.6744834,-73.7267266,Residential,4
r0094_c0057,40.6758348,-73.860445,Residential,59
r0094_c0058,40.6758348,-73.8586621,Residential,63
r0094_c0059,40.6758348,-73.8568792,Residential,57
r0094_c0060,40.6758348,-73.8550963,Industrial,4
r0094_c0061,40.6758348,-73.8533134,Residential,7
r0094_c0062,40.6758348,-73.8515304,Residential,65
r0094_c0063,40.6758348,-73.8497475,Residential,71
r0094_c0064,40.6758348,-73.8479646,Residential,64
r0094_c0065,40.6758348,-73.8461817,Residential,73
r0094_c0066,40.6758348,-73.8443988,Residential,65
r0094_c0067,40.6758348,-73.8426159,Residential,51
r0094_c0068,40.6758348,-73.840833,Residential,65
r0094_c0069,40.6758348,-73.8390501,Residential,52
r0094_c0070,40.6758348,-73.8372672,Residential,52
r0094_c0071,40.6758348,-73.8354842,Residential,28
r0094_c0072,40.6758348,-73.8337013,Residential,21
r0094_c0073,40.6758348,-73.8319184,Residential,11
r0094_c0077,40.6758348,-73.8247868,Residential,61
r0094_c0078,40.6758348,-73.8230039,Residential,70
r0094_c0079,40.6758348,-73.8212209,Residential,56
r0094_c0080,40.6758348,-73.819438,Residential,44
r0094_c0081,40.6758348,-73.8176551,Residential,36
r0094_c0082,40.6758348,-73.8158722,Residential,29
r0094_c0083,40.6758348,-73.8140893,Residential,37
r0094_c0084,40.6758348,-73.8123064,Residential,50
r0094_c0085,40.6758348,-73.8105235,Residential,38
r0094_c0086,40.6758348,-73.8087406,Residential,31
r0094_c0087,40.6758348,-73.8069576,Residential,49
r0094_c0088,40.6758348,-73.8051747,Residential,58
r0094_c0089,40.6758348,-73.8033918,Residential,44
r0094_c0090,40.6758348,-73.8016089,Residential,18
r0094_c0091,40.6758348,-73.799826,Residential,48
r0094_c0092,40.6758348,-73.7980431,Residential,53
r0094_c0093,40.6758348,-73.7962602,Residential,64
r0094_c0094,40.6758348,-73.7944773,Residential,68
r0094_c0095,40.6758348,-73.7926944,Residential,63
r0094_c0096,40.6758348,-73.7909114,Residential,36
r0094_c0097,40.6758348,-73.7891285,Residential,47
r0094_c0098,40.6758348,-73.7873456,Residential,31
r0094_c0101,40.6758348,-73.7819969,Residential,37
r0094_c0102,40.6758348,-73.780214,Residential,41
r0094_c0103,40.6758348,-73.7784311,Residential,25
r0094_c0110,40.6758348,-73.7659507,Residential,10
r0094_c0111,40.6758348,-73.7641678,Residential,33
r0094_c0112,40.6758348,-73.7623848,Residential,50
r0094_c0113,40.6758348,-73.7606019,Residential,40
r0094_c0114,40.6758348,-73.758819,Residential,20
r0094_c0115,40.6758348,-73.7570361,Residential,24
r0094_c0116,40.6758348,-73.7552532,Residential,14
r0094_c0117,40.6758348,-73.7534703,Residential,43
r0094_c0118,40.6758348,-73.7516874,Residential,43
r0094_c0119,40.6758348,-73.7499045,Residential,43
r0094_c0120,40.6758348,-73.7481216,Residential,69
r0094_c0121,40.6758348,-73.7463386,Residential,69
r0094_c0122,40.6758348,-73.7445557,Residential,48
r0094_c0123,40.6758348,-73.7427728,Residential,43
r0094_c0124,40.6758348,-73.7409899,Residential,44
r0094_c0125,40.6758348,-73.739207,Commercial,29
r0094_c0126,40.6758348,-73.7374241,Residential,28
r0094_c0127,40.6758348,-73.7356412,Residential,25
r0094_c0129,40.6758348,-73.7320753,Residential,10
r0094_c0130,40.6758348,-73.7302924,Residential,40
r0094_c0131,40.6758348,-73.7285095,Residential,37
r0094_c0132,40.6758348,-73.7267266,Residential,11
r0095_c0056,40.6771861,-73.8622279,Residential,10
r0095_c0057,40.6771861,-73.860445,Residential,43
r0095_c0058,40.6771861,-73.8586621,Residential,45
r0095_c0059,40.6771861,-73.8568792,Open Space,29
r0095_c0061,40.6771861,-73.8533134,Open Space,15
r0095_c0062,40.6771861,-73.8515304,Residential,83
r0095_c0063,40.6771861,-73.8497475,Residential,80
r0095_c0064,40.6771861,-73.8479646,Residential,77
r0095_c0065,40.6771861,-73.8461817,Residential,51
r0095_c0066,40.6771861,-73.8443988,Residential,41
r0095_c0067,40.6771861,-73.8426159,Residential,58
r0095_c0068,40.6771861,-73.840833,Residential,51
r0095_c0069,40.6771861,-73.8390501,Residential,23
r0095_c0070,40.6771861,-73.8372672,Residential,41
r0095_c0071,40.6771861,-73.8354842,Residential,36
r0095_c0072,40.6771861,-73.8337013,Residential,65
r0095_c0073,40.6771861,-73.8319184,Residential,55
r0095_c0075,40.6771861,-73.8283526,Residential,6
r0095_c0076,40.6771861,-73.8265697,Mixed-Use,28
r0095_c0077,40.6771861,-73.8247868,Residential,33
r0095_c0078,40.6771861,-73.8230039,Residential,45
r0095_c0079,40.6771861,-73.8212209,Residential,62
r0095_c0080,40.6771861,-73.819438,Residential,45
r0095_c0081,40.6771861,-73.8176551,Residential,63
r0095_c0082,40.6771861,-73.8158722,Residential,84
r0095_c0083,40.6771861,-73.8140893,Residential,58
r0095_c0084,40.6771861,-73.8123064,Residential,60
r0095_c0085,40.6771861,-73.8105235,Residential,59
r0095_c0086,40.6771861,-73.8087406,Residential,69
r0095_c0087,40.6771861,-73.8069576,Residential,50
r0095_c0088,40.6771861,-73.8051747,Residential,48
r0095_c0089,40.6771861,-73.8033918,Residential,24
r0095_c0090,40.6771861,-73.8016089,Residential,58
r0095_c0091,40.6771861,-73.799826,Residential,72
r0095_c0092,40.6771861,-73.7980431,Residential,80
r0095_c0093,40.6771861,-73.7962602,Residential,58
r0095_c0094,40.6771861,-73.7944773,Residential,66
r0095_c0095,40.6771861,-73.7926944,Residential,44
r0095_c0096,40.6771861,-73.7909114,Residential,26
r0095_c0097,40.6771861,-73.7891285,Residential,47
r0095_c0098,40.6771861,-73.7873456,Residential,34
r0095_c0101,40.6771861,-73.7819969,Residential,23
r0095_c0102,40.6771861,-73.780214,Residential,47
r0095_c0103,40.6771861,-73.7784311,Residential,16
r0095_c0110,40.6771861,-73.7659507,Residential,30
r0095_c0111,40.6771861,-73.7641678,Residential,45
r0095_c0112,40.6771861,-73.7623848,Residential,42
r0095_c0113,40.6771861,-73.7606019,Residential,53
r0095_c0114,40.6771861,-73.758819,Commercial,34
r0095_c0115,40.6771861,-73.7570361,Mixed-Use,4
r0095_c0116,40.6771861,-73.7552532,Residential,20
r0095_c0117,40.6771861,-73.7534703,Residential,42
r0095_c0118,40.6771861,-73.7516874,Residential,36
r0095_c0119,40.6771861,-73.7499045,Residential,47
r0095_c0120,40.6771861,-73.7481216,Residential,46
r0095_c0121,40.6771861,-73.7463386,Residential,36
r0095_c0122,40.6771861,-73.7445557,Residential,31
r0095_c0123,40.6771861,-73.7427728,Residential,35
r0095_c0124,40.6771861,-73.7409899,Residential,47
r0095_c0125,40.6771861,-73.739207,Residential,51
r0095_c0126,40.6771861,-73.7374241,Residential,41
r0095_c0127,40.6771861,-73.7356412,Residential,33
r0095_c0130,40.6771861,-73.7302924,Residential,22
r0095_c0131,40.6771861,-73.7285095,Residential,44
r0095_c0132,40.6771861,-73.7267266,Residential,23
r0096_c0056,40.6785375,-73.8622279,Residential,20
r0096_c0057,40.6785375,-73.860445,Residential,50
r0096_c0058,40.6785375,-73.8586621,Residential,36
r0096_c0059,40.6785375,-73.8568792,Residential,11
r0096_c0061,40.6785375,-73.8533134,Residential,24
r0096_c0062,40.6785375,-73.8515304,Residential,76
r0096_c0063,40.6785375,-73.8497475,Residential,66
r0096_c0064,40.6785375,-73.8479646,Residential,74
r0096_c0065,40.6785375,-73.8461817,Residential,59
r0096_c0066,40.6785375,-73.8443988,Residential,41
r0096_c0067,40.6785375,-73.8426159,Residential,50
r0096_c0068,40.6785375,-73.840833,Residential,43
r0096_c0069,40.6785375,-73.8390501,Institutional,34
r0096_c0070,40.6785375,-73.8372672,Institutional,12
r0096_c0071,40.6785375,-73.8354842,Residential,44
r0096_c0072,40.6785375,-73.8337013,Residential,55
r0096_c0073,40.6785375,-73.8319184,Residential,48
r0096_c0074,40.6785375,-73.8301355,Residential,43
r0096_c0075,40.6785375,-73.8283526,Residential,52
r0096_c0076,40.6785375,-73.8265697,Residential,64
r0096_c0077,40.6785375,-73.8247868,Residential,52
r0096_c0078,40.6785375,-73.8230039,Residential,60
r0096_c0079,40.6785375,-73.8212209,Residential,56
r0096_c0080,40.6785375,-73.819438,Residential,60
r0096_c0081,40.6785375,-73.8176551,Residential,72
r0096_c0082,40.6785375,-73.8158722,Residential,56
r0096_c0083,40.6785375,-73.8140893,Residential,57
r0096_c0084,40.6785375,-73.8123064,Residential,56
r0096_c0085,40.6785375,-73.8105235,Residential,43
r0096_c0086,40.6785375,-73.8087406,Residential,57
r0096_c0087,40.6785375,-73.8069576,Residential,44
r0096_c0088,40.6785375,-73.8051747,Residential,53
r0096_c0089,40.6785375,-73.8033918,Residential,19
r0096_c0090,40.6785375,-73.8016089,Residential,56
r0096_c0091,40.6785375,-73.799826,Residential,61
r0096_c0092,40.6785375,-73.7980431,Residential,61
r0096_c0093,40.6785375,-73.7962602,Residential,37
r0096_c0094,40.6785375,-73.7944773,Residential,65
r0096_c0095,40.6785375,-73.7926944,Residential,58
r0096_c0096,40.6785375,-73.7909114,Residential,37
r0096_c0097,40.6785375,-73.7891285,Residential,39
r0096_c0098,40.6785375,-73.7873456,Residential,30
r0096_c0100,40.6785375,-73.7837798,Residential,29
r0096_c0101,40.6785375,-73.7819969,Residential,40
r0096_c0102,40.6785375,-73.780214,Residential,32
r0096_c0103,40.6785375,-73.7784311,Mixed-Use,4
r0096_c0110,40.6785375,-73.7659507,Residential,49
r0096_c0111,40.6785375,-73.7641678,Residential,49
r0096_c0112,40.6785375,-73.7623848,Residential,34
r0096_c0113,40.6785375,-73.7606019,Residential,53
r0096_c0114,40.6785375,-73.758819,Residential,4
r0096_c0117,40.6785375,-73.7534703,Residential,41
r0096_c0118,40.6785375,-73.7516874,Residential,39
r0096_c0119,40.6785375,-73.7499045,Residential,30
r0096_c0120,40.6785375,-73.7481216,Mixed-Use,31
r0096_c0121,40.6785375,-73.7463386,Residential,29
r0096_c0122,40.6785375,-73.7445557,Residential,43
r0096_c0123,40.6785375,-73.7427728,Residential,55
r0096_c0124,40.6785375,-73.7409899,Residential,57
r0096_c0125,40.6785375,-73.739207,Residential,51
r0096_c0126,40.6785375,-73.7374241,Residential,40
r0096_c0127,40.6785375,-73.7356412,Residential,32
r0096_c0128,40.6785375,-73.7338583,Residential,33
r0096_c0129,40.6785375,-73.7320753,Residential,42
r0096_c0130,40.6785375,-73.7302924,Residential,5
r0096_c0131,40.6785375,-73.7285095,Residential,35
r0096_c0132,40.6785375,-73.7267266,Residential,30
r0097_c0055,40.6798888,-73.8640108,Residential,17
r0097_c0056,40.6798888,-73.8622279,Mixed-Use,54
r0097_c0057,40.6798888,-73.860445,Mixed-Use,44
r0097_c0058,40.6798888,-73.8586621,Residential,67
r0097_c0059,40.6798888,-73.8568792,Residential,53
r0097_c0060,40.6798888,-73.8550963,Residential,43
r0097_c0061,40.6798888,-73.8533134,Residential,39
r0097_c0062,40.6798888,-73.8515304,Residential,50
r0097_c0063,40.6798888,-73.8497475,Residential,51
r0097_c0064,40.6798888,-73.8479646,Residential,60
r0097_c0065,40.6798888,-73.8461817,Residential,48
r0097_c0066,40.6798888,-73.8443988,Residential,36
r0097_c0067,40.6798888,-73.8426159,Residential,43
r0097_c0068,40.6798888,-73.840833,Mixed-Use,27
r0097_c0069,40.6798888,-73.8390501,Mixed-Use,18
r0097_c0070,40.6798888,-73.8372672,Residential,37
r0097_c0071,40.6798888,-73.8354842,Residential,65
r0097_c0072,40.6798888,-73.8337013,Residential,75
r0097_c0073,40.6798888,-73.8319184,Residential,60
r0097_c0074,40.6798888,-73.8301355,Residential,56
r0097_c0075,40.6798888,-73.8283526,Residential,51
r0097_c0076,40.6798888,-73.8265697,Residential,73
r0097_c0077,40.6798888,-73.8247868,Residential,65
r0097_c0078,40.6798888,-73.8230039,Residential,59
r0097_c0079,40.6798888,-73.8212209,Residential,48
r0097_c0080,40.6798888,-73.819438,Residential,63
r0097_c0081,40.6798888,-73.8176551,Residential,60
r0097_c0082,40.6798888,-73.8158722,Residential,54
r0097_c0083,40.6798888,-73.8140893,Residential,63
r0097_c0084,40.6798888,-73.8123064,Residential,76
r0097_c0085,40.6798888,-73.8105235,Residential,46
r0097_c0086,40.6798888,-73.8087406,Residential,65
r0097_c0087,40.6798888,-73.8069576,Residential,64
r0097_c0088,40.6798888,-73.8051747,Residential,43
r0097_c0089,40.6798888,-73.8033918,Residential,9
r0097_c0090,40.6798888,-73.8016089,Residential,45
r0097_c0091,40.6798888,-73.799826,Residential,66
r0097_c0092,40.6798888,-73.7980431,Residential,36
r0097_c0093,40.6798888,-73.7962602,Residential,33
r0097_c0094,40.6798888,-73.7944773,Residential,55
r0097_c0095,40.6798888,-73.7926944,Residential,43
r0097_c0096,40.6798888,-73.7909114,Residential,60
r0097_c0097,40.6798888,-73.7891285,Residential,105
r0097_c0098,40.6798888,-73.7873456,Residential,45
r0097_c0100,40.6798888,-73.7837798,Residential,43
r0097_c0101,40.6798888,-73.7819969,Residential,49
r0097_c0102,40.6798888,-73.780214,Residential,39
r0097_c0103,40.6798888,-73.7784311,Residential,29
r0097_c0104,40.6798888,-73.7766481,Mixed-Use,17
r0097_c0106,40.6798888,-73.7730823,Residential,3
r0097_c0107,40.6798888,-73.7712994,Residential,42
r0097_c0108,40.6798888,-73.7695165,Residential,43
r0097_c0109,40.6798888,-73.7677336,Residential,24
r0097_c0110,40.6798888,-73.7659507,Residential,50
r0097_c0111,40.6798888,-73.7641678,Residential,53
r0097_c0112,40.6798888,-73.7623848,Commercial,20
r0097_c0113,40.6798888,-73.7606019,Industrial,7
r0097_c0114,40.6798888,-73.758819,Industrial,10
r0097_c0115,40.6798888,-73.7570361,Mixed-Use,17
r0097_c0116,40.6798888,-73.7552532,Commercial,7
r0097_c0117,40.6798888,-73.7534703,Commercial,7
r0097_c0118,40.6798888,-73.7516874,Mixed-Use,31
r0097_c0119,40.6798888,-73.7499045,Residential,31
r0097_c0120,40.6798888,-73.7481216,Residential,35
r0097_c0121,40.6798888,-73.7463386,Residential,44
r0097_c0122,40.6798888,-73.7445557,Residential,67
r0097_c0123,40.6798888,-73.7427728,Residential,86
r0097_c0124,40.6798888,-73.7409899,Residential,49
r0097_c0125,40.6798888,-73.739207,Residential,54
r0097_c0126,40.6798888,-73.7374241,Residential,40
r0097_c0127,40.6798888,-73.7356412,Residential,43
r0097_c0128,40.6798888,-73.7338583,Residential,42
r0097_c0129,40.6798888,-73.7320753,Residential,41
r0097_c0130,40.6798888,-73.7302924,Residential,24
r0097_c0131,40.6798888,-73.7285095,Residential,9
r0097_c0132,40.6798888,-73.7267266,Residential,29
r0098_c0055,40.6812402,-73.8640108,Residential,29
r0098_c0056,40.6812402,-73.8622279,Residential,88
r0098_c0057,40.6812402,-73.860445,Residential,82
r0098_c0058,40.6812402,-73.8586621,Residential,80
r0098_c0059,40.6812402,-73.8568792,Residential,56
r0098_c0060,40.6812402,-73.8550963,Residential,62
r0098_c0061,40.6812402,-73.8533134,Residential,66
r0098_c0062,40.6812402,-73.8515304,Residential,63
r0098_c0063,40.6812402,-73.8497475,Residential,52
r0098_c0064,40.6812402,-73.8479646,Residential,39
r0098_c0065,40.6812402,-73.8461817,Commercial,33
r0098_c0066,40.6812402,-73.8443988,Residential,39
r0098_c0067,40.6812402,-73.8426159,Residential,45
r0098_c0068,40.6812402,-73.840833,Industrial,18
r0098_c0069,40.6812402,-73.8390501,Mixed-Use,31
r0098_c0070,40.6812402,-73.8372672,Residential,64
r0098_c0071,40.6812402,-73.8354842,Residential,57
r0098_c0072,40.6812402,-73.8337013,Residential,71
r0098_c0073,40.6812402,-73.8319184,Residential,80
r0098_c0074,40.6812402,-73.8301355,Residential,81
r0098_c0075,40.6812402,-73.8283526,Residential,69
r0098_c0076,40.6812402,-73.8265697,Residential,61
r0098_c0077,40.6812402,-73.8247868,Residential,63
r0098_c0078,40.6812402,-73.8230039,Residential,61
r0098_c0079,40.6812402,-73.8212209,Residential,54
r0098_c0080,40.6812402,-73.819438,Residential,53
r0098_c0081,40.6812402,-73.8176551,Residential,61
r0098_c0082,40.6812402,-73.8158722,Residential,67
r0098_c0083,40.6812402,-73.8140893,Residential,69
r0098_c0084,40.6812402,-73.8123064,Residential,61
r0098_c0085,40.6812402,-73.8105235,Residential,64
r0098_c0086,40.6812402,-73.8087406,Residential,72
r0098_c0087,40.6812402,-73.8069576,Residential,55
r0098_c0088,40.6812402,-73.8051747,Residential,17
r0098_c0089,40.6812402,-73.8033918,Open Space,9
r0098_c0090,40.6812402,-73.8016089,Residential,47
r0098_c0091,40.6812402,-73.799826,Residential,43
r0098_c0092,40.6812402,-73.7980431,Residential,41
r0098_c0093,40.6812402,-73.7962602,Residential,51
r0098_c0094,40.6812402,-73.7944773,Residential,85
r0098_c0095,40.6812402,-73.7926944,Residential,58
r0098_c0096,40.6812402,-73.7909114,Residential,72
r0098_c0097,40.6812402,-73.7891285,Residential,122
r0098_c0098,40.6812402,-73.7873456,Residential,20
r0098_c0100,40.6812402,-73.7837798,Residential,52
r0098_c0101,40.6812402,-73.7819969,Residential,47
r0098_c0102,40.6812402,-73.780214,Residential,40
r0098_c0103,40.6812402,-73.7784311,Residential,45
r0098_c0104,40.6812402,-73.7766481,Residential,39
r0098_c0105,40.6812402,-73.7748652,Mixed-Use,21
r0098_c0106,40.6812402,-73.7730823,Residential,27
r0098_c0107,40.6812402,-73.7712994,Residential,54
r0098_c0108,40.6812402,-73.7695165,Residential,60
r0098_c0109,40.6812402,-73.7677336,Residential,61
r0098_c0110,40.6812402,-73.7659507,Residential,37
r0098_c0111,40.6812402,-73.7641678,Residential,32
r0098_c0112,40.6812402,-73.7623848,Mixed-Use,33
r0098_c0113,40.6812402,-73.7606019,Mixed-Use,8
r0098_c0114,40.6812402,-73.758819,Mixed-Use,28
r0098_c0115,40.6812402,-73.7570361,Residential,40
r0098_c0116,40.6812402,-73.7552532,Residential,43
r0098_c0117,40.6812402,-73.7534703,Institutional,28
r0098_c0118,40.6812402,-73.7516874,Residential,35
r0098_c0119,40.6812402,-73.7499045,Residential,39
r0098_c0120,40.6812402,-73.7481216,Residential,41
r0098_c0121,40.6812402,-73.7463386,Residential,43
r0098_c0122,40.6812402,-73.7445557,Residential,48
r0098_c0123,40.6812402,-73.7427728,Residential,78
r0098_c0124,40.6812402,-73.7409899,Residential,67
r0098_c0125,40.6812402,-73.739207,Residential,68
r0098_c0126,40.6812402,-73.7374241,Residential,46
r0098_c0127,40.6812402,-73.7356412,Residential,34
r0098_c0128,40.6812402,-73.7338583,Residential,33
r0098_c0129,40.6812402,-73.7320753,Residential,37
r0098_c0130,40.6812402,-73.7302924,Residential,43
r0098_c0131,40.6812402,-73.7285095,Residential,14
r0098_c0132,40.6812402,-73.7267266,Residential,31
r0099_c0054,40.6825915,-73.8657937,Residential,48
r0099_c0055,40.6825915,-73.8640108,Residential,78
r0099_c0056,40.6825915,-73.8622279,Residential,77
r0099_c0057,40.6825915,-73.860445,Residential,80
r0099_c0058,40.6825915,-73.8586621,Residential,75
r0099_c0059,40.6825915,-73.8568792,Residential,51
r0099_c0060,40.6825915,-73.8550963,Residential,60
r0099_c0061,40.6825915,-73.8533134,Mixed-Use,34
r0099_c0062,40.6825915,-73.8515304,Mixed-Use,33
r0099_c0063,40.6825915,-73.8497475,Residential,48
r0099_c0064,40.6825915,-73.8479646,Residential,47
r0099_c0065,40.6825915,-73.8461817,Residential,55
r0099_c0066,40.6825915,-73.8443988,Residential,40
r0099_c0067,40.6825915,-73.8426159,Residential,49
r0099_c0068,40.6825915,-73.840833,Mixed-Use,30
r0099_c0069,40.6825915,-73.8390501,Residential,60
r0099_c0070,40.6825915,-73.8372672,Residential,66
r0099_c0071,40.6825915,-73.8354842,Residential,76
r0099_c0072,40.6825915,-73.8337013,Residential,68
r0099_c0073,40.6825915,-73.8319184,Residential,76
r0099_c0074,40.6825915,-73.8301355,Residential,60
r0099_c0075,40.6825915,-73.8283526,Residential,53
r0099_c0076,40.6825915,-73.8265697,Residential,76
r0099_c0077,40.6825915,-73.8247868,Residential,72
r0099_c0078,40.6825915,-73.8230039,Residential,66
r0099_c0079,40.6825915,-73.8212209,Residential,53
r0099_c0080,40.6825915,-73.819438,Residential,53
r0099_c0081,40.6825915,-73.8176551,Residential,64
r0099_c0082,40.6825915,-73.8158722,Residential,62
r0099_c0083,40.6825915,-73.8140893,Residential,49
r0099_c0084,40.6825915,-73.8123064,Residential,57
r0099_c0085,40.6825915,-73.8105235,Residential,65
r0099_c0086,40.6825915,-73.8087406,Residential,47
r0099_c0087,40.6825915,-73.8069576,Residential,34
r0099_c0088,40.6825915,-73.8051747,Residential,22
r0099_c0089,40.6825915,-73.8033918,Residential,73
r0099_c0090,40.6825915,-73.8016089,Residential,44
r0099_c0091,40.6825915,-73.799826,Residential,35
r0099_c0092,40.6825915,-73.7980431,Residential,43
r0099_c0093,40.6825915,-73.7962602,Residential,77
r0099_c0094,40.6825915,-73.7944773,Residential,66
r0099_c0095,40.6825915,-73.7926944,Residential,38
r0099_c0096,40.6825915,-73.7909114,Residential,90
r0099_c0097,40.6825915,-73.7891285,Residential,76
r0099_c0098,40.6825915,-73.7873456,Residential,43
r0099_c0099,40.6825915,-73.7855627,Residential,3
r0099_c0100,40.6825915,-73.7837798,Residential,52
r0099_c0101,40.6825915,-73.7819969,Residential,44
r0099_c0102,40.6825915,-73.780214,Residential,46
r0099_c0103,40.6825915,-73.7784311,Residential,38
r0099_c0104,40.6825915,-73.7766481,Residential,34
r0099_c0105,40.6825915,-73.7748652,Residential,41
r0099_c0106,40.6825915,-73.7730823,Residential,47
r0099_c0107,40.6825915,-73.7712994,Residential,38
r0099_c0108,40.6825915,-73.7695165,Residential,32
r0099_c0109,40.6825915,-73.7677336,Residential,34
r0099_c0110,40.6825915,-73.7659507,Residential,62
r0099_c0111,40.6825915,-73.7641678,Residential,74
r0099_c0112,40.6825915,-73.7623848,Residential,69
r0099_c0113,40.6825915,-73.7606019,Mixed-Use,34
r0099_c0114,40.6825915,-73.758819,Residential,59
r0099_c0115,40.6825915,-73.7570361,Residential,47
r0099_c0116,40.6825915,-73.7552532,Residential,45
r0099_c0117,40.6825915,-73.7534703,Residential,31
r0099_c0118,40.6825915,-73.7516874,Residential,28
r0099_c0119,40.6825915,-73.7499045,Residential,32
r0099_c0120,40.6825915,-73.7481216,Residential,44
r0099_c0121,40.6825915,-73.7463386,Residential,41
r0099_c0122,40.6825915,-73.7445557,Residential,44
r0099_c0123,40.6825915,-73.7427728,Residential,70
r0099_c0124,40.6825915,-73.7409899,Residential,66
r0099_c0125,40.6825915,-73.739207,Residential,47
r0099_c0126,40.6825915,-73.7374241,Residential,29
r0099_c0127,40.6825915,-73.7356412,Residential,19
r0099_c0128,40.6825915,-73.7338583,Residential,36
r0099_c0129,40.6825915,-73.7320753,Residential,42
r0099_c0130,40.6825915,-73.7302924,Residential,40
r0099_c0131,40.6825915,-73.7285095,Residential,39
r0099_c0132,40.6825915,-73.7267266,Residential,9
r0100_c0054,40.6839429,-73.8657937,Residential,58
r0100_c0055,40.6839429,-73.8640108,Residential,65
r0100_c0056,40.6839429,-73.8622279,Residential,70
r0100_c0057,40.6839429,-73.860445,Residential,62
r0100_c0058,40.6839429,-73.8586621,Residential,40
r0100_c0059,40.6839429,-73.8568792,Residential,38
r0100_c0060,40.6839429,-73.8550963,Residential,52
r0100_c0061,40.6839429,-73.8533134,Residential,56
r0100_c0062,40.6839429,-73.8515304,Residential,65
r0100_c0063,40.6839429,-73.8497475,Residential,62
r0100_c0064,40.6839429,-73.8479646,Residential,48
r0100_c0065,40.6839429,-73.8461817,Residential,30
r0100_c0066,40.6839429,-73.8443988,Residential,52
r0100_c0067,40.6839429,-73.8426159,Residential,56
r0100_c0068,40.6839429,-73.840833,Industrial,26
r0100_c0069,40.6839429,-73.8390501,Residential,56
r0100_c0070,40.6839429,-73.8372672,Residential,78
r0100_c0071,40.6839429,-73.8354842,Residential,77
r0100_c0072,40.6839429,-73.8337013,Residential,69
r0100_c0073,40.6839429,-73.8319184,Residential,64
r0100_c0074,40.6839429,-73.8301355,Residential,66
r0100_c0075,40.6839429,-73.8283526,Residential,76
r0100_c0076,40.6839429,-73.8265697,Residential,69
r0100_c0077,40.6839429,-73.8247868,Residential,60
r0100_c0078,40.6839429,-73.8230039,Residential,60
r0100_c0079,40.6839429,-73.8212209,Residential,92
r0100_c0080,40.6839429,-73.819438,Residential,79
r0100_c0081,40.6839429,-73.8176551,Residential,66
r0100_c0082,40.6839429,-73.8158722,Residential,45
r0100_c0083,40.6839429,-73.8140893,Institutional,34
r0100_c0084,40.6839429,-73.8123064,Residential,63
r0100_c0085,40.6839429,-73.8105235,Residential,63
r0100_c0086,40.6839429,-73.8087406,Residential,31
r0100_c0087,40.6839429,-73.8069576,Residential,19
r0100_c0088,40.6839429,-73.8051747,Residential,47
r0100_c0089,40.6839429,-73.8033918,Residential,53
r0100_c0090,40.6839429,-73.8016089,Residential,27
r0100_c0091,40.6839429,-73.799826,Residential,57
r0100_c0092,40.6839429,-73.7980431,Residential,90
r0100_c0093,40.6839429,-73.7962602,Residential,72
r0100_c0094,40.6839429,-73.7944773,Residential,63
r0100_c0095,40.6839429,-73.7926944,Residential,48
r0100_c0096,40.6839429,-73.7909114,Residential,78
r0100_c0097,40.6839429,-73.7891285,Residential,64
r0100_c0098,40.6839429,-73.7873456,Residential,43
r0100_c0100,40.6839429,-73.7837798,Residential,21
r0100_c0101,40.6839429,-73.7819969,Residential,41
r0100_c0102,40.6839429,-73.780214,Residential,36
r0100_c0103,40.6839429,-73.7784311,Residential,48
r0100_c0104,40.6839429,-73.7766481,Residential,62
r0100_c0105,40.6839429,-73.7748652,Residential,56
r0100_c0106,40.6839429,-73.7730823,Residential,62
r0100_c0107,40.6839429,-73.7712994,Residential,49
r0100_c0108,40.6839429,-73.7695165,Commercial,18
r0100_c0109,40.6839429,-73.7677336,Residential,67
r0100_c0110,40.6839429,-73.7659507,Residential,86
r0100_c0111,40.6839429,-73.7641678,Residential,84
r0100_c0112,40.6839429,-73.7623848,Residential,67
r0100_c0113,40.6839429,-73.7606019,Residential,31
r0100_c0114,40.6839429,-73.758819,Residential,43
r0100_c0115,40.6839429,-73.7570361,Residential,43
r0100_c0116,40.6839429,-73.7552532,Residential,51
r0100_c0117,40.6839429,-73.7534703,Residential,45
r0100_c0118,40.6839429,-73.7516874,Residential,24
r0100_c0119,40.6839429,-73.7499045,Residential,44
r0100_c0120,40.6839429,-73.7481216,Residential,44
r0100_c0121,40.6839429,-73.7463386,Residential,43
r0100_c0122,40.6839429,-73.7445557,Residential,34
r0100_c0123,40.6839429,-73.7427728,Residential,16
r0100_c0124,40.6839429,-73.7409899,Residential,10
r0100_c0125,40.6839429,-73.739207,Residential,8
r0100_c0127,40.6839429,-73.7356412,Residential,8
r0100_c0128,40.6839429,-73.7338583,Residential,45
r0100_c0129,40.6839429,-73.7320753,Residential,47
r0100_c0130,40.6839429,-73.7302924,Residential,39
r0100_c0131,40.6839429,-73.7285095,Residential,28
r0100_c0132,40.6839429,-73.7267266,Residential,4
r0101_c0054,40.6852942,-73.8657937,Residential,63
r0101_c0055,40.6852942,-73.8640108,Residential,71
r0101_c0056,40.6852942,-73.8622279,Residential,64
r0101_c0057,40.6852942,-73.860445,Residential,61
r0101_c0058,40.6852942,-73.8586621,Residential,53
r0101_c0059,40.6852942,-73.8568792,Mixed-Use,31
r0101_c0060,40.6852942,-73.8550963,Residential,60
r0101_c0061,40.6852942,-73.8533134,Residential,56
r0101_c0062,40.6852942,-73.8515304,Residential,56
r0101_c0063,40.6852942,-73.8497475,Residential,62
r0101_c0064,40.6852942,-73.8479646,Institutional,41
r0101_c0065,40.6852942,-73.8461817,Residential,43
r0101_c0066,40.6852942,-73.8443988,Residential,46
r0101_c0067,40.6852942,-73.8426159,Mixed-Use,45
r0101_c0068,40.6852942,-73.840833,Residential,49
r0101_c0069,40.6852942,-73.8390501,Institutional,39
r0101_c0070,40.6852942,-73.8372672,Residential,58
r0101_c0071,40.6852942,-73.8354842,Residential,67
r0101_c0072,40.6852942,-73.8337013,Residential,66
r0101_c0073,40.6852942,-73.8319184,Residential,74
r0101_c0074,40.6852942,-73.8301355,Residential,61
r0101_c0075,40.6852942,-73.8283526,Residential,64
r0101_c0076,40.6852942,-73.8265697,Residential,62
r0101_c0077,40.6852942,-73.8247868,Residential,83
r0101_c0078,40.6852942,-73.8230039,Residential,76
r0101_c0079,40.6852942,-73.8212209,Residential,55
r0101_c0080,40.6852942,-73.819438,Residential,74
r0101_c0081,40.6852942,-73.8176551,Residential,76
r0101_c0082,40.6852942,-73.8158722,Residential,74
r0101_c0083,40.6852942,-73.8140893,Residential,65
r0101_c0084,40.6852942,-73.8123064,Residential,61
r0101_c0085,40.6852942,-73.8105235,Residential,66
r0101_c0086,40.6852942,-73.8087406,Residential,61
r0101_c0087,40.6852942,-73.8069576,Residential,17
r0101_c0088,40.6852942,-73.8051747,Residential,45
r0101_c0089,40.6852942,-73.8033918,Residential,37
r0101_c0090,40.6852942,-73.8016089,Residential,46
r0101_c0091,40.6852942,-73.799826,Residential,82
r0101_c0092,40.6852942,-73.7980431,Residential,82
r0101_c0093,40.6852942,-73.7962602,Residential,68
r0101_c0094,40.6852942,-73.7944773,Residential,72
r0101_c0095,40.6852942,-73.7926944,Residential,54
r0101_c0096,40.6852942,-73.7909114,Residential,60
r0101_c0097,40.6852942,-73.7891285,Residential,64
r0101_c0098,40.6852942,-73.7873456,Residential,37
r0101_c0099,40.6852942,-73.7855627,Residential,7
r0101_c0101,40.6852942,-73.7819969,Residential,15
r0101_c0102,40.6852942,-73.780214,Residential,34
r0101_c0103,40.6852942,-73.7784311,Residential,63
r0101_c0104,40.6852942,-73.7766481,Residential,63
r0101_c0105,40.6852942,-73.7748652,Residential,63
r0101_c0106,40.6852942,-73.7730823,Residential,27
r0101_c0107,40.6852942,-73.7712994,Open Space,3
r0101_c0108,40.6852942,-73.7695165,Residential,15
r0101_c0109,40.6852942,-73.7677336,Residential,48
r0101_c0110,40.6852942,-73.7659507,Residential,53
r0101_c0111,40.6852942,-73.7641678,Residential,67
r0101_c0112,40.6852942,-73.7623848,Residential,37
r0101_c0113,40.6852942,-73.7606019,Residential,37
r0101_c0114,40.6852942,-73.758819,Residential,44
r0101_c0115,40.6852942,-73.7570361,Residential,34
r0101_c0116,40.6852942,-73.7552532,Residential,46
r0101_c0117,40.6852942,-73.7534703,Residential,39
r0101_c0118,40.6852942,-73.7516874,Residential,52
r0101_c0119,40.6852942,-73.7499045,Residential,25
r0101_c0120,40.6852942,-73.7481216,Residential,21
r0101_c0121,40.6852942,-73.7463386,Residential,10
r0101_c0128,40.6852942,-73.7338583,Residential,30
r0101_c0129,40.6852942,-73.7320753,Residential,37
r0101_c0130,40.6852942,-73.7302924,Residential,26
r0101_c0131,40.6852942,-73.7285095,Institutional,17
r0101_c0132,40.6852942,-73.7267266,Residential,10
r0102_c0053,40.6866456,-73.8675767,Residential,5
r0102_c0054,40.6866456,-73.8657937,Residential,65
r0102_c0055,40.6866456,-73.8640108,Residential,82
r0102_c0056,40.6866456,-73.8622279,Residential,65
r0102_c0057,40.6866456,-73.860445,Residential,74
r0102_c0058,40.6866456,-73.8586621,Residential,71
r0102_c0059,40.6866456,-73.8568792,Residential,92
r0102_c0060,40.6866456,-73.8550963,Residential,56
r0102_c0061,40.6866456,-73.8533134,Open Space,30
r0102_c0062,40.6866456,-73.8515304,Commercial,7
r0102_c0063,40.6866456,-73.8497475,Commercial,26
r0102_c0064,40.6866456,-73.8479646,Residential,45
r0102_c0065,40.6866456,-73.8461817,Residential,73
r0102_c0066,40.6866456,-73.8443988,Residential,45
r0102_c0067,40.6866456,-73.8426159,Mixed-Use,30
r0102_c0068,40.6866456,-73.840833,Residential,64
r0102_c0069,40.6866456,-73.8390501,Residential,61
r0102_c0070,40.6866456,-73.8372672,Residential,49
r0102_c0071,40.6866456,-73.8354842,Residential,73
r0102_c0072,40.6866456,-73.8337013,Residential,71
r0102_c0073,40.6866456,-73.8319184,Residential,72
r0102_c0074,40.6866456,-73.8301355,Residential,68
r0102_c0075,40.6866456,-73.8283526,Residential,69
r0102_c0076,40.6866456,-73.8265697,Residential,68
r0102_c0077,40.6866456,-73.8247868,Commercial,51
r0102_c0078,40.6866456,-73.8230039,Commercial,59
r0102_c0079,40.6866456,-73.8212209,Residential,68
r0102_c0080,40.6866456,-73.819438,Residential,77
r0102_c0081,40.6866456,-73.8176551,Residential,73
r0102_c0082,40.6866456,-73.8158722,Residential,65
r0102_c0083,40.6866456,-73.8140893,Residential,56
r0102_c0084,40.6866456,-73.8123064,Residential,49
r0102_c0085,40.6866456,-73.8105235,Residential,40
r0102_c0086,40.6866456,-73.8087406,Residential,42
r0102_c0087,40.6866456,-73.8069576,Residential,36
r0102_c0088,40.6866456,-73.8051747,Residential,54
r0102_c0089,40.6866456,-73.8033918,Residential,51
r0102_c0090,40.6866456,-73.8016089,Residential,48
r0102_c0091,40.6866456,-73.799826,Residential,59
r0102_c0092,40.6866456,-73.7980431,Residential,81
r0102_c0093,40.6866456,-73.7962602,Residential,64
r0102_c0094,40.6866456,-73.7944773,Residential,39
r0102_c0095,40.6866456,-73.7926944,Residential,50
r0102_c0096,40.6866456,-73.7909114,Residential,71
r0102_c0097,40.6866456,-73.7891285,Residential,60
r0102_c0098,40.6866456,-73.7873456,Residential,52
r0102_c0099,40.6866456,-73.7855627,Residential,49
r0102_c0100,40.6866456,-73.7837798,Institutional,24
r0102_c0101,40.6866456,-73.7819969,Residential,48
r0102_c0102,40.6866456,-73.780214,Residential,62
r0102_c0103,40.6866456,-73.7784311,Residential,51
r0102_c0104,40.6866456,-73.7766481,Residential,52
r0102_c0105,40.6866456,-73.7748652,Residential,41
r0102_c0109,40.6866456,-73.7677336,Residential,35
r0102_c0110,40.6866456,-73.7659507,Residential,54
r0102_c0111,40.6866456,-73.7641678,Residential,60
r0102_c0112,40.6866456,-73.7623848,Residential,44
r0102_c0113,40.6866456,-73.7606019,Residential,40
r0102_c0114,40.6866456,-73.758819,Residential,54
r0102_c0115,40.6866456,-73.7570361,Institutional,30
r0102_c0116,40.6866456,-73.7552532,Residential,45
r0102_c0117,40.6866456,-73.7534703,Residential,48
r0102_c0118,40.6866456,-73.7516874,Residential,40
r0102_c0119,40.6866456,-73.7499045,Residential,46
r0102_c0125,40.6866456,-73.739207,Residential,13
r0102_c0126,40.6866456,-73.7374241,Residential,23
r0102_c0127,40.6866456,-73.7356412,Residential,34
r0102_c0128,40.6866456,-73.7338583,Residential,44
r0102_c0129,40.6866456,-73.7320753,Residential,40
r0102_c0130,40.6866456,-73.7302924,Residential,39
r0102_c0131,40.6866456,-73.7285095,Residential,38
r0102_c0132,40.6866456,-73.7267266,Residential,20
r0103_c0053,40.6879969,-73.8675767,Residential,35
r0103_c0054,40.6879969,-73.8657937,Residential,78
r0103_c0055,40.6879969,-73.8640108,Residential,70
r0103_c0056,40.6879969,-73.8622279,Residential,75
r0103_c0057,40.6879969,-73.860445,Residential,65
r0103_c0058,40.6879969,-73.8586621,Residential,76
r0103_c0059,40.6879969,-73.8568792,Residential,83
r0103_c0060,40.6879969,-73.8550963,Residential,80
r0103_c0061,40.6879969,-73.8533134,Residential,95
r0103_c0062,40.6879969,-73.8515304,Residential,83
r0103_c0063,40.6879969,-73.8497475,Residential,46
r0103_c0064,40.6879969,-73.8479646,Residential,51
r0103_c0065,40.6879969,-73.8461817,Residential,48
r0103_c0066,40.6879969,-73.8443988,Mixed-Use,22
r0103_c0067,40.6879969,-73.8426159,Residential,44
r0103_c0068,40.6879969,-73.840833,Residential,60
r0103_c0069,40.6879969,-73.8390501,Residential,65
r0103_c0070,40.6879969,-73.8372672,Residential,59
r0103_c0071,40.6879969,-73.8354842,Institutional,42
r0103_c0072,40.6879969,-73.8337013,Residential,58
r0103_c0073,40.6879969,-73.8319184,Residential,70
r0103_c0074,40.6879969,-73.8301355,Residential,67
r0103_c0075,40.6879969,-73.8283526,Residential,75
r0103_c0076,40.6879969,-73.8265697,Residential,55
r0103_c0077,40.6879969,-73.8247868,Residential,49
r0103_c0078,40.6879969,-73.8230039,Residential,41
r0103_c0079,40.6879969,-73.8212209,Residential,59
r0103_c0080,40.6879969,-73.819438,Residential,74
r0103_c0081,40.6879969,-73.8176551,Residential,61
r0103_c0082,40.6879969,-73.8158722,Residential,77
r0103_c0083,40.6879969,-73.8140893,Residential,64
r0103_c0084,40.6879969,-73.8123064,Residential,49
r0103_c0085,40.6879969,-73.8105235,Residential,46
r0103_c0086,40.6879969,-73.8087406,Residential,27
r0103_c0087,40.6879969,-73.8069576,Residential,64
r0103_c0088,40.6879969,-73.8051747,Residential,39
r0103_c0089,40.6879969,-73.8033918,Residential,51
r0103_c0090,40.6879969,-73.8016089,Residential,70
r0103_c0091,40.6879969,-73.799826,Residential,30
r0103_c0092,40.6879969,-73.7980431,Residential,52
r0103_c0093,40.6879969,-73.7962602,Residential,60
r0103_c0094,40.6879969,-73.7944773,Residential,56
r0103_c0095,40.6879969,-73.7926944,Residential,68
r0103_c0096,40.6879969,-73.7909114,Residential,57
r0103_c0097,40.6879969,-73.7891285,Residential,46
r0103_c0098,40.6879969,-73.7873456,Residential,44
r0103_c0099,40.6879969,-73.7855627,Mixed-Use,18
r0103_c0100,40.6879969,-73.7837798,Mixed-Use,23
r0103_c0101,40.6879969,-73.7819969,Residential,30
r0103_c0102,40.6879969,-73.780214,Residential,54
r0103_c0103,40.6879969,-73.7784311,Residential,55
r0103_c0104,40.6879969,-73.7766481,Residential,50
r0103_c0105,40.6879969,-73.7748652,Residential,11
r0103_c0110,40.6879969,-73.7659507,Residential,34
r0103_c0111,40.6879969,-73.7641678,Residential,39
r0103_c0112,40.6879969,-73.7623848,Residential,44
r0103_c0113,40.6879969,-73.7606019,Residential,45
r0103_c0114,40.6879969,-73.758819,Residential,46
r0103_c0115,40.6879969,-73.7570361,Residential,48
r0103_c0116,40.6879969,-73.7552532,Residential,50
r0103_c0117,40.6879969,-73.7534703,Residential,46
r0103_c0118,40.6879969,-73.7516874,Residential,47
r0103_c0119,40.6879969,-73.7499045,Residential,35
r0103_c0122,40.6879969,-73.7445557,Residential,8
r0103_c0123,40.6879969,-73.7427728,Residential,15
r0103_c0124,40.6879969,-73.7409899,Residential,30
r0103_c0125,40.6879969,-73.739207,Residential,41
r0103_c0126,40.6879969,-73.7374241,Residential,41
r0103_c0127,40.6879969,-73.7356412,Residential,37
r0103_c0128,40.6879969,-73.7338583,Residential,41
r0103_c0129,40.6879969,-73.7320753,Residential,45
r0103_c0130,40.6879969,-73.7302924,Residential,38
r0103_c0131,40.6879969,-73.7285095,Residential,40
r0103_c0132,40.6879969,-73.7267266,Residential,12
r0104_c0053,40.6893483,-73.8675767,Residential,38
r0104_c0054,40.6893483,-73.8657937,Residential,65
r0104_c0055,40.6893483,-73.8640108,Residential,69
r0104_c0056,40.6893483,-73.8622279,Residential,58
r0104_c0057,40.6893483,-73.860445,Residential,73
r0104_c0058,40.6893483,-73.8586621,Residential,84
r0104_c0059,40.6893483,-73.8568792,Residential,82
r0104_c0060,40.6893483,-73.8550963,Residential,94
r0104_c0061,40.6893483,-73.8533134,Residential,73
r0104_c0062,40.6893483,-73.8515304,Residential,88
r0104_c0063,40.6893483,-73.8497475,Residential,50
r0104_c0064,40.6893483,-73.8479646,Residential,85
r0104_c0065,40.6893483,-73.8461817,Residential,47
r0104_c0066,40.6893483,-73.8443988,Mixed-Use,29
r0104_c0067,40.6893483,-73.8426159,Industrial,20
r0104_c0068,40.6893483,-73.840833,Institutional,32
r0104_c0069,40.6893483,-73.8390501,Residential,62
r0104_c0070,40.6893483,-73.8372672,Residential,58
r0104_c0071,40.6893483,-73.8354842,Residential,55
r0104_c0072,40.6893483,-73.8337013,Residential,65
r0104_c0073,40.6893483,-73.8319184,Residential,63
r0104_c0074,40.6893483,-73.8301355,Residential,67
r0104_c0075,40.6893483,-73.8283526,Residential,48
r0104_c0076,40.6893483,-73.8265697,Residential,52
r0104_c0077,40.6893483,-73.8247868,Residential,48
r0104_c0078,40.6893483,-73.8230039,Residential,55
r0104_c0079,40.6893483,-73.8212209,Residential,57
r0104_c0080,40.6893483,-73.819438,Residential,65
r0104_c0081,40.6893483,-73.8176551,Residential,69
r0104_c0082,40.6893483,-73.8158722,Residential,56
r0104_c0083,40.6893483,-73.8140893,Residential,68
r0104_c0084,40.6893483,-73.8123064,Residential,61
r0104_c0085,40.6893483,-73.8105235,Residential,57
r0104_c0086,40.6893483,-73.8087406,Residential,23
r0104_c0087,40.6893483,-73.8069576,Residential,68
r0104_c0088,40.6893483,-73.8051747,Residential,52
r0104_c0089,40.6893483,-73.8033918,Residential,54
r0104_c0090,40.6893483,-73.8016089,Residential,47
r0104_c0091,40.6893483,-73.799826,Residential,48
r0104_c0092,40.6893483,-73.7980431,Residential,49
r0104_c0093,40.6893483,-73.7962602,Residential,48
r0104_c0094,40.6893483,-73.7944773,Residential,45
r0104_c0095,40.6893483,-73.7926944,Residential,49
r0104_c0096,40.6893483,-73.7909114,Residential,70
r0104_c0097,40.6893483,-73.7891285,Mixed-Use,33
r0104_c0098,40.6893483,-73.7873456,Residential,44
r0104_c0099,40.6893483,-73.7855627,Residential,31
r0104_c0100,40.6893483,-73.7837798,Residential,25
r0104_c0101,40.6893483,-73.7819969,Residential,59
r0104_c0102,40.6893483,-73.780214,Residential,45
r0104_c0103,40.6893483,-73.7784311,Residential,32
r0104_c0104,40.6893483,-73.7766481,Residential,46
r0104_c0105,40.6893483,-73.7748652,Residential,41
r0104_c0111,40.6893483,-73.7641678,Institutional,15
r0104_c0112,40.6893483,-73.7623848,Residential,29
r0104_c0113,40.6893483,-73.7606019,Residential,45
r0104_c0114,40.6893483,-73.758819,Residential,40
r0104_c0115,40.6893483,-73.7570361,Residential,46
r0104_c0116,40.6893483,-73.7552532,Residential,45
r0104_c0117,40.6893483,-73.7534703,Residential,45
r0104_c0118,40.6893483,-73.7516874,Residential,45
r0104_c0119,40.6893483,-73.7499045,Residential,49
r0104_c0120,40.6893483,-73.7481216,Residential,13
r0104_c0121,40.6893483,-73.7463386,Residential,26
r0104_c0122,40.6893483,-73.7445557,Residential,35
r0104_c0123,40.6893483,-73.7427728,Open Space,8
r0104_c0124,40.6893483,-73.7409899,Residential,34
r0104_c0125,40.6893483,-73.739207,Residential,39
r0104_c0126,40.6893483,-73.7374241,Residential,40
r0104_c0127,40.6893483,-73.7356412,Residential,40
r0104_c0128,40.6893483,-73.7338583,Residential,40
r0104_c0129,40.6893483,-73.7320753,Residential,39
r0104_c0130,40.6893483,-73.7302924,Residential,46
r0104_c0131,40.6893483,-73.7285095,Residential,35
r0104_c0132,40.6893483,-73.7267266,Residential,7
r0105_c0053,40.6906996,-73.8675767,Residential,52
r0105_c0054,40.6906996,-73.8657937,Residential,65
r0105_c0055,40.6906996,-73.8640108,Residential,73
r0105_c0056,40.6906996,-73.8622279,Residential,66
r0105_c0057,40.6906996,-73.860445,Residential,73
r0105_c0058,40.6906996,-73.8586621,Residential,81
r0105_c0059,40.6906996,-73.8568792,Residential,78
r0105_c0060,40.6906996,-73.8550963,Residential,82
r0105_c0061,40.6906996,-73.8533134,Residential,48
r0105_c0062,40.6906996,-73.8515304,Residential,57
r0105_c0063,40.6906996,-73.8497475,Residential,46
r0105_c0064,40.6906996,-73.8479646,Residential,58
r0105_c0065,40.6906996,-73.8461817,Residential,48
r0105_c0066,40.6906996,-73.8443988,Residential,51
r0105_c0067,40.6906996,-73.8426159,Residential,56
r0105_c0068,40.6906996,-73.840833,Residential,36
r0105_c0069,40.6906996,-73.8390501,Mixed-Use,40
r0105_c0070,40.6906996,-73.8372672,Residential,51
r0105_c0071,40.6906996,-73.8354842,Residential,56
r0105_c0072,40.6906996,-73.8337013,Residential,55
r0105_c0073,40.6906996,-73.8319184,Residential,63
r0105_c0074,40.6906996,-73.8301355,Residential,71
r0105_c0075,40.6906996,-73.8283526,Residential,53
r0105_c0076,40.6906996,-73.8265697,Residential,51
r0105_c0077,40.6906996,-73.8247868,Residential,43
r0105_c0078,40.6906996,-73.8230039,Residential,44
r0105_c0079,40.6906996,-73.8212209,Institutional,31
r0105_c0080,40.6906996,-73.819438,Residential,76
r0105_c0081,40.6906996,-73.8176551,Residential,60
r0105_c0082,40.6906996,-73.8158722,Residential,58
r0105_c0083,40.6906996,-73.8140893,Residential,55
r0105_c0084,40.6906996,-73.8123064,Residential,43
r0105_c0085,40.6906996,-73.8105235,Residential,28
r0105_c0086,40.6906996,-73.8087406,Residential,40
r0105_c0087,40.6906996,-73.8069576,Residential,62
r0105_c0088,40.6906996,-73.8051747,Residential,56
r0105_c0089,40.6906996,-73.8033918,Residential,54
r0105_c0090,40.6906996,-73.8016089,Residential,50
r0105_c0091,40.6906996,-73.799826,Residential,45
r0105_c0092,40.6906996,-73.7980431,Residential,45
r0105_c0093,40.6906996,-73.7962602,Residential,55
r0105_c0094,40.6906996,-73.7944773,Residential,39
r0105_c0095,40.6906996,-73.7926944,Residential,71
r0105_c0096,40.6906996,-73.7909114,Residential,44
r0105_c0097,40.6906996,-73.7891285,Residential,41
r0105_c0098,40.6906996,-73.7873456,Institutional,23
r0105_c0099,40.6906996,-73.7855627,Residential,53
r0105_c0100,40.6906996,-73.7837798,Residential,22
r0105_c0101,40.6906996,-73.7819969,Residential,43
r0105_c0102,40.6906996,-73.780214,Residential,42
r0105_c0103,40.6906996,-73.7784311,Residential,37
r0105_c0104,40.6906996,-73.7766481,Residential,41
r0105_c0105,40.6906996,-73.7748652,Residential,32
r0105_c0111,40.6906996,-73.7641678,Residential,55
r0105_c0112,40.6906996,-73.7623848,Residential,36
r0105_c0113,40.6906996,-73.7606019,Residential,52
r0105_c0114,40.6906996,-73.758819,Residential,59
r0105_c0115,40.6906996,-73.7570361,Residential,51
r0105_c0116,40.6906996,-73.7552532,Residential,41
r0105_c0117,40.6906996,-73.7534703,Residential,44
r0105_c0118,40.6906996,-73.7516874,Residential,47
r0105_c0119,40.6906996,-73.7499045,Residential,47
r0105_c0120,40.6906996,-73.7481216,Residential,44
r0105_c0121,40.6906996,-73.7463386,Residential,34
r0105_c0122,40.6906996,-73.7445557,Residential,34
r0105_c0123,40.6906996,-73.7427728,Residential,31
r0105_c0124,40.6906996,-73.7409899,Residential,45
r0105_c0125,40.6906996,-73.739207,Residential,39
r0105_c0126,40.6906996,-73.7374241,Residential,40
r0105_c0127,40.6906996,-73.7356412,Residential,44
r0105_c0128,40.6906996,-73.7338583,Residential,41
r0105_c0129,40.6906996,-73.7320753,Residential,37
r0105_c0130,40.6906996,-73.7302924,Residential,45
r0105_c0131,40.6906996,-73.7285095,Residential,34
r0106_c0033,40.692051,-73.9032349,Mixed-Use,4
r0106_c0034,40.692051,-73.901452,Mixed-Use,5
r0106_c0036,40.692051,-73.8978862,Open Space,3
r0106_c0037,40.692051,-73.8961033,Residential,18
r0106_c0038,40.692051,-73.8943203,Residential,6
r0106_c0044,40.692051,-73.8836229,Open Space,3
r0106_c0053,40.692051,-73.8675767,Institutional,31
r0106_c0054,40.692051,-73.8657937,Residential,66
r0106_c0055,40.692051,-73.8640108,Residential,74
r0106_c0056,40.692051,-73.8622279,Mixed-Use,71
r0106_c0057,40.692051,-73.860445,Residential,63
r0106_c0058,40.692051,-73.8586621,Residential,66
r0106_c0059,40.692051,-73.8568792,Residential,69
r0106_c0060,40.692051,-73.8550963,Residential,79
r0106_c0061,40.692051,-73.8533134,Residential,44
r0106_c0062,40.692051,-73.8515304,Residential,42
r0106_c0063,40.692051,-73.8497475,Residential,45
r0106_c0064,40.692051,-73.8479646,Residential,42
r0106_c0065,40.692051,-73.8461817,Residential,40
r0106_c0066,40.692051,-73.8443988,Residential,51
r0106_c0067,40.692051,-73.8426159,Residential,58
r0106_c0068,40.692051,-73.840833,Residential,76
r0106_c0069,40.692051,-73.8390501,Residential,66
r0106_c0070,40.692051,-73.8372672,Residential,57
r0106_c0071,40.692051,-73.8354842,Mixed-Use,41
r0106_c0072,40.692051,-73.8337013,Residential,36
r0106_c0073,40.692051,-73.8319184,Residential,65
r0106_c0074,40.692051,-73.8301355,Residential,70
r0106_c0075,40.692051,-73.8283526,Residential,43
r0106_c0076,40.692051,-73.8265697,Residential,37
r0106_c0077,40.692051,-73.8247868,Residential,54
r0106_c0078,40.692051,-73.8230039,Residential,43
r0106_c0079,40.692051,-73.8212209,Residential,66
r0106_c0080,40.692051,-73.819438,Residential,58
r0106_c0081,40.692051,-73.8176551,Residential,63
r0106_c0082,40.692051,-73.8158722,Residential,64
r0106_c0083,40.692051,-73.8140893,Residential,68
r0106_c0084,40.692051,-73.8123064,Residential,67
r0106_c0085,40.692051,-73.8105235,Residential,24
r0106_c0086,40.692051,-73.8087406,Residential,54
r0106_c0087,40.692051,-73.8069576,Residential,60
r0106_c0088,40.692051,-73.8051747,Residential,53
r0106_c0089,40.692051,-73.8033918,Residential,57
r0106_c0090,40.692051,-73.8016089,Residential,57
r0106_c0091,40.692051,-73.799826,Residential,56
r0106_c0092,40.692051,-73.7980431,Residential,45
r0106_c0093,40.692051,-73.7962602,Residential,55
r0106_c0094,40.692051,-73.7944773,Residential,64
r0106_c0095,40.692051,-73.7926944,Residential,27
r0106_c0096,40.692051,-73.7909114,Residential,54
r0106_c0097,40.692051,-73.7891285,Residential,55
r0106_c0098,40.692051,-73.7873456,Mixed-Use,49
r0106_c0099,40.692051,-73.7855627,Residential,46
r0106_c0100,40.692051,-73.7837798,Residential,55
r0106_c0101,40.692051,-73.7819969,Residential,53
r0106_c0102,40.692051,-73.780214,Open Space,17
r0106_c0103,40.692051,-73.7784311,Institutional,13
r0106_c0104,40.692051,-73.7766481,Residential,30
r0106_c0105,40.692051,-73.7748652,Residential,35
r0106_c0106,40.692051,-73.7730823,Residential,29
r0106_c0107,40.692051,-73.7712994,Residential,20
r0106_c0108,40.692051,-73.7695165,Institutional,5
r0106_c0109,40.692051,-73.7677336,Commercial,4
r0106_c0110,40.692051,-73.7659507,Mixed-Use,23
r0106_c0111,40.692051,-73.7641678,Residential,41
r0106_c0112,40.692051,-73.7623848,Mixed-Use,44
r0106_c0113,40.692051,-73.7606019,Residential,41
r0106_c0114,40.692051,-73.758819,Residential,44
r0106_c0115,40.692051,-73.7570361,Residential,48
r0106_c0116,40.692051,-73.7552532,Residential,56
r0106_c0117,40.692051,-73.7534703,Residential,54
r0106_c0118,40.692051,-73.7516874,Residential,55
r0106_c0119,40.692051,-73.7499045,Residential,43
r0106_c0120,40.692051,-73.7481216,Residential,45
r0106_c0121,40.692051,-73.7463386,Residential,40
r0106_c0122,40.692051,-73.7445557,Residential,28
r0106_c0123,40.692051,-73.7427728,Residential,55
r0106_c0124,40.692051,-73.7409899,Residential,41
r0106_c0125,40.692051,-73.739207,Residential,44
r0106_c0126,40.692051,-73.7374241,Residential,40
r0106_c0127,40.692051,-73.7356412,Residential,42
r0106_c0128,40.692051,-73.7338583,Residential,48
r0106_c0129,40.692051,-73.7320753,Residential,32
r0106_c0130,40.692051,-73.7302924,Residential,54
r0106_c0131,40.692051,-73.7285095,Residential,45
r0107_c0033,40.6934023,-73.9032349,Mixed-Use,22
r0107_c0034,40.6934023,-73.901452,Industrial,11
r0107_c0035,40.6934023,-73.8996691,Open Space,15
r0107_c0036,40.6934023,-73.8978862,Residential,12
r0107_c0037,40.6934023,-73.8961033,Residential,55
r0107_c0038,40.6934023,-73.8943203,Residential,26
r0107_c0053,40.6934023,-73.8675767,Residential,78
r0107_c0054,40.6934023,-73.8657937,Residential,80
r0107_c0055,40.6934023,-73.8640108,Residential,82
r0107_c0056,40.6934023,-73.8622279,Residential,66
r0107_c0057,40.6934023,-73.860445,Residential,48
r0107_c0058,40.6934023,-73.8586621,Residential,63
r0107_c0059,40.6934023,-73.8568792,Residential,72
r0107_c0060,40.6934023,-73.8550963,Residential,72
r0107_c0061,40.6934023,-73.8533134,Mixed-Use,58
r0107_c0062,40.6934023,-73.8515304,Residential,33
r0107_c0063,40.6934023,-73.8497475,Residential,49
r0107_c0064,40.6934023,-73.8479646,Residential,49
r0107_c0065,40.6934023,-73.8461817,Residential,50
r0107_c0066,40.6934023,-73.8443988,Residential,45
r0107_c0067,40.6934023,-73.8426159,Residential,56
r0107_c0068,40.6934023,-73.840833,Residential,63
r0107_c0069,40.6934023,-73.8390501,Residential,52
r0107_c0070,40.6934023,-73.8372672,Residential,76
r0107_c0071,40.6934023,-73.8354842,Residential,60
r0107_c0072,40.6934023,-73.8337013,Residential,52
r0107_c0073,40.6934023,-73.8319184,Residential,40
r0107_c0074,40.6934023,-73.8301355,Residential,53
r0107_c0075,40.6934023,-73.8283526,Mixed-Use,34
r0107_c0076,40.6934023,-73.8265697,Residential,55
r0107_c0077,40.6934023,-73.8247868,Residential,69
r0107_c0078,40.6934023,-73.8230039,Residential,66
r0107_c0079,40.6934023,-73.8212209,Residential,65
r0107_c0080,40.6934023,-73.819438,Residential,59
r0107_c0081,40.6934023,-73.8176551,Residential,61
r0107_c0082,40.6934023,-73.8158722,Residential,35
r0107_c0083,40.6934023,-73.8140893,Residential,63
r0107_c0084,40.6934023,-73.8123064,Residential,30
r0107_c0085,40.6934023,-73.8105235,Residential,50
r0107_c0086,40.6934023,-73.8087406,Residential,43
r0107_c0087,40.6934023,-73.8069576,Residential,43
r0107_c0088,40.6934023,-73.8051747,Residential,35
r0107_c0089,40.6934023,-73.8033918,Residential,54
r0107_c0090,40.6934023,-73.8016089,Residential,63
r0107_c0091,40.6934023,-73.799826,Residential,48
r0107_c0092,40.6934023,-73.7980431,Residential,60
r0107_c0093,40.6934023,-73.7962602,Open Space,21
r0107_c0094,40.6934023,-73.7944773,Residential,28
r0107_c0096,40.6934023,-73.7909114,Institutional,7
r0107_c0097,40.6934023,-73.7891285,Residential,60
r0107_c0098,40.6934023,-73.7873456,Residential,45
r0107_c0099,40.6934023,-73.7855627,Residential,50
r0107_c0100,40.6934023,-73.7837798,Residential,59
r0107_c0101,40.6934023,-73.7819969,Residential,54
r0107_c0102,40.6934023,-73.780214,Open Space,6
r0107_c0103,40.6934023,-73.7784311,Open Space,7
r0107_c0104,40.6934023,-73.7766481,Residential,38
r0107_c0105,40.6934023,-73.7748652,Residential,26
r0107_c0106,40.6934023,-73.7730823,Residential,26
r0107_c0107,40.6934023,-73.7712994,Residential,23
r0107_c0108,40.6934023,-73.7695165,Residential,27
r0107_c0109,40.6934023,-73.7677336,Residential,33
r0107_c0110,40.6934023,-73.7659507,Industrial,24
r0107_c0111,40.6934023,-73.7641678,Residential,39
r0107_c0112,40.6934023,-73.7623848,Residential,36
r0107_c0113,40.6934023,-73.7606019,Residential,40
r0107_c0114,40.6934023,-73.758819,Residential,55
r0107_c0115,40.6934023,-73.7570361,Residential,40
r0107_c0116,40.6934023,-73.7552532,Residential,45
r0107_c0117,40.6934023,-73.7534703,Residential,55
r0107_c0118,40.6934023,-73.7516874,Residential,50
r0107_c0119,40.6934023,-73.7499045,Residential,66
r0107_c0120,40.6934023,-73.7481216,Residential,60
r0107_c0121,40.6934023,-73.7463386,Residential,45
r0107_c0122,40.6934023,-73.7445557,Residential,37
r0107_c0123,40.6934023,-73.7427728,Residential,52
r0107_c0124,40.6934023,-73.7409899,Residential,40
r0107_c0125,40.6934023,-73.739207,Residential,40
r0107_c0126,40.6934023,-73.7374241,Residential,48
r0107_c0127,40.6934023,-73.7356412,Residential,41
r0107_c0128,40.6934023,-73.7338583,Residential,47
r0107_c0129,40.6934023,-73.7320753,Residential,41
r0107_c0130,40.6934023,-73.7302924,Residential,41
r0107_c0131,40.6934023,-73.7285095,Residential,33
r0108_c0032,40.6947537,-73.9050178,Industrial,4
r0108_c0033,40.6947537,-73.9032349,Industrial,21
r0108_c0034,40.6947537,-73.901452,Mixed-Use,39
r0108_c0035,40.6947537,-73.8996691,Mixed-Use,18
r0108_c0036,40.6947537,-73.8978862,Residential,66
r0108_c0037,40.6947537,-73.8961033,Residential,58
r0108_c0038,40.6947537,-73.8943203,Residential,40
r0108_c0039,40.6947537,-73.8925374,Residential,26
r0108_c0040,40.6947537,-73.8907545,Residential,51
r0108_c0041,40.6947537,-73.8889716,Residential,19
r0108_c0053,40.6947537,-73.8675767,Residential,39
r0108_c0054,40.6947537,-73.8657937,Residential,65
r0108_c0055,40.6947537,-73.8640108,Residential,82
r0108_c0056,40.6947537,-73.8622279,Residential,49
r0108_c0057,40.6947537,-73.860445,Residential,52
r0108_c0058,40.6947537,-73.8586621,Residential,48
r0108_c0059,40.6947537,-73.8568792,Residential,62
r0108_c0060,40.6947537,-73.8550963,Residential,75
r0108_c0061,40.6947537,-73.8533134,Residential,56
r0108_c0062,40.6947537,-73.8515304,Residential,42
r0108_c0063,40.6947537,-73.8497475,Residential,64
r0108_c0064,40.6947537,-73.8479646,Residential,40
r0108_c0065,40.6947537,-73.8461817,Industrial,27
r0108_c0066,40.6947537,-73.8443988,Residential,64
r0108_c0067,40.6947537,-73.8426159,Residential,75
r0108_c0068,40.6947537,-73.840833,Residential,64
r0108_c0069,40.6947537,-73.8390501,Residential,58
r0108_c0070,40.6947537,-73.8372672,Residential,60
r0108_c0071,40.6947537,-73.8354842,Residential,54
r0108_c0072,40.6947537,-73.8337013,Institutional,24
r0108_c0073,40.6947537,-73.8319184,Residential,42
r0108_c0074,40.6947537,-73.8301355,Residential,51
r0108_c0075,40.6947537,-73.8283526,Residential,48
r0108_c0076,40.6947537,-73.8265697,Mixed-Use,27
r0108_c0077,40.6947537,-73.8247868,Residential,33
r0108_c0078,40.6947537,-73.8230039,Residential,31
r0108_c0079,40.6947537,-73.8212209,Open Space,8
r0108_c0080,40.6947537,-73.819438,Residential,62
r0108_c0081,40.6947537,-73.8176551,Residential,61
r0108_c0082,40.6947537,-73.8158722,Residential,62
r0108_c0083,40.6947537,-73.8140893,Residential,56
r0108_c0084,40.6947537,-73.8123064,Residential,19
r0108_c0085,40.6947537,-73.8105235,Residential,57
r0108_c0086,40.6947537,-73.8087406,Residential,60
r0108_c0087,40.6947537,-73.8069576,Mixed-Use,24
r0108_c0088,40.6947537,-73.8051747,Residential,49
r0108_c0089,40.6947537,-73.8033918,Residential,47
r0108_c0090,40.6947537,-73.8016089,Mixed-Use,51
r0108_c0091,40.6947537,-73.799826,Residential,71
r0108_c0092,40.6947537,-73.7980431,Residential,77
r0108_c0093,40.6947537,-73.7962602,Residential,51
r0108_c0094,40.6947537,-73.7944773,Residential,23
r0108_c0095,40.6947537,-73.7926944,Residential,18
r0108_c0096,40.6947537,-73.7909114,Residential,50
r0108_c0097,40.6947537,-73.7891285,Residential,61
r0108_c0098,40.6947537,-73.7873456,Residential,47
r0108_c0099,40.6947537,-73.7855627,Residential,52
r0108_c0100,40.6947537,-73.7837798,Residential,60
r0108_c0101,40.6947537,-73.7819969,Mixed-Use,26
r0108_c0102,40.6947537,-73.780214,Residential,46
r0108_c0103,40.6947537,-73.7784311,Residential,68
r0108_c0104,40.6947537,-73.7766481,Residential,42
r0108_c0105,40.6947537,-73.7748652,Residential,36
r0108_c0106,40.6947537,-73.7730823,Residential,30
r0108_c0107,40.6947537,-73.7712994,Residential,30
r0108_c0108,40.6947537,-73.7695165,Residential,37
r0108_c0109,40.6947537,-73.7677336,Mixed-Use,20
r0108_c0110,40.6947537,-73.7659507,Residential,55
r0108_c0111,40.6947537,-73.7641678,Residential,32
r0108_c0112,40.6947537,-73.7623848,Residential,40
r0108_c0113,40.6947537,-73.7606019,Residential,45
r0108_c0114,40.6947537,-73.758819,Residential,35
r0108_c0115,40.6947537,-73.7570361,Residential,40
r0108_c0116,40.6947537,-73.7552532,Residential,59
r0108_c0117,40.6947537,-73.7534703,Residential,46
r0108_c0118,40.6947537,-73.7516874,Residential,62
r0108_c0119,40.6947537,-73.7499045,Residential,61
r0108_c0120,40.6947537,-73.7481216,Residential,72
r0108_c0121,40.6947537,-73.7463386,Residential,54
r0108_c0122,40.6947537,-73.7445557,Residential,45
r0108_c0123,40.6947537,-73.7427728,Residential,40
r0108_c0124,40.6947537,-73.7409899,Residential,32
r0108_c0125,40.6947537,-73.739207,Residential,36
r0108_c0126,40.6947537,-73.7374241,Residential,42
r0108_c0127,40.6947537,-73.7356412,Residential,53
r0108_c0128,40.6947537,-73.7338583,Residential,54
r0108_c0129,40.6947537,-73.7320753,Residential,46
r0108_c0130,40.6947537,-73.7302924,Residential,41
r0108_c0131,40.6947537,-73.7285095,Residential,42
r0109_c0032,40.696105,-73.9050178,Mixed-Use,29
r0109_c0033,40.696105,-73.9032349,Residential,57
r0109_c0034,40.696105,-73.901452,Residential,55
r0109_c0035,40.696105,-73.8996691,Mixed-Use,39
r0109_c0036,40.696105,-73.8978862,Residential,49
r0109_c0037,40.696105,-73.8961033,Residential,69
r0109_c0038,40.696105,-73.8943203,Residential,74
r0109_c0039,40.696105,-73.8925374,Residential,72
r0109_c0040,40.696105,-73.8907545,Residential,69
r0109_c0041,40.696105,-73.8889716,Residential,63
r0109_c0042,40.696105,-73.8871887,Residential,27
r0109_c0055,40.696105,-73.8640108,Residential,10
r0109_c0056,40.696105,-73.8622279,Residential,18
r0109_c0057,40.696105,-73.860445,Residential,40
r0109_c0058,40.696105,-73.8586621,Residential,36
r0109_c0059,40.696105,-73.8568792,Residential,58
r0109_c0060,40.696105,-73.8550963,Residential,63
r0109_c0061,40.696105,-73.8533134,Residential,40
r0109_c0062,40.696105,-73.8515304,Residential,46
r0109_c0063,40.696105,-73.8497475,Residential,50
r0109_c0064,40.696105,-73.8479646,Residential,53
r0109_c0065,40.696105,-73.8461817,Residential,52
r0109_c0066,40.696105,-73.8443988,Residential,57
r0109_c0067,40.696105,-73.8426159,Residential,50
r0109_c0068,40.696105,-73.840833,Residential,70
r0109_c0069,40.696105,-73.8390501,Mixed-Use,55
r0109_c0070,40.696105,-73.8372672,Residential,51
r0109_c0071,40.696105,-73.8354842,Residential,51
r0109_c0072,40.696105,-73.8337013,Residential,36
r0109_c0073,40.696105,-73.8319184,Residential,47
r0109_c0074,40.696105,-73.8301355,Residential,47
r0109_c0075,40.696105,-73.8283526,Residential,25
r0109_c0076,40.696105,-73.8265697,Residential,42
r0109_c0079,40.696105,-73.8212209,Mixed-Use,4
r0109_c0080,40.696105,-73.819438,Mixed-Use,15
r0109_c0081,40.696105,-73.8176551,Residential,39
r0109_c0082,40.696105,-73.8158722,Residential,53
r0109_c0083,40.696105,-73.8140893,Residential,50
r0109_c0084,40.696105,-73.8123064,Residential,27
r0109_c0085,40.696105,-73.8105235,Residential,55
r0109_c0086,40.696105,-73.8087406,Residential,61
r0109_c0087,40.696105,-73.8069576,Residential,52
r0109_c0088,40.696105,-73.8051747,Mixed-Use,22
r0109_c0089,40.696105,-73.8033918,Industrial,38
r0109_c0090,40.696105,-73.8016089,Mixed-Use,37
r0109_c0091,40.696105,-73.799826,Residential,35
r0109_c0092,40.696105,-73.7980431,Residential,63
r0109_c0093,40.696105,-73.7962602,Mixed-Use,36
r0109_c0094,40.696105,-73.7944773,Residential,4
r0109_c0095,40.696105,-73.7926944,Residential,49
r0109_c0096,40.696105,-73.7909114,Residential,60
r0109_c0097,40.696105,-73.7891285,Residential,53
r0109_c0098,40.696105,-73.7873456,Residential,48
r0109_c0099,40.696105,-73.7855627,Residential,50
r0109_c0100,40.696105,-73.7837798,Residential,44
r0109_c0101,40.696105,-73.7819969,Residential,47
r0109_c0102,40.696105,-73.780214,Residential,66
r0109_c0103,40.696105,-73.7784311,Residential,50
r0109_c0104,40.696105,-73.7766481,Residential,38
r0109_c0105,40.696105,-73.7748652,Residential,47
r0109_c0106,40.696105,-73.7730823,Residential,39
r0109_c0107,40.696105,-73.7712994,Residential,35
r0109_c0108,40.696105,-73.7695165,Residential,22
r0109_c0109,40.696105,-73.7677336,Residential,46
r0109_c0110,40.696105,-73.7659507,Residential,38
r0109_c0111,40.696105,-73.7641678,Residential,40
r0109_c0112,40.696105,-73.7623848,Residential,34
r0109_c0113,40.696105,-73.7606019,Residential,63
r0109_c0114,40.696105,-73.758819,Residential,53
r0109_c0115,40.696105,-73.7570361,Residential,55
r0109_c0116,40.696105,-73.7552532,Residential,59
r0109_c0117,40.696105,-73.7534703,Residential,49
r0109_c0118,40.696105,-73.7516874,Residential,49
r0109_c0119,40.696105,-73.7499045,Residential,59
r0109_c0120,40.696105,-73.7481216,Residential,45
r0109_c0121,40.696105,-73.7463386,Commercial,25
r0109_c0122,40.696105,-73.7445557,Mixed-Use,26
r0109_c0123,40.696105,-73.7427728,Commercial,34
r0109_c0124,40.696105,-73.7409899,Residential,63
r0109_c0125,40.696105,-73.739207,Residential,44
r0109_c0126,40.696105,-73.7374241,Residential,50
r0109_c0127,40.696105,-73.7356412,Residential,49
r0109_c0128,40.696105,-73.7338583,Residential,49
r0109_c0129,40.696105,-73.7320753,Residential,51
r0109_c0130,40.696105,-73.7302924,Residential,39
r0109_c0131,40.696105,-73.7285095,Residential,41
r0110_c0031,40.6974564,-73.9068007,Residential,44
r0110_c0032,40.6974564,-73.9050178,Industrial,25
r0110_c0033,40.6974564,-73.9032349,Residential,47
r0110_c0034,40.6974564,-73.901452,Residential,73
r0110_c0035,40.6974564,-73.8996691,Residential,68
r0110_c0036,40.6974564,-73.8978862,Mixed-Use,23
r0110_c0037,40.6974564,-73.8961033,Open Space,42
r0110_c0038,40.6974564,-73.8943203,Residential,85
r0110_c0039,40.6974564,-73.8925374,Residential,69
r0110_c0040,40.6974564,-73.8907545,Residential,73
r0110_c0041,40.6974564,-73.8889716,Residential,71
r0110_c0042,40.6974564,-73.8871887,Residential,13
r0110_c0059,40.6974564,-73.8568792,Residential,8
r0110_c0060,40.6974564,-73.8550963,Residential,19
r0110_c0061,40.6974564,-73.8533134,Residential,26
r0110_c0062,40.6974564,-73.8515304,Residential,59
r0110_c0063,40.6974564,-73.8497475,Residential,57
r0110_c0064,40.6974564,-73.8479646,Residential,28
r0110_c0065,40.6974564,-73.8461817,Residential,69
r0110_c0066,40.6974564,-73.8443988,Residential,61
r0110_c0067,40.6974564,-73.8426159,Residential,45
r0110_c0068,40.6974564,-73.840833,Residential,40
r0110_c0069,40.6974564,-73.8390501,Residential,38
r0110_c0070,40.6974564,-73.8372672,Residential,54
r0110_c0071,40.6974564,-73.8354842,Residential,48
r0110_c0072,40.6974564,-73.8337013,Residential,55
r0110_c0073,40.6974564,-73.8319184,Residential,45
r0110_c0074,40.6974564,-73.8301355,Residential,39
r0110_c0075,40.6974564,-73.8283526,Residential,46
r0110_c0076,40.6974564,-73.8265697,Residential,16
r0110_c0078,40.6974564,-73.8230039,Mixed-Use,3
r0110_c0079,40.6974564,-73.8212209,Industrial,12
r0110_c0080,40.6974564,-73.819438,Residential,10
r0110_c0081,40.6974564,-73.8176551,Mixed-Use,4
r0110_c0082,40.6974564,-73.8158722,Commercial,3
r0110_c0083,40.6974564,-73.8140893,Industrial,4
r0110_c0084,40.6974564,-73.8123064,Open Space,15
r0110_c0085,40.6974564,-73.8105235,Industrial,16
r0110_c0086,40.6974564,-73.8087406,Residential,56
r0110_c0087,40.6974564,-73.8069576,Residential,42
r0110_c0088,40.6974564,-73.8051747,Residential,57
r0110_c0089,40.6974564,-73.8033918,Mixed-Use,45
r0110_c0090,40.6974564,-73.8016089,Industrial,33
r0110_c0092,40.6974564,-73.7980431,Mixed-Use,32
r0110_c0093,40.6974564,-73.7962602,Residential,5
r0110_c0094,40.6974564,-73.7944773,Residential,22
r0110_c0095,40.6974564,-73.7926944,Residential,52
r0110_c0096,40.6974564,-73.7909114,Residential,61
r0110_c0097,40.6974564,-73.7891285,Residential,45
r0110_c0098,40.6974564,-73.7873456,Mixed-Use,21
r0110_c0099,40.6974564,-73.7855627,Institutional,19
r0110_c0100,40.6974564,-73.7837798,Residential,22
r0110_c0101,40.6974564,-73.7819969,Residential,25
r0110_c0102,40.6974564,-73.780214,Residential,58
r0110_c0103,40.6974564,-73.7784311,Residential,46
r0110_c0104,40.6974564,-73.7766481,Residential,53
r0110_c0105,40.6974564,-73.7748652,Residential,45
r0110_c0106,40.6974564,-73.7730823,Residential,37
r0110_c0107,40.6974564,-73.7712994,Residential,32
r0110_c0108,40.6974564,-73.7695165,Residential,46
r0110_c0109,40.6974564,-73.7677336,Residential,39
r0110_c0110,40.6974564,-73.7659507,Residential,36
r0110_c0111,40.6974564,-73.7641678,Residential,33
r0110_c0112,40.6974564,-73.7623848,Residential,47
r0110_c0113,40.6974564,-73.7606019,Residential,54
r0110_c0114,40.6974564,-73.758819,Residential,64
r0110_c0115,40.6974564,-73.7570361,Residential,59
r0110_c0116,40.6974564,-73.7552532,Residential,66
r0110_c0117,40.6974564,-73.7534703,Residential,64
r0110_c0118,40.6974564,-73.7516874,Residential,66
r0110_c0119,40.6974564,-73.7499045,Residential,74
r0110_c0120,40.6974564,-73.7481216,Residential,68
r0110_c0121,40.6974564,-73.7463386,Residential,31
r0110_c0122,40.6974564,-73.7445557,Residential,46
r0110_c0123,40.6974564,-73.7427728,Residential,38
r0110_c0124,40.6974564,-73.7409899,Institutional,44
r0110_c0125,40.6974564,-73.739207,Residential,39
r0110_c0126,40.6974564,-73.7374241,Residential,60
r0110_c0127,40.6974564,-73.7356412,Residential,46
r0110_c0128,40.6974564,-73.7338583,Residential,39
r0110_c0129,40.6974564,-73.7320753,Residential,71
r0110_c0130,40.6974564,-73.7302924,Residential,43
r0110_c0131,40.6974564,-73.7285095,Residential,35
r0111_c0029,40.6988077,-73.9103665,Commercial,5
r0111_c0030,40.6988077,-73.9085836,Residential,32
r0111_c0031,40.6988077,-73.9068007,Residential,76
r0111_c0032,40.6988077,-73.9050178,Mixed-Use,32
r0111_c0033,40.6988077,-73.9032349,Institutional,24
r0111_c0034,40.6988077,-73.901452,Residential,59
r0111_c0035,40.6988077,-73.8996691,Residential,72
r0111_c0036,40.6988077,-73.8978862,Residential,51
r0111_c0037,40.6988077,-73.8961033,Industrial,27
r0111_c0038,40.6988077,-73.8943203,Residential,71
r0111_c0039,40.6988077,-73.8925374,Residential,88
r0111_c0040,40.6988077,-73.8907545,Residential,77
r0111_c0041,40.6988077,-73.8889716,Residential,58
r0111_c0062,40.6988077,-73.8515304,Residential,14
r0111_c0063,40.6988077,-73.8497475,Residential,11
r0111_c0064,40.6988077,-73.8479646,Residential,13
r0111_c0065,40.6988077,-73.8461817,Residential,45
r0111_c0066,40.6988077,-73.8443988,Residential,50
r0111_c0067,40.6988077,-73.8426159,Residential,48
r0111_c0068,40.6988077,-73.840833,Residential,49
r0111_c0069,40.6988077,-73.8390501,Residential,39
r0111_c0070,40.6988077,-73.8372672,Residential,24
r0111_c0071,40.6988077,-73.8354842,Institutional,27
r0111_c0072,40.6988077,-73.8337013,Mixed-Use,41
r0111_c0073,40.6988077,-73.8319184,Residential,53
r0111_c0074,40.6988077,-73.8301355,Mixed-Use,22
r0111_c0075,40.6988077,-73.8283526,Mixed-Use,8
r0111_c0076,40.6988077,-73.8265697,Industrial,34
r0111_c0077,40.6988077,-73.8247868,Residential,37
r0111_c0078,40.6988077,-73.8230039,Residential,45
r0111_c0079,40.6988077,-73.8212209,Residential,46
r0111_c0080,40.6988077,-73.819438,Industrial,29
r0111_c0081,40.6988077,-73.8176551,Residential,15
r0111_c0082,40.6988077,-73.8158722,Mixed-Use,24
r0111_c0085,40.6988077,-73.8105235,Mixed-Use,3
r0111_c0086,40.6988077,-73.8087406,Mixed-Use,4
r0111_c0087,40.6988077,-73.8069576,Commercial,20
r0111_c0088,40.6988077,-73.8051747,Residential,27
r0111_c0089,40.6988077,-73.8033918,Industrial,22
r0111_c0090,40.6988077,-73.8016089,Mixed-Use,19
r0111_c0091,40.6988077,-73.799826,Industrial,7
r0111_c0094,40.6988077,-73.7944773,Residential,45
r0111_c0095,40.6988077,-73.7926944,Residential,76
r0111_c0096,40.6988077,-73.7909114,Residential,62
r0111_c0097,40.6988077,-73.7891285,Institutional,37
r0111_c0098,40.6988077,-73.7873456,Mixed-Use,27
r0111_c0099,40.6988077,-73.7855627,Residential,53
r0111_c0100,40.6988077,-73.7837798,Residential,57
r0111_c0101,40.6988077,-73.7819969,Residential,52
r0111_c0102,40.6988077,-73.780214,Residential,62
r0111_c0103,40.6988077,-73.7784311,Residential,58
r0111_c0104,40.6988077,-73.7766481,Residential,31
r0111_c0105,40.6988077,-73.7748652,Residential,28
r0111_c0106,40.6988077,-73.7730823,Residential,42
r0111_c0107,40.6988077,-73.7712994,Mixed-Use,19
r0111_c0108,40.6988077,-73.7695165,Residential,41
r0111_c0109,40.6988077,-73.7677336,Residential,49
r0111_c0110,40.6988077,-73.7659507,Residential,48
r0111_c0111,40.6988077,-73.7641678,Residential,32
r0111_c0112,40.6988077,-73.7623848,Residential,61
r0111_c0113,40.6988077,-73.7606019,Residential,54
r0111_c0114,40.6988077,-73.758819,Residential,52
r0111_c0115,40.6988077,-73.7570361,Residential,67
r0111_c0116,40.6988077,-73.7552532,Residential,90
r0111_c0117,40.6988077,-73.7534703,Residential,61
r0111_c0118,40.6988077,-73.7516874,Residential,55
r0111_c0119,40.6988077,-73.7499045,Residential,52
r0111_c0120,40.6988077,-73.7481216,Residential,44
r0111_c0122,40.6988077,-73.7445557,Residential,41
r0111_c0123,40.6988077,-73.7427728,Residential,45
r0111_c0124,40.6988077,-73.7409899,Residential,48
r0111_c0125,40.6988077,-73.739207,Residential,28
r0111_c0126,40.6988077,-73.7374241,Residential,32
r0111_c0127,40.6988077,-73.7356412,Residential,44
r0111_c0128,40.6988077,-73.7338583,Residential,44
r0111_c0129,40.6988077,-73.7320753,Residential,51
r0111_c0130,40.6988077,-73.7302924,Residential,54
r0111_c0131,40.6988077,-73.7285095,Residential,33
r0112_c0028,40.7001591,-73.9121495,Mixed-Use,4
r0112_c0029,40.7001591,-73.9103665,Commercial,12
r0112_c0030,40.7001591,-73.9085836,Residential,49
r0112_c0031,40.7001591,-73.9068007,Mixed-Use,51
r0112_c0032,40.7001591,-73.9050178,Mixed-Use,42
r0112_c0033,40.7001591,-73.9032349,Mixed-Use,50
r0112_c0034,40.7001591,-73.901452,Residential,63
r0112_c0035,40.7001591,-73.8996691,Residential,49
r0112_c0036,40.7001591,-73.8978862,Residential,65
r0112_c0037,40.7001591,-73.8961033,Mixed-Use,36
r0112_c0038,40.7001591,-73.8943203,Residential,61
r0112_c0039,40.7001591,-73.8925374,Residential,79
r0112_c0040,40.7001591,-73.8907545,Residential,67
r0112_c0041,40.7001591,-73.8889716,Residential,75
r0112_c0042,40.7001591,-73.8871887,Residential,54
r0112_c0043,40.7001591,-73.8854058,Residential,45
r0112_c0044,40.7001591,-73.8836229,Residential,19
r0112_c0045,40.7001591,-73.88184,Residential,27
r0112_c0046,40.7001591,-73.880057,Residential,44
r0112_c0047,40.7001591,-73.8782741,Residential,5
r0112_c0066,40.7001591,-73.8443988,Residential,12
r0112_c0067,40.7001591,-73.8426159,Residential,55
r0112_c0068,40.7001591,-73.840833,Residential,46
r0112_c0069,40.7001591,-73.8390501,Residential,40
r0112_c0070,40.7001591,-73.8372672,Residential,48
r0112_c0071,40.7001591,-73.8354842,Residential,40
r0112_c0072,40.7001591,-73.8337013,Residential,54
r0112_c0073,40.7001591,-73.8319184,Mixed-Use,21
r0112_c0074,40.7001591,-73.8301355,Mixed-Use,42
r0112_c0075,40.7001591,-73.8283526,Mixed-Use,23
r0112_c0076,40.7001591,-73.8265697,Residential,56
r0112_c0077,40.7001591,-73.8247868,Residential,72
r0112_c0078,40.7001591,-73.8230039,Residential,85
r0112_c0079,40.7001591,-73.8212209,Industrial,18
r0112_c0080,40.7001591,-73.819438,Mixed-Use,32
r0112_c0081,40.7001591,-73.8176551,Residential,33
r0112_c0082,40.7001591,-73.8158722,Institutional,4
r0112_c0083,40.7001591,-73.8140893,Residential,33
r0112_c0084,40.7001591,-73.8123064,Residential,52
r0112_c0085,40.7001591,-73.8105235,Mixed-Use,27
r0112_c0086,40.7001591,-73.8087406,Industrial,10
r0112_c0087,40.7001591,-73.8069576,Mixed-Use,4
r0112_c0088,40.7001591,-73.8051747,Mixed-Use,11
r0112_c0089,40.7001591,-73.8033918,Industrial,12
r0112_c0090,40.7001591,-73.8016089,Industrial,15
r0112_c0091,40.7001591,-73.799826,Commercial,6
r0112_c0093,40.7001591,-73.7962602,Institutional,3
r0112_c0095,40.7001591,-73.7926944,Mixed-Use,55
r0112_c0096,40.7001591,-73.7909114,Residential,46
r0112_c0097,40.7001591,-73.7891285,Mixed-Use,14
r0112_c0098,40.7001591,-73.7873456,Residential,52
r0112_c0099,40.7001591,-73.7855627,Residential,55
r0112_c0100,40.7001591,-73.7837798,Residential,48
r0112_c0101,40.7001591,-73.7819969,Residential,44
r0112_c0102,40.7001591,-73.780214,Residential,49
r0112_c0103,40.7001591,-73.7784311,Mixed-Use,14
r0112_c0104,40.7001591,-73.7766481,Industrial,4
r0112_c0106,40.7001591,-73.7730823,Industrial,7
r0112_c0107,40.7001591,-73.7712994,Residential,32
r0112_c0108,40.7001591,-73.7695165,Residential,38
r0112_c0109,40.7001591,-73.7677336,Residential,41
r0112_c0110,40.7001591,-73.7659507,Residential,50
r0112_c0111,40.7001591,-73.7641678,Residential,38
r0112_c0112,40.7001591,-73.7623848,Residential,47
r0112_c0113,40.7001591,-73.7606019,Residential,55
r0112_c0114,40.7001591,-73.758819,Residential,36
r0112_c0115,40.7001591,-73.7570361,Residential,46
r0112_c0116,40.7001591,-73.7552532,Residential,50
r0112_c0117,40.7001591,-73.7534703,Residential,54
r0112_c0118,40.7001591,-73.7516874,Residential,70
r0112_c0119,40.7001591,-73.7499045,Residential,61
r0112_c0120,40.7001591,-73.7481216,Residential,42
r0112_c0121,40.7001591,-73.7463386,Residential,38
r0112_c0122,40.7001591,-73.7445557,Residential,48
r0112_c0123,40.7001591,-73.7427728,Residential,41
r0112_c0124,40.7001591,-73.7409899,Residential,90
r0112_c0125,40.7001591,-73.739207,Residential,42
r0112_c0126,40.7001591,-73.7374241,Residential,38
r0112_c0127,40.7001591,-73.7356412,Residential,42
r0112_c0128,40.7001591,-73.7338583,Residential,50
r0112_c0129,40.7001591,-73.7320753,Residential,56
r0112_c0130,40.7001591,-73.7302924,Residential,39
r0112_c0131,40.7001591,-73.7285095,Residential,45
r0113_c0028,40.7015104,-73.9121495,Residential,13
r0113_c0029,40.7015104,-73.9103665,Residential,55
r0113_c0030,40.7015104,-73.9085836,Residential,47
r0113_c0031,40.7015104,-73.9068007,Residential,66
r0113_c0032,40.7015104,-73.9050178,Residential,59
r0113_c0033,40.7015104,-73.9032349,Residential,52
r0113_c0034,40.7015104,-73.901452,Residential,80
r0113_c0035,40.7015104,-73.8996691,Residential,69
r0113_c0036,40.7015104,-73.8978862,Residential,92
r0113_c0037,40.7015104,-73.8961033,Residential,75
r0113_c0038,40.7015104,-73.8943203,Residential,30
r0113_c0039,40.7015104,-73.8925374,Mixed-Use,33
r0113_c0040,40.7015104,-73.8907545,Commercial,26
r0113_c0041,40.7015104,-73.8889716,Residential,70
r0113_c0042,40.7015104,-73.8871887,Residential,74
r0113_c0043,40.7015104,-73.8854058,Residential,62
r0113_c0044,40.7015104,-73.8836229,Institutional,36
r0113_c0045,40.7015104,-73.88184,Mixed-Use,55
r0113_c0046,40.7015104,-73.880057,Residential,62
r0113_c0047,40.7015104,-73.8782741,Residential,56
r0113_c0048,40.7015104,-73.8764912,Residential,22
r0113_c0058,40.7015104,-73.8586621,Residential,23
r0113_c0059,40.7015104,-73.8568792,Residential,26
r0113_c0068,40.7015104,-73.840833,Residential,14
r0113_c0069,40.7015104,-73.8390501,Residential,32
r0113_c0070,40.7015104,-73.8372672,Residential,36
r0113_c0071,40.7015104,-73.8354842,Residential,26
r0113_c0072,40.7015104,-73.8337013,Residential,26
r0113_c0073,40.7015104,-73.8319184,Residential,35
r0113_c0074,40.7015104,-73.8301355,Residential,32
r0113_c0075,40.7015104,-73.8283526,Residential,59
r0113_c0076,40.7015104,-73.8265697,Residential,70
r0113_c0077,40.7015104,-73.8247868,Residential,74
r0113_c0078,40.7015104,-73.8230039,Residential,28
r0113_c0079,40.7015104,-73.8212209,Mixed-Use,14
r0113_c0080,40.7015104,-73.819438,Residential,52
r0113_c0081,40.7015104,-73.8176551,Residential,24
r0113_c0082,40.7015104,-73.8158722,Institutional,7
r0113_c0083,40.7015104,-73.8140893,Residential,42
r0113_c0084,40.7015104,-73.8123064,Residential,46
r0113_c0085,40.7015104,-73.8105235,Residential,49
r0113_c0086,40.7015104,-73.8087406,Mixed-Use,33
r0113_c0087,40.7015104,-73.8069576,Commercial,36
r0113_c0088,40.7015104,-73.8051747,Commercial,23
r0113_c0089,40.7015104,-73.8033918,Mixed-Use,7
r0113_c0090,40.7015104,-73.8016089,Mixed-Use,3
r0113_c0091,40.7015104,-73.799826,Open Space,3
r0113_c0096,40.7015104,-73.7909114,Mixed-Use,8
r0113_c0097,40.7015104,-73.7891285,Residential,44
r0113_c0098,40.7015104,-73.7873456,Residential,56
r0113_c0099,40.7015104,-73.7855627,Residential,73
r0113_c0100,40.7015104,-73.7837798,Residential,25
r0113_c0101,40.7015104,-73.7819969,Residential,54
r0113_c0102,40.7015104,-73.780214,Residential,76
r0113_c0103,40.7015104,-73.7784311,Mixed-Use,9
r0113_c0104,40.7015104,-73.7766481,Industrial,3
r0113_c0106,40.7015104,-73.7730823,Residential,17
r0113_c0107,40.7015104,-73.7712994,Residential,38
r0113_c0108,40.7015104,-73.7695165,Residential,37
r0113_c0109,40.7015104,-73.7677336,Residential,31
r0113_c0110,40.7015104,-73.7659507,Residential,47
r0113_c0111,40.7015104,-73.7641678,Residential,51
r0113_c0112,40.7015104,-73.7623848,Residential,46
r0113_c0113,40.7015104,-73.7606019,Residential,65
r0113_c0114,40.7015104,-73.758819,Residential,44
r0113_c0115,40.7015104,-73.7570361,Residential,41
r0113_c0116,40.7015104,-73.7552532,Residential,47
r0113_c0117,40.7015104,-73.7534703,Residential,52
r0113_c0118,40.7015104,-73.7516874,Residential,69
r0113_c0119,40.7015104,-73.7499045,Residential,57
r0113_c0120,40.7015104,-73.7481216,Residential,52
r0113_c0121,40.7015104,-73.7463386,Residential,52
r0113_c0122,40.7015104,-73.7445557,Residential,59
r0113_c0123,40.7015104,-73.7427728,Residential,57
r0113_c0124,40.7015104,-73.7409899,Residential,54
r0113_c0125,40.7015104,-73.739207,Residential,55
r0113_c0126,40.7015104,-73.7374241,Residential,50
r0113_c0127,40.7015104,-73.7356412,Residential,42
r0113_c0128,40.7015104,-73.7338583,Residential,36
r0113_c0129,40.7015104,-73.7320753,Residential,39
r0113_c0130,40.7015104,-73.7302924,Residential,43
r0113_c0131,40.7015104,-73.7285095,Residential,42
r0114_c0028,40.7028618,-73.9121495,Residential,53
r0114_c0029,40.7028618,-73.9103665,Residential,70
r0114_c0030,40.7028618,-73.9085836,Residential,59
r0114_c0031,40.7028618,-73.9068007,Residential,69
r0114_c0032,40.7028618,-73.9050178,Residential,56
r0114_c0033,40.7028618,-73.9032349,Residential,59
r0114_c0034,40.7028618,-73.901452,Residential,62
r0114_c0035,40.7028618,-73.8996691,Residential,89
r0114_c0036,40.7028618,-73.8978862,Residential,75
r0114_c0037,40.7028618,-73.8961033,Residential,79
r0114_c0038,40.7028618,-73.8943203,Residential,60
r0114_c0039,40.7028618,-73.8925374,Mixed-Use,27
r0114_c0040,40.7028618,-73.8907545,Residential,65
r0114_c0041,40.7028618,-73.8889716,Residential,60
r0114_c0042,40.7028618,-73.8871887,Residential,72
r0114_c0043,40.7028618,-73.8854058,Residential,84
r0114_c0044,40.7028618,-73.8836229,Residential,61
r0114_c0045,40.7028618,-73.88184,Residential,59
r0114_c0046,40.7028618,-73.880057,Residential,56
r0114_c0047,40.7028618,-73.8782741,Residential,71
r0114_c0048,40.7028618,-73.8764912,Residential,50
r0114_c0049,40.7028618,-73.8747083,Residential,69
r0114_c0050,40.7028618,-73.8729254,Residential,55
r0114_c0051,40.7028618,-73.8711425,Residential,40
r0114_c0052,40.7028618,-73.8693596,Residential,37
r0114_c0053,40.7028618,-73.8675767,Mixed-Use,26
r0114_c0054,40.7028618,-73.8657937,Residential,18
r0114_c0055,40.7028618,-73.8640108,Residential,4
r0114_c0057,40.7028618,-73.860445,Mixed-Use,18
r0114_c0058,40.7028618,-73.8586621,Residential,31
r0114_c0059,40.7028618,-73.8568792,Residential,47
r0114_c0060,40.7028618,-73.8550963,Residential,28
r0114_c0061,40.7028618,-73.8533134,Residential,23
r0114_c0069,40.7028618,-73.8390501,Residential,20
r0114_c0070,40.7028618,-73.8372672,Residential,38
r0114_c0071,40.7028618,-73.8354842,Residential,36
r0114_c0072,40.7028618,-73.8337013,Residential,28
r0114_c0073,40.7028618,-73.8319184,Residential,24
r0114_c0074,40.7028618,-73.8301355,Residential,41
r0114_c0075,40.7028618,-73.8283526,Residential,67
r0114_c0076,40.7028618,-73.8265697,Residential,51
r0114_c0077,40.7028618,-73.8247868,Residential,25
r0114_c0078,40.7028618,-73.8230039,Mixed-Use,30
r0114_c0079,40.7028618,-73.8212209,Residential,55
r0114_c0080,40.7028618,-73.819438,Commercial,41
r0114_c0081,40.7028618,-73.8176551,Residential,37
r0114_c0082,40.7028618,-73.8158722,Mixed-Use,33
r0114_c0083,40.7028618,-73.8140893,Mixed-Use,29
r0114_c0084,40.7028618,-73.8123064,Residential,72
r0114_c0085,40.7028618,-73.8105235,Residential,66
r0114_c0086,40.7028618,-73.8087406,Mixed-Use,38
r0114_c0087,40.7028618,-73.8069576,Residential,23
r0114_c0088,40.7028618,-73.8051747,Residential,19
r0114_c0090,40.7028618,-73.8016089,Commercial,16
r0114_c0092,40.7028618,-73.7980431,Mixed-Use,9
r0114_c0093,40.7028618,-73.7962602,Mixed-Use,9
r0114_c0095,40.7028618,-73.7926944,Mixed-Use,14
r0114_c0096,40.7028618,-73.7909114,Mixed-Use,26
r0114_c0097,40.7028618,-73.7891285,Residential,61
r0114_c0098,40.7028618,-73.7873456,Residential,67
r0114_c0099,40.7028618,-73.7855627,Residential,46
r0114_c0100,40.7028618,-73.7837798,Open Space,27
r0114_c0101,40.7028618,-73.7819969,Residential,73
r0114_c0102,40.7028618,-73.780214,Residential,59
r0114_c0103,40.7028618,-73.7784311,Residential,46
r0114_c0106,40.7028618,-73.7730823,Residential,40
r0114_c0107,40.7028618,-73.7712994,Residential,63
r0114_c0108,40.7028618,-73.7695165,Residential,41
r0114_c0109,40.7028618,-73.7677336,Residential,37
r0114_c0110,40.7028618,-73.7659507,Institutional,22
r0114_c0111,40.7028618,-73.7641678,Residential,34
r0114_c0112,40.7028618,-73.7623848,Residential,36
r0114_c0113,40.7028618,-73.7606019,Residential,36
r0114_c0114,40.7028618,-73.758819,Residential,39
r0114_c0115,40.7028618,-73.7570361,Residential,37
r0114_c0116,40.7028618,-73.7552532,Residential,43
r0114_c0117,40.7028618,-73.7534703,Residential,50
r0114_c0118,40.7028618,-73.7516874,Residential,76
r0114_c0119,40.7028618,-73.7499045,Residential,61
r0114_c0120,40.7028618,-73.7481216,Residential,60
r0114_c0121,40.7028618,-73.7463386,Residential,56
r0114_c0122,40.7028618,-73.7445557,Residential,45
r0114_c0123,40.7028618,-73.7427728,Residential,44
r0114_c0124,40.7028618,-73.7409899,Residential,51
r0114_c0125,40.7028618,-73.739207,Residential,61
r0114_c0126,40.7028618,-73.7374241,Residential,51
r0114_c0127,40.7028618,-73.7356412,Residential,54
r0114_c0128,40.7028618,-73.7338583,Residential,48
r0114_c0129,40.7028618,-73.7320753,Residential,55
r0114_c0130,40.7028618,-73.7302924,Residential,45
r0114_c0131,40.7028618,-73.7285095,Residential,33
r0115_c0027,40.7042131,-73.9139324,Residential,11
r0115_c0028,40.7042131,-73.9121495,Residential,45
r0115_c0029,40.7042131,-73.9103665,Residential,70
r0115_c0030,40.7042131,-73.9085836,Residential,60
r0115_c0031,40.7042131,-73.9068007,Residential,78
r0115_c0032,40.7042131,-73.9050178,Residential,50
r0115_c0033,40.7042131,-73.9032349,Residential,51
r0115_c0034,40.7042131,-73.901452,Residential,63
r0115_c0035,40.7042131,-73.8996691,Residential,80
r0115_c0036,40.7042131,-73.8978862,Residential,88
r0115_c0037,40.7042131,-73.8961033,Mixed-Use,53
r0115_c0038,40.7042131,-73.8943203,Residential,45
r0115_c0039,40.7042131,-73.8925374,Residential,66
r0115_c0040,40.7042131,-73.8907545,Residential,30
r0115_c0041,40.7042131,-73.8889716,Residential,73
r0115_c0042,40.7042131,-73.8871887,Residential,70
r0115_c0043,40.7042131,-73.8854058,Residential,76
r0115_c0044,40.7042131,-73.8836229,Residential,61
r0115_c0045,40.7042131,-73.88184,Residential,58
r0115_c0046,40.7042131,-73.880057,Residential,63
r0115_c0047,40.7042131,-73.8782741,Residential,61
r0115_c0048,40.7042131,-73.8764912,Residential,62
r0115_c0049,40.7042131,-73.8747083,Residential,53
r0115_c0050,40.7042131,-73.8729254,Residential,69
r0115_c0051,40.7042131,-73.8711425,Residential,75
r0115_c0052,40.7042131,-73.8693596,Residential,82
r0115_c0053,40.7042131,-73.8675767,Residential,74
r0115_c0054,40.7042131,-73.8657937,Residential,68
r0115_c0055,40.7042131,-73.8640108,Residential,74
r0115_c0056,40.7042131,-73.8622279,Residential,44
r0115_c0057,40.7042131,-73.860445,Residential,58
r0115_c0058,40.7042131,-73.8586621,Residential,70
r0115_c0059,40.7042131,-73.8568792,Residential,43
r0115_c0060,40.7042131,-73.8550963,Residential,34
r0115_c0061,40.7042131,-73.8533134,Mixed-Use,7
r0115_c0070,40.7042131,-73.8372672,Residential,14
r0115_c0071,40.7042131,-73.8354842,Residential,24
r0115_c0072,40.7042131,-73.8337013,Residential,20
r0115_c0073,40.7042131,-73.8319184,Residential,33
r0115_c0074,40.7042131,-73.8301355,Residential,48
r0115_c0075,40.7042131,-73.8283526,Residential,71
r0115_c0076,40.7042131,-73.8265697,Residential,56
r0115_c0077,40.7042131,-73.8247868,Mixed-Use,17
r0115_c0078,40.7042131,-73.8230039,Residential,46
r0115_c0079,40.7042131,-73.8212209,Residential,36
r0115_c0080,40.7042131,-73.819438,Residential,32
r0115_c0081,40.7042131,-73.8176551,Institutional,17
r0115_c0082,40.7042131,-73.8158722,Commercial,14
r0115_c0083,40.7042131,-73.8140893,Commercial,34
r0115_c0084,40.7042131,-73.8123064,Residential,45
r0115_c0085,40.7042131,-73.8105235,Residential,59
r0115_c0086,40.7042131,-73.8087406,Institutional,19
r0115_c0087,40.7042131,-73.8069576,Residential,19
r0115_c0088,40.7042131,-73.8051747,Residential,6
r0115_c0089,40.7042131,-73.8033918,Open Space,10
r0115_c0090,40.7042131,-73.8016089,Institutional,18
r0115_c0091,40.7042131,-73.799826,Commercial,23
r0115_c0092,40.7042131,-73.7980431,Commercial,15
r0115_c0093,40.7042131,-73.7962602,Commercial,14
r0115_c0094,40.7042131,-73.7944773,Mixed-Use,8
r0115_c0095,40.7042131,-73.7926944,Commercial,13
r0115_c0096,40.7042131,-73.7909114,Institutional,6
r0115_c0097,40.7042131,-73.7891285,Industrial,16
r0115_c0098,40.7042131,-73.7873456,Mixed-Use,32
r0115_c0099,40.7042131,-73.7855627,Industrial,17
r0115_c0100,40.7042131,-73.7837798,Residential,58
r0115_c0101,40.7042131,-73.7819969,Residential,62
r0115_c0102,40.7042131,-73.780214,Residential,49
r0115_c0103,40.7042131,-73.7784311,Mixed-Use,14
r0115_c0105,40.7042131,-73.7748652,Industrial,8
r0115_c0106,40.7042131,-73.7730823,Residential,42
r0115_c0107,40.7042131,-73.7712994,Residential,46
r0115_c0108,40.7042131,-73.7695165,Residential,48
r0115_c0109,40.7042131,-73.7677336,Residential,55
r0115_c0110,40.7042131,-73.7659507,Residential,45
r0115_c0111,40.7042131,-73.7641678,Residential,41
r0115_c0112,40.7042131,-73.7623848,Residential,38
r0115_c0113,40.7042131,-73.7606019,Residential,35
r0115_c0114,40.7042131,-73.758819,Residential,41
r0115_c0115,40.7042131,-73.7570361,Residential,36
r0115_c0116,40.7042131,-73.7552532,Residential,42
r0115_c0117,40.7042131,-73.7534703,Residential,57
r0115_c0118,40.7042131,-73.7516874,Residential,68
r0115_c0119,40.7042131,-73.7499045,Residential,73
r0115_c0120,40.7042131,-73.7481216,Residential,55
r0115_c0121,40.7042131,-73.7463386,Residential,54
r0115_c0122,40.7042131,-73.7445557,Residential,45
r0115_c0123,40.7042131,-73.7427728,Residential,54
r0115_c0124,40.7042131,-73.7409899,Residential,38
r0115_c0125,40.7042131,-73.739207,Residential,54
r0115_c0126,40.7042131,-73.7374241,Residential,48
r0115_c0127,40.7042131,-73.7356412,Residential,34
r0115_c0128,40.7042131,-73.7338583,Residential,35
r0115_c0129,40.7042131,-73.7320753,Residential,39
r0115_c0130,40.7042131,-73.7302924,Residential,38
r0115_c0131,40.7042131,-73.7285095,Residential,37
r0116_c0026,40.7055645,-73.9157153,Residential,24
r0116_c0027,40.7055645,-73.9139324,Residential,63
r0116_c0028,40.7055645,-73.9121495,Residential,52
r0116_c0029,40.7055645,-73.9103665,Residential,65
r0116_c0030,40.7055645,-73.9085836,Residential,62
r0116_c0031,40.7055645,-73.9068007,Residential,65
r0116_c0032,40.7055645,-73.9050178,Residential,58
r0116_c0033,40.7055645,-73.9032349,Institutional,23
r0116_c0034,40.7055645,-73.901452,Residential,69
r0116_c0035,40.7055645,-73.8996691,Residential,80
r0116_c0036,40.7055645,-73.8978862,Residential,91
r0116_c0037,40.7055645,-73.8961033,Mixed-Use,44
r0116_c0038,40.7055645,-73.8943203,Residential,72
r0116_c0039,40.7055645,-73.8925374,Residential,77
r0116_c0040,40.7055645,-73.8907545,Mixed-Use,5
r0116_c0041,40.7055645,-73.8889716,Residential,39
r0116_c0042,40.7055645,-73.8871887,Residential,75
r0116_c0043,40.7055645,-73.8854058,Residential,71
r0116_c0044,40.7055645,-73.8836229,Residential,68
r0116_c0045,40.7055645,-73.88184,Residential,61
r0116_c0046,40.7055645,-73.880057,Residential,69
r0116_c0047,40.7055645,-73.8782741,Residential,52
r0116_c0048,40.7055645,-73.8764912,Residential,43
r0116_c0049,40.7055645,-73.8747083,Residential,50
r0116_c0050,40.7055645,-73.8729254,Residential,73
r0116_c0051,40.7055645,-73.8711425,Residential,83
r0116_c0052,40.7055645,-73.8693596,Residential,74
r0116_c0053,40.7055645,-73.8675767,Residential,59
r0116_c0054,40.7055645,-73.8657937,Residential,59
r0116_c0055,40.7055645,-73.8640108,Residential,72
r0116_c0056,40.7055645,-73.8622279,Residential,49
r0116_c0057,40.7055645,-73.860445,Residential,50
r0116_c0058,40.7055645,-73.8586621,Residential,39
r0116_c0059,40.7055645,-73.8568792,Residential,48
r0116_c0060,40.7055645,-73.8550963,Residential,22
r0116_c0070,40.7055645,-73.8372672,Residential,14
r0116_c0071,40.7055645,-73.8354842,Residential,17
r0116_c0072,40.7055645,-73.8337013,Residential,8
r0116_c0073,40.7055645,-73.8319184,Residential,26
r0116_c0074,40.7055645,-73.8301355,Residential,26
r0116_c0075,40.7055645,-73.8283526,Residential,45
r0116_c0076,40.7055645,-73.8265697,Mixed-Use,41
r0116_c0077,40.7055645,-73.8247868,Residential,57
r0116_c0078,40.7055645,-73.8230039,Residential,50
r0116_c0079,40.7055645,-73.8212209,Residential,38
r0116_c0080,40.7055645,-73.819438,Residential,25
r0116_c0081,40.7055645,-73.8176551,Commercial,3
r0116_c0082,40.7055645,-73.8158722,Mixed-Use,31
r0116_c0083,40.7055645,-73.8140893,Residential,65
r0116_c0084,40.7055645,-73.8123064,Residential,47
r0116_c0085,40.7055645,-73.8105235,Residential,46
r0116_c0086,40.7055645,-73.8087406,Mixed-Use,36
r0116_c0087,40.7055645,-73.8069576,Residential,18
r0116_c0088,40.7055645,-73.8051747,Residential,4
r0116_c0089,40.7055645,-73.8033918,Residential,15
r0116_c0090,40.7055645,-73.8016089,Mixed-Use,11
r0116_c0091,40.7055645,-73.799826,Mixed-Use,11
r0116_c0092,40.7055645,-73.7980431,Mixed-Use,18
r0116_c0093,40.7055645,-73.7962602,Commercial,16
r0116_c0094,40.7055645,-73.7944773,Commercial,26
r0116_c0095,40.7055645,-73.7926944,Commercial,14
r0116_c0096,40.7055645,-73.7909114,Residential,54
r0116_c0097,40.7055645,-73.7891285,Residential,42
r0116_c0098,40.7055645,-73.7873456,Residential,51
r0116_c0099,40.7055645,-73.7855627,Mixed-Use,32
r0116_c0100,40.7055645,-73.7837798,Mixed-Use,18
r0116_c0101,40.7055645,-73.7819969,Mixed-Use,16
r0116_c0102,40.7055645,-73.780214,Industrial,3
r0116_c0105,40.7055645,-73.7748652,Open Space,18
r0116_c0106,40.7055645,-73.7730823,Residential,27
r0116_c0107,40.7055645,-73.7712994,Residential,30
r0116_c0108,40.7055645,-73.7695165,Residential,43
r0116_c0109,40.7055645,-73.7677336,Residential,35
r0116_c0110,40.7055645,-73.7659507,Residential,45
r0116_c0111,40.7055645,-73.7641678,Residential,38
r0116_c0112,40.7055645,-73.7623848,Residential,33
r0116_c0113,40.7055645,-73.7606019,Residential,37
r0116_c0114,40.7055645,-73.758819,Residential,32
r0116_c0115,40.7055645,-73.7570361,Residential,46
r0116_c0116,40.7055645,-73.7552532,Residential,53
r0116_c0117,40.7055645,-73.7534703,Institutional,39
r0116_c0118,40.7055645,-73.7516874,Residential,49
r0116_c0119,40.7055645,-73.7499045,Residential,57
r0116_c0120,40.7055645,-73.7481216,Residential,55
r0116_c0121,40.7055645,-73.7463386,Residential,48
r0116_c0122,40.7055645,-73.7445557,Residential,49
r0116_c0123,40.7055645,-73.7427728,Residential,54
r0116_c0124,40.7055645,-73.7409899,Residential,61
r0116_c0125,40.7055645,-73.739207,Residential,37
r0116_c0126,40.7055645,-73.7374241,Residential,33
r0116_c0127,40.7055645,-73.7356412,Residential,38
r0116_c0128,40.7055645,-73.7338583,Residential,37
r0116_c0129,40.7055645,-73.7320753,Residential,28
r0116_c0130,40.7055645,-73.7302924,Residential,34
r0116_c0131,40.7055645,-73.7285095,Residential,36
r0117_c0025,40.7069158,-73.9174982,Residential,53
r0117_c0026,40.7069158,-73.9157153,Residential,45
r0117_c0027,40.7069158,-73.9139324,Residential,53
r0117_c0028,40.7069158,-73.9121495,Residential,61
r0117_c0029,40.7069158,-73.9103665,Residential,70
r0117_c0030,40.7069158,-73.9085836,Residential,71
r0117_c0031,40.7069158,-73.9068007,Residential,70
r0117_c0032,40.7069158,-73.9050178,Residential,64
r0117_c0033,40.7069158,-73.9032349,Residential,62
r0117_c0034,40.7069158,-73.901452,Residential,66
r0117_c0035,40.7069158,-73.8996691,Residential,63
r0117_c0036,40.7069158,-73.8978862,Residential,48
r0117_c0037,40.7069158,-73.8961033,Mixed-Use,23
r0117_c0038,40.7069158,-73.8943203,Mixed-Use,23
r0117_c0039,40.7069158,-73.8925374,Residential,31
r0117_c0046,40.7069158,-73.880057,Residential,4
r0117_c0047,40.7069158,-73.8782741,Mixed-Use,23
r0117_c0048,40.7069158,-73.8764912,Industrial,22
r0117_c0049,40.7069158,-73.8747083,Residential,31
r0117_c0050,40.7069158,-73.8729254,Mixed-Use,26
r0117_c0051,40.7069158,-73.8711425,Industrial,33
r0117_c0052,40.7069158,-73.8693596,Residential,33
r0117_c0053,40.7069158,-73.8675767,Residential,48
r0117_c0054,40.7069158,-73.8657937,Mixed-Use,43
r0117_c0055,40.7069158,-73.8640108,Residential,42
r0117_c0056,40.7069158,-73.8622279,Residential,40
r0117_c0057,40.7069158,-73.860445,Industrial,19
r0117_c0058,40.7069158,-73.8586621,Industrial,16
r0117_c0070,40.7069158,-73.8372672,Residential,19
r0117_c0071,40.7069158,-73.8354842,Mixed-Use,20
r0117_c0072,40.7069158,-73.8337013,Residential,18
r0117_c0073,40.7069158,-73.8319184,Residential,22
r0117_c0074,40.7069158,-73.8301355,Residential,33
r0117_c0075,40.7069158,-73.8283526,Residential,12
r0117_c0076,40.7069158,-73.8265697,Residential,16
r0117_c0077,40.7069158,-73.8247868,Residential,43
r0117_c0078,40.7069158,-73.8230039,Residential,5
r0117_c0081,40.7069158,-73.8176551,Residential,8
r0117_c0082,40.7069158,-73.8158722,Residential,51
r0117_c0083,40.7069158,-73.8140893,Residential,68
r0117_c0084,40.7069158,-73.8123064,Residential,49
r0117_c0085,40.7069158,-73.8105235,Institutional,40
r0117_c0086,40.7069158,-73.8087406,Residential,47
r0117_c0087,40.7069158,-73.8069576,Residential,30
r0117_c0088,40.7069158,-73.8051747,Mixed-Use,30
r0117_c0089,40.7069158,-73.8033918,Mixed-Use,18
r0117_c0090,40.7069158,-73.8016089,Mixed-Use,40
r0117_c0091,40.7069158,-73.799826,Residential,37
r0117_c0092,40.7069158,-73.7980431,Residential,23
r0117_c0093,40.7069158,-73.7962602,Commercial,7
r0117_c0094,40.7069158,-73.7944773,Mixed-Use,17
r0117_c0095,40.7069158,-73.7926944,Commercial,17
r0117_c0096,40.7069158,-73.7909114,Mixed-Use,30
r0117_c0097,40.7069158,-73.7891285,Mixed-Use,51
r0117_c0098,40.7069158,-73.7873456,Residential,37
r0117_c0099,40.7069158,-73.7855627,Residential,67
r0117_c0100,40.7069158,-73.7837798,Residential,56
r0117_c0101,40.7069158,-73.7819969,Residential,33
r0117_c0102,40.7069158,-73.780214,Industrial,3
r0117_c0103,40.7069158,-73.7784311,Mixed-Use,3
r0117_c0105,40.7069158,-73.7748652,Residential,12
r0117_c0106,40.7069158,-73.7730823,Residential,34
r0117_c0107,40.7069158,-73.7712994,Residential,28
r0117_c0108,40.7069158,-73.7695165,Residential,84
r0117_c0109,40.7069158,-73.7677336,Residential,41
r0117_c0110,40.7069158,-73.7659507,Residential,41
r0117_c0111,40.7069158,-73.7641678,Residential,36
r0117_c0112,40.7069158,-73.7623848,Residential,38
r0117_c0113,40.7069158,-73.7606019,Residential,47
r0117_c0114,40.7069158,-73.758819,Residential,43
r0117_c0115,40.7069158,-73.7570361,Residential,58
r0117_c0116,40.7069158,-73.7552532,Institutional,32
r0117_c0117,40.7069158,-73.7534703,Residential,30
r0117_c0118,40.7069158,-73.7516874,Mixed-Use,26
r0117_c0119,40.7069158,-73.7499045,Residential,53
r0117_c0120,40.7069158,-73.7481216,Residential,36
r0117_c0121,40.7069158,-73.7463386,Residential,51
r0117_c0122,40.7069158,-73.7445557,Residential,51
r0117_c0123,40.7069158,-73.7427728,Residential,50
r0117_c0124,40.7069158,-73.7409899,Residential,56
r0117_c0125,40.7069158,-73.739207,Residential,18
r0117_c0126,40.7069158,-73.7374241,Institutional,11
r0117_c0127,40.7069158,-73.7356412,Institutional,40
r0117_c0128,40.7069158,-73.7338583,Residential,39
r0117_c0129,40.7069158,-73.7320753,Residential,41
r0117_c0130,40.7069158,-73.7302924,Residential,42
r0117_c0131,40.7069158,-73.7285095,Residential,35
r0118_c0023,40.7082672,-73.921064,Residential,6
r0118_c0024,40.7082672,-73.9192811,Residential,67
r0118_c0025,40.7082672,-73.9174982,Open Space,34
r0118_c0026,40.7082672,-73.9157153,Residential,32
r0118_c0027,40.7082672,-73.9139324,Residential,63
r0118_c0028,40.7082672,-73.9121495,Residential,71
r0118_c0029,40.7082672,-73.9103665,Residential,61
r0118_c0030,40.7082672,-73.9085836,Residential,64
r0118_c0031,40.7082672,-73.9068007,Residential,69
r0118_c0032,40.7082672,-73.9050178,Residential,50
r0118_c0033,40.7082672,-73.9032349,Residential,60
r0118_c0034,40.7082672,-73.901452,Residential,63
r0118_c0035,40.7082672,-73.8996691,Residential,73
r0118_c0036,40.7082672,-73.8978862,Mixed-Use,67
r0118_c0037,40.7082672,-73.8961033,Residential,63
r0118_c0038,40.7082672,-73.8943203,Residential,80
r0118_c0039,40.7082672,-73.8925374,Mixed-Use,11
r0118_c0040,40.7082672,-73.8907545,Mixed-Use,3
r0118_c0047,40.7082672,-73.8782741,Residential,25
r0118_c0048,40.7082672,-73.8764912,Residential,67
r0118_c0049,40.7082672,-73.8747083,Residential,52
r0118_c0050,40.7082672,-73.8729254,Industrial,42
r0118_c0051,40.7082672,-73.8711425,Industrial,31
r0118_c0052,40.7082672,-73.8693596,Commercial,4
r0118_c0054,40.7082672,-73.8657937,Industrial,16
r0118_c0055,40.7082672,-73.8640108,Institutional,9
r0118_c0056,40.7082672,-73.8622279,Residential,60
r0118_c0057,40.7082672,-73.860445,Industrial,33
r0118_c0060,40.7082672,-73.8550963,Mixed-Use,3
r0118_c0061,40.7082672,-73.8533134,Residential,30
r0118_c0062,40.7082672,-73.8515304,Residential,43
r0118_c0063,40.7082672,-73.8497475,Residential,13
r0118_c0064,40.7082672,-73.8479646,Residential,16
r0118_c0065,40.7082672,-73.8461817,Residential,16
r0118_c0066,40.7082672,-73.8443988,Residential,6
r0118_c0070,40.7082672,-73.8372672,Residential,5
r0118_c0071,40.7082672,-73.8354842,Residential,27
r0118_c0072,40.7082672,-73.8337013,Residential,23
r0118_c0073,40.7082672,-73.8319184,Residential,28
r0118_c0074,40.7082672,-73.8301355,Mixed-Use,23
r0118_c0075,40.7082672,-73.8283526,Residential,11
r0118_c0076,40.7082672,-73.8265697,Residential,7
r0118_c0081,40.7082672,-73.8176551,Commercial,10
r0118_c0082,40.7082672,-73.8158722,Residential,58
r0118_c0083,40.7082672,-73.8140893,Residential,54
r0118_c0084,40.7082672,-73.8123064,Residential,56
r0118_c0085,40.7082672,-73.8105235,Residential,19
r0118_c0086,40.7082672,-73.8087406,Residential,43
r0118_c0087,40.7082672,-73.8069576,Residential,43
r0118_c0088,40.7082672,-73.8051747,Residential,38
r0118_c0089,40.7082672,-73.8033918,Mixed-Use,19
r0118_c0090,40.7082672,-73.8016089,Mixed-Use,44
r0118_c0091,40.7082672,-73.799826,Institutional,21
r0118_c0092,40.7082672,-73.7980431,Institutional,24
r0118_c0093,40.7082672,-73.7962602,Residential,6
r0118_c0094,40.7082672,-73.7944773,Institutional,22
r0118_c0095,40.7082672,-73.7926944,Residential,49
r0118_c0096,40.7082672,-73.7909114,Residential,28
r0118_c0097,40.7082672,-73.7891285,Residential,57
r0118_c0098,40.7082672,-73.7873456,Residential,48
r0118_c0099,40.7082672,-73.7855627,Mixed-Use,43
r0118_c0100,40.7082672,-73.7837798,Residential,62
r0118_c0101,40.7082672,-73.7819969,Mixed-Use,34
r0118_c0102,40.7082672,-73.780214,Industrial,34
r0118_c0103,40.7082672,-73.7784311,Mixed-Use,12
r0118_c0104,40.7082672,-73.7766481,Mixed-Use,10
r0118_c0105,40.7082672,-73.7748652,Industrial,3
r0118_c0106,40.7082672,-73.7730823,Mixed-Use,19
r0118_c0107,40.7082672,-73.7712994,Residential,23
r0118_c0108,40.7082672,-73.7695165,Mixed-Use,31
r0118_c0109,40.7082672,-73.7677336,Residential,32
r0118_c0110,40.7082672,-73.7659507,Residential,37
r0118_c0111,40.7082672,-73.7641678,Residential,41
r0118_c0112,40.7082672,-73.7623848,Residential,32
r0118_c0113,40.7082672,-73.7606019,Residential,37
r0118_c0114,40.7082672,-73.758819,Residential,48
r0118_c0115,40.7082672,-73.7570361,Residential,53
r0118_c0116,40.7082672,-73.7552532,Residential,48
r0118_c0117,40.7082672,-73.7534703,Residential,47
r0118_c0118,40.7082672,-73.7516874,Residential,62
r0118_c0119,40.7082672,-73.7499045,Residential,48
r0118_c0120,40.7082672,-73.7481216,Residential,40
r0118_c0121,40.7082672,-73.7463386,Residential,46
r0118_c0122,40.7082672,-73.7445557,Residential,36
r0118_c0123,40.7082672,-73.7427728,Residential,34
r0118_c0124,40.7082672,-73.7409899,Residential,34
r0118_c0125,40.7082672,-73.739207,Residential,46
r0118_c0126,40.7082672,-73.7374241,Residential,57
r0118_c0127,40.7082672,-73.7356412,Residential,62
r0118_c0128,40.7082672,-73.7338583,Residential,54
r0118_c0129,40.7082672,-73.7320753,Residential,39
r0118_c0130,40.7082672,-73.7302924,Residential,54
r0118_c0131,40.7082672,-73.7285095,Residential,35
r0119_c0024,40.7096185,-73.9192811,Residential,46
r0119_c0025,40.7096185,-73.9174982,Residential,28
r0119_c0026,40.7096185,-73.9157153,Residential,81
r0119_c0027,40.7096185,-73.9139324,Residential,47
r0119_c0028,40.7096185,-73.9121495,Residential,14
r0119_c0029,40.7096185,-73.9103665,Residential,68
r0119_c0030,40.7096185,-73.9085836,Residential,75
r0119_c0031,40.7096185,-73.9068007,Residential,51
r0119_c0032,40.7096185,-73.9050178,Residential,55
r0119_c0033,40.7096185,-73.9032349,Residential,67
r0119_c0034,40.7096185,-73.901452,Residential,69
r0119_c0035,40.7096185,-73.8996691,Residential,67
r0119_c0036,40.7096185,-73.8978862,Residential,84
r0119_c0037,40.7096185,-73.8961033,Residential,67
r0119_c0038,40.7096185,-73.8943203,Industrial,28
r0119_c0039,40.7096185,-73.8925374,Mixed-Use,8
r0119_c0040,40.7096185,-73.8907545,Mixed-Use,3
r0119_c0047,40.7096185,-73.8782741,Residential,40
r0119_c0048,40.7096185,-73.8764912,Residential,76
r0119_c0049,40.7096185,-73.8747083,Residential,84
r0119_c0050,40.7096185,-73.8729254,Residential,73
r0119_c0051,40.7096185,-73.8711425,Residential,58
r0119_c0054,40.7096185,-73.8657937,Industrial,27
r0119_c0055,40.7096185,-73.8640108,Residential,59
r0119_c0056,40.7096185,-73.8622279,Residential,76
r0119_c0057,40.7096185,-73.860445,Residential,48
r0119_c0059,40.7096185,-73.8568792,Institutional,10
r0119_c0060,40.7096185,-73.8550963,Residential,60
r0119_c0061,40.7096185,-73.8533134,Residential,72
r0119_c0062,40.7096185,-73.8515304,Residential,58
r0119_c0063,40.7096185,-73.8497475,Residential,63
r0119_c0064,40.7096185,-73.8479646,Residential,64
r0119_c0065,40.7096185,-73.8461817,Residential,51
r0119_c0066,40.7096185,-73.8443988,Residential,56
r0119_c0067,40.7096185,-73.8426159,Residential,49
r0119_c0068,40.7096185,-73.840833,Residential,3
r0119_c0071,40.7096185,-73.8354842,Residential,4
r0119_c0072,40.7096185,-73.8337013,Residential,24
r0119_c0073,40.7096185,-73.8319184,Residential,27
r0119_c0074,40.7096185,-73.8301355,Residential,21
r0119_c0075,40.7096185,-73.8283526,Residential,25
r0119_c0080,40.7096185,-73.819438,Mixed-Use,3
r0119_c0081,40.7096185,-73.8176551,Residential,15
r0119_c0082,40.7096185,-73.8158722,Residential,34
r0119_c0083,40.7096185,-73.8140893,Residential,4
r0119_c0084,40.7096185,-73.8123064,Residential,19
r0119_c0085,40.7096185,-73.8105235,Institutional,26
r0119_c0086,40.7096185,-73.8087406,Residential,41
r0119_c0087,40.7096185,-73.8069576,Residential,41
r0119_c0088,40.7096185,-73.8051747,Residential,43
r0119_c0089,40.7096185,-73.8033918,Institutional,9
r0119_c0090,40.7096185,-73.8016089,Residential,20
r0119_c0091,40.7096185,-73.799826,Residential,28
r0119_c0092,40.7096185,-73.7980431,Mixed-Use,23
r0119_c0093,40.7096185,-73.7962602,Mixed-Use,20
r0119_c0094,40.7096185,-73.7944773,Residential,45
r0119_c0095,40.7096185,-73.7926944,Residential,41
r0119_c0096,40.7096185,-73.7909114,Residential,55
r0119_c0097,40.7096185,-73.7891285,Residential,52
r0119_c0098,40.7096185,-73.7873456,Residential,57
r0119_c0099,40.7096185,-73.7855627,Residential,55
r0119_c0100,40.7096185,-73.7837798,Residential,72
r0119_c0101,40.7096185,-73.7819969,Residential,65
r0119_c0102,40.7096185,-73.780214,Residential,68
r0119_c0103,40.7096185,-73.7784311,Residential,66
r0119_c0104,40.7096185,-73.7766481,Residential,63
r0119_c0105,40.7096185,-73.7748652,Residential,38
r0119_c0106,40.7096185,-73.7730823,Industrial,20
r0119_c0107,40.7096185,-73.7712994,Industrial,4
r0119_c0108,40.7096185,-73.7695165,Residential,17
r0119_c0109,40.7096185,-73.7677336,Residential,27
r0119_c0110,40.7096185,-73.7659507,Residential,37
r0119_c0111,40.7096185,-73.7641678,Residential,44
r0119_c0112,40.7096185,-73.7623848,Residential,41
r0119_c0113,40.7096185,-73.7606019,Residential,45
r0119_c0114,40.7096185,-73.758819,Residential,48
r0119_c0115,40.7096185,-73.7570361,Residential,56
r0119_c0116,40.7096185,-73.7552532,Residential,47
r0119_c0117,40.7096185,-73.7534703,Residential,44
r0119_c0118,40.7096185,-73.7516874,Residential,45
r0119_c0119,40.7096185,-73.7499045,Residential,38
r0119_c0120,40.7096185,-73.7481216,Residential,44
r0119_c0121,40.7096185,-73.7463386,Residential,38
r0119_c0122,40.7096185,-73.7445557,Residential,45
r0119_c0123,40.7096185,-73.7427728,Residential,42
r0119_c0124,40.7096185,-73.7409899,Residential,48
r0119_c0125,40.7096185,-73.739207,Residential,43
r0119_c0126,40.7096185,-73.7374241,Residential,45
r0119_c0127,40.7096185,-73.7356412,Residential,55
r0119_c0128,40.7096185,-73.7338583,Residential,58
r0119_c0129,40.7096185,-73.7320753,Residential,43
r0119_c0130,40.7096185,-73.7302924,Residential,51
r0119_c0131,40.7096185,-73.7285095,Residential,34
r0120_c0024,40.7109699,-73.9192811,Institutional,19
r0120_c0025,40.7109699,-73.9174982,Residential,49
r0120_c0026,40.7109699,-73.9157153,Residential,27
r0120_c0029,40.7109699,-73.9103665,Open Space,21
r0120_c0030,40.7109699,-73.9085836,Residential,50
r0120_c0031,40.7109699,-73.9068007,Residential,61
r0120_c0032,40.7109699,-73.9050178,Residential,48
r0120_c0033,40.7109699,-73.9032349,Residential,57
r0120_c0034,40.7109699,-73.901452,Residential,67
r0120_c0035,40.7109699,-73.8996691,Residential,39
r0120_c0036,40.7109699,-73.8978862,Industrial,33
r0120_c0037,40.7109699,-73.8961033,Mixed-Use,37
r0120_c0038,40.7109699,-73.8943203,Residential,61
r0120_c0039,40.7109699,-73.8925374,Residential,8
r0120_c0046,40.7109699,-73.880057,Mixed-Use,10
r0120_c0047,40.7109699,-73.8782741,Residential,66
r0120_c0048,40.7109699,-73.8764912,Residential,74
r0120_c0049,40.7109699,-73.8747083,Residential,63
r0120_c0050,40.7109699,-73.8729254,Residential,67
r0120_c0051,40.7109699,-73.8711425,Residential,44
r0120_c0054,40.7109699,-73.8657937,Mixed-Use,3
r0120_c0055,40.7109699,-73.8640108,Residential,42
r0120_c0056,40.7109699,-73.8622279,Residential,64
r0120_c0057,40.7109699,-73.860445,Residential,21
r0120_c0058,40.7109699,-73.8586621,Commercial,3
r0120_c0059,40.7109699,-73.8568792,Mixed-Use,18
r0120_c0060,40.7109699,-73.8550963,Residential,51
r0120_c0061,40.7109699,-73.8533134,Residential,54
r0120_c0062,40.7109699,-73.8515304,Residential,50
r0120_c0063,40.7109699,-73.8497475,Residential,72
r0120_c0064,40.7109699,-73.8479646,Residential,65
r0120_c0065,40.7109699,-73.8461817,Residential,66
r0120_c0066,40.7109699,-73.8443988,Residential,55
r0120_c0067,40.7109699,-73.8426159,Residential,59
r0120_c0068,40.7109699,-73.840833,Residential,32
r0120_c0069,40.7109699,-73.8390501,Residential,22
r0120_c0070,40.7109699,-73.8372672,Residential,9
r0120_c0071,40.7109699,-73.8354842,Residential,8
r0120_c0072,40.7109699,-73.8337013,Residential,21
r0120_c0073,40.7109699,-73.8319184,Residential,29
r0120_c0074,40.7109699,-73.8301355,Residential,31
r0120_c0075,40.7109699,-73.8283526,Institutional,21
r0120_c0076,40.7109699,-73.8265697,Mixed-Use,4
r0120_c0081,40.7109699,-73.8176551,Residential,54
r0120_c0082,40.7109699,-73.8158722,Residential,46
r0120_c0083,40.7109699,-73.8140893,Residential,21
r0120_c0084,40.7109699,-73.8123064,Institutional,21
r0120_c0085,40.7109699,-73.8105235,Residential,36
r0120_c0086,40.7109699,-73.8087406,Residential,38
r0120_c0087,40.7109699,-73.8069576,Residential,49
r0120_c0088,40.7109699,-73.8051747,Residential,51
r0120_c0089,40.7109699,-73.8033918,Residential,41
r0120_c0090,40.7109699,-73.8016089,Residential,38
r0120_c0091,40.7109699,-73.799826,Residential,31
r0120_c0092,40.7109699,-73.7980431,Residential,12
r0120_c0093,40.7109699,-73.7962602,Residential,38
r0120_c0094,40.7109699,-73.7944773,Residential,43
r0120_c0095,40.7109699,-73.7926944,Mixed-Use,32
r0120_c0096,40.7109699,-73.7909114,Residential,38
r0120_c0097,40.7109699,-73.7891285,Residential,59
r0120_c0098,40.7109699,-73.7873456,Residential,33
r0120_c0099,40.7109699,-73.7855627,Residential,38
r0120_c0100,40.7109699,-73.7837798,Residential,41
r0120_c0101,40.7109699,-73.7819969,Residential,64
r0120_c0102,40.7109699,-73.780214,Residential,58
r0120_c0103,40.7109699,-73.7784311,Residential,62
r0120_c0104,40.7109699,-73.7766481,Residential,62
r0120_c0105,40.7109699,-73.7748652,Residential,77
r0120_c0106,40.7109699,-73.7730823,Residential,70
r0120_c0107,40.7109699,-73.7712994,Mixed-Use,23
r0120_c0108,40.7109699,-73.7695165,Residential,32
r0120_c0109,40.7109699,-73.7677336,Residential,19
r0120_c0110,40.7109699,-73.7659507,Residential,13
r0120_c0111,40.7109699,-73.7641678,Residential,33
r0120_c0112,40.7109699,-73.7623848,Residential,32
r0120_c0113,40.7109699,-73.7606019,Residential,39
r0120_c0114,40.7109699,-73.758819,Residential,44
r0120_c0115,40.7109699,-73.7570361,Residential,50
r0120_c0116,40.7109699,-73.7552532,Residential,47
r0120_c0117,40.7109699,-73.7534703,Residential,53
r0120_c0118,40.7109699,-73.7516874,Residential,41
r0120_c0119,40.7109699,-73.7499045,Residential,41
r0120_c0120,40.7109699,-73.7481216,Residential,32
r0120_c0121,40.7109699,-73.7463386,Residential,56
r0120_c0122,40.7109699,-73.7445557,Residential,55
r0120_c0123,40.7109699,-73.7427728,Residential,47
r0120_c0124,40.7109699,-73.7409899,Residential,32
r0120_c0125,40.7109699,-73.739207,Open Space,18
r0120_c0126,40.7109699,-73.7374241,Institutional,20
r0120_c0127,40.7109699,-73.7356412,Residential,46
r0120_c0128,40.7109699,-73.7338583,Residential,50
r0120_c0129,40.7109699,-73.7320753,Residential,56
r0120_c0130,40.7109699,-73.7302924,Residential,38
r0121_c0023,40.7123212,-73.921064,Industrial,6
r0121_c0024,40.7123212,-73.9192811,Industrial,16
r0121_c0025,40.7123212,-73.9174982,Industrial,22
r0121_c0028,40.7123212,-73.9121495,Residential,14
r0121_c0029,40.7123212,-73.9103665,Residential,43
r0121_c0030,40.7123212,-73.9085836,Institutional,17
r0121_c0031,40.7123212,-73.9068007,Residential,61
r0121_c0032,40.7123212,-73.9050178,Residential,33
r0121_c0033,40.7123212,-73.9032349,Institutional,26
r0121_c0034,40.7123212,-73.901452,Residential,36
r0121_c0035,40.7123212,-73.8996691,Commercial,15
r0121_c0036,40.7123212,-73.8978862,Industrial,21
r0121_c0037,40.7123212,-73.8961033,Residential,73
r0121_c0038,40.7123212,-73.8943203,Residential,31
r0121_c0042,40.7123212,-73.8871887,Residential,9
r0121_c0043,40.7123212,-73.8854058,Mixed-Use,24
r0121_c0044,40.7123212,-73.8836229,Residential,17
r0121_c0045,40.7123212,-73.88184,Industrial,4
r0121_c0046,40.7123212,-73.880057,Residential,27
r0121_c0047,40.7123212,-73.8782741,Residential,52
r0121_c0048,40.7123212,-73.8764912,Residential,73
r0121_c0049,40.7123212,-73.8747083,Residential,54
r0121_c0050,40.7123212,-73.8729254,Residential,66
r0121_c0051,40.7123212,-73.8711425,Residential,15
r0121_c0056,40.7123212,-73.8622279,Mixed-Use,11
r0121_c0057,40.7123212,-73.860445,Residential,40
r0121_c0058,40.7123212,-73.8586621,Residential,47
r0121_c0059,40.7123212,-73.8568792,Mixed-Use,44
r0121_c0060,40.7123212,-73.8550963,Residential,62
r0121_c0061,40.7123212,-73.8533134,Residential,68
r0121_c0062,40.7123212,-73.8515304,Residential,61
r0121_c0063,40.7123212,-73.8497475,Residential,56
r0121_c0064,40.7123212,-73.8479646,Residential,58
r0121_c0065,40.7123212,-73.8461817,Residential,54
r0121_c0066,40.7123212,-73.8443988,Residential,55
r0121_c0067,40.7123212,-73.8426159,Residential,58
r0121_c0068,40.7123212,-73.840833,Residential,25
r0121_c0069,40.7123212,-73.8390501,Residential,27
r0121_c0070,40.7123212,-73.8372672,Residential,27
r0121_c0071,40.7123212,-73.8354842,Residential,31
r0121_c0072,40.7123212,-73.8337013,Residential,11
r0121_c0073,40.7123212,-73.8319184,Residential,26
r0121_c0074,40.7123212,-73.8301355,Residential,28
r0121_c0075,40.7123212,-73.8283526,Residential,16
r0121_c0081,40.7123212,-73.8176551,Mixed-Use,4
r0121_c0082,40.7123212,-73.8158722,Residential,39
r0121_c0083,40.7123212,-73.8140893,Residential,27
r0121_c0084,40.7123212,-73.8123064,Residential,28
r0121_c0085,40.7123212,-73.8105235,Residential,39
r0121_c0086,40.7123212,-73.8087406,Residential,33
r0121_c0087,40.7123212,-73.8069576,Residential,35
r0121_c0088,40.7123212,-73.8051747,Residential,49
r0121_c0089,40.7123212,-73.8033918,Residential,39
r0121_c0090,40.7123212,-73.8016089,Residential,43
r0121_c0091,40.7123212,-73.799826,Residential,21
r0121_c0092,40.7123212,-73.7980431,Open Space,15
r0121_c0093,40.7123212,-73.7962602,Residential,42
r0121_c0094,40.7123212,-73.7944773,Residential,42
r0121_c0095,40.7123212,-73.7926944,Residential,29
r0121_c0096,40.7123212,-73.7909114,Residential,34
r0121_c0097,40.7123212,-73.7891285,Residential,10
r0121_c0098,40.7123212,-73.7873456,Residential,6
r0121_c0099,40.7123212,-73.7855627,Mixed-Use,10
r0121_c0100,40.7123212,-73.7837798,Residential,25
r0121_c0101,40.7123212,-73.7819969,Residential,60
r0121_c0102,40.7123212,-73.780214,Institutional,32
r0121_c0103,40.7123212,-73.7784311,Residential,59
r0121_c0104,40.7123212,-73.7766481,Residential,62
r0121_c0105,40.7123212,-73.7748652,Residential,65
r0121_c0106,40.7123212,-73.7730823,Residential,52
r0121_c0107,40.7123212,-73.7712994,Residential,30
r0121_c0108,40.7123212,-73.7695165,Residential,49
r0121_c0109,40.7123212,-73.7677336,Residential,28
r0121_c0110,40.7123212,-73.7659507,Residential,22
r0121_c0111,40.7123212,-73.7641678,Residential,32
r0121_c0112,40.7123212,-73.7623848,Residential,37
r0121_c0113,40.7123212,-73.7606019,Residential,40
r0121_c0114,40.7123212,-73.758819,Residential,24
r0121_c0115,40.7123212,-73.7570361,Open Space,23
r0121_c0116,40.7123212,-73.7552532,Residential,33
r0121_c0117,40.7123212,-73.7534703,Residential,35
r0121_c0118,40.7123212,-73.7516874,Residential,37
r0121_c0119,40.7123212,-73.7499045,Residential,40
r0121_c0120,40.7123212,-73.7481216,Residential,42
r0121_c0121,40.7123212,-73.7463386,Residential,41
r0121_c0122,40.7123212,-73.7445557,Residential,39
r0121_c0123,40.7123212,-73.7427728,Residential,54
r0121_c0124,40.7123212,-73.7409899,Residential,41
r0121_c0125,40.7123212,-73.739207,Residential,32
r0121_c0126,40.7123212,-73.7374241,Residential,44
r0121_c0127,40.7123212,-73.7356412,Residential,49
r0121_c0128,40.7123212,-73.7338583,Residential,57
r0121_c0129,40.7123212,-73.7320753,Residential,34
r0121_c0130,40.7123212,-73.7302924,Residential,22
r0122_c0022,40.7136726,-73.9228469,Industrial,5
r0122_c0023,40.7136726,-73.921064,Industrial,5
r0122_c0024,40.7136726,-73.9192811,Industrial,5
r0122_c0025,40.7136726,-73.9174982,Industrial,3
r0122_c0026,40.7136726,-73.9157153,Commercial,6
r0122_c0027,40.7136726,-73.9139324,Residential,23
r0122_c0028,40.7136726,-73.9121495,Residential,43
r0122_c0029,40.7136726,-73.9103665,Residential,58
r0122_c0030,40.7136726,-73.9085836,Residential,74
r0122_c0031,40.7136726,-73.9068007,Residential,75
r0122_c0032,40.7136726,-73.9050178,Mixed-Use,57
r0122_c0033,40.7136726,-73.9032349,Commercial,23
r0122_c0034,40.7136726,-73.901452,Mixed-Use,14
r0122_c0035,40.7136726,-73.8996691,Residential,70
r0122_c0036,40.7136726,-73.8978862,Residential,62
r0122_c0037,40.7136726,-73.8961033,Residential,47
r0122_c0042,40.7136726,-73.8871887,Residential,28
r0122_c0043,40.7136726,-73.8854058,Residential,67
r0122_c0044,40.7136726,-73.8836229,Residential,59
r0122_c0045,40.7136726,-73.88184,Residential,56
r0122_c0046,40.7136726,-73.880057,Residential,62
r0122_c0047,40.7136726,-73.8782741,Residential,70
r0122_c0048,40.7136726,-73.8764912,Residential,43
r0122_c0049,40.7136726,-73.8747083,Residential,39
r0122_c0050,40.7136726,-73.8729254,Residential,38
r0122_c0058,40.7136726,-73.8586621,Residential,52
r0122_c0059,40.7136726,-73.8568792,Residential,30
r0122_c0060,40.7136726,-73.8550963,Residential,74
r0122_c0061,40.7136726,-73.8533134,Residential,68
r0122_c0062,40.7136726,-73.8515304,Residential,45
r0122_c0063,40.7136726,-73.8497475,Residential,37
r0122_c0064,40.7136726,-73.8479646,Residential,43
r0122_c0065,40.7136726,-73.8461817,Residential,37
r0122_c0066,40.7136726,-73.8443988,Residential,27
r0122_c0067,40.7136726,-73.8426159,Residential,36
r0122_c0068,40.7136726,-73.840833,Residential,39
r0122_c0069,40.7136726,-73.8390501,Residential,20
r0122_c0070,40.7136726,-73.8372672,Residential,37
r0122_c0071,40.7136726,-73.8354842,Residential,36
r0122_c0072,40.7136726,-73.8337013,Residential,13
r0122_c0073,40.7136726,-73.8319184,Residential,10
r0122_c0074,40.7136726,-73.8301355,Mixed-Use,7
r0122_c0075,40.7136726,-73.8283526,Commercial,3
r0122_c0078,40.7136726,-73.8230039,Residential,7
r0122_c0079,40.7136726,-73.8212209,Residential,20
r0122_c0080,40.7136726,-73.819438,Residential,29
r0122_c0081,40.7136726,-73.8176551,Residential,24
r0122_c0082,40.7136726,-73.8158722,Residential,15
r0122_c0083,40.7136726,-73.8140893,Residential,36
r0122_c0084,40.7136726,-73.8123064,Residential,38
r0122_c0085,40.7136726,-73.8105235,Residential,54
r0122_c0086,40.7136726,-73.8087406,Residential,40
r0122_c0087,40.7136726,-73.8069576,Residential,36
r0122_c0088,40.7136726,-73.8051747,Residential,57
r0122_c0089,40.7136726,-73.8033918,Residential,55
r0122_c0090,40.7136726,-73.8016089,Residential,35
r0122_c0091,40.7136726,-73.799826,Residential,32
r0122_c0093,40.7136726,-73.7962602,Residential,30
r0122_c0094,40.7136726,-73.7944773,Residential,43
r0122_c0095,40.7136726,-73.7926944,Residential,31
r0122_c0096,40.7136726,-73.7909114,Residential,36
r0122_c0097,40.7136726,-73.7891285,Residential,15
r0122_c0098,40.7136726,-73.7873456,Institutional,6
r0122_c0100,40.7136726,-73.7837798,Residential,20
r0122_c0101,40.7136726,-73.7819969,Commercial,11
r0122_c0102,40.7136726,-73.780214,Institutional,8
r0122_c0103,40.7136726,-73.7784311,Residential,33
r0122_c0104,40.7136726,-73.7766481,Residential,61
r0122_c0105,40.7136726,-73.7748652,Residential,67
r0122_c0106,40.7136726,-73.7730823,Residential,39
r0122_c0107,40.7136726,-73.7712994,Residential,34
r0122_c0108,40.7136726,-73.7695165,Institutional,17
r0122_c0109,40.7136726,-73.7677336,Residential,27
r0122_c0110,40.7136726,-73.7659507,Residential,19
r0122_c0111,40.7136726,-73.7641678,Residential,37
r0122_c0112,40.7136726,-73.7623848,Residential,39
r0122_c0113,40.7136726,-73.7606019,Mixed-Use,31
r0122_c0114,40.7136726,-73.758819,Residential,28
r0122_c0115,40.7136726,-73.7570361,Residential,30
r0122_c0116,40.7136726,-73.7552532,Mixed-Use,38
r0122_c0117,40.7136726,-73.7534703,Mixed-Use,20
r0122_c0118,40.7136726,-73.7516874,Mixed-Use,19
r0122_c0119,40.7136726,-73.7499045,Residential,27
r0122_c0120,40.7136726,-73.7481216,Residential,49
r0122_c0121,40.7136726,-73.7463386,Residential,39
r0122_c0122,40.7136726,-73.7445557,Residential,45
r0122_c0123,40.7136726,-73.7427728,Residential,47
r0122_c0124,40.7136726,-73.7409899,Residential,41
r0122_c0125,40.7136726,-73.739207,Residential,44
r0122_c0126,40.7136726,-73.7374241,Mixed-Use,36
r0122_c0127,40.7136726,-73.7356412,Mixed-Use,32
r0122_c0128,40.7136726,-73.7338583,Residential,46
r0122_c0129,40.7136726,-73.7320753,Residential,42
r0122_c0130,40.7136726,-73.7302924,Residential,32
r0123_c0025,40.7150239,-73.9174982,Industrial,3
r0123_c0026,40.7150239,-73.9157153,Industrial,4
r0123_c0027,40.7150239,-73.9139324,Industrial,11
r0123_c0028,40.7150239,-73.9121495,Residential,65
r0123_c0029,40.7150239,-73.9103665,Residential,67
r0123_c0030,40.7150239,-73.9085836,Mixed-Use,36
r0123_c0031,40.7150239,-73.9068007,Mixed-Use,16
r0123_c0032,40.7150239,-73.9050178,Residential,55
r0123_c0033,40.7150239,-73.9032349,Residential,79
r0123_c0034,40.7150239,-73.901452,Residential,58
r0123_c0035,40.7150239,-73.8996691,Residential,74
r0123_c0036,40.7150239,-73.8978862,Residential,82
r0123_c0037,40.7150239,-73.8961033,Open Space,11
r0123_c0042,40.7150239,-73.8871887,Residential,10
r0123_c0043,40.7150239,-73.8854058,Residential,55
r0123_c0044,40.7150239,-73.8836229,Residential,64
r0123_c0045,40.7150239,-73.88184,Residential,72
r0123_c0046,40.7150239,-73.880057,Residential,67
r0123_c0047,40.7150239,-73.8782741,Residential,66
r0123_c0048,40.7150239,-73.8764912,Residential,68
r0123_c0049,40.7150239,-73.8747083,Residential,53
r0123_c0050,40.7150239,-73.8729254,Residential,41
r0123_c0057,40.7150239,-73.860445,Residential,6
r0123_c0058,40.7150239,-73.8586621,Residential,23
r0123_c0059,40.7150239,-73.8568792,Residential,56
r0123_c0060,40.7150239,-73.8550963,Residential,74
r0123_c0061,40.7150239,-73.8533134,Residential,45
r0123_c0062,40.7150239,-73.8515304,Residential,26
r0123_c0063,40.7150239,-73.8497475,Residential,41
r0123_c0064,40.7150239,-73.8479646,Residential,34
r0123_c0065,40.7150239,-73.8461817,Residential,34
r0123_c0066,40.7150239,-73.8443988,Residential,20
r0123_c0067,40.7150239,-73.8426159,Residential,33
r0123_c0068,40.7150239,-73.840833,Residential,32
r0123_c0069,40.7150239,-73.8390501,Residential,35
r0123_c0070,40.7150239,-73.8372672,Mixed-Use,43
r0123_c0071,40.7150239,-73.8354842,Residential,29
r0123_c0072,40.7150239,-73.8337013,Residential,24
r0123_c0073,40.7150239,-73.8319184,Commercial,8
r0123_c0074,40.7150239,-73.8301355,Commercial,5
r0123_c0078,40.7150239,-73.8230039,Residential,37
r0123_c0079,40.7150239,-73.8212209,Residential,51
r0123_c0080,40.7150239,-73.819438,Residential,33
r0123_c0081,40.7150239,-73.8176551,Residential,38
r0123_c0082,40.7150239,-73.8158722,Residential,26
r0123_c0083,40.7150239,-73.8140893,Residential,45
r0123_c0084,40.7150239,-73.8123064,Residential,64
r0123_c0085,40.7150239,-73.8105235,Residential,82
r0123_c0086,40.7150239,-73.8087406,Residential,86
r0123_c0087,40.7150239,-73.8069576,Residential,52
r0123_c0088,40.7150239,-73.8051747,Residential,78
r0123_c0089,40.7150239,-73.8033918,Residential,61
r0123_c0090,40.7150239,-73.8016089,Institutional,12
r0123_c0091,40.7150239,-73.799826,Residential,16
r0123_c0093,40.7150239,-73.7962602,Residential,25
r0123_c0094,40.7150239,-73.7944773,Residential,40
r0123_c0095,40.7150239,-73.7926944,Residential,33
r0123_c0096,40.7150239,-73.7909114,Residential,25
r0123_c0097,40.7150239,-73.7891285,Residential,23
r0123_c0098,40.7150239,-73.7873456,Residential,19
r0123_c0099,40.7150239,-73.7855627,Institutional,10
r0123_c0100,40.7150239,-73.7837798,Institutional,15
r0123_c0101,40.7150239,-73.7819969,Residential,20
r0123_c0102,40.7150239,-73.780214,Residential,17
r0123_c0103,40.7150239,-73.7784311,Residential,27
r0123_c0104,40.7150239,-73.7766481,Residential,25
r0123_c0105,40.7150239,-73.7748652,Residential,38
r0123_c0106,40.7150239,-73.7730823,Residential,31
r0123_c0107,40.7150239,-73.7712994,Residential,33
r0123_c0108,40.7150239,-73.7695165,Residential,26
r0123_c0109,40.7150239,-73.7677336,Residential,19
r0123_c0110,40.7150239,-73.7659507,Residential,30
r0123_c0111,40.7150239,-73.7641678,Residential,32
r0123_c0112,40.7150239,-73.7623848,Residential,50
r0123_c0113,40.7150239,-73.7606019,Residential,65
r0123_c0114,40.7150239,-73.758819,Residential,62
r0123_c0115,40.7150239,-73.7570361,Residential,64
r0123_c0116,40.7150239,-73.7552532,Residential,55
r0123_c0117,40.7150239,-73.7534703,Residential,58
r0123_c0118,40.7150239,-73.7516874,Residential,48
r0123_c0119,40.7150239,-73.7499045,Mixed-Use,24
r0123_c0120,40.7150239,-73.7481216,Mixed-Use,25
r0123_c0121,40.7150239,-73.7463386,Mixed-Use,18
r0123_c0122,40.7150239,-73.7445557,Industrial,8
r0123_c0123,40.7150239,-73.7427728,Mixed-Use,24
r0123_c0124,40.7150239,-73.7409899,Residential,51
r0123_c0125,40.7150239,-73.739207,Residential,49
r0123_c0126,40.7150239,-73.7374241,Residential,55
r0123_c0127,40.7150239,-73.7356412,Residential,36
r0123_c0128,40.7150239,-73.7338583,Residential,37
r0123_c0129,40.7150239,-73.7320753,Residential,33
r0123_c0130,40.7150239,-73.7302924,Residential,25
r0124_c0023,40.7163753,-73.921064,Industrial,3
r0124_c0027,40.7163753,-73.9139324,Industrial,32
r0124_c0028,40.7163753,-73.9121495,Industrial,28
r0124_c0029,40.7163753,-73.9103665,Mixed-Use,22
r0124_c0030,40.7163753,-73.9085836,Industrial,18
r0124_c0031,40.7163753,-73.9068007,Residential,57
r0124_c0032,40.7163753,-73.9050178,Institutional,39
r0124_c0033,40.7163753,-73.9032349,Residential,69
r0124_c0034,40.7163753,-73.901452,Residential,60
r0124_c0035,40.7163753,-73.8996691,Residential,87
r0124_c0036,40.7163753,-73.8978862,Residential,47
r0124_c0039,40.7163753,-73.8925374,Open Space,17
r0124_c0041,40.7163753,-73.8889716,Residential,11
r0124_c0042,40.7163753,-73.8871887,Residential,34
r0124_c0043,40.7163753,-73.8854058,Residential,72
r0124_c0044,40.7163753,-73.8836229,Residential,80
r0124_c0045,40.7163753,-73.88184,Residential,57
r0124_c0046,40.7163753,-73.880057,Residential,64
r0124_c0047,40.7163753,-73.8782741,Residential,76
r0124_c0048,40.7163753,-73.8764912,Residential,103
r0124_c0049,40.7163753,-73.8747083,Residential,51
r0124_c0050,40.7163753,-73.8729254,Residential,52
r0124_c0056,40.7163753,-73.8622279,Residential,6
r0124_c0057,40.7163753,-73.860445,Residential,66
r0124_c0058,40.7163753,-73.8586621,Residential,49
r0124_c0059,40.7163753,-73.8568792,Residential,56
r0124_c0060,40.7163753,-73.8550963,Residential,81
r0124_c0061,40.7163753,-73.8533134,Residential,75
r0124_c0062,40.7163753,-73.8515304,Residential,43
r0124_c0063,40.7163753,-73.8497475,Residential,41
r0124_c0064,40.7163753,-73.8479646,Residential,32
r0124_c0065,40.7163753,-73.8461817,Residential,24
r0124_c0066,40.7163753,-73.8443988,Residential,21
r0124_c0067,40.7163753,-73.8426159,Residential,18
r0124_c0068,40.7163753,-73.840833,Residential,28
r0124_c0069,40.7163753,-73.8390501,Residential,46
r0124_c0070,40.7163753,-73.8372672,Residential,28
r0124_c0071,40.7163753,-73.8354842,Residential,19
r0124_c0072,40.7163753,-73.8337013,Residential,3
r0124_c0073,40.7163753,-73.8319184,Residential,5
r0124_c0079,40.7163753,-73.8212209,Residential,13
r0124_c0080,40.7163753,-73.819438,Residential,4
r0124_c0081,40.7163753,-73.8176551,Residential,20
r0124_c0087,40.7163753,-73.8069576,Residential,45
r0124_c0088,40.7163753,-73.8051747,Residential,35
r0124_c0089,40.7163753,-73.8033918,Residential,23
r0124_c0090,40.7163753,-73.8016089,Residential,26
r0124_c0092,40.7163753,-73.7980431,Residential,14
r0124_c0093,40.7163753,-73.7962602,Residential,42
r0124_c0094,40.7163753,-73.7944773,Residential,38
r0124_c0095,40.7163753,-73.7926944,Residential,37
r0124_c0096,40.7163753,-73.7909114,Residential,29
r0124_c0097,40.7163753,-73.7891285,Residential,19
r0124_c0098,40.7163753,-73.7873456,Residential,23
r0124_c0099,40.7163753,-73.7855627,Residential,24
r0124_c0100,40.7163753,-73.7837798,Residential,21
r0124_c0101,40.7163753,-73.7819969,Residential,28
r0124_c0102,40.7163753,-73.780214,Residential,31
r0124_c0103,40.7163753,-73.7784311,Residential,30
r0124_c0104,40.7163753,-73.7766481,Residential,28
r0124_c0105,40.7163753,-73.7748652,Residential,36
r0124_c0106,40.7163753,-73.7730823,Residential,25
r0124_c0107,40.7163753,-73.7712994,Residential,19
r0124_c0108,40.7163753,-73.7695165,Residential,24
r0124_c0109,40.7163753,-73.7677336,Residential,24
r0124_c0110,40.7163753,-73.7659507,Residential,31
r0124_c0111,40.7163753,-73.7641678,Residential,37
r0124_c0112,40.7163753,-73.7623848,Residential,50
r0124_c0113,40.7163753,-73.7606019,Residential,64
r0124_c0114,40.7163753,-73.758819,Residential,74
r0124_c0115,40.7163753,-73.7570361,Residential,54
r0124_c0116,40.7163753,-73.7552532,Residential,56
r0124_c0117,40.7163753,-73.7534703,Residential,72
r0124_c0118,40.7163753,-73.7516874,Residential,58
r0124_c0119,40.7163753,-73.7499045,Residential,53
r0124_c0120,40.7163753,-73.7481216,Residential,43
r0124_c0121,40.7163753,-73.7463386,Residential,49
r0124_c0122,40.7163753,-73.7445557,Residential,31
r0124_c0123,40.7163753,-73.7427728,Commercial,19
r0124_c0124,40.7163753,-73.7409899,Mixed-Use,7
r0124_c0125,40.7163753,-73.739207,Industrial,14
r0124_c0126,40.7163753,-73.7374241,Industrial,21
r0124_c0127,40.7163753,-73.7356412,Residential,30
r0124_c0128,40.7163753,-73.7338583,Residential,36
r0124_c0129,40.7163753,-73.7320753,Residential,54
r0124_c0130,40.7163753,-73.7302924,Residential,21
r0125_c0023,40.7177266,-73.921064,Mixed-Use,4
r0125_c0024,40.7177266,-73.9192811,Industrial,4
r0125_c0026,40.7177266,-73.9157153,Industrial,5
r0125_c0027,40.7177266,-73.9139324,Industrial,30
r0125_c0028,40.7177266,-73.9121495,Industrial,26
r0125_c0029,40.7177266,-73.9103665,Mixed-Use,12
r0125_c0030,40.7177266,-73.9085836,Residential,33
r0125_c0031,40.7177266,-73.9068007,Residential,69
r0125_c0032,40.7177266,-73.9050178,Residential,75
r0125_c0033,40.7177266,-73.9032349,Residential,77
r0125_c0034,40.7177266,-73.901452,Residential,61
r0125_c0035,40.7177266,-73.8996691,Residential,66
r0125_c0036,40.7177266,-73.8978862,Residential,30
r0125_c0038,40.7177266,-73.8943203,Residential,25
r0125_c0039,40.7177266,-73.8925374,Residential,63
r0125_c0040,40.7177266,-73.8907545,Residential,14
r0125_c0041,40.7177266,-73.8889716,Residential,60
r0125_c0042,40.7177266,-73.8871887,Residential,57
r0125_c0043,40.7177266,-73.8854058,Residential,45
r0125_c0044,40.7177266,-73.8836229,Residential,42
r0125_c0045,40.7177266,-73.88184,Residential,72
r0125_c0046,40.7177266,-73.880057,Residential,76
r0125_c0047,40.7177266,-73.8782741,Residential,81
r0125_c0048,40.7177266,-73.8764912,Residential,72
r0125_c0049,40.7177266,-73.8747083,Residential,72
r0125_c0050,40.7177266,-73.8729254,Residential,54
r0125_c0051,40.7177266,-73.8711425,Residential,16
r0125_c0056,40.7177266,-73.8622279,Residential,62
r0125_c0057,40.7177266,-73.860445,Residential,75
r0125_c0058,40.7177266,-73.8586621,Mixed-Use,54
r0125_c0059,40.7177266,-73.8568792,Residential,63
r0125_c0060,40.7177266,-73.8550963,Residential,85
r0125_c0061,40.7177266,-73.8533134,Residential,86
r0125_c0062,40.7177266,-73.8515304,Residential,65
r0125_c0063,40.7177266,-73.8497475,Residential,45
r0125_c0064,40.7177266,-73.8479646,Residential,26
r0125_c0065,40.7177266,-73.8461817,Residential,35
r0125_c0066,40.7177266,-73.8443988,Residential,36
r0125_c0067,40.7177266,-73.8426159,Residential,40
r0125_c0068,40.7177266,-73.840833,Residential,15
r0125_c0069,40.7177266,-73.8390501,Residential,14
r0125_c0070,40.7177266,-73.8372672,Mixed-Use,101
r0125_c0071,40.7177266,-73.8354842,Commercial,16
r0125_c0072,40.7177266,-73.8337013,Residential,43
r0125_c0077,40.7177266,-73.8247868,Residential,21
r0125_c0078,40.7177266,-73.8230039,Residential,22
r0125_c0079,40.7177266,-73.8212209,Open Space,10
r0125_c0081,40.7177266,-73.8176551,Residential,8
r0125_c0082,40.7177266,-73.8158722,Mixed-Use,3
r0125_c0083,40.7177266,-73.8140893,Residential,12
r0125_c0086,40.7177266,-73.8087406,Residential,16
r0125_c0088,40.7177266,-73.8051747,Institutional,4
r0125_c0089,40.7177266,-73.8033918,Residential,25
r0125_c0090,40.7177266,-73.8016089,Residential,64
r0125_c0091,40.7177266,-73.799826,Residential,69
r0125_c0092,40.7177266,-73.7980431,Residential,10
r0125_c0093,40.7177266,-73.7962602,Residential,18
r0125_c0094,40.7177266,-73.7944773,Residential,26
r0125_c0095,40.7177266,-73.7926944,Residential,37
r0125_c0096,40.7177266,-73.7909114,Residential,20
r0125_c0097,40.7177266,-73.7891285,Residential,25
r0125_c0098,40.7177266,-73.7873456,Residential,20
r0125_c0099,40.7177266,-73.7855627,Residential,18
r0125_c0100,40.7177266,-73.7837798,Residential,32
r0125_c0101,40.7177266,-73.7819969,Residential,28
r0125_c0102,40.7177266,-73.780214,Residential,24
r0125_c0103,40.7177266,-73.7784311,Residential,28
r0125_c0104,40.7177266,-73.7766481,Residential,28
r0125_c0105,40.7177266,-73.7748652,Residential,31
r0125_c0106,40.7177266,-73.7730823,Residential,24
r0125_c0107,40.7177266,-73.7712994,Residential,21
r0125_c0108,40.7177266,-73.7695165,Residential,19
r0125_c0109,40.7177266,-73.7677336,Residential,22
r0125_c0110,40.7177266,-73.7659507,Residential,31
r0125_c0111,40.7177266,-73.7641678,Residential,38
r0125_c0112,40.7177266,-73.7623848,Residential,56
r0125_c0113,40.7177266,-73.7606019,Residential,74
r0125_c0114,40.7177266,-73.758819,Residential,58
r0125_c0115,40.7177266,-73.7570361,Residential,55
r0125_c0116,40.7177266,-73.7552532,Residential,76
r0125_c0117,40.7177266,-73.7534703,Residential,44
r0125_c0118,40.7177266,-73.7516874,Residential,53
r0125_c0119,40.7177266,-73.7499045,Residential,51
r0125_c0120,40.7177266,-73.7481216,Residential,34
r0125_c0121,40.7177266,-73.7463386,Residential,55
r0125_c0122,40.7177266,-73.7445557,Residential,49
r0125_c0123,40.7177266,-73.7427728,Residential,45
r0125_c0124,40.7177266,-73.7409899,Residential,60
r0125_c0125,40.7177266,-73.739207,Residential,48
r0125_c0126,40.7177266,-73.7374241,Mixed-Use,35
r0125_c0127,40.7177266,-73.7356412,Mixed-Use,11
r0125_c0128,40.7177266,-73.7338583,Mixed-Use,25
r0125_c0129,40.7177266,-73.7320753,Residential,33
r0126_c0022,40.719078,-73.9228469,Industrial,3
r0126_c0023,40.719078,-73.921064,Industrial,4
r0126_c0024,40.719078,-73.9192811,Industrial,4
r0126_c0026,40.719078,-73.9157153,Industrial,4
r0126_c0027,40.719078,-73.9139324,Industrial,4
r0126_c0028,40.719078,-73.9121495,Industrial,20
r0126_c0029,40.719078,-73.9103665,Industrial,3
r0126_c0030,40.719078,-73.9085836,Mixed-Use,19
r0126_c0031,40.719078,-73.9068007,Residential,59
r0126_c0032,40.719078,-73.9050178,Residential,78
r0126_c0033,40.719078,-73.9032349,Residential,40
r0126_c0034,40.719078,-73.901452,Industrial,21
r0126_c0035,40.719078,-73.8996691,Residential,10
r0126_c0036,40.719078,-73.8978862,Residential,20
r0126_c0038,40.719078,-73.8943203,Residential,9
r0126_c0039,40.719078,-73.8925374,Residential,59
r0126_c0040,40.719078,-73.8907545,Residential,55
r0126_c0041,40.719078,-73.8889716,Residential,74
r0126_c0042,40.719078,-73.8871887,Residential,68
r0126_c0043,40.719078,-73.8854058,Residential,17
r0126_c0045,40.719078,-73.88184,Residential,10
r0126_c0046,40.719078,-73.880057,Residential,51
r0126_c0047,40.719078,-73.8782741,Residential,74
r0126_c0048,40.719078,-73.8764912,Residential,73
r0126_c0049,40.719078,-73.8747083,Residential,58
r0126_c0050,40.719078,-73.8729254,Residential,66
r0126_c0051,40.719078,-73.8711425,Residential,71
r0126_c0052,40.719078,-73.8693596,Residential,70
r0126_c0053,40.719078,-73.8675767,Residential,14
r0126_c0055,40.719078,-73.8640108,Residential,29
r0126_c0056,40.719078,-73.8622279,Residential,58
r0126_c0057,40.719078,-73.860445,Residential,71
r0126_c0058,40.719078,-73.8586621,Residential,46
r0126_c0059,40.719078,-73.8568792,Residential,59
r0126_c0060,40.719078,-73.8550963,Residential,76
r0126_c0061,40.719078,-73.8533134,Residential,69
r0126_c0062,40.719078,-73.8515304,Residential,65
r0126_c0063,40.719078,-73.8497475,Residential,21
r0126_c0064,40.719078,-73.8479646,Residential,9
r0126_c0065,40.719078,-73.8461817,Residential,19
r0126_c0066,40.719078,-73.8443988,Residential,27
r0126_c0067,40.719078,-73.8426159,Mixed-Use,30
r0126_c0068,40.719078,-73.840833,Institutional,8
r0126_c0069,40.719078,-73.8390501,Residential,6
r0126_c0070,40.719078,-73.8372672,Residential,4
r0126_c0071,40.719078,-73.8354842,Residential,17
r0126_c0072,40.719078,-73.8337013,Residential,7
r0126_c0077,40.719078,-73.8247868,Residential,14
r0126_c0078,40.719078,-73.8230039,Residential,17
r0126_c0079,40.719078,-73.8212209,Residential,12
r0126_c0082,40.719078,-73.8158722,Residential,4
r0126_c0083,40.719078,-73.8140893,Residential,28
r0126_c0084,40.719078,-73.8123064,Mixed-Use,5
r0126_c0085,40.719078,-73.8105235,Residential,5
r0126_c0086,40.719078,-73.8087406,Institutional,14
r0126_c0087,40.719078,-73.8069576,Residential,48
r0126_c0088,40.719078,-73.8051747,Residential,35
r0126_c0089,40.719078,-73.8033918,Residential,29
r0126_c0090,40.719078,-73.8016089,Residential,68
r0126_c0091,40.719078,-73.799826,Residential,63
r0126_c0092,40.719078,-73.7980431,Residential,4
r0126_c0094,40.719078,-73.7944773,Residential,18
r0126_c0095,40.719078,-73.7926944,Residential,15
r0126_c0096,40.719078,-73.7909114,Residential,6
r0126_c0097,40.719078,-73.7891285,Residential,12
r0126_c0098,40.719078,-73.7873456,Residential,13
r0126_c0099,40.719078,-73.7855627,Residential,11
r0126_c0100,40.719078,-73.7837798,Residential,20
r0126_c0101,40.719078,-73.7819969,Residential,21
r0126_c0102,40.719078,-73.780214,Residential,27
r0126_c0103,40.719078,-73.7784311,Residential,24
r0126_c0104,40.719078,-73.7766481,Residential,31
r0126_c0105,40.719078,-73.7748652,Residential,20
r0126_c0106,40.719078,-73.7730823,Residential,19
r0126_c0107,40.719078,-73.7712994,Residential,19
r0126_c0108,40.719078,-73.7695165,Residential,20
r0126_c0109,40.719078,-73.7677336,Residential,19
r0126_c0110,40.719078,-73.7659507,Residential,19
r0126_c0111,40.719078,-73.7641678,Residential,37
r0126_c0112,40.719078,-73.7623848,Residential,59
r0126_c0113,40.719078,-73.7606019,Residential,69
r0126_c0114,40.719078,-73.758819,Residential,55
r0126_c0115,40.719078,-73.7570361,Institutional,41
r0126_c0116,40.719078,-73.7552532,Residential,63
r0126_c0117,40.719078,-73.7534703,Residential,60
r0126_c0118,40.719078,-73.7516874,Residential,57
r0126_c0119,40.719078,-73.7499045,Residential,38
r0126_c0120,40.719078,-73.7481216,Residential,49
r0126_c0121,40.719078,-73.7463386,Residential,53
r0126_c0122,40.719078,-73.7445557,Residential,65
r0126_c0123,40.719078,-73.7427728,Residential,67
r0126_c0124,40.719078,-73.7409899,Residential,48
r0126_c0125,40.719078,-73.739207,Residential,41
r0126_c0126,40.719078,-73.7374241,Residential,39
r0126_c0127,40.719078,-73.7356412,Residential,42
r0126_c0128,40.719078,-73.7338583,Commercial,24
r0126_c0129,40.719078,-73.7320753,Commercial,12
r0126_c0130,40.719078,-73.7302924,Industrial,7
r0127_c0022,40.7204293,-73.9228469,Industrial,3
r0127_c0023,40.7204293,-73.921064,Industrial,6
r0127_c0024,40.7204293,-73.9192811,Industrial,3
r0127_c0028,40.7204293,-73.9121495,Industrial,19
r0127_c0029,40.7204293,-73.9103665,Industrial,19
r0127_c0030,40.7204293,-73.9085836,Residential,40
r0127_c0031,40.7204293,-73.9068007,Residential,78
r0127_c0032,40.7204293,-73.9050178,Residential,70
r0127_c0033,40.7204293,-73.9032349,Residential,78
r0127_c0034,40.7204293,-73.901452,Residential,48
r0127_c0035,40.7204293,-73.8996691,Residential,54
r0127_c0036,40.7204293,-73.8978862,Residential,37
r0127_c0038,40.7204293,-73.8943203,Residential,13
r0127_c0039,40.7204293,-73.8925374,Residential,65
r0127_c0040,40.7204293,-73.8907545,Residential,64
r0127_c0041,40.7204293,-73.8889716,Residential,65
r0127_c0042,40.7204293,-73.8871887,Residential,58
r0127_c0043,40.7204293,-73.8854058,Institutional,16
r0127_c0049,40.7204293,-73.8747083,Open Space,18
r0127_c0050,40.7204293,-73.8729254,Residential,60
r0127_c0051,40.7204293,-73.8711425,Residential,68
r0127_c0052,40.7204293,-73.8693596,Residential,73
r0127_c0053,40.7204293,-73.8675767,Residential,65
r0127_c0054,40.7204293,-73.8657937,Residential,27
r0127_c0055,40.7204293,-73.8640108,Residential,42
r0127_c0056,40.7204293,-73.8622279,Residential,32
r0127_c0057,40.7204293,-73.860445,Institutional,20
r0127_c0058,40.7204293,-73.8586621,Open Space,32
r0127_c0059,40.7204293,-73.8568792,Residential,37
r0127_c0060,40.7204293,-73.8550963,Residential,64
r0127_c0061,40.7204293,-73.8533134,Residential,93
r0127_c0062,40.7204293,-73.8515304,Residential,75
r0127_c0063,40.7204293,-73.8497475,Residential,5
r0127_c0064,40.7204293,-73.8479646,Open Space,3
r0127_c0065,40.7204293,-73.8461817,Commercial,13
r0127_c0066,40.7204293,-73.8443988,Commercial,21
r0127_c0067,40.7204293,-73.8426159,Mixed-Use,18
r0127_c0068,40.7204293,-73.840833,Mixed-Use,8
r0127_c0069,40.7204293,-73.8390501,Residential,16
r0127_c0070,40.7204293,-73.8372672,Residential,3
r0127_c0077,40.7204293,-73.8247868,Residential,14
r0127_c0080,40.7204293,-73.819438,Residential,7
r0127_c0081,40.7204293,-73.8176551,Residential,24
r0127_c0082,40.7204293,-73.8158722,Residential,45
r0127_c0083,40.7204293,-73.8140893,Residential,41
r0127_c0084,40.7204293,-73.8123064,Residential,59
r0127_c0085,40.7204293,-73.8105235,Residential,55
r0127_c0086,40.7204293,-73.8087406,Commercial,7
r0127_c0087,40.7204293,-73.8069576,Institutional,28
r0127_c0088,40.7204293,-73.8051747,Residential,64
r0127_c0089,40.7204293,-73.8033918,Residential,34
r0127_c0090,40.7204293,-73.8016089,Residential,43
r0127_c0091,40.7204293,-73.799826,Residential,39
r0127_c0092,40.7204293,-73.7980431,Residential,23
r0127_c0095,40.7204293,-73.7926944,Residential,16
r0127_c0096,40.7204293,-73.7909114,Residential,8
r0127_c0097,40.7204293,-73.7891285,Residential,29
r0127_c0098,40.7204293,-73.7873456,Residential,14
r0127_c0099,40.7204293,-73.7855627,Residential,11
r0127_c0100,40.7204293,-73.7837798,Residential,12
r0127_c0101,40.7204293,-73.7819969,Residential,13
r0127_c0102,40.7204293,-73.780214,Residential,9
r0127_c0103,40.7204293,-73.7784311,Residential,25
r0127_c0104,40.7204293,-73.7766481,Residential,25
r0127_c0105,40.7204293,-73.7748652,Residential,31
r0127_c0106,40.7204293,-73.7730823,Residential,28
r0127_c0107,40.7204293,-73.7712994,Residential,19
r0127_c0108,40.7204293,-73.7695165,Residential,24
r0127_c0109,40.7204293,-73.7677336,Residential,15
r0127_c0110,40.7204293,-73.7659507,Residential,4
r0127_c0111,40.7204293,-73.7641678,Residential,25
r0127_c0112,40.7204293,-73.7623848,Residential,24
r0127_c0113,40.7204293,-73.7606019,Commercial,28
r0127_c0114,40.7204293,-73.758819,Residential,62
r0127_c0115,40.7204293,-73.7570361,Residential,28
r0127_c0116,40.7204293,-73.7552532,Residential,71
r0127_c0117,40.7204293,-73.7534703,Residential,60
r0127_c0118,40.7204293,-73.7516874,Residential,44
r0127_c0119,40.7204293,-73.7499045,Residential,34
r0127_c0120,40.7204293,-73.7481216,Residential,58
r0127_c0121,40.7204293,-73.7463386,Institutional,39
r0127_c0122,40.7204293,-73.7445557,Residential,56
r0127_c0123,40.7204293,-73.7427728,Residential,58
r0127_c0124,40.7204293,-73.7409899,Residential,43
r0127_c0125,40.7204293,-73.739207,Residential,19
r0127_c0126,40.7204293,-73.7374241,Residential,51
r0127_c0127,40.7204293,-73.7356412,Residential,44
r0127_c0128,40.7204293,-73.7338583,Residential,46
r0127_c0129,40.7204293,-73.7320753,Mixed-Use,27
r0127_c0130,40.7204293,-73.7302924,Residential,40
r0128_c0023,40.7217807,-73.921064,Industrial,3
r0128_c0024,40.7217807,-73.9192811,Industrial,4
r0128_c0027,40.7217807,-73.9139324,Mixed-Use,4
r0128_c0028,40.7217807,-73.9121495,Industrial,45
r0128_c0029,40.7217807,-73.9103665,Mixed-Use,31
r0128_c0030,40.7217807,-73.9085836,Residential,42
r0128_c0031,40.7217807,-73.9068007,Residential,76
r0128_c0032,40.7217807,-73.9050178,Residential,45
r0128_c0033,40.7217807,-73.9032349,Residential,52
r0128_c0034,40.7217807,-73.901452,Residential,81
r0128_c0035,40.7217807,-73.8996691,Residential,39
r0128_c0036,40.7217807,-73.8978862,Residential,15
r0128_c0038,40.7217807,-73.8943203,Residential,35
r0128_c0039,40.7217807,-73.8925374,Residential,63
r0128_c0040,40.7217807,-73.8907545,Residential,52
r0128_c0041,40.7217807,-73.8889716,Residential,86
r0128_c0042,40.7217807,-73.8871887,Residential,68
r0128_c0043,40.7217807,-73.8854058,Mixed-Use,9
r0128_c0044,40.7217807,-73.8836229,Residential,66
r0128_c0045,40.7217807,-73.88184,Residential,55
r0128_c0046,40.7217807,-73.880057,Residential,53
r0128_c0047,40.7217807,-73.8782741,Residential,55
r0128_c0048,40.7217807,-73.8764912,Residential,44
r0128_c0049,40.7217807,-73.8747083,Residential,26
r0128_c0050,40.7217807,-73.8729254,Residential,70
r0128_c0051,40.7217807,-73.8711425,Residential,78
r0128_c0052,40.7217807,-73.8693596,Residential,64
r0128_c0053,40.7217807,-73.8675767,Residential,16
r0128_c0054,40.7217807,-73.8657937,Residential,27
r0128_c0055,40.7217807,-73.8640108,Residential,40
r0128_c0056,40.7217807,-73.8622279,Residential,37
r0128_c0057,40.7217807,-73.860445,Residential,46
r0128_c0058,40.7217807,-73.8586621,Residential,29
r0128_c0059,40.7217807,-73.8568792,Residential,52
r0128_c0060,40.7217807,-73.8550963,Residential,36
r0128_c0061,40.7217807,-73.8533134,Residential,53
r0128_c0062,40.7217807,-73.8515304,Residential,21
r0128_c0063,40.7217807,-73.8497475,Residential,7
r0128_c0064,40.7217807,-73.8479646,Commercial,5
r0128_c0065,40.7217807,-73.8461817,Institutional,6
r0128_c0066,40.7217807,-73.8443988,Commercial,5
r0128_c0067,40.7217807,-73.8426159,Residential,11
r0128_c0068,40.7217807,-73.840833,Residential,7
r0128_c0069,40.7217807,-73.8390501,Residential,14
r0128_c0070,40.7217807,-73.8372672,Residential,12
r0128_c0076,40.7217807,-73.8265697,Residential,14
r0128_c0077,40.7217807,-73.8247868,Residential,32
r0128_c0078,40.7217807,-73.8230039,Residential,40
r0128_c0079,40.7217807,-73.8212209,Residential,67
r0128_c0080,40.7217807,-73.819438,Residential,42
r0128_c0081,40.7217807,-73.8176551,Residential,68
r0128_c0082,40.7217807,-73.8158722,Residential,93
r0128_c0083,40.7217807,-73.8140893,Residential,72
r0128_c0084,40.7217807,-73.8123064,Residential,85
r0128_c0085,40.7217807,-73.8105235,Residential,72
r0128_c0086,40.7217807,-73.8087406,Residential,37
r0128_c0087,40.7217807,-73.8069576,Residential,46
r0128_c0088,40.7217807,-73.8051747,Residential,17
r0128_c0089,40.7217807,-73.8033918,Residential,37
r0128_c0090,40.7217807,-73.8016089,Residential,40
r0128_c0091,40.7217807,-73.799826,Residential,46
r0128_c0092,40.7217807,-73.7980431,Residential,32
r0128_c0097,40.7217807,-73.7891285,Residential,35
r0128_c0098,40.7217807,-73.7873456,Residential,22
r0128_c0099,40.7217807,-73.7855627,Residential,20
r0128_c0100,40.7217807,-73.7837798,Residential,20
r0128_c0101,40.7217807,-73.7819969,Residential,24
r0128_c0102,40.7217807,-73.780214,Residential,19
r0128_c0103,40.7217807,-73.7784311,Residential,5
r0128_c0104,40.7217807,-73.7766481,Residential,9
r0128_c0105,40.7217807,-73.7748652,Residential,22
r0128_c0106,40.7217807,-73.7730823,Residential,19
r0128_c0107,40.7217807,-73.7712994,Residential,26
r0128_c0108,40.7217807,-73.7695165,Residential,24
r0128_c0109,40.7217807,-73.7677336,Residential,27
r0128_c0110,40.7217807,-73.7659507,Residential,18
r0128_c0111,40.7217807,-73.7641678,Residential,25
r0128_c0112,40.7217807,-73.7623848,Residential,4
r0128_c0113,40.7217807,-73.7606019,Residential,5
r0128_c0114,40.7217807,-73.758819,Residential,37
r0128_c0115,40.7217807,-73.7570361,Residential,52
r0128_c0116,40.7217807,-73.7552532,Residential,48
r0128_c0117,40.7217807,-73.7534703,Residential,43
r0128_c0118,40.7217807,-73.7516874,Residential,37
r0128_c0119,40.7217807,-73.7499045,Residential,47
r0128_c0120,40.7217807,-73.7481216,Residential,61
r0128_c0121,40.7217807,-73.7463386,Residential,58
r0128_c0122,40.7217807,-73.7445557,Residential,50
r0128_c0123,40.7217807,-73.7427728,Residential,63
r0128_c0124,40.7217807,-73.7409899,Residential,49
r0128_c0125,40.7217807,-73.739207,Residential,33
r0128_c0126,40.7217807,-73.7374241,Residential,32
r0128_c0127,40.7217807,-73.7356412,Residential,38
r0128_c0128,40.7217807,-73.7338583,Residential,47
r0128_c0129,40.7217807,-73.7320753,Residential,13
r0128_c0130,40.7217807,-73.7302924,Residential,14
r0129_c0023,40.723132,-73.921064,Industrial,5
r0129_c0024,40.723132,-73.9192811,Industrial,9
r0129_c0025,40.723132,-73.9174982,Industrial,5
r0129_c0026,40.723132,-73.9157153,Mixed-Use,5
r0129_c0027,40.723132,-73.9139324,Industrial,4
r0129_c0028,40.723132,-73.9121495,Industrial,38
r0129_c0029,40.723132,-73.9103665,Industrial,35
r0129_c0030,40.723132,-73.9085836,Residential,58
r0129_c0031,40.723132,-73.9068007,Residential,54
r0129_c0032,40.723132,-73.9050178,Residential,44
r0129_c0033,40.723132,-73.9032349,Residential,58
r0129_c0034,40.723132,-73.901452,Residential,53
r0129_c0035,40.723132,-73.8996691,Mixed-Use,21
r0129_c0036,40.723132,-73.8978862,Residential,23
r0129_c0037,40.723132,-73.8961033,Residential,7
r0129_c0038,40.723132,-73.8943203,Residential,44
r0129_c0039,40.723132,-73.8925374,Residential,71
r0129_c0040,40.723132,-73.8907545,Residential,80
r0129_c0041,40.723132,-73.8889716,Residential,64
r0129_c0042,40.723132,-73.8871887,Residential,91
r0129_c0043,40.723132,-73.8854058,Residential,47
r0129_c0044,40.723132,-73.8836229,Residential,76
r0129_c0045,40.723132,-73.88184,Residential,94
r0129_c0046,40.723132,-73.880057,Residential,108
r0129_c0047,40.723132,-73.8782741,Residential,86
r0129_c0048,40.723132,-73.8764912,Residential,85
r0129_c0049,40.723132,-73.8747083,Residential,72
r0129_c0050,40.723132,-73.8729254,Residential,65
r0129_c0051,40.723132,-73.8711425,Residential,70
r0129_c0052,40.723132,-73.8693596,Residential,64
r0129_c0053,40.723132,-73.8675767,Residential,26
r0129_c0054,40.723132,-73.8657937,Residential,48
r0129_c0055,40.723132,-73.8640108,Residential,42
r0129_c0056,40.723132,-73.8622279,Residential,33
r0129_c0057,40.723132,-73.860445,Residential,49
r0129_c0058,40.723132,-73.8586621,Mixed-Use,17
r0129_c0059,40.723132,-73.8568792,Residential,39
r0129_c0060,40.723132,-73.8550963,Residential,39
r0129_c0061,40.723132,-73.8533134,Residential,56
r0129_c0062,40.723132,-73.8515304,Institutional,4
r0129_c0064,40.723132,-73.8479646,Residential,3
r0129_c0065,40.723132,-73.8461817,Mixed-Use,3
r0129_c0066,40.723132,-73.8443988,Residential,14
r0129_c0067,40.723132,-73.8426159,Residential,22
r0129_c0068,40.723132,-73.840833,Residential,33
r0129_c0069,40.723132,-73.8390501,Institutional,11
r0129_c0076,40.723132,-73.8265697,Open Space,19
r0129_c0077,40.723132,-73.8247868,Residential,43
r0129_c0078,40.723132,-73.8230039,Residential,52
r0129_c0079,40.723132,-73.8212209,Residential,71
r0129_c0080,40.723132,-73.819438,Residential,28
r0129_c0081,40.723132,-73.8176551,Residential,44
r0129_c0082,40.723132,-73.8158722,Residential,79
r0129_c0083,40.723132,-73.8140893,Residential,78
r0129_c0084,40.723132,-73.8123064,Residential,87
r0129_c0085,40.723132,-73.8105235,Residential,63
r0129_c0086,40.723132,-73.8087406,Residential,52
r0129_c0087,40.723132,-73.8069576,Residential,46
r0129_c0088,40.723132,-73.8051747,Residential,34
r0129_c0089,40.723132,-73.8033918,Residential,61
r0129_c0090,40.723132,-73.8016089,Residential,49
r0129_c0091,40.723132,-73.799826,Residential,29
r0129_c0092,40.723132,-73.7980431,Residential,25
r0129_c0097,40.723132,-73.7891285,Residential,31
r0129_c0098,40.723132,-73.7873456,Residential,29
r0129_c0099,40.723132,-73.7855627,Residential,26
r0129_c0100,40.723132,-73.7837798,Residential,19
r0129_c0101,40.723132,-73.7819969,Residential,24
r0129_c0102,40.723132,-73.780214,Residential,27
r0129_c0103,40.723132,-73.7784311,Residential,24
r0129_c0105,40.723132,-73.7748652,Residential,18
r0129_c0106,40.723132,-73.7730823,Residential,20
r0129_c0107,40.723132,-73.7712994,Residential,20
r0129_c0108,40.723132,-73.7695165,Residential,28
r0129_c0109,40.723132,-73.7677336,Residential,18
r0129_c0110,40.723132,-73.7659507,Residential,28
r0129_c0111,40.723132,-73.7641678,Residential,11
r0129_c0114,40.723132,-73.758819,Residential,21
r0129_c0115,40.723132,-73.7570361,Residential,29
r0129_c0116,40.723132,-73.7552532,Residential,44
r0129_c0117,40.723132,-73.7534703,Residential,38
r0129_c0118,40.723132,-73.7516874,Residential,58
r0129_c0119,40.723132,-73.7499045,Residential,71
r0129_c0120,40.723132,-73.7481216,Residential,59
r0129_c0121,40.723132,-73.7463386,Residential,50
r0129_c0122,40.723132,-73.7445557,Residential,50
r0129_c0123,40.723132,-73.7427728,Residential,52
r0129_c0124,40.723132,-73.7409899,Residential,48
r0129_c0125,40.723132,-73.739207,Residential,50
r0129_c0126,40.723132,-73.7374241,Residential,25
r0129_c0127,40.723132,-73.7356412,Residential,30
r0129_c0128,40.723132,-73.7338583,Residential,40
r0129_c0129,40.723132,-73.7320753,Residential,34
r0129_c0130,40.723132,-73.7302924,Residential,48
r0129_c0131,40.723132,-73.7285095,Residential,34
r0130_c0023,40.7244834,-73.921064,Industrial,6
r0130_c0025,40.7244834,-73.9174982,Industrial,6
r0130_c0026,40.7244834,-73.9157153,Mixed-Use,7
r0130_c0027,40.7244834,-73.9139324,Industrial,9
r0130_c0028,40.7244834,-73.9121495,Industrial,8
r0130_c0029,40.7244834,-73.9103665,Industrial,6
r0130_c0030,40.7244834,-73.9085836,Industrial,16
r0130_c0031,40.7244834,-73.9068007,Residential,54
r0130_c0032,40.7244834,-73.9050178,Residential,64
r0130_c0033,40.7244834,-73.9032349,Residential,71
r0130_c0034,40.7244834,-73.901452,Residential,55
r0130_c0035,40.7244834,-73.8996691,Residential,52
r0130_c0036,40.7244834,-73.8978862,Mixed-Use,44
r0130_c0037,40.7244834,-73.8961033,Mixed-Use,26
r0130_c0038,40.7244834,-73.8943203,Residential,50
r0130_c0039,40.7244834,-73.8925374,Residential,51
r0130_c0040,40.7244834,-73.8907545,Residential,69
r0130_c0041,40.7244834,-73.8889716,Residential,70
r0130_c0042,40.7244834,-73.8871887,Residential,70
r0130_c0043,40.7244834,-73.8854058,Residential,28
r0130_c0044,40.7244834,-73.8836229,Residential,77
r0130_c0045,40.7244834,-73.88184,Residential,86
r0130_c0046,40.7244834,-73.880057,Residential,80
r0130_c0047,40.7244834,-73.8782741,Residential,85
r0130_c0048,40.7244834,-73.8764912,Residential,88
r0130_c0049,40.7244834,-73.8747083,Residential,57
r0130_c0050,40.7244834,-73.8729254,Residential,54
r0130_c0051,40.7244834,-73.8711425,Residential,36
r0130_c0052,40.7244834,-73.8693596,Mixed-Use,40
r0130_c0053,40.7244834,-73.8675767,Residential,54
r0130_c0054,40.7244834,-73.8657937,Residential,25
r0130_c0055,40.7244834,-73.8640108,Residential,42
r0130_c0056,40.7244834,-73.8622279,Residential,52
r0130_c0057,40.7244834,-73.860445,Mixed-Use,39
r0130_c0058,40.7244834,-73.8586621,Residential,5
r0130_c0059,40.7244834,-73.8568792,Residential,22
r0130_c0060,40.7244834,-73.8550963,Residential,29
r0130_c0061,40.7244834,-73.8533134,Residential,36
r0130_c0062,40.7244834,-73.8515304,Residential,15
r0130_c0064,40.7244834,-73.8479646,Residential,5
r0130_c0065,40.7244834,-73.8461817,Residential,4
r0130_c0066,40.7244834,-73.8443988,Residential,24
r0130_c0067,40.7244834,-73.8426159,Residential,27
r0130_c0068,40.7244834,-73.840833,Residential,30
r0130_c0069,40.7244834,-73.8390501,Institutional,19
r0130_c0076,40.7244834,-73.8265697,Residential,33
r0130_c0077,40.7244834,-73.8247868,Residential,38
r0130_c0078,40.7244834,-73.8230039,Residential,58
r0130_c0079,40.7244834,-73.8212209,Residential,33
r0130_c0080,40.7244834,-73.819438,Residential,82
r0130_c0081,40.7244834,-73.8176551,Residential,26
r0130_c0084,40.7244834,-73.8123064,Residential,41
r0130_c0085,40.7244834,-73.8105235,Residential,12
r0130_c0086,40.7244834,-73.8087406,Institutional,17
r0130_c0087,40.7244834,-73.8069576,Residential,49
r0130_c0088,40.7244834,-73.8051747,Residential,31
r0130_c0089,40.7244834,-73.8033918,Residential,56
r0130_c0090,40.7244834,-73.8016089,Residential,60
r0130_c0091,40.7244834,-73.799826,Residential,56
r0130_c0092,40.7244834,-73.7980431,Residential,47
r0130_c0093,40.7244834,-73.7962602,Residential,27
r0130_c0094,40.7244834,-73.7944773,Residential,4
r0130_c0096,40.7244834,-73.7909114,Residential,20
r0130_c0097,40.7244834,-73.7891285,Residential,34
r0130_c0098,40.7244834,-73.7873456,Residential,30
r0130_c0099,40.7244834,-73.7855627,Residential,26
r0130_c0100,40.7244834,-73.7837798,Residential,24
r0130_c0101,40.7244834,-73.7819969,Residential,20
r0130_c0102,40.7244834,-73.780214,Residential,27
r0130_c0103,40.7244834,-73.7784311,Residential,22
r0130_c0104,40.7244834,-73.7766481,Institutional,6
r0130_c0106,40.7244834,-73.7730823,Residential,7
r0130_c0107,40.7244834,-73.7712994,Residential,7
r0130_c0108,40.7244834,-73.7695165,Residential,15
r0130_c0109,40.7244834,-73.7677336,Residential,24
r0130_c0110,40.7244834,-73.7659507,Residential,25
r0130_c0111,40.7244834,-73.7641678,Residential,11
r0130_c0115,40.7244834,-73.7570361,Residential,18
r0130_c0116,40.7244834,-73.7552532,Residential,13
r0130_c0117,40.7244834,-73.7534703,Residential,45
r0130_c0118,40.7244834,-73.7516874,Residential,56
r0130_c0119,40.7244834,-73.7499045,Residential,63
r0130_c0120,40.7244834,-73.7481216,Residential,79
r0130_c0121,40.7244834,-73.7463386,Residential,49
r0130_c0122,40.7244834,-73.7445557,Residential,53
r0130_c0123,40.7244834,-73.7427728,Residential,48
r0130_c0124,40.7244834,-73.7409899,Residential,54
r0130_c0125,40.7244834,-73.739207,Residential,43
r0130_c0126,40.7244834,-73.7374241,Residential,48
r0130_c0127,40.7244834,-73.7356412,Residential,42
r0130_c0128,40.7244834,-73.7338583,Residential,54
r0130_c0129,40.7244834,-73.7320753,Residential,47
r0130_c0130,40.7244834,-73.7302924,Residential,57
r0130_c0131,40.7244834,-73.7285095,Residential,47
r0130_c0132,40.7244834,-73.7267266,Residential,49
r0130_c0133,40.7244834,-73.7249437,Residential,23
r0131_c0021,40.7258348,-73.9246298,Industrial,3
r0131_c0022,40.7258348,-73.9228469,Mixed-Use,4
r0131_c0023,40.7258348,-73.921064,Mixed-Use,4
r0131_c0024,40.7258348,-73.9192811,Industrial,8
r0131_c0025,40.7258348,-73.9174982,Industrial,4
r0131_c0026,40.7258348,-73.9157153,Industrial,11
r0131_c0028,40.7258348,-73.9121495,Mixed-Use,4
r0131_c0030,40.7258348,-73.9085836,Industrial,15
r0131_c0031,40.7258348,-73.9068007,Commercial,22
r0131_c0032,40.7258348,-73.9050178,Residential,33
r0131_c0033,40.7258348,-73.9032349,Residential,27
r0131_c0034,40.7258348,-73.901452,Residential,18
r0131_c0035,40.7258348,-73.8996691,Residential,19
r0131_c0036,40.7258348,-73.8978862,Residential,18
r0131_c0037,40.7258348,-73.8961033,Mixed-Use,16
r0131_c0038,40.7258348,-73.8943203,Residential,43
r0131_c0039,40.7258348,-73.8925374,Residential,29
r0131_c0040,40.7258348,-73.8907545,Residential,25
r0131_c0041,40.7258348,-73.8889716,Residential,57
r0131_c0042,40.7258348,-73.8871887,Residential,61
r0131_c0043,40.7258348,-73.8854058,Mixed-Use,25
r0131_c0044,40.7258348,-73.8836229,Residential,71
r0131_c0045,40.7258348,-73.88184,Residential,63
r0131_c0046,40.7258348,-73.880057,Residential,62
r0131_c0047,40.7258348,-73.8782741,Residential,48
r0131_c0048,40.7258348,-73.8764912,Residential,65
r0131_c0049,40.7258348,-73.8747083,Residential,79
r0131_c0050,40.7258348,-73.8729254,Residential,39
r0131_c0051,40.7258348,-73.8711425,Residential,3
r0131_c0052,40.7258348,-73.8693596,Residential,46
r0131_c0053,40.7258348,-73.8675767,Residential,68
r0131_c0054,40.7258348,-73.8657937,Residential,30
r0131_c0055,40.7258348,-73.8640108,Residential,50
r0131_c0056,40.7258348,-73.8622279,Mixed-Use,28
r0131_c0057,40.7258348,-73.860445,Mixed-Use,24
r0131_c0058,40.7258348,-73.8586621,Residential,16
r0131_c0059,40.7258348,-73.8568792,Residential,34
r0131_c0060,40.7258348,-73.8550963,Residential,76
r0131_c0061,40.7258348,-73.8533134,Residential,24
r0131_c0062,40.7258348,-73.8515304,Mixed-Use,13
r0131_c0063,40.7258348,-73.8497475,Residential,10
r0131_c0064,40.7258348,-73.8479646,Mixed-Use,4
r0131_c0065,40.7258348,-73.8461817,Residential,7
r0131_c0066,40.7258348,-73.8443988,Residential,23
r0131_c0067,40.7258348,-73.8426159,Residential,28
r0131_c0068,40.7258348,-73.840833,Residential,23
r0131_c0069,40.7258348,-73.8390501,Residential,22
r0131_c0075,40.7258348,-73.8283526,Residential,6
r0131_c0076,40.7258348,-73.8265697,Residential,58
r0131_c0077,40.7258348,-73.8247868,Residential,67
r0131_c0078,40.7258348,-73.8230039,Residential,61
r0131_c0079,40.7258348,-73.8212209,Residential,30
r0131_c0080,40.7258348,-73.819438,Residential,77
r0131_c0081,40.7258348,-73.8176551,Residential,36
r0131_c0085,40.7258348,-73.8105235,Residential,40
r0131_c0086,40.7258348,-73.8087406,Residential,54
r0131_c0087,40.7258348,-73.8069576,Residential,43
r0131_c0088,40.7258348,-73.8051747,Residential,37
r0131_c0089,40.7258348,-73.8033918,Residential,42
r0131_c0090,40.7258348,-73.8016089,Residential,60
r0131_c0091,40.7258348,-73.799826,Residential,71
r0131_c0092,40.7258348,-73.7980431,Residential,48
r0131_c0093,40.7258348,-73.7962602,Residential,50
r0131_c0094,40.7258348,-73.7944773,Residential,45
r0131_c0095,40.7258348,-73.7926944,Commercial,17
r0131_c0096,40.7258348,-73.7909114,Mixed-Use,21
r0131_c0097,40.7258348,-73.7891285,Residential,32
r0131_c0098,40.7258348,-73.7873456,Residential,31
r0131_c0099,40.7258348,-73.7855627,Residential,31
r0131_c0100,40.7258348,-73.7837798,Residential,29
r0131_c0101,40.7258348,-73.7819969,Residential,28
r0131_c0102,40.7258348,-73.780214,Residential,27
r0131_c0103,40.7258348,-73.7784311,Residential,28
r0131_c0104,40.7258348,-73.7766481,Residential,30
r0131_c0105,40.7258348,-73.7748652,Residential,3
r0131_c0111,40.7258348,-73.7641678,Residential,5
r0131_c0117,40.7258348,-73.7534703,Residential,10
r0131_c0118,40.7258348,-73.7516874,Residential,39
r0131_c0119,40.7258348,-73.7499045,Residential,62
r0131_c0120,40.7258348,-73.7481216,Residential,63
r0131_c0121,40.7258348,-73.7463386,Residential,59
r0131_c0122,40.7258348,-73.7445557,Residential,64
r0131_c0123,40.7258348,-73.7427728,Residential,49
r0131_c0124,40.7258348,-73.7409899,Residential,59
r0131_c0125,40.7258348,-73.739207,Residential,43
r0131_c0126,40.7258348,-73.7374241,Residential,53
r0131_c0127,40.7258348,-73.7356412,Residential,44
r0131_c0128,40.7258348,-73.7338583,Residential,52
r0131_c0129,40.7258348,-73.7320753,Residential,54
r0131_c0130,40.7258348,-73.7302924,Residential,52
r0131_c0131,40.7258348,-73.7285095,Open Space,8
r0131_c0132,40.7258348,-73.7267266,Residential,46
r0131_c0133,40.7258348,-73.7249437,Residential,20
r0131_c0134,40.7258348,-73.7231608,Residential,41
r0131_c0135,40.7258348,-73.7213779,Residential,63
r0131_c0136,40.7258348,-73.719595,Commercial,22
r0131_c0137,40.7258348,-73.717812,Industrial,6
r0132_c0021,40.7271861,-73.9246298,Mixed-Use,4
r0132_c0027,40.7271861,-73.9139324,Industrial,3
r0132_c0030,40.7271861,-73.9085836,Commercial,4
r0132_c0033,40.7271861,-73.9032349,Residential,48
r0132_c0034,40.7271861,-73.901452,Residential,68
r0132_c0035,40.7271861,-73.8996691,Residential,59
r0132_c0036,40.7271861,-73.8978862,Residential,69
r0132_c0037,40.7271861,-73.8961033,Residential,47
r0132_c0038,40.7271861,-73.8943203,Residential,67
r0132_c0039,40.7271861,-73.8925374,Residential,63
r0132_c0040,40.7271861,-73.8907545,Residential,65
r0132_c0041,40.7271861,-73.8889716,Residential,30
r0132_c0042,40.7271861,-73.8871887,Residential,37
r0132_c0043,40.7271861,-73.8854058,Mixed-Use,12
r0132_c0044,40.7271861,-73.8836229,Residential,52
r0132_c0045,40.7271861,-73.88184,Residential,61
r0132_c0046,40.7271861,-73.880057,Residential,76
r0132_c0047,40.7271861,-73.8782741,Residential,72
r0132_c0048,40.7271861,-73.8764912,Residential,78
r0132_c0049,40.7271861,-73.8747083,Residential,67
r0132_c0050,40.7271861,-73.8729254,Residential,53
r0132_c0051,40.7271861,-73.8711425,Institutional,12
r0132_c0052,40.7271861,-73.8693596,Residential,66
r0132_c0053,40.7271861,-73.8675767,Residential,57
r0132_c0054,40.7271861,-73.8657937,Mixed-Use,28
r0132_c0055,40.7271861,-73.8640108,Mixed-Use,10
r0132_c0056,40.7271861,-73.8622279,Residential,30
r0132_c0057,40.7271861,-73.860445,Residential,44
r0132_c0058,40.7271861,-73.8586621,Residential,18
r0132_c0059,40.7271861,-73.8568792,Residential,23
r0132_c0060,40.7271861,-73.8550963,Residential,32
r0132_c0061,40.7271861,-73.8533134,Mixed-Use,4
r0132_c0062,40.7271861,-73.8515304,Residential,9
r0132_c0063,40.7271861,-73.8497475,Residential,7
r0132_c0064,40.7271861,-73.8479646,Residential,4
r0132_c0065,40.7271861,-73.8461817,Residential,21
r0132_c0066,40.7271861,-73.8443988,Residential,25
r0132_c0067,40.7271861,-73.8426159,Residential,32
r0132_c0068,40.7271861,-73.840833,Residential,31
r0132_c0069,40.7271861,-73.8390501,Residential,8
r0132_c0075,40.7271861,-73.8283526,Residential,22
r0132_c0076,40.7271861,-73.8265697,Residential,70
r0132_c0077,40.7271861,-73.8247868,Residential,80
r0132_c0078,40.7271861,-73.8230039,Residential,79
r0132_c0079,40.7271861,-73.8212209,Residential,9
r0132_c0080,40.7271861,-73.819438,Residential,12
r0132_c0081,40.7271861,-73.8176551,Residential,3
r0132_c0084,40.7271861,-73.8123064,Residential,6
r0132_c0085,40.7271861,-73.8105235,Residential,32
r0132_c0086,40.7271861,-73.8087406,Residential,37
r0132_c0087,40.7271861,-73.8069576,Residential,37
r0132_c0088,40.7271861,-73.8051747,Residential,44
r0132_c0089,40.7271861,-73.8033918,Residential,63
r0132_c0090,40.7271861,-73.8016089,Residential,70
r0132_c0091,40.7271861,-73.799826,Residential,55
r0132_c0092,40.7271861,-73.7980431,Residential,38
r0132_c0093,40.7271861,-73.7962602,Residential,34
r0132_c0094,40.7271861,-73.7944773,Residential,38
r0132_c0095,40.7271861,-73.7926944,Residential,78
r0132_c0096,40.7271861,-73.7909114,Residential,48
r0132_c0097,40.7271861,-73.7891285,Residential,34
r0132_c0098,40.7271861,-73.7873456,Residential,28
r0132_c0099,40.7271861,-73.7855627,Residential,24
r0132_c0100,40.7271861,-73.7837798,Residential,31
r0132_c0101,40.7271861,-73.7819969,Residential,29
r0132_c0102,40.7271861,-73.780214,Residential,29
r0132_c0103,40.7271861,-73.7784311,Residential,45
r0132_c0104,40.7271861,-73.7766481,Residential,29
r0132_c0117,40.7271861,-73.7534703,Residential,3
r0132_c0118,40.7271861,-73.7516874,Residential,27
r0132_c0119,40.7271861,-73.7499045,Residential,32
r0132_c0120,40.7271861,-73.7481216,Residential,46
r0132_c0121,40.7271861,-73.7463386,Residential,45
r0132_c0122,40.7271861,-73.7445557,Residential,63
r0132_c0123,40.7271861,-73.7427728,Residential,73
r0132_c0124,40.7271861,-73.7409899,Residential,64
r0132_c0125,40.7271861,-73.739207,Residential,48
r0132_c0126,40.7271861,-73.7374241,Residential,44
r0132_c0127,40.7271861,-73.7356412,Residential,54
r0132_c0128,40.7271861,-73.7338583,Institutional,33
r0132_c0129,40.7271861,-73.7320753,Residential,36
r0132_c0130,40.7271861,-73.7302924,Residential,48
r0132_c0131,40.7271861,-73.7285095,Residential,52
r0132_c0132,40.7271861,-73.7267266,Residential,67
r0132_c0133,40.7271861,-73.7249437,Residential,46
r0132_c0134,40.7271861,-73.7231608,Residential,55
r0132_c0135,40.7271861,-73.7213779,Residential,65
r0132_c0136,40.7271861,-73.719595,Residential,62
r0132_c0137,40.7271861,-73.717812,Residential,58
r0132_c0138,40.7271861,-73.7160291,Residential,49
r0132_c0139,40.7271861,-73.7142462,Commercial,18
r0132_c0140,40.7271861,-73.7124633,Industrial,5
r0132_c0141,40.7271861,-73.7106804,Commercial,15
r0132_c0142,40.7271861,-73.7088975,Commercial,3
r0133_c0018,40.7285375,-73.9299786,Mixed-Use,4
r0133_c0019,40.7285375,-73.9281957,Mixed-Use,5
r0133_c0020,40.7285375,-73.9264128,Mixed-Use,4
r0133_c0023,40.7285375,-73.921064,Industrial,3
r0133_c0024,40.7285375,-73.9192811,Mixed-Use,5
r0133_c0031,40.7285375,-73.9068007,Industrial,11
r0133_c0032,40.7285375,-73.9050178,Mixed-Use,26
r0133_c0033,40.7285375,-73.9032349,Residential,83
r0133_c0034,40.7285375,-73.901452,Residential,62
r0133_c0035,40.7285375,-73.8996691,Residential,55
r0133_c0036,40.7285375,-73.8978862,Residential,63
r0133_c0037,40.7285375,-73.8961033,Residential,50
r0133_c0038,40.7285375,-73.8943203,Residential,50
r0133_c0039,40.7285375,-73.8925374,Institutional,43
r0133_c0040,40.7285375,-73.8907545,Institutional,35
r0133_c0041,40.7285375,-73.8889716,Residential,42
r0133_c0042,40.7285375,-73.8871887,Institutional,15
r0133_c0044,40.7285375,-73.8836229,Residential,22
r0133_c0045,40.7285375,-73.88184,Residential,21
r0133_c0046,40.7285375,-73.880057,Residential,31
r0133_c0047,40.7285375,-73.8782741,Residential,62
r0133_c0048,40.7285375,-73.8764912,Residential,63
r0133_c0049,40.7285375,-73.8747083,Residential,76
r0133_c0050,40.7285375,-73.8729254,Residential,64
r0133_c0051,40.7285375,-73.8711425,Mixed-Use,8
r0133_c0052,40.7285375,-73.8693596,Residential,42
r0133_c0053,40.7285375,-73.8675767,Residential,56
r0133_c0054,40.7285375,-73.8657937,Residential,51
r0133_c0055,40.7285375,-73.8640108,Residential,39
r0133_c0056,40.7285375,-73.8622279,Residential,12
r0133_c0057,40.7285375,-73.860445,Residential,6
r0133_c0058,40.7285375,-73.8586621,Mixed-Use,4
r0133_c0060,40.7285375,-73.8550963,Mixed-Use,7
r0133_c0061,40.7285375,-73.8533134,Mixed-Use,15
r0133_c0064,40.7285375,-73.8479646,Residential,3
r0133_c0065,40.7285375,-73.8461817,Residential,32
r0133_c0066,40.7285375,-73.8443988,Residential,32
r0133_c0067,40.7285375,-73.8426159,Residential,22
r0133_c0068,40.7285375,-73.840833,Residential,22
r0133_c0075,40.7285375,-73.8283526,Residential,12
r0133_c0076,40.7285375,-73.8265697,Residential,55
r0133_c0077,40.7285375,-73.8247868,Residential,67
r0133_c0078,40.7285375,-73.8230039,Residential,59
r0133_c0079,40.7285375,-73.8212209,Residential,45
r0133_c0080,40.7285375,-73.819438,Residential,5
r0133_c0082,40.7285375,-73.8158722,Residential,17
r0133_c0084,40.7285375,-73.8123064,Residential,5
r0133_c0085,40.7285375,-73.8105235,Institutional,17
r0133_c0086,40.7285375,-73.8087406,Residential,43
r0133_c0087,40.7285375,-73.8069576,Residential,62
r0133_c0088,40.7285375,-73.8051747,Residential,59
r0133_c0089,40.7285375,-73.8033918,Residential,63
r0133_c0090,40.7285375,-73.8016089,Residential,23
r0133_c0091,40.7285375,-73.799826,Residential,32
r0133_c0092,40.7285375,-73.7980431,Residential,37
r0133_c0093,40.7285375,-73.7962602,Residential,77
r0133_c0094,40.7285375,-73.7944773,Institutional,28
r0133_c0095,40.7285375,-73.7926944,Residential,46
r0133_c0096,40.7285375,-73.7909114,Residential,39
r0133_c0097,40.7285375,-73.7891285,Residential,46
r0133_c0098,40.7285375,-73.7873456,Residential,46
r0133_c0099,40.7285375,-73.7855627,Residential,40
r0133_c0100,40.7285375,-73.7837798,Commercial,22
r0133_c0101,40.7285375,-73.7819969,Residential,26
r0133_c0102,40.7285375,-73.780214,Residential,35
r0133_c0103,40.7285375,-73.7784311,Residential,40
r0133_c0104,40.7285375,-73.7766481,Residential,17
r0133_c0114,40.7285375,-73.758819,Residential,20
r0133_c0115,40.7285375,-73.7570361,Residential,31
r0133_c0116,40.7285375,-73.7552532,Residential,31
r0133_c0117,40.7285375,-73.7534703,Residential,18
r0133_c0119,40.7285375,-73.7499045,Residential,20
r0133_c0120,40.7285375,-73.7481216,Residential,30
r0133_c0121,40.7285375,-73.7463386,Residential,25
r0133_c0122,40.7285375,-73.7445557,Residential,60
r0133_c0123,40.7285375,-73.7427728,Residential,80
r0133_c0124,40.7285375,-73.7409899,Residential,59
r0133_c0125,40.7285375,-73.739207,Residential,27
r0133_c0126,40.7285375,-73.7374241,Residential,21
r0133_c0127,40.7285375,-73.7356412,Residential,43
r0133_c0128,40.7285375,-73.7338583,Residential,68
r0133_c0129,40.7285375,-73.7320753,Residential,56
r0133_c0130,40.7285375,-73.7302924,Residential,54
r0133_c0131,40.7285375,-73.7285095,Residential,55
r0133_c0132,40.7285375,-73.7267266,Residential,56
r0133_c0133,40.7285375,-73.7249437,Residential,45
r0133_c0134,40.7285375,-73.7231608,Residential,30
r0133_c0135,40.7285375,-73.7213779,Residential,55
r0133_c0136,40.7285375,-73.719595,Residential,46
r0133_c0137,40.7285375,-73.717812,Residential,72
r0133_c0138,40.7285375,-73.7160291,Residential,38
r0133_c0139,40.7285375,-73.7142462,Residential,50
r0133_c0140,40.7285375,-73.7124633,Residential,44
r0133_c0141,40.7285375,-73.7106804,Residential,55
r0133_c0142,40.7285375,-73.7088975,Residential,37
r0133_c0143,40.7285375,-73.7071146,Residential,17
r0134_c0015,40.7298888,-73.9353273,Industrial,3
r0134_c0016,40.7298888,-73.9335444,Industrial,6
r0134_c0020,40.7298888,-73.9264128,Mixed-Use,6
r0134_c0021,40.7298888,-73.9246298,Industrial,9
r0134_c0022,40.7298888,-73.9228469,Industrial,16
r0134_c0024,40.7298888,-73.9192811,Industrial,13
r0134_c0025,40.7298888,-73.9174982,Mixed-Use,15
r0134_c0030,40.7298888,-73.9085836,Industrial,3
r0134_c0032,40.7298888,-73.9050178,Industrial,4
r0134_c0033,40.7298888,-73.9032349,Residential,58
r0134_c0034,40.7298888,-73.901452,Residential,69
r0134_c0035,40.7298888,-73.8996691,Residential,87
r0134_c0036,40.7298888,-73.8978862,Residential,65
r0134_c0037,40.7298888,-73.8961033,Residential,54
r0134_c0038,40.7298888,-73.8943203,Residential,70
r0134_c0039,40.7298888,-73.8925374,Residential,66
r0134_c0040,40.7298888,-73.8907545,Residential,47
r0134_c0041,40.7298888,-73.8889716,Mixed-Use,33
r0134_c0042,40.7298888,-73.8871887,Industrial,8
r0134_c0044,40.7298888,-73.8836229,Residential,57
r0134_c0045,40.7298888,-73.88184,Residential,72
r0134_c0046,40.7298888,-73.880057,Residential,43
r0134_c0047,40.7298888,-73.8782741,Residential,33
r0134_c0048,40.7298888,-73.8764912,Residential,34
r0134_c0049,40.7298888,-73.8747083,Mixed-Use,52
r0134_c0050,40.7298888,-73.8729254,Residential,21
r0134_c0051,40.7298888,-73.8711425,Residential,38
r0134_c0052,40.7298888,-73.8693596,Residential,68
r0134_c0053,40.7298888,-73.8675767,Residential,62
r0134_c0054,40.7298888,-73.8657937,Residential,41
r0134_c0055,40.7298888,-73.8640108,Residential,43
r0134_c0056,40.7298888,-73.8622279,Commercial,7
r0134_c0057,40.7298888,-73.860445,Commercial,17
r0134_c0058,40.7298888,-73.8586621,Residential,20
r0134_c0059,40.7298888,-73.8568792,Mixed-Use,9
r0134_c0060,40.7298888,-73.8550963,Residential,37
r0134_c0061,40.7298888,-73.8533134,Residential,65
r0134_c0062,40.7298888,-73.8515304,Residential,54
r0134_c0063,40.7298888,-73.8497475,Residential,16
r0134_c0064,40.7298888,-73.8479646,Residential,16
r0134_c0065,40.7298888,-73.8461817,Residential,32
r0134_c0067,40.7298888,-73.8426159,Residential,3
r0134_c0076,40.7298888,-73.8265697,Residential,3
r0134_c0077,40.7298888,-73.8247868,Residential,72
r0134_c0078,40.7298888,-73.8230039,Residential,62
r0134_c0079,40.7298888,-73.8212209,Residential,57
r0134_c0080,40.7298888,-73.819438,Residential,48
r0134_c0081,40.7298888,-73.8176551,Institutional,4
r0134_c0082,40.7298888,-73.8158722,Commercial,16
r0134_c0086,40.7298888,-73.8087406,Residential,3
r0134_c0087,40.7298888,-73.8069576,Residential,24
r0134_c0088,40.7298888,-73.8051747,Residential,21
r0134_c0089,40.7298888,-73.8033918,Residential,45
r0134_c0090,40.7298888,-73.8016089,Residential,41
r0134_c0091,40.7298888,-73.799826,Residential,41
r0134_c0092,40.7298888,-73.7980431,Residential,42
r0134_c0093,40.7298888,-73.7962602,Residential,57
r0134_c0094,40.7298888,-73.7944773,Residential,69
r0134_c0095,40.7298888,-73.7926944,Residential,39
r0134_c0096,40.7298888,-73.7909114,Residential,42
r0134_c0097,40.7298888,-73.7891285,Residential,39
r0134_c0098,40.7298888,-73.7873456,Residential,38
r0134_c0099,40.7298888,-73.7855627,Residential,39
r0134_c0100,40.7298888,-73.7837798,Residential,44
r0134_c0101,40.7298888,-73.7819969,Residential,37
r0134_c0102,40.7298888,-73.780214,Residential,33
r0134_c0103,40.7298888,-73.7784311,Residential,31
r0134_c0104,40.7298888,-73.7766481,Residential,4
r0134_c0113,40.7298888,-73.7606019,Residential,17
r0134_c0114,40.7298888,-73.758819,Residential,34
r0134_c0115,40.7298888,-73.7570361,Residential,32
r0134_c0116,40.7298888,-73.7552532,Residential,34
r0134_c0117,40.7298888,-73.7534703,Residential,31
r0134_c0118,40.7298888,-73.7516874,Residential,13
r0134_c0119,40.7298888,-73.7499045,Residential,5
r0134_c0120,40.7298888,-73.7481216,Residential,27
r0134_c0121,40.7298888,-73.7463386,Residential,25
r0134_c0122,40.7298888,-73.7445557,Commercial,6
r0134_c0123,40.7298888,-73.7427728,Commercial,16
r0134_c0124,40.7298888,-73.7409899,Residential,7
r0134_c0125,40.7298888,-73.739207,Residential,25
r0134_c0126,40.7298888,-73.7374241,Residential,47
r0134_c0127,40.7298888,-73.7356412,Residential,50
r0134_c0128,40.7298888,-73.7338583,Residential,57
r0134_c0129,40.7298888,-73.7320753,Residential,51
r0134_c0130,40.7298888,-73.7302924,Residential,45
r0134_c0131,40.7298888,-73.7285095,Residential,57
r0134_c0132,40.7298888,-73.7267266,Residential,62
r0134_c0133,40.7298888,-73.7249437,Residential,46
r0134_c0134,40.7298888,-73.7231608,Institutional,10
r0134_c0135,40.7298888,-73.7213779,Institutional,23
r0134_c0136,40.7298888,-73.719595,Residential,41
r0134_c0137,40.7298888,-73.717812,Residential,41
r0134_c0138,40.7298888,-73.7160291,Residential,40
r0134_c0139,40.7298888,-73.7142462,Residential,49
r0134_c0140,40.7298888,-73.7124633,Residential,53
r0134_c0141,40.7298888,-73.7106804,Residential,28
r0134_c0142,40.7298888,-73.7088975,Residential,37
r0134_c0143,40.7298888,-73.7071146,Residential,37
r0135_c0014,40.7312402,-73.9371102,Industrial,3
r0135_c0020,40.7312402,-73.9264128,Mixed-Use,4
r0135_c0021,40.7312402,-73.9246298,Industrial,22
r0135_c0022,40.7312402,-73.9228469,Industrial,23
r0135_c0023,40.7312402,-73.921064,Industrial,22
r0135_c0024,40.7312402,-73.9192811,Mixed-Use,5
r0135_c0025,40.7312402,-73.9174982,Residential,7
r0135_c0033,40.7312402,-73.9032349,Industrial,24
r0135_c0034,40.7312402,-73.901452,Residential,55
r0135_c0035,40.7312402,-73.8996691,Residential,62
r0135_c0036,40.7312402,-73.8978862,Residential,65
r0135_c0037,40.7312402,-73.8961033,Residential,62
r0135_c0038,40.7312402,-73.8943203,Residential,69
r0135_c0039,40.7312402,-73.8925374,Residential,75
r0135_c0040,40.7312402,-73.8907545,Residential,64
r0135_c0041,40.7312402,-73.8889716,Residential,67
r0135_c0042,40.7312402,-73.8871887,Commercial,4
r0135_c0043,40.7312402,-73.8854058,Residential,53
r0135_c0044,40.7312402,-73.8836229,Residential,76
r0135_c0045,40.7312402,-73.88184,Residential,68
r0135_c0046,40.7312402,-73.880057,Residential,73
r0135_c0047,40.7312402,-73.8782741,Residential,59
r0135_c0048,40.7312402,-73.8764912,Residential,39
r0135_c0049,40.7312402,-73.8747083,Residential,46
r0135_c0050,40.7312402,-73.8729254,Residential,9
r0135_c0051,40.7312402,-73.8711425,Residential,24
r0135_c0052,40.7312402,-73.8693596,Residential,45
r0135_c0053,40.7312402,-73.8675767,Residential,33
r0135_c0054,40.7312402,-73.8657937,Mixed-Use,4
r0135_c0057,40.7312402,-73.860445,Commercial,11
r0135_c0058,40.7312402,-73.8586621,Institutional,9
r0135_c0059,40.7312402,-73.8568792,Residential,10
r0135_c0060,40.7312402,-73.8550963,Residential,36
r0135_c0061,40.7312402,-73.8533134,Residential,22
r0135_c0063,40.7312402,-73.8497475,Residential,14
r0135_c0064,40.7312402,-73.8479646,Residential,52
r0135_c0065,40.7312402,-73.8461817,Residential,55
r0135_c0076,40.7312402,-73.8265697,Residential,36
r0135_c0077,40.7312402,-73.8247868,Residential,78
r0135_c0078,40.7312402,-73.8230039,Residential,90
r0135_c0079,40.7312402,-73.8212209,Residential,46
r0135_c0080,40.7312402,-73.819438,Residential,23
r0135_c0082,40.7312402,-73.8158722,Residential,28
r0135_c0088,40.7312402,-73.8051747,Institutional,36
r0135_c0089,40.7312402,-73.8033918,Residential,60
r0135_c0090,40.7312402,-73.8016089,Residential,40
r0135_c0091,40.7312402,-73.799826,Residential,32
r0135_c0092,40.7312402,-73.7980431,Residential,34
r0135_c0093,40.7312402,-73.7962602,Residential,69
r0135_c0094,40.7312402,-73.7944773,Residential,57
r0135_c0095,40.7312402,-73.7926944,Open Space,25
r0135_c0096,40.7312402,-73.7909114,Residential,36
r0135_c0097,40.7312402,-73.7891285,Residential,36
r0135_c0098,40.7312402,-73.7873456,Residential,38
r0135_c0099,40.7312402,-73.7855627,Residential,44
r0135_c0100,40.7312402,-73.7837798,Residential,36
r0135_c0101,40.7312402,-73.7819969,Residential,36
r0135_c0102,40.7312402,-73.780214,Residential,38
r0135_c0103,40.7312402,-73.7784311,Residential,45
r0135_c0104,40.7312402,-73.7766481,Residential,41
r0135_c0105,40.7312402,-73.7748652,Residential,26
r0135_c0106,40.7312402,-73.7730823,Residential,19
r0135_c0107,40.7312402,-73.7712994,Residential,5
r0135_c0112,40.7312402,-73.7623848,Open Space,11
r0135_c0113,40.7312402,-73.7606019,Residential,37
r0135_c0114,40.7312402,-73.758819,Residential,33
r0135_c0115,40.7312402,-73.7570361,Residential,34
r0135_c0116,40.7312402,-73.7552532,Residential,36
r0135_c0117,40.7312402,-73.7534703,Residential,27
r0135_c0118,40.7312402,-73.7516874,Residential,27
r0135_c0119,40.7312402,-73.7499045,Residential,18
r0135_c0120,40.7312402,-73.7481216,Residential,3
r0135_c0121,40.7312402,-73.7463386,Residential,11
r0135_c0125,40.7312402,-73.739207,Residential,19
r0135_c0126,40.7312402,-73.7374241,Residential,48
r0135_c0127,40.7312402,-73.7356412,Residential,28
r0135_c0128,40.7312402,-73.7338583,Residential,42
r0135_c0129,40.7312402,-73.7320753,Open Space,15
r0135_c0130,40.7312402,-73.7302924,Open Space,10
r0135_c0131,40.7312402,-73.7285095,Mixed-Use,6
r0135_c0132,40.7312402,-73.7267266,Residential,38
r0135_c0133,40.7312402,-73.7249437,Residential,54
r0135_c0134,40.7312402,-73.7231608,Residential,21
r0135_c0135,40.7312402,-73.7213779,Residential,37
r0135_c0136,40.7312402,-73.719595,Residential,34
r0135_c0137,40.7312402,-73.717812,Residential,40
r0135_c0138,40.7312402,-73.7160291,Residential,43
r0135_c0139,40.7312402,-73.7142462,Residential,50
r0135_c0140,40.7312402,-73.7124633,Residential,47
r0135_c0141,40.7312402,-73.7106804,Residential,51
r0135_c0142,40.7312402,-73.7088975,Residential,40
r0135_c0143,40.7312402,-73.7071146,Residential,39
r0135_c0144,40.7312402,-73.7053317,Residential,14
r0136_c0014,40.7325915,-73.9371102,Industrial,3
r0136_c0021,40.7325915,-73.9246298,Mixed-Use,9
r0136_c0022,40.7325915,-73.9228469,Mixed-Use,16
r0136_c0023,40.7325915,-73.921064,Mixed-Use,7
r0136_c0024,40.7325915,-73.9192811,Residential,13
r0136_c0034,40.7325915,-73.901452,Residential,31
r0136_c0035,40.7325915,-73.8996691,Residential,47
r0136_c0036,40.7325915,-73.8978862,Residential,50
r0136_c0037,40.7325915,-73.8961033,Residential,69
r0136_c0038,40.7325915,-73.8943203,Residential,61
r0136_c0039,40.7325915,-73.8925374,Residential,82
r0136_c0040,40.7325915,-73.8907545,Residential,72
r0136_c0041,40.7325915,-73.8889716,Residential,81
r0136_c0042,40.7325915,-73.8871887,Mixed-Use,29
r0136_c0043,40.7325915,-73.8854058,Residential,96
r0136_c0044,40.7325915,-73.8836229,Institutional,40
r0136_c0045,40.7325915,-73.88184,Residential,44
r0136_c0046,40.7325915,-73.880057,Mixed-Use,40
r0136_c0047,40.7325915,-73.8782741,Residential,41
r0136_c0048,40.7325915,-73.8764912,Residential,69
r0136_c0049,40.7325915,-73.8747083,Residential,65
r0136_c0050,40.7325915,-73.8729254,Open Space,24
r0136_c0053,40.7325915,-73.8675767,Mixed-Use,3
r0136_c0054,40.7325915,-73.8657937,Mixed-Use,6
r0136_c0056,40.7325915,-73.8622279,Mixed-Use,3
r0136_c0059,40.7325915,-73.8568792,Mixed-Use,20
r0136_c0060,40.7325915,-73.8550963,Mixed-Use,16
r0136_c0061,40.7325915,-73.8533134,Residential,49
r0136_c0062,40.7325915,-73.8515304,Residential,5
r0136_c0063,40.7325915,-73.8497475,Commercial,4
r0136_c0064,40.7325915,-73.8479646,Residential,77
r0136_c0065,40.7325915,-73.8461817,Residential,24
r0136_c0066,40.7325915,-73.8443988,Residential,3
r0136_c0076,40.7325915,-73.8265697,Residential,6
r0136_c0077,40.7325915,-73.8247868,Residential,29
r0136_c0078,40.7325915,-73.8230039,Residential,59
r0136_c0079,40.7325915,-73.8212209,Residential,23
r0136_c0088,40.7325915,-73.8051747,Commercial,13
r0136_c0089,40.7325915,-73.8033918,Residential,38
r0136_c0090,40.7325915,-73.8016089,Residential,46
r0136_c0091,40.7325915,-73.799826,Residential,40
r0136_c0092,40.7325915,-73.7980431,Residential,36
r0136_c0093,40.7325915,-73.7962602,Residential,80
r0136_c0094,40.7325915,-73.7944773,Residential,65
r0136_c0095,40.7325915,-73.7926944,Residential,30
r0136_c0096,40.7325915,-73.7909114,Residential,44
r0136_c0097,40.7325915,-73.7891285,Residential,46
r0136_c0098,40.7325915,-73.7873456,Residential,42
r0136_c0099,40.7325915,-73.7855627,Residential,28
r0136_c0100,40.7325915,-73.7837798,Commercial,30
r0136_c0101,40.7325915,-73.7819969,Residential,40
r0136_c0102,40.7325915,-73.780214,Residential,42
r0136_c0103,40.7325915,-73.7784311,Residential,38
r0136_c0104,40.7325915,-73.7766481,Residential,37
r0136_c0105,40.7325915,-73.7748652,Residential,37
r0136_c0106,40.7325915,-73.7730823,Residential,59
r0136_c0107,40.7325915,-73.7712994,Residential,5
r0136_c0112,40.7325915,-73.7623848,Residential,31
r0136_c0113,40.7325915,-73.7606019,Residential,39
r0136_c0114,40.7325915,-73.758819,Residential,44
r0136_c0115,40.7325915,-73.7570361,Residential,41
r0136_c0116,40.7325915,-73.7552532,Residential,30
r0136_c0117,40.7325915,-73.7534703,Residential,29
r0136_c0118,40.7325915,-73.7516874,Residential,30
r0136_c0119,40.7325915,-73.7499045,Residential,32
r0136_c0120,40.7325915,-73.7481216,Residential,25
r0136_c0125,40.7325915,-73.739207,Institutional,4
r0136_c0126,40.7325915,-73.7374241,Residential,55
r0136_c0127,40.7325915,-73.7356412,Residential,41
r0136_c0128,40.7325915,-73.7338583,Residential,31
r0136_c0129,40.7325915,-73.7320753,Residential,11
r0136_c0132,40.7325915,-73.7267266,Residential,26
r0136_c0133,40.7325915,-73.7249437,Residential,45
r0136_c0134,40.7325915,-73.7231608,Residential,20
r0136_c0135,40.7325915,-73.7213779,Residential,36
r0136_c0136,40.7325915,-73.719595,Residential,37
r0136_c0137,40.7325915,-73.717812,Institutional,17
r0136_c0138,40.7325915,-73.7160291,Residential,41
r0136_c0139,40.7325915,-73.7142462,Residential,38
r0136_c0140,40.7325915,-73.7124633,Residential,59
r0136_c0141,40.7325915,-73.7106804,Residential,50
r0136_c0142,40.7325915,-73.7088975,Residential,42
r0136_c0143,40.7325915,-73.7071146,Residential,46
r0136_c0144,40.7325915,-73.7053317,Residential,41
r0137_c0013,40.7339429,-73.9388931,Industrial,4
r0137_c0014,40.7339429,-73.9371102,Industrial,19
r0137_c0023,40.7339429,-73.921064,Residential,7
r0137_c0024,40.7339429,-73.9192811,Residential,86
r0137_c0025,40.7339429,-73.9174982,Residential,19
r0137_c0034,40.7339429,-73.901452,Residential,27
r0137_c0035,40.7339429,-73.8996691,Residential,43
r0137_c0036,40.7339429,-73.8978862,Residential,54
r0137_c0037,40.7339429,-73.8961033,Residential,60
r0137_c0038,40.7339429,-73.8943203,Residential,72
r0137_c0039,40.7339429,-73.8925374,Residential,61
r0137_c0040,40.7339429,-73.8907545,Residential,67
r0137_c0041,40.7339429,-73.8889716,Residential,87
r0137_c0042,40.7339429,-73.8871887,Residential,56
r0137_c0043,40.7339429,-73.8854058,Residential,67
r0137_c0044,40.7339429,-73.8836229,Residential,33
r0137_c0045,40.7339429,-73.88184,Residential,65
r0137_c0046,40.7339429,-73.880057,Residential,76
r0137_c0047,40.7339429,-73.8782741,Residential,62
r0137_c0048,40.7339429,-73.8764912,Residential,71
r0137_c0049,40.7339429,-73.8747083,Residential,32
r0137_c0050,40.7339429,-73.8729254,Mixed-Use,7
r0137_c0052,40.7339429,-73.8693596,Commercial,6
r0137_c0053,40.7339429,-73.8675767,Commercial,3
r0137_c0054,40.7339429,-73.8657937,Mixed-Use,3
r0137_c0057,40.7339429,-73.860445,Institutional,3
r0137_c0058,40.7339429,-73.8586621,Residential,15
r0137_c0059,40.7339429,-73.8568792,Residential,52
r0137_c0060,40.7339429,-73.8550963,Residential,52
r0137_c0061,40.7339429,-73.8533134,Residential,58
r0137_c0062,40.7339429,-73.8515304,Residential,77
r0137_c0063,40.7339429,-73.8497475,Commercial,26
r0137_c0064,40.7339429,-73.8479646,Residential,56
r0137_c0065,40.7339429,-73.8461817,Residential,42
r0137_c0077,40.7339429,-73.8247868,Residential,47
r0137_c0078,40.7339429,-73.8230039,Residential,58
r0137_c0079,40.7339429,-73.8212209,Residential,15
r0137_c0088,40.7339429,-73.8051747,Mixed-Use,9
r0137_c0089,40.7339429,-73.8033918,Residential,40
r0137_c0090,40.7339429,-73.8016089,Residential,42
r0137_c0091,40.7339429,-73.799826,Residential,46
r0137_c0092,40.7339429,-73.7980431,Residential,37
r0137_c0093,40.7339429,-73.7962602,Institutional,27
r0137_c0094,40.7339429,-73.7944773,Residential,40
r0137_c0095,40.7339429,-73.7926944,Residential,21
r0137_c0096,40.7339429,-73.7909114,Residential,38
r0137_c0097,40.7339429,-73.7891285,Residential,37
r0137_c0098,40.7339429,-73.7873456,Residential,40
r0137_c0099,40.7339429,-73.7855627,Residential,12
r0137_c0101,40.7339429,-73.7819969,Residential,4
r0137_c0102,40.7339429,-73.780214,Residential,24
r0137_c0103,40.7339429,-73.7784311,Residential,42
r0137_c0104,40.7339429,-73.7766481,Residential,45
r0137_c0105,40.7339429,-73.7748652,Residential,41
r0137_c0106,40.7339429,-73.7730823,Residential,37
r0137_c0111,40.7339429,-73.7641678,Residential,26
r0137_c0112,40.7339429,-73.7623848,Residential,38
r0137_c0113,40.7339429,-73.7606019,Residential,34
r0137_c0114,40.7339429,-73.758819,Residential,35
r0137_c0115,40.7339429,-73.7570361,Residential,31
r0137_c0116,40.7339429,-73.7552532,Residential,25
r0137_c0117,40.7339429,-73.7534703,Residential,26
r0137_c0118,40.7339429,-73.7516874,Residential,33
r0137_c0119,40.7339429,-73.7499045,Residential,28
r0137_c0120,40.7339429,-73.7481216,Residential,33
r0137_c0121,40.7339429,-73.7463386,Residential,15
r0137_c0126,40.7339429,-73.7374241,Residential,38
r0137_c0127,40.7339429,-73.7356412,Residential,21
r0137_c0128,40.7339429,-73.7338583,Residential,51
r0137_c0132,40.7339429,-73.7267266,Residential,16
r0137_c0133,40.7339429,-73.7249437,Residential,30
r0137_c0134,40.7339429,-73.7231608,Residential,12
r0137_c0135,40.7339429,-73.7213779,Residential,30
r0137_c0136,40.7339429,-73.719595,Residential,43
r0137_c0137,40.7339429,-73.717812,Residential,45
r0137_c0138,40.7339429,-73.7160291,Residential,41
r0137_c0139,40.7339429,-73.7142462,Residential,39
r0137_c0140,40.7339429,-73.7124633,Residential,48
r0137_c0141,40.7339429,-73.7106804,Residential,40
r0137_c0142,40.7339429,-73.7088975,Residential,28
r0137_c0143,40.7339429,-73.7071146,Residential,40
r0137_c0144,40.7339429,-73.7053317,Residential,38
r0137_c0145,40.7339429,-73.7035488,Residential,10
r0138_c0013,40.7352942,-73.9388931,Industrial,5
r0138_c0014,40.7352942,-73.9371102,Mixed-Use,29
r0138_c0015,40.7352942,-73.9353273,Mixed-Use,36
r0138_c0022,40.7352942,-73.9228469,Residential,17
r0138_c0023,40.7352942,-73.921064,Residential,36
r0138_c0024,40.7352942,-73.9192811,Residential,48
r0138_c0025,40.7352942,-73.9174982,Mixed-Use,15
r0138_c0030,40.7352942,-73.9085836,Industrial,7
r0138_c0032,40.7352942,-73.9050178,Industrial,9
r0138_c0033,40.7352942,-73.9032349,Residential,51
r0138_c0034,40.7352942,-73.901452,Residential,75
r0138_c0035,40.7352942,-73.8996691,Residential,41
r0138_c0036,40.7352942,-73.8978862,Residential,56
r0138_c0037,40.7352942,-73.8961033,Residential,56
r0138_c0038,40.7352942,-73.8943203,Residential,37
r0138_c0039,40.7352942,-73.8925374,Residential,60
r0138_c0040,40.7352942,-73.8907545,Residential,70
r0138_c0041,40.7352942,-73.8889716,Residential,56
r0138_c0042,40.7352942,-73.8871887,Mixed-Use,30
r0138_c0043,40.7352942,-73.8854058,Residential,71
r0138_c0044,40.7352942,-73.8836229,Residential,64
r0138_c0045,40.7352942,-73.88184,Residential,52
r0138_c0046,40.7352942,-73.880057,Residential,54
r0138_c0047,40.7352942,-73.8782741,Residential,68
r0138_c0048,40.7352942,-73.8764912,Residential,37
r0138_c0049,40.7352942,-73.8747083,Commercial,5
r0138_c0050,40.7352942,-73.8729254,Mixed-Use,4
r0138_c0052,40.7352942,-73.8693596,Commercial,3
r0138_c0053,40.7352942,-73.8675767,Commercial,9
r0138_c0054,40.7352942,-73.8657937,Mixed-Use,8
r0138_c0055,40.7352942,-73.8640108,Commercial,5
r0138_c0056,40.7352942,-73.8622279,Residential,3
r0138_c0058,40.7352942,-73.8586621,Mixed-Use,14
r0138_c0059,40.7352942,-73.8568792,Residential,34
r0138_c0060,40.7352942,-73.8550963,Residential,60
r0138_c0061,40.7352942,-73.8533134,Residential,40
r0138_c0062,40.7352942,-73.8515304,Residential,45
r0138_c0063,40.7352942,-73.8497475,Residential,39
r0138_c0064,40.7352942,-73.8479646,Residential,39
r0138_c0065,40.7352942,-73.8461817,Residential,56
r0138_c0077,40.7352942,-73.8247868,Residential,28
r0138_c0078,40.7352942,-73.8230039,Residential,11
r0138_c0088,40.7352942,-73.8051747,Open Space,12
r0138_c0089,40.7352942,-73.8033918,Residential,35
r0138_c0090,40.7352942,-73.8016089,Residential,36
r0138_c0091,40.7352942,-73.799826,Residential,39
r0138_c0092,40.7352942,-73.7980431,Residential,39
r0138_c0093,40.7352942,-73.7962602,Residential,41
r0138_c0094,40.7352942,-73.7944773,Residential,41
r0138_c0095,40.7352942,-73.7926944,Residential,39
r0138_c0096,40.7352942,-73.7909114,Residential,44
r0138_c0097,40.7352942,-73.7891285,Residential,41
r0138_c0098,40.7352942,-73.7873456,Residential,43
r0138_c0104,40.7352942,-73.7766481,Residential,13
r0138_c0105,40.7352942,-73.7748652,Residential,46
r0138_c0106,40.7352942,-73.7730823,Residential,24
r0138_c0111,40.7352942,-73.7641678,Residential,4
r0138_c0112,40.7352942,-73.7623848,Residential,15
r0138_c0113,40.7352942,-73.7606019,Residential,31
r0138_c0114,40.7352942,-73.758819,Residential,37
r0138_c0115,40.7352942,-73.7570361,Residential,34
r0138_c0116,40.7352942,-73.7552532,Residential,16
r0138_c0117,40.7352942,-73.7534703,Residential,17
r0138_c0118,40.7352942,-73.7516874,Residential,26
r0138_c0119,40.7352942,-73.7499045,Residential,24
r0138_c0120,40.7352942,-73.7481216,Residential,23
r0138_c0121,40.7352942,-73.7463386,Residential,13
r0138_c0124,40.7352942,-73.7409899,Residential,26
r0138_c0125,40.7352942,-73.739207,Residential,24
r0138_c0126,40.7352942,-73.7374241,Residential,30
r0138_c0127,40.7352942,-73.7356412,Residential,27
r0138_c0128,40.7352942,-73.7338583,Residential,48
r0138_c0132,40.7352942,-73.7267266,Residential,20
r0138_c0133,40.7352942,-73.7249437,Residential,35
r0138_c0134,40.7352942,-73.7231608,Residential,8
r0138_c0135,40.7352942,-73.7213779,Residential,43
r0138_c0136,40.7352942,-73.719595,Residential,34
r0138_c0137,40.7352942,-73.717812,Residential,27
r0138_c0138,40.7352942,-73.7160291,Residential,35
r0138_c0139,40.7352942,-73.7142462,Residential,45
r0138_c0140,40.7352942,-73.7124633,Residential,33
r0138_c0141,40.7352942,-73.7106804,Residential,51
r0138_c0142,40.7352942,-73.7088975,Residential,38
r0138_c0143,40.7352942,-73.7071146,Residential,32
r0138_c0144,40.7352942,-73.7053317,Residential,44
r0138_c0145,40.7352942,-73.7035488,Residential,44
r0139_c0011,40.7366456,-73.942459,Mixed-Use,3
r0139_c0014,40.7366456,-73.9371102,Industrial,7
r0139_c0015,40.7366456,-73.9353273,Mixed-Use,30
r0139_c0016,40.7366456,-73.9335444,Industrial,24
r0139_c0019,40.7366456,-73.9281957,Mixed-Use,11
r0139_c0020,40.7366456,-73.9264128,Residential,54
r0139_c0021,40.7366456,-73.9246298,Residential,78
r0139_c0022,40.7366456,-73.9228469,Residential,81
r0139_c0023,40.7366456,-73.921064,Residential,64
r0139_c0024,40.7366456,-73.9192811,Residential,85
r0139_c0025,40.7366456,-73.9174982,Industrial,32
r0139_c0030,40.7366456,-73.9085836,Mixed-Use,29
r0139_c0031,40.7366456,-73.9068007,Institutional,16
r0139_c0032,40.7366456,-73.9050178,Residential,63
r0139_c0033,40.7366456,-73.9032349,Residential,84
r0139_c0034,40.7366456,-73.901452,Residential,86
r0139_c0035,40.7366456,-73.8996691,Residential,53
r0139_c0036,40.7366456,-73.8978862,Residential,67
r0139_c0037,40.7366456,-73.8961033,Residential,40
r0139_c0038,40.7366456,-73.8943203,Industrial,32
r0139_c0039,40.7366456,-73.8925374,Industrial,12
r0139_c0040,40.7366456,-73.8907545,Mixed-Use,4
r0139_c0041,40.7366456,-73.8889716,Mixed-Use,4
r0139_c0042,40.7366456,-73.8871887,Institutional,48
r0139_c0043,40.7366456,-73.8854058,Residential,57
r0139_c0044,40.7366456,-73.8836229,Residential,64
r0139_c0045,40.7366456,-73.88184,Residential,50
r0139_c0046,40.7366456,-73.880057,Residential,44
r0139_c0047,40.7366456,-73.8782741,Mixed-Use,31
r0139_c0048,40.7366456,-73.8764912,Mixed-Use,8
r0139_c0049,40.7366456,-73.8747083,Residential,32
r0139_c0050,40.7366456,-73.8729254,Residential,47
r0139_c0051,40.7366456,-73.8711425,Residential,39
r0139_c0052,40.7366456,-73.8693596,Residential,39
r0139_c0053,40.7366456,-73.8675767,Residential,12
r0139_c0054,40.7366456,-73.8657937,Mixed-Use,28
r0139_c0055,40.7366456,-73.8640108,Residential,7
r0139_c0056,40.7366456,-73.8622279,Residential,4
r0139_c0057,40.7366456,-73.860445,Residential,5
r0139_c0058,40.7366456,-73.8586621,Residential,3
r0139_c0059,40.7366456,-73.8568792,Residential,6
r0139_c0060,40.7366456,-73.8550963,Residential,6
r0139_c0064,40.7366456,-73.8479646,Residential,49
r0139_c0065,40.7366456,-73.8461817,Residential,37
r0139_c0074,40.7366456,-73.8301355,Residential,6
r0139_c0075,40.7366456,-73.8283526,Residential,12
r0139_c0083,40.7366456,-73.8140893,Open Space,11
r0139_c0084,40.7366456,-73.8123064,Institutional,25
r0139_c0085,40.7366456,-73.8105235,Residential,31
r0139_c0086,40.7366456,-73.8087406,Residential,30
r0139_c0087,40.7366456,-73.8069576,Residential,28
r0139_c0088,40.7366456,-73.8051747,Residential,32
r0139_c0089,40.7366456,-73.8033918,Residential,51
r0139_c0090,40.7366456,-73.8016089,Residential,41
r0139_c0091,40.7366456,-73.799826,Residential,42
r0139_c0092,40.7366456,-73.7980431,Residential,51
r0139_c0093,40.7366456,-73.7962602,Residential,47
r0139_c0094,40.7366456,-73.7944773,Institutional,27
r0139_c0095,40.7366456,-73.7926944,Residential,29
r0139_c0096,40.7366456,-73.7909114,Residential,40
r0139_c0097,40.7366456,-73.7891285,Residential,43
r0139_c0098,40.7366456,-73.7873456,Residential,19
r0139_c0105,40.7366456,-73.7748652,Residential,93
r0139_c0106,40.7366456,-73.7730823,Residential,3
r0139_c0115,40.7366456,-73.7570361,Open Space,5
r0139_c0116,40.7366456,-73.7552532,Residential,13
r0139_c0117,40.7366456,-73.7534703,Institutional,19
r0139_c0118,40.7366456,-73.7516874,Open Space,34
r0139_c0119,40.7366456,-73.7499045,Residential,36
r0139_c0120,40.7366456,-73.7481216,Residential,38
r0139_c0121,40.7366456,-73.7463386,Residential,6
r0139_c0124,40.7366456,-73.7409899,Residential,8
r0139_c0125,40.7366456,-73.739207,Residential,40
r0139_c0126,40.7366456,-73.7374241,Residential,44
r0139_c0127,40.7366456,-73.7356412,Residential,45
r0139_c0128,40.7366456,-73.7338583,Residential,5
r0139_c0132,40.7366456,-73.7267266,Residential,11
r0139_c0133,40.7366456,-73.7249437,Residential,34
r0139_c0134,40.7366456,-73.7231608,Residential,11
r0139_c0135,40.7366456,-73.7213779,Residential,35
r0139_c0136,40.7366456,-73.719595,Residential,36
r0139_c0137,40.7366456,-73.717812,Residential,42
r0139_c0138,40.7366456,-73.7160291,Residential,45
r0139_c0139,40.7366456,-73.7142462,Residential,22
r0139_c0140,40.7366456,-73.7124633,Commercial,32
r0139_c0141,40.7366456,-73.7106804,Residential,37
r0139_c0142,40.7366456,-73.7088975,Residential,50
r0139_c0143,40.7366456,-73.7071146,Residential,40
r0139_c0144,40.7366456,-73.7053317,Residential,32
r0139_c0145,40.7366456,-73.7035488,Residential,31
r0139_c0146,40.7366456,-73.7017658,Residential,19
r0140_c0012,40.7379969,-73.9406761,Industrial,3
r0140_c0013,40.7379969,-73.9388931,Industrial,5
r0140_c0014,40.7379969,-73.9371102,Industrial,4
r0140_c0015,40.7379969,-73.9353273,Industrial,5
r0140_c0016,40.7379969,-73.9335444,Industrial,3
r0140_c0017,40.7379969,-73.9317615,Industrial,7
r0140_c0018,40.7379969,-73.9299786,Industrial,21
r0140_c0019,40.7379969,-73.9281957,Residential,48
r0140_c0020,40.7379969,-73.9264128,Residential,55
r0140_c0021,40.7379969,-73.9246298,Residential,65
r0140_c0022,40.7379969,-73.9228469,Residential,31
r0140_c0023,40.7379969,-73.921064,Residential,41
r0140_c0024,40.7379969,-73.9192811,Residential,34
r0140_c0025,40.7379969,-73.9174982,Commercial,35
r0140_c0030,40.7379969,-73.9085836,Residential,45
r0140_c0031,40.7379969,-73.9068007,Residential,60
r0140_c0032,40.7379969,-73.9050178,Residential,39
r0140_c0033,40.7379969,-73.9032349,Residential,41
r0140_c0034,40.7379969,-73.901452,Residential,68
r0140_c0035,40.7379969,-73.8996691,Residential,60
r0140_c0036,40.7379969,-73.8978862,Residential,73
r0140_c0037,40.7379969,-73.8961033,Residential,52
r0140_c0038,40.7379969,-73.8943203,Mixed-Use,22
r0140_c0039,40.7379969,-73.8925374,Institutional,13
r0140_c0040,40.7379969,-73.8907545,Mixed-Use,15
r0140_c0041,40.7379969,-73.8889716,Mixed-Use,4
r0140_c0042,40.7379969,-73.8871887,Industrial,4
r0140_c0043,40.7379969,-73.8854058,Commercial,8
r0140_c0044,40.7379969,-73.8836229,Commercial,9
r0140_c0045,40.7379969,-73.88184,Residential,29
r0140_c0046,40.7379969,-73.880057,Residential,41
r0140_c0047,40.7379969,-73.8782741,Residential,36
r0140_c0048,40.7379969,-73.8764912,Residential,27
r0140_c0049,40.7379969,-73.8747083,Residential,83
r0140_c0050,40.7379969,-73.8729254,Residential,59
r0140_c0051,40.7379969,-73.8711425,Residential,67
r0140_c0052,40.7379969,-73.8693596,Residential,66
r0140_c0053,40.7379969,-73.8675767,Residential,50
r0140_c0054,40.7379969,-73.8657937,Residential,61
r0140_c0055,40.7379969,-73.8640108,Residential,71
r0140_c0056,40.7379969,-73.8622279,Residential,15
r0140_c0057,40.7379969,-73.860445,Residential,3
r0140_c0058,40.7379969,-73.8586621,Residential,10
r0140_c0059,40.7379969,-73.8568792,Residential,48
r0140_c0060,40.7379969,-73.8550963,Residential,80
r0140_c0061,40.7379969,-73.8533134,Residential,17
r0140_c0063,40.7379969,-73.8497475,Commercial,3
r0140_c0064,40.7379969,-73.8479646,Residential,4
r0140_c0074,40.7379969,-73.8301355,Residential,46
r0140_c0075,40.7379969,-73.8283526,Residential,39
r0140_c0083,40.7379969,-73.8140893,Residential,53
r0140_c0084,40.7379969,-73.8123064,Residential,44
r0140_c0085,40.7379969,-73.8105235,Residential,49
r0140_c0086,40.7379969,-73.8087406,Residential,45
r0140_c0087,40.7379969,-73.8069576,Residential,29
r0140_c0088,40.7379969,-73.8051747,Residential,37
r0140_c0089,40.7379969,-73.8033918,Residential,28
r0140_c0090,40.7379969,-73.8016089,Residential,29
r0140_c0091,40.7379969,-73.799826,Residential,25
r0140_c0092,40.7379969,-73.7980431,Residential,31
r0140_c0093,40.7379969,-73.7962602,Residential,20
r0140_c0094,40.7379969,-73.7944773,Residential,17
r0140_c0095,40.7379969,-73.7926944,Residential,28
r0140_c0096,40.7379969,-73.7909114,Residential,38
r0140_c0097,40.7379969,-73.7891285,Residential,41
r0140_c0104,40.7379969,-73.7766481,Residential,26
r0140_c0105,40.7379969,-73.7748652,Residential,53
r0140_c0116,40.7379969,-73.7552532,Residential,5
r0140_c0117,40.7379969,-73.7534703,Residential,13
r0140_c0118,40.7379969,-73.7516874,Residential,16
r0140_c0119,40.7379969,-73.7499045,Residential,24
r0140_c0120,40.7379969,-73.7481216,Residential,14
r0140_c0121,40.7379969,-73.7463386,Residential,9
r0140_c0126,40.7379969,-73.7374241,Open Space,11
r0140_c0127,40.7379969,-73.7356412,Residential,21
r0140_c0128,40.7379969,-73.7338583,Residential,12
r0140_c0132,40.7379969,-73.7267266,Institutional,18
r0140_c0133,40.7379969,-73.7249437,Residential,27
r0140_c0134,40.7379969,-73.7231608,Residential,20
r0140_c0135,40.7379969,-73.7213779,Residential,43
r0140_c0136,40.7379969,-73.719595,Residential,44
r0140_c0137,40.7379969,-73.717812,Residential,50
r0140_c0138,40.7379969,-73.7160291,Residential,36
r0140_c0139,40.7379969,-73.7142462,Residential,29
r0140_c0140,40.7379969,-73.7124633,Residential,41
r0140_c0141,40.7379969,-73.7106804,Residential,44
r0140_c0142,40.7379969,-73.7088975,Residential,42
r0140_c0143,40.7379969,-73.7071146,Residential,36
r0140_c0144,40.7379969,-73.7053317,Residential,42
r0140_c0145,40.7379969,-73.7035488,Residential,34
r0140_c0146,40.7379969,-73.7017658,Residential,35
r0141_c0001,40.7393483,-73.9602881,Mixed-Use,3
r0141_c0003,40.7393483,-73.9567223,Industrial,4
r0141_c0007,40.7393483,-73.9495906,Institutional,5
r0141_c0008,40.7393483,-73.9478077,Mixed-Use,3
r0141_c0009,40.7393483,-73.9460248,Industrial,4
r0141_c0010,40.7393483,-73.9442419,Industrial,8
r0141_c0011,40.7393483,-73.942459,Industrial,5
r0141_c0015,40.7393483,-73.9353273,Industrial,6
r0141_c0016,40.7393483,-73.9335444,Industrial,9
r0141_c0017,40.7393483,-73.9317615,Institutional,4
r0141_c0018,40.7393483,-73.9299786,Industrial,18
r0141_c0019,40.7393483,-73.9281957,Residential,63
r0141_c0020,40.7393483,-73.9264128,Institutional,21
r0141_c0021,40.7393483,-73.9246298,Residential,49
r0141_c0022,40.7393483,-73.9228469,Residential,26
r0141_c0023,40.7393483,-73.921064,Residential,36
r0141_c0024,40.7393483,-73.9192811,Residential,37
r0141_c0025,40.7393483,-73.9174982,Residential,49
r0141_c0026,40.7393483,-73.9157153,Industrial,5
r0141_c0030,40.7393483,-73.9085836,Residential,9
r0141_c0031,40.7393483,-73.9068007,Residential,31
r0141_c0032,40.7393483,-73.9050178,Residential,46
r0141_c0033,40.7393483,-73.9032349,Open Space,3
r0141_c0034,40.7393483,-73.901452,Residential,36
r0141_c0035,40.7393483,-73.8996691,Residential,41
r0141_c0036,40.7393483,-73.8978862,Residential,52
r0141_c0037,40.7393483,-73.8961033,Mixed-Use,27
r0141_c0038,40.7393483,-73.8943203,Mixed-Use,15
r0141_c0039,40.7393483,-73.8925374,Residential,11
r0141_c0040,40.7393483,-73.8907545,Mixed-Use,19
r0141_c0041,40.7393483,-73.8889716,Mixed-Use,20
r0141_c0042,40.7393483,-73.8871887,Residential,22
r0141_c0043,40.7393483,-73.8854058,Commercial,18
r0141_c0044,40.7393483,-73.8836229,Mixed-Use,10
r0141_c0045,40.7393483,-73.88184,Residential,46
r0141_c0046,40.7393483,-73.880057,Residential,59
r0141_c0047,40.7393483,-73.8782741,Institutional,17
r0141_c0048,40.7393483,-73.8764912,Residential,58
r0141_c0049,40.7393483,-73.8747083,Residential,63
r0141_c0050,40.7393483,-73.8729254,Residential,77
r0141_c0051,40.7393483,-73.8711425,Residential,70
r0141_c0052,40.7393483,-73.8693596,Residential,59
r0141_c0053,40.7393483,-73.8675767,Residential,64
r0141_c0054,40.7393483,-73.8657937,Residential,86
r0141_c0055,40.7393483,-73.8640108,Mixed-Use,39
r0141_c0056,40.7393483,-73.8622279,Institutional,12
r0141_c0057,40.7393483,-73.860445,Residential,6
r0141_c0058,40.7393483,-73.8586621,Residential,23
r0141_c0059,40.7393483,-73.8568792,Residential,75
r0141_c0060,40.7393483,-73.8550963,Residential,69
r0141_c0061,40.7393483,-73.8533134,Residential,64
r0141_c0062,40.7393483,-73.8515304,Residential,68
r0141_c0063,40.7393483,-73.8497475,Residential,62
r0141_c0064,40.7393483,-73.8479646,Mixed-Use,8
r0141_c0073,40.7393483,-73.8319184,Mixed-Use,3
r0141_c0074,40.7393483,-73.8301355,Residential,37
r0141_c0075,40.7393483,-73.8283526,Residential,47
r0141_c0076,40.7393483,-73.8265697,Residential,51
r0141_c0077,40.7393483,-73.8247868,Residential,18
r0141_c0078,40.7393483,-73.8230039,Residential,29
r0141_c0079,40.7393483,-73.8212209,Residential,53
r0141_c0080,40.7393483,-73.819438,Residential,63
r0141_c0081,40.7393483,-73.8176551,Residential,13
r0141_c0082,40.7393483,-73.8158722,Residential,15
r0141_c0083,40.7393483,-73.8140893,Residential,33
r0141_c0084,40.7393483,-73.8123064,Residential,48
r0141_c0085,40.7393483,-73.8105235,Residential,51
r0141_c0086,40.7393483,-73.8087406,Residential,57
r0141_c0087,40.7393483,-73.8069576,Residential,61
r0141_c0088,40.7393483,-73.8051747,Residential,46
r0141_c0090,40.7393483,-73.8016089,Residential,6
r0141_c0091,40.7393483,-73.799826,Residential,7
r0141_c0092,40.7393483,-73.7980431,Residential,14
r0141_c0093,40.7393483,-73.7962602,Mixed-Use,27
r0141_c0094,40.7393483,-73.7944773,Mixed-Use,9
r0141_c0095,40.7393483,-73.7926944,Mixed-Use,7
r0141_c0096,40.7393483,-73.7909114,Residential,21
r0141_c0097,40.7393483,-73.7891285,Residential,45
r0141_c0098,40.7393483,-73.7873456,Commercial,9
r0141_c0104,40.7393483,-73.7766481,Residential,22
r0141_c0105,40.7393483,-73.7748652,Residential,26
r0141_c0119,40.7393483,-73.7499045,Residential,6
r0141_c0120,40.7393483,-73.7481216,Residential,42
r0141_c0121,40.7393483,-73.7463386,Residential,38
r0141_c0122,40.7393483,-73.7445557,Residential,31
r0141_c0132,40.7393483,-73.7267266,Residential,27
r0141_c0133,40.7393483,-73.7249437,Residential,13
r0141_c0134,40.7393483,-73.7231608,Residential,41
r0141_c0135,40.7393483,-73.7213779,Residential,40
r0141_c0136,40.7393483,-73.719595,Residential,38
r0141_c0137,40.7393483,-73.717812,Residential,48
r0141_c0138,40.7393483,-73.7160291,Residential,35
r0141_c0139,40.7393483,-73.7142462,Residential,49
r0141_c0140,40.7393483,-73.7124633,Residential,44
r0141_c0141,40.7393483,-73.7106804,Residential,40
r0141_c0142,40.7393483,-73.7088975,Residential,36
r0141_c0143,40.7393483,-73.7071146,Residential,39
r0141_c0144,40.7393483,-73.7053317,Residential,32
r0141_c0145,40.7393483,-73.7035488,Residential,39
r0141_c0146,40.7393483,-73.7017658,Residential,40
r0142_c0001,40.7406996,-73.9602881,Mixed-Use,3
r0142_c0002,40.7406996,-73.9585052,Mixed-Use,3
r0142_c0005,40.7406996,-73.9531564,Industrial,7
r0142_c0006,40.7406996,-73.9513735,Mixed-Use,5
r0142_c0007,40.7406996,-73.9495906,Industrial,8
r0142_c0008,40.7406996,-73.9478077,Industrial,9
r0142_c0009,40.7406996,-73.9460248,Industrial,6
r0142_c0010,40.7406996,-73.9442419,Mixed-Use,6
r0142_c0011,40.7406996,-73.942459,Industrial,4
r0142_c0013,40.7406996,-73.9388931,Industrial,3
r0142_c0014,40.7406996,-73.9371102,Industrial,5
r0142_c0015,40.7406996,-73.9353273,Industrial,5
r0142_c0016,40.7406996,-73.9335444,Industrial,4
r0142_c0017,40.7406996,-73.9317615,Industrial,3
r0142_c0018,40.7406996,-73.9299786,Industrial,7
r0142_c0019,40.7406996,-73.9281957,Industrial,34
r0142_c0020,40.7406996,-73.9264128,Residential,66
r0142_c0021,40.7406996,-73.9246298,Residential,44
r0142_c0022,40.7406996,-73.9228469,Residential,12
r0142_c0023,40.7406996,-73.921064,Residential,57
r0142_c0024,40.7406996,-73.9192811,Residential,31
r0142_c0025,40.7406996,-73.9174982,Residential,39
r0142_c0026,40.7406996,-73.9157153,Residential,25
r0142_c0027,40.7406996,-73.9139324,Industrial,3
r0142_c0031,40.7406996,-73.9068007,Mixed-Use,27
r0142_c0034,40.7406996,-73.901452,Residential,20
r0142_c0035,40.7406996,-73.8996691,Mixed-Use,16
r0142_c0036,40.7406996,-73.8978862,Mixed-Use,17
r0142_c0037,40.7406996,-73.8961033,Residential,27
r0142_c0038,40.7406996,-73.8943203,Residential,47
r0142_c0039,40.7406996,-73.8925374,Residential,51
r0142_c0040,40.7406996,-73.8907545,Residential,41
r0142_c0041,40.7406996,-73.8889716,Residential,61
r0142_c0042,40.7406996,-73.8871887,Residential,64
r0142_c0043,40.7406996,-73.8854058,Residential,46
r0142_c0044,40.7406996,-73.8836229,Residential,37
r0142_c0045,40.7406996,-73.88184,Mixed-Use,17
r0142_c0046,40.7406996,-73.880057,Mixed-Use,41
r0142_c0047,40.7406996,-73.8782741,Residential,15
r0142_c0048,40.7406996,-73.8764912,Residential,57
r0142_c0049,40.7406996,-73.8747083,Institutional,46
r0142_c0050,40.7406996,-73.8729254,Residential,77
r0142_c0051,40.7406996,-73.8711425,Residential,60
r0142_c0052,40.7406996,-73.8693596,Residential,59
r0142_c0053,40.7406996,-73.8675767,Residential,74
r0142_c0054,40.7406996,-73.8657937,Residential,61
r0142_c0055,40.7406996,-73.8640108,Industrial,8
r0142_c0057,40.7406996,-73.860445,Residential,7
r0142_c0058,40.7406996,-73.8586621,Residential,62
r0142_c0059,40.7406996,-73.8568792,Residential,74
r0142_c0060,40.7406996,-73.8550963,Residential,56
r0142_c0061,40.7406996,-73.8533134,Residential,59
r0142_c0062,40.7406996,-73.8515304,Residential,74
r0142_c0063,40.7406996,-73.8497475,Residential,18
r0142_c0073,40.7406996,-73.8319184,Residential,6
r0142_c0074,40.7406996,-73.8301355,Residential,48
r0142_c0075,40.7406996,-73.8283526,Residential,48
r0142_c0076,40.7406996,-73.8265697,Residential,49
r0142_c0077,40.7406996,-73.8247868,Residential,59
r0142_c0078,40.7406996,-73.8230039,Residential,70
r0142_c0079,40.7406996,-73.8212209,Residential,45
r0142_c0080,40.7406996,-73.819438,Residential,51
r0142_c0081,40.7406996,-73.8176551,Residential,65
r0142_c0082,40.7406996,-73.8158722,Residential,55
r0142_c0083,40.7406996,-73.8140893,Residential,59
r0142_c0084,40.7406996,-73.8123064,Residential,66
r0142_c0085,40.7406996,-73.8105235,Residential,43
r0142_c0086,40.7406996,-73.8087406,Residential,43
r0142_c0087,40.7406996,-73.8069576,Residential,53
r0142_c0088,40.7406996,-73.8051747,Residential,62
r0142_c0093,40.7406996,-73.7962602,Residential,9
r0142_c0095,40.7406996,-73.7926944,Residential,21
r0142_c0096,40.7406996,-73.7909114,Residential,50
r0142_c0097,40.7406996,-73.7891285,Residential,22
r0142_c0098,40.7406996,-73.7873456,Residential,10
r0142_c0099,40.7406996,-73.7855627,Commercial,4
r0142_c0111,40.7406996,-73.7641678,Residential,16
r0142_c0112,40.7406996,-73.7623848,Residential,7
r0142_c0113,40.7406996,-73.7606019,Residential,6
r0142_c0121,40.7406996,-73.7463386,Residential,9
r0142_c0122,40.7406996,-73.7445557,Residential,19
r0142_c0132,40.7406996,-73.7267266,Residential,4
r0142_c0133,40.7406996,-73.7249437,Residential,19
r0142_c0134,40.7406996,-73.7231608,Residential,36
r0142_c0135,40.7406996,-73.7213779,Residential,47
r0142_c0136,40.7406996,-73.719595,Residential,41
r0142_c0137,40.7406996,-73.717812,Residential,41
r0142_c0138,40.7406996,-73.7160291,Residential,33
r0142_c0139,40.7406996,-73.7142462,Residential,36
r0142_c0140,40.7406996,-73.7124633,Residential,29
r0142_c0141,40.7406996,-73.7106804,Residential,37
r0142_c0142,40.7406996,-73.7088975,Residential,40
r0142_c0143,40.7406996,-73.7071146,Residential,36
r0142_c0144,40.7406996,-73.7053317,Residential,43
r0142_c0145,40.7406996,-73.7035488,Residential,36
r0142_c0146,40.7406996,-73.7017658,Residential,27
r0143_c0002,40.742051,-73.9585052,Mixed-Use,11
r0143_c0003,40.742051,-73.9567223,Residential,13
r0143_c0004,40.742051,-73.9549393,Residential,39
r0143_c0005,40.742051,-73.9531564,Mixed-Use,21
r0143_c0006,40.742051,-73.9513735,Mixed-Use,12
r0143_c0007,40.742051,-73.9495906,Industrial,7
r0143_c0008,40.742051,-73.9478077,Mixed-Use,8
r0143_c0010,40.742051,-73.9442419,Mixed-Use,3
r0143_c0011,40.742051,-73.942459,Industrial,5
r0143_c0012,40.742051,-73.9406761,Industrial,3
r0143_c0013,40.742051,-73.9388931,Industrial,7
r0143_c0014,40.742051,-73.9371102,Commercial,3
r0143_c0015,40.742051,-73.9353273,Commercial,4
r0143_c0016,40.742051,-73.9335444,Industrial,4
r0143_c0017,40.742051,-73.9317615,Industrial,4
r0143_c0018,40.742051,-73.9299786,Industrial,6
r0143_c0019,40.742051,-73.9281957,Institutional,13
r0143_c0020,40.742051,-73.9264128,Residential,41
r0143_c0021,40.742051,-73.9246298,Residential,54
r0143_c0022,40.742051,-73.9228469,Residential,35
r0143_c0023,40.742051,-73.921064,Residential,34
r0143_c0024,40.742051,-73.9192811,Commercial,20
r0143_c0025,40.742051,-73.9174982,Residential,45
r0143_c0026,40.742051,-73.9157153,Residential,35
r0143_c0027,40.742051,-73.9139324,Industrial,4
r0143_c0029,40.742051,-73.9103665,Institutional,6
r0143_c0030,40.742051,-73.9085836,Residential,12
r0143_c0031,40.742051,-73.9068007,Residential,22
r0143_c0032,40.742051,-73.9050178,Residential,25
r0143_c0033,40.742051,-73.9032349,Residential,34
r0143_c0034,40.742051,-73.901452,Residential,54
r0143_c0035,40.742051,-73.8996691,Residential,41
r0143_c0036,40.742051,-73.8978862,Residential,37
r0143_c0037,40.742051,-73.8961033,Residential,50
r0143_c0038,40.742051,-73.8943203,Residential,44
r0143_c0039,40.742051,-73.8925374,Residential,29
r0143_c0040,40.742051,-73.8907545,Residential,38
r0143_c0041,40.742051,-73.8889716,Residential,72
r0143_c0042,40.742051,-73.8871887,Residential,68
r0143_c0043,40.742051,-73.8854058,Residential,47
r0143_c0044,40.742051,-73.8836229,Residential,37
r0143_c0045,40.742051,-73.88184,Open Space,7
r0143_c0046,40.742051,-73.880057,Residential,10
r0143_c0047,40.742051,-73.8782741,Residential,36
r0143_c0048,40.742051,-73.8764912,Residential,62
r0143_c0049,40.742051,-73.8747083,Mixed-Use,64
r0143_c0050,40.742051,-73.8729254,Residential,49
r0143_c0051,40.742051,-73.8711425,Residential,54
r0143_c0052,40.742051,-73.8693596,Residential,67
r0143_c0053,40.742051,-73.8675767,Residential,56
r0143_c0054,40.742051,-73.8657937,Residential,47
r0143_c0055,40.742051,-73.8640108,Mixed-Use,9
r0143_c0056,40.742051,-73.8622279,Institutional,23
r0143_c0057,40.742051,-73.860445,Residential,48
r0143_c0058,40.742051,-73.8586621,Residential,66
r0143_c0059,40.742051,-73.8568792,Residential,78
r0143_c0060,40.742051,-73.8550963,Residential,65
r0143_c0061,40.742051,-73.8533134,Residential,55
r0143_c0062,40.742051,-73.8515304,Residential,62
r0143_c0073,40.742051,-73.8319184,Residential,10
r0143_c0074,40.742051,-73.8301355,Residential,45
r0143_c0075,40.742051,-73.8283526,Residential,35
r0143_c0076,40.742051,-73.8265697,Residential,20
r0143_c0077,40.742051,-73.8247868,Residential,31
r0143_c0078,40.742051,-73.8230039,Residential,51
r0143_c0079,40.742051,-73.8212209,Residential,73
r0143_c0080,40.742051,-73.819438,Residential,68
r0143_c0081,40.742051,-73.8176551,Residential,89
r0143_c0082,40.742051,-73.8158722,Residential,81
r0143_c0083,40.742051,-73.8140893,Residential,62
r0143_c0084,40.742051,-73.8123064,Residential,64
r0143_c0085,40.742051,-73.8105235,Residential,27
r0143_c0086,40.742051,-73.8087406,Residential,23
r0143_c0087,40.742051,-73.8069576,Residential,29
r0143_c0088,40.742051,-73.8051747,Residential,25
r0143_c0093,40.742051,-73.7962602,Residential,12
r0143_c0094,40.742051,-73.7944773,Residential,29
r0143_c0095,40.742051,-73.7926944,Residential,5
r0143_c0096,40.742051,-73.7909114,Residential,19
r0143_c0097,40.742051,-73.7891285,Residential,39
r0143_c0098,40.742051,-73.7873456,Residential,38
r0143_c0099,40.742051,-73.7855627,Residential,37
r0143_c0100,40.742051,-73.7837798,Residential,16
r0143_c0111,40.742051,-73.7641678,Residential,58
r0143_c0112,40.742051,-73.7623848,Residential,65
r0143_c0113,40.742051,-73.7606019,Residential,42
r0143_c0114,40.742051,-73.758819,Residential,10
r0143_c0117,40.742051,-73.7534703,Residential,4
r0143_c0134,40.742051,-73.7231608,Residential,12
r0143_c0135,40.742051,-73.7213779,Residential,43
r0143_c0136,40.742051,-73.719595,Residential,52
r0143_c0137,40.742051,-73.717812,Residential,41
r0143_c0138,40.742051,-73.7160291,Residential,31
r0143_c0139,40.742051,-73.7142462,Residential,29
r0143_c0140,40.742051,-73.7124633,Residential,32
r0143_c0141,40.742051,-73.7106804,Residential,45
r0143_c0142,40.742051,-73.7088975,Residential,37
r0143_c0143,40.742051,-73.7071146,Residential,36
r0143_c0144,40.742051,-73.7053317,Residential,34
r0143_c0145,40.742051,-73.7035488,Residential,34
r0143_c0146,40.742051,-73.7017658,Residential,12
r0144_c0002,40.7434023,-73.9585052,Mixed-Use,5
r0144_c0003,40.7434023,-73.9567223,Mixed-Use,15
r0144_c0004,40.7434023,-73.9549393,Residential,47
r0144_c0005,40.7434023,-73.9531564,Mixed-Use,30
r0144_c0006,40.7434023,-73.9513735,Mixed-Use,22
r0144_c0007,40.7434023,-73.9495906,Commercial,5
r0144_c0011,40.7434023,-73.942459,Industrial,4
r0144_c0012,40.7434023,-73.9406761,Industrial,8
r0144_c0013,40.7434023,-73.9388931,Industrial,4
r0144_c0016,40.7434023,-73.9335444,Institutional,3
r0144_c0017,40.7434023,-73.9317615,Industrial,4
r0144_c0019,40.7434023,-73.9281957,Industrial,17
r0144_c0020,40.7434023,-73.9264128,Commercial,13
r0144_c0021,40.7434023,-73.9246298,Residential,30
r0144_c0022,40.7434023,-73.9228469,Mixed-Use,19
r0144_c0023,40.7434023,-73.921064,Mixed-Use,23
r0144_c0024,40.7434023,-73.9192811,Mixed-Use,15
r0144_c0025,40.7434023,-73.9174982,Residential,10
r0144_c0026,40.7434023,-73.9157153,Residential,18
r0144_c0027,40.7434023,-73.9139324,Mixed-Use,8
r0144_c0028,40.7434023,-73.9121495,Residential,51
r0144_c0029,40.7434023,-73.9103665,Residential,79
r0144_c0030,40.7434023,-73.9085836,Residential,71
r0144_c0031,40.7434023,-73.9068007,Residential,54
r0144_c0032,40.7434023,-73.9050178,Residential,95
r0144_c0033,40.7434023,-73.9032349,Residential,49
r0144_c0034,40.7434023,-73.901452,Residential,58
r0144_c0035,40.7434023,-73.8996691,Residential,39
r0144_c0036,40.7434023,-73.8978862,Residential,58
r0144_c0037,40.7434023,-73.8961033,Residential,51
r0144_c0038,40.7434023,-73.8943203,Residential,81
r0144_c0039,40.7434023,-73.8925374,Mixed-Use,23
r0144_c0040,40.7434023,-73.8907545,Residential,69
r0144_c0041,40.7434023,-73.8889716,Residential,66
r0144_c0042,40.7434023,-73.8871887,Residential,58
r0144_c0043,40.7434023,-73.8854058,Residential,19
r0144_c0044,40.7434023,-73.8836229,Mixed-Use,17
r0144_c0045,40.7434023,-73.88184,Residential,36
r0144_c0046,40.7434023,-73.880057,Residential,19
r0144_c0047,40.7434023,-73.8782741,Residential,59
r0144_c0048,40.7434023,-73.8764912,Residential,24
r0144_c0049,40.7434023,-73.8747083,Residential,57
r0144_c0050,40.7434023,-73.8729254,Residential,39
r0144_c0051,40.7434023,-73.8711425,Institutional,16
r0144_c0052,40.7434023,-73.8693596,Residential,72
r0144_c0053,40.7434023,-73.8675767,Residential,66
r0144_c0054,40.7434023,-73.8657937,Residential,69
r0144_c0055,40.7434023,-73.8640108,Residential,88
r0144_c0056,40.7434023,-73.8622279,Residential,46
r0144_c0057,40.7434023,-73.860445,Residential,65
r0144_c0058,40.7434023,-73.8586621,Residential,62
r0144_c0059,40.7434023,-73.8568792,Residential,65
r0144_c0060,40.7434023,-73.8550963,Mixed-Use,43
r0144_c0061,40.7434023,-73.8533134,Residential,65
r0144_c0062,40.7434023,-73.8515304,Residential,34
r0144_c0071,40.7434023,-73.8354842,Residential,12
r0144_c0072,40.7434023,-73.8337013,Residential,24
r0144_c0073,40.7434023,-73.8319184,Residential,36
r0144_c0074,40.7434023,-73.8301355,Residential,38
r0144_c0075,40.7434023,-73.8283526,Residential,41
r0144_c0076,40.7434023,-73.8265697,Residential,62
r0144_c0077,40.7434023,-73.8247868,Residential,45
r0144_c0078,40.7434023,-73.8230039,Residential,57
r0144_c0079,40.7434023,-73.8212209,Residential,74
r0144_c0080,40.7434023,-73.819438,Residential,89
r0144_c0081,40.7434023,-73.8176551,Residential,69
r0144_c0082,40.7434023,-73.8158722,Residential,37
r0144_c0083,40.7434023,-73.8140893,Residential,8
r0144_c0094,40.7434023,-73.7944773,Residential,31
r0144_c0095,40.7434023,-73.7926944,Residential,38
r0144_c0096,40.7434023,-73.7909114,Residential,51
r0144_c0097,40.7434023,-73.7891285,Residential,40
r0144_c0098,40.7434023,-73.7873456,Institutional,14
r0144_c0099,40.7434023,-73.7855627,Residential,19
r0144_c0100,40.7434023,-73.7837798,Institutional,5
r0144_c0101,40.7434023,-73.7819969,Open Space,12
r0144_c0102,40.7434023,-73.780214,Residential,27
r0144_c0103,40.7434023,-73.7784311,Residential,26
r0144_c0110,40.7434023,-73.7659507,Residential,10
r0144_c0111,40.7434023,-73.7641678,Residential,28
r0144_c0112,40.7434023,-73.7623848,Residential,38
r0144_c0113,40.7434023,-73.7606019,Residential,50
r0144_c0114,40.7434023,-73.758819,Residential,5
r0144_c0117,40.7434023,-73.7534703,Residential,45
r0144_c0118,40.7434023,-73.7516874,Residential,36
r0144_c0119,40.7434023,-73.7499045,Residential,28
r0144_c0120,40.7434023,-73.7481216,Residential,24
r0144_c0121,40.7434023,-73.7463386,Residential,27
r0144_c0122,40.7434023,-73.7445557,Residential,7
r0144_c0135,40.7434023,-73.7213779,Residential,33
r0144_c0136,40.7434023,-73.719595,Residential,46
r0144_c0137,40.7434023,-73.717812,Residential,21
r0144_c0138,40.7434023,-73.7160291,Residential,37
r0144_c0139,40.7434023,-73.7142462,Residential,45
r0144_c0140,40.7434023,-73.7124633,Residential,47
r0144_c0141,40.7434023,-73.7106804,Residential,40
r0144_c0142,40.7434023,-73.7088975,Residential,24
r0144_c0143,40.7434023,-73.7071146,Residential,31
r0144_c0144,40.7434023,-73.7053317,Residential,41
r0144_c0145,40.7434023,-73.7035488,Residential,45
r0145_c0003,40.7447537,-73.9567223,Residential,6
r0145_c0004,40.7447537,-73.9549393,Residential,29
r0145_c0005,40.7447537,-73.9531564,Mixed-Use,58
r0145_c0006,40.7447537,-73.9513735,Residential,43
r0145_c0007,40.7447537,-73.9495906,Mixed-Use,36
r0145_c0008,40.7447537,-73.9478077,Mixed-Use,6
r0145_c0010,40.7447537,-73.9442419,Mixed-Use,12
r0145_c0011,40.7447537,-73.942459,Mixed-Use,3
r0145_c0014,40.7447537,-73.9371102,Institutional,3
r0145_c0015,40.7447537,-73.9353273,Commercial,3
r0145_c0016,40.7447537,-73.9335444,Commercial,6
r0145_c0017,40.7447537,-73.9317615,Industrial,10
r0145_c0018,40.7447537,-73.9299786,Commercial,4
r0145_c0019,40.7447537,-73.9281957,Mixed-Use,11
r0145_c0020,40.7447537,-73.9264128,Commercial,5
r0145_c0021,40.7447537,-73.9246298,Residential,31
r0145_c0022,40.7447537,-73.9228469,Residential,36
r0145_c0023,40.7447537,-73.921064,Residential,12
r0145_c0024,40.7447537,-73.9192811,Residential,20
r0145_c0025,40.7447537,-73.9174982,Residential,29
r0145_c0026,40.7447537,-73.9157153,Residential,51
r0145_c0027,40.7447537,-73.9139324,Residential,22
r0145_c0028,40.7447537,-73.9121495,Residential,56
r0145_c0029,40.7447537,-73.9103665,Residential,58
r0145_c0030,40.7447537,-73.9085836,Residential,52
r0145_c0031,40.7447537,-73.9068007,Residential,56
r0145_c0032,40.7447537,-73.9050178,Residential,47
r0145_c0033,40.7447537,-73.9032349,Residential,21
r0145_c0034,40.7447537,-73.901452,Mixed-Use,33
r0145_c0035,40.7447537,-73.8996691,Residential,83
r0145_c0036,40.7447537,-73.8978862,Residential,70
r0145_c0037,40.7447537,-73.8961033,Residential,58
r0145_c0038,40.7447537,-73.8943203,Residential,27
r0145_c0039,40.7447537,-73.8925374,Residential,27
r0145_c0040,40.7447537,-73.8907545,Residential,53
r0145_c0041,40.7447537,-73.8889716,Residential,55
r0145_c0042,40.7447537,-73.8871887,Open Space,19
r0145_c0044,40.7447537,-73.8836229,Residential,34
r0145_c0045,40.7447537,-73.88184,Residential,43
r0145_c0046,40.7447537,-73.880057,Residential,70
r0145_c0047,40.7447537,-73.8782741,Residential,61
r0145_c0048,40.7447537,-73.8764912,Residential,41
r0145_c0049,40.7447537,-73.8747083,Residential,67
r0145_c0050,40.7447537,-73.8729254,Residential,65
r0145_c0051,40.7447537,-73.8711425,Residential,58
r0145_c0052,40.7447537,-73.8693596,Residential,60
r0145_c0053,40.7447537,-73.8675767,Residential,46
r0145_c0054,40.7447537,-73.8657937,Residential,71
r0145_c0055,40.7447537,-73.8640108,Residential,87
r0145_c0056,40.7447537,-73.8622279,Residential,57
r0145_c0057,40.7447537,-73.860445,Residential,55
r0145_c0058,40.7447537,-73.8586621,Residential,39
r0145_c0059,40.7447537,-73.8568792,Residential,61
r0145_c0060,40.7447537,-73.8550963,Residential,58
r0145_c0061,40.7447537,-73.8533134,Residential,71
r0145_c0062,40.7447537,-73.8515304,Residential,4
r0145_c0071,40.7447537,-73.8354842,Residential,35
r0145_c0072,40.7447537,-73.8337013,Residential,51
r0145_c0073,40.7447537,-73.8319184,Residential,58
r0145_c0074,40.7447537,-73.8301355,Residential,54
r0145_c0075,40.7447537,-73.8283526,Residential,45
r0145_c0076,40.7447537,-73.8265697,Residential,48
r0145_c0077,40.7447537,-73.8247868,Residential,68
r0145_c0078,40.7447537,-73.8230039,Residential,36
r0145_c0079,40.7447537,-73.8212209,Residential,45
r0145_c0080,40.7447537,-73.819438,Residential,74
r0145_c0081,40.7447537,-73.8176551,Residential,17
r0145_c0082,40.7447537,-73.8158722,Residential,29
r0145_c0083,40.7447537,-73.8140893,Residential,24
r0145_c0094,40.7447537,-73.7944773,Residential,17
r0145_c0095,40.7447537,-73.7926944,Residential,39
r0145_c0096,40.7447537,-73.7909114,Residential,40
r0145_c0097,40.7447537,-73.7891285,Open Space,15
r0145_c0098,40.7447537,-73.7873456,Residential,3
r0145_c0099,40.7447537,-73.7855627,Open Space,20
r0145_c0100,40.7447537,-73.7837798,Residential,37
r0145_c0101,40.7447537,-73.7819969,Residential,39
r0145_c0102,40.7447537,-73.780214,Residential,40
r0145_c0103,40.7447537,-73.7784311,Residential,29
r0145_c0104,40.7447537,-73.7766481,Commercial,21
r0145_c0105,40.7447537,-73.7748652,Residential,32
r0145_c0106,40.7447537,-73.7730823,Residential,14
r0145_c0110,40.7447537,-73.7659507,Institutional,15
r0145_c0111,40.7447537,-73.7641678,Residential,25
r0145_c0112,40.7447537,-73.7623848,Residential,33
r0145_c0113,40.7447537,-73.7606019,Residential,35
r0145_c0114,40.7447537,-73.758819,Residential,34
r0145_c0117,40.7447537,-73.7534703,Residential,5
r0145_c0119,40.7447537,-73.7499045,Residential,14
r0145_c0120,40.7447537,-73.7481216,Residential,29
r0145_c0121,40.7447537,-73.7463386,Residential,46
r0145_c0135,40.7447537,-73.7213779,Residential,34
r0145_c0136,40.7447537,-73.719595,Residential,49
r0145_c0137,40.7447537,-73.717812,Residential,20
r0145_c0138,40.7447537,-73.7160291,Residential,19
r0145_c0139,40.7447537,-73.7142462,Residential,37
r0145_c0140,40.7447537,-73.7124633,Residential,22
r0145_c0141,40.7447537,-73.7106804,Residential,32
r0145_c0142,40.7447537,-73.7088975,Institutional,25
r0145_c0143,40.7447537,-73.7071146,Residential,46
r0145_c0144,40.7447537,-73.7053317,Residential,42
r0145_c0145,40.7447537,-73.7035488,Residential,34
r0145_c0146,40.7447537,-73.7017658,Residential,16
r0146_c0003,40.746105,-73.9567223,Residential,5
r0146_c0004,40.746105,-73.9549393,Mixed-Use,22
r0146_c0005,40.746105,-73.9531564,Mixed-Use,40
r0146_c0006,40.746105,-73.9513735,Mixed-Use,35
r0146_c0007,40.746105,-73.9495906,Residential,37
r0146_c0008,40.746105,-73.9478077,Institutional,28
r0146_c0009,40.746105,-73.9460248,Mixed-Use,33
r0146_c0010,40.746105,-73.9442419,Commercial,18
r0146_c0011,40.746105,-73.942459,Mixed-Use,5
r0146_c0012,40.746105,-73.9406761,Mixed-Use,6
r0146_c0016,40.746105,-73.9335444,Industrial,8
r0146_c0017,40.746105,-73.9317615,Industrial,5
r0146_c0018,40.746105,-73.9299786,Industrial,8
r0146_c0019,40.746105,-73.9281957,Industrial,13
r0146_c0020,40.746105,-73.9264128,Industrial,14
r0146_c0021,40.746105,-73.9246298,Residential,43
r0146_c0022,40.746105,-73.9228469,Residential,11
r0146_c0023,40.746105,-73.921064,Residential,25
r0146_c0024,40.746105,-73.9192811,Residential,18
r0146_c0025,40.746105,-73.9174982,Residential,40
r0146_c0026,40.746105,-73.9157153,Residential,45
r0146_c0027,40.746105,-73.9139324,Residential,29
r0146_c0028,40.746105,-73.9121495,Residential,49
r0146_c0029,40.746105,-73.9103665,Residential,21
r0146_c0030,40.746105,-73.9085836,Institutional,17
r0146_c0031,40.746105,-73.9068007,Residential,32
r0146_c0032,40.746105,-73.9050178,Residential,53
r0146_c0033,40.746105,-73.9032349,Mixed-Use,17
r0146_c0034,40.746105,-73.901452,Mixed-Use,37
r0146_c0035,40.746105,-73.8996691,Mixed-Use,44
r0146_c0036,40.746105,-73.8978862,Residential,57
r0146_c0037,40.746105,-73.8961033,Mixed-Use,50
r0146_c0038,40.746105,-73.8943203,Mixed-Use,30
r0146_c0039,40.746105,-73.8925374,Residential,42
r0146_c0040,40.746105,-73.8907545,Mixed-Use,38
r0146_c0041,40.746105,-73.8889716,Residential,48
r0146_c0042,40.746105,-73.8871887,Residential,32
r0146_c0043,40.746105,-73.8854058,Residential,6
r0146_c0044,40.746105,-73.8836229,Residential,41
r0146_c0045,40.746105,-73.88184,Residential,39
r0146_c0046,40.746105,-73.880057,Residential,42
r0146_c0047,40.746105,-73.8782741,Residential,47
r0146_c0048,40.746105,-73.8764912,Residential,51
r0146_c0049,40.746105,-73.8747083,Residential,49
r0146_c0050,40.746105,-73.8729254,Residential,60
r0146_c0051,40.746105,-73.8711425,Residential,65
r0146_c0052,40.746105,-73.8693596,Residential,71
r0146_c0053,40.746105,-73.8675767,Residential,47
r0146_c0054,40.746105,-73.8657937,Residential,36
r0146_c0055,40.746105,-73.8640108,Residential,47
r0146_c0056,40.746105,-73.8622279,Residential,49
r0146_c0057,40.746105,-73.860445,Residential,65
r0146_c0058,40.746105,-73.8586621,Residential,70
r0146_c0059,40.746105,-73.8568792,Residential,52
r0146_c0060,40.746105,-73.8550963,Residential,71
r0146_c0061,40.746105,-73.8533134,Residential,42
r0146_c0071,40.746105,-73.8354842,Residential,11
r0146_c0072,40.746105,-73.8337013,Residential,68
r0146_c0073,40.746105,-73.8319184,Residential,47
r0146_c0074,40.746105,-73.8301355,Residential,60
r0146_c0075,40.746105,-73.8283526,Residential,56
r0146_c0076,40.746105,-73.8265697,Residential,30
r0146_c0077,40.746105,-73.8247868,Residential,29
r0146_c0078,40.746105,-73.8230039,Residential,36
r0146_c0079,40.746105,-73.8212209,Residential,29
r0146_c0080,40.746105,-73.819438,Residential,17
r0146_c0082,40.746105,-73.8158722,Residential,27
r0146_c0083,40.746105,-73.8140893,Open Space,22
r0146_c0089,40.746105,-73.8033918,Residential,4
r0146_c0090,40.746105,-73.8016089,Residential,3
r0146_c0094,40.746105,-73.7944773,Open Space,18
r0146_c0095,40.746105,-73.7926944,Open Space,25
r0146_c0096,40.746105,-73.7909114,Open Space,13
r0146_c0097,40.746105,-73.7891285,Residential,21
r0146_c0098,40.746105,-73.7873456,Residential,38
r0146_c0099,40.746105,-73.7855627,Residential,43
r0146_c0100,40.746105,-73.7837798,Residential,79
r0146_c0101,40.746105,-73.7819969,Residential,48
r0146_c0102,40.746105,-73.780214,Residential,26
r0146_c0103,40.746105,-73.7784311,Residential,42
r0146_c0104,40.746105,-73.7766481,Residential,34
r0146_c0105,40.746105,-73.7748652,Residential,38
r0146_c0106,40.746105,-73.7730823,Residential,21
r0146_c0107,40.746105,-73.7712994,Residential,81
r0146_c0108,40.746105,-73.7695165,Residential,53
r0146_c0109,40.746105,-73.7677336,Residential,14
r0146_c0110,40.746105,-73.7659507,Residential,11
r0146_c0111,40.746105,-73.7641678,Residential,23
r0146_c0112,40.746105,-73.7623848,Residential,31
r0146_c0113,40.746105,-73.7606019,Residential,43
r0146_c0114,40.746105,-73.758819,Institutional,32
r0146_c0115,40.746105,-73.7570361,Residential,10
r0146_c0116,40.746105,-73.7552532,Residential,4
r0146_c0135,40.746105,-73.7213779,Residential,21
r0146_c0136,40.746105,-73.719595,Residential,34
r0146_c0139,40.746105,-73.7142462,Commercial,8
r0146_c0140,40.746105,-73.7124633,Institutional,15
r0146_c0141,40.746105,-73.7106804,Residential,39
r0146_c0142,40.746105,-73.7088975,Residential,39
r0146_c0143,40.746105,-73.7071146,Residential,33
r0146_c0144,40.746105,-73.7053317,Residential,36
r0146_c0145,40.746105,-73.7035488,Residential,37
r0146_c0146,40.746105,-73.7017658,Residential,36
r0147_c0003,40.7474564,-73.9567223,Mixed-Use,5
r0147_c0004,40.7474564,-73.9549393,Industrial,5
r0147_c0005,40.7474564,-73.9531564,Industrial,9
r0147_c0006,40.7474564,-73.9513735,Institutional,12
r0147_c0007,40.7474564,-73.9495906,Open Space,27
r0147_c0008,40.7474564,-73.9478077,Residential,31
r0147_c0009,40.7474564,-73.9460248,Residential,58
r0147_c0010,40.7474564,-73.9442419,Commercial,11
r0147_c0011,40.7474564,-73.942459,Mixed-Use,11
r0147_c0012,40.7474564,-73.9406761,Mixed-Use,17
r0147_c0013,40.7474564,-73.9388931,Mixed-Use,3
r0147_c0019,40.7474564,-73.9281957,Industrial,3
r0147_c0020,40.7474564,-73.9264128,Industrial,9
r0147_c0021,40.7474564,-73.9246298,Industrial,24
r0147_c0022,40.7474564,-73.9228469,Residential,7
r0147_c0023,40.7474564,-73.921064,Industrial,21
r0147_c0024,40.7474564,-73.9192811,Residential,85
r0147_c0025,40.7474564,-73.9174982,Residential,66
r0147_c0026,40.7474564,-73.9157153,Residential,84
r0147_c0027,40.7474564,-73.9139324,Residential,95
r0147_c0028,40.7474564,-73.9121495,Residential,3
r0147_c0029,40.7474564,-73.9103665,Open Space,10
r0147_c0030,40.7474564,-73.9085836,Residential,59
r0147_c0031,40.7474564,-73.9068007,Residential,61
r0147_c0032,40.7474564,-73.9050178,Mixed-Use,24
r0147_c0033,40.7474564,-73.9032349,Mixed-Use,31
r0147_c0034,40.7474564,-73.901452,Residential,54
r0147_c0035,40.7474564,-73.8996691,Residential,64
r0147_c0036,40.7474564,-73.8978862,Residential,40
r0147_c0037,40.7474564,-73.8961033,Residential,48
r0147_c0038,40.7474564,-73.8943203,Mixed-Use,37
r0147_c0039,40.7474564,-73.8925374,Commercial,23
r0147_c0040,40.7474564,-73.8907545,Commercial,33
r0147_c0041,40.7474564,-73.8889716,Mixed-Use,32
r0147_c0042,40.7474564,-73.8871887,Residential,41
r0147_c0043,40.7474564,-73.8854058,Residential,54
r0147_c0044,40.7474564,-73.8836229,Commercial,44
r0147_c0045,40.7474564,-73.88184,Residential,35
r0147_c0046,40.7474564,-73.880057,Residential,48
r0147_c0047,40.7474564,-73.8782741,Residential,37
r0147_c0048,40.7474564,-73.8764912,Residential,33
r0147_c0049,40.7474564,-73.8747083,Residential,48
r0147_c0050,40.7474564,-73.8729254,Residential,58
r0147_c0051,40.7474564,-73.8711425,Residential,59
r0147_c0052,40.7474564,-73.8693596,Residential,56
r0147_c0053,40.7474564,-73.8675767,Residential,72
r0147_c0054,40.7474564,-73.8657937,Residential,56
r0147_c0055,40.7474564,-73.8640108,Residential,54
r0147_c0056,40.7474564,-73.8622279,Mixed-Use,50
r0147_c0057,40.7474564,-73.860445,Mixed-Use,47
r0147_c0058,40.7474564,-73.8586621,Residential,56
r0147_c0059,40.7474564,-73.8568792,Residential,45
r0147_c0060,40.7474564,-73.8550963,Mixed-Use,34
r0147_c0061,40.7474564,-73.8533134,Residential,7
r0147_c0072,40.7474564,-73.8337013,Residential,29
r0147_c0073,40.7474564,-73.8319184,Residential,48
r0147_c0074,40.7474564,-73.8301355,Residential,52
r0147_c0075,40.7474564,-73.8283526,Residential,44
r0147_c0076,40.7474564,-73.8265697,Residential,42
r0147_c0077,40.7474564,-73.8247868,Institutional,16
r0147_c0078,40.7474564,-73.8230039,Residential,12
r0147_c0080,40.7474564,-73.819438,Residential,6
r0147_c0081,40.7474564,-73.8176551,Residential,25
r0147_c0082,40.7474564,-73.8158722,Residential,35
r0147_c0083,40.7474564,-73.8140893,Residential,56
r0147_c0084,40.7474564,-73.8123064,Residential,24
r0147_c0089,40.7474564,-73.8033918,Residential,8
r0147_c0090,40.7474564,-73.8016089,Residential,43
r0147_c0091,40.7474564,-73.799826,Residential,40
r0147_c0092,40.7474564,-73.7980431,Residential,31
r0147_c0093,40.7474564,-73.7962602,Mixed-Use,12
r0147_c0094,40.7474564,-73.7944773,Residential,35
r0147_c0095,40.7474564,-73.7926944,Residential,33
r0147_c0096,40.7474564,-73.7909114,Residential,49
r0147_c0097,40.7474564,-73.7891285,Residential,38
r0147_c0098,40.7474564,-73.7873456,Residential,36
r0147_c0099,40.7474564,-73.7855627,Residential,44
r0147_c0100,40.7474564,-73.7837798,Residential,41
r0147_c0101,40.7474564,-73.7819969,Residential,42
r0147_c0102,40.7474564,-73.780214,Residential,43
r0147_c0103,40.7474564,-73.7784311,Residential,37
r0147_c0104,40.7474564,-73.7766481,Residential,30
r0147_c0105,40.7474564,-73.7748652,Residential,39
r0147_c0106,40.7474564,-73.7730823,Residential,24
r0147_c0107,40.7474564,-73.7712994,Residential,79
r0147_c0108,40.7474564,-73.7695165,Residential,45
r0147_c0109,40.7474564,-73.7677336,Residential,36
r0147_c0110,40.7474564,-73.7659507,Residential,42
r0147_c0111,40.7474564,-73.7641678,Residential,34
r0147_c0112,40.7474564,-73.7623848,Residential,21
r0147_c0113,40.7474564,-73.7606019,Residential,33
r0147_c0114,40.7474564,-73.758819,Residential,72
r0147_c0115,40.7474564,-73.7570361,Residential,32
r0147_c0119,40.7474564,-73.7499045,Residential,29
r0147_c0120,40.7474564,-73.7481216,Residential,30
r0147_c0121,40.7474564,-73.7463386,Residential,13
r0147_c0127,40.7474564,-73.7356412,Residential,14
r0147_c0128,40.7474564,-73.7338583,Institutional,5
r0147_c0129,40.7474564,-73.7320753,Residential,8
r0147_c0130,40.7474564,-73.7302924,Residential,28
r0147_c0141,40.7474564,-73.7106804,Residential,13
r0147_c0142,40.7474564,-73.7088975,Residential,31
r0147_c0143,40.7474564,-73.7071146,Residential,40
r0147_c0144,40.7474564,-73.7053317,Residential,36
r0147_c0145,40.7474564,-73.7035488,Residential,43
r0147_c0146,40.7474564,-73.7017658,Residential,31
r0148_c0005,40.7488077,-73.9531564,Industrial,6
r0148_c0006,40.7488077,-73.9513735,Mixed-Use,18
r0148_c0007,40.7488077,-73.9495906,Commercial,13
r0148_c0008,40.7488077,-73.9478077,Industrial,14
r0148_c0009,40.7488077,-73.9460248,Industrial,9
r0148_c0010,40.7488077,-73.9442419,Commercial,6
r0148_c0011,40.7488077,-73.942459,Mixed-Use,11
r0148_c0012,40.7488077,-73.9406761,Mixed-Use,32
r0148_c0013,40.7488077,-73.9388931,Commercial,5
r0148_c0023,40.7488077,-73.921064,Residential,29
r0148_c0024,40.7488077,-73.9192811,Residential,79
r0148_c0025,40.7488077,-73.9174982,Residential,78
r0148_c0026,40.7488077,-73.9157153,Residential,70
r0148_c0027,40.7488077,-73.9139324,Residential,59
r0148_c0028,40.7488077,-73.9121495,Residential,31
r0148_c0029,40.7488077,-73.9103665,Residential,31
r0148_c0030,40.7488077,-73.9085836,Residential,57
r0148_c0031,40.7488077,-73.9068007,Mixed-Use,27
r0148_c0032,40.7488077,-73.9050178,Mixed-Use,48
r0148_c0033,40.7488077,-73.9032349,Residential,65
r0148_c0034,40.7488077,-73.901452,Residential,47
r0148_c0035,40.7488077,-73.8996691,Residential,76
r0148_c0036,40.7488077,-73.8978862,Residential,12
r0148_c0037,40.7488077,-73.8961033,Mixed-Use,14
r0148_c0038,40.7488077,-73.8943203,Residential,31
r0148_c0039,40.7488077,-73.8925374,Commercial,32
r0148_c0040,40.7488077,-73.8907545,Commercial,25
r0148_c0041,40.7488077,-73.8889716,Institutional,26
r0148_c0042,40.7488077,-73.8871887,Residential,37
r0148_c0043,40.7488077,-73.8854058,Residential,22
r0148_c0044,40.7488077,-73.8836229,Commercial,21
r0148_c0045,40.7488077,-73.88184,Residential,14
r0148_c0046,40.7488077,-73.880057,Residential,19
r0148_c0047,40.7488077,-73.8782741,Residential,39
r0148_c0048,40.7488077,-73.8764912,Commercial,38
r0148_c0049,40.7488077,-73.8747083,Residential,50
r0148_c0050,40.7488077,-73.8729254,Residential,62
r0148_c0051,40.7488077,-73.8711425,Residential,56
r0148_c0052,40.7488077,-73.8693596,Commercial,51
r0148_c0053,40.7488077,-73.8675767,Residential,38
r0148_c0054,40.7488077,-73.8657937,Institutional,36
r0148_c0055,40.7488077,-73.8640108,Residential,68
r0148_c0056,40.7488077,-73.8622279,Open Space,14
r0148_c0057,40.7488077,-73.860445,Institutional,35
r0148_c0058,40.7488077,-73.8586621,Residential,66
r0148_c0059,40.7488077,-73.8568792,Residential,67
r0148_c0060,40.7488077,-73.8550963,Residential,62
r0148_c0061,40.7488077,-73.8533134,Residential,14
r0148_c0074,40.7488077,-73.8301355,Residential,33
r0148_c0075,40.7488077,-73.8283526,Residential,51
r0148_c0076,40.7488077,-73.8265697,Residential,40
r0148_c0079,40.7488077,-73.8212209,Residential,15
r0148_c0080,40.7488077,-73.819438,Residential,63
r0148_c0081,40.7488077,-73.8176551,Residential,54
r0148_c0082,40.7488077,-73.8158722,Residential,56
r0148_c0083,40.7488077,-73.8140893,Residential,39
r0148_c0084,40.7488077,-73.8123064,Residential,41
r0148_c0085,40.7488077,-73.8105235,Residential,34
r0148_c0090,40.7488077,-73.8016089,Residential,40
r0148_c0091,40.7488077,-73.799826,Residential,43
r0148_c0092,40.7488077,-73.7980431,Residential,52
r0148_c0093,40.7488077,-73.7962602,Residential,45
r0148_c0094,40.7488077,-73.7944773,Residential,44
r0148_c0095,40.7488077,-73.7926944,Residential,37
r0148_c0096,40.7488077,-73.7909114,Residential,43
r0148_c0097,40.7488077,-73.7891285,Residential,39
r0148_c0098,40.7488077,-73.7873456,Residential,40
r0148_c0099,40.7488077,-73.7855627,Residential,35
r0148_c0100,40.7488077,-73.7837798,Residential,30
r0148_c0101,40.7488077,-73.7819969,Residential,36
r0148_c0102,40.7488077,-73.780214,Residential,39
r0148_c0103,40.7488077,-73.7784311,Residential,41
r0148_c0104,40.7488077,-73.7766481,Institutional,20
r0148_c0105,40.7488077,-73.7748652,Residential,32
r0148_c0106,40.7488077,-73.7730823,Residential,38
r0148_c0107,40.7488077,-73.7712994,Residential,59
r0148_c0108,40.7488077,-73.7695165,Residential,39
r0148_c0109,40.7488077,-73.7677336,Residential,40
r0148_c0110,40.7488077,-73.7659507,Residential,37
r0148_c0111,40.7488077,-73.7641678,Residential,30
r0148_c0112,40.7488077,-73.7623848,Residential,36
r0148_c0113,40.7488077,-73.7606019,Residential,40
r0148_c0114,40.7488077,-73.758819,Residential,21
r0148_c0115,40.7488077,-73.7570361,Commercial,6
r0148_c0116,40.7488077,-73.7552532,Commercial,3
r0148_c0118,40.7488077,-73.7516874,Residential,6
r0148_c0119,40.7488077,-73.7499045,Residential,32
r0148_c0120,40.7488077,-73.7481216,Residential,40
r0148_c0121,40.7488077,-73.7463386,Residential,47
r0148_c0122,40.7488077,-73.7445557,Residential,27
r0148_c0126,40.7488077,-73.7374241,Residential,7
r0148_c0127,40.7488077,-73.7356412,Residential,23
r0148_c0129,40.7488077,-73.7320753,Residential,21
r0148_c0130,40.7488077,-73.7302924,Residential,49
r0148_c0141,40.7488077,-73.7106804,Residential,28
r0148_c0142,40.7488077,-73.7088975,Residential,22
r0148_c0143,40.7488077,-73.7071146,Residential,39
r0148_c0144,40.7488077,-73.7053317,Residential,41
r0148_c0145,40.7488077,-73.7035488,Residential,37
r0148_c0146,40.7488077,-73.7017658,Residential,27
r0149_c0004,40.7501591,-73.9549393,Commercial,4
r0149_c0005,40.7501591,-73.9531564,Mixed-Use,3
r0149_c0006,40.7501591,-73.9513735,Commercial,7
r0149_c0007,40.7501591,-73.9495906,Industrial,10
r0149_c0008,40.7501591,-73.9478077,Industrial,11
r0149_c0009,40.7501591,-73.9460248,Industrial,8
r0149_c0010,40.7501591,-73.9442419,Mixed-Use,8
r0149_c0011,40.7501591,-73.942459,Mixed-Use,14
r0149_c0012,40.7501591,-73.9406761,Mixed-Use,11
r0149_c0013,40.7501591,-73.9388931,Commercial,4
r0149_c0014,40.7501591,-73.9371102,Mixed-Use,20
r0149_c0015,40.7501591,-73.9353273,Mixed-Use,9
r0149_c0024,40.7501591,-73.9192811,Mixed-Use,14
r0149_c0025,40.7501591,-73.9174982,Mixed-Use,6
r0149_c0026,40.7501591,-73.9157153,Institutional,6
r0149_c0027,40.7501591,-73.9139324,Open Space,3
r0149_c0028,40.7501591,-73.9121495,Mixed-Use,10
r0149_c0029,40.7501591,-73.9103665,Industrial,3
r0149_c0030,40.7501591,-73.9085836,Mixed-Use,42
r0149_c0031,40.7501591,-73.9068007,Industrial,34
r0149_c0032,40.7501591,-73.9050178,Mixed-Use,31
r0149_c0033,40.7501591,-73.9032349,Residential,43
r0149_c0034,40.7501591,-73.901452,Residential,46
r0149_c0035,40.7501591,-73.8996691,Residential,49
r0149_c0036,40.7501591,-73.8978862,Residential,37
r0149_c0037,40.7501591,-73.8961033,Residential,3
r0149_c0038,40.7501591,-73.8943203,Residential,46
r0149_c0039,40.7501591,-73.8925374,Residential,6
r0149_c0040,40.7501591,-73.8907545,Residential,8
r0149_c0041,40.7501591,-73.8889716,Residential,17
r0149_c0042,40.7501591,-73.8871887,Residential,18
r0149_c0043,40.7501591,-73.8854058,Residential,13
r0149_c0044,40.7501591,-73.8836229,Residential,17
r0149_c0045,40.7501591,-73.88184,Residential,11
r0149_c0046,40.7501591,-73.880057,Residential,22
r0149_c0047,40.7501591,-73.8782741,Residential,34
r0149_c0048,40.7501591,-73.8764912,Residential,41
r0149_c0049,40.7501591,-73.8747083,Residential,50
r0149_c0050,40.7501591,-73.8729254,Residential,71
r0149_c0051,40.7501591,-73.8711425,Residential,65
r0149_c0052,40.7501591,-73.8693596,Residential,46
r0149_c0053,40.7501591,-73.8675767,Residential,50
r0149_c0054,40.7501591,-73.8657937,Residential,55
r0149_c0055,40.7501591,-73.8640108,Residential,64
r0149_c0056,40.7501591,-73.8622279,Mixed-Use,34
r0149_c0057,40.7501591,-73.860445,Residential,66
r0149_c0058,40.7501591,-73.8586621,Residential,56
r0149_c0059,40.7501591,-73.8568792,Residential,68
r0149_c0060,40.7501591,-73.8550963,Residential,66
r0149_c0061,40.7501591,-73.8533134,Residential,74
r0149_c0062,40.7501591,-73.8515304,Residential,28
r0149_c0075,40.7501591,-73.8283526,Residential,5
r0149_c0076,40.7501591,-73.8265697,Residential,6
r0149_c0079,40.7501591,-73.8212209,Residential,42
r0149_c0080,40.7501591,-73.819438,Residential,50
r0149_c0081,40.7501591,-73.8176551,Commercial,25
r0149_c0082,40.7501591,-73.8158722,Residential,48
r0149_c0083,40.7501591,-73.8140893,Residential,51
r0149_c0084,40.7501591,-73.8123064,Residential,45
r0149_c0085,40.7501591,-73.8105235,Residential,28
r0149_c0086,40.7501591,-73.8087406,Residential,31
r0149_c0087,40.7501591,-73.8069576,Residential,20
r0149_c0088,40.7501591,-73.8051747,Residential,23
r0149_c0089,40.7501591,-73.8033918,Residential,20
r0149_c0090,40.7501591,-73.8016089,Residential,28
r0149_c0091,40.7501591,-73.799826,Residential,27
r0149_c0092,40.7501591,-73.7980431,Residential,8
r0149_c0093,40.7501591,-73.7962602,Residential,14
r0149_c0094,40.7501591,-73.7944773,Residential,38
r0149_c0095,40.7501591,-73.7926944,Residential,37
r0149_c0096,40.7501591,-73.7909114,Residential,67
r0149_c0097,40.7501591,-73.7891285,Residential,58
r0149_c0098,40.7501591,-73.7873456,Residential,33
r0149_c0099,40.7501591,-73.7855627,Residential,36
r0149_c0100,40.7501591,-73.7837798,Residential,49
r0149_c0101,40.7501591,-73.7819969,Residential,30
r0149_c0102,40.7501591,-73.780214,Residential,42
r0149_c0103,40.7501591,-73.7784311,Residential,51
r0149_c0104,40.7501591,-73.7766481,Residential,59
r0149_c0105,40.7501591,-73.7748652,Residential,24
r0149_c0106,40.7501591,-73.7730823,Residential,53
r0149_c0107,40.7501591,-73.7712994,Residential,49
r0149_c0108,40.7501591,-73.7695165,Residential,41
r0149_c0109,40.7501591,-73.7677336,Residential,39
r0149_c0110,40.7501591,-73.7659507,Residential,30
r0149_c0111,40.7501591,-73.7641678,Residential,32
r0149_c0112,40.7501591,-73.7623848,Residential,41
r0149_c0113,40.7501591,-73.7606019,Residential,37
r0149_c0114,40.7501591,-73.758819,Residential,35
r0149_c0115,40.7501591,-73.7570361,Residential,28
r0149_c0116,40.7501591,-73.7552532,Residential,32
r0149_c0117,40.7501591,-73.7534703,Residential,19
r0149_c0118,40.7501591,-73.7516874,Residential,8
r0149_c0119,40.7501591,-73.7499045,Residential,31
r0149_c0120,40.7501591,-73.7481216,Residential,43
r0149_c0121,40.7501591,-73.7463386,Residential,32
r0149_c0122,40.7501591,-73.7445557,Residential,6
r0149_c0126,40.7501591,-73.7374241,Residential,4
r0149_c0141,40.7501591,-73.7106804,Residential,13
r0149_c0142,40.7501591,-73.7088975,Residential,43
r0149_c0143,40.7501591,-73.7071146,Residential,24
r0149_c0144,40.7501591,-73.7053317,Residential,24
r0149_c0145,40.7501591,-73.7035488,Residential,38
r0149_c0146,40.7501591,-73.7017658,Residential,21
r0150_c0006,40.7515104,-73.9513735,Industrial,3
r0150_c0007,40.7515104,-73.9495906,Industrial,12
r0150_c0008,40.7515104,-73.9478077,Mixed-Use,13
r0150_c0009,40.7515104,-73.9460248,Industrial,16
r0150_c0010,40.7515104,-73.9442419,Commercial,6
r0150_c0011,40.7515104,-73.942459,Mixed-Use,4
r0150_c0012,40.7515104,-73.9406761,Mixed-Use,13
r0150_c0013,40.7515104,-73.9388931,Mixed-Use,13
r0150_c0014,40.7515104,-73.9371102,Institutional,24
r0150_c0015,40.7515104,-73.9353273,Mixed-Use,13
r0150_c0016,40.7515104,-73.9335444,Commercial,7
r0150_c0018,40.7515104,-73.9299786,Commercial,5
r0150_c0023,40.7515104,-73.921064,Mixed-Use,4
r0150_c0030,40.7515104,-73.9085836,Mixed-Use,21
r0150_c0031,40.7515104,-73.9068007,Industrial,21
r0150_c0032,40.7515104,-73.9050178,Residential,55
r0150_c0033,40.7515104,-73.9032349,Residential,42
r0150_c0034,40.7515104,-73.901452,Residential,20
r0150_c0035,40.7515104,-73.8996691,Residential,59
r0150_c0036,40.7515104,-73.8978862,Mixed-Use,26
r0150_c0037,40.7515104,-73.8961033,Residential,54
r0150_c0038,40.7515104,-73.8943203,Residential,80
r0150_c0039,40.7515104,-73.8925374,Residential,41
r0150_c0040,40.7515104,-73.8907545,Residential,29
r0150_c0041,40.7515104,-73.8889716,Residential,5
r0150_c0042,40.7515104,-73.8871887,Residential,14
r0150_c0043,40.7515104,-73.8854058,Residential,11
r0150_c0044,40.7515104,-73.8836229,Residential,8
r0150_c0045,40.7515104,-73.88184,Residential,3
r0150_c0046,40.7515104,-73.880057,Residential,54
r0150_c0047,40.7515104,-73.8782741,Residential,51
r0150_c0048,40.7515104,-73.8764912,Residential,67
r0150_c0049,40.7515104,-73.8747083,Residential,72
r0150_c0050,40.7515104,-73.8729254,Residential,22
r0150_c0051,40.7515104,-73.8711425,Commercial,25
r0150_c0052,40.7515104,-73.8693596,Residential,59
r0150_c0053,40.7515104,-73.8675767,Residential,73
r0150_c0054,40.7515104,-73.8657937,Residential,76
r0150_c0055,40.7515104,-73.8640108,Residential,66
r0150_c0056,40.7515104,-73.8622279,Residential,64
r0150_c0057,40.7515104,-73.860445,Residential,62
r0150_c0058,40.7515104,-73.8586621,Residential,48
r0150_c0059,40.7515104,-73.8568792,Residential,49
r0150_c0060,40.7515104,-73.8550963,Residential,61
r0150_c0061,40.7515104,-73.8533134,Residential,65
r0150_c0062,40.7515104,-73.8515304,Residential,10
r0150_c0071,40.7515104,-73.8354842,Mixed-Use,4
r0150_c0072,40.7515104,-73.8337013,Industrial,10
r0150_c0073,40.7515104,-73.8319184,Open Space,3
r0150_c0074,40.7515104,-73.8301355,Residential,18
r0150_c0075,40.7515104,-73.8283526,Residential,23
r0150_c0076,40.7515104,-73.8265697,Mixed-Use,23
r0150_c0077,40.7515104,-73.8247868,Residential,32
r0150_c0078,40.7515104,-73.8230039,Residential,15
r0150_c0079,40.7515104,-73.8212209,Mixed-Use,10
r0150_c0080,40.7515104,-73.819438,Residential,18
r0150_c0081,40.7515104,-73.8176551,Residential,33
r0150_c0082,40.7515104,-73.8158722,Residential,61
r0150_c0083,40.7515104,-73.8140893,Residential,56
r0150_c0084,40.7515104,-73.8123064,Residential,31
r0150_c0085,40.7515104,-73.8105235,Residential,38
r0150_c0086,40.7515104,-73.8087406,Residential,39
r0150_c0087,40.7515104,-73.8069576,Residential,51
r0150_c0088,40.7515104,-73.8051747,Residential,53
r0150_c0089,40.7515104,-73.8033918,Residential,13
r0150_c0094,40.7515104,-73.7944773,Residential,34
r0150_c0095,40.7515104,-73.7926944,Residential,47
r0150_c0096,40.7515104,-73.7909114,Residential,59
r0150_c0097,40.7515104,-73.7891285,Residential,49
r0150_c0098,40.7515104,-73.7873456,Residential,44
r0150_c0099,40.7515104,-73.7855627,Residential,55
r0150_c0100,40.7515104,-73.7837798,Residential,55
r0150_c0101,40.7515104,-73.7819969,Residential,66
r0150_c0102,40.7515104,-73.780214,Residential,34
r0150_c0103,40.7515104,-73.7784311,Residential,53
r0150_c0104,40.7515104,-73.7766481,Residential,59
r0150_c0105,40.7515104,-73.7748652,Residential,19
r0150_c0106,40.7515104,-73.7730823,Residential,62
r0150_c0107,40.7515104,-73.7712994,Residential,47
r0150_c0108,40.7515104,-73.7695165,Residential,39
r0150_c0109,40.7515104,-73.7677336,Residential,36
r0150_c0110,40.7515104,-73.7659507,Residential,40
r0150_c0111,40.7515104,-73.7641678,Residential,37
r0150_c0112,40.7515104,-73.7623848,Residential,31
r0150_c0113,40.7515104,-73.7606019,Residential,39
r0150_c0114,40.7515104,-73.758819,Residential,27
r0150_c0115,40.7515104,-73.7570361,Residential,8
r0150_c0116,40.7515104,-73.7552532,Residential,43
r0150_c0117,40.7515104,-73.7534703,Residential,56
r0150_c0118,40.7515104,-73.7516874,Residential,53
r0150_c0119,40.7515104,-73.7499045,Residential,37
r0150_c0120,40.7515104,-73.7481216,Residential,13
r0150_c0124,40.7515104,-73.7409899,Residential,7
r0150_c0125,40.7515104,-73.739207,Residential,63
r0150_c0126,40.7515104,-73.7374241,Residential,32
r0150_c0131,40.7515104,-73.7285095,Residential,10
r0150_c0132,40.7515104,-73.7267266,Residential,3
r0150_c0142,40.7515104,-73.7088975,Residential,15
r0150_c0143,40.7515104,-73.7071146,Residential,40
r0150_c0144,40.7515104,-73.7053317,Residential,35
r0150_c0145,40.7515104,-73.7035488,Residential,29
r0150_c0146,40.7515104,-73.7017658,Commercial,15
r0151_c0007,40.7528618,-73.9495906,Commercial,16
r0151_c0008,40.7528618,-73.9478077,Industrial,13
r0151_c0009,40.7528618,-73.9460248,Industrial,6
r0151_c0011,40.7528618,-73.942459,Industrial,6
r0151_c0012,40.7528618,-73.9406761,Mixed-Use,15
r0151_c0013,40.7528618,-73.9388931,Mixed-Use,38
r0151_c0014,40.7528618,-73.9371102,Mixed-Use,27
r0151_c0015,40.7528618,-73.9353273,Mixed-Use,30
r0151_c0016,40.7528618,-73.9335444,Mixed-Use,23
r0151_c0017,40.7528618,-73.9317615,Mixed-Use,27
r0151_c0018,40.7528618,-73.9299786,Mixed-Use,27
r0151_c0019,40.7528618,-73.9281957,Commercial,6
r0151_c0020,40.7528618,-73.9264128,Commercial,17
r0151_c0021,40.7528618,-73.9246298,Mixed-Use,15
r0151_c0022,40.7528618,-73.9228469,Industrial,8
r0151_c0023,40.7528618,-73.921064,Commercial,5
r0151_c0024,40.7528618,-73.9192811,Commercial,3
r0151_c0029,40.7528618,-73.9103665,Commercial,5
r0151_c0030,40.7528618,-73.9085836,Institutional,4
r0151_c0031,40.7528618,-73.9068007,Industrial,6
r0151_c0032,40.7528618,-73.9050178,Mixed-Use,12
r0151_c0033,40.7528618,-73.9032349,Residential,63
r0151_c0034,40.7528618,-73.901452,Residential,59
r0151_c0035,40.7528618,-73.8996691,Industrial,11
r0151_c0036,40.7528618,-73.8978862,Mixed-Use,12
r0151_c0037,40.7528618,-73.8961033,Residential,50
r0151_c0038,40.7528618,-73.8943203,Residential,61
r0151_c0039,40.7528618,-73.8925374,Residential,29
r0151_c0040,40.7528618,-73.8907545,Residential,38
r0151_c0041,40.7528618,-73.8889716,Residential,6
r0151_c0042,40.7528618,-73.8871887,Residential,13
r0151_c0043,40.7528618,-73.8854058,Residential,18
r0151_c0044,40.7528618,-73.8836229,Residential,51
r0151_c0045,40.7528618,-73.88184,Residential,37
r0151_c0046,40.7528618,-73.880057,Residential,42
r0151_c0047,40.7528618,-73.8782741,Residential,38
r0151_c0048,40.7528618,-73.8764912,Residential,39
r0151_c0049,40.7528618,-73.8747083,Residential,47
r0151_c0050,40.7528618,-73.8729254,Residential,21
r0151_c0051,40.7528618,-73.8711425,Commercial,46
r0151_c0052,40.7528618,-73.8693596,Residential,67
r0151_c0053,40.7528618,-73.8675767,Residential,71
r0151_c0054,40.7528618,-73.8657937,Residential,64
r0151_c0055,40.7528618,-73.8640108,Residential,61
r0151_c0056,40.7528618,-73.8622279,Residential,73
r0151_c0057,40.7528618,-73.860445,Residential,55
r0151_c0058,40.7528618,-73.8586621,Residential,61
r0151_c0059,40.7528618,-73.8568792,Residential,62
r0151_c0060,40.7528618,-73.8550963,Residential,54
r0151_c0061,40.7528618,-73.8533134,Residential,26
r0151_c0072,40.7528618,-73.8337013,Commercial,13
r0151_c0073,40.7528618,-73.8319184,Mixed-Use,40
r0151_c0074,40.7528618,-73.8301355,Residential,71
r0151_c0075,40.7528618,-73.8283526,Residential,34
r0151_c0076,40.7528618,-73.8265697,Residential,32
r0151_c0077,40.7528618,-73.8247868,Residential,22
r0151_c0078,40.7528618,-73.8230039,Mixed-Use,10
r0151_c0079,40.7528618,-73.8212209,Residential,7
r0151_c0080,40.7528618,-73.819438,Residential,40
r0151_c0081,40.7528618,-73.8176551,Residential,51
r0151_c0082,40.7528618,-73.8158722,Residential,43
r0151_c0083,40.7528618,-73.8140893,Residential,51
r0151_c0084,40.7528618,-73.8123064,Residential,37
r0151_c0085,40.7528618,-73.8105235,Residential,43
r0151_c0086,40.7528618,-73.8087406,Residential,51
r0151_c0087,40.7528618,-73.8069576,Residential,52
r0151_c0088,40.7528618,-73.8051747,Residential,52
r0151_c0094,40.7528618,-73.7944773,Residential,28
r0151_c0095,40.7528618,-73.7926944,Residential,41
r0151_c0096,40.7528618,-73.7909114,Residential,55
r0151_c0097,40.7528618,-73.7891285,Residential,54
r0151_c0098,40.7528618,-73.7873456,Residential,53
r0151_c0099,40.7528618,-73.7855627,Residential,42
r0151_c0100,40.7528618,-73.7837798,Residential,37
r0151_c0101,40.7528618,-73.7819969,Residential,48
r0151_c0102,40.7528618,-73.780214,Residential,31
r0151_c0103,40.7528618,-73.7784311,Residential,27
r0151_c0104,40.7528618,-73.7766481,Residential,31
r0151_c0105,40.7528618,-73.7748652,Residential,35
r0151_c0106,40.7528618,-73.7730823,Residential,59
r0151_c0107,40.7528618,-73.7712994,Residential,37
r0151_c0108,40.7528618,-73.7695165,Residential,31
r0151_c0109,40.7528618,-73.7677336,Residential,42
r0151_c0110,40.7528618,-73.7659507,Residential,32
r0151_c0111,40.7528618,-73.7641678,Residential,28
r0151_c0112,40.7528618,-73.7623848,Residential,38
r0151_c0113,40.7528618,-73.7606019,Residential,34
r0151_c0115,40.7528618,-73.7570361,Institutional,5
r0151_c0116,40.7528618,-73.7552532,Residential,54
r0151_c0117,40.7528618,-73.7534703,Residential,52
r0151_c0118,40.7528618,-73.7516874,Residential,42
r0151_c0119,40.7528618,-73.7499045,Residential,48
r0151_c0120,40.7528618,-73.7481216,Residential,29
r0151_c0124,40.7528618,-73.7409899,Residential,43
r0151_c0125,40.7528618,-73.739207,Residential,73
r0151_c0126,40.7528618,-73.7374241,Residential,54
r0151_c0131,40.7528618,-73.7285095,Residential,14
r0151_c0132,40.7528618,-73.7267266,Residential,21
r0151_c0135,40.7528618,-73.7213779,Residential,18
r0151_c0143,40.7528618,-73.7071146,Residential,21
r0151_c0144,40.7528618,-73.7053317,Residential,39
r0151_c0145,40.7528618,-73.7035488,Residential,34
r0152_c0007,40.7542131,-73.9495906,Mixed-Use,5
r0152_c0008,40.7542131,-73.9478077,Mixed-Use,3
r0152_c0011,40.7542131,-73.942459,Industrial,3
r0152_c0012,40.7542131,-73.9406761,Industrial,21
r0152_c0013,40.7542131,-73.9388931,Mixed-Use,34
r0152_c0014,40.7542131,-73.9371102,Mixed-Use,31
r0152_c0015,40.7542131,-73.9353273,Residential,48
r0152_c0016,40.7542131,-73.9335444,Mixed-Use,39
r0152_c0017,40.7542131,-73.9317615,Mixed-Use,19
r0152_c0018,40.7542131,-73.9299786,Commercial,16
r0152_c0019,40.7542131,-73.9281957,Industrial,38
r0152_c0020,40.7542131,-73.9264128,Industrial,30
r0152_c0021,40.7542131,-73.9246298,Mixed-Use,29
r0152_c0022,40.7542131,-73.9228469,Commercial,18
r0152_c0023,40.7542131,-73.921064,Industrial,19
r0152_c0024,40.7542131,-73.9192811,Residential,38
r0152_c0025,40.7542131,-73.9174982,Mixed-Use,10
r0152_c0026,40.7542131,-73.9157153,Residential,33
r0152_c0027,40.7542131,-73.9139324,Residential,43
r0152_c0028,40.7542131,-73.9121495,Mixed-Use,9
r0152_c0030,40.7542131,-73.9085836,Commercial,29
r0152_c0031,40.7542131,-73.9068007,Residential,84
r0152_c0032,40.7542131,-73.9050178,Mixed-Use,28
r0152_c0033,40.7542131,-73.9032349,Mixed-Use,36
r0152_c0034,40.7542131,-73.901452,Residential,44
r0152_c0035,40.7542131,-73.8996691,Commercial,9
r0152_c0036,40.7542131,-73.8978862,Residential,22
r0152_c0037,40.7542131,-73.8961033,Residential,37
r0152_c0038,40.7542131,-73.8943203,Residential,42
r0152_c0039,40.7542131,-73.8925374,Residential,65
r0152_c0040,40.7542131,-73.8907545,Residential,41
r0152_c0041,40.7542131,-73.8889716,Open Space,7
r0152_c0043,40.7542131,-73.8854058,Residential,11
r0152_c0044,40.7542131,-73.8836229,Residential,30
r0152_c0045,40.7542131,-73.88184,Residential,26
r0152_c0046,40.7542131,-73.880057,Residential,25
r0152_c0047,40.7542131,-73.8782741,Residential,27
r0152_c0048,40.7542131,-73.8764912,Residential,27
r0152_c0049,40.7542131,-73.8747083,Residential,30
r0152_c0050,40.7542131,-73.8729254,Residential,8
r0152_c0051,40.7542131,-73.8711425,Residential,63
r0152_c0052,40.7542131,-73.8693596,Residential,54
r0152_c0053,40.7542131,-73.8675767,Residential,59
r0152_c0054,40.7542131,-73.8657937,Residential,63
r0152_c0055,40.7542131,-73.8640108,Residential,61
r0152_c0056,40.7542131,-73.8622279,Residential,65
r0152_c0057,40.7542131,-73.860445,Residential,59
r0152_c0058,40.7542131,-73.8586621,Residential,66
r0152_c0059,40.7542131,-73.8568792,Residential,60
r0152_c0060,40.7542131,-73.8550963,Residential,33
r0152_c0061,40.7542131,-73.8533134,Residential,14
r0152_c0071,40.7542131,-73.8354842,Industrial,9
r0152_c0072,40.7542131,-73.8337013,Mixed-Use,33
r0152_c0073,40.7542131,-73.8319184,Residential,40
r0152_c0074,40.7542131,-73.8301355,Residential,55
r0152_c0075,40.7542131,-73.8283526,Residential,6
r0152_c0076,40.7542131,-73.8265697,Mixed-Use,13
r0152_c0077,40.7542131,-73.8247868,Residential,5
r0152_c0078,40.7542131,-73.8230039,Mixed-Use,13
r0152_c0079,40.7542131,-73.8212209,Residential,26
r0152_c0080,40.7542131,-73.819438,Institutional,30
r0152_c0081,40.7542131,-73.8176551,Residential,49
r0152_c0082,40.7542131,-73.8158722,Residential,50
r0152_c0083,40.7542131,-73.8140893,Residential,36
r0152_c0084,40.7542131,-73.8123064,Residential,38
r0152_c0085,40.7542131,-73.8105235,Residential,46
r0152_c0086,40.7542131,-73.8087406,Residential,45
r0152_c0087,40.7542131,-73.8069576,Residential,46
r0152_c0088,40.7542131,-73.8051747,Residential,55
r0152_c0089,40.7542131,-73.8033918,Residential,34
r0152_c0090,40.7542131,-73.8016089,Open Space,29
r0152_c0091,40.7542131,-73.799826,Residential,30
r0152_c0092,40.7542131,-73.7980431,Residential,41
r0152_c0093,40.7542131,-73.7962602,Residential,38
r0152_c0094,40.7542131,-73.7944773,Residential,46
r0152_c0095,40.7542131,-73.7926944,Residential,52
r0152_c0096,40.7542131,-73.7909114,Residential,43
r0152_c0097,40.7542131,-73.7891285,Residential,54
r0152_c0098,40.7542131,-73.7873456,Residential,56
r0152_c0099,40.7542131,-73.7855627,Residential,36
r0152_c0100,40.7542131,-73.7837798,Residential,37
r0152_c0101,40.7542131,-73.7819969,Mixed-Use,12
r0152_c0102,40.7542131,-73.780214,Residential,39
r0152_c0103,40.7542131,-73.7784311,Residential,52
r0152_c0104,40.7542131,-73.7766481,Residential,21
r0152_c0105,40.7542131,-73.7748652,Residential,55
r0152_c0106,40.7542131,-73.7730823,Residential,45
r0152_c0107,40.7542131,-73.7712994,Residential,42
r0152_c0108,40.7542131,-73.7695165,Residential,44
r0152_c0109,40.7542131,-73.7677336,Residential,45
r0152_c0110,40.7542131,-73.7659507,Residential,37
r0152_c0111,40.7542131,-73.7641678,Residential,45
r0152_c0112,40.7542131,-73.7623848,Residential,39
r0152_c0113,40.7542131,-73.7606019,Institutional,16
r0152_c0115,40.7542131,-73.7570361,Residential,5
r0152_c0116,40.7542131,-73.7552532,Residential,28
r0152_c0117,40.7542131,-73.7534703,Residential,21
r0152_c0118,40.7542131,-73.7516874,Residential,32
r0152_c0119,40.7542131,-73.7499045,Residential,28
r0152_c0120,40.7542131,-73.7481216,Residential,28
r0152_c0131,40.7542131,-73.7285095,Residential,14
r0152_c0132,40.7542131,-73.7267266,Residential,27
r0152_c0133,40.7542131,-73.7249437,Residential,21
r0152_c0134,40.7542131,-73.7231608,Residential,8
r0152_c0135,40.7542131,-73.7213779,Residential,24
r0152_c0136,40.7542131,-73.719595,Residential,25
r0152_c0137,40.7542131,-73.717812,Residential,15
r0152_c0138,40.7542131,-73.7160291,Residential,12
r0152_c0139,40.7542131,-73.7142462,Residential,5
r0152_c0144,40.7542131,-73.7053317,Residential,20
r0153_c0011,40.7555645,-73.942459,Residential,12
r0153_c0012,40.7555645,-73.9406761,Industrial,17
r0153_c0013,40.7555645,-73.9388931,Industrial,6
r0153_c0014,40.7555645,-73.9371102,Industrial,24
r0153_c0015,40.7555645,-73.9353273,Residential,43
r0153_c0016,40.7555645,-73.9335444,Mixed-Use,42
r0153_c0017,40.7555645,-73.9317615,Industrial,31
r0153_c0018,40.7555645,-73.9299786,Residential,59
r0153_c0019,40.7555645,-73.9281957,Mixed-Use,46
r0153_c0020,40.7555645,-73.9264128,Mixed-Use,29
r0153_c0021,40.7555645,-73.9246298,Institutional,8
r0153_c0022,40.7555645,-73.9228469,Commercial,6
r0153_c0023,40.7555645,-73.921064,Mixed-Use,31
r0153_c0024,40.7555645,-73.9192811,Residential,58
r0153_c0025,40.7555645,-73.9174982,Residential,57
r0153_c0026,40.7555645,-73.9157153,Residential,79
r0153_c0027,40.7555645,-73.9139324,Residential,76
r0153_c0028,40.7555645,-73.9121495,Mixed-Use,18
r0153_c0030,40.7555645,-73.9085836,Residential,9
r0153_c0031,40.7555645,-73.9068007,Residential,63
r0153_c0032,40.7555645,-73.9050178,Residential,45
r0153_c0033,40.7555645,-73.9032349,Residential,49
r0153_c0034,40.7555645,-73.901452,Residential,44
r0153_c0035,40.7555645,-73.8996691,Mixed-Use,14
r0153_c0036,40.7555645,-73.8978862,Residential,66
r0153_c0037,40.7555645,-73.8961033,Residential,78
r0153_c0038,40.7555645,-73.8943203,Residential,79
r0153_c0039,40.7555645,-73.8925374,Residential,49
r0153_c0040,40.7555645,-73.8907545,Residential,55
r0153_c0041,40.7555645,-73.8889716,Residential,47
r0153_c0042,40.7555645,-73.8871887,Residential,43
r0153_c0043,40.7555645,-73.8854058,Residential,45
r0153_c0044,40.7555645,-73.8836229,Mixed-Use,47
r0153_c0045,40.7555645,-73.88184,Residential,35
r0153_c0046,40.7555645,-73.880057,Residential,49
r0153_c0047,40.7555645,-73.8782741,Residential,52
r0153_c0050,40.7555645,-73.8729254,Residential,32
r0153_c0051,40.7555645,-73.8711425,Residential,56
r0153_c0052,40.7555645,-73.8693596,Residential,40
r0153_c0053,40.7555645,-73.8675767,Residential,55
r0153_c0054,40.7555645,-73.8657937,Residential,50
r0153_c0055,40.7555645,-73.8640108,Residential,46
r0153_c0056,40.7555645,-73.8622279,Residential,68
r0153_c0057,40.7555645,-73.860445,Residential,75
r0153_c0058,40.7555645,-73.8586621,Residential,86
r0153_c0059,40.7555645,-73.8568792,Residential,60
r0153_c0067,40.7555645,-73.8426159,Mixed-Use,5
r0153_c0070,40.7555645,-73.8372672,Mixed-Use,3
r0153_c0071,40.7555645,-73.8354842,Mixed-Use,34
r0153_c0072,40.7555645,-73.8337013,Mixed-Use,57
r0153_c0073,40.7555645,-73.8319184,Mixed-Use,23
r0153_c0074,40.7555645,-73.8301355,Residential,28
r0153_c0075,40.7555645,-73.8283526,Commercial,7
r0153_c0076,40.7555645,-73.8265697,Residential,8
r0153_c0077,40.7555645,-73.8247868,Residential,15
r0153_c0078,40.7555645,-73.8230039,Residential,11
r0153_c0079,40.7555645,-73.8212209,Residential,25
r0153_c0080,40.7555645,-73.819438,Residential,39
r0153_c0081,40.7555645,-73.8176551,Institutional,30
r0153_c0082,40.7555645,-73.8158722,Mixed-Use,24
r0153_c0083,40.7555645,-73.8140893,Residential,49
r0153_c0084,40.7555645,-73.8123064,Residential,46
r0153_c0085,40.7555645,-73.8105235,Residential,48
r0153_c0086,40.7555645,-73.8087406,Residential,44
r0153_c0087,40.7555645,-73.8069576,Residential,51
r0153_c0088,40.7555645,-73.8051747,Residential,56
r0153_c0089,40.7555645,-73.8033918,Residential,58
r0153_c0090,40.7555645,-73.8016089,Residential,39
r0153_c0091,40.7555645,-73.799826,Residential,28
r0153_c0092,40.7555645,-73.7980431,Residential,42
r0153_c0093,40.7555645,-73.7962602,Residential,38
r0153_c0094,40.7555645,-73.7944773,Residential,42
r0153_c0095,40.7555645,-73.7926944,Residential,52
r0153_c0096,40.7555645,-73.7909114,Residential,51
r0153_c0097,40.7555645,-73.7891285,Residential,43
r0153_c0098,40.7555645,-73.7873456,Residential,30
r0153_c0099,40.7555645,-73.7855627,Residential,40
r0153_c0100,40.7555645,-73.7837798,Residential,42
r0153_c0101,40.7555645,-73.7819969,Residential,28
r0153_c0102,40.7555645,-73.780214,Residential,38
r0153_c0103,40.7555645,-73.7784311,Residential,46
r0153_c0104,40.7555645,-73.7766481,Residential,28
r0153_c0105,40.7555645,-73.7748652,Residential,51
r0153_c0106,40.7555645,-73.7730823,Residential,46
r0153_c0107,40.7555645,-73.7712994,Residential,62
r0153_c0108,40.7555645,-73.7695165,Residential,67
r0153_c0109,40.7555645,-73.7677336,Residential,32
r0153_c0110,40.7555645,-73.7659507,Residential,41
r0153_c0111,40.7555645,-73.7641678,Residential,35
r0153_c0112,40.7555645,-73.7623848,Residential,43
r0153_c0117,40.7555645,-73.7534703,Residential,34
r0153_c0118,40.7555645,-73.7516874,Residential,26
r0153_c0119,40.7555645,-73.7499045,Residential,34
r0153_c0120,40.7555645,-73.7481216,Residential,21
r0153_c0129,40.7555645,-73.7320753,Residential,5
r0153_c0130,40.7555645,-73.7302924,Residential,17
r0153_c0131,40.7555645,-73.7285095,Residential,9
r0153_c0132,40.7555645,-73.7267266,Residential,5
r0153_c0133,40.7555645,-73.7249437,Residential,16
r0153_c0134,40.7555645,-73.7231608,Residential,9
r0153_c0135,40.7555645,-73.7213779,Residential,13
r0153_c0136,40.7555645,-73.719595,Residential,20
r0153_c0137,40.7555645,-73.717812,Residential,13
r0153_c0138,40.7555645,-73.7160291,Residential,8
r0154_c0010,40.7569158,-73.9442419,Commercial,17
r0154_c0011,40.7569158,-73.942459,Industrial,24
r0154_c0012,40.7569158,-73.9406761,Mixed-Use,11
r0154_c0013,40.7569158,-73.9388931,Mixed-Use,11
r0154_c0014,40.7569158,-73.9371102,Commercial,6
r0154_c0015,40.7569158,-73.9353273,Mixed-Use,30
r0154_c0016,40.7569158,-73.9335444,Institutional,8
r0154_c0017,40.7569158,-73.9317615,Residential,38
r0154_c0018,40.7569158,-73.9299786,Mixed-Use,49
r0154_c0019,40.7569158,-73.9281957,Residential,67
r0154_c0020,40.7569158,-73.9264128,Residential,27
r0154_c0021,40.7569158,-73.9246298,Commercial,12
r0154_c0022,40.7569158,-73.9228469,Residential,31
r0154_c0023,40.7569158,-73.921064,Commercial,29
r0154_c0024,40.7569158,-73.9192811,Residential,50
r0154_c0025,40.7569158,-73.9174982,Residential,72
r0154_c0026,40.7569158,-73.9157153,Residential,65
r0154_c0027,40.7569158,-73.9139324,Residential,49
r0154_c0028,40.7569158,-73.9121495,Residential,41
r0154_c0031,40.7569158,-73.9068007,Residential,28
r0154_c0032,40.7569158,-73.9050178,Mixed-Use,22
r0154_c0033,40.7569158,-73.9032349,Residential,44
r0154_c0034,40.7569158,-73.901452,Mixed-Use,15
r0154_c0035,40.7569158,-73.8996691,Residential,19
r0154_c0036,40.7569158,-73.8978862,Residential,75
r0154_c0037,40.7569158,-73.8961033,Residential,48
r0154_c0038,40.7569158,-73.8943203,Institutional,51
r0154_c0039,40.7569158,-73.8925374,Residential,72
r0154_c0040,40.7569158,-73.8907545,Residential,83
r0154_c0041,40.7569158,-73.8889716,Residential,74
r0154_c0042,40.7569158,-73.8871887,Residential,61
r0154_c0043,40.7569158,-73.8854058,Residential,73
r0154_c0044,40.7569158,-73.8836229,Residential,90
r0154_c0045,40.7569158,-73.88184,Residential,88
r0154_c0046,40.7569158,-73.880057,Residential,47
r0154_c0048,40.7569158,-73.8764912,Mixed-Use,13
r0154_c0049,40.7569158,-73.8747083,Residential,13
r0154_c0050,40.7569158,-73.8729254,Mixed-Use,35
r0154_c0051,40.7569158,-73.8711425,Mixed-Use,45
r0154_c0052,40.7569158,-73.8693596,Residential,62
r0154_c0053,40.7569158,-73.8675767,Residential,55
r0154_c0054,40.7569158,-73.8657937,Residential,59
r0154_c0055,40.7569158,-73.8640108,Residential,77
r0154_c0056,40.7569158,-73.8622279,Residential,73
r0154_c0057,40.7569158,-73.860445,Residential,59
r0154_c0058,40.7569158,-73.8586621,Residential,54
r0154_c0059,40.7569158,-73.8568792,Residential,34
r0154_c0067,40.7569158,-73.8426159,Mixed-Use,7
r0154_c0068,40.7569158,-73.840833,Mixed-Use,4
r0154_c0069,40.7569158,-73.8390501,Mixed-Use,3
r0154_c0070,40.7569158,-73.8372672,Commercial,5
r0154_c0071,40.7569158,-73.8354842,Residential,9
r0154_c0072,40.7569158,-73.8337013,Mixed-Use,11
r0154_c0073,40.7569158,-73.8319184,Mixed-Use,48
r0154_c0074,40.7569158,-73.8301355,Mixed-Use,46
r0154_c0075,40.7569158,-73.8283526,Institutional,7
r0154_c0076,40.7569158,-73.8265697,Residential,6
r0154_c0077,40.7569158,-73.8247868,Residential,14
r0154_c0078,40.7569158,-73.8230039,Mixed-Use,15
r0154_c0079,40.7569158,-73.8212209,Residential,30
r0154_c0080,40.7569158,-73.819438,Residential,29
r0154_c0081,40.7569158,-73.8176551,Residential,39
r0154_c0082,40.7569158,-73.8158722,Residential,47
r0154_c0083,40.7569158,-73.8140893,Residential,41
r0154_c0084,40.7569158,-73.8123064,Residential,48
r0154_c0085,40.7569158,-73.8105235,Residential,47
r0154_c0086,40.7569158,-73.8087406,Residential,55
r0154_c0087,40.7569158,-73.8069576,Residential,48
r0154_c0088,40.7569158,-73.8051747,Residential,57
r0154_c0089,40.7569158,-73.8033918,Residential,50
r0154_c0090,40.7569158,-73.8016089,Residential,58
r0154_c0091,40.7569158,-73.799826,Residential,49
r0154_c0092,40.7569158,-73.7980431,Residential,46
r0154_c0093,40.7569158,-73.7962602,Residential,35
r0154_c0094,40.7569158,-73.7944773,Residential,37
r0154_c0095,40.7569158,-73.7926944,Residential,45
r0154_c0096,40.7569158,-73.7909114,Residential,45
r0154_c0097,40.7569158,-73.7891285,Residential,39
r0154_c0098,40.7569158,-73.7873456,Residential,66
r0154_c0099,40.7569158,-73.7855627,Residential,56
r0154_c0100,40.7569158,-73.7837798,Residential,37
r0154_c0101,40.7569158,-73.7819969,Residential,34
r0154_c0102,40.7569158,-73.780214,Residential,39
r0154_c0103,40.7569158,-73.7784311,Residential,48
r0154_c0104,40.7569158,-73.7766481,Residential,19
r0154_c0105,40.7569158,-73.7748652,Residential,52
r0154_c0106,40.7569158,-73.7730823,Residential,32
r0154_c0107,40.7569158,-73.7712994,Institutional,20
r0154_c0108,40.7569158,-73.7695165,Residential,51
r0154_c0109,40.7569158,-73.7677336,Residential,60
r0154_c0110,40.7569158,-73.7659507,Residential,35
r0154_c0111,40.7569158,-73.7641678,Residential,12
r0154_c0112,40.7569158,-73.7623848,Residential,36
r0154_c0114,40.7569158,-73.758819,Residential,4
r0154_c0115,40.7569158,-73.7570361,Residential,16
r0154_c0116,40.7569158,-73.7552532,Residential,17
r0154_c0117,40.7569158,-73.7534703,Residential,23
r0154_c0118,40.7569158,-73.7516874,Residential,26
r0154_c0119,40.7569158,-73.7499045,Residential,22
r0154_c0120,40.7569158,-73.7481216,Open Space,4
r0154_c0124,40.7569158,-73.7409899,Open Space,11
r0154_c0125,40.7569158,-73.739207,Mixed-Use,5
r0154_c0127,40.7569158,-73.7356412,Residential,4
r0154_c0128,40.7569158,-73.7338583,Residential,15
r0154_c0129,40.7569158,-73.7320753,Residential,25
r0154_c0130,40.7569158,-73.7302924,Residential,27
r0154_c0134,40.7569158,-73.7231608,Residential,7
r0154_c0135,40.7569158,-73.7213779,Residential,10
r0155_c0010,40.7582672,-73.9442419,Industrial,8
r0155_c0011,40.7582672,-73.942459,Industrial,30
r0155_c0012,40.7582672,-73.9406761,Industrial,25
r0155_c0013,40.7582672,-73.9388931,Institutional,7
r0155_c0014,40.7582672,-73.9371102,Industrial,15
r0155_c0015,40.7582672,-73.9353273,Mixed-Use,47
r0155_c0016,40.7582672,-73.9335444,Residential,42
r0155_c0017,40.7582672,-73.9317615,Residential,76
r0155_c0018,40.7582672,-73.9299786,Residential,49
r0155_c0019,40.7582672,-73.9281957,Residential,48
r0155_c0020,40.7582672,-73.9264128,Residential,65
r0155_c0021,40.7582672,-73.9246298,Residential,36
r0155_c0022,40.7582672,-73.9228469,Residential,54
r0155_c0023,40.7582672,-73.921064,Residential,60
r0155_c0024,40.7582672,-73.9192811,Mixed-Use,45
r0155_c0025,40.7582672,-73.9174982,Residential,56
r0155_c0026,40.7582672,-73.9157153,Residential,71
r0155_c0027,40.7582672,-73.9139324,Residential,58
r0155_c0028,40.7582672,-73.9121495,Residential,52
r0155_c0029,40.7582672,-73.9103665,Residential,41
r0155_c0030,40.7582672,-73.9085836,Residential,49
r0155_c0031,40.7582672,-73.9068007,Residential,13
r0155_c0033,40.7582672,-73.9032349,Industrial,4
r0155_c0035,40.7582672,-73.8996691,Residential,16
r0155_c0036,40.7582672,-73.8978862,Residential,68
r0155_c0037,40.7582672,-73.8961033,Residential,54
r0155_c0038,40.7582672,-73.8943203,Residential,61
r0155_c0039,40.7582672,-73.8925374,Residential,68
r0155_c0040,40.7582672,-73.8907545,Residential,67
r0155_c0041,40.7582672,-73.8889716,Residential,79
r0155_c0042,40.7582672,-73.8871887,Residential,73
r0155_c0043,40.7582672,-73.8854058,Residential,70
r0155_c0044,40.7582672,-73.8836229,Residential,67
r0155_c0045,40.7582672,-73.88184,Residential,59
r0155_c0046,40.7582672,-73.880057,Residential,52
r0155_c0047,40.7582672,-73.8782741,Institutional,20
r0155_c0048,40.7582672,-73.8764912,Residential,45
r0155_c0049,40.7582672,-73.8747083,Institutional,26
r0155_c0050,40.7582672,-73.8729254,Residential,70
r0155_c0051,40.7582672,-73.8711425,Residential,70
r0155_c0052,40.7582672,-73.8693596,Residential,54
r0155_c0053,40.7582672,-73.8675767,Residential,71
r0155_c0054,40.7582672,-73.8657937,Residential,68
r0155_c0055,40.7582672,-73.8640108,Residential,60
r0155_c0056,40.7582672,-73.8622279,Residential,49
r0155_c0057,40.7582672,-73.860445,Mixed-Use,34
r0155_c0058,40.7582672,-73.8586621,Mixed-Use,28
r0155_c0059,40.7582672,-73.8568792,Residential,17
r0155_c0066,40.7582672,-73.8443988,Mixed-Use,4
r0155_c0067,40.7582672,-73.8426159,Open Space,5
r0155_c0068,40.7582672,-73.840833,Mixed-Use,9
r0155_c0071,40.7582672,-73.8354842,Mixed-Use,11
r0155_c0072,40.7582672,-73.8337013,Residential,7
r0155_c0073,40.7582672,-73.8319184,Mixed-Use,15
r0155_c0074,40.7582672,-73.8301355,Commercial,34
r0155_c0075,40.7582672,-73.8283526,Mixed-Use,9
r0155_c0076,40.7582672,-73.8265697,Commercial,8
r0155_c0077,40.7582672,-73.8247868,Institutional,6
r0155_c0078,40.7582672,-73.8230039,Residential,8
r0155_c0079,40.7582672,-73.8212209,Residential,30
r0155_c0080,40.7582672,-73.819438,Residential,22
r0155_c0081,40.7582672,-73.8176551,Residential,26
r0155_c0082,40.7582672,-73.8158722,Residential,41
r0155_c0083,40.7582672,-73.8140893,Residential,34
r0155_c0084,40.7582672,-73.8123064,Residential,47
r0155_c0085,40.7582672,-73.8105235,Residential,44
r0155_c0086,40.7582672,-73.8087406,Residential,54
r0155_c0087,40.7582672,-73.8069576,Residential,53
r0155_c0088,40.7582672,-73.8051747,Residential,55
r0155_c0089,40.7582672,-73.8033918,Residential,55
r0155_c0090,40.7582672,-73.8016089,Residential,54
r0155_c0091,40.7582672,-73.799826,Residential,40
r0155_c0092,40.7582672,-73.7980431,Residential,32
r0155_c0093,40.7582672,-73.7962602,Residential,30
r0155_c0094,40.7582672,-73.7944773,Residential,37
r0155_c0095,40.7582672,-73.7926944,Residential,29
r0155_c0096,40.7582672,-73.7909114,Residential,38
r0155_c0097,40.7582672,-73.7891285,Residential,36
r0155_c0098,40.7582672,-73.7873456,Residential,47
r0155_c0099,40.7582672,-73.7855627,Residential,35
r0155_c0100,40.7582672,-73.7837798,Commercial,16
r0155_c0101,40.7582672,-73.7819969,Institutional,21
r0155_c0102,40.7582672,-73.780214,Residential,24
r0155_c0103,40.7582672,-73.7784311,Residential,20
r0155_c0104,40.7582672,-73.7766481,Commercial,4
r0155_c0105,40.7582672,-73.7748652,Residential,37
r0155_c0106,40.7582672,-73.7730823,Residential,48
r0155_c0107,40.7582672,-73.7712994,Residential,43
r0155_c0108,40.7582672,-73.7695165,Institutional,35
r0155_c0109,40.7582672,-73.7677336,Residential,52
r0155_c0110,40.7582672,-73.7659507,Residential,38
r0155_c0111,40.7582672,-73.7641678,Residential,55
r0155_c0112,40.7582672,-73.7623848,Residential,31
r0155_c0115,40.7582672,-73.7570361,Residential,15
r0155_c0116,40.7582672,-73.7552532,Residential,10
r0155_c0117,40.7582672,-73.7534703,Residential,12
r0155_c0118,40.7582672,-73.7516874,Residential,32
r0155_c0119,40.7582672,-73.7499045,Open Space,7
r0155_c0123,40.7582672,-73.7427728,Open Space,8
r0155_c0124,40.7582672,-73.7409899,Residential,29
r0155_c0125,40.7582672,-73.739207,Residential,28
r0155_c0126,40.7582672,-73.7374241,Residential,8
r0155_c0129,40.7582672,-73.7320753,Institutional,20
r0155_c0130,40.7582672,-73.7302924,Residential,8
r0155_c0133,40.7582672,-73.7249437,Residential,8
r0155_c0134,40.7582672,-73.7231608,Residential,3
r0155_c0135,40.7582672,-73.7213779,Residential,27
r0156_c0010,40.7596185,-73.9442419,Industrial,5
r0156_c0011,40.7596185,-73.942459,Industrial,28
r0156_c0012,40.7596185,-73.9406761,Industrial,25
r0156_c0013,40.7596185,-73.9388931,Mixed-Use,34
r0156_c0014,40.7596185,-73.9371102,Commercial,11
r0156_c0016,40.7596185,-73.9335444,Industrial,14
r0156_c0017,40.7596185,-73.9317615,Residential,47
r0156_c0018,40.7596185,-73.9299786,Residential,65
r0156_c0019,40.7596185,-73.9281957,Residential,38
r0156_c0020,40.7596185,-73.9264128,Residential,50
r0156_c0021,40.7596185,-73.9246298,Residential,64
r0156_c0022,40.7596185,-73.9228469,Residential,62
r0156_c0023,40.7596185,-73.921064,Mixed-Use,30
r0156_c0024,40.7596185,-73.9192811,Residential,60
r0156_c0025,40.7596185,-73.9174982,Residential,70
r0156_c0026,40.7596185,-73.9157153,Residential,74
r0156_c0027,40.7596185,-73.9139324,Residential,62
r0156_c0028,40.7596185,-73.9121495,Institutional,34
r0156_c0029,40.7596185,-73.9103665,Residential,61
r0156_c0030,40.7596185,-73.9085836,Residential,80
r0156_c0031,40.7596185,-73.9068007,Residential,54
r0156_c0032,40.7596185,-73.9050178,Residential,28
r0156_c0034,40.7596185,-73.901452,Industrial,3
r0156_c0035,40.7596185,-73.8996691,Open Space,5
r0156_c0036,40.7596185,-73.8978862,Residential,60
r0156_c0037,40.7596185,-73.8961033,Residential,72
r0156_c0038,40.7596185,-73.8943203,Residential,72
r0156_c0039,40.7596185,-73.8925374,Commercial,44
r0156_c0040,40.7596185,-73.8907545,Residential,50
r0156_c0041,40.7596185,-73.8889716,Residential,70
r0156_c0042,40.7596185,-73.8871887,Residential,65
r0156_c0043,40.7596185,-73.8854058,Residential,70
r0156_c0044,40.7596185,-73.8836229,Residential,58
r0156_c0045,40.7596185,-73.88184,Residential,75
r0156_c0046,40.7596185,-73.880057,Residential,54
r0156_c0047,40.7596185,-73.8782741,Residential,55
r0156_c0048,40.7596185,-73.8764912,Residential,82
r0156_c0049,40.7596185,-73.8747083,Residential,86
r0156_c0050,40.7596185,-73.8729254,Residential,68
r0156_c0051,40.7596185,-73.8711425,Residential,68
r0156_c0052,40.7596185,-73.8693596,Residential,50
r0156_c0053,40.7596185,-73.8675767,Residential,58
r0156_c0054,40.7596185,-73.8657937,Residential,65
r0156_c0055,40.7596185,-73.8640108,Residential,68
r0156_c0056,40.7596185,-73.8622279,Residential,61
r0156_c0057,40.7596185,-73.860445,Residential,41
r0156_c0058,40.7596185,-73.8586621,Residential,13
r0156_c0059,40.7596185,-73.8568792,Commercial,4
r0156_c0066,40.7596185,-73.8443988,Mixed-Use,13
r0156_c0067,40.7596185,-73.8426159,Mixed-Use,6
r0156_c0068,40.7596185,-73.840833,Industrial,8
r0156_c0072,40.7596185,-73.8337013,Mixed-Use,12
r0156_c0073,40.7596185,-73.8319184,Commercial,31
r0156_c0074,40.7596185,-73.8301355,Commercial,37
r0156_c0075,40.7596185,-73.8283526,Commercial,17
r0156_c0076,40.7596185,-73.8265697,Mixed-Use,27
r0156_c0077,40.7596185,-73.8247868,Mixed-Use,9
r0156_c0078,40.7596185,-73.8230039,Residential,7
r0156_c0079,40.7596185,-73.8212209,Residential,25
r0156_c0080,40.7596185,-73.819438,Residential,11
r0156_c0081,40.7596185,-73.8176551,Institutional,15
r0156_c0082,40.7596185,-73.8158722,Residential,24
r0156_c0083,40.7596185,-73.8140893,Residential,41
r0156_c0084,40.7596185,-73.8123064,Residential,43
r0156_c0085,40.7596185,-73.8105235,Residential,35
r0156_c0086,40.7596185,-73.8087406,Residential,45
r0156_c0087,40.7596185,-73.8069576,Residential,46
r0156_c0088,40.7596185,-73.8051747,Residential,56
r0156_c0089,40.7596185,-73.8033918,Residential,53
r0156_c0090,40.7596185,-73.8016089,Residential,38
r0156_c0091,40.7596185,-73.799826,Residential,33
r0156_c0092,40.7596185,-73.7980431,Residential,25
r0156_c0093,40.7596185,-73.7962602,Residential,33
r0156_c0094,40.7596185,-73.7944773,Residential,47
r0156_c0095,40.7596185,-73.7926944,Residential,35
r0156_c0096,40.7596185,-73.7909114,Residential,44
r0156_c0097,40.7596185,-73.7891285,Residential,42
r0156_c0098,40.7596185,-73.7873456,Residential,47
r0156_c0099,40.7596185,-73.7855627,Residential,44
r0156_c0100,40.7596185,-73.7837798,Institutional,16
r0156_c0101,40.7596185,-73.7819969,Residential,28
r0156_c0102,40.7596185,-73.780214,Residential,47
r0156_c0103,40.7596185,-73.7784311,Residential,24
r0156_c0104,40.7596185,-73.7766481,Residential,25
r0156_c0105,40.7596185,-73.7748652,Residential,36
r0156_c0106,40.7596185,-73.7730823,Residential,8
r0156_c0107,40.7596185,-73.7712994,Commercial,25
r0156_c0108,40.7596185,-73.7695165,Commercial,19
r0156_c0109,40.7596185,-73.7677336,Residential,60
r0156_c0110,40.7596185,-73.7659507,Residential,69
r0156_c0111,40.7596185,-73.7641678,Residential,54
r0156_c0112,40.7596185,-73.7623848,Residential,31
r0156_c0113,40.7596185,-73.7606019,Residential,21
r0156_c0118,40.7596185,-73.7516874,Residential,7
r0156_c0123,40.7596185,-73.7427728,Residential,15
r0156_c0124,40.7596185,-73.7409899,Residential,27
r0156_c0125,40.7596185,-73.739207,Residential,29
r0156_c0126,40.7596185,-73.7374241,Residential,35
r0156_c0127,40.7596185,-73.7356412,Residential,15
r0156_c0128,40.7596185,-73.7338583,Residential,3
r0156_c0129,40.7596185,-73.7320753,Commercial,6
r0156_c0132,40.7596185,-73.7267266,Residential,4
r0156_c0133,40.7596185,-73.7249437,Residential,28
r0156_c0134,40.7596185,-73.7231608,Residential,8
r0156_c0136,40.7596185,-73.719595,Residential,30
r0156_c0137,40.7596185,-73.717812,Residential,13
r0156_c0138,40.7596185,-73.7160291,Residential,4
r0157_c0011,40.7609699,-73.942459,Institutional,20
r0157_c0012,40.7609699,-73.9406761,Institutional,32
r0157_c0013,40.7609699,-73.9388931,Industrial,10
r0157_c0017,40.7609699,-73.9317615,Residential,37
r0157_c0018,40.7609699,-73.9299786,Residential,37
r0157_c0019,40.7609699,-73.9281957,Residential,77
r0157_c0020,40.7609699,-73.9264128,Residential,34
r0157_c0021,40.7609699,-73.9246298,Residential,72
r0157_c0022,40.7609699,-73.9228469,Residential,60
r0157_c0023,40.7609699,-73.921064,Residential,73
r0157_c0024,40.7609699,-73.9192811,Residential,65
r0157_c0025,40.7609699,-73.9174982,Mixed-Use,44
r0157_c0026,40.7609699,-73.9157153,Residential,59
r0157_c0027,40.7609699,-73.9139324,Residential,72
r0157_c0028,40.7609699,-73.9121495,Residential,46
r0157_c0029,40.7609699,-73.9103665,Residential,69
r0157_c0030,40.7609699,-73.9085836,Residential,68
r0157_c0031,40.7609699,-73.9068007,Residential,75
r0157_c0032,40.7609699,-73.9050178,Mixed-Use,67
r0157_c0033,40.7609699,-73.9032349,Industrial,5
r0157_c0034,40.7609699,-73.901452,Industrial,5
r0157_c0036,40.7609699,-73.8978862,Residential,31
r0157_c0037,40.7609699,-73.8961033,Residential,76
r0157_c0038,40.7609699,-73.8943203,Institutional,13
r0157_c0039,40.7609699,-73.8925374,Residential,48
r0157_c0040,40.7609699,-73.8907545,Residential,51
r0157_c0041,40.7609699,-73.8889716,Residential,39
r0157_c0042,40.7609699,-73.8871887,Residential,77
r0157_c0043,40.7609699,-73.8854058,Residential,81
r0157_c0044,40.7609699,-73.8836229,Residential,75
r0157_c0045,40.7609699,-73.88184,Residential,81
r0157_c0046,40.7609699,-73.880057,Residential,85
r0157_c0047,40.7609699,-73.8782741,Residential,87
r0157_c0048,40.7609699,-73.8764912,Residential,76
r0157_c0049,40.7609699,-73.8747083,Residential,60
r0157_c0050,40.7609699,-73.8729254,Residential,41
r0157_c0051,40.7609699,-73.8711425,Residential,63
r0157_c0052,40.7609699,-73.8693596,Residential,51
r0157_c0053,40.7609699,-73.8675767,Residential,43
r0157_c0054,40.7609699,-73.8657937,Residential,44
r0157_c0055,40.7609699,-73.8640108,Residential,42
r0157_c0056,40.7609699,-73.8622279,Residential,42
r0157_c0057,40.7609699,-73.860445,Residential,22
r0157_c0066,40.7609699,-73.8443988,Mixed-Use,8
r0157_c0067,40.7609699,-73.8426159,Industrial,15
r0157_c0068,40.7609699,-73.840833,Commercial,4
r0157_c0071,40.7609699,-73.8354842,Industrial,7
r0157_c0072,40.7609699,-73.8337013,Commercial,22
r0157_c0073,40.7609699,-73.8319184,Mixed-Use,42
r0157_c0074,40.7609699,-73.8301355,Commercial,17
r0157_c0075,40.7609699,-73.8283526,Mixed-Use,13
r0157_c0076,40.7609699,-73.8265697,Residential,20
r0157_c0077,40.7609699,-73.8247868,Mixed-Use,7
r0157_c0078,40.7609699,-73.8230039,Residential,8
r0157_c0079,40.7609699,-73.8212209,Residential,6
r0157_c0080,40.7609699,-73.819438,Residential,22
r0157_c0081,40.7609699,-73.8176551,Residential,37
r0157_c0082,40.7609699,-73.8158722,Residential,56
r0157_c0083,40.7609699,-73.8140893,Residential,43
r0157_c0084,40.7609699,-73.8123064,Residential,32
r0157_c0085,40.7609699,-73.8105235,Residential,40
r0157_c0086,40.7609699,-73.8087406,Residential,42
r0157_c0087,40.7609699,-73.8069576,Residential,32
r0157_c0088,40.7609699,-73.8051747,Residential,35
r0157_c0089,40.7609699,-73.8033918,Mixed-Use,48
r0157_c0090,40.7609699,-73.8016089,Mixed-Use,31
r0157_c0091,40.7609699,-73.799826,Residential,25
r0157_c0092,40.7609699,-73.7980431,Residential,27
r0157_c0093,40.7609699,-73.7962602,Mixed-Use,25
r0157_c0094,40.7609699,-73.7944773,Industrial,16
r0157_c0095,40.7609699,-73.7926944,Residential,34
r0157_c0096,40.7609699,-73.7909114,Residential,52
r0157_c0097,40.7609699,-73.7891285,Residential,36
r0157_c0098,40.7609699,-73.7873456,Residential,64
r0157_c0099,40.7609699,-73.7855627,Residential,55
r0157_c0100,40.7609699,-73.7837798,Residential,50
r0157_c0101,40.7609699,-73.7819969,Residential,42
r0157_c0102,40.7609699,-73.780214,Residential,44
r0157_c0103,40.7609699,-73.7784311,Residential,12
r0157_c0104,40.7609699,-73.7766481,Residential,43
r0157_c0105,40.7609699,-73.7748652,Residential,32
r0157_c0106,40.7609699,-73.7730823,Residential,4
r0157_c0107,40.7609699,-73.7712994,Residential,41
r0157_c0108,40.7609699,-73.7695165,Commercial,17
r0157_c0109,40.7609699,-73.7677336,Mixed-Use,31
r0157_c0110,40.7609699,-73.7659507,Residential,36
r0157_c0111,40.7609699,-73.7641678,Commercial,26
r0157_c0112,40.7609699,-73.7623848,Residential,22
r0157_c0113,40.7609699,-73.7606019,Residential,26
r0157_c0122,40.7609699,-73.7445557,Residential,15
r0157_c0123,40.7609699,-73.7427728,Residential,25
r0157_c0124,40.7609699,-73.7409899,Residential,29
r0157_c0125,40.7609699,-73.739207,Residential,37
r0157_c0126,40.7609699,-73.7374241,Residential,44
r0157_c0127,40.7609699,-73.7356412,Residential,28
r0157_c0128,40.7609699,-73.7338583,Residential,28
r0157_c0129,40.7609699,-73.7320753,Residential,14
r0157_c0130,40.7609699,-73.7302924,Commercial,8
r0157_c0131,40.7609699,-73.7285095,Residential,21
r0157_c0132,40.7609699,-73.7267266,Residential,15
r0157_c0133,40.7609699,-73.7249437,Residential,43
r0157_c0134,40.7609699,-73.7231608,Institutional,15
r0157_c0135,40.7609699,-73.7213779,Residential,27
r0157_c0136,40.7609699,-73.719595,Residential,40
r0157_c0137,40.7609699,-73.717812,Residential,28
r0157_c0138,40.7609699,-73.7160291,Residential,21
r0157_c0139,40.7609699,-73.7142462,Residential,3
r0158_c0011,40.7623212,-73.942459,Mixed-Use,19
r0158_c0012,40.7623212,-73.9406761,Residential,46
r0158_c0013,40.7623212,-73.9388931,Industrial,11
r0158_c0018,40.7623212,-73.9299786,Residential,24
r0158_c0019,40.7623212,-73.9281957,Residential,60
r0158_c0020,40.7623212,-73.9264128,Mixed-Use,45
r0158_c0021,40.7623212,-73.9246298,Residential,38
r0158_c0022,40.7623212,-73.9228469,Residential,58
r0158_c0023,40.7623212,-73.921064,Residential,72
r0158_c0024,40.7623212,-73.9192811,Residential,49
r0158_c0025,40.7623212,-73.9174982,Residential,58
r0158_c0026,40.7623212,-73.9157153,Mixed-Use,58
r0158_c0027,40.7623212,-73.9139324,Residential,58
r0158_c0028,40.7623212,-73.9121495,Residential,44
r0158_c0029,40.7623212,-73.9103665,Residential,72
r0158_c0030,40.7623212,-73.9085836,Residential,68
r0158_c0031,40.7623212,-73.9068007,Residential,74
r0158_c0032,40.7623212,-73.9050178,Residential,51
r0158_c0033,40.7623212,-73.9032349,Mixed-Use,8
r0158_c0037,40.7623212,-73.8961033,Commercial,22
r0158_c0039,40.7623212,-73.8925374,Residential,44
r0158_c0040,40.7623212,-73.8907545,Residential,55
r0158_c0041,40.7623212,-73.8889716,Institutional,19
r0158_c0042,40.7623212,-73.8871887,Residential,72
r0158_c0043,40.7623212,-73.8854058,Residential,75
r0158_c0044,40.7623212,-73.8836229,Open Space,50
r0158_c0045,40.7623212,-73.88184,Residential,86
r0158_c0046,40.7623212,-73.880057,Residential,69
r0158_c0047,40.7623212,-73.8782741,Residential,64
r0158_c0048,40.7623212,-73.8764912,Residential,59
r0158_c0049,40.7623212,-73.8747083,Residential,47
r0158_c0050,40.7623212,-73.8729254,Residential,47
r0158_c0051,40.7623212,-73.8711425,Institutional,41
r0158_c0052,40.7623212,-73.8693596,Residential,37
r0158_c0053,40.7623212,-73.8675767,Residential,47
r0158_c0054,40.7623212,-73.8657937,Residential,39
r0158_c0055,40.7623212,-73.8640108,Residential,46
r0158_c0056,40.7623212,-73.8622279,Residential,40
r0158_c0057,40.7623212,-73.860445,Residential,15
r0158_c0067,40.7623212,-73.8426159,Mixed-Use,3
r0158_c0071,40.7623212,-73.8354842,Mixed-Use,11
r0158_c0072,40.7623212,-73.8337013,Industrial,15
r0158_c0073,40.7623212,-73.8319184,Commercial,25
r0158_c0074,40.7623212,-73.8301355,Mixed-Use,14
r0158_c0075,40.7623212,-73.8283526,Mixed-Use,22
r0158_c0076,40.7623212,-73.8265697,Mixed-Use,32
r0158_c0077,40.7623212,-73.8247868,Residential,22
r0158_c0078,40.7623212,-73.8230039,Mixed-Use,16
r0158_c0079,40.7623212,-73.8212209,Residential,17
r0158_c0080,40.7623212,-73.819438,Residential,32
r0158_c0081,40.7623212,-73.8176551,Residential,37
r0158_c0082,40.7623212,-73.8158722,Mixed-Use,48
r0158_c0083,40.7623212,-73.8140893,Mixed-Use,35
r0158_c0084,40.7623212,-73.8123064,Mixed-Use,20
r0158_c0085,40.7623212,-73.8105235,Mixed-Use,28
r0158_c0086,40.7623212,-73.8087406,Residential,26
r0158_c0087,40.7623212,-73.8069576,Residential,23
r0158_c0088,40.7623212,-73.8051747,Mixed-Use,28
r0158_c0089,40.7623212,-73.8033918,Commercial,22
r0158_c0090,40.7623212,-73.8016089,Residential,30
r0158_c0091,40.7623212,-73.799826,Residential,54
r0158_c0092,40.7623212,-73.7980431,Residential,28
r0158_c0093,40.7623212,-73.7962602,Residential,38
r0158_c0094,40.7623212,-73.7944773,Residential,29
r0158_c0095,40.7623212,-73.7926944,Residential,22
r0158_c0096,40.7623212,-73.7909114,Residential,40
r0158_c0097,40.7623212,-73.7891285,Residential,38
r0158_c0098,40.7623212,-73.7873456,Residential,29
r0158_c0099,40.7623212,-73.7855627,Residential,29
r0158_c0100,40.7623212,-73.7837798,Residential,41
r0158_c0101,40.7623212,-73.7819969,Residential,35
r0158_c0102,40.7623212,-73.780214,Residential,33
r0158_c0103,40.7623212,-73.7784311,Residential,15
r0158_c0104,40.7623212,-73.7766481,Residential,31
r0158_c0105,40.7623212,-73.7748652,Residential,46
r0158_c0106,40.7623212,-73.7730823,Residential,9
r0158_c0107,40.7623212,-73.7712994,Mixed-Use,33
r0158_c0108,40.7623212,-73.7695165,Residential,41
r0158_c0109,40.7623212,-73.7677336,Residential,38
r0158_c0110,40.7623212,-73.7659507,Residential,38
r0158_c0111,40.7623212,-73.7641678,Residential,42
r0158_c0112,40.7623212,-73.7623848,Residential,36
r0158_c0113,40.7623212,-73.7606019,Residential,30
r0158_c0114,40.7623212,-73.758819,Residential,28
r0158_c0122,40.7623212,-73.7445557,Residential,23
r0158_c0123,40.7623212,-73.7427728,Residential,25
r0158_c0124,40.7623212,-73.7409899,Residential,32
r0158_c0125,40.7623212,-73.739207,Residential,46
r0158_c0126,40.7623212,-73.7374241,Residential,38
r0158_c0127,40.7623212,-73.7356412,Institutional,15
r0158_c0128,40.7623212,-73.7338583,Residential,17
r0158_c0129,40.7623212,-73.7320753,Residential,30
r0158_c0130,40.7623212,-73.7302924,Residential,27
r0158_c0131,40.7623212,-73.7285095,Residential,16
r0158_c0132,40.7623212,-73.7267266,Residential,29
r0158_c0133,40.7623212,-73.7249437,Residential,38
r0158_c0134,40.7623212,-73.7231608,Residential,35
r0158_c0135,40.7623212,-73.7213779,Residential,33
r0158_c0136,40.7623212,-73.719595,Residential,40
r0158_c0137,40.7623212,-73.717812,Residential,24
r0159_c0012,40.7636726,-73.9406761,Residential,34
r0159_c0013,40.7636726,-73.9388931,Industrial,34
r0159_c0014,40.7636726,-73.9371102,Residential,18
r0159_c0015,40.7636726,-73.9353273,Residential,23
r0159_c0016,40.7636726,-73.9335444,Residential,3
r0159_c0017,40.7636726,-73.9317615,Residential,41
r0159_c0018,40.7636726,-73.9299786,Residential,78
r0159_c0019,40.7636726,-73.9281957,Residential,32
r0159_c0020,40.7636726,-73.9264128,Residential,23
r0159_c0021,40.7636726,-73.9246298,Residential,63
r0159_c0022,40.7636726,-73.9228469,Residential,53
r0159_c0023,40.7636726,-73.921064,Residential,48
r0159_c0024,40.7636726,-73.9192811,Residential,70
r0159_c0025,40.7636726,-73.9174982,Residential,85
r0159_c0026,40.7636726,-73.9157153,Commercial,39
r0159_c0027,40.7636726,-73.9139324,Residential,49
r0159_c0028,40.7636726,-73.9121495,Residential,52
r0159_c0029,40.7636726,-73.9103665,Residential,61
r0159_c0030,40.7636726,-73.9085836,Residential,72
r0159_c0031,40.7636726,-73.9068007,Residential,79
r0159_c0032,40.7636726,-73.9050178,Mixed-Use,37
r0159_c0039,40.7636726,-73.8925374,Commercial,14
r0159_c0040,40.7636726,-73.8907545,Residential,89
r0159_c0041,40.7636726,-73.8889716,Mixed-Use,17
r0159_c0042,40.7636726,-73.8871887,Residential,60
r0159_c0043,40.7636726,-73.8854058,Residential,71
r0159_c0044,40.7636726,-73.8836229,Residential,44
r0159_c0045,40.7636726,-73.88184,Residential,44
r0159_c0046,40.7636726,-73.880057,Residential,44
r0159_c0047,40.7636726,-73.8782741,Commercial,19
r0159_c0048,40.7636726,-73.8764912,Residential,30
r0159_c0049,40.7636726,-73.8747083,Residential,49
r0159_c0050,40.7636726,-73.8729254,Residential,74
r0159_c0051,40.7636726,-73.8711425,Residential,83
r0159_c0052,40.7636726,-73.8693596,Residential,88
r0159_c0053,40.7636726,-73.8675767,Residential,51
r0159_c0054,40.7636726,-73.8657937,Residential,50
r0159_c0055,40.7636726,-73.8640108,Residential,43
r0159_c0056,40.7636726,-73.8622279,Residential,36
r0159_c0070,40.7636726,-73.8372672,Industrial,3
r0159_c0071,40.7636726,-73.8354842,Industrial,16
r0159_c0072,40.7636726,-73.8337013,Mixed-Use,19
r0159_c0073,40.7636726,-73.8319184,Commercial,35
r0159_c0074,40.7636726,-73.8301355,Mixed-Use,23
r0159_c0075,40.7636726,-73.8283526,Institutional,24
r0159_c0076,40.7636726,-73.8265697,Mixed-Use,4
r0159_c0077,40.7636726,-73.8247868,Mixed-Use,9
r0159_c0078,40.7636726,-73.8230039,Residential,22
r0159_c0079,40.7636726,-73.8212209,Residential,47
r0159_c0080,40.7636726,-73.819438,Residential,34
r0159_c0081,40.7636726,-73.8176551,Residential,8
r0159_c0082,40.7636726,-73.8158722,Residential,43
r0159_c0083,40.7636726,-73.8140893,Residential,47
r0159_c0084,40.7636726,-73.8123064,Residential,45
r0159_c0085,40.7636726,-73.8105235,Residential,36
r0159_c0086,40.7636726,-73.8087406,Commercial,12
r0159_c0087,40.7636726,-73.8069576,Mixed-Use,14
r0159_c0088,40.7636726,-73.8051747,Residential,29
r0159_c0089,40.7636726,-73.8033918,Residential,33
r0159_c0090,40.7636726,-73.8016089,Residential,38
r0159_c0091,40.7636726,-73.799826,Residential,29
r0159_c0092,40.7636726,-73.7980431,Residential,37
r0159_c0093,40.7636726,-73.7962602,Residential,36
r0159_c0094,40.7636726,-73.7944773,Residential,34
r0159_c0095,40.7636726,-73.7926944,Residential,40
r0159_c0096,40.7636726,-73.7909114,Residential,45
r0159_c0097,40.7636726,-73.7891285,Residential,48
r0159_c0098,40.7636726,-73.7873456,Commercial,30
r0159_c0099,40.7636726,-73.7855627,Residential,57
r0159_c0100,40.7636726,-73.7837798,Residential,47
r0159_c0101,40.7636726,-73.7819969,Residential,35
r0159_c0102,40.7636726,-73.780214,Residential,23
r0159_c0103,40.7636726,-73.7784311,Residential,29
r0159_c0104,40.7636726,-73.7766481,Residential,23
r0159_c0105,40.7636726,-73.7748652,Residential,48
r0159_c0106,40.7636726,-73.7730823,Residential,41
r0159_c0107,40.7636726,-73.7712994,Mixed-Use,39
r0159_c0108,40.7636726,-73.7695165,Mixed-Use,37
r0159_c0109,40.7636726,-73.7677336,Mixed-Use,25
r0159_c0110,40.7636726,-73.7659507,Mixed-Use,23
r0159_c0111,40.7636726,-73.7641678,Mixed-Use,25
r0159_c0112,40.7636726,-73.7623848,Residential,32
r0159_c0113,40.7636726,-73.7606019,Residential,28
r0159_c0114,40.7636726,-73.758819,Residential,21
r0159_c0120,40.7636726,-73.7481216,Open Space,4
r0159_c0121,40.7636726,-73.7463386,Open Space,10
r0159_c0122,40.7636726,-73.7445557,Residential,23
r0159_c0123,40.7636726,-73.7427728,Residential,24
r0159_c0124,40.7636726,-73.7409899,Residential,30
r0159_c0125,40.7636726,-73.739207,Residential,34
r0159_c0126,40.7636726,-73.7374241,Residential,41
r0159_c0127,40.7636726,-73.7356412,Residential,46
r0159_c0128,40.7636726,-73.7338583,Residential,33
r0159_c0129,40.7636726,-73.7320753,Residential,26
r0159_c0130,40.7636726,-73.7302924,Residential,26
r0159_c0131,40.7636726,-73.7285095,Residential,30
r0159_c0132,40.7636726,-73.7267266,Residential,10
r0159_c0133,40.7636726,-73.7249437,Residential,23
r0159_c0134,40.7636726,-73.7231608,Residential,26
r0159_c0135,40.7636726,-73.7213779,Residential,30
r0159_c0136,40.7636726,-73.719595,Residential,20
r0160_c0011,40.7650239,-73.942459,Mixed-Use,3
r0160_c0012,40.7650239,-73.9406761,Institutional,8
r0160_c0013,40.7650239,-73.9388931,Mixed-Use,43
r0160_c0014,40.7650239,-73.9371102,Industrial,20
r0160_c0015,40.7650239,-73.9353273,Industrial,49
r0160_c0016,40.7650239,-73.9335444,Residential,39
r0160_c0017,40.7650239,-73.9317615,Residential,27
r0160_c0018,40.7650239,-73.9299786,Commercial,23
r0160_c0019,40.7650239,-73.9281957,Residential,42
r0160_c0020,40.7650239,-73.9264128,Residential,18
r0160_c0021,40.7650239,-73.9246298,Residential,31
r0160_c0022,40.7650239,-73.9228469,Residential,48
r0160_c0023,40.7650239,-73.921064,Residential,56
r0160_c0024,40.7650239,-73.9192811,Residential,64
r0160_c0025,40.7650239,-73.9174982,Mixed-Use,68
r0160_c0026,40.7650239,-73.9157153,Residential,66
r0160_c0027,40.7650239,-73.9139324,Mixed-Use,59
r0160_c0028,40.7650239,-73.9121495,Residential,54
r0160_c0029,40.7650239,-73.9103665,Residential,70
r0160_c0030,40.7650239,-73.9085836,Residential,81
r0160_c0031,40.7650239,-73.9068007,Residential,61
r0160_c0032,40.7650239,-73.9050178,Mixed-Use,22
r0160_c0033,40.7650239,-73.9032349,Industrial,9
r0160_c0041,40.7650239,-73.8889716,Residential,36
r0160_c0042,40.7650239,-73.8871887,Residential,21
r0160_c0043,40.7650239,-73.8854058,Commercial,6
r0160_c0044,40.7650239,-73.8836229,Residential,26
r0160_c0045,40.7650239,-73.88184,Residential,71
r0160_c0046,40.7650239,-73.880057,Residential,53
r0160_c0047,40.7650239,-73.8782741,Residential,65
r0160_c0048,40.7650239,-73.8764912,Residential,62
r0160_c0049,40.7650239,-73.8747083,Residential,57
r0160_c0050,40.7650239,-73.8729254,Residential,73
r0160_c0051,40.7650239,-73.8711425,Institutional,19
r0160_c0052,40.7650239,-73.8693596,Residential,48
r0160_c0053,40.7650239,-73.8675767,Residential,60
r0160_c0054,40.7650239,-73.8657937,Residential,48
r0160_c0055,40.7650239,-73.8640108,Residential,48
r0160_c0056,40.7650239,-73.8622279,Residential,6
r0160_c0070,40.7650239,-73.8372672,Industrial,4
r0160_c0071,40.7650239,-73.8354842,Industrial,20
r0160_c0072,40.7650239,-73.8337013,Mixed-Use,30
r0160_c0073,40.7650239,-73.8319184,Mixed-Use,19
r0160_c0074,40.7650239,-73.8301355,Residential,43
r0160_c0075,40.7650239,-73.8283526,Mixed-Use,32
r0160_c0077,40.7650239,-73.8247868,Residential,10
r0160_c0078,40.7650239,-73.8230039,Commercial,11
r0160_c0079,40.7650239,-73.8212209,Mixed-Use,18
r0160_c0080,40.7650239,-73.819438,Residential,21
r0160_c0081,40.7650239,-73.8176551,Residential,10
r0160_c0082,40.7650239,-73.8158722,Mixed-Use,20
r0160_c0083,40.7650239,-73.8140893,Commercial,29
r0160_c0084,40.7650239,-73.8123064,Residential,30
r0160_c0085,40.7650239,-73.8105235,Residential,25
r0160_c0086,40.7650239,-73.8087406,Residential,34
r0160_c0087,40.7650239,-73.8069576,Residential,20
r0160_c0088,40.7650239,-73.8051747,Residential,24
r0160_c0089,40.7650239,-73.8033918,Residential,26
r0160_c0090,40.7650239,-73.8016089,Residential,31
r0160_c0091,40.7650239,-73.799826,Residential,25
r0160_c0092,40.7650239,-73.7980431,Residential,29
r0160_c0093,40.7650239,-73.7962602,Residential,36
r0160_c0094,40.7650239,-73.7944773,Institutional,19
r0160_c0095,40.7650239,-73.7926944,Residential,36
r0160_c0096,40.7650239,-73.7909114,Residential,47
r0160_c0097,40.7650239,-73.7891285,Institutional,8
r0160_c0098,40.7650239,-73.7873456,Residential,31
r0160_c0099,40.7650239,-73.7855627,Residential,32
r0160_c0100,40.7650239,-73.7837798,Residential,49
r0160_c0101,40.7650239,-73.7819969,Residential,32
r0160_c0102,40.7650239,-73.780214,Residential,17
r0160_c0103,40.7650239,-73.7784311,Residential,33
r0160_c0104,40.7650239,-73.7766481,Residential,34
r0160_c0105,40.7650239,-73.7748652,Residential,35
r0160_c0106,40.7650239,-73.7730823,Residential,29
r0160_c0107,40.7650239,-73.7712994,Commercial,31
r0160_c0108,40.7650239,-73.7695165,Residential,35
r0160_c0109,40.7650239,-73.7677336,Residential,40
r0160_c0110,40.7650239,-73.7659507,Residential,41
r0160_c0111,40.7650239,-73.7641678,Residential,24
r0160_c0112,40.7650239,-73.7623848,Residential,36
r0160_c0113,40.7650239,-73.7606019,Residential,34
r0160_c0114,40.7650239,-73.758819,Residential,11
r0160_c0122,40.7650239,-73.7445557,Residential,11
r0160_c0123,40.7650239,-73.7427728,Residential,16
r0160_c0124,40.7650239,-73.7409899,Institutional,9
r0160_c0125,40.7650239,-73.739207,Residential,25
r0160_c0126,40.7650239,-73.7374241,Residential,35
r0160_c0127,40.7650239,-73.7356412,Residential,36
r0160_c0128,40.7650239,-73.7338583,Residential,30
r0160_c0129,40.7650239,-73.7320753,Residential,33
r0160_c0130,40.7650239,-73.7302924,Residential,20
r0160_c0131,40.7650239,-73.7285095,Residential,26
r0160_c0132,40.7650239,-73.7267266,Commercial,10
r0160_c0134,40.7650239,-73.7231608,Institutional,8
r0161_c0013,40.7663753,-73.9388931,Residential,28
r0161_c0014,40.7663753,-73.9371102,Industrial,8
r0161_c0015,40.7663753,-73.9353273,Industrial,4
r0161_c0016,40.7663753,-73.9335444,Institutional,17
r0161_c0017,40.7663753,-73.9317615,Residential,50
r0161_c0018,40.7663753,-73.9299786,Institutional,25
r0161_c0019,40.7663753,-73.9281957,Residential,34
r0161_c0020,40.7663753,-73.9264128,Residential,42
r0161_c0021,40.7663753,-73.9246298,Residential,26
r0161_c0022,40.7663753,-73.9228469,Residential,42
r0161_c0023,40.7663753,-73.921064,Residential,49
r0161_c0024,40.7663753,-73.9192811,Residential,32
r0161_c0025,40.7663753,-73.9174982,Residential,52
r0161_c0026,40.7663753,-73.9157153,Residential,49
r0161_c0027,40.7663753,-73.9139324,Residential,71
r0161_c0028,40.7663753,-73.9121495,Residential,67
r0161_c0029,40.7663753,-73.9103665,Residential,70
r0161_c0030,40.7663753,-73.9085836,Residential,56
r0161_c0031,40.7663753,-73.9068007,Industrial,23
r0161_c0032,40.7663753,-73.9050178,Industrial,34
r0161_c0033,40.7663753,-73.9032349,Open Space,19
r0161_c0037,40.7663753,-73.8961033,Residential,4
r0161_c0038,40.7663753,-73.8943203,Residential,10
r0161_c0039,40.7663753,-73.8925374,Residential,9
r0161_c0040,40.7663753,-73.8907545,Residential,5
r0161_c0041,40.7663753,-73.8889716,Residential,10
r0161_c0042,40.7663753,-73.8871887,Open Space,6
r0161_c0043,40.7663753,-73.8854058,Industrial,3
r0161_c0046,40.7663753,-73.880057,Mixed-Use,19
r0161_c0047,40.7663753,-73.8782741,Residential,50
r0161_c0048,40.7663753,-73.8764912,Residential,58
r0161_c0049,40.7663753,-73.8747083,Residential,59
r0161_c0050,40.7663753,-73.8729254,Residential,59
r0161_c0051,40.7663753,-73.8711425,Residential,39
r0161_c0052,40.7663753,-73.8693596,Residential,54
r0161_c0053,40.7663753,-73.8675767,Residential,44
r0161_c0054,40.7663753,-73.8657937,Residential,39
r0161_c0055,40.7663753,-73.8640108,Residential,16
r0161_c0067,40.7663753,-73.8426159,Mixed-Use,4
r0161_c0069,40.7663753,-73.8390501,Mixed-Use,4
r0161_c0070,40.7663753,-73.8372672,Industrial,5
r0161_c0071,40.7663753,-73.8354842,Industrial,11
r0161_c0072,40.7663753,-73.8337013,Industrial,23
r0161_c0073,40.7663753,-73.8319184,Mixed-Use,27
r0161_c0075,40.7663753,-73.8283526,Residential,15
r0161_c0076,40.7663753,-73.8265697,Residential,38
r0161_c0077,40.7663753,-73.8247868,Residential,23
r0161_c0078,40.7663753,-73.8230039,Residential,13
r0161_c0079,40.7663753,-73.8212209,Residential,34
r0161_c0080,40.7663753,-73.819438,Residential,28
r0161_c0081,40.7663753,-73.8176551,Residential,48
r0161_c0082,40.7663753,-73.8158722,Residential,27
r0161_c0083,40.7663753,-73.8140893,Residential,30
r0161_c0084,40.7663753,-73.8123064,Residential,42
r0161_c0085,40.7663753,-73.8105235,Residential,40
r0161_c0086,40.7663753,-73.8087406,Residential,28
r0161_c0087,40.7663753,-73.8069576,Residential,28
r0161_c0088,40.7663753,-73.8051747,Residential,32
r0161_c0089,40.7663753,-73.8033918,Residential,30
r0161_c0090,40.7663753,-73.8016089,Residential,39
r0161_c0091,40.7663753,-73.799826,Residential,43
r0161_c0092,40.7663753,-73.7980431,Residential,45
r0161_c0093,40.7663753,-73.7962602,Residential,37
r0161_c0094,40.7663753,-73.7944773,Residential,39
r0161_c0095,40.7663753,-73.7926944,Residential,46
r0161_c0096,40.7663753,-73.7909114,Residential,44
r0161_c0097,40.7663753,-73.7891285,Residential,51
r0161_c0098,40.7663753,-73.7873456,Residential,69
r0161_c0099,40.7663753,-73.7855627,Institutional,27
r0161_c0100,40.7663753,-73.7837798,Residential,30
r0161_c0101,40.7663753,-73.7819969,Residential,3
r0161_c0102,40.7663753,-73.780214,Residential,23
r0161_c0103,40.7663753,-73.7784311,Residential,35
r0161_c0104,40.7663753,-73.7766481,Residential,38
r0161_c0105,40.7663753,-73.7748652,Residential,31
r0161_c0106,40.7663753,-73.7730823,Mixed-Use,13
r0161_c0107,40.7663753,-73.7712994,Residential,37
r0161_c0108,40.7663753,-73.7695165,Residential,32
r0161_c0109,40.7663753,-73.7677336,Residential,47
r0161_c0110,40.7663753,-73.7659507,Residential,37
r0161_c0111,40.7663753,-73.7641678,Residential,34
r0161_c0112,40.7663753,-73.7623848,Residential,30
r0161_c0113,40.7663753,-73.7606019,Residential,30
r0161_c0120,40.7663753,-73.7481216,Open Space,6
r0161_c0121,40.7663753,-73.7463386,Residential,6
r0161_c0122,40.7663753,-73.7445557,Residential,17
r0161_c0123,40.7663753,-73.7427728,Institutional,11
r0161_c0124,40.7663753,-73.7409899,Open Space,9
r0161_c0125,40.7663753,-73.739207,Residential,25
r0161_c0126,40.7663753,-73.7374241,Residential,37
r0161_c0127,40.7663753,-73.7356412,Residential,40
r0161_c0128,40.7663753,-73.7338583,Residential,32
r0161_c0129,40.7663753,-73.7320753,Residential,25
r0161_c0130,40.7663753,-73.7302924,Residential,26
r0161_c0131,40.7663753,-73.7285095,Residential,26
r0161_c0132,40.7663753,-73.7267266,Residential,18
r0161_c0133,40.7663753,-73.7249437,Institutional,5
r0161_c0134,40.7663753,-73.7231608,Residential,4
r0162_c0015,40.7677266,-73.9353273,Residential,17
r0162_c0016,40.7677266,-73.9335444,Residential,51
r0162_c0017,40.7677266,-73.9317615,Residential,51
r0162_c0018,40.7677266,-73.9299786,Residential,30
r0162_c0019,40.7677266,-73.9281957,Residential,40
r0162_c0020,40.7677266,-73.9264128,Residential,32
r0162_c0021,40.7677266,-73.9246298,Residential,16
r0162_c0022,40.7677266,-73.9228469,Institutional,17
r0162_c0023,40.7677266,-73.921064,Mixed-Use,40
r0162_c0024,40.7677266,-73.9192811,Residential,53
r0162_c0025,40.7677266,-73.9174982,Residential,48
r0162_c0026,40.7677266,-73.9157153,Residential,71
r0162_c0027,40.7677266,-73.9139324,Residential,77
r0162_c0028,40.7677266,-73.9121495,Residential,46
r0162_c0029,40.7677266,-73.9103665,Residential,61
r0162_c0030,40.7677266,-73.9085836,Residential,61
r0162_c0031,40.7677266,-73.9068007,Mixed-Use,21
r0162_c0032,40.7677266,-73.9050178,Commercial,9
r0162_c0033,40.7677266,-73.9032349,Residential,17
r0162_c0034,40.7677266,-73.901452,Residential,23
r0162_c0035,40.7677266,-73.8996691,Residential,24
r0162_c0036,40.7677266,-73.8978862,Residential,21
r0162_c0037,40.7677266,-73.8961033,Residential,49
r0162_c0038,40.7677266,-73.8943203,Residential,43
r0162_c0039,40.7677266,-73.8925374,Residential,5
r0162_c0040,40.7677266,-73.8907545,Residential,10
r0162_c0041,40.7677266,-73.8889716,Residential,35
r0162_c0046,40.7677266,-73.880057,Institutional,4
r0162_c0047,40.7677266,-73.8782741,Residential,41
r0162_c0048,40.7677266,-73.8764912,Residential,38
r0162_c0049,40.7677266,-73.8747083,Residential,64
r0162_c0050,40.7677266,-73.8729254,Residential,58
r0162_c0051,40.7677266,-73.8711425,Residential,52
r0162_c0052,40.7677266,-73.8693596,Residential,72
r0162_c0053,40.7677266,-73.8675767,Commercial,5
r0162_c0054,40.7677266,-73.8657937,Mixed-Use,6
r0162_c0065,40.7677266,-73.8461817,Industrial,4
r0162_c0068,40.7677266,-73.840833,Mixed-Use,7
r0162_c0069,40.7677266,-73.8390501,Industrial,5
r0162_c0070,40.7677266,-73.8372672,Industrial,3
r0162_c0071,40.7677266,-73.8354842,Industrial,6
r0162_c0072,40.7677266,-73.8337013,Mixed-Use,5
r0162_c0073,40.7677266,-73.8319184,Mixed-Use,27
r0162_c0074,40.7677266,-73.8301355,Open Space,11
r0162_c0075,40.7677266,-73.8283526,Residential,53
r0162_c0076,40.7677266,-73.8265697,Residential,40
r0162_c0077,40.7677266,-73.8247868,Residential,11
r0162_c0078,40.7677266,-73.8230039,Residential,38
r0162_c0079,40.7677266,-73.8212209,Residential,47
r0162_c0080,40.7677266,-73.819438,Residential,35
r0162_c0081,40.7677266,-73.8176551,Residential,41
r0162_c0082,40.7677266,-73.8158722,Residential,47
r0162_c0083,40.7677266,-73.8140893,Residential,38
r0162_c0084,40.7677266,-73.8123064,Residential,36
r0162_c0085,40.7677266,-73.8105235,Residential,53
r0162_c0086,40.7677266,-73.8087406,Residential,41
r0162_c0087,40.7677266,-73.8069576,Residential,24
r0162_c0088,40.7677266,-73.8051747,Residential,22
r0162_c0089,40.7677266,-73.8033918,Residential,21
r0162_c0090,40.7677266,-73.8016089,Residential,36
r0162_c0091,40.7677266,-73.799826,Residential,33
r0162_c0092,40.7677266,-73.7980431,Residential,35
r0162_c0093,40.7677266,-73.7962602,Residential,34
r0162_c0094,40.7677266,-73.7944773,Residential,45
r0162_c0095,40.7677266,-73.7926944,Residential,45
r0162_c0096,40.7677266,-73.7909114,Commercial,23
r0162_c0097,40.7677266,-73.7891285,Residential,84
r0162_c0098,40.7677266,-73.7873456,Residential,91
r0162_c0099,40.7677266,-73.7855627,Residential,72
r0162_c0100,40.7677266,-73.7837798,Residential,55
r0162_c0101,40.7677266,-73.7819969,Residential,26
r0162_c0102,40.7677266,-73.780214,Residential,50
r0162_c0103,40.7677266,-73.7784311,Residential,39
r0162_c0104,40.7677266,-73.7766481,Residential,32
r0162_c0105,40.7677266,-73.7748652,Residential,34
r0162_c0106,40.7677266,-73.7730823,Institutional,11
r0162_c0107,40.7677266,-73.7712994,Residential,39
r0162_c0108,40.7677266,-73.7695165,Residential,50
r0162_c0109,40.7677266,-73.7677336,Institutional,24
r0162_c0110,40.7677266,-73.7659507,Residential,31
r0162_c0111,40.7677266,-73.7641678,Residential,32
r0162_c0112,40.7677266,-73.7623848,Residential,36
r0162_c0113,40.7677266,-73.7606019,Residential,12
r0162_c0118,40.7677266,-73.7516874,Mixed-Use,11
r0162_c0119,40.7677266,-73.7499045,Residential,7
r0162_c0120,40.7677266,-73.7481216,Mixed-Use,20
r0162_c0121,40.7677266,-73.7463386,Residential,15
r0162_c0122,40.7677266,-73.7445557,Residential,21
r0162_c0123,40.7677266,-73.7427728,Mixed-Use,10
r0162_c0124,40.7677266,-73.7409899,Residential,57
r0162_c0125,40.7677266,-73.739207,Residential,35
r0162_c0126,40.7677266,-73.7374241,Commercial,16
r0162_c0127,40.7677266,-73.7356412,Residential,33
r0162_c0128,40.7677266,-73.7338583,Residential,30
r0162_c0129,40.7677266,-73.7320753,Residential,28
r0162_c0130,40.7677266,-73.7302924,Residential,22
r0162_c0131,40.7677266,-73.7285095,Residential,28
r0162_c0132,40.7677266,-73.7267266,Residential,22
r0163_c0015,40.769078,-73.9353273,Residential,11
r0163_c0016,40.769078,-73.9335444,Residential,20
r0163_c0017,40.769078,-73.9317615,Residential,58
r0163_c0018,40.769078,-73.9299786,Residential,53
r0163_c0019,40.769078,-73.9281957,Residential,34
r0163_c0020,40.769078,-73.9264128,Residential,53
r0163_c0021,40.769078,-73.9246298,Residential,53
r0163_c0022,40.769078,-73.9228469,Residential,49
r0163_c0023,40.769078,-73.921064,Residential,64
r0163_c0024,40.769078,-73.9192811,Residential,58
r0163_c0025,40.769078,-73.9174982,Residential,81
r0163_c0026,40.769078,-73.9157153,Residential,50
r0163_c0027,40.769078,-73.9139324,Residential,47
r0163_c0028,40.769078,-73.9121495,Residential,27
r0163_c0029,40.769078,-73.9103665,Mixed-Use,20
r0163_c0030,40.769078,-73.9085836,Mixed-Use,18
r0163_c0031,40.769078,-73.9068007,Residential,28
r0163_c0032,40.769078,-73.9050178,Residential,32
r0163_c0033,40.769078,-73.9032349,Residential,54
r0163_c0034,40.769078,-73.901452,Residential,59
r0163_c0035,40.769078,-73.8996691,Residential,46
r0163_c0036,40.769078,-73.8978862,Residential,54
r0163_c0037,40.769078,-73.8961033,Residential,58
r0163_c0038,40.769078,-73.8943203,Residential,43
r0163_c0039,40.769078,-73.8925374,Residential,13
r0163_c0040,40.769078,-73.8907545,Residential,34
r0163_c0041,40.769078,-73.8889716,Residential,35
r0163_c0046,40.769078,-73.880057,Institutional,3
r0163_c0047,40.769078,-73.8782741,Residential,46
r0163_c0048,40.769078,-73.8764912,Residential,34
r0163_c0049,40.769078,-73.8747083,Commercial,17
r0163_c0050,40.769078,-73.8729254,Residential,40
r0163_c0051,40.769078,-73.8711425,Residential,35
r0163_c0052,40.769078,-73.8693596,Institutional,16
r0163_c0065,40.769078,-73.8461817,Mixed-Use,8
r0163_c0066,40.769078,-73.8443988,Industrial,3
r0163_c0071,40.769078,-73.8354842,Commercial,3
r0163_c0072,40.769078,-73.8337013,Commercial,11
r0163_c0073,40.769078,-73.8319184,Residential,53
r0163_c0074,40.769078,-73.8301355,Residential,10
r0163_c0075,40.769078,-73.8283526,Residential,22
r0163_c0076,40.769078,-73.8265697,Mixed-Use,27
r0163_c0077,40.769078,-73.8247868,Residential,28
r0163_c0078,40.769078,-73.8230039,Residential,22
r0163_c0079,40.769078,-73.8212209,Residential,26
r0163_c0080,40.769078,-73.819438,Residential,40
r0163_c0081,40.769078,-73.8176551,Residential,31
r0163_c0082,40.769078,-73.8158722,Residential,33
r0163_c0083,40.769078,-73.8140893,Residential,46
r0163_c0084,40.769078,-73.8123064,Residential,54
r0163_c0085,40.769078,-73.8105235,Residential,41
r0163_c0086,40.769078,-73.8087406,Residential,33
r0163_c0087,40.769078,-73.8069576,Residential,30
r0163_c0088,40.769078,-73.8051747,Residential,28
r0163_c0089,40.769078,-73.8033918,Residential,26
r0163_c0090,40.769078,-73.8016089,Residential,47
r0163_c0091,40.769078,-73.799826,Residential,49
r0163_c0092,40.769078,-73.7980431,Residential,57
r0163_c0093,40.769078,-73.7962602,Residential,44
r0163_c0094,40.769078,-73.7944773,Residential,44
r0163_c0095,40.769078,-73.7926944,Residential,32
r0163_c0096,40.769078,-73.7909114,Residential,60
r0163_c0097,40.769078,-73.7891285,Residential,93
r0163_c0098,40.769078,-73.7873456,Residential,88
r0163_c0099,40.769078,-73.7855627,Residential,75
r0163_c0100,40.769078,-73.7837798,Residential,43
r0163_c0101,40.769078,-73.7819969,Residential,28
r0163_c0102,40.769078,-73.780214,Residential,51
r0163_c0103,40.769078,-73.7784311,Residential,32
r0163_c0104,40.769078,-73.7766481,Residential,31
r0163_c0105,40.769078,-73.7748652,Residential,36
r0163_c0106,40.769078,-73.7730823,Residential,29
r0163_c0107,40.769078,-73.7712994,Residential,42
r0163_c0108,40.769078,-73.7695165,Residential,45
r0163_c0109,40.769078,-73.7677336,Residential,41
r0163_c0110,40.769078,-73.7659507,Residential,37
r0163_c0111,40.769078,-73.7641678,Residential,33
r0163_c0112,40.769078,-73.7623848,Residential,30
r0163_c0113,40.769078,-73.7606019,Residential,4
r0163_c0117,40.769078,-73.7534703,Open Space,8
r0163_c0118,40.769078,-73.7516874,Residential,33
r0163_c0119,40.769078,-73.7499045,Institutional,12
r0163_c0120,40.769078,-73.7481216,Residential,18
r0163_c0121,40.769078,-73.7463386,Residential,14
r0163_c0122,40.769078,-73.7445557,Residential,27
r0163_c0123,40.769078,-73.7427728,Residential,21
r0163_c0124,40.769078,-73.7409899,Residential,60
r0163_c0125,40.769078,-73.739207,Residential,70
r0163_c0126,40.769078,-73.7374241,Residential,28
r0163_c0127,40.769078,-73.7356412,Residential,25
r0163_c0128,40.769078,-73.7338583,Residential,27
r0163_c0129,40.769078,-73.7320753,Residential,28
r0163_c0130,40.769078,-73.7302924,Residential,27
r0163_c0131,40.769078,-73.7285095,Residential,13
r0164_c0015,40.7704293,-73.9353273,Mixed-Use,5
r0164_c0016,40.7704293,-73.9335444,Residential,34
r0164_c0017,40.7704293,-73.9317615,Residential,55
r0164_c0018,40.7704293,-73.9299786,Residential,42
r0164_c0019,40.7704293,-73.9281957,Mixed-Use,26
r0164_c0020,40.7704293,-73.9264128,Residential,60
r0164_c0021,40.7704293,-73.9246298,Residential,45
r0164_c0022,40.7704293,-73.9228469,Residential,40
r0164_c0023,40.7704293,-73.921064,Residential,47
r0164_c0024,40.7704293,-73.9192811,Residential,44
r0164_c0025,40.7704293,-73.9174982,Mixed-Use,4
r0164_c0026,40.7704293,-73.9157153,Residential,47
r0164_c0027,40.7704293,-73.9139324,Residential,59
r0164_c0028,40.7704293,-73.9121495,Residential,65
r0164_c0029,40.7704293,-73.9103665,Residential,59
r0164_c0030,40.7704293,-73.9085836,Residential,58
r0164_c0031,40.7704293,-73.9068007,Residential,50
r0164_c0032,40.7704293,-73.9050178,Commercial,48
r0164_c0033,40.7704293,-73.9032349,Mixed-Use,16
r0164_c0034,40.7704293,-73.901452,Residential,81
r0164_c0035,40.7704293,-73.8996691,Residential,64
r0164_c0036,40.7704293,-73.8978862,Residential,37
r0164_c0037,40.7704293,-73.8961033,Residential,46
r0164_c0038,40.7704293,-73.8943203,Residential,37
r0164_c0039,40.7704293,-73.8925374,Residential,30
r0164_c0040,40.7704293,-73.8907545,Residential,54
r0164_c0041,40.7704293,-73.8889716,Residential,46
r0164_c0047,40.7704293,-73.8782741,Residential,7
r0164_c0048,40.7704293,-73.8764912,Residential,14
r0164_c0050,40.7704293,-73.8729254,Open Space,22
r0164_c0051,40.7704293,-73.8711425,Residential,10
r0164_c0068,40.7704293,-73.840833,Commercial,3
r0164_c0073,40.7704293,-73.8319184,Residential,8
r0164_c0076,40.7704293,-73.8265697,Residential,21
r0164_c0077,40.7704293,-73.8247868,Residential,22
r0164_c0078,40.7704293,-73.8230039,Residential,22
r0164_c0079,40.7704293,-73.8212209,Residential,24
r0164_c0080,40.7704293,-73.819438,Residential,35
r0164_c0081,40.7704293,-73.8176551,Residential,26
r0164_c0082,40.7704293,-73.8158722,Residential,37
r0164_c0083,40.7704293,-73.8140893,Residential,46
r0164_c0084,40.7704293,-73.8123064,Residential,39
r0164_c0085,40.7704293,-73.8105235,Residential,32
r0164_c0086,40.7704293,-73.8087406,Residential,8
r0164_c0088,40.7704293,-73.8051747,Residential,26
r0164_c0089,40.7704293,-73.8033918,Residential,41
r0164_c0090,40.7704293,-73.8016089,Residential,72
r0164_c0091,40.7704293,-73.799826,Residential,50
r0164_c0092,40.7704293,-73.7980431,Residential,67
r0164_c0093,40.7704293,-73.7962602,Residential,36
r0164_c0094,40.7704293,-73.7944773,Residential,38
r0164_c0095,40.7704293,-73.7926944,Residential,35
r0164_c0096,40.7704293,-73.7909114,Residential,67
r0164_c0097,40.7704293,-73.7891285,Residential,64
r0164_c0098,40.7704293,-73.7873456,Residential,44
r0164_c0099,40.7704293,-73.7855627,Residential,50
r0164_c0100,40.7704293,-73.7837798,Institutional,9
r0164_c0101,40.7704293,-73.7819969,Residential,29
r0164_c0102,40.7704293,-73.780214,Residential,22
r0164_c0103,40.7704293,-73.7784311,Residential,35
r0164_c0104,40.7704293,-73.7766481,Residential,38
r0164_c0105,40.7704293,-73.7748652,Residential,31
r0164_c0106,40.7704293,-73.7730823,Residential,27
r0164_c0107,40.7704293,-73.7712994,Institutional,8
r0164_c0109,40.7704293,-73.7677336,Residential,7
r0164_c0110,40.7704293,-73.7659507,Residential,18
r0164_c0111,40.7704293,-73.7641678,Residential,18
r0164_c0112,40.7704293,-73.7623848,Residential,10
r0164_c0116,40.7704293,-73.7552532,Residential,9
r0164_c0117,40.7704293,-73.7534703,Residential,21
r0164_c0118,40.7704293,-73.7516874,Residential,23
r0164_c0119,40.7704293,-73.7499045,Residential,15
r0164_c0120,40.7704293,-73.7481216,Residential,16
r0164_c0121,40.7704293,-73.7463386,Residential,19
r0164_c0122,40.7704293,-73.7445557,Residential,24
r0164_c0123,40.7704293,-73.7427728,Residential,42
r0164_c0124,40.7704293,-73.7409899,Residential,50
r0164_c0125,40.7704293,-73.739207,Residential,44
r0164_c0126,40.7704293,-73.7374241,Residential,23
r0164_c0127,40.7704293,-73.7356412,Mixed-Use,26
r0164_c0128,40.7704293,-73.7338583,Mixed-Use,37
r0164_c0129,40.7704293,-73.7320753,Residential,28
r0164_c0130,40.7704293,-73.7302924,Residential,19
r0165_c0016,40.7717807,-73.9335444,Residential,18
r0165_c0017,40.7717807,-73.9317615,Residential,45
r0165_c0018,40.7717807,-73.9299786,Industrial,34
r0165_c0019,40.7717807,-73.9281957,Residential,39
r0165_c0020,40.7717807,-73.9264128,Mixed-Use,37
r0165_c0021,40.7717807,-73.9246298,Institutional,27
r0165_c0022,40.7717807,-73.9228469,Residential,38
r0165_c0023,40.7717807,-73.921064,Residential,63
r0165_c0024,40.7717807,-73.9192811,Mixed-Use,17
r0165_c0025,40.7717807,-73.9174982,Mixed-Use,22
r0165_c0026,40.7717807,-73.9157153,Residential,50
r0165_c0027,40.7717807,-73.9139324,Residential,78
r0165_c0028,40.7717807,-73.9121495,Residential,87
r0165_c0029,40.7717807,-73.9103665,Residential,60
r0165_c0030,40.7717807,-73.9085836,Residential,54
r0165_c0031,40.7717807,-73.9068007,Residential,49
r0165_c0032,40.7717807,-73.9050178,Residential,58
r0165_c0033,40.7717807,-73.9032349,Residential,59
r0165_c0034,40.7717807,-73.901452,Residential,60
r0165_c0035,40.7717807,-73.8996691,Residential,70
r0165_c0036,40.7717807,-73.8978862,Residential,61
r0165_c0037,40.7717807,-73.8961033,Residential,55
r0165_c0038,40.7717807,-73.8943203,Residential,45
r0165_c0039,40.7717807,-73.8925374,Residential,35
r0165_c0040,40.7717807,-73.8907545,Residential,11
r0165_c0041,40.7717807,-73.8889716,Residential,35
r0165_c0063,40.7717807,-73.8497475,Mixed-Use,11
r0165_c0064,40.7717807,-73.8479646,Industrial,18
r0165_c0065,40.7717807,-73.8461817,Mixed-Use,9
r0165_c0066,40.7717807,-73.8443988,Commercial,3
r0165_c0076,40.7717807,-73.8265697,Commercial,19
r0165_c0077,40.7717807,-73.8247868,Residential,32
r0165_c0078,40.7717807,-73.8230039,Residential,33
r0165_c0079,40.7717807,-73.8212209,Residential,32
r0165_c0080,40.7717807,-73.819438,Residential,26
r0165_c0081,40.7717807,-73.8176551,Residential,7
r0165_c0082,40.7717807,-73.8158722,Residential,30
r0165_c0083,40.7717807,-73.8140893,Residential,36
r0165_c0084,40.7717807,-73.8123064,Residential,42
r0165_c0085,40.7717807,-73.8105235,Residential,33
r0165_c0086,40.7717807,-73.8087406,Residential,27
r0165_c0087,40.7717807,-73.8069576,Residential,26
r0165_c0088,40.7717807,-73.8051747,Residential,40
r0165_c0089,40.7717807,-73.8033918,Residential,45
r0165_c0090,40.7717807,-73.8016089,Residential,44
r0165_c0091,40.7717807,-73.799826,Residential,46
r0165_c0092,40.7717807,-73.7980431,Residential,47
r0165_c0093,40.7717807,-73.7962602,Institutional,39
r0165_c0094,40.7717807,-73.7944773,Residential,28
r0165_c0095,40.7717807,-73.7926944,Residential,47
r0165_c0096,40.7717807,-73.7909114,Residential,40
r0165_c0097,40.7717807,-73.7891285,Residential,41
r0165_c0098,40.7717807,-73.7873456,Residential,42
r0165_c0100,40.7717807,-73.7837798,Residential,8
r0165_c0101,40.7717807,-73.7819969,Residential,27
r0165_c0102,40.7717807,-73.780214,Institutional,4
r0165_c0103,40.7717807,-73.7784311,Residential,17
r0165_c0104,40.7717807,-73.7766481,Residential,32
r0165_c0105,40.7717807,-73.7748652,Residential,39
r0165_c0106,40.7717807,-73.7730823,Residential,29
r0165_c0107,40.7717807,-73.7712994,Residential,9
r0165_c0108,40.7717807,-73.7695165,Residential,3
r0165_c0116,40.7717807,-73.7552532,Residential,8
r0165_c0117,40.7717807,-73.7534703,Residential,16
r0165_c0118,40.7717807,-73.7516874,Residential,17
r0165_c0119,40.7717807,-73.7499045,Residential,22
r0165_c0120,40.7717807,-73.7481216,Residential,24
r0165_c0121,40.7717807,-73.7463386,Residential,29
r0165_c0122,40.7717807,-73.7445557,Open Space,15
r0165_c0123,40.7717807,-73.7427728,Residential,43
r0165_c0124,40.7717807,-73.7409899,Residential,41
r0165_c0125,40.7717807,-73.739207,Residential,33
r0165_c0126,40.7717807,-73.7374241,Residential,39
r0165_c0127,40.7717807,-73.7356412,Residential,37
r0165_c0128,40.7717807,-73.7338583,Residential,50
r0165_c0129,40.7717807,-73.7320753,Residential,8
r0166_c0017,40.773132,-73.9317615,Residential,24
r0166_c0018,40.773132,-73.9299786,Residential,47
r0166_c0019,40.773132,-73.9281957,Residential,33
r0166_c0020,40.773132,-73.9264128,Residential,60
r0166_c0021,40.773132,-73.9246298,Residential,55
r0166_c0022,40.773132,-73.9228469,Residential,49
r0166_c0023,40.773132,-73.921064,Residential,28
r0166_c0024,40.773132,-73.9192811,Residential,60
r0166_c0025,40.773132,-73.9174982,Residential,38
r0166_c0026,40.773132,-73.9157153,Institutional,28
r0166_c0027,40.773132,-73.9139324,Residential,54
r0166_c0028,40.773132,-73.9121495,Residential,69
r0166_c0029,40.773132,-73.9103665,Residential,58
r0166_c0030,40.773132,-73.9085836,Residential,79
r0166_c0031,40.773132,-73.9068007,Residential,45
r0166_c0032,40.773132,-73.9050178,Residential,65
r0166_c0033,40.773132,-73.9032349,Residential,71
r0166_c0034,40.773132,-73.901452,Residential,54
r0166_c0035,40.773132,-73.8996691,Residential,74
r0166_c0036,40.773132,-73.8978862,Residential,43
r0166_c0037,40.773132,-73.8961033,Industrial,6
r0166_c0038,40.773132,-73.8943203,Industrial,20
r0166_c0039,40.773132,-73.8925374,Residential,18
r0166_c0040,40.773132,-73.8907545,Residential,6
r0166_c0041,40.773132,-73.8889716,Residential,7
r0166_c0063,40.773132,-73.8497475,Mixed-Use,7
r0166_c0064,40.773132,-73.8479646,Industrial,42
r0166_c0065,40.773132,-73.8461817,Industrial,19
r0166_c0066,40.773132,-73.8443988,Industrial,4
r0166_c0070,40.773132,-73.8372672,Mixed-Use,3
r0166_c0071,40.773132,-73.8354842,Mixed-Use,3
r0166_c0072,40.773132,-73.8337013,Mixed-Use,3
r0166_c0077,40.773132,-73.8247868,Residential,18
r0166_c0078,40.773132,-73.8230039,Residential,61
r0166_c0079,40.773132,-73.8212209,Residential,39
r0166_c0080,40.773132,-73.819438,Residential,51
r0166_c0081,40.773132,-73.8176551,Residential,29
r0166_c0082,40.773132,-73.8158722,Open Space,30
r0166_c0083,40.773132,-73.8140893,Residential,43
r0166_c0084,40.773132,-73.8123064,Residential,37
r0166_c0085,40.773132,-73.8105235,Residential,30
r0166_c0086,40.773132,-73.8087406,Residential,35
r0166_c0087,40.773132,-73.8069576,Residential,31
r0166_c0088,40.773132,-73.8051747,Residential,46
r0166_c0089,40.773132,-73.8033918,Residential,48
r0166_c0090,40.773132,-73.8016089,Residential,42
r0166_c0091,40.773132,-73.799826,Residential,41
r0166_c0092,40.773132,-73.7980431,Residential,45
r0166_c0093,40.773132,-73.7962602,Residential,26
r0166_c0094,40.773132,-73.7944773,Residential,44
r0166_c0095,40.773132,-73.7926944,Residential,34
r0166_c0096,40.773132,-73.7909114,Residential,37
r0166_c0097,40.773132,-73.7891285,Residential,39
r0166_c0098,40.773132,-73.7873456,Residential,31
r0166_c0099,40.773132,-73.7855627,Residential,6
r0166_c0100,40.773132,-73.7837798,Residential,20
r0166_c0101,40.773132,-73.7819969,Residential,33
r0166_c0102,40.773132,-73.780214,Residential,34
r0166_c0103,40.773132,-73.7784311,Residential,28
r0166_c0104,40.773132,-73.7766481,Residential,48
r0166_c0105,40.773132,-73.7748652,Residential,33
r0166_c0106,40.773132,-73.7730823,Residential,23
r0166_c0107,40.773132,-73.7712994,Residential,28
r0166_c0117,40.773132,-73.7534703,Residential,5
r0166_c0118,40.773132,-73.7516874,Residential,19
r0166_c0119,40.773132,-73.7499045,Residential,19
r0166_c0120,40.773132,-73.7481216,Residential,23
r0166_c0121,40.773132,-73.7463386,Residential,23
r0166_c0122,40.773132,-73.7445557,Open Space,8
r0166_c0123,40.773132,-73.7427728,Residential,30
r0166_c0124,40.773132,-73.7409899,Mixed-Use,28
r0166_c0125,40.773132,-73.739207,Residential,34
r0166_c0126,40.773132,-73.7374241,Residential,34
r0166_c0127,40.773132,-73.7356412,Residential,36
r0166_c0128,40.773132,-73.7338583,Mixed-Use,3
r0167_c0014,40.7744834,-73.9371102,Open Space,3
r0167_c0017,40.7744834,-73.9317615,Residential,11
r0167_c0018,40.7744834,-73.9299786,Residential,32
r0167_c0019,40.7744834,-73.9281957,Residential,59
r0167_c0020,40.7744834,-73.9264128,Residential,74
r0167_c0021,40.7744834,-73.9246298,Residential,52
r0167_c0022,40.7744834,-73.9228469,Mixed-Use,16
r0167_c0023,40.7744834,-73.921064,Residential,69
r0167_c0024,40.7744834,-73.9192811,Residential,67
r0167_c0025,40.7744834,-73.9174982,Residential,73
r0167_c0026,40.7744834,-73.9157153,Residential,65
r0167_c0027,40.7744834,-73.9139324,Residential,49
r0167_c0028,40.7744834,-73.9121495,Mixed-Use,32
r0167_c0029,40.7744834,-73.9103665,Residential,53
r0167_c0030,40.7744834,-73.9085836,Mixed-Use,68
r0167_c0031,40.7744834,-73.9068007,Residential,77
r0167_c0032,40.7744834,-73.9050178,Residential,83
r0167_c0033,40.7744834,-73.9032349,Residential,58
r0167_c0034,40.7744834,-73.901452,Residential,63
r0167_c0035,40.7744834,-73.8996691,Residential,69
r0167_c0036,40.7744834,-73.8978862,Mixed-Use,12
r0167_c0037,40.7744834,-73.8961033,Industrial,5
r0167_c0040,40.7744834,-73.8907545,Open Space,4
r0167_c0064,40.7744834,-73.8479646,Institutional,38
r0167_c0065,40.7744834,-73.8461817,Residential,43
r0167_c0066,40.7744834,-73.8443988,Residential,53
r0167_c0067,40.7744834,-73.8426159,Residential,48
r0167_c0069,40.7744834,-73.8390501,Industrial,3
r0167_c0070,40.7744834,-73.8372672,Industrial,4
r0167_c0077,40.7744834,-73.8247868,Residential,14
r0167_c0078,40.7744834,-73.8230039,Residential,83
r0167_c0079,40.7744834,-73.8212209,Residential,45
r0167_c0080,40.7744834,-73.819438,Institutional,18
r0167_c0082,40.7744834,-73.8158722,Residential,26
r0167_c0083,40.7744834,-73.8140893,Residential,50
r0167_c0084,40.7744834,-73.8123064,Residential,39
r0167_c0085,40.7744834,-73.8105235,Residential,31
r0167_c0086,40.7744834,-73.8087406,Residential,39
r0167_c0087,40.7744834,-73.8069576,Residential,41
r0167_c0088,40.7744834,-73.8051747,Residential,46
r0167_c0089,40.7744834,-73.8033918,Residential,45
r0167_c0090,40.7744834,-73.8016089,Residential,38
r0167_c0091,40.7744834,-73.799826,Residential,51
r0167_c0092,40.7744834,-73.7980431,Residential,45
r0167_c0093,40.7744834,-73.7962602,Residential,43
r0167_c0094,40.7744834,-73.7944773,Residential,47
r0167_c0095,40.7744834,-73.7926944,Residential,50
r0167_c0096,40.7744834,-73.7909114,Residential,45
r0167_c0097,40.7744834,-73.7891285,Residential,31
r0167_c0098,40.7744834,-73.7873456,Residential,37
r0167_c0099,40.7744834,-73.7855627,Residential,29
r0167_c0100,40.7744834,-73.7837798,Residential,20
r0167_c0101,40.7744834,-73.7819969,Residential,30
r0167_c0102,40.7744834,-73.780214,Residential,37
r0167_c0103,40.7744834,-73.7784311,Residential,30
r0167_c0104,40.7744834,-73.7766481,Residential,28
r0167_c0105,40.7744834,-73.7748652,Residential,44
r0167_c0106,40.7744834,-73.7730823,Residential,30
r0167_c0107,40.7744834,-73.7712994,Residential,25
r0167_c0108,40.7744834,-73.7695165,Residential,7
r0167_c0117,40.7744834,-73.7534703,Residential,10
r0167_c0118,40.7744834,-73.7516874,Residential,21
r0167_c0119,40.7744834,-73.7499045,Residential,21
r0167_c0120,40.7744834,-73.7481216,Residential,24
r0167_c0121,40.7744834,-73.7463386,Residential,27
r0167_c0122,40.7744834,-73.7445557,Residential,12
r0167_c0123,40.7744834,-73.7427728,Residential,22
r0167_c0124,40.7744834,-73.7409899,Residential,20
r0167_c0125,40.7744834,-73.739207,Residential,33
r0167_c0126,40.7744834,-73.7374241,Residential,24
r0168_c0015,40.7758348,-73.9353273,Mixed-Use,20
r0168_c0016,40.7758348,-73.9335444,Mixed-Use,23
r0168_c0017,40.7758348,-73.9317615,Industrial,5
r0168_c0018,40.7758348,-73.9299786,Mixed-Use,8
r0168_c0019,40.7758348,-73.9281957,Residential,43
r0168_c0020,40.7758348,-73.9264128,Residential,38
r0168_c0022,40.7758348,-73.9228469,Residential,24
r0168_c0023,40.7758348,-73.921064,Residential,72
r0168_c0024,40.7758348,-73.9192811,Residential,71
r0168_c0025,40.7758348,-73.9174982,Residential,81
r0168_c0026,40.7758348,-73.9157153,Residential,66
r0168_c0027,40.7758348,-73.9139324,Residential,53
r0168_c0028,40.7758348,-73.9121495,Commercial,50
r0168_c0029,40.7758348,-73.9103665,Commercial,31
r0168_c0030,40.7758348,-73.9085836,Mixed-Use,23
r0168_c0031,40.7758348,-73.9068007,Residential,64
r0168_c0032,40.7758348,-73.9050178,Residential,38
r0168_c0033,40.7758348,-73.9032349,Residential,51
r0168_c0034,40.7758348,-73.901452,Residential,54
r0168_c0035,40.7758348,-73.8996691,Industrial,13
r0168_c0036,40.7758348,-73.8978862,Industrial,5
r0168_c0063,40.7758348,-73.8497475,Mixed-Use,3
r0168_c0064,40.7758348,-73.8479646,Residential,38
r0168_c0065,40.7758348,-73.8461817,Residential,56
r0168_c0066,40.7758348,-73.8443988,Residential,71
r0168_c0067,40.7758348,-73.8426159,Residential,48
r0168_c0068,40.7758348,-73.840833,Residential,14
r0168_c0072,40.7758348,-73.8337013,Mixed-Use,4
r0168_c0076,40.7758348,-73.8265697,Residential,29
r0168_c0077,40.7758348,-73.8247868,Residential,30
r0168_c0078,40.7758348,-73.8230039,Commercial,36
r0168_c0079,40.7758348,-73.8212209,Residential,38
r0168_c0080,40.7758348,-73.819438,Residential,38
r0168_c0081,40.7758348,-73.8176551,Residential,20
r0168_c0082,40.7758348,-73.8158722,Open Space,26
r0168_c0083,40.7758348,-73.8140893,Residential,49
r0168_c0084,40.7758348,-73.8123064,Residential,37
r0168_c0085,40.7758348,-73.8105235,Residential,52
r0168_c0086,40.7758348,-73.8087406,Residential,37
r0168_c0087,40.7758348,-73.8069576,Residential,42
r0168_c0088,40.7758348,-73.8051747,Residential,49
r0168_c0089,40.7758348,-73.8033918,Residential,40
r0168_c0090,40.7758348,-73.8016089,Residential,40
r0168_c0091,40.7758348,-73.799826,Residential,37
r0168_c0092,40.7758348,-73.7980431,Residential,34
r0168_c0093,40.7758348,-73.7962602,Residential,47
r0168_c0094,40.7758348,-73.7944773,Residential,42
r0168_c0095,40.7758348,-73.7926944,Residential,31
r0168_c0096,40.7758348,-73.7909114,Residential,40
r0168_c0097,40.7758348,-73.7891285,Residential,38
r0168_c0098,40.7758348,-73.7873456,Residential,38
r0168_c0099,40.7758348,-73.7855627,Residential,23
r0168_c0100,40.7758348,-73.7837798,Residential,22
r0168_c0101,40.7758348,-73.7819969,Residential,34
r0168_c0102,40.7758348,-73.780214,Residential,36
r0168_c0103,40.7758348,-73.7784311,Residential,30
r0168_c0104,40.7758348,-73.7766481,Residential,36
r0168_c0105,40.7758348,-73.7748652,Residential,32
r0168_c0106,40.7758348,-73.7730823,Residential,23
r0168_c0107,40.7758348,-73.7712994,Residential,29
r0168_c0108,40.7758348,-73.7695165,Institutional,14
r0168_c0109,40.7758348,-73.7677336,Residential,16
r0168_c0117,40.7758348,-73.7534703,Residential,15
r0168_c0118,40.7758348,-73.7516874,Residential,19
r0168_c0119,40.7758348,-73.7499045,Residential,26
r0168_c0120,40.7758348,-73.7481216,Residential,25
r0168_c0121,40.7758348,-73.7463386,Residential,22
r0168_c0122,40.7758348,-73.7445557,Open Space,32
r0168_c0123,40.7758348,-73.7427728,Residential,43
r0168_c0124,40.7758348,-73.7409899,Residential,28
r0168_c0125,40.7758348,-73.739207,Residential,13
r0169_c0016,40.7771861,-73.9335444,Industrial,4
r0169_c0017,40.7771861,-73.9317615,Industrial,3
r0169_c0022,40.7771861,-73.9228469,Residential,25
r0169_c0023,40.7771861,-73.921064,Mixed-Use,40
r0169_c0024,40.7771861,-73.9192811,Residential,75
r0169_c0025,40.7771861,-73.9174982,Residential,78
r0169_c0026,40.7771861,-73.9157153,Residential,65
r0169_c0027,40.7771861,-73.9139324,Residential,77
r0169_c0028,40.7771861,-73.9121495,Residential,72
r0169_c0029,40.7771861,-73.9103665,Mixed-Use,31
r0169_c0030,40.7771861,-73.9085836,Residential,33
r0169_c0031,40.7771861,-73.9068007,Residential,61
r0169_c0032,40.7771861,-73.9050178,Residential,62
r0169_c0033,40.7771861,-73.9032349,Residential,47
r0169_c0034,40.7771861,-73.901452,Mixed-Use,12
r0169_c0035,40.7771861,-73.8996691,Industrial,5
r0169_c0036,40.7771861,-73.8978862,Industrial,18
r0169_c0037,40.7771861,-73.8961033,Industrial,27
r0169_c0064,40.7771861,-73.8479646,Residential,32
r0169_c0065,40.7771861,-73.8461817,Residential,56
r0169_c0066,40.7771861,-73.8443988,Residential,61
r0169_c0067,40.7771861,-73.8426159,Residential,34
r0169_c0068,40.7771861,-73.840833,Residential,33
r0169_c0069,40.7771861,-73.8390501,Open Space,31
r0169_c0072,40.7771861,-73.8337013,Mixed-Use,3
r0169_c0076,40.7771861,-73.8265697,Residential,35
r0169_c0077,40.7771861,-73.8247868,Residential,40
r0169_c0078,40.7771861,-73.8230039,Residential,40
r0169_c0079,40.7771861,-73.8212209,Residential,59
r0169_c0080,40.7771861,-73.819438,Residential,63
r0169_c0081,40.7771861,-73.8176551,Residential,66
r0169_c0082,40.7771861,-73.8158722,Residential,57
r0169_c0083,40.7771861,-73.8140893,Residential,44
r0169_c0084,40.7771861,-73.8123064,Residential,27
r0169_c0085,40.7771861,-73.8105235,Residential,54
r0169_c0086,40.7771861,-73.8087406,Residential,31
r0169_c0087,40.7771861,-73.8069576,Residential,32
r0169_c0088,40.7771861,-73.8051747,Residential,46
r0169_c0089,40.7771861,-73.8033918,Residential,41
r0169_c0090,40.7771861,-73.8016089,Residential,33
r0169_c0091,40.7771861,-73.799826,Residential,50
r0169_c0092,40.7771861,-73.7980431,Residential,54
r0169_c0093,40.7771861,-73.7962602,Residential,61
r0169_c0094,40.7771861,-73.7944773,Residential,45
r0169_c0095,40.7771861,-73.7926944,Residential,14
r0169_c0096,40.7771861,-73.7909114,Residential,15
r0169_c0097,40.7771861,-73.7891285,Residential,30
r0169_c0098,40.7771861,-73.7873456,Residential,41
r0169_c0099,40.7771861,-73.7855627,Open Space,16
r0169_c0100,40.7771861,-73.7837798,Residential,7
r0169_c0101,40.7771861,-73.7819969,Residential,19
r0169_c0102,40.7771861,-73.780214,Residential,23
r0169_c0103,40.7771861,-73.7784311,Residential,35
r0169_c0104,40.7771861,-73.7766481,Residential,33
r0169_c0105,40.7771861,-73.7748652,Residential,25
r0169_c0106,40.7771861,-73.7730823,Residential,33
r0169_c0107,40.7771861,-73.7712994,Residential,30
r0169_c0108,40.7771861,-73.7695165,Mixed-Use,18
r0169_c0117,40.7771861,-73.7534703,Residential,15
r0169_c0118,40.7771861,-73.7516874,Residential,16
r0169_c0119,40.7771861,-73.7499045,Residential,23
r0169_c0120,40.7771861,-73.7481216,Residential,32
r0169_c0121,40.7771861,-73.7463386,Residential,26
r0169_c0122,40.7771861,-73.7445557,Open Space,9
r0169_c0123,40.7771861,-73.7427728,Residential,34
r0169_c0124,40.7771861,-73.7409899,Residential,7
r0170_c0023,40.7785375,-73.921064,Residential,51
r0170_c0024,40.7785375,-73.9192811,Residential,56
r0170_c0025,40.7785375,-73.9174982,Residential,69
r0170_c0026,40.7785375,-73.9157153,Residential,62
r0170_c0027,40.7785375,-73.9139324,Residential,48
r0170_c0028,40.7785375,-73.9121495,Residential,35
r0170_c0029,40.7785375,-73.9103665,Residential,82
r0170_c0030,40.7785375,-73.9085836,Residential,35
r0170_c0031,40.7785375,-73.9068007,Residential,93
r0170_c0032,40.7785375,-73.9050178,Residential,45
r0170_c0033,40.7785375,-73.9032349,Institutional,8
r0170_c0034,40.7785375,-73.901452,Industrial,9
r0170_c0035,40.7785375,-73.8996691,Industrial,10
r0170_c0036,40.7785375,-73.8978862,Industrial,23
r0170_c0037,40.7785375,-73.8961033,Industrial,28
r0170_c0038,40.7785375,-73.8943203,Industrial,4
r0170_c0064,40.7785375,-73.8479646,Residential,45
r0170_c0065,40.7785375,-73.8461817,Residential,54
r0170_c0066,40.7785375,-73.8443988,Residential,58
r0170_c0067,40.7785375,-73.8426159,Residential,43
r0170_c0068,40.7785375,-73.840833,Residential,50
r0170_c0069,40.7785375,-73.8390501,Residential,13
r0170_c0070,40.7785375,-73.8372672,Mixed-Use,3
r0170_c0076,40.7785375,-73.8265697,Residential,17
r0170_c0077,40.7785375,-73.8247868,Residential,57
r0170_c0078,40.7785375,-73.8230039,Residential,41
r0170_c0079,40.7785375,-73.8212209,Residential,43
r0170_c0080,40.7785375,-73.819438,Residential,44
r0170_c0081,40.7785375,-73.8176551,Residential,38
r0170_c0082,40.7785375,-73.8158722,Residential,31
r0170_c0083,40.7785375,-73.8140893,Residential,44
r0170_c0084,40.7785375,-73.8123064,Residential,43
r0170_c0085,40.7785375,-73.8105235,Residential,34
r0170_c0086,40.7785375,-73.8087406,Residential,32
r0170_c0087,40.7785375,-73.8069576,Residential,32
r0170_c0088,40.7785375,-73.8051747,Residential,36
r0170_c0089,40.7785375,-73.8033918,Residential,36
r0170_c0090,40.7785375,-73.8016089,Residential,27
r0170_c0091,40.7785375,-73.799826,Institutional,21
r0170_c0092,40.7785375,-73.7980431,Residential,27
r0170_c0093,40.7785375,-73.7962602,Residential,46
r0170_c0094,40.7785375,-73.7944773,Residential,46
r0170_c0098,40.7785375,-73.7873456,Residential,4
r0170_c0099,40.7785375,-73.7855627,Residential,3
r0170_c0100,40.7785375,-73.7837798,Residential,8
r0170_c0101,40.7785375,-73.7819969,Residential,19
r0170_c0104,40.7785375,-73.7766481,Residential,10
r0170_c0105,40.7785375,-73.7748652,Residential,23
r0170_c0106,40.7785375,-73.7730823,Residential,20
r0170_c0107,40.7785375,-73.7712994,Residential,17
r0170_c0108,40.7785375,-73.7695165,Institutional,19
r0170_c0117,40.7785375,-73.7534703,Residential,12
r0170_c0118,40.7785375,-73.7516874,Residential,22
r0170_c0119,40.7785375,-73.7499045,Residential,26
r0170_c0120,40.7785375,-73.7481216,Residential,19
r0170_c0121,40.7785375,-73.7463386,Residential,6
r0170_c0123,40.7785375,-73.7427728,Residential,7
r0171_c0024,40.7798888,-73.9192811,Residential,50
r0171_c0025,40.7798888,-73.9174982,Residential,51
r0171_c0026,40.7798888,-73.9157153,Institutional,41
r0171_c0027,40.7798888,-73.9139324,Residential,64
r0171_c0028,40.7798888,-73.9121495,Institutional,4
r0171_c0029,40.7798888,-73.9103665,Residential,36
r0171_c0030,40.7798888,-73.9085836,Residential,90
r0171_c0031,40.7798888,-73.9068007,Residential,13
r0171_c0032,40.7798888,-73.9050178,Industrial,3
r0171_c0034,40.7798888,-73.901452,Commercial,3
r0171_c0036,40.7798888,-73.8978862,Industrial,13
r0171_c0063,40.7798888,-73.8497475,Open Space,8
r0171_c0064,40.7798888,-73.8479646,Residential,50
r0171_c0065,40.7798888,-73.8461817,Residential,49
r0171_c0066,40.7798888,-73.8443988,Residential,54
r0171_c0067,40.7798888,-73.8426159,Residential,56
r0171_c0068,40.7798888,-73.840833,Residential,49
r0171_c0069,40.7798888,-73.8390501,Mixed-Use,10
r0171_c0070,40.7798888,-73.8372672,Industrial,4
r0171_c0071,40.7798888,-73.8354842,Mixed-Use,3
r0171_c0072,40.7798888,-73.8337013,Mixed-Use,3
r0171_c0077,40.7798888,-73.8247868,Residential,54
r0171_c0078,40.7798888,-73.8230039,Residential,25
r0171_c0079,40.7798888,-73.8212209,Residential,50
r0171_c0080,40.7798888,-73.819438,Residential,51
r0171_c0081,40.7798888,-73.8176551,Residential,53
r0171_c0082,40.7798888,-73.8158722,Residential,49
r0171_c0083,40.7798888,-73.8140893,Residential,51
r0171_c0084,40.7798888,-73.8123064,Residential,41
r0171_c0085,40.7798888,-73.8105235,Residential,57
r0171_c0086,40.7798888,-73.8087406,Residential,37
r0171_c0087,40.7798888,-73.8069576,Residential,45
r0171_c0088,40.7798888,-73.8051747,Residential,37
r0171_c0089,40.7798888,-73.8033918,Residential,33
r0171_c0090,40.7798888,-73.8016089,Residential,26
r0171_c0091,40.7798888,-73.799826,Residential,33
r0171_c0092,40.7798888,-73.7980431,Residential,40
r0171_c0093,40.7798888,-73.7962602,Residential,36
r0171_c0094,40.7798888,-73.7944773,Residential,31
r0171_c0102,40.7798888,-73.780214,Residential,20
r0171_c0103,40.7798888,-73.7784311,Residential,4
r0171_c0105,40.7798888,-73.7748652,Residential,16
r0171_c0106,40.7798888,-73.7730823,Residential,15
r0171_c0107,40.7798888,-73.7712994,Residential,18
r0171_c0108,40.7798888,-73.7695165,Residential,10
r0171_c0117,40.7798888,-73.7534703,Residential,9
r0171_c0118,40.7798888,-73.7516874,Residential,20
r0171_c0119,40.7798888,-73.7499045,Residential,28
r0171_c0120,40.7798888,-73.7481216,Mixed-Use,4
r0172_c0025,40.7812402,-73.9174982,Residential,64
r0172_c0026,40.7812402,-73.9157153,Residential,33
r0172_c0027,40.7812402,-73.9139324,Residential,66
r0172_c0028,40.7812402,-73.9121495,Residential,17
r0172_c0029,40.7812402,-73.9103665,Residential,72
r0172_c0030,40.7812402,-73.9085836,Residential,51
r0172_c0063,40.7812402,-73.8497475,Mixed-Use,12
r0172_c0064,40.7812402,-73.8479646,Residential,52
r0172_c0065,40.7812402,-73.8461817,Residential,52
r0172_c0066,40.7812402,-73.8443988,Residential,34
r0172_c0067,40.7812402,-73.8426159,Residential,55
r0172_c0068,40.7812402,-73.840833,Industrial,13
r0172_c0069,40.7812402,-73.8390501,Mixed-Use,30
r0172_c0070,40.7812402,-73.8372672,Mixed-Use,4
r0172_c0077,40.7812402,-73.8247868,Institutional,7
r0172_c0078,40.7812402,-73.8230039,Residential,34
r0172_c0079,40.7812402,-73.8212209,Residential,40
r0172_c0080,40.7812402,-73.819438,Residential,48
r0172_c0081,40.7812402,-73.8176551,Residential,45
r0172_c0082,40.7812402,-73.8158722,Residential,56
r0172_c0083,40.7812402,-73.8140893,Residential,62
r0172_c0084,40.7812402,-73.8123064,Residential,49
r0172_c0085,40.7812402,-73.8105235,Residential,42
r0172_c0086,40.7812402,-73.8087406,Residential,42
r0172_c0087,40.7812402,-73.8069576,Residential,30
r0172_c0088,40.7812402,-73.8051747,Residential,31
r0172_c0089,40.7812402,-73.8033918,Residential,20
r0172_c0090,40.7812402,-73.8016089,Residential,33
r0172_c0091,40.7812402,-73.799826,Residential,21
r0172_c0092,40.7812402,-73.7980431,Residential,9
r0172_c0094,40.7812402,-73.7944773,Residential,11
r0172_c0095,40.7812402,-73.7926944,Residential,11
r0172_c0096,40.7812402,-73.7909114,Residential,8
r0172_c0103,40.7812402,-73.7784311,Institutional,11
r0172_c0105,40.7812402,-73.7748652,Residential,3
r0172_c0106,40.7812402,-73.7730823,Institutional,6
r0172_c0107,40.7812402,-73.7712994,Open Space,6
r0172_c0118,40.7812402,-73.7516874,Residential,18
r0172_c0119,40.7812402,-73.7499045,Residential,10
r0173_c0024,40.7825915,-73.9192811,Residential,31
r0173_c0025,40.7825915,-73.9174982,Residential,65
r0173_c0026,40.7825915,-73.9157153,Residential,27
r0173_c0027,40.7825915,-73.9139324,Residential,32
r0173_c0028,40.7825915,-73.9121495,Residential,53
r0173_c0059,40.7825915,-73.8568792,Mixed-Use,4
r0173_c0063,40.7825915,-73.8497475,Industrial,11
r0173_c0064,40.7825915,-73.8479646,Residential,57
r0173_c0065,40.7825915,-73.8461817,Mixed-Use,52
r0173_c0066,40.7825915,-73.8443988,Residential,54
r0173_c0067,40.7825915,-73.8426159,Residential,51
r0173_c0068,40.7825915,-73.840833,Industrial,28
r0173_c0069,40.7825915,-73.8390501,Industrial,42
r0173_c0070,40.7825915,-73.8372672,Mixed-Use,7
r0173_c0075,40.7825915,-73.8283526,Commercial,4
r0173_c0076,40.7825915,-73.8265697,Commercial,3
r0173_c0078,40.7825915,-73.8230039,Open Space,20
r0173_c0079,40.7825915,-73.8212209,Residential,40
r0173_c0080,40.7825915,-73.819438,Residential,43
r0173_c0081,40.7825915,-73.8176551,Residential,41
r0173_c0082,40.7825915,-73.8158722,Residential,43
r0173_c0083,40.7825915,-73.8140893,Residential,47
r0173_c0084,40.7825915,-73.8123064,Residential,48
r0173_c0085,40.7825915,-73.8105235,Residential,45
r0173_c0086,40.7825915,-73.8087406,Residential,38
r0173_c0087,40.7825915,-73.8069576,Residential,4
r0173_c0088,40.7825915,-73.8051747,Residential,28
r0173_c0089,40.7825915,-73.8033918,Residential,9
r0173_c0090,40.7825915,-73.8016089,Residential,14
r0173_c0093,40.7825915,-73.7962602,Residential,38
r0173_c0094,40.7825915,-73.7944773,Residential,20
r0173_c0095,40.7825915,-73.7926944,Residential,32
r0173_c0099,40.7825915,-73.7855627,Residential,7
r0173_c0100,40.7825915,-73.7837798,Residential,21
r0173_c0101,40.7825915,-73.7819969,Residential,4
r0173_c0103,40.7825915,-73.7784311,Residential,4
r0173_c0104,40.7825915,-73.7766481,Residential,35
r0173_c0105,40.7825915,-73.7748652,Residential,40
r0173_c0106,40.7825915,-73.7730823,Residential,6
r0173_c0118,40.7825915,-73.7516874,Open Space,3
r0173_c0119,40.7825915,-73.7499045,Mixed-Use,3
r0174_c0025,40.7839429,-73.9174982,Residential,12
r0174_c0026,40.7839429,-73.9157153,Residential,4
r0174_c0027,40.7839429,-73.9139324,Residential,4
r0174_c0028,40.7839429,-73.9121495,Residential,15
r0174_c0058,40.7839429,-73.8586621,Mixed-Use,3
r0174_c0059,40.7839429,-73.8568792,Residential,19
r0174_c0060,40.7839429,-73.8550963,Residential,36
r0174_c0061,40.7839429,-73.8533134,Residential,22
r0174_c0062,40.7839429,-73.8515304,Industrial,8
r0174_c0063,40.7839429,-73.8497475,Industrial,11
r0174_c0064,40.7839429,-73.8479646,Residential,41
r0174_c0065,40.7839429,-73.8461817,Commercial,45
r0174_c0066,40.7839429,-73.8443988,Residential,54
r0174_c0067,40.7839429,-73.8426159,Residential,55
r0174_c0068,40.7839429,-73.840833,Industrial,16
r0174_c0069,40.7839429,-73.8390501,Industrial,20
r0174_c0070,40.7839429,-73.8372672,Industrial,8
r0174_c0071,40.7839429,-73.8354842,Industrial,13
r0174_c0072,40.7839429,-73.8337013,Commercial,4
r0174_c0073,40.7839429,-73.8319184,Commercial,4
r0174_c0076,40.7839429,-73.8265697,Commercial,3
r0174_c0078,40.7839429,-73.8230039,Residential,23
r0174_c0079,40.7839429,-73.8212209,Residential,34
r0174_c0080,40.7839429,-73.819438,Residential,39
r0174_c0081,40.7839429,-73.8176551,Residential,48
r0174_c0082,40.7839429,-73.8158722,Residential,45
r0174_c0083,40.7839429,-73.8140893,Residential,45
r0174_c0084,40.7839429,-73.8123064,Residential,54
r0174_c0085,40.7839429,-73.8105235,Residential,44
r0174_c0086,40.7839429,-73.8087406,Residential,34
r0174_c0087,40.7839429,-73.8069576,Residential,40
r0174_c0088,40.7839429,-73.8051747,Residential,30
r0174_c0089,40.7839429,-73.8033918,Residential,9
r0174_c0091,40.7839429,-73.799826,Residential,16
r0174_c0092,40.7839429,-73.7980431,Residential,19
r0174_c0093,40.7839429,-73.7962602,Institutional,15
r0174_c0094,40.7839429,-73.7944773,Residential,12
r0174_c0095,40.7839429,-73.7926944,Residential,43
r0174_c0099,40.7839429,-73.7855627,Residential,26
r0174_c0100,40.7839429,-73.7837798,Residential,53
r0174_c0101,40.7839429,-73.7819969,Residential,15
r0174_c0103,40.7839429,-73.7784311,Residential,26
r0174_c0104,40.7839429,-73.7766481,Residential,31
r0175_c0059,40.7852942,-73.8568792,Residential,19
r0175_c0060,40.7852942,-73.8550963,Industrial,25
r0175_c0061,40.7852942,-73.8533134,Residential,47
r0175_c0062,40.7852942,-73.8515304,Residential,48
r0175_c0063,40.7852942,-73.8497475,Residential,39
r0175_c0064,40.7852942,-73.8479646,Residential,50
r0175_c0065,40.7852942,-73.8461817,Mixed-Use,28
r0175_c0066,40.7852942,-73.8443988,Institutional,22
r0175_c0067,40.7852942,-73.8426159,Residential,42
r0175_c0068,40.7852942,-73.840833,Residential,41
r0175_c0069,40.7852942,-73.8390501,Mixed-Use,30
r0175_c0070,40.7852942,-73.8372672,Residential,61
r0175_c0071,40.7852942,-73.8354842,Open Space,14
r0175_c0072,40.7852942,-73.8337013,Open Space,21
r0175_c0073,40.7852942,-73.8319184,Residential,33
r0175_c0074,40.7852942,-73.8301355,Residential,32
r0175_c0075,40.7852942,-73.8283526,Residential,41
r0175_c0076,40.7852942,-73.8265697,Residential,36
r0175_c0078,40.7852942,-73.8230039,Residential,36
r0175_c0079,40.7852942,-73.8212209,Residential,40
r0175_c0080,40.7852942,-73.819438,Residential,51
r0175_c0081,40.7852942,-73.8176551,Residential,57
r0175_c0082,40.7852942,-73.8158722,Residential,49
r0175_c0083,40.7852942,-73.8140893,Residential,46
r0175_c0084,40.7852942,-73.8123064,Residential,35
r0175_c0085,40.7852942,-73.8105235,Residential,36
r0175_c0086,40.7852942,-73.8087406,Commercial,19
r0175_c0087,40.7852942,-73.8069576,Residential,34
r0175_c0088,40.7852942,-73.8051747,Residential,28
r0175_c0089,40.7852942,-73.8033918,Residential,13
r0175_c0091,40.7852942,-73.799826,Residential,15
r0175_c0092,40.7852942,-73.7980431,Residential,27
r0175_c0093,40.7852942,-73.7962602,Residential,24
r0175_c0094,40.7852942,-73.7944773,Residential,35
r0175_c0095,40.7852942,-73.7926944,Residential,34
r0175_c0099,40.7852942,-73.7855627,Residential,26
r0175_c0100,40.7852942,-73.7837798,Residential,44
r0175_c0103,40.7852942,-73.7784311,Residential,44
r0175_c0104,40.7852942,-73.7766481,Residential,24
r0176_c0060,40.7866456,-73.8550963,Industrial,6
r0176_c0061,40.7866456,-73.8533134,Industrial,6
r0176_c0062,40.7866456,-73.8515304,Residential,69
r0176_c0063,40.7866456,-73.8497475,Residential,57
r0176_c0064,40.7866456,-73.8479646,Residential,58
r0176_c0065,40.7866456,-73.8461817,Residential,39
r0176_c0066,40.7866456,-73.8443988,Residential,48
r0176_c0067,40.7866456,-73.8426159,Residential,62
r0176_c0068,40.7866456,-73.840833,Residential,54
r0176_c0069,40.7866456,-73.8390501,Residential,63
r0176_c0070,40.7866456,-73.8372672,Industrial,27
r0176_c0071,40.7866456,-73.8354842,Commercial,20
r0176_c0072,40.7866456,-73.8337013,Residential,31
r0176_c0073,40.7866456,-73.8319184,Residential,40
r0176_c0074,40.7866456,-73.8301355,Residential,36
r0176_c0075,40.7866456,-73.8283526,Residential,39
r0176_c0076,40.7866456,-73.8265697,Residential,34
r0176_c0077,40.7866456,-73.8247868,Residential,13
r0176_c0078,40.7866456,-73.8230039,Residential,28
r0176_c0079,40.7866456,-73.8212209,Residential,41
r0176_c0080,40.7866456,-73.819438,Residential,49
r0176_c0081,40.7866456,-73.8176551,Institutional,22
r0176_c0082,40.7866456,-73.8158722,Residential,38
r0176_c0083,40.7866456,-73.8140893,Residential,33
r0176_c0084,40.7866456,-73.8123064,Residential,28
r0176_c0085,40.7866456,-73.8105235,Residential,17
r0176_c0086,40.7866456,-73.8087406,Residential,5
r0176_c0087,40.7866456,-73.8069576,Residential,14
r0176_c0088,40.7866456,-73.8051747,Residential,20
r0176_c0089,40.7866456,-73.8033918,Residential,24
r0176_c0090,40.7866456,-73.8016089,Residential,18
r0176_c0091,40.7866456,-73.799826,Residential,21
r0176_c0092,40.7866456,-73.7980431,Residential,21
r0176_c0093,40.7866456,-73.7962602,Residential,26
r0176_c0094,40.7866456,-73.7944773,Residential,5
r0176_c0095,40.7866456,-73.7926944,Open Space,3
r0176_c0100,40.7866456,-73.7837798,Residential,30
r0176_c0102,40.7866456,-73.780214,Mixed-Use,6
r0176_c0103,40.7866456,-73.7784311,Residential,52
r0176_c0104,40.7866456,-73.7766481,Residential,35
r0177_c0060,40.7879969,-73.8550963,Mixed-Use,7
r0177_c0061,40.7879969,-73.8533134,Mixed-Use,26
r0177_c0062,40.7879969,-73.8515304,Residential,92
r0177_c0063,40.7879969,-73.8497475,Residential,50
r0177_c0064,40.7879969,-73.8479646,Residential,53
r0177_c0065,40.7879969,-73.8461817,Residential,51
r0177_c0066,40.7879969,-73.8443988,Residential,53
r0177_c0067,40.7879969,-73.8426159,Residential,54
r0177_c0068,40.7879969,-73.840833,Residential,54
r0177_c0069,40.7879969,-73.8390501,Residential,64
r0177_c0070,40.7879969,-73.8372672,Open Space,23
r0177_c0071,40.7879969,-73.8354842,Open Space,19
r0177_c0072,40.7879969,-73.8337013,Mixed-Use,15
r0177_c0073,40.7879969,-73.8319184,Residential,24
r0177_c0074,40.7879969,-73.8301355,Residential,30
r0177_c0075,40.7879969,-73.8283526,Residential,35
r0177_c0076,40.7879969,-73.8265697,Residential,32
r0177_c0077,40.7879969,-73.8247868,Residential,27
r0177_c0078,40.7879969,-73.8230039,Residential,16
r0177_c0079,40.7879969,-73.8212209,Residential,41
r0177_c0080,40.7879969,-73.819438,Residential,36
r0177_c0081,40.7879969,-73.8176551,Residential,18
r0177_c0082,40.7879969,-73.8158722,Commercial,11
r0177_c0083,40.7879969,-73.8140893,Commercial,28
r0177_c0084,40.7879969,-73.8123064,Mixed-Use,26
r0177_c0085,40.7879969,-73.8105235,Residential,8
r0177_c0086,40.7879969,-73.8087406,Commercial,11
r0177_c0087,40.7879969,-73.8069576,Residential,44
r0177_c0088,40.7879969,-73.8051747,Residential,39
r0177_c0089,40.7879969,-73.8033918,Residential,30
r0177_c0090,40.7879969,-73.8016089,Residential,28
r0177_c0091,40.7879969,-73.799826,Residential,26
r0177_c0092,40.7879969,-73.7980431,Residential,26
r0177_c0093,40.7879969,-73.7962602,Residential,35
r0177_c0094,40.7879969,-73.7944773,Residential,5
r0177_c0100,40.7879969,-73.7837798,Residential,16
r0177_c0101,40.7879969,-73.7819969,Residential,7
r0177_c0102,40.7879969,-73.780214,Residential,28
r0177_c0103,40.7879969,-73.7784311,Residential,22
r0178_c0060,40.7893483,-73.8550963,Residential,15
r0178_c0061,40.7893483,-73.8533134,Mixed-Use,62
r0178_c0062,40.7893483,-73.8515304,Residential,45
r0178_c0063,40.7893483,-73.8497475,Residential,43
r0178_c0064,40.7893483,-73.8479646,Residential,50
r0178_c0065,40.7893483,-73.8461817,Residential,54
r0178_c0066,40.7893483,-73.8443988,Residential,52
r0178_c0067,40.7893483,-73.8426159,Residential,58
r0178_c0068,40.7893483,-73.840833,Residential,55
r0178_c0069,40.7893483,-73.8390501,Residential,36
r0178_c0070,40.7893483,-73.8372672,Open Space,13
r0178_c0071,40.7893483,-73.8354842,Open Space,4
r0178_c0072,40.7893483,-73.8337013,Mixed-Use,8
r0178_c0073,40.7893483,-73.8319184,Mixed-Use,13
r0178_c0074,40.7893483,-73.8301355,Residential,29
r0178_c0075,40.7893483,-73.8283526,Residential,29
r0178_c0076,40.7893483,-73.8265697,Residential,30
r0178_c0077,40.7893483,-73.8247868,Residential,20
r0178_c0079,40.7893483,-73.8212209,Residential,14
r0178_c0080,40.7893483,-73.819438,Residential,21
r0178_c0081,40.7893483,-73.8176551,Residential,31
r0178_c0082,40.7893483,-73.8158722,Residential,39
r0178_c0083,40.7893483,-73.8140893,Mixed-Use,39
r0178_c0084,40.7893483,-73.8123064,Commercial,39
r0178_c0085,40.7893483,-73.8105235,Residential,24
r0178_c0086,40.7893483,-73.8087406,Residential,22
r0178_c0087,40.7893483,-73.8069576,Residential,35
r0178_c0088,40.7893483,-73.8051747,Residential,32
r0178_c0089,40.7893483,-73.8033918,Residential,36
r0178_c0090,40.7893483,-73.8016089,Residential,28
r0178_c0091,40.7893483,-73.799826,Residential,29
r0178_c0092,40.7893483,-73.7980431,Residential,32
r0178_c0093,40.7893483,-73.7962602,Residential,29
r0178_c0094,40.7893483,-73.7944773,Residential,17
r0178_c0101,40.7893483,-73.7819969,Residential,7
r0179_c0062,40.7906996,-73.8515304,Residential,52
r0179_c0063,40.7906996,-73.8497475,Residential,67
r0179_c0064,40.7906996,-73.8479646,Residential,47
r0179_c0065,40.7906996,-73.8461817,Residential,44
r0179_c0066,40.7906996,-73.8443988,Residential,49
r0179_c0067,40.7906996,-73.8426159,Residential,57
r0179_c0068,40.7906996,-73.840833,Residential,47
r0179_c0069,40.7906996,-73.8390501,Residential,29
r0179_c0070,40.7906996,-73.8372672,Open Space,12
r0179_c0071,40.7906996,-73.8354842,Open Space,4
r0179_c0073,40.7906996,-73.8319184,Residential,6
r0179_c0074,40.7906996,-73.8301355,Residential,17
r0179_c0075,40.7906996,-73.8283526,Residential,24
r0179_c0076,40.7906996,-73.8265697,Residential,19
r0179_c0077,40.7906996,-73.8247868,Residential,28
r0179_c0079,40.7906996,-73.8212209,Residential,26
r0179_c0080,40.7906996,-73.819438,Residential,41
r0179_c0081,40.7906996,-73.8176551,Residential,36
r0179_c0082,40.7906996,-73.8158722,Residential,38
r0179_c0083,40.7906996,-73.8140893,Institutional,20
r0179_c0084,40.7906996,-73.8123064,Mixed-Use,33
r0179_c0085,40.7906996,-73.8105235,Residential,51
r0179_c0086,40.7906996,-73.8087406,Residential,38
r0179_c0087,40.7906996,-73.8069576,Residential,39
r0179_c0088,40.7906996,-73.8051747,Residential,49
r0179_c0089,40.7906996,-73.8033918,Residential,42
r0179_c0090,40.7906996,-73.8016089,Residential,24
r0179_c0091,40.7906996,-73.799826,Residential,33
r0179_c0092,40.7906996,-73.7980431,Residential,28
r0179_c0093,40.7906996,-73.7962602,Residential,29
r0179_c0094,40.7906996,-73.7944773,Mixed-Use,15
r0180_c0062,40.792051,-73.8515304,Residential,7
r0180_c0063,40.792051,-73.8497475,Residential,27
r0180_c0064,40.792051,-73.8479646,Residential,52
r0180_c0065,40.792051,-73.8461817,Residential,53
r0180_c0066,40.792051,-73.8443988,Residential,53
r0180_c0067,40.792051,-73.8426159,Residential,41
r0180_c0068,40.792051,-73.840833,Residential,36
r0180_c0069,40.792051,-73.8390501,Residential,13
r0180_c0070,40.792051,-73.8372672,Mixed-Use,5
r0180_c0075,40.792051,-73.8283526,Residential,10
r0180_c0076,40.792051,-73.8265697,Residential,15
r0180_c0077,40.792051,-73.8247868,Residential,16
r0180_c0078,40.792051,-73.8230039,Residential,16
r0180_c0079,40.792051,-73.8212209,Residential,42
r0180_c0080,40.792051,-73.819438,Residential,37
r0180_c0081,40.792051,-73.8176551,Residential,33
r0180_c0082,40.792051,-73.8158722,Residential,40
r0180_c0083,40.792051,-73.8140893,Residential,23
r0180_c0084,40.792051,-73.8123064,Residential,43
r0180_c0085,40.792051,-73.8105235,Residential,55
r0180_c0086,40.792051,-73.8087406,Institutional,22
r0180_c0087,40.792051,-73.8069576,Residential,39
r0180_c0088,40.792051,-73.8051747,Residential,40
r0180_c0089,40.792051,-73.8033918,Residential,46
r0180_c0090,40.792051,-73.8016089,Residential,27
r0180_c0091,40.792051,-73.799826,Residential,18
r0180_c0092,40.792051,-73.7980431,Residential,21
r0180_c0093,40.792051,-73.7962602,Residential,7
r0181_c0064,40.7934023,-73.8479646,Residential,49
r0181_c0065,40.7934023,-73.8461817,Residential,7
r0181_c0066,40.7934023,-73.8443988,Residential,11
r0181_c0067,40.7934023,-73.8426159,Residential,53
r0181_c0068,40.7934023,-73.840833,Residential,25
r0181_c0076,40.7934023,-73.8265697,Residential,20
r0181_c0077,40.7934023,-73.8247868,Residential,14
r0181_c0078,40.7934023,-73.8230039,Residential,30
r0181_c0079,40.7934023,-73.8212209,Residential,36
r0181_c0080,40.7934023,-73.819438,Residential,37
r0181_c0081,40.7934023,-73.8176551,Residential,30
r0181_c0082,40.7934023,-73.8158722,Residential,33
r0181_c0083,40.7934023,-73.8140893,Residential,38
r0181_c0084,40.7934023,-73.8123064,Residential,35
r0181_c0085,40.7934023,-73.8105235,Residential,43
r0181_c0086,40.7934023,-73.8087406,Residential,27
r0181_c0087,40.7934023,-73.8069576,Residential,25
r0181_c0088,40.7934023,-73.8051747,Residential,37
r0181_c0089,40.7934023,-73.8033918,Residential,36
r0181_c0090,40.7934023,-73.8016089,Residential,56
r0181_c0091,40.7934023,-73.799826,Residential,23
r0181_c0092,40.7934023,-73.7980431,Residential,6
r0181_c0093,40.7934023,-73.7962602,Residential,4
r0182_c0064,40.7947537,-73.8479646,Residential,38
r0182_c0065,40.7947537,-73.8461817,Residential,3
r0182_c0075,40.7947537,-73.8283526,Residential,3
r0182_c0076,40.7947537,-73.8265697,Residential,18
r0182_c0077,40.7947537,-73.8247868,Residential,20
r0182_c0078,40.7947537,-73.8230039,Residential,41
r0182_c0079,40.7947537,-73.8212209,Residential,39
r0182_c0080,40.7947537,-73.819438,Residential,47
r0182_c0081,40.7947537,-73.8176551,Residential,33
r0182_c0082,40.7947537,-73.8158722,Residential,28
r0182_c0083,40.7947537,-73.8140893,Residential,31
r0182_c0084,40.7947537,-73.8123064,Residential,39
r0182_c0085,40.7947537,-73.8105235,Residential,25
r0182_c0087,40.7947537,-73.8069576,Commercial,11
r0182_c0088,40.7947537,-73.8051747,Residential,31
r0182_c0089,40.7947537,-73.8033918,Residential,34
r0182_c0090,40.7947537,-73.8016089,Residential,53
r0182_c0091,40.7947537,-73.799826,Residential,15
r0183_c0075,40.796105,-73.8283526,Residential,5
r0183_c0076,40.796105,-73.8265697,Residential,10
r0183_c0077,40.796105,-73.8247868,Open Space,8
r0183_c0078,40.796105,-73.8230039,Residential,25
r0183_c0079,40.796105,-73.8212209,Residential,33
r0183_c0080,40.796105,-73.819438,Residential,41
r0183_c0081,40.796105,-73.8176551,Residential,37
r0183_c0082,40.796105,-73.8158722,Residential,34
r0183_c0083,40.796105,-73.8140893,Residential,31
r0183_c0084,40.796105,-73.8123064,Mixed-Use,20
r0183_c0088,40.796105,-73.8051747,Residential,12
r0183_c0089,40.796105,-73.8033918,Residential,14
r0183_c0090,40.796105,-73.8016089,Residential,8
r0183_c0091,40.796105,-73.799826,Residential,6
r0184_c0078,40.7974564,-73.8230039,Residential,20
r0184_c0079,40.7974564,-73.8212209,Residential,33
r0184_c0080,40.7974564,-73.819438,Residential,33
r0184_c0081,40.7974564,-73.8176551,Residential,30
r0184_c0082,40.7974564,-73.8158722,Residential,33
r0184_c0083,40.7974564,-73.8140893,Residential,14
r0184_c0084,40.7974564,-73.8123064,Open Space,6
r0185_c0078,40.7988077,-73.8230039,Residential,3
r0185_c0079,40.7988077,-73.8212209,Residential,24
r0185_c0080,40.7988077,-73.819438,Residential,35
r0185_c0081,40.7988077,-73.8176551,Residential,27
r0185_c0082,40.7988077,-73.8158722,Mixed-Use,13
r0185_c0083,40.7988077,-73.8140893,Mixed-Use,3
r0186_c0079,40.8001591,-73.8212209,Residential,9
r0186_c0080,40.8001591,-73.819438,Residential,14
