cell_id,cell_lat,cell_lon,zone_type,cell_lot_count,amenity_density,amenity_ratio_food_drink,avg_floors,avg_yearbuilt,total_bldg_area,building_count,landuse_entropy,tourism_density,shop_density_km2,brand_ratio
r0009_c0033,40.5609699,-73.9032349,Open Space,3,577.78,0.0,,,0.0,0,-0.0,0.0,0.0,0.0
r0014_c0055,40.5677266,-73.8640108,Residential,5,444.44,0.0,2.1,1935.0,16436.0,9,-0.0,0.0,0.0,0.0
r0014_c0056,40.5677266,-73.8622279,Residential,10,177.78,0.0,1.9,1948.0,22221.0,12,0.8758,0.0,0.0,0.0
r0015_c0055,40.569078,-73.8640108,Residential,18,177.78,0.0,1.9,1942.0,43291.0,32,-0.0,0.0,0.0,0.0
r0015_c0056,40.569078,-73.8622279,Residential,23,88.89,0.0,2.1,1932.0,76054.0,39,-0.0,0.0,0.0,0.0
r0015_c0057,40.569078,-73.860445,Residential,17,400.0,0.0,2.4,1949.0,67301.0,25,-0.0,0.0,0.0,0.0
r0015_c0058,40.569078,-73.8586621,Residential,8,222.22,0.0,2.3,1952.0,36329.0,10,-0.0,0.0,0.0,0.0
r0016_c0054,40.5704293,-73.8657937,Open Space,7,44.44,0.0,1.8,1981.0,13571.0,9,0.213,0.0,0.0,0.0
r0016_c0055,40.5704293,-73.8640108,Residential,35,133.33,0.0,1.8,1955.0,71086.0,60,-0.0,0.0,0.0,0.0
r0016_c0056,40.5704293,-73.8622279,Residential,18,88.89,0.0,1.9,1931.0,42001.0,30,0.5005,0.0,0.0,0.0
r0016_c0057,40.5704293,-73.860445,Residential,23,444.44,0.0,2.0,1934.0,64998.0,34,-0.0,0.0,0.0,0.0
r0016_c0058,40.5704293,-73.8586621,Residential,29,355.56,0.0,2.3,1946.0,88566.0,45,0.2529,0.0,0.0,0.0
r0016_c0059,40.5704293,-73.8568792,Residential,29,311.11,0.0,2.1,1938.0,55162.0,36,0.5758,0.0,0.0,0.0
r0016_c0060,40.5704293,-73.8550963,Residential,11,88.89,0.0,2.5,1964.0,31003.0,17,0.3634,0.0,0.0,0.0
r0017_c0054,40.5717807,-73.8657937,Residential,26,266.67,0.0,1.5,1946.0,44812.0,46,-0.0,0.0,0.0,0.0
r0017_c0055,40.5717807,-73.8640108,Residential,36,355.56,0.0,1.7,1945.0,62352.0,61,-0.0,0.0,0.0,0.0
r0017_c0056,40.5717807,-73.8622279,Residential,47,222.22,0.0,1.8,1941.0,89321.0,70,0.2327,0.0,0.0,0.0
r0017_c0057,40.5717807,-73.860445,Residential,25,400.0,0.0,1.9,1946.0,68624.0,37,0.0986,0.0,0.0,0.0
r0017_c0058,40.5717807,-73.8586621,Residential,21,177.78,0.0,2.2,1938.0,55334.0,31,-0.0,0.0,0.0,0.0
r0017_c0059,40.5717807,-73.8568792,Residential,35,355.56,0.0,2.0,1940.0,71606.0,57,0.2266,0.0,0.0,0.0
r0017_c0060,40.5717807,-73.8550963,Residential,41,488.89,0.0,2.2,1931.0,92482.0,77,-0.0,0.0,0.0,0.0
r0017_c0061,40.5717807,-73.8533134,Residential,33,444.44,0.0,2.1,1949.0,77956.0,53,0.7269,0.0,0.0,0.0
r0017_c0062,40.5717807,-73.8515304,Residential,11,177.78,0.0,2.0,1954.0,24561.0,15,0.5831,0.0,0.0,0.0
r0018_c0054,40.573132,-73.8657937,Open Space,12,177.78,0.0,1.8,1951.0,17904.0,13,1.0404,0.0,0.0,0.0
r0018_c0055,40.573132,-73.8640108,Residential,27,266.67,0.0,1.7,1950.0,66459.0,37,1.1263,0.0,0.0,0.0
r0018_c0056,40.573132,-73.8622279,Residential,34,488.89,0.0,1.9,1935.0,68407.0,59,-0.0,0.0,0.0,0.0
r0018_c0057,40.573132,-73.860445,Residential,32,488.89,0.0,2.0,1923.0,73008.0,59,-0.0,0.0,0.0,0.0
r0018_c0058,40.573132,-73.8586621,Residential,35,266.67,0.0,2.1,1930.0,69607.0,67,-0.0,0.0,0.0,0.0
r0018_c0059,40.573132,-73.8568792,Residential,33,266.67,0.0,2.1,1936.0,82649.0,61,-0.0,0.0,0.0,0.0
r0018_c0060,40.573132,-73.8550963,Residential,30,400.0,0.0,2.2,1934.0,73550.0,45,0.2669,0.0,0.0,0.0
r0018_c0061,40.573132,-73.8533134,Residential,32,355.56,0.0,2.2,1931.0,70658.0,52,0.1249,0.0,0.0,0.0
r0018_c0062,40.573132,-73.8515304,Residential,38,266.67,0.0,2.2,1936.0,94549.0,70,-0.0,0.0,0.0,0.0
r0018_c0063,40.573132,-73.8497475,Residential,33,400.0,0.0,2.0,1940.0,80730.0,49,0.5782,0.0,0.0,0.0
r0018_c0064,40.573132,-73.8479646,Residential,11,133.33,0.0,2.2,1939.0,25360.0,13,1.1048,0.0,0.0,0.0
r0019_c0055,40.5744834,-73.8640108,Open Space,10,222.22,0.0,1.7,1958.0,13938.0,11,1.3377,0.0,0.0,0.0
r0019_c0056,40.5744834,-73.8622279,Residential,42,711.11,0.0,1.8,1954.0,78427.0,70,0.1414,0.0,0.0,0.0
r0019_c0057,40.5744834,-73.860445,Residential,32,222.22,0.0,1.7,1938.0,56005.0,57,0.1639,0.0,0.0,0.0
r0019_c0058,40.5744834,-73.8586621,Residential,29,311.11,0.0,2.0,1938.0,66462.0,45,0.2848,0.0,0.0,0.0
r0019_c0059,40.5744834,-73.8568792,Residential,37,488.89,0.0,2.0,1930.0,78419.0,67,-0.0,0.0,0.0,0.0
r0019_c0060,40.5744834,-73.8550963,Residential,39,355.56,0.0,2.2,1928.0,87548.0,68,0.3858,0.0,0.0,0.0
r0019_c0061,40.5744834,-73.8533134,Residential,33,311.11,0.0,2.3,1932.0,77127.0,58,0.5953,0.0,0.0,0.0
r0019_c0062,40.5744834,-73.8515304,Residential,25,222.22,0.0,2.3,1936.0,94204.0,39,1.1914,0.0,0.0,0.0
r0019_c0063,40.5744834,-73.8497475,Residential,34,266.67,0.0,2.2,1932.0,87191.0,61,0.4321,0.0,0.0,0.0
r0019_c0064,40.5744834,-73.8479646,Residential,46,444.44,0.0,2.1,1941.0,100918.0,71,0.3299,0.0,0.0,0.0
r0019_c0065,40.5744834,-73.8461817,Residential,45,44.44,0.0,2.2,1963.0,107436.0,48,0.9723,0.0,0.0,0.0
r0019_c0066,40.5744834,-73.8443988,Open Space,14,177.78,0.0,2.1,1952.0,35349.0,14,0.0796,0.0,0.0,0.0
r0020_c0055,40.5758348,-73.8640108,Mixed-Use,3,0.0,0.0,,,0.0,0,-0.0,0.0,0.0,0.0
r0020_c0056,40.5758348,-73.8622279,Residential,19,311.11,0.0,1.8,1944.0,38553.0,29,0.6504,0.0,0.0,0.0
r0020_c0057,40.5758348,-73.860445,Residential,39,400.0,0.0,1.7,1937.0,64230.0,66,0.1586,0.0,0.0,0.0
r0020_c0058,40.5758348,-73.8586621,Residential,42,133.33,0.0,1.8,1940.0,84376.0,75,-0.0,0.0,0.0,0.0
r0020_c0059,40.5758348,-73.8568792,Residential,40,444.44,0.0,2.1,1938.0,92969.0,62,0.4346,0.0,0.0,0.0
r0020_c0060,40.5758348,-73.8550963,Residential,40,355.56,0.0,2.2,1931.0,73092.0,73,0.232,0.0,0.0,0.0
r0020_c0061,40.5758348,-73.8533134,Residential,38,222.22,0.0,2.1,1933.0,76511.0,67,0.3591,0.0,0.0,0.0
r0020_c0062,40.5758348,-73.8515304,Residential,36,222.22,0.0,2.2,1929.0,83407.0,68,0.21,0.0,0.0,0.0
r0020_c0063,40.5758348,-73.8497475,Residential,30,222.22,0.0,2.1,1927.0,75192.0,53,0.2927,0.0,0.0,0.0
r0020_c0064,40.5758348,-73.8479646,Mixed-Use,23,266.67,0.0,2.2,1939.0,82683.0,30,2.1319,0.0,0.0,0.0
r0020_c0065,40.5758348,-73.8461817,Residential,45,177.78,0.0,2.0,1950.0,110821.0,71,0.7783,0.0,0.0,0.0
r0020_c0066,40.5758348,-73.8443988,Residential,41,88.89,0.0,2.1,1938.0,113569.0,69,1.0933,0.0,0.0,0.0
r0020_c0067,40.5758348,-73.8426159,Residential,28,133.33,0.0,2.4,1961.0,242253.0,31,2.0378,0.0,0.0,0.0
r0020_c0068,40.5758348,-73.840833,Residential,9,88.89,0.0,3.1,1946.0,151879.0,9,1.4353,0.0,0.0,0.0
r0021_c0057,40.5771861,-73.860445,Residential,16,355.56,0.0,1.7,1943.0,33015.0,18,0.9356,0.0,0.0,0.0
r0021_c0058,40.5771861,-73.8586621,Residential,29,266.67,0.0,1.8,1944.0,100041.0,42,0.9511,0.0,0.0,0.0
r0021_c0059,40.5771861,-73.8568792,Residential,38,400.0,0.0,2.0,1936.0,74225.0,69,0.2203,0.0,0.0,0.0
r0021_c0060,40.5771861,-73.8550963,Institutional,27,266.67,0.0,2.1,1933.0,142380.0,45,1.1975,0.0,0.0,0.0
r0021_c0061,40.5771861,-73.8533134,Residential,38,266.67,0.0,2.0,1934.0,76690.0,65,0.5072,0.0,0.0,0.0
r0021_c0062,40.5771861,-73.8515304,Residential,31,177.78,0.0,2.0,1940.0,70371.0,49,0.6233,0.0,0.0,0.0
r0021_c0063,40.5771861,-73.8497475,Residential,33,444.44,0.0,2.1,1962.0,83817.0,50,0.4421,0.0,0.0,0.0
r0021_c0064,40.5771861,-73.8479646,Residential,32,266.67,0.0,2.1,1925.0,115475.0,58,0.8198,0.0,0.0,0.0
r0021_c0065,40.5771861,-73.8461817,Residential,36,133.33,0.0,2.3,1930.0,78998.0,62,0.6284,0.0,0.0,0.0
r0021_c0066,40.5771861,-73.8443988,Residential,20,177.78,0.0,2.3,1941.0,139195.0,39,1.5367,0.0,0.0,0.0
r0021_c0067,40.5771861,-73.8426159,Residential,41,222.22,0.0,2.4,1942.0,135846.0,57,1.2377,0.0,0.0,0.0
r0021_c0068,40.5771861,-73.840833,Residential,44,355.56,0.0,2.4,1946.0,156682.0,56,1.2426,0.0,0.0,0.0
r0021_c0069,40.5771861,-73.8390501,Residential,29,355.56,0.0,3.3,1950.0,335235.0,32,1.957,0.0,0.0,0.0
r0021_c0070,40.5771861,-73.8372672,Residential,6,88.89,0.0,2.7,1987.0,94996.0,6,0.9597,0.0,0.0,0.0
r0022_c0059,40.5785375,-73.8568792,Residential,35,400.0,0.0,1.9,1936.0,65793.0,62,-0.0,0.0,0.0,0.0
r0022_c0060,40.5785375,-73.8550963,Residential,35,444.44,0.0,1.9,1940.0,63733.0,63,0.1738,0.0,0.0,0.0
r0022_c0061,40.5785375,-73.8533134,Residential,33,266.67,0.0,2.0,1934.0,67937.0,57,0.2195,0.0,0.0,0.0
r0022_c0062,40.5785375,-73.8515304,Residential,39,266.67,0.0,2.1,1944.0,69240.0,66,0.1529,0.0,0.0,0.0
r0022_c0063,40.5785375,-73.8497475,Residential,48,533.33,0.25,1.9,1957.0,128956.0,62,2.0319,0.0,177.78,0.0
r0022_c0064,40.5785375,-73.8479646,Residential,37,400.0,0.0,2.1,1934.0,80205.0,63,0.7734,0.0,0.0,0.0
r0022_c0065,40.5785375,-73.8461817,Residential,41,88.89,0.0,2.0,1936.0,80837.0,66,0.4223,0.0,0.0,0.0
r0022_c0066,40.5785375,-73.8443988,Residential,42,355.56,0.0,2.2,1937.0,112164.0,64,0.9245,0.0,0.0,0.0
r0022_c0067,40.5785375,-73.8426159,Residential,33,355.56,0.0,2.2,1948.0,95331.0,45,1.8051,0.0,0.0,0.0
r0022_c0068,40.5785375,-73.840833,Residential,26,133.33,0.0,2.4,1946.0,103573.0,31,1.6336,0.0,0.0,0.0
r0022_c0069,40.5785375,-73.8390501,Residential,46,88.89,0.0,2.4,1922.0,118218.0,56,1.3106,0.0,0.0,0.0
r0022_c0070,40.5785375,-73.8372672,Residential,35,622.22,0.2143,2.9,1944.0,424785.0,42,2.197,0.0,133.33,0.0
r0022_c0071,40.5785375,-73.8354842,Institutional,10,355.56,0.0,3.3,1965.0,296578.0,8,1.6692,0.0,0.0,0.0
r0022_c0072,40.5785375,-73.8337013,Institutional,5,177.78,0.0,3.4,1950.0,135498.0,5,0.6723,0.0,0.0,0.0
r0023_c0060,40.5798888,-73.8550963,Residential,23,400.0,0.0,2.1,1937.0,39978.0,38,0.5445,0.0,0.0,0.0
r0023_c0061,40.5798888,-73.8533134,Residential,46,577.78,0.0,1.9,1936.0,82068.0,78,-0.0,0.0,0.0,0.0
r0023_c0062,40.5798888,-73.8515304,Residential,44,266.67,0.0,2.1,1934.0,91513.0,68,0.8087,0.0,0.0,0.0
r0023_c0063,40.5798888,-73.8497475,Residential,36,400.0,0.0,1.8,1950.0,84618.0,45,0.6167,0.0,0.0,0.0
r0023_c0064,40.5798888,-73.8479646,Residential,46,88.89,0.0,2.0,1939.0,82007.0,73,0.2719,0.0,0.0,0.0
r0023_c0065,40.5798888,-73.8461817,Residential,48,577.78,0.0,2.0,1935.0,81634.0,73,0.4174,0.0,0.0,0.0
r0023_c0066,40.5798888,-73.8443988,Residential,44,266.67,0.0,2.2,1932.0,88325.0,74,0.6978,0.0,0.0,0.0
r0023_c0067,40.5798888,-73.8426159,Residential,38,177.78,0.0,2.1,1934.0,89625.0,53,0.7915,0.0,0.0,0.0
r0023_c0068,40.5798888,-73.840833,Residential,39,444.44,0.0,2.5,1927.0,94073.0,64,1.1287,0.0,0.0,0.0
r0023_c0069,40.5798888,-73.8390501,Residential,44,88.89,0.0,2.5,1918.0,103848.0,69,1.1986,0.0,0.0,0.0
r0023_c0070,40.5798888,-73.8372672,Commercial,34,1911.11,0.3256,2.0,1928.0,138836.0,40,1.7451,0.0,844.44,0.0526
r0023_c0071,40.5798888,-73.8354842,Residential,44,44.44,0.0,2.5,1924.0,204946.0,49,2.0011,44.44,0.0,0.0
r0023_c0072,40.5798888,-73.8337013,Residential,40,266.67,0.0,2.5,1925.0,85781.0,56,1.7502,0.0,0.0,0.0
r0023_c0073,40.5798888,-73.8319184,Institutional,7,88.89,0.0,2.5,1950.0,138715.0,10,0.4548,0.0,0.0,0.0
r0023_c0074,40.5798888,-73.8301355,Institutional,29,355.56,0.0,1.1,1926.0,120691.0,66,1.4317,0.0,0.0,0.0
r0024_c0061,40.5812402,-73.8533134,Residential,10,44.44,0.0,1.8,1944.0,20291.0,16,-0.0,0.0,0.0,0.0
r0024_c0062,40.5812402,-73.8515304,Residential,31,266.67,0.0,1.8,1942.0,73548.0,42,-0.0,0.0,0.0,0.0
r0024_c0063,40.5812402,-73.8497475,Residential,42,266.67,0.0,1.7,1948.0,76143.0,65,-0.0,0.0,0.0,0.0
r0024_c0064,40.5812402,-73.8479646,Residential,27,400.0,0.0,1.8,1944.0,66817.0,40,1.2173,0.0,0.0,0.0
r0024_c0065,40.5812402,-73.8461817,Residential,32,400.0,0.0,1.9,1958.0,67505.0,35,0.6585,0.0,0.0,0.0
r0024_c0066,40.5812402,-73.8443988,Residential,26,222.22,0.0,2.3,1932.0,62218.0,39,0.38,0.0,0.0,0.0
r0024_c0067,40.5812402,-73.8426159,Residential,33,355.56,0.0,2.3,1936.0,71192.0,50,0.6763,0.0,0.0,0.0
r0024_c0068,40.5812402,-73.840833,Residential,28,88.89,0.0,2.0,1938.0,62106.0,42,0.7463,0.0,0.0,0.0
r0024_c0069,40.5812402,-73.8390501,Residential,29,222.22,0.2,2.2,1936.0,85817.0,41,2.1771,0.0,88.89,0.5
r0024_c0070,40.5812402,-73.8372672,Commercial,11,1066.67,0.125,1.4,1954.0,34197.0,7,1.777,44.44,488.89,0.0909
r0024_c0071,40.5812402,-73.8354842,Commercial,5,133.33,0.0,1.1,1970.0,80839.0,7,0.4391,0.0,88.89,1.0
r0024_c0072,40.5812402,-73.8337013,Mixed-Use,15,44.44,0.0,2.0,1934.0,42254.0,27,0.8303,0.0,0.0,0.0
r0024_c0073,40.5812402,-73.8319184,Institutional,19,44.44,0.0,2.2,1967.0,111985.0,28,1.8917,0.0,0.0,0.0
r0024_c0074,40.5812402,-73.8301355,Residential,24,400.0,0.5556,1.6,1929.0,105343.0,76,1.3764,44.44,88.89,0.0
r0025_c0063,40.5825915,-73.8497475,Mixed-Use,3,0.0,0.0,,,0.0,0,-0.0,0.0,0.0,0.0
r0025_c0069,40.5825915,-73.8390501,Commercial,4,355.56,0.125,2.5,1972.0,12479.0,2,0.8959,0.0,44.44,0.0
r0025_c0070,40.5825915,-73.8372672,Commercial,7,888.89,0.2,1.6,1952.0,55505.0,6,0.7284,0.0,222.22,0.0
r0025_c0071,40.5825915,-73.8354842,Mixed-Use,6,666.67,0.0667,1.2,1951.0,17144.0,6,1.2086,0.0,355.56,0.0
r0025_c0072,40.5825915,-73.8337013,Mixed-Use,3,222.22,0.2,,,0.0,0,0.8919,44.44,0.0,0.0
r0025_c0074,40.5825915,-73.8301355,Mixed-Use,13,266.67,0.0,1.7,1919.0,10601.0,22,1.8782,0.0,0.0,0.0
r0025_c0075,40.5825915,-73.8283526,Commercial,5,222.22,0.0,3.5,2016.0,176108.0,2,1.5573,44.44,44.44,1.0
r0025_c0076,40.5825915,-73.8265697,Residential,3,800.0,0.0556,8.0,1992.0,340560.0,2,0.8693,0.0,0.0,0.0
r0025_c0079,40.5825915,-73.8212209,Residential,11,44.44,0.0,2.8,1966.0,218591.0,44,1.1966,0.0,0.0,0.0
r0025_c0080,40.5825915,-73.819438,Mixed-Use,9,0.0,0.0,2.7,2000.0,18192.0,9,1.1733,0.0,0.0,0.0
r0026_c0074,40.5839429,-73.8301355,Mixed-Use,5,133.33,0.0,,,0.0,7,0.2332,0.0,0.0,0.0
r0026_c0076,40.5839429,-73.8265697,Mixed-Use,7,177.78,0.0,,,0.0,5,0.7673,0.0,0.0,0.0
r0026_c0077,40.5839429,-73.8247868,Institutional,10,444.44,0.0,2.1,1993.0,210169.0,28,1.6661,0.0,0.0,0.0
r0026_c0078,40.5839429,-73.8230039,Commercial,18,266.67,0.0,2.7,1998.0,76671.0,15,1.882,0.0,0.0,0.0
r0026_c0079,40.5839429,-73.8212209,Institutional,33,88.89,0.0,2.1,1961.0,133988.0,47,2.2847,44.44,0.0,0.0
r0026_c0080,40.5839429,-73.819438,Residential,56,133.33,0.0,2.3,1997.0,143596.0,63,1.0202,44.44,0.0,0.0
r0026_c0081,40.5839429,-73.8176551,Residential,56,133.33,0.0,2.8,1987.0,241106.0,66,1.6368,0.0,0.0,0.0
r0026_c0082,40.5839429,-73.8158722,Residential,11,177.78,0.25,3.1,1975.0,87740.0,13,1.8281,0.0,0.0,0.0
r0026_c0083,40.5839429,-73.8140893,Residential,12,177.78,0.0,2.7,1927.0,70346.0,17,1.5231,0.0,0.0,0.0
r0027_c0077,40.5852942,-73.8247868,Residential,17,933.33,0.0,2.0,2002.0,22644.0,17,-0.0,0.0,0.0,0.0
r0027_c0078,40.5852942,-73.8230039,Residential,76,133.33,0.0,1.6,1963.0,83569.0,74,1.0398,0.0,0.0,0.0
r0027_c0079,40.5852942,-73.8212209,Residential,28,266.67,0.0,2.4,1965.0,535234.0,36,1.5484,0.0,0.0,0.0
r0027_c0080,40.5852942,-73.819438,Residential,46,133.33,0.3333,2.4,1975.0,113583.0,59,2.2679,0.0,0.0,0.0
r0027_c0081,40.5852942,-73.8176551,Residential,46,177.78,0.5,2.8,1975.0,219344.0,51,2.0647,0.0,0.0,0.0
r0027_c0082,40.5852942,-73.8158722,Residential,42,222.22,0.0,3.0,1978.0,132474.0,44,1.3696,0.0,0.0,0.0
r0027_c0083,40.5852942,-73.8140893,Residential,51,44.44,0.0,2.5,1938.0,130494.0,63,1.3712,0.0,0.0,0.0
r0027_c0084,40.5852942,-73.8123064,Residential,15,755.56,0.0588,2.3,1934.0,30599.0,31,1.4185,133.33,0.0,0.0
r0028_c0080,40.5866456,-73.819438,Industrial,9,0.0,0.0,1.3,1961.0,201445.0,11,0.4579,0.0,0.0,0.0
r0028_c0081,40.5866456,-73.8176551,Industrial,5,44.44,0.0,1.3,1966.0,17335.0,3,1.4774,0.0,0.0,0.0
r0028_c0082,40.5866456,-73.8158722,Mixed-Use,43,755.56,0.3529,2.3,1944.0,125709.0,44,2.5498,0.0,222.22,0.0
r0028_c0083,40.5866456,-73.8140893,Residential,44,266.67,0.1667,2.2,1941.0,112778.0,57,2.2829,0.0,88.89,1.0
r0028_c0086,40.5866456,-73.8087406,Residential,3,755.56,0.0,6.0,1931.0,596850.0,7,0.7738,0.0,0.0,0.0
r0028_c0090,40.5866456,-73.8016089,Open Space,10,133.33,0.0,2.3,1996.0,29858.0,12,0.2792,0.0,0.0,0.0
r0028_c0091,40.5866456,-73.799826,Open Space,5,0.0,0.0,2.5,2007.0,10517.0,6,0.7101,0.0,0.0,0.0
r0029_c0081,40.5879969,-73.8176551,Institutional,9,133.33,0.0,2.0,1928.0,13820.0,6,1.2962,0.0,0.0,0.0
r0029_c0082,40.5879969,-73.8158722,Residential,62,266.67,0.0,2.0,1938.0,104212.0,81,1.3006,0.0,0.0,0.0
r0029_c0083,40.5879969,-73.8140893,Residential,49,266.67,0.0,2.2,1958.0,139565.0,69,2.4196,0.0,44.44,0.0
r0029_c0084,40.5879969,-73.8123064,Mixed-Use,31,933.33,0.2857,1.8,1936.0,99284.0,56,3.0289,0.0,444.44,0.2
r0029_c0088,40.5879969,-73.8051747,Residential,9,133.33,0.0,5.2,2001.0,652683.0,11,0.2036,0.0,0.0,0.0
r0029_c0089,40.5879969,-73.8033918,Residential,5,177.78,0.0,5.0,1997.0,556783.0,7,0.1674,0.0,0.0,0.0
r0029_c0090,40.5879969,-73.8016089,Residential,36,88.89,0.0,2.4,2003.0,97519.0,34,1.2525,0.0,0.0,0.0
r0029_c0091,40.5879969,-73.799826,Mixed-Use,48,88.89,0.0,2.9,2007.0,132545.0,50,0.944,0.0,0.0,0.0
r0029_c0092,40.5879969,-73.7980431,Residential,37,177.78,0.0,2.5,2007.0,97472.0,37,-0.0,0.0,0.0,0.0
r0029_c0093,40.5879969,-73.7962602,Mixed-Use,9,44.44,0.0,3.0,2012.0,17624.0,7,1.1695,0.0,0.0,0.0
r0029_c0094,40.5879969,-73.7944773,Residential,35,44.44,0.0,2.6,2011.0,92940.0,34,0.9952,0.0,0.0,0.0
r0029_c0095,40.5879969,-73.7926944,Residential,26,44.44,0.0,3.0,2014.0,71122.0,25,0.9767,0.0,0.0,0.0
r0030_c0081,40.5893483,-73.8176551,Mixed-Use,8,222.22,0.4,1.8,1944.0,4566.0,3,0.9405,0.0,0.0,0.0
r0030_c0082,40.5893483,-73.8158722,Mixed-Use,21,88.89,0.0,2.6,1983.0,87686.0,20,1.6328,0.0,0.0,0.0
r0030_c0083,40.5893483,-73.8140893,Residential,58,444.44,0.0,1.8,1941.0,69594.0,73,0.9312,0.0,0.0,0.0
r0030_c0084,40.5893483,-73.8123064,Residential,65,177.78,0.5,1.8,1945.0,92179.0,84,1.661,0.0,0.0,0.0
r0030_c0085,40.5893483,-73.8105235,Mixed-Use,20,266.67,0.0,2.8,1959.0,28939.0,11,2.3819,0.0,0.0,0.0
r0030_c0088,40.5893483,-73.8051747,Institutional,27,88.89,0.0,3.4,1999.0,192828.0,26,0.937,0.0,0.0,0.0
r0030_c0089,40.5893483,-73.8033918,Residential,84,44.44,0.0,2.9,2004.0,222226.0,79,0.2358,0.0,0.0,0.0
r0030_c0090,40.5893483,-73.8016089,Institutional,11,88.89,0.0,2.5,2006.0,61962.0,10,0.6902,0.0,0.0,0.0
r0030_c0091,40.5893483,-73.799826,Residential,27,88.89,0.0,2.8,2007.0,75150.0,27,-0.0,0.0,0.0,0.0
r0030_c0092,40.5893483,-73.7980431,Residential,20,44.44,0.0,3.2,2008.0,198791.0,19,0.9985,0.0,0.0,0.0
r0030_c0093,40.5893483,-73.7962602,Mixed-Use,12,0.0,0.0,3.3,2012.0,149424.0,12,1.3893,0.0,0.0,0.0
r0030_c0094,40.5893483,-73.7944773,Residential,53,88.89,0.0,2.6,2011.0,141438.0,53,-0.0,0.0,0.0,0.0
r0030_c0095,40.5893483,-73.7926944,Mixed-Use,37,133.33,0.0,3.1,2014.0,103555.0,36,0.6928,0.0,0.0,0.0
r0030_c0096,40.5893483,-73.7909114,Residential,16,44.44,0.0,2.9,2005.0,115237.0,51,0.9138,0.0,0.0,0.0
r0030_c0097,40.5893483,-73.7891285,Residential,20,266.67,0.0,1.9,1973.0,66795.0,37,1.4926,0.0,0.0,0.0
r0031_c0083,40.5906996,-73.8140893,Mixed-Use,4,88.89,0.0,1.2,1934.0,31983.0,3,0.4513,0.0,0.0,0.0
r0031_c0084,40.5906996,-73.8123064,Mixed-Use,27,0.0,0.0,2.0,1955.0,35891.0,25,1.2329,0.0,0.0,0.0
r0031_c0085,40.5906996,-73.8105235,Residential,41,0.0,0.0,2.0,1972.0,76017.0,33,2.1747,0.0,0.0,0.0
r0031_c0086,40.5906996,-73.8087406,Mixed-Use,4,266.67,0.0,,,0.0,0,-0.0,0.0,0.0,0.0
r0031_c0087,40.5906996,-73.8069576,Mixed-Use,6,0.0,0.0,1.0,1930.0,6000.0,1,0.8758,0.0,0.0,0.0
r0031_c0088,40.5906996,-73.8051747,Mixed-Use,12,0.0,0.0,3.3,1980.0,203834.0,3,1.7773,0.0,0.0,0.0
r0031_c0089,40.5906996,-73.8033918,Mixed-Use,20,44.44,0.0,1.6,1942.0,54322.0,23,2.7757,0.0,0.0,0.0
r0031_c0090,40.5906996,-73.8016089,Mixed-Use,19,133.33,0.3333,1.0,1949.0,29697.0,24,2.0669,0.0,44.44,0.0
r0031_c0091,40.5906996,-73.799826,Commercial,10,44.44,0.0,3.1,1941.0,226085.0,9,1.4093,0.0,44.44,1.0
r0031_c0092,40.5906996,-73.7980431,Residential,16,311.11,0.4286,2.2,1963.0,27609.0,15,1.9238,0.0,88.89,0.0
r0031_c0093,40.5906996,-73.7962602,Commercial,11,355.56,0.375,2.5,2012.0,32347.0,8,1.7866,0.0,88.89,0.0
r0031_c0094,40.5906996,-73.7944773,Institutional,22,44.44,0.0,2.6,2008.0,84044.0,19,1.8302,0.0,0.0,0.0
r0031_c0095,40.5906996,-73.7926944,Residential,55,133.33,0.0,3.0,2012.0,154728.0,54,0.3822,0.0,0.0,0.0
r0031_c0096,40.5906996,-73.7909114,Residential,45,0.0,0.0,2.2,1988.0,118792.0,55,0.9722,0.0,0.0,0.0
r0031_c0097,40.5906996,-73.7891285,Residential,31,44.44,0.0,1.9,1982.0,86002.0,31,0.8337,0.0,0.0,0.0
r0032_c0084,40.592051,-73.8123064,Mixed-Use,3,0.0,0.0,,,0.0,0,-0.0,0.0,0.0,0.0
r0032_c0085,40.592051,-73.8105235,Open Space,13,44.44,0.0,1.8,1987.0,6939.0,17,1.2653,0.0,0.0,0.0
r0032_c0086,40.592051,-73.8087406,Mixed-Use,3,0.0,0.0,,1930.0,0.0,8,0.0429,0.0,0.0,0.0
r0032_c0087,40.592051,-73.8069576,Mixed-Use,3,44.44,0.0,,,0.0,1,0.231,0.0,0.0,0.0
r0032_c0089,40.592051,-73.8033918,Industrial,9,0.0,0.0,1.6,1959.0,39810.0,7,0.6376,0.0,0.0,0.0
r0032_c0090,40.592051,-73.8016089,Mixed-Use,22,0.0,0.0,1.4,1939.0,70024.0,36,1.9982,0.0,0.0,0.0
r0032_c0091,40.592051,-73.799826,Mixed-Use,19,88.89,0.5,2.2,1963.0,51361.0,15,2.4042,0.0,0.0,0.0
r0032_c0092,40.592051,-73.7980431,Residential,47,177.78,0.0,2.2,1933.0,106703.0,60,1.0712,0.0,88.89,0.0
r0032_c0093,40.592051,-73.7962602,Residential,40,0.0,0.0,2.1,1945.0,111346.0,43,2.2887,0.0,0.0,0.0
r0032_c0094,40.592051,-73.7944773,Residential,44,0.0,0.0,2.5,1983.0,101800.0,42,1.7729,0.0,0.0,0.0
r0032_c0095,40.592051,-73.7926944,Institutional,23,177.78,0.0,2.3,1960.0,175982.0,21,1.7695,0.0,0.0,0.0
r0032_c0096,40.592051,-73.7909114,Mixed-Use,17,0.0,0.0,2.0,1988.0,26414.0,12,0.3732,0.0,0.0,0.0
r0032_c0097,40.592051,-73.7891285,Mixed-Use,34,133.33,0.0,2.1,1992.0,78862.0,30,1.821,0.0,0.0,0.0
r0032_c0098,40.592051,-73.7873456,Mixed-Use,10,88.89,0.0,2.0,2003.0,12000.0,7,1.3613,0.0,0.0,0.0
r0032_c0100,40.592051,-73.7837798,Mixed-Use,7,88.89,0.0,1.0,1963.0,2950.0,3,0.6437,0.0,44.44,0.0
r0032_c0101,40.592051,-73.7819969,Open Space,4,133.33,0.0,1.0,1968.0,7000.0,1,0.4015,0.0,0.0,0.0
r0032_c0105,40.592051,-73.7748652,Open Space,3,0.0,0.0,2.0,,6462.0,1,0.0767,0.0,0.0,0.0
r0032_c0114,40.592051,-73.758819,Mixed-Use,3,0.0,0.0,9.0,2004.0,112779.0,2,1.1044,0.0,0.0,0.0
r0033_c0090,40.5934023,-73.8016089,Mixed-Use,16,44.44,1.0,1.3,1940.0,24384.0,18,1.6157,0.0,0.0,0.0
r0033_c0091,40.5934023,-73.799826,Residential,52,0.0,0.0,1.9,1951.0,89816.0,69,1.1658,0.0,0.0,0.0
r0033_c0092,40.5934023,-73.7980431,Residential,42,0.0,0.0,2.3,1955.0,104381.0,55,0.8453,0.0,0.0,0.0
r0033_c0093,40.5934023,-73.7962602,Mixed-Use,31,88.89,0.0,2.2,1947.0,127125.0,28,2.3538,0.0,0.0,0.0
r0033_c0094,40.5934023,-73.7944773,Residential,24,266.67,0.0,1.8,1952.0,49750.0,33,1.6177,0.0,0.0,0.0
r0033_c0095,40.5934023,-73.7926944,Residential,32,0.0,0.0,1.5,1944.0,90141.0,33,1.6582,0.0,0.0,0.0
r0033_c0098,40.5934023,-73.7873456,Residential,3,444.44,0.0,5.0,1954.0,505910.0,7,1.3076,0.0,0.0,0.0
r0033_c0100,40.5934023,-73.7837798,Mixed-Use,13,311.11,0.0,4.2,1967.0,307054.0,7,2.3342,0.0,0.0,0.0
r0033_c0101,40.5934023,-73.7819969,Mixed-Use,6,0.0,0.0,1.0,1949.0,43630.0,1,0.767,0.0,0.0,0.0
r0033_c0102,40.5934023,-73.780214,Mixed-Use,9,0.0,0.0,1.0,1989.0,28000.0,1,0.9442,0.0,0.0,0.0
r0033_c0103,40.5934023,-73.7784311,Mixed-Use,21,44.44,0.0,1.5,1955.0,108548.0,25,1.7367,0.0,0.0,0.0
r0033_c0104,40.5934023,-73.7766481,Mixed-Use,22,0.0,0.0,2.8,1983.0,205995.0,23,1.7755,0.0,0.0,0.0
r0033_c0105,40.5934023,-73.7748652,Mixed-Use,26,44.44,0.0,2.7,2003.0,87469.0,18,2.0574,44.44,0.0,0.0
r0033_c0106,40.5934023,-73.7730823,Mixed-Use,25,0.0,0.0,1.4,1958.0,13559.0,13,1.5306,0.0,0.0,0.0
r0033_c0107,40.5934023,-73.7712994,Mixed-Use,16,0.0,0.0,1.6,1939.0,6649.0,5,1.0772,0.0,0.0,0.0
r0033_c0108,40.5934023,-73.7695165,Mixed-Use,3,0.0,0.0,,,0.0,0,-0.0,0.0,0.0,0.0
r0033_c0111,40.5934023,-73.7641678,Residential,16,88.89,0.0,2.1,1960.0,32455.0,15,1.244,0.0,0.0,0.0
r0033_c0112,40.5934023,-73.7623848,Mixed-Use,54,177.78,0.0,2.4,2004.0,59883.0,23,1.1193,0.0,0.0,0.0
r0033_c0113,40.5934023,-73.7606019,Institutional,29,311.11,0.0,2.3,1959.0,186429.0,25,1.3429,0.0,0.0,0.0
r0033_c0114,40.5934023,-73.758819,Residential,67,44.44,0.0,2.1,1971.0,121241.0,72,1.393,0.0,0.0,0.0
r0033_c0115,40.5934023,-73.7570361,Residential,13,88.89,0.0,1.6,1932.0,326784.0,12,0.9385,0.0,0.0,0.0
r0034_c0089,40.5947537,-73.8033918,Open Space,3,0.0,0.0,1.0,1930.0,3305.0,7,0.5231,0.0,0.0,0.0
r0034_c0090,40.5947537,-73.8016089,Open Space,29,44.44,0.0,1.5,1944.0,30455.0,32,1.8638,0.0,0.0,0.0
r0034_c0091,40.5947537,-73.799826,Residential,61,311.11,0.0,1.7,1940.0,111856.0,79,0.2638,0.0,0.0,0.0
r0034_c0092,40.5947537,-73.7980431,Residential,34,0.0,0.0,2.0,1964.0,72388.0,43,1.3082,0.0,0.0,0.0
r0034_c0093,40.5947537,-73.7962602,Residential,46,133.33,0.0,1.8,1940.0,93047.0,59,1.2964,0.0,0.0,0.0
r0034_c0094,40.5947537,-73.7944773,Residential,43,44.44,0.0,1.8,1944.0,161467.0,48,1.3049,0.0,0.0,0.0
r0034_c0095,40.5947537,-73.7926944,Residential,46,88.89,0.0,1.1,1953.0,82594.0,45,0.7776,0.0,0.0,0.0
r0034_c0096,40.5947537,-73.7909114,Open Space,7,0.0,0.0,1.0,1930.0,3110.0,2,0.8342,0.0,0.0,0.0
r0034_c0097,40.5947537,-73.7891285,Open Space,7,222.22,0.0,1.0,1973.0,7025.0,4,0.9208,0.0,44.44,0.0
r0034_c0100,40.5947537,-73.7837798,Mixed-Use,9,88.89,0.0,4.0,1983.0,292599.0,9,1.7735,0.0,0.0,0.0
r0034_c0101,40.5947537,-73.7819969,Institutional,3,88.89,0.0,8.5,1998.0,292673.0,2,1.4527,0.0,0.0,0.0
r0034_c0102,40.5947537,-73.780214,Institutional,4,0.0,0.0,3.5,1973.0,78798.0,2,1.2306,0.0,0.0,0.0
r0034_c0103,40.5947537,-73.7784311,Residential,51,0.0,0.0,1.5,1966.0,70366.0,42,1.4199,0.0,0.0,0.0
r0034_c0104,40.5947537,-73.7766481,Residential,56,0.0,0.0,1.8,1947.0,71732.0,59,1.3489,0.0,0.0,0.0
r0034_c0105,40.5947537,-73.7748652,Residential,60,0.0,0.0,2.0,1987.0,95726.0,61,0.5612,0.0,0.0,0.0
r0034_c0106,40.5947537,-73.7730823,Residential,55,0.0,0.0,1.8,1983.0,82274.0,55,0.08,0.0,0.0,0.0
r0034_c0107,40.5947537,-73.7712994,Residential,59,0.0,0.0,2.0,1981.0,52396.0,32,1.094,0.0,0.0,0.0
r0034_c0108,40.5947537,-73.7695165,Mixed-Use,13,44.44,0.0,1.8,1954.0,16271.0,6,1.6244,0.0,0.0,0.0
r0034_c0109,40.5947537,-73.7677336,Mixed-Use,7,88.89,0.0,3.0,1931.0,39025.0,1,0.7493,0.0,0.0,0.0
r0034_c0111,40.5947537,-73.7641678,Residential,62,0.0,0.0,2.2,1986.0,115477.0,59,1.4382,0.0,0.0,0.0
r0034_c0112,40.5947537,-73.7623848,Residential,50,0.0,0.0,2.8,1990.0,137220.0,46,1.6077,0.0,0.0,0.0
r0034_c0113,40.5947537,-73.7606019,Residential,40,0.0,0.0,2.5,1973.0,89288.0,43,1.8349,0.0,0.0,0.0
r0034_c0114,40.5947537,-73.758819,Residential,81,44.44,0.0,1.7,1958.0,112020.0,92,1.2909,0.0,0.0,0.0
r0034_c0115,40.5947537,-73.7570361,Residential,17,0.0,0.0,1.3,1935.0,101417.0,15,1.0009,0.0,0.0,0.0
r0034_c0117,40.5947537,-73.7534703,Residential,3,222.22,0.0,15.3,1972.0,410183.0,3,-0.0,0.0,0.0,0.0
r0034_c0123,40.5947537,-73.7427728,Residential,3,0.0,0.0,9.7,1973.0,773839.0,4,0.9576,0.0,0.0,0.0
r0034_c0124,40.5947537,-73.7409899,Mixed-Use,10,0.0,0.0,3.0,2016.0,7770.0,2,0.672,0.0,0.0,0.0
r0034_c0125,40.5947537,-73.739207,Residential,34,222.22,0.0,1.9,1959.0,70036.0,45,0.1003,0.0,0.0,0.0
r0035_c0088,40.596105,-73.8051747,Mixed-Use,3,0.0,0.0,1.5,1945.0,1218.0,5,0.7793,0.0,0.0,0.0
r0035_c0089,40.596105,-73.8033918,Open Space,28,0.0,0.0,1.7,1984.0,40197.0,17,1.6334,0.0,0.0,0.0
r0035_c0090,40.596105,-73.8016089,Residential,55,0.0,0.0,1.8,1966.0,82974.0,56,1.2669,0.0,0.0,0.0
r0035_c0091,40.596105,-73.799826,Residential,53,44.44,0.0,1.8,1960.0,104337.0,75,0.5368,0.0,0.0,0.0
r0035_c0092,40.596105,-73.7980431,Residential,44,0.0,0.0,2.0,1970.0,90557.0,60,0.168,0.0,0.0,0.0
r0035_c0093,40.596105,-73.7962602,Residential,46,44.44,0.0,1.8,1959.0,89036.0,53,1.2279,0.0,0.0,0.0
r0035_c0094,40.596105,-73.7944773,Residential,64,177.78,0.0,1.8,1959.0,128828.0,68,0.1143,0.0,0.0,0.0
r0035_c0095,40.596105,-73.7926944,Residential,47,266.67,0.0,2.0,1991.0,91010.0,51,0.9084,0.0,0.0,0.0
r0035_c0096,40.596105,-73.7909114,Mixed-Use,10,88.89,0.0,2.0,2004.0,14000.0,7,0.7955,0.0,0.0,0.0
r0035_c0097,40.596105,-73.7891285,Mixed-Use,3,88.89,0.0,,,0.0,0,-0.0,0.0,0.0,0.0
r0035_c0102,40.596105,-73.780214,Institutional,7,266.67,0.0,2.2,1990.0,147861.0,4,0.6848,0.0,0.0,0.0
r0035_c0103,40.596105,-73.7784311,Residential,59,0.0,0.0,1.2,1957.0,83989.0,63,0.4992,0.0,0.0,0.0
r0035_c0104,40.596105,-73.7766481,Residential,49,44.44,0.0,1.8,1943.0,61963.0,46,1.3784,0.0,0.0,0.0
r0035_c0105,40.596105,-73.7748652,Residential,42,44.44,0.0,1.6,1955.0,53190.0,33,2.0304,0.0,0.0,0.0
r0035_c0106,40.596105,-73.7730823,Residential,10,0.0,0.0,2.0,1994.0,31381.0,10,0.8812,0.0,0.0,0.0
r0035_c0107,40.596105,-73.7712994,Residential,20,133.33,0.0,2.2,1990.0,37120.0,21,0.7582,0.0,0.0,0.0
r0035_c0108,40.596105,-73.7695165,Residential,39,0.0,0.0,2.0,1991.0,71619.0,43,0.6682,0.0,0.0,0.0
r0035_c0109,40.596105,-73.7677336,Mixed-Use,14,0.0,0.0,2.5,1997.0,122555.0,13,1.2296,0.0,0.0,0.0
r0035_c0110,40.596105,-73.7659507,Mixed-Use,3,0.0,0.0,,,0.0,0,0.8886,0.0,0.0,0.0
r0035_c0111,40.596105,-73.7641678,Residential,29,44.44,0.0,3.0,1961.0,511936.0,32,1.4112,0.0,0.0,0.0
r0035_c0112,40.596105,-73.7623848,Residential,38,0.0,0.0,2.2,1951.0,94582.0,49,1.052,0.0,0.0,0.0
r0035_c0113,40.596105,-73.7606019,Residential,40,0.0,0.0,2.2,1949.0,72897.0,41,1.4113,0.0,0.0,0.0
r0035_c0114,40.596105,-73.758819,Residential,46,0.0,0.0,2.1,1948.0,69879.0,47,1.5024,0.0,0.0,0.0
r0035_c0115,40.596105,-73.7570361,Residential,13,44.44,0.0,1.7,1945.0,490289.0,27,0.5277,0.0,0.0,0.0
r0035_c0117,40.596105,-73.7534703,Residential,22,800.0,0.3889,2.0,1963.0,74283.0,24,1.8454,0.0,222.22,0.2
r0035_c0119,40.596105,-73.7499045,Residential,3,311.11,0.0,4.7,1967.0,261004.0,38,1.5376,0.0,0.0,0.0
r0035_c0120,40.596105,-73.7481216,Residential,17,133.33,0.0,2.3,1961.0,156678.0,17,1.8392,0.0,0.0,0.0
r0035_c0121,40.596105,-73.7463386,Residential,21,133.33,0.0,2.8,1971.0,110214.0,22,2.209,0.0,0.0,0.0
r0035_c0122,40.596105,-73.7445557,Residential,8,88.89,0.0,3.0,1986.0,17260.0,7,0.7009,0.0,0.0,0.0
r0035_c0123,40.596105,-73.7427728,Mixed-Use,10,0.0,0.0,8.0,2007.0,139219.0,2,0.9354,0.0,0.0,0.0
r0035_c0124,40.596105,-73.7409899,Mixed-Use,24,44.44,0.0,3.0,2016.0,78042.0,20,0.8176,0.0,0.0,0.0
r0035_c0125,40.596105,-73.739207,Residential,45,133.33,0.0,2.1,1960.0,66649.0,51,1.0089,0.0,0.0,0.0
r0036_c0080,40.5974564,-73.819438,Mixed-Use,10,88.89,0.0,1.8,1937.0,12435.0,14,1.1344,0.0,0.0,0.0
r0036_c0088,40.5974564,-73.8051747,Mixed-Use,19,0.0,0.0,1.8,1935.0,2117.0,4,0.4493,0.0,0.0,0.0
r0036_c0089,40.5974564,-73.8033918,Mixed-Use,33,0.0,0.0,2.0,2010.0,47656.0,25,0.9189,0.0,0.0,0.0
r0036_c0090,40.5974564,-73.8016089,Residential,42,222.22,0.0,1.9,1985.0,75051.0,43,0.9358,0.0,0.0,0.0
r0036_c0091,40.5974564,-73.799826,Residential,75,88.89,0.0,1.6,1942.0,153185.0,84,0.1603,0.0,0.0,0.0
r0036_c0092,40.5974564,-73.7980431,Residential,42,88.89,0.0,1.3,1967.0,72998.0,45,0.873,0.0,0.0,0.0
r0036_c0093,40.5974564,-73.7962602,Residential,45,44.44,0.0,1.8,1974.0,74958.0,51,0.4179,0.0,0.0,0.0
r0036_c0094,40.5974564,-73.7944773,Residential,62,88.89,0.0,1.9,1973.0,111146.0,68,-0.0,0.0,0.0,0.0
r0036_c0095,40.5974564,-73.7926944,Residential,41,88.89,0.0,2.0,1998.0,86173.0,43,0.7116,0.0,0.0,0.0
r0036_c0096,40.5974564,-73.7909114,Mixed-Use,11,0.0,0.0,1.9,2004.0,34318.0,8,1.6864,0.0,0.0,0.0
r0036_c0102,40.5974564,-73.780214,Open Space,4,311.11,0.0,,,0.0,0,0.7273,0.0,0.0,0.0
r0036_c0103,40.5974564,-73.7784311,Residential,42,0.0,0.0,1.4,1965.0,34543.0,29,1.0291,0.0,0.0,0.0
r0036_c0104,40.5974564,-73.7766481,Residential,74,0.0,0.0,1.3,1940.0,57423.0,52,1.1049,0.0,0.0,0.0
r0036_c0105,40.5974564,-73.7748652,Residential,52,0.0,0.0,1.4,1939.0,36410.0,30,1.5063,0.0,0.0,0.0
r0036_c0107,40.5974564,-73.7712994,Residential,16,0.0,0.0,3.6,1968.0,263784.0,11,0.7112,0.0,0.0,0.0
r0036_c0108,40.5974564,-73.7695165,Residential,43,0.0,0.0,2.1,1987.0,52387.0,35,1.5699,0.0,0.0,0.0
r0036_c0109,40.5974564,-73.7677336,Residential,15,177.78,0.0,1.7,1959.0,17342.0,16,0.8796,0.0,0.0,0.0
r0036_c0110,40.5974564,-73.7659507,Commercial,8,266.67,0.3333,2.7,1996.0,206034.0,6,2.0073,0.0,133.33,0.3333
r0036_c0111,40.5974564,-73.7641678,Residential,34,44.44,0.0,2.2,1986.0,73427.0,36,1.9795,0.0,0.0,0.0
r0036_c0112,40.5974564,-73.7623848,Residential,47,0.0,0.0,2.4,1962.0,110344.0,56,0.6954,0.0,0.0,0.0
r0036_c0113,40.5974564,-73.7606019,Residential,45,0.0,0.0,2.0,1943.0,81704.0,56,1.0971,0.0,0.0,0.0
r0036_c0114,40.5974564,-73.758819,Residential,49,0.0,0.0,1.9,1947.0,82896.0,70,0.9681,0.0,0.0,0.0
r0036_c0115,40.5974564,-73.7570361,Residential,25,0.0,0.0,1.8,1954.0,57814.0,28,0.2024,0.0,0.0,0.0
r0036_c0117,40.5974564,-73.7534703,Institutional,13,222.22,0.2,2.3,1948.0,79667.0,21,1.16,0.0,44.44,1.0
r0036_c0118,40.5974564,-73.7516874,Institutional,21,44.44,0.0,1.9,1945.0,55281.0,35,1.1399,0.0,0.0,0.0
r0036_c0119,40.5974564,-73.7499045,Residential,12,44.44,0.0,2.6,1986.0,202403.0,42,1.6481,0.0,0.0,0.0
r0036_c0120,40.5974564,-73.7481216,Residential,22,88.89,0.0,2.1,1948.0,301796.0,20,1.1225,0.0,88.89,0.0
r0036_c0121,40.5974564,-73.7463386,Residential,48,44.44,0.0,1.9,1954.0,91886.0,51,0.6773,0.0,0.0,0.0
r0036_c0122,40.5974564,-73.7445557,Residential,36,44.44,0.0,2.4,1990.0,103545.0,36,1.0134,0.0,0.0,0.0
r0036_c0123,40.5974564,-73.7427728,Residential,16,0.0,0.0,2.3,2004.0,35365.0,12,0.7027,0.0,0.0,0.0
r0036_c0124,40.5974564,-73.7409899,Residential,28,44.44,0.0,1.7,1953.0,44514.0,23,0.994,0.0,0.0,0.0
r0036_c0125,40.5974564,-73.739207,Mixed-Use,8,0.0,0.0,,,0.0,0,-0.0,0.0,0.0,0.0
r0037_c0078,40.5988077,-73.8230039,Mixed-Use,4,266.67,0.0,1.8,1935.0,1502.0,4,0.2477,0.0,0.0,0.0
r0037_c0079,40.5988077,-73.8212209,Mixed-Use,19,266.67,0.1667,1.8,1951.0,31113.0,19,1.4422,0.0,0.0,0.0
r0037_c0080,40.5988077,-73.819438,Residential,38,177.78,0.0,1.9,1958.0,33010.0,24,1.131,0.0,0.0,0.0
r0037_c0089,40.5988077,-73.8033918,Mixed-Use,8,0.0,0.0,,,0.0,0,-0.0,0.0,0.0,0.0
r0037_c0090,40.5988077,-73.8016089,Mixed-Use,25,88.89,0.0,1.4,1941.0,17922.0,13,0.9262,0.0,0.0,0.0
r0037_c0091,40.5988077,-73.799826,Residential,47,88.89,0.0,1.3,1959.0,69498.0,44,0.7622,0.0,0.0,0.0
r0037_c0092,40.5988077,-73.7980431,Residential,31,133.33,0.0,1.7,1966.0,40567.0,26,1.0084,0.0,0.0,0.0
r0037_c0093,40.5988077,-73.7962602,Residential,42,44.44,0.0,1.8,1979.0,73581.0,43,0.511,0.0,0.0,0.0
r0037_c0094,40.5988077,-73.7944773,Mixed-Use,21,0.0,0.0,2.0,1988.0,36430.0,18,0.9516,0.0,0.0,0.0
r0037_c0095,40.5988077,-73.7926944,Residential,22,44.44,0.0,2.0,2011.0,42107.0,21,0.4702,0.0,0.0,0.0
r0037_c0096,40.5988077,-73.7909114,Residential,18,88.89,0.0,2.0,2020.0,38602.0,17,0.5729,0.0,0.0,0.0
r0037_c0104,40.5988077,-73.7766481,Mixed-Use,62,0.0,0.0,1.3,1945.0,26209.0,28,0.971,0.0,0.0,0.0
r0037_c0105,40.5988077,-73.7748652,Mixed-Use,33,0.0,0.0,1.8,1974.0,14739.0,10,1.2115,0.0,0.0,0.0
r0037_c0110,40.5988077,-73.7659507,Residential,13,177.78,0.0,2.8,1948.0,159065.0,15,1.8769,0.0,44.44,0.0
r0037_c0111,40.5988077,-73.7641678,Residential,35,44.44,0.0,2.1,1984.0,130246.0,35,1.8115,0.0,0.0,0.0
r0037_c0112,40.5988077,-73.7623848,Residential,50,0.0,0.0,1.8,1963.0,95419.0,47,1.1208,0.0,0.0,0.0
r0037_c0113,40.5988077,-73.7606019,Residential,45,0.0,0.0,1.9,1933.0,82102.0,57,0.3027,0.0,0.0,0.0
r0037_c0114,40.5988077,-73.758819,Residential,35,266.67,0.0,1.9,1931.0,64877.0,56,-0.0,0.0,0.0,0.0
r0037_c0115,40.5988077,-73.7570361,Residential,34,0.0,0.0,2.3,1948.0,263847.0,41,0.9772,0.0,0.0,0.0
r0037_c0116,40.5988077,-73.7552532,Residential,20,0.0,0.0,2.4,1949.0,251731.0,24,1.7301,0.0,0.0,0.0
r0037_c0117,40.5988077,-73.7534703,Institutional,3,44.44,0.0,6.0,1956.0,124828.0,2,0.2877,0.0,0.0,0.0
r0037_c0118,40.5988077,-73.7516874,Institutional,24,44.44,0.0,2.3,1972.0,112677.0,28,1.2288,0.0,0.0,0.0
r0037_c0119,40.5988077,-73.7499045,Residential,47,0.0,0.0,1.7,1967.0,109126.0,43,1.2522,0.0,0.0,0.0
r0037_c0120,40.5988077,-73.7481216,Residential,34,88.89,0.0,2.1,1956.0,201571.0,38,1.2831,0.0,0.0,0.0
r0037_c0121,40.5988077,-73.7463386,Residential,46,0.0,0.0,1.7,1949.0,62745.0,52,0.3232,0.0,0.0,0.0
r0037_c0122,40.5988077,-73.7445557,Residential,54,44.44,0.0,1.9,1950.0,84737.0,62,0.2397,0.0,0.0,0.0
r0037_c0123,40.5988077,-73.7427728,Residential,37,0.0,0.0,2.0,1951.0,59385.0,43,1.5428,0.0,0.0,0.0
r0037_c0124,40.5988077,-73.7409899,Residential,36,0.0,0.0,2.0,1975.0,84301.0,38,0.161,0.0,0.0,0.0
r0037_c0125,40.5988077,-73.739207,Residential,31,222.22,0.0,2.0,1983.0,143286.0,32,0.7257,0.0,0.0,0.0
r0038_c0077,40.6001591,-73.8247868,Mixed-Use,12,44.44,0.0,1.9,1931.0,10917.0,8,0.6217,0.0,0.0,0.0
r0038_c0078,40.6001591,-73.8230039,Residential,26,177.78,0.0,1.9,1936.0,22632.0,22,0.9932,0.0,0.0,0.0
r0038_c0079,40.6001591,-73.8212209,Residential,32,266.67,0.0,1.9,1932.0,37341.0,28,1.1917,0.0,0.0,0.0
r0038_c0080,40.6001591,-73.819438,Residential,25,311.11,0.0,1.8,1960.0,44304.0,23,1.8707,0.0,0.0,0.0
r0038_c0104,40.6001591,-73.7766481,Mixed-Use,20,0.0,0.0,1.0,1925.0,480.0,2,0.1297,0.0,0.0,0.0
r0038_c0105,40.6001591,-73.7748652,Mixed-Use,27,0.0,0.0,1.5,1949.0,33397.0,25,0.8182,0.0,0.0,0.0
r0038_c0109,40.6001591,-73.7677336,Residential,14,355.56,0.0,2.0,1971.0,33542.0,14,-0.0,0.0,0.0,0.0
r0038_c0110,40.6001591,-73.7659507,Residential,52,0.0,0.0,2.1,1982.0,112198.0,58,0.7007,0.0,0.0,0.0
r0038_c0111,40.6001591,-73.7641678,Residential,36,133.33,0.0,2.0,1969.0,129099.0,35,1.0565,0.0,0.0,0.0
r0038_c0112,40.6001591,-73.7623848,Residential,47,88.89,0.0,2.0,1970.0,91547.0,48,0.7049,0.0,0.0,0.0
r0038_c0113,40.6001591,-73.7606019,Residential,37,88.89,0.0,1.9,1971.0,78511.0,34,1.3598,0.0,0.0,0.0
r0038_c0114,40.6001591,-73.758819,Institutional,31,177.78,0.0,2.0,1967.0,196225.0,32,1.0624,0.0,0.0,0.0
r0038_c0115,40.6001591,-73.7570361,Residential,28,0.0,0.0,2.4,1967.0,179934.0,29,1.7127,0.0,0.0,0.0
r0038_c0116,40.6001591,-73.7552532,Residential,28,44.44,0.0,2.3,1951.0,188298.0,31,2.2148,0.0,0.0,0.0
r0038_c0117,40.6001591,-73.7534703,Mixed-Use,25,44.44,1.0,2.2,1949.0,157880.0,31,1.7207,0.0,0.0,0.0
r0038_c0118,40.6001591,-73.7516874,Residential,32,44.44,0.0,2.7,1981.0,144951.0,33,1.836,0.0,0.0,0.0
r0038_c0119,40.6001591,-73.7499045,Residential,35,0.0,0.0,2.4,1966.0,277517.0,35,2.0803,0.0,0.0,0.0
r0038_c0120,40.6001591,-73.7481216,Residential,50,0.0,0.0,2.1,1973.0,114934.0,54,0.7728,0.0,0.0,0.0
r0038_c0121,40.6001591,-73.7463386,Residential,33,0.0,0.0,1.9,1952.0,134523.0,36,1.4461,0.0,0.0,0.0
r0038_c0122,40.6001591,-73.7445557,Institutional,18,44.44,0.0,2.2,1971.0,170537.0,22,0.832,0.0,0.0,0.0
r0038_c0123,40.6001591,-73.7427728,Residential,25,0.0,0.0,1.9,1975.0,90299.0,25,0.6962,0.0,0.0,0.0
r0038_c0124,40.6001591,-73.7409899,Residential,30,88.89,0.0,2.0,1968.0,80375.0,30,-0.0,0.0,0.0,0.0
r0038_c0125,40.6001591,-73.739207,Residential,38,177.78,0.0,2.2,1971.0,92759.0,39,0.2999,0.0,0.0,0.0
r0039_c0078,40.6015104,-73.8230039,Residential,35,133.33,0.0,1.8,1936.0,33975.0,23,0.6329,0.0,0.0,0.0
r0039_c0079,40.6015104,-73.8212209,Residential,45,488.89,0.0,1.5,1938.0,49213.0,40,0.6406,0.0,0.0,0.0
r0039_c0080,40.6015104,-73.819438,Mixed-Use,25,577.78,0.0,1.8,1967.0,26345.0,17,1.5738,0.0,0.0,0.0
r0039_c0105,40.6015104,-73.7748652,Residential,15,0.0,0.0,1.1,1920.0,5118.0,9,0.9854,0.0,0.0,0.0
r0039_c0109,40.6015104,-73.7677336,Residential,49,0.0,0.0,2.0,1975.0,144242.0,49,0.8766,0.0,0.0,0.0
r0039_c0110,40.6015104,-73.7659507,Residential,28,0.0,0.0,2.0,1957.0,121109.0,30,1.0045,0.0,0.0,0.0
r0039_c0111,40.6015104,-73.7641678,Institutional,3,311.11,0.0,3.0,1966.0,47850.0,2,0.1073,0.0,0.0,0.0
r0039_c0112,40.6015104,-73.7623848,Residential,34,0.0,0.0,2.2,1973.0,79383.0,34,0.3188,0.0,0.0,0.0
r0039_c0113,40.6015104,-73.7606019,Residential,22,0.0,0.0,2.2,1938.0,47117.0,28,1.654,0.0,0.0,0.0
r0039_c0114,40.6015104,-73.758819,Residential,41,0.0,0.0,2.1,1962.0,155616.0,42,1.4372,0.0,0.0,0.0
r0039_c0115,40.6015104,-73.7570361,Residential,38,0.0,0.0,2.2,1973.0,154544.0,40,1.6468,0.0,0.0,0.0
r0039_c0116,40.6015104,-73.7552532,Residential,16,44.44,0.0,2.4,1933.0,212059.0,15,2.3703,0.0,0.0,0.0
r0039_c0117,40.6015104,-73.7534703,Mixed-Use,22,133.33,0.6667,1.9,1935.0,190004.0,22,2.0714,0.0,44.44,1.0
r0039_c0118,40.6015104,-73.7516874,Mixed-Use,26,44.44,0.0,2.1,1979.0,171287.0,28,2.9344,0.0,0.0,0.0
r0039_c0119,40.6015104,-73.7499045,Residential,14,0.0,0.0,2.9,1981.0,289839.0,13,1.9448,0.0,0.0,0.0
r0039_c0120,40.6015104,-73.7481216,Residential,31,0.0,0.0,2.3,1940.0,193966.0,36,1.9342,0.0,0.0,0.0
r0039_c0121,40.6015104,-73.7463386,Residential,24,44.44,0.0,2.1,1946.0,111878.0,30,1.5063,0.0,0.0,0.0
r0039_c0122,40.6015104,-73.7445557,Residential,30,0.0,0.0,2.0,1941.0,76980.0,47,0.4892,0.0,0.0,0.0
r0039_c0123,40.6015104,-73.7427728,Residential,36,0.0,0.0,1.7,1967.0,112851.0,36,-0.0,0.0,0.0,0.0
r0039_c0124,40.6015104,-73.7409899,Residential,18,44.44,0.0,1.6,1965.0,65477.0,17,0.3427,0.0,0.0,0.0
r0039_c0125,40.6015104,-73.739207,Residential,30,177.78,0.0,1.9,1959.0,97154.0,31,-0.0,0.0,0.0,0.0
r0040_c0078,40.6028618,-73.8230039,Mixed-Use,29,177.78,0.0,1.7,1932.0,37313.0,28,0.9448,0.0,0.0,0.0
r0040_c0079,40.6028618,-73.8212209,Residential,69,577.78,0.0,1.5,1931.0,98501.0,76,0.1633,0.0,0.0,0.0
r0040_c0080,40.6028618,-73.819438,Residential,24,266.67,0.0,1.7,1949.0,29980.0,24,1.0878,0.0,0.0,0.0
r0040_c0081,40.6028618,-73.8176551,Residential,4,0.0,0.0,1.3,1923.0,2641.0,3,0.014,0.0,0.0,0.0
r0040_c0108,40.6028618,-73.7695165,Residential,22,44.44,0.0,2.0,1985.0,51847.0,22,-0.0,0.0,0.0,0.0
r0040_c0109,40.6028618,-73.7677336,Residential,33,0.0,0.0,2.0,1997.0,120607.0,32,1.2152,0.0,0.0,0.0
r0040_c0110,40.6028618,-73.7659507,Residential,32,44.44,0.0,1.9,1962.0,69441.0,37,0.3482,0.0,0.0,0.0
r0040_c0111,40.6028618,-73.7641678,Residential,27,0.0,0.0,1.9,1942.0,60868.0,45,-0.0,0.0,0.0,0.0
r0040_c0112,40.6028618,-73.7623848,Residential,22,0.0,0.0,1.9,1953.0,52715.0,31,-0.0,0.0,0.0,0.0
r0040_c0113,40.6028618,-73.7606019,Residential,33,0.0,0.0,2.1,1947.0,78112.0,45,0.5298,0.0,0.0,0.0
r0040_c0114,40.6028618,-73.758819,Residential,37,44.44,0.0,2.0,1981.0,79810.0,37,1.3003,0.0,0.0,0.0
r0040_c0115,40.6028618,-73.7570361,Residential,38,0.0,0.0,2.0,1941.0,60245.0,45,0.9994,0.0,0.0,0.0
r0040_c0116,40.6028618,-73.7552532,Residential,27,44.44,0.0,2.4,1971.0,261834.0,37,1.9339,0.0,0.0,0.0
r0040_c0117,40.6028618,-73.7534703,Commercial,21,177.78,0.25,1.8,1957.0,162605.0,26,1.2399,0.0,0.0,0.0
r0040_c0118,40.6028618,-73.7516874,Mixed-Use,22,88.89,0.0,2.4,1982.0,294480.0,20,2.3839,0.0,0.0,0.0
r0040_c0119,40.6028618,-73.7499045,Mixed-Use,17,177.78,0.25,2.2,1943.0,164909.0,18,2.1242,0.0,44.44,0.0
r0040_c0120,40.6028618,-73.7481216,Residential,23,0.0,0.0,2.8,1937.0,251353.0,32,1.5561,0.0,0.0,0.0
r0040_c0121,40.6028618,-73.7463386,Residential,24,0.0,0.0,2.3,1945.0,162274.0,34,2.1254,0.0,0.0,0.0
r0040_c0122,40.6028618,-73.7445557,Residential,35,0.0,0.0,2.0,1940.0,101343.0,56,0.6884,0.0,0.0,0.0
r0040_c0123,40.6028618,-73.7427728,Residential,32,0.0,0.0,2.0,1942.0,74937.0,50,-0.0,0.0,0.0,0.0
r0040_c0124,40.6028618,-73.7409899,Residential,25,0.0,0.0,1.7,1961.0,75921.0,30,0.3448,0.0,0.0,0.0
r0040_c0125,40.6028618,-73.739207,Residential,17,133.33,0.0,2.0,1960.0,73936.0,17,0.023,0.0,0.0,0.0
r0041_c0078,40.6042131,-73.8230039,Residential,23,44.44,0.0,1.7,1920.0,24864.0,23,0.9948,0.0,0.0,0.0
r0041_c0079,40.6042131,-73.8212209,Residential,71,266.67,0.0,1.6,1929.0,83541.0,72,0.342,0.0,0.0,0.0
r0041_c0080,40.6042131,-73.819438,Residential,40,444.44,0.0,1.5,1929.0,43746.0,38,1.0,0.0,0.0,0.0
r0041_c0081,40.6042131,-73.8176551,Mixed-Use,10,0.0,0.0,1.1,1940.0,6741.0,8,1.392,0.0,0.0,0.0
r0041_c0108,40.6042131,-73.7695165,Residential,20,0.0,0.0,1.7,1948.0,40213.0,21,0.818,0.0,0.0,0.0
r0041_c0109,40.6042131,-73.7677336,Residential,31,0.0,0.0,1.8,1956.0,76801.0,35,1.1439,0.0,0.0,0.0
r0041_c0110,40.6042131,-73.7659507,Residential,19,0.0,0.0,1.7,1958.0,58568.0,20,1.1136,0.0,0.0,0.0
r0041_c0111,40.6042131,-73.7641678,Residential,18,0.0,0.0,1.8,1970.0,42201.0,24,-0.0,0.0,0.0,0.0
r0041_c0112,40.6042131,-73.7623848,Residential,17,44.44,0.0,2.1,1960.0,52048.0,22,0.4345,0.0,0.0,0.0
r0041_c0113,40.6042131,-73.7606019,Residential,20,44.44,0.0,2.2,1926.0,80001.0,37,1.0751,0.0,0.0,0.0
r0041_c0114,40.6042131,-73.758819,Residential,51,0.0,0.0,2.2,1953.0,118580.0,72,0.8468,0.0,0.0,0.0
r0041_c0115,40.6042131,-73.7570361,Residential,43,0.0,0.0,2.2,1956.0,89259.0,53,0.6822,0.0,0.0,0.0
r0041_c0116,40.6042131,-73.7552532,Mixed-Use,36,44.44,0.0,2.1,1977.0,88251.0,35,1.9622,0.0,0.0,0.0
r0041_c0117,40.6042131,-73.7534703,Mixed-Use,13,622.22,0.2143,3.1,1955.0,344457.0,12,1.3623,0.0,88.89,0.0
r0041_c0118,40.6042131,-73.7516874,Mixed-Use,12,133.33,0.0,1.7,1977.0,124712.0,11,2.0833,0.0,0.0,0.0
r0041_c0119,40.6042131,-73.7499045,Institutional,11,177.78,0.0,2.6,1970.0,186166.0,12,1.2925,0.0,0.0,0.0
r0041_c0120,40.6042131,-73.7481216,Residential,25,0.0,0.0,2.9,1964.0,309352.0,33,1.6437,0.0,0.0,0.0
r0041_c0121,40.6042131,-73.7463386,Residential,40,0.0,0.0,2.4,1926.0,156364.0,64,1.2406,0.0,0.0,0.0
r0041_c0122,40.6042131,-73.7445557,Residential,37,88.89,0.0,2.1,1946.0,68070.0,39,1.1949,0.0,0.0,0.0
r0041_c0123,40.6042131,-73.7427728,Residential,29,0.0,0.0,1.9,1937.0,61983.0,50,-0.0,0.0,0.0,0.0
r0041_c0124,40.6042131,-73.7409899,Residential,23,0.0,0.0,1.6,1961.0,69922.0,24,0.1191,0.0,0.0,0.0
r0041_c0125,40.6042131,-73.739207,Residential,6,133.33,0.0,1.2,1958.0,19283.0,6,-0.0,0.0,0.0,0.0
r0042_c0078,40.6055645,-73.8230039,Mixed-Use,12,0.0,0.0,1.5,1920.0,8898.0,9,0.7167,0.0,0.0,0.0
r0042_c0079,40.6055645,-73.8212209,Residential,72,177.78,0.0,1.6,1926.0,88532.0,74,0.4407,0.0,0.0,0.0
r0042_c0080,40.6055645,-73.819438,Residential,49,488.89,0.0,1.7,1939.0,56917.0,50,1.0715,0.0,0.0,0.0
r0042_c0081,40.6055645,-73.8176551,Mixed-Use,8,44.44,0.0,2.0,1924.0,7015.0,6,0.8827,0.0,0.0,0.0
r0042_c0082,40.6055645,-73.8158722,Residential,10,0.0,0.0,2.4,1960.0,9256.0,6,0.9972,0.0,0.0,0.0
r0042_c0108,40.6055645,-73.7695165,Residential,24,0.0,0.0,1.7,1960.0,51762.0,23,0.7263,0.0,0.0,0.0
r0042_c0109,40.6055645,-73.7677336,Residential,22,133.33,0.0,1.8,1944.0,50828.0,27,0.4797,0.0,0.0,0.0
r0042_c0110,40.6055645,-73.7659507,Residential,25,44.44,0.0,1.9,1944.0,43636.0,37,0.8441,0.0,0.0,0.0
r0042_c0111,40.6055645,-73.7641678,Residential,21,44.44,0.0,1.7,1949.0,54926.0,27,0.8037,0.0,0.0,0.0
r0042_c0112,40.6055645,-73.7623848,Residential,22,0.0,0.0,1.8,1942.0,44627.0,39,-0.0,0.0,0.0,0.0
r0042_c0113,40.6055645,-73.7606019,Residential,31,0.0,0.0,2.0,1942.0,65889.0,46,0.5704,0.0,0.0,0.0
r0042_c0114,40.6055645,-73.758819,Residential,36,0.0,0.0,2.6,1967.0,220556.0,46,1.5095,0.0,0.0,0.0
r0042_c0115,40.6055645,-73.7570361,Residential,33,0.0,0.0,2.6,1951.0,223778.0,36,1.5817,0.0,0.0,0.0
r0042_c0116,40.6055645,-73.7552532,Commercial,21,711.11,0.3125,2.0,1956.0,316816.0,22,1.6237,0.0,355.56,0.0
r0042_c0117,40.6055645,-73.7534703,Mixed-Use,8,44.44,0.0,3.8,2001.0,1216624.0,13,0.3903,0.0,0.0,0.0
r0042_c0118,40.6055645,-73.7516874,Institutional,19,0.0,0.0,2.3,1942.0,242572.0,20,1.9564,0.0,0.0,0.0
r0042_c0119,40.6055645,-73.7499045,Residential,34,44.44,0.0,2.4,1945.0,102035.0,54,1.5412,0.0,44.44,0.0
r0042_c0120,40.6055645,-73.7481216,Residential,36,0.0,0.0,2.6,1972.0,95638.0,45,1.0938,0.0,0.0,0.0
r0042_c0121,40.6055645,-73.7463386,Residential,35,44.44,0.0,2.4,1935.0,131163.0,46,0.9666,0.0,0.0,0.0
r0042_c0122,40.6055645,-73.7445557,Residential,35,0.0,0.0,2.1,1956.0,93897.0,40,0.8153,0.0,0.0,0.0
r0042_c0123,40.6055645,-73.7427728,Residential,27,0.0,0.0,1.6,1959.0,64880.0,29,-0.0,0.0,0.0,0.0
r0042_c0124,40.6055645,-73.7409899,Residential,6,177.78,0.0,2.3,1972.0,18415.0,5,0.8014,0.0,0.0,0.0
r0043_c0079,40.6069158,-73.8212209,Residential,29,222.22,0.0,1.8,1924.0,83935.0,32,1.3674,0.0,0.0,0.0
r0043_c0080,40.6069158,-73.819438,Residential,56,666.67,0.0,1.7,1937.0,85309.0,63,1.6221,0.0,0.0,0.0
r0043_c0081,40.6069158,-73.8176551,Residential,55,577.78,0.0,1.7,1939.0,75210.0,65,1.0025,0.0,0.0,0.0
r0043_c0082,40.6069158,-73.8158722,Residential,29,177.78,0.0,1.6,1950.0,28637.0,32,1.6624,0.0,0.0,0.0
r0043_c0108,40.6069158,-73.7695165,Residential,21,0.0,0.0,1.7,1950.0,21841.0,17,1.0,0.0,0.0,0.0
r0043_c0109,40.6069158,-73.7677336,Residential,31,0.0,0.0,1.8,1950.0,60639.0,34,0.2454,0.0,0.0,0.0
r0043_c0110,40.6069158,-73.7659507,Residential,21,44.44,0.0,1.7,1956.0,55050.0,27,0.3252,0.0,0.0,0.0
r0043_c0111,40.6069158,-73.7641678,Residential,26,44.44,0.0,1.9,1950.0,63007.0,27,0.4423,0.0,0.0,0.0
r0043_c0112,40.6069158,-73.7623848,Residential,35,44.44,0.0,2.0,1937.0,72995.0,49,0.5211,0.0,0.0,0.0
r0043_c0113,40.6069158,-73.7606019,Residential,15,0.0,0.0,2.0,1953.0,135699.0,21,0.9407,0.0,0.0,0.0
r0043_c0114,40.6069158,-73.758819,Residential,43,44.44,0.0,2.3,1960.0,163424.0,50,1.2212,0.0,0.0,0.0
r0043_c0115,40.6069158,-73.7570361,Residential,38,0.0,0.0,2.5,1935.0,123813.0,50,1.5509,0.0,0.0,0.0
r0043_c0116,40.6069158,-73.7552532,Residential,40,44.44,0.0,2.5,1973.0,157717.0,48,2.0905,0.0,0.0,0.0
r0043_c0117,40.6069158,-73.7534703,Residential,30,44.44,0.0,2.3,1950.0,78858.0,37,2.0341,0.0,44.44,0.0
r0043_c0118,40.6069158,-73.7516874,Residential,14,88.89,0.0,3.9,1985.0,657268.0,12,2.2378,0.0,44.44,0.0
r0043_c0119,40.6069158,-73.7499045,Residential,32,44.44,0.0,2.6,1956.0,196019.0,32,2.1254,0.0,0.0,0.0
r0043_c0120,40.6069158,-73.7481216,Residential,19,88.89,0.0,2.3,1944.0,120462.0,32,1.4656,0.0,0.0,0.0
r0043_c0121,40.6069158,-73.7463386,Residential,29,0.0,0.0,2.4,1949.0,85995.0,46,0.6212,0.0,0.0,0.0
r0043_c0122,40.6069158,-73.7445557,Institutional,17,133.33,0.0,2.2,1947.0,58380.0,19,1.81,0.0,0.0,0.0
r0043_c0123,40.6069158,-73.7427728,Residential,14,0.0,0.0,2.0,1952.0,27283.0,15,0.7917,0.0,0.0,0.0
r0044_c0079,40.6082672,-73.8212209,Residential,8,44.44,0.0,2.1,1941.0,14693.0,10,-0.0,0.0,0.0,0.0
r0044_c0080,40.6082672,-73.819438,Residential,40,311.11,0.0,1.7,1937.0,57603.0,52,1.1317,0.0,0.0,0.0
r0044_c0081,40.6082672,-73.8176551,Residential,69,533.33,0.0,1.5,1933.0,82327.0,80,0.5625,0.0,0.0,0.0
r0044_c0082,40.6082672,-73.8158722,Mixed-Use,15,266.67,0.0,1.6,1937.0,24400.0,22,1.0814,0.0,0.0,0.0
r0044_c0108,40.6082672,-73.7695165,Mixed-Use,30,0.0,0.0,1.6,1970.0,15142.0,7,0.5788,0.0,0.0,0.0
r0044_c0109,40.6082672,-73.7677336,Residential,29,0.0,0.0,1.6,1974.0,63056.0,32,0.1082,0.0,0.0,0.0
r0044_c0110,40.6082672,-73.7659507,Residential,15,0.0,0.0,1.6,1958.0,32086.0,15,0.4174,0.0,0.0,0.0
r0044_c0111,40.6082672,-73.7641678,Institutional,11,311.11,0.0,1.8,1949.0,117479.0,15,1.1793,0.0,0.0,0.0
r0044_c0112,40.6082672,-73.7623848,Residential,4,0.0,0.0,2.1,1958.0,7070.0,4,-0.0,0.0,0.0,0.0
r0044_c0113,40.6082672,-73.7606019,Residential,31,0.0,0.0,2.2,1945.0,66298.0,38,0.598,0.0,0.0,0.0
r0044_c0114,40.6082672,-73.758819,Residential,39,0.0,0.0,2.0,1937.0,79368.0,53,0.1756,0.0,0.0,0.0
r0044_c0115,40.6082672,-73.7570361,Residential,50,0.0,0.0,2.5,1963.0,117811.0,73,0.9225,0.0,0.0,0.0
r0044_c0116,40.6082672,-73.7552532,Residential,47,0.0,0.0,2.1,1959.0,92766.0,57,0.8907,0.0,0.0,0.0
r0044_c0117,40.6082672,-73.7534703,Residential,33,44.44,0.0,2.5,1958.0,73398.0,38,2.1536,0.0,0.0,0.0
r0044_c0118,40.6082672,-73.7516874,Industrial,6,133.33,0.0,3.2,1969.0,126957.0,4,0.9531,0.0,44.44,0.0
r0044_c0119,40.6082672,-73.7499045,Residential,39,0.0,0.0,2.2,1950.0,119515.0,49,1.2314,0.0,0.0,0.0
r0044_c0120,40.6082672,-73.7481216,Residential,25,44.44,0.0,2.7,1953.0,260635.0,30,1.777,0.0,0.0,0.0
r0044_c0121,40.6082672,-73.7463386,Residential,22,0.0,0.0,2.6,1955.0,74932.0,34,1.4042,0.0,0.0,0.0
r0044_c0122,40.6082672,-73.7445557,Residential,28,0.0,0.0,2.2,1933.0,77507.0,34,0.5021,0.0,0.0,0.0
r0044_c0123,40.6082672,-73.7427728,Residential,9,177.78,0.0,2.3,1924.0,16092.0,12,1.2159,0.0,0.0,0.0
r0045_c0080,40.6096185,-73.819438,Residential,25,133.33,0.0,1.9,1941.0,32557.0,31,1.0576,0.0,0.0,0.0
r0045_c0081,40.6096185,-73.8176551,Residential,29,222.22,0.0,1.8,1929.0,28358.0,31,0.7661,0.0,0.0,0.0
r0045_c0108,40.6096185,-73.7695165,Residential,11,0.0,0.0,2.4,1922.0,13115.0,6,1.3783,0.0,0.0,0.0
r0045_c0109,40.6096185,-73.7677336,Residential,24,44.44,0.0,1.9,1940.0,57244.0,32,0.2868,0.0,0.0,0.0
r0045_c0110,40.6096185,-73.7659507,Residential,29,44.44,0.0,1.9,1947.0,65198.0,43,0.4993,0.0,0.0,0.0
r0045_c0111,40.6096185,-73.7641678,Residential,31,88.89,0.0,2.0,1953.0,69918.0,37,0.0348,0.0,0.0,0.0
r0045_c0114,40.6096185,-73.758819,Residential,52,44.44,0.0,2.2,1932.0,91049.0,67,0.9872,0.0,0.0,0.0
r0045_c0115,40.6096185,-73.7570361,Residential,40,0.0,0.0,2.2,1957.0,76587.0,46,0.7674,0.0,0.0,0.0
r0045_c0116,40.6096185,-73.7552532,Residential,27,0.0,0.0,2.3,1983.0,42640.0,24,1.2041,0.0,0.0,0.0
r0045_c0117,40.6096185,-73.7534703,Commercial,9,533.33,0.0833,1.2,1948.0,28776.0,5,1.2142,0.0,222.22,0.0
r0045_c0119,40.6096185,-73.7499045,Mixed-Use,13,177.78,0.0,1.7,1969.0,68275.0,13,1.6505,0.0,0.0,0.0
r0045_c0120,40.6096185,-73.7481216,Residential,22,0.0,0.0,2.3,1932.0,43921.0,25,1.6628,0.0,0.0,0.0
r0045_c0121,40.6096185,-73.7463386,Institutional,12,88.89,0.0,2.0,1936.0,70699.0,19,1.4604,0.0,0.0,0.0
r0045_c0122,40.6096185,-73.7445557,Residential,13,0.0,0.0,2.7,1932.0,132733.0,16,1.4824,0.0,0.0,0.0
r0046_c0080,40.6109699,-73.819438,Mixed-Use,23,44.44,0.0,1.8,1928.0,19707.0,18,0.7291,0.0,0.0,0.0
r0046_c0081,40.6109699,-73.8176551,Mixed-Use,11,44.44,0.0,2.0,1921.0,9372.0,10,0.1955,0.0,0.0,0.0
r0046_c0106,40.6109699,-73.7730823,Mixed-Use,3,0.0,0.0,,,0.0,0,-0.0,0.0,0.0,0.0
r0046_c0107,40.6109699,-73.7712994,Residential,29,0.0,0.0,1.8,1955.0,54834.0,23,0.7272,0.0,0.0,0.0
r0046_c0108,40.6109699,-73.7695165,Residential,27,88.89,0.0,1.5,1958.0,48763.0,31,0.062,0.0,0.0,0.0
r0046_c0109,40.6109699,-73.7677336,Residential,29,44.44,0.0,1.6,1952.0,51002.0,35,0.1566,0.0,0.0,0.0
r0046_c0110,40.6109699,-73.7659507,Residential,32,0.0,0.0,1.9,1947.0,53492.0,32,0.7757,0.0,0.0,0.0
r0046_c0111,40.6109699,-73.7641678,Residential,24,0.0,0.0,1.8,1944.0,47726.0,25,1.0733,0.0,0.0,0.0
r0046_c0112,40.6109699,-73.7623848,Mixed-Use,5,222.22,0.0,1.0,1955.0,1624.0,14,0.8034,0.0,0.0,0.0
r0046_c0120,40.6109699,-73.7481216,Industrial,19,444.44,0.0,1.5,1948.0,94581.0,20,1.3807,0.0,0.0,0.0
r0046_c0121,40.6109699,-73.7463386,Residential,20,0.0,0.0,2.4,1931.0,40379.0,32,0.983,0.0,0.0,0.0
r0046_c0122,40.6109699,-73.7445557,Residential,14,266.67,0.0,1.9,1944.0,15769.0,11,1.1337,0.0,44.44,0.0
r0047_c0079,40.6123212,-73.8212209,Mixed-Use,10,44.44,0.0,2.0,1990.0,8294.0,9,0.9741,0.0,0.0,0.0
r0047_c0080,40.6123212,-73.819438,Residential,26,177.78,0.0,1.9,1927.0,30540.0,23,0.5917,0.0,0.0,0.0
r0047_c0107,40.6123212,-73.7712994,Residential,29,44.44,0.0,1.9,1956.0,60084.0,32,-0.0,0.0,0.0,0.0
r0047_c0108,40.6123212,-73.7695165,Residential,21,222.22,0.0,1.7,1950.0,44208.0,28,0.0562,0.0,0.0,0.0
r0047_c0109,40.6123212,-73.7677336,Residential,36,0.0,0.0,1.7,1957.0,85353.0,46,-0.0,0.0,0.0,0.0
r0047_c0110,40.6123212,-73.7659507,Open Space,26,88.89,0.0,1.8,1951.0,26290.0,23,1.3844,0.0,0.0,0.0
r0047_c0120,40.6123212,-73.7481216,Residential,12,400.0,0.0,1.3,1961.0,24660.0,11,1.5463,0.0,0.0,0.0
r0047_c0121,40.6123212,-73.7463386,Residential,3,711.11,0.1875,2.0,2003.0,6240.0,3,-0.0,0.0,222.22,0.0
r0048_c0078,40.6136726,-73.8230039,Open Space,5,133.33,0.0,,,0.0,0,0.9821,88.89,0.0,0.0
r0048_c0079,40.6136726,-73.8212209,Open Space,6,88.89,0.0,1.7,1964.0,10858.0,4,1.5081,0.0,0.0,0.0
r0048_c0080,40.6136726,-73.819438,Residential,5,44.44,0.0,1.7,1937.0,9364.0,7,0.7769,0.0,0.0,0.0
r0048_c0108,40.6136726,-73.7695165,Open Space,9,0.0,0.0,,,0.0,0,0.9962,0.0,0.0,0.0
r0048_c0109,40.6136726,-73.7677336,Open Space,14,0.0,0.0,1.0,1970.0,18928.0,8,1.5293,0.0,0.0,0.0
r0048_c0110,40.6136726,-73.7659507,Open Space,11,577.78,0.0,2.0,1930.0,7792.0,12,1.4731,0.0,0.0,0.0
r0049_c0079,40.6150239,-73.8212209,Mixed-Use,5,0.0,0.0,1.0,1931.0,1488.0,2,0.482,0.0,0.0,0.0
r0050_c0079,40.6163753,-73.8212209,Open Space,5,355.56,0.0,,,0.0,0,0.2905,44.44,0.0,0.0
r0064_c0123,40.6352942,-73.7427728,Residential,7,222.22,0.0,1.5,1916.0,5372.0,11,0.1721,0.0,0.0,0.0
r0064_c0124,40.6352942,-73.7409899,Mixed-Use,21,844.44,0.1579,1.6,1932.0,21589.0,21,2.3545,44.44,266.67,0.3333
r0065_c0121,40.6366456,-73.7463386,Residential,17,0.0,0.0,1.9,1931.0,13980.0,21,0.5615,0.0,0.0,0.0
r0065_c0124,40.6366456,-73.7409899,Mixed-Use,15,800.0,0.0556,1.6,1940.0,28020.0,15,1.9223,0.0,444.44,0.6
r0066_c0121,40.6379969,-73.7463386,Residential,23,88.89,0.0,1.7,1926.0,15341.0,20,1.0583,0.0,0.0,0.0
r0066_c0122,40.6379969,-73.7445557,Mixed-Use,22,177.78,0.25,1.9,1928.0,14618.0,15,1.4239,0.0,0.0,0.0
r0066_c0123,40.6379969,-73.7427728,Mixed-Use,3,400.0,0.1111,1.0,1979.0,5910.0,3,0.8118,0.0,0.0,0.0
r0067_c0122,40.6393483,-73.7445557,Mixed-Use,5,0.0,0.0,1.8,1926.0,13578.0,9,0.9398,0.0,0.0,0.0
r0067_c0123,40.6393483,-73.7427728,Commercial,4,266.67,0.0,2.5,1990.0,111279.0,4,0.9398,44.44,44.44,1.0
r0069_c0123,40.642051,-73.7427728,Mixed-Use,9,44.44,0.0,,,0.0,1,0.5049,0.0,0.0,0.0
r0070_c0122,40.6434023,-73.7445557,Mixed-Use,6,0.0,0.0,,,0.0,0,-0.0,0.0,0.0,0.0
r0070_c0123,40.6434023,-73.7427728,Mixed-Use,7,0.0,0.0,,,0.0,0,-0.0,0.0,0.0,0.0
r0071_c0122,40.6447537,-73.7445557,Mixed-Use,12,44.44,0.0,,,0.0,0,-0.0,0.0,0.0,0.0
r0071_c0123,40.6447537,-73.7427728,Mixed-Use,10,0.0,0.0,,,0.0,0,-0.0,0.0,0.0,0.0
r0072_c0122,40.646105,-73.7445557,Mixed-Use,13,0.0,0.0,,,0.0,0,0.8847,0.0,0.0,0.0
r0072_c0123,40.646105,-73.7427728,Mixed-Use,10,0.0,0.0,,,0.0,0,-0.0,0.0,0.0,0.0
r0072_c0124,40.646105,-73.7409899,Open Space,9,2177.78,0.0,,,0.0,0,-0.0,0.0,0.0,0.0
r0073_c0065,40.6474564,-73.8461817,Residential,6,0.0,0.0,1.2,1965.0,10459.0,5,0.0818,0.0,0.0,0.0
r0073_c0122,40.6474564,-73.7445557,Mixed-Use,3,0.0,0.0,,,0.0,0,0.9631,0.0,0.0,0.0
r0074_c0065,40.6488077,-73.8461817,Residential,36,977.78,0.0,2.0,1983.0,82085.0,39,-0.0,0.0,0.0,0.0
r0074_c0066,40.6488077,-73.8443988,Residential,35,577.78,0.0,1.8,1973.0,87498.0,38,0.0324,0.0,0.0,0.0
r0074_c0067,40.6488077,-73.8426159,Residential,31,622.22,0.0,1.5,1966.0,65925.0,31,0.3095,0.0,0.0,0.0
r0074_c0068,40.6488077,-73.840833,Residential,27,444.44,0.0,1.9,1965.0,58313.0,27,0.4135,0.0,0.0,0.0
r0074_c0069,40.6488077,-73.8390501,Residential,15,222.22,0.0,1.9,1956.0,34441.0,17,-0.0,0.0,0.0,0.0
r0074_c0070,40.6488077,-73.8372672,Commercial,3,177.78,0.25,2.3,1982.0,30045.0,3,0.6858,0.0,0.0,0.0
r0075_c0064,40.6501591,-73.8479646,Residential,4,0.0,0.0,1.5,1965.0,8578.0,4,-0.0,0.0,0.0,0.0
r0075_c0065,40.6501591,-73.8461817,Residential,34,800.0,0.0,2.0,1966.0,82702.0,37,0.1255,0.0,0.0,0.0
r0075_c0066,40.6501591,-73.8443988,Residential,39,666.67,0.0,1.8,1961.0,96194.0,42,-0.0,0.0,0.0,0.0
r0075_c0067,40.6501591,-73.8426159,Residential,38,800.0,0.0,1.7,1955.0,90625.0,40,-0.0,0.0,0.0,0.0
r0075_c0068,40.6501591,-73.840833,Residential,39,400.0,0.0,1.9,1963.0,82184.0,42,0.0984,0.0,0.0,0.0
r0075_c0069,40.6501591,-73.8390501,Residential,36,266.67,0.1667,1.8,1958.0,70820.0,36,0.6648,0.0,0.0,0.0
r0075_c0070,40.6501591,-73.8372672,Commercial,8,577.78,0.1538,1.4,1984.0,56954.0,8,1.1778,44.44,222.22,0.0
r0075_c0071,40.6501591,-73.8354842,Residential,46,355.56,0.0,2.1,1964.0,110211.0,53,0.8207,0.0,0.0,0.0
r0075_c0072,40.6501591,-73.8337013,Residential,46,755.56,0.0,1.9,1951.0,87388.0,52,0.5594,0.0,0.0,0.0
r0075_c0073,40.6501591,-73.8319184,Residential,23,577.78,0.0,2.0,1946.0,45658.0,33,0.5078,0.0,0.0,0.0
r0075_c0074,40.6501591,-73.8301355,Residential,8,44.44,0.0,1.8,1936.0,7737.0,10,0.5323,0.0,0.0,0.0
r0075_c0075,40.6501591,-73.8283526,Residential,38,622.22,0.0,2.0,1960.0,19437.0,18,0.9918,0.0,0.0,0.0
r0075_c0076,40.6501591,-73.8265697,Mixed-Use,4,0.0,0.0,1.5,1930.0,2045.0,2,1.3646,0.0,0.0,0.0
r0075_c0126,40.6501591,-73.7374241,Residential,17,133.33,0.0,2.0,1966.0,39892.0,20,0.6393,0.0,0.0,0.0
r0075_c0127,40.6501591,-73.7356412,Residential,39,88.89,0.0,2.0,1962.0,105218.0,43,1.5065,0.0,0.0,0.0
r0075_c0128,40.6501591,-73.7338583,Residential,34,177.78,0.0,2.0,1962.0,52496.0,35,1.1464,0.0,0.0,0.0
r0075_c0129,40.6501591,-73.7320753,Residential,23,133.33,0.0,2.0,1964.0,48657.0,22,1.413,0.0,0.0,0.0
r0075_c0130,40.6501591,-73.7302924,Residential,7,311.11,0.0,2.0,1963.0,21317.0,7,0.7141,0.0,0.0,0.0
r0076_c0064,40.6515104,-73.8479646,Residential,15,444.44,0.0,1.1,1965.0,35114.0,15,-0.0,0.0,0.0,0.0
r0076_c0065,40.6515104,-73.8461817,Residential,33,400.0,0.0,1.7,1965.0,82577.0,34,-0.0,0.0,0.0,0.0
r0076_c0066,40.6515104,-73.8443988,Residential,35,755.56,0.0,1.6,1957.0,79620.0,35,-0.0,0.0,0.0,0.0
r0076_c0067,40.6515104,-73.8426159,Residential,37,977.78,0.0,1.8,1959.0,93207.0,41,-0.0,0.0,0.0,0.0
r0076_c0068,40.6515104,-73.840833,Residential,51,800.0,0.0,1.8,1966.0,107762.0,55,-0.0,0.0,0.0,0.0
r0076_c0069,40.6515104,-73.8390501,Residential,40,666.67,0.2,1.4,1969.0,92324.0,33,1.4057,0.0,88.89,0.0
r0076_c0070,40.6515104,-73.8372672,Commercial,14,311.11,0.0,1.9,1970.0,20954.0,11,1.7178,0.0,0.0,0.0
r0076_c0071,40.6515104,-73.8354842,Residential,39,577.78,0.0,1.6,1947.0,79774.0,45,0.1726,0.0,0.0,0.0
r0076_c0072,40.6515104,-73.8337013,Residential,37,488.89,0.0,1.7,1954.0,75044.0,46,0.0539,0.0,0.0,0.0
r0076_c0073,40.6515104,-73.8319184,Residential,28,400.0,0.0,1.9,1937.0,47192.0,42,0.5329,0.0,0.0,0.0
r0076_c0074,40.6515104,-73.8301355,Residential,72,311.11,0.0,1.6,1933.0,51358.0,61,1.0252,0.0,0.0,0.0
r0076_c0075,40.6515104,-73.8283526,Residential,89,400.0,0.0,1.7,1943.0,77984.0,80,1.3013,0.0,0.0,0.0
r0076_c0076,40.6515104,-73.8265697,Mixed-Use,3,0.0,0.0,1.9,1971.0,3669.0,2,0.1304,0.0,0.0,0.0
r0076_c0126,40.6515104,-73.7374241,Residential,38,177.78,0.0,1.9,1961.0,88417.0,42,0.8452,0.0,0.0,0.0
r0076_c0127,40.6515104,-73.7356412,Residential,53,222.22,0.0,1.8,1965.0,123891.0,58,0.6768,0.0,0.0,0.0
r0076_c0128,40.6515104,-73.7338583,Residential,55,88.89,0.0,2.0,1960.0,113763.0,58,0.6149,0.0,0.0,0.0
r0076_c0129,40.6515104,-73.7320753,Residential,52,177.78,0.0,2.0,1960.0,123731.0,66,0.9788,0.0,0.0,0.0
r0076_c0130,40.6515104,-73.7302924,Residential,20,88.89,0.0,2.0,1963.0,91649.0,51,0.9864,0.0,0.0,0.0
r0076_c0131,40.6515104,-73.7285095,Residential,30,88.89,0.0,2.0,1964.0,87651.0,30,0.6432,0.0,0.0,0.0
r0076_c0132,40.6515104,-73.7267266,Residential,9,44.44,0.0,2.0,1970.0,18825.0,8,1.3923,0.0,0.0,0.0
r0077_c0064,40.6528618,-73.8479646,Residential,20,800.0,0.0,1.2,1965.0,49053.0,20,-0.0,0.0,44.44,0.0
r0077_c0065,40.6528618,-73.8461817,Residential,35,666.67,0.0,1.1,1964.0,84487.0,36,-0.0,0.0,0.0,0.0
r0077_c0066,40.6528618,-73.8443988,Residential,36,666.67,0.0,1.1,1968.0,91609.0,37,-0.0,0.0,0.0,0.0
r0077_c0067,40.6528618,-73.8426159,Residential,36,400.0,0.0,1.1,1963.0,90612.0,37,-0.0,0.0,0.0,0.0
r0077_c0068,40.6528618,-73.840833,Residential,37,488.89,0.0,1.3,1968.0,91010.0,35,0.5023,0.0,0.0,0.0
r0077_c0069,40.6528618,-73.8390501,Mixed-Use,21,355.56,0.0,1.3,1967.0,58064.0,13,1.6625,0.0,0.0,0.0
r0077_c0070,40.6528618,-73.8372672,Residential,11,177.78,0.0,2.1,1973.0,118798.0,12,1.0405,0.0,0.0,0.0
r0077_c0071,40.6528618,-73.8354842,Residential,39,711.11,0.0,1.7,1950.0,85466.0,48,0.431,0.0,0.0,0.0
r0077_c0072,40.6528618,-73.8337013,Residential,39,488.89,0.0,1.8,1947.0,70493.0,53,0.179,0.0,0.0,0.0
r0077_c0073,40.6528618,-73.8319184,Residential,32,133.33,0.0,1.7,1943.0,36101.0,31,1.0012,0.0,0.0,0.0
r0077_c0074,40.6528618,-73.8301355,Residential,85,711.11,0.0,1.6,1939.0,65827.0,69,0.9691,0.0,0.0,0.0
r0077_c0075,40.6528618,-73.8283526,Residential,71,355.56,0.0,1.6,1948.0,55965.0,58,1.0962,0.0,0.0,0.0
r0077_c0120,40.6528618,-73.7481216,Mixed-Use,11,44.44,0.0,2.0,2005.0,1020.0,1,0.3839,0.0,0.0,0.0
r0077_c0121,40.6528618,-73.7463386,Residential,34,44.44,0.0,1.9,1958.0,57324.0,33,0.7042,0.0,0.0,0.0
r0077_c0122,40.6528618,-73.7445557,Residential,45,88.89,0.0,1.8,1952.0,87285.0,55,-0.0,0.0,0.0,0.0
r0077_c0123,40.6528618,-73.7427728,Residential,42,44.44,0.0,1.5,1953.0,70135.0,66,-0.0,0.0,0.0,0.0
r0077_c0124,40.6528618,-73.7409899,Residential,39,133.33,0.0,1.5,1953.0,65046.0,57,0.1826,0.0,0.0,0.0
r0077_c0125,40.6528618,-73.739207,Residential,25,0.0,0.0,1.7,1959.0,48191.0,25,1.1746,0.0,0.0,0.0
r0077_c0126,40.6528618,-73.7374241,Residential,37,88.89,0.0,2.0,1960.0,98378.0,39,0.1797,0.0,0.0,0.0
r0077_c0127,40.6528618,-73.7356412,Institutional,26,222.22,0.0,2.0,1970.0,272182.0,26,0.9727,0.0,0.0,0.0
r0077_c0128,40.6528618,-73.7338583,Residential,53,133.33,0.0,2.0,1961.0,105503.0,54,0.5112,0.0,0.0,0.0
r0077_c0129,40.6528618,-73.7320753,Residential,63,44.44,0.0,2.0,1957.0,97160.0,66,0.22,0.0,0.0,0.0
r0077_c0130,40.6528618,-73.7302924,Residential,55,88.89,0.0,1.9,1953.0,78441.0,61,-0.0,0.0,0.0,0.0
r0077_c0131,40.6528618,-73.7285095,Residential,57,266.67,0.0,1.9,1956.0,98173.0,58,0.0067,0.0,0.0,0.0
r0077_c0132,40.6528618,-73.7267266,Residential,48,222.22,0.0,2.0,1965.0,90557.0,53,0.4278,0.0,0.0,0.0
r0077_c0133,40.6528618,-73.7249437,Residential,26,1200.0,0.037,2.0,1969.0,63205.0,27,0.7011,0.0,222.22,0.2
r0078_c0061,40.6542131,-73.8533134,Residential,16,222.22,0.0,1.6,1976.0,43088.0,16,-0.0,0.0,0.0,0.0
r0078_c0062,40.6542131,-73.8515304,Residential,26,577.78,0.0,1.6,1972.0,61740.0,26,-0.0,0.0,0.0,0.0
r0078_c0063,40.6542131,-73.8497475,Residential,13,266.67,0.0,1.5,1964.0,32969.0,14,-0.0,0.0,0.0,0.0
r0078_c0064,40.6542131,-73.8479646,Residential,25,311.11,0.0,1.3,1965.0,59673.0,25,-0.0,0.0,0.0,0.0
r0078_c0065,40.6542131,-73.8461817,Residential,40,577.78,0.0,1.2,1965.0,96320.0,40,-0.0,0.0,0.0,0.0
r0078_c0066,40.6542131,-73.8443988,Residential,48,622.22,0.0,1.2,1959.0,111272.0,48,-0.0,0.0,0.0,0.0
r0078_c0067,40.6542131,-73.8426159,Residential,43,711.11,0.0,1.5,1962.0,93177.0,43,-0.0,0.0,0.0,0.0
r0078_c0068,40.6542131,-73.840833,Residential,36,844.44,0.0,1.4,1966.0,85294.0,38,0.2354,0.0,0.0,0.0
r0078_c0069,40.6542131,-73.8390501,Commercial,15,311.11,0.2857,1.2,1970.0,33746.0,9,1.2612,0.0,44.44,0.0
r0078_c0070,40.6542131,-73.8372672,Residential,17,266.67,0.0,1.8,1957.0,32196.0,15,0.4166,0.0,0.0,0.0
r0078_c0071,40.6542131,-73.8354842,Residential,43,488.89,0.0,1.7,1952.0,86657.0,51,0.1428,0.0,0.0,0.0
r0078_c0072,40.6542131,-73.8337013,Residential,43,577.78,0.0,1.8,1944.0,81218.0,53,-0.0,0.0,0.0,0.0
r0078_c0073,40.6542131,-73.8319184,Residential,40,133.33,0.0,1.9,1942.0,42004.0,31,1.3555,0.0,0.0,0.0
r0078_c0074,40.6542131,-73.8301355,Residential,64,444.44,0.0,1.7,1958.0,53339.0,44,0.9717,0.0,0.0,0.0
r0078_c0075,40.6542131,-73.8283526,Residential,35,266.67,0.0,1.7,1975.0,58089.0,32,1.4466,0.0,0.0,0.0
r0078_c0111,40.6542131,-73.7641678,Mixed-Use,7,44.44,0.0,,,0.0,0,-0.0,0.0,0.0,0.0
r0078_c0118,40.6542131,-73.7516874,Residential,9,44.44,0.0,2.0,1966.0,18592.0,10,-0.0,0.0,0.0,0.0
r0078_c0120,40.6542131,-73.7481216,Residential,20,0.0,0.0,1.9,1986.0,18915.0,13,0.9879,0.0,0.0,0.0
r0078_c0121,40.6542131,-73.7463386,Residential,41,0.0,0.0,1.9,1969.0,71535.0,48,0.5513,0.0,0.0,0.0
r0078_c0122,40.6542131,-73.7445557,Residential,38,0.0,0.0,1.9,1948.0,66107.0,51,-0.0,0.0,0.0,0.0
r0078_c0123,40.6542131,-73.7427728,Residential,34,88.89,0.0,1.6,1949.0,47070.0,56,-0.0,0.0,0.0,0.0
r0078_c0124,40.6542131,-73.7409899,Residential,40,44.44,0.0,1.5,1956.0,48988.0,44,0.6278,0.0,0.0,0.0
r0078_c0125,40.6542131,-73.739207,Residential,44,88.89,0.0,1.8,1963.0,73247.0,49,0.4901,0.0,0.0,0.0
r0078_c0126,40.6542131,-73.7374241,Residential,45,222.22,0.0,2.0,1963.0,76337.0,46,-0.0,0.0,0.0,0.0
r0078_c0127,40.6542131,-73.7356412,Residential,44,88.89,0.0,2.0,1961.0,127574.0,44,-0.0,0.0,0.0,0.0
r0078_c0128,40.6542131,-73.7338583,Residential,40,222.22,0.0,1.8,1964.0,64671.0,45,0.2172,0.0,0.0,0.0
r0078_c0129,40.6542131,-73.7320753,Residential,40,177.78,0.0,1.7,1955.0,68826.0,52,0.2774,0.0,0.0,0.0
r0078_c0130,40.6542131,-73.7302924,Residential,42,0.0,0.0,1.7,1959.0,68259.0,66,-0.0,0.0,0.0,0.0
r0078_c0131,40.6542131,-73.7285095,Residential,49,44.44,0.0,1.7,1952.0,83509.0,71,0.32,0.0,0.0,0.0
r0078_c0132,40.6542131,-73.7267266,Residential,38,133.33,0.0,1.8,1963.0,68632.0,41,0.2772,0.0,0.0,0.0
r0078_c0133,40.6542131,-73.7249437,Residential,17,488.89,0.0,2.0,1978.0,34161.0,18,0.8447,0.0,0.0,0.0
r0079_c0061,40.6555645,-73.8533134,Residential,23,444.44,0.0,1.8,1956.0,50489.0,23,-0.0,0.0,0.0,0.0
r0079_c0062,40.6555645,-73.8515304,Residential,37,977.78,0.0,1.7,1971.0,85344.0,37,-0.0,0.0,0.0,0.0
r0079_c0063,40.6555645,-73.8497475,Residential,40,1066.67,0.0,1.4,1965.0,96387.0,42,-0.0,0.0,0.0,0.0
r0079_c0064,40.6555645,-73.8479646,Residential,39,1111.11,0.0,1.3,1965.0,91807.0,40,-0.0,0.0,0.0,0.0
r0079_c0065,40.6555645,-73.8461817,Residential,49,755.56,0.0,1.7,1964.0,105564.0,49,0.1642,0.0,0.0,0.0
r0079_c0066,40.6555645,-73.8443988,Residential,42,755.56,0.0,1.8,1963.0,91052.0,42,-0.0,0.0,0.0,0.0
r0079_c0067,40.6555645,-73.8426159,Residential,41,1066.67,0.0,1.4,1962.0,86487.0,41,-0.0,0.0,0.0,0.0
r0079_c0068,40.6555645,-73.840833,Residential,41,488.89,0.0,1.4,1962.0,86691.0,39,0.2125,0.0,0.0,0.0
r0079_c0069,40.6555645,-73.8390501,Commercial,15,444.44,0.1,1.7,1967.0,72473.0,17,1.6766,0.0,0.0,0.0
r0079_c0070,40.6555645,-73.8372672,Residential,23,444.44,0.0,1.5,1958.0,41518.0,25,0.2684,0.0,0.0,0.0
r0079_c0071,40.6555645,-73.8354842,Residential,46,577.78,0.0,1.6,1953.0,76300.0,55,0.2972,0.0,0.0,0.0
r0079_c0072,40.6555645,-73.8337013,Residential,45,666.67,0.0,1.9,1938.0,88260.0,62,0.1449,0.0,0.0,0.0
r0079_c0073,40.6555645,-73.8319184,Residential,51,177.78,0.0,2.1,1916.0,20505.0,36,1.126,0.0,0.0,0.0
r0079_c0074,40.6555645,-73.8301355,Mixed-Use,53,222.22,0.0,1.8,1933.0,18184.0,23,1.2918,0.0,0.0,0.0
r0079_c0075,40.6555645,-73.8283526,Residential,24,88.89,0.0,2.0,1996.0,29493.0,16,0.9999,0.0,0.0,0.0
r0079_c0110,40.6555645,-73.7659507,Mixed-Use,12,133.33,0.0,1.1,1996.0,23378.0,8,1.2353,0.0,0.0,0.0
r0079_c0111,40.6555645,-73.7641678,Mixed-Use,26,0.0,0.0,2.0,1970.0,57600.0,3,1.4389,0.0,0.0,0.0
r0079_c0112,40.6555645,-73.7623848,Mixed-Use,5,0.0,0.0,,,0.0,0,-0.0,0.0,0.0,0.0
r0079_c0117,40.6555645,-73.7534703,Institutional,4,311.11,0.0,2.0,1967.0,55392.0,1,0.9722,0.0,0.0,0.0
r0079_c0118,40.6555645,-73.7516874,Residential,40,44.44,0.0,1.9,1964.0,83283.0,44,0.3857,0.0,0.0,0.0
r0079_c0119,40.6555645,-73.7499045,Residential,8,0.0,0.0,2.0,1986.0,16186.0,7,0.5299,0.0,0.0,0.0
r0079_c0121,40.6555645,-73.7463386,Residential,54,0.0,0.0,2.0,1963.0,111921.0,59,-0.0,0.0,0.0,0.0
r0079_c0122,40.6555645,-73.7445557,Residential,44,44.44,0.0,1.9,1953.0,87762.0,48,-0.0,0.0,0.0,0.0
r0079_c0123,40.6555645,-73.7427728,Residential,41,44.44,0.0,1.7,1953.0,64920.0,63,-0.0,0.0,0.0,0.0
r0079_c0124,40.6555645,-73.7409899,Residential,41,88.89,0.0,1.8,1954.0,59967.0,44,0.7815,0.0,0.0,0.0
r0079_c0125,40.6555645,-73.739207,Residential,36,44.44,0.0,1.7,1958.0,58703.0,46,0.2415,0.0,0.0,0.0
r0079_c0126,40.6555645,-73.7374241,Institutional,30,133.33,0.0,2.0,1977.0,103648.0,30,1.3339,0.0,0.0,0.0
r0079_c0127,40.6555645,-73.7356412,Residential,55,88.89,0.0,1.9,1961.0,96474.0,58,0.2037,0.0,0.0,0.0
r0079_c0128,40.6555645,-73.7338583,Residential,39,0.0,0.0,1.8,1964.0,76317.0,51,0.6642,0.0,0.0,0.0
r0079_c0129,40.6555645,-73.7320753,Residential,41,0.0,0.0,1.7,1961.0,72156.0,62,-0.0,0.0,0.0,0.0
r0079_c0130,40.6555645,-73.7302924,Residential,45,44.44,0.0,1.9,1975.0,86371.0,67,0.1578,0.0,0.0,0.0
r0079_c0131,40.6555645,-73.7285095,Residential,49,44.44,0.0,1.8,1958.0,87851.0,63,0.2408,0.0,0.0,0.0
r0079_c0132,40.6555645,-73.7267266,Residential,29,222.22,0.0,1.9,1970.0,51252.0,36,0.2113,0.0,44.44,0.0
r0079_c0133,40.6555645,-73.7249437,Residential,7,177.78,0.0,1.9,1997.0,12696.0,10,-0.0,0.0,0.0,0.0
r0080_c0057,40.6569158,-73.860445,Open Space,4,222.22,0.0,,,0.0,0,-0.0,0.0,0.0,0.0
r0080_c0058,40.6569158,-73.8586621,Open Space,7,0.0,0.0,,,0.0,0,-0.0,0.0,0.0,0.0
r0080_c0061,40.6569158,-73.8533134,Residential,31,933.33,0.0,1.8,1960.0,70734.0,31,-0.0,0.0,0.0,0.0
r0080_c0062,40.6569158,-73.8515304,Residential,37,666.67,0.0,1.7,1966.0,74780.0,38,-0.0,0.0,0.0,0.0
r0080_c0063,40.6569158,-73.8497475,Residential,38,844.44,0.0,1.6,1964.0,90982.0,42,-0.0,0.0,0.0,0.0
r0080_c0064,40.6569158,-73.8479646,Residential,33,533.33,0.0,1.8,1961.0,59355.0,46,0.4326,0.0,0.0,0.0
r0080_c0065,40.6569158,-73.8461817,Residential,38,666.67,0.0,1.6,1960.0,81543.0,39,-0.0,0.0,0.0,0.0
r0080_c0066,40.6569158,-73.8443988,Residential,28,755.56,0.0,1.8,1962.0,62461.0,28,0.258,0.0,0.0,0.0
r0080_c0067,40.6569158,-73.8426159,Residential,39,488.89,0.0,1.4,1962.0,81004.0,39,0.2007,0.0,0.0,0.0
r0080_c0068,40.6569158,-73.840833,Residential,32,400.0,0.0,1.1,1960.0,114417.0,32,0.9771,0.0,0.0,0.0
r0080_c0069,40.6569158,-73.8390501,Commercial,5,311.11,0.0,1.0,1970.0,21543.0,2,0.6671,0.0,0.0,0.0
r0080_c0070,40.6569158,-73.8372672,Residential,33,533.33,0.0,1.7,1956.0,66594.0,38,0.2875,0.0,0.0,0.0
r0080_c0071,40.6569158,-73.8354842,Residential,44,666.67,0.0,1.8,1942.0,77704.0,56,0.2714,0.0,0.0,0.0
r0080_c0072,40.6569158,-73.8337013,Residential,37,488.89,0.0,1.8,1939.0,60066.0,49,0.696,0.0,0.0,0.0
r0080_c0073,40.6569158,-73.8319184,Mixed-Use,43,88.89,0.0,1.5,1920.0,15664.0,25,0.464,0.0,0.0,0.0
r0080_c0074,40.6569158,-73.8301355,Mixed-Use,39,88.89,0.0,1.8,1931.0,12352.0,19,1.2218,0.0,0.0,0.0
r0080_c0075,40.6569158,-73.8283526,Mixed-Use,7,44.44,0.0,2.0,1910.0,880.0,3,1.0578,0.0,0.0,0.0
r0080_c0109,40.6569158,-73.7677336,Industrial,17,444.44,0.1,1.9,1962.0,86452.0,9,1.6057,0.0,0.0,0.0
r0080_c0110,40.6569158,-73.7659507,Industrial,7,0.0,0.0,1.7,1976.0,296570.0,7,0.1057,0.0,0.0,0.0
r0080_c0111,40.6569158,-73.7641678,Mixed-Use,9,0.0,0.0,,,0.0,0,-0.0,0.0,0.0,0.0
r0080_c0112,40.6569158,-73.7623848,Industrial,5,0.0,0.0,1.5,1971.0,305980.0,3,0.2058,0.0,0.0,0.0
r0080_c0115,40.6569158,-73.7570361,Residential,9,44.44,0.0,1.9,1966.0,13762.0,9,0.988,0.0,0.0,0.0
r0080_c0116,40.6569158,-73.7552532,Mixed-Use,14,0.0,0.0,1.9,1960.0,19355.0,11,0.8417,0.0,0.0,0.0
r0080_c0117,40.6569158,-73.7534703,Residential,37,44.44,0.0,1.8,1958.0,73543.0,45,-0.0,0.0,0.0,0.0
r0080_c0118,40.6569158,-73.7516874,Residential,47,88.89,0.0,1.6,1967.0,80335.0,58,-0.0,0.0,0.0,0.0
r0080_c0119,40.6569158,-73.7499045,Residential,42,44.44,0.0,1.8,1962.0,85294.0,48,0.1344,0.0,0.0,0.0
r0080_c0120,40.6569158,-73.7481216,Residential,7,44.44,0.0,1.5,1955.0,11286.0,6,0.9995,0.0,0.0,0.0
r0080_c0121,40.6569158,-73.7463386,Residential,26,88.89,0.0,1.8,1958.0,50612.0,29,0.6651,0.0,0.0,0.0
r0080_c0122,40.6569158,-73.7445557,Residential,42,177.78,0.25,1.8,1952.0,79901.0,51,1.0864,0.0,88.89,0.0
r0080_c0123,40.6569158,-73.7427728,Residential,38,177.78,0.0,1.7,1949.0,54559.0,52,0.1735,0.0,0.0,0.0
r0080_c0124,40.6569158,-73.7409899,Residential,33,44.44,0.0,1.7,1958.0,47438.0,45,0.4531,0.0,0.0,0.0
r0080_c0125,40.6569158,-73.739207,Residential,37,133.33,0.0,1.7,1951.0,63353.0,48,-0.0,0.0,0.0,0.0
r0080_c0126,40.6569158,-73.7374241,Residential,36,88.89,0.0,1.8,1949.0,58612.0,45,0.3073,0.0,0.0,0.0
r0080_c0127,40.6569158,-73.7356412,Residential,47,88.89,0.0,1.9,1958.0,65856.0,54,0.5973,0.0,0.0,0.0
r0080_c0128,40.6569158,-73.7338583,Residential,45,88.89,0.0,1.9,1957.0,70943.0,61,-0.0,0.0,0.0,0.0
r0080_c0129,40.6569158,-73.7320753,Residential,38,88.89,0.0,1.9,1960.0,60058.0,46,0.1658,0.0,0.0,0.0
r0080_c0130,40.6569158,-73.7302924,Residential,32,0.0,0.0,2.0,1960.0,50709.0,36,-0.0,0.0,0.0,0.0
r0080_c0131,40.6569158,-73.7285095,Residential,35,44.44,0.0,1.9,1968.0,83417.0,58,1.1152,0.0,0.0,0.0
r0080_c0132,40.6569158,-73.7267266,Industrial,20,133.33,0.0,1.8,1966.0,44919.0,26,0.9406,0.0,0.0,0.0
r0081_c0057,40.6582672,-73.860445,Open Space,15,88.89,0.0,,,0.0,0,-0.0,0.0,0.0,0.0
r0081_c0058,40.6582672,-73.8586621,Open Space,3,0.0,0.0,,,0.0,0,-0.0,0.0,0.0,0.0
r0081_c0059,40.6582672,-73.8568792,Open Space,5,0.0,0.0,,,0.0,0,-0.0,0.0,0.0,0.0
r0081_c0061,40.6582672,-73.8533134,Residential,45,311.11,0.0,1.1,1957.0,93727.0,46,-0.0,0.0,0.0,0.0
r0081_c0062,40.6582672,-73.8515304,Residential,39,666.67,0.0,1.3,1963.0,63626.0,49,-0.0,0.0,0.0,0.0
r0081_c0063,40.6582672,-73.8497475,Residential,32,755.56,0.0,1.3,1957.0,51039.0,40,-0.0,0.0,0.0,0.0
r0081_c0064,40.6582672,-73.8479646,Residential,31,622.22,0.0,1.7,1954.0,50606.0,41,0.2077,0.0,0.0,0.0
r0081_c0065,40.6582672,-73.8461817,Residential,33,577.78,0.0,1.7,1951.0,53935.0,41,-0.0,0.0,0.0,0.0
r0081_c0066,40.6582672,-73.8443988,Institutional,22,622.22,0.0,1.8,1957.0,91927.0,24,0.9968,0.0,0.0,0.0
r0081_c0067,40.6582672,-73.8426159,Residential,40,577.78,0.0,1.3,1962.0,82874.0,42,-0.0,0.0,0.0,0.0
r0081_c0068,40.6582672,-73.840833,Residential,35,800.0,0.0556,1.3,1964.0,80602.0,35,1.1933,0.0,88.89,0.5
r0081_c0069,40.6582672,-73.8390501,Commercial,5,444.44,0.1,1.4,1942.0,14013.0,5,0.452,0.0,133.33,0.3333
r0081_c0070,40.6582672,-73.8372672,Residential,44,444.44,0.0,1.8,1946.0,77249.0,56,0.3262,0.0,0.0,0.0
r0081_c0071,40.6582672,-73.8354842,Residential,41,533.33,0.0,1.8,1941.0,79717.0,65,0.5245,0.0,0.0,0.0
r0081_c0072,40.6582672,-73.8337013,Residential,34,666.67,0.0,1.8,1933.0,58651.0,62,-0.0,0.0,0.0,0.0
r0081_c0073,40.6582672,-73.8319184,Residential,22,44.44,0.0,1.8,1937.0,34098.0,26,0.5822,0.0,0.0,0.0
r0081_c0074,40.6582672,-73.8301355,Mixed-Use,65,266.67,0.0,1.7,1921.0,29706.0,33,1.3028,0.0,0.0,0.0
r0081_c0108,40.6582672,-73.7695165,Institutional,5,311.11,0.0,3.8,1957.0,171571.0,5,0.9635,0.0,0.0,0.0
r0081_c0109,40.6582672,-73.7677336,Industrial,13,0.0,0.0,1.4,1966.0,146837.0,12,0.3153,0.0,0.0,0.0
r0081_c0110,40.6582672,-73.7659507,Industrial,10,44.44,0.0,1.8,1969.0,160939.0,8,0.8907,0.0,44.44,0.0
r0081_c0113,40.6582672,-73.7606019,Residential,19,0.0,0.0,2.0,2007.0,26680.0,14,0.9977,0.0,0.0,0.0
r0081_c0114,40.6582672,-73.758819,Residential,38,533.33,0.0,2.0,1989.0,78984.0,44,0.4188,0.0,0.0,0.0
r0081_c0115,40.6582672,-73.7570361,Residential,36,177.78,0.0,1.9,1969.0,77770.0,41,0.852,0.0,0.0,0.0
r0081_c0116,40.6582672,-73.7552532,Residential,38,44.44,0.0,1.8,1957.0,77383.0,52,0.2318,0.0,0.0,0.0
r0081_c0117,40.6582672,-73.7534703,Residential,37,133.33,0.3333,1.9,1965.0,83176.0,44,1.0994,0.0,88.89,0.0
r0081_c0118,40.6582672,-73.7516874,Residential,38,0.0,0.0,1.6,1951.0,57844.0,53,0.2668,0.0,0.0,0.0
r0081_c0119,40.6582672,-73.7499045,Residential,35,44.44,0.0,1.7,1951.0,54853.0,50,0.0318,0.0,0.0,0.0
r0081_c0120,40.6582672,-73.7481216,Residential,19,133.33,0.0,1.6,1950.0,33080.0,30,-0.0,0.0,0.0,0.0
r0081_c0122,40.6582672,-73.7445557,Residential,30,133.33,0.0,2.4,1928.0,47125.0,53,-0.0,0.0,0.0,0.0
r0081_c0123,40.6582672,-73.7427728,Residential,43,311.11,0.0,2.4,1928.0,66808.0,79,0.7768,0.0,0.0,0.0
r0081_c0124,40.6582672,-73.7409899,Residential,39,88.89,0.0,2.0,1937.0,62318.0,74,0.7734,0.0,0.0,0.0
r0081_c0125,40.6582672,-73.739207,Residential,54,0.0,0.0,2.5,1923.0,87155.0,98,0.1317,0.0,0.0,0.0
r0081_c0126,40.6582672,-73.7374241,Residential,40,133.33,0.0,1.7,1953.0,69750.0,47,0.0083,0.0,0.0,0.0
r0081_c0127,40.6582672,-73.7356412,Residential,51,133.33,0.0,2.0,1965.0,80878.0,54,0.1977,0.0,0.0,0.0
r0081_c0128,40.6582672,-73.7338583,Residential,46,177.78,0.0,1.8,1956.0,73929.0,60,0.132,0.0,0.0,0.0
r0081_c0129,40.6582672,-73.7320753,Residential,43,44.44,0.0,1.8,1948.0,65356.0,59,0.3347,0.0,0.0,0.0
r0081_c0130,40.6582672,-73.7302924,Residential,47,44.44,0.0,1.9,1951.0,79794.0,59,0.1271,0.0,0.0,0.0
r0081_c0131,40.6582672,-73.7285095,Residential,35,0.0,0.0,1.8,1953.0,56466.0,52,0.3398,0.0,0.0,0.0
r0081_c0132,40.6582672,-73.7267266,Residential,23,222.22,0.0,1.9,1962.0,64377.0,30,1.1516,0.0,0.0,0.0
r0082_c0058,40.6596185,-73.8586621,Open Space,5,0.0,0.0,,,0.0,0,-0.0,0.0,0.0,0.0
r0082_c0059,40.6596185,-73.8568792,Open Space,5,0.0,0.0,2.0,1997.0,2392.0,1,0.0994,0.0,0.0,0.0
r0082_c0060,40.6596185,-73.8550963,Open Space,3,0.0,0.0,,,0.0,0,-0.0,0.0,0.0,0.0
r0082_c0061,40.6596185,-73.8533134,Residential,7,222.22,0.0,1.4,1950.0,15020.0,8,-0.0,0.0,0.0,0.0
r0082_c0062,40.6596185,-73.8515304,Residential,33,755.56,0.0,1.5,1955.0,53674.0,42,-0.0,0.0,0.0,0.0
r0082_c0063,40.6596185,-73.8497475,Residential,34,666.67,0.0,1.7,1957.0,59638.0,44,-0.0,0.0,0.0,0.0
r0082_c0064,40.6596185,-73.8479646,Residential,29,622.22,0.0,1.8,1955.0,56178.0,37,0.1831,0.0,0.0,0.0
r0082_c0065,40.6596185,-73.8461817,Residential,31,488.89,0.0,1.8,1953.0,57695.0,42,-0.0,0.0,0.0,0.0
r0082_c0066,40.6596185,-73.8443988,Residential,32,622.22,0.0,1.8,1955.0,61354.0,46,-0.0,0.0,0.0,0.0
r0082_c0067,40.6596185,-73.8426159,Residential,40,666.67,0.0,1.8,1950.0,60247.0,53,0.1774,0.0,0.0,0.0
r0082_c0068,40.6596185,-73.840833,Residential,30,622.22,0.1429,1.5,1957.0,66036.0,41,0.8667,0.0,88.89,0.5
r0082_c0069,40.6596185,-73.8390501,Residential,12,266.67,0.0,1.8,1964.0,47224.0,17,1.342,0.0,0.0,0.0
r0082_c0070,40.6596185,-73.8372672,Residential,40,444.44,0.0,1.7,1940.0,62011.0,65,-0.0,0.0,0.0,0.0
r0082_c0071,40.6596185,-73.8354842,Residential,37,222.22,0.0,1.9,1939.0,64266.0,55,0.329,0.0,0.0,0.0
r0082_c0072,40.6596185,-73.8337013,Residential,41,400.0,0.0,2.0,1932.0,76967.0,70,-0.0,0.0,0.0,0.0
r0082_c0073,40.6596185,-73.8319184,Residential,44,666.67,0.0,1.8,1941.0,78414.0,68,0.7723,0.0,88.89,0.0
r0082_c0074,40.6596185,-73.8301355,Mixed-Use,37,222.22,0.2,1.7,1920.0,65134.0,33,2.5021,0.0,0.0,0.0
r0082_c0106,40.6596185,-73.7730823,Industrial,10,266.67,0.3333,1.5,1972.0,81598.0,9,1.8718,0.0,44.44,0.0
r0082_c0107,40.6596185,-73.7712994,Industrial,7,133.33,0.0,1.7,1974.0,118804.0,6,1.2943,0.0,0.0,0.0
r0082_c0108,40.6596185,-73.7695165,Industrial,12,88.89,0.0,1.9,1973.0,157463.0,10,0.9647,0.0,0.0,0.0
r0082_c0109,40.6596185,-73.7677336,Industrial,11,88.89,0.0,1.9,1978.0,166161.0,13,1.2813,0.0,44.44,0.0
r0082_c0110,40.6596185,-73.7659507,Industrial,18,44.44,0.0,1.9,1957.0,107701.0,16,1.296,0.0,0.0,0.0
r0082_c0111,40.6596185,-73.7641678,Industrial,19,133.33,0.0,2.2,1926.0,101243.0,26,0.9741,0.0,0.0,0.0
r0082_c0113,40.6596185,-73.7606019,Industrial,20,177.78,0.0,1.8,1987.0,54823.0,13,1.7458,0.0,0.0,0.0
r0082_c0114,40.6596185,-73.758819,Residential,44,44.44,0.0,1.9,1967.0,100343.0,50,0.3529,0.0,0.0,0.0
r0082_c0115,40.6596185,-73.7570361,Residential,45,88.89,0.0,2.0,1967.0,93626.0,45,0.8111,0.0,0.0,0.0
r0082_c0116,40.6596185,-73.7552532,Residential,42,133.33,0.0,1.7,1960.0,67906.0,58,0.5674,0.0,0.0,0.0
r0082_c0117,40.6596185,-73.7534703,Residential,25,44.44,0.0,2.2,1979.0,97612.0,30,1.7745,0.0,0.0,0.0
r0082_c0118,40.6596185,-73.7516874,Residential,45,0.0,0.0,1.7,1958.0,68514.0,56,0.1148,0.0,0.0,0.0
r0082_c0119,40.6596185,-73.7499045,Residential,37,44.44,0.0,1.8,1952.0,70105.0,44,0.12,0.0,0.0,0.0
r0082_c0120,40.6596185,-73.7481216,Residential,37,0.0,0.0,1.6,1955.0,75816.0,54,0.9149,0.0,0.0,0.0
r0082_c0121,40.6596185,-73.7463386,Mixed-Use,8,44.44,0.0,1.8,1951.0,16518.0,9,0.2199,0.0,0.0,0.0
r0082_c0123,40.6596185,-73.7427728,Residential,40,88.89,0.0,2.5,1924.0,61359.0,74,-0.0,0.0,0.0,0.0
r0082_c0124,40.6596185,-73.7409899,Residential,54,88.89,0.0,2.4,1921.0,91162.0,89,1.0809,0.0,0.0,0.0
r0082_c0125,40.6596185,-73.739207,Residential,43,133.33,0.3333,2.2,1937.0,93829.0,74,1.2504,0.0,0.0,0.0
r0082_c0126,40.6596185,-73.7374241,Residential,44,44.44,0.0,2.2,1943.0,76100.0,75,0.1368,0.0,0.0,0.0
r0082_c0127,40.6596185,-73.7356412,Residential,36,88.89,0.0,1.9,1956.0,79606.0,47,0.6021,0.0,0.0,0.0
r0082_c0128,40.6596185,-73.7338583,Residential,27,133.33,0.0,2.0,1960.0,139592.0,33,1.0449,0.0,0.0,0.0
r0082_c0129,40.6596185,-73.7320753,Residential,35,0.0,0.0,1.8,1950.0,65526.0,48,0.2905,0.0,0.0,0.0
r0082_c0130,40.6596185,-73.7302924,Residential,42,44.44,0.0,2.0,1954.0,81031.0,62,0.5144,0.0,0.0,0.0
r0082_c0131,40.6596185,-73.7285095,Residential,40,133.33,0.0,1.8,1954.0,61988.0,70,-0.0,0.0,0.0,0.0
r0082_c0132,40.6596185,-73.7267266,Residential,21,311.11,0.0,2.0,1975.0,66439.0,22,0.9842,0.0,88.89,0.5
r0083_c0059,40.6609699,-73.8568792,Residential,60,444.44,0.0,2.0,1995.0,146640.0,60,0.4198,0.0,0.0,0.0
r0083_c0062,40.6609699,-73.8515304,Residential,8,88.89,0.0,1.6,1979.0,16642.0,12,-0.0,0.0,0.0,0.0
r0083_c0063,40.6609699,-73.8497475,Institutional,16,533.33,0.0,1.6,1952.0,70452.0,21,1.4056,0.0,0.0,0.0
r0083_c0064,40.6609699,-73.8479646,Residential,32,666.67,0.0,1.7,1949.0,50713.0,46,-0.0,0.0,0.0,0.0
r0083_c0065,40.6609699,-73.8461817,Residential,38,888.89,0.0,1.7,1951.0,68334.0,52,-0.0,0.0,0.0,0.0
r0083_c0066,40.6609699,-73.8443988,Residential,35,844.44,0.0,1.7,1955.0,68429.0,52,-0.0,0.0,0.0,0.0
r0083_c0067,40.6609699,-73.8426159,Residential,27,533.33,0.0,1.6,1953.0,45232.0,34,0.6481,0.0,0.0,0.0
r0083_c0068,40.6609699,-73.840833,Residential,20,488.89,0.1818,1.6,1959.0,51469.0,27,1.0973,0.0,133.33,0.3333
r0083_c0069,40.6609699,-73.8390501,Residential,16,88.89,0.0,1.9,1953.0,32694.0,17,1.6565,0.0,0.0,0.0
r0083_c0070,40.6609699,-73.8372672,Residential,46,622.22,0.0,1.8,1941.0,78385.0,60,0.5069,0.0,0.0,0.0
r0083_c0071,40.6609699,-73.8354842,Residential,28,622.22,0.0,1.8,1942.0,123731.0,33,0.9799,0.0,0.0,0.0
r0083_c0072,40.6609699,-73.8337013,Institutional,25,355.56,0.0,1.9,1936.0,104186.0,35,0.9616,0.0,0.0,0.0
r0083_c0073,40.6609699,-73.8319184,Residential,45,533.33,0.0,1.9,1943.0,77543.0,65,0.1154,0.0,0.0,0.0
r0083_c0074,40.6609699,-73.8301355,Mixed-Use,7,133.33,0.0,2.0,1950.0,13220.0,9,0.7773,0.0,0.0,0.0
r0083_c0106,40.6609699,-73.7730823,Mixed-Use,5,0.0,0.0,1.0,1962.0,170238.0,4,0.3294,0.0,0.0,0.0
r0083_c0107,40.6609699,-73.7712994,Industrial,16,44.44,0.0,1.7,1970.0,114740.0,16,1.4188,0.0,44.44,0.0
r0083_c0108,40.6609699,-73.7695165,Residential,31,44.44,0.0,1.8,1954.0,103085.0,33,1.1298,0.0,0.0,0.0
r0083_c0109,40.6609699,-73.7677336,Institutional,20,800.0,0.2222,1.9,1962.0,122684.0,21,1.4233,0.0,222.22,0.0
r0083_c0110,40.6609699,-73.7659507,Residential,39,0.0,0.0,1.9,1944.0,66541.0,59,0.1828,0.0,0.0,0.0
r0083_c0111,40.6609699,-73.7641678,Residential,45,0.0,0.0,1.8,1933.0,65918.0,70,0.1852,0.0,0.0,0.0
r0083_c0112,40.6609699,-73.7623848,Open Space,6,311.11,0.0,1.8,1932.0,7666.0,6,0.5733,0.0,0.0,0.0
r0083_c0113,40.6609699,-73.7606019,Residential,29,44.44,0.0,1.8,1960.0,46159.0,25,0.3155,0.0,0.0,0.0
r0083_c0114,40.6609699,-73.758819,Residential,43,0.0,0.0,1.7,1953.0,77788.0,52,0.165,0.0,0.0,0.0
r0083_c0115,40.6609699,-73.7570361,Residential,54,44.44,0.0,1.9,1961.0,120840.0,61,0.3517,0.0,0.0,0.0
r0083_c0116,40.6609699,-73.7552532,Residential,68,222.22,0.0,2.0,1961.0,116468.0,71,0.1108,0.0,0.0,0.0
r0083_c0117,40.6609699,-73.7534703,Industrial,9,0.0,0.0,1.9,1972.0,211680.0,8,0.4532,0.0,0.0,0.0
r0083_c0118,40.6609699,-73.7516874,Residential,37,44.44,0.0,1.7,1958.0,63830.0,50,1.2772,0.0,0.0,0.0
r0083_c0119,40.6609699,-73.7499045,Residential,44,88.89,0.0,1.9,1960.0,74452.0,57,0.1166,0.0,0.0,0.0
r0083_c0120,40.6609699,-73.7481216,Residential,41,44.44,0.0,1.7,1963.0,69266.0,62,-0.0,0.0,0.0,0.0
r0083_c0121,40.6609699,-73.7463386,Residential,9,44.44,0.0,1.4,1944.0,17259.0,12,-0.0,0.0,0.0,0.0
r0083_c0123,40.6609699,-73.7427728,Residential,12,266.67,0.0,2.5,1922.0,19160.0,23,-0.0,0.0,0.0,0.0
r0083_c0124,40.6609699,-73.7409899,Residential,53,88.89,0.0,2.5,1925.0,85239.0,100,-0.0,0.0,0.0,0.0
r0083_c0125,40.6609699,-73.739207,Residential,41,133.33,0.0,2.1,1939.0,73420.0,72,1.0293,0.0,0.0,0.0
r0083_c0126,40.6609699,-73.7374241,Residential,43,44.44,0.0,2.0,1947.0,75366.0,72,-0.0,0.0,0.0,0.0
r0083_c0127,40.6609699,-73.7356412,Residential,41,88.89,0.0,2.0,1958.0,85691.0,57,0.2888,0.0,0.0,0.0
r0083_c0128,40.6609699,-73.7338583,Residential,37,88.89,0.0,2.0,1944.0,52709.0,60,0.1878,0.0,0.0,0.0
r0083_c0129,40.6609699,-73.7320753,Residential,35,133.33,0.0,1.9,1943.0,55230.0,59,0.1718,0.0,0.0,0.0
r0083_c0130,40.6609699,-73.7302924,Residential,40,88.89,0.0,2.0,1952.0,80597.0,58,0.256,0.0,0.0,0.0
r0083_c0131,40.6609699,-73.7285095,Residential,33,44.44,0.0,1.8,1956.0,52130.0,43,0.1624,0.0,0.0,0.0
r0083_c0132,40.6609699,-73.7267266,Residential,3,1022.22,0.1304,1.5,1950.0,5390.0,3,-0.0,0.0,355.56,0.75
r0084_c0058,40.6623212,-73.8586621,Open Space,4,88.89,0.0,,,0.0,0,-0.0,0.0,0.0,0.0
r0084_c0059,40.6623212,-73.8568792,Open Space,33,44.44,0.0,2.0,1998.0,35874.0,16,1.2962,0.0,0.0,0.0
r0084_c0060,40.6623212,-73.8550963,Residential,31,444.44,0.0,2.6,1993.0,82864.0,34,1.0685,0.0,0.0,0.0
r0084_c0061,40.6623212,-73.8533134,Residential,7,88.89,0.0,2.0,1975.0,12460.0,7,-0.0,0.0,0.0,0.0
r0084_c0064,40.6623212,-73.8479646,Residential,27,266.67,0.0,1.1,1960.0,93293.0,32,0.928,0.0,0.0,0.0
r0084_c0065,40.6623212,-73.8461817,Residential,33,488.89,0.0,1.5,1958.0,63475.0,32,0.0802,0.0,0.0,0.0
r0084_c0066,40.6623212,-73.8443988,Residential,30,711.11,0.0,1.8,1957.0,69915.0,37,-0.0,0.0,0.0,0.0
r0084_c0067,40.6623212,-73.8426159,Residential,38,488.89,0.0,1.4,1957.0,59711.0,50,0.416,0.0,0.0,0.0
r0084_c0068,40.6623212,-73.840833,Commercial,11,800.0,0.2222,1.6,1954.0,62901.0,10,1.7386,0.0,88.89,0.5
r0084_c0069,40.6623212,-73.8390501,Residential,18,177.78,0.0,1.7,1947.0,32857.0,17,1.5206,0.0,0.0,0.0
r0084_c0070,40.6623212,-73.8372672,Residential,43,311.11,0.0,1.8,1947.0,88786.0,57,0.1134,0.0,0.0,0.0
r0084_c0071,40.6623212,-73.8354842,Residential,49,444.44,0.0,2.0,1941.0,96761.0,67,-0.0,0.0,0.0,0.0
r0084_c0072,40.6623212,-73.8337013,Residential,39,444.44,0.0,2.0,1942.0,67371.0,58,-0.0,0.0,0.0,0.0
r0084_c0073,40.6623212,-73.8319184,Residential,40,533.33,0.0,1.9,1935.0,62020.0,60,0.2338,0.0,0.0,0.0
r0084_c0104,40.6623212,-73.7766481,Industrial,4,177.78,0.0,1.5,1981.0,88623.0,4,0.6094,0.0,0.0,0.0
r0084_c0105,40.6623212,-73.7748652,Mixed-Use,21,44.44,0.0,1.6,1956.0,71466.0,21,1.5628,0.0,0.0,0.0
r0084_c0106,40.6623212,-73.7730823,Residential,28,177.78,0.0,1.9,1976.0,83210.0,35,1.1785,0.0,0.0,0.0
r0084_c0107,40.6623212,-73.7712994,Residential,43,44.44,0.0,1.8,1954.0,74617.0,52,0.9241,0.0,0.0,0.0
r0084_c0108,40.6623212,-73.7695165,Residential,38,44.44,0.0,1.9,1947.0,64042.0,46,0.7372,0.0,0.0,0.0
r0084_c0109,40.6623212,-73.7677336,Residential,37,88.89,0.0,1.9,1962.0,65050.0,52,0.7705,0.0,44.44,0.0
r0084_c0110,40.6623212,-73.7659507,Residential,46,44.44,0.0,1.8,1951.0,70254.0,63,0.2252,0.0,0.0,0.0
r0084_c0111,40.6623212,-73.7641678,Residential,44,44.44,0.0,1.6,1948.0,60695.0,66,0.316,0.0,0.0,0.0
r0084_c0112,40.6623212,-73.7623848,Open Space,25,44.44,0.0,1.7,1958.0,36692.0,43,0.5624,0.0,0.0,0.0
r0084_c0113,40.6623212,-73.7606019,Residential,4,88.89,0.0,1.8,1924.0,7146.0,7,-0.0,0.0,0.0,0.0
r0084_c0114,40.6623212,-73.758819,Residential,51,88.89,0.0,1.7,1942.0,76186.0,68,0.086,0.0,0.0,0.0
r0084_c0115,40.6623212,-73.7570361,Residential,47,88.89,0.0,1.8,1945.0,76384.0,69,-0.0,0.0,0.0,0.0
r0084_c0116,40.6623212,-73.7552532,Residential,47,44.44,0.0,2.0,1958.0,82931.0,72,0.1744,0.0,0.0,0.0
r0084_c0117,40.6623212,-73.7534703,Residential,49,0.0,0.0,1.9,1968.0,84161.0,58,0.322,0.0,0.0,0.0
r0084_c0118,40.6623212,-73.7516874,Residential,31,88.89,0.0,1.4,1958.0,42520.0,38,0.8825,0.0,0.0,0.0
r0084_c0119,40.6623212,-73.7499045,Residential,43,44.44,0.0,1.7,1954.0,71554.0,58,-0.0,0.0,0.0,0.0
r0084_c0120,40.6623212,-73.7481216,Residential,40,44.44,0.0,1.7,1955.0,69021.0,62,-0.0,0.0,0.0,0.0
r0084_c0121,40.6623212,-73.7463386,Residential,28,222.22,0.0,1.8,1968.0,50686.0,32,0.055,0.0,0.0,0.0
r0084_c0124,40.6623212,-73.7409899,Residential,39,266.67,0.0,2.5,1926.0,61712.0,72,0.17,0.0,0.0,0.0
r0084_c0125,40.6623212,-73.739207,Residential,49,88.89,0.0,2.4,1934.0,78718.0,86,-0.0,0.0,0.0,0.0
r0084_c0126,40.6623212,-73.7374241,Residential,40,0.0,0.0,1.9,1963.0,60976.0,55,-0.0,0.0,0.0,0.0
r0084_c0127,40.6623212,-73.7356412,Residential,33,88.89,0.0,2.0,1932.0,61588.0,57,-0.0,0.0,0.0,0.0
r0084_c0128,40.6623212,-73.7338583,Residential,42,177.78,0.0,2.2,1950.0,83996.0,69,0.3903,0.0,0.0,0.0
r0084_c0129,40.6623212,-73.7320753,Residential,36,133.33,0.0,1.9,1957.0,61928.0,59,0.1954,0.0,0.0,0.0
r0084_c0130,40.6623212,-73.7302924,Residential,35,88.89,0.0,1.9,1949.0,69882.0,48,-0.0,0.0,0.0,0.0
r0084_c0131,40.6623212,-73.7285095,Residential,27,355.56,0.0,1.8,1976.0,48288.0,32,0.3292,0.0,44.44,1.0
r0085_c0059,40.6636726,-73.8568792,Mixed-Use,16,44.44,0.0,2.0,1960.0,10494.0,9,1.5628,0.0,0.0,0.0
r0085_c0060,40.6636726,-73.8550963,Residential,36,355.56,0.0,2.5,1978.0,115843.0,41,0.9893,0.0,0.0,0.0
r0085_c0061,40.6636726,-73.8533134,Residential,3,0.0,0.0,2.0,1959.0,117492.0,36,0.2112,0.0,0.0,0.0
r0085_c0065,40.6636726,-73.8461817,Residential,13,266.67,0.0,1.4,1958.0,25080.0,15,-0.0,0.0,0.0,0.0
r0085_c0066,40.6636726,-73.8443988,Residential,29,444.44,0.0,1.3,1961.0,43910.0,36,0.0636,0.0,0.0,0.0
r0085_c0067,40.6636726,-73.8426159,Residential,35,666.67,0.0,1.2,1957.0,50387.0,41,0.401,0.0,0.0,0.0
r0085_c0068,40.6636726,-73.840833,Commercial,7,1155.56,0.0385,1.5,1957.0,102526.0,11,0.3364,0.0,311.11,0.2857
r0085_c0069,40.6636726,-73.8390501,Residential,28,400.0,0.0,1.9,1954.0,54252.0,33,1.0336,0.0,0.0,0.0
r0085_c0070,40.6636726,-73.8372672,Residential,34,266.67,0.0,1.9,1956.0,68817.0,41,0.6035,0.0,0.0,0.0
r0085_c0071,40.6636726,-73.8354842,Residential,28,222.22,0.0,1.9,1963.0,62724.0,37,0.0634,0.0,0.0,0.0
r0085_c0072,40.6636726,-73.8337013,Residential,44,400.0,0.0,2.0,1937.0,81126.0,73,-0.0,0.0,0.0,0.0
r0085_c0073,40.6636726,-73.8319184,Residential,25,355.56,0.0,2.1,1938.0,32609.0,27,1.1137,0.0,0.0,0.0
r0085_c0082,40.6636726,-73.8158722,Residential,14,44.44,0.0,1.6,1942.0,20409.0,20,-0.0,0.0,0.0,0.0
r0085_c0083,40.6636726,-73.8140893,Residential,26,0.0,0.0,1.6,1951.0,43815.0,37,0.53,0.0,0.0,0.0
r0085_c0084,40.6636726,-73.8123064,Residential,24,266.67,0.1667,1.7,1963.0,40151.0,34,0.423,0.0,0.0,0.0
r0085_c0101,40.6636726,-73.7819969,Industrial,18,222.22,0.0,1.6,1953.0,117433.0,18,1.4856,0.0,0.0,0.0
r0085_c0102,40.6636726,-73.780214,Residential,70,44.44,0.0,1.3,1944.0,80497.0,72,-0.0,0.0,0.0,0.0
r0085_c0104,40.6636726,-73.7766481,Residential,28,177.78,0.5,2.0,1956.0,65244.0,32,1.6085,0.0,0.0,0.0
r0085_c0105,40.6636726,-73.7748652,Residential,42,0.0,0.0,1.7,1949.0,73364.0,56,0.231,0.0,0.0,0.0
r0085_c0106,40.6636726,-73.7730823,Residential,47,44.44,0.0,1.8,1953.0,67788.0,61,0.3387,0.0,0.0,0.0
r0085_c0107,40.6636726,-73.7712994,Residential,40,133.33,0.0,1.9,1955.0,72612.0,57,-0.0,0.0,0.0,0.0
r0085_c0108,40.6636726,-73.7695165,Residential,30,88.89,0.0,1.9,1952.0,70100.0,46,1.7108,0.0,44.44,1.0
r0085_c0109,40.6636726,-73.7677336,Residential,46,400.0,0.4444,1.8,1936.0,69224.0,51,1.7758,0.0,177.78,0.0
r0085_c0110,40.6636726,-73.7659507,Residential,50,222.22,0.0,2.0,1943.0,73247.0,69,0.5374,0.0,0.0,0.0
r0085_c0111,40.6636726,-73.7641678,Residential,40,0.0,0.0,1.6,1945.0,68964.0,51,0.161,0.0,0.0,0.0
r0085_c0112,40.6636726,-73.7623848,Residential,23,0.0,0.0,1.8,1968.0,38205.0,28,0.8762,0.0,0.0,0.0
r0085_c0113,40.6636726,-73.7606019,Residential,8,222.22,0.0,1.9,1976.0,18980.0,8,0.6477,0.0,0.0,0.0
r0085_c0114,40.6636726,-73.758819,Residential,30,88.89,0.0,1.8,1946.0,43876.0,45,0.3534,0.0,0.0,0.0
r0085_c0115,40.6636726,-73.7570361,Residential,45,0.0,0.0,2.0,1947.0,69073.0,61,0.2338,0.0,0.0,0.0
r0085_c0116,40.6636726,-73.7552532,Residential,43,44.44,0.0,1.7,1947.0,57598.0,64,0.0883,0.0,0.0,0.0
r0085_c0117,40.6636726,-73.7534703,Residential,50,44.44,0.0,1.8,1942.0,82506.0,77,0.1334,0.0,0.0,0.0
r0085_c0118,40.6636726,-73.7516874,Residential,42,88.89,0.0,1.3,1957.0,58628.0,54,-0.0,0.0,0.0,0.0
r0085_c0119,40.6636726,-73.7499045,Residential,40,0.0,0.0,1.5,1958.0,58506.0,56,-0.0,0.0,0.0,0.0
r0085_c0120,40.6636726,-73.7481216,Residential,43,133.33,0.0,1.8,1966.0,76294.0,55,0.2845,0.0,0.0,0.0
r0085_c0121,40.6636726,-73.7463386,Residential,33,133.33,0.0,1.7,1953.0,57314.0,41,0.4272,0.0,0.0,0.0
r0085_c0122,40.6636726,-73.7445557,Residential,36,0.0,0.0,1.9,1948.0,51922.0,63,0.1114,0.0,0.0,0.0
r0085_c0124,40.6636726,-73.7409899,Residential,13,133.33,0.0,2.5,1924.0,25284.0,24,0.693,0.0,0.0,0.0
r0085_c0125,40.6636726,-73.739207,Residential,51,44.44,0.0,2.5,1923.0,80139.0,94,-0.0,0.0,0.0,0.0
r0085_c0126,40.6636726,-73.7374241,Residential,39,0.0,0.0,2.0,1933.0,68475.0,71,-0.0,0.0,0.0,0.0
r0085_c0127,40.6636726,-73.7356412,Residential,35,177.78,0.0,2.1,1947.0,76762.0,58,0.3814,0.0,0.0,0.0
r0085_c0128,40.6636726,-73.7338583,Residential,25,355.56,0.25,2.0,1939.0,53450.0,35,1.3395,0.0,88.89,0.0
r0085_c0129,40.6636726,-73.7320753,Residential,37,88.89,0.0,2.2,1945.0,78235.0,54,0.5469,0.0,0.0,0.0
r0085_c0130,40.6636726,-73.7302924,Residential,34,88.89,0.0,1.9,1942.0,53494.0,57,0.3251,0.0,0.0,0.0
r0085_c0131,40.6636726,-73.7285095,Residential,44,933.33,0.0952,1.9,1951.0,66872.0,54,0.826,0.0,311.11,0.4286
r0086_c0060,40.6650239,-73.8550963,Residential,30,222.22,0.0,2.0,1960.0,123542.0,46,0.9053,0.0,0.0,0.0
r0086_c0061,40.6650239,-73.8533134,Residential,41,444.44,0.0,2.0,1960.0,102128.0,43,-0.0,0.0,0.0,0.0
r0086_c0062,40.6650239,-73.8515304,Residential,12,222.22,0.0,2.1,1962.0,135552.0,47,0.9475,0.0,0.0,0.0
r0086_c0066,40.6650239,-73.8443988,Residential,3,0.0,0.0,1.0,1960.0,3375.0,5,-0.0,0.0,0.0,0.0
r0086_c0067,40.6650239,-73.8426159,Residential,12,266.67,0.0,1.1,1960.0,15950.0,14,-0.0,0.0,44.44,0.0
r0086_c0069,40.6650239,-73.8390501,Residential,36,222.22,0.0,2.0,1955.0,85300.0,40,0.3928,0.0,0.0,0.0
r0086_c0070,40.6650239,-73.8372672,Residential,52,533.33,0.0,2.0,1954.0,119134.0,59,0.1215,0.0,0.0,0.0
r0086_c0071,40.6650239,-73.8354842,Residential,30,355.56,0.0,2.0,1968.0,102158.0,44,0.8626,0.0,0.0,0.0
r0086_c0072,40.6650239,-73.8337013,Residential,25,355.56,0.0,1.9,1947.0,45594.0,33,0.425,0.0,0.0,0.0
r0086_c0073,40.6650239,-73.8319184,Mixed-Use,6,0.0,0.0,,,0.0,0,0.3174,0.0,0.0,0.0
r0086_c0078,40.6650239,-73.8230039,Open Space,3,177.78,0.0,,,0.0,0,0.9728,0.0,0.0,0.0
r0086_c0080,40.6650239,-73.819438,Mixed-Use,6,0.0,0.0,1.8,1950.0,3138.0,3,0.3707,0.0,0.0,0.0
r0086_c0081,40.6650239,-73.8176551,Mixed-Use,5,44.44,0.0,1.0,1955.0,2131.0,1,1.1849,0.0,0.0,0.0
r0086_c0082,40.6650239,-73.8158722,Residential,30,88.89,0.0,1.8,1963.0,49162.0,42,1.8454,0.0,0.0,0.0
r0086_c0083,40.6650239,-73.8140893,Residential,34,222.22,0.0,1.7,1949.0,54081.0,52,-0.0,0.0,0.0,0.0
r0086_c0084,40.6650239,-73.8123064,Residential,32,222.22,0.0,1.7,1951.0,45562.0,48,0.1292,44.44,0.0,0.0
r0086_c0085,40.6650239,-73.8105235,Mixed-Use,5,88.89,0.0,2.2,1949.0,163002.0,4,1.1094,0.0,0.0,0.0
r0086_c0100,40.6650239,-73.7837798,Mixed-Use,11,88.89,0.0,2.2,1991.0,147675.0,7,1.5818,0.0,0.0,0.0
r0086_c0101,40.6650239,-73.7819969,Industrial,16,0.0,0.0,1.5,1961.0,146812.0,5,0.772,0.0,0.0,0.0
r0086_c0102,40.6650239,-73.780214,Residential,43,44.44,0.0,2.2,1936.0,113868.0,57,0.9855,0.0,0.0,0.0
r0086_c0103,40.6650239,-73.7784311,Mixed-Use,31,88.89,0.0,2.2,1930.0,59046.0,36,1.8122,0.0,0.0,0.0
r0086_c0104,40.6650239,-73.7766481,Residential,62,88.89,0.0,2.0,1937.0,86849.0,73,0.9196,0.0,0.0,0.0
r0086_c0105,40.6650239,-73.7748652,Residential,56,0.0,0.0,1.8,1954.0,81659.0,59,-0.0,0.0,0.0,0.0
r0086_c0106,40.6650239,-73.7730823,Residential,41,44.44,0.0,1.8,1968.0,72547.0,54,0.4287,0.0,0.0,0.0
r0086_c0107,40.6650239,-73.7712994,Residential,39,0.0,0.0,1.8,1952.0,61523.0,54,0.007,0.0,0.0,0.0
r0086_c0108,40.6650239,-73.7695165,Residential,37,88.89,0.0,1.9,1962.0,64784.0,50,0.3616,0.0,0.0,0.0
r0086_c0109,40.6650239,-73.7677336,Mixed-Use,23,177.78,0.0,1.9,1949.0,55908.0,36,1.9346,0.0,88.89,0.0
r0086_c0110,40.6650239,-73.7659507,Residential,45,44.44,0.0,1.9,1941.0,69580.0,73,0.2064,0.0,0.0,0.0
r0086_c0111,40.6650239,-73.7641678,Residential,37,133.33,0.0,1.7,1946.0,60391.0,48,0.2395,0.0,0.0,0.0
r0086_c0112,40.6650239,-73.7623848,Residential,43,0.0,0.0,1.7,1955.0,71722.0,55,-0.0,0.0,0.0,0.0
r0086_c0113,40.6650239,-73.7606019,Residential,44,0.0,0.0,2.0,1981.0,81684.0,44,0.3906,0.0,0.0,0.0
r0086_c0114,40.6650239,-73.758819,Institutional,11,133.33,0.0,2.0,1972.0,172338.0,11,0.6276,0.0,0.0,0.0
r0086_c0115,40.6650239,-73.7570361,Residential,27,177.78,0.25,1.9,1946.0,68269.0,39,0.9214,0.0,0.0,0.0
r0086_c0116,40.6650239,-73.7552532,Residential,35,44.44,0.0,1.8,1944.0,58993.0,47,1.0324,0.0,0.0,0.0
r0086_c0117,40.6650239,-73.7534703,Residential,31,44.44,1.0,1.6,1944.0,47682.0,47,0.5914,0.0,0.0,0.0
r0086_c0118,40.6650239,-73.7516874,Residential,34,44.44,0.0,1.2,1952.0,45659.0,48,-0.0,0.0,0.0,0.0
r0086_c0119,40.6650239,-73.7499045,Residential,33,0.0,0.0,1.1,1955.0,39683.0,42,0.0119,0.0,0.0,0.0
r0086_c0120,40.6650239,-73.7481216,Residential,31,44.44,0.0,1.7,1957.0,56092.0,39,0.7634,0.0,0.0,0.0
r0086_c0121,40.6650239,-73.7463386,Residential,53,44.44,1.0,1.9,1937.0,77459.0,91,0.8934,0.0,0.0,0.0
r0086_c0122,40.6650239,-73.7445557,Residential,52,0.0,0.0,2.1,1940.0,78182.0,101,0.1273,0.0,0.0,0.0
r0086_c0123,40.6650239,-73.7427728,Residential,12,0.0,0.0,2.1,1940.0,18951.0,24,-0.0,0.0,0.0,0.0
r0086_c0125,40.6650239,-73.739207,Residential,25,0.0,0.0,2.0,1953.0,41256.0,38,-0.0,0.0,0.0,0.0
r0086_c0126,40.6650239,-73.7374241,Mixed-Use,30,133.33,0.0,1.9,1946.0,55338.0,46,1.3317,0.0,44.44,0.0
r0086_c0127,40.6650239,-73.7356412,Commercial,12,800.0,0.1667,1.7,1963.0,37834.0,17,1.4307,0.0,88.89,0.0
r0086_c0128,40.6650239,-73.7338583,Residential,29,666.67,0.2667,1.9,1952.0,62850.0,40,1.4456,0.0,266.67,0.1667
r0086_c0129,40.6650239,-73.7320753,Mixed-Use,27,177.78,0.0,2.0,1957.0,42624.0,39,1.0201,0.0,0.0,0.0
r0086_c0130,40.6650239,-73.7302924,Residential,21,444.44,0.3,1.8,1958.0,45135.0,29,1.2426,0.0,266.67,0.0
r0086_c0131,40.6650239,-73.7285095,Residential,30,666.67,0.2,2.2,1935.0,52246.0,33,1.2513,0.0,266.67,0.6667
r0087_c0059,40.6663753,-73.8568792,Residential,3,311.11,0.0,2.0,1962.0,8424.0,3,-0.0,0.0,0.0,0.0
r0087_c0060,40.6663753,-73.8550963,Residential,30,222.22,0.0,2.6,1974.0,230670.0,59,0.8635,0.0,0.0,0.0
r0087_c0061,40.6663753,-73.8533134,Residential,44,88.89,0.0,2.0,1962.0,109151.0,45,0.4896,0.0,0.0,0.0
r0087_c0062,40.6663753,-73.8515304,Commercial,5,266.67,0.5,2.0,1960.0,69595.0,4,0.4773,0.0,88.89,0.5
r0087_c0069,40.6663753,-73.8390501,Mixed-Use,9,133.33,0.0,2.0,1955.0,16072.0,10,0.1649,0.0,0.0,0.0
r0087_c0072,40.6663753,-73.8337013,Mixed-Use,8,0.0,0.0,,,0.0,0,0.8867,0.0,0.0,0.0
r0087_c0075,40.6663753,-73.8283526,Open Space,8,0.0,0.0,1.9,1943.0,13362.0,14,0.993,0.0,0.0,0.0
r0087_c0076,40.6663753,-73.8265697,Open Space,27,622.22,0.0,2.0,1954.0,54934.0,45,1.0814,0.0,0.0,0.0
r0087_c0077,40.6663753,-73.8247868,Residential,27,222.22,0.0,1.9,1950.0,49802.0,40,0.3703,0.0,0.0,0.0
r0087_c0078,40.6663753,-73.8230039,Residential,20,88.89,0.0,1.8,1964.0,36838.0,26,0.504,0.0,0.0,0.0
r0087_c0079,40.6663753,-73.8212209,Residential,29,1244.44,0.0,1.9,1948.0,58722.0,52,0.1079,0.0,0.0,0.0
r0087_c0080,40.6663753,-73.819438,Residential,40,133.33,0.0,1.8,1956.0,73864.0,64,-0.0,0.0,0.0,0.0
r0087_c0081,40.6663753,-73.8176551,Residential,36,44.44,0.0,1.9,1967.0,74576.0,64,-0.0,0.0,0.0,0.0
r0087_c0082,40.6663753,-73.8158722,Residential,25,88.89,0.0,1.9,1971.0,49556.0,38,-0.0,0.0,0.0,0.0
r0087_c0083,40.6663753,-73.8140893,Mixed-Use,14,0.0,0.0,1.9,1973.0,27615.0,17,0.9062,0.0,0.0,0.0
r0087_c0084,40.6663753,-73.8123064,Mixed-Use,15,88.89,0.0,1.6,1950.0,16608.0,21,0.9172,0.0,0.0,0.0
r0087_c0085,40.6663753,-73.8105235,Industrial,3,44.44,0.0,5.0,2021.0,331028.0,1,0.776,0.0,44.44,0.0
r0087_c0086,40.6663753,-73.8087406,Mixed-Use,6,0.0,0.0,1.0,1998.0,1575.0,1,0.8705,0.0,0.0,0.0
r0087_c0087,40.6663753,-73.8069576,Mixed-Use,6,266.67,0.0,4.7,1989.0,174538.0,3,1.4746,133.33,0.0,0.0
r0087_c0089,40.6663753,-73.8033918,Mixed-Use,3,44.44,0.0,2.5,1901.0,2133.0,2,0.1829,44.44,0.0,0.0
r0087_c0091,40.6663753,-73.799826,Mixed-Use,4,0.0,0.0,,,0.0,0,-0.0,0.0,0.0,0.0
r0087_c0094,40.6663753,-73.7944773,Mixed-Use,4,266.67,0.1667,,,0.0,0,0.2934,0.0,44.44,1.0
r0087_c0096,40.6663753,-73.7909114,Mixed-Use,3,0.0,0.0,,,0.0,0,0.7613,0.0,0.0,0.0
r0087_c0100,40.6663753,-73.7837798,Mixed-Use,12,88.89,0.0,4.0,2001.0,33640.0,1,1.5742,44.44,0.0,0.0
r0087_c0101,40.6663753,-73.7819969,Mixed-Use,10,44.44,0.0,1.8,1968.0,89264.0,5,1.6408,44.44,0.0,0.0
r0087_c0102,40.6663753,-73.780214,Industrial,10,133.33,0.0,1.7,1971.0,107217.0,9,1.853,44.44,0.0,0.0
r0087_c0103,40.6663753,-73.7784311,Residential,49,88.89,1.0,2.0,1932.0,69722.0,67,1.3672,0.0,0.0,0.0
r0087_c0104,40.6663753,-73.7766481,Residential,39,266.67,0.0,1.9,1940.0,66919.0,51,0.5898,0.0,0.0,0.0
r0087_c0105,40.6663753,-73.7748652,Residential,45,44.44,0.0,2.0,1979.0,101377.0,52,0.6036,0.0,0.0,0.0
r0087_c0106,40.6663753,-73.7730823,Residential,35,44.44,0.0,2.0,1967.0,99243.0,45,0.8538,0.0,0.0,0.0
r0087_c0107,40.6663753,-73.7712994,Residential,37,88.89,0.0,2.0,1969.0,87667.0,44,0.9662,0.0,0.0,0.0
r0087_c0108,40.6663753,-73.7695165,Residential,43,44.44,0.0,2.0,1997.0,91960.0,44,0.86,0.0,0.0,0.0
r0087_c0109,40.6663753,-73.7677336,Institutional,13,177.78,0.0,1.7,1949.0,55505.0,16,1.7102,0.0,88.89,0.0
r0087_c0110,40.6663753,-73.7659507,Residential,23,0.0,0.0,1.7,1935.0,31329.0,33,0.0039,0.0,0.0,0.0
r0087_c0111,40.6663753,-73.7641678,Residential,21,0.0,0.0,1.7,1968.0,37443.0,26,0.3858,0.0,0.0,0.0
r0087_c0112,40.6663753,-73.7623848,Mixed-Use,16,0.0,0.0,2.0,1969.0,31241.0,18,0.4335,0.0,0.0,0.0
r0087_c0113,40.6663753,-73.7606019,Residential,12,88.89,0.0,1.8,1968.0,20510.0,15,-0.0,0.0,0.0,0.0
r0087_c0114,40.6663753,-73.758819,Residential,16,44.44,0.0,1.9,1969.0,19118.0,17,1.7569,0.0,0.0,0.0
r0087_c0115,40.6663753,-73.7570361,Commercial,6,533.33,0.3333,1.8,1971.0,20167.0,8,0.9675,0.0,266.67,0.3333
r0087_c0116,40.6663753,-73.7552532,Mixed-Use,16,0.0,0.0,2.1,1940.0,22513.0,24,0.5553,0.0,0.0,0.0
r0087_c0117,40.6663753,-73.7534703,Residential,12,88.89,0.0,1.9,1941.0,20187.0,16,1.1889,0.0,0.0,0.0
r0087_c0118,40.6663753,-73.7516874,Residential,10,133.33,0.0,1.8,1932.0,12676.0,13,0.5894,0.0,44.44,0.0
r0087_c0121,40.6663753,-73.7463386,Residential,15,0.0,0.0,2.0,1922.0,18910.0,19,0.3507,0.0,0.0,0.0
r0087_c0122,40.6663753,-73.7445557,Open Space,18,0.0,0.0,2.0,1938.0,22926.0,31,0.2694,0.0,0.0,0.0
r0087_c0123,40.6663753,-73.7427728,Residential,20,44.44,0.0,2.0,1938.0,26940.0,37,-0.0,0.0,0.0,0.0
r0087_c0124,40.6663753,-73.7409899,Mixed-Use,8,0.0,0.0,2.0,1949.0,9312.0,11,0.7086,0.0,0.0,0.0
r0087_c0125,40.6663753,-73.739207,Residential,3,44.44,0.0,1.7,1950.0,3991.0,5,-0.0,0.0,0.0,0.0
r0087_c0126,40.6663753,-73.7374241,Mixed-Use,18,133.33,0.0,2.0,1939.0,33682.0,21,1.2756,0.0,44.44,0.0
r0087_c0127,40.6663753,-73.7356412,Mixed-Use,17,311.11,0.0,1.9,1947.0,34628.0,20,1.1923,0.0,88.89,0.0
r0087_c0128,40.6663753,-73.7338583,Institutional,14,311.11,0.0,1.7,1946.0,102462.0,22,1.3735,0.0,0.0,0.0
r0087_c0129,40.6663753,-73.7320753,Mixed-Use,18,44.44,0.0,1.7,1948.0,15793.0,22,1.627,0.0,0.0,0.0
r0087_c0130,40.6663753,-73.7302924,Residential,20,133.33,0.0,1.8,1960.0,27175.0,29,1.2148,0.0,44.44,0.0
r0087_c0131,40.6663753,-73.7285095,Residential,16,133.33,0.0,2.1,1936.0,41822.0,28,1.8837,0.0,0.0,0.0
r0088_c0059,40.6677266,-73.8568792,Residential,17,355.56,0.0,2.0,1961.0,21840.0,8,1.2374,0.0,0.0,0.0
r0088_c0060,40.6677266,-73.8550963,Residential,38,311.11,0.0,2.0,1960.0,100904.0,38,0.5762,0.0,0.0,0.0
r0088_c0061,40.6677266,-73.8533134,Residential,41,266.67,0.0,2.0,1961.0,104680.0,42,0.1479,0.0,0.0,0.0
r0088_c0062,40.6677266,-73.8515304,Residential,32,133.33,0.0,2.2,1963.0,102216.0,33,1.4232,0.0,0.0,0.0
r0088_c0063,40.6677266,-73.8497475,Residential,12,44.44,0.0,3.5,1974.0,350433.0,14,0.5684,0.0,0.0,0.0
r0088_c0069,40.6677266,-73.8390501,Mixed-Use,8,0.0,0.0,3.0,1989.0,46697.0,5,1.3439,0.0,0.0,0.0
r0088_c0070,40.6677266,-73.8372672,Mixed-Use,14,177.78,0.0,2.0,1988.0,80810.0,13,1.0259,0.0,0.0,0.0
r0088_c0071,40.6677266,-73.8354842,Residential,29,266.67,0.0,2.3,1993.0,61400.0,31,1.4995,0.0,0.0,0.0
r0088_c0072,40.6677266,-73.8337013,Mixed-Use,4,44.44,0.0,1.3,1988.0,6557.0,3,1.5379,0.0,0.0,0.0
r0088_c0076,40.6677266,-73.8265697,Residential,41,177.78,0.0,1.8,1950.0,68210.0,72,0.1463,0.0,0.0,0.0
r0088_c0077,40.6677266,-73.8247868,Residential,41,133.33,0.0,1.9,1948.0,72999.0,69,0.3127,0.0,0.0,0.0
r0088_c0078,40.6677266,-73.8230039,Residential,40,44.44,0.0,1.9,1946.0,71438.0,74,-0.0,0.0,0.0,0.0
r0088_c0079,40.6677266,-73.8212209,Residential,42,44.44,0.0,1.8,1951.0,73098.0,77,0.2714,0.0,0.0,0.0
r0088_c0080,40.6677266,-73.819438,Residential,46,0.0,0.0,1.7,1953.0,84217.0,74,-0.0,0.0,0.0,0.0
r0088_c0081,40.6677266,-73.8176551,Residential,36,0.0,0.0,1.8,1958.0,71778.0,66,-0.0,0.0,0.0,0.0
r0088_c0082,40.6677266,-73.8158722,Residential,39,133.33,0.0,1.8,1962.0,75363.0,55,0.07,0.0,0.0,0.0
r0088_c0083,40.6677266,-73.8140893,Residential,41,88.89,0.0,1.9,1960.0,80002.0,61,0.5765,0.0,0.0,0.0
r0088_c0084,40.6677266,-73.8123064,Residential,39,177.78,0.0,1.7,1950.0,77067.0,59,0.2952,0.0,0.0,0.0
r0088_c0085,40.6677266,-73.8105235,Residential,35,88.89,0.0,1.8,1952.0,55901.0,56,1.5909,0.0,0.0,0.0
r0088_c0086,40.6677266,-73.8087406,Residential,18,311.11,0.0,1.8,1947.0,36094.0,19,1.8804,0.0,0.0,0.0
r0088_c0087,40.6677266,-73.8069576,Mixed-Use,33,1288.89,0.0,2.2,1939.0,48192.0,43,1.1942,0.0,0.0,0.0
r0088_c0088,40.6677266,-73.8051747,Residential,42,488.89,0.0,2.1,1943.0,63429.0,66,0.3621,0.0,0.0,0.0
r0088_c0089,40.6677266,-73.8033918,Residential,34,44.44,0.0,1.9,1948.0,54035.0,44,0.6933,0.0,0.0,0.0
r0088_c0090,40.6677266,-73.8016089,Residential,10,0.0,0.0,1.9,1927.0,9003.0,11,-0.0,0.0,0.0,0.0
r0088_c0091,40.6677266,-73.799826,Residential,22,44.44,0.0,2.5,1937.0,267220.0,38,1.0143,0.0,0.0,0.0
r0088_c0092,40.6677266,-73.7980431,Mixed-Use,21,88.89,0.0,2.5,1959.0,233438.0,32,1.5505,44.44,0.0,0.0
r0088_c0093,40.6677266,-73.7962602,Commercial,6,88.89,0.0,12.4,2015.0,712731.0,3,1.3261,88.89,0.0,0.0
r0088_c0094,40.6677266,-73.7944773,Commercial,17,88.89,0.0,4.1,1970.0,294023.0,16,1.3475,88.89,0.0,0.0
r0088_c0095,40.6677266,-73.7926944,Residential,50,0.0,0.0,2.0,1944.0,69840.0,67,0.3408,0.0,0.0,0.0
r0088_c0096,40.6677266,-73.7909114,Residential,64,88.89,0.0,2.0,1935.0,86143.0,100,0.418,0.0,0.0,0.0
r0088_c0097,40.6677266,-73.7891285,Residential,22,311.11,0.1429,1.8,1946.0,32120.0,32,1.0364,0.0,0.0,0.0
r0088_c0099,40.6677266,-73.7855627,Residential,26,222.22,0.0,2.1,1950.0,125870.0,39,1.4605,44.44,0.0,0.0
r0088_c0100,40.6677266,-73.7837798,Mixed-Use,24,222.22,0.0,1.9,1954.0,55634.0,35,1.2409,88.89,0.0,0.0
r0088_c0101,40.6677266,-73.7819969,Institutional,5,266.67,0.1667,2.3,1996.0,77792.0,3,0.6634,0.0,133.33,0.3333
r0088_c0102,40.6677266,-73.780214,Commercial,4,133.33,0.3333,1.8,1971.0,15319.0,4,0.4489,0.0,0.0,0.0
r0088_c0103,40.6677266,-73.7784311,Residential,14,0.0,0.0,1.9,1955.0,156195.0,16,1.5784,0.0,0.0,0.0
r0088_c0104,40.6677266,-73.7766481,Residential,18,44.44,0.0,1.7,1949.0,28217.0,21,0.2365,0.0,0.0,0.0
r0088_c0105,40.6677266,-73.7748652,Open Space,14,0.0,0.0,2.0,1958.0,21729.0,19,0.3331,0.0,0.0,0.0
r0088_c0106,40.6677266,-73.7730823,Residential,10,0.0,0.0,2.2,1965.0,19944.0,15,-0.0,0.0,0.0,0.0
r0088_c0107,40.6677266,-73.7712994,Residential,13,44.44,0.0,2.7,1964.0,23788.0,15,1.1704,0.0,0.0,0.0
r0088_c0108,40.6677266,-73.7695165,Mixed-Use,24,0.0,0.0,2.1,1939.0,36931.0,37,0.7714,0.0,0.0,0.0
r0088_c0109,40.6677266,-73.7677336,Residential,28,177.78,0.0,1.9,1935.0,40672.0,38,0.2421,0.0,44.44,0.0
r0088_c0110,40.6677266,-73.7659507,Residential,31,88.89,0.0,2.0,1950.0,50194.0,39,0.99,0.0,0.0,0.0
r0088_c0111,40.6677266,-73.7641678,Residential,33,0.0,0.0,1.9,1955.0,61297.0,46,1.1524,0.0,0.0,0.0
r0088_c0112,40.6677266,-73.7623848,Residential,42,88.89,0.0,1.9,1948.0,72443.0,60,0.2663,0.0,0.0,0.0
r0088_c0113,40.6677266,-73.7606019,Residential,45,44.44,0.0,2.0,1958.0,80988.0,70,-0.0,0.0,0.0,0.0
r0088_c0114,40.6677266,-73.758819,Residential,25,44.44,0.0,1.7,1955.0,39521.0,39,-0.0,0.0,0.0,0.0
r0088_c0115,40.6677266,-73.7570361,Residential,19,311.11,0.1429,2.1,1951.0,36239.0,27,1.0274,0.0,88.89,0.0
r0088_c0116,40.6677266,-73.7552532,Residential,38,44.44,0.0,1.9,1967.0,70793.0,61,0.1636,0.0,0.0,0.0
r0088_c0117,40.6677266,-73.7534703,Residential,38,88.89,0.0,1.6,1941.0,68280.0,53,0.5788,0.0,0.0,0.0
r0088_c0118,40.6677266,-73.7516874,Residential,34,88.89,0.0,1.7,1938.0,40976.0,40,1.1933,0.0,0.0,0.0
r0088_c0119,40.6677266,-73.7499045,Residential,16,0.0,0.0,1.8,1942.0,21894.0,24,0.329,0.0,0.0,0.0
r0088_c0120,40.6677266,-73.7481216,Mixed-Use,37,0.0,0.0,1.9,1937.0,54814.0,71,0.9255,0.0,0.0,0.0
r0088_c0121,40.6677266,-73.7463386,Residential,51,0.0,0.0,1.9,1940.0,74234.0,81,0.3382,0.0,0.0,0.0
r0088_c0122,40.6677266,-73.7445557,Residential,47,177.78,0.0,1.7,1936.0,63550.0,70,0.3086,0.0,0.0,0.0
r0088_c0123,40.6677266,-73.7427728,Residential,57,44.44,0.0,2.0,1931.0,77677.0,107,0.1253,0.0,0.0,0.0
r0088_c0124,40.6677266,-73.7409899,Residential,45,133.33,0.0,2.0,1933.0,63146.0,84,-0.0,0.0,0.0,0.0
r0088_c0125,40.6677266,-73.739207,Mixed-Use,5,44.44,0.0,2.0,1940.0,5148.0,8,0.6984,0.0,0.0,0.0
r0088_c0126,40.6677266,-73.7374241,Residential,38,311.11,0.5714,1.9,1948.0,75260.0,45,1.7395,0.0,177.78,0.0
r0088_c0127,40.6677266,-73.7356412,Residential,35,88.89,0.0,1.9,1937.0,49188.0,59,0.1064,0.0,0.0,0.0
r0088_c0128,40.6677266,-73.7338583,Residential,38,177.78,0.0,1.9,1937.0,59392.0,64,0.5833,0.0,0.0,0.0
r0088_c0129,40.6677266,-73.7320753,Residential,39,133.33,0.0,1.8,1941.0,51403.0,62,0.0617,0.0,0.0,0.0
r0088_c0130,40.6677266,-73.7302924,Residential,41,133.33,0.3333,1.9,1941.0,58506.0,70,0.2482,0.0,44.44,0.0
r0088_c0131,40.6677266,-73.7285095,Residential,26,44.44,0.0,2.0,1954.0,37309.0,35,0.0645,0.0,0.0,0.0
r0089_c0059,40.669078,-73.8568792,Mixed-Use,15,444.44,0.2,1.8,1952.0,29692.0,9,1.8551,0.0,88.89,0.0
r0089_c0060,40.669078,-73.8550963,Residential,45,266.67,0.0,2.0,1964.0,114744.0,47,0.8629,0.0,0.0,0.0
r0089_c0061,40.669078,-73.8533134,Residential,44,355.56,0.0,2.0,1962.0,104615.0,47,0.5827,0.0,0.0,0.0
r0089_c0062,40.669078,-73.8515304,Residential,49,266.67,0.0,2.1,1962.0,117463.0,49,0.7983,0.0,0.0,0.0
r0089_c0063,40.669078,-73.8497475,Residential,33,0.0,0.0,2.7,1973.0,262191.0,35,1.2674,0.0,0.0,0.0
r0089_c0064,40.669078,-73.8479646,Residential,4,0.0,0.0,3.8,1972.0,159555.0,5,0.3868,0.0,0.0,0.0
r0089_c0065,40.669078,-73.8461817,Residential,38,44.44,0.0,2.1,1963.0,113771.0,37,1.4862,0.0,0.0,0.0
r0089_c0066,40.669078,-73.8443988,Mixed-Use,7,0.0,0.0,1.8,1931.0,5382.0,8,1.0013,0.0,0.0,0.0
r0089_c0068,40.669078,-73.840833,Residential,6,88.89,0.5,1.8,1968.0,138011.0,33,0.3627,0.0,0.0,0.0
r0089_c0069,40.669078,-73.8390501,Residential,40,177.78,0.0,2.2,1959.0,108150.0,48,1.5096,0.0,0.0,0.0
r0089_c0070,40.669078,-73.8372672,Residential,52,666.67,0.0,2.0,1949.0,85283.0,70,0.4636,0.0,0.0,0.0
r0089_c0071,40.669078,-73.8354842,Residential,41,177.78,0.0,2.1,1982.0,81834.0,57,1.228,0.0,0.0,0.0
r0089_c0072,40.669078,-73.8337013,Mixed-Use,4,44.44,0.0,2.5,2024.0,4904.0,2,0.2759,0.0,0.0,0.0
r0089_c0076,40.669078,-73.8265697,Residential,31,88.89,0.0,1.8,1953.0,52657.0,55,0.185,0.0,0.0,0.0
r0089_c0077,40.669078,-73.8247868,Residential,40,0.0,0.0,1.9,1952.0,71148.0,71,0.153,0.0,0.0,0.0
r0089_c0078,40.669078,-73.8230039,Residential,43,355.56,0.0,1.8,1948.0,73575.0,76,0.1378,0.0,0.0,0.0
r0089_c0079,40.669078,-73.8212209,Residential,34,266.67,0.0,1.9,1956.0,89366.0,51,1.7945,0.0,88.89,0.5
r0089_c0080,40.669078,-73.819438,Residential,47,222.22,0.0,1.7,1949.0,80265.0,94,-0.0,0.0,0.0,0.0
r0089_c0081,40.669078,-73.8176551,Residential,47,44.44,0.0,1.8,1951.0,90624.0,84,0.1515,0.0,0.0,0.0
r0089_c0082,40.669078,-73.8158722,Residential,37,177.78,0.0,1.9,1958.0,81816.0,60,-0.0,0.0,0.0,0.0
r0089_c0083,40.669078,-73.8140893,Residential,39,88.89,0.0,1.9,1958.0,79396.0,67,0.7112,0.0,0.0,0.0
r0089_c0084,40.669078,-73.8123064,Residential,39,133.33,0.3333,1.9,1956.0,83697.0,61,1.5898,0.0,44.44,0.0
r0089_c0085,40.669078,-73.8105235,Residential,44,88.89,0.0,1.8,1949.0,73229.0,78,0.4895,0.0,0.0,0.0
r0089_c0086,40.669078,-73.8087406,Residential,45,44.44,0.0,1.8,1975.0,86832.0,61,1.0147,0.0,0.0,0.0
r0089_c0087,40.669078,-73.8069576,Residential,58,44.44,0.0,2.2,1931.0,72210.0,97,0.4946,0.0,0.0,0.0
r0089_c0088,40.669078,-73.8051747,Residential,54,44.44,0.0,2.3,1930.0,72217.0,77,0.4776,0.0,0.0,0.0
r0089_c0089,40.669078,-73.8033918,Residential,68,133.33,0.0,2.0,1939.0,77556.0,89,-0.0,0.0,0.0,0.0
r0089_c0090,40.669078,-73.8016089,Residential,32,0.0,0.0,2.0,1928.0,32596.0,54,0.171,0.0,0.0,0.0
r0089_c0091,40.669078,-73.799826,Residential,48,133.33,0.0,2.0,1938.0,66911.0,87,0.0009,0.0,0.0,0.0
r0089_c0092,40.669078,-73.7980431,Residential,49,88.89,0.0,2.1,1950.0,79405.0,71,0.0267,0.0,0.0,0.0
r0089_c0093,40.669078,-73.7962602,Residential,36,0.0,0.0,1.8,1960.0,54801.0,43,0.7558,0.0,0.0,0.0
r0089_c0094,40.669078,-73.7944773,Residential,46,177.78,0.0,1.7,1944.0,59160.0,58,0.2402,0.0,0.0,0.0
r0089_c0095,40.669078,-73.7926944,Residential,58,177.78,0.0,1.9,1941.0,73441.0,77,0.4185,0.0,0.0,0.0
r0089_c0096,40.669078,-73.7909114,Residential,53,44.44,0.0,2.1,1940.0,75162.0,70,0.3547,0.0,0.0,0.0
r0089_c0097,40.669078,-73.7891285,Residential,31,1022.22,0.0,1.9,1940.0,39978.0,46,0.4172,0.0,0.0,0.0
r0089_c0099,40.669078,-73.7855627,Residential,41,44.44,0.0,1.9,1965.0,121786.0,56,1.118,0.0,0.0,0.0
r0089_c0100,40.669078,-73.7837798,Residential,41,44.44,0.0,1.8,1952.0,75465.0,57,1.2938,0.0,0.0,0.0
r0089_c0101,40.669078,-73.7819969,Industrial,15,177.78,0.25,1.9,1971.0,106188.0,17,1.9297,88.89,0.0,0.0
r0089_c0102,40.669078,-73.780214,Residential,35,0.0,0.0,1.8,1965.0,57555.0,48,0.5468,0.0,0.0,0.0
r0089_c0103,40.669078,-73.7784311,Residential,43,0.0,0.0,1.3,1965.0,69908.0,44,0.0754,0.0,0.0,0.0
r0089_c0104,40.669078,-73.7766481,Residential,55,44.44,0.0,1.7,1951.0,89322.0,67,0.0174,0.0,0.0,0.0
r0089_c0105,40.669078,-73.7748652,Residential,56,0.0,0.0,1.7,1949.0,97952.0,79,0.1408,0.0,0.0,0.0
r0089_c0106,40.669078,-73.7730823,Residential,46,88.89,0.5,2.0,1948.0,70554.0,65,0.5654,0.0,44.44,0.0
r0089_c0107,40.669078,-73.7712994,Residential,50,44.44,0.0,1.8,1931.0,63020.0,82,0.1575,0.0,0.0,0.0
r0089_c0108,40.669078,-73.7695165,Residential,54,88.89,0.0,1.8,1934.0,71678.0,86,0.3437,0.0,0.0,0.0
r0089_c0109,40.669078,-73.7677336,Residential,47,0.0,0.0,1.9,1932.0,70210.0,73,-0.0,0.0,0.0,0.0
r0089_c0110,40.669078,-73.7659507,Residential,45,44.44,0.0,1.9,1960.0,75176.0,62,0.2985,0.0,0.0,0.0
r0089_c0111,40.669078,-73.7641678,Residential,55,44.44,0.0,2.1,1943.0,83676.0,81,0.4073,0.0,0.0,0.0
r0089_c0112,40.669078,-73.7623848,Residential,44,0.0,0.0,2.0,1945.0,63057.0,71,0.0113,0.0,0.0,0.0
r0089_c0113,40.669078,-73.7606019,Residential,43,44.44,0.0,1.9,1935.0,61336.0,73,0.2807,0.0,0.0,0.0
r0089_c0114,40.669078,-73.758819,Residential,26,400.0,0.0,2.0,1938.0,38270.0,42,0.0244,0.0,0.0,0.0
r0089_c0115,40.669078,-73.7570361,Institutional,7,222.22,0.0,1.9,1965.0,296392.0,7,0.2651,0.0,0.0,0.0
r0089_c0116,40.669078,-73.7552532,Residential,44,177.78,0.0,1.9,1943.0,66006.0,52,1.0766,0.0,0.0,0.0
r0089_c0117,40.669078,-73.7534703,Residential,35,0.0,0.0,1.9,1940.0,48063.0,40,1.5009,0.0,0.0,0.0
r0089_c0118,40.669078,-73.7516874,Mixed-Use,34,266.67,0.1667,2.0,1956.0,54178.0,32,2.0007,0.0,88.89,0.0
r0089_c0119,40.669078,-73.7499045,Residential,33,177.78,0.25,2.0,1943.0,50445.0,50,1.2808,0.0,88.89,0.0
r0089_c0120,40.669078,-73.7481216,Residential,50,88.89,0.0,2.1,1936.0,75120.0,88,0.2624,0.0,0.0,0.0
r0089_c0121,40.669078,-73.7463386,Residential,38,44.44,0.0,2.2,1936.0,71441.0,67,0.0914,0.0,0.0,0.0
r0089_c0122,40.669078,-73.7445557,Residential,41,0.0,0.0,1.8,1943.0,64859.0,71,0.1663,0.0,0.0,0.0
r0089_c0123,40.669078,-73.7427728,Residential,46,0.0,0.0,2.0,1931.0,63099.0,83,-0.0,0.0,0.0,0.0
r0089_c0124,40.669078,-73.7409899,Residential,57,0.0,0.0,2.0,1926.0,77766.0,105,-0.0,0.0,0.0,0.0
r0089_c0125,40.669078,-73.739207,Residential,35,0.0,0.0,2.0,1931.0,47491.0,65,-0.0,0.0,0.0,0.0
r0089_c0126,40.669078,-73.7374241,Residential,7,133.33,0.0,2.1,1948.0,17528.0,7,1.2462,0.0,44.44,0.0
r0089_c0127,40.669078,-73.7356412,Residential,26,88.89,0.0,1.9,1937.0,116311.0,45,1.0779,0.0,0.0,0.0
r0089_c0128,40.669078,-73.7338583,Residential,37,0.0,0.0,1.7,1942.0,50750.0,58,0.0584,0.0,0.0,0.0
r0089_c0129,40.669078,-73.7320753,Residential,43,44.44,0.0,1.7,1935.0,59486.0,75,-0.0,0.0,0.0,0.0
r0089_c0130,40.669078,-73.7302924,Residential,42,133.33,0.0,1.9,1935.0,55009.0,67,-0.0,0.0,0.0,0.0
r0089_c0131,40.669078,-73.7285095,Residential,24,0.0,0.0,1.8,1948.0,30641.0,38,0.4215,0.0,0.0,0.0
r0090_c0060,40.6704293,-73.8550963,Residential,12,311.11,0.1429,2.1,1971.0,29288.0,11,1.5685,0.0,44.44,1.0
r0090_c0063,40.6704293,-73.8497475,Mixed-Use,12,88.89,0.0,2.1,1968.0,31682.0,10,0.8203,0.0,0.0,0.0
r0090_c0064,40.6704293,-73.8479646,Residential,8,88.89,0.0,1.6,1937.0,11422.0,10,-0.0,0.0,0.0,0.0
r0090_c0065,40.6704293,-73.8461817,Institutional,11,133.33,0.0,2.4,1944.0,171860.0,11,1.2079,0.0,0.0,0.0
r0090_c0066,40.6704293,-73.8443988,Open Space,37,266.67,0.0,2.0,1956.0,68548.0,41,1.4876,0.0,0.0,0.0
r0090_c0067,40.6704293,-73.8426159,Commercial,12,444.44,0.3,1.9,1967.0,36153.0,12,1.5559,0.0,177.78,0.25
r0090_c0068,40.6704293,-73.840833,Residential,28,177.78,0.0,1.9,1953.0,72423.0,37,0.8718,0.0,0.0,0.0
r0090_c0069,40.6704293,-73.8390501,Open Space,25,355.56,0.0,2.0,1935.0,31189.0,31,1.1023,0.0,0.0,0.0
r0090_c0070,40.6704293,-73.8372672,Residential,56,533.33,0.0833,1.9,1938.0,85505.0,86,0.7264,0.0,44.44,0.0
r0090_c0071,40.6704293,-73.8354842,Residential,19,44.44,0.0,2.0,2016.0,32502.0,17,0.9782,0.0,0.0,0.0
r0090_c0076,40.6704293,-73.8265697,Residential,29,44.44,0.0,1.9,1944.0,46972.0,55,-0.0,0.0,0.0,0.0
r0090_c0077,40.6704293,-73.8247868,Residential,71,88.89,0.0,1.9,1948.0,104201.0,106,-0.0,0.0,0.0,0.0
r0090_c0078,40.6704293,-73.8230039,Residential,65,177.78,0.0,2.0,1950.0,95256.0,80,0.0313,0.0,0.0,0.0
r0090_c0079,40.6704293,-73.8212209,Residential,43,444.44,0.4,1.9,1939.0,75625.0,65,1.5731,0.0,177.78,0.0
r0090_c0080,40.6704293,-73.819438,Residential,34,88.89,0.0,1.7,1948.0,65136.0,63,0.6852,0.0,0.0,0.0
r0090_c0081,40.6704293,-73.8176551,Residential,40,133.33,0.0,1.7,1945.0,61996.0,64,0.4918,0.0,0.0,0.0
r0090_c0082,40.6704293,-73.8158722,Residential,46,222.22,0.0,1.8,1954.0,80599.0,69,0.1955,0.0,0.0,0.0
r0090_c0083,40.6704293,-73.8140893,Residential,58,177.78,0.0,1.8,1946.0,88051.0,82,0.4777,0.0,0.0,0.0
r0090_c0084,40.6704293,-73.8123064,Residential,41,88.89,0.0,1.8,1956.0,82716.0,61,0.56,0.0,0.0,0.0
r0090_c0085,40.6704293,-73.8105235,Residential,41,177.78,0.0,1.8,1955.0,76127.0,58,0.5638,0.0,0.0,0.0
r0090_c0086,40.6704293,-73.8087406,Residential,37,44.44,0.0,1.9,1945.0,81228.0,61,-0.0,0.0,0.0,0.0
r0090_c0087,40.6704293,-73.8069576,Residential,52,0.0,0.0,2.1,1929.0,60315.0,87,0.335,0.0,0.0,0.0
r0090_c0088,40.6704293,-73.8051747,Residential,51,133.33,0.0,2.2,1939.0,74343.0,79,0.4507,0.0,0.0,0.0
r0090_c0089,40.6704293,-73.8033918,Residential,75,88.89,0.0,2.1,1924.0,75948.0,112,0.0184,0.0,0.0,0.0
r0090_c0090,40.6704293,-73.8016089,Residential,39,44.44,0.0,2.0,1929.0,39126.0,67,0.1508,0.0,0.0,0.0
r0090_c0091,40.6704293,-73.799826,Residential,41,88.89,0.0,2.0,1944.0,59176.0,69,0.1706,0.0,0.0,0.0
r0090_c0092,40.6704293,-73.7980431,Residential,49,222.22,0.0,2.0,1964.0,89567.0,60,0.1871,0.0,0.0,0.0
r0090_c0093,40.6704293,-73.7962602,Residential,47,88.89,0.0,1.8,1957.0,76301.0,61,-0.0,0.0,0.0,0.0
r0090_c0094,40.6704293,-73.7944773,Residential,38,0.0,0.0,1.8,1952.0,54569.0,45,0.973,0.0,0.0,0.0
r0090_c0095,40.6704293,-73.7926944,Residential,60,44.44,0.0,1.9,1944.0,81394.0,80,0.1847,0.0,0.0,0.0
r0090_c0096,40.6704293,-73.7909114,Residential,71,88.89,0.0,2.0,1929.0,73071.0,98,0.307,0.0,0.0,0.0
r0090_c0097,40.6704293,-73.7891285,Residential,44,88.89,0.0,1.9,1929.0,49150.0,65,0.6131,0.0,0.0,0.0
r0090_c0099,40.6704293,-73.7855627,Industrial,3,44.44,0.0,2.3,1988.0,155392.0,3,0.5769,0.0,0.0,0.0
r0090_c0100,40.6704293,-73.7837798,Industrial,14,133.33,0.0,1.6,1951.0,140298.0,16,1.229,0.0,0.0,0.0
r0090_c0101,40.6704293,-73.7819969,Residential,38,88.89,0.5,1.6,1952.0,69323.0,50,0.8097,0.0,0.0,0.0
r0090_c0102,40.6704293,-73.780214,Residential,49,88.89,0.0,1.7,1954.0,75294.0,64,0.1401,0.0,0.0,0.0
r0090_c0103,40.6704293,-73.7784311,Residential,42,0.0,0.0,1.8,1952.0,65669.0,51,0.0987,0.0,0.0,0.0
r0090_c0104,40.6704293,-73.7766481,Residential,45,44.44,0.0,1.6,1961.0,84792.0,53,0.1662,0.0,0.0,0.0
r0090_c0105,40.6704293,-73.7748652,Residential,44,222.22,0.4,1.8,1966.0,104659.0,44,0.787,0.0,44.44,0.0
r0090_c0106,40.6704293,-73.7730823,Residential,37,177.78,0.25,1.9,1963.0,54108.0,44,1.0423,0.0,133.33,0.0
r0090_c0107,40.6704293,-73.7712994,Residential,48,44.44,0.0,1.6,1937.0,61130.0,79,0.19,0.0,0.0,0.0
r0090_c0108,40.6704293,-73.7695165,Residential,54,88.89,0.0,1.7,1937.0,77109.0,90,0.2128,0.0,0.0,0.0
r0090_c0109,40.6704293,-73.7677336,Residential,69,44.44,0.0,1.9,1935.0,83253.0,117,0.2132,0.0,0.0,0.0
r0090_c0110,40.6704293,-73.7659507,Residential,55,266.67,0.1667,2.1,1962.0,97128.0,85,1.154,0.0,44.44,0.0
r0090_c0111,40.6704293,-73.7641678,Residential,39,0.0,0.0,2.2,1946.0,65657.0,53,0.3857,0.0,0.0,0.0
r0090_c0112,40.6704293,-73.7623848,Residential,45,0.0,0.0,2.2,1941.0,66222.0,66,0.1814,0.0,0.0,0.0
r0090_c0113,40.6704293,-73.7606019,Residential,42,88.89,0.0,2.0,1934.0,63901.0,63,0.5357,0.0,0.0,0.0
r0090_c0114,40.6704293,-73.758819,Residential,36,177.78,0.0,1.8,1936.0,57699.0,56,0.1839,0.0,0.0,0.0
r0090_c0115,40.6704293,-73.7570361,Mixed-Use,9,133.33,0.0,1.8,1946.0,7707.0,4,0.739,0.0,44.44,0.0
r0090_c0116,40.6704293,-73.7552532,Residential,35,0.0,0.0,2.0,1955.0,57894.0,37,0.3398,0.0,0.0,0.0
r0090_c0117,40.6704293,-73.7534703,Residential,48,0.0,0.0,1.9,1973.0,75796.0,58,0.2207,0.0,0.0,0.0
r0090_c0118,40.6704293,-73.7516874,Residential,37,0.0,0.0,2.1,1970.0,61872.0,48,0.5861,0.0,0.0,0.0
r0090_c0119,40.6704293,-73.7499045,Residential,36,88.89,0.0,2.2,1939.0,63702.0,61,0.5264,0.0,0.0,0.0
r0090_c0120,40.6704293,-73.7481216,Residential,33,88.89,0.0,2.2,1941.0,60253.0,59,0.0977,0.0,0.0,0.0
r0090_c0121,40.6704293,-73.7463386,Residential,29,222.22,0.0,2.2,1932.0,51026.0,54,0.2881,0.0,0.0,0.0
r0090_c0122,40.6704293,-73.7445557,Residential,43,88.89,0.0,1.9,1936.0,70360.0,70,-0.0,0.0,0.0,0.0
r0090_c0123,40.6704293,-73.7427728,Residential,40,44.44,0.0,1.9,1936.0,55763.0,75,-0.0,0.0,0.0,0.0
r0090_c0124,40.6704293,-73.7409899,Residential,50,44.44,0.0,2.0,1925.0,68523.0,92,-0.0,0.0,0.0,0.0
r0090_c0125,40.6704293,-73.739207,Residential,55,88.89,0.0,2.0,1922.0,75849.0,108,-0.0,0.0,0.0,0.0
r0090_c0126,40.6704293,-73.7374241,Residential,22,355.56,0.0,1.9,1929.0,28490.0,42,0.9918,0.0,0.0,0.0
r0090_c0127,40.6704293,-73.7356412,Residential,21,800.0,0.0,2.0,1941.0,37452.0,34,1.1084,0.0,0.0,0.0
r0090_c0128,40.6704293,-73.7338583,Residential,32,311.11,0.0,1.9,1937.0,47302.0,54,0.3503,0.0,0.0,0.0
r0090_c0129,40.6704293,-73.7320753,Residential,43,44.44,0.0,1.6,1943.0,56634.0,74,-0.0,0.0,0.0,0.0
r0090_c0130,40.6704293,-73.7302924,Residential,36,88.89,0.0,1.6,1941.0,48754.0,57,-0.0,0.0,0.0,0.0
r0090_c0131,40.6704293,-73.7285095,Residential,31,88.89,0.0,1.7,1945.0,37219.0,47,0.3198,0.0,0.0,0.0
r0091_c0057,40.6717807,-73.860445,Residential,10,400.0,0.1111,1.9,1920.0,6123.0,8,1.122,0.0,44.44,0.0
r0091_c0058,40.6717807,-73.8586621,Mixed-Use,35,0.0,0.0,1.6,1919.0,18308.0,22,1.8341,0.0,0.0,0.0
r0091_c0059,40.6717807,-73.8568792,Commercial,3,888.89,0.2,1.7,2014.0,252064.0,3,0.9952,0.0,444.44,0.1
r0091_c0062,40.6717807,-73.8515304,Mixed-Use,11,311.11,0.0,1.3,1952.0,4522.0,4,0.9874,0.0,0.0,0.0
r0091_c0063,40.6717807,-73.8497475,Residential,3,44.44,0.0,2.0,1966.0,42377.0,14,0.7134,0.0,0.0,0.0
r0091_c0064,40.6717807,-73.8479646,Mixed-Use,35,222.22,0.0,2.3,1940.0,61442.0,41,1.1744,0.0,0.0,0.0
r0091_c0065,40.6717807,-73.8461817,Residential,49,400.0,0.0,2.1,1944.0,83898.0,77,0.4969,0.0,0.0,0.0
r0091_c0066,40.6717807,-73.8443988,Residential,42,133.33,0.0,2.0,1961.0,173888.0,48,1.0822,44.44,44.44,1.0
r0091_c0067,40.6717807,-73.8426159,Residential,29,488.89,0.3636,2.3,1930.0,67854.0,48,1.6639,44.44,177.78,0.25
r0091_c0068,40.6717807,-73.840833,Residential,74,177.78,0.0,1.9,1936.0,108544.0,101,0.6483,0.0,0.0,0.0
r0091_c0069,40.6717807,-73.8390501,Residential,71,400.0,0.0,2.5,1926.0,106761.0,123,-0.0,0.0,0.0,0.0
r0091_c0070,40.6717807,-73.8372672,Open Space,30,133.33,0.0,2.1,1951.0,21330.0,16,2.1298,0.0,0.0,0.0
r0091_c0071,40.6717807,-73.8354842,Mixed-Use,19,222.22,0.0,2.0,1901.0,1535.0,2,1.5429,0.0,0.0,0.0
r0091_c0076,40.6717807,-73.8265697,Residential,25,133.33,0.0,1.9,1940.0,37310.0,47,0.5001,0.0,0.0,0.0
r0091_c0077,40.6717807,-73.8247868,Residential,53,266.67,0.0,2.0,1930.0,81087.0,85,0.3475,0.0,0.0,0.0
r0091_c0078,40.6717807,-73.8230039,Residential,71,44.44,0.0,2.4,1931.0,94895.0,126,-0.0,0.0,0.0,0.0
r0091_c0079,40.6717807,-73.8212209,Residential,58,400.0,0.0,2.2,1930.0,72342.0,106,-0.0,0.0,0.0,0.0
r0091_c0080,40.6717807,-73.819438,Residential,55,44.44,0.0,2.2,1936.0,75350.0,80,0.1937,0.0,44.44,0.0
r0091_c0081,40.6717807,-73.8176551,Residential,47,177.78,0.0,2.0,1940.0,68386.0,79,0.4004,0.0,0.0,0.0
r0091_c0082,40.6717807,-73.8158722,Residential,40,133.33,0.0,1.9,1949.0,65769.0,60,0.4947,0.0,0.0,0.0
r0091_c0083,40.6717807,-73.8140893,Residential,47,0.0,0.0,2.0,1952.0,78122.0,80,0.2942,0.0,0.0,0.0
r0091_c0084,40.6717807,-73.8123064,Residential,43,88.89,0.0,1.9,1946.0,76007.0,65,0.3062,0.0,0.0,0.0
r0091_c0085,40.6717807,-73.8105235,Residential,48,44.44,0.0,1.8,1955.0,93295.0,65,0.2762,0.0,0.0,0.0
r0091_c0086,40.6717807,-73.8087406,Residential,53,88.89,0.0,2.0,1941.0,89883.0,73,0.9131,0.0,0.0,0.0
r0091_c0087,40.6717807,-73.8069576,Residential,45,44.44,0.0,2.2,1929.0,67472.0,74,-0.0,0.0,0.0,0.0
r0091_c0088,40.6717807,-73.8051747,Residential,55,177.78,0.0,2.3,1936.0,71384.0,68,0.5602,0.0,0.0,0.0
r0091_c0089,40.6717807,-73.8033918,Residential,63,133.33,0.0,2.2,1928.0,71605.0,99,0.3545,0.0,0.0,0.0
r0091_c0090,40.6717807,-73.8016089,Residential,31,0.0,0.0,2.0,1942.0,44206.0,44,0.2342,0.0,0.0,0.0
r0091_c0091,40.6717807,-73.799826,Residential,46,88.89,0.0,2.1,1935.0,67892.0,66,0.3667,0.0,0.0,0.0
r0091_c0092,40.6717807,-73.7980431,Residential,64,44.44,0.0,2.2,1945.0,98995.0,82,0.0554,0.0,0.0,0.0
r0091_c0093,40.6717807,-73.7962602,Residential,50,44.44,0.0,2.0,1955.0,84313.0,62,0.1346,0.0,0.0,0.0
r0091_c0094,40.6717807,-73.7944773,Residential,48,88.89,0.0,2.0,1962.0,87641.0,70,0.1765,0.0,0.0,0.0
r0091_c0095,40.6717807,-73.7926944,Residential,52,177.78,0.0,1.9,1947.0,70626.0,66,0.2124,0.0,0.0,0.0
r0091_c0096,40.6717807,-73.7909114,Residential,62,88.89,0.0,2.0,1936.0,76836.0,80,0.3639,0.0,0.0,0.0
r0091_c0097,40.6717807,-73.7891285,Institutional,39,355.56,0.0,2.0,1930.0,104817.0,56,1.1565,0.0,0.0,0.0
r0091_c0099,40.6717807,-73.7855627,Industrial,13,88.89,0.0,1.3,1964.0,42863.0,9,1.5052,44.44,44.44,0.0
r0091_c0100,40.6717807,-73.7837798,Residential,30,88.89,0.0,1.8,1946.0,53877.0,40,0.5879,0.0,0.0,0.0
r0091_c0101,40.6717807,-73.7819969,Residential,46,44.44,0.0,1.8,1947.0,77957.0,60,0.0846,0.0,0.0,0.0
r0091_c0102,40.6717807,-73.780214,Residential,42,133.33,0.0,1.8,1951.0,70487.0,51,0.0528,0.0,0.0,0.0
r0091_c0103,40.6717807,-73.7784311,Residential,43,222.22,0.0,1.8,1953.0,65152.0,50,0.2257,0.0,0.0,0.0
r0091_c0104,40.6717807,-73.7766481,Residential,51,88.89,0.0,1.4,1967.0,91741.0,65,-0.0,0.0,0.0,0.0
r0091_c0105,40.6717807,-73.7748652,Residential,29,488.89,0.1818,1.8,1980.0,70650.0,29,1.1959,0.0,222.22,0.0
r0091_c0106,40.6717807,-73.7730823,Residential,20,133.33,0.0,1.8,1963.0,52828.0,32,2.2213,0.0,0.0,0.0
r0091_c0107,40.6717807,-73.7712994,Residential,46,266.67,0.0,1.7,1943.0,55948.0,70,-0.0,0.0,0.0,0.0
r0091_c0108,40.6717807,-73.7695165,Residential,49,133.33,0.0,1.7,1944.0,62919.0,76,-0.0,0.0,0.0,0.0
r0091_c0109,40.6717807,-73.7677336,Residential,43,44.44,0.0,1.8,1936.0,56644.0,68,0.2188,0.0,0.0,0.0
r0091_c0110,40.6717807,-73.7659507,Residential,36,88.89,0.0,1.8,1943.0,53465.0,49,0.0204,0.0,0.0,0.0
r0091_c0111,40.6717807,-73.7641678,Mixed-Use,25,133.33,0.3333,2.0,1954.0,84886.0,40,1.8834,0.0,0.0,0.0
r0091_c0112,40.6717807,-73.7623848,Residential,47,44.44,0.0,1.9,1943.0,77588.0,71,0.8002,0.0,0.0,0.0
r0091_c0113,40.6717807,-73.7606019,Residential,45,44.44,0.0,1.8,1951.0,77440.0,46,0.3445,0.0,0.0,0.0
r0091_c0114,40.6717807,-73.758819,Residential,34,0.0,0.0,2.0,1969.0,54090.0,38,1.4247,0.0,0.0,0.0
r0091_c0115,40.6717807,-73.7570361,Residential,48,88.89,0.5,1.8,1996.0,81114.0,51,0.5286,0.0,44.44,0.0
r0091_c0116,40.6717807,-73.7552532,Residential,30,88.89,0.0,2.2,1944.0,85028.0,45,1.0731,0.0,0.0,0.0
r0091_c0117,40.6717807,-73.7534703,Residential,47,0.0,0.0,2.0,1977.0,67571.0,52,0.9773,0.0,0.0,0.0
r0091_c0118,40.6717807,-73.7516874,Residential,36,0.0,0.0,1.9,1942.0,55386.0,53,1.3346,0.0,0.0,0.0
r0091_c0119,40.6717807,-73.7499045,Residential,33,133.33,0.0,2.4,1942.0,74138.0,56,0.2679,0.0,0.0,0.0
r0091_c0120,40.6717807,-73.7481216,Residential,41,88.89,0.0,2.2,1940.0,74673.0,69,0.242,0.0,0.0,0.0
r0091_c0121,40.6717807,-73.7463386,Residential,33,88.89,0.0,2.2,1937.0,61641.0,63,-0.0,0.0,0.0,0.0
r0091_c0122,40.6717807,-73.7445557,Residential,27,133.33,0.0,1.8,1941.0,48840.0,44,0.2733,0.0,0.0,0.0
r0091_c0123,40.6717807,-73.7427728,Residential,32,88.89,0.0,2.0,1944.0,126395.0,56,0.9908,0.0,0.0,0.0
r0091_c0124,40.6717807,-73.7409899,Residential,43,44.44,0.0,2.0,1932.0,62167.0,82,-0.0,0.0,0.0,0.0
r0091_c0125,40.6717807,-73.739207,Residential,47,0.0,0.0,2.0,1927.0,65693.0,86,-0.0,0.0,0.0,0.0
r0091_c0126,40.6717807,-73.7374241,Residential,53,44.44,0.0,2.0,1930.0,70928.0,105,-0.0,0.0,0.0,0.0
r0091_c0127,40.6717807,-73.7356412,Residential,13,44.44,0.0,1.8,1935.0,18741.0,20,-0.0,0.0,0.0,0.0
r0091_c0128,40.6717807,-73.7338583,Institutional,29,133.33,0.0,1.6,1937.0,51682.0,45,0.9996,0.0,0.0,0.0
r0091_c0129,40.6717807,-73.7320753,Residential,44,44.44,0.0,1.7,1937.0,56930.0,78,-0.0,0.0,0.0,0.0
r0091_c0130,40.6717807,-73.7302924,Residential,41,44.44,0.0,1.5,1938.0,50230.0,75,-0.0,0.0,0.0,0.0
r0091_c0131,40.6717807,-73.7285095,Residential,37,400.0,0.0,1.7,1946.0,42168.0,52,0.196,0.0,0.0,0.0
r0092_c0057,40.673132,-73.860445,Residential,22,400.0,0.0,1.7,1921.0,23366.0,23,1.8657,0.0,0.0,0.0
r0092_c0058,40.673132,-73.8586621,Mixed-Use,23,44.44,0.0,1.9,1913.0,10837.0,17,1.5872,0.0,0.0,0.0
r0092_c0059,40.673132,-73.8568792,Residential,6,44.44,1.0,1.3,1960.0,4700.0,5,1.4464,0.0,0.0,0.0
r0092_c0060,40.673132,-73.8550963,Open Space,4,133.33,0.0,,1950.0,0.0,2,0.9893,0.0,0.0,0.0
r0092_c0061,40.673132,-73.8533134,Mixed-Use,41,844.44,0.0,2.0,1936.0,52006.0,78,1.3314,0.0,0.0,0.0
r0092_c0062,40.673132,-73.8515304,Residential,67,133.33,0.0,1.9,1939.0,86019.0,111,-0.0,0.0,0.0,0.0
r0092_c0063,40.673132,-73.8497475,Residential,43,44.44,0.0,1.4,1950.0,109107.0,57,1.0,0.0,0.0,0.0
r0092_c0064,40.673132,-73.8479646,Residential,39,177.78,0.0,2.2,1971.0,116469.0,33,1.7999,0.0,44.44,0.0
r0092_c0065,40.673132,-73.8461817,Residential,49,177.78,0.0,2.1,1956.0,87767.0,67,1.0203,44.44,0.0,0.0
r0092_c0066,40.673132,-73.8443988,Residential,58,400.0,0.0,2.1,1942.0,105873.0,63,1.9699,0.0,133.33,0.0
r0092_c0067,40.673132,-73.8426159,Residential,52,355.56,0.125,2.1,1930.0,88588.0,78,1.5865,0.0,133.33,0.0
r0092_c0068,40.673132,-73.840833,Residential,80,577.78,0.0,2.2,1925.0,104851.0,124,0.507,0.0,0.0,0.0
r0092_c0069,40.673132,-73.8390501,Residential,59,444.44,0.0,2.2,1928.0,78279.0,92,0.5678,0.0,0.0,0.0
r0092_c0070,40.673132,-73.8372672,Residential,33,266.67,0.0,2.2,1942.0,45451.0,37,1.7683,0.0,0.0,0.0
r0092_c0071,40.673132,-73.8354842,Mixed-Use,4,177.78,0.0,,,0.0,0,0.6791,0.0,0.0,0.0
r0092_c0076,40.673132,-73.8265697,Residential,28,44.44,0.0,2.3,1927.0,33818.0,49,0.4841,0.0,0.0,0.0
r0092_c0077,40.673132,-73.8247868,Residential,58,266.67,0.0,2.1,1926.0,78164.0,107,0.0888,0.0,0.0,0.0
r0092_c0078,40.673132,-73.8230039,Residential,68,133.33,0.0,2.4,1931.0,94692.0,125,-0.0,0.0,0.0,0.0
r0092_c0079,40.673132,-73.8212209,Residential,62,133.33,0.0,2.2,1929.0,87193.0,114,0.0994,0.0,0.0,0.0
r0092_c0080,40.673132,-73.819438,Residential,70,133.33,0.0,2.4,1926.0,90803.0,122,0.0837,0.0,0.0,0.0
r0092_c0081,40.673132,-73.8176551,Residential,49,44.44,0.0,1.9,1941.0,82603.0,72,0.417,0.0,0.0,0.0
r0092_c0082,40.673132,-73.8158722,Residential,53,177.78,0.0,1.9,1944.0,79468.0,68,0.1823,0.0,0.0,0.0
r0092_c0083,40.673132,-73.8140893,Residential,45,0.0,0.0,1.9,1948.0,72844.0,73,-0.0,0.0,0.0,0.0
r0092_c0084,40.673132,-73.8123064,Residential,50,88.89,0.0,1.9,1936.0,76597.0,83,0.3439,0.0,0.0,0.0
r0092_c0085,40.673132,-73.8105235,Residential,41,44.44,0.0,2.0,1951.0,73574.0,54,0.1827,0.0,0.0,0.0
r0092_c0086,40.673132,-73.8087406,Residential,51,0.0,0.0,1.9,1931.0,69681.0,72,0.6601,0.0,0.0,0.0
r0092_c0087,40.673132,-73.8069576,Residential,56,44.44,0.0,2.0,1925.0,75812.0,93,0.3771,0.0,0.0,0.0
r0092_c0088,40.673132,-73.8051747,Residential,61,88.89,0.0,2.2,1946.0,90466.0,103,0.2564,0.0,0.0,0.0
r0092_c0089,40.673132,-73.8033918,Residential,65,0.0,0.0,2.1,1935.0,90899.0,94,0.2677,0.0,0.0,0.0
r0092_c0090,40.673132,-73.8016089,Residential,32,0.0,0.0,2.2,1949.0,45857.0,49,0.8103,0.0,0.0,0.0
r0092_c0091,40.673132,-73.799826,Residential,49,88.89,0.0,2.1,1950.0,83952.0,61,0.1469,0.0,0.0,0.0
r0092_c0092,40.673132,-73.7980431,Residential,49,44.44,0.0,2.1,1947.0,79789.0,62,1.3661,0.0,0.0,0.0
r0092_c0093,40.673132,-73.7962602,Residential,48,88.89,0.0,2.0,1940.0,100477.0,68,1.3805,44.44,0.0,0.0
r0092_c0094,40.673132,-73.7944773,Residential,41,88.89,0.0,2.0,1941.0,80123.0,64,0.9935,0.0,0.0,0.0
r0092_c0095,40.673132,-73.7926944,Residential,51,177.78,0.0,2.0,1950.0,90467.0,61,1.3565,0.0,0.0,0.0
r0092_c0096,40.673132,-73.7909114,Residential,45,444.44,0.6,1.9,1940.0,79373.0,54,1.8857,0.0,0.0,0.0
r0092_c0097,40.673132,-73.7891285,Residential,17,800.0,0.0,2.2,1937.0,213308.0,27,1.4234,0.0,44.44,0.0
r0092_c0099,40.673132,-73.7855627,Industrial,5,44.44,0.0,1.8,1958.0,43174.0,6,1.3293,0.0,0.0,0.0
r0092_c0100,40.673132,-73.7837798,Residential,41,266.67,0.0,1.8,1956.0,57837.0,63,-0.0,0.0,0.0,0.0
r0092_c0101,40.673132,-73.7819969,Residential,9,44.44,0.0,1.8,1944.0,13121.0,10,0.3228,0.0,0.0,0.0
r0092_c0102,40.673132,-73.780214,Residential,40,133.33,0.0,1.7,1954.0,63423.0,52,0.05,0.0,0.0,0.0
r0092_c0103,40.673132,-73.7784311,Residential,40,133.33,0.0,1.7,1950.0,63411.0,54,0.0936,0.0,0.0,0.0
r0092_c0104,40.673132,-73.7766481,Residential,39,133.33,0.3333,1.6,1949.0,73497.0,49,0.5482,0.0,88.89,0.0
r0092_c0108,40.673132,-73.7695165,Institutional,9,266.67,0.0,1.4,1954.0,105695.0,14,0.8933,0.0,44.44,1.0
r0092_c0109,40.673132,-73.7677336,Residential,45,0.0,0.0,1.8,1934.0,65689.0,71,0.1411,0.0,0.0,0.0
r0092_c0110,40.673132,-73.7659507,Residential,37,0.0,0.0,2.0,1933.0,51457.0,58,0.2515,0.0,0.0,0.0
r0092_c0111,40.673132,-73.7641678,Residential,32,266.67,0.0,1.8,1948.0,61627.0,37,1.8019,0.0,133.33,0.0
r0092_c0112,40.673132,-73.7623848,Residential,44,0.0,0.0,2.0,1934.0,63014.0,59,1.0756,0.0,0.0,0.0
r0092_c0113,40.673132,-73.7606019,Residential,50,44.44,0.0,2.1,1943.0,78759.0,72,0.5362,0.0,44.44,0.0
r0092_c0114,40.673132,-73.758819,Residential,31,222.22,0.2,1.8,1960.0,67404.0,45,0.5981,0.0,133.33,0.0
r0092_c0115,40.673132,-73.7570361,Residential,35,133.33,0.0,1.9,1968.0,62363.0,41,0.9291,0.0,44.44,0.0
r0092_c0116,40.673132,-73.7552532,Residential,39,0.0,0.0,2.1,1948.0,74780.0,54,0.5936,0.0,0.0,0.0
r0092_c0117,40.673132,-73.7534703,Residential,35,88.89,0.0,2.0,1949.0,58702.0,44,0.173,0.0,0.0,0.0
r0092_c0118,40.673132,-73.7516874,Residential,43,0.0,0.0,1.5,1945.0,62819.0,59,0.2035,0.0,0.0,0.0
r0092_c0119,40.673132,-73.7499045,Residential,38,44.44,0.0,1.8,1944.0,64524.0,57,0.0905,0.0,0.0,0.0
r0092_c0120,40.673132,-73.7481216,Residential,29,44.44,0.0,2.1,1945.0,54549.0,48,0.3299,0.0,0.0,0.0
r0092_c0121,40.673132,-73.7463386,Residential,44,88.89,0.0,2.0,1938.0,78506.0,79,-0.0,0.0,0.0,0.0
r0092_c0122,40.673132,-73.7445557,Residential,25,88.89,0.0,2.1,1934.0,47869.0,43,1.0572,0.0,0.0,0.0
r0092_c0123,40.673132,-73.7427728,Residential,30,44.44,0.0,2.0,1937.0,43480.0,55,0.2166,0.0,0.0,0.0
r0092_c0124,40.673132,-73.7409899,Residential,53,44.44,0.0,1.9,1925.0,72771.0,96,-0.0,0.0,0.0,0.0
r0092_c0125,40.673132,-73.739207,Residential,53,88.89,0.0,2.0,1930.0,71546.0,98,-0.0,0.0,0.0,0.0
r0092_c0126,40.673132,-73.7374241,Residential,46,44.44,0.0,2.0,1934.0,64061.0,85,-0.0,0.0,0.0,0.0
r0092_c0127,40.673132,-73.7356412,Residential,20,44.44,0.0,2.0,1942.0,28963.0,36,0.8469,0.0,0.0,0.0
r0092_c0128,40.673132,-73.7338583,Residential,21,44.44,0.0,2.2,1931.0,30966.0,27,1.1845,0.0,0.0,0.0
r0092_c0129,40.673132,-73.7320753,Residential,38,177.78,0.0,1.8,1940.0,54348.0,54,1.4971,44.44,44.44,0.0
r0092_c0130,40.673132,-73.7302924,Residential,42,177.78,0.0,1.6,1943.0,59312.0,71,0.429,0.0,0.0,0.0
r0092_c0131,40.673132,-73.7285095,Residential,36,88.89,0.0,1.8,1946.0,48823.0,42,1.3962,0.0,0.0,0.0
r0093_c0057,40.6744834,-73.860445,Residential,19,222.22,0.0,1.5,1958.0,28406.0,17,1.1382,0.0,0.0,0.0
r0093_c0058,40.6744834,-73.8586621,Mixed-Use,19,177.78,0.0,2.0,1955.0,32380.0,24,1.4738,0.0,0.0,0.0
r0093_c0059,40.6744834,-73.8568792,Residential,32,177.78,0.0,2.0,1960.0,68946.0,48,1.0329,0.0,0.0,0.0
r0093_c0060,40.6744834,-73.8550963,Residential,61,444.44,0.0,2.0,1940.0,76928.0,111,0.7237,0.0,0.0,0.0
r0093_c0061,40.6744834,-73.8533134,Residential,85,222.22,0.0,2.0,1938.0,104512.0,151,-0.0,0.0,0.0,0.0
r0093_c0062,40.6744834,-73.8515304,Residential,60,177.78,0.0,1.9,1936.0,80832.0,100,0.6538,0.0,0.0,0.0
r0093_c0063,40.6744834,-73.8497475,Residential,49,0.0,0.0,1.3,1944.0,73511.0,51,0.7319,0.0,0.0,0.0
r0093_c0064,40.6744834,-73.8479646,Residential,51,177.78,0.0,2.3,1969.0,160799.0,53,1.0168,0.0,0.0,0.0
r0093_c0065,40.6744834,-73.8461817,Residential,60,133.33,0.0,1.7,1937.0,80938.0,78,0.5158,0.0,0.0,0.0
r0093_c0066,40.6744834,-73.8443988,Residential,72,266.67,0.0,2.0,1931.0,119982.0,112,0.9057,0.0,0.0,0.0
r0093_c0067,40.6744834,-73.8426159,Residential,46,222.22,0.4,2.2,1928.0,61436.0,66,0.9258,0.0,44.44,1.0
r0093_c0068,40.6744834,-73.840833,Residential,49,400.0,0.0,2.3,1932.0,65056.0,76,0.3871,0.0,0.0,0.0
r0093_c0069,40.6744834,-73.8390501,Residential,49,711.11,0.0625,2.4,1925.0,66512.0,93,0.4157,0.0,0.0,0.0
r0093_c0070,40.6744834,-73.8372672,Residential,41,222.22,0.0,2.3,1928.0,52493.0,54,1.4524,0.0,0.0,0.0
r0093_c0076,40.6744834,-73.8265697,Residential,14,0.0,0.0,2.4,1925.0,16992.0,24,0.1306,0.0,0.0,0.0
r0093_c0077,40.6744834,-73.8247868,Residential,66,44.44,0.0,2.4,1927.0,96789.0,116,0.165,0.0,0.0,0.0
r0093_c0078,40.6744834,-73.8230039,Residential,58,222.22,0.0,2.5,1929.0,88302.0,110,-0.0,0.0,0.0,0.0
r0093_c0079,40.6744834,-73.8212209,Residential,58,0.0,0.0,2.4,1935.0,90331.0,104,0.1231,0.0,0.0,0.0
r0093_c0080,40.6744834,-73.819438,Residential,53,222.22,0.0,2.2,1927.0,101004.0,91,1.0483,0.0,133.33,0.0
r0093_c0081,40.6744834,-73.8176551,Residential,46,88.89,0.0,2.2,1940.0,73137.0,78,0.6094,0.0,0.0,0.0
r0093_c0082,40.6744834,-73.8158722,Institutional,45,133.33,0.0,2.0,1954.0,319349.0,62,1.3705,0.0,0.0,0.0
r0093_c0083,40.6744834,-73.8140893,Residential,58,44.44,0.0,2.0,1943.0,98345.0,103,0.6053,0.0,0.0,0.0
r0093_c0084,40.6744834,-73.8123064,Residential,63,88.89,0.0,2.0,1936.0,116076.0,91,1.6088,0.0,0.0,0.0
r0093_c0085,40.6744834,-73.8105235,Residential,39,88.89,0.0,1.9,1940.0,76152.0,56,1.8247,0.0,44.44,0.0
r0093_c0086,40.6744834,-73.8087406,Residential,46,222.22,0.0,2.1,1931.0,69839.0,62,1.5678,0.0,44.44,0.0
r0093_c0087,40.6744834,-73.8069576,Residential,55,177.78,0.5,1.9,1935.0,124602.0,74,1.659,0.0,88.89,0.0
r0093_c0088,40.6744834,-73.8051747,Mixed-Use,38,577.78,0.1538,1.9,1930.0,70239.0,38,1.9531,0.0,133.33,0.0
r0093_c0089,40.6744834,-73.8033918,Residential,57,444.44,0.4,2.0,1931.0,123715.0,71,2.0767,0.0,177.78,0.25
r0093_c0090,40.6744834,-73.8016089,Open Space,13,88.89,0.0,2.0,1946.0,29150.0,12,1.8858,0.0,0.0,0.0
r0093_c0091,40.6744834,-73.799826,Residential,60,355.56,0.125,2.0,1927.0,98708.0,62,2.4702,0.0,133.33,0.3333
r0093_c0092,40.6744834,-73.7980431,Residential,54,400.0,0.3333,2.0,1941.0,84452.0,64,1.4128,0.0,133.33,0.0
r0093_c0093,40.6744834,-73.7962602,Residential,45,44.44,0.0,2.1,1955.0,96557.0,51,1.0467,0.0,0.0,0.0
r0093_c0094,40.6744834,-73.7944773,Residential,57,177.78,0.0,2.0,1929.0,66036.0,77,1.2947,0.0,0.0,0.0
r0093_c0095,40.6744834,-73.7926944,Residential,72,222.22,0.0,2.1,1932.0,102772.0,94,1.0943,0.0,0.0,0.0
r0093_c0096,40.6744834,-73.7909114,Institutional,38,400.0,0.0,2.5,1928.0,159339.0,56,1.084,0.0,0.0,0.0
r0093_c0100,40.6744834,-73.7837798,Residential,7,311.11,0.0,2.0,1989.0,13832.0,7,0.2558,133.33,0.0,0.0
r0093_c0101,40.6744834,-73.7819969,Institutional,22,133.33,0.0,2.0,1958.0,214752.0,32,0.6259,0.0,0.0,0.0
r0093_c0102,40.6744834,-73.780214,Residential,37,222.22,0.0,1.7,1957.0,61222.0,53,0.2403,0.0,0.0,0.0
r0093_c0103,40.6744834,-73.7784311,Residential,28,0.0,0.0,1.9,1955.0,47672.0,36,0.368,0.0,0.0,0.0
r0093_c0104,40.6744834,-73.7766481,Mixed-Use,3,1066.67,0.0417,2.0,1910.0,5200.0,2,0.5144,0.0,0.0,0.0
r0093_c0109,40.6744834,-73.7677336,Residential,16,177.78,0.0,2.0,1936.0,27324.0,22,0.3236,0.0,0.0,0.0
r0093_c0110,40.6744834,-73.7659507,Residential,31,88.89,0.0,2.2,1922.0,41706.0,51,-0.0,0.0,0.0,0.0
r0093_c0111,40.6744834,-73.7641678,Residential,32,177.78,0.5,2.1,1939.0,47784.0,39,1.6022,0.0,133.33,0.0
r0093_c0112,40.6744834,-73.7623848,Residential,47,88.89,0.0,2.0,1933.0,63225.0,73,0.0316,0.0,0.0,0.0
r0093_c0113,40.6744834,-73.7606019,Residential,36,177.78,0.0,2.4,1929.0,65029.0,62,0.4451,0.0,0.0,0.0
r0093_c0114,40.6744834,-73.758819,Residential,28,133.33,0.0,2.0,1949.0,45078.0,50,-0.0,0.0,0.0,0.0
r0093_c0115,40.6744834,-73.7570361,Open Space,24,355.56,0.0,1.8,1957.0,36245.0,36,1.2214,0.0,0.0,0.0
r0093_c0116,40.6744834,-73.7552532,Mixed-Use,18,44.44,0.0,2.0,1934.0,51042.0,16,1.9919,0.0,44.44,0.0
r0093_c0117,40.6744834,-73.7534703,Residential,41,133.33,0.0,2.0,1946.0,65496.0,50,0.7584,0.0,0.0,0.0
r0093_c0118,40.6744834,-73.7516874,Residential,40,222.22,0.0,1.9,1950.0,70938.0,59,0.154,0.0,0.0,0.0
r0093_c0119,40.6744834,-73.7499045,Residential,48,0.0,0.0,1.8,1951.0,60197.0,63,0.218,0.0,0.0,0.0
r0093_c0120,40.6744834,-73.7481216,Residential,38,0.0,0.0,2.0,1946.0,67417.0,57,-0.0,0.0,0.0,0.0
r0093_c0121,40.6744834,-73.7463386,Residential,26,0.0,0.0,2.1,1945.0,55223.0,46,-0.0,0.0,0.0,0.0
r0093_c0122,40.6744834,-73.7445557,Residential,46,0.0,0.0,2.0,1937.0,75507.0,80,0.1221,0.0,0.0,0.0
r0093_c0123,40.6744834,-73.7427728,Residential,45,0.0,0.0,1.9,1939.0,71136.0,85,-0.0,0.0,0.0,0.0
r0093_c0124,40.6744834,-73.7409899,Residential,46,44.44,0.0,2.0,1929.0,64105.0,83,-0.0,0.0,0.0,0.0
r0093_c0125,40.6744834,-73.739207,Residential,53,88.89,0.0,2.0,1931.0,72506.0,93,0.1343,0.0,0.0,0.0
r0093_c0126,40.6744834,-73.7374241,Residential,47,488.89,0.1818,1.9,1933.0,93515.0,79,1.1544,0.0,266.67,0.1667
r0093_c0127,40.6744834,-73.7356412,Commercial,12,666.67,0.2667,1.8,1965.0,130780.0,14,1.2187,0.0,177.78,0.0
r0093_c0130,40.6744834,-73.7302924,Residential,27,266.67,0.5,1.7,1952.0,29303.0,23,1.5009,0.0,44.44,0.0
r0093_c0131,40.6744834,-73.7285095,Residential,33,355.56,0.25,1.4,1962.0,46079.0,33,1.726,0.0,44.44,0.0
r0093_c0132,40.6744834,-73.7267266,Residential,4,1733.33,0.1026,1.8,1950.0,4559.0,3,0.0931,0.0,755.56,0.1765
r0094_c0057,40.6758348,-73.860445,Residential,59,88.89,0.0,1.8,1958.0,129497.0,76,0.5698,0.0,0.0,0.0
r0094_c0058,40.6758348,-73.8586621,Residential,63,88.89,0.0,2.0,1948.0,119055.0,95,0.3671,0.0,0.0,0.0
r0094_c0059,40.6758348,-73.8568792,Residential,57,133.33,0.0,1.9,1944.0,104995.0,79,0.3583,0.0,0.0,0.0
r0094_c0060,40.6758348,-73.8550963,Industrial,4,88.89,0.0,1.3,1950.0,35396.0,10,1.5498,0.0,0.0,0.0
r0094_c0061,40.6758348,-73.8533134,Residential,7,44.44,0.0,2.1,1948.0,9402.0,11,1.1557,0.0,0.0,0.0
r0094_c0062,40.6758348,-73.8515304,Residential,65,133.33,0.0,2.1,1929.0,77171.0,97,0.3562,0.0,0.0,0.0
r0094_c0063,40.6758348,-73.8497475,Residential,71,400.0,0.1111,2.2,1928.0,111365.0,110,0.6232,0.0,88.89,0.0
r0094_c0064,40.6758348,-73.8479646,Residential,64,177.78,0.0,2.0,1940.0,119290.0,92,0.8307,0.0,0.0,0.0
r0094_c0065,40.6758348,-73.8461817,Residential,73,444.44,0.0,2.0,1929.0,99827.0,94,0.7688,0.0,0.0,0.0
r0094_c0066,40.6758348,-73.8443988,Residential,65,488.89,0.0,2.1,1920.0,86310.0,114,0.4979,0.0,0.0,0.0
r0094_c0067,40.6758348,-73.8426159,Residential,51,266.67,0.0,2.4,1927.0,90628.0,87,1.088,0.0,0.0,0.0
r0094_c0068,40.6758348,-73.840833,Residential,65,311.11,0.0,2.2,1925.0,89281.0,108,0.1291,0.0,0.0,0.0
r0094_c0069,40.6758348,-73.8390501,Residential,52,400.0,0.0,2.5,1932.0,72069.0,88,0.2079,0.0,0.0,0.0
r0094_c0070,40.6758348,-73.8372672,Residential,52,355.56,0.0,2.1,1937.0,81802.0,59,1.4032,0.0,0.0,0.0
r0094_c0071,40.6758348,-73.8354842,Residential,28,400.0,0.0,1.9,1941.0,38521.0,29,-0.0,0.0,0.0,0.0
r0094_c0072,40.6758348,-73.8337013,Residential,21,133.33,0.0,1.6,1930.0,28719.0,39,-0.0,0.0,0.0,0.0
r0094_c0073,40.6758348,-73.8319184,Residential,11,266.67,0.0,1.2,1925.0,11626.0,21,-0.0,0.0,0.0,0.0
r0094_c0077,40.6758348,-73.8247868,Residential,61,133.33,0.0,2.4,1925.0,82700.0,105,0.1698,0.0,0.0,0.0
r0094_c0078,40.6758348,-73.8230039,Residential,70,44.44,1.0,2.3,1931.0,119772.0,117,0.7415,0.0,0.0,0.0
r0094_c0079,40.6758348,-73.8212209,Residential,56,133.33,0.0,2.2,1936.0,102877.0,86,1.5712,0.0,0.0,0.0
r0094_c0080,40.6758348,-73.819438,Residential,44,444.44,0.1,2.0,1934.0,96366.0,69,1.7314,0.0,88.89,1.0
r0094_c0081,40.6758348,-73.8176551,Residential,36,266.67,0.1667,2.0,1938.0,74883.0,49,1.8278,0.0,0.0,0.0
r0094_c0082,40.6758348,-73.8158722,Residential,29,133.33,0.3333,1.8,1942.0,73421.0,44,2.5173,0.0,0.0,0.0
r0094_c0083,40.6758348,-73.8140893,Residential,37,222.22,0.2,2.1,1943.0,111080.0,54,2.1638,0.0,177.78,0.5
r0094_c0084,40.6758348,-73.8123064,Residential,50,177.78,0.25,1.9,1930.0,74891.0,76,1.5283,0.0,88.89,0.0
r0094_c0085,40.6758348,-73.8105235,Residential,38,311.11,0.0,1.8,1931.0,59699.0,48,1.6088,0.0,44.44,0.0
r0094_c0086,40.6758348,-73.8087406,Residential,31,133.33,0.0,2.4,1929.0,68204.0,54,1.8245,44.44,0.0,0.0
r0094_c0087,40.6758348,-73.8069576,Residential,49,44.44,0.0,1.8,1935.0,64110.0,70,0.5226,0.0,0.0,0.0
r0094_c0088,40.6758348,-73.8051747,Residential,58,222.22,0.0,2.0,1939.0,94619.0,87,1.0996,0.0,0.0,0.0
r0094_c0089,40.6758348,-73.8033918,Residential,44,88.89,0.0,2.1,1937.0,63991.0,63,0.3592,0.0,0.0,0.0
r0094_c0090,40.6758348,-73.8016089,Residential,18,44.44,0.0,2.3,1936.0,26068.0,23,1.3209,0.0,0.0,0.0
r0094_c0091,40.6758348,-73.799826,Residential,48,0.0,0.0,2.2,1928.0,96066.0,65,0.9758,0.0,0.0,0.0
r0094_c0092,40.6758348,-73.7980431,Residential,53,133.33,0.0,2.2,1930.0,69837.0,77,0.8897,0.0,0.0,0.0
r0094_c0093,40.6758348,-73.7962602,Residential,64,0.0,0.0,2.0,1954.0,102863.0,71,-0.0,0.0,0.0,0.0
r0094_c0094,40.6758348,-73.7944773,Residential,68,88.89,0.0,1.8,1946.0,75433.0,86,0.1516,0.0,0.0,0.0
r0094_c0095,40.6758348,-73.7926944,Residential,63,177.78,0.0,2.0,1943.0,74640.0,84,0.1578,0.0,0.0,0.0
r0094_c0096,40.6758348,-73.7909114,Residential,36,133.33,0.0,2.1,1935.0,64629.0,55,1.5881,0.0,0.0,0.0
r0094_c0097,40.6758348,-73.7891285,Residential,47,355.56,0.0,1.9,1946.0,79762.0,72,0.0642,44.44,0.0,0.0
r0094_c0098,40.6758348,-73.7873456,Residential,31,177.78,0.0,1.7,1940.0,53267.0,52,-0.0,44.44,0.0,0.0
r0094_c0101,40.6758348,-73.7819969,Residential,37,533.33,0.0,1.9,1958.0,61353.0,52,0.1768,444.44,0.0,0.0
r0094_c0102,40.6758348,-73.780214,Residential,41,133.33,0.0,1.9,1948.0,65428.0,54,0.2554,0.0,0.0,0.0
r0094_c0103,40.6758348,-73.7784311,Residential,25,44.44,0.0,2.7,1940.0,283443.0,29,1.1851,0.0,0.0,0.0
r0094_c0110,40.6758348,-73.7659507,Residential,10,133.33,0.0,2.0,1984.0,20112.0,9,1.0,0.0,0.0,0.0
r0094_c0111,40.6758348,-73.7641678,Residential,33,44.44,0.0,1.8,1957.0,62757.0,42,0.4213,0.0,0.0,0.0
r0094_c0112,40.6758348,-73.7623848,Residential,50,44.44,0.0,2.0,1933.0,63637.0,72,0.5018,0.0,0.0,0.0
r0094_c0113,40.6758348,-73.7606019,Residential,40,133.33,0.0,2.2,1935.0,67166.0,62,0.3497,0.0,0.0,0.0
r0094_c0114,40.6758348,-73.758819,Residential,20,88.89,0.0,2.3,1932.0,127320.0,28,1.0808,0.0,0.0,0.0
r0094_c0115,40.6758348,-73.7570361,Residential,24,88.89,0.0,1.9,1967.0,45532.0,28,0.6943,0.0,0.0,0.0
r0094_c0116,40.6758348,-73.7552532,Residential,14,44.44,0.0,1.7,1945.0,38374.0,18,0.9882,0.0,0.0,0.0
r0094_c0117,40.6758348,-73.7534703,Residential,43,177.78,0.0,2.1,1946.0,117696.0,57,1.1722,0.0,0.0,0.0
r0094_c0118,40.6758348,-73.7516874,Residential,43,44.44,0.0,2.0,1959.0,75188.0,53,0.6179,0.0,0.0,0.0
r0094_c0119,40.6758348,-73.7499045,Residential,43,133.33,0.0,1.8,1942.0,57469.0,61,0.3728,0.0,0.0,0.0
r0094_c0120,40.6758348,-73.7481216,Residential,69,88.89,0.0,1.9,1954.0,115469.0,72,0.5982,0.0,0.0,0.0
r0094_c0121,40.6758348,-73.7463386,Residential,69,44.44,0.0,2.0,1947.0,83841.0,77,0.1257,0.0,0.0,0.0
r0094_c0122,40.6758348,-73.7445557,Residential,48,0.0,0.0,1.8,1934.0,64580.0,83,0.073,0.0,0.0,0.0
r0094_c0123,40.6758348,-73.7427728,Residential,43,177.78,0.0,2.0,1938.0,91695.0,74,1.0743,0.0,0.0,0.0
r0094_c0124,40.6758348,-73.7409899,Residential,44,755.56,0.2353,1.8,1933.0,87180.0,78,1.3176,0.0,533.33,0.0833
r0094_c0125,40.6758348,-73.739207,Commercial,29,800.0,0.1111,2.2,1939.0,86193.0,39,1.5287,0.0,355.56,0.25
r0094_c0126,40.6758348,-73.7374241,Residential,28,488.89,0.0,1.6,1937.0,94202.0,47,1.7923,0.0,177.78,0.0
r0094_c0127,40.6758348,-73.7356412,Residential,25,44.44,0.0,1.5,1951.0,66375.0,63,1.1266,0.0,0.0,0.0
r0094_c0129,40.6758348,-73.7320753,Residential,10,0.0,0.0,1.9,1952.0,11967.0,11,0.5284,0.0,0.0,0.0
r0094_c0130,40.6758348,-73.7302924,Residential,40,133.33,0.0,1.5,1951.0,42849.0,56,0.1333,0.0,0.0,0.0
r0094_c0131,40.6758348,-73.7285095,Residential,37,88.89,0.0,1.6,1958.0,56064.0,52,0.1489,0.0,0.0,0.0
r0094_c0132,40.6758348,-73.7267266,Residential,11,133.33,0.0,1.8,1941.0,25254.0,17,0.946,0.0,0.0,0.0
r0095_c0056,40.6771861,-73.8622279,Residential,10,1022.22,0.1304,2.0,1960.0,24725.0,17,0.4516,0.0,88.89,0.0
r0095_c0057,40.6771861,-73.860445,Residential,43,0.0,0.0,1.9,1954.0,86992.0,55,1.1111,0.0,0.0,0.0
r0095_c0058,40.6771861,-73.8586621,Residential,45,88.89,0.0,1.8,1939.0,86886.0,61,0.3162,0.0,0.0,0.0
r0095_c0059,40.6771861,-73.8568792,Open Space,29,44.44,0.0,1.9,1939.0,38025.0,30,0.4965,0.0,0.0,0.0
r0095_c0061,40.6771861,-73.8533134,Open Space,15,44.44,0.0,2.2,1926.0,19514.0,28,0.294,0.0,0.0,0.0
r0095_c0062,40.6771861,-73.8515304,Residential,83,311.11,0.0,2.1,1928.0,101612.0,145,0.1859,0.0,0.0,0.0
r0095_c0063,40.6771861,-73.8497475,Residential,80,311.11,0.0,2.1,1925.0,100387.0,138,0.0856,0.0,0.0,0.0
r0095_c0064,40.6771861,-73.8479646,Residential,77,311.11,0.0,2.1,1928.0,102005.0,124,0.2611,0.0,0.0,0.0
r0095_c0065,40.6771861,-73.8461817,Residential,51,311.11,0.0,2.2,1929.0,175081.0,89,1.0814,0.0,0.0,0.0
r0095_c0066,40.6771861,-73.8443988,Residential,41,355.56,0.25,2.2,1927.0,71172.0,59,1.2967,0.0,44.44,1.0
r0095_c0067,40.6771861,-73.8426159,Residential,58,222.22,0.0,2.5,1929.0,93325.0,111,0.1773,0.0,0.0,0.0
r0095_c0068,40.6771861,-73.840833,Residential,51,222.22,0.0,2.3,1927.0,101227.0,81,0.8047,0.0,0.0,0.0
r0095_c0069,40.6771861,-73.8390501,Residential,23,222.22,0.0,2.2,1956.0,67796.0,30,1.8782,0.0,0.0,0.0
r0095_c0070,40.6771861,-73.8372672,Residential,41,222.22,0.0,2.0,1950.0,72570.0,47,0.5142,0.0,0.0,0.0
r0095_c0071,40.6771861,-73.8354842,Residential,36,266.67,0.0,1.9,1939.0,56876.0,48,0.8111,0.0,0.0,0.0
r0095_c0072,40.6771861,-73.8337013,Residential,65,88.89,0.0,2.0,1926.0,124822.0,110,-0.0,0.0,0.0,0.0
r0095_c0073,40.6771861,-73.8319184,Residential,55,133.33,0.0,2.0,1926.0,92980.0,86,0.4263,0.0,0.0,0.0
r0095_c0075,40.6771861,-73.8283526,Residential,6,177.78,0.25,2.8,1959.0,17426.0,6,1.464,0.0,44.44,0.0
r0095_c0076,40.6771861,-73.8265697,Mixed-Use,28,577.78,0.3846,2.2,1925.0,67122.0,38,1.2019,0.0,311.11,0.1429
r0095_c0077,40.6771861,-73.8247868,Residential,33,311.11,0.0,2.0,1942.0,88327.0,42,2.2777,44.44,0.0,0.0
r0095_c0078,40.6771861,-73.8230039,Residential,45,44.44,0.0,2.1,1946.0,83317.0,73,1.0438,0.0,0.0,0.0
r0095_c0079,40.6771861,-73.8212209,Residential,62,44.44,0.0,2.4,1939.0,112207.0,98,0.6467,0.0,0.0,0.0
r0095_c0080,40.6771861,-73.819438,Residential,45,311.11,0.1429,2.2,1932.0,84567.0,72,2.2294,0.0,177.78,0.0
r0095_c0081,40.6771861,-73.8176551,Residential,63,44.44,0.0,2.2,1930.0,83452.0,104,-0.0,0.0,0.0,0.0
r0095_c0082,40.6771861,-73.8158722,Residential,84,133.33,0.0,2.1,1929.0,104323.0,132,0.1058,0.0,0.0,0.0
r0095_c0083,40.6771861,-73.8140893,Residential,58,0.0,0.0,2.0,1931.0,79045.0,101,0.2434,0.0,0.0,0.0
r0095_c0084,40.6771861,-73.8123064,Residential,60,44.44,0.0,1.9,1937.0,69852.0,92,0.3192,0.0,0.0,0.0
r0095_c0085,40.6771861,-73.8105235,Residential,59,44.44,0.0,2.1,1931.0,81181.0,82,0.0232,0.0,0.0,0.0
r0095_c0086,40.6771861,-73.8087406,Residential,69,44.44,0.0,2.2,1935.0,90685.0,108,0.1829,0.0,0.0,0.0
r0095_c0087,40.6771861,-73.8069576,Residential,50,88.89,0.0,1.9,1939.0,66430.0,79,0.1,0.0,0.0,0.0
r0095_c0088,40.6771861,-73.8051747,Residential,48,88.89,0.0,2.0,1926.0,62026.0,74,0.3886,0.0,0.0,0.0
r0095_c0089,40.6771861,-73.8033918,Residential,24,88.89,0.0,1.9,1947.0,41276.0,31,0.1796,0.0,0.0,0.0
r0095_c0090,40.6771861,-73.8016089,Residential,58,177.78,0.0,2.4,1935.0,67057.0,84,0.4282,0.0,0.0,0.0
r0095_c0091,40.6771861,-73.799826,Residential,72,0.0,0.0,2.1,1936.0,89090.0,104,0.4101,0.0,0.0,0.0
r0095_c0092,40.6771861,-73.7980431,Residential,80,88.89,0.0,2.0,1935.0,87342.0,121,0.0575,0.0,0.0,0.0
r0095_c0093,40.6771861,-73.7962602,Residential,58,177.78,0.0,2.1,1937.0,81945.0,87,-0.0,0.0,0.0,0.0
r0095_c0094,40.6771861,-73.7944773,Residential,66,88.89,0.0,2.2,1933.0,74965.0,101,0.0343,0.0,0.0,0.0
r0095_c0095,40.6771861,-73.7926944,Residential,44,0.0,0.0,1.8,1947.0,66587.0,66,-0.0,0.0,0.0,0.0
r0095_c0096,40.6771861,-73.7909114,Residential,26,222.22,0.0,1.9,1928.0,136063.0,38,1.8754,0.0,44.44,0.0
r0095_c0097,40.6771861,-73.7891285,Residential,47,44.44,0.0,1.8,1933.0,71993.0,65,0.2006,0.0,0.0,0.0
r0095_c0098,40.6771861,-73.7873456,Residential,34,133.33,0.0,1.8,1946.0,46319.0,56,0.0159,0.0,0.0,0.0
r0095_c0101,40.6771861,-73.7819969,Residential,23,400.0,0.0,1.8,1942.0,31332.0,26,0.982,222.22,0.0,0.0
r0095_c0102,40.6771861,-73.780214,Residential,47,88.89,0.0,1.7,1961.0,80259.0,76,0.4933,0.0,0.0,0.0
r0095_c0103,40.6771861,-73.7784311,Residential,16,266.67,0.0,1.6,1941.0,23776.0,27,0.2908,0.0,88.89,0.0
r0095_c0110,40.6771861,-73.7659507,Residential,30,0.0,0.0,1.9,1985.0,58456.0,38,-0.0,0.0,0.0,0.0
r0095_c0111,40.6771861,-73.7641678,Residential,45,44.44,0.0,1.8,1949.0,70441.0,68,0.0755,0.0,0.0,0.0
r0095_c0112,40.6771861,-73.7623848,Residential,42,133.33,0.0,1.9,1956.0,78286.0,55,0.792,0.0,0.0,0.0
r0095_c0113,40.6771861,-73.7606019,Residential,53,44.44,0.0,2.0,1935.0,65924.0,77,0.2937,0.0,0.0,0.0
r0095_c0114,40.6771861,-73.758819,Commercial,34,0.0,0.0,1.6,1948.0,190626.0,47,0.7303,0.0,0.0,0.0
r0095_c0115,40.6771861,-73.7570361,Mixed-Use,4,88.89,0.0,1.0,1953.0,6960.0,1,0.5403,0.0,88.89,0.5
r0095_c0116,40.6771861,-73.7552532,Residential,20,133.33,0.0,1.9,1950.0,38586.0,27,0.9923,0.0,88.89,0.0
r0095_c0117,40.6771861,-73.7534703,Residential,42,88.89,0.0,2.1,1942.0,84664.0,66,0.8186,0.0,0.0,0.0
r0095_c0118,40.6771861,-73.7516874,Residential,36,44.44,0.0,2.0,1957.0,81712.0,54,1.0985,0.0,0.0,0.0
r0095_c0119,40.6771861,-73.7499045,Residential,47,44.44,0.0,2.0,1946.0,74538.0,73,0.2862,0.0,0.0,0.0
r0095_c0120,40.6771861,-73.7481216,Residential,46,88.89,0.0,1.9,1944.0,73547.0,60,0.5064,0.0,0.0,0.0
r0095_c0121,40.6771861,-73.7463386,Residential,36,88.89,0.0,1.7,1947.0,63208.0,43,1.8323,0.0,0.0,0.0
r0095_c0122,40.6771861,-73.7445557,Residential,31,444.44,0.2,1.6,1937.0,84326.0,46,1.542,0.0,311.11,0.1429
r0095_c0123,40.6771861,-73.7427728,Residential,35,977.78,0.1818,2.1,1937.0,123939.0,57,1.6622,0.0,444.44,0.0
r0095_c0124,40.6771861,-73.7409899,Residential,47,488.89,0.0909,2.4,1937.0,91164.0,91,0.7673,0.0,177.78,0.0
r0095_c0125,40.6771861,-73.739207,Residential,51,0.0,0.0,2.5,1938.0,93624.0,81,-0.0,0.0,0.0,0.0
r0095_c0126,40.6771861,-73.7374241,Residential,41,0.0,0.0,1.7,1942.0,58814.0,74,-0.0,0.0,0.0,0.0
r0095_c0127,40.6771861,-73.7356412,Residential,33,0.0,0.0,1.6,1950.0,93163.0,98,1.0,0.0,0.0,0.0
r0095_c0130,40.6771861,-73.7302924,Residential,22,0.0,0.0,1.5,1954.0,27101.0,36,0.1284,0.0,0.0,0.0
r0095_c0131,40.6771861,-73.7285095,Residential,44,44.44,0.0,1.6,1950.0,60397.0,84,0.0916,0.0,0.0,0.0
r0095_c0132,40.6771861,-73.7267266,Residential,23,0.0,0.0,1.7,1967.0,39324.0,33,0.0982,0.0,0.0,0.0
r0096_c0056,40.6785375,-73.8622279,Residential,20,177.78,0.0,1.9,1946.0,45409.0,21,1.7541,0.0,0.0,0.0
r0096_c0057,40.6785375,-73.860445,Residential,50,88.89,0.0,2.0,1955.0,105378.0,66,1.2317,0.0,0.0,0.0
r0096_c0058,40.6785375,-73.8586621,Residential,36,0.0,0.0,1.9,1943.0,143838.0,47,1.1826,0.0,0.0,0.0
r0096_c0059,40.6785375,-73.8568792,Residential,11,0.0,0.0,1.9,1957.0,31708.0,11,0.9634,0.0,0.0,0.0
r0096_c0061,40.6785375,-73.8533134,Residential,24,177.78,0.0,2.1,1926.0,31526.0,43,-0.0,0.0,0.0,0.0
r0096_c0062,40.6785375,-73.8515304,Residential,76,222.22,0.0,2.1,1924.0,95708.0,119,0.4876,0.0,0.0,0.0
r0096_c0063,40.6785375,-73.8497475,Residential,66,44.44,0.0,2.2,1926.0,99993.0,108,0.1991,0.0,0.0,0.0
r0096_c0064,40.6785375,-73.8479646,Residential,74,88.89,0.0,2.1,1925.0,112857.0,123,0.1038,0.0,0.0,0.0
r0096_c0065,40.6785375,-73.8461817,Residential,59,222.22,0.0,2.2,1932.0,95565.0,100,0.6521,0.0,0.0,0.0
r0096_c0066,40.6785375,-73.8443988,Residential,41,177.78,0.25,2.1,1923.0,93955.0,62,1.7456,0.0,0.0,0.0
r0096_c0067,40.6785375,-73.8426159,Residential,50,88.89,0.0,2.2,1930.0,91831.0,88,0.4912,0.0,0.0,0.0
r0096_c0068,40.6785375,-73.840833,Residential,43,44.44,0.0,2.2,1936.0,94194.0,70,1.2711,0.0,0.0,0.0
r0096_c0069,40.6785375,-73.8390501,Institutional,34,222.22,0.0,2.1,1952.0,250194.0,44,1.6694,0.0,0.0,0.0
r0096_c0070,40.6785375,-73.8372672,Institutional,12,44.44,0.0,2.2,1930.0,566506.0,20,0.3378,0.0,0.0,0.0
r0096_c0071,40.6785375,-73.8354842,Residential,44,222.22,0.0,2.3,1927.0,67883.0,63,1.1706,0.0,0.0,0.0
r0096_c0072,40.6785375,-73.8337013,Residential,55,444.44,0.3,2.0,1934.0,113110.0,73,1.7495,0.0,88.89,1.0
r0096_c0073,40.6785375,-73.8319184,Residential,48,488.89,0.0,2.0,1926.0,108889.0,67,2.175,0.0,44.44,0.0
r0096_c0074,40.6785375,-73.8301355,Residential,43,133.33,0.0,2.3,1927.0,171768.0,75,1.3899,0.0,0.0,0.0
r0096_c0075,40.6785375,-73.8283526,Residential,52,133.33,0.0,2.4,1932.0,86689.0,97,0.6087,0.0,0.0,0.0
r0096_c0076,40.6785375,-73.8265697,Residential,64,44.44,0.0,2.0,1922.0,122573.0,118,0.3481,0.0,44.44,0.0
r0096_c0077,40.6785375,-73.8247868,Residential,52,88.89,0.0,2.1,1925.0,123989.0,86,0.9985,0.0,0.0,0.0
r0096_c0078,40.6785375,-73.8230039,Residential,60,0.0,0.0,2.2,1952.0,109458.0,100,0.3583,0.0,0.0,0.0
r0096_c0079,40.6785375,-73.8212209,Residential,56,177.78,0.0,2.3,1937.0,103514.0,91,1.0517,0.0,0.0,0.0
r0096_c0080,40.6785375,-73.819438,Residential,60,222.22,0.0,2.2,1927.0,88255.0,104,1.233,0.0,44.44,1.0
r0096_c0081,40.6785375,-73.8176551,Residential,72,88.89,0.0,2.0,1929.0,84213.0,133,0.097,0.0,0.0,0.0
r0096_c0082,40.6785375,-73.8158722,Residential,56,88.89,0.0,2.1,1929.0,70924.0,82,0.188,0.0,0.0,0.0
r0096_c0083,40.6785375,-73.8140893,Residential,57,88.89,0.0,2.1,1932.0,78366.0,94,0.1159,0.0,0.0,0.0
r0096_c0084,40.6785375,-73.8123064,Residential,56,44.44,0.0,2.0,1941.0,79134.0,94,0.3357,0.0,0.0,0.0
r0096_c0085,40.6785375,-73.8105235,Residential,43,133.33,0.0,2.2,1937.0,195209.0,77,0.9838,0.0,0.0,0.0
r0096_c0086,40.6785375,-73.8087406,Residential,57,88.89,0.0,2.4,1931.0,91024.0,93,0.1173,0.0,0.0,0.0
r0096_c0087,40.6785375,-73.8069576,Residential,44,44.44,0.0,2.0,1942.0,67465.0,62,0.3614,0.0,0.0,0.0
r0096_c0088,40.6785375,-73.8051747,Residential,53,0.0,0.0,1.9,1933.0,67204.0,75,0.7637,0.0,0.0,0.0
r0096_c0089,40.6785375,-73.8033918,Residential,19,0.0,0.0,2.1,1938.0,26019.0,23,-0.0,0.0,0.0,0.0
r0096_c0090,40.6785375,-73.8016089,Residential,56,88.89,0.5,2.2,1931.0,71817.0,93,0.201,0.0,44.44,0.0
r0096_c0091,40.6785375,-73.799826,Residential,61,0.0,0.0,1.9,1935.0,70639.0,84,-0.0,0.0,0.0,0.0
r0096_c0092,40.6785375,-73.7980431,Residential,61,133.33,0.0,2.1,1933.0,76740.0,88,0.574,0.0,44.44,1.0
r0096_c0093,40.6785375,-73.7962602,Residential,37,133.33,0.0,2.2,1935.0,131516.0,66,0.9591,0.0,0.0,0.0
r0096_c0094,40.6785375,-73.7944773,Residential,65,0.0,0.0,2.2,1929.0,81236.0,103,0.1029,0.0,0.0,0.0
r0096_c0095,40.6785375,-73.7926944,Residential,58,44.44,0.0,2.1,1927.0,98824.0,85,1.121,0.0,0.0,0.0
r0096_c0096,40.6785375,-73.7909114,Residential,37,88.89,0.0,1.8,1940.0,72900.0,60,1.1386,0.0,44.44,0.0
r0096_c0097,40.6785375,-73.7891285,Residential,39,0.0,0.0,1.8,1948.0,73494.0,68,-0.0,0.0,0.0,0.0
r0096_c0098,40.6785375,-73.7873456,Residential,30,222.22,0.0,1.7,1929.0,39824.0,45,0.1088,0.0,0.0,0.0
r0096_c0100,40.6785375,-73.7837798,Residential,29,88.89,0.0,1.9,1946.0,47352.0,43,0.0026,0.0,0.0,0.0
r0096_c0101,40.6785375,-73.7819969,Residential,40,44.44,0.0,1.9,1955.0,59317.0,46,0.5119,0.0,0.0,0.0
r0096_c0102,40.6785375,-73.780214,Residential,32,488.89,0.2727,1.8,1964.0,76031.0,37,1.403,0.0,266.67,0.1667
r0096_c0103,40.6785375,-73.7784311,Mixed-Use,4,88.89,0.0,,1920.0,0.0,2,0.7159,0.0,0.0,0.0
r0096_c0110,40.6785375,-73.7659507,Residential,49,133.33,0.0,2.0,1964.0,91749.0,67,0.4525,0.0,0.0,0.0
r0096_c0111,40.6785375,-73.7641678,Residential,49,266.67,0.0,2.0,1946.0,76286.0,66,0.4028,0.0,0.0,0.0
r0096_c0112,40.6785375,-73.7623848,Residential,34,88.89,0.0,2.0,1944.0,63702.0,44,0.6249,0.0,44.44,0.0
r0096_c0113,40.6785375,-73.7606019,Residential,53,177.78,0.25,1.8,1935.0,80709.0,69,1.0841,0.0,44.44,0.0
r0096_c0114,40.6785375,-73.758819,Residential,4,44.44,0.0,1.0,1940.0,3520.0,4,-0.0,0.0,0.0,0.0
r0096_c0117,40.6785375,-73.7534703,Residential,41,311.11,0.4286,2.1,1948.0,96140.0,55,0.943,0.0,133.33,0.0
r0096_c0118,40.6785375,-73.7516874,Residential,39,0.0,0.0,2.1,1957.0,76123.0,54,0.4752,0.0,0.0,0.0
r0096_c0119,40.6785375,-73.7499045,Residential,30,133.33,0.0,1.9,1944.0,68149.0,46,1.0819,0.0,44.44,1.0
r0096_c0120,40.6785375,-73.7481216,Mixed-Use,31,444.44,0.0,2.0,1944.0,141002.0,39,2.3059,0.0,222.22,0.0
r0096_c0121,40.6785375,-73.7463386,Residential,29,444.44,0.2,1.6,1936.0,46537.0,43,1.9629,0.0,177.78,0.0
r0096_c0122,40.6785375,-73.7445557,Residential,43,133.33,0.6667,1.2,1937.0,64806.0,64,1.0292,0.0,0.0,0.0
r0096_c0123,40.6785375,-73.7427728,Residential,55,44.44,0.0,2.2,1936.0,80781.0,108,0.0668,0.0,0.0,0.0
r0096_c0124,40.6785375,-73.7409899,Residential,57,44.44,0.0,2.5,1938.0,94174.0,105,-0.0,0.0,0.0,0.0
r0096_c0125,40.6785375,-73.739207,Residential,51,88.89,0.0,2.0,1939.0,82479.0,94,-0.0,0.0,0.0,0.0
r0096_c0126,40.6785375,-73.7374241,Residential,40,44.44,0.0,1.7,1941.0,58243.0,73,0.1652,0.0,0.0,0.0
r0096_c0127,40.6785375,-73.7356412,Residential,32,0.0,0.0,1.6,1947.0,55579.0,64,0.8829,0.0,0.0,0.0
r0096_c0128,40.6785375,-73.7338583,Residential,33,0.0,0.0,1.5,1943.0,43960.0,59,-0.0,0.0,0.0,0.0
r0096_c0129,40.6785375,-73.7320753,Residential,42,0.0,0.0,1.6,1946.0,57968.0,72,0.1638,0.0,0.0,0.0
r0096_c0130,40.6785375,-73.7302924,Residential,5,0.0,0.0,2.3,1942.0,7390.0,6,0.0239,0.0,0.0,0.0
r0096_c0131,40.6785375,-73.7285095,Residential,35,88.89,0.0,1.7,1947.0,44579.0,56,0.1832,0.0,0.0,0.0
r0096_c0132,40.6785375,-73.7267266,Residential,30,44.44,0.0,1.7,1954.0,41966.0,39,1.0919,0.0,0.0,0.0
r0097_c0055,40.6798888,-73.8640108,Residential,17,933.33,0.0476,2.0,1939.0,36760.0,22,0.5624,0.0,0.0,0.0
r0097_c0056,40.6798888,-73.8622279,Mixed-Use,54,222.22,0.4,2.0,1928.0,161869.0,54,2.074,0.0,0.0,0.0
r0097_c0057,40.6798888,-73.860445,Mixed-Use,44,355.56,0.375,2.0,1937.0,126808.0,47,1.7783,0.0,133.33,0.0
r0097_c0058,40.6798888,-73.8586621,Residential,67,44.44,0.0,2.0,1922.0,144276.0,107,0.6667,0.0,0.0,0.0
r0097_c0059,40.6798888,-73.8568792,Residential,53,0.0,0.0,2.0,1935.0,87843.0,77,0.7252,0.0,0.0,0.0
r0097_c0060,40.6798888,-73.8550963,Residential,43,0.0,0.0,2.2,1950.0,93980.0,50,1.8542,0.0,0.0,0.0
r0097_c0061,40.6798888,-73.8533134,Residential,39,133.33,0.0,2.0,1937.0,92843.0,55,1.3094,0.0,0.0,0.0
r0097_c0062,40.6798888,-73.8515304,Residential,50,44.44,1.0,1.9,1935.0,109838.0,77,1.767,0.0,0.0,0.0
r0097_c0063,40.6798888,-73.8497475,Residential,51,400.0,0.3333,2.0,1929.0,129738.0,66,2.3701,0.0,222.22,0.2
r0097_c0064,40.6798888,-73.8479646,Residential,60,177.78,0.25,1.9,1933.0,130469.0,87,2.0863,0.0,88.89,0.0
r0097_c0065,40.6798888,-73.8461817,Residential,48,133.33,1.0,2.0,1927.0,120958.0,68,1.7966,0.0,0.0,0.0
r0097_c0066,40.6798888,-73.8443988,Residential,36,444.44,0.1,2.0,1929.0,83285.0,53,1.734,0.0,177.78,0.0
r0097_c0067,40.6798888,-73.8426159,Residential,43,222.22,0.0,2.1,1930.0,88884.0,71,1.4721,0.0,44.44,0.0
r0097_c0068,40.6798888,-73.840833,Mixed-Use,27,177.78,0.0,1.9,1945.0,126954.0,37,2.8753,0.0,0.0,0.0
r0097_c0069,40.6798888,-73.8390501,Mixed-Use,18,88.89,0.0,1.7,1925.0,82015.0,26,1.9899,0.0,0.0,0.0
r0097_c0070,40.6798888,-73.8372672,Residential,37,88.89,0.0,2.2,1923.0,145234.0,57,1.6756,0.0,0.0,0.0
r0097_c0071,40.6798888,-73.8354842,Residential,65,311.11,0.0,2.2,1922.0,119641.0,108,0.5998,44.44,88.89,0.0
r0097_c0072,40.6798888,-73.8337013,Residential,75,133.33,0.0,2.1,1920.0,103211.0,134,0.0822,0.0,0.0,0.0
r0097_c0073,40.6798888,-73.8319184,Residential,60,177.78,0.0,2.2,1931.0,80686.0,116,-0.0,0.0,0.0,0.0
r0097_c0074,40.6798888,-73.8301355,Residential,56,88.89,0.0,2.2,1929.0,80963.0,98,0.2584,0.0,0.0,0.0
r0097_c0075,40.6798888,-73.8283526,Residential,51,44.44,0.0,2.4,1930.0,94812.0,97,0.1551,0.0,0.0,0.0
r0097_c0076,40.6798888,-73.8265697,Residential,73,88.89,0.0,2.2,1930.0,127608.0,130,0.2548,0.0,0.0,0.0
r0097_c0077,40.6798888,-73.8247868,Residential,65,44.44,0.0,2.2,1921.0,86734.0,123,-0.0,0.0,0.0,0.0
r0097_c0078,40.6798888,-73.8230039,Residential,59,44.44,0.0,2.4,1928.0,99419.0,103,0.432,0.0,0.0,0.0
r0097_c0079,40.6798888,-73.8212209,Residential,48,266.67,0.1667,2.2,1932.0,164011.0,67,1.8911,0.0,177.78,0.0
r0097_c0080,40.6798888,-73.819438,Residential,63,0.0,0.0,2.3,1922.0,83651.0,122,0.093,0.0,0.0,0.0
r0097_c0081,40.6798888,-73.8176551,Residential,60,88.89,0.0,2.1,1934.0,78458.0,102,0.0424,0.0,0.0,0.0
r0097_c0082,40.6798888,-73.8158722,Residential,54,44.44,0.0,2.2,1932.0,69324.0,95,0.1473,0.0,0.0,0.0
r0097_c0083,40.6798888,-73.8140893,Residential,63,0.0,0.0,2.2,1926.0,81240.0,115,0.1373,0.0,0.0,0.0
r0097_c0084,40.6798888,-73.8123064,Residential,76,177.78,0.0,2.1,1927.0,98167.0,137,0.1068,0.0,0.0,0.0
r0097_c0085,40.6798888,-73.8105235,Residential,46,44.44,0.0,2.4,1928.0,68604.0,74,0.3003,0.0,0.0,0.0
r0097_c0086,40.6798888,-73.8087406,Residential,65,44.44,0.0,2.2,1936.0,102156.0,97,0.2235,0.0,0.0,0.0
r0097_c0087,40.6798888,-73.8069576,Residential,64,44.44,0.0,2.1,1939.0,82406.0,98,0.0382,0.0,0.0,0.0
r0097_c0088,40.6798888,-73.8051747,Residential,43,44.44,0.0,2.1,1935.0,63592.0,67,-0.0,0.0,0.0,0.0
r0097_c0089,40.6798888,-73.8033918,Residential,9,222.22,0.0,2.6,1920.0,11528.0,13,-0.0,0.0,0.0,0.0
r0097_c0090,40.6798888,-73.8016089,Residential,45,222.22,0.0,2.1,1933.0,62330.0,66,-0.0,0.0,0.0,0.0
r0097_c0091,40.6798888,-73.799826,Residential,66,177.78,0.0,1.9,1933.0,78702.0,97,-0.0,0.0,0.0,0.0
r0097_c0092,40.6798888,-73.7980431,Residential,36,222.22,0.0,1.7,1940.0,44846.0,47,0.3722,0.0,0.0,0.0
r0097_c0093,40.6798888,-73.7962602,Residential,33,88.89,0.0,1.9,1952.0,54304.0,42,1.009,0.0,0.0,0.0
r0097_c0094,40.6798888,-73.7944773,Residential,55,88.89,0.0,2.1,1939.0,83371.0,80,-0.0,0.0,0.0,0.0
r0097_c0095,40.6798888,-73.7926944,Residential,43,311.11,0.2857,2.1,1931.0,77799.0,57,1.7889,0.0,44.44,0.0
r0097_c0096,40.6798888,-73.7909114,Residential,60,133.33,0.0,2.4,1933.0,121323.0,88,1.3277,0.0,0.0,0.0
r0097_c0097,40.6798888,-73.7891285,Residential,105,88.89,0.0,2.0,1932.0,97160.0,122,0.1179,0.0,0.0,0.0
r0097_c0098,40.6798888,-73.7873456,Residential,45,266.67,0.0,2.0,1930.0,41307.0,53,0.1121,0.0,0.0,0.0
r0097_c0100,40.6798888,-73.7837798,Residential,43,0.0,0.0,1.9,1938.0,56279.0,60,0.1384,0.0,0.0,0.0
r0097_c0101,40.6798888,-73.7819969,Residential,49,88.89,0.0,1.9,1941.0,71468.0,63,0.1574,0.0,0.0,0.0
r0097_c0102,40.6798888,-73.780214,Residential,39,44.44,0.0,2.0,1977.0,78424.0,47,0.3639,0.0,0.0,0.0
r0097_c0103,40.6798888,-73.7784311,Residential,29,44.44,0.0,2.1,1955.0,94596.0,36,0.9984,0.0,0.0,0.0
r0097_c0104,40.6798888,-73.7766481,Mixed-Use,17,177.78,0.25,1.8,1992.0,54590.0,16,2.0462,0.0,0.0,0.0
r0097_c0106,40.6798888,-73.7730823,Residential,3,222.22,0.0,11.0,2017.0,142000.0,2,0.9394,0.0,0.0,0.0
r0097_c0107,40.6798888,-73.7712994,Residential,42,88.89,0.0,2.5,1969.0,152005.0,43,1.6061,0.0,0.0,0.0
r0097_c0108,40.6798888,-73.7695165,Residential,43,222.22,0.0,1.8,1957.0,52826.0,48,0.3557,0.0,0.0,0.0
r0097_c0109,40.6798888,-73.7677336,Residential,24,133.33,0.0,2.0,1972.0,36913.0,26,0.3741,44.44,0.0,0.0
r0097_c0110,40.6798888,-73.7659507,Residential,50,222.22,0.0,2.1,1937.0,81357.0,62,0.7752,0.0,0.0,0.0
r0097_c0111,40.6798888,-73.7641678,Residential,53,44.44,1.0,2.0,1955.0,114162.0,68,0.6907,0.0,0.0,0.0
r0097_c0112,40.6798888,-73.7623848,Commercial,20,622.22,0.0714,1.8,1972.0,60265.0,28,1.6603,0.0,222.22,0.0
r0097_c0113,40.6798888,-73.7606019,Industrial,7,311.11,0.5714,1.0,1949.0,94336.0,19,1.4349,0.0,88.89,0.0
r0097_c0114,40.6798888,-73.758819,Industrial,10,44.44,0.0,1.6,1958.0,140483.0,10,0.6705,0.0,44.44,1.0
r0097_c0115,40.6798888,-73.7570361,Mixed-Use,17,0.0,0.0,1.5,1941.0,18204.0,19,2.5339,0.0,0.0,0.0
r0097_c0116,40.6798888,-73.7552532,Commercial,7,266.67,0.1667,1.4,1956.0,103047.0,6,0.6646,0.0,88.89,1.0
r0097_c0117,40.6798888,-73.7534703,Commercial,7,355.56,0.375,1.7,1952.0,20566.0,5,1.9356,0.0,88.89,0.5
r0097_c0118,40.6798888,-73.7516874,Mixed-Use,31,622.22,0.1429,1.8,1956.0,88257.0,32,2.2293,0.0,177.78,0.25
r0097_c0119,40.6798888,-73.7499045,Residential,31,311.11,0.2857,2.3,1942.0,94868.0,45,2.1365,0.0,177.78,0.0
r0097_c0120,40.6798888,-73.7481216,Residential,35,88.89,0.0,2.1,1930.0,51236.0,61,0.2343,0.0,0.0,0.0
r0097_c0121,40.6798888,-73.7463386,Residential,44,133.33,0.0,2.1,1924.0,65091.0,73,0.2853,0.0,0.0,0.0
r0097_c0122,40.6798888,-73.7445557,Residential,67,44.44,0.0,2.0,1934.0,87800.0,120,0.019,0.0,0.0,0.0
r0097_c0123,40.6798888,-73.7427728,Residential,86,0.0,0.0,2.0,1935.0,121529.0,173,-0.0,0.0,0.0,0.0
r0097_c0124,40.6798888,-73.7409899,Residential,49,88.89,0.0,2.5,1936.0,76685.0,92,-0.0,0.0,0.0,0.0
r0097_c0125,40.6798888,-73.739207,Residential,54,0.0,0.0,2.0,1935.0,87625.0,106,-0.0,0.0,0.0,0.0
r0097_c0126,40.6798888,-73.7374241,Residential,40,88.89,0.0,1.7,1946.0,52960.0,76,-0.0,0.0,0.0,0.0
r0097_c0127,40.6798888,-73.7356412,Residential,43,0.0,0.0,1.5,1946.0,55865.0,62,0.1894,0.0,0.0,0.0
r0097_c0128,40.6798888,-73.7338583,Residential,42,44.44,0.0,1.4,1949.0,55269.0,65,0.345,0.0,0.0,0.0
r0097_c0129,40.6798888,-73.7320753,Residential,41,0.0,0.0,1.2,1950.0,51676.0,60,0.2326,0.0,0.0,0.0
r0097_c0130,40.6798888,-73.7302924,Residential,24,44.44,0.0,1.2,1949.0,28388.0,30,1.0614,0.0,0.0,0.0
r0097_c0131,40.6798888,-73.7285095,Residential,9,0.0,0.0,1.7,1959.0,13596.0,10,0.1747,0.0,0.0,0.0
r0097_c0132,40.6798888,-73.7267266,Residential,29,0.0,0.0,1.6,1967.0,33299.0,25,0.8893,0.0,0.0,0.0
r0098_c0055,40.6812402,-73.8640108,Residential,29,88.89,0.0,2.0,1929.0,42138.0,44,0.6749,0.0,0.0,0.0
r0098_c0056,40.6812402,-73.8622279,Residential,88,133.33,0.0,2.0,1921.0,167402.0,105,0.6052,0.0,0.0,0.0
r0098_c0057,40.6812402,-73.860445,Residential,82,133.33,0.0,2.0,1921.0,171548.0,105,0.7296,0.0,0.0,0.0
r0098_c0058,40.6812402,-73.8586621,Residential,80,133.33,0.0,2.0,1921.0,145720.0,103,0.6869,0.0,44.44,0.0
r0098_c0059,40.6812402,-73.8568792,Residential,56,1111.11,0.0,2.2,1935.0,177491.0,72,1.9671,0.0,44.44,0.0
r0098_c0060,40.6812402,-73.8550963,Residential,62,177.78,0.5,2.3,1951.0,142063.0,80,1.9804,0.0,88.89,0.0
r0098_c0061,40.6812402,-73.8533134,Residential,66,355.56,0.0,2.1,1945.0,122257.0,80,1.3805,0.0,0.0,0.0
r0098_c0062,40.6812402,-73.8515304,Residential,63,133.33,0.0,2.2,1942.0,116953.0,88,0.9587,0.0,0.0,0.0
r0098_c0063,40.6812402,-73.8497475,Residential,52,177.78,0.0,2.2,1947.0,103257.0,66,1.0811,0.0,0.0,0.0
r0098_c0064,40.6812402,-73.8479646,Residential,39,44.44,0.0,2.1,1945.0,81722.0,52,1.7053,0.0,0.0,0.0
r0098_c0065,40.6812402,-73.8461817,Commercial,33,88.89,0.0,2.1,1939.0,112509.0,44,1.8188,0.0,0.0,0.0
r0098_c0066,40.6812402,-73.8443988,Residential,39,266.67,0.3333,2.1,1939.0,80207.0,52,0.8691,0.0,44.44,1.0
r0098_c0067,40.6812402,-73.8426159,Residential,45,177.78,0.0,2.3,1939.0,187896.0,66,2.0269,0.0,44.44,1.0
r0098_c0068,40.6812402,-73.840833,Industrial,18,222.22,0.4,2.0,1938.0,127048.0,22,1.8911,0.0,133.33,0.0
r0098_c0069,40.6812402,-73.8390501,Mixed-Use,31,222.22,0.0,2.2,1947.0,99042.0,34,2.7116,0.0,0.0,0.0
r0098_c0070,40.6812402,-73.8372672,Residential,64,311.11,0.2857,2.2,1924.0,163158.0,89,1.4103,0.0,44.44,0.0
r0098_c0071,40.6812402,-73.8354842,Residential,57,0.0,0.0,2.1,1925.0,103944.0,97,0.7819,0.0,0.0,0.0
r0098_c0072,40.6812402,-73.8337013,Residential,71,88.89,0.0,2.2,1925.0,110119.0,119,0.2188,0.0,0.0,0.0
r0098_c0073,40.6812402,-73.8319184,Residential,80,44.44,0.0,2.2,1927.0,107324.0,135,-0.0,0.0,0.0,0.0
r0098_c0074,40.6812402,-73.8301355,Residential,81,44.44,0.0,2.0,1931.0,106638.0,136,-0.0,0.0,0.0,0.0
r0098_c0075,40.6812402,-73.8283526,Residential,69,44.44,0.0,2.2,1933.0,120100.0,120,0.2313,0.0,0.0,0.0
r0098_c0076,40.6812402,-73.8265697,Residential,61,88.89,0.0,2.4,1930.0,91729.0,117,0.0096,0.0,0.0,0.0
r0098_c0077,40.6812402,-73.8247868,Residential,63,0.0,0.0,2.3,1925.0,99413.0,113,0.1292,0.0,0.0,0.0
r0098_c0078,40.6812402,-73.8230039,Residential,61,44.44,0.0,2.4,1923.0,119887.0,103,0.7155,0.0,0.0,0.0
r0098_c0079,40.6812402,-73.8212209,Residential,54,44.44,0.0,2.2,1930.0,156657.0,87,1.4571,0.0,44.44,0.0
r0098_c0080,40.6812402,-73.819438,Residential,53,44.44,0.0,2.2,1929.0,78298.0,92,0.9196,0.0,0.0,0.0
r0098_c0081,40.6812402,-73.8176551,Residential,61,88.89,0.0,2.1,1934.0,83258.0,109,0.5444,0.0,0.0,0.0
r0098_c0082,40.6812402,-73.8158722,Residential,67,0.0,0.0,2.2,1921.0,81662.0,117,0.2606,0.0,0.0,0.0
r0098_c0083,40.6812402,-73.8140893,Residential,69,44.44,0.0,2.2,1920.0,90891.0,125,0.1067,0.0,0.0,0.0
r0098_c0084,40.6812402,-73.8123064,Residential,61,0.0,0.0,2.4,1926.0,80165.0,109,0.1238,0.0,0.0,0.0
r0098_c0085,40.6812402,-73.8105235,Residential,64,0.0,0.0,2.4,1929.0,87385.0,107,-0.0,0.0,0.0,0.0
r0098_c0086,40.6812402,-73.8087406,Residential,72,44.44,0.0,2.1,1936.0,100470.0,111,0.043,0.0,0.0,0.0
r0098_c0087,40.6812402,-73.8069576,Residential,55,44.44,0.0,2.1,1930.0,67512.0,87,0.1459,0.0,0.0,0.0
r0098_c0088,40.6812402,-73.8051747,Residential,17,44.44,0.0,1.8,1938.0,39812.0,23,1.3392,0.0,44.44,0.0
r0098_c0089,40.6812402,-73.8033918,Open Space,9,88.89,0.0,1.9,1938.0,12328.0,16,0.4584,0.0,0.0,0.0
r0098_c0090,40.6812402,-73.8016089,Residential,47,133.33,0.0,1.7,1949.0,72220.0,64,0.1632,0.0,0.0,0.0
r0098_c0091,40.6812402,-73.799826,Residential,43,177.78,0.0,1.8,1951.0,63039.0,55,-0.0,0.0,0.0,0.0
r0098_c0092,40.6812402,-73.7980431,Residential,41,0.0,0.0,1.9,1951.0,79211.0,49,0.1024,0.0,0.0,0.0
r0098_c0093,40.6812402,-73.7962602,Residential,51,88.89,0.0,2.0,1948.0,75729.0,60,0.1023,0.0,0.0,0.0
r0098_c0094,40.6812402,-73.7944773,Residential,85,0.0,0.0,2.2,1929.0,107990.0,125,0.1139,0.0,0.0,0.0
r0098_c0095,40.6812402,-73.7926944,Residential,58,266.67,0.0,2.0,1931.0,152280.0,74,2.12,0.0,44.44,0.0
r0098_c0096,40.6812402,-73.7909114,Residential,72,44.44,0.0,2.1,1934.0,83139.0,92,0.1399,0.0,0.0,0.0
r0098_c0097,40.6812402,-73.7891285,Residential,122,0.0,0.0,2.0,1925.0,92172.0,120,0.2254,0.0,0.0,0.0
r0098_c0098,40.6812402,-73.7873456,Residential,20,1288.89,0.0,2.0,1920.0,16106.0,24,-0.0,0.0,0.0,0.0
r0098_c0100,40.6812402,-73.7837798,Residential,52,88.89,0.0,2.0,1948.0,72118.0,65,0.0404,0.0,0.0,0.0
r0098_c0101,40.6812402,-73.7819969,Residential,47,44.44,0.0,2.1,1950.0,77639.0,68,0.0919,0.0,0.0,0.0
r0098_c0102,40.6812402,-73.780214,Residential,40,133.33,0.0,2.0,1939.0,68479.0,57,0.4645,0.0,0.0,0.0
r0098_c0103,40.6812402,-73.7784311,Residential,45,0.0,0.0,2.1,1967.0,79378.0,53,-0.0,0.0,0.0,0.0
r0098_c0104,40.6812402,-73.7766481,Residential,39,44.44,0.0,2.0,1986.0,113195.0,44,0.9306,0.0,0.0,0.0
r0098_c0105,40.6812402,-73.7748652,Mixed-Use,21,177.78,0.0,1.9,1977.0,93411.0,21,1.9306,0.0,88.89,0.0
r0098_c0106,40.6812402,-73.7730823,Residential,27,0.0,0.0,2.8,1970.0,238731.0,37,1.1175,0.0,0.0,0.0
r0098_c0107,40.6812402,-73.7712994,Residential,54,88.89,0.5,2.0,1953.0,82937.0,80,0.6553,0.0,88.89,0.0
r0098_c0108,40.6812402,-73.7695165,Residential,60,88.89,0.0,1.9,1955.0,82841.0,72,0.1593,0.0,0.0,0.0
r0098_c0109,40.6812402,-73.7677336,Residential,61,88.89,0.0,1.9,1952.0,86034.0,67,0.6603,0.0,0.0,0.0
r0098_c0110,40.6812402,-73.7659507,Residential,37,1155.56,0.2692,2.0,1953.0,94403.0,40,1.2439,0.0,400.0,0.1111
r0098_c0111,40.6812402,-73.7641678,Residential,32,933.33,0.1429,1.9,1954.0,91194.0,46,1.3124,44.44,400.0,0.1111
r0098_c0112,40.6812402,-73.7623848,Mixed-Use,33,222.22,0.0,1.9,1952.0,90194.0,41,1.9878,0.0,88.89,0.0
r0098_c0113,40.6812402,-73.7606019,Mixed-Use,8,44.44,0.0,2.0,1991.0,21468.0,7,0.6271,0.0,0.0,0.0
r0098_c0114,40.6812402,-73.758819,Mixed-Use,28,177.78,0.0,1.9,1934.0,48200.0,37,1.5457,0.0,0.0,0.0
r0098_c0115,40.6812402,-73.7570361,Residential,40,44.44,0.0,2.0,1941.0,54603.0,59,0.3091,0.0,0.0,0.0
r0098_c0116,40.6812402,-73.7552532,Residential,43,0.0,0.0,2.0,1943.0,71067.0,63,1.0091,0.0,0.0,0.0
r0098_c0117,40.6812402,-73.7534703,Institutional,28,177.78,0.0,2.3,1956.0,178736.0,34,1.4209,0.0,44.44,1.0
r0098_c0118,40.6812402,-73.7516874,Residential,35,0.0,0.0,1.9,1940.0,44106.0,49,0.0157,0.0,0.0,0.0
r0098_c0119,40.6812402,-73.7499045,Residential,39,133.33,0.0,2.2,1938.0,50350.0,54,0.5881,0.0,0.0,0.0
r0098_c0120,40.6812402,-73.7481216,Residential,41,44.44,0.0,2.1,1932.0,57704.0,68,0.296,0.0,0.0,0.0
r0098_c0121,40.6812402,-73.7463386,Residential,43,44.44,0.0,2.0,1927.0,54253.0,63,0.0897,0.0,0.0,0.0
r0098_c0122,40.6812402,-73.7445557,Residential,48,222.22,0.0,2.0,1931.0,62159.0,90,-0.0,0.0,0.0,0.0
r0098_c0123,40.6812402,-73.7427728,Residential,78,0.0,0.0,2.0,1935.0,113416.0,152,-0.0,0.0,0.0,0.0
r0098_c0124,40.6812402,-73.7409899,Residential,67,44.44,0.0,2.3,1931.0,103822.0,128,-0.0,0.0,0.0,0.0
r0098_c0125,40.6812402,-73.739207,Residential,68,0.0,0.0,2.2,1931.0,108217.0,134,-0.0,0.0,0.0,0.0
r0098_c0126,40.6812402,-73.7374241,Residential,46,44.44,0.0,1.6,1943.0,62544.0,84,-0.0,0.0,0.0,0.0
r0098_c0127,40.6812402,-73.7356412,Residential,34,44.44,0.0,1.7,1951.0,45897.0,49,-0.0,0.0,0.0,0.0
r0098_c0128,40.6812402,-73.7338583,Residential,33,133.33,0.0,1.4,1955.0,45666.0,49,0.0381,0.0,0.0,0.0
r0098_c0129,40.6812402,-73.7320753,Residential,37,44.44,0.0,1.4,1951.0,48166.0,56,0.261,0.0,0.0,0.0
r0098_c0130,40.6812402,-73.7302924,Residential,43,133.33,0.0,1.3,1950.0,46076.0,58,-0.0,0.0,0.0,0.0
r0098_c0131,40.6812402,-73.7285095,Residential,14,0.0,0.0,1.3,1950.0,16579.0,21,-0.0,0.0,0.0,0.0
r0098_c0132,40.6812402,-73.7267266,Residential,31,88.89,0.0,1.7,1959.0,38599.0,48,0.2054,0.0,0.0,0.0
r0099_c0054,40.6825915,-73.8657937,Residential,48,711.11,0.125,2.0,1922.0,69068.0,58,0.2388,0.0,88.89,0.0
r0099_c0055,40.6825915,-73.8640108,Residential,78,88.89,0.0,2.0,1923.0,114872.0,103,0.7501,0.0,0.0,0.0
r0099_c0056,40.6825915,-73.8622279,Residential,77,133.33,0.0,2.0,1918.0,117536.0,103,0.5169,0.0,0.0,0.0
r0099_c0057,40.6825915,-73.860445,Residential,80,44.44,0.0,2.0,1915.0,148302.0,120,0.5319,0.0,0.0,0.0
r0099_c0058,40.6825915,-73.8586621,Residential,75,44.44,0.0,2.0,1920.0,126948.0,115,0.2789,0.0,0.0,0.0
r0099_c0059,40.6825915,-73.8568792,Residential,51,133.33,0.0,2.1,1923.0,91226.0,88,0.3994,0.0,0.0,0.0
r0099_c0060,40.6825915,-73.8550963,Residential,60,311.11,0.0,2.1,1934.0,136875.0,82,1.5162,0.0,0.0,0.0
r0099_c0061,40.6825915,-73.8533134,Mixed-Use,34,400.0,0.0,2.1,1936.0,109231.0,43,2.9513,0.0,0.0,0.0
r0099_c0062,40.6825915,-73.8515304,Mixed-Use,33,622.22,0.2143,2.1,1948.0,99089.0,35,2.8874,0.0,88.89,0.0
r0099_c0063,40.6825915,-73.8497475,Residential,48,133.33,0.3333,2.1,1944.0,108893.0,59,2.474,0.0,0.0,0.0
r0099_c0064,40.6825915,-73.8479646,Residential,47,88.89,0.0,2.1,1949.0,169812.0,64,1.4927,0.0,0.0,0.0
r0099_c0065,40.6825915,-73.8461817,Residential,55,44.44,0.0,2.0,1938.0,105669.0,94,0.5436,0.0,0.0,0.0
r0099_c0066,40.6825915,-73.8443988,Residential,40,44.44,0.0,2.0,1952.0,126626.0,51,1.586,0.0,0.0,0.0
r0099_c0067,40.6825915,-73.8426159,Residential,49,133.33,0.0,2.4,1955.0,143465.0,70,1.3166,0.0,0.0,0.0
r0099_c0068,40.6825915,-73.840833,Mixed-Use,30,88.89,0.5,1.6,1933.0,126690.0,56,2.6742,0.0,0.0,0.0
r0099_c0069,40.6825915,-73.8390501,Residential,60,222.22,0.0,2.2,1938.0,142616.0,85,1.328,0.0,0.0,0.0
r0099_c0070,40.6825915,-73.8372672,Residential,66,488.89,0.1818,2.0,1921.0,149549.0,92,1.5935,0.0,222.22,0.0
r0099_c0071,40.6825915,-73.8354842,Residential,76,355.56,0.125,2.0,1924.0,161433.0,99,1.1782,0.0,266.67,0.0
r0099_c0072,40.6825915,-73.8337013,Residential,68,133.33,0.0,2.1,1920.0,120851.0,119,0.3235,0.0,0.0,0.0
r0099_c0073,40.6825915,-73.8319184,Residential,76,44.44,0.0,2.0,1920.0,110398.0,146,-0.0,0.0,0.0,0.0
r0099_c0074,40.6825915,-73.8301355,Residential,60,133.33,0.0,2.3,1926.0,97406.0,106,-0.0,0.0,0.0,0.0
r0099_c0075,40.6825915,-73.8283526,Residential,53,88.89,0.0,2.3,1929.0,95345.0,96,0.5266,0.0,0.0,0.0
r0099_c0076,40.6825915,-73.8265697,Residential,76,0.0,0.0,2.4,1928.0,113735.0,141,-0.0,0.0,0.0,0.0
r0099_c0077,40.6825915,-73.8247868,Residential,72,0.0,0.0,2.3,1922.0,114744.0,128,0.1443,0.0,0.0,0.0
r0099_c0078,40.6825915,-73.8230039,Residential,66,44.44,0.0,2.2,1925.0,113794.0,112,-0.0,0.0,0.0,0.0
r0099_c0079,40.6825915,-73.8212209,Residential,53,0.0,0.0,2.2,1931.0,136432.0,86,1.2743,0.0,0.0,0.0
r0099_c0080,40.6825915,-73.819438,Residential,53,44.44,0.0,2.5,1929.0,116583.0,95,0.4869,0.0,0.0,0.0
r0099_c0081,40.6825915,-73.8176551,Residential,64,0.0,0.0,2.2,1929.0,89381.0,116,-0.0,0.0,0.0,0.0
r0099_c0082,40.6825915,-73.8158722,Residential,62,44.44,0.0,2.1,1923.0,74623.0,103,0.6225,0.0,0.0,0.0
r0099_c0083,40.6825915,-73.8140893,Residential,49,177.78,0.25,2.2,1926.0,88959.0,75,2.0597,0.0,44.44,1.0
r0099_c0084,40.6825915,-73.8123064,Residential,57,44.44,0.0,2.3,1927.0,81552.0,92,0.4385,0.0,0.0,0.0
r0099_c0085,40.6825915,-73.8105235,Residential,65,44.44,0.0,2.2,1932.0,92345.0,113,0.1064,0.0,0.0,0.0
r0099_c0086,40.6825915,-73.8087406,Residential,47,933.33,0.0,2.4,1927.0,61065.0,76,-0.0,0.0,0.0,0.0
r0099_c0087,40.6825915,-73.8069576,Residential,34,488.89,0.0909,1.9,1933.0,54987.0,48,2.0709,44.44,44.44,0.0
r0099_c0088,40.6825915,-73.8051747,Residential,22,44.44,0.0,1.9,1921.0,28668.0,41,-0.0,0.0,0.0,0.0
r0099_c0089,40.6825915,-73.8033918,Residential,73,133.33,0.0,2.3,1926.0,94095.0,103,0.2073,0.0,0.0,0.0
r0099_c0090,40.6825915,-73.8016089,Residential,44,0.0,0.0,1.9,1947.0,57994.0,69,0.1554,0.0,0.0,0.0
r0099_c0091,40.6825915,-73.799826,Residential,35,44.44,0.0,2.0,1959.0,60962.0,50,0.1974,0.0,0.0,0.0
r0099_c0092,40.6825915,-73.7980431,Residential,43,0.0,0.0,1.9,1954.0,89180.0,56,0.1639,0.0,0.0,0.0
r0099_c0093,40.6825915,-73.7962602,Residential,77,88.89,0.0,2.0,1940.0,97706.0,101,0.2117,0.0,0.0,0.0
r0099_c0094,40.6825915,-73.7944773,Residential,66,177.78,0.0,2.2,1927.0,76719.0,87,0.5385,0.0,0.0,0.0
r0099_c0095,40.6825915,-73.7926944,Residential,38,177.78,0.0,2.2,1940.0,74959.0,52,2.0082,0.0,44.44,1.0
r0099_c0096,40.6825915,-73.7909114,Residential,90,133.33,0.0,2.3,1929.0,101304.0,130,0.0821,0.0,0.0,0.0
r0099_c0097,40.6825915,-73.7891285,Residential,76,88.89,0.0,2.3,1933.0,85673.0,110,0.0851,0.0,0.0,0.0
r0099_c0098,40.6825915,-73.7873456,Residential,43,88.89,0.0,2.0,1956.0,61449.0,51,-0.0,0.0,0.0,0.0
r0099_c0099,40.6825915,-73.7855627,Residential,3,311.11,0.0,2.0,1986.0,3916.0,2,0.5604,0.0,0.0,0.0
r0099_c0100,40.6825915,-73.7837798,Residential,52,44.44,0.0,2.0,1968.0,81996.0,60,0.055,0.0,0.0,0.0
r0099_c0101,40.6825915,-73.7819969,Residential,44,444.44,0.3,1.8,1953.0,73136.0,61,0.6109,44.44,88.89,0.0
r0099_c0102,40.6825915,-73.780214,Residential,46,88.89,0.0,2.0,1943.0,79776.0,74,0.1512,0.0,0.0,0.0
r0099_c0103,40.6825915,-73.7784311,Residential,38,44.44,0.0,1.9,1947.0,52646.0,49,1.1476,0.0,0.0,0.0
r0099_c0104,40.6825915,-73.7766481,Residential,34,133.33,0.0,1.7,1928.0,52924.0,44,1.3318,0.0,0.0,0.0
r0099_c0105,40.6825915,-73.7748652,Residential,41,88.89,0.0,1.8,1950.0,69271.0,49,0.2972,0.0,0.0,0.0
r0099_c0106,40.6825915,-73.7730823,Residential,47,88.89,0.0,2.0,1940.0,72691.0,68,0.3551,0.0,0.0,0.0
r0099_c0107,40.6825915,-73.7712994,Residential,38,88.89,0.0,2.0,1949.0,94097.0,55,2.0369,0.0,44.44,0.0
r0099_c0108,40.6825915,-73.7695165,Residential,32,177.78,0.0,2.0,1989.0,141291.0,33,1.5288,0.0,44.44,1.0
r0099_c0109,40.6825915,-73.7677336,Residential,34,177.78,0.0,1.8,1948.0,107470.0,36,2.1554,0.0,177.78,0.0
r0099_c0110,40.6825915,-73.7659507,Residential,62,577.78,0.0769,1.7,1940.0,113945.0,66,1.259,0.0,444.44,0.0
r0099_c0111,40.6825915,-73.7641678,Residential,74,0.0,0.0,2.0,1944.0,117361.0,88,0.2931,0.0,0.0,0.0
r0099_c0112,40.6825915,-73.7623848,Residential,69,0.0,0.0,2.0,1944.0,85884.0,78,0.5203,0.0,0.0,0.0
r0099_c0113,40.6825915,-73.7606019,Mixed-Use,34,88.89,0.0,1.6,1958.0,60377.0,27,2.1978,0.0,44.44,0.0
r0099_c0114,40.6825915,-73.758819,Residential,59,88.89,0.0,2.1,1932.0,82246.0,95,0.6907,0.0,0.0,0.0
r0099_c0115,40.6825915,-73.7570361,Residential,47,44.44,0.0,2.2,1930.0,55864.0,74,0.5002,0.0,0.0,0.0
r0099_c0116,40.6825915,-73.7552532,Residential,45,44.44,0.0,1.9,1943.0,60313.0,71,0.2219,0.0,0.0,0.0
r0099_c0117,40.6825915,-73.7534703,Residential,31,177.78,0.0,1.7,1949.0,46311.0,40,0.1988,0.0,0.0,0.0
r0099_c0118,40.6825915,-73.7516874,Residential,28,0.0,0.0,1.4,1955.0,33120.0,35,1.1487,0.0,0.0,0.0
r0099_c0119,40.6825915,-73.7499045,Residential,32,44.44,0.0,1.9,1936.0,91195.0,42,1.4341,0.0,0.0,0.0
r0099_c0120,40.6825915,-73.7481216,Residential,44,133.33,0.0,1.9,1936.0,61388.0,71,-0.0,0.0,0.0,0.0
r0099_c0121,40.6825915,-73.7463386,Residential,41,133.33,0.0,2.0,1938.0,50006.0,71,-0.0,0.0,0.0,0.0
r0099_c0122,40.6825915,-73.7445557,Residential,44,44.44,0.0,1.6,1948.0,49708.0,80,0.0056,0.0,0.0,0.0
r0099_c0123,40.6825915,-73.7427728,Residential,70,0.0,0.0,1.9,1939.0,96202.0,136,-0.0,0.0,0.0,0.0
r0099_c0124,40.6825915,-73.7409899,Residential,66,0.0,0.0,2.0,1935.0,96196.0,132,0.1003,0.0,0.0,0.0
r0099_c0125,40.6825915,-73.739207,Residential,47,133.33,0.0,2.0,1943.0,66467.0,78,0.4027,0.0,0.0,0.0
r0099_c0126,40.6825915,-73.7374241,Residential,29,0.0,0.0,1.6,1948.0,36325.0,45,-0.0,0.0,0.0,0.0
r0099_c0127,40.6825915,-73.7356412,Residential,19,44.44,0.0,1.6,1948.0,25417.0,27,-0.0,0.0,0.0,0.0
r0099_c0128,40.6825915,-73.7338583,Residential,36,44.44,0.0,1.7,1954.0,51596.0,48,0.3819,0.0,0.0,0.0
r0099_c0129,40.6825915,-73.7320753,Residential,42,88.89,0.0,1.4,1949.0,48028.0,69,-0.0,0.0,0.0,0.0
r0099_c0130,40.6825915,-73.7302924,Residential,40,44.44,0.0,1.4,1953.0,42229.0,54,-0.0,0.0,0.0,0.0
r0099_c0131,40.6825915,-73.7285095,Residential,39,44.44,0.0,1.4,1953.0,43963.0,57,-0.0,0.0,0.0,0.0
r0099_c0132,40.6825915,-73.7267266,Residential,9,0.0,0.0,1.8,1963.0,15133.0,11,0.396,0.0,0.0,0.0
r0100_c0054,40.6839429,-73.8657937,Residential,58,311.11,0.0,2.0,1934.0,100895.0,61,0.7069,0.0,0.0,0.0
r0100_c0055,40.6839429,-73.8640108,Residential,65,88.89,0.0,2.0,1921.0,89798.0,95,1.3482,0.0,0.0,0.0
r0100_c0056,40.6839429,-73.8622279,Residential,70,177.78,0.0,2.0,1923.0,98122.0,100,0.4432,0.0,0.0,0.0
r0100_c0057,40.6839429,-73.860445,Residential,62,311.11,0.0,2.0,1923.0,105350.0,90,1.7787,0.0,0.0,0.0
r0100_c0058,40.6839429,-73.8586621,Residential,40,266.67,0.0,2.1,1927.0,121965.0,51,1.9286,0.0,44.44,0.0
r0100_c0059,40.6839429,-73.8568792,Residential,38,266.67,0.0,2.0,1924.0,75434.0,48,2.0512,0.0,44.44,0.0
r0100_c0060,40.6839429,-73.8550963,Residential,52,133.33,0.0,2.2,1934.0,96849.0,63,1.461,0.0,44.44,0.0
r0100_c0061,40.6839429,-73.8533134,Residential,56,133.33,0.0,2.1,1935.0,117806.0,74,1.4063,0.0,0.0,0.0
r0100_c0062,40.6839429,-73.8515304,Residential,65,222.22,0.0,2.2,1919.0,118915.0,96,0.6766,0.0,0.0,0.0
r0100_c0063,40.6839429,-73.8497475,Residential,62,88.89,0.0,2.2,1936.0,192444.0,81,1.3593,0.0,0.0,0.0
r0100_c0064,40.6839429,-73.8479646,Residential,48,133.33,0.3333,2.1,1932.0,131073.0,64,1.6001,0.0,44.44,0.0
r0100_c0065,40.6839429,-73.8461817,Residential,30,311.11,0.2857,2.1,1929.0,92587.0,45,2.0771,0.0,88.89,0.0
r0100_c0066,40.6839429,-73.8443988,Residential,52,222.22,0.0,2.3,1945.0,153928.0,71,1.2619,0.0,0.0,0.0
r0100_c0067,40.6839429,-73.8426159,Residential,56,88.89,0.0,2.4,1951.0,121759.0,84,1.9,0.0,0.0,0.0
r0100_c0068,40.6839429,-73.840833,Industrial,26,0.0,0.0,2.2,1940.0,196514.0,36,2.0896,0.0,0.0,0.0
r0100_c0069,40.6839429,-73.8390501,Residential,56,0.0,0.0,2.2,1935.0,126623.0,88,1.2361,0.0,0.0,0.0
r0100_c0070,40.6839429,-73.8372672,Residential,78,0.0,0.0,2.0,1924.0,107461.0,128,-0.0,0.0,0.0,0.0
r0100_c0071,40.6839429,-73.8354842,Residential,77,88.89,0.0,2.0,1923.0,133089.0,130,0.8327,0.0,0.0,0.0
r0100_c0072,40.6839429,-73.8337013,Residential,69,1155.56,0.1923,2.1,1923.0,162378.0,101,1.4713,0.0,400.0,0.1111
r0100_c0073,40.6839429,-73.8319184,Residential,64,533.33,0.25,2.2,1927.0,119908.0,105,1.5321,0.0,266.67,0.0
r0100_c0074,40.6839429,-73.8301355,Residential,66,88.89,0.0,2.3,1925.0,100727.0,120,0.3031,0.0,0.0,0.0
r0100_c0075,40.6839429,-73.8283526,Residential,76,0.0,0.0,2.2,1923.0,110114.0,136,0.1433,0.0,0.0,0.0
r0100_c0076,40.6839429,-73.8265697,Residential,69,44.44,0.0,2.4,1925.0,125169.0,124,0.282,0.0,0.0,0.0
r0100_c0077,40.6839429,-73.8247868,Residential,60,44.44,0.0,2.3,1922.0,108688.0,96,0.6838,0.0,0.0,0.0
r0100_c0078,40.6839429,-73.8230039,Residential,60,133.33,0.0,2.2,1925.0,109419.0,106,0.5688,0.0,0.0,0.0
r0100_c0079,40.6839429,-73.8212209,Residential,92,0.0,0.0,2.0,1923.0,134015.0,159,0.2147,0.0,0.0,0.0
r0100_c0080,40.6839429,-73.819438,Residential,79,0.0,0.0,2.2,1920.0,119071.0,137,0.3604,0.0,0.0,0.0
r0100_c0081,40.6839429,-73.8176551,Residential,66,0.0,0.0,2.3,1928.0,98236.0,114,0.4274,0.0,0.0,0.0
r0100_c0082,40.6839429,-73.8158722,Residential,45,133.33,0.0,2.4,1924.0,244011.0,82,0.9772,0.0,0.0,0.0
r0100_c0083,40.6839429,-73.8140893,Institutional,34,177.78,0.0,2.3,1936.0,80315.0,52,1.437,0.0,0.0,0.0
r0100_c0084,40.6839429,-73.8123064,Residential,63,44.44,0.0,2.2,1930.0,80584.0,109,0.2736,0.0,0.0,0.0
r0100_c0085,40.6839429,-73.8105235,Residential,63,44.44,0.0,2.3,1939.0,93320.0,97,0.3449,0.0,0.0,0.0
r0100_c0086,40.6839429,-73.8087406,Residential,31,311.11,0.0,2.0,1937.0,46381.0,52,1.0,0.0,0.0,0.0
r0100_c0087,40.6839429,-73.8069576,Residential,19,0.0,0.0,1.9,1955.0,51267.0,25,1.6058,0.0,0.0,0.0
r0100_c0088,40.6839429,-73.8051747,Residential,47,44.44,0.0,2.1,1929.0,59052.0,79,0.2193,0.0,0.0,0.0
r0100_c0089,40.6839429,-73.8033918,Residential,53,44.44,0.0,2.1,1934.0,68357.0,81,0.1429,0.0,0.0,0.0
r0100_c0090,40.6839429,-73.8016089,Residential,27,88.89,0.0,1.9,1941.0,280961.0,37,1.0,0.0,0.0,0.0
r0100_c0091,40.6839429,-73.799826,Residential,57,133.33,0.0,2.0,1944.0,79079.0,64,-0.0,0.0,0.0,0.0
r0100_c0092,40.6839429,-73.7980431,Residential,90,133.33,0.0,2.1,1924.0,99602.0,110,-0.0,0.0,0.0,0.0
r0100_c0093,40.6839429,-73.7962602,Residential,72,44.44,0.0,2.2,1926.0,78249.0,104,0.2266,0.0,0.0,0.0
r0100_c0094,40.6839429,-73.7944773,Residential,63,44.44,0.0,2.3,1923.0,76824.0,111,-0.0,0.0,0.0,0.0
r0100_c0095,40.6839429,-73.7926944,Residential,48,355.56,0.125,2.0,1938.0,89190.0,61,2.0401,0.0,133.33,0.0
r0100_c0096,40.6839429,-73.7909114,Residential,78,88.89,0.0,2.4,1929.0,105370.0,120,-0.0,0.0,0.0,0.0
r0100_c0097,40.6839429,-73.7891285,Residential,64,0.0,0.0,2.2,1929.0,89523.0,89,0.2979,0.0,0.0,0.0
r0100_c0098,40.6839429,-73.7873456,Residential,43,400.0,0.0,1.8,1952.0,71552.0,50,0.1078,0.0,0.0,0.0
r0100_c0100,40.6839429,-73.7837798,Residential,21,311.11,0.0,1.6,1952.0,48880.0,28,1.0778,44.44,0.0,0.0
r0100_c0101,40.6839429,-73.7819969,Residential,41,266.67,0.0,1.8,1953.0,77440.0,54,0.775,0.0,133.33,0.0
r0100_c0102,40.6839429,-73.780214,Residential,36,0.0,0.0,1.8,1965.0,48191.0,37,1.3065,0.0,0.0,0.0
r0100_c0103,40.6839429,-73.7784311,Residential,48,44.44,0.0,1.7,1938.0,61443.0,66,0.4665,0.0,0.0,0.0
r0100_c0104,40.6839429,-73.7766481,Residential,62,44.44,0.0,1.8,1922.0,98134.0,99,0.5081,0.0,0.0,0.0
r0100_c0105,40.6839429,-73.7748652,Residential,56,44.44,0.0,1.4,1932.0,73313.0,76,-0.0,0.0,0.0,0.0
r0100_c0106,40.6839429,-73.7730823,Residential,62,133.33,0.0,1.2,1941.0,68147.0,69,0.1716,0.0,0.0,0.0
r0100_c0107,40.6839429,-73.7712994,Residential,49,88.89,0.0,1.8,1943.0,72031.0,72,1.0947,0.0,0.0,0.0
r0100_c0108,40.6839429,-73.7695165,Commercial,18,844.44,0.1579,1.8,1961.0,38127.0,20,1.1435,44.44,177.78,0.0
r0100_c0109,40.6839429,-73.7677336,Residential,67,44.44,0.0,2.0,1937.0,108104.0,86,-0.0,0.0,0.0,0.0
r0100_c0110,40.6839429,-73.7659507,Residential,86,0.0,0.0,2.0,1933.0,128775.0,94,-0.0,0.0,0.0,0.0
r0100_c0111,40.6839429,-73.7641678,Residential,84,0.0,0.0,2.0,1935.0,123332.0,120,-0.0,0.0,0.0,0.0
r0100_c0112,40.6839429,-73.7623848,Residential,67,44.44,0.0,1.8,1941.0,96290.0,77,1.0208,0.0,0.0,0.0
r0100_c0113,40.6839429,-73.7606019,Residential,31,44.44,0.0,1.7,1948.0,55098.0,34,2.3483,0.0,0.0,0.0
r0100_c0114,40.6839429,-73.758819,Residential,43,0.0,0.0,2.2,1932.0,50983.0,70,-0.0,0.0,0.0,0.0
r0100_c0115,40.6839429,-73.7570361,Residential,43,88.89,0.0,2.5,1930.0,51123.0,80,-0.0,0.0,0.0,0.0
r0100_c0116,40.6839429,-73.7552532,Residential,51,44.44,0.0,2.2,1937.0,62679.0,78,0.3728,0.0,0.0,0.0
r0100_c0117,40.6839429,-73.7534703,Residential,45,44.44,0.0,1.6,1946.0,64227.0,62,-0.0,0.0,0.0,0.0
r0100_c0118,40.6839429,-73.7516874,Residential,24,133.33,0.0,1.1,1961.0,69464.0,31,1.2659,0.0,88.89,0.0
r0100_c0119,40.6839429,-73.7499045,Residential,44,88.89,0.0,1.8,1943.0,61829.0,71,0.3367,0.0,0.0,0.0
r0100_c0120,40.6839429,-73.7481216,Residential,44,44.44,0.0,1.7,1942.0,51846.0,68,-0.0,0.0,0.0,0.0
r0100_c0121,40.6839429,-73.7463386,Residential,43,88.89,0.0,1.9,1941.0,54435.0,68,-0.0,0.0,0.0,0.0
r0100_c0122,40.6839429,-73.7445557,Residential,34,0.0,0.0,1.7,1946.0,41222.0,52,-0.0,0.0,0.0,0.0
r0100_c0123,40.6839429,-73.7427728,Residential,16,0.0,0.0,1.6,1945.0,18682.0,21,-0.0,0.0,0.0,0.0
r0100_c0124,40.6839429,-73.7409899,Residential,10,44.44,0.0,1.8,1946.0,14743.0,18,-0.0,0.0,0.0,0.0
r0100_c0125,40.6839429,-73.739207,Residential,8,0.0,0.0,1.5,1945.0,9548.0,15,-0.0,0.0,0.0,0.0
r0100_c0127,40.6839429,-73.7356412,Residential,8,0.0,0.0,1.7,1945.0,10945.0,13,0.5232,0.0,0.0,0.0
r0100_c0128,40.6839429,-73.7338583,Residential,45,0.0,0.0,1.8,1950.0,59985.0,67,-0.0,0.0,0.0,0.0
r0100_c0129,40.6839429,-73.7320753,Residential,47,0.0,0.0,1.7,1948.0,62554.0,73,-0.0,0.0,0.0,0.0
r0100_c0130,40.6839429,-73.7302924,Residential,39,0.0,0.0,1.5,1951.0,46319.0,55,-0.0,0.0,0.0,0.0
r0100_c0131,40.6839429,-73.7285095,Residential,28,400.0,0.0,1.4,1952.0,33510.0,39,-0.0,0.0,0.0,0.0
r0100_c0132,40.6839429,-73.7267266,Residential,4,311.11,0.0,1.9,1951.0,6180.0,6,-0.0,0.0,0.0,0.0
r0101_c0054,40.6852942,-73.8657937,Residential,63,44.44,0.0,2.4,1946.0,154139.0,91,1.9228,0.0,44.44,0.0
r0101_c0055,40.6852942,-73.8640108,Residential,71,44.44,0.0,2.0,1927.0,131197.0,94,1.777,0.0,0.0,0.0
r0101_c0056,40.6852942,-73.8622279,Residential,64,311.11,0.0,2.0,1925.0,103087.0,94,1.1545,0.0,0.0,0.0
r0101_c0057,40.6852942,-73.860445,Residential,61,88.89,0.0,2.0,1929.0,93169.0,87,1.0724,0.0,0.0,0.0
r0101_c0058,40.6852942,-73.8586621,Residential,53,133.33,0.3333,2.0,1929.0,78055.0,91,1.3652,0.0,44.44,0.0
r0101_c0059,40.6852942,-73.8568792,Mixed-Use,31,177.78,0.0,2.4,1949.0,135023.0,41,2.0551,0.0,44.44,1.0
r0101_c0060,40.6852942,-73.8550963,Residential,60,133.33,0.0,2.2,1928.0,111327.0,84,1.5826,0.0,0.0,0.0
r0101_c0061,40.6852942,-73.8533134,Residential,56,177.78,0.0,2.0,1918.0,97910.0,67,0.653,0.0,88.89,0.0
r0101_c0062,40.6852942,-73.8515304,Residential,56,0.0,0.0,2.2,1941.0,134253.0,81,1.2609,0.0,0.0,0.0
r0101_c0063,40.6852942,-73.8497475,Residential,62,266.67,0.0,2.2,1927.0,126864.0,91,0.9147,0.0,0.0,0.0
r0101_c0064,40.6852942,-73.8479646,Institutional,41,133.33,0.0,2.2,1936.0,221736.0,55,1.4124,0.0,0.0,0.0
r0101_c0065,40.6852942,-73.8461817,Residential,43,133.33,0.0,2.1,1929.0,101816.0,65,0.7759,0.0,0.0,0.0
r0101_c0066,40.6852942,-73.8443988,Residential,46,266.67,0.1667,2.3,1935.0,151552.0,58,1.8137,0.0,44.44,0.0
r0101_c0067,40.6852942,-73.8426159,Mixed-Use,45,355.56,0.125,2.2,1934.0,131577.0,55,2.6555,0.0,44.44,0.0
r0101_c0068,40.6852942,-73.840833,Residential,49,355.56,0.125,2.3,1939.0,148897.0,69,2.1605,0.0,88.89,0.5
r0101_c0069,40.6852942,-73.8390501,Institutional,39,88.89,0.0,2.6,1946.0,135594.0,46,1.6288,0.0,0.0,0.0
r0101_c0070,40.6852942,-73.8372672,Residential,58,88.89,0.0,1.9,1931.0,86746.0,82,0.661,0.0,0.0,0.0
r0101_c0071,40.6852942,-73.8354842,Residential,67,0.0,0.0,2.2,1924.0,120462.0,118,-0.0,0.0,0.0,0.0
r0101_c0072,40.6852942,-73.8337013,Residential,66,0.0,0.0,2.2,1924.0,108667.0,115,0.417,0.0,0.0,0.0
r0101_c0073,40.6852942,-73.8319184,Residential,74,88.89,0.0,2.1,1929.0,136051.0,111,1.2037,0.0,0.0,0.0
r0101_c0074,40.6852942,-73.8301355,Residential,61,266.67,0.0,2.1,1928.0,142043.0,83,1.5935,0.0,133.33,0.0
r0101_c0075,40.6852942,-73.8283526,Residential,64,177.78,0.5,2.2,1925.0,187722.0,91,1.922,0.0,88.89,0.0
r0101_c0076,40.6852942,-73.8265697,Residential,62,266.67,0.1667,2.4,1926.0,172105.0,90,1.5809,0.0,88.89,0.5
r0101_c0077,40.6852942,-73.8247868,Residential,83,622.22,0.3571,2.2,1923.0,171699.0,125,0.8756,0.0,355.56,0.25
r0101_c0078,40.6852942,-73.8230039,Residential,76,0.0,0.0,2.1,1926.0,108545.0,132,0.1949,0.0,0.0,0.0
r0101_c0079,40.6852942,-73.8212209,Residential,55,0.0,0.0,2.2,1923.0,85992.0,104,-0.0,0.0,0.0,0.0
r0101_c0080,40.6852942,-73.819438,Residential,74,0.0,0.0,2.2,1923.0,99116.0,129,0.3596,0.0,0.0,0.0
r0101_c0081,40.6852942,-73.8176551,Residential,76,0.0,0.0,2.1,1925.0,101132.0,146,0.5542,0.0,0.0,0.0
r0101_c0082,40.6852942,-73.8158722,Residential,74,0.0,0.0,2.2,1923.0,104506.0,140,-0.0,0.0,0.0,0.0
r0101_c0083,40.6852942,-73.8140893,Residential,65,88.89,0.0,2.3,1925.0,90992.0,109,0.0135,0.0,0.0,0.0
r0101_c0084,40.6852942,-73.8123064,Residential,61,133.33,0.0,2.3,1928.0,79829.0,100,0.2555,0.0,0.0,0.0
r0101_c0085,40.6852942,-73.8105235,Residential,66,88.89,0.0,2.3,1935.0,97580.0,100,0.2056,0.0,0.0,0.0
r0101_c0086,40.6852942,-73.8087406,Residential,61,0.0,0.0,2.2,1932.0,120167.0,99,0.6617,0.0,0.0,0.0
r0101_c0087,40.6852942,-73.8069576,Residential,17,0.0,0.0,2.0,1964.0,27914.0,17,0.0789,0.0,0.0,0.0
r0101_c0088,40.6852942,-73.8051747,Residential,45,133.33,0.0,2.0,1946.0,65121.0,63,0.6455,0.0,0.0,0.0
r0101_c0089,40.6852942,-73.8033918,Residential,37,133.33,0.0,1.9,1940.0,55581.0,61,0.7614,0.0,0.0,0.0
r0101_c0090,40.6852942,-73.8016089,Residential,46,44.44,0.0,1.7,1952.0,62956.0,61,0.6739,0.0,0.0,0.0
r0101_c0091,40.6852942,-73.799826,Residential,82,0.0,0.0,1.6,1937.0,81056.0,97,-0.0,0.0,0.0,0.0
r0101_c0092,40.6852942,-73.7980431,Residential,82,88.89,0.0,2.1,1934.0,93999.0,122,0.1825,0.0,0.0,0.0
r0101_c0093,40.6852942,-73.7962602,Residential,68,88.89,0.0,2.3,1928.0,81279.0,102,0.1371,0.0,0.0,0.0
r0101_c0094,40.6852942,-73.7944773,Residential,72,44.44,0.0,2.1,1925.0,96813.0,104,0.5513,0.0,44.44,1.0
r0101_c0095,40.6852942,-73.7926944,Residential,54,222.22,0.0,2.1,1939.0,102032.0,73,1.7986,0.0,0.0,0.0
r0101_c0096,40.6852942,-73.7909114,Residential,60,0.0,0.0,2.2,1933.0,90002.0,86,0.2423,0.0,0.0,0.0
r0101_c0097,40.6852942,-73.7891285,Residential,64,44.44,0.0,2.0,1941.0,97677.0,85,0.1489,0.0,0.0,0.0
r0101_c0098,40.6852942,-73.7873456,Residential,37,133.33,0.0,1.5,1958.0,80918.0,45,0.3065,0.0,0.0,0.0
r0101_c0099,40.6852942,-73.7855627,Residential,7,44.44,0.0,2.9,1961.0,238580.0,10,0.4352,0.0,0.0,0.0
r0101_c0101,40.6852942,-73.7819969,Residential,15,88.89,0.0,2.5,1990.0,635553.0,19,0.7655,0.0,0.0,0.0
r0101_c0102,40.6852942,-73.780214,Residential,34,177.78,0.0,1.9,1960.0,52727.0,44,0.5895,0.0,0.0,0.0
r0101_c0103,40.6852942,-73.7784311,Residential,63,0.0,0.0,1.8,1937.0,70272.0,91,-0.0,0.0,0.0,0.0
r0101_c0104,40.6852942,-73.7766481,Residential,63,0.0,0.0,2.0,1934.0,83233.0,101,-0.0,0.0,0.0,0.0
r0101_c0105,40.6852942,-73.7748652,Residential,63,0.0,0.0,1.8,1927.0,93281.0,103,0.1176,0.0,0.0,0.0
r0101_c0106,40.6852942,-73.7730823,Residential,27,355.56,0.125,1.6,1941.0,66328.0,39,1.9036,0.0,88.89,0.0
r0101_c0107,40.6852942,-73.7712994,Open Space,3,222.22,0.0,1.3,1946.0,4850.0,6,0.325,0.0,0.0,0.0
r0101_c0108,40.6852942,-73.7695165,Residential,15,1466.67,0.0,1.9,1965.0,26648.0,18,0.8093,0.0,0.0,0.0
r0101_c0109,40.6852942,-73.7677336,Residential,48,177.78,0.0,2.1,1936.0,72410.0,82,-0.0,0.0,0.0,0.0
r0101_c0110,40.6852942,-73.7659507,Residential,53,88.89,0.0,2.1,1935.0,84398.0,94,0.1309,0.0,0.0,0.0
r0101_c0111,40.6852942,-73.7641678,Residential,67,0.0,0.0,2.1,1932.0,99121.0,125,-0.0,0.0,0.0,0.0
r0101_c0112,40.6852942,-73.7623848,Residential,37,44.44,0.0,1.4,1944.0,138184.0,72,1.2454,0.0,0.0,0.0
r0101_c0113,40.6852942,-73.7606019,Residential,37,44.44,0.0,1.9,1945.0,46596.0,51,0.1347,0.0,0.0,0.0
r0101_c0114,40.6852942,-73.758819,Residential,44,44.44,0.0,1.6,1948.0,53536.0,70,0.1871,0.0,0.0,0.0
r0101_c0115,40.6852942,-73.7570361,Residential,34,0.0,0.0,2.2,1933.0,45054.0,55,-0.0,0.0,0.0,0.0
r0101_c0116,40.6852942,-73.7552532,Residential,46,88.89,0.0,2.4,1929.0,58729.0,78,0.1462,0.0,0.0,0.0
r0101_c0117,40.6852942,-73.7534703,Residential,39,88.89,0.0,2.0,1935.0,53090.0,62,0.0854,0.0,0.0,0.0
r0101_c0118,40.6852942,-73.7516874,Residential,52,88.89,0.0,1.7,1942.0,61860.0,69,-0.0,0.0,0.0,0.0
r0101_c0119,40.6852942,-73.7499045,Residential,25,44.44,0.0,1.6,1948.0,45366.0,35,0.9981,0.0,0.0,0.0
r0101_c0120,40.6852942,-73.7481216,Residential,21,44.44,0.0,1.6,1945.0,25993.0,32,-0.0,0.0,0.0,0.0
r0101_c0121,40.6852942,-73.7463386,Residential,10,0.0,0.0,1.6,1945.0,12334.0,17,-0.0,0.0,0.0,0.0
r0101_c0128,40.6852942,-73.7338583,Residential,30,44.44,0.0,1.7,1949.0,42688.0,38,-0.0,0.0,0.0,0.0
r0101_c0129,40.6852942,-73.7320753,Residential,37,44.44,0.0,1.5,1951.0,47797.0,58,0.1788,0.0,0.0,0.0
r0101_c0130,40.6852942,-73.7302924,Residential,26,88.89,0.0,1.7,1945.0,34283.0,46,-0.0,0.0,0.0,0.0
r0101_c0131,40.6852942,-73.7285095,Institutional,17,222.22,0.0,1.7,1946.0,149614.0,30,0.8319,0.0,0.0,0.0
r0101_c0132,40.6852942,-73.7267266,Residential,10,577.78,0.0,1.8,1948.0,13472.0,15,-0.0,0.0,0.0,0.0
r0102_c0053,40.6866456,-73.8675767,Residential,5,755.56,0.1765,2.0,1915.0,7290.0,6,0.9776,0.0,88.89,0.5
r0102_c0054,40.6866456,-73.8657937,Residential,65,88.89,0.0,2.1,1923.0,117338.0,100,1.1614,0.0,0.0,0.0
r0102_c0055,40.6866456,-73.8640108,Residential,82,133.33,0.0,2.0,1920.0,137541.0,124,1.0474,0.0,0.0,0.0
r0102_c0056,40.6866456,-73.8622279,Residential,65,133.33,0.0,2.0,1922.0,105784.0,100,0.3324,0.0,0.0,0.0
r0102_c0057,40.6866456,-73.860445,Residential,74,177.78,0.0,2.1,1922.0,118840.0,103,0.9085,0.0,0.0,0.0
r0102_c0058,40.6866456,-73.8586621,Residential,71,311.11,0.1429,2.1,1927.0,99719.0,110,0.3947,0.0,44.44,0.0
r0102_c0059,40.6866456,-73.8568792,Residential,92,133.33,0.0,2.0,1919.0,127989.0,127,0.1601,0.0,0.0,0.0
r0102_c0060,40.6866456,-73.8550963,Residential,56,88.89,0.0,2.0,1923.0,123744.0,77,1.9433,0.0,0.0,0.0
r0102_c0061,40.6866456,-73.8533134,Open Space,30,266.67,0.0,1.9,1926.0,65239.0,33,2.2016,44.44,0.0,0.0
r0102_c0062,40.6866456,-73.8515304,Commercial,7,0.0,0.0,1.4,1968.0,74281.0,6,1.3823,0.0,0.0,0.0
r0102_c0063,40.6866456,-73.8497475,Commercial,26,88.89,0.0,2.5,1937.0,146437.0,30,1.5882,0.0,44.44,1.0
r0102_c0064,40.6866456,-73.8479646,Residential,45,0.0,0.0,2.1,1924.0,97948.0,54,1.5175,0.0,0.0,0.0
r0102_c0065,40.6866456,-73.8461817,Residential,73,88.89,0.0,2.1,1940.0,122657.0,85,0.7852,0.0,0.0,0.0
r0102_c0066,40.6866456,-73.8443988,Residential,45,133.33,0.0,1.9,1943.0,158365.0,55,1.8384,0.0,44.44,0.0
r0102_c0067,40.6866456,-73.8426159,Mixed-Use,30,133.33,0.0,1.8,1922.0,94437.0,56,1.8723,0.0,88.89,0.0
r0102_c0068,40.6866456,-73.840833,Residential,64,311.11,0.0,2.1,1928.0,143198.0,85,1.5334,0.0,44.44,0.0
r0102_c0069,40.6866456,-73.8390501,Residential,61,222.22,0.2,2.4,1935.0,159661.0,77,1.7036,0.0,44.44,0.0
r0102_c0070,40.6866456,-73.8372672,Residential,49,133.33,0.0,2.0,1930.0,139171.0,66,2.4715,0.0,44.44,0.0
r0102_c0071,40.6866456,-73.8354842,Residential,73,177.78,0.25,2.4,1939.0,179328.0,93,1.4377,0.0,44.44,0.0
r0102_c0072,40.6866456,-73.8337013,Residential,71,44.44,0.0,2.1,1924.0,141477.0,124,0.3733,0.0,0.0,0.0
r0102_c0073,40.6866456,-73.8319184,Residential,72,0.0,0.0,2.1,1922.0,112263.0,124,0.155,0.0,0.0,0.0
r0102_c0074,40.6866456,-73.8301355,Residential,68,44.44,0.0,2.3,1926.0,108630.0,115,0.4989,0.0,0.0,0.0
r0102_c0075,40.6866456,-73.8283526,Residential,69,88.89,0.0,2.3,1925.0,157007.0,116,0.9004,0.0,0.0,0.0
r0102_c0076,40.6866456,-73.8265697,Residential,68,222.22,0.0,2.4,1927.0,182711.0,117,1.3676,0.0,88.89,0.5
r0102_c0077,40.6866456,-73.8247868,Commercial,51,1066.67,0.3333,2.3,1936.0,154279.0,56,2.253,0.0,533.33,0.0
r0102_c0078,40.6866456,-73.8230039,Commercial,59,1111.11,0.28,2.2,1938.0,168351.0,72,1.9575,0.0,444.44,0.0
r0102_c0079,40.6866456,-73.8212209,Residential,68,222.22,0.2,2.1,1929.0,138847.0,120,1.1543,0.0,0.0,0.0
r0102_c0080,40.6866456,-73.819438,Residential,77,44.44,0.0,2.4,1924.0,103337.0,147,0.2076,0.0,0.0,0.0
r0102_c0081,40.6866456,-73.8176551,Residential,73,88.89,0.0,2.1,1922.0,89778.0,140,-0.0,0.0,0.0,0.0
r0102_c0082,40.6866456,-73.8158722,Residential,65,0.0,0.0,2.2,1922.0,96359.0,115,0.252,0.0,0.0,0.0
r0102_c0083,40.6866456,-73.8140893,Residential,56,44.44,0.0,2.3,1926.0,82652.0,96,0.4241,0.0,0.0,0.0
r0102_c0084,40.6866456,-73.8123064,Residential,49,44.44,0.0,2.2,1938.0,84960.0,80,0.6673,0.0,0.0,0.0
r0102_c0085,40.6866456,-73.8105235,Residential,40,133.33,0.0,2.2,1936.0,75382.0,65,0.7628,0.0,0.0,0.0
r0102_c0086,40.6866456,-73.8087406,Residential,42,222.22,0.4,2.1,1935.0,78134.0,65,0.8793,0.0,133.33,0.0
r0102_c0087,40.6866456,-73.8069576,Residential,36,44.44,0.0,2.3,1939.0,56201.0,50,0.8088,0.0,0.0,0.0
r0102_c0088,40.6866456,-73.8051747,Residential,54,44.44,0.0,2.2,1943.0,78727.0,82,-0.0,0.0,0.0,0.0
r0102_c0089,40.6866456,-73.8033918,Residential,51,177.78,0.0,2.3,1945.0,84651.0,81,0.2306,0.0,0.0,0.0
r0102_c0090,40.6866456,-73.8016089,Residential,48,88.89,0.0,2.1,1943.0,74078.0,64,-0.0,0.0,0.0,0.0
r0102_c0091,40.6866456,-73.799826,Residential,59,0.0,0.0,2.3,1929.0,80712.0,74,0.36,0.0,0.0,0.0
r0102_c0092,40.6866456,-73.7980431,Residential,81,133.33,0.0,2.3,1929.0,101024.0,122,-0.0,0.0,0.0,0.0
r0102_c0093,40.6866456,-73.7962602,Residential,64,44.44,0.0,2.3,1930.0,85117.0,101,0.3691,44.44,0.0,0.0
r0102_c0094,40.6866456,-73.7944773,Residential,39,355.56,0.25,1.9,1928.0,99605.0,44,1.9773,0.0,88.89,0.0
r0102_c0095,40.6866456,-73.7926944,Residential,50,88.89,0.5,2.2,1936.0,76531.0,73,0.7711,0.0,0.0,0.0
r0102_c0096,40.6866456,-73.7909114,Residential,71,133.33,0.0,2.0,1957.0,88494.0,76,-0.0,0.0,0.0,0.0
r0102_c0097,40.6866456,-73.7891285,Residential,60,133.33,0.0,2.0,1955.0,89494.0,70,0.2441,0.0,0.0,0.0
r0102_c0098,40.6866456,-73.7873456,Residential,52,177.78,0.0,2.2,1950.0,92631.0,74,0.1541,0.0,0.0,0.0
r0102_c0099,40.6866456,-73.7855627,Residential,49,0.0,0.0,2.2,1964.0,85681.0,59,0.545,0.0,0.0,0.0
r0102_c0100,40.6866456,-73.7837798,Institutional,24,44.44,0.0,2.2,2000.0,227817.0,23,1.0936,0.0,0.0,0.0
r0102_c0101,40.6866456,-73.7819969,Residential,48,0.0,0.0,2.2,1950.0,69729.0,55,0.9958,0.0,0.0,0.0
r0102_c0102,40.6866456,-73.780214,Residential,62,44.44,0.0,2.1,1938.0,88471.0,75,-0.0,0.0,0.0,0.0
r0102_c0103,40.6866456,-73.7784311,Residential,51,0.0,0.0,1.7,1934.0,127733.0,96,0.9403,0.0,0.0,0.0
r0102_c0104,40.6866456,-73.7766481,Residential,52,44.44,0.0,1.9,1943.0,90836.0,84,0.654,0.0,0.0,0.0
r0102_c0105,40.6866456,-73.7748652,Residential,41,533.33,0.0,2.0,1944.0,60318.0,56,1.4061,44.44,88.89,0.0
r0102_c0109,40.6866456,-73.7677336,Residential,35,88.89,0.0,2.1,1936.0,55775.0,53,0.6406,0.0,0.0,0.0
r0102_c0110,40.6866456,-73.7659507,Residential,54,88.89,0.0,2.1,1936.0,81323.0,98,-0.0,0.0,0.0,0.0
r0102_c0111,40.6866456,-73.7641678,Residential,60,177.78,0.0,1.8,1933.0,91936.0,83,0.4404,0.0,0.0,0.0
r0102_c0112,40.6866456,-73.7623848,Residential,44,44.44,0.0,2.1,1935.0,64486.0,57,0.0421,0.0,0.0,0.0
r0102_c0113,40.6866456,-73.7606019,Residential,40,88.89,0.0,2.1,1946.0,58639.0,51,0.1142,0.0,0.0,0.0
r0102_c0114,40.6866456,-73.758819,Residential,54,44.44,0.0,2.0,1949.0,73396.0,83,0.2268,0.0,0.0,0.0
r0102_c0115,40.6866456,-73.7570361,Institutional,30,88.89,0.0,2.0,1949.0,91406.0,43,1.1679,0.0,0.0,0.0
r0102_c0116,40.6866456,-73.7552532,Residential,45,88.89,0.0,1.8,1943.0,58903.0,68,0.5015,0.0,0.0,0.0
r0102_c0117,40.6866456,-73.7534703,Residential,48,0.0,0.0,2.2,1927.0,58917.0,76,-0.0,0.0,0.0,0.0
r0102_c0118,40.6866456,-73.7516874,Residential,40,133.33,0.0,1.9,1934.0,40067.0,61,0.3457,0.0,0.0,0.0
r0102_c0119,40.6866456,-73.7499045,Residential,46,133.33,0.0,1.6,1946.0,45277.0,48,0.4757,0.0,0.0,0.0
r0102_c0125,40.6866456,-73.739207,Residential,13,0.0,0.0,1.4,1948.0,13491.0,20,-0.0,0.0,0.0,0.0
r0102_c0126,40.6866456,-73.7374241,Residential,23,0.0,0.0,1.5,1946.0,32907.0,40,0.7546,0.0,0.0,0.0
r0102_c0127,40.6866456,-73.7356412,Residential,34,44.44,0.0,1.6,1945.0,43857.0,48,-0.0,0.0,0.0,0.0
r0102_c0128,40.6866456,-73.7338583,Residential,44,0.0,0.0,1.6,1945.0,55499.0,76,-0.0,0.0,0.0,0.0
r0102_c0129,40.6866456,-73.7320753,Residential,40,0.0,0.0,1.7,1947.0,55563.0,61,-0.0,0.0,0.0,0.0
r0102_c0130,40.6866456,-73.7302924,Residential,39,44.44,0.0,1.6,1946.0,46881.0,65,-0.0,0.0,0.0,0.0
r0102_c0131,40.6866456,-73.7285095,Residential,38,133.33,0.0,1.7,1951.0,46449.0,68,-0.0,0.0,0.0,0.0
r0102_c0132,40.6866456,-73.7267266,Residential,20,177.78,0.0,1.7,1950.0,23112.0,33,-0.0,0.0,0.0,0.0
r0103_c0053,40.6879969,-73.8675767,Residential,35,266.67,0.0,2.1,1918.0,62107.0,44,0.7005,0.0,0.0,0.0
r0103_c0054,40.6879969,-73.8657937,Residential,78,44.44,0.0,2.3,1917.0,132363.0,109,0.6541,0.0,0.0,0.0
r0103_c0055,40.6879969,-73.8640108,Residential,70,400.0,0.0,2.1,1920.0,126073.0,121,0.5045,0.0,0.0,0.0
r0103_c0056,40.6879969,-73.8622279,Residential,75,88.89,0.0,2.0,1921.0,135712.0,102,0.9121,0.0,0.0,0.0
r0103_c0057,40.6879969,-73.860445,Residential,65,177.78,0.0,2.1,1920.0,118882.0,96,0.6421,0.0,0.0,0.0
r0103_c0058,40.6879969,-73.8586621,Residential,76,444.44,0.0,2.1,1920.0,123007.0,114,0.7332,0.0,0.0,0.0
r0103_c0059,40.6879969,-73.8568792,Residential,83,133.33,0.0,2.0,1916.0,134570.0,106,0.5292,0.0,0.0,0.0
r0103_c0060,40.6879969,-73.8550963,Residential,80,222.22,0.0,2.1,1915.0,134480.0,94,0.7769,0.0,0.0,0.0
r0103_c0061,40.6879969,-73.8533134,Residential,95,133.33,0.0,2.1,1921.0,131003.0,119,0.4123,0.0,0.0,0.0
r0103_c0062,40.6879969,-73.8515304,Residential,83,133.33,0.0,2.0,1916.0,120661.0,116,0.655,0.0,0.0,0.0
r0103_c0063,40.6879969,-73.8497475,Residential,46,177.78,0.25,2.0,1924.0,65066.0,69,1.2592,0.0,0.0,0.0
r0103_c0064,40.6879969,-73.8479646,Residential,51,44.44,0.0,2.4,1924.0,72644.0,72,1.0206,0.0,0.0,0.0
r0103_c0065,40.6879969,-73.8461817,Residential,48,177.78,0.0,2.3,1932.0,92606.0,60,1.7435,0.0,0.0,0.0
r0103_c0066,40.6879969,-73.8443988,Mixed-Use,22,0.0,0.0,1.9,1941.0,60225.0,25,1.7264,0.0,0.0,0.0
r0103_c0067,40.6879969,-73.8426159,Residential,44,88.89,0.0,2.0,1930.0,76532.0,64,1.5221,0.0,0.0,0.0
r0103_c0068,40.6879969,-73.840833,Residential,60,177.78,0.0,2.0,1926.0,117720.0,96,0.8025,0.0,0.0,0.0
r0103_c0069,40.6879969,-73.8390501,Residential,65,133.33,0.0,2.1,1926.0,117867.0,100,0.4227,0.0,0.0,0.0
r0103_c0070,40.6879969,-73.8372672,Residential,59,88.89,0.0,2.2,1933.0,110298.0,89,0.6343,0.0,0.0,0.0
r0103_c0071,40.6879969,-73.8354842,Institutional,42,88.89,0.0,2.3,1943.0,170284.0,50,1.7478,0.0,88.89,0.0
r0103_c0072,40.6879969,-73.8337013,Residential,58,133.33,0.3333,2.2,1925.0,137359.0,67,1.8296,0.0,0.0,0.0
r0103_c0073,40.6879969,-73.8319184,Residential,70,133.33,0.3333,2.2,1940.0,187743.0,92,1.9863,0.0,88.89,0.0
r0103_c0074,40.6879969,-73.8301355,Residential,67,133.33,0.3333,2.4,1932.0,163731.0,111,0.9827,0.0,0.0,0.0
r0103_c0075,40.6879969,-73.8283526,Residential,75,133.33,0.0,2.3,1922.0,130890.0,125,0.6498,0.0,0.0,0.0
r0103_c0076,40.6879969,-73.8265697,Residential,55,0.0,0.0,2.4,1921.0,116639.0,98,0.819,0.0,0.0,0.0
r0103_c0077,40.6879969,-73.8247868,Residential,49,177.78,0.0,2.4,1928.0,110407.0,83,1.4835,0.0,0.0,0.0
r0103_c0078,40.6879969,-73.8230039,Residential,41,0.0,0.0,2.6,1931.0,165299.0,66,1.2187,0.0,0.0,0.0
r0103_c0079,40.6879969,-73.8212209,Residential,59,533.33,0.1667,2.0,1926.0,130000.0,94,1.5994,0.0,400.0,0.0
r0103_c0080,40.6879969,-73.819438,Residential,74,533.33,0.25,2.0,1928.0,159059.0,90,1.9108,0.0,266.67,0.0
r0103_c0081,40.6879969,-73.8176551,Residential,61,222.22,0.2,2.1,1935.0,119787.0,103,1.3645,0.0,133.33,0.0
r0103_c0082,40.6879969,-73.8158722,Residential,77,44.44,0.0,2.2,1922.0,111207.0,134,0.3689,0.0,0.0,0.0
r0103_c0083,40.6879969,-73.8140893,Residential,64,0.0,0.0,2.3,1929.0,87699.0,95,0.3669,0.0,0.0,0.0
r0103_c0084,40.6879969,-73.8123064,Residential,49,0.0,0.0,2.3,1926.0,74605.0,70,0.9065,0.0,0.0,0.0
r0103_c0085,40.6879969,-73.8105235,Residential,46,0.0,0.0,2.3,1925.0,78577.0,82,0.0966,0.0,0.0,0.0
r0103_c0086,40.6879969,-73.8087406,Residential,27,0.0,0.0,2.2,1944.0,47652.0,40,1.03,0.0,0.0,0.0
r0103_c0087,40.6879969,-73.8069576,Residential,64,0.0,0.0,2.1,1923.0,79317.0,92,0.7369,0.0,0.0,0.0
r0103_c0088,40.6879969,-73.8051747,Residential,39,177.78,0.0,2.0,1945.0,59837.0,49,0.928,0.0,44.44,0.0
r0103_c0089,40.6879969,-73.8033918,Residential,51,44.44,0.0,2.2,1933.0,87027.0,72,0.9223,0.0,0.0,0.0
r0103_c0090,40.6879969,-73.8016089,Residential,70,0.0,0.0,2.2,1929.0,93957.0,112,0.1394,0.0,0.0,0.0
r0103_c0091,40.6879969,-73.799826,Residential,30,266.67,0.0,2.3,1929.0,174404.0,51,1.1432,0.0,0.0,0.0
r0103_c0092,40.6879969,-73.7980431,Residential,52,44.44,0.0,2.4,1928.0,71525.0,77,-0.0,0.0,0.0,0.0
r0103_c0093,40.6879969,-73.7962602,Residential,60,355.56,0.125,2.2,1937.0,89548.0,86,0.648,0.0,133.33,0.0
r0103_c0094,40.6879969,-73.7944773,Residential,56,44.44,0.0,1.4,1945.0,73180.0,63,1.1321,0.0,44.44,1.0
r0103_c0095,40.6879969,-73.7926944,Residential,68,88.89,0.0,1.4,1949.0,73882.0,69,0.0828,0.0,0.0,0.0
r0103_c0096,40.6879969,-73.7909114,Residential,57,0.0,0.0,2.0,1949.0,93474.0,67,1.519,0.0,0.0,0.0
r0103_c0097,40.6879969,-73.7891285,Residential,46,0.0,0.0,1.9,1944.0,61689.0,43,1.0007,0.0,0.0,0.0
r0103_c0098,40.6879969,-73.7873456,Residential,44,44.44,0.0,2.0,1947.0,60511.0,49,1.1899,0.0,0.0,0.0
r0103_c0099,40.6879969,-73.7855627,Mixed-Use,18,133.33,0.0,2.1,1971.0,67646.0,17,1.663,0.0,0.0,0.0
r0103_c0100,40.6879969,-73.7837798,Mixed-Use,23,177.78,0.0,1.9,1970.0,126939.0,25,1.1242,44.44,0.0,0.0
r0103_c0101,40.6879969,-73.7819969,Residential,30,355.56,0.0,2.0,1957.0,98580.0,46,1.4064,0.0,0.0,0.0
r0103_c0102,40.6879969,-73.780214,Residential,54,44.44,0.0,2.1,1931.0,73200.0,81,0.1541,0.0,0.0,0.0
r0103_c0103,40.6879969,-73.7784311,Residential,55,0.0,0.0,2.4,1929.0,73664.0,87,0.1739,0.0,0.0,0.0
r0103_c0104,40.6879969,-73.7766481,Residential,50,222.22,0.0,2.2,1945.0,105498.0,66,1.4848,0.0,133.33,0.0
r0103_c0105,40.6879969,-73.7748652,Residential,11,577.78,0.0,1.9,1972.0,15861.0,11,1.3755,133.33,0.0,0.0
r0103_c0110,40.6879969,-73.7659507,Residential,34,88.89,0.0,2.2,1943.0,57422.0,59,-0.0,0.0,0.0,0.0
r0103_c0111,40.6879969,-73.7641678,Residential,39,88.89,0.0,1.7,1942.0,74332.0,56,1.7472,0.0,0.0,0.0
r0103_c0112,40.6879969,-73.7623848,Residential,44,88.89,0.0,1.9,1955.0,73984.0,63,0.5494,0.0,44.44,0.0
r0103_c0113,40.6879969,-73.7606019,Residential,45,133.33,0.0,2.3,1929.0,74504.0,75,0.3912,0.0,0.0,0.0
r0103_c0114,40.6879969,-73.758819,Residential,46,133.33,0.0,2.2,1941.0,68089.0,70,0.3188,0.0,44.44,0.0
r0103_c0115,40.6879969,-73.7570361,Residential,48,266.67,0.0,2.0,1944.0,61230.0,60,0.2673,0.0,0.0,0.0
r0103_c0116,40.6879969,-73.7552532,Residential,50,44.44,0.0,1.8,1944.0,74783.0,71,0.3023,0.0,0.0,0.0
r0103_c0117,40.6879969,-73.7534703,Residential,46,44.44,0.0,1.8,1947.0,68914.0,73,0.0998,0.0,0.0,0.0
r0103_c0118,40.6879969,-73.7516874,Residential,47,0.0,0.0,1.7,1942.0,59822.0,84,-0.0,0.0,0.0,0.0
r0103_c0119,40.6879969,-73.7499045,Residential,35,44.44,0.0,1.9,1939.0,43385.0,59,-0.0,0.0,0.0,0.0
r0103_c0122,40.6879969,-73.7445557,Residential,8,44.44,0.0,1.5,1950.0,8385.0,12,-0.0,0.0,0.0,0.0
r0103_c0123,40.6879969,-73.7427728,Residential,15,1111.11,0.0,1.6,1948.0,17814.0,27,-0.0,0.0,0.0,0.0
r0103_c0124,40.6879969,-73.7409899,Residential,30,0.0,0.0,1.6,1945.0,36813.0,48,-0.0,0.0,0.0,0.0
r0103_c0125,40.6879969,-73.739207,Residential,41,0.0,0.0,1.6,1943.0,48475.0,75,-0.0,0.0,0.0,0.0
r0103_c0126,40.6879969,-73.7374241,Residential,41,0.0,0.0,1.8,1945.0,58791.0,65,-0.0,0.0,0.0,0.0
r0103_c0127,40.6879969,-73.7356412,Residential,37,44.44,0.0,1.7,1944.0,52036.0,55,-0.0,0.0,0.0,0.0
r0103_c0128,40.6879969,-73.7338583,Residential,41,44.44,0.0,1.6,1947.0,49432.0,66,0.022,0.0,0.0,0.0
r0103_c0129,40.6879969,-73.7320753,Residential,45,44.44,0.0,1.6,1944.0,58184.0,86,-0.0,0.0,0.0,0.0
r0103_c0130,40.6879969,-73.7302924,Residential,38,0.0,0.0,1.5,1944.0,45781.0,72,-0.0,0.0,0.0,0.0
r0103_c0131,40.6879969,-73.7285095,Residential,40,88.89,0.0,1.6,1946.0,48408.0,76,-0.0,0.0,0.0,0.0
r0103_c0132,40.6879969,-73.7267266,Residential,12,88.89,0.0,1.6,1944.0,11530.0,20,-0.0,0.0,0.0,0.0
r0104_c0053,40.6893483,-73.8675767,Residential,38,533.33,0.0,2.1,1919.0,75083.0,49,0.8323,0.0,44.44,1.0
r0104_c0054,40.6893483,-73.8657937,Residential,65,88.89,0.0,2.1,1917.0,100608.0,95,0.5136,0.0,0.0,0.0
r0104_c0055,40.6893483,-73.8640108,Residential,69,133.33,0.3333,2.1,1921.0,123118.0,100,0.5392,0.0,0.0,0.0
r0104_c0056,40.6893483,-73.8622279,Residential,58,133.33,0.0,2.1,1918.0,104219.0,91,0.7865,0.0,0.0,0.0
r0104_c0057,40.6893483,-73.860445,Residential,73,88.89,0.0,2.1,1911.0,127250.0,121,0.2645,0.0,0.0,0.0
r0104_c0058,40.6893483,-73.8586621,Residential,84,88.89,0.0,2.1,1913.0,152815.0,107,0.866,0.0,0.0,0.0
r0104_c0059,40.6893483,-73.8568792,Residential,82,266.67,0.0,2.2,1918.0,144856.0,103,0.6482,0.0,0.0,0.0
r0104_c0060,40.6893483,-73.8550963,Residential,94,177.78,0.0,2.1,1923.0,152668.0,104,0.7365,0.0,0.0,0.0
r0104_c0061,40.6893483,-73.8533134,Residential,73,133.33,0.0,2.1,1918.0,101578.0,91,0.523,0.0,0.0,0.0
r0104_c0062,40.6893483,-73.8515304,Residential,88,177.78,0.0,2.0,1920.0,132998.0,112,0.3769,0.0,0.0,0.0
r0104_c0063,40.6893483,-73.8497475,Residential,50,177.78,0.0,2.1,1922.0,88664.0,62,1.4491,0.0,0.0,0.0
r0104_c0064,40.6893483,-73.8479646,Residential,85,0.0,0.0,2.1,1921.0,115517.0,115,0.0892,0.0,0.0,0.0
r0104_c0065,40.6893483,-73.8461817,Residential,47,177.78,0.25,2.3,1923.0,74117.0,61,1.9294,0.0,0.0,0.0
r0104_c0066,40.6893483,-73.8443988,Mixed-Use,29,133.33,0.3333,2.0,1926.0,63895.0,34,1.7845,0.0,44.44,0.0
r0104_c0067,40.6893483,-73.8426159,Industrial,20,444.44,0.3,1.6,1932.0,164862.0,22,1.8344,0.0,222.22,0.4
r0104_c0068,40.6893483,-73.840833,Institutional,32,444.44,0.1,2.2,1928.0,215679.0,44,1.7808,0.0,88.89,0.0
r0104_c0069,40.6893483,-73.8390501,Residential,62,88.89,0.0,2.2,1919.0,115392.0,103,0.2651,0.0,0.0,0.0
r0104_c0070,40.6893483,-73.8372672,Residential,58,133.33,0.0,2.4,1932.0,108499.0,93,0.5956,0.0,0.0,0.0
r0104_c0071,40.6893483,-73.8354842,Residential,55,44.44,0.0,2.2,1929.0,96133.0,83,0.4769,0.0,0.0,0.0
r0104_c0072,40.6893483,-73.8337013,Residential,65,0.0,0.0,2.3,1928.0,127469.0,93,0.6013,0.0,0.0,0.0
r0104_c0073,40.6893483,-73.8319184,Residential,63,44.44,0.0,2.5,1935.0,131129.0,96,0.6318,0.0,0.0,0.0
r0104_c0074,40.6893483,-73.8301355,Residential,67,266.67,0.1667,2.2,1923.0,147442.0,99,1.3022,0.0,133.33,0.0
r0104_c0075,40.6893483,-73.8283526,Residential,48,533.33,0.25,2.0,1931.0,120780.0,59,2.3004,0.0,266.67,0.0
r0104_c0076,40.6893483,-73.8265697,Residential,52,844.44,0.1579,2.3,1922.0,134596.0,75,2.1388,0.0,266.67,0.0
r0104_c0077,40.6893483,-73.8247868,Residential,48,222.22,0.4,2.5,1924.0,117707.0,83,1.4961,0.0,44.44,0.0
r0104_c0078,40.6893483,-73.8230039,Residential,55,44.44,0.0,2.3,1936.0,110701.0,82,0.5783,0.0,0.0,0.0
r0104_c0079,40.6893483,-73.8212209,Residential,57,0.0,0.0,2.3,1923.0,105010.0,98,0.3407,0.0,0.0,0.0
r0104_c0080,40.6893483,-73.819438,Residential,65,0.0,0.0,2.3,1927.0,108573.0,113,0.5257,0.0,0.0,0.0
r0104_c0081,40.6893483,-73.8176551,Residential,69,355.56,0.375,2.0,1930.0,129236.0,105,1.5705,0.0,266.67,0.1667
r0104_c0082,40.6893483,-73.8158722,Residential,56,800.0,0.2778,2.1,1938.0,151171.0,75,2.3173,0.0,444.44,0.0
r0104_c0083,40.6893483,-73.8140893,Residential,68,177.78,0.0,2.3,1930.0,102007.0,106,1.2384,0.0,44.44,0.0
r0104_c0084,40.6893483,-73.8123064,Residential,61,44.44,0.0,2.2,1924.0,80042.0,94,0.4424,0.0,0.0,0.0
r0104_c0085,40.6893483,-73.8105235,Residential,57,44.44,0.0,2.3,1932.0,98155.0,96,-0.0,0.0,0.0,0.0
r0104_c0086,40.6893483,-73.8087406,Residential,23,355.56,0.0,2.4,1917.0,34244.0,30,0.5384,0.0,0.0,0.0
r0104_c0087,40.6893483,-73.8069576,Residential,68,0.0,0.0,2.4,1926.0,96253.0,96,0.4941,0.0,0.0,0.0
r0104_c0088,40.6893483,-73.8051747,Residential,52,222.22,0.0,2.3,1938.0,95869.0,67,0.8287,0.0,0.0,0.0
r0104_c0089,40.6893483,-73.8033918,Residential,54,266.67,0.0,2.2,1946.0,106760.0,66,1.4029,0.0,88.89,0.5
r0104_c0090,40.6893483,-73.8016089,Residential,47,44.44,0.0,2.3,1942.0,81814.0,67,0.927,0.0,0.0,0.0
r0104_c0091,40.6893483,-73.799826,Residential,48,177.78,0.0,2.3,1944.0,116199.0,69,1.267,0.0,0.0,0.0
r0104_c0092,40.6893483,-73.7980431,Residential,49,44.44,0.0,2.3,1935.0,100526.0,75,1.0757,0.0,0.0,0.0
r0104_c0093,40.6893483,-73.7962602,Residential,48,444.44,0.3,2.1,1935.0,95134.0,62,1.9415,0.0,266.67,0.0
r0104_c0094,40.6893483,-73.7944773,Residential,45,44.44,0.0,1.6,1954.0,65869.0,55,0.2194,0.0,0.0,0.0
r0104_c0095,40.6893483,-73.7926944,Residential,49,0.0,0.0,2.0,1944.0,67719.0,55,0.1072,0.0,0.0,0.0
r0104_c0096,40.6893483,-73.7909114,Residential,70,88.89,0.0,2.2,1945.0,111600.0,85,0.5412,0.0,0.0,0.0
r0104_c0097,40.6893483,-73.7891285,Mixed-Use,33,44.44,0.0,1.7,1943.0,76095.0,44,1.8832,0.0,0.0,0.0
r0104_c0098,40.6893483,-73.7873456,Residential,44,0.0,0.0,2.1,1960.0,68760.0,47,0.5773,0.0,0.0,0.0
r0104_c0099,40.6893483,-73.7855627,Residential,31,311.11,0.1429,1.9,1981.0,64561.0,33,1.6166,0.0,88.89,0.0
r0104_c0100,40.6893483,-73.7837798,Residential,25,0.0,0.0,1.9,1977.0,43951.0,28,-0.0,0.0,0.0,0.0
r0104_c0101,40.6893483,-73.7819969,Residential,59,88.89,0.0,2.1,1933.0,74797.0,74,0.4318,0.0,0.0,0.0
r0104_c0102,40.6893483,-73.780214,Residential,45,177.78,0.0,2.1,1934.0,64674.0,69,0.7982,0.0,0.0,0.0
r0104_c0103,40.6893483,-73.7784311,Residential,32,177.78,0.25,2.2,1935.0,63455.0,54,1.2959,0.0,88.89,0.0
r0104_c0104,40.6893483,-73.7766481,Residential,46,133.33,0.0,2.0,1943.0,79150.0,67,1.5182,0.0,44.44,0.0
r0104_c0105,40.6893483,-73.7748652,Residential,41,222.22,0.0,2.3,1937.0,67428.0,64,1.0771,88.89,0.0,0.0
r0104_c0111,40.6893483,-73.7641678,Institutional,15,88.89,0.0,2.2,1953.0,48996.0,18,1.0285,0.0,0.0,0.0
r0104_c0112,40.6893483,-73.7623848,Residential,29,44.44,0.0,2.2,1949.0,135099.0,50,1.0481,0.0,0.0,0.0
r0104_c0113,40.6893483,-73.7606019,Residential,45,177.78,0.0,2.2,1939.0,77737.0,71,0.2373,0.0,0.0,0.0
r0104_c0114,40.6893483,-73.758819,Residential,40,88.89,0.0,2.2,1937.0,70832.0,72,0.9246,0.0,0.0,0.0
r0104_c0115,40.6893483,-73.7570361,Residential,46,0.0,0.0,2.2,1932.0,78537.0,85,0.4155,0.0,0.0,0.0
r0104_c0116,40.6893483,-73.7552532,Residential,45,88.89,0.0,2.1,1939.0,72159.0,77,0.2887,0.0,0.0,0.0
r0104_c0117,40.6893483,-73.7534703,Residential,45,88.89,0.0,1.8,1960.0,74653.0,72,0.7491,0.0,0.0,0.0
r0104_c0118,40.6893483,-73.7516874,Residential,45,133.33,0.0,1.8,1960.0,62165.0,62,0.1854,0.0,0.0,0.0
r0104_c0119,40.6893483,-73.7499045,Residential,49,88.89,0.0,1.8,1960.0,73790.0,68,-0.0,0.0,0.0,0.0
r0104_c0120,40.6893483,-73.7481216,Residential,13,0.0,0.0,1.5,1956.0,17871.0,13,1.493,0.0,0.0,0.0
r0104_c0121,40.6893483,-73.7463386,Residential,26,0.0,0.0,1.7,1949.0,35095.0,30,-0.0,0.0,0.0,0.0
r0104_c0122,40.6893483,-73.7445557,Residential,35,88.89,0.0,1.7,1946.0,48113.0,44,-0.0,0.0,0.0,0.0
r0104_c0123,40.6893483,-73.7427728,Open Space,8,755.56,0.0,1.5,1946.0,8833.0,12,0.5686,0.0,0.0,0.0
r0104_c0124,40.6893483,-73.7409899,Residential,34,0.0,0.0,1.8,1944.0,40100.0,64,0.219,0.0,0.0,0.0
r0104_c0125,40.6893483,-73.739207,Residential,39,0.0,0.0,1.7,1942.0,48393.0,75,-0.0,0.0,0.0,0.0
r0104_c0126,40.6893483,-73.7374241,Residential,40,0.0,0.0,1.6,1945.0,48751.0,76,-0.0,0.0,0.0,0.0
r0104_c0127,40.6893483,-73.7356412,Residential,40,88.89,0.0,1.6,1945.0,49977.0,78,-0.0,0.0,0.0,0.0
r0104_c0128,40.6893483,-73.7338583,Residential,40,44.44,0.0,1.5,1945.0,49027.0,74,-0.0,0.0,0.0,0.0
r0104_c0129,40.6893483,-73.7320753,Residential,39,133.33,0.0,1.6,1948.0,48768.0,76,-0.0,0.0,0.0,0.0
r0104_c0130,40.6893483,-73.7302924,Residential,46,133.33,0.0,1.6,1946.0,58367.0,85,0.0852,0.0,0.0,0.0
r0104_c0131,40.6893483,-73.7285095,Residential,35,133.33,0.0,1.6,1946.0,47452.0,55,0.1817,0.0,0.0,0.0
r0104_c0132,40.6893483,-73.7267266,Residential,7,755.56,0.1765,1.7,1946.0,13063.0,13,0.9791,0.0,44.44,0.0
r0105_c0053,40.6906996,-73.8675767,Residential,52,488.89,0.2727,2.0,1906.0,141816.0,61,1.7231,44.44,44.44,0.0
r0105_c0054,40.6906996,-73.8657937,Residential,65,222.22,0.4,2.1,1922.0,185556.0,80,1.6607,0.0,44.44,0.0
r0105_c0055,40.6906996,-73.8640108,Residential,73,88.89,0.0,2.1,1929.0,154654.0,89,0.7114,0.0,0.0,0.0
r0105_c0056,40.6906996,-73.8622279,Residential,66,311.11,0.0,2.1,1915.0,128411.0,95,1.0627,0.0,0.0,0.0
r0105_c0057,40.6906996,-73.860445,Residential,73,266.67,0.0,2.1,1925.0,118599.0,115,0.1003,0.0,0.0,0.0
r0105_c0058,40.6906996,-73.8586621,Residential,81,266.67,0.0,2.1,1914.0,157973.0,103,0.7517,0.0,0.0,0.0
r0105_c0059,40.6906996,-73.8568792,Residential,78,133.33,0.0,2.1,1912.0,154049.0,90,0.4815,0.0,0.0,0.0
r0105_c0060,40.6906996,-73.8550963,Residential,82,177.78,0.0,2.3,1920.0,137437.0,100,0.4348,0.0,0.0,0.0
r0105_c0061,40.6906996,-73.8533134,Residential,48,133.33,0.0,2.2,1921.0,87981.0,60,1.1242,0.0,0.0,0.0
r0105_c0062,40.6906996,-73.8515304,Residential,57,222.22,0.0,2.2,1926.0,84626.0,86,0.527,0.0,0.0,0.0
r0105_c0063,40.6906996,-73.8497475,Residential,46,311.11,0.0,2.0,2005.0,94400.0,67,0.0001,0.0,0.0,0.0
r0105_c0064,40.6906996,-73.8479646,Residential,58,311.11,0.0,2.2,1947.0,122569.0,83,0.4118,0.0,0.0,0.0
r0105_c0065,40.6906996,-73.8461817,Residential,48,133.33,0.0,2.6,1922.0,91436.0,81,0.6513,0.0,0.0,0.0
r0105_c0066,40.6906996,-73.8443988,Residential,51,222.22,0.0,2.1,1919.0,169352.0,63,1.7125,0.0,0.0,0.0
r0105_c0067,40.6906996,-73.8426159,Residential,56,266.67,0.0,2.1,1922.0,97777.0,77,1.6928,0.0,133.33,0.0
r0105_c0068,40.6906996,-73.840833,Residential,36,444.44,0.2,2.0,1934.0,68530.0,49,1.6997,44.44,88.89,0.0
r0105_c0069,40.6906996,-73.8390501,Mixed-Use,40,133.33,0.0,2.1,1920.0,70392.0,50,2.0519,0.0,0.0,0.0
r0105_c0070,40.6906996,-73.8372672,Residential,51,266.67,0.3333,2.3,1936.0,88185.0,69,2.1283,0.0,44.44,1.0
r0105_c0071,40.6906996,-73.8354842,Residential,56,222.22,0.0,2.2,1937.0,115003.0,87,0.4675,0.0,0.0,0.0
r0105_c0072,40.6906996,-73.8337013,Residential,55,177.78,0.0,2.2,1933.0,113550.0,74,0.8705,0.0,0.0,0.0
r0105_c0073,40.6906996,-73.8319184,Residential,63,88.89,0.0,2.3,1936.0,131434.0,91,0.6818,0.0,0.0,0.0
r0105_c0074,40.6906996,-73.8301355,Residential,71,44.44,0.0,2.3,1926.0,133291.0,102,0.7161,0.0,0.0,0.0
r0105_c0075,40.6906996,-73.8283526,Residential,53,311.11,0.0,2.4,1926.0,181762.0,82,1.4694,0.0,0.0,0.0
r0105_c0076,40.6906996,-73.8265697,Residential,51,222.22,0.0,2.4,1932.0,134581.0,72,1.8016,0.0,88.89,0.0
r0105_c0077,40.6906996,-73.8247868,Residential,43,311.11,0.2857,2.4,1932.0,127217.0,60,1.848,0.0,133.33,0.0
r0105_c0078,40.6906996,-73.8230039,Residential,44,133.33,0.0,2.0,1930.0,105994.0,61,2.512,0.0,88.89,0.5
r0105_c0079,40.6906996,-73.8212209,Institutional,31,444.44,0.2,2.2,1918.0,129812.0,43,1.4038,0.0,44.44,0.0
r0105_c0080,40.6906996,-73.819438,Residential,76,88.89,0.0,2.2,1927.0,112057.0,131,0.5627,0.0,0.0,0.0
r0105_c0081,40.6906996,-73.8176551,Residential,60,44.44,0.0,2.2,1922.0,92384.0,113,0.5129,0.0,0.0,0.0
r0105_c0082,40.6906996,-73.8158722,Residential,58,88.89,0.0,2.2,1924.0,110232.0,93,1.115,0.0,0.0,0.0
r0105_c0083,40.6906996,-73.8140893,Residential,55,933.33,0.3333,2.0,1933.0,108170.0,74,1.768,0.0,400.0,0.1111
r0105_c0084,40.6906996,-73.8123064,Residential,43,266.67,0.0,2.2,1934.0,92037.0,63,1.1429,0.0,88.89,0.5
r0105_c0085,40.6906996,-73.8105235,Residential,28,0.0,0.0,2.3,1946.0,48312.0,43,0.5307,0.0,0.0,0.0
r0105_c0086,40.6906996,-73.8087406,Residential,40,444.44,0.0,2.3,1927.0,58319.0,52,1.1447,0.0,0.0,0.0
r0105_c0087,40.6906996,-73.8069576,Residential,62,44.44,0.0,2.4,1935.0,99415.0,77,0.7474,0.0,0.0,0.0
r0105_c0088,40.6906996,-73.8051747,Residential,56,133.33,0.0,2.3,1934.0,91522.0,76,0.481,0.0,0.0,0.0
r0105_c0089,40.6906996,-73.8033918,Residential,54,177.78,0.0,2.3,1931.0,96057.0,80,1.0161,0.0,44.44,0.0
r0105_c0090,40.6906996,-73.8016089,Residential,50,133.33,0.0,2.5,1936.0,112588.0,74,1.3084,0.0,88.89,0.0
r0105_c0091,40.6906996,-73.799826,Residential,45,133.33,0.0,2.4,1929.0,99941.0,77,1.1141,0.0,0.0,0.0
r0105_c0092,40.6906996,-73.7980431,Residential,45,311.11,0.0,2.3,1948.0,152883.0,55,2.1557,44.44,0.0,0.0
r0105_c0093,40.6906996,-73.7962602,Residential,55,0.0,0.0,2.1,1954.0,107307.0,69,0.9929,0.0,0.0,0.0
r0105_c0094,40.6906996,-73.7944773,Residential,39,44.44,0.0,1.6,1992.0,61605.0,45,0.1118,0.0,0.0,0.0
r0105_c0095,40.6906996,-73.7926944,Residential,71,133.33,0.0,2.2,1936.0,98785.0,84,0.6695,0.0,0.0,0.0
r0105_c0096,40.6906996,-73.7909114,Residential,44,44.44,0.0,2.1,1937.0,56866.0,61,-0.0,0.0,0.0,0.0
r0105_c0097,40.6906996,-73.7891285,Residential,41,0.0,0.0,2.3,1936.0,61981.0,51,0.2921,0.0,0.0,0.0
r0105_c0098,40.6906996,-73.7873456,Institutional,23,88.89,0.0,2.6,1948.0,154012.0,25,1.8738,0.0,44.44,0.0
r0105_c0099,40.6906996,-73.7855627,Residential,53,133.33,0.0,2.1,1950.0,97832.0,68,1.1293,0.0,0.0,0.0
r0105_c0100,40.6906996,-73.7837798,Residential,22,0.0,0.0,2.3,1988.0,276305.0,25,1.0458,0.0,0.0,0.0
r0105_c0101,40.6906996,-73.7819969,Residential,43,133.33,0.0,1.7,1943.0,110493.0,47,0.8955,0.0,0.0,0.0
r0105_c0102,40.6906996,-73.780214,Residential,42,44.44,0.0,1.9,1956.0,120750.0,51,0.7671,0.0,0.0,0.0
r0105_c0103,40.6906996,-73.7784311,Residential,37,444.44,0.1,2.0,1938.0,103665.0,52,2.112,0.0,133.33,0.0
r0105_c0104,40.6906996,-73.7766481,Residential,41,0.0,0.0,2.4,1935.0,73744.0,72,0.2087,0.0,0.0,0.0
r0105_c0105,40.6906996,-73.7748652,Residential,32,88.89,0.0,2.3,1939.0,54223.0,59,0.2012,0.0,0.0,0.0
r0105_c0111,40.6906996,-73.7641678,Residential,55,88.89,0.0,2.0,1934.0,107616.0,54,1.2685,0.0,0.0,0.0
r0105_c0112,40.6906996,-73.7623848,Residential,36,400.0,0.2222,2.0,1952.0,94980.0,49,2.3378,0.0,266.67,0.1667
r0105_c0113,40.6906996,-73.7606019,Residential,52,44.44,0.0,2.3,1931.0,82681.0,85,-0.0,0.0,0.0,0.0
r0105_c0114,40.6906996,-73.758819,Residential,59,88.89,0.0,2.2,1932.0,85389.0,91,0.3267,0.0,0.0,0.0
r0105_c0115,40.6906996,-73.7570361,Residential,51,0.0,0.0,2.2,1935.0,75578.0,89,0.21,0.0,0.0,0.0
r0105_c0116,40.6906996,-73.7552532,Residential,41,44.44,0.0,2.2,1931.0,69172.0,70,-0.0,0.0,0.0,0.0
r0105_c0117,40.6906996,-73.7534703,Residential,44,133.33,0.0,2.1,1947.0,79210.0,74,0.9034,0.0,0.0,0.0
r0105_c0118,40.6906996,-73.7516874,Residential,47,0.0,0.0,1.9,1944.0,69140.0,79,0.078,0.0,0.0,0.0
r0105_c0119,40.6906996,-73.7499045,Residential,47,133.33,0.0,1.9,1950.0,58550.0,69,0.2374,0.0,0.0,0.0
r0105_c0120,40.6906996,-73.7481216,Residential,44,88.89,0.0,1.8,1966.0,72922.0,55,0.4345,0.0,0.0,0.0
r0105_c0121,40.6906996,-73.7463386,Residential,34,88.89,0.0,1.7,1953.0,49164.0,42,-0.0,0.0,0.0,0.0
r0105_c0122,40.6906996,-73.7445557,Residential,34,0.0,0.0,1.7,1949.0,46496.0,40,-0.0,0.0,0.0,0.0
r0105_c0123,40.6906996,-73.7427728,Residential,31,88.89,0.0,1.7,1944.0,44359.0,51,-0.0,0.0,0.0,0.0
r0105_c0124,40.6906996,-73.7409899,Residential,45,88.89,0.0,1.6,1944.0,53644.0,82,-0.0,0.0,0.0,0.0
r0105_c0125,40.6906996,-73.739207,Residential,39,0.0,0.0,1.5,1944.0,50828.0,76,-0.0,0.0,0.0,0.0
r0105_c0126,40.6906996,-73.7374241,Residential,40,44.44,0.0,1.7,1946.0,51709.0,74,-0.0,0.0,0.0,0.0
r0105_c0127,40.6906996,-73.7356412,Residential,44,133.33,0.0,1.6,1948.0,56121.0,81,-0.0,0.0,0.0,0.0
r0105_c0128,40.6906996,-73.7338583,Residential,41,88.89,0.0,1.6,1945.0,50343.0,79,-0.0,0.0,0.0,0.0
r0105_c0129,40.6906996,-73.7320753,Residential,37,44.44,0.0,1.5,1947.0,44571.0,70,-0.0,0.0,0.0,0.0
r0105_c0130,40.6906996,-73.7302924,Residential,45,0.0,0.0,1.7,1956.0,63307.0,65,-0.0,0.0,0.0,0.0
r0105_c0131,40.6906996,-73.7285095,Residential,34,266.67,0.5,1.6,1957.0,65847.0,44,1.1045,0.0,133.33,0.0
r0106_c0033,40.692051,-73.9032349,Mixed-Use,4,2533.33,0.1754,1.5,1926.0,6500.0,2,1.0137,44.44,888.89,0.05
r0106_c0034,40.692051,-73.901452,Mixed-Use,5,44.44,0.0,1.0,1939.0,44259.0,4,1.2819,0.0,0.0,0.0
r0106_c0036,40.692051,-73.8978862,Open Space,3,0.0,0.0,2.0,1910.0,648.0,3,0.1585,0.0,0.0,0.0
r0106_c0037,40.692051,-73.8961033,Residential,18,133.33,0.0,1.7,1921.0,39258.0,30,1.059,0.0,0.0,0.0
r0106_c0038,40.692051,-73.8943203,Residential,6,44.44,0.0,3.5,1985.0,53021.0,5,1.9007,44.44,0.0,0.0
r0106_c0044,40.692051,-73.8836229,Open Space,3,400.0,0.0,1.5,1939.0,10120.0,2,-0.0,44.44,0.0,0.0
r0106_c0053,40.692051,-73.8675767,Institutional,31,222.22,0.0,1.6,1955.0,76073.0,31,1.3331,0.0,0.0,0.0
r0106_c0054,40.692051,-73.8657937,Residential,66,266.67,0.5,2.3,1929.0,221676.0,73,1.3874,0.0,133.33,0.3333
r0106_c0055,40.692051,-73.8640108,Residential,74,444.44,0.3,2.1,1924.0,173120.0,101,1.9831,0.0,177.78,0.25
r0106_c0056,40.692051,-73.8622279,Mixed-Use,71,577.78,0.3846,2.3,1922.0,194856.0,80,2.0701,0.0,222.22,0.0
r0106_c0057,40.692051,-73.860445,Residential,63,933.33,0.381,2.1,1931.0,154468.0,78,1.5209,0.0,266.67,0.0
r0106_c0058,40.692051,-73.8586621,Residential,66,1244.44,0.3571,2.1,1913.0,173547.0,69,1.7308,44.44,577.78,0.0769
r0106_c0059,40.692051,-73.8568792,Residential,69,444.44,0.0,2.3,1917.0,276337.0,73,1.8618,0.0,133.33,0.0
r0106_c0060,40.692051,-73.8550963,Residential,79,311.11,0.1429,2.4,1925.0,163304.0,102,1.5806,0.0,44.44,0.0
r0106_c0061,40.692051,-73.8533134,Residential,44,88.89,0.0,2.3,1914.0,318311.0,56,1.7297,0.0,0.0,0.0
r0106_c0062,40.692051,-73.8515304,Residential,42,0.0,0.0,2.4,1915.0,159182.0,63,1.1311,0.0,0.0,0.0
r0106_c0063,40.692051,-73.8497475,Residential,45,400.0,0.0,2.6,1935.0,95534.0,83,0.5296,0.0,0.0,0.0
r0106_c0064,40.692051,-73.8479646,Residential,42,222.22,0.0,2.4,1915.0,130126.0,70,1.4509,0.0,0.0,0.0
r0106_c0065,40.692051,-73.8461817,Residential,40,355.56,0.0,2.5,1923.0,74223.0,75,1.0905,0.0,0.0,0.0
r0106_c0066,40.692051,-73.8443988,Residential,51,0.0,0.0,2.1,1934.0,159524.0,70,1.4667,0.0,0.0,0.0
r0106_c0067,40.692051,-73.8426159,Residential,58,44.44,0.0,2.2,1922.0,132821.0,90,1.2519,0.0,0.0,0.0
r0106_c0068,40.692051,-73.840833,Residential,76,0.0,0.0,2.1,1926.0,128611.0,98,0.7455,0.0,0.0,0.0
r0106_c0069,40.692051,-73.8390501,Residential,66,177.78,0.0,2.2,1918.0,111632.0,87,1.0103,0.0,0.0,0.0
r0106_c0070,40.692051,-73.8372672,Residential,57,311.11,0.0,2.1,1922.0,105408.0,67,1.5751,0.0,177.78,0.25
r0106_c0071,40.692051,-73.8354842,Mixed-Use,41,266.67,0.0,2.0,1929.0,124984.0,53,2.1888,0.0,133.33,0.0
r0106_c0072,40.692051,-73.8337013,Residential,36,622.22,0.0714,2.1,1932.0,82645.0,51,1.6801,0.0,266.67,0.1667
r0106_c0073,40.692051,-73.8319184,Residential,65,0.0,0.0,2.5,1930.0,166976.0,87,1.3235,0.0,0.0,0.0
r0106_c0074,40.692051,-73.8301355,Residential,70,88.89,0.0,2.3,1921.0,119497.0,94,0.6895,0.0,44.44,0.0
r0106_c0075,40.692051,-73.8283526,Residential,43,0.0,0.0,2.6,1935.0,104343.0,59,1.5035,0.0,0.0,0.0
r0106_c0076,40.692051,-73.8265697,Residential,37,0.0,0.0,2.5,1932.0,90729.0,60,0.7619,0.0,0.0,0.0
r0106_c0077,40.692051,-73.8247868,Residential,54,0.0,0.0,2.4,1930.0,145677.0,85,0.8742,0.0,0.0,0.0
r0106_c0078,40.692051,-73.8230039,Residential,43,0.0,0.0,2.5,1917.0,89059.0,72,0.6392,0.0,0.0,0.0
r0106_c0079,40.692051,-73.8212209,Residential,66,133.33,0.3333,2.3,1926.0,140389.0,99,1.4488,0.0,44.44,0.0
r0106_c0080,40.692051,-73.819438,Residential,58,177.78,0.25,2.3,1928.0,139817.0,83,1.7459,0.0,88.89,0.0
r0106_c0081,40.692051,-73.8176551,Residential,63,133.33,0.6667,2.3,1930.0,122725.0,99,1.2288,0.0,44.44,0.0
r0106_c0082,40.692051,-73.8158722,Residential,64,88.89,0.0,2.3,1923.0,112007.0,104,1.0617,0.0,0.0,0.0
r0106_c0083,40.692051,-73.8140893,Residential,68,0.0,0.0,2.3,1919.0,97692.0,116,0.5018,0.0,0.0,0.0
r0106_c0084,40.692051,-73.8123064,Residential,67,533.33,0.5,2.3,1932.0,133055.0,100,1.4217,0.0,222.22,0.0
r0106_c0085,40.692051,-73.8105235,Residential,24,133.33,0.0,2.2,1940.0,52710.0,28,2.2327,0.0,88.89,0.5
r0106_c0086,40.692051,-73.8087406,Residential,54,177.78,0.25,2.1,1935.0,125365.0,67,1.1476,44.44,44.44,0.0
r0106_c0087,40.692051,-73.8069576,Residential,60,88.89,0.0,2.4,1941.0,112385.0,68,0.8146,0.0,0.0,0.0
r0106_c0088,40.692051,-73.8051747,Residential,53,44.44,0.0,2.4,1939.0,107629.0,68,0.5847,0.0,0.0,0.0
r0106_c0089,40.692051,-73.8033918,Residential,57,88.89,0.0,2.3,1926.0,100999.0,78,0.8025,0.0,0.0,0.0
r0106_c0090,40.692051,-73.8016089,Residential,57,44.44,0.0,2.4,1935.0,100614.0,75,0.9589,0.0,0.0,0.0
r0106_c0091,40.692051,-73.799826,Residential,56,222.22,0.0,2.3,1935.0,124924.0,80,1.6128,0.0,44.44,0.0
r0106_c0092,40.692051,-73.7980431,Residential,45,400.0,0.1111,1.9,1940.0,91920.0,47,2.0386,44.44,88.89,0.0
r0106_c0093,40.692051,-73.7962602,Residential,55,44.44,0.0,2.0,1998.0,102289.0,61,0.2503,0.0,0.0,0.0
r0106_c0094,40.692051,-73.7944773,Residential,64,88.89,0.0,2.0,1962.0,104264.0,73,0.4859,0.0,0.0,0.0
r0106_c0095,40.692051,-73.7926944,Residential,27,44.44,0.0,2.0,1940.0,42643.0,24,1.9185,0.0,0.0,0.0
r0106_c0096,40.692051,-73.7909114,Residential,54,44.44,0.0,2.2,1935.0,66757.0,59,1.0845,0.0,0.0,0.0
r0106_c0097,40.692051,-73.7891285,Residential,55,0.0,0.0,2.2,1945.0,71437.0,55,1.1088,0.0,0.0,0.0
r0106_c0098,40.692051,-73.7873456,Mixed-Use,49,133.33,0.0,2.1,1947.0,70940.0,44,1.8578,0.0,0.0,0.0
r0106_c0099,40.692051,-73.7855627,Residential,46,133.33,0.0,1.8,1952.0,64047.0,53,0.3911,0.0,0.0,0.0
r0106_c0100,40.692051,-73.7837798,Residential,55,44.44,0.0,1.8,1940.0,62348.0,84,-0.0,0.0,0.0,0.0
r0106_c0101,40.692051,-73.7819969,Residential,53,0.0,0.0,1.7,1946.0,61963.0,66,-0.0,0.0,0.0,0.0
r0106_c0102,40.692051,-73.780214,Open Space,17,622.22,0.0714,1.9,1953.0,31115.0,12,1.6439,44.44,88.89,0.5
r0106_c0103,40.692051,-73.7784311,Institutional,13,1022.22,0.0,2.0,1944.0,97856.0,16,1.9834,0.0,44.44,1.0
r0106_c0104,40.692051,-73.7766481,Residential,30,88.89,0.0,2.2,1940.0,61712.0,49,0.6404,0.0,0.0,0.0
r0106_c0105,40.692051,-73.7748652,Residential,35,133.33,0.0,2.4,1938.0,67336.0,65,0.2821,0.0,0.0,0.0
r0106_c0106,40.692051,-73.7730823,Residential,29,44.44,0.0,2.6,1944.0,60826.0,55,0.2169,0.0,0.0,0.0
r0106_c0107,40.692051,-73.7712994,Residential,20,44.44,0.0,1.5,1951.0,33074.0,26,0.293,0.0,0.0,0.0
r0106_c0108,40.692051,-73.7695165,Institutional,5,44.44,0.0,1.9,1944.0,11866.0,7,1.1453,0.0,0.0,0.0
r0106_c0109,40.692051,-73.7677336,Commercial,4,88.89,0.0,1.8,1974.0,38012.0,5,1.2303,0.0,44.44,0.0
r0106_c0110,40.692051,-73.7659507,Mixed-Use,23,666.67,0.0667,1.8,1936.0,56031.0,23,2.5017,88.89,222.22,0.0
r0106_c0111,40.692051,-73.7641678,Residential,41,311.11,0.0,2.0,1935.0,98767.0,49,1.9897,0.0,133.33,0.0
r0106_c0112,40.692051,-73.7623848,Mixed-Use,44,844.44,0.1579,2.0,1946.0,106965.0,50,2.2625,44.44,400.0,0.2222
r0106_c0113,40.692051,-73.7606019,Residential,41,577.78,0.1538,2.1,1938.0,118252.0,61,2.1766,0.0,177.78,0.0
r0106_c0114,40.692051,-73.758819,Residential,44,400.0,0.0,2.0,1934.0,64625.0,63,1.2232,44.44,311.11,0.0
r0106_c0115,40.692051,-73.7570361,Residential,48,0.0,0.0,2.2,1945.0,81336.0,71,0.086,0.0,0.0,0.0
r0106_c0116,40.692051,-73.7552532,Residential,56,88.89,0.0,2.4,1933.0,89218.0,91,0.1656,0.0,0.0,0.0
r0106_c0117,40.692051,-73.7534703,Residential,54,0.0,0.0,2.1,1934.0,83705.0,93,-0.0,0.0,0.0,0.0
r0106_c0118,40.692051,-73.7516874,Residential,55,0.0,0.0,2.3,1932.0,93423.0,94,0.3519,0.0,0.0,0.0
r0106_c0119,40.692051,-73.7499045,Residential,43,0.0,0.0,1.8,1947.0,65136.0,70,0.0946,0.0,0.0,0.0
r0106_c0120,40.692051,-73.7481216,Residential,45,0.0,0.0,1.7,1955.0,60274.0,58,0.0244,0.0,0.0,0.0
r0106_c0121,40.692051,-73.7463386,Residential,40,44.44,0.0,1.9,1959.0,73980.0,49,0.7129,0.0,0.0,0.0
r0106_c0122,40.692051,-73.7445557,Residential,28,88.89,0.0,1.7,1953.0,43484.0,41,0.7292,0.0,44.44,0.0
r0106_c0123,40.692051,-73.7427728,Residential,55,44.44,0.0,1.9,1939.0,80338.0,85,0.3452,0.0,0.0,0.0
r0106_c0124,40.692051,-73.7409899,Residential,41,0.0,0.0,1.8,1940.0,57026.0,77,-0.0,0.0,0.0,0.0
r0106_c0125,40.692051,-73.739207,Residential,44,0.0,0.0,1.6,1941.0,59732.0,84,-0.0,0.0,0.0,0.0
r0106_c0126,40.692051,-73.7374241,Residential,40,177.78,0.0,1.8,1942.0,53281.0,77,-0.0,0.0,44.44,0.0
r0106_c0127,40.692051,-73.7356412,Residential,42,0.0,0.0,1.6,1945.0,45838.0,78,0.0238,0.0,0.0,0.0
r0106_c0128,40.692051,-73.7338583,Residential,48,0.0,0.0,1.5,1946.0,60814.0,89,0.221,0.0,0.0,0.0
r0106_c0129,40.692051,-73.7320753,Residential,32,266.67,0.3333,1.6,1954.0,70231.0,51,1.097,0.0,88.89,0.0
r0106_c0130,40.692051,-73.7302924,Residential,54,311.11,0.1429,1.9,1951.0,87314.0,77,0.849,0.0,88.89,0.0
r0106_c0131,40.692051,-73.7285095,Residential,45,88.89,0.0,1.8,1948.0,59527.0,71,-0.0,0.0,0.0,0.0
r0107_c0033,40.6934023,-73.9032349,Mixed-Use,22,44.44,1.0,2.0,1936.0,150992.0,21,2.3852,0.0,0.0,0.0
r0107_c0034,40.6934023,-73.901452,Industrial,11,133.33,0.3333,1.4,1936.0,76735.0,13,1.4147,44.44,0.0,0.0
r0107_c0035,40.6934023,-73.8996691,Open Space,15,0.0,0.0,1.7,1930.0,114665.0,18,1.5161,0.0,0.0,0.0
r0107_c0036,40.6934023,-73.8978862,Residential,12,0.0,0.0,2.0,1938.0,18146.0,15,1.5405,0.0,0.0,0.0
r0107_c0037,40.6934023,-73.8961033,Residential,55,133.33,0.0,2.3,1964.0,121196.0,62,2.0671,0.0,44.44,0.0
r0107_c0038,40.6934023,-73.8943203,Residential,26,133.33,0.0,2.3,1968.0,60281.0,27,0.9946,0.0,0.0,0.0
r0107_c0053,40.6934023,-73.8675767,Residential,78,222.22,0.0,1.9,1954.0,188081.0,78,0.2713,0.0,0.0,0.0
r0107_c0054,40.6934023,-73.8657937,Residential,80,444.44,0.0,2.0,1918.0,136369.0,97,0.7257,0.0,0.0,0.0
r0107_c0055,40.6934023,-73.8640108,Residential,82,177.78,0.0,2.1,1916.0,134234.0,114,0.3787,0.0,0.0,0.0
r0107_c0056,40.6934023,-73.8622279,Residential,66,88.89,0.0,2.2,1925.0,254662.0,82,1.8115,0.0,0.0,0.0
r0107_c0057,40.6934023,-73.860445,Residential,48,44.44,0.0,2.3,1924.0,148889.0,80,1.5075,0.0,0.0,0.0
r0107_c0058,40.6934023,-73.8586621,Residential,63,311.11,0.1429,2.3,1923.0,158701.0,92,1.3155,0.0,88.89,0.0
r0107_c0059,40.6934023,-73.8568792,Residential,72,222.22,0.4,2.5,1918.0,182833.0,103,1.4587,0.0,44.44,0.0
r0107_c0060,40.6934023,-73.8550963,Residential,72,666.67,0.2667,2.3,1918.0,184812.0,79,1.4486,0.0,311.11,0.2857
r0107_c0061,40.6934023,-73.8533134,Mixed-Use,58,888.89,0.55,2.3,1926.0,198645.0,67,1.6154,0.0,400.0,0.1111
r0107_c0062,40.6934023,-73.8515304,Residential,33,444.44,0.3,2.6,1923.0,103198.0,50,1.527,0.0,177.78,0.0
r0107_c0063,40.6934023,-73.8497475,Residential,49,355.56,0.0,2.7,1924.0,110393.0,88,0.8773,0.0,0.0,0.0
r0107_c0064,40.6934023,-73.8479646,Residential,49,88.89,0.0,2.6,1901.0,114304.0,96,0.8259,0.0,0.0,0.0
r0107_c0065,40.6934023,-73.8461817,Residential,50,88.89,0.0,2.1,1918.0,105040.0,81,1.3208,0.0,0.0,0.0
r0107_c0066,40.6934023,-73.8443988,Residential,45,133.33,0.0,2.3,1929.0,154413.0,68,1.3473,0.0,0.0,0.0
r0107_c0067,40.6934023,-73.8426159,Residential,56,88.89,0.0,2.3,1923.0,129230.0,75,1.3474,0.0,0.0,0.0
r0107_c0068,40.6934023,-73.840833,Residential,63,311.11,0.0,2.3,1920.0,127031.0,91,0.7729,0.0,0.0,0.0
r0107_c0069,40.6934023,-73.8390501,Residential,52,0.0,0.0,2.4,1920.0,121425.0,80,0.7384,0.0,0.0,0.0
r0107_c0070,40.6934023,-73.8372672,Residential,76,133.33,0.0,2.2,1923.0,144570.0,90,0.7075,0.0,0.0,0.0
r0107_c0071,40.6934023,-73.8354842,Residential,60,44.44,0.0,2.3,1925.0,116904.0,87,0.7502,0.0,0.0,0.0
r0107_c0072,40.6934023,-73.8337013,Residential,52,0.0,0.0,2.4,1925.0,104226.0,82,1.1767,0.0,0.0,0.0
r0107_c0073,40.6934023,-73.8319184,Residential,40,222.22,0.0,2.6,1926.0,148198.0,55,2.2375,0.0,177.78,0.0
r0107_c0074,40.6934023,-73.8301355,Residential,53,133.33,0.6667,2.2,1920.0,128489.0,75,2.3898,0.0,44.44,0.0
r0107_c0075,40.6934023,-73.8283526,Mixed-Use,34,933.33,0.0952,2.6,1927.0,147839.0,54,2.272,0.0,88.89,0.0
r0107_c0076,40.6934023,-73.8265697,Residential,55,800.0,0.1111,2.6,1935.0,146874.0,79,1.4309,0.0,88.89,0.0
r0107_c0077,40.6934023,-73.8247868,Residential,69,44.44,0.0,2.0,1925.0,103779.0,116,0.1505,0.0,0.0,0.0
r0107_c0078,40.6934023,-73.8230039,Residential,66,44.44,0.0,2.2,1917.0,100859.0,103,0.5032,0.0,44.44,0.0
r0107_c0079,40.6934023,-73.8212209,Residential,65,44.44,0.0,2.4,1913.0,107544.0,91,0.2194,0.0,0.0,0.0
r0107_c0080,40.6934023,-73.819438,Residential,59,88.89,0.0,2.3,1927.0,96729.0,96,1.0052,0.0,0.0,0.0
r0107_c0081,40.6934023,-73.8176551,Residential,61,44.44,0.0,2.2,1927.0,109161.0,98,0.763,0.0,0.0,0.0
r0107_c0082,40.6934023,-73.8158722,Residential,35,444.44,0.1,2.0,1936.0,127403.0,53,1.9296,0.0,133.33,0.3333
r0107_c0083,40.6934023,-73.8140893,Residential,63,88.89,0.0,2.1,1930.0,106374.0,97,1.3301,0.0,44.44,0.0
r0107_c0084,40.6934023,-73.8123064,Residential,30,44.44,0.0,2.4,1939.0,92527.0,47,1.8283,0.0,44.44,1.0
r0107_c0085,40.6934023,-73.8105235,Residential,50,0.0,0.0,2.3,1923.0,82411.0,70,0.6727,0.0,0.0,0.0
r0107_c0086,40.6934023,-73.8087406,Residential,43,133.33,0.3333,2.4,1936.0,176146.0,69,2.092,0.0,88.89,0.5
r0107_c0087,40.6934023,-73.8069576,Residential,43,266.67,0.0,2.1,1937.0,106246.0,52,1.9999,44.44,88.89,0.0
r0107_c0088,40.6934023,-73.8051747,Residential,35,177.78,0.0,2.3,1937.0,130876.0,53,1.4887,0.0,0.0,0.0
r0107_c0089,40.6934023,-73.8033918,Residential,54,0.0,0.0,2.2,1935.0,89101.0,64,1.333,0.0,0.0,0.0
r0107_c0090,40.6934023,-73.8016089,Residential,63,133.33,0.3333,2.3,1934.0,109693.0,78,1.004,0.0,44.44,0.0
r0107_c0091,40.6934023,-73.799826,Residential,48,311.11,0.1429,2.2,1930.0,123639.0,57,2.2152,0.0,44.44,0.0
r0107_c0092,40.6934023,-73.7980431,Residential,60,133.33,0.0,2.0,1965.0,103696.0,71,1.3007,0.0,0.0,0.0
r0107_c0093,40.6934023,-73.7962602,Open Space,21,577.78,0.0,2.0,1944.0,155789.0,20,1.3962,0.0,0.0,0.0
r0107_c0094,40.6934023,-73.7944773,Residential,28,222.22,0.0,2.3,1958.0,52800.0,35,0.4663,0.0,0.0,0.0
r0107_c0096,40.6934023,-73.7909114,Institutional,7,1555.56,0.0,2.4,1922.0,116608.0,8,0.4154,0.0,0.0,0.0
r0107_c0097,40.6934023,-73.7891285,Residential,60,444.44,0.2,2.2,1939.0,84799.0,60,1.8984,0.0,177.78,0.0
r0107_c0098,40.6934023,-73.7873456,Residential,45,44.44,0.0,2.1,1941.0,83506.0,55,1.0133,0.0,0.0,0.0
r0107_c0099,40.6934023,-73.7855627,Residential,50,133.33,0.0,2.1,1935.0,82174.0,68,1.0949,0.0,0.0,0.0
r0107_c0100,40.6934023,-73.7837798,Residential,59,0.0,0.0,2.3,1933.0,88900.0,97,-0.0,0.0,0.0,0.0
r0107_c0101,40.6934023,-73.7819969,Residential,54,88.89,0.0,2.2,1945.0,87553.0,88,0.8698,0.0,0.0,0.0
r0107_c0102,40.6934023,-73.780214,Open Space,6,1288.89,0.0,1.8,1945.0,23290.0,5,1.1961,44.44,0.0,0.0
r0107_c0103,40.6934023,-73.7784311,Open Space,7,1066.67,0.0,2.1,1932.0,8336.0,6,0.2463,0.0,0.0,0.0
r0107_c0104,40.6934023,-73.7766481,Residential,38,0.0,0.0,2.4,1935.0,71164.0,66,-0.0,0.0,0.0,0.0
r0107_c0105,40.6934023,-73.7748652,Residential,26,0.0,0.0,2.3,1937.0,55007.0,39,0.2872,0.0,0.0,0.0
r0107_c0106,40.6934023,-73.7730823,Residential,26,44.44,0.0,2.3,1938.0,47487.0,36,0.4144,0.0,0.0,0.0
r0107_c0107,40.6934023,-73.7712994,Residential,23,177.78,0.0,2.3,1933.0,42835.0,38,0.3127,0.0,0.0,0.0
r0107_c0108,40.6934023,-73.7695165,Residential,27,88.89,0.0,2.2,1931.0,50535.0,42,0.5621,0.0,0.0,0.0
r0107_c0109,40.6934023,-73.7677336,Residential,33,0.0,0.0,1.9,1933.0,48560.0,43,0.9166,0.0,0.0,0.0
r0107_c0110,40.6934023,-73.7659507,Industrial,24,88.89,0.0,2.2,1935.0,111666.0,37,1.1397,0.0,0.0,0.0
r0107_c0111,40.6934023,-73.7641678,Residential,39,0.0,0.0,2.1,1941.0,77458.0,66,0.6537,0.0,0.0,0.0
r0107_c0112,40.6934023,-73.7623848,Residential,36,88.89,0.0,2.2,1941.0,56365.0,53,0.2752,0.0,0.0,0.0
r0107_c0113,40.6934023,-73.7606019,Residential,40,0.0,0.0,1.9,1948.0,71813.0,57,0.3191,0.0,0.0,0.0
r0107_c0114,40.6934023,-73.758819,Residential,55,222.22,0.0,2.1,1939.0,109816.0,78,0.886,0.0,177.78,0.0
r0107_c0115,40.6934023,-73.7570361,Residential,40,311.11,0.1429,2.0,1934.0,96211.0,53,1.7448,0.0,44.44,0.0
r0107_c0116,40.6934023,-73.7552532,Residential,45,400.0,0.2222,1.9,1961.0,102904.0,58,1.61,0.0,133.33,0.0
r0107_c0117,40.6934023,-73.7534703,Residential,55,222.22,0.4,1.8,1943.0,85138.0,68,1.5427,0.0,133.33,0.0
r0107_c0118,40.6934023,-73.7516874,Residential,50,88.89,0.0,2.2,1942.0,85379.0,81,0.571,0.0,0.0,0.0
r0107_c0119,40.6934023,-73.7499045,Residential,66,88.89,0.0,2.1,1927.0,78721.0,108,0.2027,0.0,0.0,0.0
r0107_c0120,40.6934023,-73.7481216,Residential,60,88.89,0.0,2.0,1936.0,79109.0,99,-0.0,0.0,0.0,0.0
r0107_c0121,40.6934023,-73.7463386,Residential,45,0.0,0.0,1.7,1952.0,67560.0,56,0.7357,0.0,0.0,0.0
r0107_c0122,40.6934023,-73.7445557,Residential,37,88.89,0.0,1.9,1956.0,49586.0,44,0.2385,44.44,0.0,0.0
r0107_c0123,40.6934023,-73.7427728,Residential,52,0.0,0.0,2.0,1926.0,66725.0,90,0.0128,0.0,0.0,0.0
r0107_c0124,40.6934023,-73.7409899,Residential,40,88.89,0.0,1.7,1944.0,53723.0,73,-0.0,0.0,0.0,0.0
r0107_c0125,40.6934023,-73.739207,Residential,40,0.0,0.0,1.9,1939.0,60486.0,75,-0.0,0.0,0.0,0.0
r0107_c0126,40.6934023,-73.7374241,Residential,48,222.22,0.0,2.0,1940.0,67456.0,87,0.3279,0.0,0.0,0.0
r0107_c0127,40.6934023,-73.7356412,Residential,41,622.22,0.1429,2.0,1945.0,83252.0,59,1.3082,0.0,266.67,0.0
r0107_c0128,40.6934023,-73.7338583,Residential,47,266.67,0.5,2.0,1943.0,91699.0,74,1.3963,0.0,44.44,0.0
r0107_c0129,40.6934023,-73.7320753,Residential,41,533.33,0.0,1.8,1949.0,69837.0,69,0.9532,0.0,266.67,0.0
r0107_c0130,40.6934023,-73.7302924,Residential,41,44.44,0.0,1.7,1943.0,54149.0,74,0.0596,0.0,0.0,0.0
r0107_c0131,40.6934023,-73.7285095,Residential,33,0.0,0.0,1.9,1943.0,46048.0,40,-0.0,0.0,0.0,0.0
r0108_c0032,40.6947537,-73.9050178,Industrial,4,2711.11,0.1311,2.0,1950.0,133054.0,3,0.2894,0.0,622.22,0.0
r0108_c0033,40.6947537,-73.9032349,Industrial,21,666.67,0.2,2.0,1936.0,272171.0,27,1.7392,0.0,177.78,0.25
r0108_c0034,40.6947537,-73.901452,Mixed-Use,39,177.78,0.25,1.9,1931.0,152948.0,43,2.4523,0.0,88.89,0.0
r0108_c0035,40.6947537,-73.8996691,Mixed-Use,18,44.44,0.0,1.9,1930.0,105737.0,25,1.7545,0.0,44.44,0.0
r0108_c0036,40.6947537,-73.8978862,Residential,66,355.56,0.0,1.9,1935.0,112031.0,85,1.8332,0.0,177.78,0.0
r0108_c0037,40.6947537,-73.8961033,Residential,58,133.33,0.0,2.0,1942.0,102297.0,70,1.5486,0.0,44.44,0.0
r0108_c0038,40.6947537,-73.8943203,Residential,40,88.89,0.0,2.2,1929.0,91651.0,59,0.7596,0.0,0.0,0.0
r0108_c0039,40.6947537,-73.8925374,Residential,26,88.89,0.0,2.6,1930.0,45087.0,48,-0.0,0.0,0.0,0.0
r0108_c0040,40.6947537,-73.8907545,Residential,51,355.56,0.0,2.6,1925.0,68099.0,94,-0.0,0.0,0.0,0.0
r0108_c0041,40.6947537,-73.8889716,Residential,19,311.11,0.0,2.6,1925.0,25142.0,34,-0.0,44.44,0.0,0.0
r0108_c0053,40.6947537,-73.8675767,Residential,39,222.22,0.0,2.5,1937.0,83842.0,45,1.0045,44.44,0.0,0.0
r0108_c0054,40.6947537,-73.8657937,Residential,65,177.78,0.0,2.1,1920.0,135811.0,94,0.7807,0.0,0.0,0.0
r0108_c0055,40.6947537,-73.8640108,Residential,82,88.89,0.0,2.1,1915.0,136233.0,94,0.7481,0.0,0.0,0.0
r0108_c0056,40.6947537,-73.8622279,Residential,49,311.11,0.0,2.2,1918.0,111047.0,65,1.0264,0.0,0.0,0.0
r0108_c0057,40.6947537,-73.860445,Residential,52,88.89,0.0,2.4,1921.0,216060.0,75,1.4713,0.0,0.0,0.0
r0108_c0058,40.6947537,-73.8586621,Residential,48,133.33,0.0,2.6,1914.0,109747.0,91,0.7049,0.0,0.0,0.0
r0108_c0059,40.6947537,-73.8568792,Residential,62,177.78,0.0,2.4,1917.0,139693.0,101,0.8505,0.0,0.0,0.0
r0108_c0060,40.6947537,-73.8550963,Residential,75,222.22,0.0,2.3,1915.0,144210.0,95,0.6111,0.0,0.0,0.0
r0108_c0061,40.6947537,-73.8533134,Residential,56,133.33,0.0,2.2,1912.0,117053.0,75,0.7336,0.0,0.0,0.0
r0108_c0062,40.6947537,-73.8515304,Residential,42,266.67,0.1667,2.4,1920.0,99596.0,63,0.9328,0.0,0.0,0.0
r0108_c0063,40.6947537,-73.8497475,Residential,64,311.11,0.4286,2.4,1923.0,230477.0,71,2.1139,0.0,88.89,0.0
r0108_c0064,40.6947537,-73.8479646,Residential,40,266.67,0.1667,2.3,1926.0,167812.0,43,2.5682,0.0,177.78,0.25
r0108_c0065,40.6947537,-73.8461817,Industrial,27,400.0,0.0,2.2,1922.0,193721.0,40,2.007,44.44,133.33,0.0
r0108_c0066,40.6947537,-73.8443988,Residential,64,711.11,0.3125,2.2,1925.0,152961.0,86,2.1921,0.0,266.67,0.0
r0108_c0067,40.6947537,-73.8426159,Residential,75,266.67,0.1667,2.1,1923.0,170342.0,78,1.4974,0.0,133.33,0.0
r0108_c0068,40.6947537,-73.840833,Residential,64,222.22,0.0,2.3,1930.0,149424.0,83,1.7104,0.0,44.44,0.0
r0108_c0069,40.6947537,-73.8390501,Residential,58,177.78,0.0,2.3,1928.0,117733.0,84,1.3873,0.0,133.33,0.0
r0108_c0070,40.6947537,-73.8372672,Residential,60,177.78,0.0,2.3,1926.0,118581.0,86,0.5605,0.0,0.0,0.0
r0108_c0071,40.6947537,-73.8354842,Residential,54,133.33,0.0,2.3,1921.0,113068.0,73,0.7899,0.0,0.0,0.0
r0108_c0072,40.6947537,-73.8337013,Institutional,24,88.89,0.0,2.6,1924.0,160500.0,39,1.2264,0.0,0.0,0.0
r0108_c0073,40.6947537,-73.8319184,Residential,42,0.0,0.0,2.6,1920.0,93416.0,78,0.7997,0.0,0.0,0.0
r0108_c0074,40.6947537,-73.8301355,Residential,51,0.0,0.0,2.5,1915.0,110131.0,90,0.5807,0.0,0.0,0.0
r0108_c0075,40.6947537,-73.8283526,Residential,48,222.22,0.2,2.3,1916.0,115251.0,70,1.782,0.0,44.44,0.0
r0108_c0076,40.6947537,-73.8265697,Mixed-Use,27,222.22,0.4,2.2,1925.0,82463.0,30,2.3484,0.0,44.44,0.0
r0108_c0077,40.6947537,-73.8247868,Residential,33,0.0,0.0,2.0,1925.0,51890.0,57,0.4885,0.0,0.0,0.0
r0108_c0078,40.6947537,-73.8230039,Residential,31,133.33,0.0,2.2,1930.0,56330.0,48,1.4007,0.0,44.44,0.0
r0108_c0079,40.6947537,-73.8212209,Open Space,8,533.33,0.0,2.1,1972.0,18023.0,9,0.475,0.0,0.0,0.0
r0108_c0080,40.6947537,-73.819438,Residential,62,44.44,0.0,2.2,1925.0,100532.0,99,0.2162,0.0,0.0,0.0
r0108_c0081,40.6947537,-73.8176551,Residential,61,44.44,0.0,2.3,1924.0,83718.0,112,-0.0,0.0,0.0,0.0
r0108_c0082,40.6947537,-73.8158722,Residential,62,133.33,0.0,2.2,1923.0,98919.0,103,0.2632,0.0,0.0,0.0
r0108_c0083,40.6947537,-73.8140893,Residential,56,44.44,0.0,2.2,1922.0,89516.0,98,0.4629,0.0,0.0,0.0
r0108_c0084,40.6947537,-73.8123064,Residential,19,44.44,0.0,2.6,1962.0,77804.0,27,0.9995,0.0,0.0,0.0
r0108_c0085,40.6947537,-73.8105235,Residential,57,44.44,0.0,2.3,1939.0,145955.0,70,2.0761,0.0,0.0,0.0
r0108_c0086,40.6947537,-73.8087406,Residential,60,222.22,0.4,2.3,1943.0,127591.0,81,1.9697,0.0,133.33,0.0
r0108_c0087,40.6947537,-73.8069576,Mixed-Use,24,488.89,0.0,2.2,1959.0,164069.0,29,2.2567,0.0,0.0,0.0
r0108_c0088,40.6947537,-73.8051747,Residential,49,266.67,0.1667,2.3,1942.0,144824.0,67,1.8266,0.0,133.33,0.0
r0108_c0089,40.6947537,-73.8033918,Residential,47,0.0,0.0,2.0,1946.0,109151.0,58,2.0473,0.0,0.0,0.0
r0108_c0090,40.6947537,-73.8016089,Mixed-Use,51,177.78,0.25,2.2,1935.0,148105.0,51,2.9326,0.0,88.89,0.0
r0108_c0091,40.6947537,-73.799826,Residential,71,44.44,0.0,2.2,1970.0,164885.0,72,1.3915,0.0,0.0,0.0
r0108_c0092,40.6947537,-73.7980431,Residential,77,0.0,0.0,2.1,1980.0,157784.0,85,0.9391,0.0,0.0,0.0
r0108_c0093,40.6947537,-73.7962602,Residential,51,311.11,0.0,2.2,1952.0,97515.0,59,1.2399,0.0,0.0,0.0
r0108_c0094,40.6947537,-73.7944773,Residential,23,44.44,0.0,2.0,1950.0,116927.0,24,1.4467,0.0,0.0,0.0
r0108_c0095,40.6947537,-73.7926944,Residential,18,44.44,0.0,2.5,1928.0,201943.0,31,1.6305,0.0,0.0,0.0
r0108_c0096,40.6947537,-73.7909114,Residential,50,533.33,0.1667,2.2,1927.0,80477.0,44,2.2056,0.0,222.22,0.2
r0108_c0097,40.6947537,-73.7891285,Residential,61,311.11,0.2857,2.2,1947.0,105257.0,69,1.0881,0.0,44.44,0.0
r0108_c0098,40.6947537,-73.7873456,Residential,47,88.89,0.0,2.2,1943.0,55706.0,54,1.0494,0.0,0.0,0.0
r0108_c0099,40.6947537,-73.7855627,Residential,52,133.33,0.0,2.1,1942.0,71429.0,62,0.2729,0.0,0.0,0.0
r0108_c0100,40.6947537,-73.7837798,Residential,60,88.89,0.0,2.0,1931.0,68856.0,76,0.2167,0.0,0.0,0.0
r0108_c0101,40.6947537,-73.7819969,Mixed-Use,26,488.89,0.1818,2.2,1943.0,158845.0,33,1.8744,0.0,222.22,0.0
r0108_c0102,40.6947537,-73.780214,Residential,46,88.89,0.0,1.9,1938.0,55539.0,66,0.9752,0.0,0.0,0.0
r0108_c0103,40.6947537,-73.7784311,Residential,68,44.44,0.0,2.1,1933.0,95626.0,87,0.017,0.0,0.0,0.0
r0108_c0104,40.6947537,-73.7766481,Residential,42,0.0,0.0,1.9,1946.0,65870.0,63,0.0103,0.0,0.0,0.0
r0108_c0105,40.6947537,-73.7748652,Residential,36,88.89,0.0,2.1,1930.0,65335.0,55,0.4854,0.0,0.0,0.0
r0108_c0106,40.6947537,-73.7730823,Residential,30,88.89,0.0,2.1,1935.0,52419.0,48,0.0194,0.0,0.0,0.0
r0108_c0107,40.6947537,-73.7712994,Residential,30,0.0,0.0,2.4,1929.0,53624.0,56,0.161,0.0,0.0,0.0
r0108_c0108,40.6947537,-73.7695165,Residential,37,0.0,0.0,1.9,1931.0,61352.0,56,0.1556,0.0,0.0,0.0
r0108_c0109,40.6947537,-73.7677336,Mixed-Use,20,44.44,0.0,1.9,1933.0,25318.0,31,0.7217,0.0,0.0,0.0
r0108_c0110,40.6947537,-73.7659507,Residential,55,44.44,0.0,2.4,1931.0,90811.0,87,0.083,0.0,0.0,0.0
r0108_c0111,40.6947537,-73.7641678,Residential,32,44.44,0.0,2.3,1932.0,62697.0,56,0.8268,0.0,0.0,0.0
r0108_c0112,40.6947537,-73.7623848,Residential,40,0.0,0.0,2.0,1937.0,60774.0,52,0.9425,0.0,0.0,0.0
r0108_c0113,40.6947537,-73.7606019,Residential,45,88.89,0.0,2.2,1936.0,83828.0,80,0.1818,0.0,0.0,0.0
r0108_c0114,40.6947537,-73.758819,Residential,35,88.89,0.0,2.1,1932.0,58184.0,57,0.0581,0.0,0.0,0.0
r0108_c0115,40.6947537,-73.7570361,Residential,40,44.44,0.0,2.2,1932.0,66592.0,74,0.091,0.0,0.0,0.0
r0108_c0116,40.6947537,-73.7552532,Residential,59,88.89,0.0,2.3,1926.0,77065.0,98,0.3428,0.0,0.0,0.0
r0108_c0117,40.6947537,-73.7534703,Residential,46,177.78,0.0,2.0,1943.0,86938.0,70,1.4825,0.0,44.44,0.0
r0108_c0118,40.6947537,-73.7516874,Residential,62,133.33,0.3333,2.1,1927.0,129825.0,75,1.7262,0.0,88.89,0.0
r0108_c0119,40.6947537,-73.7499045,Residential,61,177.78,0.0,2.1,1935.0,72969.0,86,0.2597,0.0,44.44,0.0
r0108_c0120,40.6947537,-73.7481216,Residential,72,0.0,0.0,2.2,1933.0,88289.0,105,0.3002,0.0,0.0,0.0
r0108_c0121,40.6947537,-73.7463386,Residential,54,44.44,0.0,2.0,1941.0,68365.0,70,0.6104,0.0,0.0,0.0
r0108_c0122,40.6947537,-73.7445557,Residential,45,44.44,0.0,2.0,1952.0,61373.0,53,0.1858,0.0,0.0,0.0
r0108_c0123,40.6947537,-73.7427728,Residential,40,0.0,0.0,1.8,1945.0,66264.0,67,-0.0,0.0,0.0,0.0
r0108_c0124,40.6947537,-73.7409899,Residential,32,44.44,0.0,1.8,1937.0,61574.0,59,0.8551,0.0,44.44,0.0
r0108_c0125,40.6947537,-73.739207,Residential,36,800.0,0.1667,1.7,1942.0,94016.0,53,1.7412,0.0,311.11,0.0
r0108_c0126,40.6947537,-73.7374241,Residential,42,488.89,0.0,2.2,1937.0,97785.0,69,1.0705,0.0,400.0,0.0
r0108_c0127,40.6947537,-73.7356412,Residential,53,88.89,0.0,1.8,1936.0,82007.0,78,0.7456,0.0,0.0,0.0
r0108_c0128,40.6947537,-73.7338583,Residential,54,0.0,0.0,2.0,1933.0,75608.0,107,-0.0,0.0,0.0,0.0
r0108_c0129,40.6947537,-73.7320753,Residential,46,44.44,0.0,1.8,1941.0,59398.0,74,-0.0,0.0,0.0,0.0
r0108_c0130,40.6947537,-73.7302924,Residential,41,44.44,0.0,1.8,1939.0,57311.0,77,-0.0,0.0,0.0,0.0
r0108_c0131,40.6947537,-73.7285095,Residential,42,88.89,0.0,1.8,1942.0,59902.0,60,-0.0,0.0,0.0,0.0
r0109_c0032,40.696105,-73.9050178,Mixed-Use,29,800.0,0.3333,1.9,1931.0,84457.0,39,2.5095,44.44,177.78,0.0
r0109_c0033,40.696105,-73.9032349,Residential,57,177.78,0.25,1.9,1932.0,167790.0,65,2.1892,0.0,44.44,0.0
r0109_c0034,40.696105,-73.901452,Residential,55,222.22,0.2,2.4,1935.0,274667.0,72,2.0173,0.0,0.0,0.0
r0109_c0035,40.696105,-73.8996691,Mixed-Use,39,311.11,0.1429,2.1,1929.0,151529.0,48,2.2181,0.0,88.89,0.0
r0109_c0036,40.696105,-73.8978862,Residential,49,133.33,0.0,1.7,1938.0,69124.0,52,2.1421,0.0,0.0,0.0
r0109_c0037,40.696105,-73.8961033,Residential,69,88.89,0.0,2.2,1952.0,134818.0,89,1.0485,0.0,0.0,0.0
r0109_c0038,40.696105,-73.8943203,Residential,74,222.22,0.0,2.0,1928.0,125032.0,109,0.9934,0.0,0.0,0.0
r0109_c0039,40.696105,-73.8925374,Residential,72,177.78,0.0,2.2,1922.0,96830.0,138,0.0513,0.0,0.0,0.0
r0109_c0040,40.696105,-73.8907545,Residential,69,622.22,0.0,2.3,1923.0,91608.0,126,-0.0,0.0,0.0,0.0
r0109_c0041,40.696105,-73.8889716,Residential,63,88.89,0.0,2.5,1923.0,81498.0,107,-0.0,0.0,0.0,0.0
r0109_c0042,40.696105,-73.8871887,Residential,27,311.11,0.0,2.5,1926.0,41361.0,47,-0.0,0.0,0.0,0.0
r0109_c0055,40.696105,-73.8640108,Residential,10,88.89,0.0,2.1,1930.0,14115.0,12,-0.0,0.0,0.0,0.0
r0109_c0056,40.696105,-73.8622279,Residential,18,44.44,0.0,2.3,1931.0,37882.0,24,0.6419,0.0,0.0,0.0
r0109_c0057,40.696105,-73.860445,Residential,40,44.44,0.0,2.3,1921.0,86002.0,63,0.8841,0.0,0.0,0.0
r0109_c0058,40.696105,-73.8586621,Residential,36,44.44,0.0,2.8,1921.0,181502.0,64,1.1996,0.0,0.0,0.0
r0109_c0059,40.696105,-73.8568792,Residential,58,44.44,0.0,2.4,1919.0,129246.0,91,0.9332,0.0,0.0,0.0
r0109_c0060,40.696105,-73.8550963,Residential,63,133.33,0.0,2.3,1920.0,133560.0,89,0.7319,0.0,0.0,0.0
r0109_c0061,40.696105,-73.8533134,Residential,40,133.33,0.0,2.5,1914.0,87905.0,59,1.2392,0.0,0.0,0.0
r0109_c0062,40.696105,-73.8515304,Residential,46,133.33,0.0,2.6,1921.0,122528.0,82,0.6496,0.0,0.0,0.0
r0109_c0063,40.696105,-73.8497475,Residential,50,311.11,0.0,2.5,1919.0,184796.0,77,1.5769,0.0,0.0,0.0
r0109_c0064,40.696105,-73.8479646,Residential,53,88.89,0.0,2.3,1923.0,80700.0,92,1.068,0.0,0.0,0.0
r0109_c0065,40.696105,-73.8461817,Residential,52,311.11,0.0,2.3,1926.0,232958.0,68,1.5449,0.0,44.44,0.0
r0109_c0066,40.696105,-73.8443988,Residential,57,133.33,0.0,2.4,1919.0,137056.0,80,0.9156,0.0,0.0,0.0
r0109_c0067,40.696105,-73.8426159,Residential,50,0.0,0.0,2.6,1919.0,129092.0,85,0.8361,0.0,0.0,0.0
r0109_c0068,40.696105,-73.840833,Residential,70,355.56,0.125,2.6,1916.0,155519.0,100,1.2616,0.0,88.89,0.0
r0109_c0069,40.696105,-73.8390501,Mixed-Use,55,622.22,0.0,2.4,1922.0,253455.0,64,2.0039,88.89,44.44,0.0
r0109_c0070,40.696105,-73.8372672,Residential,51,266.67,0.1667,2.3,1925.0,133106.0,67,1.8898,44.44,0.0,0.0
r0109_c0071,40.696105,-73.8354842,Residential,51,133.33,0.0,2.4,1923.0,168419.0,79,1.592,0.0,0.0,0.0
r0109_c0072,40.696105,-73.8337013,Residential,36,88.89,0.0,2.4,1921.0,78321.0,61,0.8864,0.0,0.0,0.0
r0109_c0073,40.696105,-73.8319184,Residential,47,88.89,0.0,2.5,1923.0,96235.0,83,0.6039,0.0,0.0,0.0
r0109_c0074,40.696105,-73.8301355,Residential,47,0.0,0.0,2.4,1916.0,108025.0,81,0.9521,0.0,0.0,0.0
r0109_c0075,40.696105,-73.8283526,Residential,25,44.44,0.0,2.7,1921.0,135695.0,44,1.6391,0.0,0.0,0.0
r0109_c0076,40.696105,-73.8265697,Residential,42,44.44,0.0,2.3,1917.0,83428.0,68,0.7967,0.0,0.0,0.0
r0109_c0079,40.696105,-73.8212209,Mixed-Use,4,44.44,0.0,1.5,1930.0,11850.0,2,1.5261,0.0,44.44,0.0
r0109_c0080,40.696105,-73.819438,Mixed-Use,15,133.33,0.0,2.0,1940.0,89253.0,16,2.1971,0.0,133.33,0.0
r0109_c0081,40.696105,-73.8176551,Residential,39,44.44,0.0,2.3,1943.0,236517.0,56,1.6989,0.0,0.0,0.0
r0109_c0082,40.696105,-73.8158722,Residential,53,44.44,0.0,2.2,1936.0,87851.0,77,1.1397,0.0,44.44,0.0
r0109_c0083,40.696105,-73.8140893,Residential,50,177.78,0.25,2.5,1941.0,135788.0,68,1.8864,0.0,44.44,0.0
r0109_c0084,40.696105,-73.8123064,Residential,27,0.0,0.0,2.5,1918.0,49994.0,46,0.6932,0.0,0.0,0.0
r0109_c0085,40.696105,-73.8105235,Residential,55,177.78,0.0,2.4,1929.0,99641.0,76,0.8833,0.0,0.0,0.0
r0109_c0086,40.696105,-73.8087406,Residential,61,88.89,0.0,2.4,1926.0,143792.0,100,0.865,0.0,0.0,0.0
r0109_c0087,40.696105,-73.8069576,Residential,52,0.0,0.0,2.0,1929.0,105073.0,79,1.0398,0.0,0.0,0.0
r0109_c0088,40.696105,-73.8051747,Mixed-Use,22,711.11,0.0625,2.2,1941.0,98573.0,27,2.4009,88.89,177.78,0.25
r0109_c0089,40.696105,-73.8033918,Industrial,38,177.78,0.0,1.8,1934.0,81762.0,40,1.8227,0.0,88.89,0.0
r0109_c0090,40.696105,-73.8016089,Mixed-Use,37,44.44,0.0,1.7,1955.0,30825.0,21,1.945,0.0,44.44,0.0
r0109_c0091,40.696105,-73.799826,Residential,35,177.78,0.0,2.0,1952.0,63085.0,33,2.1476,44.44,0.0,0.0
r0109_c0092,40.696105,-73.7980431,Residential,63,222.22,0.0,2.2,1966.0,130269.0,69,1.1602,0.0,44.44,0.0
r0109_c0093,40.696105,-73.7962602,Mixed-Use,36,44.44,0.0,2.2,1947.0,85649.0,50,1.4458,0.0,0.0,0.0
r0109_c0094,40.696105,-73.7944773,Residential,4,266.67,0.0,3.0,1963.0,238122.0,12,0.2883,0.0,0.0,0.0
r0109_c0095,40.696105,-73.7926944,Residential,49,88.89,0.0,2.3,1936.0,76802.0,56,0.3291,0.0,44.44,0.0
r0109_c0096,40.696105,-73.7909114,Residential,60,444.44,0.2,2.2,1938.0,119877.0,73,1.8453,0.0,133.33,0.0
r0109_c0097,40.696105,-73.7891285,Residential,53,44.44,0.0,2.4,1946.0,82061.0,58,1.1872,0.0,0.0,0.0
r0109_c0098,40.696105,-73.7873456,Residential,48,44.44,0.0,2.2,1933.0,66659.0,62,0.848,0.0,0.0,0.0
r0109_c0099,40.696105,-73.7855627,Residential,50,222.22,0.0,2.4,1933.0,72281.0,71,0.2346,0.0,0.0,0.0
r0109_c0100,40.696105,-73.7837798,Residential,44,444.44,0.2,2.2,1929.0,87916.0,62,1.365,0.0,222.22,0.4
r0109_c0101,40.696105,-73.7819969,Residential,47,311.11,0.0,2.0,1950.0,64416.0,49,1.1006,0.0,44.44,0.0
r0109_c0102,40.696105,-73.780214,Residential,66,133.33,0.0,1.8,1943.0,84948.0,86,-0.0,0.0,0.0,0.0
r0109_c0103,40.696105,-73.7784311,Residential,50,133.33,0.0,2.2,1941.0,73559.0,74,0.1141,0.0,0.0,0.0
r0109_c0104,40.696105,-73.7766481,Residential,38,44.44,0.0,2.0,1938.0,58971.0,59,-0.0,0.0,0.0,0.0
r0109_c0105,40.696105,-73.7748652,Residential,47,177.78,0.0,2.1,1943.0,77769.0,73,0.0887,0.0,0.0,0.0
r0109_c0106,40.696105,-73.7730823,Residential,39,44.44,0.0,2.1,1935.0,64612.0,69,0.1566,0.0,0.0,0.0
r0109_c0107,40.696105,-73.7712994,Residential,35,88.89,0.0,2.0,1942.0,55696.0,49,0.3064,0.0,0.0,0.0
r0109_c0108,40.696105,-73.7695165,Residential,22,133.33,0.0,2.2,1938.0,31332.0,39,-0.0,0.0,0.0,0.0
r0109_c0109,40.696105,-73.7677336,Residential,46,177.78,0.0,2.4,1932.0,80197.0,72,0.7243,0.0,0.0,0.0
r0109_c0110,40.696105,-73.7659507,Residential,38,88.89,0.0,2.5,1921.0,73167.0,73,-0.0,0.0,0.0,0.0
r0109_c0111,40.696105,-73.7641678,Residential,40,44.44,0.0,2.4,1923.0,73859.0,75,0.345,0.0,0.0,0.0
r0109_c0112,40.696105,-73.7623848,Residential,34,133.33,0.0,2.3,1944.0,56583.0,54,0.2996,0.0,44.44,0.0
r0109_c0113,40.696105,-73.7606019,Residential,63,177.78,0.0,2.4,1926.0,118439.0,102,0.9295,44.44,44.44,0.0
r0109_c0114,40.696105,-73.758819,Residential,53,0.0,0.0,2.4,1924.0,86056.0,94,0.2812,0.0,0.0,0.0
r0109_c0115,40.696105,-73.7570361,Residential,55,0.0,0.0,2.5,1927.0,82148.0,91,-0.0,0.0,0.0,0.0
r0109_c0116,40.696105,-73.7552532,Residential,59,222.22,0.0,2.5,1926.0,88496.0,100,-0.0,0.0,0.0,0.0
r0109_c0117,40.696105,-73.7534703,Residential,49,0.0,0.0,2.5,1928.0,66073.0,85,-0.0,0.0,0.0,0.0
r0109_c0118,40.696105,-73.7516874,Residential,49,0.0,0.0,2.4,1930.0,63868.0,88,-0.0,0.0,0.0,0.0
r0109_c0119,40.696105,-73.7499045,Residential,59,177.78,0.25,2.3,1930.0,82791.0,87,0.2967,0.0,44.44,0.0
r0109_c0120,40.696105,-73.7481216,Residential,45,177.78,0.25,2.3,1933.0,95908.0,64,1.3504,44.44,44.44,0.0
r0109_c0121,40.696105,-73.7463386,Commercial,25,533.33,0.25,1.9,1965.0,60083.0,29,1.5882,0.0,88.89,0.5
r0109_c0122,40.696105,-73.7445557,Mixed-Use,26,266.67,0.1667,2.1,1952.0,55233.0,37,2.0128,0.0,44.44,1.0
r0109_c0123,40.696105,-73.7427728,Commercial,34,755.56,0.2353,2.0,1948.0,103182.0,41,1.7131,0.0,400.0,0.0
r0109_c0124,40.696105,-73.7409899,Residential,63,177.78,0.0,1.9,1940.0,117664.0,82,0.8244,0.0,0.0,0.0
r0109_c0125,40.696105,-73.739207,Residential,44,88.89,0.0,2.1,1938.0,72775.0,83,0.4822,0.0,0.0,0.0
r0109_c0126,40.696105,-73.7374241,Residential,50,44.44,0.0,2.3,1937.0,90178.0,85,0.3947,0.0,0.0,0.0
r0109_c0127,40.696105,-73.7356412,Residential,49,44.44,0.0,1.8,1941.0,66184.0,84,-0.0,0.0,0.0,0.0
r0109_c0128,40.696105,-73.7338583,Residential,49,0.0,0.0,1.7,1936.0,62837.0,98,-0.0,0.0,0.0,0.0
r0109_c0129,40.696105,-73.7320753,Residential,51,0.0,0.0,1.4,1936.0,52224.0,88,-0.0,0.0,0.0,0.0
r0109_c0130,40.696105,-73.7302924,Residential,39,44.44,0.0,1.7,1946.0,50052.0,74,-0.0,0.0,0.0,0.0
r0109_c0131,40.696105,-73.7285095,Residential,41,44.44,0.0,1.6,1944.0,51358.0,74,-0.0,0.0,0.0,0.0
r0110_c0031,40.6974564,-73.9068007,Residential,44,2133.33,0.375,2.2,1923.0,148433.0,52,2.0528,88.89,755.56,0.0
r0110_c0032,40.6974564,-73.9050178,Industrial,25,177.78,0.5,1.7,1939.0,199465.0,31,2.0187,0.0,0.0,0.0
r0110_c0033,40.6974564,-73.9032349,Residential,47,222.22,0.2,2.0,1935.0,226811.0,58,2.0354,0.0,44.44,0.0
r0110_c0034,40.6974564,-73.901452,Residential,73,133.33,0.3333,2.1,1926.0,169089.0,120,1.1096,0.0,88.89,0.0
r0110_c0035,40.6974564,-73.8996691,Residential,68,44.44,0.0,2.2,1933.0,170711.0,91,1.2552,0.0,0.0,0.0
r0110_c0036,40.6974564,-73.8978862,Mixed-Use,23,133.33,0.0,1.7,1925.0,117388.0,25,2.345,0.0,0.0,0.0
r0110_c0037,40.6974564,-73.8961033,Open Space,42,133.33,0.0,2.0,1922.0,55840.0,70,1.2614,0.0,0.0,0.0
r0110_c0038,40.6974564,-73.8943203,Residential,85,88.89,0.0,2.0,1914.0,182839.0,103,0.5021,0.0,0.0,0.0
r0110_c0039,40.6974564,-73.8925374,Residential,69,44.44,0.0,2.0,1920.0,126601.0,104,0.5076,0.0,0.0,0.0
r0110_c0040,40.6974564,-73.8907545,Residential,73,133.33,0.0,2.1,1923.0,122058.0,120,0.1628,0.0,0.0,0.0
r0110_c0041,40.6974564,-73.8889716,Residential,71,533.33,0.0,2.2,1922.0,92910.0,127,0.0949,0.0,0.0,0.0
r0110_c0042,40.6974564,-73.8871887,Residential,13,0.0,0.0,2.0,1920.0,19072.0,24,0.3065,0.0,0.0,0.0
r0110_c0059,40.6974564,-73.8568792,Residential,8,1555.56,0.0,2.3,1933.0,21304.0,9,0.9581,0.0,0.0,0.0
r0110_c0060,40.6974564,-73.8550963,Residential,19,222.22,0.0,2.3,1924.0,78751.0,33,1.1659,0.0,0.0,0.0
r0110_c0061,40.6974564,-73.8533134,Residential,26,0.0,0.0,2.3,1919.0,52842.0,33,0.6171,0.0,0.0,0.0
r0110_c0062,40.6974564,-73.8515304,Residential,59,133.33,0.0,2.3,1921.0,107016.0,92,0.7142,0.0,0.0,0.0
r0110_c0063,40.6974564,-73.8497475,Residential,57,222.22,0.0,2.4,1925.0,105665.0,89,1.0182,0.0,0.0,0.0
r0110_c0064,40.6974564,-73.8479646,Residential,28,311.11,0.0,2.1,1923.0,222026.0,34,1.5795,0.0,0.0,0.0
r0110_c0065,40.6974564,-73.8461817,Residential,69,222.22,0.0,2.1,1914.0,154710.0,90,0.9203,0.0,0.0,0.0
r0110_c0066,40.6974564,-73.8443988,Residential,61,311.11,0.0,2.3,1917.0,128893.0,107,0.4722,0.0,0.0,0.0
r0110_c0067,40.6974564,-73.8426159,Residential,45,44.44,0.0,2.6,1918.0,97227.0,83,0.1639,0.0,0.0,0.0
r0110_c0068,40.6974564,-73.840833,Residential,40,133.33,0.0,2.6,1913.0,89511.0,69,0.9564,0.0,0.0,0.0
r0110_c0069,40.6974564,-73.8390501,Residential,38,177.78,0.0,2.8,1916.0,145698.0,69,0.8343,0.0,0.0,0.0
r0110_c0070,40.6974564,-73.8372672,Residential,54,266.67,0.1667,2.4,1925.0,144708.0,81,1.7271,0.0,44.44,0.0
r0110_c0071,40.6974564,-73.8354842,Residential,48,355.56,0.25,2.6,1921.0,166136.0,63,2.1263,88.89,44.44,0.0
r0110_c0072,40.6974564,-73.8337013,Residential,55,0.0,0.0,2.5,1921.0,175462.0,86,1.2011,0.0,0.0,0.0
r0110_c0073,40.6974564,-73.8319184,Residential,45,0.0,0.0,2.7,1912.0,156221.0,84,0.6672,0.0,0.0,0.0
r0110_c0074,40.6974564,-73.8301355,Residential,39,0.0,0.0,2.4,1921.0,78172.0,67,0.9686,0.0,0.0,0.0
r0110_c0075,40.6974564,-73.8283526,Residential,46,0.0,0.0,2.4,1917.0,92916.0,78,1.0018,0.0,0.0,0.0
r0110_c0076,40.6974564,-73.8265697,Residential,16,0.0,0.0,2.3,1933.0,26526.0,24,1.3901,0.0,0.0,0.0
r0110_c0078,40.6974564,-73.8230039,Mixed-Use,3,0.0,0.0,1.0,1940.0,38516.0,32,0.2107,0.0,0.0,0.0
r0110_c0079,40.6974564,-73.8212209,Industrial,12,0.0,0.0,1.3,1947.0,86010.0,12,1.2407,0.0,0.0,0.0
r0110_c0080,40.6974564,-73.819438,Residential,10,0.0,0.0,1.9,1931.0,15165.0,10,1.9466,0.0,0.0,0.0
r0110_c0081,40.6974564,-73.8176551,Mixed-Use,4,0.0,0.0,2.0,1937.0,72147.0,11,0.2792,0.0,0.0,0.0
r0110_c0082,40.6974564,-73.8158722,Commercial,3,44.44,0.0,1.7,1951.0,63812.0,3,0.4102,0.0,44.44,0.0
r0110_c0083,40.6974564,-73.8140893,Industrial,4,133.33,0.3333,4.3,1949.0,90110.0,3,1.5595,0.0,44.44,0.0
r0110_c0084,40.6974564,-73.8123064,Open Space,15,133.33,0.0,2.3,1933.0,18491.0,19,1.3988,0.0,0.0,0.0
r0110_c0085,40.6974564,-73.8105235,Industrial,16,133.33,0.0,2.4,1953.0,214653.0,28,1.67,44.44,44.44,0.0
r0110_c0086,40.6974564,-73.8087406,Residential,56,0.0,0.0,2.4,1936.0,167751.0,79,1.8442,0.0,0.0,0.0
r0110_c0087,40.6974564,-73.8069576,Residential,42,266.67,0.3333,2.6,1939.0,171039.0,60,2.1878,0.0,44.44,0.0
r0110_c0088,40.6974564,-73.8051747,Residential,57,355.56,0.375,2.4,1932.0,210868.0,79,1.6998,0.0,88.89,0.0
r0110_c0089,40.6974564,-73.8033918,Mixed-Use,45,88.89,0.0,1.7,1930.0,123862.0,53,2.4044,0.0,88.89,0.5
r0110_c0090,40.6974564,-73.8016089,Industrial,33,88.89,0.0,1.8,1960.0,159687.0,24,2.2406,44.44,44.44,0.0
r0110_c0092,40.6974564,-73.7980431,Mixed-Use,32,88.89,0.0,2.0,1957.0,87298.0,29,2.8115,0.0,44.44,0.0
r0110_c0093,40.6974564,-73.7962602,Residential,5,88.89,0.0,2.6,1956.0,277120.0,8,1.0244,0.0,0.0,0.0
r0110_c0094,40.6974564,-73.7944773,Residential,22,222.22,0.4,2.0,1961.0,53161.0,23,1.5403,0.0,88.89,0.0
r0110_c0095,40.6974564,-73.7926944,Residential,52,177.78,0.5,2.1,1951.0,114765.0,63,1.623,0.0,88.89,0.0
r0110_c0096,40.6974564,-73.7909114,Residential,61,222.22,0.2,2.2,1942.0,98200.0,68,1.1423,0.0,44.44,0.0
r0110_c0097,40.6974564,-73.7891285,Residential,45,88.89,0.0,2.5,1958.0,86155.0,51,0.9438,0.0,0.0,0.0
r0110_c0098,40.6974564,-73.7873456,Mixed-Use,21,133.33,0.0,2.0,1955.0,62920.0,33,1.8697,0.0,44.44,0.0
r0110_c0099,40.6974564,-73.7855627,Institutional,19,488.89,0.0,1.9,1944.0,221567.0,19,1.9892,0.0,266.67,0.1667
r0110_c0100,40.6974564,-73.7837798,Residential,22,266.67,0.3333,2.3,1964.0,210220.0,57,1.6288,44.44,44.44,0.0
r0110_c0101,40.6974564,-73.7819969,Residential,25,0.0,0.0,1.7,1946.0,87292.0,57,1.643,0.0,0.0,0.0
r0110_c0102,40.6974564,-73.780214,Residential,58,44.44,0.0,2.0,1949.0,84756.0,73,0.154,0.0,0.0,0.0
r0110_c0103,40.6974564,-73.7784311,Residential,46,44.44,0.0,2.0,1948.0,63503.0,60,-0.0,0.0,0.0,0.0
r0110_c0104,40.6974564,-73.7766481,Residential,53,44.44,0.0,2.2,1937.0,77430.0,76,-0.0,0.0,0.0,0.0
r0110_c0105,40.6974564,-73.7748652,Residential,45,0.0,0.0,1.9,1945.0,62584.0,49,0.756,0.0,0.0,0.0
r0110_c0106,40.6974564,-73.7730823,Residential,37,44.44,0.0,1.8,1946.0,52674.0,55,-0.0,0.0,0.0,0.0
r0110_c0107,40.6974564,-73.7712994,Residential,32,0.0,0.0,1.9,1951.0,43207.0,49,0.472,0.0,0.0,0.0
r0110_c0108,40.6974564,-73.7695165,Residential,46,0.0,0.0,2.0,1932.0,66893.0,79,-0.0,0.0,0.0,0.0
r0110_c0109,40.6974564,-73.7677336,Residential,39,0.0,0.0,2.5,1929.0,60274.0,66,-0.0,0.0,0.0,0.0
r0110_c0110,40.6974564,-73.7659507,Residential,36,44.44,0.0,2.4,1929.0,64994.0,68,-0.0,0.0,0.0,0.0
r0110_c0111,40.6974564,-73.7641678,Residential,33,0.0,0.0,2.1,1940.0,55776.0,49,0.2204,0.0,0.0,0.0
r0110_c0112,40.6974564,-73.7623848,Residential,47,400.0,0.0,2.0,1953.0,96303.0,59,2.0391,0.0,222.22,0.0
r0110_c0113,40.6974564,-73.7606019,Residential,54,44.44,0.0,2.4,1925.0,71786.0,91,-0.0,0.0,0.0,0.0
r0110_c0114,40.6974564,-73.758819,Residential,64,44.44,0.0,2.2,1926.0,86210.0,115,0.1168,0.0,0.0,0.0
r0110_c0115,40.6974564,-73.7570361,Residential,59,44.44,0.0,2.1,1937.0,77863.0,93,0.0558,0.0,0.0,0.0
r0110_c0116,40.6974564,-73.7552532,Residential,66,44.44,0.0,2.2,1934.0,91230.0,115,-0.0,0.0,0.0,0.0
r0110_c0117,40.6974564,-73.7534703,Residential,64,0.0,0.0,2.3,1929.0,81208.0,107,-0.0,0.0,0.0,0.0
r0110_c0118,40.6974564,-73.7516874,Residential,66,88.89,0.0,2.0,1936.0,80454.0,108,0.048,0.0,0.0,0.0
r0110_c0119,40.6974564,-73.7499045,Residential,74,44.44,0.0,2.0,1948.0,93722.0,126,0.0131,0.0,0.0,0.0
r0110_c0120,40.6974564,-73.7481216,Residential,68,133.33,0.0,1.8,1936.0,92646.0,118,0.1318,0.0,0.0,0.0
r0110_c0121,40.6974564,-73.7463386,Residential,31,400.0,0.0,2.2,1950.0,85321.0,40,1.0006,0.0,0.0,0.0
r0110_c0122,40.6974564,-73.7445557,Residential,46,44.44,0.0,2.0,1945.0,68578.0,56,1.3097,0.0,0.0,0.0
r0110_c0123,40.6974564,-73.7427728,Residential,38,222.22,0.4,2.1,1942.0,71078.0,47,0.9478,0.0,88.89,0.0
r0110_c0124,40.6974564,-73.7409899,Institutional,44,222.22,0.0,2.1,1943.0,140831.0,62,0.9993,0.0,0.0,0.0
r0110_c0125,40.6974564,-73.739207,Residential,39,0.0,0.0,1.7,1947.0,55293.0,77,-0.0,0.0,0.0,0.0
r0110_c0126,40.6974564,-73.7374241,Residential,60,44.44,0.0,2.0,1940.0,86236.0,81,-0.0,0.0,0.0,0.0
r0110_c0127,40.6974564,-73.7356412,Residential,46,0.0,0.0,1.8,1942.0,59222.0,79,-0.0,0.0,0.0,0.0
r0110_c0128,40.6974564,-73.7338583,Residential,39,44.44,0.0,1.7,1946.0,52332.0,77,-0.0,0.0,0.0,0.0
r0110_c0129,40.6974564,-73.7320753,Residential,71,0.0,0.0,1.5,1943.0,73539.0,92,-0.0,0.0,0.0,0.0
r0110_c0130,40.6974564,-73.7302924,Residential,43,88.89,0.0,1.7,1952.0,58892.0,70,-0.0,0.0,0.0,0.0
r0110_c0131,40.6974564,-73.7285095,Residential,35,88.89,0.0,1.5,1945.0,46347.0,59,-0.0,0.0,0.0,0.0
r0111_c0029,40.6988077,-73.9103665,Commercial,5,2533.33,0.193,1.2,1952.0,29101.0,5,0.5202,0.0,755.56,0.1176
r0111_c0030,40.6988077,-73.9085836,Residential,32,577.78,0.0769,2.8,1923.0,442959.0,32,2.0505,0.0,311.11,0.0
r0111_c0031,40.6988077,-73.9068007,Residential,76,177.78,0.0,2.1,1917.0,239700.0,104,1.3682,44.44,0.0,0.0
r0111_c0032,40.6988077,-73.9050178,Mixed-Use,32,311.11,0.1429,2.1,1937.0,188741.0,37,2.5743,0.0,133.33,0.0
r0111_c0033,40.6988077,-73.9032349,Institutional,24,88.89,0.0,2.2,1930.0,223920.0,37,2.0254,0.0,0.0,0.0
r0111_c0034,40.6988077,-73.901452,Residential,59,177.78,0.0,2.6,1923.0,338787.0,78,1.6719,0.0,88.89,0.0
r0111_c0035,40.6988077,-73.8996691,Residential,72,88.89,0.0,2.3,1923.0,270520.0,111,1.1333,0.0,44.44,0.0
r0111_c0036,40.6988077,-73.8978862,Residential,51,355.56,0.125,2.0,1926.0,167176.0,61,2.1531,0.0,177.78,0.0
r0111_c0037,40.6988077,-73.8961033,Industrial,27,88.89,0.0,2.1,1925.0,300532.0,44,1.0875,0.0,0.0,0.0
r0111_c0038,40.6988077,-73.8943203,Residential,71,222.22,0.0,2.1,1915.0,195460.0,79,0.8366,44.44,0.0,0.0
r0111_c0039,40.6988077,-73.8925374,Residential,88,266.67,0.0,2.0,1917.0,193278.0,117,0.6008,0.0,0.0,0.0
r0111_c0040,40.6988077,-73.8907545,Residential,77,0.0,0.0,2.1,1921.0,213744.0,91,1.1532,0.0,0.0,0.0
r0111_c0041,40.6988077,-73.8889716,Residential,58,177.78,0.0,2.0,1924.0,115489.0,76,1.6638,0.0,0.0,0.0
r0111_c0062,40.6988077,-73.8515304,Residential,14,44.44,0.0,2.5,1931.0,490818.0,73,0.5523,0.0,0.0,0.0
r0111_c0063,40.6988077,-73.8497475,Residential,11,0.0,0.0,2.2,1925.0,12577.0,11,-0.0,0.0,0.0,0.0
r0111_c0064,40.6988077,-73.8479646,Residential,13,88.89,0.0,2.4,1918.0,27921.0,22,1.0123,0.0,0.0,0.0
r0111_c0065,40.6988077,-73.8461817,Residential,45,88.89,0.0,2.2,1918.0,69490.0,57,-0.0,0.0,0.0,0.0
r0111_c0066,40.6988077,-73.8443988,Residential,50,133.33,0.0,2.6,1920.0,94540.0,86,-0.0,0.0,0.0,0.0
r0111_c0067,40.6988077,-73.8426159,Residential,48,88.89,0.0,2.5,1913.0,100609.0,82,0.4021,0.0,0.0,0.0
r0111_c0068,40.6988077,-73.840833,Residential,49,133.33,0.0,2.5,1914.0,110739.0,87,0.5919,0.0,0.0,0.0
r0111_c0069,40.6988077,-73.8390501,Residential,39,133.33,0.0,2.5,1916.0,88965.0,76,0.4065,0.0,0.0,0.0
r0111_c0070,40.6988077,-73.8372672,Residential,24,266.67,0.0,2.3,1924.0,118210.0,33,1.2558,44.44,0.0,0.0
r0111_c0071,40.6988077,-73.8354842,Institutional,27,755.56,0.1176,2.7,1922.0,203833.0,29,2.175,0.0,177.78,0.0
r0111_c0072,40.6988077,-73.8337013,Mixed-Use,41,844.44,0.2105,2.5,1931.0,259717.0,49,1.6988,44.44,266.67,0.1667
r0111_c0073,40.6988077,-73.8319184,Residential,53,311.11,0.0,2.3,1920.0,173944.0,71,1.8497,0.0,44.44,0.0
r0111_c0074,40.6988077,-73.8301355,Mixed-Use,22,222.22,0.4,2.3,1916.0,104400.0,25,2.5765,0.0,88.89,0.5
r0111_c0075,40.6988077,-73.8283526,Mixed-Use,8,0.0,0.0,2.7,1950.0,119008.0,3,1.4186,0.0,0.0,0.0
r0111_c0076,40.6988077,-73.8265697,Industrial,34,0.0,0.0,2.1,1918.0,195925.0,49,1.8644,0.0,0.0,0.0
r0111_c0077,40.6988077,-73.8247868,Residential,37,0.0,0.0,1.9,1925.0,90122.0,54,1.4294,0.0,0.0,0.0
r0111_c0078,40.6988077,-73.8230039,Residential,45,44.44,0.0,2.1,1925.0,117844.0,64,1.8287,0.0,0.0,0.0
r0111_c0079,40.6988077,-73.8212209,Residential,46,88.89,0.0,1.8,1935.0,130567.0,55,1.7808,0.0,0.0,0.0
r0111_c0080,40.6988077,-73.819438,Industrial,29,0.0,0.0,1.3,1941.0,156290.0,29,1.0502,0.0,0.0,0.0
r0111_c0081,40.6988077,-73.8176551,Residential,15,0.0,0.0,2.0,1941.0,29870.0,17,1.8875,0.0,0.0,0.0
r0111_c0082,40.6988077,-73.8158722,Mixed-Use,24,88.89,0.0,2.0,1927.0,89202.0,29,1.6114,0.0,0.0,0.0
r0111_c0085,40.6988077,-73.8105235,Mixed-Use,3,0.0,0.0,,,0.0,8,0.9048,0.0,0.0,0.0
r0111_c0086,40.6988077,-73.8087406,Mixed-Use,4,44.44,0.0,4.6,1984.0,47763.0,5,1.4879,0.0,0.0,0.0
r0111_c0087,40.6988077,-73.8069576,Commercial,20,1155.56,0.2692,4.4,1940.0,632648.0,17,1.3866,0.0,177.78,0.0
r0111_c0088,40.6988077,-73.8051747,Residential,27,88.89,0.5,3.7,1936.0,866363.0,30,2.2761,0.0,44.44,0.0
r0111_c0089,40.6988077,-73.8033918,Industrial,22,44.44,0.0,2.3,1929.0,162660.0,30,0.8914,0.0,44.44,0.0
r0111_c0090,40.6988077,-73.8016089,Mixed-Use,19,88.89,0.0,1.6,1966.0,96860.0,17,2.3835,44.44,44.44,0.0
r0111_c0091,40.6988077,-73.799826,Industrial,7,44.44,0.0,1.6,1959.0,124626.0,8,0.2316,0.0,44.44,0.0
r0111_c0094,40.6988077,-73.7944773,Residential,45,177.78,0.25,2.2,1972.0,97439.0,46,1.6235,0.0,44.44,0.0
r0111_c0095,40.6988077,-73.7926944,Residential,76,355.56,0.25,2.2,1935.0,170254.0,78,1.9608,0.0,133.33,0.0
r0111_c0096,40.6988077,-73.7909114,Residential,62,44.44,0.0,2.2,1963.0,93997.0,67,0.7734,0.0,0.0,0.0
r0111_c0097,40.6988077,-73.7891285,Institutional,37,0.0,0.0,2.6,1967.0,285618.0,39,1.2977,0.0,0.0,0.0
r0111_c0098,40.6988077,-73.7873456,Mixed-Use,27,311.11,0.1429,2.1,1940.0,75419.0,33,2.6416,0.0,133.33,0.0
r0111_c0099,40.6988077,-73.7855627,Residential,53,88.89,0.0,2.2,1926.0,92339.0,63,1.1512,0.0,44.44,0.0
r0111_c0100,40.6988077,-73.7837798,Residential,57,44.44,0.0,2.4,1935.0,102958.0,76,0.7093,0.0,0.0,0.0
r0111_c0101,40.6988077,-73.7819969,Residential,52,44.44,0.0,2.3,1932.0,84041.0,66,0.6584,0.0,0.0,0.0
r0111_c0102,40.6988077,-73.780214,Residential,62,0.0,0.0,1.9,1935.0,86158.0,81,0.467,0.0,0.0,0.0
r0111_c0103,40.6988077,-73.7784311,Residential,58,44.44,0.0,2.0,1942.0,76892.0,71,-0.0,0.0,0.0,0.0
r0111_c0104,40.6988077,-73.7766481,Residential,31,0.0,0.0,2.0,1944.0,50700.0,37,0.5579,0.0,0.0,0.0
r0111_c0105,40.6988077,-73.7748652,Residential,28,133.33,0.0,1.4,1955.0,38424.0,33,0.5716,0.0,0.0,0.0
r0111_c0106,40.6988077,-73.7730823,Residential,42,0.0,0.0,1.6,1955.0,51920.0,45,0.1229,0.0,0.0,0.0
r0111_c0107,40.6988077,-73.7712994,Mixed-Use,19,44.44,0.0,1.6,1951.0,92530.0,22,1.4112,0.0,0.0,0.0
r0111_c0108,40.6988077,-73.7695165,Residential,41,88.89,0.0,1.9,1932.0,64288.0,74,-0.0,0.0,0.0,0.0
r0111_c0109,40.6988077,-73.7677336,Residential,49,44.44,0.0,2.1,1925.0,70906.0,87,-0.0,0.0,0.0,0.0
r0111_c0110,40.6988077,-73.7659507,Residential,48,0.0,0.0,2.4,1931.0,72686.0,84,0.1476,0.0,0.0,0.0
r0111_c0111,40.6988077,-73.7641678,Residential,32,0.0,0.0,2.4,1930.0,63509.0,58,0.3165,0.0,0.0,0.0
r0111_c0112,40.6988077,-73.7623848,Residential,61,355.56,0.125,2.3,1941.0,118397.0,83,0.5924,44.44,133.33,0.0
r0111_c0113,40.6988077,-73.7606019,Residential,54,0.0,0.0,2.5,1924.0,78099.0,95,0.1364,0.0,0.0,0.0
r0111_c0114,40.6988077,-73.758819,Residential,52,133.33,0.0,2.5,1926.0,77311.0,88,0.3658,0.0,0.0,0.0
r0111_c0115,40.6988077,-73.7570361,Residential,67,266.67,0.0,2.0,1945.0,79231.0,100,0.3734,0.0,0.0,0.0
r0111_c0116,40.6988077,-73.7552532,Residential,90,88.89,0.0,2.0,1941.0,108488.0,142,-0.0,0.0,0.0,0.0
r0111_c0117,40.6988077,-73.7534703,Residential,61,88.89,0.0,2.0,1944.0,169320.0,100,0.968,0.0,0.0,0.0
r0111_c0118,40.6988077,-73.7516874,Residential,55,88.89,0.0,2.0,1944.0,68579.0,87,-0.0,0.0,0.0,0.0
r0111_c0119,40.6988077,-73.7499045,Residential,52,44.44,0.0,1.7,1946.0,75631.0,84,0.0046,0.0,0.0,0.0
r0111_c0120,40.6988077,-73.7481216,Residential,44,177.78,0.0,1.7,1942.0,68517.0,76,-0.0,0.0,0.0,0.0
r0111_c0122,40.6988077,-73.7445557,Residential,41,133.33,0.0,1.7,1942.0,53882.0,65,0.159,0.0,0.0,0.0
r0111_c0123,40.6988077,-73.7427728,Residential,45,88.89,0.0,1.8,1946.0,83831.0,64,0.8675,0.0,0.0,0.0
r0111_c0124,40.6988077,-73.7409899,Residential,48,266.67,0.0,2.4,1934.0,60477.0,77,-0.0,0.0,0.0,0.0
r0111_c0125,40.6988077,-73.739207,Residential,28,888.89,0.0,1.9,1944.0,39314.0,55,-0.0,0.0,0.0,0.0
r0111_c0126,40.6988077,-73.7374241,Residential,32,133.33,0.0,2.1,1942.0,93764.0,61,0.9581,44.44,0.0,0.0
r0111_c0127,40.6988077,-73.7356412,Residential,44,0.0,0.0,2.1,1940.0,56387.0,87,-0.0,0.0,0.0,0.0
r0111_c0128,40.6988077,-73.7338583,Residential,44,0.0,0.0,1.8,1946.0,58185.0,78,-0.0,0.0,0.0,0.0
r0111_c0129,40.6988077,-73.7320753,Residential,51,88.89,0.0,1.8,1945.0,63756.0,72,0.5464,44.44,0.0,0.0
r0111_c0130,40.6988077,-73.7302924,Residential,54,88.89,0.0,1.9,1948.0,65907.0,82,-0.0,0.0,0.0,0.0
r0111_c0131,40.6988077,-73.7285095,Residential,33,44.44,0.0,1.5,1945.0,43090.0,61,-0.0,0.0,0.0,0.0
r0112_c0028,40.7001591,-73.9121495,Mixed-Use,4,5466.67,0.4065,2.8,1930.0,17175.0,4,-0.0,0.0,1822.22,0.0488
r0112_c0029,40.7001591,-73.9103665,Commercial,12,755.56,0.2353,7.9,1979.0,342614.0,10,1.3752,0.0,444.44,0.0
r0112_c0030,40.7001591,-73.9085836,Residential,49,1288.89,0.2069,2.9,1932.0,298513.0,51,1.4999,0.0,666.67,0.1333
r0112_c0031,40.7001591,-73.9068007,Mixed-Use,51,1866.67,0.2619,3.0,1929.0,294748.0,53,0.9594,0.0,977.78,0.0455
r0112_c0032,40.7001591,-73.9050178,Mixed-Use,42,1244.44,0.1429,2.9,1934.0,284316.0,46,1.9872,0.0,933.33,0.2857
r0112_c0033,40.7001591,-73.9032349,Mixed-Use,50,1022.22,0.3043,2.9,1933.0,294833.0,51,1.7304,0.0,666.67,0.2
r0112_c0034,40.7001591,-73.901452,Residential,63,1022.22,0.3043,2.9,1929.0,294980.0,65,1.3446,0.0,488.89,0.1818
r0112_c0035,40.7001591,-73.8996691,Residential,49,1644.44,0.2973,2.8,1929.0,265658.0,52,1.7705,0.0,755.56,0.0
r0112_c0036,40.7001591,-73.8978862,Residential,65,1777.78,0.2,2.4,1927.0,243364.0,72,1.9242,0.0,755.56,0.0588
r0112_c0037,40.7001591,-73.8961033,Mixed-Use,36,1288.89,0.2069,2.4,1920.0,156813.0,35,2.3366,0.0,533.33,0.0
r0112_c0038,40.7001591,-73.8943203,Residential,61,444.44,0.3,2.2,1917.0,181632.0,67,1.7989,0.0,88.89,0.0
r0112_c0039,40.7001591,-73.8925374,Residential,79,88.89,0.0,2.2,1922.0,231188.0,101,1.5451,0.0,44.44,0.0
r0112_c0040,40.7001591,-73.8907545,Residential,67,311.11,0.0,2.0,1915.0,171433.0,76,1.1854,0.0,0.0,0.0
r0112_c0041,40.7001591,-73.8889716,Residential,75,88.89,0.0,2.1,1921.0,183386.0,96,1.323,0.0,0.0,0.0
r0112_c0042,40.7001591,-73.8871887,Residential,54,88.89,0.0,2.0,1916.0,132494.0,76,0.928,0.0,0.0,0.0
r0112_c0043,40.7001591,-73.8854058,Residential,45,0.0,0.0,2.3,1918.0,148295.0,58,0.9942,0.0,0.0,0.0
r0112_c0044,40.7001591,-73.8836229,Residential,19,44.44,0.0,2.0,1913.0,31325.0,26,0.9869,0.0,0.0,0.0
r0112_c0045,40.7001591,-73.88184,Residential,27,133.33,0.0,2.0,1932.0,130634.0,35,1.8941,0.0,0.0,0.0
r0112_c0046,40.7001591,-73.880057,Residential,44,133.33,0.0,2.0,1916.0,86151.0,57,0.7833,0.0,0.0,0.0
r0112_c0047,40.7001591,-73.8782741,Residential,5,88.89,0.0,2.0,1919.0,7734.0,7,-0.0,0.0,0.0,0.0
r0112_c0066,40.7001591,-73.8443988,Residential,12,0.0,0.0,2.5,1920.0,17550.0,17,0.3263,0.0,0.0,0.0
r0112_c0067,40.7001591,-73.8426159,Residential,55,311.11,0.0,2.5,1920.0,164315.0,85,0.9552,0.0,0.0,0.0
r0112_c0068,40.7001591,-73.840833,Residential,46,44.44,0.0,2.5,1920.0,158508.0,77,1.1224,0.0,0.0,0.0
r0112_c0069,40.7001591,-73.8390501,Residential,40,177.78,0.0,2.6,1914.0,91796.0,69,0.5177,0.0,0.0,0.0
r0112_c0070,40.7001591,-73.8372672,Residential,48,0.0,0.0,2.4,1916.0,88024.0,80,0.4345,0.0,0.0,0.0
r0112_c0071,40.7001591,-73.8354842,Residential,40,44.44,0.0,2.4,1924.0,111827.0,63,0.8303,0.0,44.44,0.0
r0112_c0072,40.7001591,-73.8337013,Residential,54,177.78,0.5,3.0,1954.0,268216.0,60,2.526,0.0,0.0,0.0
r0112_c0073,40.7001591,-73.8319184,Mixed-Use,21,800.0,0.1667,2.1,1933.0,96853.0,19,2.1222,88.89,133.33,0.3333
r0112_c0074,40.7001591,-73.8301355,Mixed-Use,42,666.67,0.2,2.3,1937.0,200149.0,50,2.4451,88.89,266.67,0.1667
r0112_c0075,40.7001591,-73.8283526,Mixed-Use,23,88.89,0.0,2.4,1960.0,255961.0,24,2.7405,0.0,44.44,0.0
r0112_c0076,40.7001591,-73.8265697,Residential,56,44.44,0.0,2.2,1925.0,188221.0,68,1.9066,0.0,44.44,0.0
r0112_c0077,40.7001591,-73.8247868,Residential,72,44.44,0.0,2.0,1918.0,174036.0,97,1.1931,0.0,0.0,0.0
r0112_c0078,40.7001591,-73.8230039,Residential,85,0.0,0.0,2.0,1934.0,181737.0,124,1.0561,0.0,0.0,0.0
r0112_c0079,40.7001591,-73.8212209,Industrial,18,0.0,0.0,1.6,1962.0,90460.0,18,1.9788,0.0,0.0,0.0
r0112_c0080,40.7001591,-73.819438,Mixed-Use,32,44.44,0.0,2.3,1934.0,119212.0,60,1.953,0.0,0.0,0.0
r0112_c0081,40.7001591,-73.8176551,Residential,33,44.44,0.0,2.6,1928.0,286797.0,59,1.7735,0.0,0.0,0.0
r0112_c0082,40.7001591,-73.8158722,Institutional,4,133.33,0.3333,4.4,1955.0,584245.0,6,0.1662,0.0,0.0,0.0
r0112_c0083,40.7001591,-73.8140893,Residential,33,355.56,0.0,2.4,1934.0,97843.0,52,1.6501,0.0,0.0,0.0
r0112_c0084,40.7001591,-73.8123064,Residential,52,1333.33,0.0,2.1,1926.0,139854.0,70,1.5285,0.0,0.0,0.0
r0112_c0085,40.7001591,-73.8105235,Mixed-Use,27,88.89,0.0,2.3,1940.0,164684.0,36,2.1962,88.89,0.0,0.0
r0112_c0086,40.7001591,-73.8087406,Industrial,10,355.56,0.125,1.6,1944.0,73388.0,11,1.9167,0.0,44.44,0.0
r0112_c0087,40.7001591,-73.8069576,Mixed-Use,4,355.56,0.375,27.0,2019.0,883464.0,2,-0.0,0.0,44.44,0.0
r0112_c0088,40.7001591,-73.8051747,Mixed-Use,11,0.0,0.0,1.0,1963.0,37800.0,5,0.661,0.0,0.0,0.0
r0112_c0089,40.7001591,-73.8033918,Industrial,12,0.0,0.0,1.1,1947.0,86793.0,11,1.2137,0.0,0.0,0.0
r0112_c0090,40.7001591,-73.8016089,Industrial,15,44.44,1.0,1.0,1953.0,85574.0,9,1.2044,0.0,44.44,0.0
r0112_c0091,40.7001591,-73.799826,Commercial,6,88.89,0.0,2.2,1962.0,291078.0,4,1.6075,0.0,0.0,0.0
r0112_c0093,40.7001591,-73.7962602,Institutional,3,488.89,0.0,2.0,1990.0,42000.0,2,0.7987,0.0,0.0,0.0
r0112_c0095,40.7001591,-73.7926944,Mixed-Use,55,88.89,0.5,2.1,1922.0,82614.0,52,1.7233,0.0,0.0,0.0
r0112_c0096,40.7001591,-73.7909114,Residential,46,0.0,0.0,2.2,1948.0,126832.0,63,0.9991,0.0,0.0,0.0
r0112_c0097,40.7001591,-73.7891285,Mixed-Use,14,222.22,0.0,1.4,1995.0,89079.0,15,1.477,0.0,133.33,0.0
r0112_c0098,40.7001591,-73.7873456,Residential,52,133.33,0.0,2.3,1967.0,110663.0,61,1.022,0.0,44.44,0.0
r0112_c0099,40.7001591,-73.7855627,Residential,55,266.67,0.0,2.3,1951.0,94370.0,69,0.9639,0.0,0.0,0.0
r0112_c0100,40.7001591,-73.7837798,Residential,48,88.89,0.0,2.3,1932.0,83379.0,63,0.5207,0.0,0.0,0.0
r0112_c0101,40.7001591,-73.7819969,Residential,44,44.44,0.0,2.3,1932.0,70797.0,48,1.0114,0.0,0.0,0.0
r0112_c0102,40.7001591,-73.780214,Residential,49,44.44,0.0,1.7,1955.0,76376.0,53,0.2761,0.0,0.0,0.0
r0112_c0103,40.7001591,-73.7784311,Mixed-Use,14,44.44,0.0,2.0,1951.0,15168.0,21,0.6691,0.0,0.0,0.0
r0112_c0104,40.7001591,-73.7766481,Industrial,4,44.44,0.0,1.0,1915.0,95280.0,2,1.1758,0.0,0.0,0.0
r0112_c0106,40.7001591,-73.7730823,Industrial,7,0.0,0.0,1.4,1955.0,18870.0,7,1.1569,0.0,0.0,0.0
r0112_c0107,40.7001591,-73.7712994,Residential,32,88.89,0.0,1.7,1942.0,47524.0,56,-0.0,0.0,0.0,0.0
r0112_c0108,40.7001591,-73.7695165,Residential,38,177.78,0.0,1.9,1931.0,64713.0,69,0.0185,0.0,0.0,0.0
r0112_c0109,40.7001591,-73.7677336,Residential,41,0.0,0.0,1.8,1931.0,60424.0,69,0.1244,0.0,0.0,0.0
r0112_c0110,40.7001591,-73.7659507,Residential,50,88.89,0.0,2.4,1931.0,74902.0,84,-0.0,0.0,0.0,0.0
r0112_c0111,40.7001591,-73.7641678,Residential,38,177.78,0.0,2.3,1934.0,86514.0,55,1.2263,0.0,44.44,0.0
r0112_c0112,40.7001591,-73.7623848,Residential,47,133.33,0.0,2.5,1930.0,89081.0,86,0.5062,44.44,0.0,0.0
r0112_c0113,40.7001591,-73.7606019,Residential,55,88.89,0.0,2.5,1926.0,85377.0,100,-0.0,0.0,0.0,0.0
r0112_c0114,40.7001591,-73.758819,Residential,36,311.11,0.0,2.4,1926.0,56776.0,55,0.9994,0.0,0.0,0.0
r0112_c0115,40.7001591,-73.7570361,Residential,46,177.78,0.25,2.4,1930.0,78557.0,82,0.3569,0.0,44.44,0.0
r0112_c0116,40.7001591,-73.7552532,Residential,50,88.89,0.0,2.0,1938.0,79933.0,76,0.7963,0.0,44.44,0.0
r0112_c0117,40.7001591,-73.7534703,Residential,54,222.22,0.2,2.2,1947.0,89986.0,85,1.1426,0.0,88.89,0.0
r0112_c0118,40.7001591,-73.7516874,Residential,70,44.44,0.0,1.9,1945.0,90319.0,114,0.0165,0.0,0.0,0.0
r0112_c0119,40.7001591,-73.7499045,Residential,61,0.0,0.0,1.6,1943.0,101927.0,98,-0.0,0.0,0.0,0.0
r0112_c0120,40.7001591,-73.7481216,Residential,42,44.44,0.0,2.0,1941.0,85752.0,74,1.1127,0.0,0.0,0.0
r0112_c0121,40.7001591,-73.7463386,Residential,38,133.33,0.0,2.2,1932.0,52042.0,58,-0.0,0.0,0.0,0.0
r0112_c0122,40.7001591,-73.7445557,Residential,48,0.0,0.0,2.4,1928.0,74032.0,72,0.0266,0.0,0.0,0.0
r0112_c0123,40.7001591,-73.7427728,Residential,41,0.0,0.0,2.1,1932.0,61845.0,64,-0.0,0.0,0.0,0.0
r0112_c0124,40.7001591,-73.7409899,Residential,90,0.0,0.0,1.9,1938.0,108986.0,106,-0.0,0.0,0.0,0.0
r0112_c0125,40.7001591,-73.739207,Residential,42,0.0,0.0,2.0,1945.0,61153.0,79,-0.0,0.0,0.0,0.0
r0112_c0126,40.7001591,-73.7374241,Residential,38,44.44,0.0,1.9,1944.0,46976.0,69,0.1581,0.0,0.0,0.0
r0112_c0127,40.7001591,-73.7356412,Residential,42,44.44,0.0,1.7,1946.0,51918.0,68,-0.0,0.0,0.0,0.0
r0112_c0128,40.7001591,-73.7338583,Residential,50,0.0,0.0,1.8,1950.0,57607.0,80,0.7911,0.0,0.0,0.0
r0112_c0129,40.7001591,-73.7320753,Residential,56,88.89,0.0,1.7,1947.0,66823.0,94,0.0474,0.0,0.0,0.0
r0112_c0130,40.7001591,-73.7302924,Residential,39,44.44,0.0,1.6,1948.0,48619.0,66,0.1601,0.0,0.0,0.0
r0112_c0131,40.7001591,-73.7285095,Residential,45,133.33,0.0,1.6,1947.0,65463.0,77,-0.0,0.0,0.0,0.0
r0113_c0028,40.7015104,-73.9121495,Residential,13,1200.0,0.2593,2.4,1923.0,42776.0,17,1.4232,0.0,400.0,0.0
r0113_c0029,40.7015104,-73.9103665,Residential,55,222.22,0.2,3.0,1928.0,302766.0,55,1.2192,0.0,88.89,0.0
r0113_c0030,40.7015104,-73.9085836,Residential,47,488.89,0.2727,3.0,1929.0,315243.0,48,0.9422,0.0,222.22,0.0
r0113_c0031,40.7015104,-73.9068007,Residential,66,577.78,0.3077,3.0,1928.0,353887.0,66,0.7112,0.0,266.67,0.0
r0113_c0032,40.7015104,-73.9050178,Residential,59,533.33,0.25,2.8,1922.0,293636.0,66,1.4454,0.0,355.56,0.0
r0113_c0033,40.7015104,-73.9032349,Residential,52,400.0,0.3333,2.8,1913.0,311391.0,56,1.991,0.0,222.22,0.0
r0113_c0034,40.7015104,-73.901452,Residential,80,400.0,0.2222,2.3,1910.0,273438.0,91,1.6041,0.0,311.11,0.0
r0113_c0035,40.7015104,-73.8996691,Residential,69,444.44,0.1,2.2,1910.0,278136.0,74,1.7579,0.0,44.44,0.0
r0113_c0036,40.7015104,-73.8978862,Residential,92,266.67,0.0,2.0,1908.0,255510.0,94,0.8014,0.0,133.33,0.0
r0113_c0037,40.7015104,-73.8961033,Residential,75,311.11,0.0,2.7,1915.0,330019.0,78,1.6651,0.0,222.22,0.0
r0113_c0038,40.7015104,-73.8943203,Residential,30,355.56,0.625,3.0,1931.0,196690.0,32,1.5631,0.0,88.89,0.0
r0113_c0039,40.7015104,-73.8925374,Mixed-Use,33,533.33,0.1667,1.9,1925.0,86226.0,26,2.3657,0.0,311.11,0.0
r0113_c0040,40.7015104,-73.8907545,Commercial,26,266.67,0.0,2.4,1928.0,165357.0,29,1.5587,0.0,88.89,0.5
r0113_c0041,40.7015104,-73.8889716,Residential,70,177.78,0.75,2.7,1921.0,278488.0,80,1.4108,0.0,44.44,0.0
r0113_c0042,40.7015104,-73.8871887,Residential,74,266.67,0.3333,2.3,1914.0,227321.0,80,1.5703,0.0,44.44,0.0
r0113_c0043,40.7015104,-73.8854058,Residential,62,133.33,0.0,2.5,1918.0,245807.0,67,1.952,0.0,44.44,1.0
r0113_c0044,40.7015104,-73.8836229,Institutional,36,577.78,0.3077,2.4,1921.0,224563.0,43,2.0692,0.0,177.78,0.0
r0113_c0045,40.7015104,-73.88184,Mixed-Use,55,711.11,0.3125,2.1,1922.0,175391.0,62,2.3025,0.0,311.11,0.0
r0113_c0046,40.7015104,-73.880057,Residential,62,1111.11,0.24,2.2,1917.0,154262.0,75,1.961,0.0,44.44,0.0
r0113_c0047,40.7015104,-73.8782741,Residential,56,44.44,0.0,2.0,1921.0,124608.0,74,1.7026,0.0,0.0,0.0
r0113_c0048,40.7015104,-73.8764912,Residential,22,177.78,0.0,2.1,1919.0,51148.0,31,0.951,0.0,0.0,0.0
r0113_c0058,40.7015104,-73.8586621,Residential,23,311.11,0.0,2.0,1932.0,39800.0,38,0.7046,0.0,0.0,0.0
r0113_c0059,40.7015104,-73.8568792,Residential,26,488.89,0.0,2.1,1931.0,44365.0,36,1.1684,133.33,0.0,0.0
r0113_c0068,40.7015104,-73.840833,Residential,14,88.89,0.0,2.6,1926.0,106206.0,23,1.2348,44.44,0.0,0.0
r0113_c0069,40.7015104,-73.8390501,Residential,32,88.89,0.0,2.3,1923.0,83679.0,53,0.5531,0.0,0.0,0.0
r0113_c0070,40.7015104,-73.8372672,Residential,36,88.89,0.0,2.6,1918.0,80944.0,63,0.8239,0.0,0.0,0.0
r0113_c0071,40.7015104,-73.8354842,Residential,26,88.89,0.0,2.6,1920.0,71291.0,45,0.5002,0.0,0.0,0.0
r0113_c0072,40.7015104,-73.8337013,Residential,26,44.44,0.0,2.8,1927.0,125272.0,38,1.3744,0.0,0.0,0.0
r0113_c0073,40.7015104,-73.8319184,Residential,35,444.44,0.2,2.9,1962.0,171646.0,40,1.6085,0.0,0.0,0.0
r0113_c0074,40.7015104,-73.8301355,Residential,32,44.44,0.0,2.5,1931.0,123985.0,49,1.4808,0.0,0.0,0.0
r0113_c0075,40.7015104,-73.8283526,Residential,59,44.44,0.0,2.3,1927.0,129069.0,97,1.0826,0.0,0.0,0.0
r0113_c0076,40.7015104,-73.8265697,Residential,70,133.33,0.0,2.2,1931.0,154341.0,91,1.6129,88.89,44.44,0.0
r0113_c0077,40.7015104,-73.8247868,Residential,74,266.67,0.0,2.1,1926.0,174793.0,98,1.933,44.44,222.22,0.0
r0113_c0078,40.7015104,-73.8230039,Residential,28,44.44,0.0,2.4,1928.0,284867.0,33,2.1506,0.0,0.0,0.0
r0113_c0079,40.7015104,-73.8212209,Mixed-Use,14,177.78,0.25,1.9,1935.0,47280.0,24,1.3842,0.0,88.89,0.0
r0113_c0080,40.7015104,-73.819438,Residential,52,88.89,0.0,2.2,1932.0,152092.0,93,1.8858,0.0,44.44,0.0
r0113_c0081,40.7015104,-73.8176551,Residential,24,133.33,0.0,2.5,1919.0,544072.0,42,1.6339,0.0,0.0,0.0
r0113_c0082,40.7015104,-73.8158722,Institutional,7,533.33,0.1667,1.9,1938.0,91350.0,7,0.8722,44.44,44.44,0.0
r0113_c0083,40.7015104,-73.8140893,Residential,42,133.33,0.0,2.4,1941.0,130508.0,67,1.573,0.0,0.0,0.0
r0113_c0084,40.7015104,-73.8123064,Residential,46,44.44,0.0,2.3,1927.0,265802.0,65,1.9264,0.0,44.44,0.0
r0113_c0085,40.7015104,-73.8105235,Residential,49,577.78,0.0,2.0,1929.0,201313.0,70,2.2152,0.0,266.67,0.1667
r0113_c0086,40.7015104,-73.8087406,Mixed-Use,33,1733.33,0.359,2.1,1929.0,143399.0,36,1.9378,0.0,711.11,0.0
r0113_c0087,40.7015104,-73.8069576,Commercial,36,1288.89,0.1724,2.5,1933.0,424813.0,35,1.4903,133.33,666.67,0.0667
r0113_c0088,40.7015104,-73.8051747,Commercial,23,488.89,0.1818,2.9,1943.0,500325.0,24,2.0109,44.44,177.78,0.0
r0113_c0089,40.7015104,-73.8033918,Mixed-Use,7,355.56,0.0,5.0,1976.0,512089.0,3,1.5929,0.0,0.0,0.0
r0113_c0090,40.7015104,-73.8016089,Mixed-Use,3,311.11,0.0,1.0,1931.0,960.0,4,0.3929,0.0,0.0,0.0
r0113_c0091,40.7015104,-73.799826,Open Space,3,444.44,0.0,2.0,1857.0,3600.0,2,1.3213,44.44,44.44,0.0
r0113_c0096,40.7015104,-73.7909114,Mixed-Use,8,177.78,0.25,1.7,1977.0,110677.0,8,0.9509,0.0,88.89,0.0
r0113_c0097,40.7015104,-73.7891285,Residential,44,266.67,0.0,1.9,1957.0,86394.0,51,1.0983,0.0,177.78,0.0
r0113_c0098,40.7015104,-73.7873456,Residential,56,88.89,0.0,2.1,1962.0,84108.0,65,0.5133,0.0,0.0,0.0
r0113_c0099,40.7015104,-73.7855627,Residential,73,133.33,0.0,2.3,1934.0,103881.0,86,0.1064,0.0,0.0,0.0
r0113_c0100,40.7015104,-73.7837798,Residential,25,622.22,0.0,2.1,1954.0,45089.0,29,1.4052,0.0,0.0,0.0
r0113_c0101,40.7015104,-73.7819969,Residential,54,177.78,0.0,2.0,1942.0,160867.0,63,1.3856,0.0,0.0,0.0
r0113_c0102,40.7015104,-73.780214,Residential,76,133.33,0.0,1.7,1947.0,97680.0,89,0.4265,0.0,0.0,0.0
r0113_c0103,40.7015104,-73.7784311,Mixed-Use,9,0.0,0.0,1.9,1983.0,29220.0,8,1.1556,0.0,0.0,0.0
r0113_c0104,40.7015104,-73.7766481,Industrial,3,88.89,0.0,1.0,1964.0,57383.0,3,-0.0,0.0,44.44,1.0
r0113_c0106,40.7015104,-73.7730823,Residential,17,0.0,0.0,1.2,1941.0,62096.0,26,0.9962,0.0,0.0,0.0
r0113_c0107,40.7015104,-73.7712994,Residential,38,88.89,0.0,1.5,1945.0,48502.0,68,0.0401,0.0,0.0,0.0
r0113_c0108,40.7015104,-73.7695165,Residential,37,44.44,0.0,1.7,1938.0,55877.0,70,-0.0,0.0,0.0,0.0
r0113_c0109,40.7015104,-73.7677336,Residential,31,0.0,0.0,1.7,1932.0,55143.0,54,0.1321,0.0,0.0,0.0
r0113_c0110,40.7015104,-73.7659507,Residential,47,177.78,0.0,2.0,1938.0,90286.0,70,0.9276,0.0,88.89,0.0
r0113_c0111,40.7015104,-73.7641678,Residential,51,88.89,0.5,2.2,1934.0,95478.0,84,0.5921,0.0,44.44,0.0
r0113_c0112,40.7015104,-73.7623848,Residential,46,44.44,0.0,2.3,1932.0,65680.0,77,0.1678,0.0,0.0,0.0
r0113_c0113,40.7015104,-73.7606019,Residential,65,133.33,0.0,2.4,1936.0,95878.0,114,0.0929,0.0,0.0,0.0
r0113_c0114,40.7015104,-73.758819,Residential,44,44.44,0.0,2.2,1933.0,64722.0,71,-0.0,0.0,0.0,0.0
r0113_c0115,40.7015104,-73.7570361,Residential,41,88.89,0.0,2.4,1931.0,76048.0,71,0.7128,0.0,0.0,0.0
r0113_c0116,40.7015104,-73.7552532,Residential,47,133.33,0.0,2.5,1930.0,123080.0,80,0.8106,0.0,0.0,0.0
r0113_c0117,40.7015104,-73.7534703,Residential,52,133.33,0.0,2.5,1926.0,87013.0,98,-0.0,0.0,0.0,0.0
r0113_c0118,40.7015104,-73.7516874,Residential,69,0.0,0.0,2.1,1935.0,95609.0,100,-0.0,0.0,0.0,0.0
r0113_c0119,40.7015104,-73.7499045,Residential,57,0.0,0.0,2.1,1939.0,84697.0,98,0.5917,0.0,0.0,0.0
r0113_c0120,40.7015104,-73.7481216,Residential,52,0.0,0.0,2.0,1939.0,82452.0,70,-0.0,0.0,0.0,0.0
r0113_c0121,40.7015104,-73.7463386,Residential,52,0.0,0.0,2.4,1929.0,68364.0,72,-0.0,0.0,0.0,0.0
r0113_c0122,40.7015104,-73.7445557,Residential,59,177.78,0.0,2.5,1923.0,100439.0,94,-0.0,0.0,0.0,0.0
r0113_c0123,40.7015104,-73.7427728,Residential,57,0.0,0.0,2.3,1931.0,85806.0,102,-0.0,0.0,0.0,0.0
r0113_c0124,40.7015104,-73.7409899,Residential,54,44.44,0.0,2.0,1944.0,70320.0,64,0.4105,0.0,0.0,0.0
r0113_c0125,40.7015104,-73.739207,Residential,55,44.44,0.0,2.0,1941.0,68939.0,91,0.1258,0.0,0.0,0.0
r0113_c0126,40.7015104,-73.7374241,Residential,50,0.0,0.0,2.0,1936.0,67007.0,92,-0.0,0.0,0.0,0.0
r0113_c0127,40.7015104,-73.7356412,Residential,42,44.44,0.0,2.2,1931.0,44916.0,80,-0.0,0.0,0.0,0.0
r0113_c0128,40.7015104,-73.7338583,Residential,36,0.0,0.0,1.7,1949.0,39822.0,71,-0.0,0.0,0.0,0.0
r0113_c0129,40.7015104,-73.7320753,Residential,39,177.78,0.0,1.6,1948.0,42002.0,74,0.1749,0.0,0.0,0.0
r0113_c0130,40.7015104,-73.7302924,Residential,43,133.33,0.0,1.5,1947.0,50445.0,78,0.173,0.0,0.0,0.0
r0113_c0131,40.7015104,-73.7285095,Residential,42,266.67,0.0,1.5,1947.0,50476.0,71,0.2953,0.0,0.0,0.0
r0114_c0028,40.7028618,-73.9121495,Residential,53,355.56,0.375,2.9,1905.0,172590.0,54,0.94,0.0,177.78,0.0
r0114_c0029,40.7028618,-73.9103665,Residential,70,266.67,0.1667,3.0,1919.0,292722.0,74,0.5772,0.0,177.78,0.0
r0114_c0030,40.7028618,-73.9085836,Residential,59,1111.11,0.44,2.8,1931.0,280892.0,74,1.7084,0.0,577.78,0.0
r0114_c0031,40.7028618,-73.9068007,Residential,69,444.44,0.5,2.7,1926.0,280510.0,71,1.6461,0.0,222.22,0.0
r0114_c0032,40.7028618,-73.9050178,Residential,56,88.89,0.0,3.0,1912.0,318655.0,57,0.4045,0.0,44.44,0.0
r0114_c0033,40.7028618,-73.9032349,Residential,59,444.44,0.3,3.0,1911.0,313790.0,60,0.2053,0.0,266.67,0.0
r0114_c0034,40.7028618,-73.901452,Residential,62,800.0,0.4444,2.6,1918.0,260292.0,70,1.3772,0.0,311.11,0.0
r0114_c0035,40.7028618,-73.8996691,Residential,89,177.78,0.0,2.4,1915.0,268615.0,101,1.2823,0.0,88.89,0.0
r0114_c0036,40.7028618,-73.8978862,Residential,75,88.89,0.0,2.1,1910.0,247590.0,79,1.2641,0.0,0.0,0.0
r0114_c0037,40.7028618,-73.8961033,Residential,79,577.78,0.3077,2.1,1909.0,271664.0,80,1.2011,0.0,222.22,0.0
r0114_c0038,40.7028618,-73.8943203,Residential,60,355.56,0.125,2.0,1925.0,230908.0,97,2.2591,0.0,44.44,0.0
r0114_c0039,40.7028618,-73.8925374,Mixed-Use,27,622.22,0.0,1.8,1930.0,90852.0,37,1.6438,0.0,133.33,0.0
r0114_c0040,40.7028618,-73.8907545,Residential,65,133.33,0.0,2.3,1924.0,241478.0,78,1.132,0.0,88.89,0.0
r0114_c0041,40.7028618,-73.8889716,Residential,60,88.89,0.0,2.6,1927.0,263758.0,83,1.2813,0.0,0.0,0.0
r0114_c0042,40.7028618,-73.8871887,Residential,72,88.89,0.0,2.1,1920.0,177473.0,108,0.9234,0.0,0.0,0.0
r0114_c0043,40.7028618,-73.8854058,Residential,84,0.0,0.0,2.1,1916.0,214120.0,102,0.9408,0.0,0.0,0.0
r0114_c0044,40.7028618,-73.8836229,Residential,61,133.33,0.0,2.1,1927.0,254458.0,101,1.4636,0.0,0.0,0.0
r0114_c0045,40.7028618,-73.88184,Residential,59,133.33,0.0,2.0,1921.0,134837.0,85,1.2065,0.0,0.0,0.0
r0114_c0046,40.7028618,-73.880057,Residential,56,266.67,0.0,2.2,1930.0,140624.0,72,1.857,0.0,44.44,0.0
r0114_c0047,40.7028618,-73.8782741,Residential,71,44.44,0.0,2.0,1926.0,144775.0,112,1.4976,0.0,44.44,0.0
r0114_c0048,40.7028618,-73.8764912,Residential,50,177.78,0.0,2.0,1927.0,131121.0,76,1.3095,0.0,0.0,0.0
r0114_c0049,40.7028618,-73.8747083,Residential,69,88.89,0.0,2.0,1925.0,132906.0,113,1.1316,0.0,0.0,0.0
r0114_c0050,40.7028618,-73.8729254,Residential,55,222.22,0.0,2.0,1922.0,100866.0,92,1.1735,0.0,0.0,0.0
r0114_c0051,40.7028618,-73.8711425,Residential,40,44.44,0.0,2.0,1930.0,95205.0,55,1.7848,0.0,0.0,0.0
r0114_c0052,40.7028618,-73.8693596,Residential,37,266.67,0.1667,2.5,1927.0,91649.0,44,1.6196,0.0,44.44,0.0
r0114_c0053,40.7028618,-73.8675767,Mixed-Use,26,444.44,0.2,2.8,1953.0,83666.0,29,1.4445,0.0,44.44,0.0
r0114_c0054,40.7028618,-73.8657937,Residential,18,44.44,0.0,2.5,1921.0,43049.0,28,1.5181,0.0,44.44,0.0
r0114_c0055,40.7028618,-73.8640108,Residential,4,0.0,0.0,2.0,1925.0,9122.0,8,-0.0,0.0,0.0,0.0
r0114_c0057,40.7028618,-73.860445,Mixed-Use,18,133.33,0.0,2.0,1940.0,44209.0,25,1.2361,0.0,0.0,0.0
r0114_c0058,40.7028618,-73.8586621,Residential,31,44.44,0.0,2.0,1930.0,66094.0,48,1.3937,0.0,0.0,0.0
r0114_c0059,40.7028618,-73.8568792,Residential,47,133.33,0.0,2.0,1927.0,92241.0,68,1.7943,0.0,0.0,0.0
r0114_c0060,40.7028618,-73.8550963,Residential,28,800.0,0.1111,2.0,1933.0,61846.0,38,1.9707,0.0,44.44,0.0
r0114_c0061,40.7028618,-73.8533134,Residential,23,1155.56,0.0,2.3,1959.0,84253.0,28,1.7188,0.0,0.0,0.0
r0114_c0069,40.7028618,-73.8390501,Residential,20,0.0,0.0,2.4,1932.0,47182.0,33,-0.0,0.0,0.0,0.0
r0114_c0070,40.7028618,-73.8372672,Residential,38,0.0,0.0,2.3,1929.0,66687.0,50,1.0268,0.0,0.0,0.0
r0114_c0071,40.7028618,-73.8354842,Residential,36,44.44,0.0,2.5,1924.0,78123.0,63,0.2642,0.0,0.0,0.0
r0114_c0072,40.7028618,-73.8337013,Residential,28,88.89,0.0,2.8,1930.0,186949.0,48,1.3766,0.0,0.0,0.0
r0114_c0073,40.7028618,-73.8319184,Residential,24,44.44,0.0,3.2,1947.0,191851.0,29,1.9793,0.0,0.0,0.0
r0114_c0074,40.7028618,-73.8301355,Residential,41,0.0,0.0,2.6,1929.0,259303.0,67,1.2409,0.0,0.0,0.0
r0114_c0075,40.7028618,-73.8283526,Residential,67,44.44,0.0,2.3,1932.0,119878.0,99,0.7291,0.0,0.0,0.0
r0114_c0076,40.7028618,-73.8265697,Residential,51,44.44,0.0,2.2,1925.0,145902.0,82,0.9153,0.0,0.0,0.0
r0114_c0077,40.7028618,-73.8247868,Residential,25,222.22,0.0,2.1,1918.0,92744.0,40,1.2284,0.0,0.0,0.0
r0114_c0078,40.7028618,-73.8230039,Mixed-Use,30,44.44,0.0,1.9,1920.0,52634.0,39,1.6073,0.0,0.0,0.0
r0114_c0079,40.7028618,-73.8212209,Residential,55,577.78,0.2308,2.2,1922.0,126622.0,69,1.9131,0.0,222.22,0.0
r0114_c0080,40.7028618,-73.819438,Commercial,41,444.44,0.2,2.2,1928.0,159327.0,64,1.422,0.0,133.33,0.3333
r0114_c0081,40.7028618,-73.8176551,Residential,37,888.89,0.3,2.3,1923.0,130366.0,46,1.8074,44.44,222.22,0.2
r0114_c0082,40.7028618,-73.8158722,Mixed-Use,33,444.44,0.0,2.1,1935.0,108368.0,34,2.5814,44.44,266.67,0.0
r0114_c0083,40.7028618,-73.8140893,Mixed-Use,29,800.0,0.3333,2.3,1939.0,263432.0,44,1.8196,44.44,88.89,0.0
r0114_c0084,40.7028618,-73.8123064,Residential,72,622.22,0.3571,2.2,1937.0,164211.0,87,1.981,44.44,311.11,0.0
r0114_c0085,40.7028618,-73.8105235,Residential,66,400.0,0.2222,2.3,1930.0,215579.0,103,1.738,0.0,0.0,0.0
r0114_c0086,40.7028618,-73.8087406,Mixed-Use,38,1022.22,0.0435,2.2,1927.0,521480.0,60,2.144,0.0,355.56,0.375
r0114_c0087,40.7028618,-73.8069576,Residential,23,0.0,0.0,3.6,1928.0,575332.0,33,1.8833,0.0,0.0,0.0
r0114_c0088,40.7028618,-73.8051747,Residential,19,266.67,0.1667,2.9,1930.0,396170.0,20,2.0259,44.44,88.89,0.0
r0114_c0090,40.7028618,-73.8016089,Commercial,16,622.22,0.0714,4.5,1958.0,962617.0,17,1.5068,133.33,133.33,0.3333
r0114_c0092,40.7028618,-73.7980431,Mixed-Use,9,133.33,0.0,11.7,1967.0,403270.0,4,1.6549,0.0,44.44,0.0
r0114_c0093,40.7028618,-73.7962602,Mixed-Use,9,844.44,0.0526,1.3,1931.0,10590.0,4,0.8489,0.0,44.44,0.0
r0114_c0095,40.7028618,-73.7926944,Mixed-Use,14,177.78,0.0,1.2,1938.0,49677.0,10,1.585,0.0,88.89,0.0
r0114_c0096,40.7028618,-73.7909114,Mixed-Use,26,355.56,0.375,1.4,1962.0,55296.0,14,2.1728,0.0,177.78,0.25
r0114_c0097,40.7028618,-73.7891285,Residential,61,88.89,0.5,2.0,1949.0,78601.0,50,1.8384,0.0,88.89,0.0
r0114_c0098,40.7028618,-73.7873456,Residential,67,0.0,0.0,2.2,1923.0,99467.0,80,0.7728,0.0,0.0,0.0
r0114_c0099,40.7028618,-73.7855627,Residential,46,400.0,0.0,2.3,1928.0,70526.0,70,0.392,0.0,0.0,0.0
r0114_c0100,40.7028618,-73.7837798,Open Space,27,755.56,0.0,2.0,1925.0,44598.0,35,0.6669,0.0,0.0,0.0
r0114_c0101,40.7028618,-73.7819969,Residential,73,88.89,0.0,2.0,1928.0,95940.0,104,0.5365,0.0,44.44,0.0
r0114_c0102,40.7028618,-73.780214,Residential,59,266.67,0.3333,2.0,1935.0,98302.0,87,0.9966,0.0,177.78,0.0
r0114_c0103,40.7028618,-73.7784311,Residential,46,133.33,0.0,2.0,1966.0,97412.0,58,1.4634,0.0,0.0,0.0
r0114_c0106,40.7028618,-73.7730823,Residential,40,0.0,0.0,1.3,1946.0,51472.0,62,-0.0,0.0,0.0,0.0
r0114_c0107,40.7028618,-73.7712994,Residential,63,0.0,0.0,1.2,1942.0,80144.0,83,-0.0,0.0,0.0,0.0
r0114_c0108,40.7028618,-73.7695165,Residential,41,177.78,0.0,1.5,1945.0,48257.0,73,0.0837,0.0,0.0,0.0
r0114_c0109,40.7028618,-73.7677336,Residential,37,222.22,0.2,1.8,1932.0,72003.0,60,0.7155,0.0,88.89,0.5
r0114_c0110,40.7028618,-73.7659507,Institutional,22,311.11,0.0,1.9,1954.0,106365.0,36,1.3401,44.44,177.78,0.0
r0114_c0111,40.7028618,-73.7641678,Residential,34,0.0,0.0,1.8,1941.0,63229.0,64,-0.0,0.0,0.0,0.0
r0114_c0112,40.7028618,-73.7623848,Residential,36,44.44,0.0,2.1,1935.0,62300.0,70,-0.0,0.0,0.0,0.0
r0114_c0113,40.7028618,-73.7606019,Residential,36,133.33,0.0,2.3,1930.0,60690.0,64,0.014,0.0,0.0,0.0
r0114_c0114,40.7028618,-73.758819,Residential,39,44.44,0.0,2.4,1930.0,71128.0,75,-0.0,0.0,0.0,0.0
r0114_c0115,40.7028618,-73.7570361,Residential,37,88.89,0.0,2.4,1928.0,102095.0,69,0.5465,0.0,0.0,0.0
r0114_c0116,40.7028618,-73.7552532,Residential,43,0.0,0.0,2.5,1925.0,72960.0,83,-0.0,0.0,0.0,0.0
r0114_c0117,40.7028618,-73.7534703,Residential,50,88.89,0.0,2.5,1926.0,79240.0,90,-0.0,0.0,0.0,0.0
r0114_c0118,40.7028618,-73.7516874,Residential,76,0.0,0.0,2.1,1932.0,90750.0,120,-0.0,0.0,0.0,0.0
r0114_c0119,40.7028618,-73.7499045,Residential,61,88.89,0.5,1.9,1945.0,85783.0,97,0.5598,0.0,44.44,0.0
r0114_c0120,40.7028618,-73.7481216,Residential,60,44.44,0.0,2.4,1935.0,98487.0,91,-0.0,0.0,0.0,0.0
r0114_c0121,40.7028618,-73.7463386,Residential,56,133.33,0.0,2.3,1931.0,90406.0,97,-0.0,0.0,0.0,0.0
r0114_c0122,40.7028618,-73.7445557,Residential,45,88.89,0.0,2.5,1931.0,73971.0,75,0.2345,0.0,0.0,0.0
r0114_c0123,40.7028618,-73.7427728,Residential,44,44.44,0.0,2.3,1934.0,63692.0,71,0.6698,0.0,0.0,0.0
r0114_c0124,40.7028618,-73.7409899,Residential,51,44.44,0.0,2.1,1950.0,86129.0,69,0.9022,0.0,44.44,0.0
r0114_c0125,40.7028618,-73.739207,Residential,61,0.0,0.0,2.1,1935.0,96250.0,117,-0.0,0.0,0.0,0.0
r0114_c0126,40.7028618,-73.7374241,Residential,51,0.0,0.0,1.7,1937.0,57592.0,98,-0.0,0.0,0.0,0.0
r0114_c0127,40.7028618,-73.7356412,Residential,54,44.44,0.0,1.9,1935.0,64841.0,107,-0.0,0.0,0.0,0.0
r0114_c0128,40.7028618,-73.7338583,Residential,48,44.44,0.0,1.6,1941.0,49518.0,80,-0.0,0.0,0.0,0.0
r0114_c0129,40.7028618,-73.7320753,Residential,55,88.89,0.0,1.8,1950.0,78909.0,70,0.155,0.0,0.0,0.0
r0114_c0130,40.7028618,-73.7302924,Residential,45,0.0,0.0,1.8,1950.0,64484.0,62,-0.0,0.0,0.0,0.0
r0114_c0131,40.7028618,-73.7285095,Residential,33,88.89,0.0,1.7,1947.0,46040.0,51,-0.0,0.0,0.0,0.0
r0115_c0027,40.7042131,-73.9139324,Residential,11,1200.0,0.4074,3.0,1930.0,54375.0,12,-0.0,0.0,533.33,0.0
r0115_c0028,40.7042131,-73.9121495,Residential,45,266.67,0.1667,2.9,1925.0,266517.0,48,1.431,0.0,177.78,0.0
r0115_c0029,40.7042131,-73.9103665,Residential,70,888.89,0.45,2.6,1923.0,269037.0,75,1.8187,0.0,311.11,0.0
r0115_c0030,40.7042131,-73.9085836,Residential,60,266.67,0.1667,2.3,1935.0,213533.0,67,1.7423,0.0,177.78,0.0
r0115_c0031,40.7042131,-73.9068007,Residential,78,222.22,0.2,2.4,1933.0,211249.0,74,1.7463,0.0,133.33,0.0
r0115_c0032,40.7042131,-73.9050178,Residential,50,355.56,0.25,2.4,1925.0,183649.0,55,1.3954,0.0,177.78,0.0
r0115_c0033,40.7042131,-73.9032349,Residential,51,488.89,0.0909,2.2,1929.0,161428.0,53,2.1157,88.89,88.89,0.0
r0115_c0034,40.7042131,-73.901452,Residential,63,622.22,0.3571,2.1,1923.0,206499.0,64,2.0179,0.0,266.67,0.0
r0115_c0035,40.7042131,-73.8996691,Residential,80,177.78,0.0,2.1,1916.0,204030.0,91,1.4285,0.0,0.0,0.0
r0115_c0036,40.7042131,-73.8978862,Residential,88,44.44,0.0,2.2,1910.0,295757.0,97,1.1907,0.0,44.44,0.0
r0115_c0037,40.7042131,-73.8961033,Mixed-Use,53,400.0,0.2222,2.7,1923.0,315119.0,56,1.9033,0.0,133.33,0.0
r0115_c0038,40.7042131,-73.8943203,Residential,45,222.22,0.0,2.3,1935.0,233001.0,59,1.5124,0.0,44.44,0.0
r0115_c0039,40.7042131,-73.8925374,Residential,66,88.89,0.0,2.0,1927.0,134976.0,111,0.9758,0.0,0.0,0.0
r0115_c0040,40.7042131,-73.8907545,Residential,30,88.89,0.0,2.3,1927.0,95494.0,59,1.9437,0.0,0.0,0.0
r0115_c0041,40.7042131,-73.8889716,Residential,73,44.44,0.0,2.2,1927.0,174254.0,119,0.8474,0.0,0.0,0.0
r0115_c0042,40.7042131,-73.8871887,Residential,70,88.89,0.0,2.1,1928.0,152546.0,113,0.8759,0.0,0.0,0.0
r0115_c0043,40.7042131,-73.8854058,Residential,76,177.78,0.0,2.0,1926.0,176737.0,125,0.8995,0.0,0.0,0.0
r0115_c0044,40.7042131,-73.8836229,Residential,61,177.78,0.0,2.1,1927.0,149200.0,106,1.1072,0.0,0.0,0.0
r0115_c0045,40.7042131,-73.88184,Residential,58,400.0,0.0,2.0,1922.0,121725.0,83,0.8062,0.0,133.33,0.0
r0115_c0046,40.7042131,-73.880057,Residential,63,88.89,0.0,2.1,1922.0,138876.0,100,1.2471,0.0,0.0,0.0
r0115_c0047,40.7042131,-73.8782741,Residential,61,266.67,0.0,2.0,1928.0,112470.0,100,0.9655,0.0,0.0,0.0
r0115_c0048,40.7042131,-73.8764912,Residential,62,311.11,0.2857,2.0,1933.0,138055.0,86,1.8708,0.0,44.44,0.0
r0115_c0049,40.7042131,-73.8747083,Residential,53,44.44,0.0,2.0,1925.0,95206.0,98,0.361,0.0,0.0,0.0
r0115_c0050,40.7042131,-73.8729254,Residential,69,88.89,0.0,2.0,1923.0,110254.0,122,0.6166,0.0,0.0,0.0
r0115_c0051,40.7042131,-73.8711425,Residential,75,177.78,0.0,2.0,1917.0,121546.0,127,0.3773,0.0,0.0,0.0
r0115_c0052,40.7042131,-73.8693596,Residential,82,266.67,0.0,2.1,1922.0,150299.0,131,0.7274,0.0,0.0,0.0
r0115_c0053,40.7042131,-73.8675767,Residential,74,266.67,0.0,2.5,1922.0,158360.0,98,1.0833,0.0,0.0,0.0
r0115_c0054,40.7042131,-73.8657937,Residential,68,444.44,0.0,2.1,1920.0,155978.0,130,0.6639,0.0,0.0,0.0
r0115_c0055,40.7042131,-73.8640108,Residential,74,88.89,0.0,2.0,1928.0,157555.0,146,0.2861,0.0,0.0,0.0
r0115_c0056,40.7042131,-73.8622279,Residential,44,88.89,0.0,2.4,1921.0,96291.0,88,0.6165,0.0,0.0,0.0
r0115_c0057,40.7042131,-73.860445,Residential,58,0.0,0.0,2.0,1923.0,116522.0,116,0.2298,0.0,0.0,0.0
r0115_c0058,40.7042131,-73.8586621,Residential,70,0.0,0.0,2.1,1930.0,159104.0,140,0.6231,0.0,0.0,0.0
r0115_c0059,40.7042131,-73.8568792,Residential,43,0.0,0.0,2.2,1926.0,100965.0,84,0.5834,0.0,0.0,0.0
r0115_c0060,40.7042131,-73.8550963,Residential,34,88.89,0.0,2.4,1937.0,85671.0,48,1.2032,0.0,0.0,0.0
r0115_c0061,40.7042131,-73.8533134,Mixed-Use,7,88.89,0.0,2.1,1945.0,8192.0,5,0.4112,0.0,0.0,0.0
r0115_c0070,40.7042131,-73.8372672,Residential,14,0.0,0.0,2.3,1932.0,34802.0,25,0.4742,0.0,0.0,0.0
r0115_c0071,40.7042131,-73.8354842,Residential,24,44.44,0.0,4.2,1956.0,368863.0,26,1.8071,0.0,0.0,0.0
r0115_c0072,40.7042131,-73.8337013,Residential,20,0.0,0.0,3.3,1948.0,473784.0,26,1.6891,0.0,0.0,0.0
r0115_c0073,40.7042131,-73.8319184,Residential,33,0.0,0.0,2.7,1947.0,159478.0,49,1.2993,0.0,0.0,0.0
r0115_c0074,40.7042131,-73.8301355,Residential,48,44.44,0.0,2.5,1927.0,135908.0,78,0.837,0.0,0.0,0.0
r0115_c0075,40.7042131,-73.8283526,Residential,71,177.78,0.0,2.2,1923.0,123418.0,116,0.6343,0.0,44.44,0.0
r0115_c0076,40.7042131,-73.8265697,Residential,56,400.0,0.0,2.1,1934.0,120258.0,69,1.3731,0.0,44.44,0.0
r0115_c0077,40.7042131,-73.8247868,Mixed-Use,17,88.89,0.0,1.8,1938.0,50399.0,21,2.4928,0.0,0.0,0.0
r0115_c0078,40.7042131,-73.8230039,Residential,46,355.56,0.0,2.0,1918.0,91564.0,69,1.7095,0.0,88.89,0.0
r0115_c0079,40.7042131,-73.8212209,Residential,36,311.11,0.0,1.9,1924.0,66451.0,54,1.836,0.0,177.78,0.0
r0115_c0080,40.7042131,-73.819438,Residential,32,88.89,0.0,2.2,1930.0,119072.0,51,2.4208,0.0,0.0,0.0
r0115_c0081,40.7042131,-73.8176551,Institutional,17,222.22,0.0,2.1,1933.0,102252.0,20,1.4568,0.0,0.0,0.0
r0115_c0082,40.7042131,-73.8158722,Commercial,14,444.44,0.2,1.6,1946.0,44643.0,24,1.8161,0.0,133.33,0.6667
r0115_c0083,40.7042131,-73.8140893,Commercial,34,400.0,0.0,2.2,1930.0,125973.0,52,1.88,44.44,133.33,0.6667
r0115_c0084,40.7042131,-73.8123064,Residential,45,488.89,0.0,2.4,1939.0,199789.0,62,2.3882,0.0,0.0,0.0
r0115_c0085,40.7042131,-73.8105235,Residential,59,88.89,0.0,2.3,1925.0,104656.0,94,0.3075,0.0,0.0,0.0
r0115_c0086,40.7042131,-73.8087406,Institutional,19,1466.67,0.0909,2.9,1937.0,444495.0,20,1.686,0.0,0.0,0.0
r0115_c0087,40.7042131,-73.8069576,Residential,19,88.89,0.0,4.9,1955.0,630351.0,22,1.2557,0.0,0.0,0.0
r0115_c0088,40.7042131,-73.8051747,Residential,6,577.78,0.0,6.3,1975.0,226937.0,9,1.711,0.0,0.0,0.0
r0115_c0089,40.7042131,-73.8033918,Open Space,10,1022.22,0.0,3.4,1935.0,137552.0,14,0.5505,0.0,0.0,0.0
r0115_c0090,40.7042131,-73.8016089,Institutional,18,177.78,0.0,2.6,1920.0,242733.0,18,1.6823,0.0,0.0,0.0
r0115_c0091,40.7042131,-73.799826,Commercial,23,1555.56,0.3429,2.4,1952.0,376646.0,24,1.8249,88.89,444.44,0.4
r0115_c0092,40.7042131,-73.7980431,Commercial,15,1733.33,0.1282,3.7,1933.0,526140.0,17,0.6535,44.44,844.44,0.3158
r0115_c0093,40.7042131,-73.7962602,Commercial,14,844.44,0.0526,4.5,1942.0,1207051.0,13,1.3605,44.44,577.78,0.3077
r0115_c0094,40.7042131,-73.7944773,Mixed-Use,8,177.78,0.25,1.6,1951.0,311960.0,7,1.6185,0.0,44.44,0.0
r0115_c0095,40.7042131,-73.7926944,Commercial,13,711.11,0.0,5.0,1996.0,334913.0,7,1.2962,0.0,44.44,1.0
r0115_c0096,40.7042131,-73.7909114,Institutional,6,266.67,0.0,1.5,1925.0,102881.0,4,0.9988,0.0,88.89,0.5
r0115_c0097,40.7042131,-73.7891285,Industrial,16,177.78,0.0,1.5,1946.0,230182.0,17,1.0937,0.0,88.89,0.0
r0115_c0098,40.7042131,-73.7873456,Mixed-Use,32,133.33,0.0,1.5,1955.0,120578.0,34,2.2717,0.0,133.33,0.0
r0115_c0099,40.7042131,-73.7855627,Industrial,17,1200.0,0.0,1.9,1945.0,63074.0,22,1.87,0.0,44.44,0.0
r0115_c0100,40.7042131,-73.7837798,Residential,58,222.22,0.0,1.9,1924.0,77572.0,86,1.0561,0.0,0.0,0.0
r0115_c0101,40.7042131,-73.7819969,Residential,62,44.44,1.0,2.1,1922.0,105526.0,96,1.1005,0.0,44.44,0.0
r0115_c0102,40.7042131,-73.780214,Residential,49,44.44,0.0,1.9,1935.0,156631.0,74,1.2036,0.0,0.0,0.0
r0115_c0103,40.7042131,-73.7784311,Mixed-Use,14,88.89,0.0,1.8,1935.0,131460.0,18,1.6831,0.0,44.44,0.0
r0115_c0105,40.7042131,-73.7748652,Industrial,8,0.0,0.0,1.3,1951.0,65364.0,15,1.4364,0.0,0.0,0.0
r0115_c0106,40.7042131,-73.7730823,Residential,42,0.0,0.0,1.5,1946.0,54228.0,80,-0.0,0.0,0.0,0.0
r0115_c0107,40.7042131,-73.7712994,Residential,46,0.0,0.0,1.6,1945.0,59894.0,69,0.0252,0.0,0.0,0.0
r0115_c0108,40.7042131,-73.7695165,Residential,48,88.89,0.0,1.8,1934.0,69600.0,72,0.4428,0.0,0.0,0.0
r0115_c0109,40.7042131,-73.7677336,Residential,55,88.89,0.0,2.4,1926.0,84151.0,90,0.4746,0.0,44.44,0.0
r0115_c0110,40.7042131,-73.7659507,Residential,45,0.0,0.0,2.2,1927.0,71954.0,59,0.6961,0.0,0.0,0.0
r0115_c0111,40.7042131,-73.7641678,Residential,41,0.0,0.0,2.2,1931.0,69939.0,64,-0.0,0.0,0.0,0.0
r0115_c0112,40.7042131,-73.7623848,Residential,38,133.33,0.0,2.0,1938.0,71727.0,62,-0.0,0.0,0.0,0.0
r0115_c0113,40.7042131,-73.7606019,Residential,35,0.0,0.0,2.4,1927.0,63104.0,68,-0.0,0.0,0.0,0.0
r0115_c0114,40.7042131,-73.758819,Residential,41,0.0,0.0,2.5,1930.0,73808.0,78,-0.0,0.0,0.0,0.0
r0115_c0115,40.7042131,-73.7570361,Residential,36,177.78,0.0,2.4,1934.0,69033.0,65,-0.0,0.0,0.0,0.0
r0115_c0116,40.7042131,-73.7552532,Residential,42,44.44,0.0,2.5,1923.0,76060.0,82,-0.0,0.0,0.0,0.0
r0115_c0117,40.7042131,-73.7534703,Residential,57,88.89,0.0,2.5,1923.0,89861.0,105,-0.0,0.0,0.0,0.0
r0115_c0118,40.7042131,-73.7516874,Residential,68,0.0,0.0,2.2,1934.0,88937.0,117,-0.0,0.0,0.0,0.0
r0115_c0119,40.7042131,-73.7499045,Residential,73,222.22,0.0,2.1,1942.0,113213.0,110,0.6356,0.0,133.33,0.0
r0115_c0120,40.7042131,-73.7481216,Residential,55,0.0,0.0,2.5,1922.0,90405.0,95,0.2463,0.0,0.0,0.0
r0115_c0121,40.7042131,-73.7463386,Residential,54,44.44,0.0,2.4,1926.0,78480.0,82,0.0181,0.0,0.0,0.0
r0115_c0122,40.7042131,-73.7445557,Residential,45,88.89,0.0,2.5,1930.0,69962.0,72,-0.0,0.0,0.0,0.0
r0115_c0123,40.7042131,-73.7427728,Residential,54,88.89,0.0,2.5,1930.0,86252.0,91,-0.0,0.0,0.0,0.0
r0115_c0124,40.7042131,-73.7409899,Residential,38,133.33,0.3333,2.4,1929.0,63025.0,69,0.5378,0.0,0.0,0.0
r0115_c0125,40.7042131,-73.739207,Residential,54,133.33,0.0,2.0,1945.0,122552.0,93,1.3453,0.0,44.44,1.0
r0115_c0126,40.7042131,-73.7374241,Residential,48,44.44,0.0,1.4,1944.0,63167.0,83,0.2771,0.0,0.0,0.0
r0115_c0127,40.7042131,-73.7356412,Residential,34,177.78,0.0,1.6,1946.0,41730.0,56,-0.0,0.0,0.0,0.0
r0115_c0128,40.7042131,-73.7338583,Residential,35,133.33,0.0,1.5,1947.0,44332.0,49,0.1877,0.0,0.0,0.0
r0115_c0129,40.7042131,-73.7320753,Residential,39,44.44,0.0,1.5,1947.0,52638.0,57,0.2207,0.0,0.0,0.0
r0115_c0130,40.7042131,-73.7302924,Residential,38,0.0,0.0,1.5,1950.0,52701.0,55,0.0926,0.0,0.0,0.0
r0115_c0131,40.7042131,-73.7285095,Residential,37,88.89,0.0,1.6,1950.0,51330.0,50,0.1133,0.0,0.0,0.0
r0116_c0026,40.7055645,-73.9157153,Residential,24,2355.56,0.3208,2.8,1928.0,93530.0,30,0.8517,0.0,444.44,0.0
r0116_c0027,40.7055645,-73.9139324,Residential,63,177.78,0.25,3.0,1933.0,289560.0,65,0.7998,44.44,88.89,0.0
r0116_c0028,40.7055645,-73.9121495,Residential,52,488.89,0.2727,2.6,1929.0,229765.0,60,2.2795,0.0,311.11,0.0
r0116_c0029,40.7055645,-73.9103665,Residential,65,488.89,0.2727,2.6,1928.0,239616.0,74,1.5387,0.0,177.78,0.0
r0116_c0030,40.7055645,-73.9085836,Residential,62,222.22,0.0,2.2,1924.0,198650.0,77,1.8392,0.0,0.0,0.0
r0116_c0031,40.7055645,-73.9068007,Residential,65,844.44,0.1579,2.4,1921.0,251568.0,70,1.7806,44.44,311.11,0.0
r0116_c0032,40.7055645,-73.9050178,Residential,58,222.22,0.0,2.3,1930.0,208168.0,63,1.2531,0.0,133.33,0.0
r0116_c0033,40.7055645,-73.9032349,Institutional,23,222.22,0.0,2.8,1916.0,240479.0,24,1.3961,0.0,44.44,0.0
r0116_c0034,40.7055645,-73.901452,Residential,69,266.67,0.3333,2.2,1912.0,237227.0,73,1.705,0.0,133.33,0.0
r0116_c0035,40.7055645,-73.8996691,Residential,80,133.33,0.0,2.2,1911.0,220316.0,88,1.5302,0.0,0.0,0.0
r0116_c0036,40.7055645,-73.8978862,Residential,91,88.89,0.0,2.1,1911.0,295724.0,94,1.7596,0.0,44.44,1.0
r0116_c0037,40.7055645,-73.8961033,Mixed-Use,44,1111.11,0.24,2.7,1931.0,214489.0,52,1.892,0.0,444.44,0.2
r0116_c0038,40.7055645,-73.8943203,Residential,72,400.0,0.1111,2.0,1919.0,209561.0,85,1.2759,0.0,88.89,0.0
r0116_c0039,40.7055645,-73.8925374,Residential,77,133.33,0.0,2.1,1924.0,164159.0,121,0.8385,0.0,0.0,0.0
r0116_c0040,40.7055645,-73.8907545,Mixed-Use,5,222.22,0.0,1.8,1936.0,74607.0,7,1.0364,0.0,0.0,0.0
r0116_c0041,40.7055645,-73.8889716,Residential,39,44.44,0.0,2.0,1927.0,50340.0,72,-0.0,0.0,0.0,0.0
r0116_c0042,40.7055645,-73.8871887,Residential,75,88.89,0.0,2.0,1935.0,96336.0,135,-0.0,0.0,0.0,0.0
r0116_c0043,40.7055645,-73.8854058,Residential,71,0.0,0.0,1.9,1930.0,96811.0,117,0.1628,0.0,0.0,0.0
r0116_c0044,40.7055645,-73.8836229,Residential,68,88.89,0.0,2.0,1925.0,106296.0,108,0.8087,0.0,0.0,0.0
r0116_c0045,40.7055645,-73.88184,Residential,61,311.11,0.0,1.9,1924.0,132716.0,93,1.667,0.0,0.0,0.0
r0116_c0046,40.7055645,-73.880057,Residential,69,355.56,0.0,2.1,1936.0,145640.0,107,0.9799,0.0,0.0,0.0
r0116_c0047,40.7055645,-73.8782741,Residential,52,222.22,0.0,2.1,1937.0,110760.0,77,1.3377,0.0,0.0,0.0
r0116_c0048,40.7055645,-73.8764912,Residential,43,222.22,0.0,2.0,1936.0,102008.0,57,2.2976,0.0,44.44,0.0
r0116_c0049,40.7055645,-73.8747083,Residential,50,355.56,0.0,2.1,1936.0,294226.0,84,1.4479,0.0,0.0,0.0
r0116_c0050,40.7055645,-73.8729254,Residential,73,666.67,0.0,2.0,1927.0,123528.0,125,0.3964,0.0,0.0,0.0
r0116_c0051,40.7055645,-73.8711425,Residential,83,533.33,0.0,2.0,1921.0,137178.0,125,0.7967,0.0,0.0,0.0
r0116_c0052,40.7055645,-73.8693596,Residential,74,177.78,0.0,2.0,1923.0,127357.0,103,0.6233,0.0,0.0,0.0
r0116_c0053,40.7055645,-73.8675767,Residential,59,44.44,0.0,2.2,1930.0,118921.0,85,0.7288,0.0,0.0,0.0
r0116_c0054,40.7055645,-73.8657937,Residential,59,88.89,0.0,2.0,1925.0,124693.0,92,1.0221,0.0,0.0,0.0
r0116_c0055,40.7055645,-73.8640108,Residential,72,177.78,0.0,2.0,1932.0,150773.0,129,0.8786,0.0,0.0,0.0
r0116_c0056,40.7055645,-73.8622279,Residential,49,222.22,0.0,2.3,1933.0,175387.0,89,0.9729,0.0,0.0,0.0
r0116_c0057,40.7055645,-73.860445,Residential,50,355.56,0.0,2.2,1928.0,91737.0,96,-0.0,0.0,0.0,0.0
r0116_c0058,40.7055645,-73.8586621,Residential,39,88.89,0.0,2.5,1929.0,79515.0,76,0.1536,0.0,0.0,0.0
r0116_c0059,40.7055645,-73.8568792,Residential,48,44.44,0.0,2.3,1924.0,78905.0,86,0.1592,0.0,0.0,0.0
r0116_c0060,40.7055645,-73.8550963,Residential,22,400.0,0.1111,3.0,1932.0,326564.0,39,1.5074,0.0,44.44,0.0
r0116_c0070,40.7055645,-73.8372672,Residential,14,88.89,0.0,2.3,1927.0,42523.0,15,0.5082,0.0,0.0,0.0
r0116_c0071,40.7055645,-73.8354842,Residential,17,0.0,0.0,4.6,1946.0,606202.0,18,1.4553,0.0,0.0,0.0
r0116_c0072,40.7055645,-73.8337013,Residential,8,0.0,0.0,4.5,1958.0,613252.0,11,0.2898,0.0,0.0,0.0
r0116_c0073,40.7055645,-73.8319184,Residential,26,355.56,0.25,3.9,1961.0,408505.0,24,1.624,0.0,222.22,0.0
r0116_c0074,40.7055645,-73.8301355,Residential,26,177.78,0.5,3.1,1948.0,330826.0,31,2.087,0.0,44.44,0.0
r0116_c0075,40.7055645,-73.8283526,Residential,45,400.0,0.1111,2.6,1929.0,120835.0,65,1.1431,0.0,177.78,0.0
r0116_c0076,40.7055645,-73.8265697,Mixed-Use,41,88.89,0.0,2.2,1938.0,69035.0,58,1.0918,0.0,0.0,0.0
r0116_c0077,40.7055645,-73.8247868,Residential,57,88.89,0.0,2.3,1935.0,201857.0,78,2.1732,0.0,0.0,0.0
r0116_c0078,40.7055645,-73.8230039,Residential,50,133.33,0.0,2.3,1948.0,101462.0,74,0.8251,0.0,0.0,0.0
r0116_c0079,40.7055645,-73.8212209,Residential,38,0.0,0.0,2.2,1937.0,148353.0,59,1.2003,0.0,0.0,0.0
r0116_c0080,40.7055645,-73.819438,Residential,25,88.89,0.0,2.4,1928.0,68722.0,38,1.199,0.0,0.0,0.0
r0116_c0081,40.7055645,-73.8176551,Commercial,3,266.67,0.0,3.0,1997.0,102593.0,3,-0.0,88.89,0.0,0.0
r0116_c0082,40.7055645,-73.8158722,Mixed-Use,31,133.33,0.0,1.8,1930.0,87345.0,56,2.3704,0.0,88.89,0.0
r0116_c0083,40.7055645,-73.8140893,Residential,65,0.0,0.0,2.1,1925.0,121598.0,103,1.1853,0.0,0.0,0.0
r0116_c0084,40.7055645,-73.8123064,Residential,47,622.22,0.1429,2.3,1929.0,128592.0,61,1.9749,0.0,266.67,0.0
r0116_c0085,40.7055645,-73.8105235,Residential,46,933.33,0.1429,2.3,1933.0,211148.0,65,2.0722,0.0,400.0,0.1111
r0116_c0086,40.7055645,-73.8087406,Mixed-Use,36,1688.89,0.2895,2.6,1936.0,222412.0,37,2.1943,0.0,622.22,0.1429
r0116_c0087,40.7055645,-73.8069576,Residential,18,133.33,0.0,4.1,1952.0,626691.0,19,1.9381,0.0,44.44,1.0
r0116_c0088,40.7055645,-73.8051747,Residential,4,533.33,0.0,8.7,1929.0,753918.0,8,0.8327,0.0,0.0,0.0
r0116_c0089,40.7055645,-73.8033918,Residential,15,222.22,0.0,4.0,1927.0,518246.0,16,1.7447,0.0,0.0,0.0
r0116_c0090,40.7055645,-73.8016089,Mixed-Use,11,444.44,0.2,5.5,1950.0,746915.0,11,1.8062,0.0,133.33,0.0
r0116_c0091,40.7055645,-73.799826,Mixed-Use,11,133.33,0.0,7.1,1967.0,694403.0,10,2.23,0.0,0.0,0.0
r0116_c0092,40.7055645,-73.7980431,Mixed-Use,18,622.22,0.0,4.9,1976.0,629115.0,17,2.4528,0.0,177.78,0.0
r0116_c0093,40.7055645,-73.7962602,Commercial,16,1422.22,0.0625,2.7,1946.0,349453.0,15,1.8399,44.44,933.33,0.0952
r0116_c0094,40.7055645,-73.7944773,Commercial,26,1911.11,0.0698,2.5,1931.0,284058.0,26,1.3098,44.44,1422.22,0.25
r0116_c0095,40.7055645,-73.7926944,Commercial,14,800.0,0.1111,2.1,1964.0,218989.0,14,0.6133,0.0,311.11,0.5714
r0116_c0096,40.7055645,-73.7909114,Residential,54,133.33,0.0,2.4,1929.0,521707.0,91,1.0522,0.0,88.89,0.5
r0116_c0097,40.7055645,-73.7891285,Residential,42,177.78,0.0,2.8,1968.0,173920.0,47,1.4878,0.0,0.0,0.0
r0116_c0098,40.7055645,-73.7873456,Residential,51,0.0,0.0,2.9,1986.0,130311.0,59,1.3276,0.0,0.0,0.0
r0116_c0099,40.7055645,-73.7855627,Mixed-Use,32,0.0,0.0,2.3,1954.0,76863.0,41,1.7435,0.0,0.0,0.0
r0116_c0100,40.7055645,-73.7837798,Mixed-Use,18,0.0,0.0,1.3,1957.0,79814.0,9,2.1015,0.0,0.0,0.0
r0116_c0101,40.7055645,-73.7819969,Mixed-Use,16,133.33,0.0,1.8,1940.0,61729.0,17,2.1252,0.0,44.44,0.0
r0116_c0102,40.7055645,-73.780214,Industrial,3,88.89,0.0,1.0,1940.0,74144.0,5,0.1415,0.0,44.44,0.0
r0116_c0105,40.7055645,-73.7748652,Open Space,18,266.67,0.0,2.0,1958.0,26968.0,17,1.0248,44.44,0.0,0.0
r0116_c0106,40.7055645,-73.7730823,Residential,27,88.89,0.0,1.9,1948.0,75245.0,55,1.1645,0.0,44.44,0.0
r0116_c0107,40.7055645,-73.7712994,Residential,30,88.89,0.0,2.1,1954.0,60938.0,46,0.9829,0.0,0.0,0.0
r0116_c0108,40.7055645,-73.7695165,Residential,43,44.44,0.0,2.3,1930.0,68004.0,68,-0.0,0.0,0.0,0.0
r0116_c0109,40.7055645,-73.7677336,Residential,35,0.0,0.0,2.5,1922.0,65185.0,60,-0.0,0.0,0.0,0.0
r0116_c0110,40.7055645,-73.7659507,Residential,45,88.89,0.0,2.2,1928.0,67213.0,80,-0.0,0.0,0.0,0.0
r0116_c0111,40.7055645,-73.7641678,Residential,38,0.0,0.0,2.5,1929.0,69557.0,64,0.1636,0.0,0.0,0.0
r0116_c0112,40.7055645,-73.7623848,Residential,33,88.89,0.0,2.2,1935.0,66378.0,49,0.3778,0.0,0.0,0.0
r0116_c0113,40.7055645,-73.7606019,Residential,37,44.44,0.0,2.1,1931.0,68538.0,61,0.3669,0.0,0.0,0.0
r0116_c0114,40.7055645,-73.758819,Residential,32,133.33,0.0,2.5,1929.0,66960.0,56,1.1971,0.0,0.0,0.0
r0116_c0115,40.7055645,-73.7570361,Residential,46,222.22,0.0,2.4,1932.0,96852.0,80,0.9611,44.44,44.44,0.0
r0116_c0116,40.7055645,-73.7552532,Residential,53,222.22,0.0,2.3,1926.0,113794.0,96,0.9952,0.0,44.44,0.0
r0116_c0117,40.7055645,-73.7534703,Institutional,39,88.89,0.0,2.5,1925.0,178318.0,69,0.9996,0.0,0.0,0.0
r0116_c0118,40.7055645,-73.7516874,Residential,49,0.0,0.0,2.2,1933.0,74804.0,92,-0.0,0.0,0.0,0.0
r0116_c0119,40.7055645,-73.7499045,Residential,57,44.44,0.0,2.2,1934.0,87525.0,79,0.375,0.0,0.0,0.0
r0116_c0120,40.7055645,-73.7481216,Residential,55,0.0,0.0,2.5,1927.0,79841.0,96,0.2448,0.0,0.0,0.0
r0116_c0121,40.7055645,-73.7463386,Residential,48,222.22,0.0,2.3,1926.0,73106.0,84,-0.0,0.0,0.0,0.0
r0116_c0122,40.7055645,-73.7445557,Residential,49,133.33,0.0,2.4,1922.0,74362.0,85,0.1419,0.0,0.0,0.0
r0116_c0123,40.7055645,-73.7427728,Residential,54,0.0,0.0,2.4,1925.0,80840.0,92,0.0455,0.0,0.0,0.0
r0116_c0124,40.7055645,-73.7409899,Residential,61,266.67,0.1667,2.4,1931.0,112962.0,101,0.8203,0.0,44.44,0.0
r0116_c0125,40.7055645,-73.739207,Residential,37,311.11,0.2857,1.8,1959.0,66061.0,46,1.1844,0.0,177.78,0.0
r0116_c0126,40.7055645,-73.7374241,Residential,33,88.89,0.0,1.7,1960.0,52480.0,47,-0.0,0.0,0.0,0.0
r0116_c0127,40.7055645,-73.7356412,Residential,38,177.78,0.0,1.6,1952.0,52101.0,51,0.0971,44.44,0.0,0.0
r0116_c0128,40.7055645,-73.7338583,Residential,37,266.67,0.0,1.7,1946.0,43722.0,54,0.2895,0.0,0.0,0.0
r0116_c0129,40.7055645,-73.7320753,Residential,28,88.89,0.0,1.6,1956.0,48996.0,42,-0.0,0.0,0.0,0.0
r0116_c0130,40.7055645,-73.7302924,Residential,34,0.0,0.0,1.7,1947.0,50346.0,51,0.612,0.0,0.0,0.0
r0116_c0131,40.7055645,-73.7285095,Residential,36,177.78,0.0,1.6,1950.0,44295.0,48,0.1385,0.0,0.0,0.0
r0117_c0025,40.7069158,-73.9174982,Residential,53,1333.33,0.1333,2.0,1941.0,65621.0,58,0.2871,44.44,444.44,0.1
r0117_c0026,40.7069158,-73.9157153,Residential,45,177.78,0.0,2.2,1934.0,199316.0,81,1.5817,0.0,0.0,0.0
r0117_c0027,40.7069158,-73.9139324,Residential,53,577.78,0.1538,2.1,1928.0,182832.0,57,2.24,0.0,177.78,0.0
r0117_c0028,40.7069158,-73.9121495,Residential,61,577.78,0.0769,2.3,1929.0,215242.0,68,1.5972,0.0,133.33,0.0
r0117_c0029,40.7069158,-73.9103665,Residential,70,177.78,0.0,2.3,1930.0,222209.0,83,1.1187,0.0,44.44,0.0
r0117_c0030,40.7069158,-73.9085836,Residential,71,755.56,0.1176,2.4,1917.0,236942.0,79,1.4072,133.33,266.67,0.0
r0117_c0031,40.7069158,-73.9068007,Residential,70,311.11,0.0,2.5,1913.0,259018.0,79,0.9703,0.0,88.89,0.0
r0117_c0032,40.7069158,-73.9050178,Residential,64,222.22,0.4,2.6,1914.0,287326.0,73,1.3489,0.0,0.0,0.0
r0117_c0033,40.7069158,-73.9032349,Residential,62,355.56,0.25,2.6,1918.0,253783.0,66,1.513,0.0,177.78,0.0
r0117_c0034,40.7069158,-73.901452,Residential,66,133.33,0.0,2.2,1921.0,190252.0,87,1.2229,0.0,0.0,0.0
r0117_c0035,40.7069158,-73.8996691,Residential,63,133.33,0.0,2.3,1922.0,246453.0,102,1.2289,0.0,44.44,0.0
r0117_c0036,40.7069158,-73.8978862,Residential,48,888.89,0.3,2.5,1922.0,323318.0,57,2.2706,0.0,355.56,0.25
r0117_c0037,40.7069158,-73.8961033,Mixed-Use,23,444.44,0.4,3.7,1932.0,345492.0,28,1.3845,0.0,133.33,0.0
r0117_c0038,40.7069158,-73.8943203,Mixed-Use,23,0.0,0.0,2.4,1928.0,73064.0,31,1.0213,0.0,0.0,0.0
r0117_c0039,40.7069158,-73.8925374,Residential,31,177.78,0.0,2.0,1914.0,63864.0,49,0.7173,0.0,0.0,0.0
r0117_c0046,40.7069158,-73.880057,Residential,4,0.0,0.0,3.0,1960.0,5672.0,2,0.9856,0.0,0.0,0.0
r0117_c0047,40.7069158,-73.8782741,Mixed-Use,23,0.0,0.0,1.7,1926.0,24404.0,20,2.4914,0.0,0.0,0.0
r0117_c0048,40.7069158,-73.8764912,Industrial,22,133.33,0.0,1.6,1940.0,143325.0,28,1.2361,0.0,88.89,0.0
r0117_c0049,40.7069158,-73.8747083,Residential,31,44.44,1.0,2.2,1935.0,81813.0,29,2.4214,0.0,44.44,0.0
r0117_c0050,40.7069158,-73.8729254,Mixed-Use,26,177.78,0.25,2.1,1924.0,140984.0,36,2.1154,0.0,0.0,0.0
r0117_c0051,40.7069158,-73.8711425,Industrial,33,177.78,0.0,1.9,1925.0,103440.0,57,1.7815,0.0,0.0,0.0
r0117_c0052,40.7069158,-73.8693596,Residential,33,177.78,0.0,1.8,1939.0,80229.0,42,1.6921,0.0,0.0,0.0
r0117_c0053,40.7069158,-73.8675767,Residential,48,133.33,0.0,2.0,1939.0,63580.0,52,0.1236,0.0,0.0,0.0
r0117_c0054,40.7069158,-73.8657937,Mixed-Use,43,133.33,0.0,1.4,1938.0,125916.0,42,1.8967,0.0,0.0,0.0
r0117_c0055,40.7069158,-73.8640108,Residential,42,133.33,0.0,1.9,1946.0,58754.0,53,0.1857,0.0,0.0,0.0
r0117_c0056,40.7069158,-73.8622279,Residential,40,133.33,0.0,1.8,1947.0,136383.0,57,0.9335,0.0,0.0,0.0
r0117_c0057,40.7069158,-73.860445,Industrial,19,44.44,0.0,1.6,1936.0,134625.0,26,1.4846,0.0,44.44,0.0
r0117_c0058,40.7069158,-73.8586621,Industrial,16,222.22,0.0,2.2,1929.0,63800.0,27,1.6796,0.0,0.0,0.0
r0117_c0070,40.7069158,-73.8372672,Residential,19,0.0,0.0,2.9,1933.0,123092.0,32,1.008,0.0,0.0,0.0
r0117_c0071,40.7069158,-73.8354842,Mixed-Use,20,1155.56,0.3077,4.5,1979.0,416913.0,20,1.9998,0.0,400.0,0.0
r0117_c0072,40.7069158,-73.8337013,Residential,18,533.33,0.1667,3.4,1937.0,444295.0,21,1.7695,0.0,222.22,0.0
r0117_c0073,40.7069158,-73.8319184,Residential,22,577.78,0.0769,2.8,1935.0,231551.0,26,2.225,0.0,133.33,0.0
r0117_c0074,40.7069158,-73.8301355,Residential,33,133.33,0.0,2.8,1939.0,261216.0,49,1.9136,0.0,0.0,0.0
r0117_c0075,40.7069158,-73.8283526,Residential,12,0.0,0.0,2.5,1920.0,28708.0,20,-0.0,0.0,0.0,0.0
r0117_c0076,40.7069158,-73.8265697,Residential,16,355.56,0.0,2.4,1953.0,191719.0,69,1.1812,0.0,0.0,0.0
r0117_c0077,40.7069158,-73.8247868,Residential,43,88.89,0.0,2.3,1946.0,90739.0,63,1.0008,0.0,0.0,0.0
r0117_c0078,40.7069158,-73.8230039,Residential,5,133.33,0.0,2.4,1949.0,12252.0,6,0.9834,44.44,0.0,0.0
r0117_c0081,40.7069158,-73.8176551,Residential,8,311.11,0.1429,2.8,1952.0,228903.0,12,2.1532,0.0,133.33,0.0
r0117_c0082,40.7069158,-73.8158722,Residential,51,88.89,0.0,2.1,1929.0,104600.0,86,1.2894,0.0,44.44,0.0
r0117_c0083,40.7069158,-73.8140893,Residential,68,88.89,0.0,2.3,1925.0,127445.0,109,0.5913,0.0,0.0,0.0
r0117_c0084,40.7069158,-73.8123064,Residential,49,0.0,0.0,2.3,1925.0,95682.0,75,0.9289,0.0,0.0,0.0
r0117_c0085,40.7069158,-73.8105235,Institutional,40,88.89,0.0,2.6,1927.0,349197.0,70,1.0753,0.0,0.0,0.0
r0117_c0086,40.7069158,-73.8087406,Residential,47,400.0,0.1111,2.3,1938.0,109037.0,70,1.6612,0.0,88.89,0.5
r0117_c0087,40.7069158,-73.8069576,Residential,30,844.44,0.0526,2.3,1937.0,134923.0,39,1.6413,0.0,133.33,0.0
r0117_c0088,40.7069158,-73.8051747,Mixed-Use,30,888.89,0.0,2.3,1941.0,147384.0,37,2.6293,0.0,44.44,0.0
r0117_c0089,40.7069158,-73.8033918,Mixed-Use,18,977.78,0.2273,2.9,1938.0,187515.0,17,2.2519,44.44,355.56,0.125
r0117_c0090,40.7069158,-73.8016089,Mixed-Use,40,266.67,0.5,2.4,1926.0,406664.0,43,2.6106,44.44,177.78,0.0
r0117_c0091,40.7069158,-73.799826,Residential,37,88.89,0.0,2.8,1931.0,376181.0,43,2.3996,44.44,0.0,0.0
r0117_c0092,40.7069158,-73.7980431,Residential,23,755.56,0.0,3.8,1966.0,423323.0,25,2.2617,0.0,133.33,0.0
r0117_c0093,40.7069158,-73.7962602,Commercial,7,533.33,0.0833,2.3,1945.0,438312.0,13,1.1067,44.44,222.22,0.0
r0117_c0094,40.7069158,-73.7944773,Mixed-Use,17,488.89,0.0,3.3,1944.0,883538.0,16,1.8024,0.0,355.56,0.0
r0117_c0095,40.7069158,-73.7926944,Commercial,17,800.0,0.2222,2.5,1932.0,158845.0,18,1.2404,44.44,444.44,0.1
r0117_c0096,40.7069158,-73.7909114,Mixed-Use,30,1244.44,0.1071,2.3,1933.0,404943.0,36,1.3521,44.44,844.44,0.1579
r0117_c0097,40.7069158,-73.7891285,Mixed-Use,51,1644.44,0.2973,2.3,1929.0,292242.0,52,2.7137,0.0,844.44,0.1053
r0117_c0098,40.7069158,-73.7873456,Residential,37,133.33,0.0,2.4,1949.0,128446.0,45,2.5833,0.0,88.89,0.0
r0117_c0099,40.7069158,-73.7855627,Residential,67,44.44,0.0,2.5,1943.0,138381.0,102,0.4615,0.0,0.0,0.0
r0117_c0100,40.7069158,-73.7837798,Residential,56,0.0,0.0,2.1,1936.0,102049.0,78,0.9329,0.0,0.0,0.0
r0117_c0101,40.7069158,-73.7819969,Residential,33,44.44,0.0,2.1,1929.0,57088.0,47,1.4093,0.0,0.0,0.0
r0117_c0102,40.7069158,-73.780214,Industrial,3,0.0,0.0,1.0,1941.0,65400.0,6,-0.0,0.0,0.0,0.0
r0117_c0103,40.7069158,-73.7784311,Mixed-Use,3,0.0,0.0,,,0.0,7,0.6244,0.0,0.0,0.0
r0117_c0105,40.7069158,-73.7748652,Residential,12,977.78,0.0,2.0,1951.0,20773.0,14,-0.0,0.0,0.0,0.0
r0117_c0106,40.7069158,-73.7730823,Residential,34,0.0,0.0,2.0,1944.0,108203.0,74,0.9802,0.0,0.0,0.0
r0117_c0107,40.7069158,-73.7712994,Residential,28,133.33,0.0,2.1,1939.0,133453.0,98,1.1442,0.0,0.0,0.0
r0117_c0108,40.7069158,-73.7695165,Residential,84,44.44,0.0,2.1,1937.0,110362.0,101,0.1556,0.0,0.0,0.0
r0117_c0109,40.7069158,-73.7677336,Residential,41,88.89,0.0,2.3,1926.0,64535.0,71,0.2246,0.0,0.0,0.0
r0117_c0110,40.7069158,-73.7659507,Residential,41,88.89,0.0,2.4,1929.0,73327.0,66,0.1552,0.0,0.0,0.0
r0117_c0111,40.7069158,-73.7641678,Residential,36,177.78,0.0,2.3,1938.0,64059.0,57,0.4503,0.0,0.0,0.0
r0117_c0112,40.7069158,-73.7623848,Residential,38,133.33,0.0,2.3,1935.0,147046.0,57,0.7165,0.0,0.0,0.0
r0117_c0113,40.7069158,-73.7606019,Residential,47,88.89,0.0,2.1,1942.0,84694.0,62,0.1595,0.0,0.0,0.0
r0117_c0114,40.7069158,-73.758819,Residential,43,266.67,0.3333,2.3,1935.0,93896.0,67,1.2525,44.44,44.44,0.0
r0117_c0115,40.7069158,-73.7570361,Residential,58,44.44,0.0,2.3,1937.0,108499.0,100,0.9468,0.0,0.0,0.0
r0117_c0116,40.7069158,-73.7552532,Institutional,32,400.0,0.1111,1.9,1946.0,185214.0,35,1.8976,0.0,266.67,0.0
r0117_c0117,40.7069158,-73.7534703,Residential,30,1822.22,0.0,2.1,1932.0,86874.0,43,2.0896,88.89,88.89,0.0
r0117_c0118,40.7069158,-73.7516874,Mixed-Use,26,800.0,0.4444,2.0,1940.0,98954.0,38,2.1198,0.0,266.67,0.0
r0117_c0119,40.7069158,-73.7499045,Residential,53,311.11,0.1429,2.3,1931.0,117045.0,86,1.6855,0.0,222.22,0.0
r0117_c0120,40.7069158,-73.7481216,Residential,36,44.44,0.0,2.4,1930.0,59309.0,68,-0.0,0.0,0.0,0.0
r0117_c0121,40.7069158,-73.7463386,Residential,51,44.44,0.0,2.3,1929.0,77537.0,92,0.0921,0.0,0.0,0.0
r0117_c0122,40.7069158,-73.7445557,Residential,51,311.11,0.0,2.3,1925.0,70556.0,94,-0.0,0.0,0.0,0.0
r0117_c0123,40.7069158,-73.7427728,Residential,50,44.44,0.0,2.4,1925.0,74967.0,87,-0.0,0.0,0.0,0.0
r0117_c0124,40.7069158,-73.7409899,Residential,56,44.44,0.0,2.5,1926.0,89492.0,97,-0.0,0.0,0.0,0.0
r0117_c0125,40.7069158,-73.739207,Residential,18,177.78,0.0,2.3,1921.0,32793.0,28,1.638,0.0,88.89,0.0
r0117_c0126,40.7069158,-73.7374241,Institutional,11,222.22,0.0,2.1,1926.0,76056.0,20,0.3508,0.0,0.0,0.0
r0117_c0127,40.7069158,-73.7356412,Institutional,40,88.89,0.0,2.0,1931.0,220234.0,59,1.0495,0.0,0.0,0.0
r0117_c0128,40.7069158,-73.7338583,Residential,39,177.78,0.0,1.7,1942.0,47962.0,59,0.2805,0.0,0.0,0.0
r0117_c0129,40.7069158,-73.7320753,Residential,41,222.22,0.0,1.7,1948.0,58566.0,55,0.3886,0.0,0.0,0.0
r0117_c0130,40.7069158,-73.7302924,Residential,42,44.44,0.0,1.6,1950.0,63378.0,57,0.068,0.0,0.0,0.0
r0117_c0131,40.7069158,-73.7285095,Residential,35,0.0,0.0,1.6,1946.0,44867.0,57,-0.0,0.0,0.0,0.0
r0118_c0023,40.7082672,-73.921064,Residential,6,6844.44,0.3701,2.0,1930.0,8490.0,6,-0.0,88.89,1555.56,0.0
r0118_c0024,40.7082672,-73.9192811,Residential,67,355.56,0.375,2.0,1946.0,96862.0,72,0.3646,0.0,88.89,0.0
r0118_c0025,40.7082672,-73.9174982,Open Space,34,88.89,0.0,2.0,1945.0,47628.0,33,0.6445,0.0,0.0,0.0
r0118_c0026,40.7082672,-73.9157153,Residential,32,355.56,0.0,2.1,1938.0,108183.0,35,1.886,0.0,88.89,0.5
r0118_c0027,40.7082672,-73.9139324,Residential,63,311.11,0.2857,2.2,1916.0,199874.0,70,1.4352,0.0,133.33,0.0
r0118_c0028,40.7082672,-73.9121495,Residential,71,266.67,0.3333,2.4,1931.0,229158.0,80,1.3324,0.0,44.44,0.0
r0118_c0029,40.7082672,-73.9103665,Residential,61,222.22,0.0,2.2,1917.0,187599.0,84,1.5001,0.0,44.44,0.0
r0118_c0030,40.7082672,-73.9085836,Residential,64,177.78,0.0,2.2,1917.0,206783.0,81,1.095,0.0,44.44,0.0
r0118_c0031,40.7082672,-73.9068007,Residential,69,177.78,0.0,2.1,1920.0,194222.0,89,1.3387,0.0,44.44,0.0
r0118_c0032,40.7082672,-73.9050178,Residential,50,311.11,0.0,2.3,1921.0,228032.0,73,1.8406,0.0,177.78,0.0
r0118_c0033,40.7082672,-73.9032349,Residential,60,222.22,0.0,2.2,1934.0,193712.0,71,1.6266,0.0,44.44,0.0
r0118_c0034,40.7082672,-73.901452,Residential,63,222.22,0.0,2.1,1932.0,164582.0,90,1.9398,0.0,44.44,0.0
r0118_c0035,40.7082672,-73.8996691,Residential,73,177.78,0.0,2.1,1924.0,192202.0,117,0.8847,0.0,0.0,0.0
r0118_c0036,40.7082672,-73.8978862,Mixed-Use,67,1333.33,0.4,2.6,1927.0,271670.0,88,1.4005,0.0,577.78,0.0
r0118_c0037,40.7082672,-73.8961033,Residential,63,44.44,0.0,2.9,1920.0,352235.0,71,0.9634,0.0,0.0,0.0
r0118_c0038,40.7082672,-73.8943203,Residential,80,88.89,0.0,2.1,1920.0,251942.0,114,0.8275,0.0,0.0,0.0
r0118_c0039,40.7082672,-73.8925374,Mixed-Use,11,0.0,0.0,1.9,1933.0,96842.0,18,1.4392,0.0,0.0,0.0
r0118_c0040,40.7082672,-73.8907545,Mixed-Use,3,44.44,0.0,,,0.0,1,0.4204,0.0,0.0,0.0
r0118_c0047,40.7082672,-73.8782741,Residential,25,88.89,0.0,1.5,1935.0,35490.0,36,-0.0,0.0,0.0,0.0
r0118_c0048,40.7082672,-73.8764912,Residential,67,222.22,0.0,2.0,1936.0,145909.0,89,1.6227,0.0,0.0,0.0
r0118_c0049,40.7082672,-73.8747083,Residential,52,177.78,0.0,1.9,1938.0,129099.0,77,1.7784,0.0,0.0,0.0
r0118_c0050,40.7082672,-73.8729254,Industrial,42,266.67,0.0,1.7,1934.0,127890.0,61,1.7765,0.0,0.0,0.0
r0118_c0051,40.7082672,-73.8711425,Industrial,31,177.78,0.0,1.9,1943.0,249273.0,32,1.8198,0.0,0.0,0.0
r0118_c0052,40.7082672,-73.8693596,Commercial,4,1155.56,0.3462,2.7,1927.0,1006575.0,12,0.1619,0.0,266.67,0.6667
r0118_c0054,40.7082672,-73.8657937,Industrial,16,133.33,0.0,1.9,1942.0,85844.0,17,0.8577,0.0,0.0,0.0
r0118_c0055,40.7082672,-73.8640108,Institutional,9,44.44,0.0,1.6,1939.0,193134.0,18,1.626,0.0,0.0,0.0
r0118_c0056,40.7082672,-73.8622279,Residential,60,222.22,0.2,1.7,1939.0,125692.0,71,1.4868,0.0,0.0,0.0
r0118_c0057,40.7082672,-73.860445,Industrial,33,311.11,0.0,1.6,1940.0,193431.0,44,1.1556,0.0,88.89,0.0
r0118_c0060,40.7082672,-73.8550963,Mixed-Use,3,666.67,0.0667,1.0,1932.0,4794.0,9,-0.0,0.0,88.89,0.5
r0118_c0061,40.7082672,-73.8533134,Residential,30,0.0,0.0,2.0,2000.0,70849.0,56,1.2265,0.0,0.0,0.0
r0118_c0062,40.7082672,-73.8515304,Residential,43,311.11,0.0,2.2,1940.0,77645.0,62,0.9065,0.0,0.0,0.0
r0118_c0063,40.7082672,-73.8497475,Residential,13,44.44,0.0,2.0,1948.0,28953.0,17,0.9192,0.0,0.0,0.0
r0118_c0064,40.7082672,-73.8479646,Residential,16,44.44,0.0,2.0,1925.0,22168.0,30,-0.0,0.0,0.0,0.0
r0118_c0065,40.7082672,-73.8461817,Residential,16,0.0,0.0,1.6,1942.0,21023.0,26,-0.0,0.0,0.0,0.0
r0118_c0066,40.7082672,-73.8443988,Residential,6,0.0,0.0,1.0,1945.0,5636.0,8,-0.0,0.0,0.0,0.0
r0118_c0070,40.7082672,-73.8372672,Residential,5,1511.11,0.0,4.1,1930.0,347064.0,6,1.1042,0.0,0.0,0.0
r0118_c0071,40.7082672,-73.8354842,Residential,27,222.22,0.2,2.5,1934.0,134012.0,40,1.3857,0.0,44.44,0.0
r0118_c0072,40.7082672,-73.8337013,Residential,23,44.44,0.0,2.2,1940.0,98841.0,36,0.6125,0.0,0.0,0.0
r0118_c0073,40.7082672,-73.8319184,Residential,28,400.0,0.4444,2.4,1926.0,129057.0,39,1.0811,0.0,177.78,0.25
r0118_c0074,40.7082672,-73.8301355,Mixed-Use,23,1866.67,0.1429,2.8,1941.0,131740.0,42,2.2327,0.0,622.22,0.0714
r0118_c0075,40.7082672,-73.8283526,Residential,11,44.44,0.0,4.7,1965.0,517516.0,12,0.3475,0.0,0.0,0.0
r0118_c0076,40.7082672,-73.8265697,Residential,7,44.44,1.0,3.7,1977.0,194248.0,7,0.9446,0.0,44.44,0.0
r0118_c0081,40.7082672,-73.8176551,Commercial,10,1244.44,0.1429,2.7,1967.0,284300.0,10,1.451,0.0,311.11,0.2857
r0118_c0082,40.7082672,-73.8158722,Residential,58,0.0,0.0,2.4,1932.0,202568.0,79,1.3562,0.0,0.0,0.0
r0118_c0083,40.7082672,-73.8140893,Residential,54,44.44,0.0,2.3,1919.0,201788.0,95,1.0647,0.0,0.0,0.0
r0118_c0084,40.7082672,-73.8123064,Residential,56,44.44,0.0,2.3,1924.0,94717.0,85,0.4122,0.0,0.0,0.0
r0118_c0085,40.7082672,-73.8105235,Residential,19,0.0,0.0,2.5,1932.0,106271.0,31,1.5899,0.0,0.0,0.0
r0118_c0086,40.7082672,-73.8087406,Residential,43,0.0,0.0,2.4,1928.0,94887.0,64,0.6756,0.0,0.0,0.0
r0118_c0087,40.7082672,-73.8069576,Residential,43,0.0,0.0,2.5,1932.0,100503.0,63,0.7838,0.0,0.0,0.0
r0118_c0088,40.7082672,-73.8051747,Residential,38,0.0,0.0,2.4,1925.0,92275.0,58,0.7043,0.0,0.0,0.0
r0118_c0089,40.7082672,-73.8033918,Mixed-Use,19,711.11,0.375,2.1,1926.0,108781.0,30,2.1425,0.0,266.67,0.1667
r0118_c0090,40.7082672,-73.8016089,Mixed-Use,44,1866.67,0.0714,2.3,1922.0,217229.0,57,2.2331,0.0,888.89,0.0
r0118_c0091,40.7082672,-73.799826,Institutional,21,800.0,0.1111,2.2,1924.0,113933.0,22,2.0812,44.44,133.33,0.3333
r0118_c0092,40.7082672,-73.7980431,Institutional,24,488.89,0.0909,3.9,1949.0,448189.0,29,1.6995,0.0,44.44,0.0
r0118_c0093,40.7082672,-73.7962602,Residential,6,800.0,0.0,6.5,1950.0,567622.0,6,1.2851,0.0,355.56,0.0
r0118_c0094,40.7082672,-73.7944773,Institutional,22,444.44,0.0,3.4,1929.0,490632.0,28,2.1484,44.44,0.0,0.0
r0118_c0095,40.7082672,-73.7926944,Residential,49,44.44,0.0,2.1,1924.0,91258.0,64,1.3825,0.0,0.0,0.0
r0118_c0096,40.7082672,-73.7909114,Residential,28,133.33,0.0,3.0,1949.0,353810.0,37,1.8156,0.0,0.0,0.0
r0118_c0097,40.7082672,-73.7891285,Residential,57,355.56,0.125,2.8,1948.0,240435.0,83,2.1274,0.0,266.67,0.0
r0118_c0098,40.7082672,-73.7873456,Residential,48,711.11,0.125,2.7,1927.0,199537.0,79,1.5686,0.0,444.44,0.1
r0118_c0099,40.7082672,-73.7855627,Mixed-Use,43,1155.56,0.1923,2.6,1941.0,329230.0,48,2.1662,44.44,622.22,0.0
r0118_c0100,40.7082672,-73.7837798,Residential,62,444.44,0.2,2.4,1933.0,166877.0,96,1.5127,0.0,133.33,0.0
r0118_c0101,40.7082672,-73.7819969,Mixed-Use,34,444.44,0.0,2.0,1925.0,83286.0,39,2.3065,0.0,311.11,0.0
r0118_c0102,40.7082672,-73.780214,Industrial,34,311.11,0.0,2.0,1942.0,208103.0,40,2.1256,0.0,177.78,0.25
r0118_c0103,40.7082672,-73.7784311,Mixed-Use,12,222.22,0.0,1.8,1937.0,42762.0,14,2.2252,0.0,177.78,0.25
r0118_c0104,40.7082672,-73.7766481,Mixed-Use,10,88.89,0.0,1.7,1950.0,91619.0,9,1.9321,44.44,0.0,0.0
r0118_c0105,40.7082672,-73.7748652,Industrial,3,44.44,0.0,3.3,1920.0,357517.0,4,-0.0,0.0,44.44,1.0
r0118_c0106,40.7082672,-73.7730823,Mixed-Use,19,0.0,0.0,2.0,1950.0,31671.0,23,0.2195,0.0,0.0,0.0
r0118_c0107,40.7082672,-73.7712994,Residential,23,44.44,0.0,2.0,1949.0,38491.0,23,-0.0,44.44,0.0,0.0
r0118_c0108,40.7082672,-73.7695165,Mixed-Use,31,177.78,0.0,1.9,1942.0,84548.0,30,0.9559,44.44,0.0,0.0
r0118_c0109,40.7082672,-73.7677336,Residential,32,88.89,0.0,2.2,1933.0,85292.0,64,0.8058,0.0,0.0,0.0
r0118_c0110,40.7082672,-73.7659507,Residential,37,44.44,0.0,2.3,1930.0,64656.0,57,0.3322,0.0,0.0,0.0
r0118_c0111,40.7082672,-73.7641678,Residential,41,44.44,0.0,2.3,1933.0,77258.0,72,0.263,0.0,0.0,0.0
r0118_c0112,40.7082672,-73.7623848,Residential,32,88.89,0.0,2.3,1937.0,69954.0,57,0.9087,0.0,0.0,0.0
r0118_c0113,40.7082672,-73.7606019,Residential,37,88.89,0.0,2.4,1931.0,69710.0,64,-0.0,0.0,0.0,0.0
r0118_c0114,40.7082672,-73.758819,Residential,48,0.0,0.0,2.5,1931.0,79060.0,82,0.2266,0.0,0.0,0.0
r0118_c0115,40.7082672,-73.7570361,Residential,53,88.89,0.0,2.3,1931.0,82526.0,92,0.0058,0.0,0.0,0.0
r0118_c0116,40.7082672,-73.7552532,Residential,48,44.44,0.0,2.4,1931.0,84647.0,83,-0.0,0.0,0.0,0.0
r0118_c0117,40.7082672,-73.7534703,Residential,47,0.0,0.0,2.5,1924.0,81095.0,88,-0.0,0.0,0.0,0.0
r0118_c0118,40.7082672,-73.7516874,Residential,62,88.89,0.0,2.2,1940.0,92719.0,83,0.1692,0.0,44.44,1.0
r0118_c0119,40.7082672,-73.7499045,Residential,48,266.67,0.0,2.0,1938.0,87060.0,75,0.6662,0.0,0.0,0.0
r0118_c0120,40.7082672,-73.7481216,Residential,40,44.44,0.0,2.1,1938.0,63770.0,58,0.4938,0.0,0.0,0.0
r0118_c0121,40.7082672,-73.7463386,Residential,46,177.78,0.0,2.3,1941.0,85802.0,81,0.5442,0.0,0.0,0.0
r0118_c0122,40.7082672,-73.7445557,Residential,36,0.0,0.0,2.4,1932.0,64814.0,66,-0.0,0.0,0.0,0.0
r0118_c0123,40.7082672,-73.7427728,Residential,34,44.44,0.0,2.1,1928.0,56530.0,62,0.3453,0.0,0.0,0.0
r0118_c0124,40.7082672,-73.7409899,Residential,34,133.33,0.0,2.1,1933.0,48201.0,62,0.1709,0.0,0.0,0.0
r0118_c0125,40.7082672,-73.739207,Residential,46,0.0,0.0,2.0,1939.0,66409.0,71,0.1364,0.0,0.0,0.0
r0118_c0126,40.7082672,-73.7374241,Residential,57,88.89,0.0,2.1,1929.0,73246.0,92,0.2535,0.0,0.0,0.0
r0118_c0127,40.7082672,-73.7356412,Residential,62,44.44,0.0,2.3,1926.0,81109.0,100,0.0778,0.0,0.0,0.0
r0118_c0128,40.7082672,-73.7338583,Residential,54,88.89,0.0,2.1,1932.0,71453.0,92,-0.0,0.0,0.0,0.0
r0118_c0129,40.7082672,-73.7320753,Residential,39,44.44,0.0,1.9,1945.0,55475.0,62,0.2809,0.0,0.0,0.0
r0118_c0130,40.7082672,-73.7302924,Residential,54,133.33,0.0,2.1,1940.0,70428.0,84,0.1766,0.0,0.0,0.0
r0118_c0131,40.7082672,-73.7285095,Residential,35,44.44,0.0,2.3,1933.0,46706.0,63,0.4246,0.0,0.0,0.0
r0119_c0024,40.7096185,-73.9192811,Residential,46,266.67,0.0,2.0,1939.0,125697.0,50,1.107,44.44,88.89,0.0
r0119_c0025,40.7096185,-73.9174982,Residential,28,711.11,0.0,2.0,1946.0,41083.0,40,0.9754,0.0,0.0,0.0
r0119_c0026,40.7096185,-73.9157153,Residential,81,44.44,0.0,2.0,1932.0,154934.0,130,1.0119,0.0,0.0,0.0
r0119_c0027,40.7096185,-73.9139324,Residential,47,44.44,0.0,2.2,1929.0,157321.0,48,0.9363,0.0,0.0,0.0
r0119_c0028,40.7096185,-73.9121495,Residential,14,88.89,0.0,2.1,1958.0,33621.0,15,0.3535,0.0,0.0,0.0
r0119_c0029,40.7096185,-73.9103665,Residential,68,133.33,0.3333,2.2,1930.0,178804.0,79,1.4333,0.0,88.89,0.0
r0119_c0030,40.7096185,-73.9085836,Residential,75,533.33,0.0833,2.1,1919.0,206939.0,85,1.3493,0.0,88.89,0.0
r0119_c0031,40.7096185,-73.9068007,Residential,51,266.67,0.3333,2.0,1916.0,163408.0,74,1.8204,0.0,177.78,0.0
r0119_c0032,40.7096185,-73.9050178,Residential,55,311.11,0.1429,2.7,1947.0,205688.0,64,1.6192,0.0,177.78,0.0
r0119_c0033,40.7096185,-73.9032349,Residential,67,177.78,0.0,2.0,1918.0,194618.0,93,1.0929,0.0,0.0,0.0
r0119_c0034,40.7096185,-73.901452,Residential,69,44.44,0.0,2.2,1928.0,163423.0,103,1.1668,0.0,0.0,0.0
r0119_c0035,40.7096185,-73.8996691,Residential,67,1066.67,0.3333,2.1,1917.0,211871.0,112,1.6088,0.0,488.89,0.1818
r0119_c0036,40.7096185,-73.8978862,Residential,84,355.56,0.375,2.2,1915.0,279341.0,90,1.2818,0.0,88.89,0.0
r0119_c0037,40.7096185,-73.8961033,Residential,67,177.78,0.0,2.0,1915.0,209922.0,71,1.3692,0.0,0.0,0.0
r0119_c0038,40.7096185,-73.8943203,Industrial,28,88.89,0.0,2.0,1937.0,141281.0,31,1.9312,0.0,0.0,0.0
r0119_c0039,40.7096185,-73.8925374,Mixed-Use,8,44.44,0.0,2.9,2001.0,39780.0,10,0.5193,0.0,0.0,0.0
r0119_c0040,40.7096185,-73.8907545,Mixed-Use,3,5066.67,0.0,,,0.0,1,0.9518,0.0,0.0,0.0
r0119_c0047,40.7096185,-73.8782741,Residential,40,222.22,0.0,1.7,1947.0,67512.0,48,1.1345,0.0,0.0,0.0
r0119_c0048,40.7096185,-73.8764912,Residential,76,266.67,0.0,2.1,1935.0,155573.0,89,1.068,0.0,0.0,0.0
r0119_c0049,40.7096185,-73.8747083,Residential,84,222.22,0.0,2.0,1933.0,157921.0,118,0.9057,0.0,44.44,0.0
r0119_c0050,40.7096185,-73.8729254,Residential,73,311.11,0.0,2.0,1929.0,127824.0,103,1.3683,0.0,0.0,0.0
r0119_c0051,40.7096185,-73.8711425,Residential,58,444.44,0.0,1.9,1936.0,102073.0,90,1.476,0.0,0.0,0.0
r0119_c0054,40.7096185,-73.8657937,Industrial,27,0.0,0.0,1.6,1938.0,108295.0,26,1.6276,0.0,0.0,0.0
r0119_c0055,40.7096185,-73.8640108,Residential,59,177.78,0.25,1.6,1942.0,90891.0,79,0.5867,0.0,0.0,0.0
r0119_c0056,40.7096185,-73.8622279,Residential,76,133.33,0.0,2.0,1936.0,175150.0,80,0.0768,0.0,0.0,0.0
r0119_c0057,40.7096185,-73.860445,Residential,48,222.22,0.0,1.8,1943.0,113044.0,81,0.9686,0.0,44.44,1.0
r0119_c0059,40.7096185,-73.8568792,Institutional,10,311.11,0.0,2.2,1934.0,317194.0,17,0.5801,0.0,44.44,1.0
r0119_c0060,40.7096185,-73.8550963,Residential,60,133.33,0.0,2.0,1926.0,77338.0,103,0.357,0.0,0.0,0.0
r0119_c0061,40.7096185,-73.8533134,Residential,72,88.89,0.0,2.1,1933.0,103338.0,122,0.0071,0.0,0.0,0.0
r0119_c0062,40.7096185,-73.8515304,Residential,58,222.22,0.2,2.3,1934.0,104242.0,101,1.0267,0.0,88.89,0.0
r0119_c0063,40.7096185,-73.8497475,Residential,63,1022.22,0.1304,2.1,1928.0,119118.0,116,1.0842,0.0,311.11,0.1429
r0119_c0064,40.7096185,-73.8479646,Residential,64,2133.33,0.1458,2.0,1921.0,120972.0,96,1.0767,0.0,533.33,0.0833
r0119_c0065,40.7096185,-73.8461817,Residential,51,888.89,0.2,2.0,1934.0,119121.0,73,1.376,0.0,44.44,0.0
r0119_c0066,40.7096185,-73.8443988,Residential,56,133.33,0.0,2.1,1935.0,102388.0,95,0.5204,0.0,44.44,0.0
r0119_c0067,40.7096185,-73.8426159,Residential,49,0.0,0.0,2.0,1934.0,52922.0,66,0.4264,0.0,0.0,0.0
r0119_c0068,40.7096185,-73.840833,Residential,3,0.0,0.0,2.5,1925.0,4761.0,4,-0.0,0.0,0.0,0.0
r0119_c0071,40.7096185,-73.8354842,Residential,4,577.78,0.0,2.4,1922.0,15031.0,7,-0.0,0.0,0.0,0.0
r0119_c0072,40.7096185,-73.8337013,Residential,24,0.0,0.0,2.3,1920.0,69081.0,43,-0.0,0.0,0.0,0.0
r0119_c0073,40.7096185,-73.8319184,Residential,27,0.0,0.0,2.7,1925.0,69836.0,36,1.1145,0.0,0.0,0.0
r0119_c0074,40.7096185,-73.8301355,Residential,21,2133.33,0.2083,2.9,1929.0,288729.0,21,2.4134,0.0,444.44,0.0
r0119_c0075,40.7096185,-73.8283526,Residential,25,88.89,0.0,3.4,1966.0,447149.0,28,2.3172,0.0,0.0,0.0
r0119_c0080,40.7096185,-73.819438,Mixed-Use,3,666.67,0.0667,5.3,1960.0,286844.0,4,1.4065,0.0,0.0,0.0
r0119_c0081,40.7096185,-73.8176551,Residential,15,133.33,0.0,3.5,1945.0,376869.0,16,1.6264,0.0,133.33,0.0
r0119_c0082,40.7096185,-73.8158722,Residential,34,0.0,0.0,3.0,1962.0,327289.0,40,1.5423,0.0,0.0,0.0
r0119_c0083,40.7096185,-73.8140893,Residential,4,0.0,0.0,5.0,1939.0,399417.0,6,0.1343,0.0,0.0,0.0
r0119_c0084,40.7096185,-73.8123064,Residential,19,88.89,0.0,2.6,1937.0,47018.0,28,0.755,0.0,0.0,0.0
r0119_c0085,40.7096185,-73.8105235,Institutional,26,88.89,0.0,2.3,1925.0,92476.0,40,0.889,0.0,0.0,0.0
r0119_c0086,40.7096185,-73.8087406,Residential,41,0.0,0.0,2.3,1936.0,93257.0,61,0.4089,0.0,0.0,0.0
r0119_c0087,40.7096185,-73.8069576,Residential,41,44.44,0.0,2.4,1936.0,102860.0,66,0.6984,0.0,0.0,0.0
r0119_c0088,40.7096185,-73.8051747,Residential,43,88.89,0.5,2.4,1926.0,140023.0,61,0.9961,0.0,44.44,0.0
r0119_c0089,40.7096185,-73.8033918,Institutional,9,177.78,0.0,2.6,1926.0,404209.0,16,0.6576,0.0,0.0,0.0
r0119_c0090,40.7096185,-73.8016089,Residential,20,222.22,0.0,2.6,1932.0,62345.0,26,1.9965,0.0,0.0,0.0
r0119_c0091,40.7096185,-73.799826,Residential,28,177.78,0.0,2.6,1948.0,188067.0,30,2.2715,0.0,0.0,0.0
r0119_c0092,40.7096185,-73.7980431,Mixed-Use,23,755.56,0.0,3.0,1945.0,207666.0,23,2.5116,44.44,44.44,0.0
r0119_c0093,40.7096185,-73.7962602,Mixed-Use,20,888.89,0.15,3.4,1955.0,342371.0,22,2.4967,0.0,222.22,0.0
r0119_c0094,40.7096185,-73.7944773,Residential,45,1555.56,0.2857,2.3,1940.0,284174.0,50,2.2122,0.0,888.89,0.0
r0119_c0095,40.7096185,-73.7926944,Residential,41,400.0,0.1111,2.3,1924.0,229758.0,51,2.2254,0.0,177.78,0.0
r0119_c0096,40.7096185,-73.7909114,Residential,55,444.44,0.0,2.9,1940.0,406382.0,69,1.5318,0.0,0.0,0.0
r0119_c0097,40.7096185,-73.7891285,Residential,52,0.0,0.0,2.6,1938.0,275098.0,74,1.5295,0.0,0.0,0.0
r0119_c0098,40.7096185,-73.7873456,Residential,57,44.44,0.0,2.6,1943.0,211821.0,92,1.4252,0.0,0.0,0.0
r0119_c0099,40.7096185,-73.7855627,Residential,55,177.78,0.0,2.4,1941.0,113822.0,93,0.8467,0.0,0.0,0.0
r0119_c0100,40.7096185,-73.7837798,Residential,72,44.44,0.0,2.3,1926.0,113665.0,119,0.3989,0.0,0.0,0.0
r0119_c0101,40.7096185,-73.7819969,Residential,65,133.33,0.0,2.2,1921.0,142216.0,106,1.1508,0.0,0.0,0.0
r0119_c0102,40.7096185,-73.780214,Residential,68,133.33,0.0,2.4,1925.0,107400.0,129,0.4071,0.0,44.44,0.0
r0119_c0103,40.7096185,-73.7784311,Residential,66,44.44,0.0,2.1,1926.0,143735.0,99,1.3131,0.0,44.44,0.0
r0119_c0104,40.7096185,-73.7766481,Residential,63,133.33,0.0,2.1,1925.0,103158.0,85,1.3031,0.0,88.89,0.0
r0119_c0105,40.7096185,-73.7748652,Residential,38,222.22,0.4,2.2,1926.0,75849.0,61,1.6499,0.0,88.89,0.0
r0119_c0106,40.7096185,-73.7730823,Industrial,20,355.56,0.0,2.2,1939.0,435720.0,22,0.9333,0.0,177.78,0.25
r0119_c0107,40.7096185,-73.7712994,Industrial,4,88.89,0.0,1.0,1946.0,81257.0,4,0.8546,0.0,0.0,0.0
r0119_c0108,40.7096185,-73.7695165,Residential,17,0.0,0.0,2.1,1942.0,47781.0,24,1.8113,0.0,0.0,0.0
r0119_c0109,40.7096185,-73.7677336,Residential,27,0.0,0.0,2.3,1947.0,64154.0,36,1.7064,0.0,0.0,0.0
r0119_c0110,40.7096185,-73.7659507,Residential,37,44.44,0.0,2.2,1932.0,83906.0,53,1.4621,0.0,0.0,0.0
r0119_c0111,40.7096185,-73.7641678,Residential,44,44.44,0.0,2.3,1938.0,82409.0,71,0.4335,0.0,0.0,0.0
r0119_c0112,40.7096185,-73.7623848,Residential,41,88.89,0.0,2.4,1925.0,76058.0,72,0.36,0.0,0.0,0.0
r0119_c0113,40.7096185,-73.7606019,Residential,45,0.0,0.0,2.3,1935.0,79921.0,77,0.2044,0.0,0.0,0.0
r0119_c0114,40.7096185,-73.758819,Residential,48,88.89,0.0,2.2,1948.0,82736.0,76,-0.0,0.0,0.0,0.0
r0119_c0115,40.7096185,-73.7570361,Residential,56,88.89,0.0,2.2,1927.0,78482.0,97,-0.0,0.0,0.0,0.0
r0119_c0116,40.7096185,-73.7552532,Residential,47,44.44,0.0,2.5,1926.0,83387.0,87,-0.0,0.0,0.0,0.0
r0119_c0117,40.7096185,-73.7534703,Residential,44,44.44,0.0,2.5,1922.0,78660.0,82,0.1639,0.0,0.0,0.0
r0119_c0118,40.7096185,-73.7516874,Residential,45,44.44,0.0,2.2,1929.0,64561.0,70,0.4272,0.0,0.0,0.0
r0119_c0119,40.7096185,-73.7499045,Residential,38,0.0,0.0,2.4,1927.0,61111.0,66,-0.0,0.0,0.0,0.0
r0119_c0120,40.7096185,-73.7481216,Residential,44,44.44,0.0,2.4,1926.0,67866.0,83,0.2118,0.0,0.0,0.0
r0119_c0121,40.7096185,-73.7463386,Residential,38,311.11,0.0,2.4,1922.0,61341.0,61,0.2568,0.0,133.33,0.0
r0119_c0122,40.7096185,-73.7445557,Residential,45,0.0,0.0,2.2,1941.0,70602.0,72,-0.0,0.0,0.0,0.0
r0119_c0123,40.7096185,-73.7427728,Residential,42,133.33,0.0,2.3,1926.0,68104.0,72,0.2294,0.0,0.0,0.0
r0119_c0124,40.7096185,-73.7409899,Residential,48,44.44,0.0,2.4,1932.0,75071.0,87,-0.0,0.0,0.0,0.0
r0119_c0125,40.7096185,-73.739207,Residential,43,44.44,0.0,2.2,1930.0,73256.0,73,0.6521,0.0,0.0,0.0
r0119_c0126,40.7096185,-73.7374241,Residential,45,44.44,0.0,2.2,1936.0,75254.0,74,0.8717,0.0,44.44,0.0
r0119_c0127,40.7096185,-73.7356412,Residential,55,133.33,0.0,2.2,1935.0,75883.0,91,0.4364,0.0,0.0,0.0
r0119_c0128,40.7096185,-73.7338583,Residential,58,88.89,0.0,2.3,1932.0,75975.0,106,-0.0,0.0,0.0,0.0
r0119_c0129,40.7096185,-73.7320753,Residential,43,44.44,0.0,2.3,1937.0,68256.0,76,-0.0,0.0,0.0,0.0
r0119_c0130,40.7096185,-73.7302924,Residential,51,0.0,0.0,1.9,1941.0,69935.0,85,-0.0,0.0,0.0,0.0
r0119_c0131,40.7096185,-73.7285095,Residential,34,355.56,0.0,2.4,1934.0,49186.0,59,-0.0,0.0,0.0,0.0
r0120_c0024,40.7109699,-73.9192811,Institutional,19,222.22,0.0,2.2,1910.0,118890.0,20,1.7967,44.44,88.89,0.0
r0120_c0025,40.7109699,-73.9174982,Residential,49,133.33,0.0,2.0,1943.0,201020.0,57,2.1416,0.0,0.0,0.0
r0120_c0026,40.7109699,-73.9157153,Residential,27,44.44,0.0,2.0,1937.0,34043.0,53,-0.0,0.0,0.0,0.0
r0120_c0029,40.7109699,-73.9103665,Open Space,21,311.11,0.0,2.3,1927.0,51142.0,26,0.9022,0.0,0.0,0.0
r0120_c0030,40.7109699,-73.9085836,Residential,50,133.33,0.6667,2.0,1909.0,125964.0,82,1.2654,0.0,44.44,0.0
r0120_c0031,40.7109699,-73.9068007,Residential,61,44.44,0.0,2.1,1936.0,128161.0,86,0.8747,0.0,0.0,0.0
r0120_c0032,40.7109699,-73.9050178,Residential,48,400.0,0.3333,2.2,1930.0,223110.0,66,1.9286,0.0,133.33,0.0
r0120_c0033,40.7109699,-73.9032349,Residential,57,177.78,0.0,2.2,1931.0,161419.0,83,1.5911,0.0,0.0,0.0
r0120_c0034,40.7109699,-73.901452,Residential,67,88.89,0.0,2.1,1930.0,154467.0,99,1.1812,0.0,0.0,0.0
r0120_c0035,40.7109699,-73.8996691,Residential,39,266.67,0.0,2.3,1923.0,215661.0,57,2.4084,0.0,44.44,0.0
r0120_c0036,40.7109699,-73.8978862,Industrial,33,0.0,0.0,2.0,1926.0,281833.0,55,1.2246,0.0,0.0,0.0
r0120_c0037,40.7109699,-73.8961033,Mixed-Use,37,222.22,0.0,2.0,1930.0,61000.0,59,0.7523,0.0,0.0,0.0
r0120_c0038,40.7109699,-73.8943203,Residential,61,355.56,0.0,2.0,1923.0,107698.0,99,0.3118,0.0,0.0,0.0
r0120_c0039,40.7109699,-73.8925374,Residential,8,177.78,0.0,3.0,2007.0,27640.0,8,-0.0,0.0,133.33,0.6667
r0120_c0046,40.7109699,-73.880057,Mixed-Use,10,0.0,0.0,1.4,1941.0,11704.0,11,2.058,0.0,0.0,0.0
r0120_c0047,40.7109699,-73.8782741,Residential,66,133.33,0.0,2.2,1948.0,145107.0,79,1.1467,0.0,0.0,0.0
r0120_c0048,40.7109699,-73.8764912,Residential,74,88.89,0.0,2.0,1929.0,163746.0,86,1.4907,0.0,0.0,0.0
r0120_c0049,40.7109699,-73.8747083,Residential,63,177.78,0.0,2.0,1922.0,131765.0,87,0.9839,0.0,0.0,0.0
r0120_c0050,40.7109699,-73.8729254,Residential,67,88.89,0.0,1.9,1929.0,151014.0,91,0.9297,0.0,0.0,0.0
r0120_c0051,40.7109699,-73.8711425,Residential,44,0.0,0.0,2.3,1947.0,164856.0,48,1.4751,0.0,0.0,0.0
r0120_c0054,40.7109699,-73.8657937,Mixed-Use,3,44.44,1.0,1.3,1942.0,20520.0,3,1.4839,0.0,0.0,0.0
r0120_c0055,40.7109699,-73.8640108,Residential,42,400.0,0.0,2.4,1932.0,67598.0,73,-0.0,0.0,0.0,0.0
r0120_c0056,40.7109699,-73.8622279,Residential,64,488.89,0.0,2.1,1954.0,152558.0,85,-0.0,0.0,0.0,0.0
r0120_c0057,40.7109699,-73.860445,Residential,21,222.22,0.0,2.0,1935.0,78794.0,74,0.9222,0.0,0.0,0.0
r0120_c0058,40.7109699,-73.8586621,Commercial,3,533.33,0.1667,1.3,1976.0,122836.0,3,-0.0,0.0,222.22,1.0
r0120_c0059,40.7109699,-73.8568792,Mixed-Use,18,666.67,0.0667,1.9,1935.0,105182.0,24,2.3496,0.0,44.44,0.0
r0120_c0060,40.7109699,-73.8550963,Residential,51,1466.67,0.1212,2.0,1926.0,102625.0,88,1.7604,0.0,355.56,0.25
r0120_c0061,40.7109699,-73.8533134,Residential,54,1333.33,0.1,2.1,1929.0,130074.0,78,2.0897,0.0,177.78,0.0
r0120_c0062,40.7109699,-73.8515304,Residential,50,977.78,0.0455,2.0,1933.0,93170.0,78,1.6693,0.0,177.78,0.25
r0120_c0063,40.7109699,-73.8497475,Residential,72,1066.67,0.25,2.3,1922.0,120993.0,109,1.1184,0.0,488.89,0.0
r0120_c0064,40.7109699,-73.8479646,Residential,65,177.78,0.0,2.4,1921.0,87971.0,109,0.3612,0.0,44.44,0.0
r0120_c0065,40.7109699,-73.8461817,Residential,66,44.44,0.0,2.6,1926.0,105098.0,118,0.2677,0.0,0.0,0.0
r0120_c0066,40.7109699,-73.8443988,Residential,55,44.44,0.0,2.5,1930.0,97927.0,106,-0.0,0.0,0.0,0.0
r0120_c0067,40.7109699,-73.8426159,Residential,59,44.44,0.0,2.4,1929.0,101558.0,109,0.047,0.0,0.0,0.0
r0120_c0068,40.7109699,-73.840833,Residential,32,0.0,0.0,2.5,1929.0,68625.0,48,0.3058,0.0,0.0,0.0
r0120_c0069,40.7109699,-73.8390501,Residential,22,0.0,0.0,2.6,1922.0,55977.0,38,0.2229,0.0,0.0,0.0
r0120_c0070,40.7109699,-73.8372672,Residential,9,400.0,0.0,2.5,1924.0,23350.0,17,-0.0,0.0,0.0,0.0
r0120_c0071,40.7109699,-73.8354842,Residential,8,222.22,0.0,2.5,1925.0,15300.0,14,0.3653,0.0,0.0,0.0
r0120_c0072,40.7109699,-73.8337013,Residential,21,0.0,0.0,2.4,1920.0,62452.0,37,0.0636,0.0,0.0,0.0
r0120_c0073,40.7109699,-73.8319184,Residential,29,0.0,0.0,2.2,1932.0,46361.0,39,1.0237,0.0,0.0,0.0
r0120_c0074,40.7109699,-73.8301355,Residential,31,44.44,0.0,2.5,1925.0,77419.0,55,-0.0,0.0,0.0,0.0
r0120_c0075,40.7109699,-73.8283526,Institutional,21,133.33,0.0,2.4,1938.0,102965.0,32,1.3693,44.44,0.0,0.0
r0120_c0076,40.7109699,-73.8265697,Mixed-Use,4,311.11,0.0,7.8,1968.0,372193.0,4,1.1863,0.0,0.0,0.0
r0120_c0081,40.7109699,-73.8176551,Residential,54,44.44,0.0,2.3,1945.0,148277.0,54,1.0346,0.0,0.0,0.0
r0120_c0082,40.7109699,-73.8158722,Residential,46,44.44,0.0,3.3,1969.0,394450.0,56,1.7158,0.0,0.0,0.0
r0120_c0083,40.7109699,-73.8140893,Residential,21,177.78,0.0,3.2,1951.0,405336.0,30,0.9436,0.0,0.0,0.0
r0120_c0084,40.7109699,-73.8123064,Institutional,21,400.0,0.0,2.2,1934.0,197735.0,35,0.8091,0.0,0.0,0.0
r0120_c0085,40.7109699,-73.8105235,Residential,36,44.44,0.0,2.2,1947.0,72577.0,58,0.3223,0.0,0.0,0.0
r0120_c0086,40.7109699,-73.8087406,Residential,38,0.0,0.0,2.3,1935.0,82137.0,68,0.7348,0.0,0.0,0.0
r0120_c0087,40.7109699,-73.8069576,Residential,49,88.89,0.0,2.4,1922.0,88898.0,90,-0.0,0.0,0.0,0.0
r0120_c0088,40.7109699,-73.8051747,Residential,51,88.89,0.0,2.4,1929.0,95804.0,88,0.2636,0.0,0.0,0.0
r0120_c0089,40.7109699,-73.8033918,Residential,41,88.89,0.0,2.5,1936.0,84189.0,62,1.0079,0.0,0.0,0.0
r0120_c0090,40.7109699,-73.8016089,Residential,38,44.44,0.0,2.5,1923.0,83460.0,58,0.4059,0.0,0.0,0.0
r0120_c0091,40.7109699,-73.799826,Residential,31,133.33,0.0,2.9,1947.0,209071.0,38,2.0005,0.0,0.0,0.0
r0120_c0092,40.7109699,-73.7980431,Residential,12,711.11,0.0,3.5,1965.0,142093.0,13,1.0819,0.0,0.0,0.0
r0120_c0093,40.7109699,-73.7962602,Residential,38,0.0,0.0,2.7,1943.0,133036.0,56,1.5793,0.0,0.0,0.0
r0120_c0094,40.7109699,-73.7944773,Residential,43,400.0,0.3333,2.5,1942.0,144939.0,58,1.7756,0.0,88.89,0.0
r0120_c0095,40.7109699,-73.7926944,Mixed-Use,32,3777.78,0.1647,2.3,1941.0,153100.0,35,2.442,88.89,577.78,0.0769
r0120_c0096,40.7109699,-73.7909114,Residential,38,2533.33,0.0877,2.7,1934.0,256911.0,54,2.2253,0.0,488.89,0.0
r0120_c0097,40.7109699,-73.7891285,Residential,59,400.0,0.0,2.5,1938.0,221489.0,88,0.9351,0.0,0.0,0.0
r0120_c0098,40.7109699,-73.7873456,Residential,33,355.56,0.0,3.3,1973.0,435786.0,35,2.5968,0.0,44.44,1.0
r0120_c0099,40.7109699,-73.7855627,Residential,38,44.44,0.0,2.5,1929.0,298425.0,67,1.2284,0.0,0.0,0.0
r0120_c0100,40.7109699,-73.7837798,Residential,41,88.89,0.0,2.3,1924.0,259405.0,61,1.4784,0.0,0.0,0.0
r0120_c0101,40.7109699,-73.7819969,Residential,64,0.0,0.0,2.4,1938.0,141833.0,108,1.1108,0.0,0.0,0.0
r0120_c0102,40.7109699,-73.780214,Residential,58,0.0,0.0,2.3,1922.0,91778.0,101,0.2071,0.0,0.0,0.0
r0120_c0103,40.7109699,-73.7784311,Residential,62,88.89,0.0,2.3,1924.0,94288.0,110,0.2625,0.0,0.0,0.0
r0120_c0104,40.7109699,-73.7766481,Residential,62,0.0,0.0,2.2,1931.0,99958.0,97,0.3541,0.0,0.0,0.0
r0120_c0105,40.7109699,-73.7748652,Residential,77,88.89,0.0,2.1,1923.0,129237.0,114,0.1719,0.0,0.0,0.0
r0120_c0106,40.7109699,-73.7730823,Residential,70,44.44,0.0,2.4,1928.0,103484.0,123,0.9286,0.0,0.0,0.0
r0120_c0107,40.7109699,-73.7712994,Mixed-Use,23,311.11,0.4286,2.0,1947.0,67838.0,25,2.5305,0.0,44.44,0.0
r0120_c0108,40.7109699,-73.7695165,Residential,32,266.67,0.0,2.4,1964.0,90130.0,39,1.7782,0.0,222.22,0.0
r0120_c0109,40.7109699,-73.7677336,Residential,19,44.44,0.0,3.5,1950.0,492802.0,28,1.0913,0.0,0.0,0.0
r0120_c0110,40.7109699,-73.7659507,Residential,13,88.89,0.0,2.4,1922.0,72058.0,23,1.3168,0.0,0.0,0.0
r0120_c0111,40.7109699,-73.7641678,Residential,33,0.0,0.0,2.4,1956.0,115376.0,40,1.3296,0.0,0.0,0.0
r0120_c0112,40.7109699,-73.7623848,Residential,32,177.78,0.0,2.4,1938.0,59990.0,50,1.1024,0.0,0.0,0.0
r0120_c0113,40.7109699,-73.7606019,Residential,39,44.44,0.0,2.3,1944.0,63749.0,65,0.9892,0.0,0.0,0.0
r0120_c0114,40.7109699,-73.758819,Residential,44,88.89,0.0,2.2,1933.0,70452.0,73,0.2774,0.0,0.0,0.0
r0120_c0115,40.7109699,-73.7570361,Residential,50,0.0,0.0,2.3,1932.0,77784.0,91,-0.0,0.0,0.0,0.0
r0120_c0116,40.7109699,-73.7552532,Residential,47,88.89,0.0,2.4,1929.0,78968.0,86,-0.0,0.0,0.0,0.0
r0120_c0117,40.7109699,-73.7534703,Residential,53,88.89,0.0,2.1,1931.0,91214.0,87,-0.0,0.0,0.0,0.0
r0120_c0118,40.7109699,-73.7516874,Residential,41,44.44,0.0,2.4,1928.0,66999.0,73,-0.0,0.0,0.0,0.0
r0120_c0119,40.7109699,-73.7499045,Residential,41,88.89,0.0,2.4,1923.0,61463.0,72,0.1782,0.0,0.0,0.0
r0120_c0120,40.7109699,-73.7481216,Residential,32,44.44,0.0,2.4,1929.0,52122.0,60,-0.0,0.0,0.0,0.0
r0120_c0121,40.7109699,-73.7463386,Residential,56,88.89,0.0,2.3,1923.0,67878.0,76,0.2571,0.0,0.0,0.0
r0120_c0122,40.7109699,-73.7445557,Residential,55,133.33,0.0,2.1,1932.0,76935.0,94,-0.0,0.0,0.0,0.0
r0120_c0123,40.7109699,-73.7427728,Residential,47,133.33,0.0,2.2,1948.0,77313.0,74,0.007,0.0,0.0,0.0
r0120_c0124,40.7109699,-73.7409899,Residential,32,44.44,0.0,2.3,1942.0,75844.0,48,1.0784,0.0,0.0,0.0
r0120_c0125,40.7109699,-73.739207,Open Space,18,2711.11,0.0,2.1,1960.0,47225.0,25,1.6729,0.0,0.0,0.0
r0120_c0126,40.7109699,-73.7374241,Institutional,20,44.44,0.0,2.0,1970.0,65759.0,27,0.8533,0.0,0.0,0.0
r0120_c0127,40.7109699,-73.7356412,Residential,46,44.44,0.0,2.0,1939.0,71745.0,73,0.1765,0.0,0.0,0.0
r0120_c0128,40.7109699,-73.7338583,Residential,50,44.44,0.0,2.4,1931.0,75529.0,90,0.0531,0.0,0.0,0.0
r0120_c0129,40.7109699,-73.7320753,Residential,56,133.33,0.0,2.4,1929.0,83521.0,101,-0.0,0.0,0.0,0.0
r0120_c0130,40.7109699,-73.7302924,Residential,38,711.11,0.0,1.5,1948.0,51366.0,65,-0.0,0.0,0.0,0.0
r0121_c0023,40.7123212,-73.921064,Industrial,6,133.33,0.6667,1.3,1937.0,98992.0,3,0.8304,0.0,0.0,0.0
r0121_c0024,40.7123212,-73.9192811,Industrial,16,133.33,0.3333,2.3,1916.0,73380.0,19,0.9552,0.0,0.0,0.0
r0121_c0025,40.7123212,-73.9174982,Industrial,22,222.22,0.2,2.3,1938.0,161274.0,21,1.3878,0.0,133.33,0.0
r0121_c0028,40.7123212,-73.9121495,Residential,14,0.0,0.0,2.2,1950.0,28224.0,18,1.6217,0.0,0.0,0.0
r0121_c0029,40.7123212,-73.9103665,Residential,43,355.56,0.0,2.2,1933.0,116662.0,44,1.0236,0.0,0.0,0.0
r0121_c0030,40.7123212,-73.9085836,Institutional,17,177.78,0.0,2.6,1947.0,667518.0,26,0.5779,0.0,0.0,0.0
r0121_c0031,40.7123212,-73.9068007,Residential,61,444.44,0.6,2.1,1937.0,173208.0,98,1.5829,0.0,133.33,0.0
r0121_c0032,40.7123212,-73.9050178,Residential,33,755.56,0.1765,2.2,1946.0,140859.0,39,2.4275,0.0,311.11,0.1429
r0121_c0033,40.7123212,-73.9032349,Institutional,26,222.22,0.2,2.2,1925.0,160987.0,40,1.9358,0.0,177.78,0.0
r0121_c0034,40.7123212,-73.901452,Residential,36,400.0,0.0,2.1,1947.0,92945.0,48,2.131,0.0,0.0,0.0
r0121_c0035,40.7123212,-73.8996691,Commercial,15,666.67,0.1333,1.1,1942.0,74744.0,16,1.6054,0.0,400.0,0.0
r0121_c0036,40.7123212,-73.8978862,Industrial,21,355.56,0.0,1.5,1934.0,122399.0,28,2.1045,0.0,177.78,0.0
r0121_c0037,40.7123212,-73.8961033,Residential,73,666.67,0.2,2.2,1936.0,159028.0,84,1.6337,0.0,266.67,0.0
r0121_c0038,40.7123212,-73.8943203,Residential,31,266.67,0.1667,2.1,1936.0,65590.0,45,1.1128,0.0,44.44,0.0
r0121_c0042,40.7123212,-73.8871887,Residential,9,355.56,0.0,2.7,1986.0,26272.0,10,1.9258,0.0,88.89,0.0
r0121_c0043,40.7123212,-73.8854058,Mixed-Use,24,266.67,0.1667,1.9,1943.0,110452.0,36,2.5603,0.0,88.89,0.0
r0121_c0044,40.7123212,-73.8836229,Residential,17,222.22,0.0,2.0,1936.0,49775.0,25,1.6848,0.0,88.89,0.0
r0121_c0045,40.7123212,-73.88184,Industrial,4,88.89,0.0,3.5,1956.0,94376.0,5,1.4027,0.0,44.44,0.0
r0121_c0046,40.7123212,-73.880057,Residential,27,666.67,0.2,2.4,1951.0,142895.0,30,1.8744,0.0,44.44,0.0
r0121_c0047,40.7123212,-73.8782741,Residential,52,1733.33,0.2308,2.0,1930.0,144929.0,64,1.7907,0.0,622.22,0.0714
r0121_c0048,40.7123212,-73.8764912,Residential,73,933.33,0.0952,2.1,1922.0,210391.0,101,1.9019,0.0,444.44,0.0
r0121_c0049,40.7123212,-73.8747083,Residential,54,222.22,0.0,2.1,1924.0,126967.0,76,1.6083,0.0,0.0,0.0
r0121_c0050,40.7123212,-73.8729254,Residential,66,311.11,0.0,2.1,1934.0,142800.0,85,1.51,0.0,44.44,0.0
r0121_c0051,40.7123212,-73.8711425,Residential,15,266.67,0.0,1.9,1931.0,29485.0,22,1.2007,0.0,0.0,0.0
r0121_c0056,40.7123212,-73.8622279,Mixed-Use,11,177.78,0.25,1.9,1939.0,30783.0,16,2.2186,0.0,44.44,0.0
r0121_c0057,40.7123212,-73.860445,Residential,40,133.33,0.0,2.0,1930.0,59594.0,71,1.527,0.0,88.89,0.0
r0121_c0058,40.7123212,-73.8586621,Residential,47,844.44,0.0526,2.1,1944.0,86571.0,59,1.9575,133.33,44.44,1.0
r0121_c0059,40.7123212,-73.8568792,Mixed-Use,44,88.89,0.0,2.1,1945.0,66521.0,57,1.1854,0.0,0.0,0.0
r0121_c0060,40.7123212,-73.8550963,Residential,62,133.33,0.0,2.3,1926.0,94754.0,112,0.5171,0.0,0.0,0.0
r0121_c0061,40.7123212,-73.8533134,Residential,68,44.44,0.0,2.2,1927.0,98628.0,121,-0.0,0.0,0.0,0.0
r0121_c0062,40.7123212,-73.8515304,Residential,61,177.78,0.0,2.4,1932.0,95387.0,107,0.0297,0.0,0.0,0.0
r0121_c0063,40.7123212,-73.8497475,Residential,56,88.89,0.0,2.3,1929.0,85049.0,100,0.1825,0.0,0.0,0.0
r0121_c0064,40.7123212,-73.8479646,Residential,58,0.0,0.0,2.5,1932.0,100867.0,108,-0.0,0.0,0.0,0.0
r0121_c0065,40.7123212,-73.8461817,Residential,54,44.44,0.0,2.4,1927.0,90902.0,100,-0.0,0.0,0.0,0.0
r0121_c0066,40.7123212,-73.8443988,Residential,55,0.0,0.0,2.6,1933.0,101473.0,107,-0.0,0.0,0.0,0.0
r0121_c0067,40.7123212,-73.8426159,Residential,58,0.0,0.0,2.6,1926.0,116719.0,84,0.2794,0.0,0.0,0.0
r0121_c0068,40.7123212,-73.840833,Residential,25,0.0,0.0,2.5,1925.0,64822.0,30,0.6721,0.0,0.0,0.0
r0121_c0069,40.7123212,-73.8390501,Residential,27,0.0,0.0,2.6,1929.0,76911.0,37,0.2801,0.0,0.0,0.0
r0121_c0070,40.7123212,-73.8372672,Residential,27,44.44,0.0,2.3,1922.0,54613.0,26,1.0201,0.0,0.0,0.0
r0121_c0071,40.7123212,-73.8354842,Residential,31,44.44,0.0,2.9,1929.0,185565.0,41,1.3286,0.0,0.0,0.0
r0121_c0072,40.7123212,-73.8337013,Residential,11,0.0,0.0,4.7,1941.0,386994.0,18,1.3433,0.0,0.0,0.0
r0121_c0073,40.7123212,-73.8319184,Residential,26,44.44,0.0,2.5,1918.0,82505.0,46,0.8345,0.0,0.0,0.0
r0121_c0074,40.7123212,-73.8301355,Residential,28,88.89,1.0,2.5,1922.0,73537.0,54,-0.0,0.0,88.89,0.5
r0121_c0075,40.7123212,-73.8283526,Residential,16,444.44,0.3,5.4,1956.0,554215.0,22,1.5553,44.44,177.78,0.0
r0121_c0081,40.7123212,-73.8176551,Mixed-Use,4,44.44,0.0,6.0,1958.0,501921.0,7,0.9244,0.0,0.0,0.0
r0121_c0082,40.7123212,-73.8158722,Residential,39,0.0,0.0,3.6,1982.0,253365.0,42,1.5311,0.0,0.0,0.0
r0121_c0083,40.7123212,-73.8140893,Residential,27,177.78,0.0,2.3,1946.0,92985.0,44,0.9697,0.0,0.0,0.0
r0121_c0084,40.7123212,-73.8123064,Residential,28,0.0,0.0,3.0,1947.0,220239.0,45,1.8703,0.0,0.0,0.0
r0121_c0085,40.7123212,-73.8105235,Residential,39,44.44,0.0,2.0,1950.0,69722.0,62,0.3804,0.0,0.0,0.0
r0121_c0086,40.7123212,-73.8087406,Residential,33,0.0,0.0,2.5,1933.0,83333.0,58,0.8524,0.0,0.0,0.0
r0121_c0087,40.7123212,-73.8069576,Residential,35,133.33,0.3333,2.4,1939.0,89894.0,57,1.1666,0.0,0.0,0.0
r0121_c0088,40.7123212,-73.8051747,Residential,49,0.0,0.0,2.3,1937.0,95504.0,89,-0.0,0.0,0.0,0.0
r0121_c0089,40.7123212,-73.8033918,Residential,39,133.33,0.0,2.4,1936.0,83990.0,70,0.3343,0.0,0.0,0.0
r0121_c0090,40.7123212,-73.8016089,Residential,43,133.33,0.3333,2.4,1930.0,80824.0,55,1.433,0.0,44.44,0.0
r0121_c0091,40.7123212,-73.799826,Residential,21,88.89,0.0,2.6,1941.0,65862.0,27,0.6318,44.44,0.0,0.0
r0121_c0092,40.7123212,-73.7980431,Open Space,15,44.44,0.0,3.0,1944.0,233654.0,20,1.1703,0.0,0.0,0.0
r0121_c0093,40.7123212,-73.7962602,Residential,42,133.33,0.0,2.6,1964.0,125729.0,63,1.6708,0.0,0.0,0.0
r0121_c0094,40.7123212,-73.7944773,Residential,42,0.0,0.0,2.5,1942.0,110666.0,66,1.0306,0.0,0.0,0.0
r0121_c0095,40.7123212,-73.7926944,Residential,29,222.22,0.0,3.0,1947.0,120893.0,39,2.2309,0.0,0.0,0.0
r0121_c0096,40.7123212,-73.7909114,Residential,34,1644.44,0.0,2.7,1987.0,233534.0,41,2.0741,0.0,44.44,0.0
r0121_c0097,40.7123212,-73.7891285,Residential,10,2044.44,0.087,3.8,1960.0,306893.0,9,2.0444,88.89,311.11,0.0
r0121_c0098,40.7123212,-73.7873456,Residential,6,800.0,0.1111,6.6,1978.0,465670.0,6,1.2001,44.44,133.33,0.3333
r0121_c0099,40.7123212,-73.7855627,Mixed-Use,10,1777.78,0.1,5.1,1980.0,487926.0,10,1.1556,0.0,266.67,0.1667
r0121_c0100,40.7123212,-73.7837798,Residential,25,1244.44,0.2143,2.5,1934.0,130939.0,35,2.1292,0.0,533.33,0.0
r0121_c0101,40.7123212,-73.7819969,Residential,60,933.33,0.1429,2.2,1935.0,126217.0,109,1.1121,0.0,444.44,0.0
r0121_c0102,40.7123212,-73.780214,Institutional,32,44.44,0.0,2.3,1925.0,294878.0,47,1.5489,0.0,0.0,0.0
r0121_c0103,40.7123212,-73.7784311,Residential,59,177.78,0.0,2.3,1925.0,93857.0,110,0.4682,0.0,0.0,0.0
r0121_c0104,40.7123212,-73.7766481,Residential,62,44.44,0.0,2.5,1925.0,88489.0,117,-0.0,0.0,0.0,0.0
r0121_c0105,40.7123212,-73.7748652,Residential,65,44.44,0.0,2.4,1923.0,93263.0,119,-0.0,0.0,0.0,0.0
r0121_c0106,40.7123212,-73.7730823,Residential,52,44.44,0.0,2.4,1932.0,87464.0,92,0.4237,0.0,0.0,0.0
r0121_c0107,40.7123212,-73.7712994,Residential,30,88.89,0.0,2.4,1919.0,85244.0,50,1.1097,44.44,0.0,0.0
r0121_c0108,40.7123212,-73.7695165,Residential,49,533.33,0.0833,2.2,1933.0,140799.0,61,2.2225,0.0,177.78,0.0
r0121_c0109,40.7123212,-73.7677336,Residential,28,266.67,0.1667,2.3,1945.0,95792.0,34,2.0363,0.0,44.44,0.0
r0121_c0110,40.7123212,-73.7659507,Residential,22,0.0,0.0,2.9,1949.0,339623.0,32,1.828,0.0,0.0,0.0
r0121_c0111,40.7123212,-73.7641678,Residential,32,44.44,0.0,2.7,1968.0,183054.0,37,1.7747,0.0,0.0,0.0
r0121_c0112,40.7123212,-73.7623848,Residential,37,133.33,0.0,2.6,1942.0,95696.0,50,1.1621,0.0,0.0,0.0
r0121_c0113,40.7123212,-73.7606019,Residential,40,133.33,0.0,2.3,1928.0,60801.0,67,0.5162,0.0,0.0,0.0
r0121_c0114,40.7123212,-73.758819,Residential,24,88.89,0.0,2.1,1938.0,33240.0,28,0.6036,0.0,0.0,0.0
r0121_c0115,40.7123212,-73.7570361,Open Space,23,133.33,0.0,1.8,1945.0,28163.0,34,0.7378,0.0,0.0,0.0
r0121_c0116,40.7123212,-73.7552532,Residential,33,44.44,0.0,1.8,1953.0,47716.0,56,1.0574,0.0,0.0,0.0
r0121_c0117,40.7123212,-73.7534703,Residential,35,133.33,0.0,1.9,1947.0,66480.0,47,0.9129,0.0,0.0,0.0
r0121_c0118,40.7123212,-73.7516874,Residential,37,44.44,0.0,2.5,1926.0,61391.0,69,0.039,0.0,0.0,0.0
r0121_c0119,40.7123212,-73.7499045,Residential,40,133.33,0.0,2.3,1928.0,59424.0,68,0.2724,0.0,0.0,0.0
r0121_c0120,40.7123212,-73.7481216,Residential,42,88.89,0.0,2.4,1932.0,68713.0,80,0.1523,0.0,0.0,0.0
r0121_c0121,40.7123212,-73.7463386,Residential,41,88.89,0.0,2.0,1928.0,64792.0,72,-0.0,0.0,0.0,0.0
r0121_c0122,40.7123212,-73.7445557,Residential,39,44.44,0.0,2.1,1934.0,62109.0,57,0.2958,0.0,0.0,0.0
r0121_c0123,40.7123212,-73.7427728,Residential,54,133.33,0.0,2.2,1929.0,66598.0,95,-0.0,0.0,0.0,0.0
r0121_c0124,40.7123212,-73.7409899,Residential,41,177.78,0.0,2.2,1939.0,61240.0,62,0.2541,0.0,0.0,0.0
r0121_c0125,40.7123212,-73.739207,Residential,32,177.78,0.0,2.2,1944.0,97563.0,45,1.6744,0.0,0.0,0.0
r0121_c0126,40.7123212,-73.7374241,Residential,44,88.89,0.0,2.1,1940.0,73164.0,73,0.3528,0.0,0.0,0.0
r0121_c0127,40.7123212,-73.7356412,Residential,49,311.11,0.1429,2.0,1943.0,82201.0,66,1.5179,0.0,88.89,0.0
r0121_c0128,40.7123212,-73.7338583,Residential,57,577.78,0.1538,2.1,1937.0,103387.0,71,1.592,0.0,311.11,0.0
r0121_c0129,40.7123212,-73.7320753,Residential,34,177.78,0.0,1.9,1956.0,98240.0,42,1.8396,0.0,44.44,0.0
r0121_c0130,40.7123212,-73.7302924,Residential,22,222.22,0.0,2.1,1937.0,35809.0,34,1.4037,0.0,44.44,0.0
r0122_c0022,40.7136726,-73.9228469,Industrial,5,666.67,0.0,1.0,1936.0,33625.0,4,0.9713,0.0,266.67,0.0
r0122_c0023,40.7136726,-73.921064,Industrial,5,222.22,0.2,1.8,1970.0,136952.0,7,0.0908,0.0,0.0,0.0
r0122_c0024,40.7136726,-73.9192811,Industrial,5,88.89,0.0,1.8,1925.0,188582.0,5,0.2178,0.0,88.89,0.0
r0122_c0025,40.7136726,-73.9174982,Industrial,3,133.33,0.0,1.0,1944.0,58148.0,4,0.7433,0.0,88.89,0.0
r0122_c0026,40.7136726,-73.9157153,Commercial,6,311.11,0.1429,2.0,1939.0,107146.0,7,1.0324,0.0,44.44,0.0
r0122_c0027,40.7136726,-73.9139324,Residential,23,222.22,0.4,2.1,1926.0,133699.0,32,2.1138,0.0,0.0,0.0
r0122_c0028,40.7136726,-73.9121495,Residential,43,177.78,0.25,2.0,1926.0,161572.0,50,2.2106,0.0,133.33,0.0
r0122_c0029,40.7136726,-73.9103665,Residential,58,222.22,0.8,1.9,1921.0,134113.0,65,2.0281,0.0,44.44,0.0
r0122_c0030,40.7136726,-73.9085836,Residential,74,444.44,0.2,2.1,1926.0,152415.0,89,1.3706,0.0,222.22,0.0
r0122_c0031,40.7136726,-73.9068007,Residential,75,622.22,0.1429,2.2,1933.0,158893.0,95,1.3024,0.0,222.22,0.0
r0122_c0032,40.7136726,-73.9050178,Mixed-Use,57,488.89,0.0,2.0,1934.0,114890.0,66,2.2868,0.0,133.33,0.0
r0122_c0033,40.7136726,-73.9032349,Commercial,23,177.78,0.0,1.6,1932.0,89625.0,29,2.0623,0.0,88.89,1.0
r0122_c0034,40.7136726,-73.901452,Mixed-Use,14,755.56,0.2941,1.4,1937.0,42101.0,13,2.2212,0.0,266.67,0.3333
r0122_c0035,40.7136726,-73.8996691,Residential,70,577.78,0.0769,2.0,1932.0,131511.0,94,1.3877,0.0,44.44,0.0
r0122_c0036,40.7136726,-73.8978862,Residential,62,88.89,0.0,2.2,1937.0,129230.0,80,1.6335,0.0,0.0,0.0
r0122_c0037,40.7136726,-73.8961033,Residential,47,266.67,0.0,2.0,1949.0,110755.0,58,1.381,0.0,0.0,0.0
r0122_c0042,40.7136726,-73.8871887,Residential,28,88.89,0.0,2.5,1963.0,109576.0,34,1.5862,0.0,0.0,0.0
r0122_c0043,40.7136726,-73.8854058,Residential,67,311.11,0.0,2.0,1946.0,145903.0,78,0.795,0.0,0.0,0.0
r0122_c0044,40.7136726,-73.8836229,Residential,59,266.67,0.0,2.2,1942.0,131840.0,80,0.8092,0.0,0.0,0.0
r0122_c0045,40.7136726,-73.88184,Residential,56,355.56,0.0,2.0,1927.0,100214.0,93,0.1627,0.0,0.0,0.0
r0122_c0046,40.7136726,-73.880057,Residential,62,355.56,0.0,2.0,1950.0,138883.0,81,0.6916,0.0,0.0,0.0
r0122_c0047,40.7136726,-73.8782741,Residential,70,577.78,0.1538,2.0,1929.0,148674.0,95,1.1679,0.0,133.33,0.3333
r0122_c0048,40.7136726,-73.8764912,Residential,43,1155.56,0.1154,2.1,1935.0,131102.0,58,2.0955,0.0,222.22,0.2
r0122_c0049,40.7136726,-73.8747083,Residential,39,1200.0,0.1481,2.2,1952.0,135846.0,49,1.6947,0.0,355.56,0.125
r0122_c0050,40.7136726,-73.8729254,Residential,38,1333.33,0.0333,2.5,1957.0,185228.0,49,2.3301,0.0,133.33,0.3333
r0122_c0058,40.7136726,-73.8586621,Residential,52,88.89,0.0,1.9,1936.0,80985.0,90,0.7884,0.0,0.0,0.0
r0122_c0059,40.7136726,-73.8568792,Residential,30,311.11,0.0,2.3,1936.0,160437.0,56,0.9883,0.0,0.0,0.0
r0122_c0060,40.7136726,-73.8550963,Residential,74,44.44,0.0,2.2,1921.0,101002.0,139,-0.0,0.0,0.0,0.0
r0122_c0061,40.7136726,-73.8533134,Residential,68,133.33,0.0,2.2,1928.0,100024.0,119,0.1771,0.0,0.0,0.0
r0122_c0062,40.7136726,-73.8515304,Residential,45,222.22,0.0,2.1,1932.0,87191.0,69,0.6178,0.0,0.0,0.0
r0122_c0063,40.7136726,-73.8497475,Residential,37,88.89,0.0,2.2,1937.0,111285.0,62,0.803,0.0,0.0,0.0
r0122_c0064,40.7136726,-73.8479646,Residential,43,0.0,0.0,2.6,1927.0,97985.0,83,-0.0,0.0,0.0,0.0
r0122_c0065,40.7136726,-73.8461817,Residential,37,0.0,0.0,2.4,1930.0,84696.0,68,-0.0,0.0,0.0,0.0
r0122_c0066,40.7136726,-73.8443988,Residential,27,177.78,0.0,2.4,1935.0,77370.0,45,0.4527,0.0,0.0,0.0
r0122_c0067,40.7136726,-73.8426159,Residential,36,0.0,0.0,2.6,1934.0,92292.0,53,0.6048,0.0,0.0,0.0
r0122_c0068,40.7136726,-73.840833,Residential,39,0.0,0.0,2.5,1932.0,93351.0,53,0.5441,0.0,0.0,0.0
r0122_c0069,40.7136726,-73.8390501,Residential,20,0.0,0.0,2.5,1929.0,77397.0,21,0.0297,0.0,0.0,0.0
r0122_c0070,40.7136726,-73.8372672,Residential,37,44.44,0.0,2.5,1925.0,106947.0,38,0.0439,0.0,0.0,0.0
r0122_c0071,40.7136726,-73.8354842,Residential,36,0.0,0.0,3.4,1932.0,405569.0,33,1.0536,0.0,0.0,0.0
r0122_c0072,40.7136726,-73.8337013,Residential,13,88.89,0.0,3.2,1923.0,327056.0,21,1.5522,0.0,0.0,0.0
r0122_c0073,40.7136726,-73.8319184,Residential,10,266.67,0.0,4.6,1935.0,816045.0,12,2.1752,0.0,0.0,0.0
r0122_c0074,40.7136726,-73.8301355,Mixed-Use,7,888.89,0.2,4.0,1953.0,142258.0,9,1.8138,44.44,177.78,0.0
r0122_c0075,40.7136726,-73.8283526,Commercial,3,800.0,0.0556,4.0,1957.0,338806.0,3,-0.0,0.0,0.0,0.0
r0122_c0078,40.7136726,-73.8230039,Residential,7,177.78,0.0,4.7,1977.0,234555.0,7,0.8131,0.0,0.0,0.0
r0122_c0079,40.7136726,-73.8212209,Residential,20,400.0,0.0,4.0,1951.0,390663.0,15,0.8336,0.0,0.0,0.0
r0122_c0080,40.7136726,-73.819438,Residential,29,133.33,0.0,2.3,1923.0,372204.0,31,1.3291,0.0,0.0,0.0
r0122_c0081,40.7136726,-73.8176551,Residential,24,0.0,0.0,2.4,1927.0,50040.0,28,0.4557,0.0,0.0,0.0
r0122_c0082,40.7136726,-73.8158722,Residential,15,88.89,0.0,4.1,1978.0,403731.0,19,1.0343,0.0,0.0,0.0
r0122_c0083,40.7136726,-73.8140893,Residential,36,44.44,0.0,2.5,1971.0,242862.0,44,1.5503,0.0,0.0,0.0
r0122_c0084,40.7136726,-73.8123064,Residential,38,177.78,0.0,2.0,1942.0,64123.0,64,-0.0,0.0,0.0,0.0
r0122_c0085,40.7136726,-73.8105235,Residential,54,88.89,0.0,2.2,1942.0,86386.0,99,-0.0,0.0,0.0,0.0
r0122_c0086,40.7136726,-73.8087406,Residential,40,44.44,0.0,2.3,1937.0,64499.0,67,0.5657,0.0,0.0,0.0
r0122_c0087,40.7136726,-73.8069576,Residential,36,355.56,0.0,2.3,1931.0,158234.0,49,2.3912,0.0,88.89,0.5
r0122_c0088,40.7136726,-73.8051747,Residential,57,44.44,0.0,2.2,1930.0,90754.0,97,0.0353,0.0,0.0,0.0
r0122_c0089,40.7136726,-73.8033918,Residential,55,88.89,0.5,2.2,1935.0,107009.0,95,0.6841,0.0,0.0,0.0
r0122_c0090,40.7136726,-73.8016089,Residential,35,0.0,0.0,2.4,1930.0,76157.0,64,-0.0,0.0,0.0,0.0
r0122_c0091,40.7136726,-73.799826,Residential,32,44.44,0.0,2.5,1924.0,68481.0,58,-0.0,0.0,0.0,0.0
r0122_c0093,40.7136726,-73.7962602,Residential,30,44.44,0.0,2.6,1938.0,79057.0,49,1.1947,0.0,0.0,0.0
r0122_c0094,40.7136726,-73.7944773,Residential,43,44.44,0.0,2.6,1945.0,107652.0,72,0.7705,0.0,0.0,0.0
r0122_c0095,40.7136726,-73.7926944,Residential,31,44.44,0.0,2.9,1953.0,138768.0,47,1.455,0.0,0.0,0.0
r0122_c0096,40.7136726,-73.7909114,Residential,36,0.0,0.0,2.8,1979.0,238819.0,55,2.0345,0.0,0.0,0.0
r0122_c0097,40.7136726,-73.7891285,Residential,15,0.0,0.0,2.6,1963.0,124017.0,31,1.733,0.0,0.0,0.0
r0122_c0098,40.7136726,-73.7873456,Institutional,6,88.89,0.0,3.6,1940.0,217749.0,16,1.6738,0.0,0.0,0.0
r0122_c0100,40.7136726,-73.7837798,Residential,20,177.78,0.0,2.8,1971.0,150575.0,24,2.2905,0.0,133.33,0.0
r0122_c0101,40.7136726,-73.7819969,Commercial,11,666.67,0.2,3.2,1973.0,193515.0,12,1.9125,0.0,133.33,0.3333
r0122_c0102,40.7136726,-73.780214,Institutional,8,844.44,0.1579,4.0,1949.0,141411.0,8,1.782,44.44,222.22,0.0
r0122_c0103,40.7136726,-73.7784311,Residential,33,1066.67,0.125,2.5,1938.0,255411.0,51,1.8705,0.0,311.11,0.1429
r0122_c0104,40.7136726,-73.7766481,Residential,61,711.11,0.1875,2.4,1924.0,129658.0,104,0.9724,0.0,222.22,0.0
r0122_c0105,40.7136726,-73.7748652,Residential,67,0.0,0.0,2.5,1924.0,102744.0,128,0.0673,0.0,0.0,0.0
r0122_c0106,40.7136726,-73.7730823,Residential,39,44.44,0.0,2.4,1924.0,66458.0,73,-0.0,0.0,0.0,0.0
r0122_c0107,40.7136726,-73.7712994,Residential,34,88.89,0.0,2.4,1931.0,77022.0,58,0.2631,0.0,0.0,0.0
r0122_c0108,40.7136726,-73.7695165,Institutional,17,133.33,0.0,2.4,1926.0,176188.0,33,0.9973,0.0,0.0,0.0
r0122_c0109,40.7136726,-73.7677336,Residential,27,88.89,0.0,2.0,1957.0,59915.0,37,0.9885,0.0,0.0,0.0
r0122_c0110,40.7136726,-73.7659507,Residential,19,133.33,0.0,1.8,1940.0,53790.0,27,1.1703,0.0,133.33,0.3333
r0122_c0111,40.7136726,-73.7641678,Residential,37,311.11,0.1429,2.3,1932.0,144931.0,59,2.052,0.0,177.78,0.0
r0122_c0112,40.7136726,-73.7623848,Residential,39,444.44,0.2,2.0,1933.0,95338.0,54,2.5762,0.0,88.89,0.0
r0122_c0113,40.7136726,-73.7606019,Mixed-Use,31,266.67,0.1667,1.9,1949.0,92159.0,36,2.5455,44.44,133.33,0.0
r0122_c0114,40.7136726,-73.758819,Residential,28,133.33,0.0,2.2,1937.0,60639.0,39,1.8429,0.0,88.89,0.5
r0122_c0115,40.7136726,-73.7570361,Residential,30,222.22,0.0,2.3,1926.0,112796.0,46,1.3727,0.0,0.0,0.0
r0122_c0116,40.7136726,-73.7552532,Mixed-Use,38,266.67,0.1667,2.0,1932.0,133524.0,48,2.1476,0.0,88.89,0.0
r0122_c0117,40.7136726,-73.7534703,Mixed-Use,20,577.78,0.1538,1.7,1940.0,59031.0,22,2.0806,0.0,133.33,0.3333
r0122_c0118,40.7136726,-73.7516874,Mixed-Use,19,222.22,0.0,2.2,1930.0,62359.0,28,1.4739,0.0,44.44,1.0
r0122_c0119,40.7136726,-73.7499045,Residential,27,88.89,0.0,2.0,1941.0,46022.0,40,0.8782,0.0,0.0,0.0
r0122_c0120,40.7136726,-73.7481216,Residential,49,0.0,0.0,2.1,1931.0,86403.0,70,0.1901,0.0,0.0,0.0
r0122_c0121,40.7136726,-73.7463386,Residential,39,88.89,0.0,2.0,1937.0,98665.0,60,1.2731,0.0,0.0,0.0
r0122_c0122,40.7136726,-73.7445557,Residential,45,133.33,0.0,2.1,1946.0,70224.0,68,1.0275,0.0,0.0,0.0
r0122_c0123,40.7136726,-73.7427728,Residential,47,88.89,0.0,2.3,1941.0,64038.0,76,1.0111,0.0,0.0,0.0
r0122_c0124,40.7136726,-73.7409899,Residential,41,0.0,0.0,2.1,1950.0,67535.0,60,0.3572,0.0,0.0,0.0
r0122_c0125,40.7136726,-73.739207,Residential,44,266.67,0.0,2.1,1945.0,78767.0,56,1.6652,0.0,0.0,0.0
r0122_c0126,40.7136726,-73.7374241,Mixed-Use,36,355.56,0.125,2.1,1946.0,100691.0,46,1.8169,0.0,88.89,0.0
r0122_c0127,40.7136726,-73.7356412,Mixed-Use,32,1200.0,0.2593,2.0,1939.0,88307.0,35,2.3683,0.0,222.22,0.6
r0122_c0128,40.7136726,-73.7338583,Residential,46,44.44,0.0,2.2,1925.0,94757.0,77,0.8451,0.0,0.0,0.0
r0122_c0129,40.7136726,-73.7320753,Residential,42,88.89,0.0,2.3,1928.0,68652.0,74,0.3103,0.0,0.0,0.0
r0122_c0130,40.7136726,-73.7302924,Residential,32,266.67,0.0,2.3,1936.0,55048.0,57,-0.0,0.0,0.0,0.0
r0123_c0025,40.7150239,-73.9174982,Industrial,3,0.0,0.0,2.0,1940.0,152035.0,4,0.782,0.0,0.0,0.0
r0123_c0026,40.7150239,-73.9157153,Industrial,4,0.0,0.0,2.0,1942.0,311000.0,4,0.7057,0.0,0.0,0.0
r0123_c0027,40.7150239,-73.9139324,Industrial,11,311.11,0.2857,2.0,1928.0,143409.0,12,0.7549,0.0,88.89,0.0
r0123_c0028,40.7150239,-73.9121495,Residential,65,177.78,0.5,2.1,1924.0,167368.0,70,2.182,0.0,88.89,0.0
r0123_c0029,40.7150239,-73.9103665,Residential,67,133.33,0.0,2.0,1924.0,156850.0,82,1.5029,0.0,0.0,0.0
r0123_c0030,40.7150239,-73.9085836,Mixed-Use,36,222.22,0.0,1.8,1924.0,83711.0,49,1.5899,0.0,0.0,0.0
r0123_c0031,40.7150239,-73.9068007,Mixed-Use,16,44.44,0.0,1.5,1939.0,30434.0,14,2.1428,0.0,0.0,0.0
r0123_c0032,40.7150239,-73.9050178,Residential,55,0.0,0.0,2.0,1961.0,145215.0,68,1.345,0.0,0.0,0.0
r0123_c0033,40.7150239,-73.9032349,Residential,79,177.78,0.0,2.0,1945.0,144575.0,116,0.4342,0.0,0.0,0.0
r0123_c0034,40.7150239,-73.901452,Residential,58,800.0,0.1111,2.1,1926.0,123873.0,89,1.3387,0.0,400.0,0.0
r0123_c0035,40.7150239,-73.8996691,Residential,74,88.89,0.0,2.0,1931.0,139712.0,97,0.7191,0.0,0.0,0.0
r0123_c0036,40.7150239,-73.8978862,Residential,82,0.0,0.0,1.9,1956.0,127151.0,96,0.8434,0.0,0.0,0.0
r0123_c0037,40.7150239,-73.8961033,Open Space,11,0.0,0.0,2.0,1961.0,49913.0,12,1.3932,0.0,0.0,0.0
r0123_c0042,40.7150239,-73.8871887,Residential,10,44.44,0.0,2.4,1952.0,39060.0,12,2.1668,0.0,0.0,0.0
r0123_c0043,40.7150239,-73.8854058,Residential,55,444.44,0.0,1.9,1941.0,171956.0,61,1.354,0.0,0.0,0.0
r0123_c0044,40.7150239,-73.8836229,Residential,64,177.78,0.0,2.0,1927.0,130234.0,95,0.6177,0.0,0.0,0.0
r0123_c0045,40.7150239,-73.88184,Residential,72,444.44,0.0,1.6,1931.0,104979.0,100,0.3584,0.0,0.0,0.0
r0123_c0046,40.7150239,-73.880057,Residential,67,266.67,0.0,2.0,1934.0,122834.0,89,0.5836,0.0,0.0,0.0
r0123_c0047,40.7150239,-73.8782741,Residential,66,266.67,0.0,1.9,1941.0,100543.0,99,0.3362,0.0,0.0,0.0
r0123_c0048,40.7150239,-73.8764912,Residential,68,222.22,0.0,2.3,1928.0,101066.0,119,-0.0,0.0,0.0,0.0
r0123_c0049,40.7150239,-73.8747083,Residential,53,177.78,0.0,2.2,1936.0,102556.0,74,0.1699,0.0,0.0,0.0
r0123_c0050,40.7150239,-73.8729254,Residential,41,177.78,0.0,2.2,1939.0,154869.0,63,1.5872,0.0,44.44,0.0
r0123_c0057,40.7150239,-73.860445,Residential,6,88.89,0.0,2.8,1953.0,124208.0,10,1.5794,44.44,0.0,0.0
r0123_c0058,40.7150239,-73.8586621,Residential,23,133.33,0.0,2.7,1947.0,176908.0,41,1.836,0.0,0.0,0.0
r0123_c0059,40.7150239,-73.8568792,Residential,56,88.89,0.0,1.9,1940.0,88827.0,101,0.9916,0.0,0.0,0.0
r0123_c0060,40.7150239,-73.8550963,Residential,74,0.0,0.0,2.2,1925.0,106957.0,128,-0.0,0.0,0.0,0.0
r0123_c0061,40.7150239,-73.8533134,Residential,45,133.33,0.0,2.2,1930.0,82536.0,60,0.8711,0.0,0.0,0.0
r0123_c0062,40.7150239,-73.8515304,Residential,26,177.78,0.0,2.3,1938.0,159517.0,43,0.9874,0.0,0.0,0.0
r0123_c0063,40.7150239,-73.8497475,Residential,41,44.44,0.0,2.3,1934.0,79047.0,72,-0.0,0.0,0.0,0.0
r0123_c0064,40.7150239,-73.8479646,Residential,34,0.0,0.0,2.4,1929.0,83213.0,54,-0.0,0.0,0.0,0.0
r0123_c0065,40.7150239,-73.8461817,Residential,34,44.44,0.0,2.5,1927.0,96545.0,59,0.2038,0.0,0.0,0.0
r0123_c0066,40.7150239,-73.8443988,Residential,20,0.0,0.0,2.6,1934.0,80878.0,27,0.2059,0.0,0.0,0.0
r0123_c0067,40.7150239,-73.8426159,Residential,33,355.56,0.0,2.7,1935.0,130407.0,41,1.1359,0.0,0.0,0.0
r0123_c0068,40.7150239,-73.840833,Residential,32,44.44,0.0,2.6,1934.0,102679.0,49,-0.0,0.0,0.0,0.0
r0123_c0069,40.7150239,-73.8390501,Residential,35,0.0,0.0,2.6,1925.0,82078.0,41,0.2932,0.0,0.0,0.0
r0123_c0070,40.7150239,-73.8372672,Mixed-Use,43,622.22,0.0,2.9,1932.0,85026.0,45,1.6415,0.0,0.0,0.0
r0123_c0071,40.7150239,-73.8354842,Residential,29,133.33,0.0,2.7,1937.0,194436.0,52,1.3598,0.0,0.0,0.0
r0123_c0072,40.7150239,-73.8337013,Residential,24,533.33,0.3333,2.3,1931.0,105437.0,42,0.9799,0.0,133.33,0.6667
r0123_c0073,40.7150239,-73.8319184,Commercial,8,1644.44,0.2432,3.0,1934.0,130460.0,8,0.6953,44.44,533.33,0.3333
r0123_c0074,40.7150239,-73.8301355,Commercial,5,88.89,0.0,11.0,1962.0,631429.0,2,1.5187,0.0,0.0,0.0
r0123_c0078,40.7150239,-73.8230039,Residential,37,133.33,0.0,3.1,1968.0,465027.0,37,1.3803,0.0,0.0,0.0
r0123_c0079,40.7150239,-73.8212209,Residential,51,44.44,0.0,2.9,1968.0,211622.0,55,1.3772,0.0,0.0,0.0
r0123_c0080,40.7150239,-73.819438,Residential,33,133.33,0.0,1.8,1943.0,59446.0,35,-0.0,0.0,0.0,0.0
r0123_c0081,40.7150239,-73.8176551,Residential,38,0.0,0.0,1.9,1940.0,67395.0,49,0.5253,0.0,0.0,0.0
r0123_c0082,40.7150239,-73.8158722,Residential,26,133.33,0.0,2.1,1944.0,48255.0,30,0.0926,0.0,0.0,0.0
r0123_c0083,40.7150239,-73.8140893,Residential,45,400.0,0.0,2.0,1942.0,74753.0,70,0.2388,0.0,0.0,0.0
r0123_c0084,40.7150239,-73.8123064,Residential,64,0.0,0.0,2.0,1938.0,97029.0,91,0.3512,0.0,0.0,0.0
r0123_c0085,40.7150239,-73.8105235,Residential,82,133.33,0.0,2.1,1935.0,106989.0,129,-0.0,0.0,0.0,0.0
r0123_c0086,40.7150239,-73.8087406,Residential,86,88.89,0.0,2.0,1928.0,126223.0,125,0.786,0.0,0.0,0.0
r0123_c0087,40.7150239,-73.8069576,Residential,52,222.22,0.6,2.3,1946.0,128522.0,72,1.5341,0.0,0.0,0.0
r0123_c0088,40.7150239,-73.8051747,Residential,78,44.44,0.0,2.3,1934.0,124867.0,130,-0.0,0.0,0.0,0.0
r0123_c0089,40.7150239,-73.8033918,Residential,61,88.89,0.0,2.1,1933.0,91520.0,104,0.7029,0.0,88.89,0.0
r0123_c0090,40.7150239,-73.8016089,Institutional,12,133.33,0.0,3.2,1942.0,229224.0,19,1.2205,0.0,0.0,0.0
r0123_c0091,40.7150239,-73.799826,Residential,16,88.89,0.0,2.9,1953.0,48551.0,19,0.8782,0.0,0.0,0.0
r0123_c0093,40.7150239,-73.7962602,Residential,25,177.78,0.0,2.8,1948.0,273034.0,41,1.2095,0.0,0.0,0.0
r0123_c0094,40.7150239,-73.7944773,Residential,40,44.44,0.0,2.3,1942.0,88717.0,67,0.3612,0.0,0.0,0.0
r0123_c0095,40.7150239,-73.7926944,Residential,33,44.44,0.0,2.3,1927.0,58962.0,63,0.4056,0.0,0.0,0.0
r0123_c0096,40.7150239,-73.7909114,Residential,25,0.0,0.0,2.2,1931.0,54911.0,45,-0.0,0.0,0.0,0.0
r0123_c0097,40.7150239,-73.7891285,Residential,23,88.89,0.0,2.5,1934.0,144401.0,41,1.001,0.0,0.0,0.0
r0123_c0098,40.7150239,-73.7873456,Residential,19,44.44,0.0,2.2,1944.0,55315.0,25,0.4144,0.0,0.0,0.0
r0123_c0099,40.7150239,-73.7855627,Institutional,10,222.22,0.0,2.6,1929.0,234182.0,16,0.7829,133.33,0.0,0.0
r0123_c0100,40.7150239,-73.7837798,Institutional,15,44.44,0.0,2.4,1967.0,73849.0,17,0.9858,0.0,0.0,0.0
r0123_c0101,40.7150239,-73.7819969,Residential,20,1111.11,0.0,2.4,1952.0,164451.0,23,1.2663,0.0,0.0,0.0
r0123_c0102,40.7150239,-73.780214,Residential,17,44.44,0.0,2.6,1950.0,298987.0,23,1.1401,0.0,0.0,0.0
r0123_c0103,40.7150239,-73.7784311,Residential,27,44.44,0.0,2.2,1947.0,75890.0,43,1.175,0.0,0.0,0.0
r0123_c0104,40.7150239,-73.7766481,Residential,25,88.89,0.0,2.5,1938.0,193714.0,40,1.4799,0.0,44.44,0.0
r0123_c0105,40.7150239,-73.7748652,Residential,38,755.56,0.2353,2.5,1937.0,165402.0,59,2.1584,0.0,177.78,0.0
r0123_c0106,40.7150239,-73.7730823,Residential,31,400.0,0.2222,2.4,1939.0,177013.0,48,1.7117,0.0,177.78,0.0
r0123_c0107,40.7150239,-73.7712994,Residential,33,44.44,0.0,2.3,1937.0,92400.0,62,0.7101,0.0,44.44,0.0
r0123_c0108,40.7150239,-73.7695165,Residential,26,44.44,0.0,2.4,1934.0,66358.0,49,0.8516,0.0,0.0,0.0
r0123_c0109,40.7150239,-73.7677336,Residential,19,0.0,0.0,2.5,1940.0,98343.0,36,0.7088,0.0,0.0,0.0
r0123_c0110,40.7150239,-73.7659507,Residential,30,0.0,0.0,2.3,1937.0,62662.0,52,0.0296,0.0,0.0,0.0
r0123_c0111,40.7150239,-73.7641678,Residential,32,44.44,0.0,2.4,1926.0,64808.0,54,0.7477,0.0,0.0,0.0
r0123_c0112,40.7150239,-73.7623848,Residential,50,88.89,0.0,2.3,1934.0,99783.0,78,1.0445,0.0,0.0,0.0
r0123_c0113,40.7150239,-73.7606019,Residential,65,88.89,0.0,2.1,1928.0,102138.0,108,0.5391,0.0,0.0,0.0
r0123_c0114,40.7150239,-73.758819,Residential,62,0.0,0.0,2.2,1922.0,98349.0,110,0.1015,0.0,0.0,0.0
r0123_c0115,40.7150239,-73.7570361,Residential,64,88.89,0.0,2.4,1924.0,98233.0,116,0.1049,0.0,0.0,0.0
r0123_c0116,40.7150239,-73.7552532,Residential,55,0.0,0.0,2.2,1930.0,71361.0,107,-0.0,0.0,0.0,0.0
r0123_c0117,40.7150239,-73.7534703,Residential,58,133.33,0.0,2.1,1927.0,95904.0,106,0.6742,0.0,0.0,0.0
r0123_c0118,40.7150239,-73.7516874,Residential,48,533.33,0.1667,2.1,1928.0,114632.0,80,1.2598,0.0,133.33,0.0
r0123_c0119,40.7150239,-73.7499045,Mixed-Use,24,355.56,0.125,1.7,1940.0,82920.0,30,2.3072,0.0,222.22,0.2
r0123_c0120,40.7150239,-73.7481216,Mixed-Use,25,355.56,0.375,1.7,1936.0,72593.0,30,2.1083,0.0,133.33,0.3333
r0123_c0121,40.7150239,-73.7463386,Mixed-Use,18,355.56,0.0,1.8,1935.0,127097.0,20,1.7065,0.0,133.33,0.0
r0123_c0122,40.7150239,-73.7445557,Industrial,8,88.89,0.5,1.1,1933.0,47944.0,8,1.5565,0.0,88.89,0.0
r0123_c0123,40.7150239,-73.7427728,Mixed-Use,24,355.56,0.0,1.8,1948.0,71962.0,29,2.1434,0.0,177.78,0.0
r0123_c0124,40.7150239,-73.7409899,Residential,51,44.44,0.0,2.6,1950.0,95416.0,62,0.9205,0.0,0.0,0.0
r0123_c0125,40.7150239,-73.739207,Residential,49,133.33,0.0,2.5,1942.0,75517.0,73,1.294,44.44,0.0,0.0
r0123_c0126,40.7150239,-73.7374241,Residential,55,88.89,0.0,2.3,1933.0,89069.0,86,0.5391,0.0,0.0,0.0
r0123_c0127,40.7150239,-73.7356412,Residential,36,222.22,0.0,1.9,1949.0,75843.0,46,0.9752,0.0,0.0,0.0
r0123_c0128,40.7150239,-73.7338583,Residential,37,88.89,0.0,2.2,1925.0,63744.0,57,0.3919,0.0,0.0,0.0
r0123_c0129,40.7150239,-73.7320753,Residential,33,44.44,0.0,2.2,1934.0,61143.0,56,0.4877,0.0,0.0,0.0
r0123_c0130,40.7150239,-73.7302924,Residential,25,0.0,0.0,2.0,1939.0,38389.0,37,0.1141,0.0,0.0,0.0
r0124_c0023,40.7163753,-73.921064,Industrial,3,44.44,0.0,1.0,1950.0,77550.0,2,0.401,0.0,0.0,0.0
r0124_c0027,40.7163753,-73.9139324,Industrial,32,0.0,0.0,1.6,1938.0,127312.0,36,1.7981,0.0,0.0,0.0
r0124_c0028,40.7163753,-73.9121495,Industrial,28,44.44,0.0,1.5,1934.0,105531.0,25,2.21,0.0,0.0,0.0
r0124_c0029,40.7163753,-73.9103665,Mixed-Use,22,44.44,0.0,1.7,1944.0,38442.0,21,2.1889,0.0,0.0,0.0
r0124_c0030,40.7163753,-73.9085836,Industrial,18,88.89,0.0,1.9,1928.0,605328.0,25,0.8178,0.0,0.0,0.0
r0124_c0031,40.7163753,-73.9068007,Residential,57,133.33,0.0,2.3,1959.0,123001.0,70,1.0764,0.0,0.0,0.0
r0124_c0032,40.7163753,-73.9050178,Institutional,39,311.11,0.0,2.1,1949.0,202333.0,60,1.2186,0.0,0.0,0.0
r0124_c0033,40.7163753,-73.9032349,Residential,69,133.33,0.0,2.0,1925.0,122564.0,122,0.7217,0.0,0.0,0.0
r0124_c0034,40.7163753,-73.901452,Residential,60,400.0,0.3333,2.0,1926.0,171073.0,86,1.7443,0.0,133.33,0.0
r0124_c0035,40.7163753,-73.8996691,Residential,87,266.67,0.0,2.0,1924.0,150640.0,137,0.2627,0.0,0.0,0.0
r0124_c0036,40.7163753,-73.8978862,Residential,47,177.78,0.0,1.9,1942.0,82105.0,71,0.2532,0.0,0.0,0.0
r0124_c0039,40.7163753,-73.8925374,Open Space,17,133.33,0.0,2.0,1950.0,27785.0,18,0.1108,0.0,0.0,0.0
r0124_c0041,40.7163753,-73.8889716,Residential,11,88.89,0.0,1.5,1940.0,14974.0,13,-0.0,0.0,0.0,0.0
r0124_c0042,40.7163753,-73.8871887,Residential,34,0.0,0.0,2.3,1968.0,103242.0,35,2.0496,0.0,0.0,0.0
r0124_c0043,40.7163753,-73.8854058,Residential,72,133.33,0.0,1.8,1945.0,111931.0,90,0.8232,0.0,0.0,0.0
r0124_c0044,40.7163753,-73.8836229,Residential,80,177.78,0.0,2.0,1953.0,135761.0,87,0.2702,0.0,0.0,0.0
r0124_c0045,40.7163753,-73.88184,Residential,57,400.0,0.0,1.8,1946.0,96163.0,73,-0.0,0.0,0.0,0.0
r0124_c0046,40.7163753,-73.880057,Residential,64,311.11,0.0,1.5,1945.0,92647.0,77,0.2027,0.0,0.0,0.0
r0124_c0047,40.7163753,-73.8782741,Residential,76,266.67,0.0,2.2,1932.0,124477.0,119,0.3724,0.0,0.0,0.0
r0124_c0048,40.7163753,-73.8764912,Residential,103,88.89,0.0,2.0,1937.0,124917.0,179,-0.0,0.0,0.0,0.0
r0124_c0049,40.7163753,-73.8747083,Residential,51,177.78,0.0,2.0,1939.0,83383.0,80,0.3028,0.0,0.0,0.0
r0124_c0050,40.7163753,-73.8729254,Residential,52,666.67,0.0,1.9,1925.0,67272.0,82,0.2285,0.0,0.0,0.0
r0124_c0056,40.7163753,-73.8622279,Residential,6,44.44,0.0,2.0,1948.0,10958.0,6,0.5885,0.0,0.0,0.0
r0124_c0057,40.7163753,-73.860445,Residential,66,88.89,0.0,2.0,1933.0,116206.0,105,0.6259,0.0,0.0,0.0
r0124_c0058,40.7163753,-73.8586621,Residential,49,177.78,0.0,1.8,1943.0,91892.0,75,0.5603,44.44,0.0,0.0
r0124_c0059,40.7163753,-73.8568792,Residential,56,133.33,0.0,2.0,1943.0,145625.0,54,0.8751,0.0,0.0,0.0
r0124_c0060,40.7163753,-73.8550963,Residential,81,0.0,0.0,2.0,1936.0,129108.0,102,-0.0,0.0,0.0,0.0
r0124_c0061,40.7163753,-73.8533134,Residential,75,0.0,0.0,2.0,1941.0,172395.0,79,0.5195,0.0,0.0,0.0
r0124_c0062,40.7163753,-73.8515304,Residential,43,177.78,0.25,2.3,1941.0,89723.0,76,0.1586,0.0,0.0,0.0
r0124_c0063,40.7163753,-73.8497475,Residential,41,44.44,0.0,2.5,1929.0,93743.0,63,-0.0,0.0,0.0,0.0
r0124_c0064,40.7163753,-73.8479646,Residential,32,0.0,0.0,2.5,1926.0,87707.0,55,0.1587,0.0,0.0,0.0
r0124_c0065,40.7163753,-73.8461817,Residential,24,44.44,0.0,2.4,1913.0,63392.0,28,0.2608,0.0,0.0,0.0
r0124_c0066,40.7163753,-73.8443988,Residential,21,44.44,0.0,2.7,1917.0,199927.0,23,1.2929,0.0,0.0,0.0
r0124_c0067,40.7163753,-73.8426159,Residential,18,44.44,0.0,2.6,1929.0,50190.0,23,-0.0,0.0,0.0,0.0
r0124_c0068,40.7163753,-73.840833,Residential,28,88.89,0.0,2.8,1934.0,119142.0,33,1.4798,0.0,0.0,0.0
r0124_c0069,40.7163753,-73.8390501,Residential,46,88.89,0.0,2.9,1936.0,95970.0,45,0.3364,0.0,0.0,0.0
r0124_c0070,40.7163753,-73.8372672,Residential,28,488.89,0.0,2.8,1931.0,272902.0,28,0.9671,0.0,0.0,0.0
r0124_c0071,40.7163753,-73.8354842,Residential,19,44.44,0.0,4.3,1937.0,569885.0,27,0.8042,0.0,0.0,0.0
r0124_c0072,40.7163753,-73.8337013,Residential,3,844.44,0.1053,6.0,1940.0,243497.0,3,0.9836,0.0,266.67,0.1667
r0124_c0073,40.7163753,-73.8319184,Residential,5,222.22,0.4,5.2,1942.0,416030.0,5,0.5873,0.0,88.89,0.0
r0124_c0079,40.7163753,-73.8212209,Residential,13,0.0,0.0,2.7,1981.0,48769.0,13,0.8729,0.0,0.0,0.0
r0124_c0080,40.7163753,-73.819438,Residential,4,44.44,0.0,1.2,1956.0,12026.0,5,-0.0,44.44,0.0,0.0
r0124_c0081,40.7163753,-73.8176551,Residential,20,44.44,0.0,2.0,1944.0,56190.0,23,1.1389,0.0,0.0,0.0
r0124_c0087,40.7163753,-73.8069576,Residential,45,400.0,0.0,2.2,1929.0,90238.0,58,1.126,44.44,0.0,0.0
r0124_c0088,40.7163753,-73.8051747,Residential,35,0.0,0.0,2.1,1935.0,47324.0,51,0.1853,0.0,0.0,0.0
r0124_c0089,40.7163753,-73.8033918,Residential,23,266.67,0.0,2.1,1935.0,36247.0,46,-0.0,0.0,0.0,0.0
r0124_c0090,40.7163753,-73.8016089,Residential,26,266.67,0.0,2.0,1945.0,42627.0,45,0.0463,0.0,0.0,0.0
r0124_c0092,40.7163753,-73.7980431,Residential,14,266.67,0.0,2.0,1948.0,24043.0,22,0.3817,0.0,0.0,0.0
r0124_c0093,40.7163753,-73.7962602,Residential,42,88.89,0.0,2.3,1934.0,81055.0,69,0.0952,0.0,0.0,0.0
r0124_c0094,40.7163753,-73.7944773,Residential,38,44.44,0.0,2.4,1929.0,70690.0,75,-0.0,0.0,0.0,0.0
r0124_c0095,40.7163753,-73.7926944,Residential,37,0.0,0.0,2.2,1934.0,70840.0,68,-0.0,0.0,0.0,0.0
r0124_c0096,40.7163753,-73.7909114,Residential,29,0.0,0.0,2.1,1939.0,66825.0,56,-0.0,0.0,0.0,0.0
r0124_c0097,40.7163753,-73.7891285,Residential,19,44.44,0.0,2.2,1932.0,42059.0,31,0.4437,0.0,0.0,0.0
r0124_c0098,40.7163753,-73.7873456,Residential,23,44.44,0.0,2.3,1934.0,61681.0,38,-0.0,0.0,0.0,0.0
r0124_c0099,40.7163753,-73.7855627,Residential,24,44.44,0.0,2.3,1937.0,57906.0,42,0.524,0.0,0.0,0.0
r0124_c0100,40.7163753,-73.7837798,Residential,21,133.33,0.0,2.2,1940.0,69758.0,27,0.3392,0.0,0.0,0.0
r0124_c0101,40.7163753,-73.7819969,Residential,28,133.33,0.0,2.1,1944.0,59139.0,43,0.5251,0.0,0.0,0.0
r0124_c0102,40.7163753,-73.780214,Residential,31,0.0,0.0,2.1,1942.0,64318.0,46,-0.0,0.0,0.0,0.0
r0124_c0103,40.7163753,-73.7784311,Residential,30,44.44,0.0,1.9,1943.0,52160.0,43,0.2883,0.0,0.0,0.0
r0124_c0104,40.7163753,-73.7766481,Residential,28,133.33,0.0,1.8,1948.0,65208.0,34,0.9265,0.0,0.0,0.0
r0124_c0105,40.7163753,-73.7748652,Residential,36,0.0,0.0,2.1,1946.0,70827.0,48,-0.0,0.0,0.0,0.0
r0124_c0106,40.7163753,-73.7730823,Residential,25,44.44,0.0,2.5,1941.0,116911.0,38,1.0526,0.0,0.0,0.0
r0124_c0107,40.7163753,-73.7712994,Residential,19,355.56,0.25,2.6,1942.0,176075.0,22,1.6673,0.0,133.33,0.0
r0124_c0108,40.7163753,-73.7695165,Residential,24,88.89,0.0,1.7,1966.0,47404.0,34,0.1847,0.0,0.0,0.0
r0124_c0109,40.7163753,-73.7677336,Residential,24,88.89,0.0,2.3,1933.0,92327.0,44,1.1788,0.0,0.0,0.0
r0124_c0110,40.7163753,-73.7659507,Residential,31,88.89,0.0,2.3,1938.0,64940.0,48,-0.0,0.0,0.0,0.0
r0124_c0111,40.7163753,-73.7641678,Residential,37,44.44,0.0,2.4,1922.0,68407.0,71,0.103,0.0,0.0,0.0
r0124_c0112,40.7163753,-73.7623848,Residential,50,44.44,0.0,2.3,1937.0,83511.0,81,0.3385,0.0,0.0,0.0
r0124_c0113,40.7163753,-73.7606019,Residential,64,44.44,0.0,2.2,1920.0,89292.0,115,-0.0,0.0,0.0,0.0
r0124_c0114,40.7163753,-73.758819,Residential,74,44.44,0.0,2.4,1923.0,105034.0,141,0.0042,0.0,0.0,0.0
r0124_c0115,40.7163753,-73.7570361,Residential,54,88.89,0.0,2.3,1923.0,70273.0,103,0.1124,0.0,0.0,0.0
r0124_c0116,40.7163753,-73.7552532,Residential,56,44.44,0.0,2.0,1929.0,69044.0,102,-0.0,0.0,0.0,0.0
r0124_c0117,40.7163753,-73.7534703,Residential,72,88.89,0.0,2.0,1925.0,83444.0,139,-0.0,0.0,0.0,0.0
r0124_c0118,40.7163753,-73.7516874,Residential,58,88.89,0.0,2.4,1938.0,94582.0,106,-0.0,0.0,0.0,0.0
r0124_c0119,40.7163753,-73.7499045,Residential,53,44.44,0.0,2.4,1928.0,80615.0,97,0.2253,0.0,0.0,0.0
r0124_c0120,40.7163753,-73.7481216,Residential,43,222.22,0.4,2.1,1950.0,93966.0,58,1.3102,0.0,44.44,0.0
r0124_c0121,40.7163753,-73.7463386,Residential,49,355.56,0.25,2.2,1943.0,124033.0,76,1.2908,0.0,222.22,0.0
r0124_c0122,40.7163753,-73.7445557,Residential,31,311.11,0.2857,2.0,1929.0,86691.0,47,1.8175,0.0,177.78,0.25
r0124_c0123,40.7163753,-73.7427728,Commercial,19,266.67,0.0,1.8,1939.0,66074.0,27,1.6276,0.0,44.44,0.0
r0124_c0124,40.7163753,-73.7409899,Mixed-Use,7,88.89,0.0,1.3,1942.0,48123.0,11,0.716,0.0,88.89,0.5
r0124_c0125,40.7163753,-73.739207,Industrial,14,44.44,0.0,2.1,1930.0,98349.0,18,1.5438,0.0,0.0,0.0
r0124_c0126,40.7163753,-73.7374241,Industrial,21,44.44,0.0,2.0,1936.0,194017.0,36,1.9298,0.0,0.0,0.0
r0124_c0127,40.7163753,-73.7356412,Residential,30,355.56,0.25,2.0,1934.0,86709.0,35,2.4688,0.0,177.78,0.0
r0124_c0128,40.7163753,-73.7338583,Residential,36,44.44,0.0,2.3,1932.0,81740.0,61,1.0167,0.0,0.0,0.0
r0124_c0129,40.7163753,-73.7320753,Residential,54,0.0,0.0,2.1,1933.0,74939.0,91,0.0355,0.0,0.0,0.0
r0124_c0130,40.7163753,-73.7302924,Residential,21,88.89,0.0,1.9,1932.0,28561.0,36,-0.0,0.0,0.0,0.0
r0125_c0023,40.7177266,-73.921064,Mixed-Use,4,0.0,0.0,1.2,1967.0,607405.0,4,0.9369,0.0,0.0,0.0
r0125_c0024,40.7177266,-73.9192811,Industrial,4,88.89,0.5,1.0,1962.0,38000.0,4,0.953,0.0,0.0,0.0
r0125_c0026,40.7177266,-73.9157153,Industrial,5,0.0,0.0,1.6,1942.0,335902.0,7,0.7976,0.0,0.0,0.0
r0125_c0027,40.7177266,-73.9139324,Industrial,30,0.0,0.0,1.3,1941.0,150146.0,34,1.2414,0.0,0.0,0.0
r0125_c0028,40.7177266,-73.9121495,Industrial,26,44.44,0.0,1.6,1956.0,189855.0,29,1.5217,0.0,44.44,0.0
r0125_c0029,40.7177266,-73.9103665,Mixed-Use,12,0.0,0.0,1.0,1957.0,33800.0,6,1.5746,0.0,0.0,0.0
r0125_c0030,40.7177266,-73.9085836,Residential,33,222.22,0.0,2.2,1940.0,77612.0,45,2.2352,0.0,133.33,0.0
r0125_c0031,40.7177266,-73.9068007,Residential,69,533.33,0.0,2.1,1931.0,105689.0,98,0.3951,0.0,0.0,0.0
r0125_c0032,40.7177266,-73.9050178,Residential,75,400.0,0.0,2.0,1919.0,113392.0,132,0.0926,0.0,0.0,0.0
r0125_c0033,40.7177266,-73.9032349,Residential,77,355.56,0.0,1.9,1935.0,134299.0,137,0.3335,0.0,0.0,0.0
r0125_c0034,40.7177266,-73.901452,Residential,61,222.22,0.2,2.3,1939.0,109165.0,83,1.2353,0.0,0.0,0.0
r0125_c0035,40.7177266,-73.8996691,Residential,66,266.67,0.0,1.8,1928.0,98484.0,102,-0.0,0.0,0.0,0.0
r0125_c0036,40.7177266,-73.8978862,Residential,30,88.89,0.0,2.0,1930.0,35279.0,59,-0.0,0.0,0.0,0.0
r0125_c0038,40.7177266,-73.8943203,Residential,25,444.44,0.0,1.8,1951.0,37949.0,24,0.3621,0.0,0.0,0.0
r0125_c0039,40.7177266,-73.8925374,Residential,63,400.0,0.0,2.0,1957.0,130847.0,63,0.1185,0.0,0.0,0.0
r0125_c0040,40.7177266,-73.8907545,Residential,14,44.44,0.0,2.0,1960.0,28036.0,14,-0.0,0.0,0.0,0.0
r0125_c0041,40.7177266,-73.8889716,Residential,60,266.67,0.0,2.0,1943.0,110471.0,81,1.1117,0.0,0.0,0.0
r0125_c0042,40.7177266,-73.8871887,Residential,57,266.67,0.0,2.0,1952.0,131044.0,55,1.1996,0.0,0.0,0.0
r0125_c0043,40.7177266,-73.8854058,Residential,45,88.89,0.0,2.2,1960.0,114329.0,52,1.436,0.0,0.0,0.0
r0125_c0044,40.7177266,-73.8836229,Residential,42,133.33,0.0,2.0,1954.0,71508.0,42,-0.0,0.0,0.0,0.0
r0125_c0045,40.7177266,-73.88184,Residential,72,222.22,0.0,1.5,1952.0,129285.0,75,0.3803,0.0,0.0,0.0
r0125_c0046,40.7177266,-73.880057,Residential,76,133.33,0.0,2.2,1957.0,182951.0,75,0.7415,0.0,0.0,0.0
r0125_c0047,40.7177266,-73.8782741,Residential,81,266.67,0.0,2.0,1944.0,102682.0,90,-0.0,0.0,0.0,0.0
r0125_c0048,40.7177266,-73.8764912,Residential,72,177.78,0.0,2.3,1946.0,128948.0,89,1.0881,0.0,0.0,0.0
r0125_c0049,40.7177266,-73.8747083,Residential,72,355.56,0.0,2.0,1934.0,106566.0,89,-0.0,0.0,0.0,0.0
r0125_c0050,40.7177266,-73.8729254,Residential,54,400.0,0.0,2.2,1929.0,96845.0,78,1.4449,0.0,0.0,0.0
r0125_c0051,40.7177266,-73.8711425,Residential,16,44.44,0.0,2.0,1935.0,23340.0,31,-0.0,0.0,0.0,0.0
r0125_c0056,40.7177266,-73.8622279,Residential,62,0.0,0.0,2.0,1934.0,118084.0,105,0.815,0.0,0.0,0.0
r0125_c0057,40.7177266,-73.860445,Residential,75,0.0,0.0,1.9,1932.0,107896.0,123,-0.0,0.0,0.0,0.0
r0125_c0058,40.7177266,-73.8586621,Mixed-Use,54,0.0,0.0,1.6,1944.0,82536.0,64,1.3047,0.0,0.0,0.0
r0125_c0059,40.7177266,-73.8568792,Residential,63,577.78,0.3846,1.8,1947.0,119580.0,66,1.3267,0.0,222.22,0.0
r0125_c0060,40.7177266,-73.8550963,Residential,85,0.0,0.0,2.0,1940.0,142166.0,89,-0.0,0.0,0.0,0.0
r0125_c0061,40.7177266,-73.8533134,Residential,86,0.0,0.0,2.0,1940.0,109072.0,91,-0.0,0.0,0.0,0.0
r0125_c0062,40.7177266,-73.8515304,Residential,65,400.0,0.0,2.2,1932.0,124476.0,74,0.6832,0.0,133.33,0.0
r0125_c0063,40.7177266,-73.8497475,Residential,45,44.44,0.0,2.6,1928.0,104274.0,65,-0.0,0.0,0.0,0.0
r0125_c0064,40.7177266,-73.8479646,Residential,26,0.0,0.0,2.6,1929.0,78991.0,37,0.3306,0.0,0.0,0.0
r0125_c0065,40.7177266,-73.8461817,Residential,35,0.0,0.0,2.7,1915.0,91214.0,39,0.698,0.0,0.0,0.0
r0125_c0066,40.7177266,-73.8443988,Residential,36,266.67,0.0,2.6,1922.0,97797.0,36,1.1993,0.0,0.0,0.0
r0125_c0067,40.7177266,-73.8426159,Residential,40,0.0,0.0,2.8,1927.0,142119.0,45,1.1505,0.0,0.0,0.0
r0125_c0068,40.7177266,-73.840833,Residential,15,666.67,0.2,3.9,1934.0,284553.0,19,1.3494,44.44,222.22,0.0
r0125_c0069,40.7177266,-73.8390501,Residential,14,44.44,0.0,4.1,1935.0,544131.0,13,1.1488,0.0,0.0,0.0
r0125_c0070,40.7177266,-73.8372672,Mixed-Use,101,933.33,0.1905,1.7,1942.0,211680.0,100,2.194,44.44,222.22,0.0
r0125_c0071,40.7177266,-73.8354842,Commercial,16,1644.44,0.1081,3.0,1976.0,155240.0,19,1.6777,88.89,355.56,0.125
r0125_c0072,40.7177266,-73.8337013,Residential,43,133.33,0.0,3.3,1986.0,282317.0,44,1.8147,0.0,44.44,0.0
r0125_c0077,40.7177266,-73.8247868,Residential,21,0.0,0.0,2.0,1936.0,51733.0,25,0.7512,0.0,0.0,0.0
r0125_c0078,40.7177266,-73.8230039,Residential,22,0.0,0.0,2.1,1957.0,72686.0,28,-0.0,0.0,0.0,0.0
r0125_c0079,40.7177266,-73.8212209,Open Space,10,311.11,0.0,1.8,1941.0,18686.0,13,0.7584,0.0,0.0,0.0
r0125_c0081,40.7177266,-73.8176551,Residential,8,400.0,0.1111,1.8,1951.0,195483.0,29,1.6626,0.0,177.78,0.5
r0125_c0082,40.7177266,-73.8158722,Mixed-Use,3,533.33,0.25,1.7,1971.0,9849.0,4,1.1722,0.0,0.0,0.0
r0125_c0083,40.7177266,-73.8140893,Residential,12,133.33,0.0,3.0,2004.0,37622.0,11,0.8985,0.0,0.0,0.0
r0125_c0086,40.7177266,-73.8087406,Residential,16,311.11,0.0,3.0,1999.0,45000.0,15,0.98,0.0,0.0,0.0
r0125_c0088,40.7177266,-73.8051747,Institutional,4,133.33,0.0,4.6,1936.0,1073463.0,20,0.0768,0.0,0.0,0.0
r0125_c0089,40.7177266,-73.8033918,Residential,25,800.0,0.1111,2.0,1941.0,49213.0,40,0.9751,0.0,133.33,0.0
r0125_c0090,40.7177266,-73.8016089,Residential,64,0.0,0.0,2.0,1943.0,89575.0,119,0.1009,0.0,0.0,0.0
r0125_c0091,40.7177266,-73.799826,Residential,69,0.0,0.0,2.0,1937.0,104721.0,129,-0.0,0.0,0.0,0.0
r0125_c0092,40.7177266,-73.7980431,Residential,10,0.0,0.0,2.0,1937.0,15714.0,17,-0.0,0.0,0.0,0.0
r0125_c0093,40.7177266,-73.7962602,Residential,18,0.0,0.0,2.1,1940.0,34794.0,29,0.412,0.0,0.0,0.0
r0125_c0094,40.7177266,-73.7944773,Residential,26,44.44,0.0,2.0,1937.0,118704.0,41,0.988,0.0,0.0,0.0
r0125_c0095,40.7177266,-73.7926944,Residential,37,0.0,0.0,2.3,1937.0,64386.0,63,0.1784,0.0,0.0,0.0
r0125_c0096,40.7177266,-73.7909114,Residential,20,177.78,0.0,2.0,1943.0,68321.0,32,0.8486,44.44,0.0,0.0
r0125_c0097,40.7177266,-73.7891285,Residential,25,44.44,0.0,2.3,1939.0,63186.0,35,0.1286,0.0,0.0,0.0
r0125_c0098,40.7177266,-73.7873456,Residential,20,88.89,0.0,2.0,1940.0,45203.0,31,-0.0,0.0,0.0,0.0
r0125_c0099,40.7177266,-73.7855627,Residential,18,177.78,0.0,2.2,1942.0,47967.0,29,-0.0,0.0,0.0,0.0
r0125_c0100,40.7177266,-73.7837798,Residential,32,44.44,0.0,2.2,1936.0,76254.0,49,-0.0,0.0,0.0,0.0
r0125_c0101,40.7177266,-73.7819969,Residential,28,44.44,0.0,2.2,1940.0,58367.0,40,-0.0,0.0,0.0,0.0
r0125_c0102,40.7177266,-73.780214,Residential,24,88.89,0.0,1.9,1945.0,50591.0,30,-0.0,0.0,0.0,0.0
r0125_c0103,40.7177266,-73.7784311,Residential,28,44.44,0.0,1.7,1949.0,56384.0,33,0.2113,0.0,0.0,0.0
r0125_c0104,40.7177266,-73.7766481,Residential,28,88.89,0.0,2.0,1941.0,53369.0,32,0.203,0.0,0.0,0.0
r0125_c0105,40.7177266,-73.7748652,Residential,31,133.33,0.0,2.1,1936.0,63250.0,41,0.3792,0.0,0.0,0.0
r0125_c0106,40.7177266,-73.7730823,Residential,24,133.33,0.0,2.2,1950.0,60075.0,31,0.1354,0.0,0.0,0.0
r0125_c0107,40.7177266,-73.7712994,Residential,21,0.0,0.0,2.3,1940.0,47997.0,22,0.6166,0.0,0.0,0.0
r0125_c0108,40.7177266,-73.7695165,Residential,19,0.0,0.0,2.1,1936.0,111456.0,21,1.4345,0.0,0.0,0.0
r0125_c0109,40.7177266,-73.7677336,Residential,22,44.44,0.0,2.0,1939.0,57959.0,29,0.4434,0.0,0.0,0.0
r0125_c0110,40.7177266,-73.7659507,Residential,31,444.44,0.1,2.1,1966.0,93360.0,40,1.9039,0.0,0.0,0.0
r0125_c0111,40.7177266,-73.7641678,Residential,38,222.22,0.2,2.3,1931.0,67572.0,67,0.7433,0.0,88.89,0.0
r0125_c0112,40.7177266,-73.7623848,Residential,56,0.0,0.0,2.3,1924.0,78646.0,111,0.1834,0.0,0.0,0.0
r0125_c0113,40.7177266,-73.7606019,Residential,74,0.0,0.0,2.2,1922.0,91377.0,134,-0.0,0.0,0.0,0.0
r0125_c0114,40.7177266,-73.758819,Residential,58,44.44,0.0,2.4,1923.0,76996.0,111,0.0077,0.0,0.0,0.0
r0125_c0115,40.7177266,-73.7570361,Residential,55,444.44,0.3,2.1,1931.0,84279.0,99,0.3685,0.0,133.33,0.0
r0125_c0116,40.7177266,-73.7552532,Residential,76,44.44,0.0,2.3,1927.0,91320.0,144,-0.0,0.0,0.0,0.0
r0125_c0117,40.7177266,-73.7534703,Residential,44,88.89,0.0,2.1,1932.0,61489.0,81,1.1248,0.0,0.0,0.0
r0125_c0118,40.7177266,-73.7516874,Residential,53,177.78,0.0,2.5,1933.0,90614.0,96,-0.0,0.0,0.0,0.0
r0125_c0119,40.7177266,-73.7499045,Residential,51,44.44,0.0,2.4,1926.0,80735.0,97,0.0812,0.0,0.0,0.0
r0125_c0120,40.7177266,-73.7481216,Residential,34,177.78,0.0,2.3,1923.0,57550.0,62,-0.0,0.0,0.0,0.0
r0125_c0121,40.7177266,-73.7463386,Residential,55,0.0,0.0,2.4,1923.0,82211.0,102,0.2819,0.0,0.0,0.0
r0125_c0122,40.7177266,-73.7445557,Residential,49,44.44,0.0,2.3,1923.0,73718.0,91,-0.0,0.0,0.0,0.0
r0125_c0123,40.7177266,-73.7427728,Residential,45,0.0,0.0,2.3,1926.0,69712.0,85,0.1773,0.0,0.0,0.0
r0125_c0124,40.7177266,-73.7409899,Residential,60,88.89,0.0,2.2,1928.0,113308.0,94,0.8422,0.0,0.0,0.0
r0125_c0125,40.7177266,-73.739207,Residential,48,133.33,0.0,2.1,1930.0,135165.0,69,1.771,0.0,0.0,0.0
r0125_c0126,40.7177266,-73.7374241,Mixed-Use,35,533.33,0.25,2.3,1946.0,147195.0,34,2.2647,0.0,222.22,0.0
r0125_c0127,40.7177266,-73.7356412,Mixed-Use,11,311.11,0.1429,1.9,1934.0,64373.0,11,2.3086,0.0,44.44,0.0
r0125_c0128,40.7177266,-73.7338583,Mixed-Use,25,88.89,0.0,2.2,1936.0,139972.0,27,2.2845,0.0,0.0,0.0
r0125_c0129,40.7177266,-73.7320753,Residential,33,88.89,0.0,2.0,1932.0,46826.0,55,0.9556,0.0,0.0,0.0
r0126_c0022,40.719078,-73.9228469,Industrial,3,0.0,0.0,1.2,1963.0,25339.0,2,0.2001,0.0,0.0,0.0
r0126_c0023,40.719078,-73.921064,Industrial,4,0.0,0.0,1.5,1965.0,196238.0,7,0.8519,0.0,0.0,0.0
r0126_c0024,40.719078,-73.9192811,Industrial,4,0.0,0.0,1.5,1971.0,104215.0,3,0.028,0.0,0.0,0.0
r0126_c0026,40.719078,-73.9157153,Industrial,4,0.0,0.0,1.2,1955.0,74842.0,5,-0.0,0.0,0.0,0.0
r0126_c0027,40.719078,-73.9139324,Industrial,4,88.89,0.5,1.0,1952.0,31740.0,5,-0.0,0.0,44.44,0.0
r0126_c0028,40.719078,-73.9121495,Industrial,20,177.78,0.0,1.6,1964.0,148350.0,15,1.2506,0.0,44.44,0.0
r0126_c0029,40.719078,-73.9103665,Industrial,3,0.0,0.0,2.0,1955.0,195500.0,2,0.921,0.0,0.0,0.0
r0126_c0030,40.719078,-73.9085836,Mixed-Use,19,0.0,0.0,2.0,1945.0,120659.0,17,1.9523,0.0,0.0,0.0
r0126_c0031,40.719078,-73.9068007,Residential,59,222.22,0.0,2.0,1934.0,107571.0,88,1.5946,0.0,133.33,0.0
r0126_c0032,40.719078,-73.9050178,Residential,78,311.11,0.0,2.0,1940.0,139747.0,100,0.9602,0.0,0.0,0.0
r0126_c0033,40.719078,-73.9032349,Residential,40,133.33,0.0,2.1,1931.0,87985.0,62,1.0462,0.0,0.0,0.0
r0126_c0034,40.719078,-73.901452,Industrial,21,355.56,0.0,1.9,1947.0,142844.0,29,1.5557,0.0,0.0,0.0
r0126_c0035,40.719078,-73.8996691,Residential,10,0.0,0.0,2.0,1920.0,10832.0,18,-0.0,0.0,0.0,0.0
r0126_c0036,40.719078,-73.8978862,Residential,20,0.0,0.0,2.0,1926.0,22890.0,34,-0.0,0.0,0.0,0.0
r0126_c0038,40.719078,-73.8943203,Residential,9,44.44,0.0,1.4,1955.0,12176.0,9,-0.0,0.0,0.0,0.0
r0126_c0039,40.719078,-73.8925374,Residential,59,400.0,0.0,2.1,1955.0,106088.0,58,1.196,0.0,44.44,0.0
r0126_c0040,40.719078,-73.8907545,Residential,55,622.22,0.0,2.0,1957.0,141042.0,57,1.6549,0.0,0.0,0.0
r0126_c0041,40.719078,-73.8889716,Residential,74,666.67,0.0,2.0,1953.0,161362.0,84,0.1848,0.0,0.0,0.0
r0126_c0042,40.719078,-73.8871887,Residential,68,444.44,0.0,2.0,1959.0,172999.0,68,0.7733,0.0,0.0,0.0
r0126_c0043,40.719078,-73.8854058,Residential,17,177.78,0.0,2.6,1965.0,47911.0,16,1.3876,0.0,0.0,0.0
r0126_c0045,40.719078,-73.88184,Residential,10,266.67,0.0,2.0,1965.0,30219.0,10,-0.0,0.0,0.0,0.0
r0126_c0046,40.719078,-73.880057,Residential,51,222.22,0.0,2.0,1950.0,86259.0,51,0.1606,0.0,0.0,0.0
r0126_c0047,40.719078,-73.8782741,Residential,74,266.67,0.0,1.9,1943.0,101546.0,74,-0.0,0.0,0.0,0.0
r0126_c0048,40.719078,-73.8764912,Residential,73,622.22,0.0,1.8,1941.0,115691.0,78,0.1307,0.0,0.0,0.0
r0126_c0049,40.719078,-73.8747083,Residential,58,222.22,0.0,2.0,1933.0,183813.0,87,0.9224,0.0,0.0,0.0
r0126_c0050,40.719078,-73.8729254,Residential,66,88.89,1.0,2.0,1938.0,104533.0,121,0.1288,0.0,0.0,0.0
r0126_c0051,40.719078,-73.8711425,Residential,71,88.89,0.0,2.0,1937.0,103919.0,141,-0.0,0.0,0.0,0.0
r0126_c0052,40.719078,-73.8693596,Residential,70,222.22,0.0,2.0,1936.0,93586.0,139,-0.0,0.0,0.0,0.0
r0126_c0053,40.719078,-73.8675767,Residential,14,44.44,0.0,2.0,1935.0,17804.0,29,-0.0,0.0,0.0,0.0
r0126_c0055,40.719078,-73.8640108,Residential,29,88.89,0.0,1.9,1947.0,71754.0,30,1.3225,0.0,0.0,0.0
r0126_c0056,40.719078,-73.8622279,Residential,58,44.44,0.0,1.9,1940.0,105287.0,94,0.788,0.0,0.0,0.0
r0126_c0057,40.719078,-73.860445,Residential,71,44.44,0.0,1.5,1949.0,119854.0,78,0.5969,0.0,0.0,0.0
r0126_c0058,40.719078,-73.8586621,Residential,46,222.22,0.0,1.8,1963.0,78332.0,41,1.0728,0.0,0.0,0.0
r0126_c0059,40.719078,-73.8568792,Residential,59,0.0,0.0,1.7,1946.0,201185.0,62,1.1002,0.0,0.0,0.0
r0126_c0060,40.719078,-73.8550963,Residential,76,0.0,0.0,2.0,1940.0,111863.0,80,-0.0,0.0,0.0,0.0
r0126_c0061,40.719078,-73.8533134,Residential,69,0.0,0.0,2.1,1939.0,110778.0,96,0.1422,0.0,0.0,0.0
r0126_c0062,40.719078,-73.8515304,Residential,65,0.0,0.0,2.4,1932.0,140134.0,96,0.6755,0.0,0.0,0.0
r0126_c0063,40.719078,-73.8497475,Residential,21,311.11,0.0,2.7,1928.0,60455.0,39,0.2555,0.0,0.0,0.0
r0126_c0064,40.719078,-73.8479646,Residential,9,755.56,0.0,2.5,1923.0,32748.0,10,-0.0,0.0,0.0,0.0
r0126_c0065,40.719078,-73.8461817,Residential,19,177.78,0.75,3.1,1930.0,300713.0,20,1.5241,0.0,0.0,0.0
r0126_c0066,40.719078,-73.8443988,Residential,27,711.11,0.25,2.6,1934.0,173465.0,28,2.1391,0.0,88.89,0.5
r0126_c0067,40.719078,-73.8426159,Mixed-Use,30,2355.56,0.3019,3.0,1930.0,269263.0,30,1.5475,0.0,1200.0,0.037
r0126_c0068,40.719078,-73.840833,Institutional,8,1066.67,0.2083,4.2,1952.0,335847.0,9,1.5403,0.0,355.56,0.125
r0126_c0069,40.719078,-73.8390501,Residential,6,1600.0,0.25,4.8,1941.0,508544.0,6,1.4272,133.33,400.0,0.1111
r0126_c0070,40.719078,-73.8372672,Residential,4,400.0,0.0,8.5,1981.0,734672.0,18,0.4853,0.0,44.44,1.0
r0126_c0071,40.719078,-73.8354842,Residential,17,177.78,0.0,3.7,1973.0,273506.0,18,1.6512,0.0,0.0,0.0
r0126_c0072,40.719078,-73.8337013,Residential,7,133.33,0.0,3.3,1980.0,30719.0,8,1.3246,44.44,0.0,0.0
r0126_c0077,40.719078,-73.8247868,Residential,14,0.0,0.0,2.1,1947.0,41364.0,16,-0.0,0.0,0.0,0.0
r0126_c0078,40.719078,-73.8230039,Residential,17,0.0,0.0,2.3,1947.0,49932.0,20,0.3125,0.0,0.0,0.0
r0126_c0079,40.719078,-73.8212209,Residential,12,577.78,0.0,2.2,1946.0,85807.0,28,0.9567,0.0,0.0,0.0
r0126_c0082,40.719078,-73.8158722,Residential,4,88.89,0.5,3.0,1951.0,95062.0,10,0.0424,0.0,44.44,1.0
r0126_c0083,40.719078,-73.8140893,Residential,28,933.33,0.1905,2.2,1954.0,115496.0,32,1.4942,0.0,355.56,0.125
r0126_c0084,40.719078,-73.8123064,Mixed-Use,5,400.0,0.1111,2.9,1943.0,263001.0,7,0.9991,0.0,88.89,0.0
r0126_c0085,40.719078,-73.8105235,Residential,5,266.67,0.0,5.9,1976.0,406240.0,6,0.9279,0.0,44.44,0.0
r0126_c0086,40.719078,-73.8087406,Institutional,14,133.33,0.0,2.2,1932.0,169159.0,23,1.199,0.0,0.0,0.0
r0126_c0087,40.719078,-73.8069576,Residential,48,133.33,0.0,2.5,1922.0,161046.0,87,0.9685,0.0,0.0,0.0
r0126_c0088,40.719078,-73.8051747,Residential,35,0.0,0.0,2.4,1928.0,50288.0,54,-0.0,0.0,0.0,0.0
r0126_c0089,40.719078,-73.8033918,Residential,29,177.78,0.0,2.2,1940.0,68673.0,41,1.6706,0.0,44.44,0.0
r0126_c0090,40.719078,-73.8016089,Residential,68,0.0,0.0,2.0,1935.0,86022.0,71,0.1597,0.0,0.0,0.0
r0126_c0091,40.719078,-73.799826,Residential,63,0.0,0.0,2.0,1945.0,86917.0,97,0.116,0.0,0.0,0.0
r0126_c0092,40.719078,-73.7980431,Residential,4,44.44,0.0,2.2,1940.0,5198.0,5,0.9255,0.0,0.0,0.0
r0126_c0094,40.719078,-73.7944773,Residential,18,0.0,0.0,2.0,1957.0,33265.0,29,-0.0,0.0,0.0,0.0
r0126_c0095,40.719078,-73.7926944,Residential,15,88.89,0.0,2.2,1931.0,22222.0,30,-0.0,0.0,0.0,0.0
r0126_c0096,40.719078,-73.7909114,Residential,6,44.44,0.0,1.6,1940.0,13128.0,7,-0.0,0.0,0.0,0.0
r0126_c0097,40.719078,-73.7891285,Residential,12,44.44,0.0,1.7,1945.0,27019.0,14,0.1725,0.0,0.0,0.0
r0126_c0098,40.719078,-73.7873456,Residential,13,88.89,0.0,2.1,1942.0,33129.0,16,0.3404,0.0,0.0,0.0
r0126_c0099,40.719078,-73.7855627,Residential,11,0.0,0.0,2.3,1946.0,41038.0,14,-0.0,0.0,0.0,0.0
r0126_c0100,40.719078,-73.7837798,Residential,20,0.0,0.0,2.1,1949.0,54064.0,22,0.4646,0.0,0.0,0.0
r0126_c0101,40.719078,-73.7819969,Residential,21,88.89,0.0,2.2,1937.0,63453.0,28,-0.0,0.0,0.0,0.0
r0126_c0102,40.719078,-73.780214,Residential,27,44.44,0.0,1.9,1946.0,69987.0,31,0.2068,0.0,0.0,0.0
r0126_c0103,40.719078,-73.7784311,Residential,24,177.78,0.0,1.8,1953.0,66596.0,31,-0.0,0.0,0.0,0.0
r0126_c0104,40.719078,-73.7766481,Residential,31,0.0,0.0,2.1,1938.0,63146.0,42,0.1002,0.0,0.0,0.0
r0126_c0105,40.719078,-73.7748652,Residential,20,0.0,0.0,1.8,1941.0,44807.0,28,-0.0,0.0,0.0,0.0
r0126_c0106,40.719078,-73.7730823,Residential,19,44.44,0.0,2.0,1948.0,83512.0,27,0.8001,0.0,0.0,0.0
r0126_c0107,40.719078,-73.7712994,Residential,19,88.89,0.0,2.0,1951.0,49930.0,18,0.5138,0.0,0.0,0.0
r0126_c0108,40.719078,-73.7695165,Residential,20,0.0,0.0,1.9,1967.0,44138.0,17,0.7677,0.0,0.0,0.0
r0126_c0109,40.719078,-73.7677336,Residential,19,44.44,0.0,1.7,1952.0,46178.0,18,0.1957,0.0,0.0,0.0
r0126_c0110,40.719078,-73.7659507,Residential,19,88.89,0.0,1.7,1947.0,53871.0,25,1.0306,0.0,0.0,0.0
r0126_c0111,40.719078,-73.7641678,Residential,37,444.44,0.0,2.1,1943.0,70044.0,52,0.998,0.0,44.44,0.0
r0126_c0112,40.719078,-73.7623848,Residential,59,177.78,0.0,2.4,1927.0,110022.0,97,1.3637,0.0,133.33,0.0
r0126_c0113,40.719078,-73.7606019,Residential,69,0.0,0.0,2.4,1921.0,90555.0,131,-0.0,0.0,0.0,0.0
r0126_c0114,40.719078,-73.758819,Residential,55,88.89,0.0,2.2,1930.0,85389.0,91,-0.0,0.0,0.0,0.0
r0126_c0115,40.719078,-73.7570361,Institutional,41,133.33,0.0,2.2,1938.0,126185.0,72,1.3033,44.44,0.0,0.0
r0126_c0116,40.719078,-73.7552532,Residential,63,44.44,0.0,2.1,1935.0,81194.0,121,-0.0,0.0,0.0,0.0
r0126_c0117,40.719078,-73.7534703,Residential,60,177.78,0.0,2.4,1932.0,98204.0,117,-0.0,0.0,0.0,0.0
r0126_c0118,40.719078,-73.7516874,Residential,57,44.44,0.0,2.3,1930.0,92782.0,109,0.1462,0.0,0.0,0.0
r0126_c0119,40.719078,-73.7499045,Residential,38,88.89,0.0,2.2,1936.0,66252.0,68,0.0952,0.0,0.0,0.0
r0126_c0120,40.719078,-73.7481216,Residential,49,133.33,0.0,2.3,1925.0,74624.0,85,-0.0,0.0,0.0,0.0
r0126_c0121,40.719078,-73.7463386,Residential,53,266.67,0.0,2.3,1921.0,61918.0,102,-0.0,0.0,0.0,0.0
r0126_c0122,40.719078,-73.7445557,Residential,65,88.89,0.0,2.1,1920.0,77550.0,119,-0.0,0.0,0.0,0.0
r0126_c0123,40.719078,-73.7427728,Residential,67,133.33,0.0,2.2,1920.0,84946.0,121,-0.0,0.0,0.0,0.0
r0126_c0124,40.719078,-73.7409899,Residential,48,0.0,0.0,2.5,1925.0,72732.0,91,-0.0,0.0,0.0,0.0
r0126_c0125,40.719078,-73.739207,Residential,41,177.78,0.0,2.3,1936.0,65278.0,71,0.3886,0.0,0.0,0.0
r0126_c0126,40.719078,-73.7374241,Residential,39,0.0,0.0,2.1,1952.0,69897.0,54,0.437,0.0,0.0,0.0
r0126_c0127,40.719078,-73.7356412,Residential,42,88.89,0.0,2.3,1924.0,101664.0,65,1.3453,0.0,0.0,0.0
r0126_c0128,40.719078,-73.7338583,Commercial,24,177.78,0.0,2.0,1936.0,162850.0,30,1.7841,0.0,44.44,1.0
r0126_c0129,40.719078,-73.7320753,Commercial,12,88.89,0.0,2.5,1943.0,156170.0,23,1.7298,0.0,0.0,0.0
r0126_c0130,40.719078,-73.7302924,Industrial,7,0.0,0.0,1.6,1970.0,80583.0,8,1.5682,0.0,0.0,0.0
r0127_c0022,40.7204293,-73.9228469,Industrial,3,44.44,0.0,1.0,1952.0,134960.0,4,0.085,0.0,0.0,0.0
r0127_c0023,40.7204293,-73.921064,Industrial,6,0.0,0.0,1.7,1971.0,196774.0,3,0.3048,0.0,0.0,0.0
r0127_c0024,40.7204293,-73.9192811,Industrial,3,0.0,0.0,1.0,1930.0,149016.0,4,-0.0,0.0,0.0,0.0
r0127_c0028,40.7204293,-73.9121495,Industrial,19,44.44,0.0,1.8,1942.0,97865.0,10,1.6762,0.0,44.44,0.0
r0127_c0029,40.7204293,-73.9103665,Industrial,19,44.44,0.0,1.6,1938.0,126997.0,24,1.3071,0.0,44.44,1.0
r0127_c0030,40.7204293,-73.9085836,Residential,40,311.11,0.2857,1.9,1939.0,134867.0,56,2.1428,0.0,88.89,0.0
r0127_c0031,40.7204293,-73.9068007,Residential,78,355.56,0.0,2.1,1943.0,122231.0,90,1.5208,0.0,222.22,0.0
r0127_c0032,40.7204293,-73.9050178,Residential,70,488.89,0.3636,2.1,1936.0,144436.0,95,1.6886,0.0,177.78,0.0
r0127_c0033,40.7204293,-73.9032349,Residential,78,311.11,0.0,2.1,1927.0,131644.0,120,1.0053,0.0,88.89,0.0
r0127_c0034,40.7204293,-73.901452,Residential,48,88.89,0.0,1.6,1939.0,142920.0,67,1.2803,0.0,0.0,0.0
r0127_c0035,40.7204293,-73.8996691,Residential,54,88.89,0.0,1.1,1926.0,78714.0,81,0.9482,0.0,0.0,0.0
r0127_c0036,40.7204293,-73.8978862,Residential,37,133.33,0.0,1.1,1922.0,25418.0,63,-0.0,0.0,0.0,0.0
r0127_c0038,40.7204293,-73.8943203,Residential,13,222.22,0.0,1.4,1946.0,23653.0,14,-0.0,0.0,0.0,0.0
r0127_c0039,40.7204293,-73.8925374,Residential,65,400.0,0.0,1.3,1943.0,106673.0,71,0.2929,0.0,0.0,0.0
r0127_c0040,40.7204293,-73.8907545,Residential,64,400.0,0.0,2.0,1950.0,128871.0,72,0.9116,0.0,0.0,0.0
r0127_c0041,40.7204293,-73.8889716,Residential,65,355.56,0.0,2.1,1951.0,130424.0,79,0.2708,0.0,0.0,0.0
r0127_c0042,40.7204293,-73.8871887,Residential,58,133.33,0.0,2.2,1962.0,174123.0,58,1.0648,0.0,0.0,0.0
r0127_c0043,40.7204293,-73.8854058,Institutional,16,266.67,0.0,2.1,1959.0,79870.0,17,1.4972,0.0,0.0,0.0
r0127_c0049,40.7204293,-73.8747083,Open Space,18,177.78,0.0,2.0,1935.0,26158.0,27,0.6457,0.0,0.0,0.0
r0127_c0050,40.7204293,-73.8729254,Residential,60,311.11,0.0,2.1,1934.0,116065.0,84,0.5649,0.0,0.0,0.0
r0127_c0051,40.7204293,-73.8711425,Residential,68,0.0,0.0,2.1,1931.0,119507.0,96,0.1726,0.0,0.0,0.0
r0127_c0052,40.7204293,-73.8693596,Residential,73,133.33,0.0,2.0,1933.0,104970.0,117,0.0409,0.0,0.0,0.0
r0127_c0053,40.7204293,-73.8675767,Residential,65,88.89,0.0,1.7,1937.0,87295.0,109,-0.0,0.0,0.0,0.0
r0127_c0054,40.7204293,-73.8657937,Residential,27,88.89,0.0,2.0,1943.0,57142.0,36,0.9888,0.0,0.0,0.0
r0127_c0055,40.7204293,-73.8640108,Residential,42,400.0,0.1111,1.9,1947.0,97042.0,50,0.5737,0.0,133.33,0.3333
r0127_c0056,40.7204293,-73.8622279,Residential,32,133.33,0.0,1.7,1952.0,137527.0,32,1.2147,0.0,0.0,0.0
r0127_c0057,40.7204293,-73.860445,Institutional,20,177.78,0.0,1.5,1952.0,88527.0,23,0.999,0.0,0.0,0.0
r0127_c0058,40.7204293,-73.8586621,Open Space,32,266.67,0.0,2.1,1955.0,104357.0,31,1.9487,0.0,0.0,0.0
r0127_c0059,40.7204293,-73.8568792,Residential,37,88.89,0.0,1.6,1944.0,153439.0,38,1.1182,0.0,0.0,0.0
r0127_c0060,40.7204293,-73.8550963,Residential,64,711.11,0.125,2.0,1937.0,108478.0,83,1.1802,0.0,222.22,0.0
r0127_c0061,40.7204293,-73.8533134,Residential,93,0.0,0.0,2.0,1937.0,118521.0,162,-0.0,0.0,0.0,0.0
r0127_c0062,40.7204293,-73.8515304,Residential,75,0.0,0.0,2.8,1930.0,256928.0,98,1.3219,0.0,0.0,0.0
r0127_c0063,40.7204293,-73.8497475,Residential,5,355.56,0.0,4.1,1928.0,54272.0,9,1.4814,0.0,0.0,0.0
r0127_c0064,40.7204293,-73.8479646,Open Space,3,800.0,0.1111,2.0,1946.0,136202.0,12,1.1942,0.0,44.44,1.0
r0127_c0065,40.7204293,-73.8461817,Commercial,13,2400.0,0.3333,1.7,1969.0,191231.0,13,0.1414,44.44,533.33,0.3333
r0127_c0066,40.7204293,-73.8443988,Commercial,21,3777.78,0.2118,2.5,1942.0,327459.0,23,0.5916,88.89,1333.33,0.2667
r0127_c0067,40.7204293,-73.8426159,Mixed-Use,18,977.78,0.2273,4.7,1945.0,428106.0,17,1.8497,88.89,133.33,0.0
r0127_c0068,40.7204293,-73.840833,Mixed-Use,8,311.11,0.0,4.8,1961.0,279803.0,8,1.0968,0.0,0.0,0.0
r0127_c0069,40.7204293,-73.8390501,Residential,16,133.33,0.0,5.4,1970.0,1024261.0,17,0.579,0.0,0.0,0.0
r0127_c0070,40.7204293,-73.8372672,Residential,3,88.89,0.0,8.0,1955.0,418408.0,3,-0.0,0.0,0.0,0.0
r0127_c0077,40.7204293,-73.8247868,Residential,14,44.44,0.0,1.2,1963.0,149296.0,47,0.6647,0.0,0.0,0.0
r0127_c0080,40.7204293,-73.819438,Residential,7,44.44,0.0,2.1,1951.0,221579.0,13,1.6829,0.0,0.0,0.0
r0127_c0081,40.7204293,-73.8176551,Residential,24,44.44,0.0,2.2,1946.0,209609.0,39,0.9048,0.0,0.0,0.0
r0127_c0082,40.7204293,-73.8158722,Residential,45,0.0,0.0,2.1,1949.0,120520.0,47,0.9684,0.0,0.0,0.0
r0127_c0083,40.7204293,-73.8140893,Residential,41,44.44,0.0,2.1,1950.0,245729.0,41,0.9895,0.0,0.0,0.0
r0127_c0084,40.7204293,-73.8123064,Residential,59,0.0,0.0,2.3,1940.0,218043.0,75,1.0789,0.0,0.0,0.0
r0127_c0085,40.7204293,-73.8105235,Residential,55,533.33,0.25,2.4,1937.0,100500.0,88,1.0474,44.44,88.89,0.0
r0127_c0086,40.7204293,-73.8087406,Commercial,7,1288.89,0.1724,1.5,1977.0,114329.0,9,1.3545,0.0,577.78,0.0
r0127_c0087,40.7204293,-73.8069576,Institutional,28,844.44,0.0526,2.2,1946.0,167713.0,48,1.7666,0.0,177.78,0.25
r0127_c0088,40.7204293,-73.8051747,Residential,64,933.33,0.1905,2.2,1934.0,145743.0,96,1.0559,0.0,311.11,0.0
r0127_c0089,40.7204293,-73.8033918,Residential,34,88.89,0.0,2.4,1931.0,130567.0,61,1.2793,0.0,0.0,0.0
r0127_c0090,40.7204293,-73.8016089,Residential,43,88.89,0.0,1.6,1956.0,62492.0,65,0.4476,0.0,0.0,0.0
r0127_c0091,40.7204293,-73.799826,Residential,39,266.67,0.0,1.7,1950.0,52002.0,47,0.2415,0.0,0.0,0.0
r0127_c0092,40.7204293,-73.7980431,Residential,23,177.78,0.0,1.8,1947.0,27796.0,32,0.1504,0.0,0.0,0.0
r0127_c0095,40.7204293,-73.7926944,Residential,16,133.33,0.0,2.2,1942.0,24782.0,32,-0.0,0.0,0.0,0.0
r0127_c0096,40.7204293,-73.7909114,Residential,8,0.0,0.0,2.2,1940.0,13280.0,16,-0.0,0.0,0.0,0.0
r0127_c0097,40.7204293,-73.7891285,Residential,29,44.44,0.0,1.8,1943.0,70205.0,39,0.4289,0.0,0.0,0.0
r0127_c0098,40.7204293,-73.7873456,Residential,14,133.33,0.0,2.0,1941.0,44915.0,16,0.5277,0.0,0.0,0.0
r0127_c0099,40.7204293,-73.7855627,Residential,11,88.89,0.0,2.0,1956.0,33886.0,11,0.1792,0.0,0.0,0.0
r0127_c0100,40.7204293,-73.7837798,Residential,12,88.89,0.0,2.1,1940.0,35824.0,16,0.4964,0.0,0.0,0.0
r0127_c0101,40.7204293,-73.7819969,Residential,13,88.89,0.0,1.9,1939.0,26156.0,15,0.5483,0.0,0.0,0.0
r0127_c0102,40.7204293,-73.780214,Residential,9,133.33,0.0,2.3,1949.0,21743.0,14,0.5564,0.0,0.0,0.0
r0127_c0103,40.7204293,-73.7784311,Residential,25,44.44,0.0,1.8,1944.0,47341.0,33,0.1963,0.0,0.0,0.0
r0127_c0104,40.7204293,-73.7766481,Residential,25,133.33,0.0,1.7,1946.0,54655.0,32,0.3311,0.0,0.0,0.0
r0127_c0105,40.7204293,-73.7748652,Residential,31,177.78,0.0,2.1,1945.0,67324.0,49,-0.0,0.0,0.0,0.0
r0127_c0106,40.7204293,-73.7730823,Residential,28,133.33,0.0,2.0,1949.0,79007.0,36,0.1014,0.0,0.0,0.0
r0127_c0107,40.7204293,-73.7712994,Residential,19,222.22,0.0,1.6,1953.0,42149.0,20,0.3705,0.0,0.0,0.0
r0127_c0108,40.7204293,-73.7695165,Residential,24,177.78,0.0,1.7,1952.0,62522.0,28,-0.0,0.0,0.0,0.0
r0127_c0109,40.7204293,-73.7677336,Residential,15,88.89,0.0,1.7,1950.0,45390.0,22,0.297,0.0,0.0,0.0
r0127_c0110,40.7204293,-73.7659507,Residential,4,0.0,0.0,2.0,1955.0,213174.0,88,0.1794,0.0,0.0,0.0
r0127_c0111,40.7204293,-73.7641678,Residential,25,0.0,0.0,1.8,1949.0,44857.0,26,0.2326,0.0,0.0,0.0
r0127_c0112,40.7204293,-73.7623848,Residential,24,444.44,0.2,1.9,1962.0,64448.0,28,1.7192,0.0,44.44,0.0
r0127_c0113,40.7204293,-73.7606019,Commercial,28,1200.0,0.2963,2.1,1927.0,140704.0,43,1.0446,0.0,444.44,0.4
r0127_c0114,40.7204293,-73.758819,Residential,62,177.78,0.25,2.1,1938.0,105039.0,83,0.6883,0.0,88.89,0.0
r0127_c0115,40.7204293,-73.7570361,Residential,28,266.67,0.0,2.2,1941.0,144029.0,49,0.9922,0.0,0.0,0.0
r0127_c0116,40.7204293,-73.7552532,Residential,71,133.33,0.0,2.2,1940.0,105841.0,134,0.0173,0.0,0.0,0.0
r0127_c0117,40.7204293,-73.7534703,Residential,60,88.89,0.0,2.5,1931.0,105818.0,117,-0.0,0.0,0.0,0.0
r0127_c0118,40.7204293,-73.7516874,Residential,44,222.22,0.0,2.2,1928.0,71983.0,82,0.2803,0.0,0.0,0.0
r0127_c0119,40.7204293,-73.7499045,Residential,34,44.44,0.0,2.1,1929.0,59323.0,59,0.3126,0.0,0.0,0.0
r0127_c0120,40.7204293,-73.7481216,Residential,58,44.44,0.0,2.3,1924.0,78000.0,107,0.1478,0.0,0.0,0.0
r0127_c0121,40.7204293,-73.7463386,Institutional,39,177.78,0.0,2.2,1921.0,193074.0,64,0.9999,0.0,0.0,0.0
r0127_c0122,40.7204293,-73.7445557,Residential,56,177.78,0.0,2.4,1927.0,82295.0,96,0.4707,0.0,0.0,0.0
r0127_c0123,40.7204293,-73.7427728,Residential,58,0.0,0.0,2.3,1925.0,81979.0,103,0.0594,0.0,0.0,0.0
r0127_c0124,40.7204293,-73.7409899,Residential,43,222.22,0.0,2.5,1930.0,69297.0,83,-0.0,0.0,0.0,0.0
r0127_c0125,40.7204293,-73.739207,Residential,19,222.22,0.0,2.3,1931.0,104195.0,34,1.3978,0.0,0.0,0.0
r0127_c0126,40.7204293,-73.7374241,Residential,51,88.89,0.0,2.2,1925.0,74928.0,90,0.3686,0.0,0.0,0.0
r0127_c0127,40.7204293,-73.7356412,Residential,44,44.44,0.0,2.2,1921.0,76722.0,75,0.1885,0.0,0.0,0.0
r0127_c0128,40.7204293,-73.7338583,Residential,46,0.0,0.0,2.2,1929.0,97554.0,82,0.9757,0.0,0.0,0.0
r0127_c0129,40.7204293,-73.7320753,Mixed-Use,27,88.89,0.5,2.0,1939.0,164876.0,34,1.9224,0.0,44.44,0.0
r0127_c0130,40.7204293,-73.7302924,Residential,40,0.0,0.0,1.9,1926.0,55814.0,73,0.5067,0.0,0.0,0.0
r0128_c0023,40.7217807,-73.921064,Industrial,3,0.0,0.0,1.0,1953.0,135416.0,3,-0.0,0.0,0.0,0.0
r0128_c0024,40.7217807,-73.9192811,Industrial,4,0.0,0.0,1.0,1956.0,152446.0,4,-0.0,0.0,0.0,0.0
r0128_c0027,40.7217807,-73.9139324,Mixed-Use,4,0.0,0.0,3.0,1954.0,150000.0,2,1.027,0.0,0.0,0.0
r0128_c0028,40.7217807,-73.9121495,Industrial,45,177.78,0.0,1.7,1936.0,123879.0,51,1.5346,0.0,0.0,0.0
r0128_c0029,40.7217807,-73.9103665,Mixed-Use,31,44.44,0.0,1.8,1934.0,206751.0,48,1.6397,0.0,0.0,0.0
r0128_c0030,40.7217807,-73.9085836,Residential,42,133.33,0.0,1.8,1926.0,100289.0,60,2.1944,0.0,44.44,0.0
r0128_c0031,40.7217807,-73.9068007,Residential,76,222.22,0.0,2.1,1933.0,140565.0,101,0.6461,0.0,0.0,0.0
r0128_c0032,40.7217807,-73.9050178,Residential,45,355.56,0.25,2.1,1927.0,95391.0,77,1.5798,0.0,88.89,0.0
r0128_c0033,40.7217807,-73.9032349,Residential,52,444.44,0.2,2.1,1937.0,129509.0,59,2.4831,0.0,222.22,0.0
r0128_c0034,40.7217807,-73.901452,Residential,81,533.33,0.0833,2.0,1934.0,165789.0,130,1.0752,0.0,266.67,0.1667
r0128_c0035,40.7217807,-73.8996691,Residential,39,222.22,0.0,1.6,1923.0,51814.0,62,0.3064,0.0,0.0,0.0
r0128_c0036,40.7217807,-73.8978862,Residential,15,177.78,0.0,1.1,1915.0,11754.0,29,-0.0,0.0,0.0,0.0
r0128_c0038,40.7217807,-73.8943203,Residential,35,266.67,0.0,2.0,1942.0,65563.0,50,0.7313,0.0,0.0,0.0
r0128_c0039,40.7217807,-73.8925374,Residential,63,88.89,0.5,2.0,1943.0,118453.0,86,0.9046,0.0,0.0,0.0
r0128_c0040,40.7217807,-73.8907545,Residential,52,88.89,0.0,2.0,1943.0,95039.0,76,0.4992,0.0,0.0,0.0
r0128_c0041,40.7217807,-73.8889716,Residential,86,88.89,0.0,2.1,1941.0,120885.0,103,-0.0,0.0,0.0,0.0
r0128_c0042,40.7217807,-73.8871887,Residential,68,1066.67,0.0417,2.0,1946.0,103691.0,73,0.7956,0.0,266.67,0.1667
r0128_c0043,40.7217807,-73.8854058,Mixed-Use,9,533.33,0.0833,1.7,1963.0,25718.0,7,1.4073,0.0,0.0,0.0
r0128_c0044,40.7217807,-73.8836229,Residential,66,844.44,0.0,2.2,1955.0,129315.0,67,1.2521,0.0,0.0,0.0
r0128_c0045,40.7217807,-73.88184,Residential,55,222.22,0.0,2.0,1950.0,92872.0,57,-0.0,0.0,0.0,0.0
r0128_c0046,40.7217807,-73.880057,Residential,53,44.44,0.0,1.9,1940.0,66368.0,61,-0.0,0.0,0.0,0.0
r0128_c0047,40.7217807,-73.8782741,Residential,55,533.33,0.0,1.9,1940.0,63125.0,57,-0.0,0.0,0.0,0.0
r0128_c0048,40.7217807,-73.8764912,Residential,44,400.0,0.0,2.0,1940.0,59759.0,43,0.2635,0.0,0.0,0.0
r0128_c0049,40.7217807,-73.8747083,Residential,26,222.22,0.2,2.0,1942.0,43542.0,20,1.2426,0.0,88.89,0.0
r0128_c0050,40.7217807,-73.8729254,Residential,70,355.56,0.0,2.3,1934.0,133135.0,139,0.577,0.0,44.44,0.0
r0128_c0051,40.7217807,-73.8711425,Residential,78,177.78,0.0,2.2,1933.0,128912.0,121,-0.0,0.0,0.0,0.0
r0128_c0052,40.7217807,-73.8693596,Residential,64,133.33,0.0,2.2,1934.0,106210.0,116,0.1986,0.0,0.0,0.0
r0128_c0053,40.7217807,-73.8675767,Residential,16,133.33,0.6667,2.0,1955.0,138497.0,26,1.5226,0.0,44.44,0.0
r0128_c0054,40.7217807,-73.8657937,Residential,27,44.44,0.0,2.1,1937.0,179897.0,48,1.7219,0.0,0.0,0.0
r0128_c0055,40.7217807,-73.8640108,Residential,40,44.44,0.0,2.1,1943.0,89600.0,68,0.1591,0.0,0.0,0.0
r0128_c0056,40.7217807,-73.8622279,Residential,37,44.44,0.0,1.9,1947.0,76716.0,48,0.1888,0.0,0.0,0.0
r0128_c0057,40.7217807,-73.860445,Residential,46,133.33,0.0,1.7,1948.0,90989.0,54,-0.0,0.0,0.0,0.0
r0128_c0058,40.7217807,-73.8586621,Residential,29,133.33,0.0,1.8,1943.0,48047.0,28,1.288,0.0,0.0,0.0
r0128_c0059,40.7217807,-73.8568792,Residential,52,0.0,0.0,2.0,1942.0,217481.0,53,1.1134,0.0,0.0,0.0
r0128_c0060,40.7217807,-73.8550963,Residential,36,444.44,0.3,2.6,1946.0,391052.0,42,1.8138,0.0,88.89,0.0
r0128_c0061,40.7217807,-73.8533134,Residential,53,133.33,0.0,2.2,1942.0,178314.0,83,1.5116,0.0,0.0,0.0
r0128_c0062,40.7217807,-73.8515304,Residential,21,577.78,0.0769,2.4,1939.0,248996.0,40,1.9324,44.44,88.89,0.0
r0128_c0063,40.7217807,-73.8497475,Residential,7,800.0,0.2222,9.2,1962.0,686358.0,5,1.2766,0.0,133.33,0.3333
r0128_c0064,40.7217807,-73.8479646,Commercial,5,1155.56,0.0,3.0,1955.0,186061.0,4,1.2458,0.0,133.33,1.0
r0128_c0065,40.7217807,-73.8461817,Institutional,6,1777.78,0.025,5.4,1965.0,191224.0,6,1.541,44.44,88.89,0.5
r0128_c0066,40.7217807,-73.8443988,Commercial,5,1200.0,0.1852,5.2,1940.0,236342.0,5,0.905,44.44,222.22,0.4
r0128_c0067,40.7217807,-73.8426159,Residential,11,533.33,0.0833,7.5,1955.0,729685.0,11,1.4256,0.0,88.89,0.5
r0128_c0068,40.7217807,-73.840833,Residential,7,44.44,0.0,6.4,1961.0,672089.0,7,0.514,0.0,0.0,0.0
r0128_c0069,40.7217807,-73.8390501,Residential,14,0.0,0.0,4.1,1941.0,517101.0,20,0.9901,0.0,0.0,0.0
r0128_c0070,40.7217807,-73.8372672,Residential,12,311.11,0.0,3.6,1952.0,231731.0,19,1.6345,0.0,0.0,0.0
r0128_c0076,40.7217807,-73.8265697,Residential,14,133.33,0.0,1.6,1965.0,30157.0,19,-0.0,88.89,0.0,0.0
r0128_c0077,40.7217807,-73.8247868,Residential,32,177.78,0.0,1.7,1956.0,73618.0,52,0.1708,0.0,0.0,0.0
r0128_c0078,40.7217807,-73.8230039,Residential,40,222.22,0.0,2.2,1943.0,111906.0,47,1.1199,0.0,0.0,0.0
r0128_c0079,40.7217807,-73.8212209,Residential,67,0.0,0.0,2.5,1944.0,119658.0,67,-0.0,0.0,0.0,0.0
r0128_c0080,40.7217807,-73.819438,Residential,42,177.78,0.0,2.0,1950.0,73902.0,44,1.8089,0.0,0.0,0.0
r0128_c0081,40.7217807,-73.8176551,Residential,68,0.0,0.0,2.0,1950.0,159158.0,83,1.1834,0.0,0.0,0.0
r0128_c0082,40.7217807,-73.8158722,Residential,93,0.0,0.0,2.0,1947.0,149644.0,91,0.1925,0.0,0.0,0.0
r0128_c0083,40.7217807,-73.8140893,Residential,72,0.0,0.0,2.0,1947.0,125814.0,72,0.3074,0.0,0.0,0.0
r0128_c0084,40.7217807,-73.8123064,Residential,85,0.0,0.0,2.0,1948.0,125217.0,86,0.3021,0.0,0.0,0.0
r0128_c0085,40.7217807,-73.8105235,Residential,72,44.44,0.0,2.1,1952.0,178568.0,90,1.0737,0.0,0.0,0.0
r0128_c0086,40.7217807,-73.8087406,Residential,37,133.33,0.0,2.0,1940.0,112535.0,60,0.9394,0.0,0.0,0.0
r0128_c0087,40.7217807,-73.8069576,Residential,46,88.89,0.0,2.1,1939.0,82055.0,75,0.4608,0.0,0.0,0.0
r0128_c0088,40.7217807,-73.8051747,Residential,17,355.56,0.125,2.4,1938.0,128833.0,27,1.42,0.0,44.44,1.0
r0128_c0089,40.7217807,-73.8033918,Residential,37,400.0,0.4444,2.0,1942.0,59940.0,48,2.1054,0.0,0.0,0.0
r0128_c0090,40.7217807,-73.8016089,Residential,40,133.33,0.0,1.8,1952.0,65500.0,56,0.6861,0.0,0.0,0.0
r0128_c0091,40.7217807,-73.799826,Residential,46,133.33,0.0,1.7,1951.0,66206.0,67,0.0908,0.0,0.0,0.0
r0128_c0092,40.7217807,-73.7980431,Residential,32,222.22,0.0,2.1,1941.0,43219.0,47,-0.0,44.44,0.0,0.0
r0128_c0097,40.7217807,-73.7891285,Residential,35,222.22,0.0,2.0,1938.0,84688.0,46,-0.0,0.0,0.0,0.0
r0128_c0098,40.7217807,-73.7873456,Residential,22,177.78,0.0,2.1,1946.0,62046.0,24,-0.0,0.0,0.0,0.0
r0128_c0099,40.7217807,-73.7855627,Residential,20,88.89,0.0,2.2,1937.0,60336.0,27,-0.0,0.0,0.0,0.0
r0128_c0100,40.7217807,-73.7837798,Residential,20,44.44,0.0,2.0,1944.0,53274.0,21,0.7103,0.0,0.0,0.0
r0128_c0101,40.7217807,-73.7819969,Residential,24,222.22,0.0,2.1,1950.0,66505.0,34,0.3241,0.0,0.0,0.0
r0128_c0102,40.7217807,-73.780214,Residential,19,0.0,0.0,2.0,1948.0,50315.0,26,-0.0,0.0,0.0,0.0
r0128_c0103,40.7217807,-73.7784311,Residential,5,0.0,0.0,2.2,1938.0,11321.0,9,-0.0,0.0,0.0,0.0
r0128_c0104,40.7217807,-73.7766481,Residential,9,88.89,0.0,1.9,1949.0,61927.0,12,0.9983,0.0,0.0,0.0
r0128_c0105,40.7217807,-73.7748652,Residential,22,133.33,0.0,1.9,1963.0,57674.0,26,-0.0,0.0,0.0,0.0
r0128_c0106,40.7217807,-73.7730823,Residential,19,177.78,0.0,1.8,1953.0,54646.0,26,0.2774,0.0,0.0,0.0
r0128_c0107,40.7217807,-73.7712994,Residential,26,177.78,0.0,1.9,1946.0,55611.0,31,0.2592,0.0,0.0,0.0
r0128_c0108,40.7217807,-73.7695165,Residential,24,44.44,0.0,1.7,1958.0,58560.0,26,-0.0,0.0,0.0,0.0
r0128_c0109,40.7217807,-73.7677336,Residential,27,177.78,0.0,1.6,1953.0,57472.0,30,-0.0,0.0,0.0,0.0
r0128_c0110,40.7217807,-73.7659507,Residential,18,88.89,0.0,1.5,1956.0,51957.0,18,0.2896,0.0,0.0,0.0
r0128_c0111,40.7217807,-73.7641678,Residential,25,0.0,0.0,1.6,1958.0,57663.0,28,-0.0,0.0,0.0,0.0
r0128_c0112,40.7217807,-73.7623848,Residential,4,44.44,0.0,2.7,1957.0,196662.0,5,0.8074,0.0,0.0,0.0
r0128_c0113,40.7217807,-73.7606019,Residential,5,1022.22,0.0,3.0,1974.0,194680.0,6,0.6189,0.0,44.44,0.0
r0128_c0114,40.7217807,-73.758819,Residential,37,577.78,0.2308,1.9,1953.0,81141.0,45,1.8757,0.0,222.22,0.0
r0128_c0115,40.7217807,-73.7570361,Residential,52,177.78,0.0,1.8,1943.0,77815.0,92,0.1779,0.0,0.0,0.0
r0128_c0116,40.7217807,-73.7552532,Residential,48,44.44,0.0,2.2,1937.0,76175.0,77,-0.0,0.0,0.0,0.0
r0128_c0117,40.7217807,-73.7534703,Residential,43,133.33,0.0,2.3,1933.0,68953.0,80,-0.0,0.0,0.0,0.0
r0128_c0118,40.7217807,-73.7516874,Residential,37,133.33,0.0,2.3,1933.0,57054.0,66,0.3536,0.0,0.0,0.0
r0128_c0119,40.7217807,-73.7499045,Residential,47,88.89,0.0,2.4,1930.0,73852.0,91,0.0076,0.0,0.0,0.0
r0128_c0120,40.7217807,-73.7481216,Residential,61,133.33,0.0,2.2,1925.0,99199.0,98,0.9238,0.0,44.44,0.0
r0128_c0121,40.7217807,-73.7463386,Residential,58,88.89,0.0,2.2,1921.0,64400.0,101,-0.0,0.0,0.0,0.0
r0128_c0122,40.7217807,-73.7445557,Residential,50,0.0,0.0,2.3,1921.0,58645.0,94,-0.0,0.0,0.0,0.0
r0128_c0123,40.7217807,-73.7427728,Residential,63,177.78,0.0,2.3,1926.0,92736.0,107,0.3828,0.0,0.0,0.0
r0128_c0124,40.7217807,-73.7409899,Residential,49,88.89,0.0,2.5,1926.0,81244.0,93,0.1687,0.0,0.0,0.0
r0128_c0125,40.7217807,-73.739207,Residential,33,44.44,0.0,2.0,1932.0,58098.0,57,0.36,0.0,0.0,0.0
r0128_c0126,40.7217807,-73.7374241,Residential,32,44.44,0.0,2.1,1928.0,47130.0,60,0.6161,0.0,0.0,0.0
r0128_c0127,40.7217807,-73.7356412,Residential,38,177.78,0.0,2.3,1923.0,85182.0,63,0.6321,0.0,0.0,0.0
r0128_c0128,40.7217807,-73.7338583,Residential,47,44.44,0.0,2.3,1926.0,68698.0,86,-0.0,0.0,0.0,0.0
r0128_c0129,40.7217807,-73.7320753,Residential,13,88.89,0.0,2.7,1941.0,263561.0,23,2.1413,0.0,44.44,0.0
r0128_c0130,40.7217807,-73.7302924,Residential,14,311.11,0.1429,2.2,1932.0,100350.0,20,1.5781,0.0,133.33,0.3333
r0129_c0023,40.723132,-73.921064,Industrial,5,44.44,0.0,1.0,1965.0,91230.0,4,0.9882,0.0,0.0,0.0
r0129_c0024,40.723132,-73.9192811,Industrial,9,0.0,0.0,1.0,1960.0,129947.0,8,0.4486,0.0,0.0,0.0
r0129_c0025,40.723132,-73.9174982,Industrial,5,0.0,0.0,1.7,1957.0,139778.0,3,0.2406,0.0,0.0,0.0
r0129_c0026,40.723132,-73.9157153,Mixed-Use,5,44.44,0.0,1.0,1930.0,48870.0,1,0.8725,0.0,0.0,0.0
r0129_c0027,40.723132,-73.9139324,Industrial,4,0.0,0.0,1.6,1930.0,37083.0,4,1.0677,0.0,0.0,0.0
r0129_c0028,40.723132,-73.9121495,Industrial,38,88.89,0.0,1.9,1931.0,161599.0,45,2.0244,0.0,0.0,0.0
r0129_c0029,40.723132,-73.9103665,Industrial,35,88.89,0.0,2.0,1923.0,304633.0,41,1.2434,0.0,0.0,0.0
r0129_c0030,40.723132,-73.9085836,Residential,58,488.89,0.0,1.9,1931.0,142554.0,79,2.0019,0.0,44.44,0.0
r0129_c0031,40.723132,-73.9068007,Residential,54,222.22,0.0,1.9,1943.0,134612.0,70,1.5386,0.0,0.0,0.0
r0129_c0032,40.723132,-73.9050178,Residential,44,222.22,0.0,2.1,1928.0,106542.0,57,2.0437,0.0,0.0,0.0
r0129_c0033,40.723132,-73.9032349,Residential,58,177.78,0.0,2.1,1929.0,103662.0,71,1.6837,0.0,0.0,0.0
r0129_c0034,40.723132,-73.901452,Residential,53,844.44,0.1053,2.3,1947.0,152142.0,68,1.7528,0.0,311.11,0.0
r0129_c0035,40.723132,-73.8996691,Mixed-Use,21,711.11,0.125,2.3,1926.0,47089.0,26,1.1008,0.0,177.78,0.0
r0129_c0036,40.723132,-73.8978862,Residential,23,222.22,0.0,2.1,1933.0,32439.0,31,0.3375,0.0,0.0,0.0
r0129_c0037,40.723132,-73.8961033,Residential,7,0.0,0.0,2.7,1948.0,13407.0,9,1.0669,0.0,0.0,0.0
r0129_c0038,40.723132,-73.8943203,Residential,44,222.22,0.0,2.0,1948.0,91192.0,54,1.6384,0.0,0.0,0.0
r0129_c0039,40.723132,-73.8925374,Residential,71,177.78,0.0,1.9,1934.0,125008.0,84,0.3403,0.0,0.0,0.0
r0129_c0040,40.723132,-73.8907545,Residential,80,133.33,0.0,1.5,1946.0,124127.0,93,0.3158,0.0,0.0,0.0
r0129_c0041,40.723132,-73.8889716,Residential,64,177.78,0.0,1.9,1941.0,116046.0,86,0.3719,0.0,0.0,0.0
r0129_c0042,40.723132,-73.8871887,Residential,91,755.56,0.0,2.1,1953.0,163311.0,91,0.2353,0.0,0.0,0.0
r0129_c0043,40.723132,-73.8854058,Residential,47,444.44,0.0,2.1,1959.0,122742.0,46,1.354,0.0,0.0,0.0
r0129_c0044,40.723132,-73.8836229,Residential,76,355.56,0.0,2.0,1953.0,141417.0,78,0.1533,0.0,0.0,0.0
r0129_c0045,40.723132,-73.88184,Residential,94,0.0,0.0,2.0,1943.0,117429.0,94,0.1201,0.0,0.0,0.0
r0129_c0046,40.723132,-73.880057,Residential,108,44.44,0.0,2.0,1940.0,122979.0,109,-0.0,0.0,0.0,0.0
r0129_c0047,40.723132,-73.8782741,Residential,86,177.78,0.0,2.0,1944.0,98872.0,94,-0.0,0.0,0.0,0.0
r0129_c0048,40.723132,-73.8764912,Residential,85,222.22,0.0,2.0,1942.0,106490.0,93,-0.0,0.0,0.0,0.0
r0129_c0049,40.723132,-73.8747083,Residential,72,222.22,0.0,1.9,1939.0,108863.0,87,0.2935,0.0,0.0,0.0
r0129_c0050,40.723132,-73.8729254,Residential,65,88.89,0.0,2.4,1933.0,112426.0,126,0.1416,0.0,0.0,0.0
r0129_c0051,40.723132,-73.8711425,Residential,70,88.89,0.0,2.2,1932.0,112887.0,128,0.1201,0.0,0.0,0.0
r0129_c0052,40.723132,-73.8693596,Residential,64,222.22,0.6,2.3,1933.0,153312.0,100,1.0149,0.0,0.0,0.0
r0129_c0053,40.723132,-73.8675767,Residential,26,400.0,0.1111,2.1,1937.0,60845.0,42,1.5466,0.0,88.89,0.0
r0129_c0054,40.723132,-73.8657937,Residential,48,133.33,0.0,2.1,1941.0,105589.0,77,0.4246,0.0,0.0,0.0
r0129_c0055,40.723132,-73.8640108,Residential,42,88.89,0.0,1.9,1938.0,92624.0,68,0.3173,0.0,0.0,0.0
r0129_c0056,40.723132,-73.8622279,Residential,33,177.78,0.0,1.9,1947.0,80292.0,44,0.2,0.0,0.0,0.0
r0129_c0057,40.723132,-73.860445,Residential,49,355.56,0.0,1.7,1942.0,87272.0,57,0.5542,0.0,0.0,0.0
r0129_c0058,40.723132,-73.8586621,Mixed-Use,17,222.22,0.0,2.3,1943.0,120012.0,16,1.4013,0.0,0.0,0.0
r0129_c0059,40.723132,-73.8568792,Residential,39,0.0,0.0,2.3,1944.0,293786.0,39,1.1584,0.0,0.0,0.0
r0129_c0060,40.723132,-73.8550963,Residential,39,0.0,0.0,2.3,1957.0,174040.0,38,1.6683,0.0,0.0,0.0
r0129_c0061,40.723132,-73.8533134,Residential,56,0.0,0.0,2.1,1947.0,191191.0,84,0.8123,0.0,0.0,0.0
r0129_c0062,40.723132,-73.8515304,Institutional,4,1155.56,0.0385,2.8,1961.0,154229.0,7,0.4173,44.44,44.44,0.0
r0129_c0064,40.723132,-73.8479646,Residential,3,1600.0,0.0833,7.3,1975.0,381231.0,3,1.3716,44.44,222.22,0.2
r0129_c0065,40.723132,-73.8461817,Mixed-Use,3,222.22,0.0,6.0,1944.0,444580.0,3,1.0,0.0,0.0,0.0
r0129_c0066,40.723132,-73.8443988,Residential,14,133.33,0.0,4.0,1943.0,605728.0,18,1.7151,0.0,0.0,0.0
r0129_c0067,40.723132,-73.8426159,Residential,22,44.44,0.0,2.8,1939.0,182180.0,35,1.0371,0.0,0.0,0.0
r0129_c0068,40.723132,-73.840833,Residential,33,88.89,0.0,2.1,1948.0,92640.0,46,0.4283,0.0,0.0,0.0
r0129_c0069,40.723132,-73.8390501,Institutional,11,266.67,0.0,3.1,1950.0,335946.0,16,1.8101,0.0,0.0,0.0
r0129_c0076,40.723132,-73.8265697,Open Space,19,1955.56,0.0,1.6,1960.0,38838.0,27,0.9999,44.44,0.0,0.0
r0129_c0077,40.723132,-73.8247868,Residential,43,44.44,0.0,2.0,1943.0,105369.0,74,-0.0,0.0,0.0,0.0
r0129_c0078,40.723132,-73.8230039,Residential,52,0.0,0.0,2.3,1943.0,105649.0,72,0.1616,0.0,0.0,0.0
r0129_c0079,40.723132,-73.8212209,Residential,71,0.0,0.0,2.4,1941.0,116567.0,75,0.14,0.0,0.0,0.0
r0129_c0080,40.723132,-73.819438,Residential,28,355.56,0.0,2.0,1948.0,85633.0,32,1.937,0.0,0.0,0.0
r0129_c0081,40.723132,-73.8176551,Residential,44,44.44,0.0,2.1,1945.0,166775.0,49,1.4168,0.0,0.0,0.0
r0129_c0082,40.723132,-73.8158722,Residential,79,0.0,0.0,2.0,1954.0,164195.0,79,0.1696,0.0,0.0,0.0
r0129_c0083,40.723132,-73.8140893,Residential,78,88.89,0.0,2.0,1952.0,136599.0,78,-0.0,0.0,0.0,0.0
r0129_c0084,40.723132,-73.8123064,Residential,87,0.0,0.0,2.0,1950.0,135442.0,88,-0.0,0.0,0.0,0.0
r0129_c0085,40.723132,-73.8105235,Residential,63,0.0,0.0,2.3,1960.0,131179.0,72,1.1753,0.0,0.0,0.0
r0129_c0086,40.723132,-73.8087406,Residential,52,133.33,0.0,2.1,1943.0,84705.0,87,0.4107,0.0,0.0,0.0
r0129_c0087,40.723132,-73.8069576,Residential,46,88.89,0.0,2.0,1949.0,77123.0,69,0.4013,0.0,0.0,0.0
r0129_c0088,40.723132,-73.8051747,Residential,34,88.89,0.0,2.2,1941.0,115428.0,49,1.907,0.0,44.44,0.0
r0129_c0089,40.723132,-73.8033918,Residential,61,44.44,0.0,2.1,1951.0,107889.0,79,0.8845,0.0,0.0,0.0
r0129_c0090,40.723132,-73.8016089,Residential,49,266.67,0.1667,2.0,1953.0,103184.0,65,0.9435,0.0,0.0,0.0
r0129_c0091,40.723132,-73.799826,Residential,29,1555.56,0.1714,1.8,1953.0,74523.0,40,1.4872,0.0,711.11,0.125
r0129_c0092,40.723132,-73.7980431,Residential,25,311.11,0.1429,2.3,1933.0,38414.0,40,0.3169,0.0,0.0,0.0
r0129_c0097,40.723132,-73.7891285,Residential,31,88.89,0.0,1.9,1940.0,77010.0,34,0.097,0.0,0.0,0.0
r0129_c0098,40.723132,-73.7873456,Residential,29,311.11,0.0,2.0,1942.0,74040.0,38,-0.0,0.0,0.0,0.0
r0129_c0099,40.723132,-73.7855627,Residential,26,222.22,0.0,2.2,1948.0,72962.0,34,-0.0,0.0,0.0,0.0
r0129_c0100,40.723132,-73.7837798,Residential,19,177.78,0.0,2.2,1952.0,64637.0,25,-0.0,0.0,0.0,0.0
r0129_c0101,40.723132,-73.7819969,Residential,24,177.78,0.0,2.3,1945.0,81757.0,33,-0.0,0.0,0.0,0.0
r0129_c0102,40.723132,-73.780214,Residential,27,0.0,0.0,2.1,1946.0,72801.0,31,-0.0,0.0,0.0,0.0
r0129_c0103,40.723132,-73.7784311,Residential,24,44.44,0.0,2.0,1942.0,50828.0,34,0.2568,0.0,0.0,0.0
r0129_c0105,40.723132,-73.7748652,Residential,18,88.89,0.0,1.6,1950.0,45062.0,25,-0.0,0.0,0.0,0.0
r0129_c0106,40.723132,-73.7730823,Residential,20,177.78,0.0,1.9,1950.0,42191.0,27,-0.0,0.0,0.0,0.0
r0129_c0107,40.723132,-73.7712994,Residential,20,88.89,0.0,1.9,1954.0,49080.0,24,-0.0,0.0,0.0,0.0
r0129_c0108,40.723132,-73.7695165,Residential,28,177.78,0.0,1.7,1953.0,63585.0,34,-0.0,0.0,0.0,0.0
r0129_c0109,40.723132,-73.7677336,Residential,18,222.22,0.0,1.7,1971.0,60959.0,18,0.4814,0.0,0.0,0.0
r0129_c0110,40.723132,-73.7659507,Residential,28,44.44,0.0,1.6,1955.0,73742.0,29,0.031,0.0,0.0,0.0
r0129_c0111,40.723132,-73.7641678,Residential,11,0.0,0.0,2.3,1953.0,296840.0,15,1.2137,0.0,0.0,0.0
r0129_c0114,40.723132,-73.758819,Residential,21,0.0,0.0,1.7,1952.0,35907.0,34,-0.0,0.0,0.0,0.0
r0129_c0115,40.723132,-73.7570361,Residential,29,177.78,0.0,1.9,1947.0,85358.0,57,1.3744,0.0,0.0,0.0
r0129_c0116,40.723132,-73.7552532,Residential,44,88.89,0.0,2.0,1943.0,72797.0,72,0.8082,0.0,44.44,0.0
r0129_c0117,40.723132,-73.7534703,Residential,38,88.89,0.0,2.3,1929.0,61309.0,74,0.3709,0.0,0.0,0.0
r0129_c0118,40.723132,-73.7516874,Residential,58,88.89,0.0,2.3,1933.0,82587.0,108,-0.0,0.0,0.0,0.0
r0129_c0119,40.723132,-73.7499045,Residential,71,88.89,0.0,2.1,1923.0,90894.0,124,0.0669,0.0,0.0,0.0
r0129_c0120,40.723132,-73.7481216,Residential,59,0.0,0.0,2.1,1927.0,79071.0,106,-0.0,0.0,0.0,0.0
r0129_c0121,40.723132,-73.7463386,Residential,50,177.78,0.0,2.3,1924.0,65286.0,95,-0.0,0.0,0.0,0.0
r0129_c0122,40.723132,-73.7445557,Residential,50,355.56,0.0,2.2,1926.0,67928.0,100,0.1657,0.0,44.44,0.0
r0129_c0123,40.723132,-73.7427728,Residential,52,133.33,0.0,2.2,1923.0,69937.0,96,0.2066,0.0,0.0,0.0
r0129_c0124,40.723132,-73.7409899,Residential,48,0.0,0.0,2.4,1925.0,80929.0,91,-0.0,0.0,0.0,0.0
r0129_c0125,40.723132,-73.739207,Residential,50,88.89,0.0,2.4,1927.0,69004.0,91,0.0863,0.0,0.0,0.0
r0129_c0126,40.723132,-73.7374241,Residential,25,177.78,0.0,2.3,1928.0,91852.0,44,1.3481,0.0,0.0,0.0
r0129_c0127,40.723132,-73.7356412,Residential,30,177.78,0.0,2.3,1931.0,71289.0,52,0.5822,0.0,0.0,0.0
r0129_c0128,40.723132,-73.7338583,Residential,40,88.89,0.0,2.4,1921.0,69766.0,77,-0.0,0.0,0.0,0.0
r0129_c0129,40.723132,-73.7320753,Residential,34,133.33,0.0,2.2,1936.0,58159.0,61,0.1864,0.0,0.0,0.0
r0129_c0130,40.723132,-73.7302924,Residential,48,222.22,0.0,2.3,1930.0,77269.0,83,0.9589,0.0,44.44,0.0
r0129_c0131,40.723132,-73.7285095,Residential,34,266.67,0.0,2.0,1947.0,55155.0,41,1.79,0.0,133.33,0.0
r0130_c0023,40.7244834,-73.921064,Industrial,6,88.89,0.0,4.0,1931.0,143840.0,2,0.9959,0.0,0.0,0.0
r0130_c0025,40.7244834,-73.9174982,Industrial,6,0.0,0.0,1.0,1975.0,43020.0,7,1.3682,0.0,0.0,0.0
r0130_c0026,40.7244834,-73.9157153,Mixed-Use,7,0.0,0.0,1.0,1982.0,25651.0,5,0.793,0.0,0.0,0.0
r0130_c0027,40.7244834,-73.9139324,Industrial,9,88.89,0.0,1.0,2015.0,125230.0,9,0.9293,0.0,0.0,0.0
r0130_c0028,40.7244834,-73.9121495,Industrial,8,44.44,0.0,1.3,1957.0,118884.0,13,1.0218,0.0,0.0,0.0
r0130_c0029,40.7244834,-73.9103665,Industrial,6,0.0,0.0,1.0,1965.0,86922.0,8,0.481,0.0,0.0,0.0
r0130_c0030,40.7244834,-73.9085836,Industrial,16,44.44,0.0,1.5,1951.0,203491.0,20,0.5192,0.0,0.0,0.0
r0130_c0031,40.7244834,-73.9068007,Residential,54,133.33,0.0,2.1,1933.0,145643.0,72,2.2108,0.0,0.0,0.0
r0130_c0032,40.7244834,-73.9050178,Residential,64,266.67,0.3333,2.3,1922.0,164749.0,81,1.5633,0.0,44.44,0.0
r0130_c0033,40.7244834,-73.9032349,Residential,71,222.22,0.0,2.2,1931.0,145499.0,94,1.5922,0.0,0.0,0.0
r0130_c0034,40.7244834,-73.901452,Residential,55,266.67,0.0,2.0,1936.0,113341.0,65,1.5678,0.0,0.0,0.0
r0130_c0035,40.7244834,-73.8996691,Residential,52,755.56,0.0588,2.2,1942.0,128212.0,62,1.7804,0.0,222.22,0.0
r0130_c0036,40.7244834,-73.8978862,Mixed-Use,44,1911.11,0.1163,2.1,1941.0,150107.0,53,2.1073,0.0,755.56,0.0588
r0130_c0037,40.7244834,-73.8961033,Mixed-Use,26,666.67,0.0,1.8,1939.0,69038.0,32,2.3327,0.0,88.89,0.5
r0130_c0038,40.7244834,-73.8943203,Residential,50,400.0,0.0,1.9,1935.0,90480.0,76,0.8916,0.0,0.0,0.0
r0130_c0039,40.7244834,-73.8925374,Residential,51,355.56,0.0,2.1,1934.0,112740.0,75,0.6981,0.0,0.0,0.0
r0130_c0040,40.7244834,-73.8907545,Residential,69,133.33,0.0,2.0,1946.0,134415.0,90,0.9468,0.0,0.0,0.0
r0130_c0041,40.7244834,-73.8889716,Residential,70,222.22,0.0,2.5,1943.0,143102.0,88,0.8986,0.0,0.0,0.0
r0130_c0042,40.7244834,-73.8871887,Residential,70,177.78,0.0,2.7,1959.0,177251.0,73,1.0417,0.0,0.0,0.0
r0130_c0043,40.7244834,-73.8854058,Residential,28,222.22,0.0,2.5,1975.0,81249.0,30,1.079,0.0,0.0,0.0
r0130_c0044,40.7244834,-73.8836229,Residential,77,533.33,0.0,2.0,1952.0,143165.0,76,0.3473,0.0,0.0,0.0
r0130_c0045,40.7244834,-73.88184,Residential,86,222.22,0.0,2.0,1943.0,124930.0,90,0.4457,0.0,0.0,0.0
r0130_c0046,40.7244834,-73.880057,Residential,80,222.22,0.2,2.0,1944.0,108971.0,86,0.5729,0.0,44.44,0.0
r0130_c0047,40.7244834,-73.8782741,Residential,85,88.89,0.0,2.0,1947.0,119544.0,85,0.3228,0.0,0.0,0.0
r0130_c0048,40.7244834,-73.8764912,Residential,88,88.89,0.0,2.0,1942.0,116059.0,95,-0.0,0.0,0.0,0.0
r0130_c0049,40.7244834,-73.8747083,Residential,57,311.11,0.0,2.1,1938.0,90397.0,97,0.5173,0.0,0.0,0.0
r0130_c0050,40.7244834,-73.8729254,Residential,54,88.89,0.0,2.2,1936.0,85821.0,89,0.2394,0.0,0.0,0.0
r0130_c0051,40.7244834,-73.8711425,Residential,36,44.44,0.0,2.1,1932.0,54550.0,68,-0.0,0.0,0.0,0.0
r0130_c0052,40.7244834,-73.8693596,Mixed-Use,40,400.0,0.2222,2.5,1953.0,179960.0,54,1.6614,0.0,222.22,0.0
r0130_c0053,40.7244834,-73.8675767,Residential,54,266.67,0.1667,2.3,1933.0,112315.0,92,0.3406,0.0,0.0,0.0
r0130_c0054,40.7244834,-73.8657937,Residential,25,133.33,0.0,2.8,1945.0,328331.0,40,1.1812,0.0,0.0,0.0
r0130_c0055,40.7244834,-73.8640108,Residential,42,44.44,0.0,1.9,1942.0,89404.0,64,-0.0,0.0,0.0,0.0
r0130_c0056,40.7244834,-73.8622279,Residential,52,44.44,0.0,1.9,1941.0,99659.0,68,0.1549,0.0,0.0,0.0
r0130_c0057,40.7244834,-73.860445,Mixed-Use,39,44.44,0.0,2.0,1943.0,79938.0,40,1.0561,0.0,0.0,0.0
r0130_c0058,40.7244834,-73.8586621,Residential,5,44.44,0.0,5.0,1983.0,249115.0,5,0.2576,0.0,0.0,0.0
r0130_c0059,40.7244834,-73.8568792,Residential,22,177.78,0.0,4.0,1966.0,600966.0,19,1.5828,0.0,0.0,0.0
r0130_c0060,40.7244834,-73.8550963,Residential,29,400.0,0.3333,3.1,1960.0,310034.0,30,2.2916,0.0,133.33,0.0
r0130_c0061,40.7244834,-73.8533134,Residential,36,44.44,0.0,2.8,1954.0,503407.0,66,1.5569,0.0,0.0,0.0
r0130_c0062,40.7244834,-73.8515304,Residential,15,977.78,0.0455,3.8,1949.0,625824.0,24,1.1581,0.0,222.22,0.0
r0130_c0064,40.7244834,-73.8479646,Residential,5,1111.11,0.08,5.0,1949.0,586336.0,6,1.3092,0.0,222.22,0.2
r0130_c0065,40.7244834,-73.8461817,Residential,4,444.44,0.0,7.0,1942.0,512322.0,4,0.7241,0.0,0.0,0.0
r0130_c0066,40.7244834,-73.8443988,Residential,24,133.33,0.0,2.7,1942.0,235107.0,38,1.4795,0.0,0.0,0.0
r0130_c0067,40.7244834,-73.8426159,Residential,27,0.0,0.0,2.3,1937.0,80833.0,47,-0.0,0.0,0.0,0.0
r0130_c0068,40.7244834,-73.840833,Residential,30,177.78,0.0,2.2,1953.0,88175.0,43,0.8486,0.0,0.0,0.0
r0130_c0069,40.7244834,-73.8390501,Institutional,19,88.89,0.0,1.8,1966.0,113795.0,20,1.1956,0.0,0.0,0.0
r0130_c0076,40.7244834,-73.8265697,Residential,33,133.33,0.0,2.0,1953.0,91801.0,44,-0.0,0.0,0.0,0.0
r0130_c0077,40.7244834,-73.8247868,Residential,38,44.44,0.0,2.2,1944.0,98942.0,65,-0.0,0.0,0.0,0.0
r0130_c0078,40.7244834,-73.8230039,Residential,58,0.0,0.0,2.3,1947.0,110797.0,82,-0.0,0.0,0.0,0.0
r0130_c0079,40.7244834,-73.8212209,Residential,33,666.67,0.0667,2.1,1945.0,106214.0,47,1.5513,0.0,222.22,0.0
r0130_c0080,40.7244834,-73.819438,Residential,82,0.0,0.0,2.2,1952.0,157193.0,83,1.4107,0.0,0.0,0.0
r0130_c0081,40.7244834,-73.8176551,Residential,26,133.33,0.0,1.8,1953.0,185754.0,39,0.9976,0.0,0.0,0.0
r0130_c0084,40.7244834,-73.8123064,Residential,41,133.33,0.0,2.4,1959.0,622888.0,41,0.969,0.0,0.0,0.0
r0130_c0085,40.7244834,-73.8105235,Residential,12,88.89,0.0,2.2,1970.0,149569.0,15,1.8675,0.0,0.0,0.0
r0130_c0086,40.7244834,-73.8087406,Institutional,17,44.44,0.0,2.2,1952.0,283149.0,27,1.3745,0.0,0.0,0.0
r0130_c0087,40.7244834,-73.8069576,Residential,49,44.44,0.0,2.1,1948.0,80496.0,78,0.5244,0.0,0.0,0.0
r0130_c0088,40.7244834,-73.8051747,Residential,31,88.89,0.0,2.0,1947.0,76574.0,43,1.8646,0.0,44.44,0.0
r0130_c0089,40.7244834,-73.8033918,Residential,56,311.11,0.0,2.0,1942.0,85374.0,77,0.0815,0.0,0.0,0.0
r0130_c0090,40.7244834,-73.8016089,Residential,60,0.0,0.0,2.0,1953.0,95196.0,81,0.0488,0.0,0.0,0.0
r0130_c0091,40.7244834,-73.799826,Residential,56,0.0,0.0,2.1,1944.0,92195.0,110,0.1534,0.0,0.0,0.0
r0130_c0092,40.7244834,-73.7980431,Residential,47,88.89,0.0,1.9,1946.0,74823.0,76,-0.0,0.0,0.0,0.0
r0130_c0093,40.7244834,-73.7962602,Residential,27,311.11,0.0,2.0,1954.0,41937.0,41,0.175,0.0,0.0,0.0
r0130_c0094,40.7244834,-73.7944773,Residential,4,222.22,0.0,1.7,1945.0,5845.0,8,-0.0,0.0,0.0,0.0
r0130_c0096,40.7244834,-73.7909114,Residential,20,444.44,0.0,1.9,1941.0,38174.0,28,-0.0,0.0,0.0,0.0
r0130_c0097,40.7244834,-73.7891285,Residential,34,88.89,0.0,1.8,1941.0,74475.0,57,0.2132,0.0,0.0,0.0
r0130_c0098,40.7244834,-73.7873456,Residential,30,44.44,0.0,2.0,1946.0,69886.0,45,-0.0,0.0,0.0,0.0
r0130_c0099,40.7244834,-73.7855627,Residential,26,266.67,0.0,2.1,1947.0,68213.0,36,-0.0,0.0,0.0,0.0
r0130_c0100,40.7244834,-73.7837798,Residential,24,222.22,0.0,2.3,1949.0,67543.0,30,0.1919,0.0,0.0,0.0
r0130_c0101,40.7244834,-73.7819969,Residential,20,355.56,0.0,2.2,1956.0,71865.0,25,-0.0,0.0,0.0,0.0
r0130_c0102,40.7244834,-73.780214,Residential,27,177.78,0.0,2.3,1940.0,69667.0,45,-0.0,0.0,0.0,0.0
r0130_c0103,40.7244834,-73.7784311,Residential,22,177.78,0.0,1.8,1947.0,69537.0,28,0.4607,0.0,0.0,0.0
r0130_c0104,40.7244834,-73.7766481,Institutional,6,44.44,0.0,2.0,1948.0,80020.0,7,0.8189,0.0,0.0,0.0
r0130_c0106,40.7244834,-73.7730823,Residential,7,44.44,0.0,1.9,1948.0,18577.0,7,0.167,0.0,0.0,0.0
r0130_c0107,40.7244834,-73.7712994,Residential,7,311.11,0.1429,1.9,1946.0,19854.0,8,-0.0,0.0,44.44,0.0
r0130_c0108,40.7244834,-73.7695165,Residential,15,133.33,0.0,1.8,1957.0,47804.0,15,0.0428,0.0,0.0,0.0
r0130_c0109,40.7244834,-73.7677336,Residential,24,177.78,0.0,1.8,1952.0,47413.0,24,0.2797,0.0,0.0,0.0
r0130_c0110,40.7244834,-73.7659507,Residential,25,177.78,0.0,1.7,1960.0,50583.0,27,1.022,0.0,0.0,0.0
r0130_c0111,40.7244834,-73.7641678,Residential,11,44.44,0.0,1.7,1955.0,34902.0,14,0.6386,0.0,0.0,0.0
r0130_c0115,40.7244834,-73.7570361,Residential,18,0.0,0.0,1.8,1945.0,173372.0,26,0.7816,0.0,0.0,0.0
r0130_c0116,40.7244834,-73.7552532,Residential,13,133.33,0.0,1.8,1947.0,56365.0,36,1.4416,0.0,133.33,0.0
r0130_c0117,40.7244834,-73.7534703,Residential,45,355.56,0.125,2.1,1933.0,74526.0,70,1.3707,0.0,133.33,0.0
r0130_c0118,40.7244834,-73.7516874,Residential,56,0.0,0.0,2.1,1922.0,69249.0,105,-0.0,0.0,0.0,0.0
r0130_c0119,40.7244834,-73.7499045,Residential,63,44.44,0.0,2.1,1930.0,77068.0,107,0.4473,0.0,0.0,0.0
r0130_c0120,40.7244834,-73.7481216,Residential,79,133.33,0.0,1.9,1938.0,101821.0,132,0.0468,0.0,0.0,0.0
r0130_c0121,40.7244834,-73.7463386,Residential,49,44.44,0.0,2.3,1927.0,66937.0,97,-0.0,0.0,0.0,0.0
r0130_c0122,40.7244834,-73.7445557,Residential,53,222.22,0.0,2.3,1929.0,80350.0,93,0.3618,0.0,44.44,0.0
r0130_c0123,40.7244834,-73.7427728,Residential,48,44.44,0.0,2.1,1929.0,64112.0,93,-0.0,0.0,0.0,0.0
r0130_c0124,40.7244834,-73.7409899,Residential,54,0.0,0.0,2.0,1925.0,62127.0,101,-0.0,0.0,0.0,0.0
r0130_c0125,40.7244834,-73.739207,Residential,43,88.89,0.0,2.2,1932.0,70580.0,82,0.5312,0.0,0.0,0.0
r0130_c0126,40.7244834,-73.7374241,Residential,48,0.0,0.0,2.2,1932.0,74967.0,92,-0.0,0.0,0.0,0.0
r0130_c0127,40.7244834,-73.7356412,Residential,42,177.78,0.0,2.4,1925.0,62722.0,77,-0.0,0.0,0.0,0.0
r0130_c0128,40.7244834,-73.7338583,Residential,54,311.11,0.0,2.1,1927.0,75378.0,99,-0.0,0.0,0.0,0.0
r0130_c0129,40.7244834,-73.7320753,Residential,47,88.89,0.0,2.2,1934.0,68852.0,86,-0.0,0.0,0.0,0.0
r0130_c0130,40.7244834,-73.7302924,Residential,57,222.22,0.0,2.1,1929.0,79661.0,93,-0.0,0.0,0.0,0.0
r0130_c0131,40.7244834,-73.7285095,Residential,47,177.78,0.0,2.1,1930.0,77029.0,76,0.0103,0.0,0.0,0.0
r0130_c0132,40.7244834,-73.7267266,Residential,49,177.78,0.0,2.3,1935.0,112789.0,83,0.6967,0.0,44.44,0.0
r0130_c0133,40.7244834,-73.7249437,Residential,23,177.78,0.0,2.7,1933.0,39119.0,36,0.473,0.0,0.0,0.0
r0131_c0021,40.7258348,-73.9246298,Industrial,3,0.0,0.0,2.0,2016.0,362474.0,2,0.8318,0.0,0.0,0.0
r0131_c0022,40.7258348,-73.9228469,Mixed-Use,4,88.89,0.0,,,0.0,0,-0.0,0.0,0.0,0.0
r0131_c0023,40.7258348,-73.921064,Mixed-Use,4,0.0,0.0,2.0,2010.0,23269.0,5,1.1391,0.0,0.0,0.0
r0131_c0024,40.7258348,-73.9192811,Industrial,8,0.0,0.0,1.2,1968.0,69900.0,4,1.4357,0.0,0.0,0.0
r0131_c0025,40.7258348,-73.9174982,Industrial,4,0.0,0.0,1.0,1954.0,140000.0,1,0.311,0.0,0.0,0.0
r0131_c0026,40.7258348,-73.9157153,Industrial,11,0.0,0.0,1.0,1986.0,57163.0,11,-0.0,0.0,0.0,0.0
r0131_c0028,40.7258348,-73.9121495,Mixed-Use,4,88.89,0.0,1.0,1978.0,18014.0,2,1.4291,0.0,0.0,0.0
r0131_c0030,40.7258348,-73.9085836,Industrial,15,266.67,0.6667,1.1,1985.0,97290.0,11,1.1123,0.0,0.0,0.0
r0131_c0031,40.7258348,-73.9068007,Commercial,22,222.22,0.2,2.1,1944.0,126258.0,29,1.8959,0.0,44.44,0.0
r0131_c0032,40.7258348,-73.9050178,Residential,33,266.67,0.0,2.2,1941.0,76469.0,44,1.614,0.0,0.0,0.0
r0131_c0033,40.7258348,-73.9032349,Residential,27,44.44,0.0,2.0,1941.0,51518.0,33,1.1699,0.0,0.0,0.0
r0131_c0034,40.7258348,-73.901452,Residential,18,133.33,0.0,2.3,1951.0,41642.0,23,1.551,0.0,0.0,0.0
r0131_c0035,40.7258348,-73.8996691,Residential,19,0.0,0.0,2.0,1951.0,29601.0,21,1.5958,0.0,0.0,0.0
r0131_c0036,40.7258348,-73.8978862,Residential,18,88.89,0.0,1.8,1958.0,31146.0,18,1.7075,0.0,0.0,0.0
r0131_c0037,40.7258348,-73.8961033,Mixed-Use,16,488.89,0.0,2.2,1957.0,63844.0,19,2.4797,0.0,88.89,0.0
r0131_c0038,40.7258348,-73.8943203,Residential,43,1200.0,0.2593,2.5,1923.0,139029.0,46,1.9139,0.0,533.33,0.0
r0131_c0039,40.7258348,-73.8925374,Residential,29,177.78,0.0,2.1,1943.0,117957.0,44,1.2291,0.0,0.0,0.0
r0131_c0040,40.7258348,-73.8907545,Residential,25,133.33,0.0,2.4,1965.0,50616.0,24,1.5623,0.0,0.0,0.0
r0131_c0041,40.7258348,-73.8889716,Residential,57,177.78,0.0,2.6,1949.0,129830.0,66,1.0798,0.0,0.0,0.0
r0131_c0042,40.7258348,-73.8871887,Residential,61,88.89,0.0,2.6,1954.0,151730.0,70,1.0651,0.0,0.0,0.0
r0131_c0043,40.7258348,-73.8854058,Mixed-Use,25,222.22,0.0,2.7,1979.0,66227.0,23,1.3128,0.0,0.0,0.0
r0131_c0044,40.7258348,-73.8836229,Residential,71,44.44,0.0,1.3,1945.0,132219.0,74,0.4089,0.0,0.0,0.0
r0131_c0045,40.7258348,-73.88184,Residential,63,311.11,0.0,2.2,1951.0,128444.0,69,0.79,0.0,0.0,0.0
r0131_c0046,40.7258348,-73.880057,Residential,62,177.78,0.0,1.8,1945.0,116185.0,61,1.4762,0.0,0.0,0.0
r0131_c0047,40.7258348,-73.8782741,Residential,48,311.11,0.0,1.9,1959.0,109056.0,50,1.7373,0.0,44.44,0.0
r0131_c0048,40.7258348,-73.8764912,Residential,65,222.22,0.4,2.0,1940.0,88798.0,69,0.5159,0.0,88.89,0.0
r0131_c0049,40.7258348,-73.8747083,Residential,79,177.78,0.0,1.8,1941.0,98962.0,105,0.4325,0.0,0.0,0.0
r0131_c0050,40.7258348,-73.8729254,Residential,39,44.44,0.0,1.8,1948.0,126460.0,58,1.0842,0.0,0.0,0.0
r0131_c0051,40.7258348,-73.8711425,Residential,3,44.44,0.0,4.3,1952.0,630961.0,8,0.3242,0.0,44.44,0.0
r0131_c0052,40.7258348,-73.8693596,Residential,46,88.89,0.0,2.1,1934.0,91036.0,81,1.092,0.0,0.0,0.0
r0131_c0053,40.7258348,-73.8675767,Residential,68,88.89,0.0,2.1,1933.0,117837.0,135,0.7588,0.0,0.0,0.0
r0131_c0054,40.7258348,-73.8657937,Residential,30,711.11,0.0625,2.6,1937.0,307133.0,53,2.0394,0.0,266.67,0.0
r0131_c0055,40.7258348,-73.8640108,Residential,50,533.33,0.0,1.9,1943.0,106895.0,81,1.3043,0.0,177.78,0.0
r0131_c0056,40.7258348,-73.8622279,Mixed-Use,28,0.0,0.0,1.8,1940.0,51122.0,27,0.8237,0.0,0.0,0.0
r0131_c0057,40.7258348,-73.860445,Mixed-Use,24,44.44,0.0,3.3,1969.0,215723.0,23,1.3806,0.0,0.0,0.0
r0131_c0058,40.7258348,-73.8586621,Residential,16,133.33,0.6667,4.0,1959.0,569724.0,18,0.7146,0.0,88.89,0.0
r0131_c0059,40.7258348,-73.8568792,Residential,34,44.44,0.0,2.6,1945.0,366474.0,35,1.0845,0.0,0.0,0.0
r0131_c0060,40.7258348,-73.8550963,Residential,76,44.44,0.0,2.1,1944.0,201994.0,94,1.1499,0.0,0.0,0.0
r0131_c0061,40.7258348,-73.8533134,Residential,24,800.0,0.3333,2.7,1947.0,351099.0,24,1.6135,88.89,133.33,0.0
r0131_c0062,40.7258348,-73.8515304,Mixed-Use,13,1333.33,0.1667,3.6,1963.0,134511.0,12,1.7267,44.44,266.67,0.1667
r0131_c0063,40.7258348,-73.8497475,Residential,10,1022.22,0.2609,4.1,1955.0,461745.0,10,1.3792,0.0,133.33,0.3333
r0131_c0064,40.7258348,-73.8479646,Mixed-Use,4,1644.44,0.0,4.8,1943.0,438974.0,4,1.5424,0.0,0.0,0.0
r0131_c0065,40.7258348,-73.8461817,Residential,7,266.67,0.0,4.7,1948.0,359727.0,7,1.5285,0.0,0.0,0.0
r0131_c0066,40.7258348,-73.8443988,Residential,23,400.0,0.0,2.2,1960.0,97540.0,39,1.3426,0.0,0.0,0.0
r0131_c0067,40.7258348,-73.8426159,Residential,28,177.78,0.0,2.2,1945.0,77428.0,38,0.6348,0.0,0.0,0.0
r0131_c0068,40.7258348,-73.840833,Residential,23,0.0,0.0,2.2,1956.0,73172.0,34,-0.0,0.0,0.0,0.0
r0131_c0069,40.7258348,-73.8390501,Residential,22,88.89,0.0,1.8,1956.0,62796.0,25,-0.0,0.0,0.0,0.0
r0131_c0075,40.7258348,-73.8283526,Residential,6,44.44,0.0,2.1,1942.0,17571.0,10,-0.0,0.0,0.0,0.0
r0131_c0076,40.7258348,-73.8265697,Residential,58,0.0,0.0,2.1,1940.0,103135.0,100,-0.0,0.0,0.0,0.0
r0131_c0077,40.7258348,-73.8247868,Residential,67,0.0,0.0,2.1,1942.0,114665.0,108,0.1619,0.0,0.0,0.0
r0131_c0078,40.7258348,-73.8230039,Residential,61,44.44,0.0,2.3,1942.0,113538.0,101,0.1011,0.0,0.0,0.0
r0131_c0079,40.7258348,-73.8212209,Residential,30,888.89,0.05,2.0,1944.0,96579.0,31,2.1643,0.0,88.89,0.0
r0131_c0080,40.7258348,-73.819438,Residential,77,0.0,0.0,2.2,1948.0,139073.0,79,0.7554,0.0,0.0,0.0
r0131_c0081,40.7258348,-73.8176551,Residential,36,88.89,0.0,2.1,1948.0,191830.0,51,1.4417,0.0,0.0,0.0
r0131_c0085,40.7258348,-73.8105235,Residential,40,533.33,0.25,2.1,1953.0,125806.0,57,1.755,0.0,177.78,0.25
r0131_c0086,40.7258348,-73.8087406,Residential,54,133.33,0.0,2.3,1933.0,92463.0,90,0.7715,0.0,0.0,0.0
r0131_c0087,40.7258348,-73.8069576,Residential,43,0.0,0.0,2.0,1955.0,115474.0,53,1.6012,0.0,0.0,0.0
r0131_c0088,40.7258348,-73.8051747,Residential,37,44.44,0.0,2.0,1943.0,55397.0,50,0.7544,0.0,0.0,0.0
r0131_c0089,40.7258348,-73.8033918,Residential,42,88.89,0.0,2.0,1944.0,63236.0,58,0.7013,0.0,0.0,0.0
r0131_c0090,40.7258348,-73.8016089,Residential,60,88.89,0.0,2.0,1954.0,90024.0,78,-0.0,0.0,0.0,0.0
r0131_c0091,40.7258348,-73.799826,Residential,71,0.0,0.0,2.0,1951.0,103252.0,127,-0.0,0.0,0.0,0.0
r0131_c0092,40.7258348,-73.7980431,Residential,48,44.44,0.0,1.8,1947.0,81726.0,81,-0.0,0.0,0.0,0.0
r0131_c0093,40.7258348,-73.7962602,Residential,50,88.89,0.0,1.9,1950.0,80992.0,81,-0.0,0.0,0.0,0.0
r0131_c0094,40.7258348,-73.7944773,Residential,45,222.22,0.0,1.9,1944.0,76672.0,81,0.1482,0.0,0.0,0.0
r0131_c0095,40.7258348,-73.7926944,Commercial,17,622.22,0.0714,2.0,1944.0,41191.0,20,0.9994,44.44,177.78,0.25
r0131_c0096,40.7258348,-73.7909114,Mixed-Use,21,1244.44,0.3929,1.7,1944.0,226944.0,28,1.6859,0.0,488.89,0.1818
r0131_c0097,40.7258348,-73.7891285,Residential,32,622.22,0.2143,1.9,1943.0,72862.0,56,1.095,0.0,311.11,0.0
r0131_c0098,40.7258348,-73.7873456,Residential,31,44.44,0.0,1.9,1943.0,73014.0,52,0.606,0.0,0.0,0.0
r0131_c0099,40.7258348,-73.7855627,Residential,31,177.78,0.0,2.0,1941.0,72453.0,44,-0.0,0.0,0.0,0.0
r0131_c0100,40.7258348,-73.7837798,Residential,29,133.33,0.0,2.1,1947.0,85052.0,45,-0.0,0.0,0.0,0.0
r0131_c0101,40.7258348,-73.7819969,Residential,28,44.44,0.0,2.0,1951.0,79927.0,31,0.145,0.0,0.0,0.0
r0131_c0102,40.7258348,-73.780214,Residential,27,88.89,0.0,2.0,1957.0,61089.0,41,0.1778,0.0,0.0,0.0
r0131_c0103,40.7258348,-73.7784311,Residential,28,133.33,0.0,2.0,1953.0,68882.0,43,0.2695,0.0,0.0,0.0
r0131_c0104,40.7258348,-73.7766481,Residential,30,88.89,0.0,2.0,1950.0,68360.0,39,-0.0,0.0,0.0,0.0
r0131_c0105,40.7258348,-73.7748652,Residential,3,266.67,0.0,1.9,1950.0,8238.0,3,-0.0,0.0,0.0,0.0
r0131_c0111,40.7258348,-73.7641678,Residential,5,0.0,0.0,1.7,1958.0,10584.0,7,-0.0,0.0,0.0,0.0
r0131_c0117,40.7258348,-73.7534703,Residential,10,133.33,0.0,2.4,1951.0,188188.0,16,2.0458,0.0,44.44,0.0
r0131_c0118,40.7258348,-73.7516874,Residential,39,133.33,0.0,2.1,1947.0,93165.0,62,1.3683,0.0,0.0,0.0
r0131_c0119,40.7258348,-73.7499045,Residential,62,44.44,0.0,2.2,1928.0,95282.0,116,0.6991,0.0,0.0,0.0
r0131_c0120,40.7258348,-73.7481216,Residential,63,44.44,0.0,2.3,1932.0,90783.0,119,-0.0,0.0,0.0,0.0
r0131_c0121,40.7258348,-73.7463386,Residential,59,133.33,0.0,2.0,1937.0,91517.0,97,-0.0,0.0,0.0,0.0
r0131_c0122,40.7258348,-73.7445557,Residential,64,44.44,0.0,1.6,1940.0,93673.0,91,0.3842,0.0,0.0,0.0
r0131_c0123,40.7258348,-73.7427728,Residential,49,222.22,0.0,2.1,1927.0,58255.0,93,-0.0,0.0,0.0,0.0
r0131_c0124,40.7258348,-73.7409899,Residential,59,666.67,0.1333,1.8,1938.0,87968.0,88,0.782,0.0,222.22,0.0
r0131_c0125,40.7258348,-73.739207,Residential,43,311.11,0.2857,1.9,1942.0,60363.0,70,0.433,0.0,44.44,1.0
r0131_c0126,40.7258348,-73.7374241,Residential,53,88.89,0.0,2.3,1933.0,77212.0,83,0.2933,0.0,0.0,0.0
r0131_c0127,40.7258348,-73.7356412,Residential,44,88.89,0.0,2.3,1925.0,92722.0,76,0.8493,0.0,0.0,0.0
r0131_c0128,40.7258348,-73.7338583,Residential,52,177.78,0.0,2.1,1930.0,78419.0,92,-0.0,0.0,0.0,0.0
r0131_c0129,40.7258348,-73.7320753,Residential,54,355.56,0.0,2.2,1927.0,72673.0,100,-0.0,0.0,0.0,0.0
r0131_c0130,40.7258348,-73.7302924,Residential,52,88.89,0.0,2.2,1929.0,76938.0,86,0.1108,0.0,0.0,0.0
r0131_c0131,40.7258348,-73.7285095,Open Space,8,133.33,0.0,1.8,1936.0,23665.0,11,1.2679,0.0,0.0,0.0
r0131_c0132,40.7258348,-73.7267266,Residential,46,88.89,0.0,2.5,1941.0,98671.0,72,1.0596,0.0,0.0,0.0
r0131_c0133,40.7258348,-73.7249437,Residential,20,0.0,0.0,2.1,1948.0,34896.0,17,2.0514,0.0,0.0,0.0
r0131_c0134,40.7258348,-73.7231608,Residential,41,222.22,0.2,2.3,1928.0,64165.0,73,0.5961,0.0,0.0,0.0
r0131_c0135,40.7258348,-73.7213779,Residential,63,222.22,0.0,2.3,1927.0,117987.0,99,1.1025,0.0,0.0,0.0
r0131_c0136,40.7258348,-73.719595,Commercial,22,88.89,0.0,1.9,1947.0,57504.0,26,1.3434,0.0,0.0,0.0
r0131_c0137,40.7258348,-73.717812,Industrial,6,888.89,0.0,1.8,1938.0,21480.0,6,1.511,0.0,88.89,0.0
r0132_c0021,40.7271861,-73.9246298,Mixed-Use,4,0.0,0.0,1.0,2011.0,9763.0,2,-0.0,0.0,0.0,0.0
r0132_c0027,40.7271861,-73.9139324,Industrial,3,0.0,0.0,1.0,1948.0,80798.0,2,0.9091,0.0,0.0,0.0
r0132_c0030,40.7271861,-73.9085836,Commercial,4,177.78,0.5,2.5,2002.0,324020.0,4,0.8103,0.0,133.33,0.3333
r0132_c0033,40.7271861,-73.9032349,Residential,48,711.11,0.0,2.0,1950.0,70454.0,45,1.2649,0.0,0.0,0.0
r0132_c0034,40.7271861,-73.901452,Residential,68,400.0,0.0,2.3,1936.0,117133.0,115,0.1689,0.0,0.0,0.0
r0132_c0035,40.7271861,-73.8996691,Residential,59,533.33,0.0,2.1,1939.0,92649.0,85,0.6992,0.0,0.0,0.0
r0132_c0036,40.7271861,-73.8978862,Residential,69,400.0,0.0,2.0,1925.0,121834.0,94,0.6549,0.0,0.0,0.0
r0132_c0037,40.7271861,-73.8961033,Residential,47,755.56,0.1176,2.0,1939.0,110084.0,55,1.7725,0.0,177.78,0.0
r0132_c0038,40.7271861,-73.8943203,Residential,67,1200.0,0.2593,2.3,1935.0,204904.0,74,2.1727,0.0,444.44,0.2
r0132_c0039,40.7271861,-73.8925374,Residential,63,1511.11,0.2353,2.3,1932.0,185198.0,75,2.4308,0.0,400.0,0.1111
r0132_c0040,40.7271861,-73.8907545,Residential,65,88.89,0.0,2.3,1941.0,110760.0,82,1.1843,0.0,0.0,0.0
r0132_c0041,40.7271861,-73.8889716,Residential,30,133.33,0.0,2.0,1927.0,35962.0,38,1.2499,0.0,0.0,0.0
r0132_c0042,40.7271861,-73.8871887,Residential,37,44.44,0.0,2.5,1968.0,106972.0,41,1.0699,0.0,0.0,0.0
r0132_c0043,40.7271861,-73.8854058,Mixed-Use,12,44.44,0.0,2.7,1989.0,10464.0,4,0.8946,0.0,0.0,0.0
r0132_c0044,40.7271861,-73.8836229,Residential,52,133.33,0.0,2.2,1963.0,114801.0,59,0.957,0.0,0.0,0.0
r0132_c0045,40.7271861,-73.88184,Residential,61,133.33,0.0,1.8,1952.0,108614.0,65,0.6428,0.0,0.0,0.0
r0132_c0046,40.7271861,-73.880057,Residential,76,177.78,0.0,1.4,1943.0,103626.0,77,-0.0,0.0,0.0,0.0
r0132_c0047,40.7271861,-73.8782741,Residential,72,222.22,0.0,2.1,1946.0,132601.0,76,0.7879,0.0,0.0,0.0
r0132_c0048,40.7271861,-73.8764912,Residential,78,0.0,0.0,2.1,1952.0,132900.0,88,0.8296,0.0,0.0,0.0
r0132_c0049,40.7271861,-73.8747083,Residential,67,88.89,0.0,2.0,1943.0,104705.0,74,0.2177,0.0,0.0,0.0
r0132_c0050,40.7271861,-73.8729254,Residential,53,133.33,0.3333,2.0,1953.0,83880.0,61,0.7535,0.0,0.0,0.0
r0132_c0051,40.7271861,-73.8711425,Institutional,12,0.0,0.0,3.4,1953.0,302155.0,13,1.999,0.0,0.0,0.0
r0132_c0052,40.7271861,-73.8693596,Residential,66,44.44,0.0,2.1,1937.0,141556.0,77,0.8045,0.0,0.0,0.0
r0132_c0053,40.7271861,-73.8675767,Residential,57,0.0,0.0,2.1,1937.0,90689.0,110,-0.0,0.0,0.0,0.0
r0132_c0054,40.7271861,-73.8657937,Mixed-Use,28,133.33,0.0,2.0,1940.0,132914.0,47,1.9959,0.0,0.0,0.0
r0132_c0055,40.7271861,-73.8640108,Mixed-Use,10,711.11,0.1875,3.0,1962.0,182945.0,9,2.0801,44.44,133.33,0.3333
r0132_c0056,40.7271861,-73.8622279,Residential,30,133.33,0.0,2.7,1953.0,239440.0,31,1.7187,0.0,0.0,0.0
r0132_c0057,40.7271861,-73.860445,Residential,44,0.0,0.0,3.5,1955.0,362740.0,49,1.9361,0.0,0.0,0.0
r0132_c0058,40.7271861,-73.8586621,Residential,18,44.44,0.0,4.9,1957.0,669960.0,18,0.6946,0.0,0.0,0.0
r0132_c0059,40.7271861,-73.8568792,Residential,23,177.78,0.0,3.0,1945.0,383090.0,25,1.7894,0.0,0.0,0.0
r0132_c0060,40.7271861,-73.8550963,Residential,32,577.78,0.2308,2.2,1935.0,193410.0,33,1.8965,0.0,44.44,0.0
r0132_c0061,40.7271861,-73.8533134,Mixed-Use,4,1377.78,0.0645,4.2,1953.0,560406.0,6,0.8005,88.89,177.78,0.0
r0132_c0062,40.7271861,-73.8515304,Residential,9,666.67,0.2667,3.8,1956.0,698628.0,9,1.3053,0.0,133.33,0.0
r0132_c0063,40.7271861,-73.8497475,Residential,7,133.33,0.0,5.1,1959.0,519896.0,10,0.1737,0.0,0.0,0.0
r0132_c0064,40.7271861,-73.8479646,Residential,4,266.67,0.0,6.0,1948.0,682470.0,5,-0.0,0.0,0.0,0.0
r0132_c0065,40.7271861,-73.8461817,Residential,21,133.33,0.0,2.4,1935.0,129074.0,36,1.6106,0.0,0.0,0.0
r0132_c0066,40.7271861,-73.8443988,Residential,25,88.89,0.0,2.3,1950.0,77668.0,37,-0.0,0.0,0.0,0.0
r0132_c0067,40.7271861,-73.8426159,Residential,32,400.0,0.0,2.2,1953.0,95691.0,51,-0.0,0.0,0.0,0.0
r0132_c0068,40.7271861,-73.840833,Residential,31,44.44,0.0,2.1,1952.0,94630.0,48,0.1896,0.0,0.0,0.0
r0132_c0069,40.7271861,-73.8390501,Residential,8,488.89,0.0,1.8,1957.0,24279.0,9,-0.0,0.0,0.0,0.0
r0132_c0075,40.7271861,-73.8283526,Residential,22,177.78,0.0,2.1,1946.0,93606.0,58,0.9453,0.0,0.0,0.0
r0132_c0076,40.7271861,-73.8265697,Residential,70,0.0,0.0,2.1,1941.0,132304.0,97,-0.0,0.0,0.0,0.0
r0132_c0077,40.7271861,-73.8247868,Residential,80,44.44,0.0,2.0,1940.0,138035.0,94,-0.0,0.0,0.0,0.0
r0132_c0078,40.7271861,-73.8230039,Residential,79,177.78,0.5,2.0,1941.0,164152.0,88,0.9311,0.0,88.89,0.0
r0132_c0079,40.7271861,-73.8212209,Residential,9,266.67,0.0,1.8,1950.0,108746.0,48,1.558,0.0,44.44,0.0
r0132_c0080,40.7271861,-73.819438,Residential,12,0.0,0.0,2.0,1945.0,59168.0,34,0.8162,0.0,0.0,0.0
r0132_c0081,40.7271861,-73.8176551,Residential,3,0.0,0.0,3.0,1950.0,136248.0,14,0.0694,0.0,0.0,0.0
r0132_c0084,40.7271861,-73.8123064,Residential,6,355.56,0.125,1.8,1978.0,126010.0,15,1.1251,0.0,88.89,0.0
r0132_c0085,40.7271861,-73.8105235,Residential,32,88.89,0.0,1.8,1966.0,60184.0,42,1.3873,0.0,44.44,1.0
r0132_c0086,40.7271861,-73.8087406,Residential,37,44.44,0.0,1.9,1945.0,58204.0,59,0.3271,0.0,0.0,0.0
r0132_c0087,40.7271861,-73.8069576,Residential,37,177.78,0.0,2.1,1939.0,62255.0,53,-0.0,0.0,0.0,0.0
r0132_c0088,40.7271861,-73.8051747,Residential,44,44.44,0.0,2.1,1937.0,72241.0,58,0.6163,0.0,44.44,0.0
r0132_c0089,40.7271861,-73.8033918,Residential,63,88.89,0.0,1.8,1951.0,93288.0,82,0.1033,0.0,0.0,0.0
r0132_c0090,40.7271861,-73.8016089,Residential,70,0.0,0.0,1.9,1948.0,95386.0,80,0.3905,0.0,0.0,0.0
r0132_c0091,40.7271861,-73.799826,Residential,55,0.0,0.0,2.0,1944.0,86685.0,94,-0.0,0.0,0.0,0.0
r0132_c0092,40.7271861,-73.7980431,Residential,38,88.89,0.0,1.6,1950.0,65121.0,62,-0.0,0.0,0.0,0.0
r0132_c0093,40.7271861,-73.7962602,Residential,34,88.89,0.0,2.0,1945.0,52322.0,57,-0.0,0.0,0.0,0.0
r0132_c0094,40.7271861,-73.7944773,Residential,38,311.11,0.0,1.9,1940.0,58420.0,68,0.1857,0.0,0.0,0.0
r0132_c0095,40.7271861,-73.7926944,Residential,78,133.33,0.0,2.0,1944.0,106555.0,89,0.0925,0.0,0.0,0.0
r0132_c0096,40.7271861,-73.7909114,Residential,48,133.33,0.0,1.9,1947.0,74362.0,87,-0.0,0.0,0.0,0.0
r0132_c0097,40.7271861,-73.7891285,Residential,34,1600.0,0.2222,1.9,1949.0,79155.0,61,0.759,0.0,533.33,0.0833
r0132_c0098,40.7271861,-73.7873456,Residential,28,1288.89,0.2069,1.7,1947.0,79592.0,47,1.2614,0.0,444.44,0.0
r0132_c0099,40.7271861,-73.7855627,Residential,24,977.78,0.1364,1.8,1944.0,90813.0,35,1.5356,0.0,311.11,0.0
r0132_c0100,40.7271861,-73.7837798,Residential,31,177.78,0.0,1.9,1939.0,73326.0,54,0.5084,0.0,0.0,0.0
r0132_c0101,40.7271861,-73.7819969,Residential,29,44.44,0.0,2.0,1945.0,68987.0,34,0.2577,0.0,0.0,0.0
r0132_c0102,40.7271861,-73.780214,Residential,29,44.44,0.0,2.0,1945.0,61075.0,42,0.3246,0.0,0.0,0.0
r0132_c0103,40.7271861,-73.7784311,Residential,45,44.44,0.0,2.0,1942.0,79114.0,78,-0.0,0.0,0.0,0.0
r0132_c0104,40.7271861,-73.7766481,Residential,29,177.78,0.0,2.0,1940.0,49227.0,55,-0.0,0.0,0.0,0.0
r0132_c0117,40.7271861,-73.7534703,Residential,3,0.0,0.0,2.3,1949.0,6368.0,5,-0.0,0.0,0.0,0.0
r0132_c0118,40.7271861,-73.7516874,Residential,27,88.89,0.0,2.0,1949.0,66481.0,49,0.8604,0.0,0.0,0.0
r0132_c0119,40.7271861,-73.7499045,Residential,32,444.44,0.0,2.2,1945.0,103884.0,69,1.2883,0.0,88.89,0.0
r0132_c0120,40.7271861,-73.7481216,Residential,46,355.56,0.125,2.3,1937.0,83998.0,72,0.8607,0.0,133.33,0.0
r0132_c0121,40.7271861,-73.7463386,Residential,45,44.44,0.0,2.0,1940.0,65359.0,70,-0.0,0.0,0.0,0.0
r0132_c0122,40.7271861,-73.7445557,Residential,63,222.22,0.0,2.2,1932.0,86906.0,114,-0.0,0.0,0.0,0.0
r0132_c0123,40.7271861,-73.7427728,Residential,73,177.78,0.0,2.3,1933.0,102727.0,117,-0.0,0.0,0.0,0.0
r0132_c0124,40.7271861,-73.7409899,Residential,64,133.33,0.0,2.0,1945.0,84581.0,87,-0.0,0.0,0.0,0.0
r0132_c0125,40.7271861,-73.739207,Residential,48,0.0,0.0,1.8,1949.0,64359.0,81,0.4719,0.0,0.0,0.0
r0132_c0126,40.7271861,-73.7374241,Residential,44,44.44,0.0,2.4,1936.0,70300.0,76,0.3393,0.0,0.0,0.0
r0132_c0127,40.7271861,-73.7356412,Residential,54,133.33,0.0,2.2,1933.0,82917.0,93,0.1743,0.0,0.0,0.0
r0132_c0128,40.7271861,-73.7338583,Institutional,33,44.44,0.0,2.3,1938.0,202116.0,46,1.469,0.0,0.0,0.0
r0132_c0129,40.7271861,-73.7320753,Residential,36,44.44,0.0,2.2,1935.0,58821.0,62,1.0934,0.0,0.0,0.0
r0132_c0130,40.7271861,-73.7302924,Residential,48,0.0,0.0,2.2,1939.0,95022.0,70,1.6108,0.0,0.0,0.0
r0132_c0131,40.7271861,-73.7285095,Residential,52,133.33,0.0,2.3,1936.0,91009.0,84,1.1529,0.0,0.0,0.0
r0132_c0132,40.7271861,-73.7267266,Residential,67,0.0,0.0,2.3,1932.0,102592.0,110,0.716,0.0,0.0,0.0
r0132_c0133,40.7271861,-73.7249437,Residential,46,88.89,0.0,2.5,1927.0,70794.0,88,-0.0,0.0,0.0,0.0
r0132_c0134,40.7271861,-73.7231608,Residential,55,177.78,0.0,2.3,1926.0,84203.0,98,0.1047,0.0,0.0,0.0
r0132_c0135,40.7271861,-73.7213779,Residential,65,177.78,0.0,2.4,1927.0,96280.0,119,-0.0,0.0,0.0,0.0
r0132_c0136,40.7271861,-73.719595,Residential,62,222.22,0.0,2.3,1931.0,90278.0,111,-0.0,0.0,0.0,0.0
r0132_c0137,40.7271861,-73.717812,Residential,58,266.67,0.1667,2.5,1925.0,85558.0,98,0.6477,0.0,0.0,0.0
r0132_c0138,40.7271861,-73.7160291,Residential,49,88.89,0.0,2.4,1925.0,94439.0,84,1.1519,0.0,0.0,0.0
r0132_c0139,40.7271861,-73.7142462,Commercial,18,355.56,0.25,1.9,1953.0,70563.0,27,1.1169,0.0,44.44,1.0
r0132_c0140,40.7271861,-73.7124633,Industrial,5,400.0,0.0,1.5,1990.0,132906.0,2,0.1085,44.44,222.22,0.8
r0132_c0141,40.7271861,-73.7106804,Commercial,15,222.22,0.2,1.9,1961.0,98860.0,10,1.8636,88.89,44.44,1.0
r0132_c0142,40.7271861,-73.7088975,Commercial,3,1200.0,0.037,1.0,1942.0,7764.0,3,1.0,44.44,88.89,0.5
r0133_c0018,40.7285375,-73.9299786,Mixed-Use,4,2622.22,0.0,1.5,1948.0,44047.0,3,1.0122,44.44,0.0,0.0
r0133_c0019,40.7285375,-73.9281957,Mixed-Use,5,44.44,0.0,1.0,1930.0,20800.0,1,1.5849,0.0,0.0,0.0
r0133_c0020,40.7285375,-73.9264128,Mixed-Use,4,88.89,0.0,,,0.0,1,0.8705,0.0,0.0,0.0
r0133_c0023,40.7285375,-73.921064,Industrial,3,0.0,0.0,1.0,1963.0,31409.0,2,0.7028,0.0,0.0,0.0
r0133_c0024,40.7285375,-73.9192811,Mixed-Use,5,44.44,0.0,1.0,1956.0,10176.0,5,0.6121,0.0,0.0,0.0
r0133_c0031,40.7285375,-73.9068007,Industrial,11,177.78,0.25,1.3,1981.0,130073.0,8,2.1282,0.0,0.0,0.0
r0133_c0032,40.7285375,-73.9050178,Mixed-Use,26,2844.44,0.0,2.0,1969.0,103286.0,27,2.3572,44.44,0.0,0.0
r0133_c0033,40.7285375,-73.9032349,Residential,83,355.56,0.0,1.8,1943.0,124142.0,98,0.196,0.0,0.0,0.0
r0133_c0034,40.7285375,-73.901452,Residential,62,222.22,0.0,2.5,1940.0,159017.0,94,1.0637,0.0,0.0,0.0
r0133_c0035,40.7285375,-73.8996691,Residential,55,444.44,0.2,2.4,1938.0,95953.0,77,0.7626,0.0,88.89,0.0
r0133_c0036,40.7285375,-73.8978862,Residential,63,177.78,0.0,2.2,1939.0,129718.0,88,1.0139,0.0,0.0,0.0
r0133_c0037,40.7285375,-73.8961033,Residential,50,177.78,0.0,2.0,1941.0,116875.0,74,1.3971,0.0,0.0,0.0
r0133_c0038,40.7285375,-73.8943203,Residential,50,44.44,0.0,2.0,1930.0,112994.0,72,0.9345,0.0,0.0,0.0
r0133_c0039,40.7285375,-73.8925374,Institutional,43,933.33,0.2857,2.1,1926.0,253402.0,52,1.6055,0.0,222.22,0.2
r0133_c0040,40.7285375,-73.8907545,Institutional,35,977.78,0.0,2.0,1940.0,180647.0,37,2.1023,0.0,177.78,0.0
r0133_c0041,40.7285375,-73.8889716,Residential,42,177.78,0.0,1.9,1936.0,82771.0,56,1.963,0.0,0.0,0.0
r0133_c0042,40.7285375,-73.8871887,Institutional,15,88.89,0.0,1.9,1953.0,171504.0,17,0.9179,0.0,0.0,0.0
r0133_c0044,40.7285375,-73.8836229,Residential,22,133.33,0.0,1.6,1942.0,31758.0,15,1.3533,0.0,0.0,0.0
r0133_c0045,40.7285375,-73.88184,Residential,21,133.33,0.0,1.7,1944.0,30298.0,25,0.2045,0.0,0.0,0.0
r0133_c0046,40.7285375,-73.880057,Residential,31,44.44,0.0,1.8,1944.0,47743.0,32,0.3927,0.0,0.0,0.0
r0133_c0047,40.7285375,-73.8782741,Residential,62,88.89,0.0,2.3,1956.0,121537.0,75,0.9583,0.0,0.0,0.0
r0133_c0048,40.7285375,-73.8764912,Residential,63,311.11,0.0,2.2,1952.0,131939.0,82,1.0878,0.0,0.0,0.0
r0133_c0049,40.7285375,-73.8747083,Residential,76,0.0,0.0,2.6,1958.0,176514.0,87,1.1923,0.0,0.0,0.0
r0133_c0050,40.7285375,-73.8729254,Residential,64,44.44,0.0,2.4,1951.0,171164.0,74,1.7333,0.0,0.0,0.0
r0133_c0051,40.7285375,-73.8711425,Mixed-Use,8,44.44,0.0,2.6,1960.0,93410.0,8,1.7502,0.0,0.0,0.0
r0133_c0052,40.7285375,-73.8693596,Residential,42,0.0,0.0,2.3,1936.0,79910.0,50,1.4005,0.0,0.0,0.0
r0133_c0053,40.7285375,-73.8675767,Residential,56,0.0,0.0,2.7,1929.0,124805.0,94,1.6041,0.0,0.0,0.0
r0133_c0054,40.7285375,-73.8657937,Residential,51,44.44,0.0,2.5,1928.0,147963.0,89,0.8902,0.0,0.0,0.0
r0133_c0055,40.7285375,-73.8640108,Residential,39,622.22,0.5714,2.5,1929.0,222706.0,61,1.8769,0.0,133.33,0.0
r0133_c0056,40.7285375,-73.8622279,Residential,12,177.78,0.25,3.7,1958.0,545631.0,12,1.5855,0.0,88.89,0.5
r0133_c0057,40.7285375,-73.860445,Residential,6,622.22,0.1429,4.0,1956.0,373614.0,9,1.2299,0.0,222.22,0.0
r0133_c0058,40.7285375,-73.8586621,Mixed-Use,4,844.44,0.0,7.2,1950.0,552278.0,5,1.931,0.0,0.0,0.0
r0133_c0060,40.7285375,-73.8550963,Mixed-Use,7,311.11,0.1429,5.4,1962.0,576426.0,9,1.3631,0.0,44.44,0.0
r0133_c0061,40.7285375,-73.8533134,Mixed-Use,15,400.0,0.0,3.9,1954.0,548163.0,23,0.9098,44.44,0.0,0.0
r0133_c0064,40.7285375,-73.8479646,Residential,3,44.44,0.0,5.3,1960.0,495572.0,13,0.4858,0.0,0.0,0.0
r0133_c0065,40.7285375,-73.8461817,Residential,32,355.56,0.0,2.3,1940.0,71903.0,54,0.6619,0.0,0.0,0.0
r0133_c0066,40.7285375,-73.8443988,Residential,32,44.44,0.0,2.2,1946.0,82776.0,45,-0.0,0.0,0.0,0.0
r0133_c0067,40.7285375,-73.8426159,Residential,22,177.78,0.0,2.2,1948.0,68173.0,28,0.2687,0.0,0.0,0.0
r0133_c0068,40.7285375,-73.840833,Residential,22,177.78,0.0,2.0,1940.0,57544.0,31,-0.0,0.0,0.0,0.0
r0133_c0075,40.7285375,-73.8283526,Residential,12,800.0,0.0,1.9,1939.0,51560.0,28,1.1393,0.0,0.0,0.0
r0133_c0076,40.7285375,-73.8265697,Residential,55,88.89,0.0,2.0,1945.0,122258.0,70,1.4087,0.0,0.0,0.0
r0133_c0077,40.7285375,-73.8247868,Residential,67,222.22,0.0,2.2,1943.0,126104.0,69,0.4778,0.0,0.0,0.0
r0133_c0078,40.7285375,-73.8230039,Residential,59,44.44,0.0,2.3,1942.0,153819.0,70,1.2118,0.0,0.0,0.0
r0133_c0079,40.7285375,-73.8212209,Residential,45,0.0,0.0,2.2,1952.0,115840.0,81,1.21,0.0,0.0,0.0
r0133_c0080,40.7285375,-73.819438,Residential,5,0.0,0.0,2.0,1948.0,213992.0,116,0.0739,0.0,0.0,0.0
r0133_c0082,40.7285375,-73.8158722,Residential,17,355.56,0.125,2.8,1971.0,525688.0,29,1.0676,0.0,177.78,0.25
r0133_c0084,40.7285375,-73.8123064,Residential,5,1377.78,0.0,5.4,1981.0,448672.0,6,1.369,0.0,44.44,0.0
r0133_c0085,40.7285375,-73.8105235,Institutional,17,0.0,0.0,3.5,1964.0,283023.0,17,1.5,0.0,0.0,0.0
r0133_c0086,40.7285375,-73.8087406,Residential,43,0.0,0.0,3.0,1986.0,201653.0,47,2.2773,0.0,0.0,0.0
r0133_c0087,40.7285375,-73.8069576,Residential,62,44.44,0.0,2.2,1958.0,148950.0,64,0.9891,0.0,0.0,0.0
r0133_c0088,40.7285375,-73.8051747,Residential,59,44.44,0.0,2.1,1951.0,117247.0,60,1.5018,0.0,0.0,0.0
r0133_c0089,40.7285375,-73.8033918,Residential,63,0.0,0.0,1.8,1948.0,98859.0,71,-0.0,0.0,0.0,0.0
r0133_c0090,40.7285375,-73.8016089,Residential,23,88.89,0.0,1.6,1955.0,59514.0,33,0.9063,0.0,0.0,0.0
r0133_c0091,40.7285375,-73.799826,Residential,32,0.0,0.0,1.3,1961.0,60955.0,39,-0.0,0.0,0.0,0.0
r0133_c0092,40.7285375,-73.7980431,Residential,37,88.89,0.0,1.2,1958.0,60402.0,53,0.3486,0.0,0.0,0.0
r0133_c0093,40.7285375,-73.7962602,Residential,77,0.0,0.0,2.0,1946.0,130147.0,80,0.151,0.0,0.0,0.0
r0133_c0094,40.7285375,-73.7944773,Institutional,28,133.33,0.0,2.0,1942.0,104886.0,36,0.9921,0.0,0.0,0.0
r0133_c0095,40.7285375,-73.7926944,Residential,46,177.78,0.0,2.0,1943.0,66284.0,59,-0.0,0.0,0.0,0.0
r0133_c0096,40.7285375,-73.7909114,Residential,39,311.11,0.0,1.9,1943.0,58861.0,73,-0.0,0.0,0.0,0.0
r0133_c0097,40.7285375,-73.7891285,Residential,46,266.67,0.0,1.9,1948.0,74932.0,89,-0.0,0.0,0.0,0.0
r0133_c0098,40.7285375,-73.7873456,Residential,46,133.33,0.0,1.8,1946.0,71942.0,86,-0.0,0.0,0.0,0.0
r0133_c0099,40.7285375,-73.7855627,Residential,40,88.89,0.0,1.9,1947.0,62686.0,78,0.3062,0.0,0.0,0.0
r0133_c0100,40.7285375,-73.7837798,Commercial,22,1111.11,0.08,2.0,1955.0,152462.0,35,1.4361,0.0,577.78,0.0769
r0133_c0101,40.7285375,-73.7819969,Residential,26,1155.56,0.0769,1.9,1952.0,111146.0,40,1.4462,0.0,311.11,0.1429
r0133_c0102,40.7285375,-73.780214,Residential,35,355.56,0.375,2.1,1945.0,97849.0,57,0.8919,0.0,44.44,0.0
r0133_c0103,40.7285375,-73.7784311,Residential,40,133.33,0.0,2.1,1940.0,76134.0,72,-0.0,0.0,0.0,0.0
r0133_c0104,40.7285375,-73.7766481,Residential,17,355.56,0.0,2.0,1945.0,32078.0,30,-0.0,0.0,0.0,0.0
r0133_c0114,40.7285375,-73.758819,Residential,20,133.33,0.0,1.6,1959.0,46364.0,20,0.1046,0.0,0.0,0.0
r0133_c0115,40.7285375,-73.7570361,Residential,31,133.33,0.0,2.0,1954.0,69599.0,35,-0.0,0.0,0.0,0.0
r0133_c0116,40.7285375,-73.7552532,Residential,31,88.89,0.0,1.9,1954.0,63639.0,31,-0.0,0.0,0.0,0.0
r0133_c0117,40.7285375,-73.7534703,Residential,18,222.22,0.0,2.0,1970.0,37791.0,19,0.164,0.0,0.0,0.0
r0133_c0119,40.7285375,-73.7499045,Residential,20,88.89,0.0,1.9,1947.0,43474.0,23,-0.0,44.44,0.0,0.0
r0133_c0120,40.7285375,-73.7481216,Residential,30,0.0,0.0,1.9,1949.0,79427.0,56,0.8489,0.0,0.0,0.0
r0133_c0121,40.7285375,-73.7463386,Residential,25,888.89,0.15,1.8,1964.0,87854.0,35,2.2418,0.0,222.22,0.0
r0133_c0122,40.7285375,-73.7445557,Residential,60,222.22,0.0,2.3,1932.0,90485.0,98,0.783,0.0,88.89,0.0
r0133_c0123,40.7285375,-73.7427728,Residential,80,44.44,0.0,2.2,1937.0,119151.0,103,0.1805,0.0,0.0,0.0
r0133_c0124,40.7285375,-73.7409899,Residential,59,44.44,0.0,1.9,1946.0,79914.0,95,0.0671,0.0,0.0,0.0
r0133_c0125,40.7285375,-73.739207,Residential,27,88.89,0.0,2.3,1932.0,85912.0,51,0.963,0.0,0.0,0.0
r0133_c0126,40.7285375,-73.7374241,Residential,21,0.0,0.0,2.1,1938.0,111704.0,33,1.4945,0.0,0.0,0.0
r0133_c0127,40.7285375,-73.7356412,Residential,43,133.33,0.3333,2.2,1950.0,122234.0,54,1.578,0.0,0.0,0.0
r0133_c0128,40.7285375,-73.7338583,Residential,68,0.0,0.0,2.1,1955.0,167583.0,73,0.9222,0.0,0.0,0.0
r0133_c0129,40.7285375,-73.7320753,Residential,56,0.0,0.0,2.4,1934.0,93384.0,96,0.5936,0.0,0.0,0.0
r0133_c0130,40.7285375,-73.7302924,Residential,54,133.33,0.0,2.5,1929.0,86697.0,100,-0.0,0.0,0.0,0.0
r0133_c0131,40.7285375,-73.7285095,Residential,55,222.22,0.0,2.5,1926.0,85412.0,103,-0.0,0.0,0.0,0.0
r0133_c0132,40.7285375,-73.7267266,Residential,56,400.0,0.0,2.5,1925.0,85360.0,107,-0.0,0.0,0.0,0.0
r0133_c0133,40.7285375,-73.7249437,Residential,45,88.89,0.0,2.5,1932.0,67491.0,82,0.467,0.0,0.0,0.0
r0133_c0134,40.7285375,-73.7231608,Residential,30,88.89,0.0,1.6,1931.0,38984.0,55,-0.0,0.0,0.0,0.0
r0133_c0135,40.7285375,-73.7213779,Residential,55,311.11,0.0,1.8,1928.0,73601.0,99,-0.0,0.0,0.0,0.0
r0133_c0136,40.7285375,-73.719595,Residential,46,311.11,0.0,2.2,1935.0,73841.0,80,-0.0,0.0,0.0,0.0
r0133_c0137,40.7285375,-73.717812,Residential,72,711.11,0.0,2.4,1929.0,68599.0,90,0.5054,0.0,0.0,0.0
r0133_c0138,40.7285375,-73.7160291,Residential,38,133.33,0.0,2.3,1943.0,57492.0,54,0.1439,0.0,0.0,0.0
r0133_c0139,40.7285375,-73.7142462,Residential,50,88.89,0.0,2.5,1937.0,63305.0,64,0.7785,0.0,0.0,0.0
r0133_c0140,40.7285375,-73.7124633,Residential,44,44.44,0.0,2.3,1936.0,57606.0,66,0.2161,0.0,0.0,0.0
r0133_c0141,40.7285375,-73.7106804,Residential,55,222.22,0.0,1.6,1944.0,81025.0,80,0.1594,0.0,0.0,0.0
r0133_c0142,40.7285375,-73.7088975,Residential,37,266.67,0.0,1.9,1948.0,75536.0,54,0.7774,44.44,0.0,0.0
r0133_c0143,40.7285375,-73.7071146,Residential,17,1733.33,0.1795,1.8,1941.0,18705.0,25,0.5514,44.44,444.44,0.2
r0134_c0015,40.7298888,-73.9353273,Industrial,3,44.44,0.0,1.5,1931.0,61000.0,2,0.6309,0.0,0.0,0.0
r0134_c0016,40.7298888,-73.9335444,Industrial,6,88.89,0.0,2.4,1939.0,204823.0,6,0.3842,0.0,0.0,0.0
r0134_c0020,40.7298888,-73.9264128,Mixed-Use,6,0.0,0.0,1.3,1964.0,36694.0,5,1.4899,0.0,0.0,0.0
r0134_c0021,40.7298888,-73.9246298,Industrial,9,44.44,0.0,1.4,1953.0,68222.0,5,0.7152,0.0,0.0,0.0
r0134_c0022,40.7298888,-73.9228469,Industrial,16,0.0,0.0,1.5,1955.0,97098.0,16,0.6978,0.0,0.0,0.0
r0134_c0024,40.7298888,-73.9192811,Industrial,13,44.44,0.0,1.3,1963.0,66928.0,12,1.5602,0.0,0.0,0.0
r0134_c0025,40.7298888,-73.9174982,Mixed-Use,15,0.0,0.0,1.1,1943.0,19755.0,14,1.4246,0.0,0.0,0.0
r0134_c0030,40.7298888,-73.9085836,Industrial,3,44.44,0.0,1.0,1971.0,100947.0,3,0.4575,0.0,0.0,0.0
r0134_c0032,40.7298888,-73.9050178,Industrial,4,444.44,0.0,1.8,1965.0,5130.0,5,0.6765,0.0,0.0,0.0
r0134_c0033,40.7298888,-73.9032349,Residential,58,44.44,0.0,1.5,1943.0,110874.0,67,0.571,0.0,0.0,0.0
r0134_c0034,40.7298888,-73.901452,Residential,69,44.44,0.0,2.0,1936.0,111117.0,74,0.2856,0.0,0.0,0.0
r0134_c0035,40.7298888,-73.8996691,Residential,87,88.89,0.0,2.1,1933.0,140259.0,107,0.2563,0.0,0.0,0.0
r0134_c0036,40.7298888,-73.8978862,Residential,65,266.67,0.0,2.1,1933.0,116938.0,84,0.9276,0.0,0.0,0.0
r0134_c0037,40.7298888,-73.8961033,Residential,54,177.78,0.0,2.2,1941.0,135491.0,79,0.9838,0.0,0.0,0.0
r0134_c0038,40.7298888,-73.8943203,Residential,70,222.22,0.0,2.0,1934.0,119068.0,91,0.4644,0.0,0.0,0.0
r0134_c0039,40.7298888,-73.8925374,Residential,66,266.67,0.0,2.0,1928.0,118239.0,87,1.228,0.0,0.0,0.0
r0134_c0040,40.7298888,-73.8907545,Residential,47,444.44,0.0,2.1,1925.0,111184.0,66,1.939,44.44,0.0,0.0
r0134_c0041,40.7298888,-73.8889716,Mixed-Use,33,533.33,0.0,1.8,1959.0,124539.0,37,2.1904,0.0,177.78,0.0
r0134_c0042,40.7298888,-73.8871887,Industrial,8,444.44,0.3,2.4,1970.0,358016.0,10,1.1217,0.0,177.78,0.25
r0134_c0044,40.7298888,-73.8836229,Residential,57,311.11,0.0,1.2,1945.0,53152.0,44,1.5664,0.0,0.0,0.0
r0134_c0045,40.7298888,-73.88184,Residential,72,0.0,0.0,1.9,1959.0,133002.0,74,1.1864,0.0,0.0,0.0
r0134_c0046,40.7298888,-73.880057,Residential,43,533.33,0.0,2.2,1949.0,86945.0,50,1.2628,0.0,0.0,0.0
r0134_c0047,40.7298888,-73.8782741,Residential,33,88.89,0.0,1.6,1956.0,56256.0,31,0.9797,0.0,0.0,0.0
r0134_c0048,40.7298888,-73.8764912,Residential,34,44.44,0.0,2.5,1947.0,99724.0,41,1.1535,0.0,0.0,0.0
r0134_c0049,40.7298888,-73.8747083,Mixed-Use,52,0.0,0.0,2.6,1962.0,119380.0,55,1.3864,0.0,0.0,0.0
r0134_c0050,40.7298888,-73.8729254,Residential,21,177.78,0.0,2.4,1954.0,124235.0,24,2.3569,0.0,0.0,0.0
r0134_c0051,40.7298888,-73.8711425,Residential,38,44.44,0.0,2.3,1939.0,130444.0,58,1.9125,0.0,0.0,0.0
r0134_c0052,40.7298888,-73.8693596,Residential,68,133.33,0.0,2.6,1928.0,109755.0,114,0.35,0.0,0.0,0.0
r0134_c0053,40.7298888,-73.8675767,Residential,62,0.0,0.0,2.5,1926.0,96140.0,110,0.1192,0.0,0.0,0.0
r0134_c0054,40.7298888,-73.8657937,Residential,41,0.0,0.0,2.8,1924.0,312320.0,70,0.9848,0.0,0.0,0.0
r0134_c0055,40.7298888,-73.8640108,Residential,43,1155.56,0.2308,2.6,1935.0,358392.0,64,2.009,0.0,133.33,0.0
r0134_c0056,40.7298888,-73.8622279,Commercial,7,1733.33,0.2821,1.0,1948.0,81125.0,7,0.5433,0.0,666.67,0.0667
r0134_c0057,40.7298888,-73.860445,Commercial,17,2133.33,0.1667,2.6,1950.0,261043.0,17,1.6801,0.0,577.78,0.1538
r0134_c0058,40.7298888,-73.8586621,Residential,20,266.67,0.1667,4.6,1958.0,607362.0,22,1.7272,0.0,44.44,0.0
r0134_c0059,40.7298888,-73.8568792,Mixed-Use,9,88.89,0.0,3.8,1945.0,611134.0,21,1.1723,0.0,0.0,0.0
r0134_c0060,40.7298888,-73.8550963,Residential,37,0.0,0.0,2.2,1944.0,325452.0,37,1.4856,0.0,0.0,0.0
r0134_c0061,40.7298888,-73.8533134,Residential,65,0.0,0.0,2.0,1942.0,112193.0,66,0.3258,0.0,0.0,0.0
r0134_c0062,40.7298888,-73.8515304,Residential,54,266.67,0.0,2.2,1943.0,411078.0,54,1.1433,0.0,0.0,0.0
r0134_c0063,40.7298888,-73.8497475,Residential,16,88.89,0.0,3.0,1943.0,421183.0,22,0.5708,0.0,0.0,0.0
r0134_c0064,40.7298888,-73.8479646,Residential,16,133.33,0.0,2.6,1945.0,228356.0,25,1.5764,0.0,0.0,0.0
r0134_c0065,40.7298888,-73.8461817,Residential,32,355.56,0.0,2.3,1940.0,72120.0,53,-0.0,0.0,0.0,0.0
r0134_c0067,40.7298888,-73.8426159,Residential,3,622.22,0.0,2.0,1950.0,8290.0,3,-0.0,0.0,0.0,0.0
r0134_c0076,40.7298888,-73.8265697,Residential,3,133.33,0.0,2.3,1943.0,275196.0,82,0.1089,0.0,0.0,0.0
r0134_c0077,40.7298888,-73.8247868,Residential,72,400.0,0.1111,2.1,1945.0,159924.0,73,1.1168,0.0,177.78,0.0
r0134_c0078,40.7298888,-73.8230039,Residential,62,800.0,0.2778,2.0,1938.0,115304.0,65,1.0049,44.44,266.67,0.1667
r0134_c0079,40.7298888,-73.8212209,Residential,57,0.0,0.0,2.0,1939.0,107964.0,72,0.2742,0.0,0.0,0.0
r0134_c0080,40.7298888,-73.819438,Residential,48,88.89,0.0,2.3,1951.0,206471.0,51,1.6514,0.0,0.0,0.0
r0134_c0081,40.7298888,-73.8176551,Institutional,4,133.33,0.0,2.5,1953.0,115437.0,5,0.1952,0.0,0.0,0.0
r0134_c0082,40.7298888,-73.8158722,Commercial,16,355.56,0.125,2.9,1985.0,58432.0,16,1.1497,0.0,0.0,0.0
r0134_c0086,40.7298888,-73.8087406,Residential,3,888.89,0.15,5.5,1992.0,322934.0,38,1.453,0.0,266.67,0.1667
r0134_c0087,40.7298888,-73.8069576,Residential,24,88.89,0.0,3.8,1997.0,281632.0,63,0.1195,0.0,0.0,0.0
r0134_c0088,40.7298888,-73.8051747,Residential,21,44.44,0.0,2.2,1968.0,133038.0,48,0.9845,0.0,0.0,0.0
r0134_c0089,40.7298888,-73.8033918,Residential,45,177.78,0.0,2.0,1955.0,81115.0,59,0.338,0.0,0.0,0.0
r0134_c0090,40.7298888,-73.8016089,Residential,41,44.44,0.0,1.5,1952.0,79141.0,43,0.2033,0.0,0.0,0.0
r0134_c0091,40.7298888,-73.799826,Residential,41,88.89,0.0,1.3,1957.0,74531.0,73,-0.0,0.0,0.0,0.0
r0134_c0092,40.7298888,-73.7980431,Residential,42,88.89,0.0,1.5,1950.0,70904.0,71,-0.0,0.0,0.0,0.0
r0134_c0093,40.7298888,-73.7962602,Residential,57,44.44,0.0,2.0,1942.0,96927.0,70,-0.0,0.0,0.0,0.0
r0134_c0094,40.7298888,-73.7944773,Residential,69,44.44,0.0,2.0,1946.0,99621.0,72,0.1319,0.0,0.0,0.0
r0134_c0095,40.7298888,-73.7926944,Residential,39,533.33,0.0,1.9,1939.0,64721.0,60,0.0976,0.0,0.0,0.0
r0134_c0096,40.7298888,-73.7909114,Residential,42,133.33,0.0,1.9,1938.0,68489.0,81,-0.0,0.0,0.0,0.0
r0134_c0097,40.7298888,-73.7891285,Residential,39,0.0,0.0,1.9,1944.0,63838.0,69,-0.0,0.0,0.0,0.0
r0134_c0098,40.7298888,-73.7873456,Residential,38,177.78,0.0,1.9,1945.0,61748.0,73,-0.0,0.0,0.0,0.0
r0134_c0099,40.7298888,-73.7855627,Residential,39,311.11,0.0,1.9,1948.0,68236.0,74,-0.0,0.0,0.0,0.0
r0134_c0100,40.7298888,-73.7837798,Residential,44,88.89,0.0,1.9,1948.0,74641.0,79,-0.0,0.0,0.0,0.0
r0134_c0101,40.7298888,-73.7819969,Residential,37,666.67,0.0,1.9,1947.0,77368.0,66,0.7547,0.0,88.89,0.0
r0134_c0102,40.7298888,-73.780214,Residential,33,1333.33,0.2667,1.9,1945.0,84755.0,55,0.9953,0.0,488.89,0.0
r0134_c0103,40.7298888,-73.7784311,Residential,31,1200.0,0.1481,1.9,1942.0,68502.0,53,0.9524,0.0,311.11,0.0
r0134_c0104,40.7298888,-73.7766481,Residential,4,755.56,0.0,2.0,1940.0,8124.0,7,0.8524,0.0,0.0,0.0
r0134_c0113,40.7298888,-73.7606019,Residential,17,88.89,0.0,1.5,1959.0,30951.0,19,0.569,0.0,0.0,0.0
r0134_c0114,40.7298888,-73.758819,Residential,34,44.44,0.0,1.8,1950.0,59436.0,47,-0.0,0.0,0.0,0.0
r0134_c0115,40.7298888,-73.7570361,Residential,32,177.78,0.0,1.9,1950.0,63463.0,42,-0.0,0.0,0.0,0.0
r0134_c0116,40.7298888,-73.7552532,Residential,34,133.33,0.0,1.9,1955.0,57734.0,35,0.1733,0.0,0.0,0.0
r0134_c0117,40.7298888,-73.7534703,Residential,31,222.22,0.0,1.9,1959.0,64384.0,33,0.0952,0.0,0.0,0.0
r0134_c0118,40.7298888,-73.7516874,Residential,13,0.0,0.0,1.8,1946.0,24969.0,14,-0.0,0.0,0.0,0.0
r0134_c0119,40.7298888,-73.7499045,Residential,5,0.0,0.0,1.5,1960.0,12075.0,5,-0.0,0.0,0.0,0.0
r0134_c0120,40.7298888,-73.7481216,Residential,27,0.0,0.0,1.8,1952.0,53829.0,29,-0.0,0.0,0.0,0.0
r0134_c0121,40.7298888,-73.7463386,Residential,25,222.22,0.0,1.9,1957.0,83105.0,30,1.3223,0.0,44.44,0.0
r0134_c0122,40.7298888,-73.7445557,Commercial,6,933.33,0.2381,1.2,1965.0,17757.0,6,1.4643,0.0,266.67,0.6667
r0134_c0123,40.7298888,-73.7427728,Commercial,16,1288.89,0.069,1.8,1948.0,78586.0,29,0.6904,0.0,133.33,0.3333
r0134_c0124,40.7298888,-73.7409899,Residential,7,44.44,0.0,1.6,1950.0,147720.0,79,0.4975,0.0,0.0,0.0
r0134_c0125,40.7298888,-73.739207,Residential,25,266.67,0.0,2.3,1936.0,41714.0,41,0.2221,0.0,0.0,0.0
r0134_c0126,40.7298888,-73.7374241,Residential,47,177.78,0.0,2.5,1928.0,74564.0,85,0.3102,0.0,0.0,0.0
r0134_c0127,40.7298888,-73.7356412,Residential,50,133.33,0.0,1.9,1952.0,80390.0,87,0.507,0.0,0.0,0.0
r0134_c0128,40.7298888,-73.7338583,Residential,57,0.0,0.0,2.4,1972.0,177209.0,60,0.9987,0.0,0.0,0.0
r0134_c0129,40.7298888,-73.7320753,Residential,51,222.22,0.0,2.5,1928.0,85469.0,92,0.0091,0.0,0.0,0.0
r0134_c0130,40.7298888,-73.7302924,Residential,45,311.11,0.0,2.5,1933.0,67908.0,79,0.2383,0.0,0.0,0.0
r0134_c0131,40.7298888,-73.7285095,Residential,57,400.0,0.0,2.5,1928.0,90201.0,98,-0.0,0.0,0.0,0.0
r0134_c0132,40.7298888,-73.7267266,Residential,62,400.0,0.0,2.5,1926.0,77232.0,92,0.4392,0.0,0.0,0.0
r0134_c0133,40.7298888,-73.7249437,Residential,46,444.44,0.0,2.5,1931.0,65943.0,73,1.4011,0.0,0.0,0.0
r0134_c0134,40.7298888,-73.7231608,Institutional,10,0.0,0.0,2.0,1960.0,21437.0,10,1.3693,0.0,0.0,0.0
r0134_c0135,40.7298888,-73.7213779,Institutional,23,44.44,0.0,1.7,1951.0,80356.0,34,1.3916,0.0,0.0,0.0
r0134_c0136,40.7298888,-73.719595,Residential,41,222.22,0.0,1.9,1949.0,60658.0,54,0.9328,0.0,0.0,0.0
r0134_c0137,40.7298888,-73.717812,Residential,41,44.44,0.0,2.2,1944.0,53412.0,74,-0.0,0.0,0.0,0.0
r0134_c0138,40.7298888,-73.7160291,Residential,40,222.22,0.0,1.9,1944.0,53552.0,70,-0.0,0.0,0.0,0.0
r0134_c0139,40.7298888,-73.7142462,Residential,49,88.89,0.0,2.5,1929.0,72005.0,94,-0.0,0.0,0.0,0.0
r0134_c0140,40.7298888,-73.7124633,Residential,53,266.67,0.0,2.4,1933.0,73802.0,96,-0.0,0.0,0.0,0.0
r0134_c0141,40.7298888,-73.7106804,Residential,28,44.44,0.0,2.0,1946.0,66543.0,65,0.9959,0.0,0.0,0.0
r0134_c0142,40.7298888,-73.7088975,Residential,37,133.33,0.0,1.8,1950.0,62937.0,63,-0.0,0.0,0.0,0.0
r0134_c0143,40.7298888,-73.7071146,Residential,37,133.33,0.0,2.0,1942.0,56883.0,65,0.0351,0.0,0.0,0.0
r0135_c0014,40.7312402,-73.9371102,Industrial,3,0.0,0.0,1.5,1968.0,111032.0,3,0.6597,0.0,0.0,0.0
r0135_c0020,40.7312402,-73.9264128,Mixed-Use,4,0.0,0.0,,,0.0,1,0.7573,0.0,0.0,0.0
r0135_c0021,40.7312402,-73.9246298,Industrial,22,1066.67,0.0,1.8,1974.0,88877.0,14,1.749,0.0,0.0,0.0
r0135_c0022,40.7312402,-73.9228469,Industrial,23,44.44,0.0,1.8,1948.0,134408.0,26,1.4056,0.0,0.0,0.0
r0135_c0023,40.7312402,-73.921064,Industrial,22,0.0,0.0,1.7,1965.0,173932.0,21,0.8381,0.0,0.0,0.0
r0135_c0024,40.7312402,-73.9192811,Mixed-Use,5,0.0,0.0,1.0,1969.0,12405.0,3,1.0085,0.0,0.0,0.0
r0135_c0025,40.7312402,-73.9174982,Residential,7,0.0,0.0,1.0,1940.0,7740.0,6,0.0683,0.0,0.0,0.0
r0135_c0033,40.7312402,-73.9032349,Industrial,24,44.44,0.0,1.5,1945.0,64276.0,28,1.3411,0.0,0.0,0.0
r0135_c0034,40.7312402,-73.901452,Residential,55,88.89,0.0,2.0,1940.0,96951.0,64,0.32,0.0,0.0,0.0
r0135_c0035,40.7312402,-73.8996691,Residential,62,533.33,0.3333,2.2,1935.0,159859.0,79,1.1498,0.0,222.22,0.0
r0135_c0036,40.7312402,-73.8978862,Residential,65,177.78,0.0,2.1,1947.0,117286.0,79,0.6417,0.0,0.0,0.0
r0135_c0037,40.7312402,-73.8961033,Residential,62,88.89,0.0,2.2,1947.0,129695.0,70,1.1504,0.0,0.0,0.0
r0135_c0038,40.7312402,-73.8943203,Residential,69,444.44,0.0,2.1,1939.0,108567.0,92,0.5585,0.0,0.0,0.0
r0135_c0039,40.7312402,-73.8925374,Residential,75,88.89,0.0,2.1,1940.0,132534.0,98,1.1476,0.0,0.0,0.0
r0135_c0040,40.7312402,-73.8907545,Residential,64,222.22,0.0,2.1,1927.0,99696.0,111,0.2399,0.0,0.0,0.0
r0135_c0041,40.7312402,-73.8889716,Residential,67,44.44,0.0,1.9,1946.0,121075.0,83,0.7754,0.0,0.0,0.0
r0135_c0042,40.7312402,-73.8871887,Commercial,4,488.89,0.0909,1.0,1985.0,107433.0,4,0.2924,0.0,222.22,0.4
r0135_c0043,40.7312402,-73.8854058,Residential,53,222.22,0.0,2.1,1948.0,77004.0,51,1.4106,0.0,0.0,0.0
r0135_c0044,40.7312402,-73.8836229,Residential,76,88.89,0.0,2.1,1945.0,132738.0,87,0.9798,0.0,0.0,0.0
r0135_c0045,40.7312402,-73.88184,Residential,68,0.0,0.0,2.1,1940.0,136045.0,92,0.9335,0.0,0.0,0.0
r0135_c0046,40.7312402,-73.880057,Residential,73,44.44,0.0,2.6,1960.0,169714.0,85,1.4643,0.0,0.0,0.0
r0135_c0047,40.7312402,-73.8782741,Residential,59,0.0,0.0,1.8,1953.0,97967.0,69,0.9819,0.0,0.0,0.0
r0135_c0048,40.7312402,-73.8764912,Residential,39,0.0,0.0,2.9,1963.0,113738.0,40,1.4794,0.0,0.0,0.0
r0135_c0049,40.7312402,-73.8747083,Residential,46,44.44,0.0,2.7,1962.0,117303.0,51,1.4528,0.0,0.0,0.0
r0135_c0050,40.7312402,-73.8729254,Residential,9,0.0,0.0,2.8,1944.0,121039.0,14,1.3866,0.0,0.0,0.0
r0135_c0051,40.7312402,-73.8711425,Residential,24,88.89,0.0,2.5,1932.0,115279.0,36,1.5047,0.0,0.0,0.0
r0135_c0052,40.7312402,-73.8693596,Residential,45,44.44,0.0,2.5,1924.0,70336.0,86,0.1148,0.0,0.0,0.0
r0135_c0053,40.7312402,-73.8675767,Residential,33,88.89,0.0,2.7,1921.0,322770.0,53,2.0078,0.0,0.0,0.0
r0135_c0054,40.7312402,-73.8657937,Mixed-Use,4,711.11,0.0,6.2,1942.0,323027.0,4,0.9185,0.0,0.0,0.0
r0135_c0057,40.7312402,-73.860445,Commercial,11,1155.56,0.1538,2.2,1950.0,84296.0,12,1.4771,0.0,311.11,0.2857
r0135_c0058,40.7312402,-73.8586621,Institutional,9,311.11,0.2857,5.9,1975.0,507009.0,11,1.8294,0.0,44.44,0.0
r0135_c0059,40.7312402,-73.8568792,Residential,10,88.89,0.0,5.1,1953.0,690186.0,13,0.7898,0.0,0.0,0.0
r0135_c0060,40.7312402,-73.8550963,Residential,36,0.0,0.0,2.3,1941.0,415001.0,36,0.9559,0.0,0.0,0.0
r0135_c0061,40.7312402,-73.8533134,Residential,22,177.78,0.0,3.3,1946.0,427247.0,25,1.2093,0.0,0.0,0.0
r0135_c0063,40.7312402,-73.8497475,Residential,14,444.44,0.2,3.2,1951.0,560375.0,23,0.9914,0.0,177.78,0.0
r0135_c0064,40.7312402,-73.8479646,Residential,52,355.56,0.125,2.2,1940.0,269846.0,53,0.9301,0.0,88.89,0.0
r0135_c0065,40.7312402,-73.8461817,Residential,55,88.89,0.0,2.1,1948.0,215277.0,82,1.0657,0.0,0.0,0.0
r0135_c0076,40.7312402,-73.8265697,Residential,36,444.44,0.0,2.0,1945.0,49952.0,36,-0.0,0.0,0.0,0.0
r0135_c0077,40.7312402,-73.8247868,Residential,78,444.44,0.0,2.0,1945.0,111939.0,79,0.54,0.0,0.0,0.0
r0135_c0078,40.7312402,-73.8230039,Residential,90,44.44,0.0,2.0,1941.0,127513.0,94,0.1009,0.0,0.0,0.0
r0135_c0079,40.7312402,-73.8212209,Residential,46,177.78,0.0,2.1,1946.0,97210.0,76,0.055,0.0,0.0,0.0
r0135_c0080,40.7312402,-73.819438,Residential,23,133.33,0.0,1.8,1950.0,37624.0,33,0.9666,0.0,0.0,0.0
r0135_c0082,40.7312402,-73.8158722,Residential,28,444.44,0.0,2.9,1965.0,67287.0,29,1.4674,0.0,0.0,0.0
r0135_c0088,40.7312402,-73.8051747,Institutional,36,177.78,0.0,2.0,1947.0,138847.0,41,1.3385,0.0,0.0,0.0
r0135_c0089,40.7312402,-73.8033918,Residential,60,44.44,0.0,2.0,1948.0,100543.0,82,-0.0,0.0,0.0,0.0
r0135_c0090,40.7312402,-73.8016089,Residential,40,88.89,0.0,1.4,1952.0,57077.0,51,-0.0,0.0,0.0,0.0
r0135_c0091,40.7312402,-73.799826,Residential,32,222.22,0.0,1.3,1951.0,92004.0,38,0.8961,0.0,0.0,0.0
r0135_c0092,40.7312402,-73.7980431,Residential,34,133.33,0.0,1.5,1949.0,60358.0,52,0.3383,0.0,0.0,0.0
r0135_c0093,40.7312402,-73.7962602,Residential,69,133.33,0.0,2.0,1947.0,106507.0,77,0.0987,0.0,0.0,0.0
r0135_c0094,40.7312402,-73.7944773,Residential,57,488.89,0.0,2.1,1945.0,86036.0,63,0.1423,0.0,0.0,0.0
r0135_c0095,40.7312402,-73.7926944,Open Space,25,1555.56,0.0,1.8,1942.0,39236.0,37,1.0087,0.0,0.0,0.0
r0135_c0096,40.7312402,-73.7909114,Residential,36,355.56,0.0,2.0,1940.0,61981.0,67,-0.0,0.0,0.0,0.0
r0135_c0097,40.7312402,-73.7891285,Residential,36,355.56,0.0,2.1,1942.0,62008.0,61,-0.0,0.0,0.0,0.0
r0135_c0098,40.7312402,-73.7873456,Residential,38,444.44,0.0,1.9,1945.0,59862.0,74,-0.0,0.0,0.0,0.0
r0135_c0099,40.7312402,-73.7855627,Residential,44,0.0,0.0,1.8,1947.0,74906.0,84,-0.0,0.0,0.0,0.0
r0135_c0100,40.7312402,-73.7837798,Residential,36,88.89,0.0,1.8,1946.0,60179.0,67,-0.0,0.0,0.0,0.0
r0135_c0101,40.7312402,-73.7819969,Residential,36,88.89,0.0,1.8,1944.0,56850.0,63,0.1756,0.0,0.0,0.0
r0135_c0102,40.7312402,-73.780214,Residential,38,0.0,0.0,1.9,1947.0,62376.0,67,-0.0,0.0,0.0,0.0
r0135_c0103,40.7312402,-73.7784311,Residential,45,0.0,0.0,2.0,1942.0,72481.0,66,-0.0,0.0,0.0,0.0
r0135_c0104,40.7312402,-73.7766481,Residential,41,0.0,0.0,1.9,1950.0,67706.0,65,-0.0,0.0,0.0,0.0
r0135_c0105,40.7312402,-73.7748652,Residential,26,355.56,0.0,1.9,1950.0,54902.0,44,-0.0,0.0,0.0,0.0
r0135_c0106,40.7312402,-73.7730823,Residential,19,1600.0,0.0,2.0,1950.0,35992.0,28,-0.0,44.44,0.0,0.0
r0135_c0107,40.7312402,-73.7712994,Residential,5,311.11,0.0,3.0,1950.0,12490.0,5,-0.0,0.0,0.0,0.0
r0135_c0112,40.7312402,-73.7623848,Open Space,11,44.44,0.0,1.9,1944.0,17330.0,10,0.4499,0.0,0.0,0.0
r0135_c0113,40.7312402,-73.7606019,Residential,37,177.78,0.0,2.0,1945.0,56122.0,43,-0.0,0.0,0.0,0.0
r0135_c0114,40.7312402,-73.758819,Residential,33,222.22,0.0,1.8,1956.0,60647.0,40,0.1697,0.0,0.0,0.0
r0135_c0115,40.7312402,-73.7570361,Residential,34,133.33,0.0,2.0,1948.0,64522.0,50,-0.0,0.0,0.0,0.0
r0135_c0116,40.7312402,-73.7552532,Residential,36,266.67,0.0,1.9,1947.0,66243.0,47,-0.0,0.0,0.0,0.0
r0135_c0117,40.7312402,-73.7534703,Residential,27,44.44,0.0,1.8,1953.0,54769.0,33,0.1055,0.0,0.0,0.0
r0135_c0118,40.7312402,-73.7516874,Residential,27,88.89,0.0,2.0,1955.0,61757.0,30,-0.0,0.0,0.0,0.0
r0135_c0119,40.7312402,-73.7499045,Residential,18,44.44,0.0,1.8,1955.0,35492.0,18,-0.0,0.0,0.0,0.0
r0135_c0120,40.7312402,-73.7481216,Residential,3,0.0,0.0,2.0,1960.0,6000.0,3,-0.0,0.0,0.0,0.0
r0135_c0121,40.7312402,-73.7463386,Residential,11,222.22,0.0,1.5,1954.0,15520.0,15,0.9554,0.0,0.0,0.0
r0135_c0125,40.7312402,-73.739207,Residential,19,88.89,0.0,2.4,1929.0,153530.0,129,0.7378,0.0,0.0,0.0
r0135_c0126,40.7312402,-73.7374241,Residential,48,222.22,0.0,2.4,1924.0,102089.0,92,0.787,0.0,0.0,0.0
r0135_c0127,40.7312402,-73.7356412,Residential,28,0.0,0.0,1.8,1947.0,44334.0,42,-0.0,0.0,0.0,0.0
r0135_c0128,40.7312402,-73.7338583,Residential,42,88.89,0.0,1.9,1955.0,79894.0,60,0.9748,0.0,0.0,0.0
r0135_c0129,40.7312402,-73.7320753,Open Space,15,88.89,0.0,2.0,1943.0,65737.0,12,1.7855,0.0,0.0,0.0
r0135_c0130,40.7312402,-73.7302924,Open Space,10,577.78,0.0,2.3,1930.0,11623.0,11,0.4182,0.0,0.0,0.0
r0135_c0131,40.7312402,-73.7285095,Mixed-Use,6,444.44,0.0,1.5,1952.0,4732.0,3,0.3831,0.0,0.0,0.0
r0135_c0132,40.7312402,-73.7267266,Residential,38,222.22,0.0,1.9,1938.0,64568.0,65,-0.0,0.0,0.0,0.0
r0135_c0133,40.7312402,-73.7249437,Residential,54,88.89,0.0,2.4,1929.0,86691.0,96,-0.0,0.0,0.0,0.0
r0135_c0134,40.7312402,-73.7231608,Residential,21,44.44,0.0,1.8,1951.0,35594.0,31,0.1641,0.0,0.0,0.0
r0135_c0135,40.7312402,-73.7213779,Residential,37,177.78,0.0,1.7,1945.0,46697.0,69,-0.0,0.0,0.0,0.0
r0135_c0136,40.7312402,-73.719595,Residential,34,222.22,0.0,1.7,1950.0,40257.0,55,-0.0,0.0,0.0,0.0
r0135_c0137,40.7312402,-73.717812,Residential,40,533.33,0.0,2.2,1939.0,52486.0,72,-0.0,0.0,0.0,0.0
r0135_c0138,40.7312402,-73.7160291,Residential,43,266.67,0.0,2.1,1941.0,52705.0,79,-0.0,0.0,0.0,0.0
r0135_c0139,40.7312402,-73.7142462,Residential,50,133.33,0.0,2.3,1933.0,63756.0,98,-0.0,0.0,0.0,0.0
r0135_c0140,40.7312402,-73.7124633,Residential,47,44.44,0.0,2.2,1929.0,65993.0,79,-0.0,0.0,0.0,0.0
r0135_c0141,40.7312402,-73.7106804,Residential,51,44.44,0.0,1.6,1955.0,75270.0,62,-0.0,0.0,0.0,0.0
r0135_c0142,40.7312402,-73.7088975,Residential,40,177.78,0.0,1.9,1947.0,62044.0,61,-0.0,0.0,0.0,0.0
r0135_c0143,40.7312402,-73.7071146,Residential,39,222.22,0.0,2.0,1942.0,65599.0,58,-0.0,0.0,0.0,0.0
r0135_c0144,40.7312402,-73.7053317,Residential,14,1155.56,0.1923,1.8,1946.0,15162.0,24,0.2899,0.0,266.67,0.0
r0136_c0014,40.7325915,-73.9371102,Industrial,3,133.33,0.0,2.5,1940.0,52230.0,6,0.848,0.0,0.0,0.0
r0136_c0021,40.7325915,-73.9246298,Mixed-Use,9,44.44,0.0,2.0,1968.0,20525.0,3,1.7909,0.0,0.0,0.0
r0136_c0022,40.7325915,-73.9228469,Mixed-Use,16,0.0,0.0,1.5,1920.0,19324.0,12,2.5231,0.0,0.0,0.0
r0136_c0023,40.7325915,-73.921064,Mixed-Use,7,0.0,0.0,1.6,1931.0,16956.0,7,2.1745,0.0,0.0,0.0
r0136_c0024,40.7325915,-73.9192811,Residential,13,0.0,0.0,2.4,1947.0,24192.0,11,1.2067,0.0,0.0,0.0
r0136_c0034,40.7325915,-73.901452,Residential,31,88.89,0.0,2.1,1944.0,422313.0,46,1.7995,0.0,44.44,0.0
r0136_c0035,40.7325915,-73.8996691,Residential,47,0.0,0.0,2.5,1943.0,187746.0,68,1.2236,0.0,0.0,0.0
r0136_c0036,40.7325915,-73.8978862,Residential,50,266.67,0.0,2.0,1946.0,95850.0,60,0.4607,0.0,0.0,0.0
r0136_c0037,40.7325915,-73.8961033,Residential,69,222.22,0.4,2.1,1944.0,130718.0,73,1.2352,0.0,0.0,0.0
r0136_c0038,40.7325915,-73.8943203,Residential,61,177.78,0.0,2.1,1945.0,109057.0,72,1.0417,0.0,0.0,0.0
r0136_c0039,40.7325915,-73.8925374,Residential,82,177.78,0.0,2.0,1951.0,147880.0,83,1.1778,0.0,0.0,0.0
r0136_c0040,40.7325915,-73.8907545,Residential,72,133.33,0.0,2.2,1938.0,140670.0,101,0.9346,0.0,0.0,0.0
r0136_c0041,40.7325915,-73.8889716,Residential,81,88.89,0.0,1.9,1942.0,139714.0,94,0.1272,0.0,0.0,0.0
r0136_c0042,40.7325915,-73.8871887,Mixed-Use,29,44.44,0.0,2.0,1949.0,197973.0,31,1.3639,0.0,0.0,0.0
r0136_c0043,40.7325915,-73.8854058,Residential,96,44.44,1.0,2.0,1943.0,168521.0,97,0.5265,0.0,44.44,0.0
r0136_c0044,40.7325915,-73.8836229,Institutional,40,400.0,0.3333,2.4,1947.0,208506.0,48,2.2122,0.0,88.89,0.0
r0136_c0045,40.7325915,-73.88184,Residential,44,222.22,0.0,2.1,1935.0,87421.0,54,1.0511,0.0,0.0,0.0
r0136_c0046,40.7325915,-73.880057,Mixed-Use,40,0.0,0.0,2.5,1942.0,82739.0,51,1.201,0.0,0.0,0.0
r0136_c0047,40.7325915,-73.8782741,Residential,41,133.33,0.0,2.3,1932.0,179008.0,63,1.391,0.0,0.0,0.0
r0136_c0048,40.7325915,-73.8764912,Residential,69,88.89,0.5,2.7,1949.0,209779.0,100,1.5,0.0,0.0,0.0
r0136_c0049,40.7325915,-73.8747083,Residential,65,44.44,0.0,2.2,1942.0,140077.0,94,1.2777,0.0,0.0,0.0
r0136_c0050,40.7325915,-73.8729254,Open Space,24,1688.89,0.0,2.9,1957.0,192811.0,26,1.7941,0.0,0.0,0.0
r0136_c0053,40.7325915,-73.8675767,Mixed-Use,3,88.89,0.0,7.7,1961.0,222963.0,4,0.7836,0.0,0.0,0.0
r0136_c0054,40.7325915,-73.8657937,Mixed-Use,6,1600.0,0.0556,2.2,1972.0,127808.0,4,1.5877,88.89,0.0,0.0
r0136_c0056,40.7325915,-73.8622279,Mixed-Use,3,1511.11,0.2353,19.0,1998.0,1803239.0,4,0.218,0.0,577.78,0.7692
r0136_c0059,40.7325915,-73.8568792,Mixed-Use,20,1333.33,0.1667,2.4,1970.0,101759.0,26,2.085,0.0,355.56,0.0
r0136_c0060,40.7325915,-73.8550963,Mixed-Use,16,133.33,0.0,3.2,1976.0,633701.0,21,0.9847,0.0,44.44,0.0
r0136_c0061,40.7325915,-73.8533134,Residential,49,177.78,0.0,2.1,1940.0,299646.0,49,1.5,0.0,0.0,0.0
r0136_c0062,40.7325915,-73.8515304,Residential,5,355.56,0.0,3.4,1955.0,426078.0,9,1.0439,0.0,0.0,0.0
r0136_c0063,40.7325915,-73.8497475,Commercial,4,1688.89,0.1842,1.0,1949.0,89077.0,8,-0.0,0.0,666.67,0.0667
r0136_c0064,40.7325915,-73.8479646,Residential,77,88.89,0.0,2.0,1947.0,143181.0,87,0.6331,0.0,0.0,0.0
r0136_c0065,40.7325915,-73.8461817,Residential,24,0.0,0.0,2.0,1944.0,113097.0,54,0.8957,0.0,0.0,0.0
r0136_c0066,40.7325915,-73.8443988,Residential,3,222.22,0.0,3.0,1988.0,113448.0,15,0.3978,0.0,0.0,0.0
r0136_c0076,40.7325915,-73.8265697,Residential,6,44.44,0.0,1.2,1940.0,6936.0,6,-0.0,0.0,0.0,0.0
r0136_c0077,40.7325915,-73.8247868,Residential,29,755.56,0.2353,2.1,1949.0,81993.0,36,2.111,0.0,444.44,0.0
r0136_c0078,40.7325915,-73.8230039,Residential,59,88.89,0.0,2.1,1951.0,126201.0,85,0.738,0.0,0.0,0.0
r0136_c0079,40.7325915,-73.8212209,Residential,23,44.44,0.0,2.3,1950.0,212736.0,117,0.7497,0.0,0.0,0.0
r0136_c0088,40.7325915,-73.8051747,Commercial,13,400.0,0.3333,1.8,1954.0,62185.0,15,1.4938,0.0,44.44,0.0
r0136_c0089,40.7325915,-73.8033918,Residential,38,88.89,0.0,1.7,1948.0,61151.0,52,0.3222,0.0,0.0,0.0
r0136_c0090,40.7325915,-73.8016089,Residential,46,177.78,0.0,1.6,1956.0,64631.0,60,0.3753,0.0,0.0,0.0
r0136_c0091,40.7325915,-73.799826,Residential,40,44.44,0.0,1.4,1949.0,69119.0,49,-0.0,0.0,0.0,0.0
r0136_c0092,40.7325915,-73.7980431,Residential,36,44.44,0.0,1.4,1955.0,71677.0,51,0.1642,0.0,0.0,0.0
r0136_c0093,40.7325915,-73.7962602,Residential,80,0.0,0.0,1.9,1948.0,133279.0,87,0.218,0.0,0.0,0.0
r0136_c0094,40.7325915,-73.7944773,Residential,65,1155.56,0.1923,2.0,1949.0,145192.0,68,1.2904,0.0,311.11,0.0
r0136_c0095,40.7325915,-73.7926944,Residential,30,177.78,0.0,1.9,1941.0,52385.0,51,-0.0,0.0,0.0,0.0
r0136_c0096,40.7325915,-73.7909114,Residential,44,177.78,0.0,1.9,1940.0,70412.0,82,-0.0,0.0,0.0,0.0
r0136_c0097,40.7325915,-73.7891285,Residential,46,88.89,0.0,1.9,1944.0,70534.0,82,0.1123,0.0,0.0,0.0
r0136_c0098,40.7325915,-73.7873456,Residential,42,311.11,0.0,1.7,1947.0,60400.0,75,0.2165,0.0,0.0,0.0
r0136_c0099,40.7325915,-73.7855627,Residential,28,133.33,0.0,1.9,1948.0,57468.0,48,0.4354,0.0,0.0,0.0
r0136_c0100,40.7325915,-73.7837798,Commercial,30,755.56,0.0588,1.7,1944.0,103974.0,49,0.9897,0.0,88.89,0.0
r0136_c0101,40.7325915,-73.7819969,Residential,40,222.22,0.0,1.9,1950.0,67753.0,61,0.5037,0.0,0.0,0.0
r0136_c0102,40.7325915,-73.780214,Residential,42,0.0,0.0,2.1,1944.0,68544.0,63,-0.0,0.0,0.0,0.0
r0136_c0103,40.7325915,-73.7784311,Residential,38,0.0,0.0,1.9,1942.0,61458.0,64,-0.0,0.0,0.0,0.0
r0136_c0104,40.7325915,-73.7766481,Residential,37,44.44,0.0,2.0,1949.0,65530.0,63,-0.0,0.0,0.0,0.0
r0136_c0105,40.7325915,-73.7748652,Residential,37,0.0,0.0,1.6,1950.0,64827.0,61,-0.0,0.0,0.0,0.0
r0136_c0106,40.7325915,-73.7730823,Residential,59,44.44,0.0,2.0,1950.0,109741.0,93,-0.0,0.0,0.0,0.0
r0136_c0107,40.7325915,-73.7712994,Residential,5,488.89,0.0,2.1,1950.0,8162.0,5,0.1798,0.0,0.0,0.0
r0136_c0112,40.7325915,-73.7623848,Residential,31,266.67,0.0,1.8,1954.0,56697.0,35,0.5764,0.0,0.0,0.0
r0136_c0113,40.7325915,-73.7606019,Residential,39,488.89,0.0,1.8,1949.0,73912.0,52,0.8097,0.0,0.0,0.0
r0136_c0114,40.7325915,-73.758819,Residential,44,133.33,0.0,2.0,1952.0,66427.0,66,-0.0,0.0,0.0,0.0
r0136_c0115,40.7325915,-73.7570361,Residential,41,177.78,0.0,2.0,1956.0,70790.0,56,-0.0,0.0,0.0,0.0
r0136_c0116,40.7325915,-73.7552532,Residential,30,177.78,0.0,1.8,1950.0,56189.0,37,0.613,0.0,0.0,0.0
r0136_c0117,40.7325915,-73.7534703,Residential,29,44.44,0.0,1.8,1947.0,51778.0,30,-0.0,0.0,0.0,0.0
r0136_c0118,40.7325915,-73.7516874,Residential,30,88.89,0.0,1.9,1944.0,57576.0,30,-0.0,0.0,0.0,0.0
r0136_c0119,40.7325915,-73.7499045,Residential,32,133.33,0.0,1.7,1951.0,67713.0,32,-0.0,0.0,0.0,0.0
r0136_c0120,40.7325915,-73.7481216,Residential,25,0.0,0.0,1.6,1948.0,46174.0,24,0.2909,0.0,0.0,0.0
r0136_c0125,40.7325915,-73.739207,Institutional,4,1066.67,0.0,1.7,1966.0,21743.0,5,0.9272,0.0,0.0,0.0
r0136_c0126,40.7325915,-73.7374241,Residential,55,311.11,0.0,2.3,1932.0,86735.0,96,0.0892,0.0,0.0,0.0
r0136_c0127,40.7325915,-73.7356412,Residential,41,88.89,0.0,1.9,1940.0,67899.0,65,0.6588,0.0,0.0,0.0
r0136_c0128,40.7325915,-73.7338583,Residential,31,133.33,0.3333,1.8,1949.0,53104.0,46,0.8231,0.0,0.0,0.0
r0136_c0129,40.7325915,-73.7320753,Residential,11,977.78,0.0,2.0,1959.0,25687.0,15,0.5013,0.0,0.0,0.0
r0136_c0132,40.7325915,-73.7267266,Residential,26,488.89,0.0,2.0,1955.0,84696.0,47,0.9993,0.0,0.0,0.0
r0136_c0133,40.7325915,-73.7249437,Residential,45,222.22,0.0,2.0,1935.0,79048.0,85,-0.0,0.0,0.0,0.0
r0136_c0134,40.7325915,-73.7231608,Residential,20,88.89,0.0,1.6,1941.0,31233.0,35,-0.0,0.0,0.0,0.0
r0136_c0135,40.7325915,-73.7213779,Residential,36,88.89,0.0,1.6,1947.0,48926.0,62,-0.0,0.0,0.0,0.0
r0136_c0136,40.7325915,-73.719595,Residential,37,222.22,0.0,1.7,1946.0,45311.0,74,-0.0,0.0,0.0,0.0
r0136_c0137,40.7325915,-73.717812,Institutional,17,266.67,0.0,1.7,1944.0,74419.0,27,0.9824,0.0,0.0,0.0
r0136_c0138,40.7325915,-73.7160291,Residential,41,44.44,0.0,1.8,1943.0,49427.0,79,-0.0,0.0,0.0,0.0
r0136_c0139,40.7325915,-73.7142462,Residential,38,88.89,0.0,1.8,1942.0,46403.0,69,-0.0,0.0,0.0,0.0
r0136_c0140,40.7325915,-73.7124633,Residential,59,133.33,0.0,1.5,1946.0,87908.0,73,-0.0,0.0,0.0,0.0
r0136_c0141,40.7325915,-73.7106804,Residential,50,88.89,0.0,1.8,1952.0,69394.0,73,-0.0,0.0,0.0,0.0
r0136_c0142,40.7325915,-73.7088975,Residential,42,133.33,0.0,2.0,1939.0,57734.0,73,-0.0,0.0,0.0,0.0
r0136_c0143,40.7325915,-73.7071146,Residential,46,222.22,0.0,2.1,1936.0,69902.0,82,0.0504,0.0,0.0,0.0
r0136_c0144,40.7325915,-73.7053317,Residential,41,88.89,0.0,2.0,1941.0,56482.0,71,0.1887,0.0,0.0,0.0
r0137_c0013,40.7339429,-73.9388931,Industrial,4,133.33,0.0,1.2,1939.0,63730.0,4,0.3535,0.0,44.44,0.0
r0137_c0014,40.7339429,-73.9371102,Industrial,19,311.11,0.1429,2.1,1936.0,65657.0,22,1.7177,0.0,88.89,0.0
r0137_c0023,40.7339429,-73.921064,Residential,7,0.0,0.0,2.0,1908.0,7872.0,11,0.1207,0.0,0.0,0.0
r0137_c0024,40.7339429,-73.9192811,Residential,86,0.0,0.0,2.0,1922.0,124683.0,98,0.5635,0.0,0.0,0.0
r0137_c0025,40.7339429,-73.9174982,Residential,19,0.0,0.0,2.0,1920.0,34626.0,36,0.9229,0.0,0.0,0.0
r0137_c0034,40.7339429,-73.901452,Residential,27,88.89,0.0,2.3,1953.0,69425.0,34,1.5493,0.0,0.0,0.0
r0137_c0035,40.7339429,-73.8996691,Residential,43,44.44,0.0,2.1,1943.0,91198.0,57,1.1767,0.0,0.0,0.0
r0137_c0036,40.7339429,-73.8978862,Residential,54,133.33,0.0,2.2,1946.0,105726.0,78,0.822,0.0,0.0,0.0
r0137_c0037,40.7339429,-73.8961033,Residential,60,88.89,0.0,2.1,1955.0,125614.0,73,1.1401,0.0,0.0,0.0
r0137_c0038,40.7339429,-73.8943203,Residential,72,133.33,0.0,2.0,1953.0,136969.0,82,0.5857,0.0,0.0,0.0
r0137_c0039,40.7339429,-73.8925374,Residential,61,44.44,0.0,1.9,1950.0,106394.0,68,0.8185,0.0,0.0,0.0
r0137_c0040,40.7339429,-73.8907545,Residential,67,88.89,0.0,2.4,1959.0,136343.0,79,0.5953,0.0,0.0,0.0
r0137_c0041,40.7339429,-73.8889716,Residential,87,0.0,0.0,2.1,1945.0,158396.0,95,0.4154,0.0,0.0,0.0
r0137_c0042,40.7339429,-73.8871887,Residential,56,0.0,0.0,2.0,1944.0,84271.0,54,0.9656,0.0,0.0,0.0
r0137_c0043,40.7339429,-73.8854058,Residential,67,0.0,0.0,2.0,1943.0,127909.0,67,1.1593,0.0,0.0,0.0
r0137_c0044,40.7339429,-73.8836229,Residential,33,355.56,0.0,2.1,1959.0,69342.0,28,2.4537,44.44,88.89,0.0
r0137_c0045,40.7339429,-73.88184,Residential,65,311.11,0.1429,2.2,1922.0,166798.0,86,1.615,0.0,222.22,0.0
r0137_c0046,40.7339429,-73.880057,Residential,76,0.0,0.0,2.1,1927.0,146612.0,102,0.5507,0.0,0.0,0.0
r0137_c0047,40.7339429,-73.8782741,Residential,62,88.89,0.0,2.2,1929.0,108254.0,96,0.7667,0.0,0.0,0.0
r0137_c0048,40.7339429,-73.8764912,Residential,71,0.0,0.0,2.4,1939.0,169114.0,99,1.1071,0.0,0.0,0.0
r0137_c0049,40.7339429,-73.8747083,Residential,32,400.0,0.3333,2.1,1940.0,223251.0,59,1.8553,0.0,133.33,0.0
r0137_c0050,40.7339429,-73.8729254,Mixed-Use,7,533.33,0.1667,3.6,2006.0,284826.0,7,1.1034,0.0,133.33,0.3333
r0137_c0052,40.7339429,-73.8693596,Commercial,6,1644.44,0.1892,3.0,1994.0,199120.0,9,-0.0,88.89,444.44,0.1
r0137_c0053,40.7339429,-73.8675767,Commercial,3,222.22,0.4,1.0,2014.0,14929.0,2,0.1397,133.33,0.0,0.0
r0137_c0054,40.7339429,-73.8657937,Mixed-Use,3,133.33,0.3333,6.0,1965.0,168143.0,2,1.139,0.0,0.0,0.0
r0137_c0057,40.7339429,-73.860445,Institutional,3,755.56,0.0,3.0,1956.0,95995.0,4,0.4779,0.0,0.0,0.0
r0137_c0058,40.7339429,-73.8586621,Residential,15,44.44,0.0,4.7,1975.0,998123.0,21,0.3891,0.0,0.0,0.0
r0137_c0059,40.7339429,-73.8568792,Residential,52,0.0,0.0,2.5,1943.0,120456.0,74,0.9837,0.0,0.0,0.0
r0137_c0060,40.7339429,-73.8550963,Residential,52,222.22,0.0,2.2,1944.0,96247.0,78,0.7056,0.0,0.0,0.0
r0137_c0061,40.7339429,-73.8533134,Residential,58,222.22,0.0,2.1,1947.0,207257.0,66,1.3669,0.0,0.0,0.0
r0137_c0062,40.7339429,-73.8515304,Residential,77,0.0,0.0,2.1,1943.0,221186.0,78,0.7766,0.0,0.0,0.0
r0137_c0063,40.7339429,-73.8497475,Commercial,26,1200.0,0.2593,1.9,1954.0,89148.0,29,1.2447,0.0,355.56,0.0
r0137_c0064,40.7339429,-73.8479646,Residential,56,0.0,0.0,2.0,1951.0,111588.0,64,0.8343,0.0,0.0,0.0
r0137_c0065,40.7339429,-73.8461817,Residential,42,133.33,0.0,2.0,1946.0,107848.0,66,0.9866,0.0,0.0,0.0
r0137_c0077,40.7339429,-73.8247868,Residential,47,400.0,0.4444,2.0,1951.0,79330.0,50,0.6899,0.0,177.78,0.0
r0137_c0078,40.7339429,-73.8230039,Residential,58,44.44,0.0,1.9,1950.0,80165.0,72,0.2338,0.0,0.0,0.0
r0137_c0079,40.7339429,-73.8212209,Residential,15,1866.67,0.0476,1.9,1944.0,34040.0,17,0.3733,44.44,0.0,0.0
r0137_c0088,40.7339429,-73.8051747,Mixed-Use,9,88.89,0.0,1.3,1957.0,25366.0,10,1.5698,0.0,44.44,1.0
r0137_c0089,40.7339429,-73.8033918,Residential,40,133.33,0.0,1.6,1951.0,66525.0,67,-0.0,0.0,0.0,0.0
r0137_c0090,40.7339429,-73.8016089,Residential,42,133.33,0.0,1.7,1955.0,80659.0,67,-0.0,0.0,0.0,0.0
r0137_c0091,40.7339429,-73.799826,Residential,46,0.0,0.0,1.7,1950.0,84991.0,64,-0.0,0.0,0.0,0.0
r0137_c0092,40.7339429,-73.7980431,Residential,37,177.78,0.0,1.6,1951.0,71621.0,57,-0.0,0.0,0.0,0.0
r0137_c0093,40.7339429,-73.7962602,Institutional,27,311.11,0.0,1.8,1951.0,137669.0,39,0.9481,0.0,0.0,0.0
r0137_c0094,40.7339429,-73.7944773,Residential,40,800.0,0.0556,2.2,1960.0,106154.0,41,0.692,0.0,133.33,0.0
r0137_c0095,40.7339429,-73.7926944,Residential,21,266.67,0.0,1.8,1950.0,51846.0,23,-0.0,0.0,0.0,0.0
r0137_c0096,40.7339429,-73.7909114,Residential,38,266.67,0.0,1.7,1943.0,66106.0,58,-0.0,0.0,0.0,0.0
r0137_c0097,40.7339429,-73.7891285,Residential,37,133.33,0.0,1.9,1944.0,57285.0,63,-0.0,0.0,0.0,0.0
r0137_c0098,40.7339429,-73.7873456,Residential,40,133.33,0.0,1.7,1946.0,63232.0,68,-0.0,0.0,0.0,0.0
r0137_c0099,40.7339429,-73.7855627,Residential,12,222.22,0.0,1.9,1953.0,31494.0,16,0.4353,0.0,0.0,0.0
r0137_c0101,40.7339429,-73.7819969,Residential,4,133.33,0.0,2.0,1955.0,6682.0,5,-0.0,0.0,44.44,0.0
r0137_c0102,40.7339429,-73.780214,Residential,24,133.33,0.0,2.0,1940.0,42679.0,32,-0.0,0.0,0.0,0.0
r0137_c0103,40.7339429,-73.7784311,Residential,42,44.44,0.0,1.9,1938.0,69890.0,69,-0.0,0.0,44.44,0.0
r0137_c0104,40.7339429,-73.7766481,Residential,45,0.0,0.0,2.0,1943.0,77289.0,72,-0.0,0.0,0.0,0.0
r0137_c0105,40.7339429,-73.7748652,Residential,41,0.0,0.0,1.8,1956.0,80188.0,69,-0.0,0.0,0.0,0.0
r0137_c0106,40.7339429,-73.7730823,Residential,37,0.0,0.0,2.0,1954.0,69046.0,62,-0.0,0.0,0.0,0.0
r0137_c0111,40.7339429,-73.7641678,Residential,26,355.56,0.0,1.9,1944.0,44913.0,49,-0.0,0.0,0.0,0.0
r0137_c0112,40.7339429,-73.7623848,Residential,38,44.44,0.0,1.8,1948.0,65861.0,62,0.3767,0.0,0.0,0.0
r0137_c0113,40.7339429,-73.7606019,Residential,34,444.44,0.0,1.9,1948.0,55649.0,59,0.4565,0.0,0.0,0.0
r0137_c0114,40.7339429,-73.758819,Residential,35,533.33,0.0833,1.8,1951.0,69500.0,45,1.1524,0.0,88.89,0.0
r0137_c0115,40.7339429,-73.7570361,Residential,31,444.44,0.0,1.7,1955.0,57094.0,43,0.5365,0.0,44.44,0.0
r0137_c0116,40.7339429,-73.7552532,Residential,25,311.11,0.0,1.5,1953.0,54463.0,31,0.8108,0.0,44.44,0.0
r0137_c0117,40.7339429,-73.7534703,Residential,26,444.44,0.0,1.9,1947.0,58974.0,26,0.7185,0.0,0.0,0.0
r0137_c0118,40.7339429,-73.7516874,Residential,33,133.33,0.0,1.6,1952.0,59987.0,35,-0.0,0.0,0.0,0.0
r0137_c0119,40.7339429,-73.7499045,Residential,28,44.44,0.0,1.8,1945.0,52854.0,29,-0.0,0.0,0.0,0.0
r0137_c0120,40.7339429,-73.7481216,Residential,33,133.33,0.0,2.1,1943.0,64033.0,35,0.0243,0.0,0.0,0.0
r0137_c0121,40.7339429,-73.7463386,Residential,15,222.22,0.0,2.1,1940.0,29853.0,15,-0.0,0.0,0.0,0.0
r0137_c0126,40.7339429,-73.7374241,Residential,38,400.0,0.0,1.8,1942.0,67483.0,52,0.1036,0.0,0.0,0.0
r0137_c0127,40.7339429,-73.7356412,Residential,21,355.56,0.5,1.9,1955.0,38748.0,29,1.1412,0.0,88.89,0.0
r0137_c0128,40.7339429,-73.7338583,Residential,51,0.0,0.0,2.0,2002.0,103200.0,49,0.9811,0.0,0.0,0.0
r0137_c0132,40.7339429,-73.7267266,Residential,16,177.78,0.0,1.5,1955.0,58104.0,25,1.5664,0.0,0.0,0.0
r0137_c0133,40.7339429,-73.7249437,Residential,30,400.0,0.2222,1.6,1958.0,55786.0,47,1.14,0.0,88.89,0.0
r0137_c0134,40.7339429,-73.7231608,Residential,12,133.33,0.0,1.6,1955.0,14682.0,19,-0.0,0.0,0.0,0.0
r0137_c0135,40.7339429,-73.7213779,Residential,30,177.78,0.0,1.6,1945.0,33617.0,47,0.1913,0.0,0.0,0.0
r0137_c0136,40.7339429,-73.719595,Residential,43,222.22,0.0,1.7,1945.0,61472.0,76,0.3346,0.0,0.0,0.0
r0137_c0137,40.7339429,-73.717812,Residential,45,177.78,0.0,1.7,1946.0,52780.0,88,-0.0,0.0,0.0,0.0
r0137_c0138,40.7339429,-73.7160291,Residential,41,177.78,0.0,1.8,1943.0,54725.0,78,-0.0,0.0,0.0,0.0
r0137_c0139,40.7339429,-73.7142462,Residential,39,88.89,0.0,1.8,1945.0,49657.0,71,-0.0,0.0,0.0,0.0
r0137_c0140,40.7339429,-73.7124633,Residential,48,44.44,0.0,1.4,1946.0,70099.0,64,-0.0,0.0,0.0,0.0
r0137_c0141,40.7339429,-73.7106804,Residential,40,177.78,0.0,1.8,1945.0,59237.0,60,-0.0,0.0,0.0,0.0
r0137_c0142,40.7339429,-73.7088975,Residential,28,177.78,0.0,1.8,1947.0,72584.0,46,0.9885,0.0,0.0,0.0
r0137_c0143,40.7339429,-73.7071146,Residential,40,177.78,0.0,1.8,1950.0,67639.0,74,-0.0,0.0,0.0,0.0
r0137_c0144,40.7339429,-73.7053317,Residential,38,177.78,0.0,1.6,1943.0,56443.0,66,0.1956,0.0,0.0,0.0
r0137_c0145,40.7339429,-73.7035488,Residential,10,0.0,0.0,1.9,1947.0,15411.0,17,-0.0,0.0,0.0,0.0
r0138_c0013,40.7352942,-73.9388931,Industrial,5,311.11,0.0,1.8,1941.0,111506.0,6,1.1188,0.0,0.0,0.0
r0138_c0014,40.7352942,-73.9371102,Mixed-Use,29,177.78,0.0,2.1,1935.0,99219.0,28,2.59,0.0,88.89,0.0
r0138_c0015,40.7352942,-73.9353273,Mixed-Use,36,266.67,0.1667,1.8,1933.0,163064.0,43,2.3741,0.0,44.44,0.0
r0138_c0022,40.7352942,-73.9228469,Residential,17,0.0,0.0,2.1,1937.0,29424.0,18,0.9395,0.0,0.0,0.0
r0138_c0023,40.7352942,-73.921064,Residential,36,0.0,0.0,2.0,1940.0,49079.0,49,0.5142,0.0,0.0,0.0
r0138_c0024,40.7352942,-73.9192811,Residential,48,44.44,0.0,2.0,1937.0,110393.0,64,1.3632,0.0,0.0,0.0
r0138_c0025,40.7352942,-73.9174982,Mixed-Use,15,0.0,0.0,1.6,1944.0,50818.0,22,1.4667,0.0,0.0,0.0
r0138_c0030,40.7352942,-73.9085836,Industrial,7,44.44,0.0,1.4,1945.0,272604.0,9,1.1805,0.0,0.0,0.0
r0138_c0032,40.7352942,-73.9050178,Industrial,9,88.89,0.0,2.1,1954.0,72359.0,9,0.4291,0.0,0.0,0.0
r0138_c0033,40.7352942,-73.9032349,Residential,51,133.33,0.0,2.0,1945.0,79233.0,51,0.4399,0.0,0.0,0.0
r0138_c0034,40.7352942,-73.901452,Residential,75,311.11,0.0,2.1,1949.0,141205.0,83,0.6019,0.0,0.0,0.0
r0138_c0035,40.7352942,-73.8996691,Residential,41,222.22,0.0,2.1,1944.0,76656.0,56,0.7104,0.0,0.0,0.0
r0138_c0036,40.7352942,-73.8978862,Residential,56,177.78,0.0,2.5,1957.0,293566.0,59,1.6593,0.0,0.0,0.0
r0138_c0037,40.7352942,-73.8961033,Residential,56,266.67,0.0,2.4,1960.0,141602.0,55,2.3355,0.0,44.44,0.0
r0138_c0038,40.7352942,-73.8943203,Residential,37,444.44,0.0,1.8,1958.0,143797.0,42,2.2114,0.0,355.56,0.0
r0138_c0039,40.7352942,-73.8925374,Residential,60,177.78,0.0,2.0,1956.0,169958.0,61,1.3418,0.0,0.0,0.0
r0138_c0040,40.7352942,-73.8907545,Residential,70,222.22,0.0,1.7,1947.0,132574.0,76,1.1776,0.0,0.0,0.0
r0138_c0041,40.7352942,-73.8889716,Residential,56,0.0,0.0,1.1,1942.0,64337.0,56,-0.0,0.0,0.0,0.0
r0138_c0042,40.7352942,-73.8871887,Mixed-Use,30,0.0,0.0,1.1,1949.0,94090.0,44,1.1237,0.0,0.0,0.0
r0138_c0043,40.7352942,-73.8854058,Residential,71,0.0,0.0,1.2,1945.0,81091.0,71,0.0975,0.0,0.0,0.0
r0138_c0044,40.7352942,-73.8836229,Residential,64,0.0,0.0,2.6,1959.0,180253.0,72,1.1139,0.0,0.0,0.0
r0138_c0045,40.7352942,-73.88184,Residential,52,1111.11,0.36,2.5,1937.0,320267.0,57,2.123,0.0,444.44,0.0
r0138_c0046,40.7352942,-73.880057,Residential,54,266.67,0.1667,2.7,1944.0,284572.0,60,1.8847,0.0,222.22,0.0
r0138_c0047,40.7352942,-73.8782741,Residential,68,44.44,0.0,2.7,1937.0,168547.0,100,1.037,0.0,0.0,0.0
r0138_c0048,40.7352942,-73.8764912,Residential,37,533.33,0.0833,2.2,1940.0,102184.0,54,2.002,0.0,133.33,0.0
r0138_c0049,40.7352942,-73.8747083,Commercial,5,933.33,0.1429,2.4,1970.0,1133884.0,6,-0.0,0.0,488.89,0.6364
r0138_c0050,40.7352942,-73.8729254,Mixed-Use,4,711.11,0.0625,2.2,1980.0,193261.0,4,0.9557,0.0,0.0,0.0
r0138_c0052,40.7352942,-73.8693596,Commercial,3,577.78,0.2308,3.7,1990.0,933760.0,4,0.9424,0.0,133.33,0.6667
r0138_c0053,40.7352942,-73.8675767,Commercial,9,266.67,0.0,3.0,1974.0,321625.0,9,1.3469,0.0,44.44,1.0
r0138_c0054,40.7352942,-73.8657937,Mixed-Use,8,666.67,0.0,3.5,1965.0,723918.0,10,1.0918,0.0,44.44,0.0
r0138_c0055,40.7352942,-73.8640108,Commercial,5,355.56,0.125,9.0,1967.0,1141190.0,6,1.8518,0.0,44.44,0.0
r0138_c0056,40.7352942,-73.8622279,Residential,3,177.78,0.0,16.0,1963.0,690000.0,4,-0.0,0.0,0.0,0.0
r0138_c0058,40.7352942,-73.8586621,Mixed-Use,14,666.67,0.0,2.8,1954.0,114715.0,18,1.4768,0.0,0.0,0.0
r0138_c0059,40.7352942,-73.8568792,Residential,34,1066.67,0.0,2.6,1968.0,143446.0,43,1.9609,0.0,0.0,0.0
r0138_c0060,40.7352942,-73.8550963,Residential,60,88.89,0.0,2.3,1943.0,332203.0,69,1.3102,0.0,0.0,0.0
r0138_c0061,40.7352942,-73.8533134,Residential,40,488.89,0.0,2.0,1945.0,245970.0,43,0.9721,0.0,0.0,0.0
r0138_c0062,40.7352942,-73.8515304,Residential,45,311.11,0.0,2.3,1947.0,293205.0,51,1.0919,0.0,0.0,0.0
r0138_c0063,40.7352942,-73.8497475,Residential,39,177.78,0.0,2.3,1945.0,527655.0,40,1.0721,0.0,0.0,0.0
r0138_c0064,40.7352942,-73.8479646,Residential,39,44.44,0.0,2.0,1950.0,94720.0,45,1.1768,0.0,0.0,0.0
r0138_c0065,40.7352942,-73.8461817,Residential,56,222.22,0.0,2.0,1950.0,92372.0,59,-0.0,0.0,0.0,0.0
r0138_c0077,40.7352942,-73.8247868,Residential,28,533.33,0.0,2.0,1950.0,53793.0,28,0.2141,0.0,44.44,0.0
r0138_c0078,40.7352942,-73.8230039,Residential,11,488.89,0.0,2.7,1951.0,247408.0,12,0.5765,0.0,0.0,0.0
r0138_c0088,40.7352942,-73.8051747,Open Space,12,266.67,0.0,1.3,1958.0,18535.0,13,0.9397,0.0,0.0,0.0
r0138_c0089,40.7352942,-73.8033918,Residential,35,133.33,0.0,1.7,1948.0,61040.0,53,-0.0,0.0,0.0,0.0
r0138_c0090,40.7352942,-73.8016089,Residential,36,177.78,0.0,1.7,1952.0,57833.0,53,0.0553,0.0,0.0,0.0
r0138_c0091,40.7352942,-73.799826,Residential,39,133.33,0.0,1.7,1958.0,70496.0,65,0.498,0.0,0.0,0.0
r0138_c0092,40.7352942,-73.7980431,Residential,39,133.33,0.0,1.8,1957.0,67049.0,72,0.1583,0.0,0.0,0.0
r0138_c0093,40.7352942,-73.7962602,Residential,41,133.33,0.0,1.7,1949.0,62598.0,66,0.1575,0.0,0.0,0.0
r0138_c0094,40.7352942,-73.7944773,Residential,41,533.33,0.0833,1.7,1958.0,84791.0,46,1.6484,0.0,88.89,0.0
r0138_c0095,40.7352942,-73.7926944,Residential,39,266.67,0.0,1.6,1953.0,84956.0,44,0.1558,0.0,0.0,0.0
r0138_c0096,40.7352942,-73.7909114,Residential,44,88.89,0.0,1.8,1941.0,70887.0,70,-0.0,0.0,0.0,0.0
r0138_c0097,40.7352942,-73.7891285,Residential,41,133.33,0.0,1.7,1945.0,55568.0,78,-0.0,0.0,0.0,0.0
r0138_c0098,40.7352942,-73.7873456,Residential,43,0.0,0.0,1.7,1960.0,67335.0,62,-0.0,0.0,0.0,0.0
r0138_c0104,40.7352942,-73.7766481,Residential,13,800.0,0.0,1.9,1948.0,24911.0,23,-0.0,0.0,0.0,0.0
r0138_c0105,40.7352942,-73.7748652,Residential,46,44.44,0.0,2.0,1954.0,90423.0,70,0.3425,0.0,0.0,0.0
r0138_c0106,40.7352942,-73.7730823,Residential,24,222.22,0.0,2.0,1954.0,44352.0,40,-0.0,0.0,0.0,0.0
r0138_c0111,40.7352942,-73.7641678,Residential,4,355.56,0.0,2.1,1942.0,6890.0,8,-0.0,0.0,0.0,0.0
r0138_c0112,40.7352942,-73.7623848,Residential,15,133.33,0.0,2.2,1941.0,25383.0,25,0.7034,0.0,0.0,0.0
r0138_c0113,40.7352942,-73.7606019,Residential,31,844.44,0.0,2.0,1946.0,50845.0,45,0.9527,0.0,0.0,0.0
r0138_c0114,40.7352942,-73.758819,Residential,37,88.89,0.0,2.0,1946.0,62782.0,54,-0.0,0.0,0.0,0.0
r0138_c0115,40.7352942,-73.7570361,Residential,34,0.0,0.0,2.0,1952.0,60921.0,37,-0.0,0.0,0.0,0.0
r0138_c0116,40.7352942,-73.7552532,Residential,16,444.44,0.0,1.5,1954.0,68616.0,20,1.2549,0.0,0.0,0.0
r0138_c0117,40.7352942,-73.7534703,Residential,17,222.22,0.0,1.1,1955.0,28459.0,17,0.3622,0.0,0.0,0.0
r0138_c0118,40.7352942,-73.7516874,Residential,26,311.11,0.0,1.9,1952.0,48674.0,28,0.2021,0.0,0.0,0.0
r0138_c0119,40.7352942,-73.7499045,Residential,24,533.33,0.0,1.8,1951.0,51127.0,31,1.2552,0.0,0.0,0.0
r0138_c0120,40.7352942,-73.7481216,Residential,23,1022.22,0.0435,2.0,1945.0,65003.0,30,1.3628,0.0,311.11,0.0
r0138_c0121,40.7352942,-73.7463386,Residential,13,577.78,0.2308,2.3,1945.0,140554.0,15,1.7405,44.44,177.78,0.0
r0138_c0124,40.7352942,-73.7409899,Residential,26,755.56,0.0,1.5,1950.0,33062.0,41,-0.0,0.0,0.0,0.0
r0138_c0125,40.7352942,-73.739207,Residential,24,622.22,0.0,1.7,1945.0,36409.0,37,-0.0,0.0,0.0,0.0
r0138_c0126,40.7352942,-73.7374241,Residential,30,133.33,0.0,1.6,1938.0,46544.0,54,-0.0,0.0,0.0,0.0
r0138_c0127,40.7352942,-73.7356412,Residential,27,311.11,0.0,1.7,1933.0,49951.0,47,0.285,0.0,0.0,0.0
r0138_c0128,40.7352942,-73.7338583,Residential,48,0.0,0.0,2.0,2002.0,102000.0,48,-0.0,0.0,0.0,0.0
r0138_c0132,40.7352942,-73.7267266,Residential,20,0.0,0.0,1.8,1950.0,28955.0,32,-0.0,0.0,0.0,0.0
r0138_c0133,40.7352942,-73.7249437,Residential,35,222.22,0.0,1.7,1953.0,51773.0,51,0.1729,0.0,0.0,0.0
r0138_c0134,40.7352942,-73.7231608,Residential,8,0.0,0.0,1.9,1948.0,13467.0,14,-0.0,0.0,0.0,0.0
r0138_c0135,40.7352942,-73.7213779,Residential,43,0.0,0.0,1.8,1950.0,57456.0,64,-0.0,0.0,0.0,0.0
r0138_c0136,40.7352942,-73.719595,Residential,34,88.89,0.0,1.7,1949.0,50297.0,59,0.2091,0.0,0.0,0.0
r0138_c0137,40.7352942,-73.717812,Residential,27,400.0,0.2222,1.6,1950.0,57506.0,50,1.1053,0.0,133.33,0.3333
r0138_c0138,40.7352942,-73.7160291,Residential,35,711.11,0.1875,1.8,1952.0,68942.0,60,1.0565,0.0,355.56,0.125
r0138_c0139,40.7352942,-73.7142462,Residential,45,222.22,0.4,1.5,1948.0,70672.0,69,0.9224,0.0,44.44,0.0
r0138_c0140,40.7352942,-73.7124633,Residential,33,88.89,0.0,1.7,1953.0,43320.0,51,-0.0,0.0,44.44,1.0
r0138_c0141,40.7352942,-73.7106804,Residential,51,88.89,0.0,1.7,1941.0,67925.0,77,-0.0,0.0,0.0,0.0
r0138_c0142,40.7352942,-73.7088975,Residential,38,133.33,0.0,1.9,1943.0,53267.0,67,-0.0,0.0,0.0,0.0
r0138_c0143,40.7352942,-73.7071146,Residential,32,133.33,0.0,1.8,1950.0,57405.0,59,0.3132,0.0,0.0,0.0
r0138_c0144,40.7352942,-73.7053317,Residential,44,88.89,0.0,1.7,1946.0,60918.0,70,0.2068,0.0,0.0,0.0
r0138_c0145,40.7352942,-73.7035488,Residential,44,88.89,0.0,1.6,1950.0,51110.0,75,0.0958,0.0,0.0,0.0
r0139_c0011,40.7366456,-73.942459,Mixed-Use,3,4444.44,0.0,,,0.0,1,0.9168,0.0,0.0,0.0
r0139_c0014,40.7366456,-73.9371102,Industrial,7,355.56,0.0,5.6,1962.0,213198.0,7,1.0777,88.89,133.33,0.0
r0139_c0015,40.7366456,-73.9353273,Mixed-Use,30,44.44,0.0,1.6,1933.0,147886.0,33,2.4308,0.0,44.44,0.0
r0139_c0016,40.7366456,-73.9335444,Industrial,24,177.78,0.25,2.0,1938.0,167422.0,23,2.2165,44.44,44.44,0.0
r0139_c0019,40.7366456,-73.9281957,Mixed-Use,11,44.44,0.0,2.2,1947.0,58659.0,13,1.9123,0.0,0.0,0.0
r0139_c0020,40.7366456,-73.9264128,Residential,54,0.0,0.0,1.6,1941.0,89662.0,53,0.8672,0.0,0.0,0.0
r0139_c0021,40.7366456,-73.9246298,Residential,78,0.0,0.0,2.0,1927.0,178210.0,79,1.128,0.0,0.0,0.0
r0139_c0022,40.7366456,-73.9228469,Residential,81,0.0,0.0,2.1,1946.0,173718.0,80,1.188,0.0,0.0,0.0
r0139_c0023,40.7366456,-73.921064,Residential,64,44.44,0.0,2.2,1938.0,203314.0,88,1.4591,0.0,0.0,0.0
r0139_c0024,40.7366456,-73.9192811,Residential,85,0.0,0.0,2.0,1931.0,152771.0,138,0.4406,0.0,0.0,0.0
r0139_c0025,40.7366456,-73.9174982,Industrial,32,0.0,0.0,1.9,1926.0,109427.0,43,1.6065,0.0,0.0,0.0
r0139_c0030,40.7366456,-73.9085836,Mixed-Use,29,44.44,0.0,2.1,1944.0,84947.0,26,2.8889,0.0,0.0,0.0
r0139_c0031,40.7366456,-73.9068007,Institutional,16,44.44,0.0,2.7,1964.0,178196.0,14,1.7247,0.0,0.0,0.0
r0139_c0032,40.7366456,-73.9050178,Residential,63,133.33,0.0,2.3,1953.0,121914.0,64,0.3167,0.0,0.0,0.0
r0139_c0033,40.7366456,-73.9032349,Residential,84,44.44,0.0,2.0,1942.0,141599.0,85,0.365,0.0,0.0,0.0
r0139_c0034,40.7366456,-73.901452,Residential,86,88.89,0.0,2.1,1946.0,147101.0,88,0.3254,0.0,0.0,0.0
r0139_c0035,40.7366456,-73.8996691,Residential,53,177.78,0.0,2.2,1954.0,121129.0,59,1.2475,0.0,0.0,0.0
r0139_c0036,40.7366456,-73.8978862,Residential,67,0.0,0.0,2.3,1956.0,140024.0,84,0.8091,0.0,0.0,0.0
r0139_c0037,40.7366456,-73.8961033,Residential,40,577.78,0.3846,1.9,1952.0,105459.0,43,2.4562,0.0,311.11,0.0
r0139_c0038,40.7366456,-73.8943203,Industrial,32,44.44,0.0,1.4,1947.0,149779.0,37,1.9951,0.0,44.44,0.0
r0139_c0039,40.7366456,-73.8925374,Industrial,12,0.0,0.0,1.2,1942.0,125037.0,13,0.7913,0.0,0.0,0.0
r0139_c0040,40.7366456,-73.8907545,Mixed-Use,4,44.44,0.0,1.0,1965.0,17500.0,3,1.3899,0.0,0.0,0.0
r0139_c0041,40.7366456,-73.8889716,Mixed-Use,4,266.67,0.0,1.0,1968.0,17140.0,2,0.9678,0.0,0.0,0.0
r0139_c0042,40.7366456,-73.8871887,Institutional,48,88.89,0.0,1.4,1945.0,271893.0,48,1.0868,0.0,0.0,0.0
r0139_c0043,40.7366456,-73.8854058,Residential,57,44.44,0.0,1.9,1944.0,92234.0,57,1.4042,0.0,44.44,0.0
r0139_c0044,40.7366456,-73.8836229,Residential,64,44.44,0.0,2.1,1951.0,158598.0,72,1.8825,0.0,0.0,0.0
r0139_c0045,40.7366456,-73.88184,Residential,50,222.22,0.0,2.8,1956.0,343396.0,50,2.3287,0.0,0.0,0.0
r0139_c0046,40.7366456,-73.880057,Residential,44,266.67,0.3333,3.0,1968.0,194431.0,51,2.3615,0.0,88.89,0.0
r0139_c0047,40.7366456,-73.8782741,Mixed-Use,31,800.0,0.0556,2.7,1985.0,178304.0,30,2.1753,0.0,400.0,0.1111
r0139_c0048,40.7366456,-73.8764912,Mixed-Use,8,444.44,0.2,6.0,1979.0,542524.0,6,1.846,0.0,133.33,0.3333
r0139_c0049,40.7366456,-73.8747083,Residential,32,177.78,0.0,3.1,1964.0,399933.0,35,1.4684,0.0,44.44,0.0
r0139_c0050,40.7366456,-73.8729254,Residential,47,44.44,0.0,2.9,1959.0,257448.0,57,2.1583,0.0,0.0,0.0
r0139_c0051,40.7366456,-73.8711425,Residential,39,133.33,0.0,2.9,1955.0,219521.0,55,1.5449,0.0,0.0,0.0
r0139_c0052,40.7366456,-73.8693596,Residential,39,222.22,0.0,2.5,1932.0,264352.0,52,1.7793,0.0,0.0,0.0
r0139_c0053,40.7366456,-73.8675767,Residential,12,44.44,0.0,3.5,1965.0,247045.0,12,1.612,0.0,0.0,0.0
r0139_c0054,40.7366456,-73.8657937,Mixed-Use,28,1466.67,0.0303,3.2,1962.0,606919.0,34,1.4287,0.0,222.22,0.2
r0139_c0055,40.7366456,-73.8640108,Residential,7,1911.11,0.0233,9.6,1964.0,981298.0,7,1.0811,0.0,44.44,0.0
r0139_c0056,40.7366456,-73.8622279,Residential,4,1200.0,0.0,16.0,1963.0,951886.0,5,-0.0,0.0,0.0,0.0
r0139_c0057,40.7366456,-73.860445,Residential,5,2088.89,0.0,13.0,1966.0,947855.0,5,0.3239,0.0,0.0,0.0
r0139_c0058,40.7366456,-73.8586621,Residential,3,88.89,0.0,4.3,1962.0,256676.0,5,0.9053,0.0,44.44,0.0
r0139_c0059,40.7366456,-73.8568792,Residential,6,177.78,0.0,2.3,1958.0,255584.0,11,1.4239,0.0,44.44,1.0
r0139_c0060,40.7366456,-73.8550963,Residential,6,800.0,0.0,3.3,1950.0,116726.0,10,1.3628,0.0,0.0,0.0
r0139_c0064,40.7366456,-73.8479646,Residential,49,133.33,0.0,2.0,1949.0,84204.0,50,0.5283,0.0,0.0,0.0
r0139_c0065,40.7366456,-73.8461817,Residential,37,1600.0,0.0278,2.1,1958.0,70878.0,38,0.5703,0.0,0.0,0.0
r0139_c0074,40.7366456,-73.8301355,Residential,6,0.0,0.0,2.0,1950.0,7296.0,9,-0.0,0.0,0.0,0.0
r0139_c0075,40.7366456,-73.8283526,Residential,12,0.0,0.0,2.0,1950.0,15488.0,12,0.0988,0.0,0.0,0.0
r0139_c0083,40.7366456,-73.8140893,Open Space,11,5111.11,0.0435,2.4,1936.0,24348.0,15,0.7335,133.33,133.33,0.0
r0139_c0084,40.7366456,-73.8123064,Institutional,25,44.44,0.0,1.9,1940.0,167689.0,33,1.0919,0.0,0.0,0.0
r0139_c0085,40.7366456,-73.8105235,Residential,31,44.44,0.0,2.0,1960.0,55127.0,38,0.8707,0.0,0.0,0.0
r0139_c0086,40.7366456,-73.8087406,Residential,30,0.0,0.0,2.2,1959.0,52913.0,40,0.4433,0.0,0.0,0.0
r0139_c0087,40.7366456,-73.8069576,Residential,28,133.33,0.0,3.1,1962.0,305245.0,38,1.5217,0.0,0.0,0.0
r0139_c0088,40.7366456,-73.8051747,Residential,32,666.67,0.0667,2.1,1954.0,90268.0,41,1.9248,0.0,133.33,0.0
r0139_c0089,40.7366456,-73.8033918,Residential,51,133.33,0.3333,2.1,1954.0,110221.0,69,1.0537,0.0,0.0,0.0
r0139_c0090,40.7366456,-73.8016089,Residential,41,0.0,0.0,2.1,1969.0,93704.0,58,0.6853,0.0,0.0,0.0
r0139_c0091,40.7366456,-73.799826,Residential,42,133.33,0.0,2.1,1963.0,119502.0,62,1.2006,0.0,0.0,0.0
r0139_c0092,40.7366456,-73.7980431,Residential,51,44.44,0.0,2.1,1971.0,108459.0,70,0.8902,0.0,0.0,0.0
r0139_c0093,40.7366456,-73.7962602,Residential,47,222.22,0.0,2.0,1954.0,97620.0,64,1.2801,0.0,88.89,0.5
r0139_c0094,40.7366456,-73.7944773,Institutional,27,488.89,0.0,1.6,1958.0,235378.0,29,1.5671,0.0,44.44,0.0
r0139_c0095,40.7366456,-73.7926944,Residential,29,400.0,0.0,1.6,1948.0,103312.0,41,1.0858,0.0,0.0,0.0
r0139_c0096,40.7366456,-73.7909114,Residential,40,88.89,0.0,2.1,1943.0,59719.0,72,-0.0,0.0,0.0,0.0
r0139_c0097,40.7366456,-73.7891285,Residential,43,177.78,0.0,1.8,1944.0,60291.0,82,-0.0,0.0,0.0,0.0
r0139_c0098,40.7366456,-73.7873456,Residential,19,44.44,0.0,1.5,1958.0,27689.0,23,-0.0,0.0,0.0,0.0
r0139_c0105,40.7366456,-73.7748652,Residential,93,0.0,0.0,2.0,1945.0,162146.0,93,0.0824,0.0,0.0,0.0
r0139_c0106,40.7366456,-73.7730823,Residential,3,1333.33,0.0,2.0,1950.0,3000.0,4,-0.0,0.0,0.0,0.0
r0139_c0115,40.7366456,-73.7570361,Open Space,5,533.33,0.0,,,0.0,0,0.12,0.0,0.0,0.0
r0139_c0116,40.7366456,-73.7552532,Residential,13,222.22,0.0,2.1,1948.0,68423.0,12,1.1794,0.0,0.0,0.0
r0139_c0117,40.7366456,-73.7534703,Institutional,19,666.67,0.0,1.9,1945.0,156660.0,20,0.9966,0.0,0.0,0.0
r0139_c0118,40.7366456,-73.7516874,Open Space,34,177.78,0.0,1.9,1948.0,56502.0,47,0.9778,0.0,0.0,0.0
r0139_c0119,40.7366456,-73.7499045,Residential,36,266.67,0.0,1.9,1951.0,64476.0,44,-0.0,0.0,0.0,0.0
r0139_c0120,40.7366456,-73.7481216,Residential,38,177.78,0.0,1.8,1943.0,59859.0,46,-0.0,0.0,0.0,0.0
r0139_c0121,40.7366456,-73.7463386,Residential,6,1377.78,0.2581,1.3,1951.0,135152.0,71,0.9791,0.0,400.0,0.0
r0139_c0124,40.7366456,-73.7409899,Residential,8,266.67,0.0,1.9,1950.0,12549.0,14,-0.0,0.0,0.0,0.0
r0139_c0125,40.7366456,-73.739207,Residential,40,177.78,0.0,1.9,1948.0,69097.0,63,-0.0,0.0,0.0,0.0
r0139_c0126,40.7366456,-73.7374241,Residential,44,133.33,0.0,1.7,1944.0,59851.0,74,-0.0,0.0,0.0,0.0
r0139_c0127,40.7366456,-73.7356412,Residential,45,177.78,0.0,1.9,1944.0,68031.0,81,-0.0,0.0,0.0,0.0
r0139_c0128,40.7366456,-73.7338583,Residential,5,88.89,0.0,1.5,1964.0,10538.0,8,0.9181,0.0,0.0,0.0
r0139_c0132,40.7366456,-73.7267266,Residential,11,44.44,0.0,1.8,1958.0,21801.0,19,-0.0,0.0,0.0,0.0
r0139_c0133,40.7366456,-73.7249437,Residential,34,88.89,0.0,1.7,1958.0,51854.0,56,-0.0,0.0,0.0,0.0
r0139_c0134,40.7366456,-73.7231608,Residential,11,0.0,0.0,1.8,1956.0,16374.0,20,-0.0,0.0,0.0,0.0
r0139_c0135,40.7366456,-73.7213779,Residential,35,88.89,0.0,1.8,1948.0,50216.0,59,0.2468,0.0,0.0,0.0
r0139_c0136,40.7366456,-73.719595,Residential,36,44.44,0.0,1.7,1949.0,52916.0,61,-0.0,0.0,0.0,0.0
r0139_c0137,40.7366456,-73.717812,Residential,42,133.33,0.0,1.7,1950.0,60330.0,72,-0.0,0.0,0.0,0.0
r0139_c0138,40.7366456,-73.7160291,Residential,45,222.22,0.0,1.7,1949.0,63958.0,75,-0.0,0.0,0.0,0.0
r0139_c0139,40.7366456,-73.7142462,Residential,22,133.33,0.0,1.5,1948.0,29741.0,35,0.7492,0.0,0.0,0.0
r0139_c0140,40.7366456,-73.7124633,Commercial,32,888.89,0.3,1.6,1954.0,79270.0,46,1.48,0.0,355.56,0.125
r0139_c0141,40.7366456,-73.7106804,Residential,37,533.33,0.25,1.8,1960.0,75167.0,63,1.2739,0.0,133.33,0.0
r0139_c0142,40.7366456,-73.7088975,Residential,50,577.78,0.2308,1.9,1960.0,125419.0,72,1.2293,0.0,222.22,0.0
r0139_c0143,40.7366456,-73.7071146,Residential,40,577.78,0.0,1.8,1951.0,75674.0,69,0.6444,0.0,44.44,0.0
r0139_c0144,40.7366456,-73.7053317,Residential,32,133.33,0.0,1.7,1952.0,55177.0,59,-0.0,0.0,0.0,0.0
r0139_c0145,40.7366456,-73.7035488,Residential,31,222.22,0.0,1.7,1951.0,44045.0,52,-0.0,0.0,0.0,0.0
r0139_c0146,40.7366456,-73.7017658,Residential,19,133.33,0.0,1.8,1951.0,20088.0,26,0.5502,0.0,0.0,0.0
r0140_c0012,40.7379969,-73.9406761,Industrial,3,444.44,0.0,4.0,1951.0,302060.0,3,-0.0,0.0,177.78,0.25
r0140_c0013,40.7379969,-73.9388931,Industrial,5,177.78,0.0,1.6,1941.0,332763.0,6,-0.0,0.0,88.89,0.0
r0140_c0014,40.7379969,-73.9371102,Industrial,4,133.33,0.0,1.0,1939.0,50803.0,4,0.9628,0.0,0.0,0.0
r0140_c0015,40.7379969,-73.9353273,Industrial,5,44.44,0.0,1.4,1953.0,118199.0,5,0.4354,0.0,44.44,1.0
r0140_c0016,40.7379969,-73.9335444,Industrial,3,0.0,0.0,2.5,1973.0,31300.0,2,0.4869,0.0,0.0,0.0
r0140_c0017,40.7379969,-73.9317615,Industrial,7,0.0,0.0,1.6,1957.0,142256.0,6,0.0531,0.0,0.0,0.0
r0140_c0018,40.7379969,-73.9299786,Industrial,21,266.67,0.3333,2.1,1954.0,336269.0,22,1.5758,0.0,44.44,0.0
r0140_c0019,40.7379969,-73.9281957,Residential,48,177.78,0.0,1.9,1947.0,151280.0,49,2.3603,0.0,88.89,0.0
r0140_c0020,40.7379969,-73.9264128,Residential,55,0.0,0.0,2.0,1937.0,308095.0,68,1.1041,0.0,0.0,0.0
r0140_c0021,40.7379969,-73.9246298,Residential,65,0.0,0.0,2.1,1931.0,238827.0,83,1.3676,0.0,0.0,0.0
r0140_c0022,40.7379969,-73.9228469,Residential,31,133.33,0.0,2.1,1944.0,457966.0,45,1.6004,0.0,0.0,0.0
r0140_c0023,40.7379969,-73.921064,Residential,41,44.44,0.0,2.5,1937.0,186879.0,51,1.4386,0.0,0.0,0.0
r0140_c0024,40.7379969,-73.9192811,Residential,34,44.44,0.0,2.7,1928.0,341968.0,43,0.5932,0.0,0.0,0.0
r0140_c0025,40.7379969,-73.9174982,Commercial,35,44.44,0.0,2.6,1936.0,335065.0,35,1.3795,0.0,0.0,0.0
r0140_c0030,40.7379969,-73.9085836,Residential,45,88.89,0.0,2.1,1952.0,79329.0,50,1.1424,0.0,0.0,0.0
r0140_c0031,40.7379969,-73.9068007,Residential,60,0.0,0.0,2.6,1956.0,138060.0,66,1.2978,0.0,0.0,0.0
r0140_c0032,40.7379969,-73.9050178,Residential,39,0.0,0.0,2.3,1947.0,80671.0,41,1.381,0.0,0.0,0.0
r0140_c0033,40.7379969,-73.9032349,Residential,41,800.0,0.0,2.0,1944.0,92532.0,42,1.3408,0.0,44.44,0.0
r0140_c0034,40.7379969,-73.901452,Residential,68,1777.78,0.0,2.0,1948.0,104390.0,72,0.9605,0.0,0.0,0.0
r0140_c0035,40.7379969,-73.8996691,Residential,60,177.78,0.0,2.4,1965.0,132818.0,67,0.9543,0.0,0.0,0.0
r0140_c0036,40.7379969,-73.8978862,Residential,73,44.44,0.0,2.2,1948.0,140027.0,83,1.044,0.0,0.0,0.0
r0140_c0037,40.7379969,-73.8961033,Residential,52,311.11,0.1429,2.1,1951.0,148527.0,67,2.5583,0.0,177.78,0.0
r0140_c0038,40.7379969,-73.8943203,Mixed-Use,22,44.44,0.0,1.6,1944.0,50957.0,23,2.188,0.0,0.0,0.0
r0140_c0039,40.7379969,-73.8925374,Institutional,13,44.44,0.0,2.2,1963.0,100420.0,18,1.2184,0.0,0.0,0.0
r0140_c0040,40.7379969,-73.8907545,Mixed-Use,15,44.44,0.0,2.0,1965.0,77306.0,21,0.8273,44.44,0.0,0.0
r0140_c0041,40.7379969,-73.8889716,Mixed-Use,4,177.78,0.0,1.0,1959.0,51132.0,3,0.8667,0.0,44.44,0.0
r0140_c0042,40.7379969,-73.8871887,Industrial,4,133.33,0.0,1.7,1979.0,154931.0,3,0.7577,44.44,0.0,0.0
r0140_c0043,40.7379969,-73.8854058,Commercial,8,266.67,0.0,3.3,1963.0,193586.0,7,1.7816,44.44,44.44,0.0
r0140_c0044,40.7379969,-73.8836229,Commercial,9,133.33,0.3333,2.0,1981.0,83303.0,7,1.2652,0.0,0.0,0.0
r0140_c0045,40.7379969,-73.88184,Residential,29,266.67,0.3333,2.7,1946.0,166355.0,42,1.7973,0.0,0.0,0.0
r0140_c0046,40.7379969,-73.880057,Residential,41,355.56,0.375,3.2,1953.0,184285.0,50,2.1908,0.0,133.33,0.0
r0140_c0047,40.7379969,-73.8782741,Residential,36,400.0,0.2222,2.9,1950.0,473043.0,39,2.5893,0.0,133.33,0.0
r0140_c0048,40.7379969,-73.8764912,Residential,27,755.56,0.2941,3.6,1971.0,454911.0,29,2.0534,0.0,222.22,0.0
r0140_c0049,40.7379969,-73.8747083,Residential,83,0.0,0.0,2.9,1969.0,257248.0,83,1.0633,0.0,0.0,0.0
r0140_c0050,40.7379969,-73.8729254,Residential,59,44.44,0.0,2.9,1953.0,242225.0,80,1.6175,0.0,0.0,0.0
r0140_c0051,40.7379969,-73.8711425,Residential,67,44.44,0.0,2.7,1949.0,172880.0,87,1.0894,0.0,0.0,0.0
r0140_c0052,40.7379969,-73.8693596,Residential,66,88.89,0.0,2.5,1938.0,146031.0,95,1.0408,0.0,0.0,0.0
r0140_c0053,40.7379969,-73.8675767,Residential,50,44.44,0.0,2.6,1944.0,258710.0,73,1.5716,0.0,0.0,0.0
r0140_c0054,40.7379969,-73.8657937,Residential,61,44.44,0.0,2.2,1941.0,109773.0,102,0.6813,0.0,0.0,0.0
r0140_c0055,40.7379969,-73.8640108,Residential,71,177.78,0.5,2.5,1955.0,179316.0,92,1.5049,0.0,0.0,0.0
r0140_c0056,40.7379969,-73.8622279,Residential,15,755.56,0.0,4.1,1983.0,447998.0,18,1.5123,44.44,44.44,0.0
r0140_c0057,40.7379969,-73.860445,Residential,3,177.78,0.0,7.7,1964.0,501920.0,5,0.8112,0.0,0.0,0.0
r0140_c0058,40.7379969,-73.8586621,Residential,10,0.0,0.0,3.9,1971.0,586135.0,15,0.3321,0.0,0.0,0.0
r0140_c0059,40.7379969,-73.8568792,Residential,48,44.44,0.0,3.0,1962.0,251971.0,48,1.2643,0.0,0.0,0.0
r0140_c0060,40.7379969,-73.8550963,Residential,80,0.0,0.0,2.8,1964.0,247060.0,91,0.8488,0.0,0.0,0.0
r0140_c0061,40.7379969,-73.8533134,Residential,17,177.78,0.0,3.0,1972.0,392223.0,18,1.7874,0.0,0.0,0.0
r0140_c0063,40.7379969,-73.8497475,Commercial,3,88.89,0.0,3.0,1938.0,31318.0,4,1.2736,0.0,0.0,0.0
r0140_c0064,40.7379969,-73.8479646,Residential,4,355.56,0.0,4.8,1956.0,433276.0,6,0.2874,0.0,0.0,0.0
r0140_c0074,40.7379969,-73.8301355,Residential,46,133.33,0.0,2.0,1950.0,61132.0,56,-0.0,0.0,0.0,0.0
r0140_c0075,40.7379969,-73.8283526,Residential,39,266.67,0.0,1.9,1949.0,63778.0,57,-0.0,0.0,0.0,0.0
r0140_c0083,40.7379969,-73.8140893,Residential,53,488.89,0.0909,2.5,1949.0,117148.0,64,1.7229,0.0,133.33,0.3333
r0140_c0084,40.7379969,-73.8123064,Residential,44,0.0,0.0,2.1,1950.0,88620.0,69,0.8737,0.0,0.0,0.0
r0140_c0085,40.7379969,-73.8105235,Residential,49,133.33,0.0,2.3,1926.0,80749.0,91,0.1968,0.0,0.0,0.0
r0140_c0086,40.7379969,-73.8087406,Residential,45,0.0,0.0,2.2,1947.0,83034.0,62,0.7771,0.0,0.0,0.0
r0140_c0087,40.7379969,-73.8069576,Residential,29,88.89,0.0,2.2,1966.0,64176.0,37,0.7783,0.0,0.0,0.0
r0140_c0088,40.7379969,-73.8051747,Residential,37,0.0,0.0,2.1,1947.0,76926.0,43,0.8555,0.0,0.0,0.0
r0140_c0089,40.7379969,-73.8033918,Residential,28,88.89,0.0,2.1,1953.0,64642.0,36,0.8992,0.0,0.0,0.0
r0140_c0090,40.7379969,-73.8016089,Residential,29,0.0,0.0,2.1,1979.0,66129.0,38,1.1317,0.0,0.0,0.0
r0140_c0091,40.7379969,-73.799826,Residential,25,0.0,0.0,2.5,1966.0,67612.0,35,0.9871,0.0,0.0,0.0
r0140_c0092,40.7379969,-73.7980431,Residential,31,0.0,0.0,2.5,1970.0,74833.0,36,0.9505,0.0,0.0,0.0
r0140_c0093,40.7379969,-73.7962602,Residential,20,400.0,0.5556,2.2,1975.0,45745.0,26,1.4462,0.0,44.44,0.0
r0140_c0094,40.7379969,-73.7944773,Residential,17,133.33,0.3333,2.1,1971.0,35433.0,20,1.8747,0.0,0.0,0.0
r0140_c0095,40.7379969,-73.7926944,Residential,28,355.56,0.25,1.9,1967.0,68365.0,40,1.541,0.0,88.89,0.0
r0140_c0096,40.7379969,-73.7909114,Residential,38,133.33,0.0,1.9,1950.0,59292.0,66,-0.0,0.0,0.0,0.0
r0140_c0097,40.7379969,-73.7891285,Residential,41,177.78,0.0,1.8,1950.0,60646.0,67,0.1581,0.0,0.0,0.0
r0140_c0104,40.7379969,-73.7766481,Residential,26,266.67,0.3333,2.0,1955.0,143296.0,101,0.7053,0.0,88.89,0.0
r0140_c0105,40.7379969,-73.7748652,Residential,53,0.0,0.0,2.0,1947.0,83854.0,55,-0.0,0.0,0.0,0.0
r0140_c0116,40.7379969,-73.7552532,Residential,5,1822.22,0.0,1.9,1959.0,11805.0,7,-0.0,0.0,0.0,0.0
r0140_c0117,40.7379969,-73.7534703,Residential,13,44.44,0.0,2.0,1949.0,35426.0,17,-0.0,0.0,0.0,0.0
r0140_c0118,40.7379969,-73.7516874,Residential,16,0.0,0.0,1.9,1955.0,34574.0,26,-0.0,0.0,0.0,0.0
r0140_c0119,40.7379969,-73.7499045,Residential,24,133.33,0.0,2.0,1945.0,49167.0,33,-0.0,0.0,0.0,0.0
r0140_c0120,40.7379969,-73.7481216,Residential,14,400.0,0.0,1.5,1946.0,24178.0,22,-0.0,44.44,0.0,0.0
r0140_c0121,40.7379969,-73.7463386,Residential,9,177.78,0.0,1.1,1952.0,130384.0,74,1.3281,88.89,0.0,0.0
r0140_c0126,40.7379969,-73.7374241,Open Space,11,844.44,0.0,1.8,1944.0,12823.0,14,0.6732,44.44,0.0,0.0
r0140_c0127,40.7379969,-73.7356412,Residential,21,755.56,0.0,1.7,1950.0,33849.0,35,-0.0,0.0,0.0,0.0
r0140_c0128,40.7379969,-73.7338583,Residential,12,888.89,0.0,1.5,1951.0,19300.0,15,-0.0,0.0,0.0,0.0
r0140_c0132,40.7379969,-73.7267266,Institutional,18,177.78,0.0,1.7,1955.0,33425.0,25,0.9933,0.0,0.0,0.0
r0140_c0133,40.7379969,-73.7249437,Residential,27,133.33,0.0,1.7,1955.0,43295.0,46,-0.0,0.0,0.0,0.0
r0140_c0134,40.7379969,-73.7231608,Residential,20,44.44,0.0,1.7,1946.0,29098.0,38,-0.0,0.0,0.0,0.0
r0140_c0135,40.7379969,-73.7213779,Residential,43,266.67,0.0,1.7,1947.0,62519.0,74,0.0795,0.0,0.0,0.0
r0140_c0136,40.7379969,-73.719595,Residential,44,44.44,0.0,1.6,1956.0,67585.0,76,-0.0,0.0,0.0,0.0
r0140_c0137,40.7379969,-73.717812,Residential,50,44.44,0.0,1.8,1951.0,72360.0,79,-0.0,0.0,0.0,0.0
r0140_c0138,40.7379969,-73.7160291,Residential,36,44.44,0.0,1.6,1946.0,52069.0,56,-0.0,0.0,0.0,0.0
r0140_c0139,40.7379969,-73.7142462,Residential,29,0.0,0.0,1.6,1945.0,41114.0,54,-0.0,0.0,0.0,0.0
r0140_c0140,40.7379969,-73.7124633,Residential,41,0.0,0.0,1.6,1949.0,54424.0,82,-0.0,0.0,0.0,0.0
r0140_c0141,40.7379969,-73.7106804,Residential,44,44.44,0.0,1.7,1948.0,73088.0,74,0.2117,0.0,0.0,0.0
r0140_c0142,40.7379969,-73.7088975,Residential,42,533.33,0.5,1.6,1949.0,74019.0,63,0.9251,0.0,177.78,0.0
r0140_c0143,40.7379969,-73.7071146,Residential,36,844.44,0.0526,1.8,1949.0,64212.0,56,1.3763,0.0,177.78,0.0
r0140_c0144,40.7379969,-73.7053317,Residential,42,488.89,0.1818,1.8,1955.0,80399.0,52,1.2768,0.0,222.22,0.2
r0140_c0145,40.7379969,-73.7035488,Residential,34,933.33,0.0476,2.0,1960.0,80829.0,48,1.8876,0.0,133.33,0.0
r0140_c0146,40.7379969,-73.7017658,Residential,35,400.0,0.0,2.3,1960.0,69391.0,43,1.4127,0.0,133.33,0.0
r0141_c0001,40.7393483,-73.9602881,Mixed-Use,3,10355.56,0.0129,18.5,2020.0,842160.0,3,1.5572,311.11,133.33,0.0
r0141_c0003,40.7393483,-73.9567223,Industrial,4,2622.22,0.1695,1.0,1954.0,58800.0,2,1.2988,177.78,355.56,0.0
r0141_c0007,40.7393483,-73.9495906,Institutional,5,577.78,0.0769,1.5,1962.0,80780.0,3,1.6119,44.44,0.0,0.0
r0141_c0008,40.7393483,-73.9478077,Mixed-Use,3,844.44,0.0,3.0,1986.0,819618.0,2,0.8979,0.0,0.0,0.0
r0141_c0009,40.7393483,-73.9460248,Industrial,4,2533.33,0.0,1.4,1942.0,172787.0,7,0.6554,0.0,0.0,0.0
r0141_c0010,40.7393483,-73.9442419,Industrial,8,0.0,0.0,2.0,1946.0,131157.0,8,1.1766,0.0,0.0,0.0
r0141_c0011,40.7393483,-73.942459,Industrial,5,133.33,0.0,1.3,1931.0,37820.0,3,1.2944,0.0,44.44,1.0
r0141_c0015,40.7393483,-73.9353273,Industrial,6,133.33,0.0,2.0,1960.0,205219.0,6,1.2174,0.0,44.44,1.0
r0141_c0016,40.7393483,-73.9335444,Industrial,9,133.33,0.3333,1.4,1953.0,179238.0,10,0.6051,0.0,44.44,0.0
r0141_c0017,40.7393483,-73.9317615,Institutional,4,44.44,0.0,2.2,1962.0,340773.0,4,1.3164,0.0,44.44,0.0
r0141_c0018,40.7393483,-73.9299786,Industrial,18,44.44,0.0,2.0,1939.0,188163.0,21,2.0332,0.0,0.0,0.0
r0141_c0019,40.7393483,-73.9281957,Residential,63,44.44,0.0,2.0,1942.0,238961.0,65,1.8582,0.0,0.0,0.0
r0141_c0020,40.7393483,-73.9264128,Institutional,21,533.33,0.0833,2.3,1944.0,135319.0,20,2.0434,0.0,44.44,0.0
r0141_c0021,40.7393483,-73.9246298,Residential,49,755.56,0.1765,2.7,1933.0,228710.0,58,2.0647,0.0,133.33,0.0
r0141_c0022,40.7393483,-73.9228469,Residential,26,266.67,0.3333,2.4,1941.0,352360.0,37,1.6438,0.0,88.89,0.0
r0141_c0023,40.7393483,-73.921064,Residential,36,711.11,0.3125,2.6,1936.0,262060.0,42,2.1137,0.0,266.67,0.0
r0141_c0024,40.7393483,-73.9192811,Residential,37,1155.56,0.1538,2.5,1935.0,216209.0,40,1.753,0.0,755.56,0.0
r0141_c0025,40.7393483,-73.9174982,Residential,49,577.78,0.2308,2.7,1946.0,208754.0,49,1.6713,0.0,266.67,0.0
r0141_c0026,40.7393483,-73.9157153,Industrial,5,0.0,0.0,1.6,1944.0,31727.0,5,0.72,0.0,0.0,0.0
r0141_c0030,40.7393483,-73.9085836,Residential,9,0.0,0.0,2.4,1966.0,44944.0,10,1.4898,0.0,0.0,0.0
r0141_c0031,40.7393483,-73.9068007,Residential,31,133.33,0.0,2.8,1976.0,358146.0,33,2.0015,0.0,0.0,0.0
r0141_c0032,40.7393483,-73.9050178,Residential,46,133.33,0.0,2.1,1936.0,86207.0,64,1.2961,0.0,0.0,0.0
r0141_c0033,40.7393483,-73.9032349,Open Space,3,933.33,0.0,18.0,1964.0,290000.0,3,0.5229,0.0,0.0,0.0
r0141_c0034,40.7393483,-73.901452,Residential,36,0.0,0.0,2.3,1956.0,69868.0,37,1.9117,0.0,0.0,0.0
r0141_c0035,40.7393483,-73.8996691,Residential,41,44.44,0.0,2.3,1947.0,83348.0,54,1.4072,0.0,0.0,0.0
r0141_c0036,40.7393483,-73.8978862,Residential,52,44.44,0.0,2.1,1945.0,164039.0,63,1.9091,0.0,0.0,0.0
r0141_c0037,40.7393483,-73.8961033,Mixed-Use,27,177.78,0.0,2.2,1944.0,278277.0,33,1.7428,44.44,0.0,0.0
r0141_c0038,40.7393483,-73.8943203,Mixed-Use,15,88.89,0.0,3.4,1953.0,368904.0,14,2.326,0.0,0.0,0.0
r0141_c0039,40.7393483,-73.8925374,Residential,11,177.78,0.0,4.1,2001.0,168719.0,10,2.1072,0.0,44.44,0.0
r0141_c0040,40.7393483,-73.8907545,Mixed-Use,19,44.44,0.0,2.9,1984.0,401992.0,19,1.6465,0.0,44.44,0.0
r0141_c0041,40.7393483,-73.8889716,Mixed-Use,20,88.89,0.0,2.0,1956.0,70889.0,23,1.9306,44.44,0.0,0.0
r0141_c0042,40.7393483,-73.8871887,Residential,22,133.33,0.0,2.8,1981.0,148625.0,22,1.7269,44.44,44.44,0.0
r0141_c0043,40.7393483,-73.8854058,Commercial,18,88.89,0.0,2.4,1986.0,108924.0,16,1.9208,0.0,0.0,0.0
r0141_c0044,40.7393483,-73.8836229,Mixed-Use,10,0.0,0.0,1.2,1957.0,106653.0,8,1.4529,0.0,0.0,0.0
r0141_c0045,40.7393483,-73.88184,Residential,46,44.44,0.0,2.7,1946.0,415034.0,60,1.7615,0.0,0.0,0.0
r0141_c0046,40.7393483,-73.880057,Residential,59,133.33,0.0,2.8,1933.0,259536.0,99,1.5183,0.0,0.0,0.0
r0141_c0047,40.7393483,-73.8782741,Institutional,17,400.0,0.2222,2.6,1932.0,157150.0,21,1.9891,0.0,0.0,0.0
r0141_c0048,40.7393483,-73.8764912,Residential,58,311.11,0.0,2.8,1957.0,172166.0,81,1.5329,0.0,133.33,0.0
r0141_c0049,40.7393483,-73.8747083,Residential,63,222.22,0.2,3.0,1969.0,305320.0,68,1.2136,0.0,44.44,0.0
r0141_c0050,40.7393483,-73.8729254,Residential,77,88.89,0.0,2.6,1946.0,198409.0,88,1.2943,0.0,0.0,0.0
r0141_c0051,40.7393483,-73.8711425,Residential,70,133.33,0.0,2.7,1946.0,187347.0,89,1.2263,0.0,44.44,0.0
r0141_c0052,40.7393483,-73.8693596,Residential,59,133.33,0.0,2.7,1945.0,160689.0,88,0.9554,0.0,0.0,0.0
r0141_c0053,40.7393483,-73.8675767,Residential,64,44.44,0.0,2.5,1940.0,145257.0,97,1.1047,0.0,0.0,0.0
r0141_c0054,40.7393483,-73.8657937,Residential,86,0.0,0.0,2.4,1947.0,182793.0,114,0.9804,0.0,0.0,0.0
r0141_c0055,40.7393483,-73.8640108,Mixed-Use,39,44.44,0.0,2.5,1960.0,190772.0,45,1.7526,0.0,0.0,0.0
r0141_c0056,40.7393483,-73.8622279,Institutional,12,44.44,0.0,3.8,1998.0,67770.0,13,0.922,0.0,0.0,0.0
r0141_c0057,40.7393483,-73.860445,Residential,6,88.89,0.0,2.8,1974.0,233940.0,6,1.2827,0.0,0.0,0.0
r0141_c0058,40.7393483,-73.8586621,Residential,23,88.89,0.0,2.8,1974.0,352921.0,30,1.3986,0.0,0.0,0.0
r0141_c0059,40.7393483,-73.8568792,Residential,75,0.0,0.0,2.8,1960.0,246417.0,86,1.1251,0.0,0.0,0.0
r0141_c0060,40.7393483,-73.8550963,Residential,69,88.89,0.0,2.4,1952.0,203849.0,86,1.0684,0.0,0.0,0.0
r0141_c0061,40.7393483,-73.8533134,Residential,64,311.11,0.1429,2.3,1948.0,144071.0,66,1.7016,0.0,44.44,0.0
r0141_c0062,40.7393483,-73.8515304,Residential,68,311.11,0.0,2.5,1963.0,210062.0,80,1.6395,0.0,0.0,0.0
r0141_c0063,40.7393483,-73.8497475,Residential,62,88.89,0.0,2.3,1955.0,215006.0,70,2.0638,0.0,0.0,0.0
r0141_c0064,40.7393483,-73.8479646,Mixed-Use,8,266.67,0.0,3.7,1958.0,108104.0,8,1.8831,133.33,0.0,0.0
r0141_c0073,40.7393483,-73.8319184,Mixed-Use,3,0.0,0.0,,,0.0,1,-0.0,0.0,0.0,0.0
r0141_c0074,40.7393483,-73.8301355,Residential,37,177.78,0.0,1.9,1956.0,61860.0,61,0.4617,0.0,0.0,0.0
r0141_c0075,40.7393483,-73.8283526,Residential,47,177.78,0.0,2.0,1954.0,65239.0,70,-0.0,0.0,0.0,0.0
r0141_c0076,40.7393483,-73.8265697,Residential,51,44.44,0.0,2.0,1950.0,64005.0,75,-0.0,0.0,0.0,0.0
r0141_c0077,40.7393483,-73.8247868,Residential,18,44.44,0.0,2.0,1946.0,30594.0,16,0.7319,0.0,0.0,0.0
r0141_c0078,40.7393483,-73.8230039,Residential,29,266.67,0.0,2.0,1944.0,45040.0,43,-0.0,0.0,0.0,0.0
r0141_c0079,40.7393483,-73.8212209,Residential,53,444.44,0.0,2.0,1953.0,66638.0,61,-0.0,0.0,0.0,0.0
r0141_c0080,40.7393483,-73.819438,Residential,63,888.89,0.0,2.0,1952.0,103105.0,66,0.3986,44.44,0.0,0.0
r0141_c0081,40.7393483,-73.8176551,Residential,13,3377.78,0.0921,2.0,1950.0,40889.0,15,1.4038,44.44,44.44,0.0
r0141_c0082,40.7393483,-73.8158722,Residential,15,888.89,0.35,2.4,1957.0,45519.0,19,1.5778,0.0,133.33,0.0
r0141_c0083,40.7393483,-73.8140893,Residential,33,133.33,0.3333,2.1,1950.0,89975.0,45,1.6612,0.0,0.0,0.0
r0141_c0084,40.7393483,-73.8123064,Residential,48,88.89,0.0,2.3,1951.0,114382.0,68,1.1174,0.0,0.0,0.0
r0141_c0085,40.7393483,-73.8105235,Residential,51,177.78,0.25,2.3,1945.0,85476.0,79,0.8574,0.0,44.44,0.0
r0141_c0086,40.7393483,-73.8087406,Residential,57,177.78,0.25,2.4,1942.0,125027.0,81,1.3737,0.0,177.78,0.0
r0141_c0087,40.7393483,-73.8069576,Residential,61,133.33,0.0,2.2,1939.0,119788.0,89,1.1546,0.0,44.44,0.0
r0141_c0088,40.7393483,-73.8051747,Residential,46,88.89,0.0,1.5,1934.0,104128.0,57,0.957,0.0,0.0,0.0
r0141_c0090,40.7393483,-73.8016089,Residential,6,88.89,0.0,2.3,1962.0,7172.0,7,1.4774,0.0,44.44,1.0
r0141_c0091,40.7393483,-73.799826,Residential,7,0.0,0.0,2.2,1920.0,6838.0,10,0.9858,0.0,0.0,0.0
r0141_c0092,40.7393483,-73.7980431,Residential,14,88.89,0.0,2.0,1951.0,21736.0,19,-0.0,0.0,0.0,0.0
r0141_c0093,40.7393483,-73.7962602,Mixed-Use,27,177.78,0.0,2.2,1966.0,106252.0,31,2.418,0.0,44.44,0.0
r0141_c0094,40.7393483,-73.7944773,Mixed-Use,9,88.89,0.0,2.2,1977.0,85636.0,8,1.8411,0.0,0.0,0.0
r0141_c0095,40.7393483,-73.7926944,Mixed-Use,7,444.44,0.1,1.1,1976.0,25807.0,7,1.0837,0.0,222.22,0.4
r0141_c0096,40.7393483,-73.7909114,Residential,21,577.78,0.4615,1.9,1947.0,79417.0,28,1.6207,0.0,177.78,0.0
r0141_c0097,40.7393483,-73.7891285,Residential,45,1155.56,0.3846,2.0,1953.0,124535.0,52,1.7859,0.0,488.89,0.0
r0141_c0098,40.7393483,-73.7873456,Commercial,9,488.89,0.3636,3.2,1965.0,168345.0,15,0.5,44.44,88.89,0.5
r0141_c0104,40.7393483,-73.7766481,Residential,22,888.89,0.0,2.0,1953.0,33158.0,23,-0.0,0.0,0.0,0.0
r0141_c0105,40.7393483,-73.7748652,Residential,26,133.33,0.0,2.0,1948.0,37244.0,29,-0.0,0.0,0.0,0.0
r0141_c0119,40.7393483,-73.7499045,Residential,6,577.78,0.0,1.8,1960.0,12804.0,7,0.6626,133.33,0.0,0.0
r0141_c0120,40.7393483,-73.7481216,Residential,42,355.56,0.0,1.2,1960.0,67887.0,77,-0.0,0.0,0.0,0.0
r0141_c0121,40.7393483,-73.7463386,Residential,38,88.89,0.0,1.2,1955.0,62150.0,69,-0.0,0.0,0.0,0.0
r0141_c0122,40.7393483,-73.7445557,Residential,31,133.33,0.0,1.2,1950.0,46203.0,55,0.1962,0.0,0.0,0.0
r0141_c0132,40.7393483,-73.7267266,Residential,27,0.0,0.0,1.6,1952.0,39187.0,42,0.9771,0.0,0.0,0.0
r0141_c0133,40.7393483,-73.7249437,Residential,13,0.0,0.0,1.7,1968.0,20175.0,22,-0.0,0.0,0.0,0.0
r0141_c0134,40.7393483,-73.7231608,Residential,41,133.33,0.0,1.6,1950.0,57420.0,74,-0.0,0.0,0.0,0.0
r0141_c0135,40.7393483,-73.7213779,Residential,40,311.11,0.0,1.6,1951.0,53096.0,69,-0.0,0.0,0.0,0.0
r0141_c0136,40.7393483,-73.719595,Residential,38,88.89,0.0,1.6,1952.0,51935.0,60,-0.0,0.0,0.0,0.0
r0141_c0137,40.7393483,-73.717812,Residential,48,222.22,0.0,1.7,1950.0,64289.0,77,0.0996,0.0,0.0,0.0
r0141_c0138,40.7393483,-73.7160291,Residential,35,0.0,0.0,1.6,1952.0,52954.0,60,0.2295,0.0,0.0,0.0
r0141_c0139,40.7393483,-73.7142462,Residential,49,88.89,0.0,1.7,1943.0,63090.0,86,-0.0,0.0,0.0,0.0
r0141_c0140,40.7393483,-73.7124633,Residential,44,88.89,0.0,1.5,1947.0,56010.0,86,-0.0,0.0,0.0,0.0
r0141_c0141,40.7393483,-73.7106804,Residential,40,0.0,0.0,1.7,1954.0,70000.0,69,-0.0,0.0,0.0,0.0
r0141_c0142,40.7393483,-73.7088975,Residential,36,88.89,0.0,1.6,1949.0,58787.0,55,-0.0,0.0,0.0,0.0
r0141_c0143,40.7393483,-73.7071146,Residential,39,311.11,0.0,1.6,1952.0,55450.0,60,-0.0,0.0,0.0,0.0
r0141_c0144,40.7393483,-73.7053317,Residential,32,44.44,0.0,1.6,1961.0,49151.0,50,-0.0,0.0,0.0,0.0
r0141_c0145,40.7393483,-73.7035488,Residential,39,133.33,0.0,1.6,1958.0,62454.0,61,0.3306,0.0,0.0,0.0
r0141_c0146,40.7393483,-73.7017658,Residential,40,1955.56,0.1136,1.6,1956.0,70898.0,61,0.7318,0.0,533.33,0.1667
r0142_c0001,40.7406996,-73.9602881,Mixed-Use,3,3111.11,0.0143,,,0.0,0,1.3753,0.0,0.0,0.0
r0142_c0002,40.7406996,-73.9585052,Mixed-Use,3,0.0,0.0,13.7,1984.0,914586.0,4,0.9713,0.0,0.0,0.0
r0142_c0005,40.7406996,-73.9531564,Industrial,7,222.22,0.0,1.8,1961.0,108743.0,6,1.4853,44.44,44.44,0.0
r0142_c0006,40.7406996,-73.9513735,Mixed-Use,5,0.0,0.0,1.0,1976.0,2480.0,7,1.447,0.0,0.0,0.0
r0142_c0007,40.7406996,-73.9495906,Industrial,8,133.33,0.3333,5.0,1925.0,454077.0,5,1.2964,0.0,0.0,0.0
r0142_c0008,40.7406996,-73.9478077,Industrial,9,0.0,0.0,1.4,1937.0,119205.0,6,0.6673,0.0,0.0,0.0
r0142_c0009,40.7406996,-73.9460248,Industrial,6,0.0,0.0,2.0,1933.0,156700.0,6,-0.0,0.0,0.0,0.0
r0142_c0010,40.7406996,-73.9442419,Mixed-Use,6,133.33,0.0,1.2,1938.0,71087.0,4,1.3687,0.0,0.0,0.0
r0142_c0011,40.7406996,-73.942459,Industrial,4,177.78,0.0,1.7,1946.0,86344.0,9,0.8113,0.0,0.0,0.0
r0142_c0013,40.7406996,-73.9388931,Industrial,3,133.33,0.0,1.0,1980.0,97472.0,2,0.1694,0.0,44.44,0.0
r0142_c0014,40.7406996,-73.9371102,Industrial,5,88.89,0.5,2.0,1935.0,228238.0,4,1.1212,0.0,0.0,0.0
r0142_c0015,40.7406996,-73.9353273,Industrial,5,222.22,0.0,1.7,1954.0,162152.0,6,1.2831,0.0,0.0,0.0
r0142_c0016,40.7406996,-73.9335444,Industrial,4,133.33,0.3333,1.5,1935.0,97050.0,4,0.7552,0.0,44.44,0.0
r0142_c0017,40.7406996,-73.9317615,Industrial,3,88.89,0.0,3.0,1939.0,243740.0,3,-0.0,0.0,0.0,0.0
r0142_c0018,40.7406996,-73.9299786,Industrial,7,44.44,0.0,1.7,1941.0,97500.0,7,0.5436,0.0,0.0,0.0
r0142_c0019,40.7406996,-73.9281957,Industrial,34,88.89,0.5,2.1,1939.0,205517.0,31,1.7191,0.0,0.0,0.0
r0142_c0020,40.7406996,-73.9264128,Residential,66,44.44,0.0,2.2,1938.0,194425.0,74,1.1186,0.0,0.0,0.0
r0142_c0021,40.7406996,-73.9246298,Residential,44,355.56,0.375,3.0,1938.0,476343.0,43,2.1181,0.0,177.78,0.0
r0142_c0022,40.7406996,-73.9228469,Residential,12,1333.33,0.2,3.4,1940.0,259567.0,12,1.8254,0.0,444.44,0.1
r0142_c0023,40.7406996,-73.921064,Residential,57,355.56,0.375,2.9,1929.0,327456.0,60,1.196,0.0,88.89,0.0
r0142_c0024,40.7406996,-73.9192811,Residential,31,266.67,0.1667,3.2,1937.0,432198.0,31,1.7363,0.0,44.44,0.0
r0142_c0025,40.7406996,-73.9174982,Residential,39,622.22,0.2143,2.7,1928.0,268400.0,46,1.0672,0.0,311.11,0.0
r0142_c0026,40.7406996,-73.9157153,Residential,25,0.0,0.0,1.8,1936.0,95572.0,39,1.6606,0.0,0.0,0.0
r0142_c0027,40.7406996,-73.9139324,Industrial,3,0.0,0.0,1.5,1941.0,32466.0,3,-0.0,0.0,0.0,0.0
r0142_c0031,40.7406996,-73.9068007,Mixed-Use,27,133.33,0.0,2.8,1955.0,233171.0,30,1.491,0.0,44.44,1.0
r0142_c0034,40.7406996,-73.901452,Residential,20,888.89,0.15,3.3,1963.0,294215.0,28,2.224,44.44,88.89,0.5
r0142_c0035,40.7406996,-73.8996691,Mixed-Use,16,222.22,0.0,2.5,1937.0,74176.0,16,2.4829,88.89,44.44,0.0
r0142_c0036,40.7406996,-73.8978862,Mixed-Use,17,133.33,0.0,2.1,1936.0,35874.0,12,2.2597,0.0,44.44,1.0
r0142_c0037,40.7406996,-73.8961033,Residential,27,266.67,0.1667,2.5,1936.0,74436.0,35,1.9338,0.0,88.89,0.0
r0142_c0038,40.7406996,-73.8943203,Residential,47,133.33,0.0,2.5,1955.0,152457.0,56,2.0686,0.0,0.0,0.0
r0142_c0039,40.7406996,-73.8925374,Residential,51,44.44,0.0,2.7,1953.0,486077.0,59,1.8382,0.0,44.44,0.0
r0142_c0040,40.7406996,-73.8907545,Residential,41,44.44,0.0,2.6,1954.0,104035.0,42,1.7595,0.0,44.44,0.0
r0142_c0041,40.7406996,-73.8889716,Residential,61,44.44,0.0,2.4,1944.0,144181.0,70,1.121,0.0,0.0,0.0
r0142_c0042,40.7406996,-73.8871887,Residential,64,133.33,0.0,2.8,1964.0,205792.0,78,1.9083,0.0,0.0,0.0
r0142_c0043,40.7406996,-73.8854058,Residential,46,44.44,0.0,2.6,1951.0,228957.0,51,1.6035,0.0,0.0,0.0
r0142_c0044,40.7406996,-73.8836229,Residential,37,133.33,0.0,2.9,1981.0,224270.0,38,1.1951,0.0,0.0,0.0
r0142_c0045,40.7406996,-73.88184,Mixed-Use,17,266.67,0.6667,2.9,1947.0,285033.0,21,2.1717,0.0,88.89,0.0
r0142_c0046,40.7406996,-73.880057,Mixed-Use,41,1288.89,0.4138,2.7,1964.0,171108.0,45,2.1906,44.44,133.33,0.0
r0142_c0047,40.7406996,-73.8782741,Residential,15,311.11,0.0,4.8,1966.0,513915.0,14,1.4968,0.0,133.33,0.0
r0142_c0048,40.7406996,-73.8764912,Residential,57,0.0,0.0,2.2,1947.0,159980.0,71,0.8548,0.0,0.0,0.0
r0142_c0049,40.7406996,-73.8747083,Institutional,46,266.67,0.1667,2.3,1943.0,211112.0,48,1.3582,0.0,0.0,0.0
r0142_c0050,40.7406996,-73.8729254,Residential,77,0.0,0.0,2.7,1950.0,197748.0,86,1.005,0.0,0.0,0.0
r0142_c0051,40.7406996,-73.8711425,Residential,60,88.89,0.0,2.7,1954.0,175215.0,71,0.6176,0.0,0.0,0.0
r0142_c0052,40.7406996,-73.8693596,Residential,59,0.0,0.0,2.8,1941.0,172563.0,86,0.8749,0.0,0.0,0.0
r0142_c0053,40.7406996,-73.8675767,Residential,74,133.33,0.0,2.5,1950.0,169691.0,93,1.1485,0.0,0.0,0.0
r0142_c0054,40.7406996,-73.8657937,Residential,61,44.44,0.0,2.8,1961.0,177746.0,74,1.4219,0.0,0.0,0.0
r0142_c0055,40.7406996,-73.8640108,Industrial,8,88.89,0.0,1.2,1976.0,55670.0,4,1.3224,0.0,0.0,0.0
r0142_c0057,40.7406996,-73.860445,Residential,7,400.0,0.0,4.8,1975.0,247436.0,5,0.91,0.0,0.0,0.0
r0142_c0058,40.7406996,-73.8586621,Residential,62,44.44,0.0,3.0,1982.0,269983.0,69,1.8278,0.0,0.0,0.0
r0142_c0059,40.7406996,-73.8568792,Residential,74,88.89,0.0,2.4,1943.0,189492.0,98,1.1563,0.0,0.0,0.0
r0142_c0060,40.7406996,-73.8550963,Residential,56,88.89,0.0,2.2,1934.0,238402.0,70,1.807,0.0,0.0,0.0
r0142_c0061,40.7406996,-73.8533134,Residential,59,266.67,0.1667,2.3,1939.0,153967.0,67,1.6637,0.0,88.89,0.5
r0142_c0062,40.7406996,-73.8515304,Residential,74,133.33,0.0,2.9,1968.0,249649.0,80,1.1347,0.0,0.0,0.0
r0142_c0063,40.7406996,-73.8497475,Residential,18,1022.22,0.0,3.0,1973.0,121104.0,19,1.6443,44.44,0.0,0.0
r0142_c0073,40.7406996,-73.8319184,Residential,6,44.44,0.0,1.9,1957.0,8622.0,6,1.1829,0.0,0.0,0.0
r0142_c0074,40.7406996,-73.8301355,Residential,48,0.0,0.0,1.9,1950.0,82851.0,72,0.1595,0.0,0.0,0.0
r0142_c0075,40.7406996,-73.8283526,Residential,48,88.89,0.0,1.9,1950.0,89690.0,69,0.1585,0.0,0.0,0.0
r0142_c0076,40.7406996,-73.8265697,Residential,49,177.78,0.0,1.6,1945.0,68261.0,83,0.0574,0.0,0.0,0.0
r0142_c0077,40.7406996,-73.8247868,Residential,59,88.89,0.0,2.2,1951.0,117149.0,60,0.5988,0.0,0.0,0.0
r0142_c0078,40.7406996,-73.8230039,Residential,70,0.0,0.0,2.0,1946.0,129716.0,72,0.2764,0.0,0.0,0.0
r0142_c0079,40.7406996,-73.8212209,Residential,45,0.0,0.0,2.0,1955.0,66600.0,46,-0.0,0.0,0.0,0.0
r0142_c0080,40.7406996,-73.819438,Residential,51,133.33,0.0,1.9,1949.0,73699.0,52,-0.0,0.0,0.0,0.0
r0142_c0081,40.7406996,-73.8176551,Residential,65,44.44,0.0,1.7,1946.0,106523.0,78,-0.0,0.0,0.0,0.0
r0142_c0082,40.7406996,-73.8158722,Residential,55,444.44,0.4,2.0,1949.0,102795.0,75,0.7541,0.0,311.11,0.0
r0142_c0083,40.7406996,-73.8140893,Residential,59,177.78,0.0,2.1,1953.0,106966.0,68,0.8589,0.0,44.44,0.0
r0142_c0084,40.7406996,-73.8123064,Residential,66,44.44,0.0,2.2,1946.0,106240.0,85,0.1667,0.0,0.0,0.0
r0142_c0085,40.7406996,-73.8105235,Residential,43,133.33,0.0,2.0,1945.0,68366.0,69,0.2196,0.0,0.0,0.0
r0142_c0086,40.7406996,-73.8087406,Residential,43,400.0,0.0,2.4,1936.0,169022.0,66,0.9525,0.0,0.0,0.0
r0142_c0087,40.7406996,-73.8069576,Residential,53,44.44,0.0,2.1,1943.0,92470.0,90,0.3902,0.0,0.0,0.0
r0142_c0088,40.7406996,-73.8051747,Residential,62,88.89,0.0,1.5,1948.0,98290.0,67,0.3237,0.0,0.0,0.0
r0142_c0093,40.7406996,-73.7962602,Residential,9,844.44,0.0,2.4,1968.0,27209.0,11,1.5168,0.0,0.0,0.0
r0142_c0095,40.7406996,-73.7926944,Residential,21,133.33,0.0,2.0,1960.0,46972.0,22,0.8795,0.0,0.0,0.0
r0142_c0096,40.7406996,-73.7909114,Residential,50,222.22,0.4,2.4,1999.0,200463.0,66,1.8929,88.89,0.0,0.0
r0142_c0097,40.7406996,-73.7891285,Residential,22,88.89,0.0,1.7,1950.0,33477.0,41,0.5678,0.0,44.44,0.0
r0142_c0098,40.7406996,-73.7873456,Residential,10,1288.89,0.069,1.7,1949.0,17151.0,19,0.7732,0.0,88.89,1.0
r0142_c0099,40.7406996,-73.7855627,Commercial,4,755.56,0.2941,2.0,1950.0,145680.0,1,0.984,0.0,88.89,0.5
r0142_c0111,40.7406996,-73.7641678,Residential,16,888.89,0.0,2.0,1950.0,19676.0,20,-0.0,0.0,0.0,0.0
r0142_c0112,40.7406996,-73.7623848,Residential,7,533.33,0.0,2.0,1950.0,151536.0,110,0.2474,0.0,0.0,0.0
r0142_c0113,40.7406996,-73.7606019,Residential,6,1644.44,0.1081,2.0,1955.0,103311.0,69,0.3004,0.0,444.44,0.1
r0142_c0121,40.7406996,-73.7463386,Residential,9,177.78,0.0,1.4,1956.0,15473.0,14,-0.0,0.0,0.0,0.0
r0142_c0122,40.7406996,-73.7445557,Residential,19,266.67,0.0,1.1,1955.0,25614.0,37,-0.0,0.0,0.0,0.0
r0142_c0132,40.7406996,-73.7267266,Residential,4,400.0,0.0,1.6,1949.0,6273.0,5,-0.0,0.0,0.0,0.0
r0142_c0133,40.7406996,-73.7249437,Residential,19,0.0,0.0,1.7,1948.0,29432.0,27,-0.0,0.0,0.0,0.0
r0142_c0134,40.7406996,-73.7231608,Residential,36,44.44,0.0,1.7,1950.0,54425.0,62,-0.0,0.0,0.0,0.0
r0142_c0135,40.7406996,-73.7213779,Residential,47,133.33,0.0,1.8,1951.0,64904.0,71,-0.0,0.0,0.0,0.0
r0142_c0136,40.7406996,-73.719595,Residential,41,44.44,0.0,1.6,1948.0,52650.0,60,-0.0,0.0,0.0,0.0
r0142_c0137,40.7406996,-73.717812,Residential,41,177.78,0.0,1.8,1953.0,62960.0,66,0.0753,0.0,0.0,0.0
r0142_c0138,40.7406996,-73.7160291,Residential,33,0.0,0.0,1.3,1951.0,45532.0,47,0.1462,0.0,0.0,0.0
r0142_c0139,40.7406996,-73.7142462,Residential,36,44.44,0.0,1.2,1951.0,45097.0,46,0.3004,0.0,0.0,0.0
r0142_c0140,40.7406996,-73.7124633,Residential,29,266.67,0.0,1.6,1949.0,38629.0,51,-0.0,0.0,0.0,0.0
r0142_c0141,40.7406996,-73.7106804,Residential,37,133.33,0.0,1.7,1950.0,54653.0,61,-0.0,0.0,0.0,0.0
r0142_c0142,40.7406996,-73.7088975,Residential,40,355.56,0.0,1.8,1952.0,68109.0,63,-0.0,0.0,0.0,0.0
r0142_c0143,40.7406996,-73.7071146,Residential,36,177.78,0.0,1.8,1949.0,60775.0,58,-0.0,0.0,0.0,0.0
r0142_c0144,40.7406996,-73.7053317,Residential,43,88.89,0.0,1.6,1950.0,54862.0,70,-0.0,0.0,0.0,0.0
r0142_c0145,40.7406996,-73.7035488,Residential,36,88.89,0.0,1.6,1950.0,48126.0,59,-0.0,0.0,0.0,0.0
r0142_c0146,40.7406996,-73.7017658,Residential,27,888.89,0.0,1.7,1960.0,46516.0,45,0.2082,0.0,222.22,0.2
r0143_c0002,40.742051,-73.9585052,Mixed-Use,11,266.67,0.0,7.1,1977.0,431983.0,17,2.1053,0.0,0.0,0.0
r0143_c0003,40.742051,-73.9567223,Residential,13,222.22,0.2,4.0,1978.0,245864.0,13,2.2056,0.0,0.0,0.0
r0143_c0004,40.742051,-73.9549393,Residential,39,844.44,0.2105,2.9,1931.0,310019.0,44,2.5282,0.0,133.33,0.0
r0143_c0005,40.742051,-73.9531564,Mixed-Use,21,1022.22,0.2174,4.4,1928.0,227325.0,22,2.1574,0.0,177.78,0.0
r0143_c0006,40.742051,-73.9513735,Mixed-Use,12,311.11,0.1429,4.3,1955.0,221541.0,13,1.4388,0.0,44.44,0.0
r0143_c0007,40.742051,-73.9495906,Industrial,7,133.33,0.3333,3.8,1940.0,206962.0,8,1.9335,44.44,0.0,0.0
r0143_c0008,40.742051,-73.9478077,Mixed-Use,8,177.78,0.0,1.3,1945.0,21840.0,4,1.8271,0.0,44.44,1.0
r0143_c0010,40.742051,-73.9442419,Mixed-Use,3,222.22,0.0,5.5,1986.0,242017.0,2,1.5728,0.0,0.0,0.0
r0143_c0011,40.742051,-73.942459,Industrial,5,88.89,0.0,2.8,1935.0,305421.0,6,0.8471,0.0,44.44,0.0
r0143_c0012,40.742051,-73.9406761,Industrial,3,44.44,0.0,1.8,1962.0,305820.0,3,-0.0,0.0,0.0,0.0
r0143_c0013,40.742051,-73.9388931,Industrial,7,0.0,0.0,2.0,1955.0,228545.0,6,1.374,0.0,0.0,0.0
r0143_c0014,40.742051,-73.9371102,Commercial,3,266.67,0.3333,5.5,1944.0,1250516.0,2,1.4284,44.44,0.0,0.0
r0143_c0015,40.742051,-73.9353273,Commercial,4,400.0,0.2222,3.8,1946.0,839637.0,4,1.4717,0.0,0.0,0.0
r0143_c0016,40.742051,-73.9335444,Industrial,4,311.11,0.1429,3.0,1946.0,426406.0,4,0.7821,0.0,88.89,0.5
r0143_c0017,40.742051,-73.9317615,Industrial,4,0.0,0.0,2.2,1933.0,619868.0,4,-0.0,0.0,0.0,0.0
r0143_c0018,40.742051,-73.9299786,Industrial,6,133.33,0.0,2.2,1941.0,198754.0,6,-0.0,0.0,0.0,0.0
r0143_c0019,40.742051,-73.9281957,Institutional,13,88.89,0.5,1.9,1935.0,264660.0,16,1.589,0.0,0.0,0.0
r0143_c0020,40.742051,-73.9264128,Residential,41,577.78,0.3077,2.4,1937.0,386740.0,43,2.1973,0.0,222.22,0.0
r0143_c0021,40.742051,-73.9246298,Residential,54,222.22,0.6,2.9,1930.0,383375.0,62,1.7942,0.0,88.89,0.0
r0143_c0022,40.742051,-73.9228469,Residential,35,177.78,0.0,3.3,1932.0,462928.0,35,1.7502,0.0,88.89,0.0
r0143_c0023,40.742051,-73.921064,Residential,34,266.67,0.3333,2.4,1931.0,325869.0,34,2.4728,0.0,88.89,0.0
r0143_c0024,40.742051,-73.9192811,Commercial,20,1777.78,0.45,2.6,1928.0,266170.0,21,2.0387,0.0,844.44,0.1579
r0143_c0025,40.742051,-73.9174982,Residential,45,888.89,0.3,2.9,1945.0,511259.0,55,1.8947,0.0,311.11,0.0
r0143_c0026,40.742051,-73.9157153,Residential,35,222.22,0.4,1.9,1932.0,108668.0,60,1.8584,0.0,88.89,1.0
r0143_c0027,40.742051,-73.9139324,Industrial,4,88.89,0.0,2.0,1958.0,49003.0,3,1.4386,0.0,44.44,0.0
r0143_c0029,40.742051,-73.9103665,Institutional,6,44.44,0.0,1.5,1950.0,42263.0,5,1.3963,0.0,0.0,0.0
r0143_c0030,40.742051,-73.9085836,Residential,12,133.33,0.3333,2.1,1942.0,40236.0,13,2.1686,0.0,0.0,0.0
r0143_c0031,40.742051,-73.9068007,Residential,22,266.67,0.0,3.1,1944.0,279143.0,28,2.4138,88.89,88.89,0.0
r0143_c0032,40.742051,-73.9050178,Residential,25,577.78,0.1538,2.6,1932.0,284149.0,32,1.7182,44.44,133.33,0.0
r0143_c0033,40.742051,-73.9032349,Residential,34,577.78,0.2308,2.5,1944.0,280649.0,40,2.2917,0.0,222.22,0.2
r0143_c0034,40.742051,-73.901452,Residential,54,0.0,0.0,2.4,1944.0,279854.0,55,1.8562,0.0,0.0,0.0
r0143_c0035,40.742051,-73.8996691,Residential,41,44.44,0.0,2.7,1950.0,204998.0,44,2.1339,0.0,0.0,0.0
r0143_c0036,40.742051,-73.8978862,Residential,37,88.89,0.0,2.1,1933.0,70192.0,35,1.6945,0.0,0.0,0.0
r0143_c0037,40.742051,-73.8961033,Residential,50,311.11,0.1429,2.7,1953.0,164926.0,60,1.8348,0.0,222.22,0.0
r0143_c0038,40.742051,-73.8943203,Residential,44,88.89,0.0,2.6,1951.0,216734.0,53,1.9383,0.0,0.0,0.0
r0143_c0039,40.742051,-73.8925374,Residential,29,222.22,0.0,2.5,1945.0,93802.0,40,1.914,0.0,0.0,0.0
r0143_c0040,40.742051,-73.8907545,Residential,38,44.44,0.0,2.7,1960.0,158551.0,52,2.2825,0.0,0.0,0.0
r0143_c0041,40.742051,-73.8889716,Residential,72,0.0,0.0,2.4,1940.0,156782.0,92,1.2261,0.0,0.0,0.0
r0143_c0042,40.742051,-73.8871887,Residential,68,0.0,0.0,2.5,1928.0,139445.0,98,0.8228,0.0,0.0,0.0
r0143_c0043,40.742051,-73.8854058,Residential,47,0.0,0.0,2.6,1929.0,341875.0,63,1.6617,0.0,0.0,0.0
r0143_c0044,40.742051,-73.8836229,Residential,37,355.56,0.0,3.3,1951.0,368393.0,37,1.9818,0.0,44.44,0.0
r0143_c0045,40.742051,-73.88184,Open Space,7,1644.44,0.1892,1.7,1937.0,161514.0,8,1.4149,0.0,355.56,0.0
r0143_c0046,40.742051,-73.880057,Residential,10,1022.22,0.3478,4.1,1946.0,377226.0,9,1.6398,0.0,533.33,0.0
r0143_c0047,40.742051,-73.8782741,Residential,36,666.67,0.3333,2.5,1951.0,196473.0,36,2.7781,0.0,266.67,0.0
r0143_c0048,40.742051,-73.8764912,Residential,62,88.89,0.0,2.6,1953.0,173914.0,74,2.1858,0.0,0.0,0.0
r0143_c0049,40.742051,-73.8747083,Mixed-Use,64,1333.33,0.3,2.6,1959.0,175311.0,67,2.0519,0.0,577.78,0.0
r0143_c0050,40.742051,-73.8729254,Residential,49,355.56,0.25,2.7,1945.0,196442.0,59,1.9962,44.44,133.33,0.0
r0143_c0051,40.742051,-73.8711425,Residential,54,133.33,0.0,2.5,1941.0,186301.0,64,2.3142,0.0,44.44,0.0
r0143_c0052,40.742051,-73.8693596,Residential,67,222.22,0.2,2.5,1946.0,162210.0,83,1.8462,0.0,88.89,0.0
r0143_c0053,40.742051,-73.8675767,Residential,56,666.67,0.2667,2.5,1952.0,174014.0,65,2.0085,0.0,444.44,0.1
r0143_c0054,40.742051,-73.8657937,Residential,47,44.44,0.0,2.5,1955.0,208397.0,57,1.7744,0.0,0.0,0.0
r0143_c0055,40.742051,-73.8640108,Mixed-Use,9,355.56,0.0,1.5,1972.0,154614.0,8,1.8266,0.0,0.0,0.0
r0143_c0056,40.742051,-73.8622279,Institutional,23,488.89,0.0,2.7,1962.0,267227.0,23,1.0103,44.44,0.0,0.0
r0143_c0057,40.742051,-73.860445,Residential,48,44.44,0.0,2.5,1941.0,163125.0,74,1.5539,0.0,0.0,0.0
r0143_c0058,40.742051,-73.8586621,Residential,66,88.89,0.0,2.5,1952.0,196788.0,78,1.3106,0.0,0.0,0.0
r0143_c0059,40.742051,-73.8568792,Residential,78,88.89,0.0,2.2,1949.0,174243.0,96,1.9611,0.0,0.0,0.0
r0143_c0060,40.742051,-73.8550963,Residential,65,666.67,0.2667,2.4,1953.0,175058.0,74,1.9096,0.0,222.22,0.0
r0143_c0061,40.742051,-73.8533134,Residential,55,533.33,0.25,2.5,1963.0,181793.0,71,2.1509,0.0,311.11,0.0
r0143_c0062,40.742051,-73.8515304,Residential,62,311.11,0.0,3.0,1964.0,205935.0,72,0.9527,0.0,0.0,0.0
r0143_c0073,40.742051,-73.8319184,Residential,10,0.0,0.0,2.0,1929.0,17831.0,19,-0.0,0.0,0.0,0.0
r0143_c0074,40.742051,-73.8301355,Residential,45,44.44,0.0,1.9,1957.0,85490.0,57,0.3528,0.0,0.0,0.0
r0143_c0075,40.742051,-73.8283526,Residential,35,133.33,0.0,1.9,1958.0,75848.0,47,0.8223,0.0,0.0,0.0
r0143_c0076,40.742051,-73.8265697,Residential,20,355.56,0.0,1.5,1946.0,28659.0,35,-0.0,0.0,0.0,0.0
r0143_c0077,40.742051,-73.8247868,Residential,31,88.89,0.5,2.5,1955.0,67116.0,31,0.9999,0.0,0.0,0.0
r0143_c0078,40.742051,-73.8230039,Residential,51,0.0,0.0,1.6,1948.0,94018.0,52,0.4113,0.0,0.0,0.0
r0143_c0079,40.742051,-73.8212209,Residential,73,44.44,0.0,1.7,1943.0,130820.0,80,0.482,0.0,0.0,0.0
r0143_c0080,40.742051,-73.819438,Residential,68,44.44,0.0,2.1,1952.0,126207.0,77,0.2348,0.0,0.0,0.0
r0143_c0081,40.742051,-73.8176551,Residential,89,44.44,0.0,2.0,1957.0,126877.0,97,-0.0,0.0,0.0,0.0
r0143_c0082,40.742051,-73.8158722,Residential,81,0.0,0.0,2.0,1951.0,108365.0,82,-0.0,0.0,0.0,0.0
r0143_c0083,40.742051,-73.8140893,Residential,62,0.0,0.0,2.0,1952.0,84351.0,66,0.4765,0.0,0.0,0.0
r0143_c0084,40.742051,-73.8123064,Residential,64,177.78,0.0,2.0,1955.0,94318.0,77,-0.0,0.0,0.0,0.0
r0143_c0085,40.742051,-73.8105235,Residential,27,177.78,0.0,1.9,1955.0,51545.0,47,-0.0,0.0,0.0,0.0
r0143_c0086,40.742051,-73.8087406,Residential,23,1022.22,0.0,2.0,1963.0,42844.0,34,0.2358,0.0,0.0,0.0
r0143_c0087,40.742051,-73.8069576,Residential,29,133.33,0.0,2.2,1963.0,55962.0,36,0.362,44.44,0.0,0.0
r0143_c0088,40.742051,-73.8051747,Residential,25,177.78,0.0,2.4,1967.0,60144.0,28,0.9911,44.44,0.0,0.0
r0143_c0093,40.742051,-73.7962602,Residential,12,88.89,0.0,2.1,1961.0,28271.0,15,1.1163,0.0,0.0,0.0
r0143_c0094,40.742051,-73.7944773,Residential,29,88.89,0.0,1.1,1950.0,55028.0,66,0.8749,0.0,0.0,0.0
r0143_c0095,40.742051,-73.7926944,Residential,5,0.0,0.0,2.0,1940.0,88650.0,116,0.2035,0.0,0.0,0.0
r0143_c0096,40.742051,-73.7909114,Residential,19,44.44,0.0,1.6,1952.0,46326.0,40,0.846,0.0,0.0,0.0
r0143_c0097,40.742051,-73.7891285,Residential,39,44.44,0.0,1.8,1948.0,62756.0,73,0.2017,0.0,0.0,0.0
r0143_c0098,40.742051,-73.7873456,Residential,38,133.33,0.0,1.7,1949.0,63018.0,73,-0.0,0.0,0.0,0.0
r0143_c0099,40.742051,-73.7855627,Residential,37,133.33,0.0,1.6,1946.0,54729.0,69,0.1544,0.0,0.0,0.0
r0143_c0100,40.742051,-73.7837798,Residential,16,488.89,0.0,1.8,1947.0,46817.0,27,1.049,0.0,0.0,0.0
r0143_c0111,40.742051,-73.7641678,Residential,58,133.33,0.0,2.0,1950.0,65595.0,65,-0.0,0.0,0.0,0.0
r0143_c0112,40.742051,-73.7623848,Residential,65,88.89,0.0,2.0,1952.0,76824.0,72,-0.0,0.0,0.0,0.0
r0143_c0113,40.742051,-73.7606019,Residential,42,0.0,0.0,2.0,1959.0,67779.0,56,0.3404,0.0,0.0,0.0
r0143_c0114,40.742051,-73.758819,Residential,10,1377.78,0.1935,2.0,1950.0,44988.0,36,0.8508,0.0,222.22,0.0
r0143_c0117,40.742051,-73.7534703,Residential,4,977.78,0.0,2.0,1955.0,5744.0,4,-0.0,0.0,0.0,0.0
r0143_c0134,40.742051,-73.7231608,Residential,12,44.44,0.0,1.6,1950.0,16992.0,21,0.8701,0.0,0.0,0.0
r0143_c0135,40.742051,-73.7213779,Residential,43,222.22,0.0,2.0,1944.0,72785.0,45,1.0396,0.0,44.44,0.0
r0143_c0136,40.742051,-73.719595,Residential,52,44.44,0.0,1.8,1948.0,69663.0,80,-0.0,0.0,0.0,0.0
r0143_c0137,40.742051,-73.717812,Residential,41,133.33,0.0,1.8,1950.0,64185.0,62,-0.0,0.0,0.0,0.0
r0143_c0138,40.742051,-73.7160291,Residential,31,44.44,0.0,1.5,1950.0,44197.0,44,-0.0,0.0,0.0,0.0
r0143_c0139,40.742051,-73.7142462,Residential,29,44.44,0.0,1.5,1950.0,42116.0,45,-0.0,0.0,0.0,0.0
r0143_c0140,40.742051,-73.7124633,Residential,32,133.33,0.0,1.7,1950.0,212759.0,55,0.9998,0.0,0.0,0.0
r0143_c0141,40.742051,-73.7106804,Residential,45,88.89,0.0,1.7,1950.0,63238.0,64,-0.0,0.0,0.0,0.0
r0143_c0142,40.742051,-73.7088975,Residential,37,44.44,0.0,1.8,1947.0,56042.0,54,-0.0,0.0,0.0,0.0
r0143_c0143,40.742051,-73.7071146,Residential,36,44.44,0.0,1.7,1947.0,49085.0,59,0.3331,0.0,0.0,0.0
r0143_c0144,40.742051,-73.7053317,Residential,34,266.67,0.0,1.7,1949.0,51463.0,53,-0.0,0.0,0.0,0.0
r0143_c0145,40.742051,-73.7035488,Residential,34,88.89,0.0,1.7,1948.0,46094.0,60,-0.0,0.0,0.0,0.0
r0143_c0146,40.742051,-73.7017658,Residential,12,1111.11,0.08,1.8,1960.0,112945.0,77,0.7798,0.0,488.89,0.5455
r0144_c0002,40.7434023,-73.9585052,Mixed-Use,5,2088.89,0.0851,20.0,1987.0,1364653.0,5,0.9841,44.44,44.44,0.0
r0144_c0003,40.7434023,-73.9567223,Mixed-Use,15,222.22,0.0,4.4,1965.0,776985.0,14,2.1242,0.0,44.44,0.0
r0144_c0004,40.7434023,-73.9549393,Residential,47,1066.67,0.25,2.7,1921.0,274180.0,52,2.8072,0.0,177.78,0.0
r0144_c0005,40.7434023,-73.9531564,Mixed-Use,30,1244.44,0.2857,3.3,1922.0,196915.0,31,2.4439,44.44,177.78,0.0
r0144_c0006,40.7434023,-73.9513735,Mixed-Use,22,755.56,0.2353,3.9,1938.0,217473.0,25,2.5438,133.33,88.89,0.0
r0144_c0007,40.7434023,-73.9495906,Commercial,5,488.89,0.1818,6.8,1944.0,358631.0,5,1.687,0.0,44.44,0.0
r0144_c0011,40.7434023,-73.942459,Industrial,4,222.22,0.0,4.0,1916.0,117496.0,2,1.6647,0.0,0.0,0.0
r0144_c0012,40.7434023,-73.9406761,Industrial,8,88.89,0.0,2.3,1951.0,244165.0,6,1.4466,44.44,44.44,0.0
r0144_c0013,40.7434023,-73.9388931,Industrial,4,222.22,0.0,2.0,1932.0,55025.0,4,1.5265,0.0,0.0,0.0
r0144_c0016,40.7434023,-73.9335444,Institutional,3,266.67,0.1667,2.0,1946.0,374119.0,3,0.1373,0.0,0.0,0.0
r0144_c0017,40.7434023,-73.9317615,Industrial,4,133.33,0.0,1.5,1958.0,273000.0,4,0.7121,0.0,0.0,0.0
r0144_c0019,40.7434023,-73.9281957,Industrial,17,711.11,0.375,1.6,1943.0,272459.0,18,1.6625,88.89,88.89,0.0
r0144_c0020,40.7434023,-73.9264128,Commercial,13,577.78,0.1538,2.3,1941.0,102391.0,15,1.7292,88.89,44.44,1.0
r0144_c0021,40.7434023,-73.9246298,Residential,30,1955.56,0.2045,3.0,1928.0,278112.0,29,1.2457,44.44,888.89,0.0
r0144_c0022,40.7434023,-73.9228469,Mixed-Use,19,1555.56,0.3143,2.9,1936.0,233726.0,20,1.878,0.0,266.67,0.0
r0144_c0023,40.7434023,-73.921064,Mixed-Use,23,1511.11,0.3529,2.7,1939.0,142119.0,25,2.4082,44.44,400.0,0.1111
r0144_c0024,40.7434023,-73.9192811,Mixed-Use,15,1688.89,0.3947,3.1,1947.0,320478.0,16,1.8779,0.0,666.67,0.2
r0144_c0025,40.7434023,-73.9174982,Residential,10,1111.11,0.16,3.0,1952.0,188094.0,10,1.9959,0.0,400.0,0.1111
r0144_c0026,40.7434023,-73.9157153,Residential,18,1466.67,0.0606,3.8,1945.0,331264.0,16,2.0443,0.0,266.67,0.3333
r0144_c0027,40.7434023,-73.9139324,Mixed-Use,8,311.11,0.0,3.7,1990.0,190925.0,8,1.8845,0.0,44.44,0.0
r0144_c0028,40.7434023,-73.9121495,Residential,51,266.67,0.0,3.6,1963.0,530967.0,56,2.0605,0.0,133.33,0.0
r0144_c0029,40.7434023,-73.9103665,Residential,79,88.89,0.0,2.5,1944.0,180917.0,89,1.581,0.0,0.0,0.0
r0144_c0030,40.7434023,-73.9085836,Residential,71,88.89,0.0,2.3,1931.0,235495.0,83,1.0031,0.0,0.0,0.0
r0144_c0031,40.7434023,-73.9068007,Residential,54,444.44,0.2,2.7,1936.0,237341.0,69,2.463,0.0,177.78,0.0
r0144_c0032,40.7434023,-73.9050178,Residential,95,44.44,0.0,2.3,1933.0,171548.0,105,1.0824,0.0,0.0,0.0
r0144_c0033,40.7434023,-73.9032349,Residential,49,133.33,0.0,2.7,1946.0,290319.0,50,2.4602,0.0,0.0,0.0
r0144_c0034,40.7434023,-73.901452,Residential,58,44.44,0.0,2.3,1939.0,226360.0,63,2.0403,0.0,0.0,0.0
r0144_c0035,40.7434023,-73.8996691,Residential,39,311.11,0.1429,2.4,1949.0,130595.0,46,1.8035,0.0,88.89,0.0
r0144_c0036,40.7434023,-73.8978862,Residential,58,88.89,0.0,2.7,1948.0,289414.0,70,1.6853,0.0,0.0,0.0
r0144_c0037,40.7434023,-73.8961033,Residential,51,444.44,0.2,2.8,1947.0,154547.0,52,2.2017,0.0,133.33,0.3333
r0144_c0038,40.7434023,-73.8943203,Residential,81,88.89,0.5,2.7,1957.0,265187.0,90,1.554,0.0,0.0,0.0
r0144_c0039,40.7434023,-73.8925374,Mixed-Use,23,88.89,0.0,3.0,1963.0,169031.0,23,1.7623,0.0,0.0,0.0
r0144_c0040,40.7434023,-73.8907545,Residential,69,88.89,0.5,2.8,1949.0,251725.0,84,1.2934,0.0,44.44,0.0
r0144_c0041,40.7434023,-73.8889716,Residential,66,888.89,0.5,2.8,1939.0,294218.0,83,1.8495,44.44,222.22,0.0
r0144_c0042,40.7434023,-73.8871887,Residential,58,1155.56,0.2308,2.5,1930.0,181227.0,73,1.556,0.0,400.0,0.0
r0144_c0043,40.7434023,-73.8854058,Residential,19,800.0,0.1111,2.9,1928.0,309496.0,19,2.2047,0.0,133.33,0.0
r0144_c0044,40.7434023,-73.8836229,Mixed-Use,17,1733.33,0.2308,3.6,1934.0,532798.0,23,1.9581,88.89,533.33,0.0
r0144_c0045,40.7434023,-73.88184,Residential,36,0.0,0.0,3.3,1940.0,511053.0,49,1.8548,0.0,0.0,0.0
r0144_c0046,40.7434023,-73.880057,Residential,19,0.0,0.0,4.4,1957.0,535427.0,20,1.4353,0.0,0.0,0.0
r0144_c0047,40.7434023,-73.8782741,Residential,59,88.89,0.0,2.6,1917.0,259278.0,71,1.908,0.0,0.0,0.0
r0144_c0048,40.7434023,-73.8764912,Residential,24,0.0,0.0,3.3,1941.0,348797.0,42,1.7085,0.0,0.0,0.0
r0144_c0049,40.7434023,-73.8747083,Residential,57,44.44,0.0,2.6,1941.0,219323.0,69,2.0358,0.0,0.0,0.0
r0144_c0050,40.7434023,-73.8729254,Residential,39,133.33,0.0,2.7,1952.0,161669.0,41,1.8343,0.0,0.0,0.0
r0144_c0051,40.7434023,-73.8711425,Institutional,16,177.78,0.0,2.8,1957.0,275049.0,15,1.6236,0.0,0.0,0.0
r0144_c0052,40.7434023,-73.8693596,Residential,72,0.0,0.0,2.3,1944.0,227175.0,94,1.2786,0.0,0.0,0.0
r0144_c0053,40.7434023,-73.8675767,Residential,66,311.11,0.1429,2.5,1939.0,168145.0,85,1.6905,0.0,222.22,0.0
r0144_c0054,40.7434023,-73.8657937,Residential,69,177.78,0.0,2.1,1933.0,128717.0,87,1.6457,0.0,44.44,0.0
r0144_c0055,40.7434023,-73.8640108,Residential,88,44.44,0.0,2.2,1937.0,186663.0,99,1.1617,0.0,0.0,0.0
r0144_c0056,40.7434023,-73.8622279,Residential,46,355.56,0.0,2.3,1943.0,112919.0,48,2.2273,0.0,44.44,1.0
r0144_c0057,40.7434023,-73.860445,Residential,65,177.78,0.0,2.2,1950.0,187048.0,82,1.7511,0.0,177.78,0.0
r0144_c0058,40.7434023,-73.8586621,Residential,62,355.56,0.125,2.5,1947.0,167131.0,77,2.2209,0.0,133.33,0.0
r0144_c0059,40.7434023,-73.8568792,Residential,65,844.44,0.3684,2.4,1945.0,168137.0,77,1.8432,0.0,266.67,0.0
r0144_c0060,40.7434023,-73.8550963,Mixed-Use,43,1733.33,0.2051,2.3,1938.0,157912.0,59,1.8288,0.0,711.11,0.0
r0144_c0061,40.7434023,-73.8533134,Residential,65,133.33,0.3333,2.3,1950.0,154922.0,86,1.3372,0.0,44.44,0.0
r0144_c0062,40.7434023,-73.8515304,Residential,34,977.78,0.0,2.8,1963.0,98644.0,37,0.9656,311.11,44.44,0.0
r0144_c0071,40.7434023,-73.8354842,Residential,12,222.22,0.0,2.4,1970.0,41688.0,14,1.3503,0.0,0.0,0.0
r0144_c0072,40.7434023,-73.8337013,Residential,24,0.0,0.0,2.0,1963.0,49884.0,32,1.0087,0.0,0.0,0.0
r0144_c0073,40.7434023,-73.8319184,Residential,36,44.44,0.0,2.3,1945.0,81427.0,48,0.5098,0.0,0.0,0.0
r0144_c0074,40.7434023,-73.8301355,Residential,38,44.44,0.0,2.2,1951.0,70190.0,55,0.4649,0.0,0.0,0.0
r0144_c0075,40.7434023,-73.8283526,Residential,41,88.89,0.0,2.1,1954.0,82932.0,51,0.9097,0.0,0.0,0.0
r0144_c0076,40.7434023,-73.8265697,Residential,62,533.33,0.3333,1.9,1950.0,115117.0,76,1.3712,0.0,44.44,0.0
r0144_c0077,40.7434023,-73.8247868,Residential,45,400.0,0.0,1.6,1943.0,114831.0,57,1.5512,0.0,44.44,0.0
r0144_c0078,40.7434023,-73.8230039,Residential,57,44.44,0.0,1.7,1945.0,130545.0,77,0.161,0.0,0.0,0.0
r0144_c0079,40.7434023,-73.8212209,Residential,74,0.0,0.0,1.3,1944.0,113312.0,79,-0.0,0.0,0.0,0.0
r0144_c0080,40.7434023,-73.819438,Residential,89,0.0,0.0,2.0,1950.0,122174.0,89,-0.0,0.0,0.0,0.0
r0144_c0081,40.7434023,-73.8176551,Residential,69,0.0,0.0,2.0,1950.0,91225.0,75,0.1812,0.0,0.0,0.0
r0144_c0082,40.7434023,-73.8158722,Residential,37,44.44,0.0,2.0,1952.0,51954.0,41,-0.0,0.0,0.0,0.0
r0144_c0083,40.7434023,-73.8140893,Residential,8,355.56,0.0,2.0,1951.0,12114.0,8,-0.0,0.0,0.0,0.0
r0144_c0094,40.7434023,-73.7944773,Residential,31,88.89,0.0,1.3,1953.0,45895.0,37,-0.0,0.0,0.0,0.0
r0144_c0095,40.7434023,-73.7926944,Residential,38,44.44,0.0,1.8,1951.0,50695.0,50,-0.0,0.0,0.0,0.0
r0144_c0096,40.7434023,-73.7909114,Residential,51,133.33,0.0,1.8,1945.0,56245.0,65,-0.0,0.0,0.0,0.0
r0144_c0097,40.7434023,-73.7891285,Residential,40,0.0,0.0,1.8,1947.0,61160.0,68,0.1322,0.0,0.0,0.0
r0144_c0098,40.7434023,-73.7873456,Institutional,14,44.44,0.0,1.8,1950.0,123118.0,20,0.9838,0.0,0.0,0.0
r0144_c0099,40.7434023,-73.7855627,Residential,19,133.33,0.0,1.8,1947.0,28101.0,37,-0.0,0.0,0.0,0.0
r0144_c0100,40.7434023,-73.7837798,Institutional,5,133.33,0.0,1.7,1958.0,11486.0,8,0.9986,0.0,0.0,0.0
r0144_c0101,40.7434023,-73.7819969,Open Space,12,88.89,0.0,1.7,1945.0,17047.0,21,0.6208,0.0,0.0,0.0
r0144_c0102,40.7434023,-73.780214,Residential,27,133.33,0.0,1.8,1947.0,43298.0,47,0.1485,0.0,0.0,0.0
r0144_c0103,40.7434023,-73.7784311,Residential,26,533.33,0.0,1.5,1950.0,34779.0,42,-0.0,44.44,0.0,0.0
r0144_c0110,40.7434023,-73.7659507,Residential,10,88.89,0.0,1.4,1955.0,21032.0,11,-0.0,0.0,0.0,0.0
r0144_c0111,40.7434023,-73.7641678,Residential,28,88.89,0.0,1.5,1957.0,58650.0,26,0.5345,0.0,0.0,0.0
r0144_c0112,40.7434023,-73.7623848,Residential,38,0.0,0.0,1.8,1956.0,59535.0,43,-0.0,0.0,0.0,0.0
r0144_c0113,40.7434023,-73.7606019,Residential,50,177.78,0.0,1.9,1954.0,69778.0,58,0.3342,0.0,0.0,0.0
r0144_c0114,40.7434023,-73.758819,Residential,5,44.44,0.0,2.0,1950.0,136980.0,75,0.274,0.0,0.0,0.0
r0144_c0117,40.7434023,-73.7534703,Residential,45,177.78,0.0,1.9,1955.0,67612.0,52,0.264,0.0,0.0,0.0
r0144_c0118,40.7434023,-73.7516874,Residential,36,44.44,0.0,1.5,1955.0,67093.0,50,-0.0,0.0,0.0,0.0
r0144_c0119,40.7434023,-73.7499045,Residential,28,666.67,0.0,1.6,1955.0,57040.0,45,-0.0,44.44,0.0,0.0
r0144_c0120,40.7434023,-73.7481216,Residential,24,177.78,0.0,1.8,1952.0,48217.0,39,-0.0,0.0,0.0,0.0
r0144_c0121,40.7434023,-73.7463386,Residential,27,0.0,0.0,1.8,1960.0,56785.0,47,-0.0,0.0,0.0,0.0
r0144_c0122,40.7434023,-73.7445557,Residential,7,400.0,0.0,1.5,1949.0,12089.0,12,-0.0,44.44,0.0,0.0
r0144_c0135,40.7434023,-73.7213779,Residential,33,0.0,0.0,2.0,1950.0,54700.0,43,1.0728,0.0,0.0,0.0
r0144_c0136,40.7434023,-73.719595,Residential,46,44.44,0.0,2.0,1948.0,53941.0,62,0.4779,0.0,0.0,0.0
r0144_c0137,40.7434023,-73.717812,Residential,21,977.78,0.0909,1.5,1955.0,38248.0,35,1.2854,0.0,222.22,0.4
r0144_c0138,40.7434023,-73.7160291,Residential,37,88.89,0.0,1.6,1956.0,60890.0,52,0.5235,0.0,0.0,0.0
r0144_c0139,40.7434023,-73.7142462,Residential,45,88.89,0.0,1.8,1950.0,68528.0,79,-0.0,0.0,0.0,0.0
r0144_c0140,40.7434023,-73.7124633,Residential,47,88.89,0.0,1.7,1946.0,64197.0,65,-0.0,0.0,0.0,0.0
r0144_c0141,40.7434023,-73.7106804,Residential,40,44.44,0.0,1.8,1962.0,65337.0,53,-0.0,0.0,0.0,0.0
r0144_c0142,40.7434023,-73.7088975,Residential,24,44.44,0.0,1.8,1947.0,33053.0,34,0.2982,0.0,0.0,0.0
r0144_c0143,40.7434023,-73.7071146,Residential,31,44.44,0.0,1.6,1946.0,37721.0,45,-0.0,0.0,0.0,0.0
r0144_c0144,40.7434023,-73.7053317,Residential,41,44.44,0.0,1.7,1949.0,65341.0,65,0.1602,0.0,0.0,0.0
r0144_c0145,40.7434023,-73.7035488,Residential,45,222.22,0.0,1.7,1950.0,61171.0,68,-0.0,0.0,0.0,0.0
r0145_c0003,40.7447537,-73.9567223,Residential,6,888.89,0.0,19.2,2004.0,1429385.0,5,0.5277,0.0,44.44,0.0
r0145_c0004,40.7447537,-73.9549393,Residential,29,488.89,0.0909,3.6,1956.0,377541.0,28,2.2991,0.0,44.44,1.0
r0145_c0005,40.7447537,-73.9531564,Mixed-Use,58,1733.33,0.3077,2.9,1927.0,289793.0,68,2.0164,0.0,355.56,0.125
r0145_c0006,40.7447537,-73.9513735,Residential,43,488.89,0.1818,3.0,1935.0,246312.0,45,2.9065,44.44,88.89,0.0
r0145_c0007,40.7447537,-73.9495906,Mixed-Use,36,444.44,0.1,3.2,1941.0,349323.0,36,2.5663,0.0,88.89,0.0
r0145_c0008,40.7447537,-73.9478077,Mixed-Use,6,266.67,0.3333,6.6,1996.0,357365.0,5,0.8535,44.44,0.0,0.0
r0145_c0010,40.7447537,-73.9442419,Mixed-Use,12,311.11,0.0,8.0,1951.0,729190.0,13,1.9696,0.0,0.0,0.0
r0145_c0011,40.7447537,-73.942459,Mixed-Use,3,44.44,0.0,4.0,1989.0,193400.0,6,0.6885,0.0,0.0,0.0
r0145_c0014,40.7447537,-73.9371102,Institutional,3,88.89,0.0,6.0,1941.0,1290482.0,4,0.1728,0.0,0.0,0.0
r0145_c0015,40.7447537,-73.9353273,Commercial,3,88.89,0.0,2.0,1967.0,223348.0,3,0.9968,0.0,0.0,0.0
r0145_c0016,40.7447537,-73.9335444,Commercial,6,400.0,0.0,4.5,1950.0,326900.0,4,0.4465,88.89,88.89,0.0
r0145_c0017,40.7447537,-73.9317615,Industrial,10,977.78,0.0909,4.0,1957.0,275783.0,12,1.3823,44.44,88.89,0.0
r0145_c0018,40.7447537,-73.9299786,Commercial,4,355.56,0.125,1.5,1935.0,45842.0,4,1.2955,0.0,44.44,0.0
r0145_c0019,40.7447537,-73.9281957,Mixed-Use,11,222.22,0.2,1.6,1936.0,139215.0,11,2.1987,0.0,0.0,0.0
r0145_c0020,40.7447537,-73.9264128,Commercial,5,355.56,0.0,4.8,1975.0,408905.0,5,1.7246,0.0,133.33,0.6667
r0145_c0021,40.7447537,-73.9246298,Residential,31,488.89,0.4545,3.4,1934.0,521748.0,32,1.8336,0.0,44.44,0.0
r0145_c0022,40.7447537,-73.9228469,Residential,36,177.78,0.5,3.4,1934.0,439316.0,36,1.5414,0.0,88.89,0.0
r0145_c0023,40.7447537,-73.921064,Residential,12,1111.11,0.32,4.5,1939.0,430900.0,13,1.4693,0.0,533.33,0.0
r0145_c0024,40.7447537,-73.9192811,Residential,20,755.56,0.1176,3.8,1934.0,478304.0,20,2.2698,0.0,311.11,0.1429
r0145_c0025,40.7447537,-73.9174982,Residential,29,88.89,0.0,2.8,1926.0,439111.0,43,1.8499,0.0,0.0,0.0
r0145_c0026,40.7447537,-73.9157153,Residential,51,266.67,0.5,3.3,1943.0,355500.0,51,1.3898,0.0,44.44,0.0
r0145_c0027,40.7447537,-73.9139324,Residential,22,844.44,0.0,4.0,1948.0,431346.0,21,1.8189,0.0,133.33,0.0
r0145_c0028,40.7447537,-73.9121495,Residential,56,933.33,0.381,3.0,1934.0,288414.0,54,1.5179,0.0,488.89,0.0
r0145_c0029,40.7447537,-73.9103665,Residential,58,1200.0,0.4074,2.7,1932.0,305801.0,64,2.0547,0.0,488.89,0.0
r0145_c0030,40.7447537,-73.9085836,Residential,52,177.78,0.0,2.4,1941.0,157528.0,66,1.7747,0.0,44.44,0.0
r0145_c0031,40.7447537,-73.9068007,Residential,56,577.78,0.1538,2.3,1934.0,143196.0,64,2.5014,0.0,177.78,0.5
r0145_c0032,40.7447537,-73.9050178,Residential,47,888.89,0.3,2.7,1945.0,244848.0,64,1.8703,0.0,177.78,0.0
r0145_c0033,40.7447537,-73.9032349,Residential,21,1333.33,0.3333,3.4,1945.0,453529.0,22,2.0541,0.0,577.78,0.0769
r0145_c0034,40.7447537,-73.901452,Mixed-Use,33,133.33,0.3333,2.2,1935.0,114343.0,52,1.9879,0.0,0.0,0.0
r0145_c0035,40.7447537,-73.8996691,Residential,83,44.44,0.0,2.2,1926.0,226791.0,118,1.0428,0.0,0.0,0.0
r0145_c0036,40.7447537,-73.8978862,Residential,70,44.44,0.0,2.7,1943.0,318868.0,103,1.5176,0.0,0.0,0.0
r0145_c0037,40.7447537,-73.8961033,Residential,58,44.44,0.0,3.1,1950.0,281383.0,70,1.8766,0.0,0.0,0.0
r0145_c0038,40.7447537,-73.8943203,Residential,27,44.44,0.0,2.5,1944.0,73317.0,29,0.9371,0.0,0.0,0.0
r0145_c0039,40.7447537,-73.8925374,Residential,27,0.0,0.0,2.7,1932.0,316953.0,38,1.5689,0.0,0.0,0.0
r0145_c0040,40.7447537,-73.8907545,Residential,53,88.89,0.0,2.9,1948.0,232929.0,74,1.6849,0.0,0.0,0.0
r0145_c0041,40.7447537,-73.8889716,Residential,55,88.89,0.0,2.9,1944.0,245156.0,75,2.3417,0.0,0.0,0.0
r0145_c0042,40.7447537,-73.8871887,Open Space,19,1111.11,0.0,3.2,1946.0,310355.0,19,2.4491,44.44,0.0,0.0
r0145_c0044,40.7447537,-73.8836229,Residential,34,44.44,1.0,3.1,1936.0,450535.0,48,1.862,0.0,0.0,0.0
r0145_c0045,40.7447537,-73.88184,Residential,43,133.33,0.0,3.1,1947.0,418047.0,49,1.9001,0.0,0.0,0.0
r0145_c0046,40.7447537,-73.880057,Residential,70,0.0,0.0,2.6,1927.0,309672.0,86,1.4018,0.0,0.0,0.0
r0145_c0047,40.7447537,-73.8782741,Residential,61,44.44,0.0,3.1,1939.0,349459.0,75,1.6767,0.0,0.0,0.0
r0145_c0048,40.7447537,-73.8764912,Residential,41,0.0,0.0,3.4,1961.0,478862.0,47,1.6071,0.0,0.0,0.0
r0145_c0049,40.7447537,-73.8747083,Residential,67,44.44,0.0,2.9,1960.0,325730.0,90,1.4699,0.0,0.0,0.0
r0145_c0050,40.7447537,-73.8729254,Residential,65,0.0,0.0,2.7,1938.0,252492.0,86,1.3965,0.0,0.0,0.0
r0145_c0051,40.7447537,-73.8711425,Residential,58,44.44,0.0,2.3,1939.0,116836.0,69,1.6267,0.0,0.0,0.0
r0145_c0052,40.7447537,-73.8693596,Residential,60,88.89,0.0,2.7,1953.0,184830.0,69,1.5341,0.0,0.0,0.0
r0145_c0053,40.7447537,-73.8675767,Residential,46,133.33,0.3333,2.4,1936.0,127143.0,56,2.1369,0.0,44.44,0.0
r0145_c0054,40.7447537,-73.8657937,Residential,71,88.89,0.0,2.3,1929.0,130049.0,109,1.3653,0.0,0.0,0.0
r0145_c0055,40.7447537,-73.8640108,Residential,87,222.22,0.2,2.2,1929.0,170963.0,97,1.2758,0.0,44.44,0.0
r0145_c0056,40.7447537,-73.8622279,Residential,57,222.22,0.0,2.6,1952.0,181760.0,72,1.4079,0.0,88.89,0.0
r0145_c0057,40.7447537,-73.860445,Residential,55,133.33,0.0,2.5,1945.0,212571.0,75,1.0059,0.0,88.89,0.0
r0145_c0058,40.7447537,-73.8586621,Residential,39,755.56,0.0588,2.3,1941.0,139961.0,45,2.177,0.0,400.0,0.0
r0145_c0059,40.7447537,-73.8568792,Residential,61,266.67,0.0,2.6,1951.0,183501.0,77,1.8295,0.0,44.44,0.0
r0145_c0060,40.7447537,-73.8550963,Residential,58,711.11,0.0,2.5,1952.0,139561.0,72,1.7566,0.0,311.11,0.0
r0145_c0061,40.7447537,-73.8533134,Residential,71,44.44,0.0,2.5,1952.0,183830.0,87,1.0871,0.0,0.0,0.0
r0145_c0062,40.7447537,-73.8515304,Residential,4,2666.67,0.0,3.0,1969.0,12463.0,4,-0.0,888.89,88.89,0.0
r0145_c0071,40.7447537,-73.8354842,Residential,35,88.89,0.0,2.2,1966.0,84134.0,43,0.6886,0.0,0.0,0.0
r0145_c0072,40.7447537,-73.8337013,Residential,51,0.0,0.0,2.2,1946.0,121643.0,82,0.5171,0.0,0.0,0.0
r0145_c0073,40.7447537,-73.8319184,Residential,58,0.0,0.0,2.3,1960.0,134700.0,80,0.7181,0.0,0.0,0.0
r0145_c0074,40.7447537,-73.8301355,Residential,54,44.44,0.0,2.2,1942.0,112294.0,69,0.6623,0.0,0.0,0.0
r0145_c0075,40.7447537,-73.8283526,Residential,45,177.78,0.0,2.2,1952.0,191664.0,54,1.3673,0.0,0.0,0.0
r0145_c0076,40.7447537,-73.8265697,Residential,48,133.33,0.0,2.3,1949.0,113398.0,66,1.1627,0.0,0.0,0.0
r0145_c0077,40.7447537,-73.8247868,Residential,68,44.44,0.0,2.0,1937.0,121855.0,130,0.501,0.0,0.0,0.0
r0145_c0078,40.7447537,-73.8230039,Residential,36,133.33,0.0,2.2,1958.0,118684.0,67,1.2207,0.0,0.0,0.0
r0145_c0079,40.7447537,-73.8212209,Residential,45,88.89,0.0,1.7,1952.0,77641.0,62,0.4771,0.0,0.0,0.0
r0145_c0080,40.7447537,-73.819438,Residential,74,133.33,0.0,1.9,1947.0,84761.0,84,0.3439,0.0,0.0,0.0
r0145_c0081,40.7447537,-73.8176551,Residential,17,133.33,0.0,2.0,1940.0,22894.0,18,0.2938,0.0,0.0,0.0
r0145_c0082,40.7447537,-73.8158722,Residential,29,177.78,0.0,1.6,1945.0,42065.0,33,0.6131,0.0,0.0,0.0
r0145_c0083,40.7447537,-73.8140893,Residential,24,133.33,0.0,2.2,1946.0,50883.0,30,0.3311,0.0,0.0,0.0
r0145_c0094,40.7447537,-73.7944773,Residential,17,88.89,0.0,1.4,1954.0,30458.0,20,0.3839,0.0,0.0,0.0
r0145_c0095,40.7447537,-73.7926944,Residential,39,311.11,0.0,1.7,1947.0,50896.0,56,-0.0,0.0,0.0,0.0
r0145_c0096,40.7447537,-73.7909114,Residential,40,88.89,0.0,1.9,1950.0,56240.0,62,-0.0,0.0,0.0,0.0
r0145_c0097,40.7447537,-73.7891285,Open Space,15,133.33,0.0,1.8,1949.0,23682.0,28,0.873,0.0,0.0,0.0
r0145_c0098,40.7447537,-73.7873456,Residential,3,444.44,0.0,2.0,1964.0,5602.0,5,-0.0,0.0,0.0,0.0
r0145_c0099,40.7447537,-73.7855627,Open Space,20,44.44,0.0,1.7,1952.0,30971.0,35,0.6116,0.0,0.0,0.0
r0145_c0100,40.7447537,-73.7837798,Residential,37,44.44,0.0,1.8,1948.0,70235.0,65,-0.0,0.0,0.0,0.0
r0145_c0101,40.7447537,-73.7819969,Residential,39,0.0,0.0,1.8,1951.0,70513.0,73,-0.0,0.0,0.0,0.0
r0145_c0102,40.7447537,-73.780214,Residential,40,177.78,0.0,1.8,1953.0,75320.0,76,-0.0,0.0,0.0,0.0
r0145_c0103,40.7447537,-73.7784311,Residential,29,44.44,0.0,1.7,1949.0,46740.0,56,0.2467,0.0,44.44,0.0
r0145_c0104,40.7447537,-73.7766481,Commercial,21,266.67,0.1667,1.7,1951.0,83596.0,30,0.9919,0.0,44.44,1.0
r0145_c0105,40.7447537,-73.7748652,Residential,32,133.33,0.0,1.7,1946.0,77040.0,69,1.288,0.0,0.0,0.0
r0145_c0106,40.7447537,-73.7730823,Residential,14,44.44,0.0,1.5,1948.0,29920.0,30,1.0177,0.0,0.0,0.0
r0145_c0110,40.7447537,-73.7659507,Institutional,15,88.89,0.0,1.7,1963.0,294083.0,14,1.064,0.0,0.0,0.0
r0145_c0111,40.7447537,-73.7641678,Residential,25,0.0,0.0,1.5,1953.0,61556.0,26,-0.0,0.0,0.0,0.0
r0145_c0112,40.7447537,-73.7623848,Residential,33,88.89,0.0,1.8,1956.0,70715.0,36,-0.0,0.0,0.0,0.0
r0145_c0113,40.7447537,-73.7606019,Residential,35,44.44,0.0,1.7,1950.0,58015.0,41,0.2382,0.0,0.0,0.0
r0145_c0114,40.7447537,-73.758819,Residential,34,88.89,0.0,2.0,1950.0,43060.0,38,-0.0,0.0,0.0,0.0
r0145_c0117,40.7447537,-73.7534703,Residential,5,133.33,0.0,2.0,1954.0,145576.0,86,0.2947,0.0,0.0,0.0
r0145_c0119,40.7447537,-73.7499045,Residential,14,0.0,0.0,1.8,1959.0,33873.0,22,-0.0,0.0,0.0,0.0
r0145_c0120,40.7447537,-73.7481216,Residential,29,44.44,0.0,1.7,1957.0,53955.0,52,-0.0,0.0,0.0,0.0
r0145_c0121,40.7447537,-73.7463386,Residential,46,0.0,0.0,1.7,1950.0,90975.0,72,-0.0,0.0,0.0,0.0
r0145_c0135,40.7447537,-73.7213779,Residential,34,0.0,0.0,1.6,1950.0,50561.0,52,-0.0,0.0,0.0,0.0
r0145_c0136,40.7447537,-73.719595,Residential,49,44.44,0.0,2.0,1946.0,58270.0,65,0.1667,0.0,0.0,0.0
r0145_c0137,40.7447537,-73.717812,Residential,20,1288.89,0.1379,1.6,1950.0,47657.0,30,1.3815,0.0,355.56,0.375
r0145_c0138,40.7447537,-73.7160291,Residential,19,266.67,0.3333,1.9,1947.0,59592.0,23,1.7019,0.0,44.44,1.0
r0145_c0139,40.7447537,-73.7142462,Residential,37,88.89,0.0,1.7,1951.0,59551.0,58,0.4591,0.0,0.0,0.0
r0145_c0140,40.7447537,-73.7124633,Residential,22,177.78,0.0,1.7,1948.0,33669.0,34,0.2721,0.0,0.0,0.0
r0145_c0141,40.7447537,-73.7106804,Residential,32,88.89,0.0,1.6,1956.0,48376.0,46,0.1089,0.0,0.0,0.0
r0145_c0142,40.7447537,-73.7088975,Institutional,25,177.78,0.0,1.7,1952.0,105714.0,41,0.9895,0.0,0.0,0.0
r0145_c0143,40.7447537,-73.7071146,Residential,46,133.33,0.0,1.6,1953.0,68621.0,65,-0.0,0.0,0.0,0.0
r0145_c0144,40.7447537,-73.7053317,Residential,42,0.0,0.0,1.5,1953.0,58704.0,62,-0.0,0.0,0.0,0.0
r0145_c0145,40.7447537,-73.7035488,Residential,34,88.89,0.0,1.6,1949.0,46289.0,52,-0.0,0.0,0.0,0.0
r0145_c0146,40.7447537,-73.7017658,Residential,16,88.89,0.0,1.8,1966.0,26608.0,27,-0.0,0.0,0.0,0.0
r0146_c0003,40.746105,-73.9567223,Residential,5,1688.89,0.1316,26.3,2007.0,1391962.0,4,1.4334,0.0,222.22,0.0
r0146_c0004,40.746105,-73.9549393,Mixed-Use,22,222.22,0.2,3.7,1966.0,258884.0,17,2.369,0.0,88.89,0.0
r0146_c0005,40.746105,-73.9531564,Mixed-Use,40,711.11,0.4375,2.5,1929.0,176737.0,42,2.7371,44.44,88.89,0.5
r0146_c0006,40.746105,-73.9513735,Mixed-Use,35,266.67,0.1667,2.3,1921.0,294446.0,37,2.7777,0.0,0.0,0.0
r0146_c0007,40.746105,-73.9495906,Residential,37,88.89,0.5,4.3,2007.0,437295.0,37,2.2697,0.0,0.0,0.0
r0146_c0008,40.746105,-73.9478077,Institutional,28,400.0,0.1111,3.0,1942.0,297459.0,30,1.7075,44.44,0.0,0.0
r0146_c0009,40.746105,-73.9460248,Mixed-Use,33,1200.0,0.2963,2.8,1925.0,247319.0,32,2.2967,0.0,266.67,0.3333
r0146_c0010,40.746105,-73.9442419,Commercial,18,1733.33,0.0513,6.1,1920.0,708147.0,17,1.9394,0.0,177.78,0.25
r0146_c0011,40.746105,-73.942459,Mixed-Use,5,355.56,0.125,10.4,1971.0,686347.0,6,0.9413,0.0,0.0,0.0
r0146_c0012,40.746105,-73.9406761,Mixed-Use,6,88.89,0.0,22.4,2014.0,744657.0,8,0.6793,0.0,0.0,0.0
r0146_c0016,40.746105,-73.9335444,Industrial,8,266.67,0.1667,2.0,1941.0,320311.0,9,1.1468,0.0,177.78,0.0
r0146_c0017,40.746105,-73.9317615,Industrial,5,44.44,0.0,1.4,1949.0,94060.0,5,1.4591,0.0,0.0,0.0
r0146_c0018,40.746105,-73.9299786,Industrial,8,88.89,0.0,2.5,1934.0,342631.0,10,0.821,0.0,0.0,0.0
r0146_c0019,40.746105,-73.9281957,Industrial,13,88.89,0.0,1.8,1935.0,179445.0,13,1.6237,0.0,0.0,0.0
r0146_c0020,40.746105,-73.9264128,Industrial,14,88.89,0.0,2.0,1938.0,255631.0,15,1.1491,0.0,0.0,0.0
r0146_c0021,40.746105,-73.9246298,Residential,43,311.11,0.0,2.3,1936.0,254586.0,47,2.1485,0.0,88.89,0.0
r0146_c0022,40.746105,-73.9228469,Residential,11,355.56,0.0,5.0,1934.0,495253.0,10,1.5258,0.0,0.0,0.0
r0146_c0023,40.746105,-73.921064,Residential,25,88.89,0.0,4.2,1946.0,611592.0,27,1.6134,0.0,0.0,0.0
r0146_c0024,40.746105,-73.9192811,Residential,18,311.11,0.0,3.4,1946.0,474921.0,21,1.5722,0.0,0.0,0.0
r0146_c0025,40.746105,-73.9174982,Residential,40,577.78,0.3077,2.3,1926.0,217904.0,39,2.1342,0.0,133.33,0.0
r0146_c0026,40.746105,-73.9157153,Residential,45,533.33,0.3333,2.8,1929.0,311590.0,46,2.0746,0.0,88.89,0.0
r0146_c0027,40.746105,-73.9139324,Residential,29,622.22,0.2857,2.8,1938.0,403460.0,30,2.2319,44.44,355.56,0.0
r0146_c0028,40.746105,-73.9121495,Residential,49,266.67,0.3333,2.9,1928.0,480808.0,49,1.5009,0.0,133.33,0.0
r0146_c0029,40.746105,-73.9103665,Residential,21,133.33,0.0,3.8,1929.0,760336.0,22,0.8204,0.0,0.0,0.0
r0146_c0030,40.746105,-73.9085836,Institutional,17,1022.22,0.0,2.6,1929.0,104094.0,20,1.1268,0.0,0.0,0.0
r0146_c0031,40.746105,-73.9068007,Residential,32,977.78,0.1364,2.7,1952.0,217303.0,41,2.3761,0.0,266.67,0.0
r0146_c0032,40.746105,-73.9050178,Residential,53,622.22,0.5714,2.2,1936.0,230747.0,60,2.5608,0.0,266.67,0.0
r0146_c0033,40.746105,-73.9032349,Mixed-Use,17,1466.67,0.303,1.7,1926.0,94273.0,17,2.3314,0.0,355.56,0.0
r0146_c0034,40.746105,-73.901452,Mixed-Use,37,1377.78,0.1613,2.6,1943.0,234074.0,39,2.0239,0.0,844.44,0.0
r0146_c0035,40.746105,-73.8996691,Mixed-Use,44,2488.89,0.2679,2.3,1927.0,213595.0,53,2.0281,0.0,977.78,0.0
r0146_c0036,40.746105,-73.8978862,Residential,57,311.11,0.4286,2.8,1942.0,291781.0,66,2.1046,0.0,88.89,0.5
r0146_c0037,40.746105,-73.8961033,Mixed-Use,50,1422.22,0.4062,2.4,1946.0,185949.0,62,2.2989,44.44,488.89,0.0909
r0146_c0038,40.746105,-73.8943203,Mixed-Use,30,622.22,0.5,2.2,1952.0,80523.0,31,1.7875,0.0,88.89,0.0
r0146_c0039,40.746105,-73.8925374,Residential,42,711.11,0.0625,3.0,1947.0,319532.0,56,2.1803,0.0,133.33,0.0
r0146_c0040,40.746105,-73.8907545,Mixed-Use,38,1911.11,0.186,3.1,1958.0,300731.0,45,2.0028,44.44,355.56,0.0
r0146_c0041,40.746105,-73.8889716,Residential,48,1600.0,0.1389,3.1,1956.0,296654.0,58,2.2288,44.44,222.22,0.0
r0146_c0042,40.746105,-73.8871887,Residential,32,44.44,0.0,2.5,1930.0,244829.0,54,1.5621,0.0,0.0,0.0
r0146_c0043,40.746105,-73.8854058,Residential,6,177.78,0.0,3.8,1935.0,587493.0,6,1.435,0.0,44.44,0.0
r0146_c0044,40.746105,-73.8836229,Residential,41,844.44,0.4211,2.9,1926.0,307853.0,43,2.3767,44.44,222.22,0.0
r0146_c0045,40.746105,-73.88184,Residential,39,0.0,0.0,3.2,1936.0,357152.0,57,1.5459,0.0,0.0,0.0
r0146_c0046,40.746105,-73.880057,Residential,42,488.89,0.0,3.2,1939.0,459084.0,50,2.1031,0.0,0.0,0.0
r0146_c0047,40.746105,-73.8782741,Residential,47,44.44,0.0,2.9,1924.0,425842.0,74,1.5636,0.0,0.0,0.0
r0146_c0048,40.746105,-73.8764912,Residential,51,0.0,0.0,3.0,1946.0,348172.0,73,2.0143,0.0,0.0,0.0
r0146_c0049,40.746105,-73.8747083,Residential,49,0.0,0.0,3.3,1960.0,362426.0,62,1.5595,0.0,0.0,0.0
r0146_c0050,40.746105,-73.8729254,Residential,60,88.89,0.0,3.3,1965.0,408180.0,62,1.4368,0.0,0.0,0.0
r0146_c0051,40.746105,-73.8711425,Residential,65,88.89,0.0,2.5,1924.0,171282.0,95,0.9968,0.0,0.0,0.0
r0146_c0052,40.746105,-73.8693596,Residential,71,0.0,0.0,2.4,1933.0,191410.0,106,1.3507,0.0,0.0,0.0
r0146_c0053,40.746105,-73.8675767,Residential,47,400.0,0.3333,2.3,1939.0,269261.0,54,2.2515,0.0,133.33,0.0
r0146_c0054,40.746105,-73.8657937,Residential,36,133.33,0.0,2.5,1953.0,216864.0,43,1.9471,0.0,0.0,0.0
r0146_c0055,40.746105,-73.8640108,Residential,47,44.44,0.0,2.5,1947.0,146786.0,52,2.7546,0.0,0.0,0.0
r0146_c0056,40.746105,-73.8622279,Residential,49,133.33,0.6667,2.5,1951.0,120468.0,59,1.9349,0.0,44.44,0.0
r0146_c0057,40.746105,-73.860445,Residential,65,444.44,0.4,2.4,1940.0,179340.0,88,1.8057,0.0,311.11,0.1429
r0146_c0058,40.746105,-73.8586621,Residential,70,266.67,0.3333,2.3,1936.0,198245.0,85,1.5386,0.0,44.44,0.0
r0146_c0059,40.746105,-73.8568792,Residential,52,488.89,0.3636,2.3,1940.0,146111.0,71,2.0249,0.0,355.56,0.125
r0146_c0060,40.746105,-73.8550963,Residential,71,88.89,0.0,2.4,1947.0,211863.0,84,1.5997,0.0,44.44,0.0
r0146_c0061,40.746105,-73.8533134,Residential,42,44.44,0.0,2.6,1958.0,129740.0,52,1.7039,0.0,0.0,0.0
r0146_c0071,40.746105,-73.8354842,Residential,11,977.78,0.0,2.4,1973.0,33419.0,11,0.9874,0.0,0.0,0.0
r0146_c0072,40.746105,-73.8337013,Residential,68,0.0,0.0,2.1,1959.0,156955.0,77,0.6771,0.0,0.0,0.0
r0146_c0073,40.746105,-73.8319184,Residential,47,0.0,0.0,2.3,1950.0,112732.0,71,1.0163,0.0,0.0,0.0
r0146_c0074,40.746105,-73.8301355,Residential,60,0.0,0.0,2.6,1960.0,159209.0,88,0.9041,0.0,0.0,0.0
r0146_c0075,40.746105,-73.8283526,Residential,56,0.0,0.0,2.4,1952.0,124728.0,79,0.9999,0.0,0.0,0.0
r0146_c0076,40.746105,-73.8265697,Residential,30,355.56,0.375,2.3,1954.0,78353.0,38,1.904,0.0,177.78,0.25
r0146_c0077,40.746105,-73.8247868,Residential,29,355.56,0.125,1.8,1948.0,228136.0,33,1.5114,0.0,0.0,0.0
r0146_c0078,40.746105,-73.8230039,Residential,36,88.89,0.0,1.9,1937.0,70725.0,54,-0.0,0.0,0.0,0.0
r0146_c0079,40.746105,-73.8212209,Residential,29,88.89,0.0,1.9,1936.0,60012.0,38,0.28,0.0,0.0,0.0
r0146_c0080,40.746105,-73.819438,Residential,17,44.44,0.0,1.6,1935.0,39256.0,16,0.4663,0.0,0.0,0.0
r0146_c0082,40.746105,-73.8158722,Residential,27,88.89,0.0,1.1,1954.0,39882.0,28,-0.0,0.0,0.0,0.0
r0146_c0083,40.746105,-73.8140893,Open Space,22,177.78,0.0,2.0,1954.0,37998.0,28,0.7165,0.0,0.0,0.0
r0146_c0089,40.746105,-73.8033918,Residential,4,133.33,0.0,1.6,1955.0,5467.0,6,-0.0,0.0,0.0,0.0
r0146_c0090,40.746105,-73.8016089,Residential,3,44.44,0.0,1.8,1953.0,3963.0,4,-0.0,0.0,0.0,0.0
r0146_c0094,40.746105,-73.7944773,Open Space,18,0.0,0.0,2.1,1947.0,28709.0,18,1.2046,0.0,0.0,0.0
r0146_c0095,40.746105,-73.7926944,Open Space,25,355.56,0.0,1.3,1940.0,23662.0,37,0.7775,0.0,0.0,0.0
r0146_c0096,40.746105,-73.7909114,Open Space,13,44.44,0.0,1.7,1948.0,18972.0,22,0.8051,0.0,0.0,0.0
r0146_c0097,40.746105,-73.7891285,Residential,21,88.89,0.0,1.8,1965.0,41858.0,30,0.3425,0.0,0.0,0.0
r0146_c0098,40.746105,-73.7873456,Residential,38,133.33,0.0,1.8,1951.0,74695.0,66,-0.0,0.0,0.0,0.0
r0146_c0099,40.746105,-73.7855627,Residential,43,177.78,0.0,1.8,1950.0,80932.0,74,-0.0,0.0,0.0,0.0
r0146_c0100,40.746105,-73.7837798,Residential,79,44.44,0.0,2.0,1947.0,128447.0,86,-0.0,0.0,0.0,0.0
r0146_c0101,40.746105,-73.7819969,Residential,48,44.44,0.0,1.9,1954.0,93073.0,77,0.2724,0.0,0.0,0.0
r0146_c0102,40.746105,-73.780214,Residential,26,0.0,0.0,1.8,1956.0,50842.0,46,0.2641,0.0,0.0,0.0
r0146_c0103,40.746105,-73.7784311,Residential,42,222.22,0.0,1.7,1949.0,68363.0,64,-0.0,0.0,0.0,0.0
r0146_c0104,40.746105,-73.7766481,Residential,34,44.44,0.0,1.9,1945.0,53963.0,55,0.1902,0.0,0.0,0.0
r0146_c0105,40.746105,-73.7748652,Residential,38,222.22,0.0,1.7,1949.0,59227.0,65,-0.0,0.0,0.0,0.0
r0146_c0106,40.746105,-73.7730823,Residential,21,177.78,0.0,1.7,1946.0,30676.0,34,-0.0,0.0,0.0,0.0
r0146_c0107,40.746105,-73.7712994,Residential,81,0.0,0.0,2.0,1941.0,106349.0,91,-0.0,0.0,0.0,0.0
r0146_c0108,40.746105,-73.7695165,Residential,53,88.89,0.0,1.7,1950.0,60942.0,85,-0.0,0.0,0.0,0.0
r0146_c0109,40.746105,-73.7677336,Residential,14,44.44,0.0,1.6,1955.0,39271.0,24,1.5073,0.0,0.0,0.0
r0146_c0110,40.746105,-73.7659507,Residential,11,44.44,0.0,1.5,1951.0,40282.0,11,1.5141,0.0,0.0,0.0
r0146_c0111,40.746105,-73.7641678,Residential,23,44.44,0.0,1.5,1952.0,43405.0,24,0.3412,0.0,0.0,0.0
r0146_c0112,40.746105,-73.7623848,Residential,31,44.44,0.0,1.7,1956.0,61612.0,35,0.0962,0.0,0.0,0.0
r0146_c0113,40.746105,-73.7606019,Residential,43,88.89,0.0,1.9,1954.0,68764.0,50,0.3373,0.0,0.0,0.0
r0146_c0114,40.746105,-73.758819,Institutional,32,177.78,0.0,2.1,1949.0,131426.0,36,1.101,0.0,0.0,0.0
r0146_c0115,40.746105,-73.7570361,Residential,10,0.0,0.0,3.0,1980.0,322866.0,109,0.2659,0.0,0.0,0.0
r0146_c0116,40.746105,-73.7552532,Residential,4,311.11,0.0,2.0,1949.0,107988.0,68,-0.0,0.0,0.0,0.0
r0146_c0135,40.746105,-73.7213779,Residential,21,222.22,0.0,1.9,1959.0,35121.0,30,-0.0,0.0,0.0,0.0
r0146_c0136,40.746105,-73.719595,Residential,34,0.0,0.0,2.0,1954.0,58711.0,49,-0.0,0.0,0.0,0.0
r0146_c0139,40.746105,-73.7142462,Commercial,8,1244.44,0.1071,1.6,1964.0,254237.0,13,0.3471,0.0,133.33,0.3333
r0146_c0140,40.746105,-73.7124633,Institutional,15,88.89,0.0,1.5,1956.0,124451.0,25,1.396,0.0,44.44,1.0
r0146_c0141,40.746105,-73.7106804,Residential,39,133.33,0.0,1.6,1953.0,59367.0,62,-0.0,0.0,0.0,0.0
r0146_c0142,40.746105,-73.7088975,Residential,39,133.33,0.0,1.7,1954.0,57705.0,64,-0.0,0.0,0.0,0.0
r0146_c0143,40.746105,-73.7071146,Residential,33,44.44,0.0,1.5,1949.0,42806.0,40,-0.0,0.0,0.0,0.0
r0146_c0144,40.746105,-73.7053317,Residential,36,0.0,0.0,1.5,1950.0,52565.0,52,-0.0,0.0,0.0,0.0
r0146_c0145,40.746105,-73.7035488,Residential,37,88.89,0.0,1.5,1949.0,45900.0,45,-0.0,0.0,0.0,0.0
r0146_c0146,40.746105,-73.7017658,Residential,36,88.89,0.0,1.8,1957.0,63520.0,49,-0.0,0.0,0.0,0.0
r0147_c0003,40.7474564,-73.9567223,Mixed-Use,5,2044.44,0.0652,34.8,2011.0,2300321.0,4,0.9008,88.89,133.33,0.3333
r0147_c0004,40.7474564,-73.9549393,Industrial,5,933.33,0.0952,3.0,1965.0,287424.0,10,0.6138,44.44,0.0,0.0
r0147_c0005,40.7474564,-73.9531564,Industrial,9,177.78,0.25,2.2,1932.0,135650.0,9,0.8053,0.0,44.44,0.0
r0147_c0006,40.7474564,-73.9513735,Institutional,12,133.33,0.0,2.3,1917.0,248774.0,12,2.2099,0.0,0.0,0.0
r0147_c0007,40.7474564,-73.9495906,Open Space,27,577.78,0.0,3.2,1959.0,241732.0,27,1.8999,0.0,0.0,0.0
r0147_c0008,40.7474564,-73.9478077,Residential,31,1377.78,0.129,3.5,1920.0,297713.0,32,2.2886,0.0,88.89,0.0
r0147_c0009,40.7474564,-73.9460248,Residential,58,711.11,0.1875,2.9,1899.0,386874.0,57,2.3276,44.44,400.0,0.0
r0147_c0010,40.7474564,-73.9442419,Commercial,11,488.89,0.3636,14.6,1934.0,2525188.0,12,1.1015,0.0,88.89,0.5
r0147_c0011,40.7474564,-73.942459,Mixed-Use,11,1688.89,0.2368,10.7,1960.0,997881.0,11,0.9311,0.0,177.78,0.0
r0147_c0012,40.7474564,-73.9406761,Mixed-Use,17,622.22,0.4286,9.0,1970.0,919135.0,15,2.2108,44.44,88.89,0.5
r0147_c0013,40.7474564,-73.9388931,Mixed-Use,3,0.0,0.0,56.0,1989.0,2031958.0,3,-0.0,0.0,0.0,0.0
r0147_c0019,40.7474564,-73.9281957,Industrial,3,44.44,0.0,2.7,1936.0,94144.0,3,0.9591,0.0,0.0,0.0
r0147_c0020,40.7474564,-73.9264128,Industrial,9,44.44,0.0,1.8,1953.0,132615.0,8,0.9334,0.0,0.0,0.0
r0147_c0021,40.7474564,-73.9246298,Industrial,24,311.11,0.4286,2.1,1941.0,234382.0,25,1.8927,0.0,44.44,0.0
r0147_c0022,40.7474564,-73.9228469,Residential,7,133.33,0.0,3.8,1944.0,182266.0,4,1.3138,0.0,0.0,0.0
r0147_c0023,40.7474564,-73.921064,Industrial,21,533.33,0.0,2.3,1929.0,124585.0,21,1.4627,0.0,0.0,0.0
r0147_c0024,40.7474564,-73.9192811,Residential,85,44.44,0.0,2.2,1926.0,118919.0,85,0.6328,0.0,0.0,0.0
r0147_c0025,40.7474564,-73.9174982,Residential,66,133.33,0.0,2.1,1926.0,158459.0,73,1.2357,0.0,0.0,0.0
r0147_c0026,40.7474564,-73.9157153,Residential,84,88.89,0.0,2.1,1927.0,139378.0,84,0.8951,0.0,0.0,0.0
r0147_c0027,40.7474564,-73.9139324,Residential,95,0.0,0.0,2.0,1931.0,195847.0,101,0.5914,0.0,0.0,0.0
r0147_c0028,40.7474564,-73.9121495,Residential,3,133.33,0.0,3.3,1934.0,397802.0,12,0.2534,0.0,0.0,0.0
r0147_c0029,40.7474564,-73.9103665,Open Space,10,1022.22,0.0,1.7,1941.0,33265.0,12,0.733,0.0,0.0,0.0
r0147_c0030,40.7474564,-73.9085836,Residential,59,44.44,0.0,2.4,1935.0,269560.0,67,1.6453,0.0,0.0,0.0
r0147_c0031,40.7474564,-73.9068007,Residential,61,133.33,0.0,2.5,1935.0,214969.0,73,1.6697,0.0,44.44,0.0
r0147_c0032,40.7474564,-73.9050178,Mixed-Use,24,88.89,0.0,2.7,1950.0,204360.0,22,2.1396,0.0,0.0,0.0
r0147_c0033,40.7474564,-73.9032349,Mixed-Use,31,488.89,0.2727,2.4,1946.0,153983.0,36,2.5059,0.0,133.33,0.0
r0147_c0034,40.7474564,-73.901452,Residential,54,133.33,0.0,2.5,1916.0,329473.0,75,1.9586,0.0,0.0,0.0
r0147_c0035,40.7474564,-73.8996691,Residential,64,0.0,0.0,2.5,1928.0,250254.0,99,1.2996,0.0,0.0,0.0
r0147_c0036,40.7474564,-73.8978862,Residential,40,44.44,0.0,2.7,1936.0,374431.0,54,1.6259,0.0,0.0,0.0
r0147_c0037,40.7474564,-73.8961033,Residential,48,311.11,0.4286,2.7,1947.0,138694.0,54,1.7963,0.0,44.44,0.0
r0147_c0038,40.7474564,-73.8943203,Mixed-Use,37,1511.11,0.1471,2.7,1933.0,290567.0,49,2.1143,0.0,533.33,0.0
r0147_c0039,40.7474564,-73.8925374,Commercial,23,1777.78,0.2,3.3,1957.0,381366.0,23,2.0988,0.0,444.44,0.0
r0147_c0040,40.7474564,-73.8907545,Commercial,33,1422.22,0.3125,2.6,1949.0,223523.0,42,1.6694,44.44,355.56,0.125
r0147_c0041,40.7474564,-73.8889716,Mixed-Use,32,1422.22,0.4375,2.4,1934.0,188355.0,54,2.027,0.0,400.0,0.1111
r0147_c0042,40.7474564,-73.8871887,Residential,41,1022.22,0.2609,2.6,1931.0,277442.0,53,2.3201,0.0,355.56,0.125
r0147_c0043,40.7474564,-73.8854058,Residential,54,977.78,0.3636,2.6,1932.0,268642.0,75,2.175,88.89,222.22,0.0
r0147_c0044,40.7474564,-73.8836229,Commercial,44,711.11,0.3125,2.3,1932.0,371367.0,53,1.5011,0.0,177.78,0.25
r0147_c0045,40.7474564,-73.88184,Residential,35,622.22,0.0714,2.7,1944.0,320800.0,45,2.0147,0.0,133.33,0.0
r0147_c0046,40.7474564,-73.880057,Residential,48,88.89,0.0,2.4,1936.0,164124.0,72,1.6646,0.0,0.0,0.0
r0147_c0047,40.7474564,-73.8782741,Residential,37,44.44,0.0,2.4,1966.0,534272.0,49,1.5735,0.0,0.0,0.0
r0147_c0048,40.7474564,-73.8764912,Residential,33,0.0,0.0,3.0,1965.0,403326.0,40,1.609,0.0,0.0,0.0
r0147_c0049,40.7474564,-73.8747083,Residential,48,44.44,0.0,3.1,1962.0,420119.0,59,1.5024,0.0,0.0,0.0
r0147_c0050,40.7474564,-73.8729254,Residential,58,0.0,0.0,2.7,1931.0,301196.0,75,1.564,0.0,0.0,0.0
r0147_c0051,40.7474564,-73.8711425,Residential,59,0.0,0.0,2.7,1926.0,208275.0,80,1.2186,0.0,0.0,0.0
r0147_c0052,40.7474564,-73.8693596,Residential,56,44.44,1.0,2.3,1922.0,182648.0,72,1.9335,0.0,0.0,0.0
r0147_c0053,40.7474564,-73.8675767,Residential,72,0.0,0.0,2.4,1946.0,242016.0,77,1.499,0.0,0.0,0.0
r0147_c0054,40.7474564,-73.8657937,Residential,56,222.22,0.0,2.3,1943.0,167431.0,58,1.5852,0.0,0.0,0.0
r0147_c0055,40.7474564,-73.8640108,Residential,54,400.0,0.0,2.9,1938.0,243828.0,57,1.8096,0.0,88.89,0.0
r0147_c0056,40.7474564,-73.8622279,Mixed-Use,50,488.89,0.2727,2.4,1953.0,214677.0,58,2.5975,0.0,355.56,0.0
r0147_c0057,40.7474564,-73.860445,Mixed-Use,47,711.11,0.125,2.5,1938.0,183116.0,64,1.6415,0.0,444.44,0.0
r0147_c0058,40.7474564,-73.8586621,Residential,56,88.89,0.0,2.3,1935.0,128585.0,75,2.1888,0.0,0.0,0.0
r0147_c0059,40.7474564,-73.8568792,Residential,45,400.0,0.1111,2.2,1943.0,101310.0,58,2.4724,0.0,266.67,0.0
r0147_c0060,40.7474564,-73.8550963,Mixed-Use,34,711.11,0.0,2.6,1960.0,155714.0,38,2.3129,0.0,0.0,0.0
r0147_c0061,40.7474564,-73.8533134,Residential,7,400.0,0.1111,3.0,1974.0,23865.0,8,0.8639,88.89,0.0,0.0
r0147_c0072,40.7474564,-73.8337013,Residential,29,1733.33,0.0,2.5,1955.0,64708.0,29,0.8505,0.0,0.0,0.0
r0147_c0073,40.7474564,-73.8319184,Residential,48,0.0,0.0,2.2,1952.0,98966.0,60,0.8188,0.0,0.0,0.0
r0147_c0074,40.7474564,-73.8301355,Residential,52,0.0,0.0,2.4,1962.0,143019.0,65,1.2208,0.0,0.0,0.0
r0147_c0075,40.7474564,-73.8283526,Residential,44,0.0,0.0,2.5,1965.0,194145.0,58,1.6242,0.0,0.0,0.0
r0147_c0076,40.7474564,-73.8265697,Residential,42,133.33,0.3333,2.2,1937.0,84053.0,60,1.6517,0.0,0.0,0.0
r0147_c0077,40.7474564,-73.8247868,Institutional,16,844.44,0.0,2.5,1950.0,605258.0,16,0.6828,0.0,0.0,0.0
r0147_c0078,40.7474564,-73.8230039,Residential,12,177.78,0.0,2.8,1955.0,26888.0,15,0.9622,0.0,0.0,0.0
r0147_c0080,40.7474564,-73.819438,Residential,6,44.44,0.0,2.2,1948.0,13220.0,7,0.8419,0.0,0.0,0.0
r0147_c0081,40.7474564,-73.8176551,Residential,25,44.44,0.0,1.9,1948.0,42912.0,29,-0.0,0.0,0.0,0.0
r0147_c0082,40.7474564,-73.8158722,Residential,35,44.44,0.0,1.9,1952.0,61932.0,43,1.1241,0.0,0.0,0.0
r0147_c0083,40.7474564,-73.8140893,Residential,56,44.44,0.0,2.0,1942.0,101467.0,84,0.159,0.0,0.0,0.0
r0147_c0084,40.7474564,-73.8123064,Residential,24,488.89,0.0,2.0,1944.0,47673.0,38,0.646,0.0,0.0,0.0
r0147_c0089,40.7474564,-73.8033918,Residential,8,222.22,0.0,1.8,1952.0,11235.0,10,-0.0,44.44,0.0,0.0
r0147_c0090,40.7474564,-73.8016089,Residential,43,133.33,0.0,1.8,1957.0,60208.0,60,-0.0,0.0,0.0,0.0
r0147_c0091,40.7474564,-73.799826,Residential,40,400.0,0.0,1.8,1952.0,56461.0,54,-0.0,0.0,0.0,0.0
r0147_c0092,40.7474564,-73.7980431,Residential,31,88.89,0.0,1.8,1956.0,44515.0,36,1.1898,0.0,0.0,0.0
r0147_c0093,40.7474564,-73.7962602,Mixed-Use,12,88.89,0.0,1.3,1953.0,17749.0,19,1.664,0.0,0.0,0.0
r0147_c0094,40.7474564,-73.7944773,Residential,35,355.56,0.0,1.8,1941.0,51619.0,58,0.0365,0.0,0.0,0.0
r0147_c0095,40.7474564,-73.7926944,Residential,33,133.33,0.0,1.5,1934.0,40830.0,61,-0.0,0.0,0.0,0.0
r0147_c0096,40.7474564,-73.7909114,Residential,49,311.11,0.0,1.6,1949.0,65160.0,94,-0.0,0.0,0.0,0.0
r0147_c0097,40.7474564,-73.7891285,Residential,38,0.0,0.0,1.5,1945.0,59107.0,64,-0.0,0.0,0.0,0.0
r0147_c0098,40.7474564,-73.7873456,Residential,36,88.89,0.0,1.6,1946.0,54582.0,60,-0.0,0.0,0.0,0.0
r0147_c0099,40.7474564,-73.7855627,Residential,44,355.56,0.0,1.8,1937.0,69273.0,85,-0.0,0.0,0.0,0.0
r0147_c0100,40.7474564,-73.7837798,Residential,41,133.33,0.0,1.8,1938.0,74985.0,75,-0.0,0.0,0.0,0.0
r0147_c0101,40.7474564,-73.7819969,Residential,42,44.44,0.0,2.0,1948.0,75929.0,50,0.5242,0.0,0.0,0.0
r0147_c0102,40.7474564,-73.780214,Residential,43,266.67,0.0,1.9,1954.0,86470.0,67,-0.0,0.0,0.0,0.0
r0147_c0103,40.7474564,-73.7784311,Residential,37,88.89,0.0,1.8,1945.0,59129.0,57,-0.0,0.0,0.0,0.0
r0147_c0104,40.7474564,-73.7766481,Residential,30,355.56,0.0,1.7,1947.0,43636.0,50,0.438,0.0,0.0,0.0
r0147_c0105,40.7474564,-73.7748652,Residential,39,0.0,0.0,1.7,1949.0,58357.0,68,-0.0,0.0,0.0,0.0
r0147_c0106,40.7474564,-73.7730823,Residential,24,88.89,0.0,1.9,1946.0,37148.0,27,-0.0,0.0,0.0,0.0
r0147_c0107,40.7474564,-73.7712994,Residential,79,133.33,0.0,2.0,1949.0,91603.0,93,-0.0,0.0,0.0,0.0
r0147_c0108,40.7474564,-73.7695165,Residential,45,44.44,0.0,1.7,1951.0,68452.0,72,-0.0,0.0,0.0,0.0
r0147_c0109,40.7474564,-73.7677336,Residential,36,44.44,0.0,1.6,1954.0,58426.0,55,0.1992,0.0,0.0,0.0
r0147_c0110,40.7474564,-73.7659507,Residential,42,177.78,0.0,2.0,1945.0,61135.0,78,-0.0,0.0,0.0,0.0
r0147_c0111,40.7474564,-73.7641678,Residential,34,88.89,0.0,1.8,1946.0,48663.0,65,-0.0,0.0,0.0,0.0
r0147_c0112,40.7474564,-73.7623848,Residential,21,133.33,0.0,1.7,1950.0,34291.0,30,1.1418,0.0,44.44,0.0
r0147_c0113,40.7474564,-73.7606019,Residential,33,44.44,1.0,2.8,1960.0,97019.0,33,1.5829,0.0,0.0,0.0
r0147_c0114,40.7474564,-73.758819,Residential,72,88.89,0.0,2.7,1961.0,199363.0,73,0.9681,0.0,0.0,0.0
r0147_c0115,40.7474564,-73.7570361,Residential,32,533.33,0.4167,2.2,1960.0,145665.0,41,1.7083,0.0,44.44,0.0
r0147_c0119,40.7474564,-73.7499045,Residential,29,0.0,0.0,1.8,1965.0,68270.0,46,-0.0,0.0,0.0,0.0
r0147_c0120,40.7474564,-73.7481216,Residential,30,0.0,0.0,1.8,1970.0,64104.0,41,-0.0,0.0,0.0,0.0
r0147_c0121,40.7474564,-73.7463386,Residential,13,88.89,0.0,1.9,1970.0,28125.0,17,-0.0,0.0,0.0,0.0
r0147_c0127,40.7474564,-73.7356412,Residential,14,133.33,0.0,2.1,1988.0,35547.0,15,-0.0,0.0,0.0,0.0
r0147_c0128,40.7474564,-73.7338583,Institutional,5,222.22,0.0,1.8,1985.0,280644.0,6,0.1925,0.0,0.0,0.0
r0147_c0129,40.7474564,-73.7320753,Residential,8,133.33,0.0,2.1,1970.0,158282.0,17,0.8707,0.0,0.0,0.0
r0147_c0130,40.7474564,-73.7302924,Residential,28,133.33,0.0,1.4,1964.0,53496.0,28,-0.0,0.0,0.0,0.0
r0147_c0141,40.7474564,-73.7106804,Residential,13,0.0,0.0,1.2,1956.0,37509.0,24,1.2199,0.0,0.0,0.0
r0147_c0142,40.7474564,-73.7088975,Residential,31,177.78,0.0,1.4,1957.0,62043.0,46,0.672,0.0,0.0,0.0
r0147_c0143,40.7474564,-73.7071146,Residential,40,222.22,0.0,1.7,1951.0,60354.0,60,0.164,0.0,0.0,0.0
r0147_c0144,40.7474564,-73.7053317,Residential,36,44.44,0.0,1.5,1950.0,49882.0,55,-0.0,0.0,0.0,0.0
r0147_c0145,40.7474564,-73.7035488,Residential,43,44.44,0.0,1.7,1949.0,67952.0,61,-0.0,0.0,0.0,0.0
r0147_c0146,40.7474564,-73.7017658,Residential,31,177.78,0.0,1.7,1952.0,49815.0,41,0.4007,0.0,0.0,0.0
r0148_c0005,40.7488077,-73.9531564,Industrial,6,222.22,0.0,2.2,1929.0,65121.0,12,1.2831,0.0,0.0,0.0
r0148_c0006,40.7488077,-73.9513735,Mixed-Use,18,133.33,0.0,1.5,1935.0,126603.0,17,1.8064,0.0,0.0,0.0
r0148_c0007,40.7488077,-73.9495906,Commercial,13,577.78,0.2308,3.0,1942.0,270942.0,13,1.8584,44.44,88.89,0.0
r0148_c0008,40.7488077,-73.9478077,Industrial,14,311.11,0.1429,2.8,1941.0,295151.0,12,1.9125,44.44,88.89,0.0
r0148_c0009,40.7488077,-73.9460248,Industrial,9,88.89,0.0,2.3,1927.0,386626.0,9,0.8801,0.0,0.0,0.0
r0148_c0010,40.7488077,-73.9442419,Commercial,6,133.33,0.0,14.7,1957.0,1332664.0,6,0.9937,0.0,0.0,0.0
r0148_c0011,40.7488077,-73.942459,Mixed-Use,11,266.67,0.5,12.1,1991.0,1391172.0,11,1.7495,44.44,44.44,0.0
r0148_c0012,40.7488077,-73.9406761,Mixed-Use,32,755.56,0.4706,5.9,1969.0,660839.0,33,2.4302,88.89,177.78,0.0
r0148_c0013,40.7488077,-73.9388931,Commercial,5,977.78,0.3636,17.5,2013.0,1787643.0,5,0.7134,0.0,222.22,0.2
r0148_c0023,40.7488077,-73.921064,Residential,29,44.44,0.0,1.1,1929.0,3200.0,29,0.9523,0.0,0.0,0.0
r0148_c0024,40.7488077,-73.9192811,Residential,79,88.89,0.0,2.2,1930.0,92948.0,81,0.9902,0.0,0.0,0.0
r0148_c0025,40.7488077,-73.9174982,Residential,78,177.78,0.0,2.1,1926.0,99950.0,78,0.5937,0.0,0.0,0.0
r0148_c0026,40.7488077,-73.9157153,Residential,70,88.89,0.0,2.1,1927.0,95738.0,70,0.6117,0.0,0.0,0.0
r0148_c0027,40.7488077,-73.9139324,Residential,59,355.56,0.125,2.0,1931.0,90516.0,59,1.1232,0.0,88.89,0.0
r0148_c0028,40.7488077,-73.9121495,Residential,31,44.44,1.0,2.3,1934.0,438458.0,46,1.2306,0.0,0.0,0.0
r0148_c0029,40.7488077,-73.9103665,Residential,31,44.44,0.0,2.3,1935.0,235552.0,38,1.7035,0.0,44.44,0.0
r0148_c0030,40.7488077,-73.9085836,Residential,57,88.89,0.0,2.1,1936.0,125234.0,69,1.5467,0.0,0.0,0.0
r0148_c0031,40.7488077,-73.9068007,Mixed-Use,27,44.44,0.0,2.1,1939.0,67940.0,29,1.3054,0.0,0.0,0.0
r0148_c0032,40.7488077,-73.9050178,Mixed-Use,48,177.78,0.0,2.0,1940.0,131465.0,57,2.503,0.0,177.78,0.0
r0148_c0033,40.7488077,-73.9032349,Residential,65,44.44,0.0,2.4,1947.0,198468.0,86,1.518,0.0,0.0,0.0
r0148_c0034,40.7488077,-73.901452,Residential,47,133.33,0.3333,2.1,1927.0,170838.0,72,1.9449,0.0,0.0,0.0
r0148_c0035,40.7488077,-73.8996691,Residential,76,44.44,0.0,2.1,1924.0,146833.0,103,0.8155,0.0,0.0,0.0
r0148_c0036,40.7488077,-73.8978862,Residential,12,1155.56,0.0,3.1,1930.0,189650.0,14,1.6046,0.0,0.0,0.0
r0148_c0037,40.7488077,-73.8961033,Mixed-Use,14,222.22,0.0,2.0,1925.0,21136.0,14,1.7065,0.0,0.0,0.0
r0148_c0038,40.7488077,-73.8943203,Residential,31,88.89,0.0,3.1,1929.0,444895.0,51,1.8755,0.0,44.44,0.0
r0148_c0039,40.7488077,-73.8925374,Commercial,32,577.78,0.4615,2.6,1954.0,297739.0,35,1.8117,0.0,133.33,0.0
r0148_c0040,40.7488077,-73.8907545,Commercial,25,1600.0,0.25,2.7,1947.0,334014.0,33,1.73,0.0,622.22,0.0
r0148_c0041,40.7488077,-73.8889716,Institutional,26,1200.0,0.2593,2.5,1949.0,205222.0,39,2.0928,0.0,311.11,0.1429
r0148_c0042,40.7488077,-73.8871887,Residential,37,622.22,0.0714,3.2,1927.0,319441.0,42,2.2203,0.0,44.44,0.0
r0148_c0043,40.7488077,-73.8854058,Residential,22,222.22,0.6,4.6,1929.0,613646.0,23,1.7771,0.0,88.89,0.0
r0148_c0044,40.7488077,-73.8836229,Commercial,21,266.67,0.1667,2.4,1926.0,294548.0,22,1.3586,0.0,177.78,0.75
r0148_c0045,40.7488077,-73.88184,Residential,14,88.89,0.0,4.1,1922.0,372344.0,20,-0.0,0.0,0.0,0.0
r0148_c0046,40.7488077,-73.880057,Residential,19,266.67,0.1667,3.5,1929.0,486386.0,20,1.6309,0.0,44.44,1.0
r0148_c0047,40.7488077,-73.8782741,Residential,39,88.89,0.5,3.0,1943.0,461524.0,40,2.2157,0.0,0.0,0.0
r0148_c0048,40.7488077,-73.8764912,Commercial,38,1688.89,0.1842,2.1,1933.0,206952.0,50,2.0029,44.44,666.67,0.0667
r0148_c0049,40.7488077,-73.8747083,Residential,50,311.11,0.2857,2.2,1940.0,241841.0,76,1.9434,0.0,177.78,0.5
r0148_c0050,40.7488077,-73.8729254,Residential,62,266.67,0.0,2.2,1944.0,187059.0,79,1.9022,0.0,88.89,0.5
r0148_c0051,40.7488077,-73.8711425,Residential,56,88.89,0.0,2.3,1935.0,171808.0,70,1.727,44.44,0.0,0.0
r0148_c0052,40.7488077,-73.8693596,Commercial,51,666.67,0.3333,2.2,1939.0,217571.0,51,1.7934,0.0,177.78,0.5
r0148_c0053,40.7488077,-73.8675767,Residential,38,0.0,0.0,2.6,1959.0,133600.0,43,1.9221,0.0,0.0,0.0
r0148_c0054,40.7488077,-73.8657937,Institutional,36,266.67,0.0,2.9,1944.0,414255.0,34,1.2399,0.0,0.0,0.0
r0148_c0055,40.7488077,-73.8640108,Residential,68,177.78,0.25,3.0,1971.0,239539.0,75,1.7412,0.0,44.44,1.0
r0148_c0056,40.7488077,-73.8622279,Open Space,14,888.89,0.2,2.0,1935.0,99104.0,16,1.2377,0.0,88.89,0.0
r0148_c0057,40.7488077,-73.860445,Institutional,35,177.78,0.0,2.8,1945.0,213198.0,45,1.9278,0.0,0.0,0.0
r0148_c0058,40.7488077,-73.8586621,Residential,66,222.22,0.0,2.6,1953.0,190705.0,75,1.6088,44.44,88.89,0.0
r0148_c0059,40.7488077,-73.8568792,Residential,67,88.89,0.0,2.5,1948.0,175574.0,79,1.4559,0.0,44.44,0.0
r0148_c0060,40.7488077,-73.8550963,Residential,62,0.0,0.0,2.7,1970.0,171743.0,69,1.9196,0.0,0.0,0.0
r0148_c0061,40.7488077,-73.8533134,Residential,14,133.33,0.0,3.0,2005.0,31125.0,12,0.0743,44.44,0.0,0.0
r0148_c0074,40.7488077,-73.8301355,Residential,33,133.33,0.0,2.2,1948.0,92248.0,44,1.0573,0.0,0.0,0.0
r0148_c0075,40.7488077,-73.8283526,Residential,51,133.33,0.0,2.4,1961.0,147121.0,65,0.8095,0.0,0.0,0.0
r0148_c0076,40.7488077,-73.8265697,Residential,40,755.56,0.0,2.4,1951.0,115461.0,54,1.3439,0.0,0.0,0.0
r0148_c0079,40.7488077,-73.8212209,Residential,15,1066.67,0.0,2.1,1962.0,20738.0,20,0.3122,0.0,0.0,0.0
r0148_c0080,40.7488077,-73.819438,Residential,63,88.89,0.0,2.1,1956.0,104722.0,92,0.5072,0.0,0.0,0.0
r0148_c0081,40.7488077,-73.8176551,Residential,54,0.0,0.0,2.0,1955.0,95312.0,71,1.0693,0.0,0.0,0.0
r0148_c0082,40.7488077,-73.8158722,Residential,56,44.44,0.0,2.0,1956.0,105029.0,88,0.3285,0.0,0.0,0.0
r0148_c0083,40.7488077,-73.8140893,Residential,39,44.44,0.0,2.1,1937.0,73826.0,66,0.1372,0.0,0.0,0.0
r0148_c0084,40.7488077,-73.8123064,Residential,41,0.0,0.0,2.1,1939.0,72179.0,72,0.121,0.0,0.0,0.0
r0148_c0085,40.7488077,-73.8105235,Residential,34,755.56,0.0,2.1,1951.0,70745.0,51,0.5934,44.44,0.0,0.0
r0148_c0090,40.7488077,-73.8016089,Residential,40,444.44,0.0,1.8,1954.0,61236.0,50,0.1622,0.0,0.0,0.0
r0148_c0091,40.7488077,-73.799826,Residential,43,444.44,0.0,1.8,1952.0,66464.0,57,-0.0,0.0,0.0,0.0
r0148_c0092,40.7488077,-73.7980431,Residential,52,311.11,0.0,2.1,1953.0,79382.0,64,0.5127,0.0,0.0,0.0
r0148_c0093,40.7488077,-73.7962602,Residential,45,444.44,0.0,1.6,1947.0,64857.0,80,-0.0,0.0,0.0,0.0
r0148_c0094,40.7488077,-73.7944773,Residential,44,88.89,0.0,1.7,1944.0,66094.0,77,0.0006,0.0,0.0,0.0
r0148_c0095,40.7488077,-73.7926944,Residential,37,133.33,0.0,2.0,1938.0,60252.0,64,0.2005,0.0,0.0,0.0
r0148_c0096,40.7488077,-73.7909114,Residential,43,44.44,0.0,1.8,1944.0,64030.0,66,-0.0,0.0,0.0,0.0
r0148_c0097,40.7488077,-73.7891285,Residential,39,88.89,0.0,1.5,1951.0,58833.0,54,-0.0,0.0,0.0,0.0
r0148_c0098,40.7488077,-73.7873456,Residential,40,266.67,0.0,1.6,1947.0,63691.0,54,0.0856,0.0,0.0,0.0
r0148_c0099,40.7488077,-73.7855627,Residential,35,88.89,0.0,1.7,1944.0,54043.0,57,0.0895,0.0,0.0,0.0
r0148_c0100,40.7488077,-73.7837798,Residential,30,0.0,0.0,1.7,1948.0,51740.0,56,-0.0,0.0,0.0,0.0
r0148_c0101,40.7488077,-73.7819969,Residential,36,44.44,0.0,1.5,1954.0,57944.0,54,-0.0,0.0,0.0,0.0
r0148_c0102,40.7488077,-73.780214,Residential,39,0.0,0.0,1.8,1955.0,73189.0,66,-0.0,0.0,0.0,0.0
r0148_c0103,40.7488077,-73.7784311,Residential,41,88.89,0.0,1.8,1952.0,54812.0,58,0.1101,0.0,0.0,0.0
r0148_c0104,40.7488077,-73.7766481,Institutional,20,133.33,0.0,2.1,1938.0,83262.0,31,1.124,0.0,0.0,0.0
r0148_c0105,40.7488077,-73.7748652,Residential,32,266.67,0.0,1.5,1948.0,48765.0,47,-0.0,0.0,0.0,0.0
r0148_c0106,40.7488077,-73.7730823,Residential,38,0.0,0.0,2.0,1951.0,48407.0,43,0.1502,0.0,0.0,0.0
r0148_c0107,40.7488077,-73.7712994,Residential,59,0.0,0.0,2.0,1951.0,72739.0,76,-0.0,0.0,0.0,0.0
r0148_c0108,40.7488077,-73.7695165,Residential,39,0.0,0.0,1.4,1954.0,61845.0,54,-0.0,0.0,0.0,0.0
r0148_c0109,40.7488077,-73.7677336,Residential,40,133.33,0.0,1.6,1948.0,73631.0,47,0.0894,0.0,0.0,0.0
r0148_c0110,40.7488077,-73.7659507,Residential,37,133.33,0.0,1.9,1944.0,60820.0,62,-0.0,0.0,0.0,0.0
r0148_c0111,40.7488077,-73.7641678,Residential,30,222.22,0.0,1.9,1944.0,45567.0,59,-0.0,0.0,0.0,0.0
r0148_c0112,40.7488077,-73.7623848,Residential,36,133.33,0.0,1.9,1942.0,55325.0,70,-0.0,0.0,0.0,0.0
r0148_c0113,40.7488077,-73.7606019,Residential,40,0.0,0.0,1.8,1945.0,60305.0,63,-0.0,0.0,0.0,0.0
r0148_c0114,40.7488077,-73.758819,Residential,21,177.78,0.25,1.8,1954.0,56276.0,35,1.2027,0.0,44.44,1.0
r0148_c0115,40.7488077,-73.7570361,Commercial,6,1644.44,0.4054,1.7,1961.0,48259.0,5,1.2662,0.0,666.67,0.1333
r0148_c0116,40.7488077,-73.7552532,Commercial,3,977.78,0.3636,1.3,1949.0,141131.0,50,0.9998,0.0,400.0,0.2222
r0148_c0118,40.7488077,-73.7516874,Residential,6,44.44,0.0,1.7,1980.0,141232.0,97,0.3397,0.0,0.0,0.0
r0148_c0119,40.7488077,-73.7499045,Residential,32,0.0,0.0,1.9,1975.0,72212.0,50,-0.0,0.0,0.0,0.0
r0148_c0120,40.7488077,-73.7481216,Residential,40,0.0,0.0,1.9,1966.0,89175.0,61,-0.0,0.0,0.0,0.0
r0148_c0121,40.7488077,-73.7463386,Residential,47,0.0,0.0,2.0,1981.0,111605.0,67,0.0478,0.0,0.0,0.0
r0148_c0122,40.7488077,-73.7445557,Residential,27,133.33,0.0,1.9,1986.0,58493.0,42,-0.0,0.0,0.0,0.0
r0148_c0126,40.7488077,-73.7374241,Residential,7,44.44,0.0,2.0,1991.0,75828.0,26,1.3258,0.0,0.0,0.0
r0148_c0127,40.7488077,-73.7356412,Residential,23,44.44,0.0,1.7,1959.0,56647.0,23,0.0598,0.0,0.0,0.0
r0148_c0129,40.7488077,-73.7320753,Residential,21,88.89,0.0,2.0,1955.0,51056.0,22,-0.0,0.0,0.0,0.0
r0148_c0130,40.7488077,-73.7302924,Residential,49,266.67,0.0,2.0,1961.0,115189.0,49,0.0323,0.0,0.0,0.0
r0148_c0141,40.7488077,-73.7106804,Residential,28,88.89,0.0,1.9,1950.0,47540.0,43,-0.0,0.0,0.0,0.0
r0148_c0142,40.7488077,-73.7088975,Residential,22,222.22,0.2,1.6,1957.0,48108.0,29,1.4461,0.0,0.0,0.0
r0148_c0143,40.7488077,-73.7071146,Residential,39,222.22,0.2,1.5,1956.0,51553.0,60,0.2475,0.0,44.44,0.0
r0148_c0144,40.7488077,-73.7053317,Residential,41,355.56,0.0,1.6,1952.0,59757.0,67,-0.0,0.0,0.0,0.0
r0148_c0145,40.7488077,-73.7035488,Residential,37,133.33,0.0,1.7,1955.0,62109.0,53,-0.0,0.0,0.0,0.0
r0148_c0146,40.7488077,-73.7017658,Residential,27,488.89,0.0,1.6,1952.0,37023.0,43,-0.0,44.44,0.0,0.0
r0149_c0004,40.7501591,-73.9549393,Commercial,4,4177.78,0.0106,1.0,1982.0,25675.0,1,0.9972,222.22,0.0,0.0
r0149_c0005,40.7501591,-73.9531564,Mixed-Use,3,0.0,0.0,6.0,1956.0,574000.0,3,0.9919,0.0,0.0,0.0
r0149_c0006,40.7501591,-73.9513735,Commercial,7,88.89,0.0,2.3,1974.0,183206.0,7,1.4751,44.44,0.0,0.0
r0149_c0007,40.7501591,-73.9495906,Industrial,10,177.78,1.0,3.1,1942.0,362155.0,21,0.5919,0.0,0.0,0.0
r0149_c0008,40.7501591,-73.9478077,Industrial,11,577.78,0.3077,1.8,1963.0,234551.0,11,1.0164,44.44,88.89,0.0
r0149_c0009,40.7501591,-73.9460248,Industrial,8,311.11,0.1429,2.8,1927.0,338885.0,10,1.5898,0.0,88.89,0.0
r0149_c0010,40.7501591,-73.9442419,Mixed-Use,8,88.89,0.0,2.5,1924.0,292410.0,8,1.7142,0.0,0.0,0.0
r0149_c0011,40.7501591,-73.942459,Mixed-Use,14,266.67,0.0,14.3,1986.0,681093.0,9,1.9456,0.0,44.44,0.0
r0149_c0012,40.7501591,-73.9406761,Mixed-Use,11,1155.56,0.2692,13.2,1984.0,780956.0,10,1.7801,44.44,355.56,0.0
r0149_c0013,40.7501591,-73.9388931,Commercial,4,666.67,0.4,17.0,1952.0,839366.0,4,0.7156,0.0,44.44,0.0
r0149_c0014,40.7501591,-73.9371102,Mixed-Use,20,888.89,0.05,8.3,1958.0,924499.0,18,1.6798,177.78,88.89,0.0
r0149_c0015,40.7501591,-73.9353273,Mixed-Use,9,177.78,0.25,12.3,1978.0,1254091.0,10,2.1528,0.0,0.0,0.0
r0149_c0024,40.7501591,-73.9192811,Mixed-Use,14,177.78,0.0,1.0,1951.0,1800.0,11,0.7409,0.0,0.0,0.0
r0149_c0025,40.7501591,-73.9174982,Mixed-Use,6,133.33,0.0,2.0,1943.0,190729.0,5,1.0065,0.0,0.0,0.0
r0149_c0026,40.7501591,-73.9157153,Institutional,6,444.44,0.0,2.0,1961.0,91457.0,6,1.6605,0.0,133.33,0.3333
r0149_c0027,40.7501591,-73.9139324,Open Space,3,355.56,0.125,1.0,1952.0,5032.0,4,0.2707,0.0,44.44,1.0
r0149_c0028,40.7501591,-73.9121495,Mixed-Use,10,133.33,0.0,2.9,1951.0,199010.0,12,0.9382,0.0,44.44,0.0
r0149_c0029,40.7501591,-73.9103665,Industrial,3,44.44,0.0,1.3,1947.0,75590.0,3,0.9773,0.0,0.0,0.0
r0149_c0030,40.7501591,-73.9085836,Mixed-Use,42,88.89,0.0,1.5,1940.0,94443.0,41,2.2135,0.0,88.89,0.0
r0149_c0031,40.7501591,-73.9068007,Industrial,34,44.44,0.0,1.6,1964.0,161753.0,33,1.9234,0.0,0.0,0.0
r0149_c0032,40.7501591,-73.9050178,Mixed-Use,31,222.22,0.0,1.7,1952.0,199535.0,32,2.2837,0.0,88.89,0.0
r0149_c0033,40.7501591,-73.9032349,Residential,43,177.78,0.0,2.3,1956.0,168023.0,51,2.3872,0.0,0.0,0.0
r0149_c0034,40.7501591,-73.901452,Residential,46,133.33,0.0,2.1,1935.0,201543.0,68,2.4653,0.0,0.0,0.0
r0149_c0035,40.7501591,-73.8996691,Residential,49,622.22,0.2143,2.2,1935.0,118934.0,65,1.7545,0.0,222.22,0.0
r0149_c0036,40.7501591,-73.8978862,Residential,37,1244.44,0.1429,2.0,1930.0,84519.0,46,1.507,0.0,311.11,0.0
r0149_c0037,40.7501591,-73.8961033,Residential,3,222.22,0.0,6.0,1964.0,230464.0,2,0.9531,0.0,0.0,0.0
r0149_c0038,40.7501591,-73.8943203,Residential,46,666.67,0.3333,2.9,1942.0,363759.0,62,2.2169,0.0,311.11,0.0
r0149_c0039,40.7501591,-73.8925374,Residential,6,44.44,0.0,5.3,1935.0,592891.0,7,0.7186,0.0,0.0,0.0
r0149_c0040,40.7501591,-73.8907545,Residential,8,88.89,0.0,5.8,1940.0,680239.0,8,0.3389,0.0,44.44,0.0
r0149_c0041,40.7501591,-73.8889716,Residential,17,266.67,0.1667,5.0,1926.0,530919.0,17,1.3731,0.0,133.33,0.3333
r0149_c0042,40.7501591,-73.8871887,Residential,18,488.89,0.5455,4.7,1924.0,440629.0,19,1.6142,0.0,177.78,0.0
r0149_c0043,40.7501591,-73.8854058,Residential,13,977.78,0.3636,5.0,1934.0,490775.0,14,1.9213,0.0,177.78,0.0
r0149_c0044,40.7501591,-73.8836229,Residential,17,977.78,0.4091,4.0,1943.0,473547.0,17,2.1437,0.0,444.44,0.1
r0149_c0045,40.7501591,-73.88184,Residential,11,311.11,0.7143,4.3,1946.0,439410.0,12,1.8753,0.0,88.89,0.5
r0149_c0046,40.7501591,-73.880057,Residential,22,222.22,0.6,3.4,1942.0,294204.0,29,2.4711,0.0,44.44,0.0
r0149_c0047,40.7501591,-73.8782741,Residential,34,177.78,0.25,2.9,1923.0,412166.0,61,1.897,0.0,88.89,0.0
r0149_c0048,40.7501591,-73.8764912,Residential,41,222.22,0.2,2.3,1926.0,246293.0,58,1.971,0.0,133.33,0.0
r0149_c0049,40.7501591,-73.8747083,Residential,50,44.44,0.0,2.3,1936.0,152798.0,86,1.812,0.0,0.0,0.0
r0149_c0050,40.7501591,-73.8729254,Residential,71,0.0,0.0,2.0,1922.0,193315.0,125,1.2295,0.0,0.0,0.0
r0149_c0051,40.7501591,-73.8711425,Residential,65,355.56,0.25,2.0,1931.0,185392.0,125,1.4945,0.0,177.78,0.25
r0149_c0052,40.7501591,-73.8693596,Residential,46,1244.44,0.2857,2.3,1932.0,290595.0,58,1.861,0.0,666.67,0.1333
r0149_c0053,40.7501591,-73.8675767,Residential,50,222.22,0.0,2.4,1941.0,165848.0,65,1.9192,0.0,0.0,0.0
r0149_c0054,40.7501591,-73.8657937,Residential,55,0.0,0.0,2.3,1939.0,171415.0,77,1.5069,0.0,0.0,0.0
r0149_c0055,40.7501591,-73.8640108,Residential,64,488.89,0.0,2.5,1955.0,228937.0,76,2.1951,0.0,44.44,0.0
r0149_c0056,40.7501591,-73.8622279,Mixed-Use,34,2044.44,0.2391,2.3,1938.0,146698.0,36,1.7492,88.89,400.0,0.0
r0149_c0057,40.7501591,-73.860445,Residential,66,266.67,0.5,2.5,1942.0,229363.0,85,2.1861,0.0,44.44,0.0
r0149_c0058,40.7501591,-73.8586621,Residential,56,1066.67,0.1667,2.5,1941.0,207070.0,75,2.0242,0.0,711.11,0.0
r0149_c0059,40.7501591,-73.8568792,Residential,68,0.0,0.0,2.4,1938.0,166099.0,105,1.2454,0.0,0.0,0.0
r0149_c0060,40.7501591,-73.8550963,Residential,66,133.33,0.0,2.5,1941.0,173105.0,85,1.2795,0.0,88.89,0.0
r0149_c0061,40.7501591,-73.8533134,Residential,74,88.89,0.0,2.4,1939.0,156335.0,102,1.0314,0.0,0.0,0.0
r0149_c0062,40.7501591,-73.8515304,Residential,28,5466.67,0.0732,2.4,1942.0,68266.0,38,1.7015,88.89,222.22,0.0
r0149_c0075,40.7501591,-73.8283526,Residential,5,1466.67,0.0,2.0,1950.0,9594.0,5,0.8419,266.67,0.0,0.0
r0149_c0076,40.7501591,-73.8265697,Residential,6,1422.22,0.0,2.2,1937.0,9814.0,6,-0.0,400.0,0.0,0.0
r0149_c0079,40.7501591,-73.8212209,Residential,42,444.44,0.0,2.2,1966.0,246885.0,56,1.4513,0.0,0.0,0.0
r0149_c0080,40.7501591,-73.819438,Residential,50,266.67,0.6667,2.0,1961.0,127226.0,64,1.6153,0.0,88.89,0.0
r0149_c0081,40.7501591,-73.8176551,Commercial,25,311.11,0.2857,1.9,1968.0,88637.0,34,1.3113,0.0,88.89,0.0
r0149_c0082,40.7501591,-73.8158722,Residential,48,44.44,0.0,2.1,1955.0,97167.0,73,0.5043,0.0,0.0,0.0
r0149_c0083,40.7501591,-73.8140893,Residential,51,44.44,0.0,2.0,1952.0,89757.0,75,0.6766,0.0,0.0,0.0
r0149_c0084,40.7501591,-73.8123064,Residential,45,44.44,0.0,2.2,1944.0,84401.0,65,0.2736,0.0,0.0,0.0
r0149_c0085,40.7501591,-73.8105235,Residential,28,133.33,0.0,2.2,1935.0,62505.0,41,0.4757,0.0,0.0,0.0
r0149_c0086,40.7501591,-73.8087406,Residential,31,133.33,0.0,2.1,1955.0,69219.0,50,0.2622,0.0,0.0,0.0
r0149_c0087,40.7501591,-73.8069576,Residential,20,800.0,0.0,2.0,1944.0,45618.0,32,0.4539,44.44,0.0,0.0
r0149_c0088,40.7501591,-73.8051747,Residential,23,133.33,0.0,2.1,1933.0,43271.0,43,0.3064,0.0,0.0,0.0
r0149_c0089,40.7501591,-73.8033918,Residential,20,711.11,0.0,2.0,1949.0,43019.0,28,1.5818,0.0,0.0,0.0
r0149_c0090,40.7501591,-73.8016089,Residential,28,311.11,0.0,1.8,1950.0,49138.0,35,-0.0,0.0,0.0,0.0
r0149_c0091,40.7501591,-73.799826,Residential,27,133.33,0.0,1.6,1958.0,35613.0,44,0.1751,0.0,0.0,0.0
r0149_c0092,40.7501591,-73.7980431,Residential,8,44.44,0.0,2.0,1941.0,8415.0,9,-0.0,0.0,0.0,0.0
r0149_c0093,40.7501591,-73.7962602,Residential,14,222.22,0.0,1.6,1951.0,19297.0,26,-0.0,0.0,0.0,0.0
r0149_c0094,40.7501591,-73.7944773,Residential,38,311.11,0.0,1.7,1948.0,53728.0,73,-0.0,0.0,0.0,0.0
r0149_c0095,40.7501591,-73.7926944,Residential,37,222.22,0.0,1.9,1947.0,62978.0,69,-0.0,0.0,0.0,0.0
r0149_c0096,40.7501591,-73.7909114,Residential,67,44.44,0.0,2.0,1942.0,100528.0,103,0.007,0.0,0.0,0.0
r0149_c0097,40.7501591,-73.7891285,Residential,58,88.89,0.0,1.9,1940.0,85429.0,101,0.2908,0.0,0.0,0.0
r0149_c0098,40.7501591,-73.7873456,Residential,33,177.78,0.0,1.8,1950.0,54291.0,49,0.1454,0.0,0.0,0.0
r0149_c0099,40.7501591,-73.7855627,Residential,36,88.89,0.0,1.7,1943.0,51803.0,63,0.1075,0.0,0.0,0.0
r0149_c0100,40.7501591,-73.7837798,Residential,49,222.22,0.0,1.8,1954.0,67473.0,73,-0.0,0.0,0.0,0.0
r0149_c0101,40.7501591,-73.7819969,Residential,30,44.44,0.0,1.8,1961.0,63031.0,52,-0.0,0.0,0.0,0.0
r0149_c0102,40.7501591,-73.780214,Residential,42,133.33,0.0,1.8,1954.0,72176.0,64,-0.0,0.0,0.0,0.0
r0149_c0103,40.7501591,-73.7784311,Residential,51,88.89,0.0,2.0,1951.0,59778.0,64,0.0421,0.0,0.0,0.0
r0149_c0104,40.7501591,-73.7766481,Residential,59,400.0,0.0,2.5,1927.0,87711.0,102,-0.0,0.0,0.0,0.0
r0149_c0105,40.7501591,-73.7748652,Residential,24,0.0,0.0,2.2,1945.0,31605.0,36,-0.0,0.0,0.0,0.0
r0149_c0106,40.7501591,-73.7730823,Residential,53,133.33,0.0,2.1,1944.0,71895.0,78,-0.0,0.0,0.0,0.0
r0149_c0107,40.7501591,-73.7712994,Residential,49,44.44,0.0,1.6,1951.0,75305.0,56,-0.0,0.0,0.0,0.0
r0149_c0108,40.7501591,-73.7695165,Residential,41,266.67,0.0,1.6,1951.0,61006.0,49,0.0961,0.0,0.0,0.0
r0149_c0109,40.7501591,-73.7677336,Residential,39,133.33,0.0,2.0,1943.0,63881.0,62,-0.0,0.0,0.0,0.0
r0149_c0110,40.7501591,-73.7659507,Residential,30,266.67,0.0,1.9,1943.0,52317.0,53,0.3344,0.0,0.0,0.0
r0149_c0111,40.7501591,-73.7641678,Residential,32,177.78,0.0,1.8,1944.0,133025.0,62,1.1266,44.44,0.0,0.0
r0149_c0112,40.7501591,-73.7623848,Residential,41,88.89,0.0,1.9,1946.0,68916.0,71,-0.0,0.0,0.0,0.0
r0149_c0113,40.7501591,-73.7606019,Residential,37,88.89,0.0,1.5,1953.0,56401.0,63,-0.0,0.0,0.0,0.0
r0149_c0114,40.7501591,-73.758819,Residential,35,44.44,0.0,1.8,1943.0,61223.0,57,-0.0,0.0,0.0,0.0
r0149_c0115,40.7501591,-73.7570361,Residential,28,133.33,0.0,1.9,1970.0,122995.0,28,1.1965,0.0,0.0,0.0
r0149_c0116,40.7501591,-73.7552532,Residential,32,0.0,0.0,2.0,1970.0,98817.0,32,-0.0,0.0,0.0,0.0
r0149_c0117,40.7501591,-73.7534703,Residential,19,88.89,0.0,2.0,1965.0,52320.0,19,-0.0,0.0,0.0,0.0
r0149_c0118,40.7501591,-73.7516874,Residential,8,0.0,0.0,1.9,1984.0,18090.0,11,-0.0,0.0,0.0,0.0
r0149_c0119,40.7501591,-73.7499045,Residential,31,0.0,0.0,1.8,1964.0,69304.0,48,-0.0,0.0,0.0,0.0
r0149_c0120,40.7501591,-73.7481216,Residential,43,44.44,0.0,1.8,1968.0,86936.0,59,0.1407,0.0,0.0,0.0
r0149_c0121,40.7501591,-73.7463386,Residential,32,88.89,0.0,1.9,1962.0,76576.0,49,0.2221,0.0,0.0,0.0
r0149_c0122,40.7501591,-73.7445557,Residential,6,0.0,0.0,1.8,1989.0,14381.0,9,-0.0,0.0,0.0,0.0
r0149_c0126,40.7501591,-73.7374241,Residential,4,0.0,0.0,2.0,1950.0,328008.0,101,-0.0,0.0,0.0,0.0
r0149_c0141,40.7501591,-73.7106804,Residential,13,222.22,0.0,1.7,1950.0,17593.0,17,-0.0,0.0,0.0,0.0
r0149_c0142,40.7501591,-73.7088975,Residential,43,0.0,0.0,1.7,1950.0,65147.0,58,-0.0,0.0,0.0,0.0
r0149_c0143,40.7501591,-73.7071146,Residential,24,222.22,0.4,1.6,1952.0,45942.0,32,0.7935,0.0,0.0,0.0
r0149_c0144,40.7501591,-73.7053317,Residential,24,44.44,0.0,1.6,1953.0,31346.0,33,0.9673,0.0,0.0,0.0
r0149_c0145,40.7501591,-73.7035488,Residential,38,311.11,0.0,1.7,1953.0,53572.0,63,-0.0,0.0,0.0,0.0
r0149_c0146,40.7501591,-73.7017658,Residential,21,133.33,0.0,1.8,1958.0,33821.0,28,0.1524,0.0,0.0,0.0
r0150_c0006,40.7515104,-73.9513735,Industrial,3,18044.44,0.0025,1.7,1949.0,77678.0,15,-0.0,0.0,0.0,0.0
r0150_c0007,40.7515104,-73.9495906,Industrial,12,44.44,1.0,1.2,1953.0,148416.0,14,-0.0,0.0,0.0,0.0
r0150_c0008,40.7515104,-73.9478077,Mixed-Use,13,88.89,0.0,2.5,1940.0,124067.0,17,1.9812,44.44,0.0,0.0
r0150_c0009,40.7515104,-73.9460248,Industrial,16,133.33,0.3333,1.7,1931.0,184261.0,15,2.0351,0.0,88.89,0.0
r0150_c0010,40.7515104,-73.9442419,Commercial,6,222.22,0.0,2.0,1944.0,248830.0,5,0.952,0.0,0.0,0.0
r0150_c0011,40.7515104,-73.942459,Mixed-Use,4,0.0,0.0,4.0,1920.0,108000.0,2,1.3776,0.0,0.0,0.0
r0150_c0012,40.7515104,-73.9406761,Mixed-Use,13,533.33,0.1667,11.0,1985.0,997362.0,12,1.7906,0.0,266.67,0.0
r0150_c0013,40.7515104,-73.9388931,Mixed-Use,13,400.0,0.3333,9.9,1985.0,991180.0,15,1.2567,44.44,88.89,0.0
r0150_c0014,40.7515104,-73.9371102,Institutional,24,266.67,0.1667,2.6,1939.0,302695.0,24,2.0595,0.0,0.0,0.0
r0150_c0015,40.7515104,-73.9353273,Mixed-Use,13,355.56,0.0,6.7,1989.0,511102.0,16,1.9302,177.78,88.89,0.5
r0150_c0016,40.7515104,-73.9335444,Commercial,7,444.44,0.1,6.2,1963.0,643611.0,5,1.5764,0.0,177.78,0.5
r0150_c0018,40.7515104,-73.9299786,Commercial,5,355.56,0.0,4.2,1929.0,192257.0,5,0.3685,0.0,44.44,0.0
r0150_c0023,40.7515104,-73.921064,Mixed-Use,4,88.89,0.0,,,0.0,3,0.3453,0.0,44.44,0.0
r0150_c0030,40.7515104,-73.9085836,Mixed-Use,21,311.11,0.2857,1.1,1942.0,94311.0,21,1.9733,0.0,88.89,0.5
r0150_c0031,40.7515104,-73.9068007,Industrial,21,44.44,1.0,1.4,1960.0,197193.0,25,0.7278,0.0,0.0,0.0
r0150_c0032,40.7515104,-73.9050178,Residential,55,177.78,0.0,2.1,1946.0,168019.0,71,2.3579,0.0,0.0,0.0
r0150_c0033,40.7515104,-73.9032349,Residential,42,177.78,0.25,2.3,1963.0,132354.0,44,2.3834,0.0,0.0,0.0
r0150_c0034,40.7515104,-73.901452,Residential,20,44.44,0.0,2.2,1938.0,175617.0,21,1.9204,0.0,0.0,0.0
r0150_c0035,40.7515104,-73.8996691,Residential,59,44.44,0.0,2.0,1939.0,156792.0,72,1.7589,0.0,0.0,0.0
r0150_c0036,40.7515104,-73.8978862,Mixed-Use,26,133.33,0.0,2.0,1929.0,72569.0,38,1.7419,0.0,0.0,0.0
r0150_c0037,40.7515104,-73.8961033,Residential,54,222.22,0.2,2.7,1959.0,337251.0,68,1.9525,0.0,0.0,0.0
r0150_c0038,40.7515104,-73.8943203,Residential,80,222.22,0.2,2.2,1933.0,165310.0,81,0.7681,0.0,133.33,0.0
r0150_c0039,40.7515104,-73.8925374,Residential,41,88.89,0.0,2.9,1929.0,369473.0,59,1.4137,0.0,0.0,0.0
r0150_c0040,40.7515104,-73.8907545,Residential,29,44.44,0.0,3.0,1936.0,350046.0,56,1.2193,0.0,0.0,0.0
r0150_c0041,40.7515104,-73.8889716,Residential,5,0.0,0.0,6.0,1939.0,457128.0,5,-0.0,0.0,0.0,0.0
r0150_c0042,40.7515104,-73.8871887,Residential,14,0.0,0.0,5.4,1931.0,598949.0,14,0.7936,0.0,0.0,0.0
r0150_c0043,40.7515104,-73.8854058,Residential,11,222.22,0.0,5.1,1932.0,529639.0,11,1.7024,0.0,0.0,0.0
r0150_c0044,40.7515104,-73.8836229,Residential,8,222.22,0.0,5.5,1931.0,515654.0,11,0.947,0.0,0.0,0.0
r0150_c0045,40.7515104,-73.88184,Residential,3,177.78,0.0,7.0,1944.0,539466.0,6,-0.0,0.0,0.0,0.0
r0150_c0046,40.7515104,-73.880057,Residential,54,0.0,0.0,3.2,1935.0,323482.0,99,1.5226,0.0,0.0,0.0
r0150_c0047,40.7515104,-73.8782741,Residential,51,88.89,0.0,2.5,1930.0,234247.0,78,1.5165,0.0,0.0,0.0
r0150_c0048,40.7515104,-73.8764912,Residential,67,0.0,0.0,2.2,1926.0,165622.0,110,0.9667,0.0,0.0,0.0
r0150_c0049,40.7515104,-73.8747083,Residential,72,44.44,0.0,2.2,1924.0,249406.0,136,1.4376,0.0,0.0,0.0
r0150_c0050,40.7515104,-73.8729254,Residential,22,44.44,0.0,4.1,1929.0,341802.0,22,0.7774,0.0,0.0,0.0
r0150_c0051,40.7515104,-73.8711425,Commercial,25,1866.67,0.1429,2.8,1945.0,418463.0,28,1.6739,0.0,888.89,0.15
r0150_c0052,40.7515104,-73.8693596,Residential,59,88.89,0.0,2.5,1945.0,191188.0,77,1.832,0.0,44.44,1.0
r0150_c0053,40.7515104,-73.8675767,Residential,73,88.89,0.0,2.3,1936.0,215893.0,98,1.4619,0.0,0.0,0.0
r0150_c0054,40.7515104,-73.8657937,Residential,76,0.0,0.0,2.0,1923.0,168392.0,142,0.2405,0.0,0.0,0.0
r0150_c0055,40.7515104,-73.8640108,Residential,66,533.33,0.0833,2.2,1937.0,218874.0,103,1.9325,0.0,133.33,0.0
r0150_c0056,40.7515104,-73.8622279,Residential,64,355.56,0.125,2.3,1937.0,206952.0,82,2.0874,0.0,88.89,0.5
r0150_c0057,40.7515104,-73.860445,Residential,62,133.33,0.0,2.9,1957.0,229720.0,87,1.2713,0.0,133.33,0.0
r0150_c0058,40.7515104,-73.8586621,Residential,48,400.0,0.1111,2.3,1934.0,229099.0,73,2.03,0.0,177.78,0.0
r0150_c0059,40.7515104,-73.8568792,Residential,49,266.67,0.0,2.9,1963.0,295457.0,63,2.0394,0.0,88.89,0.5
r0150_c0060,40.7515104,-73.8550963,Residential,61,1244.44,0.2857,2.3,1954.0,179734.0,74,2.0525,0.0,622.22,0.1429
r0150_c0061,40.7515104,-73.8533134,Residential,65,222.22,0.0,2.2,1933.0,160088.0,81,1.752,44.44,44.44,0.0
r0150_c0062,40.7515104,-73.8515304,Residential,10,133.33,0.0,2.4,1943.0,20465.0,16,0.4697,0.0,0.0,0.0
r0150_c0071,40.7515104,-73.8354842,Mixed-Use,4,1200.0,0.0,6.2,2017.0,239757.0,4,1.5345,44.44,0.0,0.0
r0150_c0072,40.7515104,-73.8337013,Industrial,10,844.44,0.0,3.3,1990.0,104015.0,7,1.5865,0.0,0.0,0.0
r0150_c0073,40.7515104,-73.8319184,Open Space,3,1111.11,0.0,1.0,1931.0,1421.0,2,0.9939,88.89,0.0,0.0
r0150_c0074,40.7515104,-73.8301355,Residential,18,622.22,0.0,2.6,1966.0,41990.0,18,0.8897,88.89,44.44,0.0
r0150_c0075,40.7515104,-73.8283526,Residential,23,177.78,0.0,1.8,1953.0,87077.0,23,1.3892,44.44,0.0,0.0
r0150_c0076,40.7515104,-73.8265697,Mixed-Use,23,888.89,0.2,2.8,1974.0,167154.0,24,1.5182,88.89,133.33,0.0
r0150_c0077,40.7515104,-73.8247868,Residential,32,266.67,0.1667,2.8,1960.0,150376.0,32,1.483,0.0,0.0,0.0
r0150_c0078,40.7515104,-73.8230039,Residential,15,44.44,0.0,5.6,1973.0,718137.0,14,1.6258,0.0,0.0,0.0
r0150_c0079,40.7515104,-73.8212209,Mixed-Use,10,88.89,0.0,2.8,1974.0,380056.0,13,1.7949,0.0,0.0,0.0
r0150_c0080,40.7515104,-73.819438,Residential,18,222.22,0.0,3.1,1940.0,305746.0,25,1.8874,0.0,0.0,0.0
r0150_c0081,40.7515104,-73.8176551,Residential,33,88.89,0.0,2.3,1943.0,205743.0,49,1.5004,0.0,0.0,0.0
r0150_c0082,40.7515104,-73.8158722,Residential,61,44.44,0.0,2.1,1954.0,127466.0,90,0.5573,0.0,0.0,0.0
r0150_c0083,40.7515104,-73.8140893,Residential,56,0.0,0.0,2.2,1952.0,110743.0,80,0.3855,0.0,0.0,0.0
r0150_c0084,40.7515104,-73.8123064,Residential,31,0.0,0.0,2.3,1943.0,76227.0,50,1.0552,0.0,0.0,0.0
r0150_c0085,40.7515104,-73.8105235,Residential,38,88.89,0.0,2.3,1931.0,82600.0,63,-0.0,0.0,0.0,0.0
r0150_c0086,40.7515104,-73.8087406,Residential,39,44.44,0.0,2.1,1932.0,69986.0,74,-0.0,0.0,0.0,0.0
r0150_c0087,40.7515104,-73.8069576,Residential,51,266.67,0.1667,2.1,1935.0,89328.0,96,0.3493,0.0,0.0,0.0
r0150_c0088,40.7515104,-73.8051747,Residential,53,88.89,0.0,2.2,1946.0,102700.0,80,0.7549,0.0,0.0,0.0
r0150_c0089,40.7515104,-73.8033918,Residential,13,0.0,0.0,2.2,1947.0,24736.0,17,0.6467,0.0,0.0,0.0
r0150_c0094,40.7515104,-73.7944773,Residential,34,577.78,0.0,2.5,1937.0,58588.0,57,0.1862,0.0,0.0,0.0
r0150_c0095,40.7515104,-73.7926944,Residential,47,88.89,0.0,2.4,1936.0,80817.0,85,-0.0,0.0,0.0,0.0
r0150_c0096,40.7515104,-73.7909114,Residential,59,533.33,0.0,2.4,1926.0,88438.0,103,-0.0,0.0,0.0,0.0
r0150_c0097,40.7515104,-73.7891285,Residential,49,177.78,0.0,2.0,1945.0,74992.0,62,0.9445,0.0,0.0,0.0
r0150_c0098,40.7515104,-73.7873456,Residential,44,133.33,0.0,2.0,1954.0,85123.0,49,1.0937,0.0,44.44,0.0
r0150_c0099,40.7515104,-73.7855627,Residential,55,266.67,0.0,2.0,1956.0,101748.0,73,0.4902,0.0,0.0,0.0
r0150_c0100,40.7515104,-73.7837798,Residential,55,355.56,0.0,2.0,1945.0,82897.0,83,-0.0,0.0,0.0,0.0
r0150_c0101,40.7515104,-73.7819969,Residential,66,133.33,0.0,2.1,1955.0,105255.0,73,0.3268,0.0,0.0,0.0
r0150_c0102,40.7515104,-73.780214,Residential,34,177.78,0.0,2.0,1952.0,61624.0,46,-0.0,0.0,0.0,0.0
r0150_c0103,40.7515104,-73.7784311,Residential,53,266.67,0.0,2.1,1941.0,76671.0,78,0.0081,0.0,0.0,0.0
r0150_c0104,40.7515104,-73.7766481,Residential,59,177.78,0.0,2.2,1933.0,81768.0,91,0.3614,0.0,0.0,0.0
r0150_c0105,40.7515104,-73.7748652,Residential,19,133.33,0.0,2.4,1930.0,33021.0,31,0.5048,0.0,0.0,0.0
r0150_c0106,40.7515104,-73.7730823,Residential,62,88.89,0.0,2.1,1936.0,97763.0,102,0.1553,0.0,0.0,0.0
r0150_c0107,40.7515104,-73.7712994,Residential,47,0.0,0.0,1.7,1951.0,67571.0,54,0.1589,0.0,0.0,0.0
r0150_c0108,40.7515104,-73.7695165,Residential,39,0.0,0.0,1.9,1950.0,66282.0,49,-0.0,0.0,0.0,0.0
r0150_c0109,40.7515104,-73.7677336,Residential,36,88.89,0.0,2.1,1940.0,55563.0,64,-0.0,0.0,0.0,0.0
r0150_c0110,40.7515104,-73.7659507,Residential,40,222.22,0.0,2.1,1942.0,65488.0,77,-0.0,0.0,0.0,0.0
r0150_c0111,40.7515104,-73.7641678,Residential,37,88.89,0.0,2.1,1937.0,59770.0,66,-0.0,0.0,0.0,0.0
r0150_c0112,40.7515104,-73.7623848,Residential,31,133.33,0.0,1.9,1949.0,55516.0,48,-0.0,0.0,0.0,0.0
r0150_c0113,40.7515104,-73.7606019,Residential,39,0.0,0.0,1.2,1958.0,49125.0,58,-0.0,0.0,0.0,0.0
r0150_c0114,40.7515104,-73.758819,Residential,27,177.78,0.0,1.4,1950.0,36560.0,38,-0.0,0.0,0.0,0.0
r0150_c0115,40.7515104,-73.7570361,Residential,8,44.44,0.0,2.0,1970.0,22056.0,8,-0.0,0.0,0.0,0.0
r0150_c0116,40.7515104,-73.7552532,Residential,43,88.89,0.0,2.0,1967.0,114362.0,46,-0.0,88.89,0.0,0.0
r0150_c0117,40.7515104,-73.7534703,Residential,56,133.33,0.0,2.0,1965.0,147882.0,58,-0.0,0.0,0.0,0.0
r0150_c0118,40.7515104,-73.7516874,Residential,53,133.33,0.0,2.0,1965.0,150313.0,55,0.1274,0.0,0.0,0.0
r0150_c0119,40.7515104,-73.7499045,Residential,37,0.0,0.0,2.1,1960.0,91487.0,44,0.252,0.0,0.0,0.0
r0150_c0120,40.7515104,-73.7481216,Residential,13,44.44,0.0,2.0,1976.0,31974.0,16,0.4783,0.0,0.0,0.0
r0150_c0124,40.7515104,-73.7409899,Residential,7,0.0,0.0,2.0,1975.0,11020.0,7,-0.0,0.0,0.0,0.0
r0150_c0125,40.7515104,-73.739207,Residential,63,177.78,0.0,2.0,1973.0,98665.0,63,-0.0,0.0,0.0,0.0
r0150_c0126,40.7515104,-73.7374241,Residential,32,44.44,0.0,2.0,1970.0,127417.0,61,0.9271,0.0,0.0,0.0
r0150_c0131,40.7515104,-73.7285095,Residential,10,44.44,0.0,1.4,1969.0,20195.0,12,-0.0,0.0,0.0,0.0
r0150_c0132,40.7515104,-73.7267266,Residential,3,177.78,0.0,1.0,1950.0,3030.0,2,0.0041,0.0,0.0,0.0
r0150_c0142,40.7515104,-73.7088975,Residential,15,222.22,0.0,1.6,1948.0,19651.0,24,0.4872,0.0,0.0,0.0
r0150_c0143,40.7515104,-73.7071146,Residential,40,0.0,0.0,1.7,1947.0,54371.0,54,-0.0,0.0,0.0,0.0
r0150_c0144,40.7515104,-73.7053317,Residential,35,177.78,0.0,1.6,1960.0,48833.0,56,0.2298,0.0,0.0,0.0
r0150_c0145,40.7515104,-73.7035488,Residential,29,711.11,0.375,1.7,1948.0,57484.0,43,0.8219,0.0,0.0,0.0
r0150_c0146,40.7515104,-73.7017658,Commercial,15,2000.0,0.2444,1.6,1960.0,36360.0,19,1.12,44.44,488.89,0.0909
r0151_c0007,40.7528618,-73.9495906,Commercial,16,133.33,0.0,1.9,1924.0,152798.0,19,1.7479,0.0,0.0,0.0
r0151_c0008,40.7528618,-73.9478077,Industrial,13,0.0,0.0,1.5,1937.0,209773.0,16,0.1017,0.0,0.0,0.0
r0151_c0009,40.7528618,-73.9460248,Industrial,6,88.89,0.0,1.4,1946.0,74450.0,6,0.9872,0.0,0.0,0.0
r0151_c0011,40.7528618,-73.942459,Industrial,6,88.89,0.0,5.3,1992.0,330826.0,4,0.9842,44.44,0.0,0.0
r0151_c0012,40.7528618,-73.9406761,Mixed-Use,15,444.44,0.2,5.8,1961.0,466155.0,13,2.0568,0.0,133.33,0.0
r0151_c0013,40.7528618,-73.9388931,Mixed-Use,38,444.44,0.1,3.1,1945.0,434164.0,41,2.578,88.89,44.44,0.0
r0151_c0014,40.7528618,-73.9371102,Mixed-Use,27,133.33,0.6667,3.2,1955.0,354685.0,31,2.4188,0.0,0.0,0.0
r0151_c0015,40.7528618,-73.9353273,Mixed-Use,30,311.11,0.0,3.2,1938.0,328718.0,35,2.5485,88.89,0.0,0.0
r0151_c0016,40.7528618,-73.9335444,Mixed-Use,23,533.33,0.5,3.7,1940.0,658019.0,27,2.3969,177.78,133.33,0.0
r0151_c0017,40.7528618,-73.9317615,Mixed-Use,27,88.89,0.0,3.6,1946.0,364509.0,30,2.4463,0.0,0.0,0.0
r0151_c0018,40.7528618,-73.9299786,Mixed-Use,27,177.78,0.0,3.2,1948.0,350234.0,26,2.5891,0.0,44.44,0.0
r0151_c0019,40.7528618,-73.9281957,Commercial,6,266.67,0.0,3.8,1947.0,475347.0,6,0.9746,0.0,88.89,0.5
r0151_c0020,40.7528618,-73.9264128,Commercial,17,400.0,0.1111,1.9,1934.0,194410.0,15,1.2893,0.0,44.44,0.0
r0151_c0021,40.7528618,-73.9246298,Mixed-Use,15,177.78,0.0,2.1,1940.0,227255.0,14,2.3243,0.0,88.89,0.5
r0151_c0022,40.7528618,-73.9228469,Industrial,8,533.33,0.0833,2.9,1943.0,196794.0,8,1.4475,0.0,133.33,0.3333
r0151_c0023,40.7528618,-73.921064,Commercial,5,355.56,0.25,1.0,1943.0,113304.0,5,0.4633,0.0,133.33,0.3333
r0151_c0024,40.7528618,-73.9192811,Commercial,3,266.67,0.0,1.5,2002.0,89085.0,2,0.9306,0.0,222.22,0.4
r0151_c0029,40.7528618,-73.9103665,Commercial,5,800.0,0.1111,1.4,1970.0,96685.0,7,1.3204,0.0,222.22,0.8
r0151_c0030,40.7528618,-73.9085836,Institutional,4,311.11,0.2857,2.2,1973.0,325262.0,5,0.8478,0.0,133.33,0.6667
r0151_c0031,40.7528618,-73.9068007,Industrial,6,622.22,0.2857,1.3,1971.0,56559.0,7,1.0018,44.44,222.22,0.0
r0151_c0032,40.7528618,-73.9050178,Mixed-Use,12,355.56,0.0,1.4,1936.0,61946.0,11,2.0334,0.0,133.33,0.0
r0151_c0033,40.7528618,-73.9032349,Residential,63,133.33,0.0,2.0,1943.0,144609.0,61,2.0889,0.0,44.44,1.0
r0151_c0034,40.7528618,-73.901452,Residential,59,355.56,0.0,2.1,1941.0,300491.0,67,1.9653,0.0,0.0,0.0
r0151_c0035,40.7528618,-73.8996691,Industrial,11,222.22,0.0,1.5,1954.0,73381.0,7,1.1159,0.0,44.44,0.0
r0151_c0036,40.7528618,-73.8978862,Mixed-Use,12,44.44,0.0,2.0,1943.0,19088.0,11,0.6548,0.0,0.0,0.0
r0151_c0037,40.7528618,-73.8961033,Residential,50,311.11,0.0,2.6,1936.0,194083.0,59,1.414,0.0,0.0,0.0
r0151_c0038,40.7528618,-73.8943203,Residential,61,88.89,0.0,2.7,1934.0,265268.0,80,1.4713,0.0,44.44,0.0
r0151_c0039,40.7528618,-73.8925374,Residential,29,222.22,0.0,2.8,1941.0,412089.0,32,2.0079,0.0,0.0,0.0
r0151_c0040,40.7528618,-73.8907545,Residential,38,88.89,0.0,2.5,1946.0,279680.0,42,1.5597,0.0,0.0,0.0
r0151_c0041,40.7528618,-73.8889716,Residential,6,444.44,0.0,6.0,1947.0,545750.0,6,-0.0,44.44,0.0,0.0
r0151_c0042,40.7528618,-73.8871887,Residential,13,44.44,0.0,4.7,1926.0,379970.0,13,0.8424,0.0,0.0,0.0
r0151_c0043,40.7528618,-73.8854058,Residential,18,44.44,0.0,5.2,1929.0,617753.0,18,1.082,0.0,0.0,0.0
r0151_c0044,40.7528618,-73.8836229,Residential,51,44.44,0.0,3.1,1928.0,227145.0,69,1.3333,0.0,0.0,0.0
r0151_c0045,40.7528618,-73.88184,Residential,37,88.89,0.0,2.8,1929.0,401672.0,72,1.1242,0.0,0.0,0.0
r0151_c0046,40.7528618,-73.880057,Residential,42,88.89,0.0,2.4,1927.0,164964.0,67,1.2066,0.0,44.44,1.0
r0151_c0047,40.7528618,-73.8782741,Residential,38,0.0,0.0,2.8,1930.0,357182.0,47,1.5128,0.0,0.0,0.0
r0151_c0048,40.7528618,-73.8764912,Residential,39,133.33,0.0,2.4,1923.0,199730.0,72,1.4814,0.0,0.0,0.0
r0151_c0049,40.7528618,-73.8747083,Residential,47,177.78,0.0,2.4,1933.0,239334.0,77,1.9644,0.0,0.0,0.0
r0151_c0050,40.7528618,-73.8729254,Residential,21,533.33,0.4167,4.2,1942.0,495367.0,23,1.0817,0.0,266.67,0.0
r0151_c0051,40.7528618,-73.8711425,Commercial,46,1511.11,0.1471,2.0,1965.0,186269.0,56,1.5761,0.0,755.56,0.1176
r0151_c0052,40.7528618,-73.8693596,Residential,67,44.44,0.0,2.5,1946.0,227593.0,83,1.849,0.0,0.0,0.0
r0151_c0053,40.7528618,-73.8675767,Residential,71,44.44,0.0,2.4,1937.0,207278.0,84,1.5847,0.0,0.0,0.0
r0151_c0054,40.7528618,-73.8657937,Residential,64,311.11,0.4286,2.5,1953.0,189136.0,81,1.8954,0.0,222.22,0.0
r0151_c0055,40.7528618,-73.8640108,Residential,61,711.11,0.1875,2.6,1942.0,252125.0,79,2.0729,0.0,266.67,0.1667
r0151_c0056,40.7528618,-73.8622279,Residential,73,44.44,0.0,2.6,1941.0,215277.0,91,1.5664,0.0,0.0,0.0
r0151_c0057,40.7528618,-73.860445,Residential,55,177.78,0.25,3.2,1975.0,239864.0,63,1.7088,0.0,133.33,0.0
r0151_c0058,40.7528618,-73.8586621,Residential,61,44.44,1.0,2.6,1940.0,228169.0,83,1.1013,0.0,0.0,0.0
r0151_c0059,40.7528618,-73.8568792,Residential,62,0.0,0.0,2.6,1948.0,208853.0,92,0.6888,0.0,0.0,0.0
r0151_c0060,40.7528618,-73.8550963,Residential,54,133.33,0.0,2.5,1931.0,180555.0,87,1.6523,0.0,0.0,0.0
r0151_c0061,40.7528618,-73.8533134,Residential,26,444.44,0.1,2.5,1950.0,178472.0,29,2.8429,44.44,44.44,0.0
r0151_c0072,40.7528618,-73.8337013,Commercial,13,533.33,0.0833,2.0,1934.0,62283.0,14,1.9412,0.0,133.33,0.3333
r0151_c0073,40.7528618,-73.8319184,Mixed-Use,40,88.89,0.0,3.8,1978.0,407785.0,42,1.4493,0.0,44.44,0.0
r0151_c0074,40.7528618,-73.8301355,Residential,71,44.44,0.0,2.9,1962.0,285643.0,69,1.7748,0.0,0.0,0.0
r0151_c0075,40.7528618,-73.8283526,Residential,34,0.0,0.0,3.2,1963.0,526898.0,41,1.8363,0.0,0.0,0.0
r0151_c0076,40.7528618,-73.8265697,Residential,32,1022.22,0.3043,3.0,1963.0,379890.0,32,2.0644,0.0,222.22,0.0
r0151_c0077,40.7528618,-73.8247868,Residential,22,266.67,0.0,4.0,1953.0,670258.0,25,2.0411,0.0,0.0,0.0
r0151_c0078,40.7528618,-73.8230039,Mixed-Use,10,266.67,0.1667,6.5,1973.0,559892.0,13,2.2793,0.0,44.44,0.0
r0151_c0079,40.7528618,-73.8212209,Residential,7,400.0,0.2222,3.8,1948.0,414074.0,12,0.8246,0.0,44.44,0.0
r0151_c0080,40.7528618,-73.819438,Residential,40,44.44,0.0,2.6,1973.0,233616.0,58,1.5185,0.0,0.0,0.0
r0151_c0081,40.7528618,-73.8176551,Residential,51,88.89,0.5,2.3,1951.0,90250.0,72,0.8607,0.0,0.0,0.0
r0151_c0082,40.7528618,-73.8158722,Residential,43,88.89,0.5,2.2,1963.0,127691.0,59,1.7226,0.0,0.0,0.0
r0151_c0083,40.7528618,-73.8140893,Residential,51,44.44,0.0,2.3,1934.0,132245.0,82,1.0195,0.0,0.0,0.0
r0151_c0084,40.7528618,-73.8123064,Residential,37,266.67,0.0,2.3,1931.0,80945.0,65,0.6166,0.0,0.0,0.0
r0151_c0085,40.7528618,-73.8105235,Residential,43,133.33,0.0,2.3,1933.0,88547.0,79,-0.0,0.0,0.0,0.0
r0151_c0086,40.7528618,-73.8087406,Residential,51,88.89,0.0,2.1,1932.0,88520.0,90,0.1356,0.0,0.0,0.0
r0151_c0087,40.7528618,-73.8069576,Residential,52,133.33,0.0,2.2,1956.0,130567.0,74,0.8911,0.0,0.0,0.0
r0151_c0088,40.7528618,-73.8051747,Residential,52,222.22,0.0,2.2,1947.0,112248.0,65,1.9757,0.0,133.33,0.3333
r0151_c0094,40.7528618,-73.7944773,Residential,28,222.22,0.0,2.0,1947.0,53048.0,42,0.5353,0.0,0.0,0.0
r0151_c0095,40.7528618,-73.7926944,Residential,41,444.44,0.3,1.9,1940.0,96090.0,60,1.5542,0.0,88.89,0.0
r0151_c0096,40.7528618,-73.7909114,Residential,55,133.33,0.0,2.2,1947.0,97577.0,77,0.4311,0.0,0.0,0.0
r0151_c0097,40.7528618,-73.7891285,Residential,54,177.78,0.0,1.9,1947.0,93366.0,81,-0.0,0.0,0.0,0.0
r0151_c0098,40.7528618,-73.7873456,Residential,53,88.89,0.0,2.1,1940.0,82679.0,68,-0.0,0.0,0.0,0.0
r0151_c0099,40.7528618,-73.7855627,Residential,42,400.0,0.3333,1.8,1952.0,68227.0,68,0.3463,0.0,88.89,0.0
r0151_c0100,40.7528618,-73.7837798,Residential,37,133.33,0.0,1.6,1954.0,60312.0,58,-0.0,0.0,0.0,0.0
r0151_c0101,40.7528618,-73.7819969,Residential,48,44.44,0.0,2.0,1975.0,123019.0,55,1.2382,0.0,0.0,0.0
r0151_c0102,40.7528618,-73.780214,Residential,31,88.89,0.0,1.9,1957.0,59211.0,40,1.0146,0.0,0.0,0.0
r0151_c0103,40.7528618,-73.7784311,Residential,27,88.89,0.0,1.8,1959.0,90548.0,45,1.0464,0.0,0.0,0.0
r0151_c0104,40.7528618,-73.7766481,Residential,31,44.44,0.0,1.9,1951.0,58019.0,36,1.3556,0.0,0.0,0.0
r0151_c0105,40.7528618,-73.7748652,Residential,35,266.67,0.0,2.3,1933.0,62834.0,61,0.3373,0.0,0.0,0.0
r0151_c0106,40.7528618,-73.7730823,Residential,59,133.33,0.0,2.0,1933.0,87195.0,100,0.2578,0.0,0.0,0.0
r0151_c0107,40.7528618,-73.7712994,Residential,37,88.89,0.0,2.0,1946.0,61684.0,50,-0.0,0.0,0.0,0.0
r0151_c0108,40.7528618,-73.7695165,Residential,31,88.89,0.0,1.9,1945.0,48283.0,55,-0.0,0.0,0.0,0.0
r0151_c0109,40.7528618,-73.7677336,Residential,42,88.89,0.0,2.2,1939.0,65574.0,84,-0.0,0.0,0.0,0.0
r0151_c0110,40.7528618,-73.7659507,Residential,32,88.89,0.0,2.3,1942.0,53265.0,62,-0.0,0.0,0.0,0.0
r0151_c0111,40.7528618,-73.7641678,Residential,28,133.33,0.0,2.0,1939.0,42399.0,48,-0.0,0.0,0.0,0.0
r0151_c0112,40.7528618,-73.7623848,Residential,38,88.89,0.0,1.9,1945.0,78713.0,59,0.4456,0.0,0.0,0.0
r0151_c0113,40.7528618,-73.7606019,Residential,34,355.56,0.0,1.9,1945.0,51373.0,43,0.1969,0.0,0.0,0.0
r0151_c0115,40.7528618,-73.7570361,Institutional,5,444.44,0.0,2.2,1968.0,524668.0,11,0.1575,0.0,0.0,0.0
r0151_c0116,40.7528618,-73.7552532,Residential,54,44.44,0.0,2.0,1966.0,148096.0,57,-0.0,0.0,0.0,0.0
r0151_c0117,40.7528618,-73.7534703,Residential,52,0.0,0.0,2.0,1965.0,146175.0,52,-0.0,0.0,0.0,0.0
r0151_c0118,40.7528618,-73.7516874,Residential,42,0.0,0.0,2.0,1965.0,116300.0,48,0.1658,0.0,0.0,0.0
r0151_c0119,40.7528618,-73.7499045,Residential,48,0.0,0.0,2.1,1960.0,123606.0,52,0.1706,0.0,0.0,0.0
r0151_c0120,40.7528618,-73.7481216,Residential,29,0.0,0.0,1.8,1967.0,65116.0,43,-0.0,0.0,0.0,0.0
r0151_c0124,40.7528618,-73.7409899,Residential,43,133.33,0.0,2.2,1968.0,66686.0,43,0.2709,0.0,0.0,0.0
r0151_c0125,40.7528618,-73.739207,Residential,73,177.78,0.0,2.0,1968.0,102462.0,73,-0.0,0.0,44.44,0.0
r0151_c0126,40.7528618,-73.7374241,Residential,54,177.78,0.0,2.0,1971.0,79079.0,54,-0.0,0.0,0.0,0.0
r0151_c0131,40.7528618,-73.7285095,Residential,14,133.33,0.0,1.1,1958.0,23800.0,14,-0.0,0.0,0.0,0.0
r0151_c0132,40.7528618,-73.7267266,Residential,21,44.44,0.0,1.5,1955.0,47383.0,23,0.3047,0.0,0.0,0.0
r0151_c0135,40.7528618,-73.7213779,Residential,18,355.56,0.0,1.8,1977.0,42089.0,17,1.0017,0.0,0.0,0.0
r0151_c0143,40.7528618,-73.7071146,Residential,21,222.22,0.2,1.6,1949.0,28875.0,36,-0.0,0.0,0.0,0.0
r0151_c0144,40.7528618,-73.7053317,Residential,39,133.33,0.0,1.7,1948.0,56871.0,65,-0.0,0.0,0.0,0.0
r0151_c0145,40.7528618,-73.7035488,Residential,34,266.67,0.1667,1.8,1955.0,51845.0,51,0.472,0.0,88.89,0.0
r0152_c0007,40.7542131,-73.9495906,Mixed-Use,5,2355.56,0.0,5.3,1955.0,80363.0,4,0.807,222.22,0.0,0.0
r0152_c0008,40.7542131,-73.9478077,Mixed-Use,3,311.11,0.0,1.0,1940.0,3933.0,1,0.9219,0.0,0.0,0.0
r0152_c0011,40.7542131,-73.942459,Industrial,3,488.89,0.2727,6.0,1950.0,171154.0,3,0.9984,0.0,133.33,0.3333
r0152_c0012,40.7542131,-73.9406761,Industrial,21,88.89,0.0,3.5,1933.0,547322.0,24,1.4884,44.44,44.44,0.0
r0152_c0013,40.7542131,-73.9388931,Mixed-Use,34,88.89,0.5,1.9,1938.0,193120.0,38,2.6598,0.0,0.0,0.0
r0152_c0014,40.7542131,-73.9371102,Mixed-Use,31,133.33,0.0,2.3,1942.0,278438.0,36,2.2639,0.0,0.0,0.0
r0152_c0015,40.7542131,-73.9353273,Residential,48,311.11,0.2857,3.1,1933.0,333439.0,58,2.3201,88.89,44.44,0.0
r0152_c0016,40.7542131,-73.9335444,Mixed-Use,39,311.11,0.4286,3.1,1933.0,415264.0,43,2.4192,0.0,88.89,0.0
r0152_c0017,40.7542131,-73.9317615,Mixed-Use,19,177.78,0.25,2.4,1951.0,300660.0,22,2.2157,0.0,0.0,0.0
r0152_c0018,40.7542131,-73.9299786,Commercial,16,88.89,0.5,3.7,1957.0,520583.0,17,1.8966,0.0,0.0,0.0
r0152_c0019,40.7542131,-73.9281957,Industrial,38,44.44,1.0,2.0,1926.0,239649.0,38,2.1834,0.0,0.0,0.0
r0152_c0020,40.7542131,-73.9264128,Industrial,30,88.89,0.5,1.8,1929.0,220592.0,32,1.5993,0.0,0.0,0.0
r0152_c0021,40.7542131,-73.9246298,Mixed-Use,29,311.11,0.4286,2.0,1933.0,221452.0,36,2.0592,0.0,88.89,0.0
r0152_c0022,40.7542131,-73.9228469,Commercial,18,711.11,0.125,1.9,1932.0,159940.0,16,1.8149,0.0,266.67,0.0
r0152_c0023,40.7542131,-73.921064,Industrial,19,222.22,0.2,2.0,1926.0,168905.0,22,1.7851,44.44,88.89,0.0
r0152_c0024,40.7542131,-73.9192811,Residential,38,133.33,0.0,2.9,1926.0,169956.0,48,1.6149,0.0,88.89,0.0
r0152_c0025,40.7542131,-73.9174982,Mixed-Use,10,444.44,0.2,4.4,1939.0,518760.0,14,1.7489,0.0,44.44,1.0
r0152_c0026,40.7542131,-73.9157153,Residential,33,355.56,0.25,2.1,1951.0,84945.0,40,2.1794,0.0,133.33,0.3333
r0152_c0027,40.7542131,-73.9139324,Residential,43,622.22,0.2857,2.5,1940.0,203242.0,52,2.2748,0.0,222.22,0.8
r0152_c0028,40.7542131,-73.9121495,Mixed-Use,9,355.56,0.125,1.4,1952.0,132952.0,7,1.6714,88.89,44.44,1.0
r0152_c0030,40.7542131,-73.9085836,Commercial,29,666.67,0.0667,2.0,1936.0,87598.0,49,1.3707,0.0,133.33,0.3333
r0152_c0031,40.7542131,-73.9068007,Residential,84,133.33,0.0,2.0,1938.0,156115.0,133,1.3558,0.0,88.89,0.0
r0152_c0032,40.7542131,-73.9050178,Mixed-Use,28,400.0,0.0,2.0,1951.0,106649.0,29,2.3141,0.0,88.89,0.5
r0152_c0033,40.7542131,-73.9032349,Mixed-Use,36,311.11,0.1429,2.1,1956.0,132741.0,36,2.6116,0.0,133.33,0.3333
r0152_c0034,40.7542131,-73.901452,Residential,44,533.33,0.0833,2.1,1954.0,106303.0,43,2.6628,0.0,222.22,0.2
r0152_c0035,40.7542131,-73.8996691,Commercial,9,311.11,0.0,1.4,1955.0,97238.0,9,0.6932,0.0,222.22,0.4
r0152_c0036,40.7542131,-73.8978862,Residential,22,444.44,0.3,2.5,1951.0,127877.0,21,2.2968,0.0,88.89,0.0
r0152_c0037,40.7542131,-73.8961033,Residential,37,533.33,0.3333,2.4,1943.0,82466.0,48,1.8386,0.0,133.33,0.0
r0152_c0038,40.7542131,-73.8943203,Residential,42,266.67,0.1667,2.7,1941.0,144344.0,68,1.8341,0.0,44.44,0.0
r0152_c0039,40.7542131,-73.8925374,Residential,65,222.22,0.2,1.9,1940.0,134710.0,70,0.8996,0.0,44.44,0.0
r0152_c0040,40.7542131,-73.8907545,Residential,41,133.33,0.0,2.0,1948.0,267328.0,43,1.6377,0.0,0.0,0.0
r0152_c0041,40.7542131,-73.8889716,Open Space,7,1422.22,0.0,2.4,1933.0,153918.0,8,1.8404,0.0,44.44,1.0
r0152_c0043,40.7542131,-73.8854058,Residential,11,533.33,0.0,3.5,1935.0,311059.0,23,1.6881,0.0,0.0,0.0
r0152_c0044,40.7542131,-73.8836229,Residential,30,88.89,0.0,3.3,1927.0,291573.0,51,1.6401,0.0,0.0,0.0
r0152_c0045,40.7542131,-73.88184,Residential,26,0.0,0.0,3.3,1938.0,327850.0,32,1.2094,0.0,0.0,0.0
r0152_c0046,40.7542131,-73.880057,Residential,25,0.0,0.0,3.0,1932.0,340739.0,42,0.9697,0.0,0.0,0.0
r0152_c0047,40.7542131,-73.8782741,Residential,27,88.89,0.0,2.8,1932.0,413226.0,32,1.1507,0.0,0.0,0.0
r0152_c0048,40.7542131,-73.8764912,Residential,27,88.89,0.0,2.9,1925.0,422321.0,51,1.1619,0.0,0.0,0.0
r0152_c0049,40.7542131,-73.8747083,Residential,30,177.78,0.0,2.6,1941.0,275698.0,48,1.6905,0.0,0.0,0.0
r0152_c0050,40.7542131,-73.8729254,Residential,8,888.89,0.1,4.6,1956.0,450503.0,8,2.1967,44.44,44.44,0.0
r0152_c0051,40.7542131,-73.8711425,Residential,63,622.22,0.1429,1.9,1944.0,162656.0,76,1.6878,0.0,177.78,0.0
r0152_c0052,40.7542131,-73.8693596,Residential,54,177.78,0.0,2.2,1941.0,129263.0,78,1.3838,0.0,0.0,0.0
r0152_c0053,40.7542131,-73.8675767,Residential,59,44.44,1.0,2.2,1930.0,155063.0,81,1.1619,0.0,44.44,0.0
r0152_c0054,40.7542131,-73.8657937,Residential,63,222.22,0.2,2.4,1942.0,188428.0,79,1.5235,0.0,88.89,0.0
r0152_c0055,40.7542131,-73.8640108,Residential,61,44.44,0.0,2.5,1952.0,203214.0,78,1.9095,0.0,0.0,0.0
r0152_c0056,40.7542131,-73.8622279,Residential,65,177.78,0.0,2.6,1951.0,164928.0,79,1.7675,44.44,0.0,0.0
r0152_c0057,40.7542131,-73.860445,Residential,59,266.67,0.1667,2.6,1955.0,218280.0,68,2.1398,0.0,133.33,0.0
r0152_c0058,40.7542131,-73.8586621,Residential,66,88.89,0.0,2.6,1961.0,199177.0,75,1.4481,0.0,44.44,0.0
r0152_c0059,40.7542131,-73.8568792,Residential,60,177.78,0.0,2.8,1969.0,242812.0,66,1.949,0.0,0.0,0.0
r0152_c0060,40.7542131,-73.8550963,Residential,33,488.89,0.0,3.1,1964.0,276389.0,40,2.2023,0.0,0.0,0.0
r0152_c0061,40.7542131,-73.8533134,Residential,14,177.78,0.25,3.4,1974.0,147785.0,18,1.7562,44.44,0.0,0.0
r0152_c0071,40.7542131,-73.8354842,Industrial,9,266.67,0.0,2.3,1974.0,269964.0,11,1.0772,0.0,177.78,0.0
r0152_c0072,40.7542131,-73.8337013,Mixed-Use,33,0.0,0.0,1.9,1955.0,154886.0,38,2.5137,0.0,0.0,0.0
r0152_c0073,40.7542131,-73.8319184,Residential,40,88.89,0.5,3.9,1977.0,482451.0,48,1.8668,0.0,0.0,0.0
r0152_c0074,40.7542131,-73.8301355,Residential,55,44.44,0.0,3.2,1974.0,314798.0,55,1.908,0.0,0.0,0.0
r0152_c0075,40.7542131,-73.8283526,Residential,6,844.44,0.1053,7.3,1975.0,779958.0,6,0.9471,0.0,311.11,0.0
r0152_c0076,40.7542131,-73.8265697,Mixed-Use,13,355.56,0.125,3.8,1967.0,458866.0,14,1.1871,0.0,44.44,0.0
r0152_c0077,40.7542131,-73.8247868,Residential,5,266.67,0.0,15.0,1962.0,1288574.0,5,0.9769,0.0,0.0,0.0
r0152_c0078,40.7542131,-73.8230039,Mixed-Use,13,577.78,0.3846,5.5,1952.0,563717.0,14,1.2464,0.0,133.33,0.0
r0152_c0079,40.7542131,-73.8212209,Residential,26,88.89,0.0,5.6,1991.0,635281.0,30,1.7525,0.0,0.0,0.0
r0152_c0080,40.7542131,-73.819438,Institutional,30,266.67,0.0,2.0,1948.0,89775.0,38,1.8183,0.0,0.0,0.0
r0152_c0081,40.7542131,-73.8176551,Residential,49,88.89,0.0,2.2,1956.0,117421.0,41,2.3411,0.0,0.0,0.0
r0152_c0082,40.7542131,-73.8158722,Residential,50,44.44,1.0,2.2,1944.0,106473.0,80,0.8969,0.0,0.0,0.0
r0152_c0083,40.7542131,-73.8140893,Residential,36,177.78,0.0,2.3,1953.0,134676.0,57,1.6905,0.0,0.0,0.0
r0152_c0084,40.7542131,-73.8123064,Residential,38,44.44,0.0,2.3,1936.0,76674.0,65,1.2836,0.0,0.0,0.0
r0152_c0085,40.7542131,-73.8105235,Residential,46,88.89,0.0,2.3,1930.0,91750.0,78,0.0379,0.0,0.0,0.0
r0152_c0086,40.7542131,-73.8087406,Residential,45,88.89,0.0,2.1,1935.0,73398.0,74,0.2697,0.0,0.0,0.0
r0152_c0087,40.7542131,-73.8069576,Residential,46,133.33,0.0,2.3,1942.0,92150.0,59,1.36,0.0,0.0,0.0
r0152_c0088,40.7542131,-73.8051747,Residential,55,311.11,0.0,2.6,1981.0,177916.0,65,2.4091,0.0,88.89,0.0
r0152_c0089,40.7542131,-73.8033918,Residential,34,888.89,0.1,2.2,1948.0,79984.0,48,1.7678,44.44,44.44,0.0
r0152_c0090,40.7542131,-73.8016089,Open Space,29,755.56,0.0,1.9,1943.0,56403.0,44,0.9916,0.0,0.0,0.0
r0152_c0091,40.7542131,-73.799826,Residential,30,133.33,0.0,2.1,1934.0,44202.0,54,-0.0,0.0,0.0,0.0
r0152_c0092,40.7542131,-73.7980431,Residential,41,44.44,0.0,2.4,1938.0,58332.0,71,-0.0,0.0,0.0,0.0
r0152_c0093,40.7542131,-73.7962602,Residential,38,44.44,0.0,2.5,1930.0,60696.0,73,-0.0,0.0,0.0,0.0
r0152_c0094,40.7542131,-73.7944773,Residential,46,88.89,0.0,2.3,1930.0,85485.0,79,0.9602,0.0,0.0,0.0
r0152_c0095,40.7542131,-73.7926944,Residential,52,44.44,0.0,1.8,1937.0,83228.0,89,0.1495,0.0,0.0,0.0
r0152_c0096,40.7542131,-73.7909114,Residential,43,44.44,0.0,2.1,1941.0,82499.0,77,0.1243,0.0,0.0,0.0
r0152_c0097,40.7542131,-73.7891285,Residential,54,177.78,0.0,1.9,1944.0,91897.0,79,0.1327,0.0,0.0,0.0
r0152_c0098,40.7542131,-73.7873456,Residential,56,44.44,0.0,2.1,1938.0,149085.0,60,0.805,0.0,0.0,0.0
r0152_c0099,40.7542131,-73.7855627,Residential,36,222.22,0.0,1.6,1949.0,46486.0,69,-0.0,0.0,0.0,0.0
r0152_c0100,40.7542131,-73.7837798,Residential,37,44.44,0.0,1.7,1956.0,69581.0,50,-0.0,0.0,0.0,0.0
r0152_c0101,40.7542131,-73.7819969,Mixed-Use,12,311.11,0.0,1.7,1967.0,63635.0,15,1.3976,0.0,44.44,1.0
r0152_c0102,40.7542131,-73.780214,Residential,39,177.78,0.0,1.8,1955.0,65750.0,57,1.0937,0.0,0.0,0.0
r0152_c0103,40.7542131,-73.7784311,Residential,52,44.44,0.0,1.9,1955.0,90655.0,65,0.5817,0.0,0.0,0.0
r0152_c0104,40.7542131,-73.7766481,Residential,21,88.89,0.0,2.1,1969.0,43561.0,23,0.527,0.0,0.0,0.0
r0152_c0105,40.7542131,-73.7748652,Residential,55,88.89,0.0,1.9,1958.0,82486.0,66,0.5027,0.0,0.0,0.0
r0152_c0106,40.7542131,-73.7730823,Residential,45,88.89,0.0,1.9,1955.0,82207.0,61,0.8444,0.0,0.0,0.0
r0152_c0107,40.7542131,-73.7712994,Residential,42,88.89,0.0,1.9,1960.0,74801.0,53,0.6072,0.0,0.0,0.0
r0152_c0108,40.7542131,-73.7695165,Residential,44,222.22,0.0,2.0,1942.0,70877.0,79,-0.0,0.0,0.0,0.0
r0152_c0109,40.7542131,-73.7677336,Residential,45,0.0,0.0,2.1,1937.0,67586.0,85,-0.0,0.0,0.0,0.0
r0152_c0110,40.7542131,-73.7659507,Residential,37,177.78,0.0,2.3,1937.0,63940.0,72,-0.0,0.0,0.0,0.0
r0152_c0111,40.7542131,-73.7641678,Residential,45,222.22,0.0,2.1,1939.0,70100.0,80,-0.0,0.0,0.0,0.0
r0152_c0112,40.7542131,-73.7623848,Residential,39,44.44,0.0,1.9,1941.0,58074.0,61,-0.0,0.0,0.0,0.0
r0152_c0113,40.7542131,-73.7606019,Institutional,16,133.33,0.0,1.6,1950.0,84953.0,17,1.1705,0.0,0.0,0.0
r0152_c0115,40.7542131,-73.7570361,Residential,5,488.89,0.0,3.0,1975.0,16010.0,5,-0.0,0.0,0.0,0.0
r0152_c0116,40.7542131,-73.7552532,Residential,28,133.33,0.0,2.0,1970.0,82350.0,28,-0.0,44.44,0.0,0.0
r0152_c0117,40.7542131,-73.7534703,Residential,21,0.0,0.0,1.9,1964.0,129861.0,49,0.998,0.0,0.0,0.0
r0152_c0118,40.7542131,-73.7516874,Residential,32,88.89,0.0,1.6,1955.0,63390.0,46,0.0568,0.0,0.0,0.0
r0152_c0119,40.7542131,-73.7499045,Residential,28,88.89,0.0,1.7,1959.0,54241.0,34,0.9969,0.0,0.0,0.0
r0152_c0120,40.7542131,-73.7481216,Residential,28,44.44,0.0,1.6,1966.0,62134.0,34,-0.0,44.44,0.0,0.0
r0152_c0131,40.7542131,-73.7285095,Residential,14,44.44,0.0,1.4,1964.0,26011.0,15,-0.0,0.0,0.0,0.0
r0152_c0132,40.7542131,-73.7267266,Residential,27,88.89,0.0,1.7,1964.0,57762.0,32,-0.0,0.0,0.0,0.0
r0152_c0133,40.7542131,-73.7249437,Residential,21,0.0,0.0,1.4,1965.0,43175.0,21,-0.0,0.0,0.0,0.0
r0152_c0134,40.7542131,-73.7231608,Residential,8,0.0,0.0,1.3,1966.0,14359.0,9,-0.0,0.0,0.0,0.0
r0152_c0135,40.7542131,-73.7213779,Residential,24,133.33,0.0,1.3,1978.0,44159.0,25,0.1387,0.0,0.0,0.0
r0152_c0136,40.7542131,-73.719595,Residential,25,44.44,0.0,1.2,1965.0,45211.0,26,0.39,0.0,0.0,0.0
r0152_c0137,40.7542131,-73.717812,Residential,15,133.33,0.0,1.4,1971.0,28308.0,14,0.6941,0.0,0.0,0.0
r0152_c0138,40.7542131,-73.7160291,Residential,12,0.0,0.0,1.6,1958.0,109663.0,75,0.7802,0.0,0.0,0.0
r0152_c0139,40.7542131,-73.7142462,Residential,5,44.44,0.0,2.0,2001.0,68808.0,48,1.2022,0.0,0.0,0.0
r0152_c0144,40.7542131,-73.7053317,Residential,20,400.0,0.0,1.7,1950.0,25910.0,32,0.7241,0.0,0.0,0.0
r0153_c0011,40.7555645,-73.942459,Residential,12,400.0,0.3333,2.2,1934.0,405735.0,26,0.9228,0.0,133.33,0.0
r0153_c0012,40.7555645,-73.9406761,Industrial,17,311.11,0.4286,3.0,1934.0,270477.0,16,1.6143,88.89,88.89,0.5
r0153_c0013,40.7555645,-73.9388931,Industrial,6,0.0,0.0,1.2,1938.0,114867.0,6,0.4912,0.0,0.0,0.0
r0153_c0014,40.7555645,-73.9371102,Industrial,24,266.67,0.1667,2.4,1955.0,271861.0,29,1.7905,88.89,44.44,0.0
r0153_c0015,40.7555645,-73.9353273,Residential,43,88.89,0.0,2.6,1928.0,240751.0,50,2.2814,0.0,44.44,0.0
r0153_c0016,40.7555645,-73.9335444,Mixed-Use,42,44.44,0.0,2.3,1924.0,205156.0,48,2.6229,0.0,0.0,0.0
r0153_c0017,40.7555645,-73.9317615,Industrial,31,44.44,0.0,2.5,1946.0,354872.0,32,1.7572,0.0,0.0,0.0
r0153_c0018,40.7555645,-73.9299786,Residential,59,222.22,0.2,2.5,1928.0,229655.0,60,2.3474,0.0,88.89,0.0
r0153_c0019,40.7555645,-73.9281957,Mixed-Use,46,311.11,0.7143,2.4,1929.0,194221.0,51,2.5078,0.0,44.44,0.0
r0153_c0020,40.7555645,-73.9264128,Mixed-Use,29,444.44,0.4,3.0,1929.0,354706.0,35,2.4005,0.0,44.44,0.0
r0153_c0021,40.7555645,-73.9246298,Institutional,8,577.78,0.3077,3.2,1939.0,423131.0,9,1.6656,44.44,0.0,0.0
r0153_c0022,40.7555645,-73.9228469,Commercial,6,1244.44,0.1786,2.5,1945.0,296295.0,6,0.8184,44.44,0.0,0.0
r0153_c0023,40.7555645,-73.921064,Mixed-Use,31,488.89,0.0909,3.1,1931.0,410779.0,31,2.0455,44.44,222.22,0.0
r0153_c0024,40.7555645,-73.9192811,Residential,58,222.22,0.4,3.0,1923.0,312650.0,63,0.8927,0.0,88.89,0.0
r0153_c0025,40.7555645,-73.9174982,Residential,57,88.89,0.5,2.7,1929.0,261142.0,60,0.6893,0.0,44.44,0.0
r0153_c0026,40.7555645,-73.9157153,Residential,79,0.0,0.0,2.3,1936.0,222856.0,109,0.9905,0.0,0.0,0.0
r0153_c0027,40.7555645,-73.9139324,Residential,76,0.0,0.0,2.7,1935.0,220996.0,108,1.0356,0.0,0.0,0.0
r0153_c0028,40.7555645,-73.9121495,Mixed-Use,18,1244.44,0.2143,2.6,1932.0,85803.0,17,2.126,0.0,400.0,0.0
r0153_c0030,40.7555645,-73.9085836,Residential,9,222.22,0.0,2.4,1932.0,119288.0,11,1.0821,0.0,0.0,0.0
r0153_c0031,40.7555645,-73.9068007,Residential,63,44.44,0.0,2.3,1946.0,152603.0,93,1.5927,0.0,0.0,0.0
r0153_c0032,40.7555645,-73.9050178,Residential,45,0.0,0.0,2.2,1956.0,104578.0,47,2.1692,0.0,0.0,0.0
r0153_c0033,40.7555645,-73.9032349,Residential,49,88.89,0.0,2.3,1961.0,190965.0,55,1.9136,0.0,0.0,0.0
r0153_c0034,40.7555645,-73.901452,Residential,44,0.0,0.0,2.0,1955.0,147759.0,45,2.3144,0.0,0.0,0.0
r0153_c0035,40.7555645,-73.8996691,Mixed-Use,14,0.0,0.0,2.1,1944.0,32361.0,12,1.0876,0.0,0.0,0.0
r0153_c0036,40.7555645,-73.8978862,Residential,66,0.0,0.0,2.8,1954.0,349051.0,67,1.5253,0.0,0.0,0.0
r0153_c0037,40.7555645,-73.8961033,Residential,78,0.0,0.0,2.3,1956.0,233318.0,78,1.3878,0.0,0.0,0.0
r0153_c0038,40.7555645,-73.8943203,Residential,79,133.33,0.0,1.4,1954.0,142761.0,79,1.2775,0.0,0.0,0.0
r0153_c0039,40.7555645,-73.8925374,Residential,49,266.67,0.0,2.4,1959.0,168385.0,49,1.6517,0.0,0.0,0.0
r0153_c0040,40.7555645,-73.8907545,Residential,55,222.22,0.0,2.0,1947.0,105151.0,78,1.2595,0.0,88.89,0.0
r0153_c0041,40.7555645,-73.8889716,Residential,47,266.67,0.0,1.9,1933.0,86813.0,46,1.5439,0.0,88.89,0.5
r0153_c0042,40.7555645,-73.8871887,Residential,43,1155.56,0.3077,2.3,1931.0,156060.0,63,1.8817,0.0,266.67,0.1667
r0153_c0043,40.7555645,-73.8854058,Residential,45,355.56,0.125,2.6,1928.0,231726.0,57,2.1134,0.0,133.33,0.0
r0153_c0044,40.7555645,-73.8836229,Mixed-Use,47,711.11,0.6875,2.3,1931.0,231679.0,63,1.8739,0.0,177.78,0.0
r0153_c0045,40.7555645,-73.88184,Residential,35,444.44,0.3,2.6,1936.0,128677.0,46,1.5875,44.44,88.89,0.5
r0153_c0046,40.7555645,-73.880057,Residential,49,666.67,0.4667,2.5,1939.0,151491.0,95,1.1151,0.0,177.78,0.0
r0153_c0047,40.7555645,-73.8782741,Residential,52,488.89,0.6364,2.5,1930.0,162048.0,69,1.5856,0.0,88.89,0.0
r0153_c0050,40.7555645,-73.8729254,Residential,32,444.44,0.0,3.0,1952.0,358272.0,43,1.5326,0.0,44.44,0.0
r0153_c0051,40.7555645,-73.8711425,Residential,56,266.67,0.0,2.3,1937.0,188998.0,75,1.7461,0.0,0.0,0.0
r0153_c0052,40.7555645,-73.8693596,Residential,40,44.44,0.0,2.2,1930.0,219158.0,57,1.5026,0.0,0.0,0.0
r0153_c0053,40.7555645,-73.8675767,Residential,55,88.89,0.0,2.2,1935.0,131143.0,67,1.484,0.0,0.0,0.0
r0153_c0054,40.7555645,-73.8657937,Residential,50,222.22,0.2,2.4,1945.0,142809.0,60,1.9123,0.0,88.89,0.0
r0153_c0055,40.7555645,-73.8640108,Residential,46,88.89,0.0,2.4,1940.0,126209.0,58,1.2598,0.0,0.0,0.0
r0153_c0056,40.7555645,-73.8622279,Residential,68,0.0,0.0,2.6,1963.0,201029.0,76,1.247,0.0,0.0,0.0
r0153_c0057,40.7555645,-73.860445,Residential,75,177.78,0.0,2.4,1950.0,192408.0,88,1.6904,0.0,88.89,0.0
r0153_c0058,40.7555645,-73.8586621,Residential,86,177.78,0.0,2.6,1949.0,221017.0,104,1.395,0.0,0.0,0.0
r0153_c0059,40.7555645,-73.8568792,Residential,60,266.67,0.0,2.4,1945.0,142653.0,79,1.1915,0.0,0.0,0.0
r0153_c0067,40.7555645,-73.8426159,Mixed-Use,5,4800.0,0.0,12.0,2020.0,515225.0,2,1.3959,133.33,0.0,0.0
r0153_c0070,40.7555645,-73.8372672,Mixed-Use,3,88.89,0.0,20.0,2020.0,831693.0,4,0.8903,0.0,44.44,1.0
r0153_c0071,40.7555645,-73.8354842,Mixed-Use,34,88.89,0.0,4.3,1984.0,131607.0,32,2.3315,0.0,0.0,0.0
r0153_c0072,40.7555645,-73.8337013,Mixed-Use,57,44.44,1.0,3.3,1977.0,406154.0,63,2.1724,0.0,0.0,0.0
r0153_c0073,40.7555645,-73.8319184,Mixed-Use,23,0.0,0.0,4.4,1982.0,557055.0,24,1.4201,0.0,0.0,0.0
r0153_c0074,40.7555645,-73.8301355,Residential,28,44.44,0.0,4.7,1969.0,625773.0,28,1.7179,0.0,0.0,0.0
r0153_c0075,40.7555645,-73.8283526,Commercial,7,577.78,0.0769,4.2,1967.0,286655.0,7,1.2057,0.0,266.67,0.0
r0153_c0076,40.7555645,-73.8265697,Residential,8,2666.67,0.0,7.2,1971.0,644971.0,9,1.418,0.0,0.0,0.0
r0153_c0077,40.7555645,-73.8247868,Residential,15,444.44,0.0,3.3,1948.0,383263.0,17,1.0283,0.0,0.0,0.0
r0153_c0078,40.7555645,-73.8230039,Residential,11,0.0,0.0,5.1,1949.0,642185.0,12,0.6049,0.0,0.0,0.0
r0153_c0079,40.7555645,-73.8212209,Residential,25,44.44,0.0,4.0,1954.0,489782.0,34,1.5534,0.0,0.0,0.0
r0153_c0080,40.7555645,-73.819438,Residential,39,0.0,0.0,2.3,1934.0,141320.0,63,1.1698,0.0,0.0,0.0
r0153_c0081,40.7555645,-73.8176551,Institutional,30,44.44,0.0,2.5,1954.0,177186.0,36,1.5778,0.0,0.0,0.0
r0153_c0082,40.7555645,-73.8158722,Mixed-Use,24,444.44,0.4,2.1,1942.0,74131.0,31,1.7855,0.0,44.44,0.0
r0153_c0083,40.7555645,-73.8140893,Residential,49,44.44,1.0,2.3,1932.0,118740.0,73,1.1367,0.0,0.0,0.0
r0153_c0084,40.7555645,-73.8123064,Residential,46,44.44,0.0,2.2,1939.0,97193.0,76,0.7266,0.0,0.0,0.0
r0153_c0085,40.7555645,-73.8105235,Residential,48,88.89,0.0,2.1,1931.0,91193.0,87,0.1155,0.0,0.0,0.0
r0153_c0086,40.7555645,-73.8087406,Residential,44,222.22,0.0,1.9,1945.0,74645.0,72,0.3603,0.0,0.0,0.0
r0153_c0087,40.7555645,-73.8069576,Residential,51,0.0,0.0,2.2,1951.0,107632.0,76,0.6784,0.0,0.0,0.0
r0153_c0088,40.7555645,-73.8051747,Residential,56,355.56,0.125,2.2,1948.0,204473.0,75,1.7814,0.0,88.89,0.0
r0153_c0089,40.7555645,-73.8033918,Residential,58,177.78,0.0,2.1,1954.0,114660.0,74,0.7879,0.0,0.0,0.0
r0153_c0090,40.7555645,-73.8016089,Residential,39,400.0,0.0,1.9,1944.0,64447.0,55,0.4407,0.0,0.0,0.0
r0153_c0091,40.7555645,-73.799826,Residential,28,266.67,0.0,2.2,1933.0,68162.0,52,0.9906,0.0,0.0,0.0
r0153_c0092,40.7555645,-73.7980431,Residential,42,133.33,0.0,2.3,1936.0,71121.0,73,0.2169,0.0,0.0,0.0
r0153_c0093,40.7555645,-73.7962602,Residential,38,311.11,0.0,2.5,1930.0,64491.0,74,-0.0,0.0,0.0,0.0
r0153_c0094,40.7555645,-73.7944773,Residential,42,0.0,0.0,2.2,1932.0,68268.0,75,-0.0,0.0,0.0,0.0
r0153_c0095,40.7555645,-73.7926944,Residential,52,88.89,0.0,2.1,1932.0,82144.0,101,0.2043,0.0,0.0,0.0
r0153_c0096,40.7555645,-73.7909114,Residential,51,44.44,0.0,2.3,1929.0,84446.0,94,0.2683,0.0,0.0,0.0
r0153_c0097,40.7555645,-73.7891285,Residential,43,177.78,0.0,2.0,1943.0,85250.0,73,0.6213,0.0,0.0,0.0
r0153_c0098,40.7555645,-73.7873456,Residential,30,266.67,0.0,2.1,1946.0,84908.0,45,0.9267,0.0,0.0,0.0
r0153_c0099,40.7555645,-73.7855627,Residential,40,88.89,0.0,2.0,1946.0,69582.0,60,0.4793,0.0,0.0,0.0
r0153_c0100,40.7555645,-73.7837798,Residential,42,88.89,0.0,1.7,1958.0,78286.0,57,0.259,0.0,0.0,0.0
r0153_c0101,40.7555645,-73.7819969,Residential,28,88.89,0.5,1.9,1957.0,58891.0,42,0.6648,0.0,0.0,0.0
r0153_c0102,40.7555645,-73.780214,Residential,38,133.33,0.0,1.8,1952.0,80780.0,64,-0.0,0.0,0.0,0.0
r0153_c0103,40.7555645,-73.7784311,Residential,46,0.0,0.0,1.7,1948.0,74578.0,59,0.5678,0.0,0.0,0.0
r0153_c0104,40.7555645,-73.7766481,Residential,28,0.0,0.0,2.0,1966.0,40267.0,29,0.4393,0.0,0.0,0.0
r0153_c0105,40.7555645,-73.7748652,Residential,51,88.89,0.0,2.0,1958.0,76605.0,59,0.4529,0.0,0.0,0.0
r0153_c0106,40.7555645,-73.7730823,Residential,46,44.44,0.0,2.0,1970.0,66200.0,57,0.2415,0.0,0.0,0.0
r0153_c0107,40.7555645,-73.7712994,Residential,62,44.44,0.0,2.1,1952.0,148791.0,70,1.0101,0.0,0.0,0.0
r0153_c0108,40.7555645,-73.7695165,Residential,67,266.67,0.5,2.0,1953.0,120766.0,74,1.3588,0.0,133.33,0.0
r0153_c0109,40.7555645,-73.7677336,Residential,32,755.56,0.1765,2.1,1947.0,104142.0,41,1.8016,0.0,311.11,0.1429
r0153_c0110,40.7555645,-73.7659507,Residential,41,177.78,0.0,2.4,1942.0,107107.0,63,1.0439,0.0,44.44,0.0
r0153_c0111,40.7555645,-73.7641678,Residential,35,222.22,0.0,2.1,1936.0,56496.0,66,0.1173,0.0,0.0,0.0
r0153_c0112,40.7555645,-73.7623848,Residential,43,0.0,0.0,2.0,1937.0,69541.0,77,0.1939,0.0,0.0,0.0
r0153_c0117,40.7555645,-73.7534703,Residential,34,355.56,0.0,1.2,1951.0,61304.0,47,0.1817,0.0,44.44,0.0
r0153_c0118,40.7555645,-73.7516874,Residential,26,0.0,0.0,1.3,1955.0,55687.0,31,-0.0,0.0,0.0,0.0
r0153_c0119,40.7555645,-73.7499045,Residential,34,44.44,0.0,1.1,1951.0,47187.0,44,-0.0,0.0,0.0,0.0
r0153_c0120,40.7555645,-73.7481216,Residential,21,44.44,0.0,1.3,1952.0,35717.0,24,1.1417,0.0,0.0,0.0
r0153_c0129,40.7555645,-73.7320753,Residential,5,0.0,0.0,1.8,1962.0,212766.0,122,0.2684,0.0,0.0,0.0
r0153_c0130,40.7555645,-73.7302924,Residential,17,44.44,0.0,1.8,1963.0,27432.0,24,0.0069,0.0,0.0,0.0
r0153_c0131,40.7555645,-73.7285095,Residential,9,355.56,0.0,1.8,1977.0,15644.0,13,0.139,0.0,0.0,0.0
r0153_c0132,40.7555645,-73.7267266,Residential,5,44.44,0.0,1.6,1958.0,105355.0,61,0.5068,0.0,0.0,0.0
r0153_c0133,40.7555645,-73.7249437,Residential,16,0.0,0.0,1.6,1954.0,107655.0,62,0.9472,0.0,0.0,0.0
r0153_c0134,40.7555645,-73.7231608,Residential,9,0.0,0.0,1.3,1959.0,15788.0,10,-0.0,0.0,0.0,0.0
r0153_c0135,40.7555645,-73.7213779,Residential,13,44.44,0.0,1.5,1984.0,25002.0,9,0.7156,0.0,0.0,0.0
r0153_c0136,40.7555645,-73.719595,Residential,20,0.0,0.0,1.3,1958.0,33571.0,22,-0.0,0.0,0.0,0.0
r0153_c0137,40.7555645,-73.717812,Residential,13,0.0,0.0,1.5,1968.0,23011.0,16,-0.0,0.0,0.0,0.0
r0153_c0138,40.7555645,-73.7160291,Residential,8,133.33,0.0,1.8,1988.0,18471.0,12,-0.0,0.0,0.0,0.0
r0154_c0010,40.7569158,-73.9442419,Commercial,17,577.78,0.0769,2.8,1938.0,190485.0,21,2.168,0.0,177.78,0.0
r0154_c0011,40.7569158,-73.942459,Industrial,24,177.78,0.0,5.6,1963.0,610988.0,25,1.5488,177.78,0.0,0.0
r0154_c0012,40.7569158,-73.9406761,Mixed-Use,11,177.78,0.0,2.1,1954.0,103008.0,11,2.0104,44.44,0.0,0.0
r0154_c0013,40.7569158,-73.9388931,Mixed-Use,11,266.67,0.0,1.0,1954.0,63687.0,12,1.027,0.0,222.22,0.2
r0154_c0014,40.7569158,-73.9371102,Commercial,6,133.33,0.0,3.5,1969.0,244783.0,7,1.7153,0.0,44.44,0.0
r0154_c0015,40.7569158,-73.9353273,Mixed-Use,30,0.0,0.0,2.4,1947.0,263971.0,31,2.7314,0.0,0.0,0.0
r0154_c0016,40.7569158,-73.9335444,Institutional,8,844.44,0.0,2.5,1946.0,122099.0,10,1.4825,0.0,0.0,0.0
r0154_c0017,40.7569158,-73.9317615,Residential,38,1022.22,0.2609,2.6,1928.0,456189.0,58,2.2533,0.0,355.56,0.0
r0154_c0018,40.7569158,-73.9299786,Mixed-Use,49,1333.33,0.3667,2.3,1929.0,197621.0,53,2.1311,0.0,400.0,0.1111
r0154_c0019,40.7569158,-73.9281957,Residential,67,133.33,0.6667,2.5,1936.0,249226.0,83,1.9143,0.0,0.0,0.0
r0154_c0020,40.7569158,-73.9264128,Residential,27,400.0,0.2222,2.9,1936.0,389484.0,27,2.134,0.0,88.89,0.0
r0154_c0021,40.7569158,-73.9246298,Commercial,12,266.67,0.3333,2.9,1924.0,462473.0,12,1.8063,44.44,0.0,0.0
r0154_c0022,40.7569158,-73.9228469,Residential,31,44.44,0.0,2.9,1940.0,361713.0,33,2.2856,0.0,0.0,0.0
r0154_c0023,40.7569158,-73.921064,Commercial,29,1288.89,0.1724,2.7,1942.0,217874.0,31,1.6633,0.0,533.33,0.1667
r0154_c0024,40.7569158,-73.9192811,Residential,50,400.0,0.1111,2.8,1944.0,289684.0,58,1.9709,0.0,222.22,0.4
r0154_c0025,40.7569158,-73.9174982,Residential,72,88.89,0.0,2.5,1937.0,225366.0,87,1.1147,0.0,0.0,0.0
r0154_c0026,40.7569158,-73.9157153,Residential,65,533.33,0.1667,2.3,1937.0,193901.0,68,2.1138,0.0,177.78,0.25
r0154_c0027,40.7569158,-73.9139324,Residential,49,755.56,0.2353,2.4,1946.0,195525.0,53,2.3315,0.0,44.44,0.0
r0154_c0028,40.7569158,-73.9121495,Residential,41,133.33,0.0,2.6,1944.0,112357.0,52,1.7006,0.0,0.0,0.0
r0154_c0031,40.7569158,-73.9068007,Residential,28,1644.44,0.0811,2.5,1954.0,193157.0,33,1.9303,0.0,533.33,0.0
r0154_c0032,40.7569158,-73.9050178,Mixed-Use,22,177.78,0.25,2.2,1956.0,165572.0,21,2.1388,0.0,88.89,0.0
r0154_c0033,40.7569158,-73.9032349,Residential,44,0.0,0.0,2.5,1955.0,96210.0,57,1.7328,0.0,0.0,0.0
r0154_c0034,40.7569158,-73.901452,Mixed-Use,15,222.22,0.0,1.5,1953.0,146147.0,20,1.6865,0.0,88.89,0.0
r0154_c0035,40.7569158,-73.8996691,Residential,19,0.0,0.0,3.2,1966.0,112280.0,19,0.9108,0.0,0.0,0.0
r0154_c0036,40.7569158,-73.8978862,Residential,75,88.89,0.0,2.2,1946.0,118734.0,76,0.6849,0.0,0.0,0.0
r0154_c0037,40.7569158,-73.8961033,Residential,48,88.89,0.0,2.0,1955.0,98588.0,48,0.5037,0.0,0.0,0.0
r0154_c0038,40.7569158,-73.8943203,Institutional,51,133.33,0.0,2.4,1957.0,160263.0,53,1.1715,0.0,0.0,0.0
r0154_c0039,40.7569158,-73.8925374,Residential,72,133.33,0.0,2.5,1957.0,167515.0,73,1.091,0.0,0.0,0.0
r0154_c0040,40.7569158,-73.8907545,Residential,83,88.89,0.0,2.0,1950.0,125624.0,92,0.2843,0.0,0.0,0.0
r0154_c0041,40.7569158,-73.8889716,Residential,74,0.0,0.0,2.0,1930.0,143660.0,83,0.8376,0.0,0.0,0.0
r0154_c0042,40.7569158,-73.8871887,Residential,61,0.0,0.0,2.0,1930.0,167788.0,107,0.9862,0.0,0.0,0.0
r0154_c0043,40.7569158,-73.8854058,Residential,73,0.0,0.0,2.1,1924.0,184932.0,129,1.0871,0.0,0.0,0.0
r0154_c0044,40.7569158,-73.8836229,Residential,90,44.44,0.0,2.0,1933.0,167929.0,156,0.5994,0.0,0.0,0.0
r0154_c0045,40.7569158,-73.88184,Residential,88,0.0,0.0,2.1,1932.0,192306.0,162,1.0773,0.0,0.0,0.0
r0154_c0046,40.7569158,-73.880057,Residential,47,177.78,0.25,2.3,1952.0,502181.0,52,1.2892,0.0,44.44,0.0
r0154_c0048,40.7569158,-73.8764912,Mixed-Use,13,311.11,0.0,2.0,1948.0,58708.0,12,1.7394,0.0,0.0,0.0
r0154_c0049,40.7569158,-73.8747083,Residential,13,1333.33,0.0333,3.2,1946.0,119072.0,13,1.4747,0.0,0.0,0.0
r0154_c0050,40.7569158,-73.8729254,Mixed-Use,35,888.89,0.3,2.3,1940.0,119344.0,37,2.3565,0.0,311.11,0.1429
r0154_c0051,40.7569158,-73.8711425,Mixed-Use,45,444.44,0.1,2.3,1931.0,154209.0,53,2.6145,0.0,133.33,0.0
r0154_c0052,40.7569158,-73.8693596,Residential,62,444.44,0.5,2.5,1921.0,206392.0,74,2.0957,0.0,177.78,0.0
r0154_c0053,40.7569158,-73.8675767,Residential,55,488.89,0.1818,2.4,1943.0,158489.0,66,2.028,0.0,222.22,0.0
r0154_c0054,40.7569158,-73.8657937,Residential,59,444.44,0.1,2.4,1946.0,217519.0,68,2.1608,0.0,222.22,0.0
r0154_c0055,40.7569158,-73.8640108,Residential,77,266.67,0.3333,2.5,1943.0,221812.0,81,1.9864,0.0,133.33,0.0
r0154_c0056,40.7569158,-73.8622279,Residential,73,44.44,0.0,2.2,1926.0,218354.0,91,2.0798,0.0,0.0,0.0
r0154_c0057,40.7569158,-73.860445,Residential,59,133.33,0.3333,2.2,1936.0,159176.0,68,2.2533,0.0,44.44,0.0
r0154_c0058,40.7569158,-73.8586621,Residential,54,266.67,0.0,2.5,1939.0,115280.0,61,1.0728,0.0,0.0,0.0
r0154_c0059,40.7569158,-73.8568792,Residential,34,444.44,0.0,2.5,1935.0,201715.0,43,1.622,44.44,0.0,0.0
r0154_c0067,40.7569158,-73.8426159,Mixed-Use,7,133.33,0.0,12.0,2024.0,328383.0,4,0.582,0.0,0.0,0.0
r0154_c0068,40.7569158,-73.840833,Mixed-Use,4,0.0,0.0,,,0.0,2,-0.0,0.0,0.0,0.0
r0154_c0069,40.7569158,-73.8390501,Mixed-Use,3,0.0,0.0,,,0.0,1,0.4213,0.0,0.0,0.0
r0154_c0070,40.7569158,-73.8372672,Commercial,5,577.78,0.0,13.0,2013.0,2237402.0,5,0.686,0.0,44.44,1.0
r0154_c0071,40.7569158,-73.8354842,Residential,9,888.89,0.3,4.5,2010.0,448307.0,8,0.2824,0.0,577.78,0.9231
r0154_c0072,40.7569158,-73.8337013,Mixed-Use,11,444.44,0.1,5.0,1973.0,219527.0,11,1.7892,44.44,88.89,0.5
r0154_c0073,40.7569158,-73.8319184,Mixed-Use,48,133.33,0.0,4.8,1998.0,458617.0,45,2.0951,0.0,0.0,0.0
r0154_c0074,40.7569158,-73.8301355,Mixed-Use,46,177.78,0.25,3.5,1977.0,631033.0,48,1.6704,0.0,88.89,0.0
r0154_c0075,40.7569158,-73.8283526,Institutional,7,1111.11,0.08,3.3,1944.0,284580.0,8,1.5425,88.89,88.89,0.0
r0154_c0076,40.7569158,-73.8265697,Residential,6,266.67,0.1667,6.0,1966.0,378784.0,8,1.0277,0.0,0.0,0.0
r0154_c0077,40.7569158,-73.8247868,Residential,14,266.67,0.0,5.7,1973.0,467919.0,15,2.0038,44.44,0.0,0.0
r0154_c0078,40.7569158,-73.8230039,Mixed-Use,15,133.33,0.0,5.7,1975.0,825512.0,16,2.2421,0.0,0.0,0.0
r0154_c0079,40.7569158,-73.8212209,Residential,30,177.78,0.25,2.7,1963.0,196242.0,43,2.2496,0.0,88.89,0.0
r0154_c0080,40.7569158,-73.819438,Residential,29,0.0,0.0,2.5,1947.0,152192.0,47,1.4779,0.0,0.0,0.0
r0154_c0081,40.7569158,-73.8176551,Residential,39,0.0,0.0,2.4,1960.0,91034.0,49,1.1527,0.0,0.0,0.0
r0154_c0082,40.7569158,-73.8158722,Residential,47,44.44,0.0,2.3,1950.0,117893.0,68,1.1679,0.0,0.0,0.0
r0154_c0083,40.7569158,-73.8140893,Residential,41,0.0,0.0,2.3,1947.0,90652.0,64,0.8741,0.0,0.0,0.0
r0154_c0084,40.7569158,-73.8123064,Residential,48,0.0,0.0,2.3,1944.0,107577.0,78,0.545,0.0,0.0,0.0
r0154_c0085,40.7569158,-73.8105235,Residential,47,133.33,0.0,2.2,1950.0,106478.0,65,1.0557,0.0,0.0,0.0
r0154_c0086,40.7569158,-73.8087406,Residential,55,88.89,0.0,2.3,1954.0,130415.0,75,1.0901,0.0,0.0,0.0
r0154_c0087,40.7569158,-73.8069576,Residential,48,177.78,0.0,2.3,1968.0,116127.0,61,1.1128,0.0,0.0,0.0
r0154_c0088,40.7569158,-73.8051747,Residential,57,44.44,0.0,2.3,1956.0,158032.0,68,1.8186,0.0,0.0,0.0
r0154_c0089,40.7569158,-73.8033918,Residential,50,44.44,0.0,2.3,1942.0,142614.0,77,1.2682,0.0,0.0,0.0
r0154_c0090,40.7569158,-73.8016089,Residential,58,88.89,0.0,2.2,1944.0,144878.0,80,0.6923,0.0,0.0,0.0
r0154_c0091,40.7569158,-73.799826,Residential,49,177.78,0.0,2.2,1936.0,88381.0,87,0.1434,0.0,0.0,0.0
r0154_c0092,40.7569158,-73.7980431,Residential,46,88.89,0.0,2.5,1929.0,81150.0,90,0.1497,0.0,0.0,0.0
r0154_c0093,40.7569158,-73.7962602,Residential,35,88.89,0.0,2.5,1932.0,64544.0,65,-0.0,0.0,0.0,0.0
r0154_c0094,40.7569158,-73.7944773,Residential,37,177.78,0.0,1.7,1950.0,86564.0,50,0.4823,0.0,0.0,0.0
r0154_c0095,40.7569158,-73.7926944,Residential,45,177.78,0.25,1.9,1942.0,81733.0,68,0.9877,0.0,0.0,0.0
r0154_c0096,40.7569158,-73.7909114,Residential,45,177.78,0.0,2.1,1944.0,87427.0,73,1.3469,0.0,0.0,0.0
r0154_c0097,40.7569158,-73.7891285,Residential,39,44.44,0.0,2.0,1948.0,114007.0,59,1.3411,0.0,0.0,0.0
r0154_c0098,40.7569158,-73.7873456,Residential,66,0.0,0.0,1.8,1949.0,102442.0,80,0.2964,0.0,0.0,0.0
r0154_c0099,40.7569158,-73.7855627,Residential,56,133.33,0.0,2.1,1950.0,185677.0,73,1.3569,0.0,0.0,0.0
r0154_c0100,40.7569158,-73.7837798,Residential,37,177.78,0.0,1.8,1948.0,93882.0,49,1.896,0.0,0.0,0.0
r0154_c0101,40.7569158,-73.7819969,Residential,34,222.22,0.2,1.9,1958.0,116217.0,47,1.4417,0.0,0.0,0.0
r0154_c0102,40.7569158,-73.780214,Residential,39,88.89,0.0,1.8,1950.0,89970.0,61,0.8344,0.0,0.0,0.0
r0154_c0103,40.7569158,-73.7784311,Residential,48,0.0,0.0,2.0,1946.0,86000.0,58,0.677,0.0,0.0,0.0
r0154_c0104,40.7569158,-73.7766481,Residential,19,44.44,0.0,2.2,1944.0,34657.0,25,1.2226,0.0,0.0,0.0
r0154_c0105,40.7569158,-73.7748652,Residential,52,44.44,0.0,1.7,1957.0,77246.0,65,0.4021,0.0,0.0,0.0
r0154_c0106,40.7569158,-73.7730823,Residential,32,44.44,0.0,1.8,1962.0,60394.0,46,0.1859,0.0,0.0,0.0
r0154_c0107,40.7569158,-73.7712994,Institutional,20,1200.0,0.0,2.2,1934.0,176558.0,30,1.0017,0.0,0.0,0.0
r0154_c0108,40.7569158,-73.7695165,Residential,51,177.78,0.0,2.1,1957.0,76102.0,69,0.5088,0.0,0.0,0.0
r0154_c0109,40.7569158,-73.7677336,Residential,60,44.44,1.0,2.2,1950.0,122816.0,71,1.3938,0.0,0.0,0.0
r0154_c0110,40.7569158,-73.7659507,Residential,35,0.0,0.0,2.3,1950.0,89148.0,37,0.854,0.0,0.0,0.0
r0154_c0111,40.7569158,-73.7641678,Residential,12,44.44,0.0,2.0,1954.0,236186.0,30,0.5719,0.0,0.0,0.0
r0154_c0112,40.7569158,-73.7623848,Residential,36,44.44,0.0,1.7,1958.0,52693.0,45,0.2384,0.0,0.0,0.0
r0154_c0114,40.7569158,-73.758819,Residential,4,488.89,0.0,2.0,2002.0,9818.0,4,0.9952,0.0,0.0,0.0
r0154_c0115,40.7569158,-73.7570361,Residential,16,488.89,0.0909,1.4,1970.0,41059.0,16,-0.0,44.44,0.0,0.0
r0154_c0116,40.7569158,-73.7552532,Residential,17,222.22,0.2,1.4,1964.0,47416.0,17,-0.0,0.0,0.0,0.0
r0154_c0117,40.7569158,-73.7534703,Residential,23,44.44,0.0,1.2,1957.0,54676.0,24,-0.0,0.0,0.0,0.0
r0154_c0118,40.7569158,-73.7516874,Residential,26,133.33,0.0,1.3,1962.0,76746.0,26,-0.0,0.0,0.0,0.0
r0154_c0119,40.7569158,-73.7499045,Residential,22,0.0,0.0,1.2,1957.0,38012.0,26,-0.0,0.0,0.0,0.0
r0154_c0120,40.7569158,-73.7481216,Open Space,4,44.44,0.0,1.7,1968.0,5980.0,5,0.7264,0.0,0.0,0.0
r0154_c0124,40.7569158,-73.7409899,Open Space,11,0.0,0.0,1.6,1959.0,23354.0,12,0.9102,0.0,0.0,0.0
r0154_c0125,40.7569158,-73.739207,Mixed-Use,5,133.33,0.0,1.0,1959.0,9405.0,4,0.9653,0.0,0.0,0.0
r0154_c0127,40.7569158,-73.7356412,Residential,4,0.0,0.0,1.8,1951.0,115838.0,65,0.2629,0.0,0.0,0.0
r0154_c0128,40.7569158,-73.7338583,Residential,15,0.0,0.0,2.2,1969.0,41759.0,17,0.3503,0.0,0.0,0.0
r0154_c0129,40.7569158,-73.7320753,Residential,25,44.44,0.0,2.0,1967.0,53856.0,32,-0.0,0.0,0.0,0.0
r0154_c0130,40.7569158,-73.7302924,Residential,27,44.44,0.0,1.8,1964.0,52622.0,34,0.7573,0.0,0.0,0.0
r0154_c0134,40.7569158,-73.7231608,Residential,7,0.0,0.0,1.7,1951.0,91304.0,54,0.7199,0.0,0.0,0.0
r0154_c0135,40.7569158,-73.7213779,Residential,10,0.0,0.0,1.4,1946.0,11809.0,19,-0.0,0.0,0.0,0.0
r0155_c0010,40.7582672,-73.9442419,Industrial,8,133.33,0.0,6.2,1946.0,695037.0,17,1.0377,44.44,0.0,0.0
r0155_c0011,40.7582672,-73.942459,Industrial,30,44.44,0.0,3.3,1953.0,250540.0,28,1.9437,44.44,0.0,0.0
r0155_c0012,40.7582672,-73.9406761,Industrial,25,44.44,0.0,2.0,1957.0,139051.0,25,2.1595,0.0,0.0,0.0
r0155_c0013,40.7582672,-73.9388931,Institutional,7,666.67,0.0,3.7,1953.0,140330.0,9,1.2507,44.44,0.0,0.0
r0155_c0014,40.7582672,-73.9371102,Industrial,15,44.44,0.0,1.1,1943.0,111699.0,14,0.9979,0.0,44.44,0.0
r0155_c0015,40.7582672,-73.9353273,Mixed-Use,47,533.33,0.0833,1.9,1944.0,155921.0,45,2.433,0.0,222.22,0.0
r0155_c0016,40.7582672,-73.9335444,Residential,42,666.67,0.0667,2.1,1942.0,125800.0,48,1.7432,0.0,0.0,0.0
r0155_c0017,40.7582672,-73.9317615,Residential,76,177.78,0.25,2.4,1934.0,257761.0,91,1.6148,0.0,0.0,0.0
r0155_c0018,40.7582672,-73.9299786,Residential,49,44.44,1.0,2.7,1934.0,340394.0,58,1.8623,0.0,0.0,0.0
r0155_c0019,40.7582672,-73.9281957,Residential,48,488.89,0.6364,2.1,1939.0,180263.0,50,2.7279,0.0,44.44,0.0
r0155_c0020,40.7582672,-73.9264128,Residential,65,0.0,0.0,2.8,1939.0,305369.0,77,1.4686,0.0,0.0,0.0
r0155_c0021,40.7582672,-73.9246298,Residential,36,311.11,0.1429,3.0,1930.0,299410.0,44,1.7216,0.0,222.22,0.2
r0155_c0022,40.7582672,-73.9228469,Residential,54,222.22,0.8,2.2,1931.0,139848.0,64,1.2138,0.0,44.44,0.0
r0155_c0023,40.7582672,-73.921064,Residential,60,88.89,0.0,2.4,1937.0,265713.0,76,2.0892,0.0,0.0,0.0
r0155_c0024,40.7582672,-73.9192811,Mixed-Use,45,2088.89,0.2553,2.9,1933.0,296431.0,44,1.9842,0.0,533.33,0.0
r0155_c0025,40.7582672,-73.9174982,Residential,56,1466.67,0.2727,2.4,1934.0,210235.0,66,2.2999,0.0,355.56,0.0
r0155_c0026,40.7582672,-73.9157153,Residential,71,488.89,0.3636,2.5,1936.0,216472.0,85,1.5325,0.0,133.33,0.0
r0155_c0027,40.7582672,-73.9139324,Residential,58,0.0,0.0,2.3,1933.0,232484.0,64,1.6339,0.0,0.0,0.0
r0155_c0028,40.7582672,-73.9121495,Residential,52,133.33,0.0,2.6,1946.0,228926.0,64,1.6741,0.0,0.0,0.0
r0155_c0029,40.7582672,-73.9103665,Residential,41,400.0,0.0,2.2,1953.0,112201.0,44,1.7793,0.0,88.89,0.0
r0155_c0030,40.7582672,-73.9085836,Residential,49,311.11,0.0,2.7,1953.0,191194.0,50,1.5077,0.0,44.44,0.0
r0155_c0031,40.7582672,-73.9068007,Residential,13,222.22,0.0,2.3,1944.0,765621.0,23,0.2578,0.0,0.0,0.0
r0155_c0033,40.7582672,-73.9032349,Industrial,4,88.89,0.0,1.3,1959.0,381004.0,4,0.15,0.0,88.89,0.0
r0155_c0035,40.7582672,-73.8996691,Residential,16,488.89,0.0,1.5,1952.0,26717.0,16,0.474,0.0,0.0,0.0
r0155_c0036,40.7582672,-73.8978862,Residential,68,133.33,0.0,2.5,1957.0,177696.0,69,1.3792,0.0,0.0,0.0
r0155_c0037,40.7582672,-73.8961033,Residential,54,222.22,0.0,2.8,1959.0,142294.0,54,0.9231,0.0,0.0,0.0
r0155_c0038,40.7582672,-73.8943203,Residential,61,44.44,0.0,3.0,1959.0,160594.0,61,0.3458,0.0,0.0,0.0
r0155_c0039,40.7582672,-73.8925374,Residential,68,266.67,0.1667,2.0,1955.0,126400.0,70,0.5788,0.0,177.78,0.25
r0155_c0040,40.7582672,-73.8907545,Residential,67,88.89,0.0,2.1,1951.0,114253.0,78,0.7503,0.0,0.0,0.0
r0155_c0041,40.7582672,-73.8889716,Residential,79,0.0,0.0,2.4,1949.0,171129.0,83,1.1486,0.0,0.0,0.0
r0155_c0042,40.7582672,-73.8871887,Residential,73,88.89,0.0,2.2,1929.0,192047.0,125,1.1075,0.0,44.44,0.0
r0155_c0043,40.7582672,-73.8854058,Residential,70,0.0,0.0,2.0,1928.0,152395.0,121,0.9852,0.0,0.0,0.0
r0155_c0044,40.7582672,-73.8836229,Residential,67,133.33,0.0,2.0,1928.0,132716.0,128,0.7694,0.0,0.0,0.0
r0155_c0045,40.7582672,-73.88184,Residential,59,44.44,0.0,2.0,1931.0,118034.0,114,0.6571,0.0,0.0,0.0
r0155_c0046,40.7582672,-73.880057,Residential,52,44.44,0.0,2.3,1949.0,129937.0,66,1.6841,0.0,0.0,0.0
r0155_c0047,40.7582672,-73.8782741,Institutional,20,666.67,0.0,2.4,1933.0,178737.0,30,1.2777,0.0,0.0,0.0
r0155_c0048,40.7582672,-73.8764912,Residential,45,0.0,0.0,2.4,1942.0,455824.0,57,1.4866,0.0,0.0,0.0
r0155_c0049,40.7582672,-73.8747083,Institutional,26,1377.78,0.1935,2.3,1934.0,281912.0,33,1.9562,44.44,266.67,0.0
r0155_c0050,40.7582672,-73.8729254,Residential,70,88.89,0.0,2.1,1930.0,135045.0,87,0.9785,0.0,0.0,0.0
r0155_c0051,40.7582672,-73.8711425,Residential,70,266.67,0.0,2.1,1930.0,122144.0,89,1.2578,0.0,0.0,0.0
r0155_c0052,40.7582672,-73.8693596,Residential,54,177.78,0.0,2.0,1944.0,110668.0,71,2.0137,0.0,0.0,0.0
r0155_c0053,40.7582672,-73.8675767,Residential,71,44.44,0.0,2.2,1937.0,221904.0,87,1.9676,0.0,0.0,0.0
r0155_c0054,40.7582672,-73.8657937,Residential,68,444.44,0.3,2.2,1937.0,168334.0,80,2.2342,0.0,222.22,0.0
r0155_c0055,40.7582672,-73.8640108,Residential,60,266.67,0.3333,2.5,1946.0,196999.0,72,2.0456,0.0,88.89,0.0
r0155_c0056,40.7582672,-73.8622279,Residential,49,311.11,0.2857,2.6,1936.0,181283.0,59,1.6809,0.0,133.33,0.0
r0155_c0057,40.7582672,-73.860445,Mixed-Use,34,311.11,0.5714,1.9,1950.0,107978.0,37,2.4985,0.0,133.33,0.0
r0155_c0058,40.7582672,-73.8586621,Mixed-Use,28,311.11,0.4286,2.4,1937.0,196400.0,35,2.6147,0.0,177.78,0.0
r0155_c0059,40.7582672,-73.8568792,Residential,17,266.67,0.0,3.6,1963.0,843013.0,28,1.6485,44.44,0.0,0.0
r0155_c0066,40.7582672,-73.8443988,Mixed-Use,4,6844.44,0.026,1.0,1940.0,5400.0,3,0.9457,0.0,0.0,0.0
r0155_c0067,40.7582672,-73.8426159,Open Space,5,0.0,0.0,2.2,1968.0,622385.0,10,0.449,0.0,0.0,0.0
r0155_c0068,40.7582672,-73.840833,Mixed-Use,9,0.0,0.0,1.4,1960.0,18390.0,11,0.5091,0.0,0.0,0.0
r0155_c0071,40.7582672,-73.8354842,Mixed-Use,11,0.0,0.0,3.3,1939.0,53046.0,7,1.1811,0.0,0.0,0.0
r0155_c0072,40.7582672,-73.8337013,Residential,7,533.33,0.0833,3.6,1976.0,406977.0,12,0.727,44.44,0.0,0.0
r0155_c0073,40.7582672,-73.8319184,Mixed-Use,15,844.44,0.3158,3.6,1973.0,110896.0,16,1.4256,0.0,88.89,0.0
r0155_c0074,40.7582672,-73.8301355,Commercial,34,2400.0,0.3704,3.3,1968.0,450773.0,34,1.1021,44.44,711.11,0.1875
r0155_c0075,40.7582672,-73.8283526,Mixed-Use,9,1333.33,0.1667,4.2,1983.0,457495.0,10,1.3648,0.0,400.0,0.0
r0155_c0076,40.7582672,-73.8265697,Commercial,8,400.0,0.0,7.7,1987.0,836374.0,11,1.9616,0.0,0.0,0.0
r0155_c0077,40.7582672,-73.8247868,Institutional,6,2533.33,0.0,4.6,1958.0,299032.0,7,0.9322,0.0,0.0,0.0
r0155_c0078,40.7582672,-73.8230039,Residential,8,266.67,0.0,4.5,1950.0,484283.0,15,1.5873,0.0,0.0,0.0
r0155_c0079,40.7582672,-73.8212209,Residential,30,133.33,0.0,3.1,1951.0,290422.0,36,2.1954,0.0,0.0,0.0
r0155_c0080,40.7582672,-73.819438,Residential,22,44.44,0.0,3.5,1966.0,322140.0,24,2.164,0.0,0.0,0.0
r0155_c0081,40.7582672,-73.8176551,Residential,26,133.33,0.0,2.8,1970.0,289109.0,38,1.9379,0.0,0.0,0.0
r0155_c0082,40.7582672,-73.8158722,Residential,41,88.89,0.0,2.5,1934.0,139148.0,65,1.2913,0.0,0.0,0.0
r0155_c0083,40.7582672,-73.8140893,Residential,34,44.44,0.0,2.4,1944.0,94918.0,57,0.7652,0.0,0.0,0.0
r0155_c0084,40.7582672,-73.8123064,Residential,47,88.89,0.0,2.2,1951.0,103556.0,73,0.2119,0.0,0.0,0.0
r0155_c0085,40.7582672,-73.8105235,Residential,44,0.0,0.0,2.2,1939.0,85260.0,68,0.1879,0.0,0.0,0.0
r0155_c0086,40.7582672,-73.8087406,Residential,54,88.89,0.0,2.3,1953.0,130696.0,74,1.1373,0.0,0.0,0.0
r0155_c0087,40.7582672,-73.8069576,Residential,53,0.0,0.0,2.5,1946.0,180870.0,79,0.8504,0.0,0.0,0.0
r0155_c0088,40.7582672,-73.8051747,Residential,55,133.33,0.3333,2.4,1957.0,148177.0,77,1.3054,0.0,88.89,0.0
r0155_c0089,40.7582672,-73.8033918,Residential,55,400.0,0.2222,2.4,1943.0,157913.0,80,1.1842,0.0,88.89,0.0
r0155_c0090,40.7582672,-73.8016089,Residential,54,44.44,0.0,2.5,1944.0,188300.0,80,0.7759,0.0,0.0,0.0
r0155_c0091,40.7582672,-73.799826,Residential,40,44.44,0.0,2.3,1934.0,68379.0,67,0.5348,0.0,0.0,0.0
r0155_c0092,40.7582672,-73.7980431,Residential,32,177.78,0.0,2.4,1942.0,75146.0,46,0.8972,0.0,0.0,0.0
r0155_c0093,40.7582672,-73.7962602,Residential,30,177.78,0.0,2.1,1938.0,101155.0,42,1.3972,0.0,0.0,0.0
r0155_c0094,40.7582672,-73.7944773,Residential,37,177.78,0.0,1.9,1945.0,78733.0,41,1.9872,0.0,0.0,0.0
r0155_c0095,40.7582672,-73.7926944,Residential,29,88.89,0.0,2.2,1942.0,77879.0,50,1.3519,0.0,0.0,0.0
r0155_c0096,40.7582672,-73.7909114,Residential,38,0.0,0.0,2.1,1944.0,73169.0,54,0.8992,0.0,0.0,0.0
r0155_c0097,40.7582672,-73.7891285,Residential,36,222.22,0.0,2.0,1950.0,78587.0,36,1.4045,0.0,44.44,0.0
r0155_c0098,40.7582672,-73.7873456,Residential,47,177.78,0.0,2.0,1946.0,145504.0,49,1.7156,0.0,44.44,0.0
r0155_c0099,40.7582672,-73.7855627,Residential,35,177.78,0.0,1.9,1951.0,72402.0,36,1.709,0.0,0.0,0.0
r0155_c0100,40.7582672,-73.7837798,Commercial,16,311.11,0.2857,1.8,1957.0,88679.0,23,1.9178,0.0,88.89,0.0
r0155_c0101,40.7582672,-73.7819969,Institutional,21,88.89,0.0,2.9,1950.0,308407.0,23,1.732,0.0,0.0,0.0
r0155_c0102,40.7582672,-73.780214,Residential,24,133.33,0.3333,2.3,1946.0,129143.0,26,1.883,0.0,0.0,0.0
r0155_c0103,40.7582672,-73.7784311,Residential,20,222.22,0.2,2.0,1958.0,81917.0,26,1.8473,0.0,88.89,1.0
r0155_c0104,40.7582672,-73.7766481,Commercial,4,133.33,0.0,1.8,1945.0,51297.0,7,-0.0,0.0,0.0,0.0
r0155_c0105,40.7582672,-73.7748652,Residential,37,133.33,0.0,2.0,1958.0,101884.0,36,2.0159,0.0,0.0,0.0
r0155_c0106,40.7582672,-73.7730823,Residential,48,177.78,0.0,1.3,1952.0,87433.0,56,1.5934,0.0,0.0,0.0
r0155_c0107,40.7582672,-73.7712994,Residential,43,266.67,0.0,1.8,1960.0,82723.0,63,1.2876,0.0,0.0,0.0
r0155_c0108,40.7582672,-73.7695165,Institutional,35,266.67,0.1667,2.2,1956.0,126483.0,45,1.783,0.0,0.0,0.0
r0155_c0109,40.7582672,-73.7677336,Residential,52,133.33,0.3333,2.0,1941.0,83997.0,59,0.8499,0.0,0.0,0.0
r0155_c0110,40.7582672,-73.7659507,Residential,38,0.0,0.0,2.1,1949.0,153054.0,62,0.987,0.0,0.0,0.0
r0155_c0111,40.7582672,-73.7641678,Residential,55,44.44,0.0,1.9,1954.0,67869.0,62,-0.0,0.0,0.0,0.0
r0155_c0112,40.7582672,-73.7623848,Residential,31,0.0,0.0,1.4,1955.0,42434.0,35,0.5056,0.0,0.0,0.0
r0155_c0115,40.7582672,-73.7570361,Residential,15,222.22,0.0,1.2,1955.0,39649.0,15,-0.0,0.0,0.0,0.0
r0155_c0116,40.7582672,-73.7552532,Residential,10,0.0,0.0,1.2,1960.0,29959.0,10,-0.0,0.0,0.0,0.0
r0155_c0117,40.7582672,-73.7534703,Residential,12,222.22,0.0,1.2,1959.0,28321.0,12,-0.0,0.0,0.0,0.0
r0155_c0118,40.7582672,-73.7516874,Residential,32,44.44,0.0,1.2,1955.0,53097.0,34,-0.0,0.0,0.0,0.0
r0155_c0119,40.7582672,-73.7499045,Open Space,7,0.0,0.0,1.6,1955.0,10690.0,5,0.9204,0.0,0.0,0.0
r0155_c0123,40.7582672,-73.7427728,Open Space,8,0.0,0.0,1.5,1946.0,12528.0,8,0.8826,0.0,0.0,0.0
r0155_c0124,40.7582672,-73.7409899,Residential,29,88.89,0.0,2.0,1945.0,60476.0,37,0.1531,0.0,0.0,0.0
r0155_c0125,40.7582672,-73.739207,Residential,28,44.44,0.0,1.9,1954.0,59793.0,35,0.0577,0.0,0.0,0.0
r0155_c0126,40.7582672,-73.7374241,Residential,8,0.0,0.0,1.9,1938.0,11108.0,9,0.1544,0.0,0.0,0.0
r0155_c0129,40.7582672,-73.7320753,Institutional,20,44.44,0.0,1.5,1955.0,131149.0,22,0.9795,0.0,0.0,0.0
r0155_c0130,40.7582672,-73.7302924,Residential,8,44.44,0.0,1.9,1985.0,20786.0,13,0.5441,0.0,0.0,0.0
r0155_c0133,40.7582672,-73.7249437,Residential,8,0.0,0.0,1.8,1955.0,15824.0,14,-0.0,0.0,0.0,0.0
r0155_c0134,40.7582672,-73.7231608,Residential,3,0.0,0.0,2.0,1969.0,8616.0,6,-0.0,0.0,0.0,0.0
r0155_c0135,40.7582672,-73.7213779,Residential,27,0.0,0.0,1.7,1945.0,37206.0,46,-0.0,0.0,0.0,0.0
r0156_c0010,40.7596185,-73.9442419,Industrial,5,133.33,0.3333,1.5,1948.0,42753.0,6,1.2111,0.0,44.44,0.0
r0156_c0011,40.7596185,-73.942459,Industrial,28,0.0,0.0,2.4,1951.0,288691.0,38,1.6017,0.0,0.0,0.0
r0156_c0012,40.7596185,-73.9406761,Industrial,25,177.78,0.0,2.6,1949.0,185415.0,26,2.257,88.89,0.0,0.0
r0156_c0013,40.7596185,-73.9388931,Mixed-Use,34,0.0,0.0,1.9,1946.0,148621.0,41,2.3802,0.0,0.0,0.0
r0156_c0014,40.7596185,-73.9371102,Commercial,11,1600.0,0.1389,1.1,1961.0,56931.0,11,1.7749,0.0,133.33,0.0
r0156_c0016,40.7596185,-73.9335444,Industrial,14,266.67,0.0,1.8,1937.0,57760.0,14,1.859,0.0,44.44,0.0
r0156_c0017,40.7596185,-73.9317615,Residential,47,88.89,0.0,2.3,1939.0,271975.0,54,2.2132,0.0,0.0,0.0
r0156_c0018,40.7596185,-73.9299786,Residential,65,0.0,0.0,2.0,1940.0,294367.0,72,1.4717,0.0,0.0,0.0
r0156_c0019,40.7596185,-73.9281957,Residential,38,222.22,0.0,2.4,1928.0,274609.0,43,2.7009,0.0,44.44,0.0
r0156_c0020,40.7596185,-73.9264128,Residential,50,355.56,0.625,2.7,1941.0,250246.0,55,1.8884,0.0,133.33,0.0
r0156_c0021,40.7596185,-73.9246298,Residential,64,44.44,0.0,2.4,1926.0,297048.0,88,1.5355,0.0,0.0,0.0
r0156_c0022,40.7596185,-73.9228469,Residential,62,133.33,0.3333,2.4,1934.0,207719.0,80,1.7107,0.0,0.0,0.0
r0156_c0023,40.7596185,-73.921064,Mixed-Use,30,1822.22,0.1707,2.6,1929.0,201975.0,33,2.4199,0.0,311.11,0.0
r0156_c0024,40.7596185,-73.9192811,Residential,60,2533.33,0.2807,2.5,1937.0,302897.0,59,2.1535,88.89,844.44,0.1053
r0156_c0025,40.7596185,-73.9174982,Residential,70,888.89,0.25,2.3,1929.0,241046.0,76,2.1183,0.0,311.11,0.2857
r0156_c0026,40.7596185,-73.9157153,Residential,74,0.0,0.0,2.3,1936.0,222590.0,93,1.2868,0.0,0.0,0.0
r0156_c0027,40.7596185,-73.9139324,Residential,62,311.11,0.1429,2.8,1944.0,185336.0,61,1.8491,0.0,0.0,0.0
r0156_c0028,40.7596185,-73.9121495,Institutional,34,311.11,0.0,2.3,1938.0,168745.0,40,1.2885,0.0,0.0,0.0
r0156_c0029,40.7596185,-73.9103665,Residential,61,133.33,0.0,2.4,1937.0,232491.0,75,1.2605,0.0,0.0,0.0
r0156_c0030,40.7596185,-73.9085836,Residential,80,0.0,0.0,2.4,1935.0,246558.0,93,0.9686,0.0,0.0,0.0
r0156_c0031,40.7596185,-73.9068007,Residential,54,266.67,0.5,2.0,1952.0,112818.0,53,1.4004,0.0,0.0,0.0
r0156_c0032,40.7596185,-73.9050178,Residential,28,88.89,0.0,1.6,1940.0,43272.0,27,0.9544,0.0,0.0,0.0
r0156_c0034,40.7596185,-73.901452,Industrial,3,44.44,0.0,1.3,1976.0,129306.0,3,0.7758,0.0,0.0,0.0
r0156_c0035,40.7596185,-73.8996691,Open Space,5,133.33,0.0,1.6,1965.0,64765.0,5,0.8379,0.0,0.0,0.0
r0156_c0036,40.7596185,-73.8978862,Residential,60,88.89,0.0,2.8,1959.0,141190.0,60,0.5863,0.0,0.0,0.0
r0156_c0037,40.7596185,-73.8961033,Residential,72,0.0,0.0,2.7,1960.0,174635.0,73,0.9276,0.0,0.0,0.0
r0156_c0038,40.7596185,-73.8943203,Residential,72,266.67,0.0,2.7,1961.0,171121.0,75,1.1252,0.0,0.0,0.0
r0156_c0039,40.7596185,-73.8925374,Commercial,44,355.56,0.75,2.0,1958.0,200300.0,45,0.9668,0.0,88.89,0.0
r0156_c0040,40.7596185,-73.8907545,Residential,50,400.0,0.0,2.0,1956.0,116259.0,51,0.8521,0.0,88.89,0.5
r0156_c0041,40.7596185,-73.8889716,Residential,70,44.44,0.0,2.1,1959.0,167430.0,78,1.451,0.0,0.0,0.0
r0156_c0042,40.7596185,-73.8871887,Residential,65,222.22,0.2,2.4,1967.0,165094.0,75,1.3007,0.0,133.33,0.0
r0156_c0043,40.7596185,-73.8854058,Residential,70,177.78,0.0,2.1,1952.0,138943.0,98,1.1969,0.0,88.89,0.0
r0156_c0044,40.7596185,-73.8836229,Residential,58,88.89,0.0,1.9,1932.0,108692.0,83,1.1026,0.0,0.0,0.0
r0156_c0045,40.7596185,-73.88184,Residential,75,133.33,0.0,1.9,1942.0,122172.0,80,1.2291,0.0,0.0,0.0
r0156_c0046,40.7596185,-73.880057,Residential,54,311.11,0.0,1.8,1933.0,109815.0,79,1.1095,0.0,133.33,0.0
r0156_c0047,40.7596185,-73.8782741,Residential,55,355.56,0.25,2.2,1936.0,181813.0,83,1.374,0.0,177.78,0.0
r0156_c0048,40.7596185,-73.8764912,Residential,82,222.22,0.2,2.0,1929.0,112663.0,140,0.4845,0.0,44.44,0.0
r0156_c0049,40.7596185,-73.8747083,Residential,86,88.89,0.0,2.0,1928.0,110274.0,148,0.2713,0.0,0.0,0.0
r0156_c0050,40.7596185,-73.8729254,Residential,68,0.0,0.0,2.1,1933.0,105034.0,90,0.37,0.0,0.0,0.0
r0156_c0051,40.7596185,-73.8711425,Residential,68,0.0,0.0,2.0,1929.0,121977.0,115,0.8797,0.0,0.0,0.0
r0156_c0052,40.7596185,-73.8693596,Residential,50,88.89,0.0,1.9,1939.0,92347.0,75,0.9051,0.0,0.0,0.0
r0156_c0053,40.7596185,-73.8675767,Residential,58,133.33,0.0,2.2,1930.0,123615.0,68,1.6752,0.0,0.0,0.0
r0156_c0054,40.7596185,-73.8657937,Residential,65,88.89,0.0,2.1,1932.0,122949.0,72,1.605,0.0,0.0,0.0
r0156_c0055,40.7596185,-73.8640108,Residential,68,44.44,0.0,2.1,1930.0,153339.0,94,1.2511,0.0,0.0,0.0
r0156_c0056,40.7596185,-73.8622279,Residential,61,88.89,0.0,2.2,1945.0,128408.0,72,1.3332,0.0,0.0,0.0
r0156_c0057,40.7596185,-73.860445,Residential,41,133.33,0.0,2.1,1947.0,140254.0,54,2.1754,0.0,0.0,0.0
r0156_c0058,40.7596185,-73.8586621,Residential,13,88.89,0.0,3.6,1994.0,187816.0,12,2.0537,0.0,0.0,0.0
r0156_c0059,40.7596185,-73.8568792,Commercial,4,177.78,0.25,3.8,1970.0,98048.0,5,0.9763,0.0,0.0,0.0
r0156_c0066,40.7596185,-73.8443988,Mixed-Use,13,266.67,0.0,1.2,1964.0,61332.0,15,1.5695,0.0,44.44,0.0
r0156_c0067,40.7596185,-73.8426159,Mixed-Use,6,0.0,0.0,1.0,1958.0,29935.0,13,0.9834,0.0,0.0,0.0
r0156_c0068,40.7596185,-73.840833,Industrial,8,0.0,0.0,1.2,1952.0,130950.0,12,1.0277,0.0,0.0,0.0
r0156_c0072,40.7596185,-73.8337013,Mixed-Use,12,755.56,0.2941,6.7,1988.0,1287086.0,12,1.2939,44.44,44.44,0.0
r0156_c0073,40.7596185,-73.8319184,Commercial,31,1066.67,0.5417,2.5,1971.0,712928.0,30,1.5654,133.33,311.11,0.1429
r0156_c0074,40.7596185,-73.8301355,Commercial,37,1822.22,0.2439,3.0,1949.0,428708.0,37,1.18,0.0,755.56,0.2353
r0156_c0075,40.7596185,-73.8283526,Commercial,17,755.56,0.2353,3.6,1966.0,646592.0,13,1.5623,0.0,400.0,0.2222
r0156_c0076,40.7596185,-73.8265697,Mixed-Use,27,444.44,0.6,2.7,1963.0,284490.0,27,1.594,0.0,133.33,0.0
r0156_c0077,40.7596185,-73.8247868,Mixed-Use,9,0.0,0.0,4.8,1955.0,539919.0,8,1.6073,0.0,0.0,0.0
r0156_c0078,40.7596185,-73.8230039,Residential,7,133.33,0.0,7.3,1983.0,447170.0,7,0.9984,0.0,0.0,0.0
r0156_c0079,40.7596185,-73.8212209,Residential,25,0.0,0.0,4.2,1966.0,563445.0,33,1.6791,0.0,0.0,0.0
r0156_c0080,40.7596185,-73.819438,Residential,11,88.89,0.0,3.7,1964.0,320094.0,13,1.3549,0.0,0.0,0.0
r0156_c0081,40.7596185,-73.8176551,Institutional,15,133.33,0.0,3.4,1978.0,385763.0,14,1.6257,0.0,0.0,0.0
r0156_c0082,40.7596185,-73.8158722,Residential,24,133.33,0.0,2.2,1952.0,90443.0,37,1.3479,0.0,44.44,1.0
r0156_c0083,40.7596185,-73.8140893,Residential,41,0.0,0.0,2.3,1965.0,102529.0,57,0.721,0.0,0.0,0.0
r0156_c0084,40.7596185,-73.8123064,Residential,43,44.44,0.0,2.4,1945.0,99269.0,71,0.2302,0.0,0.0,0.0
r0156_c0085,40.7596185,-73.8105235,Residential,35,44.44,0.0,2.6,1931.0,129162.0,55,1.1078,0.0,0.0,0.0
r0156_c0086,40.7596185,-73.8087406,Residential,45,133.33,0.0,2.5,1955.0,148288.0,64,1.1893,0.0,0.0,0.0
r0156_c0087,40.7596185,-73.8069576,Residential,46,88.89,0.0,2.5,1945.0,155952.0,73,0.9507,0.0,0.0,0.0
r0156_c0088,40.7596185,-73.8051747,Residential,56,0.0,0.0,2.5,1961.0,163187.0,72,1.2013,0.0,0.0,0.0
r0156_c0089,40.7596185,-73.8033918,Residential,53,44.44,0.0,2.4,1974.0,148206.0,68,2.2281,0.0,0.0,0.0
r0156_c0090,40.7596185,-73.8016089,Residential,38,88.89,0.0,2.6,1964.0,153182.0,55,2.1275,0.0,44.44,0.0
r0156_c0091,40.7596185,-73.799826,Residential,33,266.67,0.1667,2.2,1960.0,113635.0,42,2.338,0.0,44.44,0.0
r0156_c0092,40.7596185,-73.7980431,Residential,25,88.89,0.0,2.5,1928.0,60915.0,46,1.3075,0.0,0.0,0.0
r0156_c0093,40.7596185,-73.7962602,Residential,33,88.89,0.0,2.4,1931.0,71624.0,65,-0.0,0.0,0.0,0.0
r0156_c0094,40.7596185,-73.7944773,Residential,47,44.44,0.0,1.9,1945.0,160622.0,51,1.2771,0.0,0.0,0.0
r0156_c0095,40.7596185,-73.7926944,Residential,35,0.0,0.0,2.0,1955.0,73853.0,50,0.5049,0.0,0.0,0.0
r0156_c0096,40.7596185,-73.7909114,Residential,44,0.0,0.0,2.4,1956.0,116909.0,73,0.8289,0.0,0.0,0.0
r0156_c0097,40.7596185,-73.7891285,Residential,42,133.33,0.0,2.0,1944.0,106001.0,60,1.4739,0.0,44.44,0.0
r0156_c0098,40.7596185,-73.7873456,Residential,47,44.44,0.0,2.2,1952.0,108337.0,79,0.5301,0.0,0.0,0.0
r0156_c0099,40.7596185,-73.7855627,Residential,44,88.89,0.0,1.9,1958.0,100114.0,62,0.7405,0.0,0.0,0.0
r0156_c0100,40.7596185,-73.7837798,Institutional,16,88.89,0.0,2.0,1939.0,72186.0,17,1.3432,0.0,0.0,0.0
r0156_c0101,40.7596185,-73.7819969,Residential,28,44.44,0.0,2.2,1942.0,85843.0,39,0.9332,0.0,0.0,0.0
r0156_c0102,40.7596185,-73.780214,Residential,47,44.44,0.0,2.1,1938.0,84704.0,71,0.3382,0.0,0.0,0.0
r0156_c0103,40.7596185,-73.7784311,Residential,24,222.22,0.0,2.2,1928.0,41584.0,38,0.2503,0.0,0.0,0.0
r0156_c0104,40.7596185,-73.7766481,Residential,25,88.89,0.0,1.9,1951.0,54233.0,33,1.0255,0.0,0.0,0.0
r0156_c0105,40.7596185,-73.7748652,Residential,36,222.22,0.2,2.3,1943.0,102797.0,45,1.4336,0.0,0.0,0.0
r0156_c0106,40.7596185,-73.7730823,Residential,8,177.78,0.25,2.1,1966.0,166450.0,16,1.1173,0.0,44.44,1.0
r0156_c0107,40.7596185,-73.7712994,Commercial,25,355.56,0.125,2.3,1972.0,146079.0,33,2.067,0.0,133.33,0.3333
r0156_c0108,40.7596185,-73.7695165,Commercial,19,311.11,0.1429,2.0,1951.0,98272.0,24,1.7054,0.0,88.89,0.5
r0156_c0109,40.7596185,-73.7677336,Residential,60,266.67,0.1667,2.1,1933.0,146277.0,92,1.4984,0.0,0.0,0.0
r0156_c0110,40.7596185,-73.7659507,Residential,69,44.44,0.0,2.0,1939.0,102742.0,111,0.3537,0.0,0.0,0.0
r0156_c0111,40.7596185,-73.7641678,Residential,54,0.0,0.0,1.9,1955.0,67368.0,62,0.191,0.0,0.0,0.0
r0156_c0112,40.7596185,-73.7623848,Residential,31,44.44,0.0,1.5,1955.0,50705.0,42,0.0011,0.0,0.0,0.0
r0156_c0113,40.7596185,-73.7606019,Residential,21,44.44,0.0,2.2,1963.0,43062.0,28,0.989,0.0,0.0,0.0
r0156_c0118,40.7596185,-73.7516874,Residential,7,133.33,0.0,1.3,1963.0,10910.0,7,-0.0,44.44,0.0,0.0
r0156_c0123,40.7596185,-73.7427728,Residential,15,44.44,0.0,2.1,1940.0,36903.0,23,0.6338,0.0,0.0,0.0
r0156_c0124,40.7596185,-73.7409899,Residential,27,177.78,0.0,1.7,1955.0,61071.0,29,0.0969,0.0,0.0,0.0
r0156_c0125,40.7596185,-73.739207,Residential,29,133.33,0.0,2.1,1940.0,61398.0,45,0.1818,0.0,0.0,0.0
r0156_c0126,40.7596185,-73.7374241,Residential,35,44.44,0.0,1.9,1941.0,64601.0,52,-0.0,0.0,0.0,0.0
r0156_c0127,40.7596185,-73.7356412,Residential,15,88.89,0.0,1.7,1956.0,27434.0,18,0.0846,0.0,0.0,0.0
r0156_c0128,40.7596185,-73.7338583,Residential,3,0.0,0.0,1.8,1971.0,170950.0,98,0.1556,0.0,0.0,0.0
r0156_c0129,40.7596185,-73.7320753,Commercial,6,88.89,0.0,1.4,1978.0,62146.0,8,1.6709,0.0,0.0,0.0
r0156_c0132,40.7596185,-73.7267266,Residential,4,0.0,0.0,2.0,1989.0,9889.0,5,-0.0,0.0,0.0,0.0
r0156_c0133,40.7596185,-73.7249437,Residential,28,44.44,0.0,2.0,1980.0,66258.0,45,0.6276,0.0,0.0,0.0
r0156_c0134,40.7596185,-73.7231608,Residential,8,0.0,0.0,2.0,1960.0,86368.0,51,0.7292,0.0,0.0,0.0
r0156_c0136,40.7596185,-73.719595,Residential,30,0.0,0.0,1.1,1955.0,46542.0,38,-0.0,0.0,0.0,0.0
r0156_c0137,40.7596185,-73.717812,Residential,13,44.44,0.0,1.2,1955.0,23533.0,14,-0.0,0.0,0.0,0.0
r0156_c0138,40.7596185,-73.7160291,Residential,4,177.78,0.0,1.0,1955.0,9072.0,4,-0.0,0.0,0.0,0.0
r0157_c0011,40.7609699,-73.942459,Institutional,20,177.78,0.0,1.6,1943.0,186766.0,22,1.5626,0.0,0.0,0.0
r0157_c0012,40.7609699,-73.9406761,Institutional,32,355.56,0.25,2.2,1943.0,146293.0,41,2.1456,0.0,88.89,0.0
r0157_c0013,40.7609699,-73.9388931,Industrial,10,355.56,0.0,2.2,1941.0,107058.0,14,1.7895,0.0,133.33,0.0
r0157_c0017,40.7609699,-73.9317615,Residential,37,577.78,0.0769,2.5,1941.0,123124.0,47,1.8039,44.44,177.78,0.25
r0157_c0018,40.7609699,-73.9299786,Residential,37,755.56,0.0,2.2,1941.0,139365.0,43,1.7349,0.0,0.0,0.0
r0157_c0019,40.7609699,-73.9281957,Residential,77,0.0,0.0,2.6,1935.0,266959.0,93,1.5641,0.0,0.0,0.0
r0157_c0020,40.7609699,-73.9264128,Residential,34,311.11,0.2857,2.1,1941.0,184941.0,44,2.1098,0.0,44.44,1.0
r0157_c0021,40.7609699,-73.9246298,Residential,72,1466.67,0.4545,2.3,1933.0,222468.0,80,2.1468,44.44,311.11,0.0
r0157_c0022,40.7609699,-73.9228469,Residential,60,2088.89,0.4255,2.8,1927.0,301417.0,75,1.7543,88.89,533.33,0.0
r0157_c0023,40.7609699,-73.921064,Residential,73,400.0,0.6667,3.0,1931.0,357173.0,77,1.0767,0.0,88.89,0.0
r0157_c0024,40.7609699,-73.9192811,Residential,65,133.33,0.0,2.9,1943.0,268912.0,76,1.6725,0.0,0.0,0.0
r0157_c0025,40.7609699,-73.9174982,Mixed-Use,44,2266.67,0.0784,2.5,1932.0,210224.0,46,2.3441,44.44,755.56,0.3529
r0157_c0026,40.7609699,-73.9157153,Residential,59,800.0,0.2222,2.4,1925.0,196889.0,64,1.8277,0.0,222.22,0.0
r0157_c0027,40.7609699,-73.9139324,Residential,72,88.89,0.0,2.4,1924.0,253757.0,96,0.8591,0.0,44.44,0.0
r0157_c0028,40.7609699,-73.9121495,Residential,46,755.56,0.0,2.6,1933.0,163629.0,65,1.4604,0.0,0.0,0.0
r0157_c0029,40.7609699,-73.9103665,Residential,69,177.78,0.25,2.4,1922.0,167760.0,91,1.3614,0.0,44.44,0.0
r0157_c0030,40.7609699,-73.9085836,Residential,68,488.89,0.6364,2.1,1929.0,165617.0,103,1.3621,0.0,133.33,0.0
r0157_c0031,40.7609699,-73.9068007,Residential,75,133.33,0.3333,1.8,1942.0,160328.0,91,1.2272,0.0,44.44,0.0
r0157_c0032,40.7609699,-73.9050178,Mixed-Use,67,311.11,0.0,1.7,1940.0,104552.0,66,1.0734,0.0,0.0,0.0
r0157_c0033,40.7609699,-73.9032349,Industrial,5,44.44,0.0,1.2,1957.0,91489.0,6,0.9971,0.0,0.0,0.0
r0157_c0034,40.7609699,-73.901452,Industrial,5,177.78,0.25,1.4,1971.0,137648.0,4,0.2436,0.0,44.44,1.0
r0157_c0036,40.7609699,-73.8978862,Residential,31,0.0,0.0,2.0,1960.0,56202.0,31,0.6987,0.0,0.0,0.0
r0157_c0037,40.7609699,-73.8961033,Residential,76,88.89,0.0,1.1,1955.0,129784.0,76,-0.0,0.0,0.0,0.0
r0157_c0038,40.7609699,-73.8943203,Institutional,13,400.0,0.0,1.2,1956.0,193651.0,13,0.4411,0.0,0.0,0.0
r0157_c0039,40.7609699,-73.8925374,Residential,48,88.89,0.0,2.0,1960.0,95131.0,48,-0.0,0.0,0.0,0.0
r0157_c0040,40.7609699,-73.8907545,Residential,51,44.44,0.0,2.1,1961.0,129486.0,51,1.0182,0.0,44.44,0.0
r0157_c0041,40.7609699,-73.8889716,Residential,39,177.78,0.0,2.0,1959.0,153164.0,40,1.2644,0.0,0.0,0.0
r0157_c0042,40.7609699,-73.8871887,Residential,77,44.44,0.0,1.9,1957.0,129234.0,83,0.4136,0.0,0.0,0.0
r0157_c0043,40.7609699,-73.8854058,Residential,81,44.44,0.0,2.1,1935.0,157087.0,136,0.6743,0.0,0.0,0.0
r0157_c0044,40.7609699,-73.8836229,Residential,75,88.89,0.0,2.0,1935.0,133907.0,112,0.5903,0.0,0.0,0.0
r0157_c0045,40.7609699,-73.88184,Residential,81,44.44,0.0,2.1,1939.0,124186.0,105,0.4696,0.0,0.0,0.0
r0157_c0046,40.7609699,-73.880057,Residential,85,133.33,0.0,2.0,1936.0,134981.0,168,0.1916,0.0,0.0,0.0
r0157_c0047,40.7609699,-73.8782741,Residential,87,88.89,0.0,2.0,1930.0,134137.0,142,0.5421,0.0,0.0,0.0
r0157_c0048,40.7609699,-73.8764912,Residential,76,44.44,0.0,2.0,1929.0,133483.0,107,0.8447,0.0,0.0,0.0
r0157_c0049,40.7609699,-73.8747083,Residential,60,0.0,0.0,2.0,1930.0,86790.0,90,0.4734,0.0,0.0,0.0
r0157_c0050,40.7609699,-73.8729254,Residential,41,133.33,0.3333,1.9,1937.0,152261.0,49,1.6432,0.0,0.0,0.0
r0157_c0051,40.7609699,-73.8711425,Residential,63,0.0,0.0,2.0,1931.0,117971.0,108,0.9815,0.0,0.0,0.0
r0157_c0052,40.7609699,-73.8693596,Residential,51,44.44,0.0,2.0,1935.0,118666.0,81,1.3164,0.0,0.0,0.0
r0157_c0053,40.7609699,-73.8675767,Residential,43,311.11,0.1429,2.1,1926.0,95165.0,71,2.0523,0.0,0.0,0.0
r0157_c0054,40.7609699,-73.8657937,Residential,44,222.22,0.6,2.1,1939.0,95354.0,62,1.2951,0.0,88.89,0.0
r0157_c0055,40.7609699,-73.8640108,Residential,42,44.44,0.0,2.2,1939.0,107036.0,49,2.0038,0.0,0.0,0.0
r0157_c0056,40.7609699,-73.8622279,Residential,42,44.44,0.0,2.3,1955.0,86969.0,56,1.5005,0.0,0.0,0.0
r0157_c0057,40.7609699,-73.860445,Residential,22,133.33,0.0,2.2,1954.0,78607.0,22,0.5429,44.44,0.0,0.0
r0157_c0066,40.7609699,-73.8443988,Mixed-Use,8,266.67,0.0,1.2,1960.0,55014.0,6,1.6468,0.0,44.44,0.0
r0157_c0067,40.7609699,-73.8426159,Industrial,15,0.0,0.0,1.3,1954.0,136919.0,18,1.624,0.0,0.0,0.0
r0157_c0068,40.7609699,-73.840833,Commercial,4,0.0,0.0,1.7,1959.0,46263.0,6,1.0779,0.0,0.0,0.0
r0157_c0071,40.7609699,-73.8354842,Industrial,7,88.89,0.0,1.6,1951.0,136800.0,5,1.0633,0.0,88.89,1.0
r0157_c0072,40.7609699,-73.8337013,Commercial,22,622.22,0.5,6.1,1999.0,630022.0,18,1.5876,88.89,44.44,0.0
r0157_c0073,40.7609699,-73.8319184,Mixed-Use,42,800.0,0.3889,3.8,1974.0,481616.0,42,1.5069,133.33,88.89,0.0
r0157_c0074,40.7609699,-73.8301355,Commercial,17,1244.44,0.5357,3.1,1960.0,765726.0,17,0.7625,0.0,355.56,0.375
r0157_c0075,40.7609699,-73.8283526,Mixed-Use,13,1200.0,0.1852,4.2,1972.0,736342.0,13,1.3904,0.0,88.89,0.0
r0157_c0076,40.7609699,-73.8265697,Residential,20,888.89,0.3,3.5,1964.0,553914.0,20,1.4698,0.0,444.44,0.2
r0157_c0077,40.7609699,-73.8247868,Mixed-Use,7,177.78,0.0,2.9,1946.0,149630.0,8,1.5549,0.0,44.44,1.0
r0157_c0078,40.7609699,-73.8230039,Residential,8,133.33,0.0,5.3,1959.0,500796.0,14,1.8959,0.0,0.0,0.0
r0157_c0079,40.7609699,-73.8212209,Residential,6,88.89,0.0,6.0,1963.0,598985.0,6,0.9921,0.0,0.0,0.0
r0157_c0080,40.7609699,-73.819438,Residential,22,0.0,0.0,4.0,1966.0,579373.0,21,1.653,0.0,0.0,0.0
r0157_c0081,40.7609699,-73.8176551,Residential,37,44.44,0.0,3.4,1968.0,338143.0,37,1.6606,0.0,0.0,0.0
r0157_c0082,40.7609699,-73.8158722,Residential,56,0.0,0.0,3.0,1969.0,297365.0,58,1.7315,0.0,0.0,0.0
r0157_c0083,40.7609699,-73.8140893,Residential,43,44.44,0.0,2.5,1964.0,126587.0,49,1.7208,0.0,0.0,0.0
r0157_c0084,40.7609699,-73.8123064,Residential,32,266.67,0.0,2.3,1949.0,96260.0,41,1.322,0.0,0.0,0.0
r0157_c0085,40.7609699,-73.8105235,Residential,40,88.89,0.0,2.6,1929.0,126307.0,64,1.1197,0.0,0.0,0.0
r0157_c0086,40.7609699,-73.8087406,Residential,42,133.33,0.0,2.6,1962.0,197882.0,57,1.5203,0.0,0.0,0.0
r0157_c0087,40.7609699,-73.8069576,Residential,32,0.0,0.0,3.0,1947.0,187336.0,41,1.2229,0.0,0.0,0.0
r0157_c0088,40.7609699,-73.8051747,Residential,35,44.44,0.0,2.5,1944.0,117635.0,49,1.1084,0.0,0.0,0.0
r0157_c0089,40.7609699,-73.8033918,Mixed-Use,48,177.78,0.25,2.3,1941.0,194298.0,55,1.8133,0.0,88.89,0.0
r0157_c0090,40.7609699,-73.8016089,Mixed-Use,31,222.22,0.2,2.2,1950.0,173780.0,36,2.3211,0.0,44.44,0.0
r0157_c0091,40.7609699,-73.799826,Residential,25,88.89,0.0,2.2,1926.0,54830.0,40,0.8414,0.0,0.0,0.0
r0157_c0092,40.7609699,-73.7980431,Residential,27,400.0,0.0,2.5,1938.0,122965.0,45,1.2589,0.0,0.0,0.0
r0157_c0093,40.7609699,-73.7962602,Mixed-Use,25,222.22,0.0,2.3,1938.0,89583.0,36,1.9461,0.0,0.0,0.0
r0157_c0094,40.7609699,-73.7944773,Industrial,16,0.0,0.0,1.6,1947.0,69182.0,20,1.8714,0.0,0.0,0.0
r0157_c0095,40.7609699,-73.7926944,Residential,34,88.89,0.0,1.9,1952.0,80536.0,44,1.718,0.0,0.0,0.0
r0157_c0096,40.7609699,-73.7909114,Residential,52,0.0,0.0,2.1,1955.0,131434.0,64,1.5489,0.0,0.0,0.0
r0157_c0097,40.7609699,-73.7891285,Residential,36,177.78,0.25,2.2,1959.0,110273.0,47,1.2757,0.0,44.44,0.0
r0157_c0098,40.7609699,-73.7873456,Residential,64,0.0,0.0,2.1,1951.0,115033.0,79,1.493,0.0,0.0,0.0
r0157_c0099,40.7609699,-73.7855627,Residential,55,44.44,0.0,2.1,1947.0,98360.0,66,0.9331,0.0,44.44,0.0
r0157_c0100,40.7609699,-73.7837798,Residential,50,266.67,0.0,2.1,1937.0,128092.0,81,1.0409,0.0,0.0,0.0
r0157_c0101,40.7609699,-73.7819969,Residential,42,44.44,0.0,2.1,1952.0,123525.0,57,1.2276,0.0,0.0,0.0
r0157_c0102,40.7609699,-73.780214,Residential,44,88.89,0.0,2.2,1947.0,101615.0,60,0.5542,0.0,0.0,0.0
r0157_c0103,40.7609699,-73.7784311,Residential,12,0.0,0.0,2.6,1951.0,46952.0,18,0.9938,0.0,0.0,0.0
r0157_c0104,40.7609699,-73.7766481,Residential,43,133.33,0.0,2.1,1945.0,89654.0,64,0.4856,0.0,0.0,0.0
r0157_c0105,40.7609699,-73.7748652,Residential,32,88.89,0.0,2.1,1950.0,66121.0,42,0.1838,0.0,0.0,0.0
r0157_c0106,40.7609699,-73.7730823,Residential,4,0.0,0.0,2.5,1958.0,272761.0,19,0.1042,0.0,0.0,0.0
r0157_c0107,40.7609699,-73.7712994,Residential,41,0.0,0.0,2.8,1968.0,174272.0,47,1.3112,0.0,0.0,0.0
r0157_c0108,40.7609699,-73.7695165,Commercial,17,488.89,0.1818,2.1,1954.0,132150.0,16,1.517,0.0,88.89,0.0
r0157_c0109,40.7609699,-73.7677336,Mixed-Use,31,222.22,0.2,2.4,1972.0,154813.0,30,2.18,0.0,0.0,0.0
r0157_c0110,40.7609699,-73.7659507,Residential,36,400.0,0.1111,2.3,1966.0,180546.0,38,1.8885,44.44,0.0,0.0
r0157_c0111,40.7609699,-73.7641678,Commercial,26,133.33,0.0,1.8,1953.0,100542.0,32,1.6066,0.0,44.44,1.0
r0157_c0112,40.7609699,-73.7623848,Residential,22,311.11,0.1429,1.8,1957.0,71228.0,30,1.6678,0.0,0.0,0.0
r0157_c0113,40.7609699,-73.7606019,Residential,26,355.56,0.0,2.1,1956.0,57441.0,34,1.8242,0.0,0.0,0.0
r0157_c0122,40.7609699,-73.7445557,Residential,15,44.44,0.0,1.9,1930.0,40028.0,17,0.4972,0.0,0.0,0.0
r0157_c0123,40.7609699,-73.7427728,Residential,25,0.0,0.0,2.1,1951.0,66121.0,38,0.9518,0.0,0.0,0.0
r0157_c0124,40.7609699,-73.7409899,Residential,29,133.33,0.0,2.2,1949.0,62360.0,44,-0.0,0.0,0.0,0.0
r0157_c0125,40.7609699,-73.739207,Residential,37,88.89,0.0,2.3,1934.0,67623.0,65,-0.0,0.0,0.0,0.0
r0157_c0126,40.7609699,-73.7374241,Residential,44,88.89,0.0,2.1,1940.0,69048.0,70,0.1584,0.0,0.0,0.0
r0157_c0127,40.7609699,-73.7356412,Residential,28,0.0,0.0,1.6,1957.0,51645.0,36,-0.0,0.0,0.0,0.0
r0157_c0128,40.7609699,-73.7338583,Residential,28,0.0,0.0,1.7,1955.0,51393.0,42,-0.0,0.0,0.0,0.0
r0157_c0129,40.7609699,-73.7320753,Residential,14,44.44,0.0,1.7,1947.0,23767.0,21,0.2697,0.0,0.0,0.0
r0157_c0130,40.7609699,-73.7302924,Commercial,8,266.67,0.1667,1.7,1986.0,58456.0,7,0.8847,0.0,44.44,1.0
r0157_c0131,40.7609699,-73.7285095,Residential,21,0.0,0.0,1.8,1967.0,39142.0,27,-0.0,0.0,0.0,0.0
r0157_c0132,40.7609699,-73.7267266,Residential,15,44.44,0.0,1.9,1970.0,192028.0,112,0.6291,0.0,0.0,0.0
r0157_c0133,40.7609699,-73.7249437,Residential,43,133.33,0.0,1.8,1979.0,95702.0,67,-0.0,0.0,0.0,0.0
r0157_c0134,40.7609699,-73.7231608,Institutional,15,266.67,0.0,2.0,1976.0,129387.0,25,1.5321,0.0,0.0,0.0
r0157_c0135,40.7609699,-73.7213779,Residential,27,44.44,0.0,1.2,1955.0,39812.0,41,-0.0,0.0,0.0,0.0
r0157_c0136,40.7609699,-73.719595,Residential,40,44.44,0.0,1.2,1955.0,57029.0,59,-0.0,0.0,0.0,0.0
r0157_c0137,40.7609699,-73.717812,Residential,28,88.89,0.0,1.3,1965.0,65902.0,33,-0.0,0.0,0.0,0.0
r0157_c0138,40.7609699,-73.7160291,Residential,21,133.33,0.0,1.1,1960.0,45870.0,22,-0.0,0.0,0.0,0.0
r0157_c0139,40.7609699,-73.7142462,Residential,3,88.89,0.0,1.3,1955.0,8707.0,3,-0.0,0.0,0.0,0.0
r0158_c0011,40.7623212,-73.942459,Mixed-Use,19,355.56,0.25,1.8,1934.0,66666.0,20,2.3423,0.0,0.0,0.0
r0158_c0012,40.7623212,-73.9406761,Residential,46,0.0,0.0,2.0,1939.0,244196.0,56,2.087,0.0,0.0,0.0
r0158_c0013,40.7623212,-73.9388931,Industrial,11,44.44,0.0,2.1,1954.0,241213.0,10,1.9346,0.0,0.0,0.0
r0158_c0018,40.7623212,-73.9299786,Residential,24,0.0,0.0,2.6,1936.0,186505.0,24,2.2054,0.0,0.0,0.0
r0158_c0019,40.7623212,-73.9281957,Residential,60,0.0,0.0,2.9,1945.0,332229.0,67,1.5141,0.0,0.0,0.0
r0158_c0020,40.7623212,-73.9264128,Mixed-Use,45,1822.22,0.3171,2.6,1933.0,300379.0,55,1.373,0.0,622.22,0.1429
r0158_c0021,40.7623212,-73.9246298,Residential,38,1244.44,0.1429,2.8,1941.0,387106.0,42,2.1551,88.89,222.22,0.2
r0158_c0022,40.7623212,-73.9228469,Residential,58,0.0,0.0,3.2,1933.0,405277.0,76,0.975,0.0,0.0,0.0
r0158_c0023,40.7623212,-73.921064,Residential,72,622.22,0.4286,3.0,1925.0,387675.0,78,0.9261,0.0,44.44,0.0
r0158_c0024,40.7623212,-73.9192811,Residential,49,711.11,0.1875,3.1,1930.0,313518.0,70,1.8065,0.0,222.22,0.0
r0158_c0025,40.7623212,-73.9174982,Residential,58,755.56,0.4706,2.6,1943.0,266803.0,64,2.5761,0.0,177.78,0.0
r0158_c0026,40.7623212,-73.9157153,Mixed-Use,58,1200.0,0.1111,2.3,1932.0,266464.0,63,2.1123,0.0,577.78,0.2308
r0158_c0027,40.7623212,-73.9139324,Residential,58,222.22,0.8,3.0,1923.0,386211.0,64,1.1713,0.0,44.44,0.0
r0158_c0028,40.7623212,-73.9121495,Residential,44,622.22,0.2143,2.7,1934.0,187745.0,51,1.6107,44.44,177.78,0.0
r0158_c0029,40.7623212,-73.9103665,Residential,72,622.22,0.2143,2.4,1934.0,196777.0,99,1.642,0.0,177.78,0.0
r0158_c0030,40.7623212,-73.9085836,Residential,68,44.44,0.0,2.5,1940.0,195942.0,86,1.0082,0.0,0.0,0.0
r0158_c0031,40.7623212,-73.9068007,Residential,74,0.0,0.0,2.1,1948.0,165389.0,89,1.2812,0.0,0.0,0.0
r0158_c0032,40.7623212,-73.9050178,Residential,51,44.44,0.0,2.3,1950.0,149648.0,54,1.839,0.0,0.0,0.0
r0158_c0033,40.7623212,-73.9032349,Mixed-Use,8,133.33,0.0,1.3,1955.0,198254.0,7,1.4609,0.0,0.0,0.0
r0158_c0037,40.7623212,-73.8961033,Commercial,22,400.0,0.0,1.1,1957.0,69360.0,22,0.8908,0.0,88.89,1.0
r0158_c0039,40.7623212,-73.8925374,Residential,44,222.22,0.0,1.6,1955.0,81699.0,44,-0.0,0.0,0.0,0.0
r0158_c0040,40.7623212,-73.8907545,Residential,55,311.11,0.1429,2.1,1961.0,126611.0,53,2.1325,0.0,133.33,0.0
r0158_c0041,40.7623212,-73.8889716,Institutional,19,133.33,0.0,1.6,1947.0,74993.0,23,1.3235,0.0,0.0,0.0
r0158_c0042,40.7623212,-73.8871887,Residential,72,44.44,0.0,2.0,1953.0,151990.0,75,0.8911,0.0,0.0,0.0
r0158_c0043,40.7623212,-73.8854058,Residential,75,177.78,0.0,2.1,1934.0,120220.0,124,0.4775,0.0,0.0,0.0
r0158_c0044,40.7623212,-73.8836229,Open Space,50,1066.67,0.0,1.6,1938.0,61510.0,53,1.0578,44.44,44.44,0.0
r0158_c0045,40.7623212,-73.88184,Residential,86,88.89,0.0,2.0,1949.0,146096.0,86,-0.0,0.0,0.0,0.0
r0158_c0046,40.7623212,-73.880057,Residential,69,133.33,0.0,1.7,1945.0,108173.0,95,0.5384,0.0,0.0,0.0
r0158_c0047,40.7623212,-73.8782741,Residential,64,88.89,0.0,2.1,1931.0,103500.0,117,0.2246,0.0,0.0,0.0
r0158_c0048,40.7623212,-73.8764912,Residential,59,133.33,0.0,2.1,1930.0,126179.0,95,1.1914,0.0,0.0,0.0
r0158_c0049,40.7623212,-73.8747083,Residential,47,133.33,0.0,2.1,1924.0,87720.0,78,1.2508,0.0,44.44,0.0
r0158_c0050,40.7623212,-73.8729254,Residential,47,222.22,0.2,1.8,1942.0,129611.0,54,2.2547,0.0,0.0,0.0
r0158_c0051,40.7623212,-73.8711425,Institutional,41,311.11,0.2857,2.0,1935.0,147942.0,53,2.0043,0.0,44.44,0.0
r0158_c0052,40.7623212,-73.8693596,Residential,37,222.22,0.4,2.1,1927.0,83569.0,59,1.4475,0.0,44.44,0.0
r0158_c0053,40.7623212,-73.8675767,Residential,47,44.44,0.0,2.3,1941.0,91727.0,72,1.0999,0.0,0.0,0.0
r0158_c0054,40.7623212,-73.8657937,Residential,39,0.0,0.0,2.0,1934.0,78084.0,60,0.5602,0.0,0.0,0.0
r0158_c0055,40.7623212,-73.8640108,Residential,46,44.44,0.0,2.2,1939.0,110369.0,76,0.6601,0.0,0.0,0.0
r0158_c0056,40.7623212,-73.8622279,Residential,40,44.44,0.0,2.3,1939.0,90195.0,61,0.6904,0.0,0.0,0.0
r0158_c0057,40.7623212,-73.860445,Residential,15,177.78,0.0,1.9,1957.0,35732.0,19,0.7326,0.0,0.0,0.0
r0158_c0067,40.7623212,-73.8426159,Mixed-Use,3,266.67,0.0,1.0,1954.0,20320.0,3,0.8263,0.0,0.0,0.0
r0158_c0071,40.7623212,-73.8354842,Mixed-Use,11,0.0,0.0,1.7,1980.0,37763.0,14,1.6036,0.0,0.0,0.0
r0158_c0072,40.7623212,-73.8337013,Industrial,15,400.0,0.1111,1.5,1961.0,94554.0,11,2.1173,0.0,44.44,0.0
r0158_c0073,40.7623212,-73.8319184,Commercial,25,800.0,0.2222,4.1,1955.0,583169.0,24,0.8278,44.44,88.89,0.5
r0158_c0074,40.7623212,-73.8301355,Mixed-Use,14,222.22,0.4,3.6,1968.0,312356.0,18,2.2419,0.0,44.44,0.0
r0158_c0075,40.7623212,-73.8283526,Mixed-Use,22,266.67,0.3333,4.0,1986.0,443080.0,23,1.5818,0.0,88.89,0.0
r0158_c0076,40.7623212,-73.8265697,Mixed-Use,32,311.11,0.1429,3.8,1977.0,368793.0,34,2.1277,0.0,0.0,0.0
r0158_c0077,40.7623212,-73.8247868,Residential,22,222.22,0.0,4.1,1965.0,430053.0,23,1.7471,44.44,0.0,0.0
r0158_c0078,40.7623212,-73.8230039,Mixed-Use,16,88.89,0.0,4.6,1979.0,611790.0,18,1.2954,0.0,0.0,0.0
r0158_c0079,40.7623212,-73.8212209,Residential,17,44.44,0.0,4.1,1966.0,582518.0,19,1.2332,0.0,0.0,0.0
r0158_c0080,40.7623212,-73.819438,Residential,32,88.89,0.0,3.6,1975.0,276051.0,38,2.344,0.0,0.0,0.0
r0158_c0081,40.7623212,-73.8176551,Residential,37,44.44,0.0,3.0,1975.0,137823.0,40,2.241,0.0,0.0,0.0
r0158_c0082,40.7623212,-73.8158722,Mixed-Use,48,133.33,1.0,2.6,1947.0,178995.0,54,2.4962,0.0,0.0,0.0
r0158_c0083,40.7623212,-73.8140893,Mixed-Use,35,311.11,0.5714,2.4,1953.0,117055.0,34,2.6436,0.0,44.44,0.0
r0158_c0084,40.7623212,-73.8123064,Mixed-Use,20,355.56,0.0,2.7,1933.0,151849.0,28,2.0599,0.0,0.0,0.0
r0158_c0085,40.7623212,-73.8105235,Mixed-Use,28,133.33,0.0,2.1,1947.0,179216.0,41,1.7683,0.0,0.0,0.0
r0158_c0086,40.7623212,-73.8087406,Residential,26,44.44,0.0,2.4,1943.0,61353.0,38,1.0242,0.0,44.44,1.0
r0158_c0087,40.7623212,-73.8069576,Residential,23,133.33,0.0,2.5,1951.0,147820.0,34,1.8904,0.0,0.0,0.0
r0158_c0088,40.7623212,-73.8051747,Mixed-Use,28,222.22,0.2,2.2,1968.0,161873.0,27,2.2962,0.0,88.89,0.0
r0158_c0089,40.7623212,-73.8033918,Commercial,22,177.78,0.25,2.0,1934.0,106584.0,27,1.6953,0.0,0.0,0.0
r0158_c0090,40.7623212,-73.8016089,Residential,30,133.33,0.0,2.5,1946.0,216679.0,34,1.7927,0.0,0.0,0.0
r0158_c0091,40.7623212,-73.799826,Residential,54,0.0,0.0,2.6,1975.0,176151.0,64,1.1251,0.0,0.0,0.0
r0158_c0092,40.7623212,-73.7980431,Residential,28,0.0,0.0,3.4,1951.0,442901.0,32,1.6839,0.0,0.0,0.0
r0158_c0093,40.7623212,-73.7962602,Residential,38,0.0,0.0,2.5,1949.0,166774.0,47,1.8551,0.0,0.0,0.0
r0158_c0094,40.7623212,-73.7944773,Residential,29,0.0,0.0,2.6,1967.0,165052.0,47,1.0746,0.0,0.0,0.0
r0158_c0095,40.7623212,-73.7926944,Residential,22,0.0,0.0,2.5,1947.0,230236.0,26,1.328,0.0,0.0,0.0
r0158_c0096,40.7623212,-73.7909114,Residential,40,0.0,0.0,2.0,1953.0,143672.0,61,0.9963,0.0,0.0,0.0
r0158_c0097,40.7623212,-73.7891285,Residential,38,44.44,0.0,2.1,1953.0,109925.0,43,0.9158,0.0,0.0,0.0
r0158_c0098,40.7623212,-73.7873456,Residential,29,0.0,0.0,2.0,1954.0,140244.0,97,0.7503,0.0,0.0,0.0
r0158_c0099,40.7623212,-73.7855627,Residential,29,44.44,0.0,2.1,1962.0,58201.0,34,1.0302,0.0,0.0,0.0
r0158_c0100,40.7623212,-73.7837798,Residential,41,0.0,0.0,1.5,1950.0,65412.0,48,1.0565,0.0,0.0,0.0
r0158_c0101,40.7623212,-73.7819969,Residential,35,266.67,0.0,1.7,1956.0,67449.0,48,0.0196,0.0,0.0,0.0
r0158_c0102,40.7623212,-73.780214,Residential,33,133.33,0.0,1.8,1961.0,57144.0,38,0.7464,0.0,0.0,0.0
r0158_c0103,40.7623212,-73.7784311,Residential,15,88.89,0.0,2.0,1938.0,29705.0,21,0.4573,0.0,0.0,0.0
r0158_c0104,40.7623212,-73.7766481,Residential,31,44.44,0.0,2.3,1943.0,195805.0,44,1.9695,0.0,0.0,0.0
r0158_c0105,40.7623212,-73.7748652,Residential,46,44.44,0.0,2.0,1955.0,85258.0,46,0.1514,0.0,0.0,0.0
r0158_c0106,40.7623212,-73.7730823,Residential,9,44.44,0.0,2.2,1955.0,83648.0,12,1.0445,0.0,0.0,0.0
r0158_c0107,40.7623212,-73.7712994,Mixed-Use,33,311.11,0.0,2.6,1974.0,197991.0,39,1.7683,0.0,88.89,0.0
r0158_c0108,40.7623212,-73.7695165,Residential,41,311.11,0.4286,2.2,1955.0,187730.0,43,2.3384,0.0,133.33,0.3333
r0158_c0109,40.7623212,-73.7677336,Residential,38,44.44,0.0,2.3,1954.0,114572.0,44,1.6096,0.0,0.0,0.0
r0158_c0110,40.7623212,-73.7659507,Residential,38,0.0,0.0,2.2,1970.0,105944.0,50,0.773,0.0,0.0,0.0
r0158_c0111,40.7623212,-73.7641678,Residential,42,44.44,0.0,2.2,1939.0,88509.0,67,0.6802,0.0,0.0,0.0
r0158_c0112,40.7623212,-73.7623848,Residential,36,88.89,0.5,2.0,1957.0,84178.0,55,0.8924,0.0,0.0,0.0
r0158_c0113,40.7623212,-73.7606019,Residential,30,88.89,0.0,2.2,1963.0,132116.0,45,0.8145,88.89,0.0,0.0
r0158_c0114,40.7623212,-73.758819,Residential,28,222.22,0.2,2.6,1970.0,149410.0,28,1.4183,0.0,0.0,0.0
r0158_c0122,40.7623212,-73.7445557,Residential,23,44.44,0.0,2.1,1944.0,65759.0,35,0.2439,0.0,0.0,0.0
r0158_c0123,40.7623212,-73.7427728,Residential,25,177.78,0.0,2.2,1946.0,68334.0,38,-0.0,0.0,0.0,0.0
r0158_c0124,40.7623212,-73.7409899,Residential,32,88.89,0.0,1.8,1954.0,73511.0,36,0.011,0.0,0.0,0.0
r0158_c0125,40.7623212,-73.739207,Residential,46,0.0,0.0,2.4,1938.0,73874.0,86,-0.0,0.0,0.0,0.0
r0158_c0126,40.7623212,-73.7374241,Residential,38,44.44,0.0,1.8,1952.0,60250.0,62,-0.0,0.0,0.0,0.0
r0158_c0127,40.7623212,-73.7356412,Institutional,15,44.44,0.0,1.5,1953.0,52793.0,19,0.7516,0.0,0.0,0.0
r0158_c0128,40.7623212,-73.7338583,Residential,17,44.44,0.0,1.8,1952.0,28761.0,19,0.6421,0.0,0.0,0.0
r0158_c0129,40.7623212,-73.7320753,Residential,30,133.33,0.0,1.7,1957.0,59724.0,39,-0.0,0.0,0.0,0.0
r0158_c0130,40.7623212,-73.7302924,Residential,27,88.89,0.0,1.7,1947.0,39458.0,29,-0.0,0.0,0.0,0.0
r0158_c0131,40.7623212,-73.7285095,Residential,16,44.44,0.0,1.9,1969.0,52834.0,20,1.2644,0.0,0.0,0.0
r0158_c0132,40.7623212,-73.7267266,Residential,29,0.0,0.0,1.6,1960.0,59360.0,46,-0.0,0.0,0.0,0.0
r0158_c0133,40.7623212,-73.7249437,Residential,38,0.0,0.0,2.0,1984.0,92138.0,61,0.309,0.0,0.0,0.0
r0158_c0134,40.7623212,-73.7231608,Residential,35,177.78,0.0,1.7,1954.0,55656.0,42,0.2512,0.0,0.0,0.0
r0158_c0135,40.7623212,-73.7213779,Residential,33,44.44,0.0,1.5,1953.0,53398.0,40,-0.0,0.0,0.0,0.0
r0158_c0136,40.7623212,-73.719595,Residential,40,44.44,0.0,1.4,1953.0,65475.0,50,-0.0,0.0,0.0,0.0
r0158_c0137,40.7623212,-73.717812,Residential,24,0.0,0.0,1.9,1954.0,52761.0,24,-0.0,0.0,0.0,0.0
r0159_c0012,40.7636726,-73.9406761,Residential,34,177.78,0.0,2.4,1936.0,168061.0,46,2.094,0.0,44.44,0.0
r0159_c0013,40.7636726,-73.9388931,Industrial,34,0.0,0.0,2.3,1967.0,209088.0,38,1.5669,0.0,0.0,0.0
r0159_c0014,40.7636726,-73.9371102,Residential,18,44.44,0.0,1.9,1923.0,49231.0,19,1.8426,0.0,0.0,0.0
r0159_c0015,40.7636726,-73.9353273,Residential,23,355.56,0.0,3.0,1996.0,52104.0,23,-0.0,0.0,0.0,0.0
r0159_c0016,40.7636726,-73.9335444,Residential,3,933.33,0.0476,5.3,1942.0,455450.0,10,0.541,0.0,88.89,0.0
r0159_c0017,40.7636726,-73.9317615,Residential,41,88.89,0.0,2.6,1956.0,97653.0,44,1.7656,0.0,44.44,0.0
r0159_c0018,40.7636726,-73.9299786,Residential,78,0.0,0.0,2.4,1942.0,224746.0,84,1.5561,0.0,0.0,0.0
r0159_c0019,40.7636726,-73.9281957,Residential,32,400.0,0.2222,2.5,1928.0,345615.0,35,2.2587,0.0,88.89,0.0
r0159_c0020,40.7636726,-73.9264128,Residential,23,0.0,0.0,3.7,1935.0,555860.0,37,1.8323,0.0,0.0,0.0
r0159_c0021,40.7636726,-73.9246298,Residential,63,444.44,0.0,3.0,1954.0,368795.0,66,1.8333,0.0,88.89,0.0
r0159_c0022,40.7636726,-73.9228469,Residential,53,355.56,0.25,3.0,1930.0,310567.0,61,1.6989,0.0,177.78,0.0
r0159_c0023,40.7636726,-73.921064,Residential,48,1244.44,0.25,3.7,1925.0,442026.0,52,1.1529,44.44,400.0,0.0
r0159_c0024,40.7636726,-73.9192811,Residential,70,88.89,0.0,2.3,1931.0,265252.0,73,1.7491,0.0,0.0,0.0
r0159_c0025,40.7636726,-73.9174982,Residential,85,0.0,0.0,2.2,1935.0,193160.0,87,1.3313,0.0,0.0,0.0
r0159_c0026,40.7636726,-73.9157153,Commercial,39,2222.22,0.2,2.6,1937.0,233412.0,39,2.0647,88.89,711.11,0.0625
r0159_c0027,40.7636726,-73.9139324,Residential,49,1555.56,0.2,2.6,1928.0,267379.0,54,1.8231,44.44,488.89,0.0
r0159_c0028,40.7636726,-73.9121495,Residential,52,177.78,0.0,2.4,1924.0,281501.0,64,2.2003,0.0,44.44,1.0
r0159_c0029,40.7636726,-73.9103665,Residential,61,44.44,0.0,2.4,1934.0,214392.0,85,1.1442,0.0,0.0,0.0
r0159_c0030,40.7636726,-73.9085836,Residential,72,133.33,0.6667,2.2,1936.0,179397.0,82,1.503,0.0,0.0,0.0
r0159_c0031,40.7636726,-73.9068007,Residential,79,88.89,0.0,2.1,1944.0,167327.0,105,1.0592,0.0,0.0,0.0
r0159_c0032,40.7636726,-73.9050178,Mixed-Use,37,44.44,0.0,1.7,1956.0,133784.0,37,2.0417,0.0,0.0,0.0
r0159_c0039,40.7636726,-73.8925374,Commercial,14,133.33,0.0,1.2,1950.0,503453.0,13,0.598,0.0,0.0,0.0
r0159_c0040,40.7636726,-73.8907545,Residential,89,133.33,0.0,1.7,1956.0,197615.0,89,0.7814,0.0,0.0,0.0
r0159_c0041,40.7636726,-73.8889716,Mixed-Use,17,44.44,0.0,2.1,1962.0,30502.0,21,0.9888,0.0,0.0,0.0
r0159_c0042,40.7636726,-73.8871887,Residential,60,222.22,0.0,1.8,1951.0,109878.0,67,0.9827,0.0,0.0,0.0
r0159_c0043,40.7636726,-73.8854058,Residential,71,88.89,0.0,1.5,1938.0,97542.0,74,0.1118,0.0,0.0,0.0
r0159_c0044,40.7636726,-73.8836229,Residential,44,88.89,0.0,2.0,1945.0,80681.0,44,0.8205,0.0,0.0,0.0
r0159_c0045,40.7636726,-73.88184,Residential,44,488.89,0.2727,2.0,1957.0,79794.0,46,1.1562,0.0,88.89,0.5
r0159_c0046,40.7636726,-73.880057,Residential,44,133.33,0.0,2.2,1975.0,99417.0,47,2.4462,0.0,44.44,0.0
r0159_c0047,40.7636726,-73.8782741,Commercial,19,666.67,0.2,1.6,1958.0,61249.0,19,2.0391,0.0,44.44,0.0
r0159_c0048,40.7636726,-73.8764912,Residential,30,311.11,0.1429,1.8,1944.0,71574.0,36,2.1782,0.0,44.44,0.0
r0159_c0049,40.7636726,-73.8747083,Residential,49,222.22,0.4,2.0,1946.0,108062.0,73,1.191,0.0,133.33,0.0
r0159_c0050,40.7636726,-73.8729254,Residential,74,44.44,0.0,1.9,1942.0,116217.0,90,0.2299,0.0,0.0,0.0
r0159_c0051,40.7636726,-73.8711425,Residential,83,0.0,0.0,1.8,1928.0,161258.0,113,0.7199,0.0,0.0,0.0
r0159_c0052,40.7636726,-73.8693596,Residential,88,133.33,0.0,2.0,1936.0,141131.0,119,0.3192,0.0,0.0,0.0
r0159_c0053,40.7636726,-73.8675767,Residential,51,133.33,0.0,2.2,1928.0,95158.0,85,0.8023,0.0,0.0,0.0
r0159_c0054,40.7636726,-73.8657937,Residential,50,44.44,0.0,2.3,1936.0,103462.0,90,0.7034,0.0,0.0,0.0
r0159_c0055,40.7636726,-73.8640108,Residential,43,88.89,0.0,2.2,1931.0,87297.0,68,0.3885,0.0,0.0,0.0
r0159_c0056,40.7636726,-73.8622279,Residential,36,88.89,0.0,2.1,1955.0,79897.0,43,0.91,0.0,0.0,0.0
r0159_c0070,40.7636726,-73.8372672,Industrial,3,44.44,0.0,2.0,1963.0,5468.0,4,0.7895,44.44,0.0,0.0
r0159_c0071,40.7636726,-73.8354842,Industrial,16,0.0,0.0,1.2,1959.0,105166.0,21,1.3883,0.0,0.0,0.0
r0159_c0072,40.7636726,-73.8337013,Mixed-Use,19,311.11,0.0,2.1,1956.0,185669.0,22,2.2535,0.0,177.78,0.0
r0159_c0073,40.7636726,-73.8319184,Commercial,35,311.11,0.1429,3.7,1981.0,534710.0,35,1.2924,88.89,0.0,0.0
r0159_c0074,40.7636726,-73.8301355,Mixed-Use,23,933.33,0.0476,2.9,1955.0,316012.0,20,2.7364,133.33,0.0,0.0
r0159_c0075,40.7636726,-73.8283526,Institutional,24,488.89,0.1818,3.6,1971.0,259625.0,22,1.79,88.89,0.0,0.0
r0159_c0076,40.7636726,-73.8265697,Mixed-Use,4,222.22,0.0,6.0,1953.0,516299.0,5,1.5677,0.0,0.0,0.0
r0159_c0077,40.7636726,-73.8247868,Mixed-Use,9,1555.56,0.0571,4.0,1933.0,235487.0,7,2.1608,44.44,0.0,0.0
r0159_c0078,40.7636726,-73.8230039,Residential,22,88.89,0.0,3.9,1966.0,369829.0,22,2.243,0.0,0.0,0.0
r0159_c0079,40.7636726,-73.8212209,Residential,47,0.0,0.0,3.2,1968.0,301436.0,46,1.7436,0.0,0.0,0.0
r0159_c0080,40.7636726,-73.819438,Residential,34,44.44,0.0,3.2,1971.0,191380.0,33,1.7037,0.0,0.0,0.0
r0159_c0081,40.7636726,-73.8176551,Residential,8,88.89,0.0,3.8,1959.0,202327.0,14,1.5583,0.0,0.0,0.0
r0159_c0082,40.7636726,-73.8158722,Residential,43,0.0,0.0,2.9,1956.0,224945.0,47,1.6714,0.0,0.0,0.0
r0159_c0083,40.7636726,-73.8140893,Residential,47,177.78,0.75,2.5,1937.0,176058.0,62,1.732,0.0,0.0,0.0
r0159_c0084,40.7636726,-73.8123064,Residential,45,0.0,0.0,2.5,1938.0,102954.0,67,0.4805,0.0,0.0,0.0
r0159_c0085,40.7636726,-73.8105235,Residential,36,355.56,0.25,2.6,1952.0,176683.0,45,1.9526,0.0,0.0,0.0
r0159_c0086,40.7636726,-73.8087406,Commercial,12,311.11,0.4286,1.6,1957.0,110143.0,21,1.0853,0.0,44.44,0.0
r0159_c0087,40.7636726,-73.8069576,Mixed-Use,14,88.89,0.5,1.8,1942.0,64997.0,23,1.9144,0.0,0.0,0.0
r0159_c0088,40.7636726,-73.8051747,Residential,29,88.89,0.0,2.4,1922.0,85800.0,57,1.1938,0.0,0.0,0.0
r0159_c0089,40.7636726,-73.8033918,Residential,33,0.0,0.0,2.3,1930.0,83943.0,59,0.784,0.0,0.0,0.0
r0159_c0090,40.7636726,-73.8016089,Residential,38,0.0,0.0,2.3,1938.0,100768.0,61,0.7099,0.0,0.0,0.0
r0159_c0091,40.7636726,-73.799826,Residential,29,88.89,0.0,2.1,1937.0,71171.0,45,0.2617,0.0,0.0,0.0
r0159_c0092,40.7636726,-73.7980431,Residential,37,44.44,0.0,2.2,1930.0,75553.0,63,0.1557,0.0,0.0,0.0
r0159_c0093,40.7636726,-73.7962602,Residential,36,0.0,0.0,1.9,1941.0,64284.0,60,0.1877,0.0,0.0,0.0
r0159_c0094,40.7636726,-73.7944773,Residential,34,0.0,0.0,2.4,1936.0,93545.0,63,0.739,0.0,0.0,0.0
r0159_c0095,40.7636726,-73.7926944,Residential,40,0.0,0.0,2.3,1945.0,108812.0,62,1.3934,0.0,0.0,0.0
r0159_c0096,40.7636726,-73.7909114,Residential,45,44.44,0.0,2.1,1950.0,120550.0,69,0.9723,0.0,0.0,0.0
r0159_c0097,40.7636726,-73.7891285,Residential,48,88.89,0.0,2.2,1971.0,116502.0,59,1.5919,0.0,0.0,0.0
r0159_c0098,40.7636726,-73.7873456,Commercial,30,355.56,0.0,2.2,1974.0,132139.0,33,1.6758,0.0,0.0,0.0
r0159_c0099,40.7636726,-73.7855627,Residential,57,266.67,0.1667,2.3,1940.0,89870.0,81,0.2282,0.0,0.0,0.0
r0159_c0100,40.7636726,-73.7837798,Residential,47,133.33,0.0,2.2,1938.0,76226.0,78,0.0434,0.0,0.0,0.0
r0159_c0101,40.7636726,-73.7819969,Residential,35,133.33,0.0,1.9,1946.0,60614.0,55,0.0923,0.0,0.0,0.0
r0159_c0102,40.7636726,-73.780214,Residential,23,44.44,0.0,1.8,1942.0,35519.0,38,-0.0,0.0,0.0,0.0
r0159_c0103,40.7636726,-73.7784311,Residential,29,133.33,0.0,2.2,1929.0,53920.0,53,-0.0,0.0,0.0,0.0
r0159_c0104,40.7636726,-73.7766481,Residential,23,0.0,0.0,2.2,1946.0,76508.0,47,0.8091,0.0,0.0,0.0
r0159_c0105,40.7636726,-73.7748652,Residential,48,44.44,0.0,2.5,1963.0,140213.0,61,1.2204,0.0,0.0,0.0
r0159_c0106,40.7636726,-73.7730823,Residential,41,133.33,0.0,2.5,1961.0,182604.0,56,2.2456,0.0,0.0,0.0
r0159_c0107,40.7636726,-73.7712994,Mixed-Use,39,977.78,0.3636,2.1,1936.0,147325.0,44,1.9023,0.0,311.11,0.2857
r0159_c0108,40.7636726,-73.7695165,Mixed-Use,37,133.33,0.0,2.5,1960.0,186439.0,39,2.5888,0.0,44.44,0.0
r0159_c0109,40.7636726,-73.7677336,Mixed-Use,25,133.33,0.0,2.2,1962.0,174169.0,30,2.1805,0.0,0.0,0.0
r0159_c0110,40.7636726,-73.7659507,Mixed-Use,23,44.44,0.0,2.2,1968.0,53668.0,27,1.8642,0.0,0.0,0.0
r0159_c0111,40.7636726,-73.7641678,Mixed-Use,25,44.44,0.0,2.0,1961.0,46652.0,32,0.8923,0.0,0.0,0.0
r0159_c0112,40.7636726,-73.7623848,Residential,32,44.44,0.0,1.8,1949.0,52018.0,37,0.0953,0.0,0.0,0.0
r0159_c0113,40.7636726,-73.7606019,Residential,28,222.22,0.0,1.9,1947.0,53354.0,44,-0.0,0.0,0.0,0.0
r0159_c0114,40.7636726,-73.758819,Residential,21,0.0,0.0,2.0,1969.0,49087.0,22,1.3445,0.0,0.0,0.0
r0159_c0120,40.7636726,-73.7481216,Open Space,4,177.78,0.0,1.2,1960.0,9888.0,3,0.6369,0.0,0.0,0.0
r0159_c0121,40.7636726,-73.7463386,Open Space,10,0.0,0.0,1.5,1937.0,40263.0,9,1.045,0.0,0.0,0.0
r0159_c0122,40.7636726,-73.7445557,Residential,23,177.78,0.0,1.9,1946.0,54452.0,30,0.5881,0.0,0.0,0.0
r0159_c0123,40.7636726,-73.7427728,Residential,24,88.89,0.0,2.2,1939.0,60231.0,39,0.0903,0.0,0.0,0.0
r0159_c0124,40.7636726,-73.7409899,Residential,30,177.78,0.0,2.1,1938.0,60117.0,48,0.6523,0.0,0.0,0.0
r0159_c0125,40.7636726,-73.739207,Residential,34,88.89,0.0,1.5,1960.0,65765.0,36,0.256,0.0,0.0,0.0
r0159_c0126,40.7636726,-73.7374241,Residential,41,44.44,0.0,1.8,1958.0,67229.0,59,-0.0,0.0,0.0,0.0
r0159_c0127,40.7636726,-73.7356412,Residential,46,133.33,0.0,2.0,1949.0,68491.0,69,0.0395,0.0,0.0,0.0
r0159_c0128,40.7636726,-73.7338583,Residential,33,44.44,0.0,1.6,1951.0,70262.0,36,0.1493,0.0,0.0,0.0
r0159_c0129,40.7636726,-73.7320753,Residential,26,133.33,0.0,1.8,1956.0,57510.0,27,0.2667,0.0,0.0,0.0
r0159_c0130,40.7636726,-73.7302924,Residential,26,88.89,0.0,1.7,1957.0,53931.0,26,0.0221,0.0,0.0,0.0
r0159_c0131,40.7636726,-73.7285095,Residential,30,177.78,0.0,1.7,1955.0,66803.0,34,0.1773,0.0,0.0,0.0
r0159_c0132,40.7636726,-73.7267266,Residential,10,133.33,0.0,1.8,1935.0,18144.0,16,1.0067,0.0,0.0,0.0
r0159_c0133,40.7636726,-73.7249437,Residential,23,44.44,0.0,2.0,1959.0,36462.0,28,0.2083,0.0,0.0,0.0
r0159_c0134,40.7636726,-73.7231608,Residential,26,88.89,0.0,1.3,1950.0,37485.0,29,0.2319,0.0,0.0,0.0
r0159_c0135,40.7636726,-73.7213779,Residential,30,0.0,0.0,1.3,1950.0,41420.0,32,-0.0,0.0,0.0,0.0
r0159_c0136,40.7636726,-73.719595,Residential,20,44.44,0.0,1.7,1950.0,31866.0,20,-0.0,0.0,0.0,0.0
r0160_c0011,40.7650239,-73.942459,Mixed-Use,3,2133.33,0.0,9.5,1980.0,452028.0,3,1.5784,44.44,44.44,1.0
r0160_c0012,40.7650239,-73.9406761,Institutional,8,355.56,0.0,2.1,1938.0,82902.0,8,1.9012,0.0,0.0,0.0
r0160_c0013,40.7650239,-73.9388931,Mixed-Use,43,222.22,0.2,2.6,1932.0,214707.0,49,2.3213,0.0,44.44,0.0
r0160_c0014,40.7650239,-73.9371102,Industrial,20,0.0,0.0,1.9,1944.0,184831.0,25,1.0403,0.0,0.0,0.0
r0160_c0015,40.7650239,-73.9353273,Industrial,49,88.89,0.0,3.0,1995.0,153987.0,49,1.2198,0.0,0.0,0.0
r0160_c0016,40.7650239,-73.9335444,Residential,39,355.56,0.375,2.9,1996.0,92928.0,38,0.8532,0.0,133.33,0.3333
r0160_c0017,40.7650239,-73.9317615,Residential,27,755.56,0.0588,2.8,1951.0,168256.0,29,2.4394,44.44,222.22,0.2
r0160_c0018,40.7650239,-73.9299786,Commercial,23,622.22,0.2857,3.1,1963.0,205144.0,28,1.5202,0.0,133.33,0.0
r0160_c0019,40.7650239,-73.9281957,Residential,42,0.0,0.0,3.5,1954.0,491233.0,53,1.5232,0.0,0.0,0.0
r0160_c0020,40.7650239,-73.9264128,Residential,18,177.78,0.25,4.7,1955.0,487218.0,21,1.0875,0.0,0.0,0.0
r0160_c0021,40.7650239,-73.9246298,Residential,31,177.78,0.0,4.0,1965.0,350221.0,39,1.7543,44.44,0.0,0.0
r0160_c0022,40.7650239,-73.9228469,Residential,48,444.44,0.2,3.5,1952.0,331772.0,49,2.3134,0.0,0.0,0.0
r0160_c0023,40.7650239,-73.921064,Residential,56,0.0,0.0,3.2,1932.0,340674.0,62,0.406,0.0,0.0,0.0
r0160_c0024,40.7650239,-73.9192811,Residential,64,755.56,0.5882,3.0,1928.0,374391.0,70,1.7373,0.0,177.78,0.0
r0160_c0025,40.7650239,-73.9174982,Mixed-Use,68,2977.78,0.3284,2.6,1930.0,262505.0,82,1.5385,88.89,622.22,0.0
r0160_c0026,40.7650239,-73.9157153,Residential,66,844.44,0.4211,2.7,1935.0,289196.0,84,1.905,0.0,88.89,0.0
r0160_c0027,40.7650239,-73.9139324,Mixed-Use,59,2488.89,0.1607,2.4,1934.0,243775.0,62,1.9164,0.0,844.44,0.1579
r0160_c0028,40.7650239,-73.9121495,Residential,54,133.33,0.3333,3.0,1946.0,244330.0,60,1.7722,0.0,44.44,0.0
r0160_c0029,40.7650239,-73.9103665,Residential,70,44.44,0.0,2.4,1934.0,235077.0,89,1.2366,0.0,0.0,0.0
r0160_c0030,40.7650239,-73.9085836,Residential,81,0.0,0.0,2.3,1939.0,217525.0,115,1.0056,0.0,0.0,0.0
r0160_c0031,40.7650239,-73.9068007,Residential,61,44.44,0.0,2.1,1944.0,130387.0,87,1.4915,0.0,0.0,0.0
r0160_c0032,40.7650239,-73.9050178,Mixed-Use,22,88.89,0.0,1.5,1956.0,196624.0,26,2.2273,0.0,0.0,0.0
r0160_c0033,40.7650239,-73.9032349,Industrial,9,88.89,0.0,2.0,1968.0,182225.0,7,0.9139,0.0,0.0,0.0
r0160_c0041,40.7650239,-73.8889716,Residential,36,44.44,1.0,2.0,1946.0,72610.0,42,1.7128,0.0,0.0,0.0
r0160_c0042,40.7650239,-73.8871887,Residential,21,88.89,0.0,2.1,1953.0,45109.0,22,2.0644,0.0,0.0,0.0
r0160_c0043,40.7650239,-73.8854058,Commercial,6,488.89,0.2727,1.5,1975.0,32921.0,6,0.7284,0.0,133.33,0.3333
r0160_c0044,40.7650239,-73.8836229,Residential,26,88.89,0.0,2.0,1946.0,36676.0,30,0.823,0.0,0.0,0.0
r0160_c0045,40.7650239,-73.88184,Residential,71,222.22,0.0,2.0,1942.0,95420.0,73,0.3233,0.0,0.0,0.0
r0160_c0046,40.7650239,-73.880057,Residential,53,222.22,0.2,2.2,1968.0,108652.0,65,1.6607,0.0,0.0,0.0
r0160_c0047,40.7650239,-73.8782741,Residential,65,0.0,0.0,1.3,1952.0,108216.0,68,0.1259,0.0,0.0,0.0
r0160_c0048,40.7650239,-73.8764912,Residential,62,0.0,0.0,1.9,1943.0,107169.0,86,0.7203,0.0,0.0,0.0
r0160_c0049,40.7650239,-73.8747083,Residential,57,0.0,0.0,2.1,1952.0,103701.0,82,0.472,0.0,0.0,0.0
r0160_c0050,40.7650239,-73.8729254,Residential,73,44.44,0.0,2.0,1937.0,130990.0,91,0.0919,0.0,0.0,0.0
r0160_c0051,40.7650239,-73.8711425,Institutional,19,666.67,0.0,2.1,1951.0,155476.0,23,0.6389,0.0,0.0,0.0
r0160_c0052,40.7650239,-73.8693596,Residential,48,488.89,0.0,2.0,1942.0,72415.0,68,0.1553,0.0,0.0,0.0
r0160_c0053,40.7650239,-73.8675767,Residential,60,44.44,0.0,2.1,1932.0,95289.0,87,0.7978,0.0,0.0,0.0
r0160_c0054,40.7650239,-73.8657937,Residential,48,133.33,0.0,2.3,1924.0,92186.0,81,0.8698,0.0,0.0,0.0
r0160_c0055,40.7650239,-73.8640108,Residential,48,177.78,0.0,2.3,1944.0,106544.0,73,0.5395,0.0,0.0,0.0
r0160_c0056,40.7650239,-73.8622279,Residential,6,933.33,0.2857,1.8,1957.0,15818.0,7,-0.0,44.44,88.89,0.0
r0160_c0070,40.7650239,-73.8372672,Industrial,4,0.0,0.0,1.7,1950.0,45782.0,6,0.0425,0.0,0.0,0.0
r0160_c0071,40.7650239,-73.8354842,Industrial,20,88.89,0.0,1.8,1961.0,300744.0,17,0.7908,0.0,44.44,1.0
r0160_c0072,40.7650239,-73.8337013,Mixed-Use,30,0.0,0.0,2.7,1928.0,504380.0,31,2.4349,0.0,0.0,0.0
r0160_c0073,40.7650239,-73.8319184,Mixed-Use,19,266.67,0.1667,3.3,1979.0,392877.0,17,2.5895,88.89,0.0,0.0
r0160_c0074,40.7650239,-73.8301355,Residential,43,177.78,0.0,3.2,1979.0,239274.0,42,1.9154,0.0,0.0,0.0
r0160_c0075,40.7650239,-73.8283526,Mixed-Use,32,266.67,0.1667,3.6,1984.0,235309.0,30,1.9086,0.0,88.89,0.0
r0160_c0077,40.7650239,-73.8247868,Residential,10,177.78,0.25,4.9,1972.0,460035.0,12,1.8129,0.0,0.0,0.0
r0160_c0078,40.7650239,-73.8230039,Commercial,11,577.78,0.0769,3.4,1937.0,302674.0,12,1.6509,0.0,222.22,0.2
r0160_c0079,40.7650239,-73.8212209,Mixed-Use,18,311.11,0.0,3.7,1979.0,498870.0,19,1.5435,0.0,133.33,0.3333
r0160_c0080,40.7650239,-73.819438,Residential,21,400.0,0.4444,3.1,1964.0,302074.0,21,2.1006,0.0,133.33,0.3333
r0160_c0081,40.7650239,-73.8176551,Residential,10,133.33,0.6667,3.1,1946.0,416640.0,12,1.1596,0.0,44.44,0.0
r0160_c0082,40.7650239,-73.8158722,Mixed-Use,20,177.78,0.0,2.9,1966.0,234386.0,21,2.3506,44.44,44.44,0.0
r0160_c0083,40.7650239,-73.8140893,Commercial,29,311.11,0.1429,3.4,1982.0,245291.0,32,1.5136,0.0,44.44,0.0
r0160_c0084,40.7650239,-73.8123064,Residential,30,355.56,0.5,2.4,1940.0,196036.0,34,2.5531,0.0,0.0,0.0
r0160_c0085,40.7650239,-73.8105235,Residential,25,133.33,0.0,2.3,1942.0,131340.0,39,1.5348,0.0,0.0,0.0
r0160_c0086,40.7650239,-73.8087406,Residential,34,133.33,0.3333,2.1,1942.0,75190.0,41,2.0253,0.0,0.0,0.0
r0160_c0087,40.7650239,-73.8069576,Residential,20,0.0,0.0,2.3,1928.0,139677.0,37,1.3513,0.0,0.0,0.0
r0160_c0088,40.7650239,-73.8051747,Residential,24,44.44,0.0,2.3,1926.0,61378.0,41,-0.0,0.0,0.0,0.0
r0160_c0089,40.7650239,-73.8033918,Residential,26,44.44,0.0,2.2,1942.0,70957.0,43,0.7859,0.0,0.0,0.0
r0160_c0090,40.7650239,-73.8016089,Residential,31,0.0,0.0,2.2,1944.0,77097.0,47,1.0233,0.0,0.0,0.0
r0160_c0091,40.7650239,-73.799826,Residential,25,0.0,0.0,2.0,1937.0,65983.0,38,-0.0,0.0,0.0,0.0
r0160_c0092,40.7650239,-73.7980431,Residential,29,44.44,0.0,2.3,1933.0,85988.0,47,1.1971,0.0,0.0,0.0
r0160_c0093,40.7650239,-73.7962602,Residential,36,88.89,0.0,2.2,1939.0,95426.0,57,0.5407,0.0,0.0,0.0
r0160_c0094,40.7650239,-73.7944773,Institutional,19,88.89,0.0,2.1,1944.0,91202.0,31,1.1071,0.0,0.0,0.0
r0160_c0095,40.7650239,-73.7926944,Residential,36,133.33,0.0,2.0,1950.0,93002.0,48,0.8288,0.0,0.0,0.0
r0160_c0096,40.7650239,-73.7909114,Residential,47,88.89,0.0,2.2,1943.0,97570.0,59,0.6635,0.0,0.0,0.0
r0160_c0097,40.7650239,-73.7891285,Institutional,8,1022.22,0.0,2.6,1946.0,271951.0,10,0.8257,0.0,44.44,1.0
r0160_c0098,40.7650239,-73.7873456,Residential,31,177.78,0.0,1.8,1950.0,56122.0,54,0.4816,0.0,0.0,0.0
r0160_c0099,40.7650239,-73.7855627,Residential,32,88.89,0.0,2.3,1937.0,108161.0,72,1.1985,0.0,0.0,0.0
r0160_c0100,40.7650239,-73.7837798,Residential,49,311.11,0.0,2.0,1948.0,80977.0,73,0.1223,0.0,0.0,0.0
r0160_c0101,40.7650239,-73.7819969,Residential,32,133.33,0.0,2.0,1945.0,51743.0,49,-0.0,0.0,0.0,0.0
r0160_c0102,40.7650239,-73.780214,Residential,17,88.89,0.0,1.9,1945.0,27570.0,28,-0.0,0.0,0.0,0.0
r0160_c0103,40.7650239,-73.7784311,Residential,33,133.33,0.0,2.1,1938.0,65665.0,53,-0.0,0.0,0.0,0.0
r0160_c0104,40.7650239,-73.7766481,Residential,34,177.78,0.0,2.2,1926.0,68831.0,59,-0.0,0.0,0.0,0.0
r0160_c0105,40.7650239,-73.7748652,Residential,35,88.89,0.0,2.1,1936.0,72237.0,50,0.317,0.0,0.0,0.0
r0160_c0106,40.7650239,-73.7730823,Residential,29,44.44,0.0,2.4,1953.0,107395.0,42,1.4651,0.0,0.0,0.0
r0160_c0107,40.7650239,-73.7712994,Commercial,31,400.0,0.4444,2.3,1945.0,198016.0,37,1.5602,0.0,177.78,0.0
r0160_c0108,40.7650239,-73.7695165,Residential,35,44.44,0.0,2.1,1942.0,102466.0,44,1.7409,0.0,0.0,0.0
r0160_c0109,40.7650239,-73.7677336,Residential,40,88.89,0.0,2.2,1959.0,94756.0,68,0.1336,0.0,0.0,0.0
r0160_c0110,40.7650239,-73.7659507,Residential,41,177.78,0.25,2.1,1955.0,88159.0,62,-0.0,0.0,0.0,0.0
r0160_c0111,40.7650239,-73.7641678,Residential,24,44.44,0.0,2.1,1944.0,54895.0,40,-0.0,0.0,0.0,0.0
r0160_c0112,40.7650239,-73.7623848,Residential,36,222.22,0.0,1.8,1957.0,69524.0,47,-0.0,0.0,0.0,0.0
r0160_c0113,40.7650239,-73.7606019,Residential,34,44.44,0.0,1.4,1958.0,49239.0,42,-0.0,0.0,0.0,0.0
r0160_c0114,40.7650239,-73.758819,Residential,11,0.0,0.0,1.5,1960.0,14349.0,13,-0.0,0.0,0.0,0.0
r0160_c0122,40.7650239,-73.7445557,Residential,11,266.67,0.1667,3.1,1967.0,317450.0,16,1.8577,0.0,0.0,0.0
r0160_c0123,40.7650239,-73.7427728,Residential,16,177.78,0.0,2.3,1946.0,64682.0,23,1.4648,0.0,44.44,1.0
r0160_c0124,40.7650239,-73.7409899,Institutional,9,222.22,0.0,2.4,1937.0,90759.0,17,0.852,0.0,0.0,0.0
r0160_c0125,40.7650239,-73.739207,Residential,25,0.0,0.0,1.8,1945.0,51755.0,41,0.8477,0.0,0.0,0.0
r0160_c0126,40.7650239,-73.7374241,Residential,35,88.89,0.0,1.7,1951.0,60546.0,47,-0.0,0.0,0.0,0.0
r0160_c0127,40.7650239,-73.7356412,Residential,36,133.33,0.0,1.7,1943.0,55550.0,63,-0.0,0.0,0.0,0.0
r0160_c0128,40.7650239,-73.7338583,Residential,30,133.33,0.0,1.6,1951.0,69779.0,35,0.2751,0.0,0.0,0.0
r0160_c0129,40.7650239,-73.7320753,Residential,33,44.44,0.0,2.1,1946.0,66635.0,40,0.1729,0.0,0.0,0.0
r0160_c0130,40.7650239,-73.7302924,Residential,20,222.22,0.0,2.0,1956.0,61430.0,25,0.128,0.0,0.0,0.0
r0160_c0131,40.7650239,-73.7285095,Residential,26,177.78,0.0,2.0,1968.0,78749.0,30,-0.0,0.0,0.0,0.0
r0160_c0132,40.7650239,-73.7267266,Commercial,10,222.22,0.6,1.7,1954.0,72294.0,11,0.9854,0.0,44.44,0.0
r0160_c0134,40.7650239,-73.7231608,Institutional,8,44.44,0.0,1.5,1951.0,106426.0,12,0.7891,0.0,0.0,0.0
r0161_c0013,40.7663753,-73.9388931,Residential,28,666.67,0.0667,2.3,1926.0,104915.0,34,2.3252,0.0,44.44,1.0
r0161_c0014,40.7663753,-73.9371102,Industrial,8,266.67,0.0,1.2,1928.0,124707.0,8,0.6977,44.44,88.89,0.5
r0161_c0015,40.7663753,-73.9353273,Industrial,4,177.78,0.0,1.0,1931.0,54062.0,4,1.2389,0.0,0.0,0.0
r0161_c0016,40.7663753,-73.9335444,Institutional,17,222.22,0.0,3.6,1936.0,1038181.0,21,1.655,44.44,0.0,0.0
r0161_c0017,40.7663753,-73.9317615,Residential,50,400.0,0.2222,2.9,1946.0,252660.0,67,2.3714,0.0,88.89,0.0
r0161_c0018,40.7663753,-73.9299786,Institutional,25,222.22,0.2,3.4,1950.0,271484.0,33,1.8672,0.0,44.44,0.0
r0161_c0019,40.7663753,-73.9281957,Residential,34,88.89,0.0,3.8,1955.0,372030.0,47,1.558,0.0,0.0,0.0
r0161_c0020,40.7663753,-73.9264128,Residential,42,266.67,0.0,3.2,1943.0,303059.0,50,1.8489,0.0,44.44,0.0
r0161_c0021,40.7663753,-73.9246298,Residential,26,0.0,0.0,4.3,1971.0,446652.0,25,1.7378,0.0,0.0,0.0
r0161_c0022,40.7663753,-73.9228469,Residential,42,355.56,0.0,3.5,1952.0,446324.0,44,2.2068,0.0,222.22,0.0
r0161_c0023,40.7663753,-73.921064,Residential,49,1911.11,0.3256,3.2,1947.0,276933.0,51,1.9872,88.89,533.33,0.0833
r0161_c0024,40.7663753,-73.9192811,Residential,32,1022.22,0.4348,3.1,1929.0,363922.0,37,2.1849,44.44,222.22,0.2
r0161_c0025,40.7663753,-73.9174982,Residential,52,44.44,0.0,3.3,1934.0,477995.0,67,1.5547,0.0,44.44,0.0
r0161_c0026,40.7663753,-73.9157153,Residential,49,444.44,0.2,3.4,1937.0,352280.0,50,2.058,0.0,177.78,0.0
r0161_c0027,40.7663753,-73.9139324,Residential,71,933.33,0.3333,2.8,1956.0,276330.0,80,2.0165,0.0,266.67,0.0
r0161_c0028,40.7663753,-73.9121495,Residential,67,1466.67,0.3636,2.8,1927.0,273868.0,88,1.5762,0.0,222.22,0.0
r0161_c0029,40.7663753,-73.9103665,Residential,70,0.0,0.0,2.3,1935.0,209120.0,96,1.0765,0.0,0.0,0.0
r0161_c0030,40.7663753,-73.9085836,Residential,56,88.89,0.5,2.4,1940.0,216683.0,64,1.4092,0.0,44.44,0.0
r0161_c0031,40.7663753,-73.9068007,Industrial,23,44.44,0.0,2.4,1977.0,135326.0,26,1.5163,0.0,0.0,0.0
r0161_c0032,40.7663753,-73.9050178,Industrial,34,0.0,0.0,1.7,1959.0,202676.0,40,1.5707,0.0,0.0,0.0
r0161_c0033,40.7663753,-73.9032349,Open Space,19,0.0,0.0,1.5,1988.0,95475.0,17,1.12,0.0,0.0,0.0
r0161_c0037,40.7663753,-73.8961033,Residential,4,44.44,0.0,3.0,1965.0,7740.0,3,0.1207,0.0,0.0,0.0
r0161_c0038,40.7663753,-73.8943203,Residential,10,0.0,0.0,2.7,1967.0,22275.0,9,1.1237,0.0,0.0,0.0
r0161_c0039,40.7663753,-73.8925374,Residential,9,88.89,0.0,3.0,1964.0,29623.0,9,-0.0,0.0,0.0,0.0
r0161_c0040,40.7663753,-73.8907545,Residential,5,0.0,0.0,3.0,1965.0,15313.0,5,-0.0,0.0,0.0,0.0
r0161_c0041,40.7663753,-73.8889716,Residential,10,0.0,0.0,1.9,1950.0,19807.0,14,-0.0,0.0,0.0,0.0
r0161_c0042,40.7663753,-73.8871887,Open Space,6,44.44,0.0,2.0,1960.0,5200.0,2,0.7487,0.0,0.0,0.0
r0161_c0043,40.7663753,-73.8854058,Industrial,3,355.56,0.0,2.3,1982.0,143841.0,3,1.1851,0.0,0.0,0.0
r0161_c0046,40.7663753,-73.880057,Mixed-Use,19,177.78,0.0,2.0,1965.0,47765.0,23,1.3896,0.0,0.0,0.0
r0161_c0047,40.7663753,-73.8782741,Residential,50,88.89,0.0,1.9,1964.0,96654.0,68,0.3265,0.0,0.0,0.0
r0161_c0048,40.7663753,-73.8764912,Residential,58,88.89,0.0,2.0,1949.0,108713.0,61,0.8914,0.0,0.0,0.0
r0161_c0049,40.7663753,-73.8747083,Residential,59,0.0,0.0,1.7,1944.0,86673.0,82,0.2301,0.0,0.0,0.0
r0161_c0050,40.7663753,-73.8729254,Residential,59,0.0,0.0,1.9,1942.0,102573.0,73,0.2906,0.0,0.0,0.0
r0161_c0051,40.7663753,-73.8711425,Residential,39,311.11,0.0,2.0,1950.0,62324.0,43,0.1717,0.0,0.0,0.0
r0161_c0052,40.7663753,-73.8693596,Residential,54,266.67,0.0,2.1,1943.0,71989.0,83,0.2054,0.0,0.0,0.0
r0161_c0053,40.7663753,-73.8675767,Residential,44,311.11,0.0,2.2,1945.0,64393.0,62,-0.0,44.44,0.0,0.0
r0161_c0054,40.7663753,-73.8657937,Residential,39,133.33,0.0,2.1,1942.0,73077.0,50,0.5858,0.0,0.0,0.0
r0161_c0055,40.7663753,-73.8640108,Residential,16,311.11,0.0,2.2,1944.0,48328.0,22,0.2641,0.0,0.0,0.0
r0161_c0067,40.7663753,-73.8426159,Mixed-Use,4,311.11,0.0,1.0,1960.0,5095.0,2,1.5752,0.0,88.89,0.5
r0161_c0069,40.7663753,-73.8390501,Mixed-Use,4,0.0,0.0,1.0,1940.0,485.0,1,1.0502,0.0,0.0,0.0
r0161_c0070,40.7663753,-73.8372672,Industrial,5,44.44,0.0,1.6,1967.0,88150.0,5,0.8092,0.0,0.0,0.0
r0161_c0071,40.7663753,-73.8354842,Industrial,11,0.0,0.0,1.0,1957.0,155686.0,11,0.3461,0.0,0.0,0.0
r0161_c0072,40.7663753,-73.8337013,Industrial,23,88.89,0.0,1.8,1968.0,186091.0,24,0.7353,0.0,0.0,0.0
r0161_c0073,40.7663753,-73.8319184,Mixed-Use,27,133.33,0.3333,1.7,1957.0,176902.0,27,2.6987,0.0,0.0,0.0
r0161_c0075,40.7663753,-73.8283526,Residential,15,533.33,0.25,3.9,1952.0,363114.0,16,1.908,44.44,0.0,0.0
r0161_c0076,40.7663753,-73.8265697,Residential,38,44.44,0.0,4.3,1996.0,561445.0,39,1.9243,0.0,0.0,0.0
r0161_c0077,40.7663753,-73.8247868,Residential,23,0.0,0.0,3.8,1968.0,374579.0,24,1.5887,0.0,0.0,0.0
r0161_c0078,40.7663753,-73.8230039,Residential,13,0.0,0.0,3.5,1965.0,339332.0,13,0.8263,0.0,0.0,0.0
r0161_c0079,40.7663753,-73.8212209,Residential,34,0.0,0.0,4.2,1954.0,612331.0,36,1.7654,0.0,0.0,0.0
r0161_c0080,40.7663753,-73.819438,Residential,28,0.0,0.0,3.6,1939.0,327162.0,38,2.449,0.0,0.0,0.0
r0161_c0081,40.7663753,-73.8176551,Residential,48,44.44,0.0,2.6,1948.0,274765.0,65,1.7004,0.0,0.0,0.0
r0161_c0082,40.7663753,-73.8158722,Residential,27,0.0,0.0,2.6,1978.0,229952.0,36,1.6333,0.0,0.0,0.0
r0161_c0083,40.7663753,-73.8140893,Residential,30,0.0,0.0,2.4,1960.0,159883.0,50,2.081,0.0,0.0,0.0
r0161_c0084,40.7663753,-73.8123064,Residential,42,88.89,0.0,2.2,1952.0,170274.0,54,1.208,0.0,0.0,0.0
r0161_c0085,40.7663753,-73.8105235,Residential,40,44.44,0.0,2.3,1945.0,91488.0,66,0.9267,0.0,0.0,0.0
r0161_c0086,40.7663753,-73.8087406,Residential,28,44.44,0.0,2.1,1936.0,61148.0,38,0.7635,0.0,0.0,0.0
r0161_c0087,40.7663753,-73.8069576,Residential,28,44.44,0.0,2.3,1927.0,69698.0,51,-0.0,0.0,0.0,0.0
r0161_c0088,40.7663753,-73.8051747,Residential,32,44.44,0.0,2.3,1931.0,72995.0,63,-0.0,0.0,0.0,0.0
r0161_c0089,40.7663753,-73.8033918,Residential,30,44.44,0.0,2.3,1929.0,68081.0,53,-0.0,0.0,0.0,0.0
r0161_c0090,40.7663753,-73.8016089,Residential,39,44.44,0.0,2.2,1929.0,86938.0,72,0.4789,0.0,0.0,0.0
r0161_c0091,40.7663753,-73.799826,Residential,43,0.0,0.0,2.3,1935.0,86971.0,72,-0.0,0.0,0.0,0.0
r0161_c0092,40.7663753,-73.7980431,Residential,45,0.0,0.0,2.2,1936.0,73109.0,85,-0.0,0.0,0.0,0.0
r0161_c0093,40.7663753,-73.7962602,Residential,37,44.44,0.0,2.3,1931.0,66606.0,65,-0.0,0.0,0.0,0.0
r0161_c0094,40.7663753,-73.7944773,Residential,39,266.67,0.0,2.3,1939.0,68354.0,69,0.0022,0.0,0.0,0.0
r0161_c0095,40.7663753,-73.7926944,Residential,46,266.67,0.0,2.2,1940.0,81840.0,81,0.074,0.0,0.0,0.0
r0161_c0096,40.7663753,-73.7909114,Residential,44,177.78,0.0,1.9,1948.0,73699.0,65,0.3422,0.0,44.44,0.0
r0161_c0097,40.7663753,-73.7891285,Residential,51,755.56,0.1176,2.1,1931.0,124406.0,75,1.9318,0.0,0.0,0.0
r0161_c0098,40.7663753,-73.7873456,Residential,69,88.89,0.0,2.0,1935.0,91873.0,118,-0.0,0.0,0.0,0.0
r0161_c0099,40.7663753,-73.7855627,Institutional,27,177.78,0.0,1.9,1948.0,63584.0,54,0.9968,0.0,0.0,0.0
r0161_c0100,40.7663753,-73.7837798,Residential,30,266.67,0.1667,1.8,1951.0,78130.0,56,1.0897,0.0,44.44,0.0
r0161_c0101,40.7663753,-73.7819969,Residential,3,44.44,0.0,1.7,1943.0,125970.0,45,0.5069,0.0,0.0,0.0
r0161_c0102,40.7663753,-73.780214,Residential,23,177.78,0.0,1.8,1946.0,38881.0,34,0.3725,0.0,0.0,0.0
r0161_c0103,40.7663753,-73.7784311,Residential,35,44.44,0.0,1.8,1944.0,62795.0,50,-0.0,0.0,0.0,0.0
r0161_c0104,40.7663753,-73.7766481,Residential,38,44.44,0.0,2.3,1935.0,73498.0,68,-0.0,0.0,0.0,0.0
r0161_c0105,40.7663753,-73.7748652,Residential,31,0.0,0.0,2.4,1920.0,60976.0,55,0.1067,0.0,0.0,0.0
r0161_c0106,40.7663753,-73.7730823,Mixed-Use,13,488.89,0.0,1.9,1959.0,95965.0,15,1.8592,0.0,44.44,0.0
r0161_c0107,40.7663753,-73.7712994,Residential,37,355.56,0.0,2.3,1946.0,130974.0,49,1.7358,0.0,88.89,0.0
r0161_c0108,40.7663753,-73.7695165,Residential,32,0.0,0.0,2.3,1946.0,72204.0,37,0.5787,0.0,0.0,0.0
r0161_c0109,40.7663753,-73.7677336,Residential,47,44.44,0.0,2.2,1938.0,87888.0,65,0.5968,0.0,0.0,0.0
r0161_c0110,40.7663753,-73.7659507,Residential,37,133.33,0.0,2.2,1941.0,68855.0,57,0.2195,0.0,0.0,0.0
r0161_c0111,40.7663753,-73.7641678,Residential,34,88.89,0.0,2.0,1954.0,73051.0,52,0.0321,0.0,0.0,0.0
r0161_c0112,40.7663753,-73.7623848,Residential,30,0.0,0.0,1.9,1957.0,59171.0,34,0.1975,0.0,0.0,0.0
r0161_c0113,40.7663753,-73.7606019,Residential,30,133.33,0.0,1.4,1967.0,62315.0,32,0.0723,0.0,0.0,0.0
r0161_c0120,40.7663753,-73.7481216,Open Space,6,133.33,0.0,1.8,1932.0,5354.0,3,0.2367,44.44,0.0,0.0
r0161_c0121,40.7663753,-73.7463386,Residential,6,177.78,0.0,6.5,1977.0,253108.0,4,1.2485,0.0,0.0,0.0
r0161_c0122,40.7663753,-73.7445557,Residential,17,88.89,0.0,1.9,1931.0,37720.0,21,2.3666,0.0,0.0,0.0
r0161_c0123,40.7663753,-73.7427728,Institutional,11,88.89,0.0,1.6,1952.0,24148.0,11,0.858,0.0,0.0,0.0
r0161_c0124,40.7663753,-73.7409899,Open Space,9,133.33,0.0,1.9,1932.0,11405.0,9,0.7688,0.0,0.0,0.0
r0161_c0125,40.7663753,-73.739207,Residential,25,88.89,0.0,1.9,1950.0,88735.0,28,1.4976,0.0,44.44,1.0
r0161_c0126,40.7663753,-73.7374241,Residential,37,177.78,0.0,1.8,1949.0,63360.0,52,0.1032,0.0,0.0,0.0
r0161_c0127,40.7663753,-73.7356412,Residential,40,44.44,0.0,1.9,1943.0,69923.0,65,0.2414,0.0,0.0,0.0
r0161_c0128,40.7663753,-73.7338583,Residential,32,222.22,0.0,1.5,1945.0,54792.0,37,0.1019,0.0,0.0,0.0
r0161_c0129,40.7663753,-73.7320753,Residential,25,177.78,0.0,2.0,1954.0,60911.0,31,0.358,0.0,0.0,0.0
r0161_c0130,40.7663753,-73.7302924,Residential,26,222.22,0.0,1.9,1962.0,73906.0,30,0.1284,0.0,0.0,0.0
r0161_c0131,40.7663753,-73.7285095,Residential,26,133.33,0.0,2.0,1956.0,61124.0,36,-0.0,0.0,0.0,0.0
r0161_c0132,40.7663753,-73.7267266,Residential,18,44.44,0.0,2.1,1962.0,280523.0,17,1.4888,0.0,0.0,0.0
r0161_c0133,40.7663753,-73.7249437,Institutional,5,311.11,0.1429,1.8,1975.0,90462.0,6,0.8348,0.0,0.0,0.0
r0161_c0134,40.7663753,-73.7231608,Residential,4,1288.89,0.0,1.0,1950.0,5340.0,5,-0.0,0.0,133.33,0.0
r0162_c0015,40.7677266,-73.9353273,Residential,17,266.67,0.0,3.7,1966.0,276192.0,18,2.4342,0.0,0.0,0.0
r0162_c0016,40.7677266,-73.9335444,Residential,51,88.89,0.0,2.5,1941.0,172080.0,63,2.2975,0.0,0.0,0.0
r0162_c0017,40.7677266,-73.9317615,Residential,51,311.11,0.0,2.7,1950.0,232037.0,65,2.4806,0.0,0.0,0.0
r0162_c0018,40.7677266,-73.9299786,Residential,30,355.56,0.375,3.8,1963.0,312257.0,45,1.9947,0.0,133.33,0.0
r0162_c0019,40.7677266,-73.9281957,Residential,40,88.89,0.0,3.2,1953.0,329024.0,52,2.1234,0.0,0.0,0.0
r0162_c0020,40.7677266,-73.9264128,Residential,32,133.33,0.0,3.3,1943.0,380183.0,40,2.682,0.0,0.0,0.0
r0162_c0021,40.7677266,-73.9246298,Residential,16,488.89,0.0909,4.5,1946.0,604821.0,20,1.9198,0.0,133.33,0.0
r0162_c0022,40.7677266,-73.9228469,Institutional,17,2400.0,0.2037,3.6,1966.0,252530.0,19,1.6101,266.67,488.89,0.0
r0162_c0023,40.7677266,-73.921064,Mixed-Use,40,1111.11,0.4,3.1,1944.0,320952.0,41,2.6458,0.0,311.11,0.0
r0162_c0024,40.7677266,-73.9192811,Residential,53,44.44,0.0,3.0,1947.0,312677.0,67,1.8107,0.0,0.0,0.0
r0162_c0025,40.7677266,-73.9174982,Residential,48,266.67,0.3333,2.7,1927.0,298062.0,68,1.6877,0.0,88.89,0.0
r0162_c0026,40.7677266,-73.9157153,Residential,71,0.0,0.0,2.9,1939.0,294830.0,89,0.9659,0.0,0.0,0.0
r0162_c0027,40.7677266,-73.9139324,Residential,77,44.44,0.0,2.5,1930.0,259481.0,97,1.429,0.0,0.0,0.0
r0162_c0028,40.7677266,-73.9121495,Residential,46,1955.56,0.3409,3.0,1934.0,363754.0,47,1.4891,44.44,577.78,0.0
r0162_c0029,40.7677266,-73.9103665,Residential,61,133.33,0.3333,2.6,1931.0,241342.0,92,1.4927,0.0,0.0,0.0
r0162_c0030,40.7677266,-73.9085836,Residential,61,88.89,0.0,2.5,1936.0,229332.0,75,2.3129,0.0,0.0,0.0
r0162_c0031,40.7677266,-73.9068007,Mixed-Use,21,177.78,0.0,1.4,1957.0,108358.0,23,1.7282,44.44,44.44,0.0
r0162_c0032,40.7677266,-73.9050178,Commercial,9,44.44,0.0,2.0,1957.0,62113.0,7,1.5085,0.0,0.0,0.0
r0162_c0033,40.7677266,-73.9032349,Residential,17,0.0,0.0,2.3,1945.0,42402.0,21,2.0139,0.0,0.0,0.0
r0162_c0034,40.7677266,-73.901452,Residential,23,133.33,0.0,2.1,1956.0,46322.0,31,1.3227,0.0,44.44,0.0
r0162_c0035,40.7677266,-73.8996691,Residential,24,266.67,0.1667,2.2,1957.0,79758.0,31,1.7743,0.0,44.44,0.0
r0162_c0036,40.7677266,-73.8978862,Residential,21,177.78,0.0,1.5,1941.0,77321.0,23,2.207,0.0,0.0,0.0
r0162_c0037,40.7677266,-73.8961033,Residential,49,133.33,0.0,2.5,1949.0,123509.0,72,1.4301,44.44,0.0,0.0
r0162_c0038,40.7677266,-73.8943203,Residential,43,222.22,0.0,2.4,1946.0,145765.0,56,1.012,0.0,0.0,0.0
r0162_c0039,40.7677266,-73.8925374,Residential,5,0.0,0.0,3.0,1965.0,160131.0,25,-0.0,0.0,0.0,0.0
r0162_c0040,40.7677266,-73.8907545,Residential,10,0.0,0.0,3.0,1963.0,209919.0,34,0.0703,0.0,0.0,0.0
r0162_c0041,40.7677266,-73.8889716,Residential,35,222.22,0.0,2.0,1954.0,46242.0,49,0.8463,0.0,0.0,0.0
r0162_c0046,40.7677266,-73.880057,Institutional,4,355.56,0.0,2.2,1976.0,95028.0,5,1.2325,0.0,0.0,0.0
r0162_c0047,40.7677266,-73.8782741,Residential,41,88.89,0.0,2.0,1952.0,78720.0,46,1.1363,0.0,0.0,0.0
r0162_c0048,40.7677266,-73.8764912,Residential,38,0.0,0.0,2.2,1959.0,100066.0,40,1.5973,0.0,0.0,0.0
r0162_c0049,40.7677266,-73.8747083,Residential,64,0.0,0.0,1.9,1942.0,110720.0,93,0.809,0.0,0.0,0.0
r0162_c0050,40.7677266,-73.8729254,Residential,58,177.78,0.25,1.9,1946.0,109193.0,75,0.8328,0.0,0.0,0.0
r0162_c0051,40.7677266,-73.8711425,Residential,52,177.78,0.0,2.0,1948.0,99437.0,74,0.6639,0.0,0.0,0.0
r0162_c0052,40.7677266,-73.8693596,Residential,72,44.44,0.0,2.0,1941.0,98485.0,101,0.1142,0.0,0.0,0.0
r0162_c0053,40.7677266,-73.8675767,Commercial,5,222.22,0.0,7.0,1985.0,499233.0,5,0.7883,88.89,0.0,0.0
r0162_c0054,40.7677266,-73.8657937,Mixed-Use,6,666.67,0.1333,2.2,1958.0,101197.0,3,0.4183,0.0,0.0,0.0
r0162_c0065,40.7677266,-73.8461817,Industrial,4,88.89,0.0,2.0,1977.0,89200.0,7,0.6519,0.0,0.0,0.0
r0162_c0068,40.7677266,-73.840833,Mixed-Use,7,0.0,0.0,1.0,1969.0,8285.0,5,0.9087,0.0,0.0,0.0
r0162_c0069,40.7677266,-73.8390501,Industrial,5,88.89,0.0,3.9,1984.0,207611.0,4,1.0434,44.44,44.44,1.0
r0162_c0070,40.7677266,-73.8372672,Industrial,3,0.0,0.0,1.0,1945.0,71807.0,3,-0.0,0.0,0.0,0.0
r0162_c0071,40.7677266,-73.8354842,Industrial,6,0.0,0.0,1.5,1952.0,127711.0,7,0.6855,0.0,0.0,0.0
r0162_c0072,40.7677266,-73.8337013,Mixed-Use,5,44.44,0.0,1.5,1966.0,41520.0,7,0.6204,0.0,0.0,0.0
r0162_c0073,40.7677266,-73.8319184,Mixed-Use,27,88.89,0.0,2.8,1978.0,160605.0,30,2.1696,0.0,44.44,0.0
r0162_c0074,40.7677266,-73.8301355,Open Space,11,622.22,0.0,4.0,2000.0,71058.0,12,0.6076,0.0,0.0,0.0
r0162_c0075,40.7677266,-73.8283526,Residential,53,44.44,0.0,3.3,1986.0,189535.0,58,1.9459,0.0,0.0,0.0
r0162_c0076,40.7677266,-73.8265697,Residential,40,44.44,0.0,2.5,1944.0,240529.0,46,1.8799,0.0,0.0,0.0
r0162_c0077,40.7677266,-73.8247868,Residential,11,88.89,0.0,3.6,1958.0,269103.0,13,1.7012,0.0,0.0,0.0
r0162_c0078,40.7677266,-73.8230039,Residential,38,44.44,0.0,2.3,1938.0,90888.0,65,1.0524,0.0,0.0,0.0
r0162_c0079,40.7677266,-73.8212209,Residential,47,88.89,0.0,2.3,1929.0,97391.0,77,0.4746,0.0,0.0,0.0
r0162_c0080,40.7677266,-73.819438,Residential,35,0.0,0.0,2.5,1944.0,128116.0,54,1.074,0.0,0.0,0.0
r0162_c0081,40.7677266,-73.8176551,Residential,41,44.44,0.0,2.2,1927.0,73694.0,50,1.0251,0.0,0.0,0.0
r0162_c0082,40.7677266,-73.8158722,Residential,47,0.0,0.0,2.3,1946.0,93051.0,64,0.6559,0.0,0.0,0.0
r0162_c0083,40.7677266,-73.8140893,Residential,38,0.0,0.0,2.3,1927.0,70275.0,61,0.5166,0.0,0.0,0.0
r0162_c0084,40.7677266,-73.8123064,Residential,36,0.0,0.0,2.4,1938.0,125354.0,60,1.1389,0.0,0.0,0.0
r0162_c0085,40.7677266,-73.8105235,Residential,53,44.44,0.0,2.2,1938.0,99844.0,72,0.7853,0.0,0.0,0.0
r0162_c0086,40.7677266,-73.8087406,Residential,41,44.44,0.0,2.2,1935.0,74285.0,66,0.0955,0.0,0.0,0.0
r0162_c0087,40.7677266,-73.8069576,Residential,24,88.89,0.0,2.4,1930.0,61699.0,47,-0.0,0.0,0.0,0.0
r0162_c0088,40.7677266,-73.8051747,Residential,22,44.44,0.0,2.2,1932.0,52461.0,38,0.104,0.0,0.0,0.0
r0162_c0089,40.7677266,-73.8033918,Residential,21,0.0,0.0,2.4,1938.0,53499.0,40,-0.0,0.0,0.0,0.0
r0162_c0090,40.7677266,-73.8016089,Residential,36,44.44,0.0,2.1,1945.0,74483.0,44,0.2114,0.0,0.0,0.0
r0162_c0091,40.7677266,-73.799826,Residential,33,88.89,0.0,2.1,1941.0,63189.0,57,-0.0,0.0,0.0,0.0
r0162_c0092,40.7677266,-73.7980431,Residential,35,0.0,0.0,2.3,1938.0,68540.0,65,-0.0,0.0,0.0,0.0
r0162_c0093,40.7677266,-73.7962602,Residential,34,88.89,0.0,2.3,1927.0,59001.0,61,0.2235,0.0,0.0,0.0
r0162_c0094,40.7677266,-73.7944773,Residential,45,44.44,0.0,1.9,1939.0,81082.0,83,0.311,0.0,0.0,0.0
r0162_c0095,40.7677266,-73.7926944,Residential,45,133.33,0.0,1.6,1952.0,72365.0,57,0.3552,0.0,0.0,0.0
r0162_c0096,40.7677266,-73.7909114,Commercial,23,266.67,0.1667,1.7,1950.0,65090.0,30,1.7357,0.0,0.0,0.0
r0162_c0097,40.7677266,-73.7891285,Residential,84,311.11,0.0,2.0,1929.0,106011.0,127,0.5132,0.0,0.0,0.0
r0162_c0098,40.7677266,-73.7873456,Residential,91,266.67,0.0,2.0,1930.0,101189.0,133,-0.0,0.0,0.0,0.0
r0162_c0099,40.7677266,-73.7855627,Residential,72,355.56,0.0,2.0,1931.0,80566.0,104,-0.0,0.0,0.0,0.0
r0162_c0100,40.7677266,-73.7837798,Residential,55,222.22,0.0,1.9,1941.0,67396.0,96,-0.0,0.0,0.0,0.0
r0162_c0101,40.7677266,-73.7819969,Residential,26,88.89,0.0,2.0,1942.0,34983.0,48,0.0196,0.0,0.0,0.0
r0162_c0102,40.7677266,-73.780214,Residential,50,266.67,0.0,2.2,1934.0,97996.0,71,0.2252,0.0,0.0,0.0
r0162_c0103,40.7677266,-73.7784311,Residential,39,133.33,0.0,1.4,1951.0,75830.0,64,0.8476,0.0,0.0,0.0
r0162_c0104,40.7677266,-73.7766481,Residential,32,133.33,0.0,2.0,1936.0,62983.0,50,0.3576,0.0,0.0,0.0
r0162_c0105,40.7677266,-73.7748652,Residential,34,177.78,0.0,2.3,1925.0,88676.0,70,0.7591,0.0,0.0,0.0
r0162_c0106,40.7677266,-73.7730823,Institutional,11,222.22,0.2,2.3,1957.0,152918.0,33,1.4495,0.0,0.0,0.0
r0162_c0107,40.7677266,-73.7712994,Residential,39,44.44,0.0,2.1,1963.0,85603.0,57,0.731,0.0,0.0,0.0
r0162_c0108,40.7677266,-73.7695165,Residential,50,44.44,0.0,2.2,1949.0,106258.0,72,0.6924,0.0,0.0,0.0
r0162_c0109,40.7677266,-73.7677336,Institutional,24,88.89,0.0,2.3,1950.0,91020.0,37,0.998,0.0,0.0,0.0
r0162_c0110,40.7677266,-73.7659507,Residential,31,88.89,0.0,2.1,1937.0,63584.0,45,0.5332,0.0,0.0,0.0
r0162_c0111,40.7677266,-73.7641678,Residential,32,177.78,0.0,2.0,1947.0,67318.0,42,0.3001,0.0,0.0,0.0
r0162_c0112,40.7677266,-73.7623848,Residential,36,266.67,0.0,2.1,1944.0,82556.0,48,0.0879,0.0,0.0,0.0
r0162_c0113,40.7677266,-73.7606019,Residential,12,177.78,0.0,2.0,1951.0,37468.0,15,-0.0,0.0,0.0,0.0
r0162_c0118,40.7677266,-73.7516874,Mixed-Use,11,0.0,0.0,2.0,1969.0,21520.0,9,1.4638,0.0,0.0,0.0
r0162_c0119,40.7677266,-73.7499045,Residential,7,88.89,0.0,2.2,1991.0,20274.0,7,0.9377,0.0,0.0,0.0
r0162_c0120,40.7677266,-73.7481216,Mixed-Use,20,133.33,0.0,2.2,1956.0,159292.0,21,2.6324,0.0,44.44,0.0
r0162_c0121,40.7677266,-73.7463386,Residential,15,444.44,0.0,2.5,1920.0,35650.0,18,0.7725,44.44,0.0,0.0
r0162_c0122,40.7677266,-73.7445557,Residential,21,0.0,0.0,2.3,1933.0,48696.0,36,0.4892,0.0,0.0,0.0
r0162_c0123,40.7677266,-73.7427728,Mixed-Use,10,44.44,0.0,1.9,1956.0,9549.0,5,1.3861,0.0,0.0,0.0
r0162_c0124,40.7677266,-73.7409899,Residential,57,88.89,0.0,2.0,1923.0,56968.0,85,1.039,0.0,0.0,0.0
r0162_c0125,40.7677266,-73.739207,Residential,35,177.78,0.25,2.0,1938.0,70413.0,52,1.3631,0.0,0.0,0.0
r0162_c0126,40.7677266,-73.7374241,Commercial,16,177.78,0.0,2.2,1956.0,107761.0,19,1.4144,0.0,0.0,0.0
r0162_c0127,40.7677266,-73.7356412,Residential,33,0.0,0.0,1.8,1948.0,65655.0,44,0.2071,0.0,0.0,0.0
r0162_c0128,40.7677266,-73.7338583,Residential,30,0.0,0.0,1.8,1954.0,64676.0,37,0.2361,0.0,0.0,0.0
r0162_c0129,40.7677266,-73.7320753,Residential,28,133.33,0.0,2.0,1951.0,56566.0,27,0.5559,0.0,0.0,0.0
r0162_c0130,40.7677266,-73.7302924,Residential,22,88.89,0.0,1.6,1960.0,43148.0,29,0.0548,0.0,0.0,0.0
r0162_c0131,40.7677266,-73.7285095,Residential,28,44.44,0.0,1.7,1948.0,59437.0,31,1.0725,0.0,0.0,0.0
r0162_c0132,40.7677266,-73.7267266,Residential,22,0.0,0.0,2.0,1946.0,36313.0,21,0.2547,0.0,0.0,0.0
r0163_c0015,40.769078,-73.9353273,Residential,11,266.67,0.1667,5.5,1942.0,283382.0,8,1.7375,0.0,0.0,0.0
r0163_c0016,40.769078,-73.9335444,Residential,20,133.33,0.3333,3.4,1950.0,305602.0,23,1.8896,0.0,0.0,0.0
r0163_c0017,40.769078,-73.9317615,Residential,58,133.33,0.6667,2.5,1921.0,213571.0,69,1.9929,0.0,44.44,0.0
r0163_c0018,40.769078,-73.9299786,Residential,53,44.44,0.0,2.3,1921.0,187340.0,76,1.6403,0.0,0.0,0.0
r0163_c0019,40.769078,-73.9281957,Residential,34,444.44,0.1,3.1,1946.0,269265.0,47,2.1707,0.0,44.44,0.0
r0163_c0020,40.769078,-73.9264128,Residential,53,177.78,0.25,3.2,1953.0,273122.0,70,2.1246,0.0,0.0,0.0
r0163_c0021,40.769078,-73.9246298,Residential,53,1111.11,0.32,3.0,1939.0,317660.0,59,2.218,0.0,222.22,0.0
r0163_c0022,40.769078,-73.9228469,Residential,49,177.78,0.0,2.9,1951.0,278002.0,63,1.7597,0.0,0.0,0.0
r0163_c0023,40.769078,-73.921064,Residential,64,444.44,0.1,3.0,1957.0,379418.0,71,2.2704,0.0,88.89,0.0
r0163_c0024,40.769078,-73.9192811,Residential,58,355.56,0.0,2.8,1941.0,263641.0,61,2.3992,0.0,88.89,0.0
r0163_c0025,40.769078,-73.9174982,Residential,81,177.78,0.25,2.6,1941.0,281976.0,89,1.4105,0.0,88.89,0.0
r0163_c0026,40.769078,-73.9157153,Residential,50,266.67,0.1667,2.6,1938.0,234761.0,62,2.0137,0.0,0.0,0.0
r0163_c0027,40.769078,-73.9139324,Residential,47,222.22,0.2,2.8,1940.0,190269.0,56,1.8253,0.0,44.44,0.0
r0163_c0028,40.769078,-73.9121495,Residential,27,444.44,0.2,3.3,1925.0,191099.0,33,2.0259,0.0,222.22,0.0
r0163_c0029,40.769078,-73.9103665,Mixed-Use,20,1066.67,0.2917,2.5,1929.0,94352.0,20,1.4375,0.0,88.89,0.0
r0163_c0030,40.769078,-73.9085836,Mixed-Use,18,44.44,0.0,2.0,1931.0,45806.0,16,2.0682,0.0,44.44,0.0
r0163_c0031,40.769078,-73.9068007,Residential,28,88.89,0.0,2.1,1944.0,60822.0,32,1.7369,0.0,0.0,0.0
r0163_c0032,40.769078,-73.9050178,Residential,32,44.44,1.0,2.1,1953.0,152683.0,33,2.1676,0.0,0.0,0.0
r0163_c0033,40.769078,-73.9032349,Residential,54,133.33,0.0,2.6,1963.0,227825.0,57,1.6314,0.0,0.0,0.0
r0163_c0034,40.769078,-73.901452,Residential,59,88.89,0.5,2.2,1952.0,115479.0,83,1.0939,0.0,0.0,0.0
r0163_c0035,40.769078,-73.8996691,Residential,46,88.89,0.0,1.9,1948.0,96910.0,65,1.1438,0.0,0.0,0.0
r0163_c0036,40.769078,-73.8978862,Residential,54,88.89,0.0,2.1,1940.0,101066.0,78,1.1585,0.0,0.0,0.0
r0163_c0037,40.769078,-73.8961033,Residential,58,266.67,0.0,2.0,1950.0,115520.0,90,0.7661,0.0,44.44,0.0
r0163_c0038,40.769078,-73.8943203,Residential,43,311.11,0.1429,2.1,1946.0,95903.0,63,1.1592,0.0,44.44,0.0
r0163_c0039,40.769078,-73.8925374,Residential,13,44.44,0.0,1.3,1954.0,123634.0,81,0.5572,0.0,0.0,0.0
r0163_c0040,40.769078,-73.8907545,Residential,34,44.44,0.0,2.4,1950.0,111339.0,74,0.9829,0.0,0.0,0.0
r0163_c0041,40.769078,-73.8889716,Residential,35,133.33,0.0,2.0,1951.0,45727.0,47,0.1852,0.0,44.44,1.0
r0163_c0046,40.769078,-73.880057,Institutional,3,177.78,0.0,4.5,1984.0,235685.0,5,1.363,44.44,0.0,0.0
r0163_c0047,40.769078,-73.8782741,Residential,46,0.0,0.0,2.0,1952.0,80424.0,46,0.7566,0.0,0.0,0.0
r0163_c0048,40.769078,-73.8764912,Residential,34,222.22,0.0,2.0,1952.0,242331.0,42,1.4503,0.0,0.0,0.0
r0163_c0049,40.769078,-73.8747083,Commercial,17,88.89,0.0,1.9,1971.0,25066.0,25,1.1431,0.0,0.0,0.0
r0163_c0050,40.769078,-73.8729254,Residential,40,88.89,0.5,1.9,1960.0,75939.0,55,0.6313,0.0,44.44,0.0
r0163_c0051,40.769078,-73.8711425,Residential,35,88.89,0.0,1.8,1944.0,69729.0,46,0.1724,0.0,0.0,0.0
r0163_c0052,40.769078,-73.8693596,Institutional,16,1022.22,0.3913,2.4,1958.0,187155.0,17,1.3246,88.89,311.11,0.5714
r0163_c0065,40.769078,-73.8461817,Mixed-Use,8,44.44,0.0,1.0,1962.0,8320.0,7,1.2027,0.0,44.44,0.0
r0163_c0066,40.769078,-73.8443988,Industrial,3,88.89,0.0,2.3,1993.0,115235.0,4,0.9863,0.0,44.44,1.0
r0163_c0071,40.769078,-73.8354842,Commercial,3,311.11,0.5714,1.3,1963.0,114208.0,3,-0.0,0.0,44.44,1.0
r0163_c0072,40.769078,-73.8337013,Commercial,11,888.89,0.65,2.7,1987.0,146634.0,10,1.2504,0.0,177.78,0.25
r0163_c0073,40.769078,-73.8319184,Residential,53,44.44,0.0,2.8,1965.0,248819.0,54,1.9364,0.0,0.0,0.0
r0163_c0074,40.769078,-73.8301355,Residential,10,0.0,0.0,3.8,1948.0,452166.0,15,0.4018,0.0,0.0,0.0
r0163_c0075,40.769078,-73.8283526,Residential,22,177.78,0.0,3.3,1971.0,136700.0,23,1.2549,0.0,0.0,0.0
r0163_c0076,40.769078,-73.8265697,Mixed-Use,27,177.78,0.0,3.3,1975.0,220227.0,27,2.6157,0.0,0.0,0.0
r0163_c0077,40.769078,-73.8247868,Residential,28,88.89,0.0,2.0,1950.0,93822.0,32,1.3222,0.0,0.0,0.0
r0163_c0078,40.769078,-73.8230039,Residential,22,88.89,0.0,2.2,1942.0,136803.0,33,1.4095,0.0,0.0,0.0
r0163_c0079,40.769078,-73.8212209,Residential,26,44.44,0.0,2.3,1934.0,68365.0,46,0.7119,0.0,0.0,0.0
r0163_c0080,40.769078,-73.819438,Residential,40,133.33,0.0,2.0,1943.0,69923.0,71,-0.0,0.0,0.0,0.0
r0163_c0081,40.769078,-73.8176551,Residential,31,44.44,0.0,2.1,1937.0,67149.0,49,0.4325,0.0,0.0,0.0
r0163_c0082,40.769078,-73.8158722,Residential,33,88.89,0.0,2.1,1936.0,65586.0,60,0.2308,0.0,0.0,0.0
r0163_c0083,40.769078,-73.8140893,Residential,46,0.0,0.0,2.5,1924.0,85310.0,82,0.6592,0.0,0.0,0.0
r0163_c0084,40.769078,-73.8123064,Residential,54,44.44,0.0,2.3,1930.0,82648.0,93,0.2276,0.0,0.0,0.0
r0163_c0085,40.769078,-73.8105235,Residential,41,0.0,0.0,2.1,1944.0,82598.0,54,0.4981,0.0,0.0,0.0
r0163_c0086,40.769078,-73.8087406,Residential,33,88.89,0.0,2.3,1932.0,63219.0,51,0.2259,0.0,0.0,0.0
r0163_c0087,40.769078,-73.8069576,Residential,30,88.89,0.0,2.4,1930.0,67048.0,57,-0.0,0.0,0.0,0.0
r0163_c0088,40.769078,-73.8051747,Residential,28,44.44,0.0,2.4,1931.0,60004.0,52,-0.0,0.0,0.0,0.0
r0163_c0089,40.769078,-73.8033918,Residential,26,0.0,0.0,2.4,1927.0,70467.0,48,-0.0,0.0,0.0,0.0
r0163_c0090,40.769078,-73.8016089,Residential,47,44.44,0.0,2.0,1945.0,67863.0,62,0.0963,0.0,0.0,0.0
r0163_c0091,40.769078,-73.799826,Residential,49,44.44,0.0,2.1,1941.0,88929.0,70,-0.0,0.0,0.0,0.0
r0163_c0092,40.769078,-73.7980431,Residential,57,0.0,0.0,2.1,1935.0,90098.0,107,-0.0,0.0,0.0,0.0
r0163_c0093,40.769078,-73.7962602,Residential,44,88.89,0.0,2.1,1933.0,71839.0,66,-0.0,0.0,0.0,0.0
r0163_c0094,40.769078,-73.7944773,Residential,44,88.89,0.0,2.1,1944.0,68910.0,62,0.5439,0.0,0.0,0.0
r0163_c0095,40.769078,-73.7926944,Residential,32,311.11,0.1429,2.0,1951.0,54576.0,38,1.6253,0.0,0.0,0.0
r0163_c0096,40.769078,-73.7909114,Residential,60,44.44,0.0,2.2,1944.0,172655.0,65,1.2936,0.0,0.0,0.0
r0163_c0097,40.769078,-73.7891285,Residential,93,133.33,0.0,2.1,1931.0,152531.0,131,0.5533,0.0,88.89,0.0
r0163_c0098,40.769078,-73.7873456,Residential,88,44.44,0.0,2.0,1929.0,97339.0,127,-0.0,0.0,0.0,0.0
r0163_c0099,40.769078,-73.7855627,Residential,75,177.78,0.0,2.0,1928.0,81395.0,102,0.2309,0.0,0.0,0.0
r0163_c0100,40.769078,-73.7837798,Residential,43,133.33,0.0,1.9,1943.0,69206.0,68,-0.0,0.0,0.0,0.0
r0163_c0101,40.769078,-73.7819969,Residential,28,133.33,0.0,2.1,1931.0,37782.0,50,-0.0,0.0,0.0,0.0
r0163_c0102,40.769078,-73.780214,Residential,51,133.33,0.0,2.3,1930.0,90813.0,81,0.7316,0.0,0.0,0.0
r0163_c0103,40.769078,-73.7784311,Residential,32,311.11,0.0,1.9,1944.0,59884.0,56,0.8591,0.0,0.0,0.0
r0163_c0104,40.769078,-73.7766481,Residential,31,133.33,0.0,2.1,1939.0,59638.0,45,0.6686,0.0,0.0,0.0
r0163_c0105,40.769078,-73.7748652,Residential,36,133.33,0.0,2.2,1950.0,104769.0,43,1.7393,0.0,0.0,0.0
r0163_c0106,40.769078,-73.7730823,Residential,29,400.0,0.1111,2.3,1964.0,93274.0,39,2.3646,0.0,0.0,0.0
r0163_c0107,40.769078,-73.7712994,Residential,42,44.44,0.0,2.2,1945.0,108214.0,62,1.295,0.0,0.0,0.0
r0163_c0108,40.769078,-73.7695165,Residential,45,88.89,0.0,2.1,1965.0,89113.0,58,0.418,0.0,0.0,0.0
r0163_c0109,40.769078,-73.7677336,Residential,41,88.89,0.0,2.3,1936.0,77450.0,66,-0.0,0.0,0.0,0.0
r0163_c0110,40.769078,-73.7659507,Residential,37,177.78,0.0,2.0,1941.0,77348.0,57,0.1244,0.0,0.0,0.0
r0163_c0111,40.769078,-73.7641678,Residential,33,133.33,0.0,1.7,1953.0,63650.0,42,-0.0,0.0,0.0,0.0
r0163_c0112,40.769078,-73.7623848,Residential,30,0.0,0.0,2.1,1944.0,73174.0,41,0.7662,0.0,0.0,0.0
r0163_c0113,40.769078,-73.7606019,Residential,4,0.0,0.0,2.2,1950.0,17423.0,4,-0.0,0.0,0.0,0.0
r0163_c0117,40.769078,-73.7534703,Open Space,8,0.0,0.0,2.0,1968.0,6312.0,3,0.5284,0.0,0.0,0.0
r0163_c0118,40.769078,-73.7516874,Residential,33,88.89,0.0,2.0,1969.0,72791.0,32,0.244,0.0,0.0,0.0
r0163_c0119,40.769078,-73.7499045,Institutional,12,533.33,0.0,2.1,1947.0,61646.0,16,1.458,0.0,0.0,0.0
r0163_c0120,40.769078,-73.7481216,Residential,18,355.56,0.0,2.0,1947.0,46910.0,19,1.7122,0.0,0.0,0.0
r0163_c0121,40.769078,-73.7463386,Residential,14,133.33,0.0,2.3,1924.0,38615.0,21,0.4666,0.0,0.0,0.0
r0163_c0122,40.769078,-73.7445557,Residential,27,88.89,0.0,2.2,1947.0,60755.0,37,0.153,0.0,0.0,0.0
r0163_c0123,40.769078,-73.7427728,Residential,21,177.78,0.0,2.2,1945.0,35926.0,21,0.9845,0.0,0.0,0.0
r0163_c0124,40.769078,-73.7409899,Residential,60,0.0,0.0,2.0,1934.0,74402.0,84,0.214,0.0,0.0,0.0
r0163_c0125,40.769078,-73.739207,Residential,70,0.0,0.0,2.0,1934.0,76669.0,102,-0.0,0.0,0.0,0.0
r0163_c0126,40.769078,-73.7374241,Residential,28,222.22,0.4,2.0,1934.0,101340.0,39,1.6613,0.0,0.0,0.0
r0163_c0127,40.769078,-73.7356412,Residential,25,88.89,1.0,2.1,1954.0,67236.0,27,1.4028,0.0,0.0,0.0
r0163_c0128,40.769078,-73.7338583,Residential,27,0.0,0.0,1.9,1937.0,59446.0,31,-0.0,0.0,0.0,0.0
r0163_c0129,40.769078,-73.7320753,Residential,28,88.89,0.0,2.0,1946.0,70302.0,36,0.9525,0.0,0.0,0.0
r0163_c0130,40.769078,-73.7302924,Residential,27,44.44,0.0,1.7,1944.0,50064.0,35,0.3032,0.0,0.0,0.0
r0163_c0131,40.769078,-73.7285095,Residential,13,88.89,0.0,2.1,1943.0,19904.0,15,0.2104,0.0,0.0,0.0
r0164_c0015,40.7704293,-73.9353273,Mixed-Use,5,266.67,0.0,1.0,1931.0,17000.0,2,0.9791,0.0,0.0,0.0
r0164_c0016,40.7704293,-73.9335444,Residential,34,133.33,0.3333,2.4,1940.0,409369.0,57,1.4263,0.0,0.0,0.0
r0164_c0017,40.7704293,-73.9317615,Residential,55,88.89,0.0,2.3,1932.0,146924.0,72,1.8032,0.0,44.44,0.0
r0164_c0018,40.7704293,-73.9299786,Residential,42,311.11,0.1429,2.4,1939.0,261254.0,71,1.8643,0.0,44.44,0.0
r0164_c0019,40.7704293,-73.9281957,Mixed-Use,26,2844.44,0.0,2.7,1942.0,142888.0,37,2.3819,0.0,44.44,0.0
r0164_c0020,40.7704293,-73.9264128,Residential,60,44.44,1.0,2.0,1935.0,112760.0,111,1.0111,0.0,0.0,0.0
r0164_c0021,40.7704293,-73.9246298,Residential,45,133.33,0.0,2.9,1928.0,330731.0,62,1.6804,0.0,88.89,0.0
r0164_c0022,40.7704293,-73.9228469,Residential,40,266.67,0.0,2.9,1951.0,217319.0,38,2.5677,0.0,0.0,0.0
r0164_c0023,40.7704293,-73.921064,Residential,47,622.22,0.2143,3.6,1961.0,341642.0,50,2.0845,44.44,88.89,0.0
r0164_c0024,40.7704293,-73.9192811,Residential,44,755.56,0.1765,3.1,1941.0,376317.0,44,2.5933,44.44,88.89,0.0
r0164_c0025,40.7704293,-73.9174982,Mixed-Use,4,933.33,0.0952,2.3,1947.0,52702.0,6,1.0149,44.44,266.67,0.0
r0164_c0026,40.7704293,-73.9157153,Residential,47,88.89,0.0,2.2,1934.0,92189.0,55,1.2212,0.0,44.44,0.0
r0164_c0027,40.7704293,-73.9139324,Residential,59,0.0,0.0,2.1,1928.0,101835.0,91,0.7056,0.0,0.0,0.0
r0164_c0028,40.7704293,-73.9121495,Residential,65,311.11,0.1429,2.3,1933.0,172128.0,84,1.2889,0.0,133.33,0.0
r0164_c0029,40.7704293,-73.9103665,Residential,59,133.33,1.0,2.5,1943.0,161344.0,72,1.9817,0.0,88.89,0.0
r0164_c0030,40.7704293,-73.9085836,Residential,58,488.89,0.1818,2.4,1940.0,187817.0,67,2.0257,88.89,177.78,0.0
r0164_c0031,40.7704293,-73.9068007,Residential,50,177.78,0.25,2.7,1932.0,217255.0,56,1.301,0.0,0.0,0.0
r0164_c0032,40.7704293,-73.9050178,Commercial,48,444.44,0.2,2.2,1919.0,209197.0,72,1.376,0.0,222.22,0.0
r0164_c0033,40.7704293,-73.9032349,Mixed-Use,16,533.33,0.25,1.6,1926.0,268297.0,17,1.3893,0.0,133.33,0.3333
r0164_c0034,40.7704293,-73.901452,Residential,81,266.67,0.1667,1.8,1936.0,125979.0,86,0.3602,0.0,133.33,0.0
r0164_c0035,40.7704293,-73.8996691,Residential,64,88.89,0.0,1.8,1940.0,98170.0,80,0.8079,0.0,0.0,0.0
r0164_c0036,40.7704293,-73.8978862,Residential,37,400.0,0.0,2.0,1949.0,84198.0,47,0.5871,0.0,0.0,0.0
r0164_c0037,40.7704293,-73.8961033,Residential,46,133.33,0.0,2.0,1959.0,103000.0,55,1.1003,0.0,0.0,0.0
r0164_c0038,40.7704293,-73.8943203,Residential,37,400.0,0.1111,2.3,1963.0,143554.0,47,1.7645,0.0,44.44,0.0
r0164_c0039,40.7704293,-73.8925374,Residential,30,622.22,0.3571,2.6,1957.0,83798.0,31,2.0074,0.0,177.78,0.0
r0164_c0040,40.7704293,-73.8907545,Residential,54,355.56,0.125,2.2,1954.0,117232.0,55,0.9282,0.0,133.33,0.0
r0164_c0041,40.7704293,-73.8889716,Residential,46,133.33,0.0,2.1,1949.0,63943.0,49,0.375,0.0,0.0,0.0
r0164_c0047,40.7704293,-73.8782741,Residential,7,44.44,0.0,2.0,1957.0,12772.0,7,-0.0,0.0,0.0,0.0
r0164_c0048,40.7704293,-73.8764912,Residential,14,311.11,0.0,2.0,1950.0,26128.0,14,0.5006,0.0,0.0,0.0
r0164_c0050,40.7704293,-73.8729254,Open Space,22,933.33,0.2857,1.8,1960.0,35010.0,27,1.1098,44.44,222.22,0.2
r0164_c0051,40.7704293,-73.8711425,Residential,10,2177.78,0.4082,1.7,1951.0,16504.0,11,0.981,44.44,444.44,0.2
r0164_c0068,40.7704293,-73.840833,Commercial,3,488.89,0.0,3.0,1974.0,82928.0,2,0.361,0.0,44.44,1.0
r0164_c0073,40.7704293,-73.8319184,Residential,8,88.89,0.0,3.9,1983.0,564163.0,12,0.5422,0.0,0.0,0.0
r0164_c0076,40.7704293,-73.8265697,Residential,21,844.44,0.0,2.2,1957.0,68644.0,21,0.9866,0.0,0.0,0.0
r0164_c0077,40.7704293,-73.8247868,Residential,22,44.44,0.0,2.0,1962.0,179048.0,26,0.7383,0.0,0.0,0.0
r0164_c0078,40.7704293,-73.8230039,Residential,22,44.44,0.0,2.0,1943.0,76039.0,31,1.3732,0.0,0.0,0.0
r0164_c0079,40.7704293,-73.8212209,Residential,24,88.89,0.0,2.1,1928.0,57351.0,33,0.8926,0.0,0.0,0.0
r0164_c0080,40.7704293,-73.819438,Residential,35,0.0,0.0,2.1,1933.0,62446.0,46,0.5762,0.0,0.0,0.0
r0164_c0081,40.7704293,-73.8176551,Residential,26,88.89,0.0,2.2,1932.0,46674.0,44,0.1079,0.0,0.0,0.0
r0164_c0082,40.7704293,-73.8158722,Residential,37,133.33,0.0,2.2,1937.0,68908.0,63,0.241,0.0,0.0,0.0
r0164_c0083,40.7704293,-73.8140893,Residential,46,0.0,0.0,2.1,1937.0,67733.0,76,0.194,0.0,0.0,0.0
r0164_c0084,40.7704293,-73.8123064,Residential,39,44.44,0.0,2.4,1932.0,82821.0,66,0.7225,0.0,0.0,0.0
r0164_c0085,40.7704293,-73.8105235,Residential,32,88.89,0.0,2.1,1931.0,57293.0,51,0.4653,0.0,0.0,0.0
r0164_c0086,40.7704293,-73.8087406,Residential,8,666.67,0.0,2.2,1923.0,17326.0,12,-0.0,0.0,0.0,0.0
r0164_c0088,40.7704293,-73.8051747,Residential,26,933.33,0.0,2.4,1919.0,44062.0,42,0.3623,0.0,0.0,0.0
r0164_c0089,40.7704293,-73.8033918,Residential,41,133.33,0.0,2.4,1930.0,78491.0,75,0.3173,0.0,0.0,0.0
r0164_c0090,40.7704293,-73.8016089,Residential,72,44.44,0.0,2.0,1941.0,125720.0,115,0.2011,0.0,0.0,0.0
r0164_c0091,40.7704293,-73.799826,Residential,50,0.0,0.0,2.1,1939.0,83503.0,78,0.1579,0.0,0.0,0.0
r0164_c0092,40.7704293,-73.7980431,Residential,67,0.0,0.0,2.1,1938.0,104773.0,128,-0.0,0.0,0.0,0.0
r0164_c0093,40.7704293,-73.7962602,Residential,36,88.89,0.0,2.1,1940.0,65153.0,59,0.055,0.0,0.0,0.0
r0164_c0094,40.7704293,-73.7944773,Residential,38,222.22,0.0,2.1,1938.0,64665.0,66,0.4506,0.0,0.0,0.0
r0164_c0095,40.7704293,-73.7926944,Residential,35,177.78,0.25,2.0,1944.0,63140.0,52,0.7084,0.0,0.0,0.0
r0164_c0096,40.7704293,-73.7909114,Residential,67,266.67,0.0,1.9,1938.0,96239.0,87,0.1033,0.0,0.0,0.0
r0164_c0097,40.7704293,-73.7891285,Residential,64,44.44,0.0,1.9,1938.0,140504.0,79,1.3418,0.0,0.0,0.0
r0164_c0098,40.7704293,-73.7873456,Residential,44,0.0,0.0,1.9,1942.0,111022.0,73,0.8801,0.0,0.0,0.0
r0164_c0099,40.7704293,-73.7855627,Residential,50,577.78,0.0,1.9,1936.0,60908.0,83,-0.0,0.0,0.0,0.0
r0164_c0100,40.7704293,-73.7837798,Institutional,9,577.78,0.0,1.7,1946.0,96477.0,15,0.9709,0.0,0.0,0.0
r0164_c0101,40.7704293,-73.7819969,Residential,29,133.33,0.0,1.8,1940.0,33687.0,50,0.0981,0.0,0.0,0.0
r0164_c0102,40.7704293,-73.780214,Residential,22,533.33,0.0,2.4,1927.0,37437.0,36,-0.0,0.0,0.0,0.0
r0164_c0103,40.7704293,-73.7784311,Residential,35,311.11,0.0,2.0,1940.0,60189.0,57,0.1428,0.0,0.0,0.0
r0164_c0104,40.7704293,-73.7766481,Residential,38,222.22,0.0,1.9,1944.0,74324.0,50,0.0888,0.0,0.0,0.0
r0164_c0105,40.7704293,-73.7748652,Residential,31,133.33,0.0,2.1,1942.0,66474.0,45,0.5737,0.0,0.0,0.0
r0164_c0106,40.7704293,-73.7730823,Residential,27,133.33,0.0,1.8,1952.0,56171.0,23,1.7595,0.0,0.0,0.0
r0164_c0107,40.7704293,-73.7712994,Institutional,8,1822.22,0.0,2.2,1950.0,133450.0,5,1.0715,0.0,0.0,0.0
r0164_c0109,40.7704293,-73.7677336,Residential,7,177.78,0.0,2.3,1953.0,12767.0,10,-0.0,0.0,0.0,0.0
r0164_c0110,40.7704293,-73.7659507,Residential,18,711.11,0.0,2.1,1940.0,32749.0,26,-0.0,44.44,0.0,0.0
r0164_c0111,40.7704293,-73.7641678,Residential,18,444.44,0.0,2.1,1977.0,56505.0,21,1.1682,0.0,0.0,0.0
r0164_c0112,40.7704293,-73.7623848,Residential,10,0.0,0.0,2.1,1971.0,29561.0,10,0.2262,0.0,0.0,0.0
r0164_c0116,40.7704293,-73.7552532,Residential,9,222.22,0.0,2.1,1959.0,26031.0,9,0.2035,0.0,0.0,0.0
r0164_c0117,40.7704293,-73.7534703,Residential,21,88.89,0.0,2.1,1979.0,65411.0,25,-0.0,0.0,0.0,0.0
r0164_c0118,40.7704293,-73.7516874,Residential,23,133.33,0.0,2.0,1983.0,64890.0,19,1.0046,0.0,0.0,0.0
r0164_c0119,40.7704293,-73.7499045,Residential,15,0.0,0.0,2.3,1931.0,50080.0,22,0.0679,0.0,0.0,0.0
r0164_c0120,40.7704293,-73.7481216,Residential,16,88.89,0.0,2.1,1935.0,39895.0,18,0.3327,0.0,0.0,0.0
r0164_c0121,40.7704293,-73.7463386,Residential,19,44.44,0.0,2.3,1936.0,36911.0,22,1.3883,0.0,0.0,0.0
r0164_c0122,40.7704293,-73.7445557,Residential,24,44.44,0.0,1.9,1935.0,30516.0,21,0.7746,0.0,0.0,0.0
r0164_c0123,40.7704293,-73.7427728,Residential,42,88.89,0.0,2.3,1936.0,46446.0,47,0.9941,0.0,0.0,0.0
r0164_c0124,40.7704293,-73.7409899,Residential,50,177.78,0.0,2.0,1944.0,78141.0,71,-0.0,0.0,0.0,0.0
r0164_c0125,40.7704293,-73.739207,Residential,44,0.0,0.0,2.0,1945.0,73066.0,59,0.349,0.0,0.0,0.0
r0164_c0126,40.7704293,-73.7374241,Residential,23,133.33,0.0,2.1,1944.0,54654.0,28,2.1979,0.0,0.0,0.0
r0164_c0127,40.7704293,-73.7356412,Mixed-Use,26,44.44,1.0,2.0,1950.0,141376.0,29,1.8578,0.0,0.0,0.0
r0164_c0128,40.7704293,-73.7338583,Mixed-Use,37,177.78,0.0,2.1,1949.0,104993.0,50,2.5525,0.0,44.44,0.0
r0164_c0129,40.7704293,-73.7320753,Residential,28,177.78,0.0,2.3,1958.0,101330.0,31,1.7769,0.0,0.0,0.0
r0164_c0130,40.7704293,-73.7302924,Residential,19,44.44,0.0,2.0,1954.0,23512.0,25,0.5685,0.0,0.0,0.0
r0165_c0016,40.7717807,-73.9335444,Residential,18,4355.56,0.0,3.5,1963.0,248189.0,20,2.3725,0.0,44.44,0.0
r0165_c0017,40.7717807,-73.9317615,Residential,45,400.0,0.0,2.6,1941.0,105204.0,37,2.6312,88.89,88.89,0.0
r0165_c0018,40.7717807,-73.9299786,Industrial,34,266.67,0.5,2.9,1935.0,172451.0,34,1.9165,0.0,0.0,0.0
r0165_c0019,40.7717807,-73.9281957,Residential,39,266.67,0.3333,2.5,1935.0,198147.0,44,2.4926,0.0,88.89,0.0
r0165_c0020,40.7717807,-73.9264128,Mixed-Use,37,1244.44,0.3571,3.4,1942.0,348235.0,38,2.6564,44.44,400.0,0.0
r0165_c0021,40.7717807,-73.9246298,Institutional,27,711.11,0.1875,3.7,1942.0,314672.0,30,1.958,0.0,311.11,0.1429
r0165_c0022,40.7717807,-73.9228469,Residential,38,755.56,0.2941,3.2,1942.0,271025.0,38,2.0261,0.0,177.78,0.0
r0165_c0023,40.7717807,-73.921064,Residential,63,177.78,0.25,3.2,1953.0,275544.0,59,1.772,0.0,44.44,0.0
r0165_c0024,40.7717807,-73.9192811,Mixed-Use,17,0.0,0.0,3.7,1938.0,116273.0,17,1.5526,0.0,0.0,0.0
r0165_c0025,40.7717807,-73.9174982,Mixed-Use,22,888.89,0.0,3.0,1933.0,96738.0,22,0.9551,0.0,0.0,0.0
r0165_c0026,40.7717807,-73.9157153,Residential,50,400.0,0.1111,2.5,1946.0,190922.0,55,2.3491,0.0,222.22,0.4
r0165_c0027,40.7717807,-73.9139324,Residential,78,0.0,0.0,2.3,1934.0,264826.0,109,1.212,0.0,0.0,0.0
r0165_c0028,40.7717807,-73.9121495,Residential,87,0.0,0.0,2.1,1930.0,183975.0,138,0.6082,0.0,0.0,0.0
r0165_c0029,40.7717807,-73.9103665,Residential,60,0.0,0.0,2.4,1943.0,143703.0,68,1.4743,0.0,0.0,0.0
r0165_c0030,40.7717807,-73.9085836,Residential,54,355.56,0.375,2.6,1936.0,218586.0,64,2.0268,0.0,133.33,0.0
r0165_c0031,40.7717807,-73.9068007,Residential,49,488.89,0.0,2.4,1936.0,205053.0,49,2.0827,44.44,0.0,0.0
r0165_c0032,40.7717807,-73.9050178,Residential,58,400.0,0.0,2.3,1927.0,149971.0,76,1.7597,44.44,177.78,0.0
r0165_c0033,40.7717807,-73.9032349,Residential,59,222.22,0.0,2.2,1928.0,158202.0,70,1.5505,0.0,44.44,0.0
r0165_c0034,40.7717807,-73.901452,Residential,60,177.78,0.0,2.1,1930.0,150388.0,69,1.2481,0.0,0.0,0.0
r0165_c0035,40.7717807,-73.8996691,Residential,70,133.33,0.0,1.8,1943.0,117385.0,77,0.2058,0.0,0.0,0.0
r0165_c0036,40.7717807,-73.8978862,Residential,61,88.89,0.0,2.2,1956.0,129303.0,67,1.0188,0.0,0.0,0.0
r0165_c0037,40.7717807,-73.8961033,Residential,55,88.89,0.0,2.0,1968.0,119262.0,59,0.9393,0.0,0.0,0.0
r0165_c0038,40.7717807,-73.8943203,Residential,45,266.67,0.0,2.7,1988.0,165067.0,47,1.4303,0.0,0.0,0.0
r0165_c0039,40.7717807,-73.8925374,Residential,35,0.0,0.0,2.6,1961.0,127990.0,47,0.9607,0.0,0.0,0.0
r0165_c0040,40.7717807,-73.8907545,Residential,11,0.0,0.0,2.4,1959.0,82055.0,45,0.2641,0.0,0.0,0.0
r0165_c0041,40.7717807,-73.8889716,Residential,35,311.11,0.0,2.2,1945.0,53917.0,39,0.7554,0.0,0.0,0.0
r0165_c0063,40.7717807,-73.8497475,Mixed-Use,11,222.22,0.0,1.9,1970.0,14797.0,6,0.655,0.0,0.0,0.0
r0165_c0064,40.7717807,-73.8479646,Industrial,18,44.44,0.0,1.6,1988.0,114403.0,20,1.0033,0.0,0.0,0.0
r0165_c0065,40.7717807,-73.8461817,Mixed-Use,9,44.44,1.0,1.4,1968.0,29957.0,8,1.7874,0.0,0.0,0.0
r0165_c0066,40.7717807,-73.8443988,Commercial,3,88.89,0.0,5.0,2003.0,29175.0,1,0.9981,0.0,0.0,0.0
r0165_c0076,40.7717807,-73.8265697,Commercial,19,311.11,0.1429,1.4,1953.0,86233.0,23,1.0612,0.0,44.44,1.0
r0165_c0077,40.7717807,-73.8247868,Residential,32,44.44,0.0,1.5,1949.0,64208.0,33,0.0156,0.0,0.0,0.0
r0165_c0078,40.7717807,-73.8230039,Residential,33,133.33,0.0,1.6,1954.0,69307.0,38,0.3005,0.0,0.0,0.0
r0165_c0079,40.7717807,-73.8212209,Residential,32,44.44,0.0,1.9,1959.0,64059.0,37,0.3715,0.0,0.0,0.0
r0165_c0080,40.7717807,-73.819438,Residential,26,0.0,0.0,1.3,1956.0,49176.0,23,1.3717,0.0,0.0,0.0
r0165_c0081,40.7717807,-73.8176551,Residential,7,0.0,0.0,2.3,1933.0,72781.0,11,1.0789,0.0,0.0,0.0
r0165_c0082,40.7717807,-73.8158722,Residential,30,133.33,0.3333,1.8,1944.0,51437.0,39,1.3945,0.0,44.44,0.0
r0165_c0083,40.7717807,-73.8140893,Residential,36,133.33,0.0,2.1,1942.0,77015.0,57,1.0376,0.0,0.0,0.0
r0165_c0084,40.7717807,-73.8123064,Residential,42,0.0,0.0,1.8,1942.0,67220.0,62,0.1432,0.0,0.0,0.0
r0165_c0085,40.7717807,-73.8105235,Residential,33,88.89,0.0,1.8,1945.0,59609.0,50,0.1879,0.0,0.0,0.0
r0165_c0086,40.7717807,-73.8087406,Residential,27,222.22,0.0,1.8,1945.0,51176.0,38,0.0123,0.0,0.0,0.0
r0165_c0087,40.7717807,-73.8069576,Residential,26,311.11,0.0,1.7,1953.0,46900.0,41,-0.0,0.0,0.0,0.0
r0165_c0088,40.7717807,-73.8051747,Residential,40,44.44,0.0,1.9,1935.0,68514.0,74,-0.0,0.0,0.0,0.0
r0165_c0089,40.7717807,-73.8033918,Residential,45,0.0,0.0,2.0,1941.0,83881.0,66,0.8158,0.0,0.0,0.0
r0165_c0090,40.7717807,-73.8016089,Residential,44,133.33,0.3333,2.2,1946.0,90473.0,65,0.951,0.0,0.0,0.0
r0165_c0091,40.7717807,-73.799826,Residential,46,44.44,0.0,2.0,1951.0,79257.0,76,0.3734,0.0,0.0,0.0
r0165_c0092,40.7717807,-73.7980431,Residential,47,0.0,0.0,2.1,1938.0,69213.0,88,-0.0,0.0,0.0,0.0
r0165_c0093,40.7717807,-73.7962602,Institutional,39,177.78,0.0,2.4,1929.0,174497.0,76,1.0,0.0,0.0,0.0
r0165_c0094,40.7717807,-73.7944773,Residential,28,222.22,0.0,2.1,1947.0,56767.0,40,1.4152,0.0,0.0,0.0
r0165_c0095,40.7717807,-73.7926944,Residential,47,88.89,0.0,2.0,1938.0,80263.0,87,0.7247,0.0,0.0,0.0
r0165_c0096,40.7717807,-73.7909114,Residential,40,400.0,0.0,1.9,1944.0,59835.0,69,-0.0,0.0,0.0,0.0
r0165_c0097,40.7717807,-73.7891285,Residential,41,488.89,0.0,1.7,1943.0,61531.0,72,0.3962,0.0,0.0,0.0
r0165_c0098,40.7717807,-73.7873456,Residential,42,222.22,0.0,2.0,1957.0,99133.0,58,0.2076,0.0,0.0,0.0
r0165_c0100,40.7717807,-73.7837798,Residential,8,266.67,0.0,1.1,1960.0,17851.0,8,-0.0,0.0,0.0,0.0
r0165_c0101,40.7717807,-73.7819969,Residential,27,355.56,0.0,1.4,1949.0,39940.0,36,0.0655,0.0,0.0,0.0
r0165_c0102,40.7717807,-73.780214,Institutional,4,1022.22,0.0,1.5,1947.0,387338.0,4,1.1065,0.0,0.0,0.0
r0165_c0103,40.7717807,-73.7784311,Residential,17,933.33,0.0,2.1,1946.0,44898.0,21,0.6594,0.0,0.0,0.0
r0165_c0104,40.7717807,-73.7766481,Residential,32,88.89,0.0,2.0,1946.0,63799.0,47,0.0994,0.0,0.0,0.0
r0165_c0105,40.7717807,-73.7748652,Residential,39,44.44,0.0,1.7,1953.0,67167.0,47,0.7554,0.0,0.0,0.0
r0165_c0106,40.7717807,-73.7730823,Residential,29,88.89,0.0,2.0,1943.0,60782.0,46,-0.0,0.0,0.0,0.0
r0165_c0107,40.7717807,-73.7712994,Residential,9,1111.11,0.0,1.8,1958.0,28086.0,10,0.2854,0.0,0.0,0.0
r0165_c0108,40.7717807,-73.7695165,Residential,3,800.0,0.0,1.8,1955.0,7444.0,5,-0.0,0.0,0.0,0.0
r0165_c0116,40.7717807,-73.7552532,Residential,8,177.78,0.0,1.8,1976.0,26353.0,6,0.9096,0.0,0.0,0.0
r0165_c0117,40.7717807,-73.7534703,Residential,16,0.0,0.0,2.0,1940.0,38332.0,16,1.0238,0.0,0.0,0.0
r0165_c0118,40.7717807,-73.7516874,Residential,17,88.89,0.0,2.4,1934.0,82227.0,26,0.5392,0.0,0.0,0.0
r0165_c0119,40.7717807,-73.7499045,Residential,22,44.44,0.0,2.0,1941.0,56661.0,24,0.17,0.0,0.0,0.0
r0165_c0120,40.7717807,-73.7481216,Residential,24,0.0,0.0,2.3,1927.0,52400.0,35,0.5547,0.0,0.0,0.0
r0165_c0121,40.7717807,-73.7463386,Residential,29,0.0,0.0,2.1,1930.0,45756.0,38,0.3256,0.0,0.0,0.0
r0165_c0122,40.7717807,-73.7445557,Open Space,15,0.0,0.0,2.3,1928.0,15832.0,16,1.544,0.0,0.0,0.0
r0165_c0123,40.7717807,-73.7427728,Residential,43,88.89,0.0,2.2,1946.0,81380.0,55,-0.0,0.0,0.0,0.0
r0165_c0124,40.7717807,-73.7409899,Residential,41,88.89,0.0,2.0,1955.0,93236.0,49,0.763,0.0,0.0,0.0
r0165_c0125,40.7717807,-73.739207,Residential,33,44.44,0.0,2.3,1960.0,124049.0,43,1.5679,0.0,0.0,0.0
r0165_c0126,40.7717807,-73.7374241,Residential,39,88.89,0.0,2.1,1941.0,72673.0,58,-0.0,0.0,0.0,0.0
r0165_c0127,40.7717807,-73.7356412,Residential,37,0.0,0.0,2.2,1936.0,80903.0,58,1.6406,0.0,0.0,0.0
r0165_c0128,40.7717807,-73.7338583,Residential,50,0.0,0.0,2.0,1928.0,107193.0,65,1.8863,0.0,0.0,0.0
r0165_c0129,40.7717807,-73.7320753,Residential,8,44.44,0.0,2.0,1935.0,11388.0,12,0.3604,0.0,0.0,0.0
r0166_c0017,40.773132,-73.9317615,Residential,24,355.56,0.125,3.9,1957.0,314335.0,20,2.3965,44.44,88.89,0.0
r0166_c0018,40.773132,-73.9299786,Residential,47,133.33,0.0,2.8,1953.0,143678.0,66,1.6585,0.0,0.0,0.0
r0166_c0019,40.773132,-73.9281957,Residential,33,355.56,0.0,2.6,1945.0,154182.0,39,2.1781,0.0,0.0,0.0
r0166_c0020,40.773132,-73.9264128,Residential,60,311.11,0.1429,2.5,1939.0,336588.0,73,2.5496,0.0,88.89,0.0
r0166_c0021,40.773132,-73.9246298,Residential,55,311.11,0.0,2.6,1930.0,361493.0,66,2.4885,0.0,44.44,0.0
r0166_c0022,40.773132,-73.9228469,Residential,49,44.44,0.0,2.6,1949.0,205819.0,57,1.5509,0.0,0.0,0.0
r0166_c0023,40.773132,-73.921064,Residential,28,88.89,0.0,2.5,1943.0,61808.0,31,1.4611,0.0,0.0,0.0
r0166_c0024,40.773132,-73.9192811,Residential,60,0.0,0.0,2.6,1930.0,228557.0,67,1.2998,0.0,0.0,0.0
r0166_c0025,40.773132,-73.9174982,Residential,38,177.78,0.25,3.6,1932.0,271628.0,43,0.4608,0.0,44.44,0.0
r0166_c0026,40.773132,-73.9157153,Institutional,28,488.89,0.1818,3.0,1941.0,304877.0,30,1.7786,0.0,0.0,0.0
r0166_c0027,40.773132,-73.9139324,Residential,54,488.89,0.1818,2.9,1936.0,276870.0,66,1.9932,0.0,88.89,0.0
r0166_c0028,40.773132,-73.9121495,Residential,69,400.0,0.3333,2.2,1937.0,186991.0,80,1.8504,0.0,133.33,0.0
r0166_c0029,40.773132,-73.9103665,Residential,58,222.22,0.0,2.1,1934.0,186644.0,86,2.0188,0.0,88.89,0.0
r0166_c0030,40.773132,-73.9085836,Residential,79,0.0,0.0,2.0,1929.0,187507.0,127,0.9997,0.0,0.0,0.0
r0166_c0031,40.773132,-73.9068007,Residential,45,1333.33,0.2,2.4,1938.0,238530.0,54,1.9945,0.0,533.33,0.0
r0166_c0032,40.773132,-73.9050178,Residential,65,177.78,0.0,2.3,1933.0,182134.0,97,1.5288,0.0,44.44,0.0
r0166_c0033,40.773132,-73.9032349,Residential,71,177.78,0.0,2.3,1938.0,168180.0,112,0.9802,0.0,0.0,0.0
r0166_c0034,40.773132,-73.901452,Residential,54,44.44,0.0,2.2,1938.0,123053.0,81,1.2722,0.0,0.0,0.0
r0166_c0035,40.773132,-73.8996691,Residential,74,133.33,0.0,2.1,1940.0,147279.0,95,0.6047,0.0,0.0,0.0
r0166_c0036,40.773132,-73.8978862,Residential,43,400.0,0.0,2.7,1952.0,91326.0,41,1.5404,0.0,0.0,0.0
r0166_c0037,40.773132,-73.8961033,Industrial,6,44.44,0.0,2.0,1960.0,188697.0,6,0.8216,0.0,0.0,0.0
r0166_c0038,40.773132,-73.8943203,Industrial,20,88.89,0.0,2.4,1976.0,210219.0,21,1.9475,0.0,0.0,0.0
r0166_c0039,40.773132,-73.8925374,Residential,18,44.44,0.0,2.0,1939.0,52292.0,22,2.2096,0.0,0.0,0.0
r0166_c0040,40.773132,-73.8907545,Residential,6,88.89,0.0,2.0,1973.0,152722.0,93,0.5142,0.0,0.0,0.0
r0166_c0041,40.773132,-73.8889716,Residential,7,711.11,0.125,2.4,1960.0,12018.0,5,1.4358,88.89,0.0,0.0
r0166_c0063,40.773132,-73.8497475,Mixed-Use,7,0.0,0.0,1.3,1938.0,12388.0,7,1.1209,0.0,0.0,0.0
r0166_c0064,40.773132,-73.8479646,Industrial,42,44.44,0.0,2.0,1953.0,149557.0,52,1.9619,0.0,0.0,0.0
r0166_c0065,40.773132,-73.8461817,Industrial,19,177.78,0.0,1.9,1935.0,144455.0,25,2.2932,0.0,44.44,0.0
r0166_c0066,40.773132,-73.8443988,Industrial,4,44.44,0.0,1.3,1959.0,35950.0,4,0.0207,0.0,0.0,0.0
r0166_c0070,40.773132,-73.8372672,Mixed-Use,3,0.0,0.0,2.0,1993.0,86830.0,2,0.5745,0.0,0.0,0.0
r0166_c0071,40.773132,-73.8354842,Mixed-Use,3,0.0,0.0,,,0.0,0,-0.0,0.0,0.0,0.0
r0166_c0072,40.773132,-73.8337013,Mixed-Use,3,0.0,0.0,,,0.0,0,-0.0,0.0,0.0,0.0
r0166_c0077,40.773132,-73.8247868,Residential,18,0.0,0.0,1.9,1957.0,469494.0,23,0.7977,0.0,0.0,0.0
r0166_c0078,40.773132,-73.8230039,Residential,61,0.0,0.0,1.8,1961.0,168143.0,61,0.8876,0.0,0.0,0.0
r0166_c0079,40.773132,-73.8212209,Residential,39,44.44,0.0,1.8,1957.0,95041.0,40,0.3923,0.0,0.0,0.0
r0166_c0080,40.773132,-73.819438,Residential,51,88.89,0.0,1.9,1960.0,98686.0,51,0.1312,0.0,0.0,0.0
r0166_c0081,40.773132,-73.8176551,Residential,29,88.89,0.0,2.0,1957.0,59430.0,29,0.8801,0.0,0.0,0.0
r0166_c0082,40.773132,-73.8158722,Open Space,30,88.89,0.0,1.4,1941.0,40141.0,36,0.7066,0.0,0.0,0.0
r0166_c0083,40.773132,-73.8140893,Residential,43,88.89,0.0,1.8,1960.0,78829.0,70,-0.0,0.0,0.0,0.0
r0166_c0084,40.773132,-73.8123064,Residential,37,44.44,0.0,1.4,1946.0,55792.0,59,-0.0,0.0,0.0,0.0
r0166_c0085,40.773132,-73.8105235,Residential,30,44.44,0.0,1.6,1950.0,44316.0,45,0.6832,0.0,0.0,0.0
r0166_c0086,40.773132,-73.8087406,Residential,35,133.33,0.0,1.5,1955.0,114821.0,48,0.9004,0.0,0.0,0.0
r0166_c0087,40.773132,-73.8069576,Residential,31,133.33,0.0,1.5,1948.0,49762.0,51,-0.0,0.0,0.0,0.0
r0166_c0088,40.773132,-73.8051747,Residential,46,44.44,0.0,1.7,1938.0,66886.0,76,-0.0,0.0,0.0,0.0
r0166_c0089,40.773132,-73.8033918,Residential,48,222.22,0.0,1.8,1950.0,69631.0,69,0.1767,0.0,0.0,0.0
r0166_c0090,40.773132,-73.8016089,Residential,42,133.33,0.0,1.9,1944.0,60123.0,58,0.1036,0.0,0.0,0.0
r0166_c0091,40.773132,-73.799826,Residential,41,177.78,0.0,1.6,1948.0,58268.0,69,-0.0,0.0,0.0,0.0
r0166_c0092,40.773132,-73.7980431,Residential,45,133.33,0.0,2.0,1946.0,68068.0,68,0.072,0.0,0.0,0.0
r0166_c0093,40.773132,-73.7962602,Residential,26,1466.67,0.2121,2.0,1941.0,74458.0,40,1.7619,0.0,266.67,0.0
r0166_c0094,40.773132,-73.7944773,Residential,44,266.67,0.0,1.9,1946.0,100237.0,50,0.9227,0.0,44.44,0.0
r0166_c0095,40.773132,-73.7926944,Residential,34,88.89,0.0,1.9,1940.0,54511.0,59,0.2283,0.0,0.0,0.0
r0166_c0096,40.773132,-73.7909114,Residential,37,444.44,0.0,1.8,1947.0,61978.0,63,-0.0,0.0,0.0,0.0
r0166_c0097,40.773132,-73.7891285,Residential,39,177.78,0.0,1.8,1941.0,73571.0,59,0.1772,0.0,0.0,0.0
r0166_c0098,40.773132,-73.7873456,Residential,31,133.33,0.0,2.0,1959.0,87661.0,41,0.3875,0.0,0.0,0.0
r0166_c0099,40.773132,-73.7855627,Residential,6,622.22,0.0,1.4,1967.0,12983.0,9,-0.0,0.0,0.0,0.0
r0166_c0100,40.773132,-73.7837798,Residential,20,88.89,0.0,1.2,1960.0,42164.0,24,-0.0,0.0,0.0,0.0
r0166_c0101,40.773132,-73.7819969,Residential,33,88.89,0.0,1.2,1957.0,62365.0,40,-0.0,0.0,0.0,0.0
r0166_c0102,40.773132,-73.780214,Residential,34,44.44,0.0,1.3,1947.0,57605.0,65,-0.0,0.0,0.0,0.0
r0166_c0103,40.773132,-73.7784311,Residential,28,88.89,0.0,1.9,1940.0,53518.0,36,0.3093,0.0,0.0,0.0
r0166_c0104,40.773132,-73.7766481,Residential,48,44.44,0.0,1.9,1944.0,69607.0,64,0.0421,0.0,0.0,0.0
r0166_c0105,40.773132,-73.7748652,Residential,33,177.78,0.0,1.9,1944.0,52733.0,46,0.366,0.0,0.0,0.0
r0166_c0106,40.773132,-73.7730823,Residential,23,222.22,0.0,1.8,1955.0,53538.0,31,0.2892,0.0,0.0,0.0
r0166_c0107,40.773132,-73.7712994,Residential,28,88.89,0.0,2.0,1953.0,68946.0,41,-0.0,0.0,0.0,0.0
r0166_c0117,40.773132,-73.7534703,Residential,5,0.0,0.0,2.2,1857.0,11409.0,3,0.8021,0.0,0.0,0.0
r0166_c0118,40.773132,-73.7516874,Residential,19,44.44,0.0,2.2,1929.0,55058.0,21,0.476,0.0,0.0,0.0
r0166_c0119,40.773132,-73.7499045,Residential,19,0.0,0.0,2.1,1930.0,45228.0,25,0.1695,0.0,0.0,0.0
r0166_c0120,40.773132,-73.7481216,Residential,23,44.44,0.0,2.2,1936.0,63668.0,34,0.2405,0.0,0.0,0.0
r0166_c0121,40.773132,-73.7463386,Residential,23,0.0,0.0,2.1,1923.0,40862.0,30,0.4107,0.0,0.0,0.0
r0166_c0122,40.773132,-73.7445557,Open Space,8,44.44,0.0,2.0,1925.0,3036.0,1,1.3699,44.44,0.0,0.0
r0166_c0123,40.773132,-73.7427728,Residential,30,177.78,0.0,2.3,1960.0,64705.0,29,1.376,0.0,0.0,0.0
r0166_c0124,40.773132,-73.7409899,Mixed-Use,28,0.0,0.0,1.9,1960.0,115028.0,33,1.0057,0.0,0.0,0.0
r0166_c0125,40.773132,-73.739207,Residential,34,0.0,0.0,2.2,1942.0,60690.0,47,0.2619,0.0,0.0,0.0
r0166_c0126,40.773132,-73.7374241,Residential,34,133.33,0.0,2.1,1947.0,66749.0,56,-0.0,0.0,0.0,0.0
r0166_c0127,40.773132,-73.7356412,Residential,36,88.89,0.0,2.1,1945.0,54894.0,61,0.1844,0.0,0.0,0.0
r0166_c0128,40.773132,-73.7338583,Mixed-Use,3,1022.22,0.1304,2.2,1944.0,10664.0,4,1.5818,0.0,88.89,1.0
r0167_c0014,40.7744834,-73.9371102,Open Space,3,1822.22,0.0,,,0.0,2,0.6509,44.44,0.0,0.0
r0167_c0017,40.7744834,-73.9317615,Residential,11,133.33,0.0,4.4,1947.0,285242.0,11,0.5813,0.0,0.0,0.0
r0167_c0018,40.7744834,-73.9299786,Residential,32,133.33,0.0,2.9,1938.0,245227.0,43,1.7184,0.0,0.0,0.0
r0167_c0019,40.7744834,-73.9281957,Residential,59,0.0,0.0,2.4,1928.0,142121.0,68,1.3901,0.0,0.0,0.0
r0167_c0020,40.7744834,-73.9264128,Residential,74,355.56,0.125,2.4,1917.0,228595.0,96,1.4116,0.0,133.33,0.0
r0167_c0021,40.7744834,-73.9246298,Residential,52,488.89,0.0,2.4,1937.0,137474.0,65,1.4908,44.44,44.44,0.0
r0167_c0022,40.7744834,-73.9228469,Mixed-Use,16,844.44,0.0,2.7,1952.0,34990.0,14,1.6227,0.0,0.0,0.0
r0167_c0023,40.7744834,-73.921064,Residential,69,0.0,0.0,2.0,1936.0,151733.0,86,0.8072,0.0,0.0,0.0
r0167_c0024,40.7744834,-73.9192811,Residential,67,88.89,0.5,2.1,1932.0,170645.0,79,0.9907,0.0,0.0,0.0
r0167_c0025,40.7744834,-73.9174982,Residential,73,311.11,0.2857,2.2,1927.0,204185.0,72,1.3135,0.0,133.33,0.0
r0167_c0026,40.7744834,-73.9157153,Residential,65,0.0,0.0,2.1,1931.0,196203.0,76,0.996,0.0,0.0,0.0
r0167_c0027,40.7744834,-73.9139324,Residential,49,1644.44,0.4595,2.5,1953.0,222405.0,55,2.0999,0.0,488.89,0.0
r0167_c0028,40.7744834,-73.9121495,Mixed-Use,32,2222.22,0.26,2.2,1941.0,126932.0,36,2.6301,0.0,444.44,0.0
r0167_c0029,40.7744834,-73.9103665,Residential,53,177.78,0.5,2.5,1944.0,205583.0,69,2.238,0.0,0.0,0.0
r0167_c0030,40.7744834,-73.9085836,Mixed-Use,68,2044.44,0.587,2.5,1931.0,197008.0,89,1.338,0.0,488.89,0.0
r0167_c0031,40.7744834,-73.9068007,Residential,77,311.11,0.2857,2.0,1928.0,148568.0,125,0.9545,0.0,177.78,0.0
r0167_c0032,40.7744834,-73.9050178,Residential,83,0.0,0.0,2.4,1934.0,178696.0,113,0.9979,0.0,0.0,0.0
r0167_c0033,40.7744834,-73.9032349,Residential,58,577.78,0.1538,2.4,1932.0,156032.0,67,1.5358,0.0,177.78,0.0
r0167_c0034,40.7744834,-73.901452,Residential,63,222.22,0.2,2.3,1934.0,130107.0,73,1.5803,0.0,0.0,0.0
r0167_c0035,40.7744834,-73.8996691,Residential,69,88.89,0.0,1.8,1939.0,120254.0,73,0.6747,0.0,0.0,0.0
r0167_c0036,40.7744834,-73.8978862,Mixed-Use,12,88.89,0.0,1.5,1949.0,134174.0,16,1.6103,0.0,0.0,0.0
r0167_c0037,40.7744834,-73.8961033,Industrial,5,88.89,0.0,1.6,1963.0,230292.0,9,1.3154,0.0,0.0,0.0
r0167_c0040,40.7744834,-73.8907545,Open Space,4,400.0,0.0,1.0,1981.0,672.0,1,0.834,0.0,0.0,0.0
r0167_c0064,40.7744834,-73.8479646,Institutional,38,0.0,0.0,1.8,1953.0,191552.0,42,0.993,0.0,0.0,0.0
r0167_c0065,40.7744834,-73.8461817,Residential,43,88.89,0.0,2.0,1948.0,120037.0,53,1.8457,0.0,0.0,0.0
r0167_c0066,40.7744834,-73.8443988,Residential,53,133.33,0.0,1.8,1936.0,89964.0,69,0.9755,0.0,0.0,0.0
r0167_c0067,40.7744834,-73.8426159,Residential,48,133.33,0.0,1.9,1956.0,87351.0,49,1.5516,0.0,0.0,0.0
r0167_c0069,40.7744834,-73.8390501,Industrial,3,88.89,0.0,2.3,1990.0,94384.0,3,0.9546,0.0,0.0,0.0
r0167_c0070,40.7744834,-73.8372672,Industrial,4,266.67,0.0,2.0,1996.0,28705.0,3,1.0673,0.0,0.0,0.0
r0167_c0077,40.7744834,-73.8247868,Residential,14,177.78,0.0,2.3,1960.0,83008.0,15,1.6551,0.0,0.0,0.0
r0167_c0078,40.7744834,-73.8230039,Residential,83,44.44,0.0,2.0,1962.0,200279.0,83,0.8814,0.0,0.0,0.0
r0167_c0079,40.7744834,-73.8212209,Residential,45,133.33,0.0,2.0,1960.0,104039.0,46,0.2419,0.0,0.0,0.0
r0167_c0080,40.7744834,-73.819438,Institutional,18,355.56,0.0,2.1,1960.0,254896.0,18,0.7892,0.0,0.0,0.0
r0167_c0082,40.7744834,-73.8158722,Residential,26,488.89,0.0,1.4,1931.0,27335.0,35,-0.0,0.0,0.0,0.0
r0167_c0083,40.7744834,-73.8140893,Residential,50,88.89,0.0,1.8,1948.0,96924.0,69,0.2911,0.0,0.0,0.0
r0167_c0084,40.7744834,-73.8123064,Residential,39,0.0,0.0,1.5,1963.0,72504.0,57,-0.0,0.0,0.0,0.0
r0167_c0085,40.7744834,-73.8105235,Residential,31,177.78,0.0,1.6,1961.0,61930.0,41,0.1131,0.0,0.0,0.0
r0167_c0086,40.7744834,-73.8087406,Residential,39,266.67,0.0,1.4,1955.0,64343.0,49,0.4846,0.0,0.0,0.0
r0167_c0087,40.7744834,-73.8069576,Residential,41,0.0,0.0,1.4,1951.0,56360.0,56,-0.0,0.0,0.0,0.0
r0167_c0088,40.7744834,-73.8051747,Residential,46,400.0,0.0,1.1,1948.0,58334.0,47,-0.0,0.0,0.0,0.0
r0167_c0089,40.7744834,-73.8033918,Residential,45,44.44,0.0,1.1,1955.0,62068.0,46,0.1828,0.0,0.0,0.0
r0167_c0090,40.7744834,-73.8016089,Residential,38,44.44,0.0,1.2,1953.0,55052.0,45,-0.0,0.0,0.0,0.0
r0167_c0091,40.7744834,-73.799826,Residential,51,266.67,0.0,1.8,1951.0,76294.0,92,-0.0,0.0,0.0,0.0
r0167_c0092,40.7744834,-73.7980431,Residential,45,177.78,0.0,2.5,1958.0,94337.0,51,1.279,0.0,0.0,0.0
r0167_c0093,40.7744834,-73.7962602,Residential,43,222.22,0.0,1.8,1945.0,69156.0,77,0.3099,0.0,0.0,0.0
r0167_c0094,40.7744834,-73.7944773,Residential,47,222.22,0.0,2.3,1940.0,66513.0,84,-0.0,0.0,0.0,0.0
r0167_c0095,40.7744834,-73.7926944,Residential,50,177.78,0.0,1.6,1945.0,56751.0,59,0.1761,0.0,0.0,0.0
r0167_c0096,40.7744834,-73.7909114,Residential,45,44.44,0.0,1.9,1952.0,66288.0,58,0.0826,0.0,0.0,0.0
r0167_c0097,40.7744834,-73.7891285,Residential,31,177.78,0.0,1.8,1953.0,70479.0,44,0.2247,0.0,0.0,0.0
r0167_c0098,40.7744834,-73.7873456,Residential,37,88.89,0.0,1.9,1961.0,102934.0,49,0.2768,0.0,0.0,0.0
r0167_c0099,40.7744834,-73.7855627,Residential,29,44.44,0.0,1.3,1961.0,60843.0,33,-0.0,0.0,0.0,0.0
r0167_c0100,40.7744834,-73.7837798,Residential,20,177.78,0.0,1.0,1960.0,41747.0,24,-0.0,0.0,0.0,0.0
r0167_c0101,40.7744834,-73.7819969,Residential,30,88.89,0.0,1.2,1962.0,63701.0,34,0.2461,0.0,0.0,0.0
r0167_c0102,40.7744834,-73.780214,Residential,37,44.44,0.0,1.4,1945.0,70659.0,70,-0.0,0.0,0.0,0.0
r0167_c0103,40.7744834,-73.7784311,Residential,30,222.22,0.0,1.9,1963.0,73421.0,40,0.1002,0.0,0.0,0.0
r0167_c0104,40.7744834,-73.7766481,Residential,28,355.56,0.0,1.6,1962.0,63134.0,33,-0.0,0.0,0.0,0.0
r0167_c0105,40.7744834,-73.7748652,Residential,44,88.89,0.0,2.2,1947.0,92744.0,60,0.5527,0.0,0.0,0.0
r0167_c0106,40.7744834,-73.7730823,Residential,30,355.56,0.0,2.0,1957.0,80252.0,41,0.247,0.0,0.0,0.0
r0167_c0107,40.7744834,-73.7712994,Residential,25,266.67,0.0,2.0,1956.0,66331.0,34,-0.0,0.0,0.0,0.0
r0167_c0108,40.7744834,-73.7695165,Residential,7,800.0,0.0,2.4,1955.0,22468.0,12,-0.0,0.0,0.0,0.0
r0167_c0117,40.7744834,-73.7534703,Residential,10,133.33,0.0,2.4,1925.0,34933.0,14,-0.0,0.0,0.0,0.0
r0167_c0118,40.7744834,-73.7516874,Residential,21,44.44,0.0,2.2,1930.0,50405.0,29,0.4428,0.0,0.0,0.0
r0167_c0119,40.7744834,-73.7499045,Residential,21,311.11,0.0,2.3,1941.0,62333.0,35,-0.0,0.0,0.0,0.0
r0167_c0120,40.7744834,-73.7481216,Residential,24,88.89,0.0,2.3,1928.0,54834.0,31,0.6084,0.0,0.0,0.0
r0167_c0121,40.7744834,-73.7463386,Residential,27,88.89,0.0,1.9,1941.0,58209.0,31,0.7002,0.0,0.0,0.0
r0167_c0122,40.7744834,-73.7445557,Residential,12,44.44,0.0,1.8,1966.0,13411.0,10,1.7575,0.0,0.0,0.0
r0167_c0123,40.7744834,-73.7427728,Residential,22,44.44,1.0,2.1,1937.0,34120.0,30,0.7482,0.0,44.44,0.0
r0167_c0124,40.7744834,-73.7409899,Residential,20,133.33,0.0,2.2,1964.0,42807.0,22,1.3656,0.0,0.0,0.0
r0167_c0125,40.7744834,-73.739207,Residential,33,177.78,0.0,2.1,1945.0,71879.0,40,0.4157,0.0,0.0,0.0
r0167_c0126,40.7744834,-73.7374241,Residential,24,177.78,0.0,2.0,1944.0,38402.0,31,0.1667,0.0,0.0,0.0
r0168_c0015,40.7758348,-73.9353273,Mixed-Use,20,577.78,0.0,4.4,1987.0,586511.0,20,2.1781,88.89,88.89,0.0
r0168_c0016,40.7758348,-73.9335444,Mixed-Use,23,88.89,0.0,3.9,1960.0,409616.0,24,2.0563,0.0,0.0,0.0
r0168_c0017,40.7758348,-73.9317615,Industrial,5,0.0,0.0,9.0,2005.0,698708.0,6,1.5698,0.0,0.0,0.0
r0168_c0018,40.7758348,-73.9299786,Mixed-Use,8,222.22,0.0,3.3,1911.0,26880.0,7,1.1333,0.0,0.0,0.0
r0168_c0019,40.7758348,-73.9281957,Residential,43,533.33,0.0,3.2,1954.0,451770.0,47,1.5577,0.0,0.0,0.0
r0168_c0020,40.7758348,-73.9264128,Residential,38,2400.0,0.0,2.7,1935.0,108075.0,45,1.1584,0.0,0.0,0.0
r0168_c0022,40.7758348,-73.9228469,Residential,24,711.11,0.0,2.2,1940.0,64138.0,28,1.7556,44.44,0.0,0.0
r0168_c0023,40.7758348,-73.921064,Residential,72,133.33,0.0,2.2,1943.0,162833.0,84,1.5294,0.0,0.0,0.0
r0168_c0024,40.7758348,-73.9192811,Residential,71,88.89,0.0,2.2,1930.0,178022.0,93,1.1455,0.0,0.0,0.0
r0168_c0025,40.7758348,-73.9174982,Residential,81,44.44,0.0,2.0,1925.0,179110.0,89,0.8677,0.0,0.0,0.0
r0168_c0026,40.7758348,-73.9157153,Residential,66,1066.67,0.2083,2.1,1930.0,175598.0,90,1.5247,0.0,311.11,0.0
r0168_c0027,40.7758348,-73.9139324,Residential,53,666.67,0.2667,2.4,1934.0,179134.0,69,2.1625,0.0,266.67,0.0
r0168_c0028,40.7758348,-73.9121495,Commercial,50,1377.78,0.2903,1.9,1935.0,173854.0,52,2.2574,0.0,622.22,0.3571
r0168_c0029,40.7758348,-73.9103665,Commercial,31,1733.33,0.4615,2.0,1934.0,240438.0,42,1.7614,0.0,577.78,0.1538
r0168_c0030,40.7758348,-73.9085836,Mixed-Use,23,133.33,0.6667,2.4,1932.0,507143.0,52,1.0114,0.0,44.44,0.0
r0168_c0031,40.7758348,-73.9068007,Residential,64,0.0,0.0,2.1,1929.0,132764.0,118,0.7989,0.0,0.0,0.0
r0168_c0032,40.7758348,-73.9050178,Residential,38,44.44,0.0,2.2,1928.0,212960.0,60,1.5873,0.0,0.0,0.0
r0168_c0033,40.7758348,-73.9032349,Residential,51,266.67,0.0,2.8,1953.0,198257.0,58,2.4466,0.0,44.44,0.0
r0168_c0034,40.7758348,-73.901452,Residential,54,133.33,0.0,2.1,1892.0,150009.0,61,2.1409,0.0,0.0,0.0
r0168_c0035,40.7758348,-73.8996691,Industrial,13,88.89,0.0,1.6,1931.0,61308.0,16,0.742,0.0,0.0,0.0
r0168_c0036,40.7758348,-73.8978862,Industrial,5,0.0,0.0,1.0,1964.0,86624.0,10,0.8073,0.0,0.0,0.0
r0168_c0063,40.7758348,-73.8497475,Mixed-Use,3,0.0,0.0,,,0.0,0,-0.0,0.0,0.0,0.0
r0168_c0064,40.7758348,-73.8479646,Residential,38,0.0,0.0,2.4,1963.0,297722.0,62,1.8567,0.0,0.0,0.0
r0168_c0065,40.7758348,-73.8461817,Residential,56,0.0,0.0,2.2,1963.0,142717.0,61,1.3026,0.0,0.0,0.0
r0168_c0066,40.7758348,-73.8443988,Residential,71,44.44,0.0,2.0,1953.0,134633.0,84,1.1368,0.0,0.0,0.0
r0168_c0067,40.7758348,-73.8426159,Residential,48,88.89,0.0,1.8,1952.0,96095.0,60,0.5999,0.0,0.0,0.0
r0168_c0068,40.7758348,-73.840833,Residential,14,0.0,0.0,1.8,1976.0,34758.0,13,-0.0,0.0,0.0,0.0
r0168_c0072,40.7758348,-73.8337013,Mixed-Use,4,0.0,0.0,,,0.0,0,-0.0,0.0,0.0,0.0
r0168_c0076,40.7758348,-73.8265697,Residential,29,133.33,0.0,1.9,1960.0,44452.0,29,-0.0,0.0,0.0,0.0
r0168_c0077,40.7758348,-73.8247868,Residential,30,88.89,0.0,3.0,1961.0,274408.0,33,1.1477,0.0,0.0,0.0
r0168_c0078,40.7758348,-73.8230039,Commercial,36,88.89,1.0,2.6,1960.0,155298.0,35,1.1155,0.0,0.0,0.0
r0168_c0079,40.7758348,-73.8212209,Residential,38,0.0,0.0,2.1,1960.0,102415.0,38,0.7266,0.0,0.0,0.0
r0168_c0080,40.7758348,-73.819438,Residential,38,44.44,0.0,1.7,1955.0,74779.0,38,0.3753,0.0,0.0,0.0
r0168_c0081,40.7758348,-73.8176551,Residential,20,400.0,0.0,1.2,1954.0,33390.0,20,-0.0,0.0,0.0,0.0
r0168_c0082,40.7758348,-73.8158722,Open Space,26,88.89,0.0,2.2,1950.0,64706.0,35,1.192,0.0,0.0,0.0
r0168_c0083,40.7758348,-73.8140893,Residential,49,44.44,0.0,2.2,1959.0,117366.0,60,0.545,0.0,0.0,0.0
r0168_c0084,40.7758348,-73.8123064,Residential,37,177.78,0.0,1.2,1961.0,62276.0,46,-0.0,0.0,0.0,0.0
r0168_c0085,40.7758348,-73.8105235,Residential,52,133.33,0.0,1.6,1951.0,83397.0,74,0.1457,0.0,0.0,0.0
r0168_c0086,40.7758348,-73.8087406,Residential,37,177.78,0.0,1.4,1951.0,53393.0,57,-0.0,0.0,0.0,0.0
r0168_c0087,40.7758348,-73.8069576,Residential,42,177.78,0.0,1.5,1952.0,61995.0,66,-0.0,0.0,0.0,0.0
r0168_c0088,40.7758348,-73.8051747,Residential,49,266.67,0.0,1.3,1949.0,68828.0,69,-0.0,0.0,0.0,0.0
r0168_c0089,40.7758348,-73.8033918,Residential,40,133.33,0.0,1.4,1954.0,69136.0,42,-0.0,0.0,0.0,0.0
r0168_c0090,40.7758348,-73.8016089,Residential,40,177.78,0.0,1.2,1957.0,56491.0,50,-0.0,0.0,0.0,0.0
r0168_c0091,40.7758348,-73.799826,Residential,37,0.0,0.0,1.3,1954.0,57767.0,54,0.6308,0.0,0.0,0.0
r0168_c0092,40.7758348,-73.7980431,Residential,34,177.78,0.0,2.1,1942.0,55144.0,52,0.1754,0.0,0.0,0.0
r0168_c0093,40.7758348,-73.7962602,Residential,47,355.56,0.0,2.3,1940.0,65733.0,92,-0.0,0.0,0.0,0.0
r0168_c0094,40.7758348,-73.7944773,Residential,42,444.44,0.0,2.4,1944.0,55602.0,80,-0.0,0.0,0.0,0.0
r0168_c0095,40.7758348,-73.7926944,Residential,31,44.44,0.0,2.3,1940.0,49131.0,57,-0.0,0.0,0.0,0.0
r0168_c0096,40.7758348,-73.7909114,Residential,40,44.44,0.0,1.4,1956.0,59171.0,48,0.0289,0.0,0.0,0.0
r0168_c0097,40.7758348,-73.7891285,Residential,38,311.11,0.0,1.5,1957.0,49378.0,64,-0.0,0.0,0.0,0.0
r0168_c0098,40.7758348,-73.7873456,Residential,38,222.22,0.0,1.7,1950.0,56041.0,62,-0.0,0.0,0.0,0.0
r0168_c0099,40.7758348,-73.7855627,Residential,23,177.78,0.0,1.5,1958.0,42863.0,30,-0.0,0.0,0.0,0.0
r0168_c0100,40.7758348,-73.7837798,Residential,22,133.33,0.0,1.2,1957.0,47150.0,23,-0.0,0.0,0.0,0.0
r0168_c0101,40.7758348,-73.7819969,Residential,34,0.0,0.0,1.3,1951.0,66740.0,54,0.1986,0.0,0.0,0.0
r0168_c0102,40.7758348,-73.780214,Residential,36,222.22,0.0,1.4,1948.0,79291.0,48,-0.0,0.0,0.0,0.0
r0168_c0103,40.7758348,-73.7784311,Residential,30,222.22,0.0,1.8,1947.0,57039.0,40,0.927,0.0,0.0,0.0
r0168_c0104,40.7758348,-73.7766481,Residential,36,133.33,0.0,2.0,1961.0,88131.0,50,0.2037,0.0,0.0,0.0
r0168_c0105,40.7758348,-73.7748652,Residential,32,88.89,0.0,1.9,1948.0,65469.0,44,0.7591,0.0,0.0,0.0
r0168_c0106,40.7758348,-73.7730823,Residential,23,222.22,0.0,2.0,1958.0,64626.0,26,-0.0,0.0,0.0,0.0
r0168_c0107,40.7758348,-73.7712994,Residential,29,311.11,0.0,1.7,1971.0,83643.0,33,-0.0,0.0,0.0,0.0
r0168_c0108,40.7758348,-73.7695165,Institutional,14,266.67,0.0,2.1,1944.0,214801.0,16,0.9974,0.0,0.0,0.0
r0168_c0109,40.7758348,-73.7677336,Residential,16,177.78,0.0,1.7,1974.0,41415.0,16,-0.0,0.0,0.0,0.0
r0168_c0117,40.7758348,-73.7534703,Residential,15,88.89,0.0,2.2,1936.0,53321.0,19,-0.0,0.0,0.0,0.0
r0168_c0118,40.7758348,-73.7516874,Residential,19,177.78,0.0,2.3,1932.0,65168.0,28,-0.0,0.0,0.0,0.0
r0168_c0119,40.7758348,-73.7499045,Residential,26,0.0,0.0,2.1,1938.0,69727.0,38,0.3362,0.0,0.0,0.0
r0168_c0120,40.7758348,-73.7481216,Residential,25,88.89,0.0,2.2,1934.0,50645.0,29,0.4519,0.0,0.0,0.0
r0168_c0121,40.7758348,-73.7463386,Residential,22,0.0,0.0,1.9,1936.0,39738.0,26,0.1886,0.0,0.0,0.0
r0168_c0122,40.7758348,-73.7445557,Open Space,32,0.0,0.0,2.0,1970.0,64756.0,32,0.6986,0.0,0.0,0.0
r0168_c0123,40.7758348,-73.7427728,Residential,43,44.44,0.0,1.9,1964.0,80337.0,44,0.0718,0.0,0.0,0.0
r0168_c0124,40.7758348,-73.7409899,Residential,28,0.0,0.0,1.6,1957.0,44349.0,29,-0.0,0.0,0.0,0.0
r0168_c0125,40.7758348,-73.739207,Residential,13,0.0,0.0,1.8,1960.0,19601.0,15,0.2244,0.0,0.0,0.0
r0169_c0016,40.7771861,-73.9335444,Industrial,4,222.22,0.0,2.7,1990.0,59464.0,3,1.0975,0.0,0.0,0.0
r0169_c0017,40.7771861,-73.9317615,Industrial,3,0.0,0.0,2.2,1936.0,134250.0,4,0.9981,0.0,0.0,0.0
r0169_c0022,40.7771861,-73.9228469,Residential,25,888.89,0.0,2.0,1931.0,51575.0,30,0.8814,133.33,0.0,0.0
r0169_c0023,40.7771861,-73.921064,Mixed-Use,40,177.78,0.75,2.2,1933.0,488267.0,51,1.428,0.0,44.44,0.0
r0169_c0024,40.7771861,-73.9192811,Residential,75,0.0,0.0,2.0,1930.0,157555.0,102,0.6814,0.0,0.0,0.0
r0169_c0025,40.7771861,-73.9174982,Residential,78,177.78,0.25,2.1,1924.0,127705.0,101,0.7941,0.0,88.89,0.0
r0169_c0026,40.7771861,-73.9157153,Residential,65,88.89,0.0,2.2,1925.0,140751.0,96,1.7881,0.0,44.44,0.0
r0169_c0027,40.7771861,-73.9139324,Residential,77,88.89,0.0,2.1,1925.0,131563.0,125,1.4106,44.44,44.44,0.0
r0169_c0028,40.7771861,-73.9121495,Residential,72,533.33,0.25,2.4,1924.0,152873.0,93,1.0876,0.0,177.78,0.0
r0169_c0029,40.7771861,-73.9103665,Mixed-Use,31,622.22,0.2857,2.7,1931.0,274181.0,42,2.5537,0.0,311.11,0.1429
r0169_c0030,40.7771861,-73.9085836,Residential,33,311.11,0.0,2.7,1947.0,408692.0,34,2.3488,0.0,133.33,0.0
r0169_c0031,40.7771861,-73.9068007,Residential,61,44.44,0.0,2.7,1933.0,142084.0,94,0.752,0.0,0.0,0.0
r0169_c0032,40.7771861,-73.9050178,Residential,62,0.0,0.0,2.1,1939.0,102678.0,75,0.9751,0.0,0.0,0.0
r0169_c0033,40.7771861,-73.9032349,Residential,47,311.11,0.0,2.2,1960.0,95936.0,47,1.759,0.0,0.0,0.0
r0169_c0034,40.7771861,-73.901452,Mixed-Use,12,400.0,0.0,2.0,1972.0,215267.0,12,1.7927,0.0,44.44,1.0
r0169_c0035,40.7771861,-73.8996691,Industrial,5,0.0,0.0,1.0,1966.0,138123.0,4,0.8997,0.0,0.0,0.0
r0169_c0036,40.7771861,-73.8978862,Industrial,18,0.0,0.0,1.5,1983.0,112376.0,21,1.443,0.0,0.0,0.0
r0169_c0037,40.7771861,-73.8961033,Industrial,27,0.0,0.0,1.2,1980.0,92569.0,23,1.6824,0.0,0.0,0.0
r0169_c0064,40.7771861,-73.8479646,Residential,32,0.0,0.0,2.0,1953.0,60612.0,36,1.1179,0.0,0.0,0.0
r0169_c0065,40.7771861,-73.8461817,Residential,56,88.89,0.0,2.2,1963.0,130096.0,61,1.0051,0.0,0.0,0.0
r0169_c0066,40.7771861,-73.8443988,Residential,61,400.0,0.0,2.1,1933.0,110688.0,81,0.5288,0.0,0.0,0.0
r0169_c0067,40.7771861,-73.8426159,Residential,34,311.11,0.0,1.7,1950.0,64085.0,55,0.2096,0.0,0.0,0.0
r0169_c0068,40.7771861,-73.840833,Residential,33,133.33,0.0,1.6,1947.0,48039.0,59,0.374,0.0,0.0,0.0
r0169_c0069,40.7771861,-73.8390501,Open Space,31,711.11,0.0,2.6,1956.0,66435.0,35,1.6195,0.0,0.0,0.0
r0169_c0072,40.7771861,-73.8337013,Mixed-Use,3,0.0,0.0,,,0.0,0,-0.0,0.0,0.0,0.0
r0169_c0076,40.7771861,-73.8265697,Residential,35,177.78,0.0,2.0,1960.0,56206.0,35,0.2546,0.0,0.0,0.0
r0169_c0077,40.7771861,-73.8247868,Residential,40,88.89,0.0,2.0,1954.0,101700.0,40,1.0866,0.0,0.0,0.0
r0169_c0078,40.7771861,-73.8230039,Residential,40,44.44,0.0,2.2,1955.0,91130.0,51,1.2167,0.0,0.0,0.0
r0169_c0079,40.7771861,-73.8212209,Residential,59,0.0,0.0,2.0,1933.0,96999.0,107,0.5052,0.0,0.0,0.0
r0169_c0080,40.7771861,-73.819438,Residential,63,0.0,0.0,1.9,1935.0,82474.0,115,0.1617,0.0,0.0,0.0
r0169_c0081,40.7771861,-73.8176551,Residential,66,266.67,0.1667,1.8,1943.0,88184.0,93,0.7784,0.0,44.44,0.0
r0169_c0082,40.7771861,-73.8158722,Residential,57,266.67,0.0,2.0,1962.0,100972.0,62,0.6235,0.0,0.0,0.0
r0169_c0083,40.7771861,-73.8140893,Residential,44,177.78,0.0,2.0,1955.0,89116.0,55,1.0254,0.0,0.0,0.0
r0169_c0084,40.7771861,-73.8123064,Residential,27,177.78,0.0,1.5,1953.0,47110.0,30,-0.0,0.0,0.0,0.0
r0169_c0085,40.7771861,-73.8105235,Residential,54,88.89,0.0,1.3,1951.0,57775.0,67,-0.0,0.0,0.0,0.0
r0169_c0086,40.7771861,-73.8087406,Residential,31,133.33,0.0,1.4,1953.0,50360.0,46,0.4765,0.0,0.0,0.0
r0169_c0087,40.7771861,-73.8069576,Residential,32,44.44,0.0,1.7,1953.0,51262.0,47,0.0891,0.0,0.0,0.0
r0169_c0088,40.7771861,-73.8051747,Residential,46,355.56,0.0,1.5,1952.0,77469.0,76,0.054,0.0,0.0,0.0
r0169_c0089,40.7771861,-73.8033918,Residential,41,222.22,0.0,1.5,1953.0,67378.0,46,0.1968,0.0,0.0,0.0
r0169_c0090,40.7771861,-73.8016089,Residential,33,0.0,0.0,1.6,1960.0,66373.0,33,0.3012,0.0,0.0,0.0
r0169_c0091,40.7771861,-73.799826,Residential,50,266.67,0.0,2.0,1956.0,56858.0,53,0.6219,0.0,0.0,0.0
r0169_c0092,40.7771861,-73.7980431,Residential,54,266.67,0.0,2.0,1954.0,65697.0,66,-0.0,0.0,0.0,0.0
r0169_c0093,40.7771861,-73.7962602,Residential,61,488.89,0.0,1.9,1954.0,78479.0,78,-0.0,0.0,0.0,0.0
r0169_c0094,40.7771861,-73.7944773,Residential,45,266.67,0.1667,2.0,1954.0,70919.0,56,1.1794,0.0,0.0,0.0
r0169_c0095,40.7771861,-73.7926944,Residential,14,133.33,0.0,1.9,1941.0,21011.0,17,0.5875,0.0,0.0,0.0
r0169_c0096,40.7771861,-73.7909114,Residential,15,88.89,0.0,1.6,1951.0,21266.0,19,-0.0,0.0,0.0,0.0
r0169_c0097,40.7771861,-73.7891285,Residential,30,222.22,0.0,1.7,1952.0,43616.0,45,-0.0,0.0,0.0,0.0
r0169_c0098,40.7771861,-73.7873456,Residential,41,400.0,0.0,1.6,1947.0,52314.0,68,-0.0,0.0,0.0,0.0
r0169_c0099,40.7771861,-73.7855627,Open Space,16,133.33,0.0,1.7,1945.0,20168.0,22,0.6796,0.0,0.0,0.0
r0169_c0100,40.7771861,-73.7837798,Residential,7,44.44,0.0,3.2,1976.0,137937.0,5,0.5376,0.0,0.0,0.0
r0169_c0101,40.7771861,-73.7819969,Residential,19,133.33,0.0,1.8,1960.0,48708.0,23,0.8221,0.0,0.0,0.0
r0169_c0102,40.7771861,-73.780214,Residential,23,44.44,0.0,1.6,1952.0,192489.0,29,1.3465,0.0,0.0,0.0
r0169_c0103,40.7771861,-73.7784311,Residential,35,311.11,0.1429,1.7,1950.0,62701.0,41,-0.0,0.0,0.0,0.0
r0169_c0104,40.7771861,-73.7766481,Residential,33,222.22,0.0,1.8,1956.0,73692.0,37,0.6862,0.0,0.0,0.0
r0169_c0105,40.7771861,-73.7748652,Residential,25,44.44,0.0,1.7,1956.0,66414.0,31,0.3434,0.0,0.0,0.0
r0169_c0106,40.7771861,-73.7730823,Residential,33,222.22,0.0,1.7,1964.0,83365.0,38,-0.0,0.0,0.0,0.0
r0169_c0107,40.7771861,-73.7712994,Residential,30,311.11,0.0,1.6,1969.0,77049.0,34,-0.0,0.0,0.0,0.0
r0169_c0108,40.7771861,-73.7695165,Mixed-Use,18,311.11,0.0,1.3,1968.0,28885.0,15,1.7876,44.44,0.0,0.0
r0169_c0117,40.7771861,-73.7534703,Residential,15,88.89,0.0,2.2,1942.0,50130.0,23,0.0983,0.0,0.0,0.0
r0169_c0118,40.7771861,-73.7516874,Residential,16,355.56,0.0,2.4,1934.0,62407.0,24,1.2172,0.0,0.0,0.0
r0169_c0119,40.7771861,-73.7499045,Residential,23,88.89,0.0,2.1,1929.0,46060.0,32,0.5078,0.0,0.0,0.0
r0169_c0120,40.7771861,-73.7481216,Residential,32,0.0,0.0,2.2,1930.0,60707.0,46,0.2544,0.0,0.0,0.0
r0169_c0121,40.7771861,-73.7463386,Residential,26,44.44,0.0,1.9,1943.0,42537.0,31,0.6311,0.0,0.0,0.0
r0169_c0122,40.7771861,-73.7445557,Open Space,9,222.22,0.0,2.0,1930.0,3048.0,4,0.589,133.33,0.0,0.0
r0169_c0123,40.7771861,-73.7427728,Residential,34,88.89,0.0,2.1,1962.0,52859.0,40,0.444,0.0,0.0,0.0
r0169_c0124,40.7771861,-73.7409899,Residential,7,44.44,0.0,1.8,1955.0,11883.0,8,-0.0,0.0,0.0,0.0
r0170_c0023,40.7785375,-73.921064,Residential,51,444.44,0.0,2.2,1925.0,93228.0,73,0.8119,0.0,0.0,0.0
r0170_c0024,40.7785375,-73.9192811,Residential,56,88.89,0.0,2.3,1925.0,168508.0,90,1.1906,0.0,0.0,0.0
r0170_c0025,40.7785375,-73.9174982,Residential,69,44.44,0.0,2.1,1923.0,113587.0,92,1.4053,0.0,0.0,0.0
r0170_c0026,40.7785375,-73.9157153,Residential,62,44.44,0.0,2.0,1921.0,123515.0,112,1.2613,0.0,44.44,0.0
r0170_c0027,40.7785375,-73.9139324,Residential,48,533.33,0.25,2.0,1923.0,106506.0,57,1.0597,0.0,133.33,0.0
r0170_c0028,40.7785375,-73.9121495,Residential,35,44.44,0.0,3.3,1923.0,199580.0,46,1.0802,0.0,0.0,0.0
r0170_c0029,40.7785375,-73.9103665,Residential,82,0.0,0.0,3.0,1930.0,212092.0,127,0.9067,0.0,0.0,0.0
r0170_c0030,40.7785375,-73.9085836,Residential,35,755.56,0.1176,3.1,1938.0,380953.0,51,1.3627,0.0,311.11,0.0
r0170_c0031,40.7785375,-73.9068007,Residential,93,0.0,0.0,2.9,1933.0,189646.0,98,1.0923,0.0,0.0,0.0
r0170_c0032,40.7785375,-73.9050178,Residential,45,88.89,0.5,2.0,1935.0,93077.0,47,1.2607,0.0,44.44,0.0
r0170_c0033,40.7785375,-73.9032349,Institutional,8,444.44,0.2,1.5,1953.0,69439.0,10,1.3516,0.0,88.89,0.5
r0170_c0034,40.7785375,-73.901452,Industrial,9,222.22,0.2,1.1,1963.0,78980.0,8,0.2368,0.0,88.89,1.0
r0170_c0035,40.7785375,-73.8996691,Industrial,10,44.44,0.0,1.6,1963.0,133227.0,8,1.2541,0.0,0.0,0.0
r0170_c0036,40.7785375,-73.8978862,Industrial,23,44.44,0.0,1.6,1978.0,167755.0,27,1.4644,0.0,44.44,0.0
r0170_c0037,40.7785375,-73.8961033,Industrial,28,0.0,0.0,1.7,1998.0,162977.0,25,0.8548,0.0,0.0,0.0
r0170_c0038,40.7785375,-73.8943203,Industrial,4,0.0,0.0,1.7,1976.0,29783.0,4,0.5329,0.0,0.0,0.0
r0170_c0064,40.7785375,-73.8479646,Residential,45,133.33,0.0,2.0,1947.0,110888.0,61,1.1705,0.0,0.0,0.0
r0170_c0065,40.7785375,-73.8461817,Residential,54,177.78,0.0,2.1,1953.0,120976.0,66,2.2186,0.0,44.44,1.0
r0170_c0066,40.7785375,-73.8443988,Residential,58,0.0,0.0,2.1,1931.0,134363.0,85,0.5833,0.0,0.0,0.0
r0170_c0067,40.7785375,-73.8426159,Residential,43,44.44,0.0,1.8,1949.0,129069.0,52,1.5319,0.0,0.0,0.0
r0170_c0068,40.7785375,-73.840833,Residential,50,311.11,0.0,1.7,1948.0,96940.0,67,1.0094,0.0,0.0,0.0
r0170_c0069,40.7785375,-73.8390501,Residential,13,44.44,0.0,2.1,1960.0,28471.0,14,1.9703,0.0,0.0,0.0
r0170_c0070,40.7785375,-73.8372672,Mixed-Use,3,311.11,0.0,,,0.0,0,0.9997,0.0,0.0,0.0
r0170_c0076,40.7785375,-73.8265697,Residential,17,44.44,0.0,2.3,1963.0,33146.0,15,1.514,0.0,0.0,0.0
r0170_c0077,40.7785375,-73.8247868,Residential,57,88.89,0.0,2.4,1970.0,155625.0,69,0.9747,0.0,0.0,0.0
r0170_c0078,40.7785375,-73.8230039,Residential,41,177.78,0.0,2.2,1950.0,81763.0,70,0.5605,0.0,0.0,0.0
r0170_c0079,40.7785375,-73.8212209,Residential,43,44.44,0.0,2.1,1954.0,91917.0,67,0.298,0.0,0.0,0.0
r0170_c0080,40.7785375,-73.819438,Residential,44,133.33,0.0,2.0,1951.0,88701.0,69,0.2609,0.0,0.0,0.0
r0170_c0081,40.7785375,-73.8176551,Residential,38,88.89,0.0,2.0,1952.0,76147.0,55,0.6644,0.0,0.0,0.0
r0170_c0082,40.7785375,-73.8158722,Residential,31,133.33,0.0,2.3,1976.0,76276.0,38,0.8869,0.0,0.0,0.0
r0170_c0083,40.7785375,-73.8140893,Residential,44,133.33,0.0,1.9,1950.0,87057.0,56,0.5365,0.0,0.0,0.0
r0170_c0084,40.7785375,-73.8123064,Residential,43,133.33,0.0,1.9,1963.0,91165.0,69,-0.0,0.0,0.0,0.0
r0170_c0085,40.7785375,-73.8105235,Residential,34,222.22,0.0,1.8,1963.0,75640.0,57,-0.0,0.0,0.0,0.0
r0170_c0086,40.7785375,-73.8087406,Residential,32,133.33,0.0,1.7,1959.0,56265.0,53,0.0877,0.0,0.0,0.0
r0170_c0087,40.7785375,-73.8069576,Residential,32,88.89,0.0,1.7,1958.0,65765.0,51,0.1448,0.0,0.0,0.0
r0170_c0088,40.7785375,-73.8051747,Residential,36,88.89,0.0,1.8,1957.0,80174.0,41,1.3631,0.0,0.0,0.0
r0170_c0089,40.7785375,-73.8033918,Residential,36,44.44,0.0,1.8,1958.0,76213.0,35,0.9145,0.0,0.0,0.0
r0170_c0090,40.7785375,-73.8016089,Residential,27,0.0,0.0,1.9,1957.0,66440.0,29,1.4129,0.0,0.0,0.0
r0170_c0091,40.7785375,-73.799826,Institutional,21,177.78,0.0,1.7,1948.0,133782.0,32,0.9581,0.0,0.0,0.0
r0170_c0092,40.7785375,-73.7980431,Residential,27,266.67,0.0,1.7,1946.0,37705.0,49,-0.0,0.0,0.0,0.0
r0170_c0093,40.7785375,-73.7962602,Residential,46,355.56,0.0,1.7,1947.0,65519.0,79,-0.0,0.0,0.0,0.0
r0170_c0094,40.7785375,-73.7944773,Residential,46,133.33,0.0,2.1,1950.0,90822.0,62,0.4451,0.0,0.0,0.0
r0170_c0098,40.7785375,-73.7873456,Residential,4,44.44,0.0,1.8,1946.0,5391.0,5,-0.0,0.0,0.0,0.0
r0170_c0099,40.7785375,-73.7855627,Residential,3,88.89,0.0,1.6,1945.0,2305.0,4,0.2106,0.0,0.0,0.0
r0170_c0100,40.7785375,-73.7837798,Residential,8,177.78,0.0,3.0,1975.0,24010.0,7,0.2327,0.0,0.0,0.0
r0170_c0101,40.7785375,-73.7819969,Residential,19,88.89,0.0,3.0,1975.0,69060.0,19,0.2492,0.0,0.0,0.0
r0170_c0104,40.7785375,-73.7766481,Residential,10,888.89,0.2,1.4,1958.0,27374.0,10,1.405,0.0,311.11,0.7143
r0170_c0105,40.7785375,-73.7748652,Residential,23,133.33,0.0,2.0,1945.0,56690.0,31,0.2882,0.0,0.0,0.0
r0170_c0106,40.7785375,-73.7730823,Residential,20,177.78,0.0,1.7,1960.0,55725.0,20,0.2312,0.0,0.0,0.0
r0170_c0107,40.7785375,-73.7712994,Residential,17,222.22,0.0,1.6,1965.0,55766.0,21,-0.0,0.0,0.0,0.0
r0170_c0108,40.7785375,-73.7695165,Institutional,19,355.56,0.0,1.6,1960.0,94968.0,19,1.1077,0.0,0.0,0.0
r0170_c0117,40.7785375,-73.7534703,Residential,12,44.44,0.0,2.2,1931.0,43181.0,18,0.3569,0.0,0.0,0.0
r0170_c0118,40.7785375,-73.7516874,Residential,22,0.0,0.0,2.2,1933.0,63458.0,31,0.1541,0.0,0.0,0.0
r0170_c0119,40.7785375,-73.7499045,Residential,26,0.0,0.0,2.3,1927.0,49445.0,39,0.3983,0.0,0.0,0.0
r0170_c0120,40.7785375,-73.7481216,Residential,19,0.0,0.0,2.1,1928.0,36294.0,26,0.8913,0.0,0.0,0.0
r0170_c0121,40.7785375,-73.7463386,Residential,6,44.44,0.0,1.6,1941.0,11185.0,8,0.2581,0.0,0.0,0.0
r0170_c0123,40.7785375,-73.7427728,Residential,7,311.11,0.0,3.0,1975.0,11452.0,7,-0.0,0.0,0.0,0.0
r0171_c0024,40.7798888,-73.9192811,Residential,50,44.44,0.0,2.0,1931.0,88569.0,62,1.409,0.0,0.0,0.0
r0171_c0025,40.7798888,-73.9174982,Residential,51,44.44,0.0,2.0,1928.0,99043.0,77,0.9179,0.0,0.0,0.0
r0171_c0026,40.7798888,-73.9157153,Institutional,41,311.11,0.1429,2.4,1924.0,192107.0,65,1.5026,0.0,88.89,0.0
r0171_c0027,40.7798888,-73.9139324,Residential,64,88.89,0.0,2.9,1933.0,273192.0,75,1.1708,0.0,0.0,0.0
r0171_c0028,40.7798888,-73.9121495,Institutional,4,266.67,0.0,3.2,1942.0,350260.0,5,0.2266,0.0,0.0,0.0
r0171_c0029,40.7798888,-73.9103665,Residential,36,0.0,0.0,2.6,1941.0,158515.0,67,1.0524,0.0,0.0,0.0
r0171_c0030,40.7798888,-73.9085836,Residential,90,0.0,0.0,2.2,1944.0,163143.0,115,1.1297,0.0,0.0,0.0
r0171_c0031,40.7798888,-73.9068007,Residential,13,222.22,0.0,2.2,1950.0,141119.0,14,2.2652,0.0,133.33,0.0
r0171_c0032,40.7798888,-73.9050178,Industrial,3,266.67,0.0,4.0,2017.0,188457.0,2,-0.0,0.0,44.44,1.0
r0171_c0034,40.7798888,-73.901452,Commercial,3,133.33,0.0,2.8,1956.0,33732.0,3,0.7871,0.0,0.0,0.0
r0171_c0036,40.7798888,-73.8978862,Industrial,13,0.0,0.0,1.6,1957.0,126070.0,14,1.1103,0.0,0.0,0.0
r0171_c0063,40.7798888,-73.8497475,Open Space,8,133.33,0.0,2.1,1936.0,37492.0,7,1.94,0.0,0.0,0.0
r0171_c0064,40.7798888,-73.8479646,Residential,50,88.89,0.0,2.3,1952.0,147661.0,62,1.5933,0.0,0.0,0.0
r0171_c0065,40.7798888,-73.8461817,Residential,49,266.67,0.1667,2.3,1966.0,176015.0,57,2.1701,0.0,133.33,0.0
r0171_c0066,40.7798888,-73.8443988,Residential,54,177.78,0.0,2.2,1943.0,131499.0,69,1.1434,0.0,0.0,0.0
r0171_c0067,40.7798888,-73.8426159,Residential,56,177.78,0.0,2.1,1922.0,113378.0,80,0.9048,0.0,0.0,0.0
r0171_c0068,40.7798888,-73.840833,Residential,49,44.44,0.0,1.9,1940.0,141634.0,62,1.4523,0.0,0.0,0.0
r0171_c0069,40.7798888,-73.8390501,Mixed-Use,10,0.0,0.0,1.6,1974.0,31620.0,9,1.6589,0.0,0.0,0.0
r0171_c0070,40.7798888,-73.8372672,Industrial,4,0.0,0.0,1.0,1974.0,64000.0,2,1.4384,0.0,0.0,0.0
r0171_c0071,40.7798888,-73.8354842,Mixed-Use,3,0.0,0.0,,,0.0,0,-0.0,0.0,0.0,0.0
r0171_c0072,40.7798888,-73.8337013,Mixed-Use,3,0.0,0.0,,,0.0,0,-0.0,0.0,0.0,0.0
r0171_c0077,40.7798888,-73.8247868,Residential,54,88.89,0.0,2.0,1966.0,97728.0,56,-0.0,0.0,0.0,0.0
r0171_c0078,40.7798888,-73.8230039,Residential,25,44.44,0.0,2.0,1955.0,71944.0,39,1.1005,0.0,0.0,0.0
r0171_c0079,40.7798888,-73.8212209,Residential,50,44.44,0.0,2.0,1949.0,89361.0,81,0.5573,0.0,0.0,0.0
r0171_c0080,40.7798888,-73.819438,Residential,51,177.78,0.0,2.2,1947.0,91015.0,71,0.1296,0.0,0.0,0.0
r0171_c0081,40.7798888,-73.8176551,Residential,53,177.78,0.0,2.2,1944.0,92830.0,91,0.0269,0.0,0.0,0.0
r0171_c0082,40.7798888,-73.8158722,Residential,49,133.33,0.0,2.1,1951.0,122550.0,74,0.6384,0.0,0.0,0.0
r0171_c0083,40.7798888,-73.8140893,Residential,51,88.89,0.0,2.0,1948.0,98191.0,68,0.5842,0.0,0.0,0.0
r0171_c0084,40.7798888,-73.8123064,Residential,41,88.89,0.0,2.1,1945.0,68036.0,65,0.4949,0.0,0.0,0.0
r0171_c0085,40.7798888,-73.8105235,Residential,57,88.89,0.0,2.0,1947.0,105401.0,87,0.2191,0.0,0.0,0.0
r0171_c0086,40.7798888,-73.8087406,Residential,37,133.33,0.0,1.8,1955.0,65709.0,53,0.3975,0.0,0.0,0.0
r0171_c0087,40.7798888,-73.8069576,Residential,45,133.33,0.0,1.9,1962.0,97115.0,58,0.4576,0.0,0.0,0.0
r0171_c0088,40.7798888,-73.8051747,Residential,37,133.33,0.0,1.8,1960.0,71465.0,58,1.001,0.0,0.0,0.0
r0171_c0089,40.7798888,-73.8033918,Residential,33,222.22,0.0,1.7,1954.0,68786.0,42,0.447,0.0,0.0,0.0
r0171_c0090,40.7798888,-73.8016089,Residential,26,222.22,0.4,1.8,1955.0,65259.0,35,1.067,0.0,44.44,0.0
r0171_c0091,40.7798888,-73.799826,Residential,33,355.56,0.0,1.6,1950.0,42334.0,50,0.1125,0.0,0.0,0.0
r0171_c0092,40.7798888,-73.7980431,Residential,40,311.11,0.0,1.8,1950.0,59498.0,59,-0.0,0.0,0.0,0.0
r0171_c0093,40.7798888,-73.7962602,Residential,36,222.22,0.0,1.7,1947.0,52878.0,50,-0.0,0.0,0.0,0.0
r0171_c0094,40.7798888,-73.7944773,Residential,31,800.0,0.2222,2.2,1952.0,70394.0,39,1.2747,0.0,444.44,0.1
r0171_c0102,40.7798888,-73.780214,Residential,20,355.56,0.0,3.0,1970.0,65500.0,20,0.421,0.0,0.0,0.0
r0171_c0103,40.7798888,-73.7784311,Residential,4,1066.67,0.2917,3.0,1970.0,13060.0,5,-0.0,0.0,444.44,0.7
r0171_c0105,40.7798888,-73.7748652,Residential,16,400.0,0.1111,1.8,1974.0,55634.0,16,1.4336,0.0,177.78,1.0
r0171_c0106,40.7798888,-73.7730823,Residential,15,266.67,0.0,1.7,1965.0,44803.0,16,0.1843,0.0,0.0,0.0
r0171_c0107,40.7798888,-73.7712994,Residential,18,266.67,0.0,2.1,1954.0,63688.0,21,0.0414,0.0,0.0,0.0
r0171_c0108,40.7798888,-73.7695165,Residential,10,488.89,0.1818,1.2,1954.0,29029.0,10,-0.0,0.0,44.44,0.0
r0171_c0117,40.7798888,-73.7534703,Residential,9,44.44,0.0,2.3,1942.0,38929.0,12,-0.0,0.0,0.0,0.0
r0171_c0118,40.7798888,-73.7516874,Residential,20,0.0,0.0,2.1,1939.0,64838.0,28,0.2059,0.0,0.0,0.0
r0171_c0119,40.7798888,-73.7499045,Residential,28,0.0,0.0,1.7,1952.0,63295.0,35,-0.0,0.0,0.0,0.0
r0171_c0120,40.7798888,-73.7481216,Mixed-Use,4,177.78,0.0,,,0.0,0,0.8967,0.0,0.0,0.0
r0172_c0025,40.7812402,-73.9174982,Residential,64,577.78,0.4615,2.4,1934.0,247683.0,71,1.4405,0.0,88.89,0.0
r0172_c0026,40.7812402,-73.9157153,Residential,33,755.56,0.0,2.1,1936.0,116354.0,54,0.9413,0.0,0.0,0.0
r0172_c0027,40.7812402,-73.9139324,Residential,66,177.78,0.0,2.7,1937.0,155356.0,96,1.725,0.0,44.44,0.0
r0172_c0028,40.7812402,-73.9121495,Residential,17,44.44,0.0,2.8,1947.0,242514.0,40,0.8181,0.0,0.0,0.0
r0172_c0029,40.7812402,-73.9103665,Residential,72,44.44,0.0,2.1,1938.0,167255.0,100,0.949,0.0,0.0,0.0
r0172_c0030,40.7812402,-73.9085836,Residential,51,0.0,0.0,2.1,1940.0,61182.0,85,-0.0,0.0,0.0,0.0
r0172_c0063,40.7812402,-73.8497475,Mixed-Use,12,0.0,0.0,1.1,1936.0,24462.0,7,1.4366,0.0,0.0,0.0
r0172_c0064,40.7812402,-73.8479646,Residential,52,0.0,0.0,2.2,1938.0,126724.0,73,1.36,0.0,0.0,0.0
r0172_c0065,40.7812402,-73.8461817,Residential,52,88.89,0.0,2.2,1945.0,153809.0,65,1.4658,0.0,88.89,0.0
r0172_c0066,40.7812402,-73.8443988,Residential,34,444.44,0.0,2.1,1941.0,84845.0,43,2.1155,0.0,44.44,0.0
r0172_c0067,40.7812402,-73.8426159,Residential,55,266.67,0.0,2.1,1940.0,111902.0,74,0.8143,0.0,0.0,0.0
r0172_c0068,40.7812402,-73.840833,Industrial,13,311.11,0.1429,2.4,1933.0,330406.0,14,2.0172,88.89,88.89,0.0
r0172_c0069,40.7812402,-73.8390501,Mixed-Use,30,88.89,0.5,1.8,1937.0,107153.0,41,2.6162,0.0,88.89,0.0
r0172_c0070,40.7812402,-73.8372672,Mixed-Use,4,0.0,0.0,1.5,1994.0,24686.0,2,1.5245,0.0,0.0,0.0
r0172_c0077,40.7812402,-73.8247868,Institutional,7,44.44,0.0,2.6,1970.0,96528.0,7,1.3977,0.0,0.0,0.0
r0172_c0078,40.7812402,-73.8230039,Residential,34,88.89,0.0,2.1,1961.0,99917.0,36,1.0656,0.0,0.0,0.0
r0172_c0079,40.7812402,-73.8212209,Residential,40,88.89,0.0,2.2,1945.0,102659.0,60,1.4953,0.0,0.0,0.0
r0172_c0080,40.7812402,-73.819438,Residential,48,222.22,0.0,2.2,1935.0,84432.0,80,0.1666,0.0,0.0,0.0
r0172_c0081,40.7812402,-73.8176551,Residential,45,0.0,0.0,2.1,1956.0,93277.0,62,0.3429,0.0,0.0,0.0
r0172_c0082,40.7812402,-73.8158722,Residential,56,177.78,0.0,2.4,1940.0,98963.0,96,0.4517,0.0,0.0,0.0
r0172_c0083,40.7812402,-73.8140893,Residential,62,177.78,0.0,2.0,1942.0,97453.0,91,0.1881,0.0,0.0,0.0
r0172_c0084,40.7812402,-73.8123064,Residential,49,177.78,0.0,2.3,1940.0,78140.0,80,0.2549,0.0,0.0,0.0
r0172_c0085,40.7812402,-73.8105235,Residential,42,133.33,0.0,2.1,1972.0,94608.0,60,0.7391,0.0,0.0,0.0
r0172_c0086,40.7812402,-73.8087406,Residential,42,133.33,0.0,2.1,1949.0,88955.0,61,0.4027,0.0,0.0,0.0
r0172_c0087,40.7812402,-73.8069576,Residential,30,133.33,0.0,2.1,1959.0,94297.0,32,1.0823,0.0,0.0,0.0
r0172_c0088,40.7812402,-73.8051747,Residential,31,133.33,0.0,1.8,1961.0,101188.0,43,1.3976,0.0,0.0,0.0
r0172_c0089,40.7812402,-73.8033918,Residential,20,44.44,0.0,1.2,1957.0,30818.0,35,0.2133,0.0,0.0,0.0
r0172_c0090,40.7812402,-73.8016089,Residential,33,44.44,1.0,2.0,1961.0,92585.0,36,1.1986,0.0,0.0,0.0
r0172_c0091,40.7812402,-73.799826,Residential,21,0.0,0.0,1.8,1955.0,32264.0,30,-0.0,0.0,0.0,0.0
r0172_c0092,40.7812402,-73.7980431,Residential,9,44.44,0.0,1.7,1960.0,13684.0,14,-0.0,0.0,0.0,0.0
r0172_c0094,40.7812402,-73.7944773,Residential,11,0.0,0.0,1.9,1952.0,23588.0,11,1.2788,0.0,0.0,0.0
r0172_c0095,40.7812402,-73.7926944,Residential,11,133.33,0.0,2.1,1971.0,146744.0,93,0.53,0.0,0.0,0.0
r0172_c0096,40.7812402,-73.7909114,Residential,8,88.89,0.0,1.9,1967.0,14741.0,9,-0.0,0.0,0.0,0.0
r0172_c0103,40.7812402,-73.7784311,Institutional,11,533.33,0.0,3.7,2015.0,84167.0,12,0.8308,0.0,0.0,0.0
r0172_c0105,40.7812402,-73.7748652,Residential,3,400.0,0.1111,4.3,1972.0,330090.0,5,0.2401,0.0,177.78,0.5
r0172_c0106,40.7812402,-73.7730823,Institutional,6,222.22,0.0,2.2,1979.0,94917.0,6,1.3411,0.0,0.0,0.0
r0172_c0107,40.7812402,-73.7712994,Open Space,6,311.11,0.0,1.2,1961.0,14873.0,5,0.8482,0.0,0.0,0.0
r0172_c0118,40.7812402,-73.7516874,Residential,18,133.33,0.0,2.2,1937.0,48682.0,23,0.0925,0.0,0.0,0.0
r0172_c0119,40.7812402,-73.7499045,Residential,10,44.44,0.0,2.2,1936.0,24835.0,14,-0.0,0.0,0.0,0.0
r0173_c0024,40.7825915,-73.9192811,Residential,31,444.44,0.0,2.6,1945.0,128166.0,34,1.2376,0.0,0.0,0.0
r0173_c0025,40.7825915,-73.9174982,Residential,65,0.0,0.0,2.0,1943.0,132640.0,69,0.6552,0.0,0.0,0.0
r0173_c0026,40.7825915,-73.9157153,Residential,27,222.22,0.0,2.0,1931.0,120514.0,33,1.2189,0.0,133.33,0.0
r0173_c0027,40.7825915,-73.9139324,Residential,32,444.44,0.1,2.2,1952.0,138354.0,54,1.7016,0.0,88.89,0.0
r0173_c0028,40.7825915,-73.9121495,Residential,53,0.0,0.0,2.0,1945.0,171657.0,78,0.9946,0.0,0.0,0.0
r0173_c0059,40.7825915,-73.8568792,Mixed-Use,4,0.0,0.0,1.0,1930.0,1580.0,1,0.9976,0.0,0.0,0.0
r0173_c0063,40.7825915,-73.8497475,Industrial,11,0.0,0.0,1.5,1938.0,77181.0,8,1.131,0.0,0.0,0.0
r0173_c0064,40.7825915,-73.8479646,Residential,57,44.44,0.0,2.1,1932.0,118801.0,64,0.8457,0.0,0.0,0.0
r0173_c0065,40.7825915,-73.8461817,Mixed-Use,52,266.67,0.5,2.2,1943.0,147229.0,59,1.9719,0.0,88.89,0.0
r0173_c0066,40.7825915,-73.8443988,Residential,54,44.44,0.0,2.1,1941.0,126594.0,73,1.5539,0.0,0.0,0.0
r0173_c0067,40.7825915,-73.8426159,Residential,51,88.89,0.0,2.1,1936.0,140946.0,71,1.8776,0.0,0.0,0.0
r0173_c0068,40.7825915,-73.840833,Industrial,28,88.89,0.0,1.8,1959.0,163479.0,38,1.8403,0.0,44.44,0.0
r0173_c0069,40.7825915,-73.8390501,Industrial,42,88.89,0.5,1.8,1944.0,129611.0,52,2.2787,0.0,0.0,0.0
r0173_c0070,40.7825915,-73.8372672,Mixed-Use,7,311.11,0.0,1.3,1973.0,85550.0,5,1.9631,0.0,44.44,1.0
r0173_c0075,40.7825915,-73.8283526,Commercial,4,444.44,0.2,1.5,1994.0,124225.0,3,0.3919,0.0,44.44,1.0
r0173_c0076,40.7825915,-73.8265697,Commercial,3,88.89,0.0,4.7,1991.0,235736.0,3,-0.0,0.0,44.44,0.0
r0173_c0078,40.7825915,-73.8230039,Open Space,20,933.33,0.0,2.4,1966.0,95757.0,20,1.0016,44.44,0.0,0.0
r0173_c0079,40.7825915,-73.8212209,Residential,40,133.33,0.0,2.1,1954.0,89716.0,55,0.1444,0.0,0.0,0.0
r0173_c0080,40.7825915,-73.819438,Residential,43,44.44,0.0,2.1,1951.0,91631.0,66,0.5202,0.0,0.0,0.0
r0173_c0081,40.7825915,-73.8176551,Residential,41,133.33,0.0,1.9,1958.0,87703.0,69,0.2647,0.0,0.0,0.0
r0173_c0082,40.7825915,-73.8158722,Residential,43,177.78,0.0,2.3,1945.0,85181.0,72,0.1688,0.0,0.0,0.0
r0173_c0083,40.7825915,-73.8140893,Residential,47,311.11,0.0,2.1,1952.0,93061.0,71,0.1602,0.0,0.0,0.0
r0173_c0084,40.7825915,-73.8123064,Residential,48,88.89,0.0,2.0,1952.0,85284.0,72,-0.0,0.0,0.0,0.0
r0173_c0085,40.7825915,-73.8105235,Residential,45,311.11,0.0,2.0,1962.0,85510.0,72,0.4341,0.0,0.0,0.0
r0173_c0086,40.7825915,-73.8087406,Residential,38,222.22,0.0,2.1,1943.0,69288.0,51,1.3519,0.0,0.0,0.0
r0173_c0087,40.7825915,-73.8069576,Residential,4,400.0,0.0,2.7,1964.0,285755.0,62,0.9591,0.0,0.0,0.0
r0173_c0088,40.7825915,-73.8051747,Residential,28,266.67,0.0,1.7,1957.0,39689.0,31,0.3753,0.0,0.0,0.0
r0173_c0089,40.7825915,-73.8033918,Residential,9,88.89,0.0,1.6,1972.0,50337.0,29,1.6739,0.0,0.0,0.0
r0173_c0090,40.7825915,-73.8016089,Residential,14,0.0,0.0,2.2,1975.0,157387.0,83,0.4764,0.0,0.0,0.0
r0173_c0093,40.7825915,-73.7962602,Residential,38,88.89,0.0,1.9,1957.0,82236.0,60,0.0915,0.0,0.0,0.0
r0173_c0094,40.7825915,-73.7944773,Residential,20,44.44,0.0,1.8,1971.0,120367.0,66,1.5463,0.0,0.0,0.0
r0173_c0095,40.7825915,-73.7926944,Residential,32,88.89,0.0,1.9,1964.0,65094.0,36,0.2056,0.0,0.0,0.0
r0173_c0099,40.7825915,-73.7855627,Residential,7,88.89,0.0,2.0,1975.0,22869.0,7,-0.0,0.0,0.0,0.0
r0173_c0100,40.7825915,-73.7837798,Residential,21,133.33,0.0,2.2,1975.0,162722.0,23,0.9447,0.0,0.0,0.0
r0173_c0101,40.7825915,-73.7819969,Residential,4,133.33,0.0,2.0,1962.0,98952.0,51,0.3326,0.0,0.0,0.0
r0173_c0103,40.7825915,-73.7784311,Residential,4,488.89,0.0,4.0,1960.0,331446.0,15,1.9227,0.0,0.0,0.0
r0173_c0104,40.7825915,-73.7766481,Residential,35,577.78,0.0,2.3,1972.0,108662.0,35,1.3936,0.0,0.0,0.0
r0173_c0105,40.7825915,-73.7748652,Residential,40,222.22,0.0,2.3,1970.0,118417.0,41,0.2444,0.0,0.0,0.0
r0173_c0106,40.7825915,-73.7730823,Residential,6,0.0,0.0,3.4,1970.0,160883.0,5,1.0169,0.0,0.0,0.0
r0173_c0118,40.7825915,-73.7516874,Open Space,3,44.44,0.0,2.0,1916.0,10834.0,5,0.8725,0.0,0.0,0.0
r0173_c0119,40.7825915,-73.7499045,Mixed-Use,3,1200.0,0.0,2.8,1979.0,9175.0,3,0.4254,0.0,0.0,0.0
r0174_c0025,40.7839429,-73.9174982,Residential,12,444.44,0.0,2.2,1941.0,173129.0,26,0.5579,0.0,0.0,0.0
r0174_c0026,40.7839429,-73.9157153,Residential,4,311.11,0.0,3.0,1949.0,186832.0,29,-0.0,0.0,0.0,0.0
r0174_c0027,40.7839429,-73.9139324,Residential,4,266.67,0.0,3.0,1949.0,202560.0,30,-0.0,0.0,0.0,0.0
r0174_c0028,40.7839429,-73.9121495,Residential,15,266.67,0.0,2.0,1945.0,36624.0,27,0.5665,0.0,0.0,0.0
r0174_c0058,40.7839429,-73.8586621,Mixed-Use,3,0.0,0.0,6.5,1951.0,235774.0,2,0.909,0.0,0.0,0.0
r0174_c0059,40.7839429,-73.8568792,Residential,19,0.0,0.0,2.2,1938.0,45349.0,24,2.3122,0.0,0.0,0.0
r0174_c0060,40.7839429,-73.8550963,Residential,36,133.33,0.0,2.2,1937.0,90247.0,43,2.125,0.0,0.0,0.0
r0174_c0061,40.7839429,-73.8533134,Residential,22,44.44,0.0,2.2,1918.0,72560.0,26,0.956,0.0,0.0,0.0
r0174_c0062,40.7839429,-73.8515304,Industrial,8,44.44,0.0,1.4,1944.0,96923.0,9,1.1089,0.0,0.0,0.0
r0174_c0063,40.7839429,-73.8497475,Industrial,11,0.0,0.0,1.9,1926.0,102997.0,15,0.8743,0.0,0.0,0.0
r0174_c0064,40.7839429,-73.8479646,Residential,41,222.22,0.0,2.1,1937.0,135574.0,47,2.0626,0.0,0.0,0.0
r0174_c0065,40.7839429,-73.8461817,Commercial,45,488.89,0.3636,2.1,1939.0,178458.0,55,2.0218,0.0,266.67,0.0
r0174_c0066,40.7839429,-73.8443988,Residential,54,266.67,0.0,2.2,1929.0,125810.0,69,2.1822,0.0,44.44,0.0
r0174_c0067,40.7839429,-73.8426159,Residential,55,44.44,0.0,2.3,1939.0,215728.0,79,1.6794,0.0,0.0,0.0
r0174_c0068,40.7839429,-73.840833,Industrial,16,0.0,0.0,1.7,1942.0,188911.0,14,1.256,0.0,0.0,0.0
r0174_c0069,40.7839429,-73.8390501,Industrial,20,0.0,0.0,1.3,1944.0,141046.0,24,0.2696,0.0,0.0,0.0
r0174_c0070,40.7839429,-73.8372672,Industrial,8,0.0,0.0,1.1,1976.0,155343.0,5,1.2171,0.0,0.0,0.0
r0174_c0071,40.7839429,-73.8354842,Industrial,13,266.67,0.0,2.0,2000.0,79900.0,12,0.8203,0.0,133.33,1.0
r0174_c0072,40.7839429,-73.8337013,Commercial,4,488.89,0.0909,1.5,1999.0,146489.0,2,1.0242,0.0,44.44,1.0
r0174_c0073,40.7839429,-73.8319184,Commercial,4,266.67,0.0,1.0,1998.0,65758.0,2,0.8871,0.0,133.33,1.0
r0174_c0076,40.7839429,-73.8265697,Commercial,3,177.78,0.0,4.3,1996.0,255448.0,4,-0.0,0.0,0.0,0.0
r0174_c0078,40.7839429,-73.8230039,Residential,23,266.67,0.0,2.0,1961.0,31228.0,23,-0.0,0.0,0.0,0.0
r0174_c0079,40.7839429,-73.8212209,Residential,34,88.89,0.0,1.9,1960.0,67478.0,46,0.9346,0.0,0.0,0.0
r0174_c0080,40.7839429,-73.819438,Residential,39,133.33,0.0,2.0,1954.0,80474.0,53,0.4842,0.0,0.0,0.0
r0174_c0081,40.7839429,-73.8176551,Residential,48,177.78,0.0,2.2,1947.0,85388.0,81,-0.0,0.0,0.0,0.0
r0174_c0082,40.7839429,-73.8158722,Residential,45,355.56,0.0,2.0,1944.0,84512.0,77,-0.0,0.0,0.0,0.0
r0174_c0083,40.7839429,-73.8140893,Residential,45,133.33,0.3333,2.0,1959.0,87166.0,74,0.5947,0.0,0.0,0.0
r0174_c0084,40.7839429,-73.8123064,Residential,54,133.33,0.0,2.1,1947.0,94100.0,82,0.1827,0.0,0.0,0.0
r0174_c0085,40.7839429,-73.8105235,Residential,44,177.78,0.0,2.1,1967.0,125790.0,67,1.2454,0.0,0.0,0.0
r0174_c0086,40.7839429,-73.8087406,Residential,34,177.78,0.0,2.1,1955.0,78693.0,40,1.721,0.0,0.0,0.0
r0174_c0087,40.7839429,-73.8069576,Residential,40,177.78,0.0,2.0,1961.0,96346.0,41,0.1604,0.0,0.0,0.0
r0174_c0088,40.7839429,-73.8051747,Residential,30,44.44,0.0,1.9,1957.0,64518.0,42,0.2295,0.0,0.0,0.0
r0174_c0089,40.7839429,-73.8033918,Residential,9,44.44,0.0,1.3,1950.0,78368.0,55,0.7243,0.0,0.0,0.0
r0174_c0091,40.7839429,-73.799826,Residential,16,88.89,0.0,1.9,1956.0,52417.0,38,0.9993,0.0,0.0,0.0
r0174_c0092,40.7839429,-73.7980431,Residential,19,0.0,0.0,1.8,1955.0,102583.0,76,0.8979,0.0,0.0,0.0
r0174_c0093,40.7839429,-73.7962602,Institutional,15,444.44,0.0,1.7,1959.0,160799.0,18,1.0685,0.0,0.0,0.0
r0174_c0094,40.7839429,-73.7944773,Residential,12,44.44,0.0,1.6,1948.0,23140.0,15,-0.0,0.0,0.0,0.0
r0174_c0095,40.7839429,-73.7926944,Residential,43,133.33,0.0,2.0,1973.0,98294.0,53,0.4704,0.0,0.0,0.0
r0174_c0099,40.7839429,-73.7855627,Residential,26,222.22,0.0,2.0,1975.0,82966.0,26,-0.0,0.0,0.0,0.0
r0174_c0100,40.7839429,-73.7837798,Residential,53,222.22,0.0,2.0,1975.0,163354.0,53,-0.0,0.0,0.0,0.0
r0174_c0101,40.7839429,-73.7819969,Residential,15,44.44,0.0,2.0,1974.0,140412.0,67,0.6171,0.0,0.0,0.0
r0174_c0103,40.7839429,-73.7784311,Residential,26,88.89,0.0,2.2,1969.0,211506.0,27,1.8475,0.0,0.0,0.0
r0174_c0104,40.7839429,-73.7766481,Residential,31,44.44,0.0,2.4,1970.0,109615.0,31,1.3083,0.0,0.0,0.0
r0175_c0059,40.7852942,-73.8568792,Residential,19,177.78,0.0,2.1,1913.0,86213.0,23,1.1458,0.0,0.0,0.0
r0175_c0060,40.7852942,-73.8550963,Industrial,25,44.44,0.0,2.0,1925.0,196261.0,29,1.3302,0.0,0.0,0.0
r0175_c0061,40.7852942,-73.8533134,Residential,47,44.44,0.0,2.4,1946.0,119924.0,59,2.1528,0.0,0.0,0.0
r0175_c0062,40.7852942,-73.8515304,Residential,48,88.89,0.0,2.4,1946.0,120874.0,66,0.9129,0.0,0.0,0.0
r0175_c0063,40.7852942,-73.8497475,Residential,39,88.89,0.0,2.3,1968.0,108555.0,51,1.2846,0.0,0.0,0.0
r0175_c0064,40.7852942,-73.8479646,Residential,50,133.33,0.0,2.1,1952.0,120424.0,62,1.2091,0.0,0.0,0.0
r0175_c0065,40.7852942,-73.8461817,Mixed-Use,28,622.22,0.0714,2.1,1942.0,104099.0,36,2.2911,0.0,44.44,1.0
r0175_c0066,40.7852942,-73.8443988,Institutional,22,266.67,0.0,2.2,1937.0,225441.0,34,1.5945,0.0,44.44,0.0
r0175_c0067,40.7852942,-73.8426159,Residential,42,44.44,0.0,2.2,1934.0,112176.0,61,1.1209,0.0,0.0,0.0
r0175_c0068,40.7852942,-73.840833,Residential,41,177.78,0.0,1.9,1944.0,102298.0,48,2.5565,0.0,88.89,1.0
r0175_c0069,40.7852942,-73.8390501,Mixed-Use,30,0.0,0.0,1.8,1936.0,88935.0,40,2.2125,0.0,0.0,0.0
r0175_c0070,40.7852942,-73.8372672,Residential,61,266.67,0.0,2.0,1935.0,109098.0,78,1.241,0.0,0.0,0.0
r0175_c0071,40.7852942,-73.8354842,Open Space,14,133.33,0.0,1.6,1938.0,34997.0,17,1.4017,0.0,0.0,0.0
r0175_c0072,40.7852942,-73.8337013,Open Space,21,355.56,0.0,2.0,1958.0,44204.0,28,1.0819,0.0,0.0,0.0
r0175_c0073,40.7852942,-73.8319184,Residential,33,355.56,0.0,1.4,1955.0,43565.0,34,1.0148,0.0,0.0,0.0
r0175_c0074,40.7852942,-73.8301355,Residential,32,222.22,0.0,1.6,1958.0,54385.0,35,0.2833,0.0,0.0,0.0
r0175_c0075,40.7852942,-73.8283526,Residential,41,222.22,0.0,1.8,1953.0,56666.0,65,-0.0,0.0,0.0,0.0
r0175_c0076,40.7852942,-73.8265697,Residential,36,266.67,0.0,1.5,1949.0,55798.0,44,0.4779,0.0,0.0,0.0
r0175_c0078,40.7852942,-73.8230039,Residential,36,44.44,0.0,2.1,1953.0,59802.0,39,0.9926,0.0,0.0,0.0
r0175_c0079,40.7852942,-73.8212209,Residential,40,44.44,0.0,2.3,1945.0,76076.0,58,0.2317,0.0,0.0,0.0
r0175_c0080,40.7852942,-73.819438,Residential,51,88.89,0.0,2.3,1939.0,77301.0,91,0.1428,0.0,0.0,0.0
r0175_c0081,40.7852942,-73.8176551,Residential,57,355.56,0.0,2.5,1926.0,82281.0,97,-0.0,0.0,0.0,0.0
r0175_c0082,40.7852942,-73.8158722,Residential,49,177.78,0.0,2.2,1946.0,100441.0,74,0.8244,0.0,0.0,0.0
r0175_c0083,40.7852942,-73.8140893,Residential,46,177.78,0.0,2.0,1947.0,89661.0,74,0.6504,0.0,0.0,0.0
r0175_c0084,40.7852942,-73.8123064,Residential,35,355.56,0.0,2.1,1949.0,70817.0,45,0.218,0.0,0.0,0.0
r0175_c0085,40.7852942,-73.8105235,Residential,36,88.89,0.0,2.1,1960.0,58171.0,38,0.9749,0.0,0.0,0.0
r0175_c0086,40.7852942,-73.8087406,Commercial,19,0.0,0.0,2.0,1941.0,34163.0,23,1.8987,0.0,0.0,0.0
r0175_c0087,40.7852942,-73.8069576,Residential,34,133.33,0.0,2.0,1958.0,70859.0,41,0.8191,0.0,0.0,0.0
r0175_c0088,40.7852942,-73.8051747,Residential,28,44.44,0.0,1.7,1958.0,49985.0,38,0.3075,0.0,0.0,0.0
r0175_c0089,40.7852942,-73.8033918,Residential,13,88.89,0.0,1.6,1959.0,72192.0,48,0.9345,0.0,0.0,0.0
r0175_c0091,40.7852942,-73.799826,Residential,15,44.44,0.0,2.1,1951.0,27087.0,27,-0.0,0.0,0.0,0.0
r0175_c0092,40.7852942,-73.7980431,Residential,27,133.33,0.0,2.1,1945.0,40563.0,46,0.2028,0.0,0.0,0.0
r0175_c0093,40.7852942,-73.7962602,Residential,24,44.44,0.0,1.8,1956.0,46028.0,28,0.0793,0.0,0.0,0.0
r0175_c0094,40.7852942,-73.7944773,Residential,35,133.33,0.0,2.0,1962.0,76245.0,40,0.3938,0.0,0.0,0.0
r0175_c0095,40.7852942,-73.7926944,Residential,34,88.89,0.0,2.1,1962.0,154258.0,36,0.9468,0.0,0.0,0.0
r0175_c0099,40.7852942,-73.7855627,Residential,26,222.22,0.0,2.0,1975.0,81542.0,25,0.0033,0.0,0.0,0.0
r0175_c0100,40.7852942,-73.7837798,Residential,44,44.44,0.0,2.2,1968.0,129331.0,44,0.6819,0.0,0.0,0.0
r0175_c0103,40.7852942,-73.7784311,Residential,44,0.0,0.0,2.0,1972.0,131166.0,44,1.3213,0.0,0.0,0.0
r0175_c0104,40.7852942,-73.7766481,Residential,24,222.22,0.0,2.6,1973.0,402429.0,34,0.7769,0.0,0.0,0.0
r0176_c0060,40.7866456,-73.8550963,Industrial,6,44.44,0.0,1.5,1953.0,70374.0,6,0.9784,0.0,0.0,0.0
r0176_c0061,40.7866456,-73.8533134,Industrial,6,88.89,0.0,1.7,1959.0,103650.0,6,0.9847,0.0,0.0,0.0
r0176_c0062,40.7866456,-73.8515304,Residential,69,177.78,0.0,2.2,1941.0,153379.0,82,0.7849,0.0,0.0,0.0
r0176_c0063,40.7866456,-73.8497475,Residential,57,133.33,0.0,2.3,1959.0,135704.0,62,1.0254,0.0,0.0,0.0
r0176_c0064,40.7866456,-73.8479646,Residential,58,222.22,0.0,2.2,1940.0,118694.0,70,0.8242,0.0,0.0,0.0
r0176_c0065,40.7866456,-73.8461817,Residential,39,266.67,0.0,2.3,1942.0,96955.0,51,1.4312,0.0,0.0,0.0
r0176_c0066,40.7866456,-73.8443988,Residential,48,133.33,0.0,2.1,1926.0,93347.0,66,0.6954,0.0,0.0,0.0
r0176_c0067,40.7866456,-73.8426159,Residential,62,133.33,0.0,2.0,1944.0,100165.0,80,0.5718,0.0,0.0,0.0
r0176_c0068,40.7866456,-73.840833,Residential,54,44.44,0.0,2.1,1962.0,101371.0,63,0.517,0.0,0.0,0.0
r0176_c0069,40.7866456,-73.8390501,Residential,63,88.89,0.0,2.0,1958.0,147322.0,75,0.6132,0.0,0.0,0.0
r0176_c0070,40.7866456,-73.8372672,Industrial,27,177.78,0.0,1.8,1937.0,239121.0,42,1.5183,0.0,44.44,0.0
r0176_c0071,40.7866456,-73.8354842,Commercial,20,444.44,0.0,1.2,1954.0,186756.0,20,1.2215,0.0,44.44,0.0
r0176_c0072,40.7866456,-73.8337013,Residential,31,133.33,0.0,1.7,1960.0,47759.0,39,0.7609,0.0,0.0,0.0
r0176_c0073,40.7866456,-73.8319184,Residential,40,355.56,0.0,1.7,1953.0,73908.0,49,-0.0,0.0,0.0,0.0
r0176_c0074,40.7866456,-73.8301355,Residential,36,133.33,0.0,1.9,1941.0,60894.0,63,0.233,0.0,0.0,0.0
r0176_c0075,40.7866456,-73.8283526,Residential,39,133.33,0.0,1.7,1948.0,61983.0,53,0.1549,0.0,0.0,0.0
r0176_c0076,40.7866456,-73.8265697,Residential,34,266.67,0.0,1.6,1957.0,55028.0,38,0.0305,0.0,0.0,0.0
r0176_c0077,40.7866456,-73.8247868,Residential,13,88.89,0.0,1.4,1956.0,26512.0,12,0.2746,0.0,0.0,0.0
r0176_c0078,40.7866456,-73.8230039,Residential,28,44.44,0.0,2.1,1936.0,49412.0,39,0.2681,0.0,0.0,0.0
r0176_c0079,40.7866456,-73.8212209,Residential,41,355.56,0.125,1.8,1943.0,64723.0,61,0.6549,0.0,0.0,0.0
r0176_c0080,40.7866456,-73.819438,Residential,49,444.44,0.0,2.1,1933.0,75701.0,55,0.5234,0.0,0.0,0.0
r0176_c0081,40.7866456,-73.8176551,Institutional,22,444.44,0.0,2.0,1951.0,149374.0,29,1.2741,0.0,0.0,0.0
r0176_c0082,40.7866456,-73.8158722,Residential,38,311.11,0.1429,1.9,1943.0,66483.0,58,1.3672,0.0,0.0,0.0
r0176_c0083,40.7866456,-73.8140893,Residential,33,0.0,0.0,2.0,1948.0,85453.0,46,1.4676,0.0,0.0,0.0
r0176_c0084,40.7866456,-73.8123064,Residential,28,44.44,0.0,2.2,1959.0,51262.0,42,0.4012,0.0,0.0,0.0
r0176_c0085,40.7866456,-73.8105235,Residential,17,0.0,0.0,2.4,1959.0,37925.0,20,0.7918,0.0,0.0,0.0
r0176_c0086,40.7866456,-73.8087406,Residential,5,0.0,0.0,1.9,1949.0,8961.0,7,0.9015,0.0,0.0,0.0
r0176_c0087,40.7866456,-73.8069576,Residential,14,44.44,1.0,1.6,1944.0,25828.0,18,1.3301,0.0,0.0,0.0
r0176_c0088,40.7866456,-73.8051747,Residential,20,133.33,0.0,2.0,1951.0,38574.0,27,0.2891,0.0,0.0,0.0
r0176_c0089,40.7866456,-73.8033918,Residential,24,88.89,0.0,1.8,1958.0,57012.0,32,0.1839,0.0,0.0,0.0
r0176_c0090,40.7866456,-73.8016089,Residential,18,177.78,0.0,1.6,1953.0,35639.0,25,-0.0,0.0,0.0,0.0
r0176_c0091,40.7866456,-73.799826,Residential,21,222.22,0.0,1.9,1955.0,47574.0,30,-0.0,0.0,0.0,0.0
r0176_c0092,40.7866456,-73.7980431,Residential,21,133.33,0.0,1.6,1946.0,44909.0,30,0.132,0.0,0.0,0.0
r0176_c0093,40.7866456,-73.7962602,Residential,26,88.89,0.0,1.8,1954.0,45861.0,32,0.1353,0.0,0.0,0.0
r0176_c0094,40.7866456,-73.7944773,Residential,5,44.44,0.0,1.5,1961.0,12414.0,5,-0.0,0.0,0.0,0.0
r0176_c0095,40.7866456,-73.7926944,Open Space,3,488.89,0.0909,2.3,1955.0,15127.0,3,0.3362,0.0,0.0,0.0
r0176_c0100,40.7866456,-73.7837798,Residential,30,133.33,0.0,1.8,1956.0,57214.0,31,-0.0,0.0,0.0,0.0
r0176_c0102,40.7866456,-73.780214,Mixed-Use,6,0.0,0.0,2.3,1986.0,33633.0,6,0.9991,0.0,0.0,0.0
r0176_c0103,40.7866456,-73.7784311,Residential,52,44.44,0.0,2.0,1978.0,161521.0,52,-0.0,0.0,0.0,0.0
r0176_c0104,40.7866456,-73.7766481,Residential,35,222.22,0.0,2.0,1976.0,116142.0,35,-0.0,0.0,0.0,0.0
r0177_c0060,40.7879969,-73.8550963,Mixed-Use,7,44.44,0.0,3.0,2017.0,9600.0,4,0.4113,0.0,0.0,0.0
r0177_c0061,40.7879969,-73.8533134,Mixed-Use,26,44.44,0.0,3.0,2009.0,55200.0,23,1.445,0.0,0.0,0.0
r0177_c0062,40.7879969,-73.8515304,Residential,92,44.44,0.0,2.1,1945.0,137624.0,104,0.6667,0.0,0.0,0.0
r0177_c0063,40.7879969,-73.8497475,Residential,50,400.0,0.0,2.3,1931.0,92005.0,78,0.2859,0.0,0.0,0.0
r0177_c0064,40.7879969,-73.8479646,Residential,53,177.78,0.0,2.0,1937.0,84459.0,68,0.1095,0.0,0.0,0.0
r0177_c0065,40.7879969,-73.8461817,Residential,51,133.33,0.0,2.2,1932.0,90452.0,67,0.7979,44.44,0.0,0.0
r0177_c0066,40.7879969,-73.8443988,Residential,53,88.89,0.0,2.1,1938.0,95184.0,68,0.5902,0.0,0.0,0.0
r0177_c0067,40.7879969,-73.8426159,Residential,54,88.89,0.0,2.0,1955.0,96177.0,61,0.4978,0.0,0.0,0.0
r0177_c0068,40.7879969,-73.840833,Residential,54,133.33,0.0,2.0,1962.0,102175.0,63,0.5185,0.0,0.0,0.0
r0177_c0069,40.7879969,-73.8390501,Residential,64,177.78,0.0,1.9,1961.0,117612.0,73,0.567,0.0,0.0,0.0
r0177_c0070,40.7879969,-73.8372672,Open Space,23,44.44,0.0,2.8,1988.0,151791.0,23,1.5452,0.0,0.0,0.0
r0177_c0071,40.7879969,-73.8354842,Open Space,19,177.78,0.0,3.0,1999.0,33600.0,14,1.2652,0.0,0.0,0.0
r0177_c0072,40.7879969,-73.8337013,Mixed-Use,15,133.33,0.0,1.9,1979.0,21136.0,10,1.5186,0.0,0.0,0.0
r0177_c0073,40.7879969,-73.8319184,Residential,24,177.78,0.0,1.2,1970.0,43531.0,22,0.8646,0.0,0.0,0.0
r0177_c0074,40.7879969,-73.8301355,Residential,30,266.67,0.0,1.4,1961.0,62308.0,33,0.178,0.0,0.0,0.0
r0177_c0075,40.7879969,-73.8283526,Residential,35,311.11,0.0,1.6,1946.0,59373.0,42,0.1077,0.0,0.0,0.0
r0177_c0076,40.7879969,-73.8265697,Residential,32,311.11,0.0,1.6,1959.0,65947.0,32,0.0829,0.0,0.0,0.0
r0177_c0077,40.7879969,-73.8247868,Residential,27,222.22,0.0,1.6,1956.0,65997.0,29,0.1886,0.0,0.0,0.0
r0177_c0078,40.7879969,-73.8230039,Residential,16,44.44,0.0,1.9,1941.0,26352.0,20,-0.0,0.0,0.0,0.0
r0177_c0079,40.7879969,-73.8212209,Residential,41,311.11,0.0,1.9,1950.0,77587.0,56,-0.0,0.0,0.0,0.0
r0177_c0080,40.7879969,-73.819438,Residential,36,44.44,0.0,2.1,1937.0,76716.0,50,0.7339,0.0,0.0,0.0
r0177_c0081,40.7879969,-73.8176551,Residential,18,88.89,0.0,2.0,1938.0,28236.0,25,1.2959,0.0,0.0,0.0
r0177_c0082,40.7879969,-73.8158722,Commercial,11,88.89,0.0,1.7,1961.0,23238.0,9,2.4139,0.0,0.0,0.0
r0177_c0083,40.7879969,-73.8140893,Commercial,28,266.67,0.1667,1.9,1936.0,103176.0,28,1.1732,0.0,44.44,1.0
r0177_c0084,40.7879969,-73.8123064,Mixed-Use,26,0.0,0.0,1.7,1946.0,81334.0,26,2.9001,0.0,0.0,0.0
r0177_c0085,40.7879969,-73.8105235,Residential,8,177.78,0.0,2.5,1971.0,106445.0,10,2.0085,0.0,0.0,0.0
r0177_c0086,40.7879969,-73.8087406,Commercial,11,0.0,0.0,2.1,1936.0,170299.0,26,0.5713,0.0,0.0,0.0
r0177_c0087,40.7879969,-73.8069576,Residential,44,222.22,0.0,2.0,1942.0,86791.0,71,0.2899,0.0,0.0,0.0
r0177_c0088,40.7879969,-73.8051747,Residential,39,177.78,0.0,1.9,1956.0,85823.0,57,-0.0,0.0,0.0,0.0
r0177_c0089,40.7879969,-73.8033918,Residential,30,222.22,0.0,1.9,1956.0,73383.0,38,0.1745,0.0,0.0,0.0
r0177_c0090,40.7879969,-73.8016089,Residential,28,355.56,0.0,2.0,1976.0,77510.0,36,0.1149,0.0,0.0,0.0
r0177_c0091,40.7879969,-73.799826,Residential,26,222.22,0.0,1.9,1961.0,65085.0,36,0.074,0.0,0.0,0.0
r0177_c0092,40.7879969,-73.7980431,Residential,26,133.33,0.0,1.9,1954.0,63624.0,38,-0.0,0.0,0.0,0.0
r0177_c0093,40.7879969,-73.7962602,Residential,35,133.33,0.0,1.7,1954.0,71943.0,52,-0.0,0.0,0.0,0.0
r0177_c0094,40.7879969,-73.7944773,Residential,5,133.33,0.0,1.8,1967.0,10489.0,8,-0.0,0.0,0.0,0.0
r0177_c0100,40.7879969,-73.7837798,Residential,16,888.89,0.05,1.9,1957.0,47382.0,16,0.9525,0.0,88.89,0.5
r0177_c0101,40.7879969,-73.7819969,Residential,7,44.44,0.0,2.7,1965.0,218065.0,112,-0.0,0.0,0.0,0.0
r0177_c0102,40.7879969,-73.780214,Residential,28,44.44,0.0,2.9,1975.0,417573.0,40,1.1107,0.0,0.0,0.0
r0177_c0103,40.7879969,-73.7784311,Residential,22,177.78,0.0,2.0,1980.0,70767.0,22,-0.0,0.0,0.0,0.0
r0178_c0060,40.7893483,-73.8550963,Residential,15,0.0,0.0,3.0,2006.0,44000.0,15,-0.0,0.0,0.0,0.0
r0178_c0061,40.7893483,-73.8533134,Mixed-Use,62,0.0,0.0,3.0,2004.0,174400.0,61,0.8503,0.0,0.0,0.0
r0178_c0062,40.7893483,-73.8515304,Residential,45,0.0,0.0,2.6,1961.0,108256.0,54,0.4507,0.0,0.0,0.0
r0178_c0063,40.7893483,-73.8497475,Residential,43,133.33,0.0,2.2,1941.0,85466.0,63,0.705,0.0,0.0,0.0
r0178_c0064,40.7893483,-73.8479646,Residential,50,177.78,0.0,2.1,1943.0,83208.0,76,0.007,0.0,0.0,0.0
r0178_c0065,40.7893483,-73.8461817,Residential,54,133.33,0.0,2.1,1939.0,101538.0,75,0.7742,0.0,0.0,0.0
r0178_c0066,40.7893483,-73.8443988,Residential,52,133.33,0.0,2.0,1956.0,106801.0,70,0.486,0.0,0.0,0.0
r0178_c0067,40.7893483,-73.8426159,Residential,58,88.89,0.0,2.1,1948.0,93784.0,66,0.7783,0.0,0.0,0.0
r0178_c0068,40.7893483,-73.840833,Residential,55,88.89,0.0,1.8,1953.0,92854.0,71,0.4144,0.0,0.0,0.0
r0178_c0069,40.7893483,-73.8390501,Residential,36,222.22,0.0,1.8,1950.0,240581.0,43,1.2026,0.0,0.0,0.0
r0178_c0070,40.7893483,-73.8372672,Open Space,13,133.33,0.0,2.1,1966.0,19431.0,10,0.7843,0.0,0.0,0.0
r0178_c0071,40.7893483,-73.8354842,Open Space,4,0.0,0.0,,,0.0,0,0.9744,0.0,0.0,0.0
r0178_c0072,40.7893483,-73.8337013,Mixed-Use,8,0.0,0.0,,,0.0,0,-0.0,0.0,0.0,0.0
r0178_c0073,40.7893483,-73.8319184,Mixed-Use,13,88.89,0.0,1.5,1986.0,11157.0,5,0.5118,0.0,0.0,0.0
r0178_c0074,40.7893483,-73.8301355,Residential,29,311.11,0.0,1.4,1958.0,67600.0,33,-0.0,0.0,0.0,0.0
r0178_c0075,40.7893483,-73.8283526,Residential,29,266.67,0.0,1.4,1959.0,70136.0,29,-0.0,0.0,0.0,0.0
r0178_c0076,40.7893483,-73.8265697,Residential,30,311.11,0.0,1.5,1963.0,73983.0,29,0.2713,0.0,0.0,0.0
r0178_c0077,40.7893483,-73.8247868,Residential,20,0.0,0.0,1.3,1959.0,45677.0,17,0.1133,0.0,0.0,0.0
r0178_c0079,40.7893483,-73.8212209,Residential,14,88.89,0.0,2.2,1933.0,21795.0,21,-0.0,0.0,0.0,0.0
r0178_c0080,40.7893483,-73.819438,Residential,21,222.22,0.0,2.1,1938.0,31323.0,30,0.3397,0.0,0.0,0.0
r0178_c0081,40.7893483,-73.8176551,Residential,31,133.33,0.0,2.1,1932.0,70330.0,45,0.9617,0.0,0.0,0.0
r0178_c0082,40.7893483,-73.8158722,Residential,39,355.56,0.0,2.1,1936.0,87900.0,54,1.3323,0.0,0.0,0.0
r0178_c0083,40.7893483,-73.8140893,Mixed-Use,39,266.67,0.1667,2.0,1950.0,135500.0,45,1.6157,0.0,44.44,0.0
r0178_c0084,40.7893483,-73.8123064,Commercial,39,444.44,0.2,2.5,1982.0,186876.0,40,2.1415,0.0,88.89,0.0
r0178_c0085,40.7893483,-73.8105235,Residential,24,133.33,0.0,2.0,1930.0,52867.0,33,1.1261,0.0,0.0,0.0
r0178_c0086,40.7893483,-73.8087406,Residential,22,44.44,0.0,1.7,1961.0,43047.0,23,0.5383,0.0,0.0,0.0
r0178_c0087,40.7893483,-73.8069576,Residential,35,177.78,0.0,2.1,1937.0,67210.0,56,0.3254,0.0,0.0,0.0
r0178_c0088,40.7893483,-73.8051747,Residential,32,266.67,0.0,1.8,1950.0,66109.0,40,-0.0,0.0,0.0,0.0
r0178_c0089,40.7893483,-73.8033918,Residential,36,133.33,0.0,1.8,1952.0,76283.0,46,0.0436,0.0,0.0,0.0
r0178_c0090,40.7893483,-73.8016089,Residential,28,177.78,0.0,1.9,1963.0,72429.0,35,0.1659,0.0,0.0,0.0
r0178_c0091,40.7893483,-73.799826,Residential,29,355.56,0.0,2.0,1958.0,77314.0,34,-0.0,0.0,0.0,0.0
r0178_c0092,40.7893483,-73.7980431,Residential,32,311.11,0.0,2.0,1946.0,65262.0,44,-0.0,0.0,0.0,0.0
r0178_c0093,40.7893483,-73.7962602,Residential,29,533.33,0.0,1.8,1959.0,67264.0,37,0.0926,0.0,0.0,0.0
r0178_c0094,40.7893483,-73.7944773,Residential,17,755.56,0.0,1.7,1948.0,32696.0,21,0.9878,0.0,0.0,0.0
r0178_c0101,40.7893483,-73.7819969,Residential,7,488.89,0.0,5.2,1970.0,341611.0,15,0.3669,0.0,0.0,0.0
r0179_c0062,40.7906996,-73.8515304,Residential,52,44.44,0.0,1.7,1952.0,91439.0,56,0.5708,0.0,0.0,0.0
r0179_c0063,40.7906996,-73.8497475,Residential,67,44.44,0.0,1.9,1947.0,114857.0,86,0.3413,0.0,0.0,0.0
r0179_c0064,40.7906996,-73.8479646,Residential,47,133.33,0.0,2.2,1933.0,85424.0,76,0.22,0.0,0.0,0.0
r0179_c0065,40.7906996,-73.8461817,Residential,44,311.11,0.0,2.1,1938.0,80937.0,60,0.2781,0.0,0.0,0.0
r0179_c0066,40.7906996,-73.8443988,Residential,49,133.33,0.0,1.8,1945.0,77896.0,64,0.5628,0.0,0.0,0.0
r0179_c0067,40.7906996,-73.8426159,Residential,57,311.11,0.0,1.8,1950.0,88549.0,75,0.5589,0.0,0.0,0.0
r0179_c0068,40.7906996,-73.840833,Residential,47,44.44,0.0,1.7,1955.0,79610.0,71,0.1433,0.0,0.0,0.0
r0179_c0069,40.7906996,-73.8390501,Residential,29,133.33,0.0,2.1,1957.0,55720.0,42,0.6934,0.0,0.0,0.0
r0179_c0070,40.7906996,-73.8372672,Open Space,12,0.0,0.0,1.9,1986.0,34762.0,7,1.2275,0.0,0.0,0.0
r0179_c0071,40.7906996,-73.8354842,Open Space,4,44.44,0.0,,,0.0,0,0.9817,0.0,0.0,0.0
r0179_c0073,40.7906996,-73.8319184,Residential,6,44.44,0.0,2.0,1963.0,24358.0,4,1.1411,0.0,0.0,0.0
r0179_c0074,40.7906996,-73.8301355,Residential,17,266.67,0.0,2.1,1946.0,51818.0,24,0.583,0.0,0.0,0.0
r0179_c0075,40.7906996,-73.8283526,Residential,24,222.22,0.0,2.2,1944.0,84181.0,37,-0.0,0.0,0.0,0.0
r0179_c0076,40.7906996,-73.8265697,Residential,19,222.22,0.0,1.9,1960.0,66651.0,21,0.0176,0.0,0.0,0.0
r0179_c0077,40.7906996,-73.8247868,Residential,28,311.11,0.0,1.9,1950.0,79456.0,37,0.3793,0.0,0.0,0.0
r0179_c0079,40.7906996,-73.8212209,Residential,26,222.22,0.0,1.6,1953.0,57180.0,49,0.9249,0.0,0.0,0.0
r0179_c0080,40.7906996,-73.819438,Residential,41,222.22,0.0,2.1,1944.0,79108.0,60,-0.0,0.0,0.0,0.0
r0179_c0081,40.7906996,-73.8176551,Residential,36,177.78,0.0,2.0,1937.0,62744.0,45,0.56,0.0,0.0,0.0
r0179_c0082,40.7906996,-73.8158722,Residential,38,222.22,0.0,2.2,1926.0,73975.0,51,0.3732,0.0,0.0,0.0
r0179_c0083,40.7906996,-73.8140893,Institutional,20,88.89,0.0,2.1,1946.0,159619.0,24,2.393,0.0,0.0,0.0
r0179_c0084,40.7906996,-73.8123064,Mixed-Use,33,177.78,0.0,1.8,1944.0,104209.0,37,2.3858,0.0,88.89,0.0
r0179_c0085,40.7906996,-73.8105235,Residential,51,133.33,0.0,2.1,1940.0,86111.0,58,0.7997,0.0,0.0,0.0
r0179_c0086,40.7906996,-73.8087406,Residential,38,222.22,0.0,1.7,1944.0,70417.0,47,0.0686,0.0,0.0,0.0
r0179_c0087,40.7906996,-73.8069576,Residential,39,133.33,0.0,1.9,1932.0,66970.0,64,0.3859,0.0,0.0,0.0
r0179_c0088,40.7906996,-73.8051747,Residential,49,88.89,0.0,1.9,1943.0,87859.0,65,0.1818,0.0,0.0,0.0
r0179_c0089,40.7906996,-73.8033918,Residential,42,222.22,0.0,2.1,1949.0,86664.0,63,0.0905,0.0,0.0,0.0
r0179_c0090,40.7906996,-73.8016089,Residential,24,400.0,0.0,2.0,1959.0,67166.0,35,-0.0,0.0,0.0,0.0
r0179_c0091,40.7906996,-73.799826,Residential,33,400.0,0.0,1.7,1958.0,62971.0,56,-0.0,0.0,0.0,0.0
r0179_c0092,40.7906996,-73.7980431,Residential,28,222.22,0.0,1.6,1950.0,48181.0,36,0.4176,0.0,0.0,0.0
r0179_c0093,40.7906996,-73.7962602,Residential,29,133.33,0.0,1.9,1946.0,69877.0,41,-0.0,0.0,0.0,0.0
r0179_c0094,40.7906996,-73.7944773,Mixed-Use,15,400.0,0.0,1.8,1980.0,32766.0,15,0.9677,0.0,0.0,0.0
r0180_c0062,40.792051,-73.8515304,Residential,7,2266.67,0.0,2.0,1960.0,19228.0,7,0.8367,0.0,0.0,0.0
r0180_c0063,40.792051,-73.8497475,Residential,27,711.11,0.0,2.0,1935.0,40549.0,43,-0.0,0.0,0.0,0.0
r0180_c0064,40.792051,-73.8479646,Residential,52,44.44,0.0,2.2,1955.0,112582.0,66,0.7704,0.0,0.0,0.0
r0180_c0065,40.792051,-73.8461817,Residential,53,44.44,0.0,2.0,1940.0,100686.0,66,0.6692,0.0,0.0,0.0
r0180_c0066,40.792051,-73.8443988,Residential,53,133.33,0.0,1.9,1946.0,88254.0,71,0.2896,0.0,0.0,0.0
r0180_c0067,40.792051,-73.8426159,Residential,41,177.78,0.0,1.7,1933.0,57727.0,54,0.4901,0.0,0.0,0.0
r0180_c0068,40.792051,-73.840833,Residential,36,133.33,0.0,1.8,1961.0,58056.0,40,0.163,0.0,0.0,0.0
r0180_c0069,40.792051,-73.8390501,Residential,13,88.89,0.0,2.5,1978.0,151307.0,43,0.4601,0.0,0.0,0.0
r0180_c0070,40.792051,-73.8372672,Mixed-Use,5,0.0,0.0,,,0.0,0,0.2132,0.0,0.0,0.0
r0180_c0075,40.792051,-73.8283526,Residential,10,88.89,0.0,2.1,1959.0,42025.0,12,-0.0,0.0,0.0,0.0
r0180_c0076,40.792051,-73.8265697,Residential,15,222.22,0.0,2.0,1963.0,64208.0,19,0.2449,0.0,0.0,0.0
r0180_c0077,40.792051,-73.8247868,Residential,16,88.89,0.0,2.2,1943.0,48355.0,25,-0.0,0.0,0.0,0.0
r0180_c0078,40.792051,-73.8230039,Residential,16,177.78,0.0,1.9,1944.0,28854.0,23,-0.0,0.0,0.0,0.0
r0180_c0079,40.792051,-73.8212209,Residential,42,266.67,0.0,1.9,1949.0,69590.0,69,-0.0,0.0,0.0,0.0
r0180_c0080,40.792051,-73.819438,Residential,37,222.22,0.0,1.9,1943.0,59383.0,52,0.1307,0.0,0.0,0.0
r0180_c0081,40.792051,-73.8176551,Residential,33,266.67,0.0,2.3,1930.0,58590.0,58,0.6481,0.0,0.0,0.0
r0180_c0082,40.792051,-73.8158722,Residential,40,622.22,0.0,2.2,1937.0,78326.0,56,0.5111,0.0,0.0,0.0
r0180_c0083,40.792051,-73.8140893,Residential,23,133.33,0.0,2.0,1952.0,51916.0,35,1.1804,0.0,44.44,0.0
r0180_c0084,40.792051,-73.8123064,Residential,43,222.22,0.2,1.9,1948.0,127907.0,51,1.7435,0.0,44.44,0.0
r0180_c0085,40.792051,-73.8105235,Residential,55,88.89,0.0,1.9,1946.0,67118.0,61,-0.0,0.0,0.0,0.0
r0180_c0086,40.792051,-73.8087406,Institutional,22,133.33,0.0,1.7,1950.0,86247.0,23,1.0206,0.0,0.0,0.0
r0180_c0087,40.792051,-73.8069576,Residential,39,177.78,0.5,2.1,1936.0,124616.0,54,2.0409,0.0,0.0,0.0
r0180_c0088,40.792051,-73.8051747,Residential,40,311.11,0.0,2.1,1938.0,77671.0,56,-0.0,0.0,0.0,0.0
r0180_c0089,40.792051,-73.8033918,Residential,46,444.44,0.0,1.8,1946.0,85150.0,64,0.3089,0.0,0.0,0.0
r0180_c0090,40.792051,-73.8016089,Residential,27,266.67,0.0,2.0,1936.0,62468.0,40,0.4412,0.0,0.0,0.0
r0180_c0091,40.792051,-73.799826,Residential,18,0.0,0.0,3.3,1964.0,206100.0,19,1.4063,0.0,0.0,0.0
r0180_c0092,40.792051,-73.7980431,Residential,21,0.0,0.0,4.9,1975.0,374778.0,21,0.6325,0.0,0.0,0.0
r0180_c0093,40.792051,-73.7962602,Residential,7,222.22,0.2,7.0,1961.0,222209.0,9,0.8822,0.0,0.0,0.0
r0181_c0064,40.7934023,-73.8479646,Residential,49,622.22,0.0,2.0,2008.0,150421.0,49,-0.0,0.0,0.0,0.0
r0181_c0065,40.7934023,-73.8461817,Residential,7,0.0,0.0,2.2,1999.0,206715.0,92,0.6156,0.0,0.0,0.0
r0181_c0066,40.7934023,-73.8443988,Residential,11,0.0,0.0,2.0,1950.0,163063.0,54,0.6027,0.0,0.0,0.0
r0181_c0067,40.7934023,-73.8426159,Residential,53,177.78,0.0,1.9,1980.0,87033.0,67,0.552,0.0,0.0,0.0
r0181_c0068,40.7934023,-73.840833,Residential,25,133.33,0.0,1.9,1968.0,78646.0,44,0.9956,0.0,0.0,0.0
r0181_c0076,40.7934023,-73.8265697,Residential,20,222.22,0.0,2.1,1951.0,89886.0,28,0.2027,0.0,0.0,0.0
r0181_c0077,40.7934023,-73.8247868,Residential,14,88.89,0.0,2.2,1969.0,41815.0,23,-0.0,0.0,0.0,0.0
r0181_c0078,40.7934023,-73.8230039,Residential,30,400.0,0.0,1.9,1951.0,53976.0,48,-0.0,0.0,0.0,0.0
r0181_c0079,40.7934023,-73.8212209,Residential,36,133.33,0.0,1.6,1951.0,57073.0,63,-0.0,0.0,0.0,0.0
r0181_c0080,40.7934023,-73.819438,Residential,37,444.44,0.0,1.6,1955.0,59556.0,64,0.1014,0.0,0.0,0.0
r0181_c0081,40.7934023,-73.8176551,Residential,30,444.44,0.0,2.3,1940.0,73675.0,53,0.7096,0.0,0.0,0.0
r0181_c0082,40.7934023,-73.8158722,Residential,33,133.33,0.0,2.1,1945.0,66301.0,46,0.1456,0.0,0.0,0.0
r0181_c0083,40.7934023,-73.8140893,Residential,38,177.78,0.0,1.9,1949.0,76453.0,49,0.4183,0.0,0.0,0.0
r0181_c0084,40.7934023,-73.8123064,Residential,35,311.11,0.1429,1.8,1954.0,62871.0,45,0.4529,0.0,0.0,0.0
r0181_c0085,40.7934023,-73.8105235,Residential,43,400.0,0.0,2.0,1947.0,56350.0,61,-0.0,0.0,0.0,0.0
r0181_c0086,40.7934023,-73.8087406,Residential,27,711.11,0.0,2.0,1950.0,32060.0,27,-0.0,0.0,0.0,0.0
r0181_c0087,40.7934023,-73.8069576,Residential,25,222.22,0.0,1.9,1948.0,55596.0,31,1.185,0.0,0.0,0.0
r0181_c0088,40.7934023,-73.8051747,Residential,37,266.67,0.0,2.0,1946.0,67262.0,51,-0.0,0.0,0.0,0.0
r0181_c0089,40.7934023,-73.8033918,Residential,36,355.56,0.0,2.0,1940.0,74075.0,52,0.2982,0.0,0.0,0.0
r0181_c0090,40.7934023,-73.8016089,Residential,56,222.22,0.0,2.0,1944.0,104353.0,71,0.2733,0.0,0.0,0.0
r0181_c0091,40.7934023,-73.799826,Residential,23,133.33,0.0,2.8,1963.0,198305.0,30,1.0,0.0,0.0,0.0
r0181_c0092,40.7934023,-73.7980431,Residential,6,44.44,0.0,8.0,1958.0,244152.0,6,-0.0,0.0,0.0,0.0
r0181_c0093,40.7934023,-73.7962602,Residential,4,88.89,0.0,8.0,1958.0,162768.0,4,-0.0,0.0,0.0,0.0
r0182_c0064,40.7947537,-73.8479646,Residential,38,311.11,0.0,2.0,2009.0,195184.0,61,1.3977,0.0,0.0,0.0
r0182_c0065,40.7947537,-73.8461817,Residential,3,311.11,0.0,2.5,1998.0,146984.0,60,0.0849,0.0,0.0,0.0
r0182_c0075,40.7947537,-73.8283526,Residential,3,133.33,0.0,2.4,1927.0,10997.0,6,-0.0,0.0,0.0,0.0
r0182_c0076,40.7947537,-73.8265697,Residential,18,177.78,0.0,2.1,1986.0,70427.0,21,0.2819,0.0,0.0,0.0
r0182_c0077,40.7947537,-73.8247868,Residential,20,355.56,0.0,1.9,1950.0,38096.0,35,-0.0,0.0,0.0,0.0
r0182_c0078,40.7947537,-73.8230039,Residential,41,400.0,0.0,1.9,1952.0,78555.0,65,-0.0,0.0,0.0,0.0
r0182_c0079,40.7947537,-73.8212209,Residential,39,222.22,0.0,1.3,1947.0,61549.0,60,-0.0,0.0,0.0,0.0
r0182_c0080,40.7947537,-73.819438,Residential,47,177.78,0.0,1.1,1949.0,57502.0,76,-0.0,0.0,0.0,0.0
r0182_c0081,40.7947537,-73.8176551,Residential,33,400.0,0.0,1.8,1954.0,53229.0,45,-0.0,0.0,0.0,0.0
r0182_c0082,40.7947537,-73.8158722,Residential,28,355.56,0.0,2.1,1939.0,63804.0,45,0.3618,0.0,0.0,0.0
r0182_c0083,40.7947537,-73.8140893,Residential,31,88.89,0.0,2.0,1943.0,64078.0,46,0.1311,0.0,0.0,0.0
r0182_c0084,40.7947537,-73.8123064,Residential,39,177.78,0.0,1.8,1953.0,57274.0,58,0.3603,0.0,0.0,0.0
r0182_c0085,40.7947537,-73.8105235,Residential,25,400.0,0.0,1.8,1959.0,90237.0,36,1.0634,0.0,0.0,0.0
r0182_c0087,40.7947537,-73.8069576,Commercial,11,133.33,0.0,2.1,1939.0,91806.0,15,0.991,0.0,44.44,1.0
r0182_c0088,40.7947537,-73.8051747,Residential,31,266.67,0.0,2.1,1956.0,86870.0,41,-0.0,0.0,0.0,0.0
r0182_c0089,40.7947537,-73.8033918,Residential,34,266.67,0.0,1.9,1955.0,81652.0,40,0.2218,0.0,0.0,0.0
r0182_c0090,40.7947537,-73.8016089,Residential,53,44.44,0.0,2.0,1944.0,141436.0,75,0.7908,0.0,0.0,0.0
r0182_c0091,40.7947537,-73.799826,Residential,15,0.0,0.0,2.4,1936.0,189849.0,24,0.951,0.0,0.0,0.0
r0183_c0075,40.796105,-73.8283526,Residential,5,88.89,0.0,2.2,1991.0,30447.0,5,-0.0,0.0,0.0,0.0
r0183_c0076,40.796105,-73.8265697,Residential,10,222.22,0.0,2.0,1939.0,30330.0,13,0.1813,0.0,0.0,0.0
r0183_c0077,40.796105,-73.8247868,Open Space,8,622.22,0.0,1.9,1964.0,17094.0,10,0.4254,44.44,0.0,0.0
r0183_c0078,40.796105,-73.8230039,Residential,25,88.89,0.0,1.7,1962.0,53543.0,35,-0.0,0.0,0.0,0.0
r0183_c0079,40.796105,-73.8212209,Residential,33,177.78,0.0,1.4,1956.0,60216.0,48,0.0483,0.0,0.0,0.0
r0183_c0080,40.796105,-73.819438,Residential,41,222.22,0.0,1.7,1950.0,75740.0,64,-0.0,0.0,0.0,0.0
r0183_c0081,40.796105,-73.8176551,Residential,37,400.0,0.0,1.8,1969.0,82162.0,49,0.3304,0.0,0.0,0.0
r0183_c0082,40.796105,-73.8158722,Residential,34,177.78,0.0,1.9,1987.0,79973.0,40,0.2014,0.0,0.0,0.0
r0183_c0083,40.796105,-73.8140893,Residential,31,177.78,0.0,1.4,1960.0,83452.0,37,0.6333,0.0,0.0,0.0
r0183_c0084,40.796105,-73.8123064,Mixed-Use,20,44.44,0.0,1.8,1955.0,45076.0,22,1.9313,0.0,0.0,0.0
r0183_c0088,40.796105,-73.8051747,Residential,12,88.89,0.0,2.3,1983.0,79276.0,34,1.4036,0.0,0.0,0.0
r0183_c0089,40.796105,-73.8033918,Residential,14,311.11,0.0,2.2,1982.0,50530.0,15,0.6107,0.0,0.0,0.0
r0183_c0090,40.796105,-73.8016089,Residential,8,133.33,0.0,1.9,1956.0,28154.0,9,-0.0,0.0,0.0,0.0
r0183_c0091,40.796105,-73.799826,Residential,6,88.89,0.0,2.1,1959.0,21570.0,8,0.4878,0.0,0.0,0.0
r0184_c0078,40.7974564,-73.8230039,Residential,20,177.78,0.0,1.8,1960.0,53769.0,25,-0.0,0.0,0.0,0.0
r0184_c0079,40.7974564,-73.8212209,Residential,33,311.11,0.0,1.8,1958.0,74761.0,42,0.1669,0.0,0.0,0.0
r0184_c0080,40.7974564,-73.819438,Residential,33,444.44,0.0,1.8,1957.0,73936.0,40,0.2384,0.0,0.0,0.0
r0184_c0081,40.7974564,-73.8176551,Residential,30,355.56,0.0,2.1,1980.0,80377.0,35,0.4993,0.0,0.0,0.0
r0184_c0082,40.7974564,-73.8158722,Residential,33,0.0,0.0,2.0,2010.0,92531.0,32,0.0435,0.0,0.0,0.0
r0184_c0083,40.7974564,-73.8140893,Residential,14,0.0,0.0,1.9,2003.0,30068.0,13,1.0795,0.0,0.0,0.0
r0184_c0084,40.7974564,-73.8123064,Open Space,6,0.0,0.0,1.0,1965.0,2020.0,2,1.6992,0.0,0.0,0.0
r0185_c0078,40.7988077,-73.8230039,Residential,3,88.89,0.0,2.0,1977.0,19337.0,4,-0.0,0.0,0.0,0.0
r0185_c0079,40.7988077,-73.8212209,Residential,24,266.67,0.0,1.9,1985.0,77742.0,24,0.4817,0.0,0.0,0.0
r0185_c0080,40.7988077,-73.819438,Residential,35,444.44,0.0,1.7,1982.0,79606.0,32,0.6996,0.0,0.0,0.0
r0185_c0081,40.7988077,-73.8176551,Residential,27,222.22,0.0,2.1,2003.0,76312.0,25,0.9921,0.0,0.0,0.0
r0185_c0082,40.7988077,-73.8158722,Mixed-Use,13,44.44,0.0,2.0,2004.0,24841.0,11,0.9639,0.0,0.0,0.0
r0185_c0083,40.7988077,-73.8140893,Mixed-Use,3,0.0,0.0,,,0.0,0,-0.0,0.0,0.0,0.0
r0186_c0079,40.8001591,-73.8212209,Residential,9,133.33,0.0,2.1,1986.0,40026.0,9,-0.0,0.0,0.0,0.0
r0186_c0080,40.8001591,-73.819438,Residential,14,88.89,0.0,2.1,1962.0,34926.0,10,0.8422,0.0,0.0,0.0
