cell_id,cell_lat,cell_lon,zone_type,cell_lot_count,amenity_density,amenity_ratio_food_drink,avg_floors,avg_yearbuilt,total_bldg_area,building_count,landuse_entropy,tourism_density,shop_density_km2,shop_type_entropy,brand_ratio
r0011_c0018,40.7017918,-74.0136772,Open Space,3,10800.0,0.0412,1.0,1951.0,0.0,5,-0.0,311.11,88.89,1.0,0.0
r0012_c0018,40.7031431,-74.0136772,Commercial,5,8844.44,0.0201,24.5,1928.0,2156916.0,5,0.3273,355.56,88.89,1.0,0.0
r0012_c0019,40.7031431,-74.0118928,Commercial,18,2177.78,0.3061,10.5,1892.0,1429573.0,18,1.4647,177.78,355.56,3.0,0.0
r0012_c0020,40.7031431,-74.0101084,Residential,11,4755.56,0.0841,8.5,1918.0,1224464.0,11,1.702,177.78,222.22,2.3219,0.2
r0012_c0021,40.7031431,-74.008324,Commercial,3,2977.78,0.0,31.3,1957.0,4576322.0,3,0.2989,88.89,0.0,0.0,0.0
r0013_c0018,40.7044945,-74.0136772,Institutional,3,3688.89,0.0241,10.0,1897.0,527145.0,2,1.337,400.0,133.33,1.585,0.6667
r0013_c0019,40.7044945,-74.0118928,Commercial,18,2088.89,0.3191,15.8,1930.0,3921143.0,17,0.4807,133.33,266.67,2.585,0.1667
r0013_c0020,40.7044945,-74.0101084,Commercial,23,5466.67,0.2114,8.7,1889.0,1789879.0,23,1.7499,44.44,400.0,2.4194,0.0
r0013_c0021,40.7044945,-74.008324,Mixed-Use,8,4844.44,0.0734,18.3,1946.0,2160790.0,9,1.468,222.22,133.33,0.9183,0.0
r0013_c0022,40.7044945,-74.0065396,Commercial,5,7155.56,0.0311,23.8,1951.0,1948095.0,5,0.2602,177.78,44.44,-0.0,0.0
r0014_c0016,40.7058458,-74.017246,Mixed-Use,3,16177.78,0.0055,27.0,2006.0,1002722.0,3,0.8362,355.56,44.44,-0.0,0.0
r0014_c0017,40.7058458,-74.0154616,Mixed-Use,4,4444.44,0.0,28.5,1928.0,1911045.0,6,1.1196,88.89,88.89,-0.0,0.0
r0014_c0018,40.7058458,-74.0136772,Commercial,5,2444.44,0.0545,29.2,1911.0,2868112.0,5,-0.0,133.33,133.33,1.585,0.0
r0014_c0019,40.7058458,-74.0118928,Commercial,11,2222.22,0.22,25.4,1936.0,3482818.0,11,0.7394,0.0,266.67,1.7925,0.1667
r0014_c0020,40.7058458,-74.0101084,Mixed-Use,8,1155.56,0.2308,29.1,1932.0,2782004.0,8,1.5122,88.89,355.56,2.75,0.375
r0014_c0021,40.7058458,-74.008324,Commercial,9,1644.44,0.5676,29.2,1926.0,4108291.0,9,1.3682,266.67,88.89,1.0,0.0
r0014_c0022,40.7058458,-74.0065396,Commercial,7,2711.11,0.0984,28.6,1978.0,4147709.0,7,0.6697,311.11,577.78,3.3927,0.2308
r0014_c0023,40.7058458,-74.0047552,Commercial,15,5644.44,0.0394,21.0,1959.0,2096744.0,13,1.5734,444.44,44.44,-0.0,0.0
r0015_c0016,40.7071972,-74.017246,Mixed-Use,4,8177.78,0.0,23.3,1997.0,890445.0,3,1.0791,44.44,44.44,-0.0,0.0
r0015_c0018,40.7071972,-74.0136772,Commercial,11,2577.78,0.1552,17.3,1952.0,1715784.0,12,0.8879,44.44,222.22,1.371,0.2
r0015_c0019,40.7071972,-74.0118928,Commercial,6,1422.22,0.2188,28.3,1922.0,2391379.0,7,1.5528,88.89,222.22,2.3219,0.4
r0015_c0020,40.7071972,-74.0101084,Commercial,7,1644.44,0.0811,30.5,1910.0,3593913.0,7,1.3432,266.67,311.11,2.5216,0.2857
r0015_c0021,40.7071972,-74.008324,Commercial,12,3822.22,0.1977,18.2,1914.0,3716528.0,12,0.936,266.67,177.78,2.0,0.0
r0015_c0022,40.7071972,-74.0065396,Residential,13,2888.89,0.2615,24.5,1974.0,2917086.0,14,1.5642,222.22,88.89,1.0,0.0
r0015_c0023,40.7071972,-74.0047552,Commercial,8,3333.33,0.0667,21.0,1951.0,2074154.0,8,1.7979,88.89,266.67,1.9183,0.1667
r0015_c0024,40.7071972,-74.0029708,Mixed-Use,26,2844.44,0.2188,4.8,1904.0,497864.0,36,2.0823,88.89,533.33,2.8554,0.1667
r0015_c0025,40.7071972,-74.0011864,Mixed-Use,16,3377.78,0.1316,4.5,1842.0,133168.0,19,1.2438,222.22,88.89,1.0,0.0
r0016_c0016,40.7085485,-74.017246,Mixed-Use,6,6177.78,0.0144,19.4,1987.0,1172710.0,6,-0.0,88.89,88.89,1.0,0.0
r0016_c0017,40.7085485,-74.0154616,Commercial,3,4577.78,0.0097,20.0,1937.0,774720.0,3,1.2342,0.0,44.44,-0.0,0.0
r0016_c0018,40.7085485,-74.0136772,Commercial,20,2044.44,0.2609,17.1,1934.0,2621924.0,19,1.6953,177.78,177.78,1.5,0.0
r0016_c0019,40.7085485,-74.0118928,Institutional,6,1111.11,0.12,25.5,1924.0,1608429.0,6,1.1685,44.44,0.0,0.0,0.0
r0016_c0020,40.7085485,-74.0101084,Commercial,9,2355.56,0.0566,22.6,1917.0,3142351.0,8,0.4029,266.67,44.44,-0.0,0.0
r0016_c0021,40.7085485,-74.008324,Commercial,12,2933.33,0.1212,15.4,1929.0,2682422.0,12,0.6669,44.44,266.67,2.585,0.3333
r0016_c0022,40.7085485,-74.0065396,Mixed-Use,12,2311.11,0.1538,23.7,1956.0,2922689.0,12,0.9585,0.0,311.11,2.8074,0.1429
r0016_c0023,40.7085485,-74.0047552,Mixed-Use,17,5777.78,0.0846,10.8,1941.0,856556.0,15,2.2988,0.0,355.56,3.0,0.25
r0016_c0024,40.7085485,-74.0029708,Mixed-Use,3,3422.22,0.0,4.5,1836.0,21817.0,2,0.5861,0.0,0.0,0.0,0.0
r0016_c0025,40.7085485,-74.0011864,Mixed-Use,33,3822.22,0.093,5.4,1902.0,533584.0,38,2.1578,88.89,0.0,0.0,0.0
r0017_c0016,40.7098999,-74.017246,Mixed-Use,4,15822.22,0.0562,16.3,1986.0,604843.0,4,0.8939,222.22,133.33,0.9183,0.0
r0017_c0018,40.7098999,-74.0136772,Mixed-Use,9,8844.44,0.0251,21.5,1961.0,962720.0,8,2.0986,444.44,0.0,0.0,0.0
r0017_c0019,40.7098999,-74.0118928,Mixed-Use,9,2177.78,0.1429,9.9,1945.0,396307.0,9,2.1391,222.22,44.44,-0.0,1.0
r0017_c0020,40.7098999,-74.0101084,Commercial,19,2666.67,0.1667,15.4,1937.0,3357115.0,21,1.0748,133.33,711.11,3.4528,0.3125
r0017_c0021,40.7098999,-74.008324,Mixed-Use,34,3911.11,0.3523,8.0,1912.0,1133395.0,32,1.9699,88.89,1288.89,3.7159,0.1379
r0017_c0022,40.7098999,-74.0065396,Commercial,25,3244.44,0.2055,13.9,1932.0,2592707.0,25,1.6096,44.44,222.22,2.3219,0.2
r0017_c0023,40.7098999,-74.0047552,Institutional,7,4800.0,0.0185,6.7,1926.0,423745.0,7,0.7971,0.0,0.0,0.0,0.0
r0017_c0024,40.7098999,-74.0029708,Residential,3,2933.33,0.0,8.0,1970.0,2819174.0,12,1.2023,88.89,0.0,0.0,0.0
r0017_c0028,40.7098999,-73.9958333,Industrial,3,8133.33,0.0,6.0,1927.0,274752.0,2,1.0458,0.0,44.44,-0.0,0.0
r0018_c0020,40.7112512,-74.0101084,Commercial,5,2488.89,0.1071,19.0,1902.0,1566011.0,5,0.9961,222.22,1111.11,2.5813,0.52
r0018_c0021,40.7112512,-74.008324,Residential,9,1688.89,0.1579,16.7,1949.0,1487884.0,9,1.2166,133.33,266.67,2.585,0.5
r0018_c0022,40.7112512,-74.0065396,Mixed-Use,18,5688.89,0.0625,20.1,1934.0,2326460.0,20,1.5835,266.67,222.22,2.3219,0.0
r0018_c0025,40.7112512,-74.0011864,Commercial,3,5733.33,0.0078,7.0,1944.0,1111001.0,2,1.4084,177.78,88.89,1.0,0.0
r0018_c0028,40.7112512,-73.9958333,Mixed-Use,19,3022.22,0.0588,6.1,1917.0,1646589.0,33,0.3042,88.89,133.33,1.585,0.0
r0018_c0029,40.7112512,-73.9940489,Open Space,15,6488.89,0.0205,4.6,1905.0,103971.0,14,1.2063,44.44,88.89,1.0,0.0
r0018_c0031,40.7112512,-73.9904801,Mixed-Use,4,3555.56,0.0,10.3,1982.0,739757.0,13,1.1669,0.0,44.44,-0.0,0.0
r0018_c0033,40.7112512,-73.9869113,Mixed-Use,6,2311.11,0.0,12.5,1986.0,598662.0,13,1.4337,0.0,0.0,0.0,0.0
r0018_c0035,40.7112512,-73.9833425,Residential,3,2311.11,0.0,11.3,1926.0,228688.0,3,0.9525,0.0,0.0,0.0,0.0
r0018_c0036,40.7112512,-73.9815581,Residential,3,1688.89,0.0,13.5,1960.0,295595.0,3,1.3312,0.0,0.0,0.0,0.0
r0019_c0020,40.7126026,-74.0101084,Commercial,6,1911.11,0.1628,9.0,1913.0,1345507.0,6,0.6059,133.33,177.78,2.0,0.25
r0019_c0021,40.7126026,-74.008324,Mixed-Use,11,3911.11,0.0682,30.2,1945.0,3234571.0,10,1.4756,222.22,266.67,2.2516,0.3333
r0019_c0025,40.7126026,-74.0011864,Commercial,3,1777.78,0.0,14.5,1974.0,1217884.0,4,0.7837,44.44,0.0,0.0,0.0
r0019_c0026,40.7126026,-73.9994021,Residential,13,2044.44,0.0652,5.4,1906.0,613088.0,15,0.9354,0.0,88.89,1.0,0.0
r0019_c0027,40.7126026,-73.9976177,Mixed-Use,43,4311.11,0.0825,4.7,1911.0,437018.0,49,2.2127,44.44,266.67,2.2516,0.0
r0019_c0028,40.7126026,-73.9958333,Mixed-Use,59,666.67,0.1333,5.6,1916.0,639928.0,59,1.5819,0.0,400.0,3.1699,0.0
r0019_c0029,40.7126026,-73.9940489,Mixed-Use,30,1511.11,0.1765,5.0,1917.0,336822.0,33,1.5702,0.0,355.56,2.4056,0.125
r0019_c0030,40.7126026,-73.9922645,Institutional,7,3377.78,0.0,5.5,1957.0,224617.0,6,1.6775,177.78,0.0,0.0,0.0
r0019_c0031,40.7126026,-73.9904801,Mixed-Use,25,1600.0,0.1389,5.0,1925.0,205397.0,23,2.0101,0.0,311.11,2.5216,0.1429
r0019_c0032,40.7126026,-73.9886957,Mixed-Use,21,844.44,0.2105,5.3,1919.0,741224.0,27,0.6186,0.0,177.78,2.0,0.0
r0019_c0034,40.7126026,-73.9851269,Residential,5,444.44,0.0,18.5,1960.0,718860.0,5,0.6622,0.0,0.0,0.0,0.0
r0020_c0019,40.713954,-74.0118928,Commercial,3,6488.89,0.0205,31.0,2000.0,3100549.0,3,0.6383,444.44,222.22,2.3219,0.4
r0020_c0020,40.713954,-74.0101084,Commercial,16,2088.89,0.0638,10.6,1921.0,2490908.0,22,1.6041,0.0,222.22,2.3219,0.0
r0020_c0021,40.713954,-74.008324,Mixed-Use,32,1466.67,0.3939,6.8,1917.0,812866.0,34,1.0829,44.44,266.67,2.2516,0.1667
r0020_c0022,40.713954,-74.0065396,Commercial,14,3288.89,0.0811,11.2,1900.0,1357549.0,15,1.4952,177.78,355.56,3.0,0.0
r0020_c0023,40.713954,-74.0047552,Commercial,6,3911.11,0.0,12.3,1912.0,968834.0,5,1.1373,133.33,88.89,-0.0,0.0
r0020_c0024,40.713954,-74.0029708,Institutional,3,2533.33,0.0351,12.3,1936.0,719090.0,5,-0.0,266.67,177.78,2.0,0.0
r0020_c0025,40.713954,-74.0011864,Institutional,3,2044.44,0.0,20.3,1968.0,1523155.0,3,-0.0,0.0,0.0,0.0,0.0
r0020_c0026,40.713954,-73.9994021,Residential,26,5022.22,0.115,6.3,1917.0,610754.0,36,1.5886,133.33,222.22,1.5219,0.0
r0020_c0027,40.713954,-73.9976177,Mixed-Use,44,4444.44,0.14,4.6,1919.0,402163.0,44,1.2986,133.33,355.56,2.5,0.125
r0020_c0028,40.713954,-73.9958333,Mixed-Use,51,2488.89,0.125,5.0,1908.0,489905.0,54,1.4755,0.0,266.67,2.585,0.0
r0020_c0029,40.713954,-73.9940489,Commercial,38,2622.22,0.322,4.9,1938.0,454860.0,36,2.1373,177.78,711.11,2.8522,0.0
r0020_c0030,40.713954,-73.9922645,Mixed-Use,42,1422.22,0.3438,5.2,1919.0,450084.0,41,1.5802,0.0,444.44,3.1219,0.0
r0020_c0031,40.713954,-73.9904801,Mixed-Use,39,2400.0,0.2963,4.8,1922.0,351744.0,38,1.8639,88.89,355.56,3.0,0.0
r0020_c0032,40.713954,-73.9886957,Mixed-Use,20,2977.78,0.0597,5.9,1930.0,384364.0,19,1.6962,88.89,88.89,1.0,0.0
r0020_c0033,40.713954,-73.9869113,Institutional,35,933.33,0.381,4.8,1918.0,505797.0,36,1.7655,0.0,311.11,2.1281,0.0
r0020_c0034,40.713954,-73.9851269,Residential,22,533.33,0.0833,5.2,1901.0,283527.0,23,2.0263,0.0,0.0,0.0,0.0
r0020_c0035,40.713954,-73.9833425,Mixed-Use,8,577.78,0.0,3.7,1944.0,239485.0,11,1.97,0.0,0.0,0.0,0.0
r0020_c0036,40.713954,-73.9815581,Residential,16,1244.44,0.2143,3.1,1905.0,162538.0,18,2.0885,0.0,311.11,2.2359,0.0
r0021_c0020,40.7153053,-74.0101084,Mixed-Use,38,3777.78,0.1765,6.8,1919.0,853686.0,39,1.6636,88.89,622.22,3.182,0.2143
r0021_c0021,40.7153053,-74.008324,Mixed-Use,40,3022.22,0.25,5.7,1887.0,811187.0,42,1.4454,44.44,800.0,3.6416,0.0
r0021_c0022,40.7153053,-74.0065396,Mixed-Use,21,2888.89,0.1538,9.0,1910.0,1272542.0,21,1.5224,44.44,311.11,2.5216,0.2857
r0021_c0023,40.7153053,-74.0047552,Commercial,8,977.78,0.0909,13.6,1914.0,2111677.0,8,0.3225,44.44,44.44,-0.0,1.0
r0021_c0024,40.7153053,-74.0029708,Commercial,3,7466.67,0.006,27.5,1951.0,2006794.0,2,0.5883,711.11,0.0,0.0,0.0
r0021_c0026,40.7153053,-73.9994021,Open Space,32,10088.89,0.0969,4.9,1918.0,419884.0,47,1.5093,133.33,622.22,3.5216,0.0714
r0021_c0027,40.7153053,-73.9976177,Mixed-Use,51,5822.22,0.2595,4.9,1916.0,763922.0,55,1.169,88.89,1466.67,3.6115,0.0303
r0021_c0029,40.7153053,-73.9940489,Mixed-Use,32,1511.11,0.1176,4.6,1912.0,308806.0,34,1.8488,88.89,88.89,1.0,0.0
r0021_c0030,40.7153053,-73.9922645,Mixed-Use,54,2177.78,0.3878,5.3,1914.0,541786.0,59,1.5018,133.33,977.78,4.1524,0.0
r0021_c0031,40.7153053,-73.9904801,Mixed-Use,49,1466.67,0.303,5.5,1919.0,511973.0,60,1.1581,44.44,666.67,2.7396,0.0
r0021_c0032,40.7153053,-73.9886957,Residential,3,2444.44,0.0182,7.7,1935.0,1032798.0,6,0.9546,0.0,44.44,-0.0,0.0
r0021_c0034,40.7153053,-73.9851269,Residential,5,222.22,0.0,16.7,1952.0,1342713.0,5,1.0955,0.0,0.0,0.0,0.0
r0021_c0035,40.7153053,-73.9833425,Commercial,6,1288.89,0.1034,5.5,1922.0,177392.0,5,1.7855,0.0,44.44,-0.0,0.0
r0021_c0036,40.7153053,-73.9815581,Residential,3,1066.67,0.0833,6.3,1965.0,516468.0,3,0.873,0.0,133.33,1.585,0.0
r0021_c0037,40.7153053,-73.9797737,Residential,4,844.44,0.1053,6.7,1937.0,693593.0,4,1.3386,0.0,133.33,1.585,0.3333
r0022_c0017,40.7166567,-74.0154616,Residential,5,30355.56,0.019,26.6,2003.0,1793495.0,5,0.9094,400.0,44.44,-0.0,0.0
r0022_c0018,40.7166567,-74.0136772,Institutional,3,6711.11,0.0,24.0,2001.0,582804.0,3,1.3766,133.33,0.0,0.0,0.0
r0022_c0019,40.7166567,-74.0118928,Institutional,4,5066.67,0.0,16.0,1996.0,470078.0,3,1.0862,44.44,177.78,2.0,0.75
r0022_c0020,40.7166567,-74.0101084,Mixed-Use,38,2977.78,0.1343,6.0,1911.0,828625.0,38,1.0996,0.0,311.11,2.5216,0.0
r0022_c0021,40.7166567,-74.008324,Mixed-Use,35,1333.33,0.3333,5.1,1877.0,665434.0,38,1.5878,0.0,177.78,2.0,0.0
r0022_c0022,40.7166567,-74.0065396,Commercial,11,977.78,0.0455,7.3,1929.0,1131463.0,11,1.6882,88.89,88.89,1.0,0.0
r0022_c0023,40.7166567,-74.0047552,Mixed-Use,12,755.56,0.2941,10.1,1934.0,1078450.0,11,1.3795,0.0,133.33,1.585,0.3333
r0022_c0024,40.7166567,-74.0029708,Mixed-Use,12,844.44,0.0526,12.3,1932.0,1752619.0,10,1.7345,88.89,44.44,-0.0,0.0
r0022_c0025,40.7166567,-74.0011864,Institutional,5,5111.11,0.0087,9.6,1924.0,1829140.0,5,0.771,133.33,88.89,1.0,0.0
r0022_c0026,40.7166567,-73.9994021,Mixed-Use,38,2711.11,0.3279,5.3,1919.0,559807.0,45,1.4614,88.89,755.56,3.4548,0.0
r0022_c0027,40.7166567,-73.9976177,Commercial,47,3911.11,0.2159,5.3,1918.0,819901.0,53,1.1205,222.22,1733.33,2.5134,0.0
r0022_c0028,40.7166567,-73.9958333,Commercial,32,3644.44,0.1098,5.9,1925.0,645996.0,35,1.3785,311.11,800.0,2.8855,0.0
r0022_c0029,40.7166567,-73.9940489,Open Space,16,3555.56,0.15,4.5,1923.0,345165.0,16,1.4917,0.0,444.44,2.9219,0.0
r0022_c0030,40.7166567,-73.9922645,Mixed-Use,34,977.78,0.2727,5.4,1917.0,468721.0,37,2.0302,0.0,400.0,2.7255,0.0
r0022_c0031,40.7166567,-73.9904801,Mixed-Use,57,800.0,0.2222,5.6,1917.0,698461.0,59,1.8176,44.44,311.11,2.8074,0.0
r0022_c0032,40.7166567,-73.9886957,Residential,9,844.44,0.3158,9.1,1950.0,755947.0,11,1.3761,0.0,0.0,0.0,0.0
r0022_c0033,40.7166567,-73.9869113,Mixed-Use,6,1200.0,0.1481,20.6,1989.0,1133252.0,5,0.4355,0.0,266.67,1.7925,0.5
r0022_c0034,40.7166567,-73.9851269,Residential,7,622.22,0.0714,14.5,1975.0,806439.0,10,1.8147,0.0,0.0,0.0,0.0
r0022_c0035,40.7166567,-73.9833425,Mixed-Use,6,266.67,0.0,3.0,1961.0,96064.0,5,1.5988,0.0,44.44,-0.0,0.0
r0023_c0019,40.718008,-74.0118928,Residential,3,6355.56,0.0,2.0,1828.0,8820.0,3,-0.0,44.44,0.0,0.0,0.0
r0023_c0020,40.718008,-74.0101084,Mixed-Use,38,2800.0,0.1429,5.7,1882.0,686960.0,39,1.54,44.44,533.33,2.7925,0.0
r0023_c0021,40.718008,-74.008324,Mixed-Use,16,311.11,0.1429,7.6,1906.0,1147338.0,19,2.0679,44.44,44.44,-0.0,1.0
r0023_c0022,40.718008,-74.0065396,Mixed-Use,25,1200.0,0.0741,8.4,1911.0,1279567.0,27,2.3433,44.44,177.78,2.0,0.25
r0023_c0023,40.718008,-74.0047552,Mixed-Use,47,933.33,0.2381,5.4,1869.0,814022.0,46,1.3413,177.78,88.89,1.0,0.0
r0023_c0024,40.718008,-74.0029708,Mixed-Use,32,1511.11,0.0294,7.2,1886.0,1133406.0,33,1.58,533.33,222.22,2.3219,0.0
r0023_c0025,40.718008,-74.0011864,Commercial,29,2577.78,0.2241,6.2,1921.0,744259.0,29,1.5035,133.33,800.0,3.4613,0.0556
r0023_c0026,40.718008,-73.9994021,Commercial,31,2622.22,0.1356,5.3,1921.0,462236.0,29,1.8218,177.78,800.0,2.8855,0.0
r0023_c0027,40.718008,-73.9976177,Mixed-Use,56,3333.33,0.36,5.2,1916.0,790445.0,72,1.1278,44.44,1866.67,4.2408,0.0952
r0023_c0028,40.718008,-73.9958333,Mixed-Use,40,2933.33,0.2273,5.2,1913.0,771953.0,45,1.1453,88.89,1733.33,3.9898,0.0
r0023_c0029,40.718008,-73.9940489,Mixed-Use,35,2888.89,0.2923,4.7,1909.0,400041.0,36,1.3725,44.44,666.67,3.3736,0.0
r0023_c0030,40.718008,-73.9922645,Mixed-Use,55,2577.78,0.4138,4.6,1912.0,556176.0,57,1.0002,0.0,977.78,4.2776,0.0455
r0023_c0031,40.718008,-73.9904801,Mixed-Use,44,2800.0,0.3333,5.3,1909.0,507081.0,47,0.8822,88.89,1155.56,3.083,0.0
r0023_c0032,40.718008,-73.9886957,Mixed-Use,12,2355.56,0.4906,6.8,1934.0,577651.0,14,0.6233,44.44,755.56,3.2928,0.0
r0023_c0033,40.718008,-73.9869113,Mixed-Use,11,888.89,0.25,5.5,1942.0,429807.0,11,1.3415,44.44,355.56,2.1556,0.375
r0023_c0034,40.718008,-73.9851269,Mixed-Use,31,1155.56,0.3462,4.9,1924.0,347952.0,32,1.944,44.44,400.0,2.7255,0.2222
r0023_c0035,40.718008,-73.9833425,Institutional,16,800.0,0.1111,6.0,1933.0,618123.0,17,1.5901,44.44,222.22,1.9219,0.0
r0023_c0039,40.718008,-73.9762049,Residential,3,1688.89,0.0,5.5,1918.0,171480.0,2,1.0125,0.0,0.0,0.0,0.0
r0024_c0020,40.7193594,-74.0101084,Mixed-Use,29,3422.22,0.0779,6.4,1899.0,2535513.0,38,1.0147,0.0,177.78,2.0,0.0
r0024_c0021,40.7193594,-74.008324,Residential,31,711.11,0.25,6.9,1892.0,894242.0,32,2.0336,0.0,311.11,2.5216,0.0
r0024_c0022,40.7193594,-74.0065396,Mixed-Use,28,1911.11,0.3488,6.1,1896.0,651973.0,28,1.8639,88.89,133.33,1.585,0.3333
r0024_c0023,40.7193594,-74.0047552,Commercial,32,1644.44,0.2162,5.7,1891.0,1608136.0,33,1.9005,88.89,88.89,1.0,0.0
r0024_c0024,40.7193594,-74.0029708,Mixed-Use,45,1288.89,0.2069,5.5,1880.0,858437.0,45,1.6603,177.78,311.11,2.5216,0.1429
r0024_c0025,40.7193594,-74.0011864,Commercial,32,2088.89,0.1277,5.0,1874.0,656463.0,34,1.3388,222.22,1022.22,2.7296,0.0
r0024_c0026,40.7193594,-73.9994021,Commercial,28,2088.89,0.234,7.3,1920.0,909439.0,29,1.4013,177.78,622.22,3.3788,0.0
r0024_c0027,40.7193594,-73.9976177,Mixed-Use,41,1555.56,0.5429,5.2,1908.0,594023.0,41,2.0166,88.89,488.89,3.4594,0.0
r0024_c0028,40.7193594,-73.9958333,Mixed-Use,46,2977.78,0.2836,5.2,1915.0,578088.0,47,1.8533,44.44,1333.33,3.6729,0.0
r0024_c0029,40.7193594,-73.9940489,Mixed-Use,39,1866.67,0.2381,5.2,1918.0,502361.0,39,1.6846,133.33,711.11,2.4746,0.0
r0024_c0030,40.7193594,-73.9922645,Open Space,23,1022.22,0.1739,5.4,1924.0,292005.0,23,1.9196,133.33,177.78,2.0,0.0
r0024_c0031,40.7193594,-73.9904801,Mixed-Use,35,2355.56,0.283,5.3,1912.0,419353.0,37,1.8882,177.78,755.56,3.7345,0.0
r0024_c0032,40.7193594,-73.9886957,Mixed-Use,39,2400.0,0.4815,5.7,1926.0,713690.0,39,1.6436,133.33,755.56,2.9398,0.0588
r0024_c0033,40.7193594,-73.9869113,Commercial,30,1511.11,0.4118,5.0,1934.0,495275.0,31,1.5075,44.44,355.56,2.75,0.0
r0024_c0034,40.7193594,-73.9851269,Mixed-Use,52,2177.78,0.4082,5.0,1925.0,564863.0,65,1.3961,44.44,844.44,3.7474,0.0
r0024_c0035,40.7193594,-73.9833425,Institutional,26,1244.44,0.0357,5.3,1931.0,464563.0,25,1.7391,88.89,266.67,1.4591,0.0
r0025_c0020,40.7207107,-74.0101084,Mixed-Use,14,5022.22,0.0354,6.2,1920.0,341283.0,15,1.8224,0.0,0.0,0.0,0.0
r0025_c0021,40.7207107,-74.008324,Mixed-Use,13,577.78,0.2308,8.0,1918.0,781230.0,16,1.1996,0.0,0.0,0.0,0.0
r0025_c0022,40.7207107,-74.0065396,Mixed-Use,10,1911.11,0.0,7.8,1936.0,605899.0,9,1.9934,44.44,44.44,-0.0,1.0
r0025_c0023,40.7207107,-74.0047552,Mixed-Use,20,2577.78,0.1207,5.2,1918.0,507170.0,23,1.7083,88.89,177.78,1.5,0.0
r0025_c0024,40.7207107,-74.0029708,Mixed-Use,44,1555.56,0.0857,4.7,1879.0,704127.0,48,1.4457,133.33,622.22,2.6995,0.0714
r0025_c0025,40.7207107,-74.0011864,Commercial,30,1511.11,0.0882,5.3,1882.0,833002.0,31,1.518,0.0,755.56,3.1692,0.2353
r0025_c0026,40.7207107,-73.9994021,Mixed-Use,38,2666.67,0.0833,5.6,1878.0,790050.0,38,2.0022,0.0,1200.0,3.2879,0.0
r0025_c0027,40.7207107,-73.9976177,Mixed-Use,27,2533.33,0.2632,5.6,1907.0,704462.0,28,1.7112,44.44,888.89,3.5414,0.0
r0025_c0028,40.7207107,-73.9958333,Mixed-Use,47,2266.67,0.4314,5.3,1918.0,665098.0,50,1.0441,44.44,711.11,3.5778,0.0
r0025_c0029,40.7207107,-73.9940489,Mixed-Use,37,1600.0,0.3611,6.0,1916.0,609575.0,40,1.5114,133.33,577.78,2.3158,0.0769
r0025_c0030,40.7207107,-73.9922645,Mixed-Use,19,1022.22,0.2174,6.3,1927.0,260901.0,19,1.2715,44.44,222.22,2.3219,0.0
r0025_c0031,40.7207107,-73.9904801,Mixed-Use,34,1511.11,0.2353,5.5,1917.0,588051.0,36,2.1482,88.89,222.22,1.9219,0.0
r0025_c0032,40.7207107,-73.9886957,Mixed-Use,59,2977.78,0.3582,5.4,1918.0,625084.0,69,1.4087,222.22,1244.44,3.3352,0.0357
r0025_c0033,40.7207107,-73.9869113,Institutional,39,666.67,0.4667,5.1,1923.0,814691.0,41,1.7565,44.44,88.89,1.0,0.0
r0025_c0034,40.7207107,-73.9851269,Residential,48,1377.78,0.2258,4.8,1920.0,501009.0,51,1.8585,266.67,355.56,2.5,0.0
r0025_c0035,40.7207107,-73.9833425,Residential,51,977.78,0.4091,4.7,1934.0,539095.0,50,2.444,0.0,355.56,2.75,0.0
r0025_c0036,40.7207107,-73.9815581,Residential,21,711.11,0.0,5.8,1950.0,431718.0,18,1.6237,0.0,88.89,1.0,0.0
r0025_c0037,40.7207107,-73.9797737,Residential,26,666.67,0.0,6.5,1960.0,588597.0,26,1.8431,0.0,88.89,1.0,0.5
r0025_c0038,40.7207107,-73.9779893,Mixed-Use,16,1200.0,0.0741,5.2,1930.0,283374.0,13,2.0689,0.0,44.44,-0.0,0.0
r0026_c0019,40.7220621,-74.0118928,Residential,4,13244.44,0.0101,11.0,1918.0,381975.0,4,0.3216,266.67,0.0,0.0,0.0
r0026_c0020,40.7220621,-74.0101084,Mixed-Use,18,400.0,0.2222,7.3,1908.0,815806.0,19,0.9213,44.44,0.0,0.0,0.0
r0026_c0021,40.7220621,-74.008324,Mixed-Use,20,977.78,0.0,6.6,1909.0,579684.0,21,1.7219,0.0,44.44,-0.0,0.0
r0026_c0022,40.7220621,-74.0065396,Open Space,9,2755.56,0.0,6.5,1925.0,276980.0,7,2.0084,0.0,0.0,0.0,0.0
r0026_c0023,40.7220621,-74.0047552,Commercial,20,3511.11,0.1266,5.2,1913.0,363549.0,21,1.487,133.33,400.0,2.6416,0.0
r0026_c0024,40.7220621,-74.0029708,Mixed-Use,38,1111.11,0.16,5.2,1908.0,845545.0,49,1.7185,177.78,488.89,2.2999,0.0
r0026_c0025,40.7220621,-74.0011864,Mixed-Use,38,755.56,0.1765,5.7,1882.0,918407.0,42,1.6971,44.44,533.33,2.4508,0.3333
r0026_c0026,40.7220621,-73.9994021,Commercial,26,1288.89,0.069,5.8,1890.0,917365.0,28,1.505,88.89,755.56,2.0157,0.4706
r0026_c0027,40.7220621,-73.9976177,Commercial,36,2666.67,0.3,5.6,1912.0,882199.0,39,1.6664,133.33,400.0,3.1699,0.1111
r0026_c0028,40.7220621,-73.9958333,Mixed-Use,49,2311.11,0.3654,5.2,1916.0,731828.0,53,1.2825,0.0,933.33,3.1349,0.0
r0026_c0029,40.7220621,-73.9940489,Mixed-Use,40,2044.44,0.1087,5.0,1915.0,482429.0,40,1.6181,88.89,1200.0,3.3045,0.0741
r0026_c0030,40.7220621,-73.9922645,Open Space,33,1244.44,0.3571,5.7,1928.0,642748.0,34,1.7914,222.22,266.67,2.585,0.0
r0026_c0031,40.7220621,-73.9904801,Residential,16,755.56,0.1765,5.4,1939.0,388421.0,18,1.8419,133.33,133.33,0.9183,0.0
r0026_c0032,40.7220621,-73.9886957,Residential,30,1644.44,0.5946,5.9,1919.0,681090.0,34,1.7931,44.44,311.11,2.2359,0.0
r0026_c0033,40.7220621,-73.9869113,Mixed-Use,22,1244.44,0.4643,6.6,1926.0,581499.0,25,2.194,88.89,133.33,1.585,0.3333
r0026_c0034,40.7220621,-73.9851269,Mixed-Use,28,1022.22,0.3913,5.8,1926.0,720227.0,32,1.7282,88.89,311.11,2.5216,0.1429
r0026_c0035,40.7220621,-73.9833425,Mixed-Use,40,1688.89,0.3684,5.1,1925.0,500846.0,39,2.1151,44.44,444.44,2.0464,0.1
r0026_c0036,40.7220621,-73.9815581,Residential,39,666.67,0.2667,5.6,1943.0,647335.0,39,1.9932,0.0,177.78,2.0,0.0
r0026_c0037,40.7220621,-73.9797737,Mixed-Use,53,1022.22,0.087,4.7,1917.0,368327.0,39,2.4144,0.0,177.78,2.0,0.0
r0026_c0038,40.7220621,-73.9779893,Residential,28,577.78,0.0769,5.0,1930.0,363869.0,21,2.4876,0.0,88.89,1.0,0.0
r0027_c0020,40.7234134,-74.0101084,Mixed-Use,24,444.44,0.3,5.4,1923.0,625594.0,24,1.5943,0.0,0.0,0.0,0.0
r0027_c0021,40.7234134,-74.008324,Residential,13,444.44,0.0,7.2,1929.0,1090745.0,10,1.5486,88.89,0.0,0.0,0.0
r0027_c0022,40.7234134,-74.0065396,Commercial,4,533.33,0.0833,11.3,1915.0,1171117.0,4,1.1494,44.44,44.44,-0.0,0.0
r0027_c0023,40.7234134,-74.0047552,Commercial,22,1422.22,0.25,8.3,1938.0,1168502.0,19,1.7311,44.44,133.33,1.585,0.0
r0027_c0024,40.7234134,-74.0029708,Mixed-Use,35,2133.33,0.1875,4.8,1900.0,649714.0,36,1.7973,177.78,755.56,3.0575,0.0588
r0027_c0025,40.7234134,-74.0011864,Mixed-Use,42,1333.33,0.0,5.4,1877.0,918113.0,40,1.6658,88.89,1244.44,1.782,0.5
r0027_c0026,40.7234134,-73.9994021,Mixed-Use,33,1288.89,0.0,5.8,1888.0,1026641.0,34,1.6594,88.89,622.22,0.9464,0.5714
r0027_c0027,40.7234134,-73.9976177,Commercial,26,1244.44,0.1429,5.6,1895.0,860007.0,28,1.4162,88.89,577.78,2.5654,0.5385
r0027_c0028,40.7234134,-73.9958333,Mixed-Use,27,2488.89,0.1607,5.5,1909.0,745254.0,31,1.88,0.0,755.56,3.1692,0.0
r0027_c0029,40.7234134,-73.9940489,Mixed-Use,63,2533.33,0.1228,4.9,1920.0,664136.0,69,0.9284,133.33,1555.56,2.7943,0.1429
r0027_c0030,40.7234134,-73.9922645,Mixed-Use,17,1022.22,0.087,7.1,1942.0,1041473.0,16,0.9716,88.89,444.44,2.5219,0.1
r0027_c0031,40.7234134,-73.9904801,Open Space,26,1066.67,0.2083,5.7,1920.0,278451.0,24,2.0325,44.44,88.89,1.0,0.0
r0027_c0032,40.7234134,-73.9886957,Mixed-Use,33,1911.11,0.4186,4.9,1921.0,323223.0,33,2.2705,0.0,355.56,2.4056,0.0
r0027_c0033,40.7234134,-73.9869113,Mixed-Use,22,622.22,0.2857,6.0,1919.0,591588.0,33,1.6439,0.0,88.89,1.0,0.0
r0027_c0034,40.7234134,-73.9851269,Residential,18,1911.11,0.2326,5.2,1927.0,425284.0,25,1.9828,44.44,933.33,3.8209,0.0476
r0027_c0035,40.7234134,-73.9833425,Mixed-Use,43,755.56,0.4118,5.3,1912.0,674529.0,44,1.8435,0.0,133.33,1.585,0.0
r0027_c0036,40.7234134,-73.9815581,Institutional,20,711.11,0.0625,4.8,1917.0,422970.0,19,1.6548,0.0,0.0,0.0,0.0
r0027_c0037,40.7234134,-73.9797737,Residential,29,888.89,0.2,4.4,1937.0,263311.0,27,2.3534,44.44,222.22,1.9219,0.0
r0027_c0038,40.7234134,-73.9779893,Residential,50,266.67,0.1667,4.7,1924.0,504557.0,44,1.8909,0.0,44.44,-0.0,0.0
r0027_c0039,40.7234134,-73.9762049,Mixed-Use,17,2355.56,0.0377,6.2,1937.0,826292.0,25,0.5626,0.0,177.78,1.5,0.0
r0028_c0020,40.7247648,-74.0101084,Residential,26,3200.0,0.0,6.3,1906.0,559767.0,26,1.4914,133.33,44.44,-0.0,0.0
r0028_c0021,40.7247648,-74.008324,Mixed-Use,18,1022.22,0.0,7.2,1955.0,672662.0,18,1.4666,88.89,44.44,-0.0,0.0
r0028_c0022,40.7247648,-74.0065396,Mixed-Use,22,444.44,0.2,8.4,1908.0,988374.0,18,2.3794,0.0,44.44,-0.0,0.0
r0028_c0023,40.7247648,-74.0047552,Commercial,23,755.56,0.0588,7.5,1925.0,861041.0,22,2.2511,88.89,133.33,0.9183,0.3333
r0028_c0024,40.7247648,-74.0029708,Mixed-Use,50,1466.67,0.3333,5.1,1895.0,553047.0,53,2.0585,0.0,533.33,2.4508,0.25
r0028_c0025,40.7247648,-74.0011864,Mixed-Use,40,1777.78,0.05,5.2,1888.0,876713.0,46,1.701,133.33,1333.33,2.7449,0.3333
r0028_c0026,40.7247648,-73.9994021,Mixed-Use,39,1200.0,0.1111,5.2,1892.0,962397.0,46,1.7148,44.44,933.33,2.0063,0.619
r0028_c0027,40.7247648,-73.9976177,Commercial,20,1733.33,0.1026,7.4,1895.0,1593284.0,21,0.9859,88.89,711.11,1.3113,0.75
r0028_c0028,40.7247648,-73.9958333,Commercial,12,1288.89,0.1724,6.8,1918.0,813203.0,12,1.4413,0.0,711.11,3.4528,0.25
r0028_c0029,40.7247648,-73.9940489,Mixed-Use,25,1422.22,0.3125,6.4,1921.0,679530.0,25,1.9841,0.0,444.44,2.5219,0.0
r0028_c0030,40.7247648,-73.9922645,Mixed-Use,29,1288.89,0.2414,4.8,1902.0,714132.0,28,2.151,177.78,222.22,2.3219,0.0
r0028_c0031,40.7247648,-73.9904801,Mixed-Use,28,1333.33,0.3,5.5,1913.0,582996.0,29,2.487,44.44,533.33,3.585,0.0
r0028_c0032,40.7247648,-73.9886957,Residential,48,755.56,0.1765,5.0,1901.0,557602.0,53,2.2048,44.44,133.33,1.585,0.0
r0028_c0033,40.7247648,-73.9869113,Residential,14,1022.22,0.2609,6.3,1910.0,385507.0,14,1.5254,44.44,88.89,1.0,0.5
r0028_c0034,40.7247648,-73.9851269,Residential,8,1377.78,0.1613,8.1,1940.0,1021100.0,11,0.8463,44.44,266.67,2.2516,0.0
r0028_c0035,40.7247648,-73.9833425,Residential,59,1111.11,0.32,5.1,1913.0,474252.0,62,1.6151,44.44,88.89,1.0,0.0
r0028_c0036,40.7247648,-73.9815581,Residential,44,711.11,0.25,5.0,1914.0,439896.0,42,2.349,0.0,44.44,-0.0,0.0
r0028_c0037,40.7247648,-73.9797737,Residential,54,755.56,0.1176,5.2,1929.0,636108.0,53,2.3344,0.0,0.0,0.0,0.0
r0028_c0038,40.7247648,-73.9779893,Mixed-Use,35,1377.78,0.2903,4.6,1912.0,333964.0,25,2.0047,0.0,133.33,1.585,0.0
r0028_c0039,40.7247648,-73.9762049,Residential,28,755.56,0.1176,4.8,1942.0,505476.0,32,2.2876,0.0,133.33,1.585,0.0
r0029_c0020,40.7261161,-74.0101084,Mixed-Use,11,2000.0,0.0444,4.9,1916.0,207395.0,11,1.0837,88.89,44.44,-0.0,0.0
r0029_c0021,40.7261161,-74.008324,Commercial,19,444.44,0.0,7.2,1934.0,923973.0,19,1.2463,44.44,0.0,0.0,0.0
r0029_c0022,40.7261161,-74.0065396,Commercial,5,311.11,0.0,11.0,1939.0,1177045.0,6,1.3694,44.44,0.0,0.0,0.0
r0029_c0023,40.7261161,-74.0047552,Commercial,19,711.11,0.3125,5.0,1860.0,1101731.0,21,1.6726,44.44,88.89,1.0,0.5
r0029_c0024,40.7261161,-74.0029708,Mixed-Use,39,1466.67,0.2424,5.3,1896.0,571298.0,46,2.0391,44.44,311.11,2.8074,0.0
r0029_c0025,40.7261161,-74.0011864,Mixed-Use,42,2000.0,0.3111,4.9,1898.0,656024.0,43,1.9248,133.33,933.33,3.6131,0.0952
r0029_c0026,40.7261161,-73.9994021,Residential,34,933.33,0.3333,5.2,1905.0,709248.0,34,1.6667,177.78,88.89,-0.0,0.5
r0029_c0027,40.7261161,-73.9976177,Commercial,9,355.56,0.125,7.1,1897.0,479516.0,9,1.42,44.44,44.44,-0.0,0.0
r0029_c0028,40.7261161,-73.9958333,Commercial,19,1733.33,0.3333,7.9,1894.0,1264524.0,21,1.2753,0.0,400.0,2.9477,0.5556
r0029_c0029,40.7261161,-73.9940489,Mixed-Use,29,1200.0,0.2222,5.6,1897.0,663202.0,29,1.8161,44.44,577.78,2.5074,0.0769
r0029_c0030,40.7261161,-73.9922645,Mixed-Use,49,1777.78,0.525,5.3,1900.0,691566.0,51,2.0693,177.78,577.78,2.9312,0.0
r0029_c0031,40.7261161,-73.9904801,Mixed-Use,48,2088.89,0.2979,4.8,1888.0,561852.0,49,2.6529,88.89,488.89,3.0958,0.0
r0029_c0032,40.7261161,-73.9886957,Mixed-Use,40,2311.11,0.3077,5.0,1889.0,589788.0,39,1.8543,0.0,577.78,3.1808,0.0
r0029_c0033,40.7261161,-73.9869113,Mixed-Use,42,1511.11,0.5588,5.1,1901.0,419670.0,50,1.872,0.0,266.67,2.585,0.0
r0029_c0034,40.7261161,-73.9851269,Mixed-Use,45,1911.11,0.3953,4.8,1887.0,389565.0,46,1.7999,88.89,222.22,2.3219,0.0
r0029_c0035,40.7261161,-73.9833425,Mixed-Use,33,1600.0,0.4722,4.9,1900.0,373152.0,35,1.1817,0.0,266.67,2.585,0.0
r0029_c0037,40.7261161,-73.9797737,Residential,33,755.56,0.0588,5.4,1910.0,568523.0,33,2.0381,44.44,0.0,0.0,0.0
r0029_c0038,40.7261161,-73.9779893,Residential,46,1377.78,0.2258,5.2,1924.0,520659.0,47,1.7888,44.44,266.67,2.2516,0.1667
r0029_c0040,40.7261161,-73.9744206,Residential,5,1600.0,0.0,5.0,1952.0,686137.0,14,1.0618,0.0,0.0,0.0,0.0
r0030_c0021,40.7274675,-74.008324,Commercial,13,311.11,0.1429,11.0,1941.0,1688144.0,13,1.1527,0.0,0.0,0.0,0.0
r0030_c0022,40.7274675,-74.0065396,Commercial,9,711.11,0.375,14.0,1963.0,1383393.0,10,1.0503,88.89,0.0,0.0,0.0
r0030_c0023,40.7274675,-74.0047552,Residential,37,977.78,0.0455,4.2,1851.0,969299.0,40,2.2228,44.44,0.0,0.0,0.0
r0030_c0024,40.7274675,-74.0029708,Residential,47,1466.67,0.3333,4.6,1886.0,441434.0,49,2.3385,0.0,133.33,1.585,0.0
r0030_c0025,40.7274675,-74.0011864,Mixed-Use,42,1111.11,0.6,5.0,1892.0,522901.0,42,2.2414,0.0,222.22,2.3219,0.0
r0030_c0026,40.7274675,-73.9994021,Residential,25,1244.44,0.5,5.8,1897.0,569144.0,29,1.771,44.44,222.22,2.3219,0.2
r0030_c0028,40.7274675,-73.9958333,Mixed-Use,9,711.11,0.25,9.0,1904.0,820378.0,14,2.0537,0.0,222.22,2.3219,0.0
r0030_c0029,40.7274675,-73.9940489,Mixed-Use,28,888.89,0.4,6.7,1903.0,757637.0,28,1.968,0.0,400.0,2.7255,0.1111
r0030_c0030,40.7274675,-73.9922645,Mixed-Use,28,1288.89,0.2069,6.4,1897.0,809046.0,28,2.6298,133.33,88.89,1.0,0.0
r0030_c0031,40.7274675,-73.9904801,Residential,45,1644.44,0.1351,5.8,1902.0,770288.0,51,2.3355,88.89,888.89,3.2414,0.0
r0030_c0032,40.7274675,-73.9886957,Mixed-Use,44,1822.22,0.4634,4.9,1881.0,550271.0,46,2.1538,0.0,488.89,3.0958,0.0
r0030_c0033,40.7274675,-73.9869113,Residential,73,1555.56,0.5429,4.8,1888.0,643526.0,73,1.7979,0.0,444.44,2.5219,0.0
r0030_c0034,40.7274675,-73.9851269,Mixed-Use,60,3111.11,0.5286,4.5,1903.0,471540.0,70,1.2793,88.89,844.44,3.6163,0.0526
r0030_c0035,40.7274675,-73.9833425,Mixed-Use,60,2044.44,0.6087,5.0,1904.0,526723.0,67,1.5865,0.0,355.56,3.0,0.0
r0030_c0036,40.7274675,-73.9815581,Residential,30,1244.44,0.0714,4.7,1881.0,279426.0,36,1.4218,0.0,88.89,-0.0,0.0
r0030_c0037,40.7274675,-73.9797737,Residential,53,1555.56,0.2286,5.1,1917.0,533726.0,53,1.9776,0.0,133.33,1.585,0.0
r0030_c0038,40.7274675,-73.9779893,Residential,28,400.0,0.0,5.4,1934.0,580362.0,33,2.1174,0.0,0.0,0.0,0.0
r0030_c0039,40.7274675,-73.9762049,Residential,5,622.22,0.1429,13.8,1935.0,646433.0,10,0.2304,0.0,133.33,1.585,0.3333
r0031_c0020,40.7288188,-74.0101084,Commercial,3,977.78,0.0,23.0,1994.0,1767731.0,3,0.8555,44.44,0.0,0.0,0.0
r0031_c0021,40.7288188,-74.008324,Commercial,4,133.33,0.0,7.5,1946.0,1692166.0,4,0.8658,0.0,0.0,0.0,0.0
r0031_c0022,40.7288188,-74.0065396,Commercial,4,488.89,0.0909,9.7,1922.0,1325388.0,4,1.2696,88.89,0.0,0.0,0.0
r0031_c0023,40.7288188,-74.0047552,Mixed-Use,35,1911.11,0.4186,4.1,1905.0,758141.0,38,2.3293,88.89,177.78,1.5,0.0
r0031_c0024,40.7288188,-74.0029708,Residential,31,1955.56,0.2045,5.0,1898.0,432576.0,33,2.2243,0.0,44.44,-0.0,0.0
r0031_c0025,40.7288188,-74.0011864,Mixed-Use,56,1644.44,0.6216,4.3,1879.0,493446.0,66,1.7101,0.0,311.11,2.8074,0.0
r0031_c0026,40.7288188,-73.9994021,Mixed-Use,37,2088.89,0.5532,5.6,1883.0,867298.0,43,1.9481,88.89,355.56,2.75,0.0
r0031_c0027,40.7288188,-73.9976177,Institutional,9,1688.89,0.2632,5.5,1921.0,565403.0,9,1.8421,44.44,88.89,1.0,0.0
r0031_c0028,40.7288188,-73.9958333,Institutional,10,800.0,0.0556,9.4,1939.0,855055.0,10,0.881,0.0,0.0,0.0,0.0
r0031_c0029,40.7288188,-73.9940489,Mixed-Use,15,844.44,0.1053,8.7,1918.0,1190320.0,19,1.9507,0.0,266.67,1.4591,0.3333
r0031_c0030,40.7288188,-73.9922645,Commercial,18,666.67,0.2667,5.6,1879.0,899520.0,21,1.32,44.44,44.44,-0.0,0.0
r0031_c0031,40.7288188,-73.9904801,Institutional,12,1688.89,0.1579,5.6,1907.0,602227.0,13,1.5187,133.33,311.11,2.5216,0.1429
r0031_c0032,40.7288188,-73.9886957,Mixed-Use,57,3244.44,0.589,5.0,1897.0,628266.0,61,1.4395,0.0,977.78,4.0615,0.0
r0031_c0033,40.7288188,-73.9869113,Mixed-Use,54,2888.89,0.4615,5.0,1908.0,603802.0,61,1.8117,44.44,1200.0,3.9303,0.037
r0031_c0034,40.7288188,-73.9851269,Mixed-Use,59,2311.11,0.4038,5.1,1908.0,602873.0,67,1.626,88.89,844.44,3.5766,0.0
r0031_c0035,40.7288188,-73.9833425,Mixed-Use,51,1911.11,0.2326,4.9,1914.0,578049.0,59,2.4129,44.44,444.44,2.6464,0.0
r0031_c0036,40.7288188,-73.9815581,Mixed-Use,38,1600.0,0.4722,5.0,1921.0,486487.0,46,1.3026,0.0,88.89,1.0,0.0
r0031_c0037,40.7288188,-73.9797737,Residential,57,888.89,0.15,4.8,1918.0,492782.0,60,2.136,0.0,311.11,2.5216,0.0
r0031_c0038,40.7288188,-73.9779893,Mixed-Use,25,1688.89,0.2632,5.2,1917.0,606373.0,27,0.785,0.0,355.56,2.75,0.0
r0031_c0039,40.7288188,-73.9762049,Residential,5,23066.67,0.0,8.8,1935.0,259412.0,10,0.9426,88.89,88.89,1.0,0.0
r0032_c0020,40.7301702,-74.0101084,Mixed-Use,4,355.56,0.0,7.3,1995.0,298056.0,3,0.9694,44.44,0.0,0.0,0.0
r0032_c0021,40.7301702,-74.008324,Residential,17,88.89,0.0,6.4,1962.0,695996.0,17,2.2268,0.0,44.44,-0.0,0.0
r0032_c0022,40.7301702,-74.0065396,Mixed-Use,31,1288.89,0.069,3.9,1861.0,619617.0,32,2.1487,0.0,44.44,-0.0,0.0
r0032_c0023,40.7301702,-74.0047552,Residential,55,844.44,0.5789,4.0,1891.0,450139.0,60,2.446,0.0,133.33,1.585,0.0
r0032_c0024,40.7301702,-74.0029708,Mixed-Use,51,1733.33,0.5128,4.3,1877.0,451167.0,54,2.363,0.0,444.44,3.1219,0.2
r0032_c0025,40.7301702,-74.0011864,Mixed-Use,51,2266.67,0.6863,4.4,1887.0,535559.0,55,2.2203,0.0,266.67,2.2516,0.1667
r0032_c0026,40.7301702,-73.9994021,Institutional,30,1644.44,0.5405,5.2,1883.0,839211.0,37,1.4538,0.0,133.33,1.585,0.0
r0032_c0027,40.7301702,-73.9976177,Institutional,3,8044.44,0.0055,7.7,1968.0,347457.0,3,-0.0,88.89,0.0,0.0,0.0
r0032_c0028,40.7301702,-73.9958333,Institutional,10,6622.22,0.0336,9.9,1905.0,758775.0,10,0.6267,88.89,44.44,-0.0,0.0
r0032_c0029,40.7301702,-73.9940489,Institutional,12,577.78,0.5385,10.0,1906.0,1376685.0,17,1.6078,0.0,0.0,0.0,0.0
r0032_c0030,40.7301702,-73.9922645,Commercial,7,1466.67,0.1818,13.9,1903.0,2134342.0,9,1.2647,0.0,488.89,3.0958,0.3636
r0032_c0031,40.7301702,-73.9904801,Commercial,13,1155.56,0.2308,7.9,1932.0,877888.0,12,1.6623,44.44,133.33,0.9183,0.6667
r0032_c0032,40.7301702,-73.9886957,Residential,45,1466.67,0.3939,5.1,1889.0,552886.0,51,2.4362,0.0,311.11,2.5216,0.1429
r0032_c0033,40.7301702,-73.9869113,Residential,27,1644.44,0.4595,5.5,1889.0,498307.0,27,2.1664,0.0,355.56,3.0,0.25
r0032_c0034,40.7301702,-73.9851269,Mixed-Use,35,1333.33,0.2,5.4,1910.0,645357.0,39,2.0647,0.0,444.44,2.6464,0.1
r0032_c0035,40.7301702,-73.9833425,Mixed-Use,41,1911.11,0.4651,4.9,1906.0,390820.0,45,1.4578,0.0,622.22,3.182,0.0714
r0032_c0036,40.7301702,-73.9815581,Mixed-Use,38,1955.56,0.3409,5.2,1923.0,681608.0,47,1.6418,0.0,488.89,2.6635,0.1818
r0032_c0037,40.7301702,-73.9797737,Mixed-Use,11,4488.89,0.0495,5.3,1934.0,370019.0,16,0.4472,0.0,444.44,3.1219,0.2
r0033_c0020,40.7315215,-74.0101084,Residential,3,266.67,0.0,8.7,1995.0,538987.0,21,0.9947,44.44,0.0,0.0,0.0
r0033_c0021,40.7315215,-74.008324,Mixed-Use,8,177.78,0.0,8.0,1932.0,696852.0,8,1.9847,0.0,44.44,-0.0,0.0
r0033_c0022,40.7315215,-74.0065396,Mixed-Use,37,1066.67,0.1667,3.7,1859.0,396869.0,40,1.9525,0.0,44.44,-0.0,0.0
r0033_c0023,40.7315215,-74.0047552,Residential,79,533.33,0.4167,3.5,1865.0,399691.0,82,1.9041,0.0,0.0,0.0,0.0
r0033_c0024,40.7315215,-74.0029708,Mixed-Use,74,1200.0,0.5556,4.0,1870.0,590668.0,85,2.0483,0.0,400.0,3.1699,0.0
r0033_c0025,40.7315215,-74.0011864,Mixed-Use,48,1377.78,0.4194,4.4,1881.0,509147.0,58,1.7361,0.0,177.78,2.0,0.0
r0033_c0026,40.7315215,-73.9994021,Residential,25,5466.67,0.0244,6.5,1878.0,716751.0,25,1.9162,44.44,0.0,0.0,0.0
r0033_c0027,40.7315215,-73.9976177,Open Space,7,7644.44,0.0,5.6,1919.0,531031.0,12,0.7502,44.44,0.0,0.0,0.0
r0033_c0028,40.7315215,-73.9958333,Institutional,18,1777.78,0.05,6.9,1901.0,904634.0,43,1.268,0.0,222.22,2.3219,0.0
r0033_c0029,40.7315215,-73.9940489,Mixed-Use,8,1200.0,0.2593,8.1,1943.0,842233.0,8,1.7705,44.44,266.67,2.585,0.0
r0033_c0030,40.7315215,-73.9922645,Mixed-Use,8,355.56,0.125,9.8,1947.0,939531.0,9,1.353,0.0,177.78,2.0,0.25
r0033_c0031,40.7315215,-73.9904801,Residential,10,800.0,0.4444,8.0,1933.0,1140858.0,9,1.663,0.0,44.44,-0.0,0.0
r0033_c0032,40.7315215,-73.9886957,Mixed-Use,19,977.78,0.3182,8.6,1945.0,968088.0,14,2.1129,44.44,222.22,1.9219,0.0
r0033_c0033,40.7315215,-73.9869113,Residential,47,444.44,0.3,5.0,1912.0,713887.0,51,1.9111,0.0,266.67,2.2516,0.0
r0033_c0034,40.7315215,-73.9851269,Mixed-Use,29,1200.0,0.3704,4.8,1911.0,402538.0,32,2.5464,44.44,222.22,2.3219,0.0
r0033_c0035,40.7315215,-73.9833425,Mixed-Use,40,2311.11,0.3269,4.8,1917.0,583443.0,42,2.2388,0.0,755.56,3.4548,0.1765
r0034_c0020,40.7328729,-74.0101084,Residential,20,977.78,0.0455,4.5,1907.0,237463.0,23,2.1816,177.78,44.44,-0.0,0.0
r0034_c0021,40.7328729,-74.008324,Mixed-Use,17,355.56,0.375,4.4,1893.0,922870.0,21,1.9939,0.0,44.44,-0.0,0.0
r0034_c0022,40.7328729,-74.0065396,Institutional,45,888.89,0.35,3.4,1883.0,349758.0,47,2.4843,0.0,44.44,-0.0,0.0
r0034_c0023,40.7328729,-74.0047552,Residential,66,1244.44,0.5,4.4,1871.0,673967.0,72,1.9554,44.44,400.0,2.9477,0.1111
r0034_c0024,40.7328729,-74.0029708,Mixed-Use,43,1600.0,0.7222,4.2,1896.0,611758.0,46,1.8631,0.0,222.22,1.9219,0.0
r0034_c0025,40.7328729,-74.0011864,Residential,62,711.11,0.25,4.3,1868.0,627440.0,73,2.2698,0.0,355.56,2.5,0.0
r0034_c0026,40.7328729,-73.9994021,Mixed-Use,45,1511.11,0.2353,4.2,1883.0,504964.0,51,2.1485,0.0,666.67,3.3232,0.2667
r0034_c0027,40.7328729,-73.9976177,Mixed-Use,53,1777.78,0.375,4.4,1874.0,615821.0,64,2.187,88.89,444.44,2.6464,0.1
r0034_c0028,40.7328729,-73.9958333,Residential,23,177.78,0.25,8.9,1884.0,1450520.0,23,1.7934,0.0,44.44,-0.0,0.0
r0034_c0029,40.7328729,-73.9940489,Residential,38,1466.67,0.303,5.6,1876.0,820421.0,43,1.9211,44.44,488.89,3.0958,0.0909
r0034_c0030,40.7328729,-73.9922645,Mixed-Use,32,1022.22,0.3043,8.0,1923.0,1250946.0,33,2.1939,0.0,444.44,2.6464,0.0
r0034_c0031,40.7328729,-73.9904801,Mixed-Use,19,1688.89,0.1842,8.2,1919.0,1031863.0,21,1.7516,44.44,755.56,3.6901,0.0
r0034_c0032,40.7328729,-73.9886957,Mixed-Use,31,844.44,0.4737,6.6,1921.0,1156062.0,34,1.6473,0.0,88.89,1.0,0.5
r0034_c0033,40.7328729,-73.9869113,Mixed-Use,30,2222.22,0.4,6.9,1929.0,829189.0,34,1.689,88.89,400.0,2.9477,0.1111
r0034_c0034,40.7328729,-73.9851269,Mixed-Use,25,1866.67,0.381,5.4,1918.0,496383.0,26,2.0586,88.89,400.0,2.6416,0.0
r0034_c0035,40.7328729,-73.9833425,Institutional,16,222.22,0.0,5.8,1914.0,531967.0,16,1.7433,0.0,44.44,-0.0,0.0
r0034_c0036,40.7328729,-73.9815581,Institutional,11,2000.0,0.2222,6.1,1923.0,483625.0,12,1.2533,0.0,400.0,2.6416,0.1111
r0035_c0020,40.7342242,-74.0101084,Residential,10,622.22,0.0714,8.6,1957.0,558669.0,14,1.0999,44.44,0.0,0.0,0.0
r0035_c0021,40.7342242,-74.008324,Residential,29,133.33,0.0,5.0,1922.0,584458.0,32,2.1494,0.0,0.0,0.0,0.0
r0035_c0022,40.7342242,-74.0065396,Residential,37,844.44,0.4211,4.5,1886.0,575959.0,53,2.047,0.0,88.89,1.0,0.0
r0035_c0023,40.7342242,-74.0047552,Residential,51,977.78,0.2273,4.4,1878.0,575629.0,61,2.3256,0.0,266.67,1.2516,0.1667
r0035_c0024,40.7342242,-74.0029708,Residential,50,1066.67,0.5833,4.0,1881.0,430745.0,66,2.3481,88.89,88.89,1.0,0.5
r0035_c0025,40.7342242,-74.0011864,Residential,53,755.56,0.4706,4.5,1881.0,724939.0,63,2.2631,44.44,177.78,2.0,0.0
r0035_c0026,40.7342242,-73.9994021,Mixed-Use,32,1911.11,0.2791,4.3,1882.0,477063.0,36,1.9569,0.0,666.67,3.6402,0.0667
r0035_c0027,40.7342242,-73.9976177,Residential,67,222.22,0.2,4.4,1859.0,628079.0,71,1.9543,0.0,44.44,-0.0,0.0
r0035_c0028,40.7342242,-73.9958333,Residential,43,133.33,0.0,4.2,1858.0,832317.0,45,2.3111,44.44,0.0,0.0,0.0
r0035_c0029,40.7342242,-73.9940489,Residential,36,933.33,0.2857,7.7,1897.0,1298125.0,38,2.3633,44.44,88.89,1.0,0.0
r0035_c0030,40.7342242,-73.9922645,Residential,27,1777.78,0.45,7.0,1925.0,1115595.0,30,1.8976,0.0,177.78,2.0,0.75
r0035_c0031,40.7342242,-73.9904801,Commercial,7,2933.33,0.1515,9.0,1907.0,586706.0,8,0.5108,44.44,622.22,3.3249,0.5
r0035_c0032,40.7342242,-73.9886957,Mixed-Use,6,977.78,0.4545,17.0,1980.0,1747526.0,6,1.3072,0.0,44.44,-0.0,0.0
r0035_c0033,40.7342242,-73.9869113,Mixed-Use,20,800.0,0.2222,7.5,1918.0,769530.0,20,1.8554,0.0,355.56,2.1556,0.0
r0035_c0034,40.7342242,-73.9851269,Mixed-Use,25,1688.89,0.1053,4.2,1889.0,356838.0,29,2.1432,0.0,88.89,1.0,0.0
r0035_c0035,40.7342242,-73.9833425,Institutional,18,711.11,0.0625,5.7,1905.0,643327.0,18,1.8698,0.0,0.0,0.0,0.0
r0035_c0036,40.7342242,-73.9815581,Residential,65,355.56,0.125,4.7,1914.0,669892.0,72,2.2778,0.0,222.22,1.9219,0.0
r0035_c0037,40.7342242,-73.9797737,Mixed-Use,5,3422.22,0.0519,3.8,1910.0,28414.0,6,0.9167,0.0,400.0,3.1699,0.1111
r0036_c0020,40.7355756,-74.0101084,Residential,8,1066.67,0.0,7.9,1954.0,240715.0,8,0.9679,0.0,0.0,0.0,0.0
r0036_c0021,40.7355756,-74.008324,Residential,35,1244.44,0.1429,4.3,1894.0,594159.0,57,2.0533,0.0,44.44,-0.0,0.0
r0036_c0022,40.7355756,-74.0065396,Residential,50,1466.67,0.3636,3.9,1878.0,457828.0,62,2.3279,0.0,177.78,2.0,0.0
r0036_c0023,40.7355756,-74.0047552,Residential,79,311.11,0.2857,4.1,1868.0,525072.0,82,1.6602,0.0,222.22,1.9219,0.2
r0036_c0024,40.7355756,-74.0029708,Residential,80,355.56,0.375,3.5,1869.0,490661.0,93,2.0809,44.44,88.89,1.0,0.5
r0036_c0025,40.7355756,-74.0011864,Mixed-Use,54,1377.78,0.4839,4.1,1874.0,428698.0,62,1.835,44.44,177.78,2.0,0.0
r0036_c0026,40.7355756,-73.9994021,Residential,61,711.11,0.0625,3.4,1855.0,372871.0,61,2.5136,0.0,44.44,-0.0,0.0
r0036_c0027,40.7355756,-73.9976177,Residential,34,1022.22,0.3478,5.4,1882.0,814167.0,37,2.1527,0.0,266.67,2.585,0.3333
r0036_c0028,40.7355756,-73.9958333,Residential,38,488.89,0.0909,5.7,1878.0,909701.0,40,1.8373,44.44,133.33,1.585,0.0
r0036_c0029,40.7355756,-73.9940489,Mixed-Use,17,1777.78,0.075,8.9,1932.0,1072828.0,17,2.0962,0.0,222.22,2.3219,0.2
r0036_c0030,40.7355756,-73.9922645,Mixed-Use,20,2800.0,0.2381,8.2,1930.0,1406963.0,21,2.0233,177.78,622.22,3.5216,0.5714
r0036_c0032,40.7355756,-73.9886957,Commercial,24,1244.44,0.1786,6.5,1901.0,1098732.0,24,1.6817,44.44,88.89,1.0,0.5
r0036_c0033,40.7355756,-73.9869113,Mixed-Use,22,711.11,0.5625,6.2,1914.0,1115062.0,24,2.1608,44.44,88.89,1.0,0.0
r0036_c0034,40.7355756,-73.9851269,Residential,35,800.0,0.2222,5.9,1894.0,1163821.0,36,2.295,44.44,311.11,2.8074,0.0
r0036_c0035,40.7355756,-73.9833425,Residential,30,488.89,0.2727,6.1,1926.0,1177367.0,33,1.8846,0.0,177.78,1.5,0.0
r0036_c0036,40.7355756,-73.9815581,Institutional,20,577.78,0.0,4.0,1919.0,417732.0,20,1.3491,0.0,0.0,0.0,0.0
r0036_c0037,40.7355756,-73.9797737,Mixed-Use,23,1200.0,0.2963,4.2,1919.0,215107.0,26,1.7212,0.0,666.67,3.4566,0.0667
r0037_c0021,40.7369269,-74.008324,Mixed-Use,30,266.67,0.0,4.3,1890.0,1112527.0,35,1.95,0.0,0.0,0.0,0.0
r0037_c0022,40.7369269,-74.0065396,Residential,40,400.0,0.3333,4.1,1872.0,437930.0,45,1.798,0.0,44.44,-0.0,1.0
r0037_c0023,40.7369269,-74.0047552,Residential,47,666.67,0.2,4.4,1873.0,590278.0,47,2.2911,44.44,44.44,-0.0,0.0
r0037_c0024,40.7369269,-74.0029708,Residential,86,177.78,0.5,3.5,1861.0,452543.0,87,1.1971,0.0,44.44,-0.0,0.0
r0037_c0025,40.7369269,-74.0011864,Mixed-Use,25,977.78,0.1818,4.1,1884.0,233126.0,26,2.4356,0.0,44.44,-0.0,0.0
r0037_c0026,40.7369269,-73.9994021,Mixed-Use,37,311.11,0.4286,4.7,1871.0,1115905.0,44,1.8349,0.0,0.0,0.0,0.0
r0037_c0027,40.7369269,-73.9976177,Mixed-Use,27,933.33,0.4762,6.5,1904.0,1246843.0,33,2.0348,0.0,133.33,1.585,0.0
r0037_c0028,40.7369269,-73.9958333,Mixed-Use,23,1466.67,0.1212,7.9,1923.0,1221597.0,25,1.9709,0.0,355.56,3.0,0.25
r0037_c0029,40.7369269,-73.9940489,Residential,16,933.33,0.0476,12.8,1938.0,1780426.0,17,1.6097,0.0,311.11,2.5216,0.5714
r0037_c0030,40.7369269,-73.9922645,Commercial,21,1422.22,0.1562,10.5,1915.0,1394382.0,23,1.9487,0.0,444.44,1.571,0.5
r0037_c0031,40.7369269,-73.9904801,Commercial,26,3688.89,0.2651,5.8,1885.0,602876.0,27,0.9966,88.89,400.0,2.9477,0.5556
r0037_c0032,40.7369269,-73.9886957,Commercial,11,888.89,0.25,11.5,1909.0,1686815.0,11,0.9447,44.44,133.33,1.585,0.6667
r0037_c0033,40.7369269,-73.9869113,Residential,50,488.89,0.7273,6.0,1901.0,742449.0,55,2.5945,0.0,44.44,-0.0,0.0
r0037_c0034,40.7369269,-73.9851269,Residential,40,888.89,0.35,6.3,1885.0,834275.0,36,2.3367,0.0,400.0,3.1699,0.0
r0037_c0035,40.7369269,-73.9833425,Residential,25,400.0,0.1111,6.2,1931.0,863507.0,26,2.1048,0.0,222.22,2.3219,0.2
r0037_c0036,40.7369269,-73.9815581,Mixed-Use,16,1111.11,0.12,9.4,1941.0,1035015.0,17,2.1899,0.0,311.11,2.8074,0.0
r0037_c0037,40.7369269,-73.9797737,Mixed-Use,22,1244.44,0.1429,7.5,1942.0,927177.0,27,1.3638,0.0,533.33,3.2516,0.0
r0037_c0039,40.7369269,-73.9762049,Institutional,3,4800.0,0.0,10.0,1928.0,1405231.0,4,0.8495,0.0,44.44,-0.0,0.0
r0038_c0020,40.7382783,-74.0101084,Residential,5,1244.44,0.0,9.5,1980.0,231490.0,5,2.1028,88.89,0.0,0.0,0.0
r0038_c0021,40.7382783,-74.008324,Residential,23,444.44,0.0,5.0,1907.0,620078.0,25,1.603,0.0,0.0,0.0,0.0
r0038_c0022,40.7382783,-74.0065396,Residential,73,222.22,0.2,3.8,1869.0,706315.0,78,2.1857,0.0,0.0,0.0,0.0
r0038_c0023,40.7382783,-74.0047552,Residential,57,888.89,0.6,4.1,1861.0,487595.0,67,1.9886,0.0,355.56,2.4056,0.125
r0038_c0024,40.7382783,-74.0029708,Residential,50,666.67,0.2667,4.8,1869.0,794413.0,60,2.2865,0.0,88.89,1.0,0.0
r0038_c0025,40.7382783,-74.0011864,Mixed-Use,44,844.44,0.3158,4.7,1888.0,755813.0,50,2.0574,0.0,222.22,2.3219,0.0
r0038_c0026,40.7382783,-73.9994021,Residential,30,1155.56,0.3462,6.6,1898.0,1100380.0,30,2.3132,88.89,44.44,-0.0,0.0
r0038_c0027,40.7382783,-73.9976177,Mixed-Use,38,577.78,0.2308,4.8,1920.0,787213.0,43,1.7572,0.0,0.0,0.0,0.0
r0038_c0028,40.7382783,-73.9958333,Residential,18,977.78,0.3182,7.1,1932.0,827429.0,18,2.0083,0.0,311.11,2.5216,0.0
r0038_c0029,40.7382783,-73.9940489,Mixed-Use,41,577.78,0.5385,7.1,1909.0,1218144.0,48,2.2625,133.33,44.44,-0.0,0.0
r0038_c0030,40.7382783,-73.9922645,Commercial,21,1333.33,0.1,9.8,1900.0,1500092.0,20,1.2479,0.0,711.11,1.3113,0.75
r0038_c0031,40.7382783,-73.9904801,Commercial,20,1200.0,0.2593,7.1,1886.0,1079289.0,23,1.425,0.0,533.33,3.085,0.5
r0038_c0032,40.7382783,-73.9886957,Commercial,28,1111.11,0.52,8.3,1898.0,1517894.0,28,1.8663,0.0,88.89,1.0,0.5
r0038_c0033,40.7382783,-73.9869113,Residential,21,711.11,0.4375,8.0,1884.0,1114492.0,23,2.2563,0.0,177.78,2.0,0.75
r0038_c0034,40.7382783,-73.9851269,Open Space,17,533.33,0.1667,10.1,1932.0,872705.0,17,1.9676,0.0,0.0,0.0,0.0
r0038_c0035,40.7382783,-73.9833425,Mixed-Use,30,1688.89,0.3421,8.2,1942.0,1162228.0,32,1.519,44.44,577.78,3.3927,0.0769
r0038_c0036,40.7382783,-73.9815581,Mixed-Use,24,977.78,0.4091,7.2,1934.0,911483.0,28,1.7131,44.44,266.67,1.9183,0.0
r0038_c0037,40.7382783,-73.9797737,Residential,5,755.56,0.1176,19.4,1969.0,1742708.0,10,-0.0,0.0,533.33,3.2516,0.0833
r0038_c0038,40.7382783,-73.9779893,Institutional,11,800.0,0.0,9.0,1946.0,906836.0,15,0.8065,0.0,88.89,1.0,0.0
r0039_c0021,40.7396296,-74.008324,Mixed-Use,15,711.11,0.25,3.7,1919.0,907958.0,21,2.1829,88.89,133.33,1.585,0.3333
r0039_c0022,40.7396296,-74.0065396,Commercial,26,844.44,0.4211,4.3,1904.0,568477.0,32,1.2576,44.44,266.67,2.2516,0.6667
r0039_c0023,40.7396296,-74.0047552,Mixed-Use,13,888.89,0.15,5.2,1921.0,477860.0,15,2.3718,0.0,44.44,-0.0,0.0
r0039_c0024,40.7396296,-74.0029708,Mixed-Use,30,1600.0,0.1667,4.9,1903.0,408263.0,33,2.2021,177.78,88.89,1.0,0.0
r0039_c0025,40.7396296,-74.0011864,Residential,47,577.78,0.6154,5.3,1917.0,770744.0,53,2.1223,0.0,177.78,2.0,0.0
r0039_c0026,40.7396296,-73.9994021,Residential,35,488.89,0.1818,6.1,1917.0,882181.0,38,1.7464,0.0,88.89,-0.0,0.5
r0039_c0027,40.7396296,-73.9976177,Residential,32,577.78,0.0769,6.6,1922.0,949547.0,33,2.0378,44.44,88.89,1.0,0.5
r0039_c0028,40.7396296,-73.9958333,Mixed-Use,30,1600.0,0.1667,4.8,1919.0,606482.0,31,1.5557,0.0,577.78,3.2389,0.5385
r0039_c0029,40.7396296,-73.9940489,Commercial,14,933.33,0.1905,9.1,1907.0,1355332.0,18,0.8794,0.0,222.22,1.9219,0.6
r0039_c0030,40.7396296,-73.9922645,Commercial,36,844.44,0.3158,7.5,1887.0,1441408.0,35,1.1565,0.0,222.22,1.9219,0.4
r0039_c0031,40.7396296,-73.9904801,Commercial,24,2177.78,0.1633,8.3,1886.0,1213148.0,26,1.0955,0.0,977.78,2.5726,0.5455
r0039_c0032,40.7396296,-73.9886957,Mixed-Use,46,888.89,0.4,7.5,1893.0,1403171.0,47,2.077,0.0,133.33,1.585,0.3333
r0039_c0033,40.7396296,-73.9869113,Mixed-Use,13,800.0,0.3889,15.5,1928.0,1382296.0,13,1.55,0.0,266.67,2.585,0.8333
r0039_c0034,40.7396296,-73.9851269,Mixed-Use,21,1155.56,0.5,8.6,1929.0,1455638.0,24,1.7778,44.44,44.44,-0.0,0.0
r0039_c0035,40.7396296,-73.9833425,Institutional,13,1066.67,0.1667,12.3,1960.0,1786466.0,13,1.8223,133.33,133.33,1.585,0.0
r0039_c0036,40.7396296,-73.9815581,Residential,40,977.78,0.1818,5.8,1925.0,908544.0,47,1.7175,177.78,355.56,2.5,0.125
r0039_c0037,40.7396296,-73.9797737,Mixed-Use,21,977.78,0.1818,8.3,1937.0,1208599.0,24,1.3935,177.78,311.11,2.5216,0.0
r0039_c0038,40.7396296,-73.9779893,Open Space,3,800.0,0.0556,11.5,1989.0,356805.0,2,1.1678,44.44,0.0,0.0,0.0
r0040_c0021,40.740981,-74.008324,Commercial,12,1511.11,0.2353,7.4,1959.0,500280.0,8,0.8551,266.67,44.44,-0.0,1.0
r0040_c0022,40.740981,-74.0065396,Commercial,20,1244.44,0.2143,4.8,1901.0,780789.0,20,0.2474,88.89,755.56,2.6962,0.7647
r0040_c0023,40.740981,-74.0047552,Mixed-Use,22,1022.22,0.5217,6.0,1906.0,652740.0,25,1.8555,44.44,88.89,1.0,1.0
r0040_c0024,40.740981,-74.0029708,Commercial,24,444.44,0.1,5.1,1909.0,2451520.0,26,1.5042,88.89,0.0,0.0,0.0
r0040_c0025,40.740981,-74.0011864,Mixed-Use,24,1066.67,0.3333,5.8,1921.0,669662.0,33,1.8809,44.44,88.89,1.0,0.0
r0040_c0026,40.740981,-73.9994021,Mixed-Use,32,533.33,0.0833,6.6,1917.0,1226375.0,45,2.0125,0.0,177.78,2.0,0.25
r0040_c0027,40.740981,-73.9976177,Mixed-Use,18,444.44,0.2,7.5,1951.0,707408.0,19,1.9135,0.0,0.0,0.0,0.0
r0040_c0028,40.740981,-73.9958333,Commercial,23,711.11,0.125,7.1,1921.0,1120253.0,23,1.878,0.0,44.44,-0.0,0.0
r0040_c0029,40.740981,-73.9940489,Commercial,19,1155.56,0.3077,5.7,1876.0,891310.0,20,1.2837,0.0,311.11,2.5216,0.5714
r0040_c0030,40.740981,-73.9922645,Commercial,36,622.22,0.4286,9.4,1907.0,1858066.0,37,1.3433,0.0,88.89,1.0,0.0
r0040_c0031,40.740981,-73.9904801,Commercial,24,1555.56,0.1429,7.6,1893.0,1050136.0,26,1.1312,88.89,488.89,2.7322,0.2727
r0040_c0032,40.740981,-73.9886957,Mixed-Use,10,3200.0,0.0972,12.9,1930.0,741841.0,10,1.2866,222.22,444.44,3.1219,0.2
r0040_c0033,40.740981,-73.9869113,Commercial,8,888.89,0.35,17.5,1920.0,3192648.0,8,-0.0,88.89,44.44,-0.0,1.0
r0040_c0034,40.740981,-73.9851269,Commercial,17,933.33,0.2857,10.5,1931.0,1081315.0,18,1.5674,88.89,88.89,1.0,0.5
r0040_c0035,40.740981,-73.9833425,Institutional,21,933.33,0.2857,5.3,1918.0,700288.0,21,1.6467,88.89,177.78,1.5,0.0
r0040_c0036,40.740981,-73.9815581,Mixed-Use,37,2444.44,0.4,7.0,1928.0,1011728.0,37,1.1928,44.44,1022.22,3.5884,0.0435
r0040_c0037,40.740981,-73.9797737,Residential,28,711.11,0.125,6.2,1930.0,643835.0,31,1.5598,44.44,133.33,1.585,0.0
r0040_c0038,40.740981,-73.9779893,Mixed-Use,6,622.22,0.2143,11.2,1942.0,1024094.0,13,0.3865,0.0,177.78,1.5,0.25
r0040_c0039,40.740981,-73.9762049,Residential,15,622.22,0.1429,7.3,1929.0,680617.0,16,1.4737,0.0,44.44,-0.0,0.0
r0041_c0021,40.7423323,-74.008324,Commercial,4,3244.44,0.0548,6.3,1952.0,127955.0,3,0.9932,400.0,177.78,0.8113,0.25
r0041_c0022,40.7423323,-74.0065396,Commercial,8,977.78,0.5,6.6,1935.0,1734637.0,9,0.1393,44.44,177.78,1.5,0.5
r0041_c0023,40.7423323,-74.0047552,Residential,3,1600.0,0.3889,9.3,1983.0,531718.0,6,0.7625,44.44,266.67,2.585,0.1667
r0041_c0024,40.7423323,-74.0029708,Institutional,31,622.22,0.0714,5.2,1914.0,674110.0,32,1.8288,44.44,88.89,1.0,0.0
r0041_c0025,40.7423323,-74.0011864,Residential,41,1244.44,0.2857,4.3,1912.0,360038.0,41,2.0924,44.44,177.78,2.0,0.0
r0041_c0026,40.7423323,-73.9994021,Mixed-Use,52,1022.22,0.3913,4.9,1917.0,836692.0,56,2.1718,44.44,177.78,2.0,0.25
r0041_c0027,40.7423323,-73.9976177,Mixed-Use,44,933.33,0.1905,5.7,1920.0,951556.0,49,1.8927,0.0,177.78,1.5,0.0
r0041_c0028,40.7423323,-73.9958333,Mixed-Use,31,533.33,0.25,8.0,1929.0,1221131.0,32,2.0833,0.0,133.33,1.585,0.3333
r0041_c0029,40.7423323,-73.9940489,Mixed-Use,20,977.78,0.3182,9.2,1930.0,1127934.0,20,1.6999,0.0,400.0,2.4194,0.5556
r0041_c0030,40.7423323,-73.9922645,Mixed-Use,13,1422.22,0.3125,6.8,1894.0,980020.0,14,1.2547,0.0,266.67,2.585,0.3333
r0041_c0031,40.7423323,-73.9904801,Commercial,18,1155.56,0.3077,7.8,1892.0,1943559.0,21,0.9687,0.0,222.22,2.3219,0.6
r0041_c0032,40.7423323,-73.9886957,Open Space,3,3200.0,0.0417,8.7,1910.0,286840.0,3,0.3523,88.89,355.56,3.0,0.75
r0041_c0033,40.7423323,-73.9869113,Commercial,3,2800.0,0.0159,29.7,1952.0,729714.0,3,1.5093,800.0,88.89,1.0,0.5
r0041_c0034,40.7423323,-73.9851269,Commercial,10,577.78,0.4615,12.9,1924.0,2225412.0,10,0.1305,44.44,0.0,0.0,0.0
r0041_c0035,40.7423323,-73.9833425,Commercial,44,1911.11,0.5581,6.0,1920.0,1289017.0,42,2.0687,44.44,444.44,3.1219,0.1
r0041_c0036,40.7423323,-73.9815581,Mixed-Use,38,1733.33,0.3846,6.6,1930.0,850635.0,39,1.7594,0.0,755.56,3.6901,0.0
r0041_c0037,40.7423323,-73.9797737,Residential,43,1466.67,0.2121,6.0,1924.0,1126849.0,44,1.9739,44.44,666.67,3.2402,0.2667
r0041_c0038,40.7423323,-73.9779893,Mixed-Use,39,1422.22,0.2188,4.5,1919.0,541326.0,43,2.5712,133.33,222.22,2.3219,0.0
r0041_c0039,40.7423323,-73.9762049,Mixed-Use,4,311.11,0.0,11.0,1975.0,1094390.0,6,0.6272,0.0,44.44,-0.0,1.0
r0041_c0040,40.7423323,-73.9744206,Institutional,3,488.89,0.1818,17.0,1974.0,629434.0,3,0.4006,0.0,0.0,0.0,0.0
r0042_c0022,40.7436837,-74.0065396,Mixed-Use,9,488.89,0.1818,5.9,1939.0,601398.0,8,1.3464,88.89,88.89,1.0,0.0
r0042_c0023,40.7436837,-74.0047552,Residential,6,355.56,0.0,6.5,1948.0,698830.0,12,1.0964,0.0,0.0,0.0,0.0
r0042_c0024,40.7436837,-74.0029708,Mixed-Use,36,1600.0,0.2222,4.0,1898.0,535306.0,39,1.843,0.0,222.22,2.3219,0.0
r0042_c0025,40.7436837,-74.0011864,Residential,55,311.11,0.0,3.8,1889.0,538805.0,62,2.2351,0.0,88.89,1.0,0.5
r0042_c0026,40.7436837,-73.9994021,Residential,47,1644.44,0.3514,4.4,1907.0,410102.0,66,1.8202,177.78,533.33,3.1887,0.1667
r0042_c0027,40.7436837,-73.9976177,Residential,51,44.44,0.0,5.0,1912.0,881302.0,57,1.8061,0.0,0.0,0.0,0.0
r0042_c0028,40.7436837,-73.9958333,Mixed-Use,29,1466.67,0.303,5.4,1918.0,636921.0,31,1.5864,44.44,177.78,2.0,0.0
r0042_c0029,40.7436837,-73.9940489,Mixed-Use,25,844.44,0.1053,9.8,1934.0,1334318.0,29,1.8662,133.33,133.33,1.585,0.0
r0042_c0030,40.7436837,-73.9922645,Mixed-Use,16,1377.78,0.1613,17.3,1947.0,1554476.0,15,2.1285,133.33,266.67,2.2516,0.5
r0042_c0031,40.7436837,-73.9904801,Commercial,32,888.89,0.35,9.7,1917.0,1806381.0,31,1.8588,177.78,222.22,2.3219,0.0
r0042_c0032,40.7436837,-73.9886957,Commercial,21,2000.0,0.4222,10.0,1889.0,1386020.0,23,0.7419,44.44,355.56,2.75,0.125
r0042_c0033,40.7436837,-73.9869113,Mixed-Use,17,888.89,0.3,12.2,1912.0,1555614.0,17,1.6968,177.78,88.89,1.0,0.0
r0042_c0034,40.7436837,-73.9851269,Commercial,15,800.0,0.3333,14.8,1938.0,2079224.0,15,1.3407,44.44,177.78,2.0,0.25
r0042_c0035,40.7436837,-73.9833425,Mixed-Use,29,977.78,0.3636,8.4,1923.0,1052639.0,29,2.5533,133.33,177.78,2.0,0.25
r0042_c0036,40.7436837,-73.9815581,Residential,60,1022.22,0.1304,5.4,1922.0,663231.0,62,2.4919,44.44,400.0,2.9477,0.0
r0042_c0037,40.7436837,-73.9797737,Mixed-Use,30,2133.33,0.2917,6.9,1925.0,696496.0,35,1.9951,0.0,488.89,3.2776,0.1818
r0042_c0038,40.7436837,-73.9779893,Residential,67,755.56,0.2353,3.9,1907.0,429568.0,73,1.9362,0.0,177.78,2.0,0.25
r0042_c0039,40.7436837,-73.9762049,Mixed-Use,12,577.78,0.3846,8.5,1930.0,711715.0,12,1.1661,0.0,177.78,2.0,0.0
r0042_c0040,40.7436837,-73.9744206,Mixed-Use,22,800.0,0.2222,7.2,1931.0,689011.0,26,1.9317,0.0,355.56,2.5,0.0
r0042_c0041,40.7436837,-73.9726362,Institutional,3,711.11,0.25,34.0,1942.0,3057669.0,10,0.7356,44.44,0.0,0.0,0.0
r0043_c0022,40.745035,-74.0065396,Mixed-Use,14,800.0,0.1667,10.3,1969.0,1365747.0,17,0.4076,177.78,88.89,1.0,0.0
r0043_c0023,40.745035,-74.0047552,Residential,35,400.0,0.0,5.6,1900.0,601554.0,41,2.0369,0.0,0.0,0.0,0.0
r0043_c0024,40.745035,-74.0029708,Institutional,33,666.67,0.4667,4.5,1877.0,574408.0,37,2.059,0.0,133.33,1.585,0.0
r0043_c0025,40.745035,-74.0011864,Residential,60,444.44,0.2,4.1,1871.0,578645.0,61,1.7848,0.0,88.89,1.0,0.0
r0043_c0026,40.745035,-73.9994021,Residential,41,1511.11,0.2941,5.2,1893.0,662609.0,43,2.1677,177.78,444.44,3.1219,0.1
r0043_c0027,40.745035,-73.9976177,Residential,31,1155.56,0.3462,5.0,1919.0,713163.0,32,2.3617,44.44,266.67,2.585,0.3333
r0043_c0028,40.745035,-73.9958333,Mixed-Use,20,1022.22,0.087,7.8,1933.0,1672665.0,23,1.8425,0.0,311.11,2.8074,0.4286
r0043_c0029,40.745035,-73.9940489,Commercial,31,1111.11,0.32,9.8,1920.0,1752446.0,32,1.4296,88.89,266.67,2.585,0.1667
r0043_c0030,40.745035,-73.9922645,Commercial,34,1466.67,0.1818,9.9,1926.0,1688307.0,37,1.5511,44.44,666.67,3.3232,0.1333
r0043_c0031,40.745035,-73.9904801,Commercial,27,1866.67,0.3571,9.7,1910.0,1572602.0,28,1.4662,44.44,400.0,3.1699,0.1111
r0043_c0032,40.745035,-73.9886957,Commercial,36,1822.22,0.3171,8.7,1912.0,1428039.0,39,1.1584,222.22,488.89,2.4131,0.0
r0043_c0033,40.745035,-73.9869113,Commercial,24,2533.33,0.1404,15.2,1927.0,2076997.0,24,1.8764,44.44,177.78,2.0,0.0
r0043_c0034,40.745035,-73.9851269,Commercial,21,1733.33,0.1538,12.9,1929.0,1475453.0,23,1.7847,177.78,266.67,2.2516,0.1667
r0043_c0035,40.745035,-73.9833425,Commercial,26,1733.33,0.3077,11.9,1928.0,1627159.0,29,1.411,133.33,177.78,1.0,0.0
r0043_c0036,40.745035,-73.9815581,Commercial,39,1644.44,0.2703,6.9,1923.0,1626688.0,40,1.7531,133.33,355.56,2.75,0.0
r0043_c0037,40.745035,-73.9797737,Mixed-Use,28,1777.78,0.375,7.8,1926.0,1644027.0,29,1.5259,0.0,444.44,2.6464,0.2
r0043_c0038,40.745035,-73.9779893,Mixed-Use,21,1955.56,0.2955,8.2,1925.0,911810.0,22,1.8054,0.0,622.22,2.8352,0.1429
r0043_c0039,40.745035,-73.9762049,Residential,33,977.78,0.5,6.4,1928.0,1191069.0,35,1.6096,0.0,222.22,1.371,0.2
r0043_c0040,40.745035,-73.9744206,Open Space,16,2355.56,0.0189,6.1,1924.0,557938.0,13,2.0662,0.0,0.0,0.0,0.0
r0043_c0041,40.745035,-73.9726362,Mixed-Use,3,2222.22,0.0,30.0,2003.0,1475510.0,5,1.5281,0.0,44.44,-0.0,0.0
r0043_c0042,40.745035,-73.9708518,Open Space,5,844.44,0.0,22.5,1971.0,447297.0,3,1.8248,0.0,44.44,-0.0,0.0
r0044_c0021,40.7463864,-74.008324,Mixed-Use,4,844.44,0.0526,11.5,1963.0,255677.0,4,1.0763,88.89,0.0,0.0,0.0
r0044_c0022,40.7463864,-74.0065396,Commercial,21,977.78,0.0,4.8,1943.0,758829.0,20,1.5484,844.44,0.0,0.0,0.0
r0044_c0023,40.7463864,-74.0047552,Mixed-Use,31,577.78,0.2308,4.3,1876.0,361019.0,29,2.7415,177.78,44.44,-0.0,0.0
r0044_c0024,40.7463864,-74.0029708,Residential,70,44.44,0.0,4.5,1865.0,551437.0,77,1.403,0.0,0.0,0.0,0.0
r0044_c0025,40.7463864,-74.0011864,Residential,23,666.67,0.6667,5.2,1899.0,321589.0,24,1.498,0.0,177.78,2.0,0.0
r0044_c0026,40.7463864,-73.9994021,Residential,4,311.11,0.0,15.0,1938.0,1195908.0,8,0.0707,44.44,44.44,-0.0,0.0
r0044_c0027,40.7463864,-73.9976177,Mixed-Use,23,1288.89,0.2069,5.0,1922.0,494808.0,22,2.1226,44.44,266.67,2.585,0.0
r0044_c0028,40.7463864,-73.9958333,Residential,17,444.44,0.1,7.7,1937.0,922072.0,18,2.0946,0.0,44.44,-0.0,0.0
r0044_c0029,40.7463864,-73.9940489,Institutional,17,1555.56,0.4857,9.4,1931.0,1238574.0,17,1.8591,88.89,133.33,1.585,0.3333
r0044_c0030,40.7463864,-73.9922645,Commercial,34,888.89,0.15,12.9,1934.0,2069698.0,37,1.5105,266.67,311.11,2.1281,0.0
r0044_c0031,40.7463864,-73.9904801,Mixed-Use,49,1511.11,0.2353,5.8,1921.0,775681.0,53,1.4442,44.44,666.67,2.9996,0.0
r0044_c0032,40.7463864,-73.9886957,Commercial,22,1466.67,0.0909,11.3,1940.0,1269156.0,22,1.3518,133.33,933.33,2.9803,0.0
r0044_c0033,40.7463864,-73.9869113,Commercial,27,800.0,0.2778,10.0,1926.0,833604.0,24,1.8781,88.89,133.33,1.585,0.0
r0044_c0034,40.7463864,-73.9851269,Commercial,25,1688.89,0.4474,14.8,1932.0,2285456.0,26,1.0403,133.33,400.0,2.9477,0.0
r0044_c0035,40.7463864,-73.9833425,Commercial,21,1777.78,0.225,14.0,1928.0,2437961.0,22,1.0915,177.78,488.89,2.404,0.0
r0044_c0036,40.7463864,-73.9815581,Commercial,4,1111.11,0.2,27.2,1957.0,2116953.0,5,0.5733,88.89,44.44,-0.0,0.0
r0044_c0037,40.7463864,-73.9797737,Mixed-Use,20,1822.22,0.122,12.9,1946.0,1698559.0,23,1.4941,44.44,400.0,2.9477,0.1111
r0044_c0038,40.7463864,-73.9779893,Mixed-Use,38,1555.56,0.2286,6.9,1920.0,1273433.0,40,1.8596,0.0,577.78,2.8151,0.0769
r0044_c0039,40.7463864,-73.9762049,Mixed-Use,35,444.44,0.0,7.6,1931.0,1094258.0,32,2.3774,0.0,355.56,2.5,0.125
r0044_c0040,40.7463864,-73.9744206,Mixed-Use,13,533.33,0.0833,5.0,1920.0,181047.0,14,1.3668,0.0,222.22,1.371,0.0
r0044_c0041,40.7463864,-73.9726362,Mixed-Use,5,444.44,0.0,24.2,1964.0,1419889.0,4,1.4027,0.0,88.89,1.0,0.0
r0044_c0042,40.7463864,-73.9708518,Mixed-Use,4,888.89,0.0,7.3,1937.0,213496.0,3,0.7067,44.44,0.0,0.0,0.0
r0045_c0022,40.7477377,-74.0065396,Mixed-Use,20,666.67,0.0,6.5,1944.0,1139997.0,21,2.0637,533.33,44.44,-0.0,1.0
r0045_c0023,40.7477377,-74.0047552,Mixed-Use,32,1155.56,0.2692,5.5,1926.0,704295.0,34,2.4363,266.67,44.44,-0.0,0.0
r0045_c0024,40.7477377,-74.0029708,Residential,24,355.56,0.0,5.1,1874.0,1843826.0,36,1.8731,0.0,0.0,0.0,0.0
r0045_c0025,40.7477377,-74.0011864,Residential,20,622.22,0.3571,6.4,1921.0,581116.0,25,1.407,0.0,266.67,2.585,0.0
r0045_c0026,40.7477377,-73.9994021,Residential,7,577.78,0.0769,5.8,1935.0,269424.0,7,1.4808,0.0,44.44,-0.0,0.0
r0045_c0028,40.7477377,-73.9958333,Institutional,14,1333.33,0.0333,8.5,1930.0,1295455.0,15,1.7519,44.44,177.78,2.0,0.0
r0045_c0029,40.7477377,-73.9940489,Institutional,19,666.67,0.2667,12.3,1958.0,1836878.0,19,1.543,44.44,88.89,-0.0,0.0
r0045_c0030,40.7477377,-73.9922645,Commercial,27,2133.33,0.3125,9.8,1925.0,1866493.0,30,1.5012,0.0,844.44,3.3264,0.0526
r0045_c0031,40.7477377,-73.9904801,Commercial,16,1066.67,0.1667,15.9,1945.0,2159750.0,16,1.3455,133.33,266.67,2.585,0.0
r0045_c0032,40.7477377,-73.9886957,Commercial,17,2177.78,0.2653,10.8,1919.0,1652642.0,22,0.4907,133.33,755.56,3.7345,0.0588
r0045_c0033,40.7477377,-73.9869113,Commercial,30,2844.44,0.6562,11.9,1917.0,1807260.0,30,1.1414,222.22,488.89,3.0958,0.2727
r0045_c0034,40.7477377,-73.9851269,Commercial,15,1822.22,0.3415,13.0,1919.0,1360052.0,14,1.0587,133.33,311.11,2.5216,0.1429
r0045_c0035,40.7477377,-73.9833425,Commercial,14,1111.11,0.2,13.0,1927.0,1249515.0,13,0.8005,44.44,355.56,2.75,0.375
r0045_c0036,40.7477377,-73.9815581,Mixed-Use,21,1200.0,0.3333,12.0,1940.0,1504388.0,22,1.5294,133.33,311.11,2.5216,0.0
r0045_c0037,40.7477377,-73.9797737,Residential,58,533.33,0.0,5.6,1873.0,826270.0,60,2.3113,44.44,44.44,-0.0,0.0
r0045_c0038,40.7477377,-73.9779893,Residential,57,755.56,0.2941,6.5,1908.0,1216729.0,58,2.4058,44.44,44.44,-0.0,0.0
r0045_c0039,40.7477377,-73.9762049,Residential,24,755.56,0.1765,7.4,1926.0,700090.0,23,2.3495,0.0,266.67,2.2516,0.0
r0045_c0040,40.7477377,-73.9744206,Residential,21,1511.11,0.2647,10.7,1934.0,1709962.0,20,2.089,0.0,533.33,2.7516,0.0833
r0045_c0041,40.7477377,-73.9726362,Mixed-Use,11,222.22,0.0,17.5,1949.0,1472467.0,10,1.7019,0.0,44.44,-0.0,0.0
r0045_c0042,40.7477377,-73.9708518,Residential,3,311.11,0.0,28.0,1967.0,1526294.0,3,0.9179,0.0,44.44,-0.0,0.0
r0045_c0043,40.7477377,-73.9690674,Mixed-Use,3,2355.56,0.0,1.0,,74550.0,3,1.4441,44.44,0.0,0.0,0.0
r0046_c0022,40.7490891,-74.0065396,Open Space,8,1866.67,0.0238,10.2,1986.0,403538.0,7,1.9821,355.56,44.44,-0.0,0.0
r0046_c0023,40.7490891,-74.0047552,Commercial,19,1066.67,0.0,5.2,1963.0,891511.0,21,1.3335,1022.22,0.0,0.0,0.0
r0046_c0024,40.7490891,-74.0029708,Residential,23,355.56,0.125,5.3,1926.0,870904.0,24,2.3844,222.22,0.0,0.0,0.0
r0046_c0025,40.7490891,-74.0011864,Residential,4,444.44,0.0,14.8,1961.0,1021956.0,7,0.6597,0.0,0.0,0.0,0.0
r0046_c0026,40.7490891,-73.9994021,Institutional,4,444.44,0.0,4.4,1938.0,124998.0,5,0.198,0.0,44.44,-0.0,1.0
r0046_c0028,40.7490891,-73.9958333,Mixed-Use,32,1511.11,0.2647,5.2,1918.0,402778.0,33,2.2967,222.22,311.11,2.5216,0.1429
r0046_c0029,40.7490891,-73.9940489,Commercial,30,711.11,0.125,8.6,1923.0,1476091.0,31,1.9707,0.0,133.33,1.585,0.0
r0046_c0030,40.7490891,-73.9922645,Commercial,11,2622.22,0.3559,10.5,1926.0,1186381.0,13,1.2239,133.33,577.78,3.3927,0.3846
r0046_c0031,40.7490891,-73.9904801,Commercial,13,844.44,0.1053,12.5,1929.0,2084442.0,13,1.1164,44.44,311.11,2.1281,0.2857
r0046_c0032,40.7490891,-73.9886957,Commercial,5,2133.33,0.0833,11.0,1956.0,1834294.0,6,0.8253,222.22,666.67,2.3069,0.6
r0046_c0033,40.7490891,-73.9869113,Commercial,18,1688.89,0.1316,8.6,1936.0,1860636.0,23,1.1203,88.89,1066.67,3.4508,0.3333
r0046_c0034,40.7490891,-73.9851269,Commercial,13,1111.11,0.12,17.7,1915.0,4087222.0,12,0.5166,88.89,400.0,2.9477,0.7778
r0046_c0035,40.7490891,-73.9833425,Commercial,18,800.0,0.4444,10.8,1924.0,2223141.0,21,0.6894,44.44,222.22,2.3219,0.4
r0046_c0036,40.7490891,-73.9815581,Mixed-Use,18,400.0,0.1111,8.4,1929.0,1053677.0,19,1.743,88.89,44.44,-0.0,0.0
r0046_c0037,40.7490891,-73.9797737,Residential,30,977.78,0.0455,8.5,1914.0,935189.0,31,2.2402,311.11,44.44,-0.0,0.0
r0046_c0038,40.7490891,-73.9779893,Residential,52,977.78,0.5,6.6,1904.0,1078415.0,52,2.3163,44.44,222.22,1.5219,0.0
r0046_c0039,40.7490891,-73.9762049,Mixed-Use,32,2222.22,0.18,9.3,1935.0,1443170.0,33,1.9096,133.33,666.67,3.1899,0.1333
r0046_c0040,40.7490891,-73.9744206,Commercial,13,755.56,0.2941,21.5,1950.0,2858285.0,13,1.8776,0.0,0.0,0.0,0.0
r0046_c0041,40.7490891,-73.9726362,Residential,8,711.11,0.0625,16.6,1955.0,1340800.0,10,1.7984,44.44,177.78,2.0,0.0
r0046_c0042,40.7490891,-73.9708518,Residential,14,4088.89,0.0109,11.9,1902.0,879293.0,9,1.3409,44.44,44.44,-0.0,0.0
r0046_c0043,40.7490891,-73.9690674,Open Space,3,1644.44,0.0,6.0,1928.0,10688.0,2,1.1844,222.22,0.0,0.0,0.0
r0047_c0022,40.7504404,-74.0065396,Mixed-Use,4,1466.67,0.0606,7.0,1951.0,1395869.0,4,0.5279,88.89,44.44,-0.0,0.0
r0047_c0023,40.7504404,-74.0047552,Commercial,14,711.11,0.0625,6.7,1938.0,993700.0,14,-0.0,622.22,0.0,0.0,0.0
r0047_c0024,40.7504404,-74.0029708,Mixed-Use,23,1377.78,0.129,5.7,1957.0,671772.0,24,2.1012,800.0,133.33,1.585,0.0
r0047_c0027,40.7504404,-73.9976177,Residential,43,400.0,0.4444,5.3,1901.0,942901.0,45,1.9626,0.0,44.44,-0.0,0.0
r0047_c0028,40.7504404,-73.9958333,Residential,21,1111.11,0.28,5.1,1928.0,443488.0,21,2.3928,266.67,177.78,1.5,0.0
r0047_c0029,40.7504404,-73.9940489,Mixed-Use,8,755.56,0.4706,6.9,1935.0,132378.0,9,0.4768,44.44,44.44,-0.0,0.0
r0047_c0031,40.7504404,-73.9904801,Commercial,17,2400.0,0.3148,4.5,1935.0,415799.0,17,0.5448,88.89,355.56,2.5,0.5
r0047_c0032,40.7504404,-73.9886957,Commercial,10,1155.56,0.1538,9.1,1922.0,3124659.0,10,0.4095,0.0,888.89,3.1219,0.8
r0047_c0033,40.7504404,-73.9869113,Commercial,17,1955.56,0.3182,11.7,1942.0,1382379.0,21,0.842,177.78,311.11,2.8074,0.2857
r0047_c0034,40.7504404,-73.9851269,Commercial,44,1022.22,0.3913,9.6,1932.0,1833178.0,44,0.908,177.78,311.11,2.8074,0.0
r0047_c0035,40.7504404,-73.9833425,Commercial,14,933.33,0.1429,17.9,1950.0,1736546.0,13,0.872,44.44,266.67,1.9183,0.3333
r0047_c0036,40.7504404,-73.9815581,Commercial,19,755.56,0.4118,15.1,1933.0,2163759.0,20,0.8286,88.89,177.78,2.0,0.0
r0047_c0037,40.7504404,-73.9797737,Commercial,24,1244.44,0.2143,10.5,1936.0,2038376.0,24,1.5415,133.33,44.44,-0.0,0.0
r0047_c0038,40.7504404,-73.9779893,Commercial,23,1644.44,0.2703,9.4,1925.0,2382164.0,24,1.3751,88.89,177.78,1.5,0.0
r0047_c0039,40.7504404,-73.9762049,Commercial,10,1644.44,0.4054,20.7,1944.0,3121879.0,11,0.1347,44.44,266.67,1.2516,0.1667
r0047_c0040,40.7504404,-73.9744206,Commercial,5,1333.33,0.2667,25.0,1956.0,1597468.0,5,0.1305,44.44,88.89,1.0,0.5
r0047_c0041,40.7504404,-73.9726362,Commercial,8,977.78,0.0909,20.8,1955.0,2615065.0,8,1.2208,44.44,0.0,0.0,0.0
r0047_c0042,40.7504404,-73.9708518,Mixed-Use,15,1911.11,0.1395,11.7,1938.0,1617152.0,18,1.9128,0.0,133.33,1.585,0.3333
r0047_c0043,40.7504404,-73.9690674,Commercial,9,4844.44,0.0275,18.0,1971.0,1947002.0,10,0.827,533.33,88.89,1.0,0.0
r0048_c0023,40.7517918,-74.0047552,Commercial,5,888.89,0.25,6.2,1944.0,328675.0,6,1.2977,311.11,44.44,-0.0,0.0
r0048_c0024,40.7517918,-74.0029708,Residential,18,844.44,0.0,11.2,1967.0,1729060.0,17,1.3583,88.89,0.0,0.0,0.0
r0048_c0025,40.7517918,-74.0011864,Mixed-Use,4,2888.89,0.0615,14.3,1939.0,316818.0,4,0.2929,44.44,133.33,1.585,0.3333
r0048_c0026,40.7517918,-73.9994021,Institutional,8,2044.44,0.0,25.5,1944.0,2698593.0,5,1.9314,0.0,44.44,-0.0,1.0
r0048_c0027,40.7517918,-73.9976177,Commercial,3,2088.89,0.0213,33.0,2006.0,1866142.0,2,0.3932,44.44,0.0,0.0,0.0
r0048_c0028,40.7517918,-73.9958333,Commercial,3,1688.89,0.4737,13.5,1974.0,1215612.0,2,0.0603,88.89,177.78,2.0,0.0
r0048_c0029,40.7517918,-73.9940489,Mixed-Use,3,1333.33,0.2333,19.3,1961.0,1180895.0,3,0.9853,88.89,177.78,2.0,0.25
r0048_c0030,40.7517918,-73.9922645,Commercial,17,2311.11,0.1346,18.9,1946.0,3960887.0,13,0.6338,44.44,177.78,1.5,0.25
r0048_c0031,40.7517918,-73.9904801,Commercial,19,1822.22,0.3171,12.4,1937.0,1624267.0,19,0.6566,133.33,577.78,3.5466,0.1538
r0048_c0032,40.7517918,-73.9886957,Commercial,26,933.33,0.381,10.9,1919.0,2711340.0,26,0.4331,44.44,311.11,2.1281,0.2857
r0048_c0033,40.7517918,-73.9869113,Commercial,12,1333.33,0.4333,15.5,1934.0,1843931.0,14,0.8823,44.44,177.78,2.0,0.25
r0048_c0034,40.7517918,-73.9851269,Commercial,39,1066.67,0.4583,12.7,1940.0,2307511.0,41,0.7002,311.11,88.89,1.0,0.5
r0048_c0035,40.7517918,-73.9833425,Commercial,22,666.67,0.4,13.1,1932.0,2408034.0,24,0.6985,133.33,88.89,1.0,0.0
r0048_c0036,40.7517918,-73.9815581,Commercial,17,933.33,0.2381,17.4,1930.0,2033400.0,18,1.0808,44.44,355.56,3.0,0.125
r0048_c0037,40.7517918,-73.9797737,Commercial,18,977.78,0.4091,18.3,1924.0,2575490.0,18,0.2168,88.89,88.89,1.0,0.5
r0048_c0038,40.7517918,-73.9779893,Commercial,4,2355.56,0.1132,26.5,1938.0,2278630.0,4,-0.0,0.0,133.33,1.585,0.0
r0048_c0039,40.7517918,-73.9762049,Commercial,5,1200.0,0.1111,43.2,1943.0,3166399.0,5,0.3084,88.89,133.33,1.585,1.0
r0048_c0040,40.7517918,-73.9744206,Commercial,16,2088.89,0.6383,12.2,1938.0,2144557.0,16,1.1544,0.0,311.11,2.5216,0.1429
r0048_c0041,40.7517918,-73.9726362,Commercial,15,1866.67,0.2381,17.4,1946.0,2462668.0,14,0.9971,133.33,88.89,1.0,1.0
r0048_c0042,40.7517918,-73.9708518,Mixed-Use,25,1333.33,0.4333,10.3,1938.0,1515607.0,26,1.6241,88.89,177.78,1.5,0.0
r0048_c0043,40.7517918,-73.9690674,Mixed-Use,15,1244.44,0.0,18.2,1971.0,1933986.0,15,2.213,44.44,0.0,0.0,0.0
r0049_c0024,40.7531431,-74.0029708,Mixed-Use,3,7377.78,0.012,37.7,1979.0,1438534.0,3,1.3767,311.11,177.78,1.5,0.5
r0049_c0027,40.7531431,-73.9976177,Commercial,14,2711.11,0.1639,15.1,1945.0,2554428.0,12,2.1681,44.44,0.0,0.0,0.0
r0049_c0028,40.7531431,-73.9958333,Commercial,8,933.33,0.4286,9.1,1924.0,1331267.0,8,1.5867,0.0,133.33,1.585,0.0
r0049_c0029,40.7531431,-73.9940489,Commercial,19,666.67,0.4,13.1,1934.0,2725319.0,19,1.7152,177.78,44.44,-0.0,0.0
r0049_c0030,40.7531431,-73.9922645,Commercial,16,1600.0,0.3056,13.5,1928.0,2322552.0,16,0.0035,0.0,711.11,3.0306,0.125
r0049_c0031,40.7531431,-73.9904801,Commercial,20,666.67,0.2667,11.2,1918.0,2458235.0,21,1.288,0.0,400.0,2.6416,0.3333
r0049_c0032,40.7531431,-73.9886957,Commercial,10,1377.78,0.4194,19.2,1928.0,2711981.0,10,0.718,0.0,488.89,2.8454,0.0
r0049_c0033,40.7531431,-73.9869113,Commercial,11,1422.22,0.3438,24.5,1941.0,3212557.0,12,0.6018,133.33,444.44,2.9219,0.1
r0049_c0034,40.7531431,-73.9851269,Commercial,16,1733.33,0.4359,13.4,1932.0,1437213.0,19,0.559,88.89,222.22,1.9219,0.4
r0049_c0035,40.7531431,-73.9833425,Open Space,9,2222.22,0.1,10.8,1919.0,743764.0,10,1.0166,177.78,88.89,1.0,0.5
r0049_c0036,40.7531431,-73.9815581,Institutional,4,2488.89,0.0893,17.9,1928.0,771330.0,7,0.558,400.0,177.78,1.0,0.5
r0049_c0037,40.7531431,-73.9797737,Commercial,10,1111.11,0.28,19.8,1953.0,2569929.0,9,0.4544,0.0,488.89,3.0272,0.6364
r0049_c0038,40.7531431,-73.9779893,Mixed-Use,3,2444.44,0.2182,44.5,1966.0,2552879.0,3,0.9675,177.78,133.33,0.9183,0.0
r0049_c0039,40.7531431,-73.9762049,Mixed-Use,4,444.44,0.2,31.0,1927.0,1044054.0,4,0.7669,0.0,133.33,1.585,0.6667
r0049_c0040,40.7531431,-73.9744206,Commercial,20,2355.56,0.3962,9.4,1934.0,1238152.0,20,1.1272,133.33,533.33,2.8554,0.25
r0049_c0041,40.7531431,-73.9726362,Commercial,15,1288.89,0.4828,10.1,1946.0,1757828.0,16,0.6751,44.44,222.22,1.9219,0.2
r0049_c0042,40.7531431,-73.9708518,Mixed-Use,19,1111.11,0.04,15.8,1955.0,2017458.0,20,2.1011,44.44,0.0,0.0,0.0
r0049_c0043,40.7531431,-73.9690674,Mixed-Use,17,1377.78,0.129,10.6,1949.0,1271638.0,17,2.376,0.0,177.78,2.0,0.0
r0049_c0044,40.7531431,-73.967283,Residential,13,1333.33,0.0667,16.7,1939.0,1564203.0,17,1.4846,266.67,88.89,1.0,0.0
r0049_c0045,40.7531431,-73.9654986,Commercial,26,3955.56,0.0337,8.7,1922.0,1139301.0,27,1.8359,266.67,88.89,1.0,0.0
r0049_c0046,40.7531431,-73.9637142,Mixed-Use,15,3288.89,0.0,4.9,1914.0,93021.0,10,2.2597,222.22,0.0,0.0,0.0
r0050_c0025,40.7544945,-74.0011864,Mixed-Use,3,5822.22,0.0687,,,0.0,3,0.7168,266.67,577.78,2.7774,0.6154
r0050_c0026,40.7544945,-73.9994021,Commercial,5,1333.33,0.1333,23.0,1953.0,3297520.0,5,0.2502,88.89,133.33,1.585,0.3333
r0050_c0027,40.7544945,-73.9976177,Mixed-Use,15,311.11,0.2857,11.6,1956.0,557550.0,11,2.1688,0.0,88.89,1.0,0.0
r0050_c0028,40.7544945,-73.9958333,Mixed-Use,11,1333.33,0.3333,8.3,1929.0,816928.0,21,1.8146,44.44,177.78,1.5,0.0
r0050_c0029,40.7544945,-73.9940489,Residential,28,800.0,0.2778,11.4,1944.0,2108292.0,28,2.0169,222.22,222.22,2.3219,0.0
r0050_c0030,40.7544945,-73.9922645,Commercial,17,1155.56,0.5,16.6,1939.0,1977241.0,17,1.098,133.33,311.11,2.5216,0.1429
r0050_c0031,40.7544945,-73.9904801,Commercial,26,1777.78,0.325,12.6,1926.0,2232953.0,26,1.258,88.89,1022.22,2.2184,0.0435
r0050_c0032,40.7544945,-73.9886957,Commercial,16,1955.56,0.4091,11.8,1927.0,1685707.0,19,0.316,133.33,533.33,3.0221,0.0833
r0050_c0033,40.7544945,-73.9869113,Commercial,13,2577.78,0.1897,18.4,1935.0,3430071.0,13,0.3422,88.89,355.56,2.5,0.375
r0050_c0034,40.7544945,-73.9851269,Commercial,7,4133.33,0.1505,24.3,1942.0,2469174.0,8,-0.0,222.22,266.67,2.585,0.8333
r0050_c0036,40.7544945,-73.9815581,Commercial,12,1111.11,0.28,15.1,1917.0,2518996.0,12,1.0139,0.0,222.22,1.371,0.6
r0050_c0037,40.7544945,-73.9797737,Commercial,17,933.33,0.0952,20.4,1938.0,3432013.0,17,0.473,0.0,266.67,1.2516,0.6667
r0050_c0038,40.7544945,-73.9779893,Commercial,9,1111.11,0.36,17.9,1920.0,1797880.0,8,0.9476,0.0,355.56,1.4056,0.5
r0050_c0039,40.7544945,-73.9762049,Commercial,3,1066.67,0.5,27.0,1926.0,1732379.0,2,0.5104,0.0,44.44,-0.0,0.0
r0050_c0041,40.7544945,-73.9726362,Commercial,16,1155.56,0.3462,18.9,1947.0,3192519.0,16,1.0191,222.22,222.22,2.3219,0.4
r0050_c0042,40.7544945,-73.9708518,Commercial,42,488.89,0.2727,6.4,1899.0,1596110.0,46,2.1222,0.0,44.44,-0.0,1.0
r0050_c0043,40.7544945,-73.9690674,Mixed-Use,40,1066.67,0.3333,7.2,1909.0,988424.0,41,1.6103,0.0,400.0,2.9477,0.1111
r0050_c0044,40.7544945,-73.967283,Residential,52,133.33,0.0,6.0,1920.0,1024704.0,56,1.9985,0.0,44.44,-0.0,0.0
r0050_c0045,40.7544945,-73.9654986,Residential,32,400.0,0.3333,7.9,1929.0,1274757.0,32,1.7437,0.0,44.44,-0.0,0.0
r0050_c0046,40.7544945,-73.9637142,Residential,16,666.67,0.0,13.4,1933.0,1813008.0,17,0.6356,0.0,0.0,0.0,0.0
r0051_c0025,40.7558458,-74.0011864,Commercial,4,4222.22,0.0,32.5,2016.0,1631457.0,3,0.9141,88.89,0.0,0.0,0.0
r0051_c0026,40.7558458,-73.9994021,Commercial,7,844.44,0.0526,34.3,2000.0,4115822.0,6,1.5532,0.0,0.0,0.0,0.0
r0051_c0027,40.7558458,-73.9976177,Mixed-Use,29,488.89,0.2727,6.1,1925.0,807761.0,33,2.5435,44.44,88.89,-0.0,0.0
r0051_c0028,40.7558458,-73.9958333,Mixed-Use,15,222.22,0.2,8.6,1968.0,601949.0,10,1.2509,0.0,88.89,1.0,0.0
r0051_c0029,40.7558458,-73.9940489,Commercial,33,1111.11,0.68,8.7,1936.0,1238408.0,34,1.5266,88.89,177.78,2.0,0.0
r0051_c0030,40.7558458,-73.9922645,Commercial,31,1422.22,0.3438,18.7,1956.0,2252745.0,33,1.4041,444.44,266.67,2.585,0.0
r0051_c0031,40.7558458,-73.9904801,Commercial,15,1644.44,0.5405,11.1,1937.0,1860423.0,15,0.4882,44.44,488.89,3.2776,0.2727
r0051_c0032,40.7558458,-73.9886957,Commercial,15,1022.22,0.3043,12.4,1929.0,1537501.0,16,0.9183,177.78,177.78,2.0,0.25
r0051_c0033,40.7558458,-73.9869113,Commercial,4,1022.22,0.3043,31.0,1954.0,2612382.0,4,-0.0,88.89,400.0,2.281,0.5556
r0051_c0034,40.7558458,-73.9851269,Commercial,9,1111.11,0.28,22.2,1944.0,4485261.0,9,0.087,177.78,44.44,-0.0,1.0
r0051_c0035,40.7558458,-73.9833425,Commercial,5,1200.0,0.1111,23.5,1943.0,1953075.0,6,0.344,44.44,88.89,1.0,0.5
r0051_c0036,40.7558458,-73.9815581,Commercial,22,1555.56,0.3143,13.5,1918.0,1962975.0,25,0.3127,311.11,311.11,2.5216,0.0
r0051_c0037,40.7558458,-73.9797737,Commercial,30,1777.78,0.4,12.0,1936.0,1485582.0,21,1.0704,88.89,400.0,2.7255,0.7778
r0051_c0038,40.7558458,-73.9779893,Commercial,20,1600.0,0.3611,14.2,1941.0,2641041.0,20,0.2887,44.44,355.56,1.5488,0.75
r0051_c0039,40.7558458,-73.9762049,Commercial,4,311.11,0.1429,41.3,1983.0,3371794.0,3,0.4137,0.0,88.89,1.0,1.0
r0051_c0040,40.7558458,-73.9744206,Commercial,3,444.44,0.4,40.0,1964.0,2695717.0,3,-0.0,44.44,0.0,0.0,0.0
r0051_c0041,40.7558458,-73.9726362,Commercial,12,444.44,0.4,20.9,1938.0,2739405.0,12,1.3877,222.22,44.44,-0.0,1.0
r0051_c0042,40.7558458,-73.9708518,Commercial,19,1200.0,0.5556,13.4,1932.0,2266894.0,24,1.1837,133.33,133.33,0.9183,0.3333
r0051_c0043,40.7558458,-73.9690674,Residential,45,1022.22,0.2609,6.1,1926.0,851092.0,47,2.3265,44.44,88.89,1.0,0.0
r0051_c0044,40.7558458,-73.967283,Mixed-Use,51,577.78,0.3846,5.7,1916.0,911518.0,53,2.0038,0.0,88.89,1.0,0.5
r0051_c0045,40.7558458,-73.9654986,Residential,38,355.56,0.375,6.6,1919.0,894150.0,41,1.6513,0.0,222.22,2.3219,0.0
r0051_c0046,40.7558458,-73.9637142,Mixed-Use,9,177.78,0.25,19.3,1956.0,2099118.0,11,1.1894,0.0,44.44,-0.0,0.0
r0051_c0047,40.7558458,-73.9619298,Residential,4,1555.56,0.0,16.8,1954.0,1194528.0,5,-0.0,44.44,0.0,0.0,0.0
r0051_c0048,40.7558458,-73.9601454,Residential,4,2577.78,0.0,20.0,1959.0,537750.0,1,0.9702,0.0,0.0,0.0,0.0
r0051_c0051,40.7558458,-73.9547922,Residential,3,21022.22,0.0021,15.3,2016.0,420270.0,3,1.0556,755.56,0.0,0.0,0.0
r0052_c0026,40.7571972,-73.9994021,Mixed-Use,19,933.33,0.0,2.8,1932.0,108650.0,14,2.1279,44.44,44.44,-0.0,0.0
r0052_c0027,40.7571972,-73.9976177,Residential,5,400.0,0.0,21.0,1972.0,1657519.0,5,1.3203,44.44,133.33,1.585,0.3333
r0052_c0028,40.7571972,-73.9958333,Mixed-Use,7,177.78,0.0,4.5,1918.0,21050.0,3,0.2273,44.44,0.0,0.0,0.0
r0052_c0029,40.7571972,-73.9940489,Mixed-Use,31,1155.56,0.5385,4.2,1910.0,237984.0,36,1.914,88.89,400.0,2.9477,0.0
r0052_c0030,40.7571972,-73.9922645,Mixed-Use,10,400.0,0.2222,21.3,1976.0,3068720.0,10,1.1892,177.78,0.0,0.0,0.0
r0052_c0031,40.7571972,-73.9904801,Commercial,3,755.56,0.2941,18.0,1969.0,855532.0,3,-0.0,0.0,311.11,2.8074,0.2857
r0052_c0032,40.7571972,-73.9886957,Commercial,8,1244.44,0.4286,12.7,1973.0,1429393.0,8,1.2557,88.89,266.67,2.2516,0.5
r0052_c0033,40.7571972,-73.9869113,Commercial,7,1200.0,0.4444,14.7,1930.0,2311712.0,8,-0.0,0.0,311.11,2.5216,0.5714
r0052_c0034,40.7571972,-73.9851269,Commercial,14,1377.78,0.3548,13.3,1937.0,1448743.0,15,0.9641,222.22,311.11,1.9502,0.4286
r0052_c0035,40.7571972,-73.9833425,Commercial,15,1111.11,0.4,18.6,1935.0,2918458.0,15,0.619,266.67,44.44,-0.0,1.0
r0052_c0036,40.7571972,-73.9815581,Commercial,19,1688.89,0.3158,10.2,1939.0,2402479.0,21,0.5496,88.89,577.78,2.5074,0.0769
r0052_c0037,40.7571972,-73.9797737,Commercial,41,1511.11,0.3529,10.8,1933.0,1745820.0,34,1.1959,44.44,666.67,2.0049,0.0
r0052_c0038,40.7571972,-73.9779893,Commercial,22,1511.11,0.2059,10.7,1936.0,1321204.0,22,0.8576,0.0,888.89,3.0464,0.65
r0052_c0039,40.7571972,-73.9762049,Commercial,18,711.11,0.3125,17.5,1941.0,3240590.0,17,0.4437,44.44,0.0,0.0,0.0
r0052_c0040,40.7571972,-73.9744206,Commercial,4,622.22,0.1429,20.0,1959.0,1313419.0,4,0.5465,0.0,44.44,-0.0,0.0
r0052_c0041,40.7571972,-73.9726362,Commercial,5,666.67,0.4667,29.8,1945.0,2721580.0,5,0.8548,44.44,0.0,0.0,0.0
r0052_c0042,40.7571972,-73.9708518,Commercial,9,844.44,0.2632,23.1,1960.0,3336062.0,9,0.5325,177.78,88.89,1.0,0.5
r0052_c0043,40.7571972,-73.9690674,Commercial,23,1022.22,0.3043,7.2,1929.0,1400076.0,23,1.662,88.89,0.0,0.0,0.0
r0052_c0044,40.7571972,-73.967283,Residential,36,1066.67,0.375,9.4,1929.0,1662666.0,37,1.992,0.0,266.67,2.585,0.3333
r0052_c0045,40.7571972,-73.9654986,Residential,39,488.89,0.0,6.1,1932.0,776946.0,40,1.9469,44.44,133.33,1.585,0.3333
r0052_c0046,40.7571972,-73.9637142,Residential,13,711.11,0.3125,13.0,1930.0,2269448.0,18,1.8007,44.44,222.22,2.3219,0.0
r0052_c0047,40.7571972,-73.9619298,Residential,14,0.0,0.0,13.7,1944.0,1454093.0,13,1.0957,0.0,0.0,0.0,0.0
r0052_c0048,40.7571972,-73.9601454,Residential,25,44.44,0.0,5.6,1909.0,456262.0,20,1.6921,44.44,0.0,0.0,0.0
r0053_c0026,40.7585485,-73.9994021,Mixed-Use,6,222.22,0.0,14.8,1970.0,509523.0,4,1.9297,44.44,0.0,0.0,0.0
r0053_c0027,40.7585485,-73.9976177,Mixed-Use,5,177.78,0.0,1.5,1944.0,58127.0,6,1.2976,0.0,0.0,0.0,0.0
r0053_c0028,40.7585485,-73.9958333,Mixed-Use,8,177.78,0.0,25.7,1982.0,2169555.0,7,1.298,44.44,44.44,-0.0,0.0
r0053_c0029,40.7585485,-73.9940489,Mixed-Use,9,800.0,0.1667,14.1,1991.0,648137.0,8,1.2834,44.44,44.44,-0.0,1.0
r0053_c0030,40.7585485,-73.9922645,Mixed-Use,17,1644.44,0.4324,8.0,1932.0,649615.0,19,1.6374,0.0,355.56,2.0,0.25
r0053_c0031,40.7585485,-73.9904801,Mixed-Use,27,800.0,0.2778,6.5,1942.0,886036.0,30,2.4968,44.44,88.89,1.0,0.0
r0053_c0032,40.7585485,-73.9886957,Commercial,15,1377.78,0.4839,9.3,1931.0,1411718.0,16,1.0811,44.44,311.11,2.5216,0.1429
r0053_c0033,40.7585485,-73.9869113,Commercial,9,800.0,0.2222,15.1,1934.0,3895282.0,10,-0.0,44.44,44.44,-0.0,0.0
r0053_c0034,40.7585485,-73.9851269,Commercial,10,1911.11,0.0465,8.8,1956.0,1274804.0,10,0.3976,311.11,711.11,2.6085,0.6875
r0053_c0035,40.7585485,-73.9833425,Commercial,21,1200.0,0.4815,13.1,1934.0,2979055.0,22,0.9529,222.22,133.33,1.585,0.0
r0053_c0036,40.7585485,-73.9815581,Commercial,9,844.44,0.2632,15.1,1942.0,2537548.0,9,0.24,44.44,266.67,1.2516,0.3333
r0053_c0037,40.7585485,-73.9797737,Commercial,6,1688.89,0.3158,22.3,1928.0,4211576.0,8,0.1195,88.89,800.0,3.4194,0.2222
r0053_c0038,40.7585485,-73.9779893,Commercial,4,1511.11,0.0882,8.7,1940.0,445062.0,6,0.5493,444.44,488.89,2.8454,0.3636
r0053_c0039,40.7585485,-73.9762049,Institutional,7,400.0,0.0,16.3,1928.0,1929690.0,11,1.4766,88.89,177.78,2.0,0.75
r0053_c0040,40.7585485,-73.9744206,Commercial,13,1244.44,0.25,23.0,1949.0,4068903.0,13,-0.0,44.44,400.0,2.7255,0.3333
r0053_c0042,40.7585485,-73.9708518,Commercial,4,1200.0,0.4444,49.2,1986.0,3650520.0,4,0.3262,0.0,88.89,1.0,0.5
r0053_c0043,40.7585485,-73.9690674,Commercial,11,666.67,0.4,14.7,1953.0,1556092.0,12,0.5732,44.44,44.44,-0.0,0.0
r0053_c0044,40.7585485,-73.967283,Commercial,9,533.33,0.0833,19.5,1940.0,2897203.0,12,1.2975,0.0,44.44,-0.0,0.0
r0053_c0045,40.7585485,-73.9654986,Mixed-Use,21,711.11,0.5,9.2,1922.0,1496061.0,23,0.9564,0.0,222.22,2.3219,0.0
r0053_c0046,40.7585485,-73.9637142,Residential,21,533.33,0.5,11.8,1935.0,1320380.0,22,1.0815,0.0,222.22,2.3219,0.6
r0053_c0047,40.7585485,-73.9619298,Residential,30,1111.11,0.36,11.9,1929.0,1255968.0,34,1.9293,0.0,311.11,2.5216,0.0
r0053_c0048,40.7585485,-73.9601454,Residential,19,88.89,0.0,9.9,1922.0,1665807.0,18,0.9423,0.0,0.0,0.0,0.0
r0053_c0049,40.7585485,-73.958361,Mixed-Use,8,222.22,0.0,,,0.0,3,0.5808,0.0,0.0,0.0,0.0
r0053_c0053,40.7585485,-73.9512235,Residential,3,2533.33,0.0351,25.0,2021.0,553786.0,2,1.2674,0.0,0.0,0.0,0.0
r0054_c0024,40.7598999,-74.0029708,Mixed-Use,3,2533.33,0.0175,,,0.0,0,0.999,44.44,44.44,-0.0,0.0
r0054_c0026,40.7598999,-73.9994021,Mixed-Use,3,133.33,0.0,12.0,2005.0,94759.0,1,1.3712,0.0,0.0,0.0,0.0
r0054_c0027,40.7598999,-73.9976177,Mixed-Use,7,44.44,0.0,5.3,1953.0,96428.0,9,1.6573,0.0,0.0,0.0,0.0
r0054_c0028,40.7598999,-73.9958333,Mixed-Use,9,711.11,0.3125,18.2,1987.0,1344530.0,10,1.4559,0.0,133.33,1.585,0.3333
r0054_c0029,40.7598999,-73.9940489,Mixed-Use,32,533.33,0.3333,5.3,1914.0,2320278.0,37,1.2931,0.0,177.78,2.0,0.25
r0054_c0030,40.7598999,-73.9922645,Residential,50,1466.67,0.6667,4.2,1912.0,456529.0,58,2.2499,0.0,266.67,2.585,0.1667
r0054_c0031,40.7598999,-73.9904801,Mixed-Use,41,977.78,0.7273,5.0,1927.0,1098747.0,50,2.1545,88.89,133.33,1.585,0.0
r0054_c0032,40.7598999,-73.9886957,Mixed-Use,36,1511.11,0.4118,5.8,1930.0,881008.0,46,2.1147,222.22,88.89,1.0,0.0
r0054_c0033,40.7598999,-73.9869113,Commercial,19,1333.33,0.5,12.4,1945.0,2513728.0,19,1.1318,222.22,222.22,1.5219,0.0
r0054_c0034,40.7598999,-73.9851269,Commercial,9,1111.11,0.36,20.9,1958.0,1859365.0,9,0.7065,177.78,222.22,1.9219,0.6
r0054_c0035,40.7598999,-73.9833425,Commercial,21,1377.78,0.3226,13.5,1943.0,2476589.0,23,0.5776,444.44,266.67,2.2516,0.1667
r0054_c0036,40.7598999,-73.9815581,Commercial,3,844.44,0.3158,50.7,1967.0,6392173.0,3,-0.0,0.0,133.33,0.9183,0.6667
r0054_c0038,40.7598999,-73.9779893,Commercial,9,800.0,0.2778,16.3,1942.0,3677756.0,12,0.2577,88.89,222.22,1.9219,0.4
r0054_c0039,40.7598999,-73.9762049,Commercial,15,977.78,0.1364,15.3,1937.0,2787213.0,15,0.2669,0.0,711.11,2.3496,0.9375
r0054_c0040,40.7598999,-73.9744206,Commercial,17,888.89,0.4,14.5,1945.0,2142602.0,17,0.6185,0.0,266.67,2.585,0.1667
r0054_c0041,40.7598999,-73.9726362,Commercial,13,711.11,0.375,19.1,1958.0,1843442.0,13,0.4658,44.44,133.33,1.585,0.6667
r0054_c0042,40.7598999,-73.9708518,Commercial,24,711.11,0.1875,13.0,1947.0,1764711.0,22,2.077,44.44,177.78,2.0,0.0
r0054_c0043,40.7598999,-73.9690674,Mixed-Use,28,1244.44,0.3571,9.2,1936.0,1381318.0,28,1.6448,44.44,355.56,2.75,0.375
r0054_c0044,40.7598999,-73.967283,Residential,12,755.56,0.2353,14.4,1960.0,1199392.0,13,1.4844,0.0,177.78,2.0,0.25
r0054_c0045,40.7598999,-73.9654986,Mixed-Use,33,844.44,0.4737,7.0,1918.0,1435087.0,36,1.495,0.0,311.11,2.5216,0.1429
r0054_c0046,40.7598999,-73.9637142,Mixed-Use,32,711.11,0.125,7.5,1914.0,1313648.0,30,1.9148,0.0,355.56,3.0,0.0
r0054_c0047,40.7598999,-73.9619298,Mixed-Use,13,1022.22,0.3043,5.8,1908.0,280037.0,13,2.0715,0.0,355.56,2.5,0.375
r0054_c0048,40.7598999,-73.9601454,Mixed-Use,9,222.22,0.0,16.7,1942.0,1302827.0,12,2.1668,44.44,44.44,-0.0,0.0
r0054_c0049,40.7598999,-73.958361,Mixed-Use,6,755.56,0.0,12.8,1977.0,559790.0,6,2.2534,0.0,0.0,0.0,0.0
r0054_c0053,40.7598999,-73.9512235,Residential,3,1155.56,0.1154,17.7,2007.0,552258.0,4,0.7463,44.44,0.0,0.0,0.0
r0055_c0026,40.7612512,-73.9994021,Mixed-Use,4,1377.78,0.129,42.2,1984.0,2224372.0,5,-0.0,44.44,177.78,1.5,0.0
r0055_c0027,40.7612512,-73.9976177,Residential,7,355.56,0.375,15.0,1956.0,1111888.0,7,1.6217,0.0,88.89,1.0,0.5
r0055_c0028,40.7612512,-73.9958333,Mixed-Use,16,222.22,0.0,5.5,1945.0,1007109.0,20,2.1668,0.0,0.0,0.0,0.0
r0055_c0029,40.7612512,-73.9940489,Residential,31,666.67,0.6667,5.4,1924.0,488529.0,32,1.8331,0.0,133.33,1.585,0.3333
r0055_c0030,40.7612512,-73.9922645,Residential,51,311.11,0.0,4.9,1911.0,611663.0,62,2.3426,0.0,44.44,-0.0,0.0
r0055_c0031,40.7612512,-73.9904801,Mixed-Use,62,1688.89,0.6579,4.3,1916.0,458494.0,74,1.5367,0.0,355.56,2.75,0.125
r0055_c0032,40.7612512,-73.9886957,Residential,46,622.22,0.2143,4.9,1924.0,694402.0,47,1.9796,44.44,44.44,-0.0,0.0
r0055_c0033,40.7612512,-73.9869113,Mixed-Use,27,1200.0,0.3704,9.2,1939.0,1276949.0,26,2.2739,133.33,400.0,2.0588,0.1111
r0055_c0034,40.7612512,-73.9851269,Commercial,20,933.33,0.2381,10.6,1932.0,2045047.0,20,1.3285,222.22,44.44,-0.0,0.0
r0055_c0035,40.7612512,-73.9833425,Commercial,6,1422.22,0.4375,13.0,1930.0,1187091.0,6,0.956,44.44,222.22,1.9219,0.2
r0055_c0038,40.7612512,-73.9779893,Commercial,10,1111.11,0.32,27.0,1999.0,2950315.0,10,1.7374,177.78,88.89,1.0,0.5
r0055_c0039,40.7612512,-73.9762049,Institutional,11,533.33,0.1667,11.1,1923.0,1257560.0,13,1.3151,44.44,88.89,1.0,1.0
r0055_c0040,40.7612512,-73.9744206,Commercial,17,1333.33,0.2333,13.8,1924.0,1993174.0,18,0.4339,133.33,711.11,2.555,0.625
r0055_c0041,40.7612512,-73.9726362,Commercial,14,755.56,0.1765,23.4,1955.0,3200539.0,14,0.8469,311.11,133.33,0.9183,1.0
r0055_c0042,40.7612512,-73.9708518,Commercial,12,800.0,0.1111,12.9,1932.0,1451793.0,12,1.473,44.44,133.33,1.585,0.0
r0055_c0043,40.7612512,-73.9690674,Commercial,26,1600.0,0.2222,10.0,1934.0,1629291.0,26,1.1502,133.33,400.0,2.6416,0.6667
r0055_c0044,40.7612512,-73.967283,Mixed-Use,9,1022.22,0.2174,18.4,1960.0,2143522.0,9,1.0948,0.0,355.56,3.0,0.125
r0055_c0045,40.7612512,-73.9654986,Mixed-Use,45,977.78,0.0909,6.0,1926.0,1311077.0,47,1.5173,44.44,577.78,3.3347,0.1538
r0055_c0046,40.7612512,-73.9637142,Mixed-Use,25,2177.78,0.1633,7.0,1922.0,511750.0,24,1.5469,44.44,355.56,3.0,0.25
r0055_c0047,40.7612512,-73.9619298,Mixed-Use,39,933.33,0.2857,6.1,1926.0,733682.0,41,2.1299,0.0,222.22,2.3219,0.0
r0055_c0048,40.7612512,-73.9601454,Mixed-Use,27,888.89,0.45,5.9,1923.0,611532.0,28,2.1286,0.0,355.56,3.0,0.25
r0055_c0049,40.7612512,-73.958361,Mixed-Use,4,88.89,0.0,17.2,1960.0,1815798.0,10,0.7128,0.0,0.0,0.0,0.0
r0055_c0051,40.7612512,-73.9547922,Mixed-Use,3,0.0,0.0,,,0.0,0,-0.0,0.0,0.0,0.0,0.0
r0056_c0027,40.7626026,-73.9976177,Mixed-Use,7,400.0,0.3333,4.0,1917.0,129533.0,10,1.5277,0.0,0.0,0.0,0.0
r0056_c0028,40.7626026,-73.9958333,Mixed-Use,18,133.33,0.3333,7.9,1941.0,1303490.0,26,2.0393,0.0,88.89,1.0,1.0
r0056_c0029,40.7626026,-73.9940489,Mixed-Use,34,266.67,0.6667,5.1,1923.0,490304.0,34,1.5846,0.0,44.44,-0.0,0.0
r0056_c0030,40.7626026,-73.9922645,Residential,43,177.78,0.0,4.5,1923.0,478840.0,54,2.1058,0.0,44.44,-0.0,0.0
r0056_c0031,40.7626026,-73.9904801,Residential,55,977.78,0.5909,4.8,1919.0,586981.0,70,1.4041,44.44,88.89,1.0,0.0
r0056_c0032,40.7626026,-73.9886957,Mixed-Use,31,488.89,0.4545,6.2,1922.0,974125.0,45,1.4741,0.0,88.89,1.0,0.0
r0056_c0033,40.7626026,-73.9869113,Commercial,13,400.0,0.5556,11.0,1948.0,2303329.0,15,1.4808,44.44,0.0,0.0,0.0
r0056_c0034,40.7626026,-73.9851269,Commercial,16,1377.78,0.3871,9.6,1941.0,3019079.0,21,1.6146,0.0,88.89,1.0,0.5
r0056_c0035,40.7626026,-73.9833425,Commercial,8,977.78,0.4091,18.2,1944.0,2355196.0,11,0.561,133.33,222.22,2.3219,0.0
r0056_c0036,40.7626026,-73.9815581,Commercial,6,1066.67,0.3333,30.8,1956.0,2571147.0,6,0.924,177.78,88.89,1.0,0.0
r0056_c0037,40.7626026,-73.9797737,Commercial,3,711.11,0.1875,47.5,1966.0,3372973.0,5,0.282,177.78,44.44,-0.0,0.0
r0056_c0038,40.7626026,-73.9779893,Commercial,21,1466.67,0.4242,12.2,1930.0,2058645.0,21,1.2065,222.22,133.33,1.585,0.0
r0056_c0039,40.7626026,-73.9762049,Mixed-Use,44,977.78,0.5909,7.5,1926.0,1315897.0,48,1.9914,88.89,88.89,1.0,0.0
r0056_c0040,40.7626026,-73.9744206,Mixed-Use,12,888.89,0.25,20.0,1940.0,1939092.0,10,1.806,0.0,488.89,1.6172,0.5455
r0056_c0041,40.7626026,-73.9726362,Commercial,19,800.0,0.1111,15.0,1955.0,2615634.0,19,0.4125,44.44,444.44,1.1568,0.5
r0056_c0042,40.7626026,-73.9708518,Mixed-Use,9,533.33,0.25,20.7,1942.0,1607035.0,12,1.8876,44.44,133.33,1.585,0.3333
r0056_c0043,40.7626026,-73.9690674,Commercial,15,844.44,0.0,18.4,1948.0,2468973.0,14,1.1453,0.0,222.22,2.3219,0.2
r0056_c0044,40.7626026,-73.967283,Commercial,19,844.44,0.2105,7.5,1918.0,1268363.0,13,1.6709,0.0,355.56,2.75,0.625
r0056_c0045,40.7626026,-73.9654986,Mixed-Use,43,1244.44,0.2143,7.5,1906.0,1354740.0,44,1.6226,0.0,355.56,2.75,0.0
r0056_c0046,40.7626026,-73.9637142,Residential,62,311.11,0.1429,5.0,1890.0,749884.0,65,2.0697,0.0,133.33,1.585,0.0
r0056_c0047,40.7626026,-73.9619298,Residential,22,177.78,0.25,7.6,1938.0,870006.0,23,2.2575,44.44,44.44,-0.0,0.0
r0056_c0048,40.7626026,-73.9601454,Mixed-Use,19,844.44,0.3684,9.4,1930.0,1116591.0,19,1.7853,0.0,177.78,2.0,0.0
r0056_c0049,40.7626026,-73.958361,Residential,16,222.22,0.2,5.9,1917.0,800746.0,31,1.4911,0.0,0.0,0.0,0.0
r0056_c0050,40.7626026,-73.9565766,Institutional,6,88.89,0.0,5.3,1916.0,1304524.0,28,0.3474,0.0,0.0,0.0,0.0
r0056_c0051,40.7626026,-73.9547922,Mixed-Use,5,44.44,0.0,,,0.0,0,-0.0,0.0,0.0,0.0,0.0
r0057_c0027,40.763954,-73.9976177,Mixed-Use,15,1288.89,0.0,3.9,1947.0,377844.0,24,2.126,177.78,44.44,-0.0,0.0
r0057_c0028,40.763954,-73.9958333,Commercial,14,355.56,0.25,5.8,1960.0,1124593.0,16,1.1996,88.89,88.89,-0.0,1.0
r0057_c0029,40.763954,-73.9940489,Residential,28,355.56,0.25,5.2,1936.0,782286.0,28,2.5951,44.44,44.44,-0.0,0.0
r0057_c0030,40.763954,-73.9922645,Mixed-Use,43,844.44,0.4211,4.8,1911.0,451942.0,45,2.0467,44.44,266.67,2.2516,0.0
r0057_c0031,40.763954,-73.9904801,Institutional,33,177.78,0.25,4.8,1909.0,1117157.0,45,2.0064,0.0,44.44,-0.0,0.0
r0057_c0032,40.763954,-73.9886957,Mixed-Use,48,1244.44,0.6429,4.8,1913.0,476945.0,52,1.5872,0.0,222.22,1.9219,0.2
r0057_c0033,40.763954,-73.9869113,Mixed-Use,41,666.67,0.4,5.0,1925.0,712198.0,46,2.1547,0.0,44.44,-0.0,0.0
r0057_c0034,40.763954,-73.9851269,Mixed-Use,11,1288.89,0.3793,11.9,1951.0,1332529.0,13,1.6977,88.89,311.11,2.8074,0.4286
r0057_c0035,40.763954,-73.9833425,Commercial,16,1333.33,0.3,19.2,1945.0,2012177.0,17,1.5376,177.78,222.22,2.3219,0.0
r0057_c0036,40.763954,-73.9815581,Commercial,12,1466.67,0.5455,17.6,1925.0,1827888.0,11,1.5385,88.89,222.22,2.3219,0.0
r0057_c0037,40.763954,-73.9797737,Commercial,14,622.22,0.2857,20.4,1945.0,2701639.0,17,1.3523,44.44,88.89,1.0,0.0
r0057_c0038,40.763954,-73.9779893,Mixed-Use,11,1466.67,0.4545,21.5,1960.0,2035114.0,11,1.3822,133.33,311.11,2.8074,0.0
r0057_c0039,40.763954,-73.9762049,Commercial,23,488.89,0.3636,14.8,1933.0,1330407.0,14,1.4359,44.44,44.44,-0.0,1.0
r0057_c0040,40.763954,-73.9744206,Commercial,8,844.44,0.1053,19.1,1949.0,2848406.0,8,1.0187,88.89,44.44,-0.0,0.0
r0057_c0041,40.763954,-73.9726362,Commercial,5,3288.89,0.027,24.6,1950.0,2391121.0,5,0.7431,133.33,222.22,1.9219,0.6
r0057_c0042,40.763954,-73.9708518,Commercial,20,711.11,0.375,16.2,1936.0,2493433.0,21,0.9215,44.44,133.33,1.585,0.3333
r0057_c0043,40.763954,-73.9690674,Mixed-Use,27,400.0,0.2222,8.1,1913.0,1101138.0,27,2.1505,88.89,0.0,0.0,0.0
r0057_c0044,40.763954,-73.967283,Mixed-Use,71,2222.22,0.34,4.8,1903.0,714312.0,78,2.0926,0.0,1022.22,4.1757,0.2174
r0057_c0045,40.763954,-73.9654986,Residential,37,711.11,0.1875,7.5,1919.0,1158923.0,39,1.8694,0.0,133.33,1.585,0.3333
r0057_c0046,40.763954,-73.9637142,Mixed-Use,18,577.78,0.1538,9.2,1926.0,1292557.0,19,2.0248,44.44,88.89,1.0,0.0
r0057_c0047,40.763954,-73.9619298,Mixed-Use,11,844.44,0.1579,18.0,1968.0,1851545.0,11,1.3089,0.0,177.78,2.0,0.5
r0057_c0048,40.763954,-73.9601454,Residential,38,444.44,0.2,5.5,1921.0,919498.0,41,2.0369,0.0,266.67,2.2516,0.0
r0057_c0049,40.763954,-73.958361,Mixed-Use,15,844.44,0.2632,9.0,1937.0,888658.0,18,1.7393,0.0,222.22,2.3219,0.0
r0057_c0050,40.763954,-73.9565766,Institutional,3,177.78,0.0,17.5,1964.0,893519.0,4,0.7155,0.0,0.0,0.0,0.0
r0057_c0052,40.763954,-73.9530078,Mixed-Use,3,44.44,0.0,,,0.0,0,0.9457,0.0,0.0,0.0,0.0
r0058_c0028,40.7653053,-73.9958333,Industrial,6,222.22,0.2,3.6,1963.0,360505.0,6,1.1939,0.0,44.44,-0.0,1.0
r0058_c0029,40.7653053,-73.9940489,Residential,28,133.33,0.0,5.1,1933.0,488646.0,32,2.3715,0.0,44.44,-0.0,0.0
r0058_c0030,40.7653053,-73.9922645,Institutional,9,311.11,0.4286,7.1,1929.0,779534.0,12,1.1992,0.0,0.0,0.0,0.0
r0058_c0031,40.7653053,-73.9904801,Institutional,38,311.11,0.1429,4.2,1913.0,458672.0,42,1.6478,0.0,88.89,1.0,0.0
r0058_c0032,40.7653053,-73.9886957,Residential,23,400.0,0.6667,5.5,1925.0,553915.0,25,1.5055,0.0,44.44,-0.0,0.0
r0058_c0033,40.7653053,-73.9869113,Mixed-Use,35,888.89,0.7,5.0,1938.0,869121.0,41,1.9418,0.0,133.33,1.585,0.0
r0058_c0034,40.7653053,-73.9851269,Residential,18,400.0,0.0,6.2,1934.0,791851.0,25,1.8547,0.0,177.78,1.5,0.0
r0058_c0035,40.7653053,-73.9833425,Commercial,30,1733.33,0.5897,10.5,1935.0,2863043.0,30,1.5344,177.78,88.89,1.0,0.5
r0058_c0036,40.7653053,-73.9815581,Commercial,6,1066.67,0.3333,25.3,1938.0,2483522.0,6,0.5256,88.89,88.89,1.0,0.0
r0058_c0037,40.7653053,-73.9797737,Commercial,11,1333.33,0.4,28.3,1929.0,2523204.0,11,1.6545,44.44,355.56,3.0,0.25
r0058_c0038,40.7653053,-73.9779893,Mixed-Use,24,844.44,0.2105,15.6,1932.0,1773787.0,24,1.3747,88.89,266.67,2.585,0.0
r0058_c0039,40.7653053,-73.9762049,Mixed-Use,8,1911.11,0.1628,24.0,1931.0,1793913.0,9,1.1719,311.11,444.44,3.1219,0.0
r0058_c0040,40.7653053,-73.9744206,Residential,3,1377.78,0.0323,14.7,1931.0,163691.0,3,1.4591,88.89,0.0,0.0,0.0
r0058_c0042,40.7653053,-73.9708518,Residential,25,711.11,0.125,8.8,1895.0,1828537.0,28,1.8361,133.33,88.89,1.0,1.0
r0058_c0043,40.7653053,-73.9690674,Residential,31,311.11,0.1429,7.1,1910.0,1075111.0,33,2.1419,44.44,177.78,1.5,0.75
r0058_c0044,40.7653053,-73.967283,Residential,36,266.67,0.1667,6.0,1892.0,951163.0,37,2.3449,44.44,44.44,-0.0,0.0
r0058_c0045,40.7653053,-73.9654986,Residential,68,1644.44,0.2703,4.7,1900.0,682559.0,68,1.8235,0.0,844.44,3.6421,0.1053
r0058_c0046,40.7653053,-73.9637142,Mixed-Use,18,977.78,0.0455,9.8,1916.0,973128.0,18,1.426,88.89,88.89,-0.0,1.0
r0058_c0047,40.7653053,-73.9619298,Mixed-Use,4,311.11,0.1429,21.2,1944.0,1610524.0,24,0.339,44.44,88.89,1.0,0.0
r0058_c0048,40.7653053,-73.9601454,Institutional,6,488.89,0.0,6.7,1924.0,650485.0,7,0.8706,0.0,0.0,0.0,0.0
r0058_c0049,40.7653053,-73.958361,Mixed-Use,19,1244.44,0.3571,6.5,1924.0,620624.0,20,2.1572,0.0,44.44,-0.0,0.0
r0058_c0050,40.7653053,-73.9565766,Institutional,11,622.22,0.4286,9.7,1939.0,2123961.0,15,1.4031,0.0,133.33,1.585,0.0
r0058_c0051,40.7653053,-73.9547922,Institutional,3,933.33,0.1429,20.3,1982.0,1036742.0,3,-0.0,0.0,0.0,0.0,0.0
r0058_c0052,40.7653053,-73.9530078,Institutional,5,44.44,0.0,17.4,1959.0,1178657.0,6,0.8671,0.0,0.0,0.0,0.0
r0058_c0053,40.7653053,-73.9512235,Residential,12,1422.22,0.0,20.0,1962.0,195000.0,1,0.3739,44.44,44.44,-0.0,1.0
r0059_c0028,40.7666567,-73.9958333,Mixed-Use,11,133.33,0.0,3.3,1946.0,205031.0,10,1.8357,0.0,0.0,0.0,0.0
r0059_c0029,40.7666567,-73.9940489,Commercial,16,533.33,0.0833,4.3,1931.0,616263.0,23,1.6131,44.44,44.44,-0.0,1.0
r0059_c0030,40.7666567,-73.9922645,Residential,5,177.78,0.25,13.4,1991.0,988220.0,7,1.3068,0.0,44.44,-0.0,0.0
r0059_c0031,40.7666567,-73.9904801,Mixed-Use,7,400.0,0.0,9.4,1957.0,576981.0,11,1.6779,0.0,0.0,0.0,0.0
r0059_c0032,40.7666567,-73.9886957,Residential,34,177.78,0.25,5.4,1935.0,856463.0,34,2.4521,0.0,44.44,-0.0,0.0
r0059_c0033,40.7666567,-73.9869113,Residential,25,755.56,0.4118,5.7,1919.0,728120.0,29,2.2311,0.0,133.33,1.585,0.0
r0059_c0034,40.7666567,-73.9851269,Mixed-Use,17,88.89,0.0,10.2,1929.0,1995732.0,23,1.244,44.44,0.0,0.0,0.0
r0059_c0035,40.7666567,-73.9833425,Commercial,8,1466.67,0.303,21.1,1938.0,1617550.0,10,1.2634,0.0,355.56,3.0,0.75
r0059_c0036,40.7666567,-73.9815581,Mixed-Use,6,1111.11,0.28,35.3,1943.0,2197195.0,6,1.1701,44.44,355.56,2.75,0.625
r0059_c0037,40.7666567,-73.9797737,Residential,11,800.0,0.0556,18.5,1937.0,1730254.0,11,1.6647,0.0,133.33,-0.0,0.0
r0059_c0042,40.7666567,-73.9708518,Residential,31,2044.44,0.0435,7.1,1901.0,790260.0,31,1.9935,666.67,222.22,1.5219,0.0
r0059_c0043,40.7666567,-73.9690674,Residential,48,311.11,0.1429,5.5,1897.0,910767.0,50,2.2128,44.44,222.22,0.7219,0.2
r0059_c0044,40.7666567,-73.967283,Residential,36,88.89,1.0,6.6,1897.0,928830.0,38,2.0436,0.0,0.0,0.0,0.0
r0059_c0045,40.7666567,-73.9654986,Institutional,31,800.0,0.1111,4.9,1893.0,534372.0,37,1.766,0.0,266.67,2.585,0.1667
r0059_c0046,40.7666567,-73.9637142,Residential,20,755.56,0.0588,9.4,1925.0,1468847.0,20,1.8406,0.0,133.33,0.9183,0.6667
r0059_c0047,40.7666567,-73.9619298,Mixed-Use,25,622.22,0.2143,7.1,1917.0,969837.0,30,1.6028,0.0,222.22,1.9219,0.6
r0059_c0048,40.7666567,-73.9601454,Mixed-Use,18,1200.0,0.2222,9.7,1932.0,2102248.0,18,1.0818,0.0,711.11,3.4056,0.0625
r0059_c0049,40.7666567,-73.958361,Residential,37,577.78,0.3077,5.2,1914.0,910623.0,40,1.9197,0.0,222.22,2.3219,0.0
r0059_c0050,40.7666567,-73.9565766,Mixed-Use,22,1688.89,0.4211,8.4,1928.0,1199822.0,23,1.4572,0.0,711.11,2.9528,0.0625
r0059_c0051,40.7666567,-73.9547922,Mixed-Use,16,755.56,0.2941,11.2,1928.0,1247215.0,17,1.7232,44.44,177.78,2.0,0.0
r0059_c0052,40.7666567,-73.9530078,Commercial,9,400.0,0.1111,11.0,1932.0,1098433.0,10,1.4547,44.44,222.22,2.3219,0.0
r0059_c0053,40.7666567,-73.9512235,Institutional,14,666.67,0.0,11.1,1947.0,1915924.0,11,2.0671,0.0,0.0,0.0,0.0
r0060_c0028,40.768008,-73.9958333,Mixed-Use,7,1200.0,0.0,2.7,1949.0,97329.0,9,1.9307,133.33,44.44,-0.0,0.0
r0060_c0030,40.768008,-73.9922645,Mixed-Use,4,533.33,0.0833,25.7,1964.0,1610818.0,4,0.7741,0.0,133.33,0.9183,0.6667
r0060_c0031,40.768008,-73.9904801,Residential,7,177.78,0.25,9.9,1974.0,861392.0,12,1.378,0.0,0.0,0.0,0.0
r0060_c0032,40.768008,-73.9886957,Mixed-Use,21,933.33,0.381,5.2,1914.0,835992.0,24,2.1565,88.89,88.89,1.0,0.0
r0060_c0033,40.768008,-73.9869113,Residential,21,400.0,0.0,5.6,1917.0,900537.0,29,2.1549,0.0,44.44,-0.0,0.0
r0060_c0034,40.768008,-73.9851269,Mixed-Use,11,1200.0,0.2593,11.2,1932.0,1062678.0,14,1.6978,0.0,488.89,3.0958,0.0909
r0060_c0035,40.768008,-73.9833425,Mixed-Use,7,3066.67,0.2319,15.6,1959.0,2685431.0,10,0.5656,133.33,1288.89,3.5485,0.5172
r0060_c0043,40.768008,-73.9690674,Mixed-Use,36,622.22,0.1429,6.6,1906.0,894306.0,37,2.2517,88.89,133.33,0.9183,0.3333
r0060_c0044,40.768008,-73.967283,Residential,46,355.56,0.0,6.1,1891.0,980040.0,46,2.2488,0.0,311.11,0.9852,0.1429
r0060_c0045,40.768008,-73.9654986,Institutional,8,400.0,0.0,10.9,1919.0,1394273.0,10,1.1788,0.0,0.0,0.0,0.0
r0060_c0046,40.768008,-73.9637142,Residential,10,1377.78,0.0323,8.7,1914.0,1306728.0,10,1.008,44.44,222.22,2.3219,0.0
r0060_c0047,40.768008,-73.9619298,Mixed-Use,18,533.33,0.1667,8.2,1911.0,833544.0,20,1.7757,0.0,266.67,2.585,0.6667
r0060_c0048,40.768008,-73.9601454,Mixed-Use,28,400.0,0.2222,8.1,1929.0,1440814.0,29,1.9921,0.0,0.0,0.0,0.0
r0060_c0049,40.768008,-73.958361,Residential,28,888.89,0.3,8.8,1945.0,1060291.0,26,1.6621,0.0,266.67,2.585,0.0
r0060_c0050,40.768008,-73.9565766,Residential,18,577.78,0.0769,12.6,1934.0,1344236.0,18,1.3273,0.0,177.78,1.5,0.25
r0060_c0051,40.768008,-73.9547922,Residential,41,755.56,0.4706,5.7,1918.0,814786.0,41,1.8247,88.89,222.22,1.9219,0.0
r0060_c0052,40.768008,-73.9530078,Residential,30,533.33,0.3333,8.3,1930.0,1489412.0,30,2.1065,0.0,133.33,1.585,0.0
r0060_c0053,40.768008,-73.9512235,Mixed-Use,9,0.0,0.0,4.3,1924.0,66957.0,13,0.7404,0.0,0.0,0.0,0.0
r0060_c0054,40.768008,-73.9494391,Institutional,3,533.33,0.0,22.0,1978.0,352994.0,3,0.9678,0.0,0.0,0.0,0.0
r0061_c0029,40.7693594,-73.9940489,Commercial,5,1644.44,0.0,6.0,1921.0,567977.0,5,0.1473,133.33,88.89,-0.0,1.0
r0061_c0030,40.7693594,-73.9922645,Commercial,7,177.78,0.0,9.3,1945.0,844092.0,9,0.5958,0.0,44.44,-0.0,1.0
r0061_c0031,40.7693594,-73.9904801,Commercial,3,266.67,0.0,8.7,1942.0,775428.0,3,0.9769,0.0,0.0,0.0,0.0
r0061_c0032,40.7693594,-73.9886957,Commercial,25,977.78,0.5,4.9,1925.0,986930.0,28,1.3476,0.0,444.44,3.1219,0.1
r0061_c0033,40.7693594,-73.9869113,Institutional,13,355.56,0.0,8.8,1935.0,1799917.0,13,1.4286,0.0,44.44,-0.0,0.0
r0061_c0034,40.7693594,-73.9851269,Institutional,5,488.89,0.1818,20.2,1931.0,1225299.0,5,0.9964,44.44,88.89,1.0,0.5
r0061_c0035,40.7693594,-73.9833425,Residential,9,2444.44,0.0545,17.0,1949.0,1786462.0,11,1.3986,177.78,311.11,2.8074,0.2857
r0061_c0043,40.7693594,-73.9690674,Residential,17,933.33,0.0,8.9,1909.0,1011376.0,19,1.0145,444.44,0.0,0.0,0.0
r0061_c0044,40.7693594,-73.967283,Mixed-Use,50,577.78,0.1538,5.9,1889.0,798159.0,51,1.9159,44.44,400.0,1.4466,0.5556
r0061_c0045,40.7693594,-73.9654986,Residential,30,222.22,0.0,6.2,1908.0,727109.0,31,2.0733,0.0,0.0,0.0,0.0
r0061_c0046,40.7693594,-73.9637142,Residential,58,1022.22,0.1739,5.7,1896.0,720994.0,59,2.2386,44.44,444.44,2.9219,0.0
r0061_c0047,40.7693594,-73.9619298,Residential,50,444.44,0.0,6.0,1892.0,1134903.0,50,1.9303,0.0,177.78,2.0,0.25
r0061_c0048,40.7693594,-73.9601454,Residential,28,577.78,0.0,6.8,1922.0,1134675.0,31,2.1348,0.0,177.78,2.0,0.5
r0061_c0049,40.7693594,-73.958361,Mixed-Use,23,1244.44,0.3929,9.7,1932.0,1162197.0,24,1.4206,0.0,222.22,2.3219,0.2
r0061_c0050,40.7693594,-73.9565766,Residential,31,533.33,0.0833,7.6,1921.0,1403870.0,32,1.8805,0.0,222.22,2.3219,0.0
r0061_c0051,40.7693594,-73.9547922,Mixed-Use,30,1555.56,0.3714,6.2,1917.0,824293.0,31,1.4077,0.0,711.11,3.4528,0.0625
r0061_c0052,40.7693594,-73.9530078,Residential,45,622.22,0.3571,6.1,1925.0,951054.0,46,2.1777,0.0,222.22,2.3219,0.0
r0061_c0053,40.7693594,-73.9512235,Residential,14,400.0,0.5556,9.8,1947.0,1436583.0,15,1.4774,0.0,88.89,1.0,0.0
r0061_c0055,40.7693594,-73.9476547,Residential,3,1333.33,0.0,7.0,1910.0,75854.0,1,0.9559,44.44,0.0,0.0,0.0
r0062_c0030,40.7707107,-73.9922645,Mixed-Use,4,1022.22,0.2174,23.8,1993.0,1895213.0,4,0.7204,44.44,177.78,1.5,0.0
r0062_c0031,40.7707107,-73.9904801,Institutional,3,444.44,0.1,17.0,2010.0,1656042.0,3,0.9816,88.89,44.44,-0.0,1.0
r0062_c0032,40.7707107,-73.9886957,Institutional,4,800.0,0.0,12.5,1966.0,832187.0,4,0.765,0.0,0.0,0.0,0.0
r0062_c0033,40.7707107,-73.9869113,Institutional,5,577.78,0.0769,23.5,1969.0,1010238.0,4,1.4789,0.0,0.0,0.0,0.0
r0062_c0034,40.7707107,-73.9851269,Institutional,3,1688.89,0.0,25.0,1968.0,1740457.0,5,0.4008,133.33,44.44,-0.0,0.0
r0062_c0035,40.7707107,-73.9833425,Mixed-Use,7,1377.78,0.0645,23.1,1963.0,1365038.0,7,1.2641,355.56,177.78,2.0,0.75
r0062_c0036,40.7707107,-73.9815581,Mixed-Use,5,2711.11,0.0328,23.2,1948.0,1333908.0,5,0.3882,88.89,177.78,2.0,0.25
r0062_c0044,40.7707107,-73.967283,Residential,20,355.56,0.0,8.4,1922.0,1130573.0,20,1.9997,88.89,44.44,-0.0,0.0
r0062_c0045,40.7707107,-73.9654986,Residential,24,266.67,0.1667,8.9,1921.0,1445065.0,24,2.1083,44.44,133.33,0.9183,0.3333
r0062_c0046,40.7707107,-73.9637142,Residential,22,44.44,0.0,9.4,1910.0,1002609.0,23,1.6794,0.0,0.0,0.0,0.0
r0062_c0047,40.7707107,-73.9619298,Residential,37,844.44,0.2105,7.2,1896.0,1205351.0,37,1.5691,0.0,266.67,1.0,0.0
r0062_c0048,40.7707107,-73.9601454,Residential,32,666.67,0.4667,6.9,1914.0,1253982.0,35,2.0097,0.0,266.67,2.585,0.5
r0062_c0049,40.7707107,-73.958361,Residential,43,355.56,0.375,6.5,1924.0,1030762.0,47,1.6265,0.0,44.44,-0.0,0.0
r0062_c0050,40.7707107,-73.9565766,Mixed-Use,25,1600.0,0.2778,7.2,1923.0,1168819.0,23,1.5236,0.0,400.0,3.1699,0.1111
r0062_c0051,40.7707107,-73.9547922,Residential,36,666.67,0.3333,5.8,1916.0,1096751.0,38,1.8661,0.0,355.56,3.0,0.125
r0062_c0052,40.7707107,-73.9530078,Residential,46,1022.22,0.3478,5.5,1928.0,817392.0,45,2.3153,0.0,311.11,2.2359,0.0
r0062_c0053,40.7707107,-73.9512235,Mixed-Use,29,800.0,0.3333,5.5,1923.0,679714.0,32,1.8795,0.0,222.22,2.3219,0.0
r0062_c0054,40.7707107,-73.9494391,Residential,15,88.89,0.0,8.7,1928.0,1122571.0,17,0.8419,0.0,0.0,0.0,0.0
r0062_c0055,40.7707107,-73.9476547,Residential,5,0.0,0.0,13.0,1927.0,638355.0,5,0.7068,0.0,0.0,0.0,0.0
r0063_c0030,40.7720621,-73.9922645,Mixed-Use,3,755.56,0.0,38.0,1978.0,927996.0,3,0.9999,0.0,0.0,0.0,0.0
r0063_c0031,40.7720621,-73.9904801,Mixed-Use,3,1333.33,0.1,43.0,2011.0,1618910.0,3,-0.0,0.0,88.89,1.0,0.5
r0063_c0032,40.7720621,-73.9886957,Mixed-Use,8,1066.67,0.0,14.1,1978.0,1104106.0,8,1.0763,0.0,88.89,1.0,0.0
r0063_c0033,40.7720621,-73.9869113,Institutional,4,1422.22,0.0312,21.7,1971.0,667634.0,4,0.982,0.0,0.0,0.0,0.0
r0063_c0035,40.7720621,-73.9833425,Commercial,3,2177.78,0.102,5.5,1964.0,524873.0,4,0.139,488.89,0.0,0.0,0.0
r0063_c0036,40.7720621,-73.9815581,Mixed-Use,13,1111.11,0.2,11.1,1930.0,1697351.0,13,1.1081,44.44,44.44,-0.0,0.0
r0063_c0037,40.7720621,-73.9797737,Residential,14,933.33,0.0476,13.1,1941.0,1580206.0,14,1.31,44.44,0.0,0.0,0.0
r0063_c0044,40.7720621,-73.967283,Residential,7,1422.22,0.0,13.7,1931.0,773662.0,7,0.3683,533.33,0.0,0.0,0.0
r0063_c0045,40.7720621,-73.9654986,Residential,38,355.56,0.125,5.6,1901.0,702004.0,39,2.1678,0.0,177.78,0.8113,0.0
r0063_c0046,40.7720621,-73.9637142,Residential,31,88.89,0.0,8.1,1902.0,1164143.0,34,1.947,44.44,0.0,0.0,0.0
r0063_c0047,40.7720621,-73.9619298,Residential,37,622.22,0.1429,6.4,1904.0,987040.0,38,2.0772,0.0,177.78,2.0,0.0
r0063_c0048,40.7720621,-73.9601454,Mixed-Use,39,622.22,0.3571,6.7,1913.0,1045969.0,42,2.1056,0.0,177.78,2.0,0.25
r0063_c0049,40.7720621,-73.958361,Institutional,30,933.33,0.2381,5.8,1928.0,868604.0,31,1.6855,0.0,400.0,2.9477,0.1111
r0063_c0050,40.7720621,-73.9565766,Mixed-Use,39,1688.89,0.3158,8.0,1928.0,1415638.0,38,1.455,0.0,577.78,3.2389,0.0
r0063_c0051,40.7720621,-73.9547922,Residential,53,1200.0,0.4815,5.0,1914.0,703934.0,55,1.7293,0.0,400.0,2.5033,0.0
r0063_c0052,40.7720621,-73.9530078,Residential,27,888.89,0.4,9.6,1930.0,1120707.0,29,1.9227,0.0,355.56,3.0,0.0
r0063_c0053,40.7720621,-73.9512235,Residential,16,177.78,0.0,9.4,1934.0,1451502.0,19,1.8914,0.0,44.44,-0.0,0.0
r0063_c0054,40.7720621,-73.9494391,Mixed-Use,22,311.11,0.2857,8.6,1934.0,1205195.0,24,1.2776,0.0,133.33,1.585,0.3333
r0063_c0055,40.7720621,-73.9476547,Residential,27,133.33,0.0,8.2,1931.0,990808.0,32,1.5783,0.0,88.89,1.0,0.0
r0063_c0056,40.7720621,-73.9458703,Residential,8,977.78,0.0,14.7,1949.0,1041670.0,6,1.1139,0.0,0.0,0.0,0.0
r0064_c0030,40.7734134,-73.9922645,Mixed-Use,3,1422.22,0.0,38.5,2016.0,1250140.0,2,-0.0,0.0,44.44,-0.0,0.0
r0064_c0031,40.7734134,-73.9904801,Mixed-Use,7,1466.67,0.1818,22.3,2012.0,940625.0,3,1.4486,0.0,177.78,2.0,0.25
r0064_c0033,40.7734134,-73.9869113,Residential,5,222.22,0.0,9.2,1917.0,904950.0,16,0.3689,0.0,0.0,0.0,0.0
r0064_c0036,40.7734134,-73.9815581,Commercial,9,1333.33,0.1333,12.9,1949.0,691761.0,8,1.7004,133.33,44.44,-0.0,1.0
r0064_c0037,40.7734134,-73.9797737,Commercial,13,622.22,0.0714,10.8,1928.0,1214939.0,16,1.4823,0.0,0.0,0.0,0.0
r0064_c0038,40.7734134,-73.9779893,Residential,11,977.78,0.0455,10.5,1913.0,912277.0,13,1.0193,133.33,44.44,-0.0,0.0
r0064_c0045,40.7734134,-73.9654986,Residential,38,488.89,0.1818,7.0,1890.0,1102744.0,38,2.0451,44.44,44.44,-0.0,0.0
r0064_c0046,40.7734134,-73.9637142,Residential,42,800.0,0.0556,5.8,1900.0,1073924.0,44,2.3668,88.89,444.44,2.8464,0.3
r0064_c0047,40.7734134,-73.9619298,Residential,17,133.33,0.0,8.4,1927.0,701360.0,17,1.593,0.0,0.0,0.0,0.0
r0064_c0048,40.7734134,-73.9601454,Institutional,15,1111.11,0.28,8.9,1940.0,1516029.0,24,1.488,0.0,177.78,2.0,0.25
r0064_c0049,40.7734134,-73.958361,Residential,26,666.67,0.3333,8.4,1933.0,1237222.0,28,1.8169,44.44,266.67,2.585,0.3333
r0064_c0050,40.7734134,-73.9565766,Residential,42,400.0,0.2222,6.1,1912.0,1000808.0,45,2.1893,0.0,44.44,-0.0,0.0
r0064_c0051,40.7734134,-73.9547922,Residential,16,755.56,0.0588,9.1,1945.0,1226087.0,16,1.9054,44.44,88.89,-0.0,0.0
r0064_c0052,40.7734134,-73.9530078,Residential,20,266.67,0.0,8.2,1933.0,1307672.0,25,1.4653,0.0,133.33,1.585,0.0
r0064_c0053,40.7734134,-73.9512235,Residential,29,933.33,0.1429,7.3,1936.0,1121135.0,30,2.0003,44.44,222.22,2.3219,0.2
r0064_c0054,40.7734134,-73.9494391,Residential,27,133.33,0.3333,7.4,1921.0,1263596.0,30,1.4203,0.0,88.89,1.0,0.0
r0064_c0055,40.7734134,-73.9476547,Residential,50,44.44,0.0,6.2,1916.0,1209758.0,50,1.3467,0.0,0.0,0.0,0.0
r0064_c0056,40.7734134,-73.9458703,Residential,15,755.56,0.0,10.4,1937.0,1155337.0,18,1.5729,0.0,0.0,0.0,0.0
r0065_c0030,40.7747648,-73.9922645,Open Space,3,266.67,0.0,,,0.0,0,0.4756,44.44,0.0,0.0,0.0
r0065_c0031,40.7747648,-73.9904801,Mixed-Use,5,222.22,0.0,35.3,2008.0,1226095.0,3,1.4942,0.0,44.44,-0.0,0.0
r0065_c0032,40.7747648,-73.9886957,Mixed-Use,7,400.0,0.1111,20.0,1956.0,792570.0,3,1.9477,0.0,133.33,1.585,0.0
r0065_c0033,40.7747648,-73.9869113,Mixed-Use,5,488.89,0.0,16.0,1944.0,707198.0,5,1.5563,0.0,44.44,-0.0,0.0
r0065_c0034,40.7747648,-73.9851269,Institutional,4,1155.56,0.0,25.2,1988.0,1634795.0,4,1.1615,44.44,44.44,-0.0,1.0
r0065_c0035,40.7747648,-73.9833425,Mixed-Use,11,1866.67,0.0952,12.5,1952.0,1276324.0,11,1.9314,44.44,311.11,2.2359,0.7143
r0065_c0036,40.7747648,-73.9815581,Mixed-Use,9,1555.56,0.2286,9.7,1914.0,801459.0,9,0.3906,88.89,266.67,0.9183,0.5
r0065_c0037,40.7747648,-73.9797737,Residential,57,933.33,0.2381,5.5,1900.0,1009612.0,60,1.9531,0.0,311.11,2.2359,0.1429
r0065_c0038,40.7747648,-73.9779893,Residential,44,222.22,0.0,5.4,1901.0,860772.0,44,2.0636,133.33,0.0,0.0,0.0
r0065_c0045,40.7747648,-73.9654986,Residential,11,1955.56,0.0,10.6,1920.0,552427.0,11,1.4949,266.67,0.0,0.0,0.0
r0065_c0046,40.7747648,-73.9637142,Residential,38,800.0,0.2778,7.5,1901.0,1287591.0,38,2.2481,222.22,222.22,1.371,0.4
r0065_c0047,40.7747648,-73.9619298,Residential,23,133.33,0.0,8.7,1911.0,1171948.0,23,1.3643,0.0,44.44,-0.0,0.0
r0065_c0048,40.7747648,-73.9601454,Residential,32,400.0,0.2222,7.4,1898.0,1125843.0,38,1.8424,0.0,133.33,1.585,0.3333
r0065_c0049,40.7747648,-73.958361,Residential,34,977.78,0.2273,8.4,1923.0,1174559.0,36,1.8644,0.0,177.78,1.5,0.25
r0065_c0050,40.7747648,-73.9565766,Residential,23,1155.56,0.4231,8.8,1930.0,1324142.0,26,1.8745,0.0,355.56,3.0,0.25
r0065_c0051,40.7747648,-73.9547922,Mixed-Use,50,1422.22,0.4688,5.8,1923.0,966661.0,51,1.6833,0.0,488.89,3.0958,0.0
r0065_c0052,40.7747648,-73.9530078,Residential,57,755.56,0.4118,5.0,1922.0,696143.0,60,1.6201,0.0,311.11,2.2359,0.1429
r0065_c0053,40.7747648,-73.9512235,Mixed-Use,39,1288.89,0.4828,5.7,1923.0,845385.0,39,1.3979,0.0,444.44,2.9219,0.1
r0065_c0054,40.7747648,-73.9494391,Residential,64,0.0,0.0,5.4,1918.0,866080.0,67,1.9301,0.0,0.0,0.0,0.0
r0065_c0055,40.7747648,-73.9476547,Residential,47,622.22,0.2857,5.3,1913.0,736156.0,48,1.8983,0.0,222.22,2.3219,0.2
r0065_c0056,40.7747648,-73.9458703,Residential,25,0.0,0.0,7.6,1920.0,973710.0,28,1.1082,0.0,0.0,0.0,0.0
r0065_c0057,40.7747648,-73.9440859,Open Space,10,2311.11,0.0,3.0,1874.0,35073.0,13,0.1033,44.44,0.0,0.0,0.0
r0066_c0032,40.7761161,-73.9886957,Mixed-Use,5,711.11,0.0625,18.3,2000.0,1093645.0,4,1.5695,0.0,0.0,0.0,0.0
r0066_c0034,40.7761161,-73.9851269,Mixed-Use,3,177.78,0.0,29.0,1964.0,1456418.0,3,-0.0,0.0,0.0,0.0,0.0
r0066_c0035,40.7761161,-73.9833425,Mixed-Use,8,1244.44,0.0714,16.2,1976.0,1616332.0,9,1.6251,0.0,444.44,2.9219,0.2
r0066_c0036,40.7761161,-73.9815581,Residential,36,622.22,0.2143,5.6,1893.0,836634.0,38,2.1626,0.0,88.89,1.0,0.5
r0066_c0037,40.7761161,-73.9797737,Residential,50,1377.78,0.4516,4.6,1892.0,604928.0,53,1.7712,44.44,711.11,3.3278,0.25
r0066_c0038,40.7761161,-73.9779893,Residential,70,266.67,0.3333,5.4,1896.0,1065117.0,74,1.8722,44.44,0.0,0.0,0.0
r0066_c0046,40.7761161,-73.9637142,Residential,41,400.0,0.0,5.7,1895.0,714890.0,39,2.2476,0.0,44.44,-0.0,0.0
r0066_c0047,40.7761161,-73.9619298,Residential,39,533.33,0.3333,7.7,1915.0,1076607.0,41,2.1552,0.0,177.78,0.8113,0.5
r0066_c0048,40.7761161,-73.9601454,Residential,24,88.89,0.0,10.3,1926.0,1178325.0,25,1.4555,0.0,0.0,0.0,0.0
r0066_c0049,40.7761161,-73.958361,Residential,41,622.22,0.0,5.9,1911.0,896834.0,45,1.9657,0.0,177.78,2.0,0.25
r0066_c0050,40.7761161,-73.9565766,Residential,44,755.56,0.2941,7.0,1922.0,1130498.0,46,1.9176,44.44,355.56,3.0,0.25
r0066_c0051,40.7761161,-73.9547922,Residential,53,444.44,0.2,5.2,1922.0,770827.0,57,2.3096,0.0,266.67,2.585,0.1667
r0066_c0052,40.7761161,-73.9530078,Residential,44,1422.22,0.5625,6.2,1933.0,976933.0,44,1.8718,0.0,577.78,3.5466,0.1538
r0066_c0053,40.7761161,-73.9512235,Residential,52,622.22,0.3571,5.2,1917.0,846338.0,59,1.8545,0.0,222.22,1.9219,0.2
r0066_c0054,40.7761161,-73.9494391,Residential,23,222.22,0.2,7.1,1925.0,789346.0,23,1.9788,0.0,88.89,1.0,0.5
r0066_c0055,40.7761161,-73.9476547,Residential,26,44.44,1.0,9.2,1930.0,1391444.0,26,1.703,0.0,0.0,0.0,0.0
r0066_c0056,40.7761161,-73.9458703,Residential,48,88.89,0.0,6.3,1914.0,1420426.0,52,1.7908,0.0,88.89,1.0,0.0
r0066_c0057,40.7761161,-73.9440859,Residential,21,1422.22,0.0,5.3,1901.0,777442.0,21,1.7503,0.0,0.0,0.0,0.0
r0067_c0032,40.7774675,-73.9886957,Mixed-Use,5,1244.44,0.0,29.5,2000.0,892252.0,2,1.4924,0.0,88.89,1.0,0.0
r0067_c0034,40.7774675,-73.9851269,Mixed-Use,3,400.0,0.0,19.7,1978.0,836184.0,4,0.9991,0.0,88.89,1.0,0.0
r0067_c0035,40.7774675,-73.9833425,Mixed-Use,17,1244.44,0.2143,12.8,1924.0,1419661.0,17,1.3259,0.0,311.11,2.5216,0.2857
r0067_c0036,40.7774675,-73.9815581,Residential,19,888.89,0.2,7.5,1905.0,901338.0,19,1.8584,0.0,177.78,2.0,1.0
r0067_c0037,40.7774675,-73.9797737,Mixed-Use,45,1688.89,0.2632,6.4,1902.0,913001.0,58,1.9004,0.0,800.0,2.6688,0.3333
r0067_c0038,40.7774675,-73.9779893,Mixed-Use,37,1466.67,0.4242,6.4,1898.0,925165.0,38,1.4162,88.89,444.44,2.8464,0.1
r0067_c0039,40.7774675,-73.9762049,Residential,29,711.11,0.0,6.7,1905.0,1479970.0,30,1.5457,44.44,0.0,0.0,0.0
r0067_c0046,40.7774675,-73.9637142,Residential,6,2000.0,0.0667,16.2,1939.0,430024.0,6,0.8546,266.67,0.0,0.0,0.0
r0067_c0047,40.7774675,-73.9619298,Residential,48,266.67,0.3333,6.7,1904.0,925500.0,48,2.1547,0.0,44.44,-0.0,0.0
r0067_c0048,40.7774675,-73.9601454,Residential,36,44.44,0.0,6.5,1916.0,743093.0,36,2.0527,0.0,0.0,0.0,0.0
r0067_c0049,40.7774675,-73.958361,Residential,32,133.33,0.0,6.8,1927.0,1024290.0,32,1.7596,0.0,0.0,0.0,0.0
r0067_c0050,40.7774675,-73.9565766,Residential,36,1022.22,0.3913,5.7,1923.0,847730.0,36,2.0534,0.0,266.67,2.2516,0.0
r0067_c0051,40.7774675,-73.9547922,Mixed-Use,34,1555.56,0.3714,7.0,1929.0,1147455.0,37,2.0133,0.0,488.89,3.2776,0.1818
r0067_c0052,40.7774675,-73.9530078,Mixed-Use,36,1466.67,0.3636,6.7,1925.0,959710.0,37,2.1125,0.0,577.78,3.1808,0.1538
r0067_c0053,40.7774675,-73.9512235,Mixed-Use,28,1155.56,0.5,8.1,1938.0,1466444.0,34,1.1946,0.0,355.56,2.75,0.0
r0067_c0054,40.7774675,-73.9494391,Mixed-Use,34,844.44,0.3684,7.6,1930.0,983800.0,34,1.968,0.0,577.78,3.5466,0.1538
r0067_c0055,40.7774675,-73.9476547,Residential,50,444.44,0.3,4.6,1920.0,539528.0,52,2.3347,0.0,133.33,1.585,0.0
r0067_c0056,40.7774675,-73.9458703,Mixed-Use,28,400.0,0.1111,5.8,1923.0,786973.0,31,1.5786,0.0,222.22,1.371,0.0
r0067_c0057,40.7774675,-73.9440859,Residential,18,533.33,0.0,5.3,1919.0,680565.0,18,0.7532,0.0,0.0,0.0,0.0
r0068_c0033,40.7788188,-73.9869113,Mixed-Use,15,133.33,0.0,9.1,1918.0,1534306.0,15,1.3055,0.0,0.0,0.0,0.0
r0068_c0034,40.7788188,-73.9851269,Residential,36,44.44,0.0,5.7,1898.0,789776.0,37,1.8517,0.0,0.0,0.0,0.0
r0068_c0035,40.7788188,-73.9833425,Mixed-Use,52,1511.11,0.2059,6.0,1903.0,1032571.0,53,1.8424,0.0,755.56,3.5725,0.0588
r0068_c0036,40.7788188,-73.9815581,Mixed-Use,15,2266.67,0.3137,6.8,1913.0,590891.0,14,1.3158,44.44,844.44,3.6819,0.2632
r0068_c0037,40.7788188,-73.9797737,Residential,60,222.22,0.2,5.0,1895.0,863169.0,64,2.2157,0.0,44.44,-0.0,0.0
r0068_c0038,40.7788188,-73.9779893,Residential,45,2266.67,0.1961,4.8,1892.0,689289.0,47,1.7061,88.89,933.33,3.8442,0.2381
r0068_c0039,40.7788188,-73.9762049,Residential,79,44.44,0.0,4.4,1894.0,754817.0,80,1.4948,0.0,0.0,0.0,0.0
r0068_c0040,40.7788188,-73.9744206,Institutional,15,2177.78,0.0204,6.1,1898.0,402056.0,15,1.5304,133.33,0.0,0.0,0.0
r0068_c0047,40.7788188,-73.9619298,Residential,28,177.78,0.25,6.9,1900.0,849409.0,28,1.9623,0.0,0.0,0.0,0.0
r0068_c0048,40.7788188,-73.9601454,Residential,33,666.67,0.2667,6.8,1920.0,1156027.0,33,2.1475,0.0,355.56,1.5488,0.125
r0068_c0049,40.7788188,-73.958361,Residential,12,400.0,0.0,11.2,1929.0,948558.0,13,1.0508,0.0,0.0,0.0,0.0
r0068_c0050,40.7788188,-73.9565766,Residential,29,1244.44,0.3571,8.2,1934.0,1209265.0,29,1.6929,0.0,311.11,2.8074,0.2857
r0068_c0051,40.7788188,-73.9547922,Mixed-Use,19,1155.56,0.1538,8.7,1936.0,1665314.0,20,1.5502,0.0,577.78,2.6235,0.8462
r0068_c0052,40.7788188,-73.9530078,Mixed-Use,20,1377.78,0.2581,9.6,1944.0,1155939.0,23,1.8089,0.0,444.44,3.1219,0.3
r0068_c0053,40.7788188,-73.9512235,Residential,21,888.89,0.35,9.3,1935.0,1245436.0,21,1.0818,0.0,88.89,1.0,0.5
r0068_c0054,40.7788188,-73.9494391,Residential,42,222.22,0.0,4.9,1920.0,621245.0,45,2.1363,0.0,0.0,0.0,0.0
r0068_c0055,40.7788188,-73.9476547,Mixed-Use,24,844.44,0.3684,9.6,1932.0,1211273.0,24,1.2239,0.0,400.0,2.9477,0.1111
r0068_c0056,40.7788188,-73.9458703,Residential,19,355.56,0.125,8.9,1948.0,1199691.0,20,2.4079,0.0,0.0,0.0,0.0
r0069_c0032,40.7801702,-73.9886957,Open Space,3,1955.56,0.0227,,,0.0,0,0.7407,44.44,0.0,0.0,0.0
r0069_c0033,40.7801702,-73.9869113,Mixed-Use,16,355.56,0.0,10.7,1915.0,1329723.0,16,2.045,0.0,0.0,0.0,0.0
r0069_c0034,40.7801702,-73.9851269,Residential,32,533.33,0.0833,7.9,1909.0,1182735.0,31,1.3807,0.0,44.44,-0.0,0.0
r0069_c0035,40.7801702,-73.9833425,Residential,45,311.11,0.2857,6.2,1899.0,1068825.0,46,1.8187,0.0,222.22,1.9219,0.0
r0069_c0036,40.7801702,-73.9815581,Mixed-Use,10,1244.44,0.1071,8.8,1915.0,1058964.0,10,1.3745,222.22,311.11,2.8074,0.1429
r0069_c0037,40.7801702,-73.9797737,Residential,54,1244.44,0.4643,4.8,1896.0,820046.0,54,1.6927,0.0,577.78,3.1808,0.0
r0069_c0038,40.7801702,-73.9779893,Institutional,53,933.33,0.2381,4.3,1894.0,581120.0,53,1.5998,44.44,133.33,1.585,0.0
r0069_c0039,40.7801702,-73.9762049,Residential,29,2577.78,0.0862,5.6,1893.0,665178.0,29,1.9264,88.89,133.33,0.9183,0.3333
r0069_c0040,40.7801702,-73.9744206,Residential,5,2444.44,0.0,8.8,1912.0,280579.0,5,0.6365,88.89,0.0,0.0,0.0
r0069_c0047,40.7801702,-73.9619298,Institutional,4,2044.44,0.0435,8.0,1908.0,113527.0,4,0.9568,88.89,0.0,0.0,0.0
r0069_c0048,40.7801702,-73.9601454,Residential,23,488.89,0.1818,8.9,1920.0,1715565.0,24,1.4594,133.33,222.22,0.971,0.4
r0069_c0049,40.7801702,-73.958361,Residential,12,266.67,0.0,12.8,1945.0,1081147.0,12,1.1386,0.0,88.89,1.0,0.0
r0069_c0050,40.7801702,-73.9565766,Mixed-Use,15,177.78,0.0,10.8,1935.0,1116750.0,15,1.5512,0.0,44.44,-0.0,0.0
r0069_c0051,40.7801702,-73.9547922,Mixed-Use,23,1111.11,0.2,8.7,1934.0,1324970.0,23,1.5297,44.44,400.0,2.7255,0.6667
r0069_c0052,40.7801702,-73.9530078,Mixed-Use,35,1511.11,0.3529,7.5,1926.0,1248023.0,35,1.7841,0.0,533.33,3.4183,0.3333
r0069_c0053,40.7801702,-73.9512235,Residential,53,711.11,0.4375,5.0,1921.0,634477.0,65,1.1715,0.0,355.56,2.5,0.0
r0069_c0054,40.7801702,-73.9494391,Residential,47,1511.11,0.3235,5.2,1924.0,569638.0,50,1.5147,0.0,711.11,3.3278,0.0625
r0069_c0055,40.7801702,-73.9476547,Residential,37,800.0,0.3333,6.5,1928.0,978332.0,40,1.9791,0.0,355.56,2.4056,0.125
r0069_c0056,40.7801702,-73.9458703,Mixed-Use,20,400.0,0.4444,7.1,1942.0,1045466.0,21,1.7524,44.44,88.89,1.0,0.0
r0070_c0034,40.7815215,-73.9851269,Residential,13,444.44,0.0,6.7,1903.0,807941.0,13,0.6871,0.0,0.0,0.0,0.0
r0070_c0035,40.7815215,-73.9833425,Residential,21,88.89,0.0,8.3,1921.0,1047030.0,21,1.1685,44.44,0.0,0.0,0.0
r0070_c0036,40.7815215,-73.9815581,Mixed-Use,22,1600.0,0.0833,7.5,1911.0,957627.0,22,1.918,266.67,488.89,3.0272,0.1818
r0070_c0037,40.7815215,-73.9797737,Mixed-Use,21,1200.0,0.4074,9.3,1923.0,1503984.0,21,1.9296,88.89,133.33,1.585,0.3333
r0070_c0038,40.7815215,-73.9779893,Residential,44,311.11,0.0,4.0,1892.0,396127.0,44,2.1246,0.0,44.44,-0.0,0.0
r0070_c0039,40.7815215,-73.9762049,Residential,40,2355.56,0.0943,4.9,1896.0,573833.0,41,1.9058,44.44,44.44,-0.0,0.0
r0070_c0048,40.7815215,-73.9601454,Residential,10,755.56,0.0588,14.0,1936.0,991450.0,10,1.4451,44.44,0.0,0.0,0.0
r0070_c0049,40.7815215,-73.958361,Residential,14,355.56,0.0,11.2,1933.0,1323576.0,14,1.0121,0.0,133.33,1.585,0.6667
r0070_c0050,40.7815215,-73.9565766,Residential,12,88.89,0.0,13.5,1927.0,1291224.0,13,0.7232,0.0,0.0,0.0,0.0
r0070_c0051,40.7815215,-73.9547922,Residential,28,666.67,0.2,6.6,1915.0,1070118.0,30,1.9293,0.0,400.0,2.9477,0.1111
r0070_c0052,40.7815215,-73.9530078,Residential,40,888.89,0.25,6.0,1922.0,961286.0,41,1.7849,0.0,444.44,3.1219,0.1
r0070_c0053,40.7815215,-73.9512235,Residential,6,444.44,0.1,17.0,1937.0,1774198.0,10,0.4492,0.0,88.89,1.0,0.0
r0070_c0054,40.7815215,-73.9494391,Mixed-Use,15,1911.11,0.186,10.1,1935.0,963256.0,15,1.2711,0.0,311.11,2.8074,0.1429
r0070_c0055,40.7815215,-73.9476547,Residential,56,355.56,0.25,5.9,1927.0,768232.0,57,1.3874,0.0,177.78,2.0,0.0
r0070_c0056,40.7815215,-73.9458703,Residential,8,488.89,0.0,13.9,1940.0,1052577.0,13,0.2565,0.0,88.89,1.0,0.0
r0071_c0034,40.7828729,-73.9851269,Open Space,7,1466.67,0.0,8.1,1917.0,293472.0,6,0.9991,0.0,0.0,0.0,0.0
r0071_c0035,40.7828729,-73.9833425,Residential,70,0.0,0.0,4.7,1895.0,655758.0,72,1.3224,0.0,0.0,0.0,0.0
r0071_c0036,40.7828729,-73.9815581,Residential,28,1066.67,0.0833,5.8,1896.0,796430.0,28,2.3894,88.89,400.0,2.7255,0.3333
r0071_c0037,40.7828729,-73.9797737,Mixed-Use,32,2000.0,0.2444,6.6,1918.0,1133646.0,33,1.8749,133.33,977.78,3.9706,0.0
r0071_c0038,40.7828729,-73.9779893,Residential,23,1244.44,0.3571,8.8,1905.0,1052767.0,32,2.0475,44.44,444.44,2.9219,0.1
r0071_c0039,40.7828729,-73.9762049,Residential,60,177.78,0.0,5.8,1898.0,1032464.0,61,1.689,0.0,44.44,-0.0,0.0
r0071_c0040,40.7828729,-73.9744206,Residential,16,4933.33,0.027,5.4,1901.0,351120.0,16,1.8686,44.44,577.78,2.8074,0.4615
r0071_c0041,40.7828729,-73.9726362,Residential,30,2755.56,0.0,6.2,1895.0,1394232.0,32,1.0938,44.44,0.0,0.0,0.0
r0071_c0042,40.7828729,-73.9708518,Residential,8,2222.22,0.0,5.0,1890.0,303714.0,9,1.2256,266.67,44.44,-0.0,0.0
r0071_c0049,40.7828729,-73.958361,Residential,18,355.56,0.125,9.2,1933.0,982759.0,18,1.5556,44.44,0.0,0.0,0.0
r0071_c0050,40.7828729,-73.9565766,Residential,20,355.56,0.0,10.7,1921.0,1981000.0,21,1.7683,0.0,0.0,0.0,0.0
r0071_c0051,40.7828729,-73.9547922,Residential,30,88.89,0.0,6.5,1908.0,1085234.0,31,1.2825,0.0,0.0,0.0,0.0
r0071_c0052,40.7828729,-73.9530078,Residential,42,1066.67,0.375,4.6,1903.0,779848.0,43,2.2477,0.0,355.56,2.75,0.0
r0071_c0053,40.7828729,-73.9512235,Mixed-Use,29,1777.78,0.25,4.6,1918.0,412305.0,31,2.1032,0.0,666.67,3.1396,0.0667
r0071_c0054,40.7828729,-73.9494391,Mixed-Use,7,977.78,0.0455,21.4,1979.0,2184168.0,22,1.184,0.0,88.89,1.0,0.0
r0071_c0055,40.7828729,-73.9476547,Mixed-Use,33,1200.0,0.3704,6.7,1928.0,760471.0,36,2.7207,0.0,355.56,2.75,0.125
r0071_c0056,40.7828729,-73.9458703,Mixed-Use,22,711.11,0.0625,6.2,1939.0,762664.0,26,2.7042,0.0,0.0,0.0,0.0
r0072_c0035,40.7842242,-73.9833425,Residential,17,888.89,0.05,8.3,1907.0,769827.0,17,1.0429,44.44,0.0,0.0,0.0
r0072_c0036,40.7842242,-73.9815581,Residential,26,133.33,0.0,6.5,1898.0,1083399.0,26,1.9808,44.44,0.0,0.0,0.0
r0072_c0037,40.7842242,-73.9797737,Mixed-Use,18,2133.33,0.0833,7.4,1917.0,624559.0,18,2.5317,400.0,755.56,3.8522,0.2353
r0072_c0038,40.7842242,-73.9779893,Mixed-Use,43,1733.33,0.6667,5.5,1906.0,652823.0,43,1.4691,0.0,177.78,2.0,0.0
r0072_c0039,40.7842242,-73.9762049,Residential,56,311.11,0.2857,4.7,1894.0,719416.0,58,2.0791,0.0,88.89,1.0,0.0
r0072_c0040,40.7842242,-73.9744206,Mixed-Use,36,1644.44,0.2432,4.8,1901.0,633284.0,39,1.6095,44.44,533.33,3.4183,0.0
r0072_c0041,40.7842242,-73.9726362,Residential,67,444.44,0.7,4.5,1890.0,703827.0,71,2.0419,0.0,44.44,-0.0,0.0
r0072_c0042,40.7842242,-73.9708518,Residential,29,177.78,0.0,6.1,1901.0,1001411.0,29,1.688,0.0,0.0,0.0,0.0
r0072_c0049,40.7842242,-73.958361,Institutional,5,711.11,0.0625,5.4,1920.0,258279.0,6,-0.0,88.89,0.0,0.0,0.0
r0072_c0050,40.7842242,-73.9565766,Mixed-Use,35,1155.56,0.1923,5.8,1901.0,794468.0,40,2.1327,0.0,222.22,1.9219,0.4
r0072_c0051,40.7842242,-73.9547922,Residential,30,133.33,0.0,6.1,1904.0,867218.0,32,2.1237,0.0,0.0,0.0,0.0
r0072_c0052,40.7842242,-73.9530078,Residential,31,844.44,0.2632,6.4,1905.0,1370450.0,31,1.1866,0.0,311.11,2.5216,0.0
r0072_c0053,40.7842242,-73.9512235,Residential,52,800.0,0.2222,4.8,1913.0,938417.0,52,2.0116,0.0,311.11,2.5216,0.0
r0072_c0054,40.7842242,-73.9494391,Mixed-Use,17,488.89,0.1818,9.2,1933.0,817273.0,19,1.9592,0.0,44.44,-0.0,0.0
r0072_c0055,40.7842242,-73.9476547,Mixed-Use,22,1244.44,0.1429,8.5,1935.0,1355187.0,24,1.1687,44.44,266.67,2.2516,0.1667
r0072_c0056,40.7842242,-73.9458703,Institutional,3,533.33,0.0,13.7,1974.0,312785.0,3,0.6032,0.0,0.0,0.0,0.0
r0072_c0058,40.7842242,-73.9423015,Mixed-Use,3,533.33,0.0,14.0,1962.0,188368.0,1,1.0095,0.0,0.0,0.0,0.0
r0073_c0036,40.7855756,-73.9815581,Residential,40,133.33,0.0,5.7,1901.0,852617.0,40,1.7019,44.44,0.0,0.0,0.0
r0073_c0037,40.7855756,-73.9797737,Residential,12,800.0,0.0556,11.5,1933.0,1304925.0,20,1.2598,44.44,266.67,2.585,0.1667
r0073_c0038,40.7855756,-73.9779893,Mixed-Use,24,2044.44,0.2174,6.0,1907.0,769953.0,25,1.5386,355.56,622.22,3.3788,0.1429
r0073_c0039,40.7855756,-73.9762049,Mixed-Use,46,1288.89,0.4828,5.2,1898.0,712976.0,51,2.134,0.0,266.67,2.585,0.0
r0073_c0040,40.7855756,-73.9744206,Institutional,13,400.0,0.0,4.2,1933.0,500763.0,13,0.7084,0.0,0.0,0.0,0.0
r0073_c0041,40.7855756,-73.9726362,Mixed-Use,37,1066.67,0.4583,4.9,1895.0,554801.0,40,1.5393,0.0,222.22,1.9219,0.0
r0073_c0042,40.7855756,-73.9708518,Residential,50,88.89,0.0,6.1,1906.0,1043293.0,52,2.0381,0.0,0.0,0.0,0.0
r0073_c0043,40.7855756,-73.9690674,Residential,11,1155.56,0.0,8.2,1904.0,631865.0,11,1.2772,88.89,0.0,0.0,0.0
r0073_c0050,40.7855756,-73.9565766,Residential,52,577.78,0.1538,5.2,1899.0,916241.0,56,2.1424,44.44,177.78,2.0,0.0
r0073_c0051,40.7855756,-73.9547922,Institutional,27,1111.11,0.04,5.9,1914.0,989029.0,31,1.8263,44.44,355.56,2.75,0.0
r0073_c0052,40.7855756,-73.9530078,Residential,31,0.0,0.0,4.5,1892.0,575006.0,31,1.5872,0.0,0.0,0.0,0.0
r0073_c0053,40.7855756,-73.9512235,Mixed-Use,35,1644.44,0.1081,4.8,1907.0,537487.0,35,2.4256,0.0,444.44,2.9219,0.1
r0073_c0054,40.7855756,-73.9494391,Residential,7,977.78,0.0,9.3,1955.0,700688.0,7,1.7353,44.44,0.0,0.0,0.0
r0073_c0055,40.7855756,-73.9476547,Residential,5,355.56,0.125,13.4,1963.0,915592.0,11,0.8166,0.0,44.44,-0.0,0.0
r0073_c0057,40.7855756,-73.9440859,Institutional,9,311.11,0.0,7.3,1943.0,1508410.0,12,1.2783,88.89,0.0,0.0,0.0
r0073_c0059,40.7855756,-73.9405171,Mixed-Use,3,533.33,0.0,8.5,1973.0,264185.0,3,1.5833,0.0,0.0,0.0,0.0
r0074_c0036,40.7869269,-73.9815581,Residential,9,222.22,0.0,8.0,1906.0,438343.0,9,1.7155,0.0,0.0,0.0,0.0
r0074_c0037,40.7869269,-73.9797737,Residential,34,0.0,0.0,5.9,1897.0,916947.0,34,1.9927,0.0,0.0,0.0,0.0
r0074_c0038,40.7869269,-73.9779893,Commercial,13,1555.56,0.1429,6.5,1919.0,896134.0,13,1.6144,222.22,355.56,2.75,0.125
r0074_c0039,40.7869269,-73.9762049,Mixed-Use,25,1555.56,0.3714,6.9,1914.0,756104.0,32,1.6236,44.44,400.0,2.5033,0.1111
r0074_c0040,40.7869269,-73.9744206,Residential,40,666.67,0.1333,6.3,1907.0,919950.0,40,1.7838,0.0,355.56,2.75,0.0
r0074_c0041,40.7869269,-73.9726362,Residential,51,1111.11,0.24,5.7,1896.0,898972.0,52,2.1237,44.44,355.56,2.5,0.0
r0074_c0042,40.7869269,-73.9708518,Residential,68,577.78,0.1538,4.6,1894.0,681541.0,67,1.8807,44.44,133.33,1.585,0.0
r0074_c0043,40.7869269,-73.9690674,Residential,48,133.33,0.0,5.1,1898.0,941898.0,48,2.1192,0.0,0.0,0.0,0.0
r0074_c0050,40.7869269,-73.9565766,Residential,13,488.89,0.0,8.1,1910.0,472259.0,14,1.1563,0.0,0.0,0.0,0.0
r0074_c0051,40.7869269,-73.9547922,Residential,32,711.11,0.125,6.7,1908.0,778057.0,32,1.8761,0.0,88.89,1.0,0.0
r0074_c0052,40.7869269,-73.9530078,Residential,19,666.67,0.2,9.5,1925.0,1142846.0,19,1.6823,0.0,266.67,2.2516,0.0
r0074_c0053,40.7869269,-73.9512235,Mixed-Use,31,977.78,0.2273,6.7,1930.0,1183388.0,31,1.6313,0.0,177.78,2.0,0.0
r0074_c0054,40.7869269,-73.9494391,Residential,18,800.0,0.2778,6.6,1925.0,590279.0,18,2.0758,0.0,133.33,0.9183,0.0
r0074_c0055,40.7869269,-73.9476547,Mixed-Use,8,1022.22,0.0435,6.1,1937.0,83000.0,9,1.5473,0.0,133.33,1.585,0.0
r0074_c0056,40.7869269,-73.9458703,Residential,4,1022.22,0.0,5.8,1905.0,198514.0,5,0.943,0.0,88.89,1.0,0.0
r0074_c0057,40.7869269,-73.9440859,Mixed-Use,5,266.67,0.0,6.7,1996.0,165242.0,3,2.1342,0.0,44.44,-0.0,0.0
r0074_c0058,40.7869269,-73.9423015,Mixed-Use,3,355.56,0.125,9.0,1982.0,951011.0,5,-0.0,0.0,222.22,1.9219,0.2
r0075_c0036,40.7882783,-73.9815581,Residential,4,88.89,0.0,11.0,1908.0,529402.0,5,0.854,0.0,0.0,0.0,0.0
r0075_c0037,40.7882783,-73.9797737,Residential,61,0.0,0.0,4.6,1898.0,704646.0,62,1.8898,0.0,0.0,0.0,0.0
r0075_c0038,40.7882783,-73.9779893,Residential,23,355.56,0.375,9.5,1914.0,1304860.0,26,2.21,0.0,133.33,1.585,0.0
r0075_c0039,40.7882783,-73.9762049,Mixed-Use,5,1600.0,0.1667,14.2,1930.0,1699747.0,5,0.7532,177.78,533.33,3.0221,0.0
r0075_c0040,40.7882783,-73.9744206,Mixed-Use,12,755.56,0.3529,10.2,1924.0,881601.0,13,1.5414,44.44,177.78,1.5,0.0
r0075_c0041,40.7882783,-73.9726362,Residential,85,88.89,0.0,3.3,1891.0,469549.0,85,2.0444,0.0,0.0,0.0,0.0
r0075_c0042,40.7882783,-73.9708518,Residential,21,1022.22,0.087,5.8,1914.0,839097.0,21,1.5842,0.0,222.22,2.3219,0.2
r0075_c0043,40.7882783,-73.9690674,Residential,70,44.44,0.0,4.2,1894.0,658142.0,91,1.1203,0.0,0.0,0.0,0.0
r0075_c0044,40.7882783,-73.967283,Residential,4,533.33,0.0,16.5,1922.0,879435.0,4,0.6963,0.0,0.0,0.0,0.0
r0075_c0051,40.7882783,-73.9547922,Residential,15,1688.89,0.0263,9.3,1920.0,1028255.0,16,1.5057,88.89,44.44,-0.0,0.0
r0075_c0052,40.7882783,-73.9530078,Institutional,20,1155.56,0.2692,6.8,1928.0,1537360.0,21,1.4972,0.0,222.22,1.5219,0.0
r0075_c0054,40.7882783,-73.9494391,Mixed-Use,25,933.33,0.4286,4.9,1925.0,356150.0,20,1.8867,0.0,222.22,1.371,0.0
r0075_c0055,40.7882783,-73.9476547,Residential,36,666.67,0.0667,5.5,1929.0,443637.0,33,1.9525,0.0,266.67,2.2516,0.0
r0075_c0057,40.7882783,-73.9440859,Mixed-Use,16,977.78,0.0909,5.2,1943.0,586310.0,16,1.421,0.0,311.11,1.8424,0.2857
r0075_c0058,40.7882783,-73.9423015,Mixed-Use,24,177.78,0.25,4.0,1931.0,666468.0,25,2.4379,0.0,0.0,0.0,0.0
r0075_c0059,40.7882783,-73.9405171,Mixed-Use,7,755.56,0.0,6.0,1940.0,90791.0,7,1.1939,0.0,133.33,0.9183,0.0
r0076_c0037,40.7896296,-73.9797737,Residential,22,88.89,0.0,9.8,1909.0,1362983.0,22,0.8892,0.0,0.0,0.0,0.0
r0076_c0038,40.7896296,-73.9779893,Residential,35,133.33,0.0,6.8,1903.0,1085670.0,35,1.7838,0.0,0.0,0.0,0.0
r0076_c0039,40.7896296,-73.9762049,Mixed-Use,18,1244.44,0.0714,9.6,1924.0,1205723.0,18,1.6338,44.44,444.44,3.1219,0.2
r0076_c0040,40.7896296,-73.9744206,Mixed-Use,17,1244.44,0.25,7.9,1915.0,891182.0,18,1.0693,44.44,400.0,2.7255,0.1111
r0076_c0041,40.7896296,-73.9726362,Mixed-Use,14,888.89,0.15,7.5,1928.0,617546.0,15,2.614,0.0,88.89,1.0,0.0
r0076_c0042,40.7896296,-73.9708518,Residential,6,800.0,0.0,11.0,1982.0,884815.0,11,1.1814,133.33,44.44,-0.0,0.0
r0076_c0043,40.7896296,-73.9690674,Institutional,18,577.78,0.0769,6.1,1909.0,642139.0,22,1.8441,0.0,44.44,-0.0,1.0
r0076_c0044,40.7896296,-73.967283,Residential,14,400.0,0.1111,8.4,1928.0,1056823.0,14,1.1295,0.0,0.0,0.0,0.0
r0076_c0054,40.7896296,-73.9494391,Residential,54,266.67,0.3333,4.1,1906.0,356294.0,53,2.0924,0.0,44.44,-0.0,1.0
r0076_c0055,40.7896296,-73.9476547,Residential,33,1333.33,0.3333,4.6,1919.0,500850.0,35,2.26,0.0,488.89,2.5503,0.0
r0076_c0056,40.7896296,-73.9458703,Residential,17,755.56,0.3529,4.0,1924.0,484344.0,23,1.0565,0.0,311.11,2.1281,0.1429
r0076_c0057,40.7896296,-73.9440859,Mixed-Use,14,533.33,0.0833,4.8,1934.0,470100.0,14,1.6024,0.0,266.67,2.585,0.0
r0076_c0058,40.7896296,-73.9423015,Mixed-Use,46,711.11,0.375,4.8,1922.0,489595.0,42,2.3312,0.0,177.78,2.0,0.0
r0076_c0059,40.7896296,-73.9405171,Residential,17,666.67,0.0667,4.7,1917.0,234392.0,18,2.1234,0.0,177.78,1.5,0.0
r0077_c0037,40.790981,-73.9797737,Residential,7,0.0,0.0,9.0,1908.0,527610.0,7,1.8228,0.0,0.0,0.0,0.0
r0077_c0038,40.790981,-73.9779893,Residential,65,88.89,0.0,4.8,1895.0,778458.0,67,1.8884,0.0,0.0,0.0,0.0
r0077_c0039,40.790981,-73.9762049,Residential,37,44.44,0.0,6.6,1902.0,1012086.0,37,1.883,0.0,0.0,0.0,0.0
r0077_c0040,40.790981,-73.9744206,Residential,19,1555.56,0.2857,6.4,1909.0,1069602.0,19,1.6219,133.33,577.78,3.3927,0.0
r0077_c0041,40.790981,-73.9726362,Mixed-Use,26,1066.67,0.3333,6.1,1914.0,901559.0,26,1.9341,0.0,311.11,2.8074,0.0
r0077_c0042,40.790981,-73.9708518,Institutional,29,355.56,0.0,4.2,1915.0,609072.0,41,1.466,0.0,0.0,0.0,0.0
r0077_c0043,40.790981,-73.9690674,Mixed-Use,4,800.0,0.2222,23.8,1959.0,853386.0,4,0.9459,0.0,444.44,2.9219,0.2
r0077_c0044,40.790981,-73.967283,Residential,41,0.0,0.0,4.6,1897.0,1056305.0,51,1.8831,0.0,0.0,0.0,0.0
r0077_c0045,40.790981,-73.9654986,Residential,32,2622.22,0.0,5.3,1899.0,861525.0,33,1.8565,0.0,0.0,0.0,0.0
r0077_c0052,40.790981,-73.9530078,Mixed-Use,4,2711.11,0.0,22.0,1957.0,620645.0,4,0.989,44.44,44.44,-0.0,1.0
r0077_c0053,40.790981,-73.9512235,Institutional,7,444.44,0.1,7.0,1955.0,600315.0,3,1.2722,44.44,0.0,0.0,0.0
r0077_c0054,40.790981,-73.9494391,Residential,14,1111.11,0.0,7.8,1940.0,554510.0,13,1.2068,0.0,88.89,1.0,0.0
r0077_c0055,40.790981,-73.9476547,Mixed-Use,30,1066.67,0.2917,4.4,1924.0,423360.0,29,2.4266,0.0,488.89,2.7322,0.1818
r0077_c0056,40.790981,-73.9458703,Mixed-Use,56,1022.22,0.4348,3.9,1913.0,415588.0,55,2.3471,0.0,444.44,3.1219,0.1
r0077_c0057,40.790981,-73.9440859,Mixed-Use,26,400.0,0.2222,3.8,1936.0,310654.0,24,2.3979,0.0,177.78,2.0,0.25
r0077_c0058,40.790981,-73.9423015,Mixed-Use,6,1066.67,0.0833,3.3,1929.0,36219.0,7,1.5529,0.0,311.11,2.5216,0.0
r0077_c0059,40.790981,-73.9405171,Residential,5,266.67,0.0,8.8,1930.0,1082384.0,12,0.3274,0.0,44.44,-0.0,0.0
r0077_c0060,40.790981,-73.9387327,Commercial,6,577.78,0.1538,3.8,1948.0,66195.0,7,1.4108,0.0,133.33,0.9183,0.0
r0078_c0038,40.7923323,-73.9779893,Residential,3,177.78,0.0,11.3,1928.0,623548.0,4,-0.0,0.0,0.0,0.0,0.0
r0078_c0039,40.7923323,-73.9762049,Residential,42,44.44,0.0,5.5,1901.0,872107.0,42,1.8277,0.0,0.0,0.0,0.0
r0078_c0040,40.7923323,-73.9744206,Residential,26,844.44,0.2105,7.8,1913.0,1169857.0,26,1.9326,44.44,266.67,2.2516,0.1667
r0078_c0041,40.7923323,-73.9726362,Mixed-Use,13,1911.11,0.2558,9.4,1918.0,937761.0,13,1.1196,311.11,666.67,3.4566,0.0
r0078_c0042,40.7923323,-73.9708518,Residential,23,844.44,0.2105,5.7,1921.0,969331.0,30,1.6803,88.89,266.67,2.2516,0.0
r0078_c0043,40.7923323,-73.9690674,Residential,50,444.44,0.1,4.7,1910.0,1263903.0,50,2.0733,0.0,44.44,-0.0,0.0
r0078_c0044,40.7923323,-73.967283,Residential,13,355.56,0.25,7.8,1909.0,637591.0,15,0.5906,0.0,222.22,1.9219,0.0
r0078_c0045,40.7923323,-73.9654986,Residential,26,488.89,0.0,7.5,1912.0,1123145.0,27,1.4012,0.0,0.0,0.0,0.0
r0078_c0053,40.7923323,-73.9512235,Institutional,18,1377.78,0.2903,5.4,1938.0,262615.0,11,1.9608,133.33,222.22,0.7219,0.2
r0078_c0055,40.7923323,-73.9476547,Residential,9,311.11,0.0,7.2,1934.0,423090.0,14,1.3818,0.0,0.0,0.0,0.0
r0078_c0056,40.7923323,-73.9458703,Residential,53,977.78,0.2273,3.9,1912.0,353069.0,55,1.5848,0.0,311.11,2.5216,0.1429
r0078_c0057,40.7923323,-73.9440859,Mixed-Use,35,533.33,0.3333,4.2,1913.0,138105.0,29,2.5402,0.0,177.78,2.0,0.25
r0078_c0059,40.7923323,-73.9405171,Mixed-Use,41,755.56,0.4118,4.6,1921.0,486013.0,42,2.1392,0.0,222.22,2.3219,0.2
r0078_c0060,40.7923323,-73.9387327,Mixed-Use,21,311.11,0.2857,4.6,1935.0,168482.0,19,2.0143,0.0,133.33,1.585,0.0
r0078_c0061,40.7923323,-73.9369483,Mixed-Use,3,533.33,0.0,13.0,1913.0,257400.0,1,1.5399,0.0,44.44,-0.0,0.0
r0079_c0039,40.7936837,-73.9762049,Residential,18,177.78,0.0,6.2,1904.0,570788.0,18,1.1914,44.44,0.0,0.0,0.0
r0079_c0040,40.7936837,-73.9744206,Residential,21,177.78,0.0,9.3,1910.0,1075229.0,21,1.0068,0.0,0.0,0.0,0.0
r0079_c0041,40.7936837,-73.9726362,Residential,11,2222.22,0.22,10.6,1940.0,827616.0,37,1.905,311.11,444.44,2.9219,0.2
r0079_c0042,40.7936837,-73.9708518,Mixed-Use,24,1911.11,0.2791,7.1,1926.0,822891.0,24,0.7705,177.78,622.22,3.5216,0.1429
r0079_c0043,40.7936837,-73.9690674,Residential,21,177.78,0.0,5.9,1916.0,1110313.0,24,1.4938,0.0,0.0,0.0,0.0
r0079_c0044,40.7936837,-73.967283,Mixed-Use,4,666.67,0.2667,17.2,1979.0,979229.0,4,0.7747,0.0,177.78,1.5,0.75
r0079_c0053,40.7936837,-73.9512235,Institutional,4,3066.67,0.0,7.2,1916.0,688826.0,6,0.3459,222.22,0.0,0.0,0.0
r0079_c0054,40.7936837,-73.9494391,Residential,4,755.56,0.0588,15.0,1967.0,1022882.0,6,1.4606,0.0,44.44,-0.0,0.0
r0079_c0055,40.7936837,-73.9476547,Residential,4,311.11,0.0,7.5,1954.0,464612.0,6,1.4243,44.44,0.0,0.0,0.0
r0079_c0056,40.7936837,-73.9458703,Residential,17,311.11,0.2857,6.7,1930.0,818569.0,13,1.2533,0.0,133.33,1.585,0.0
r0079_c0057,40.7936837,-73.9440859,Mixed-Use,53,488.89,0.2727,4.1,1918.0,325972.0,52,2.6576,0.0,311.11,2.5216,0.0
r0079_c0058,40.7936837,-73.9423015,Institutional,26,711.11,0.25,4.2,1940.0,455349.0,25,1.8051,0.0,222.22,2.3219,0.0
r0079_c0059,40.7936837,-73.9405171,Mixed-Use,58,666.67,0.6,4.1,1929.0,417207.0,55,2.0262,0.0,177.78,1.5,0.0
r0079_c0060,40.7936837,-73.9387327,Residential,25,133.33,0.0,5.3,1940.0,375008.0,24,2.1268,0.0,44.44,-0.0,0.0
r0079_c0061,40.7936837,-73.9369483,Mixed-Use,4,177.78,0.25,4.0,1908.0,38263.0,4,0.9999,0.0,0.0,0.0,0.0
r0079_c0062,40.7936837,-73.9351639,Open Space,8,488.89,0.0,3.3,1912.0,52485.0,8,0.14,88.89,0.0,0.0,0.0
r0079_c0063,40.7936837,-73.9333795,Institutional,8,666.67,0.0667,4.8,1921.0,327501.0,8,0.4661,0.0,0.0,0.0,0.0
r0080_c0039,40.795035,-73.9762049,Residential,7,577.78,0.0,8.7,1914.0,369211.0,7,-0.0,44.44,0.0,0.0,0.0
r0080_c0040,40.795035,-73.9744206,Residential,15,133.33,0.0,7.2,1918.0,824679.0,14,1.8666,0.0,0.0,0.0,0.0
r0080_c0041,40.795035,-73.9726362,Mixed-Use,13,711.11,0.1875,14.5,1944.0,1425144.0,14,1.1527,44.44,222.22,1.9219,0.2
r0080_c0042,40.795035,-73.9708518,Mixed-Use,15,1911.11,0.1628,5.5,1909.0,511088.0,17,1.5772,177.78,577.78,2.9312,0.2308
r0080_c0043,40.795035,-73.9690674,Institutional,10,888.89,0.2,6.0,1926.0,1141109.0,12,1.2359,133.33,44.44,-0.0,0.0
r0080_c0044,40.795035,-73.967283,Mixed-Use,6,1111.11,0.08,20.3,1976.0,1103979.0,4,1.8346,0.0,355.56,2.5,0.75
r0080_c0046,40.795035,-73.9637142,Residential,18,933.33,0.1429,5.3,1914.0,401788.0,29,1.8267,0.0,266.67,2.2516,0.1667
r0080_c0047,40.795035,-73.9619298,Residential,4,1866.67,0.0,12.0,1916.0,318639.0,4,0.5043,133.33,0.0,0.0,0.0
r0080_c0054,40.795035,-73.9494391,Mixed-Use,16,622.22,0.0714,6.4,1925.0,772698.0,17,1.795,0.0,133.33,1.585,0.0
r0080_c0055,40.795035,-73.9476547,Mixed-Use,5,533.33,0.0,8.2,1957.0,449502.0,6,1.6233,0.0,0.0,0.0,0.0
r0080_c0056,40.795035,-73.9458703,Residential,4,266.67,0.3333,10.3,1990.0,400564.0,6,1.3134,0.0,88.89,1.0,0.0
r0080_c0057,40.795035,-73.9440859,Mixed-Use,39,888.89,0.2,4.4,1935.0,414841.0,34,2.3414,44.44,444.44,2.4464,0.2
r0080_c0058,40.795035,-73.9423015,Residential,42,177.78,0.5,3.6,1933.0,302263.0,47,2.1519,0.0,0.0,0.0,0.0
r0080_c0059,40.795035,-73.9405171,Residential,26,88.89,0.0,4.3,1972.0,318968.0,30,1.7317,0.0,44.44,-0.0,0.0
r0080_c0061,40.795035,-73.9369483,Residential,3,177.78,0.0,6.7,1926.0,721530.0,13,0.0701,0.0,0.0,0.0,0.0
r0080_c0062,40.795035,-73.9351639,Residential,54,311.11,0.4286,4.6,1910.0,458451.0,52,2.4527,44.44,133.33,1.585,0.0
r0080_c0063,40.795035,-73.9333795,Residential,28,311.11,0.1429,4.4,1908.0,556666.0,34,1.5158,0.0,133.33,1.585,0.3333
r0080_c0064,40.795035,-73.9315951,Commercial,8,622.22,0.0,4.0,1968.0,1178094.0,12,1.1837,0.0,222.22,2.3219,0.4
r0081_c0040,40.7963864,-73.9744206,Residential,6,755.56,0.0,8.2,1926.0,380373.0,6,1.8633,0.0,0.0,0.0,0.0
r0081_c0041,40.7963864,-73.9726362,Residential,27,0.0,0.0,7.3,1904.0,1041470.0,28,1.1975,0.0,0.0,0.0,0.0
r0081_c0042,40.7963864,-73.9708518,Mixed-Use,13,1911.11,0.0465,9.0,1915.0,919616.0,15,1.455,266.67,800.0,3.7947,0.0556
r0081_c0043,40.7963864,-73.9690674,Mixed-Use,17,888.89,0.1,10.1,1939.0,797631.0,18,1.8674,177.78,133.33,1.585,0.6667
r0081_c0044,40.7963864,-73.967283,Institutional,3,1066.67,0.0,2.7,1940.0,146715.0,3,-0.0,0.0,0.0,0.0,0.0
r0081_c0046,40.7963864,-73.9637142,Residential,3,266.67,0.0,9.3,1941.0,744963.0,10,0.0776,0.0,0.0,0.0,0.0
r0081_c0047,40.7963864,-73.9619298,Residential,32,622.22,0.0714,5.2,1926.0,476325.0,26,1.5202,44.44,88.89,1.0,0.0
r0081_c0054,40.7963864,-73.9494391,Mixed-Use,6,444.44,0.1,7.5,1947.0,357787.0,6,1.7493,44.44,0.0,0.0,0.0
r0081_c0055,40.7963864,-73.9476547,Mixed-Use,17,577.78,0.1538,7.4,1960.0,948748.0,17,1.2465,0.0,177.78,1.5,0.0
r0081_c0056,40.7963864,-73.9458703,Mixed-Use,14,222.22,0.2,6.8,1976.0,590320.0,14,1.8858,0.0,133.33,1.585,0.0
r0081_c0057,40.7963864,-73.9440859,Institutional,7,44.44,0.0,5.4,1929.0,222922.0,8,1.1666,0.0,0.0,0.0,0.0
r0081_c0060,40.7963864,-73.9387327,Mixed-Use,24,266.67,0.5,4.2,1906.0,167998.0,25,1.7333,0.0,44.44,-0.0,0.0
r0081_c0061,40.7963864,-73.9369483,Residential,54,355.56,0.125,3.9,1911.0,393770.0,59,2.1567,0.0,133.33,1.585,0.3333
r0081_c0062,40.7963864,-73.9351639,Residential,56,755.56,0.4118,4.0,1910.0,345560.0,57,2.4001,0.0,266.67,2.585,0.1667
r0081_c0063,40.7963864,-73.9333795,Residential,67,133.33,0.0,4.1,1918.0,476776.0,68,2.4557,0.0,0.0,0.0,0.0
r0081_c0064,40.7963864,-73.9315951,Residential,43,177.78,0.0,3.9,1912.0,250165.0,40,2.5693,0.0,0.0,0.0,0.0
r0081_c0065,40.7963864,-73.9298107,Institutional,3,711.11,0.0,5.0,1937.0,135795.0,2,0.2785,0.0,0.0,0.0,0.0
r0082_c0041,40.7977377,-73.9726362,Residential,21,0.0,0.0,8.5,1909.0,1316406.0,22,0.3252,0.0,0.0,0.0,0.0
r0082_c0042,40.7977377,-73.9708518,Residential,34,666.67,0.0667,6.5,1906.0,1024440.0,34,2.0834,44.44,88.89,1.0,0.0
r0082_c0043,40.7977377,-73.9690674,Mixed-Use,17,2222.22,0.32,6.6,1926.0,741056.0,18,2.0174,222.22,888.89,3.8842,0.05
r0082_c0044,40.7977377,-73.967283,Open Space,11,1155.56,0.1538,7.4,1933.0,382235.0,11,1.9118,177.78,133.33,0.9183,0.0
r0082_c0046,40.7977377,-73.9637142,Residential,16,1244.44,0.1429,5.3,1917.0,206213.0,14,1.2481,0.0,488.89,2.6635,0.0
r0082_c0047,40.7977377,-73.9619298,Residential,54,88.89,0.0,3.9,1900.0,579417.0,66,1.6124,44.44,0.0,0.0,0.0
r0082_c0048,40.7977377,-73.9601454,Residential,3,311.11,0.0,13.0,1941.0,275438.0,3,-0.0,88.89,0.0,0.0,0.0
r0082_c0053,40.7977377,-73.9512235,Residential,9,4755.56,0.0,5.7,1918.0,374468.0,9,1.2163,177.78,0.0,0.0,0.0
r0082_c0054,40.7977377,-73.9494391,Mixed-Use,8,1333.33,0.1,4.8,1930.0,295646.0,9,1.5298,0.0,133.33,0.9183,0.0
r0082_c0056,40.7977377,-73.9458703,Residential,3,266.67,0.0,19.0,2001.0,990810.0,6,0.5812,0.0,0.0,0.0,0.0
r0082_c0058,40.7977377,-73.9423015,Institutional,19,533.33,0.1667,4.0,1924.0,270656.0,20,1.4408,0.0,88.89,1.0,0.0
r0082_c0059,40.7977377,-73.9405171,Commercial,41,577.78,0.3077,3.5,1910.0,218456.0,41,1.7466,88.89,177.78,2.0,0.0
r0082_c0060,40.7977377,-73.9387327,Mixed-Use,61,533.33,0.4167,4.1,1916.0,407449.0,60,2.3999,44.44,177.78,2.0,0.0
r0082_c0061,40.7977377,-73.9369483,Mixed-Use,36,444.44,0.1,4.6,1927.0,631275.0,33,2.1013,0.0,88.89,1.0,0.0
r0082_c0062,40.7977377,-73.9351639,Institutional,39,622.22,0.2143,4.4,1935.0,428032.0,41,1.8348,0.0,177.78,0.8113,0.0
r0082_c0063,40.7977377,-73.9333795,Residential,60,577.78,0.1538,3.7,1912.0,358004.0,62,2.5923,0.0,355.56,2.4056,0.0
r0082_c0064,40.7977377,-73.9315951,Institutional,13,311.11,0.0,3.8,1923.0,133500.0,12,2.3788,0.0,0.0,0.0,0.0
r0083_c0041,40.7990891,-73.9726362,Open Space,20,1111.11,0.0,6.6,1905.0,702513.0,26,0.2146,88.89,0.0,0.0,0.0
r0083_c0042,40.7990891,-73.9708518,Residential,43,266.67,0.0,5.4,1900.0,1009228.0,44,1.8503,0.0,0.0,0.0,0.0
r0083_c0043,40.7990891,-73.9690674,Residential,27,2088.89,0.1064,6.5,1908.0,1039617.0,32,1.6703,666.67,222.22,2.3219,0.2
r0083_c0044,40.7990891,-73.967283,Mixed-Use,25,2088.89,0.1277,5.4,1926.0,592745.0,26,2.0479,533.33,488.89,2.914,0.0
r0083_c0045,40.7990891,-73.9654986,Institutional,11,888.89,0.0,5.2,1943.0,321076.0,13,1.5526,0.0,0.0,0.0,0.0
r0083_c0046,40.7990891,-73.9637142,Institutional,31,1244.44,0.2143,5.1,1923.0,597498.0,35,1.8789,44.44,533.33,3.4183,0.0
r0083_c0047,40.7990891,-73.9619298,Residential,43,1288.89,0.2759,5.4,1918.0,640796.0,43,1.8981,0.0,444.44,3.3219,0.1
r0083_c0048,40.7990891,-73.9601454,Residential,27,444.44,0.0,6.0,1920.0,718724.0,36,1.4662,0.0,44.44,-0.0,0.0
r0083_c0051,40.7990891,-73.9547922,Residential,9,1644.44,0.027,6.3,1926.0,229243.0,9,1.3052,222.22,0.0,0.0,0.0
r0083_c0052,40.7990891,-73.9530078,Residential,30,1155.56,0.1154,5.2,1906.0,445663.0,30,1.8332,0.0,0.0,0.0,0.0
r0083_c0053,40.7990891,-73.9512235,Residential,6,488.89,0.0,5.5,1944.0,221461.0,8,1.7079,0.0,88.89,1.0,0.0
r0083_c0056,40.7990891,-73.9458703,Residential,3,266.67,0.1667,5.0,1942.0,93759.0,3,1.0005,0.0,88.89,1.0,0.0
r0083_c0057,40.7990891,-73.9440859,Mixed-Use,22,533.33,0.0833,3.8,1946.0,249936.0,22,2.045,0.0,133.33,1.585,0.0
r0083_c0058,40.7990891,-73.9423015,Residential,37,711.11,0.1875,4.6,1914.0,487734.0,42,1.8694,44.44,177.78,2.0,0.25
r0083_c0059,40.7990891,-73.9405171,Residential,59,711.11,0.5,4.2,1926.0,519139.0,54,2.3828,0.0,133.33,1.585,0.0
r0083_c0060,40.7990891,-73.9387327,Mixed-Use,40,266.67,0.1667,4.2,1918.0,414094.0,45,2.2765,0.0,88.89,1.0,0.0
r0083_c0061,40.7990891,-73.9369483,Mixed-Use,37,488.89,0.0909,4.9,1916.0,486061.0,29,2.4802,0.0,88.89,1.0,0.0
r0083_c0062,40.7990891,-73.9351639,Residential,46,44.44,1.0,3.6,1937.0,309220.0,44,1.918,0.0,0.0,0.0,0.0
r0083_c0063,40.7990891,-73.9333795,Institutional,7,222.22,0.0,5.3,1925.0,483045.0,7,1.1899,0.0,0.0,0.0,0.0
r0084_c0042,40.8004404,-73.9708518,Residential,32,800.0,0.0,6.4,1902.0,1030249.0,32,1.2753,44.44,0.0,0.0,0.0
r0084_c0043,40.8004404,-73.9690674,Residential,18,666.67,0.2667,9.7,1913.0,1201040.0,18,0.9209,133.33,177.78,1.5,0.5
r0084_c0044,40.8004404,-73.967283,Residential,27,1688.89,0.1579,5.7,1927.0,741366.0,29,2.1595,133.33,444.44,2.6464,0.0
r0084_c0045,40.8004404,-73.9654986,Residential,33,2400.0,0.3889,5.4,1921.0,498472.0,34,1.8041,88.89,577.78,3.0851,0.0
r0084_c0046,40.8004404,-73.9637142,Institutional,15,311.11,0.0,5.9,1921.0,717760.0,17,1.72,0.0,44.44,-0.0,0.0
r0084_c0047,40.8004404,-73.9619298,Mixed-Use,20,1644.44,0.1081,5.4,1926.0,418762.0,31,1.4725,177.78,488.89,2.914,0.0909
r0084_c0048,40.8004404,-73.9601454,Residential,19,222.22,0.0,6.2,1915.0,517849.0,25,1.9875,0.0,88.89,1.0,0.0
r0084_c0049,40.8004404,-73.958361,Residential,4,2177.78,0.0408,13.5,1944.0,306158.0,2,0.1625,88.89,133.33,1.585,0.0
r0084_c0050,40.8004404,-73.9565766,Residential,24,2000.0,0.0,5.6,1915.0,565276.0,27,1.5652,0.0,0.0,0.0,0.0
r0084_c0051,40.8004404,-73.9547922,Residential,31,44.44,1.0,4.8,1904.0,481215.0,31,1.5292,0.0,0.0,0.0,0.0
r0084_c0052,40.8004404,-73.9530078,Residential,34,44.44,1.0,5.4,1915.0,668118.0,36,1.6047,0.0,0.0,0.0,0.0
r0084_c0053,40.8004404,-73.9512235,Residential,27,711.11,0.0625,4.9,1907.0,342252.0,30,2.005,0.0,0.0,0.0,0.0
r0084_c0055,40.8004404,-73.9476547,Mixed-Use,4,577.78,0.0,7.8,1970.0,572162.0,3,0.6464,0.0,88.89,1.0,0.5
r0084_c0056,40.8004404,-73.9458703,Mixed-Use,20,266.67,0.3333,5.3,1940.0,498719.0,22,1.5216,0.0,88.89,1.0,0.0
r0084_c0057,40.8004404,-73.9440859,Residential,33,177.78,0.25,4.5,1984.0,500756.0,33,1.8519,88.89,44.44,-0.0,0.0
r0084_c0058,40.8004404,-73.9423015,Mixed-Use,22,444.44,0.0,4.5,1967.0,198744.0,18,2.2438,44.44,0.0,0.0,0.0
r0084_c0059,40.8004404,-73.9405171,Residential,16,311.11,0.1429,5.9,1947.0,558415.0,17,1.7546,0.0,88.89,1.0,0.0
r0084_c0060,40.8004404,-73.9387327,Institutional,16,400.0,0.0,5.2,1939.0,759138.0,16,1.9999,44.44,44.44,-0.0,1.0
r0084_c0061,40.8004404,-73.9369483,Mixed-Use,43,44.44,0.0,4.2,1938.0,480185.0,38,2.4317,0.0,0.0,0.0,0.0
r0084_c0062,40.8004404,-73.9351639,Mixed-Use,20,444.44,0.1,4.2,1929.0,121303.0,11,2.3438,0.0,44.44,-0.0,0.0
r0084_c0065,40.8004404,-73.9298107,Mixed-Use,6,666.67,0.0,1.0,1920.0,1800.0,2,1.2315,44.44,0.0,0.0,0.0
r0085_c0042,40.8017918,-73.9708518,Residential,14,1911.11,0.0233,5.6,1907.0,171859.0,14,1.8674,44.44,0.0,0.0,0.0
r0085_c0043,40.8017918,-73.9690674,Residential,39,400.0,0.2222,6.5,1904.0,871125.0,39,2.0104,44.44,88.89,1.0,0.0
r0085_c0044,40.8017918,-73.967283,Residential,21,800.0,0.0,7.2,1933.0,933665.0,21,2.0476,133.33,266.67,2.585,0.3333
r0085_c0045,40.8017918,-73.9654986,Residential,28,1288.89,0.3793,5.7,1918.0,666371.0,28,1.9325,0.0,177.78,1.5,0.0
r0085_c0046,40.8017918,-73.9637142,Mixed-Use,27,800.0,0.1111,5.1,1916.0,428710.0,29,2.0808,0.0,177.78,2.0,0.0
r0085_c0047,40.8017918,-73.9619298,Residential,13,844.44,0.1579,7.2,1922.0,1056427.0,18,1.4983,88.89,88.89,1.0,0.5
r0085_c0048,40.8017918,-73.9601454,Residential,3,711.11,0.25,4.3,1915.0,42473.0,3,0.9988,0.0,44.44,-0.0,0.0
r0085_c0049,40.8017918,-73.958361,Residential,38,666.67,0.0667,5.3,1910.0,701499.0,41,1.6596,0.0,222.22,1.9219,0.0
r0085_c0050,40.8017918,-73.9565766,Residential,29,1288.89,0.1724,5.3,1925.0,476652.0,27,1.7511,133.33,133.33,1.585,0.0
r0085_c0051,40.8017918,-73.9547922,Residential,32,44.44,0.0,4.4,1907.0,600569.0,41,1.8953,0.0,0.0,0.0,0.0
r0085_c0052,40.8017918,-73.9530078,Residential,15,44.44,0.0,6.0,1914.0,466017.0,16,1.202,0.0,0.0,0.0,0.0
r0085_c0053,40.8017918,-73.9512235,Mixed-Use,23,177.78,0.25,6.0,1941.0,511061.0,16,2.2532,0.0,0.0,0.0,0.0
r0085_c0054,40.8017918,-73.9494391,Mixed-Use,12,933.33,0.2381,4.4,1924.0,178975.0,14,1.5747,0.0,311.11,2.5216,0.2857
r0085_c0055,40.8017918,-73.9476547,Mixed-Use,8,311.11,0.0,8.4,1990.0,810929.0,7,1.3218,0.0,44.44,-0.0,0.0
r0085_c0056,40.8017918,-73.9458703,Residential,25,133.33,0.0,5.3,1996.0,575157.0,26,1.546,0.0,0.0,0.0,0.0
r0085_c0057,40.8017918,-73.9440859,Residential,25,400.0,0.1111,4.7,1987.0,373601.0,25,1.8504,0.0,0.0,0.0,0.0
r0085_c0058,40.8017918,-73.9423015,Residential,37,577.78,0.1538,4.2,1999.0,277451.0,36,1.4388,0.0,0.0,0.0,0.0
r0085_c0059,40.8017918,-73.9405171,Residential,12,266.67,0.0,8.6,1942.0,757642.0,11,1.0534,0.0,0.0,0.0,0.0
r0085_c0060,40.8017918,-73.9387327,Mixed-Use,35,222.22,0.0,3.8,1935.0,440230.0,25,2.7619,44.44,0.0,0.0,0.0
r0085_c0061,40.8017918,-73.9369483,Residential,23,44.44,0.0,7.4,1927.0,808184.0,24,2.1984,0.0,44.44,-0.0,1.0
r0085_c0062,40.8017918,-73.9351639,Residential,27,311.11,0.0,7.0,1935.0,754161.0,22,2.3528,0.0,44.44,-0.0,0.0
r0085_c0063,40.8017918,-73.9333795,Open Space,3,533.33,0.0833,1.0,1975.0,0.0,9,0.999,0.0,44.44,-0.0,0.0
r0086_c0043,40.8031431,-73.9690674,Residential,31,222.22,0.2,5.7,1904.0,504558.0,33,2.2037,44.44,44.44,-0.0,0.0
r0086_c0044,40.8031431,-73.967283,Residential,19,2133.33,0.3125,6.8,1918.0,794274.0,21,2.3094,222.22,400.0,3.1699,0.0
r0086_c0045,40.8031431,-73.9654986,Residential,31,222.22,0.0,6.2,1916.0,778791.0,31,1.7481,0.0,0.0,0.0,0.0
r0086_c0046,40.8031431,-73.9637142,Residential,7,1377.78,0.3871,7.4,1911.0,352771.0,7,0.9976,177.78,133.33,1.585,0.3333
r0086_c0049,40.8031431,-73.958361,Residential,19,266.67,0.0,4.4,1918.0,216232.0,18,1.334,44.44,0.0,0.0,0.0
r0086_c0050,40.8031431,-73.9565766,Residential,42,666.67,0.4667,5.6,1920.0,555575.0,43,1.2106,88.89,88.89,1.0,0.0
r0086_c0051,40.8031431,-73.9547922,Residential,35,266.67,0.0,4.9,1920.0,693278.0,59,2.1286,0.0,88.89,1.0,0.5
r0086_c0052,40.8031431,-73.9530078,Mixed-Use,14,533.33,0.1667,5.4,1917.0,415917.0,18,1.5243,0.0,222.22,2.3219,0.0
r0086_c0053,40.8031431,-73.9512235,Residential,44,222.22,0.6,4.0,1964.0,510898.0,43,1.726,0.0,88.89,1.0,0.0
r0086_c0054,40.8031431,-73.9494391,Residential,45,266.67,0.0,3.3,1937.0,338348.0,45,1.6088,0.0,0.0,0.0,0.0
r0086_c0055,40.8031431,-73.9476547,Residential,49,133.33,0.0,3.6,1920.0,416765.0,45,1.8134,0.0,0.0,0.0,0.0
r0086_c0056,40.8031431,-73.9458703,Residential,68,88.89,0.0,3.7,1902.0,476537.0,68,2.0997,0.0,0.0,0.0,0.0
r0086_c0059,40.8031431,-73.9405171,Residential,14,222.22,0.0,5.6,1983.0,501623.0,10,1.6271,0.0,0.0,0.0,0.0
r0086_c0060,40.8031431,-73.9387327,Residential,38,266.67,0.3333,4.2,1943.0,473264.0,29,2.6734,0.0,0.0,0.0,0.0
r0086_c0061,40.8031431,-73.9369483,Mixed-Use,35,133.33,0.0,3.2,1914.0,184076.0,24,2.3584,44.44,0.0,0.0,0.0
r0086_c0062,40.8031431,-73.9351639,Mixed-Use,28,311.11,0.2857,5.3,1949.0,638318.0,19,2.2353,0.0,44.44,-0.0,0.0
r0086_c0063,40.8031431,-73.9333795,Mixed-Use,16,266.67,0.1667,4.1,1923.0,74923.0,9,1.8582,0.0,133.33,1.585,0.0
r0086_c0064,40.8031431,-73.9315951,Commercial,13,133.33,0.0,3.6,1932.0,177489.0,9,1.8666,0.0,44.44,-0.0,0.0
r0087_c0044,40.8044945,-73.967283,Residential,11,1155.56,0.3077,8.9,1924.0,973023.0,11,1.2635,133.33,133.33,1.585,0.6667
r0087_c0045,40.8044945,-73.9654986,Residential,17,1200.0,0.1481,6.8,1924.0,928535.0,17,1.9076,133.33,355.56,3.0,0.0
r0087_c0046,40.8044945,-73.9637142,Residential,25,488.89,0.0,7.5,1922.0,811628.0,22,1.7543,44.44,0.0,0.0,0.0
r0087_c0047,40.8044945,-73.9619298,Institutional,4,444.44,0.0,16.0,1967.0,1003659.0,5,1.4315,88.89,0.0,0.0,0.0
r0087_c0049,40.8044945,-73.958361,Residential,14,355.56,0.0,5.4,1903.0,278133.0,17,0.9991,44.44,0.0,0.0,0.0
r0087_c0050,40.8044945,-73.9565766,Residential,38,311.11,0.1429,5.0,1913.0,582765.0,38,1.982,0.0,88.89,1.0,0.0
r0087_c0051,40.8044945,-73.9547922,Mixed-Use,29,1422.22,0.4375,4.8,1941.0,688620.0,31,1.8696,0.0,444.44,3.1219,0.0
r0087_c0052,40.8044945,-73.9530078,Residential,19,355.56,0.375,6.2,1923.0,590166.0,17,2.3088,0.0,0.0,0.0,0.0
r0087_c0053,40.8044945,-73.9512235,Residential,41,88.89,0.0,4.2,1907.0,404312.0,42,2.1816,44.44,0.0,0.0,0.0
r0087_c0054,40.8044945,-73.9494391,Residential,89,133.33,0.6667,3.2,1896.0,422647.0,90,1.4231,44.44,0.0,0.0,0.0
r0087_c0055,40.8044945,-73.9476547,Residential,62,488.89,0.4545,3.7,1892.0,354172.0,62,2.0525,0.0,133.33,1.585,0.0
r0087_c0056,40.8044945,-73.9458703,Residential,34,311.11,0.0,3.9,1892.0,223462.0,42,1.7255,44.44,0.0,0.0,0.0
r0087_c0059,40.8044945,-73.9405171,Residential,5,266.67,0.0,6.0,1936.0,278218.0,4,1.3342,0.0,0.0,0.0,0.0
r0087_c0060,40.8044945,-73.9387327,Mixed-Use,24,533.33,0.25,4.5,1918.0,373122.0,15,2.4619,0.0,44.44,-0.0,0.0
r0087_c0061,40.8044945,-73.9369483,Commercial,10,844.44,0.1053,5.2,1957.0,246871.0,9,2.0666,0.0,311.11,2.5216,0.5714
r0087_c0062,40.8044945,-73.9351639,Mixed-Use,8,400.0,0.0,7.2,1978.0,883970.0,6,2.1185,0.0,0.0,0.0,0.0
r0087_c0063,40.8044945,-73.9333795,Mixed-Use,7,400.0,0.0,3.4,1994.0,395931.0,6,1.8276,44.44,0.0,0.0,0.0
r0088_c0044,40.8058458,-73.967283,Residential,11,1422.22,0.0312,8.1,1913.0,782557.0,12,1.1625,44.44,44.44,-0.0,0.0
r0088_c0045,40.8058458,-73.9654986,Mixed-Use,17,2311.11,0.3077,6.2,1915.0,623575.0,17,2.1585,177.78,400.0,3.1699,0.2222
r0088_c0046,40.8058458,-73.9637142,Residential,40,222.22,0.8,5.3,1912.0,731814.0,40,1.4431,0.0,0.0,0.0,0.0
r0088_c0047,40.8058458,-73.9619298,Institutional,5,666.67,0.2,12.0,1944.0,709253.0,5,-0.0,44.44,0.0,0.0,0.0
r0088_c0048,40.8058458,-73.9601454,Residential,18,311.11,0.0,6.1,1919.0,444081.0,18,2.0699,0.0,0.0,0.0,0.0
r0088_c0049,40.8058458,-73.958361,Open Space,4,400.0,0.0,5.2,1927.0,130647.0,7,0.1496,0.0,0.0,0.0,0.0
r0088_c0050,40.8058458,-73.9565766,Residential,46,44.44,0.0,4.0,1901.0,519315.0,52,1.9195,0.0,0.0,0.0,0.0
r0088_c0051,40.8058458,-73.9547922,Residential,18,488.89,0.1818,6.1,1945.0,477614.0,15,1.3927,0.0,44.44,-0.0,1.0
r0088_c0052,40.8058458,-73.9530078,Residential,24,355.56,0.75,5.5,1919.0,647987.0,37,1.4813,0.0,88.89,1.0,0.0
r0088_c0053,40.8058458,-73.9512235,Residential,15,88.89,0.0,5.6,1925.0,424568.0,15,2.0926,0.0,0.0,0.0,0.0
r0088_c0054,40.8058458,-73.9494391,Residential,73,177.78,0.75,3.4,1893.0,353758.0,73,1.7202,0.0,44.44,-0.0,0.0
r0088_c0055,40.8058458,-73.9476547,Institutional,45,488.89,0.2727,3.6,1889.0,335331.0,45,1.6055,0.0,133.33,1.585,0.0
r0088_c0056,40.8058458,-73.9458703,Residential,64,266.67,0.1667,3.6,1888.0,388522.0,64,2.0855,0.0,44.44,-0.0,0.0
r0088_c0057,40.8058458,-73.9440859,Residential,12,488.89,0.0,4.3,1897.0,128508.0,9,2.3846,0.0,0.0,0.0,0.0
r0088_c0058,40.8058458,-73.9423015,Residential,33,444.44,0.1,3.9,1914.0,306392.0,36,2.5498,0.0,177.78,2.0,0.5
r0088_c0059,40.8058458,-73.9405171,Mixed-Use,38,977.78,0.2727,3.8,1920.0,473539.0,41,2.4464,0.0,355.56,2.75,0.0
r0088_c0060,40.8058458,-73.9387327,Mixed-Use,30,133.33,0.0,4.5,1918.0,362947.0,29,2.5935,0.0,0.0,0.0,0.0
r0088_c0061,40.8058458,-73.9369483,Residential,5,177.78,0.0,10.3,1988.0,533582.0,4,0.8832,0.0,0.0,0.0,0.0
r0088_c0063,40.8058458,-73.9333795,Open Space,3,1066.67,0.125,2.0,1970.0,28264.0,4,1.0013,0.0,133.33,1.585,0.0
r0089_c0044,40.8071972,-73.967283,Residential,8,222.22,0.0,7.8,1902.0,324627.0,8,1.2795,0.0,0.0,0.0,0.0
r0089_c0045,40.8071972,-73.9654986,Residential,29,1688.89,0.1579,7.2,1913.0,1272735.0,26,1.978,222.22,355.56,2.75,0.375
r0089_c0048,40.8071972,-73.9601454,Institutional,3,1200.0,0.1481,8.8,1940.0,1163701.0,5,-0.0,177.78,0.0,0.0,0.0
r0089_c0049,40.8071972,-73.958361,Mixed-Use,3,1288.89,0.0,11.7,1944.0,428425.0,3,0.9544,0.0,0.0,0.0,0.0
r0089_c0050,40.8071972,-73.9565766,Institutional,11,177.78,0.0,5.8,1923.0,407407.0,11,1.4067,0.0,0.0,0.0,0.0
r0089_c0051,40.8071972,-73.9547922,Mixed-Use,27,222.22,0.4,4.4,1945.0,524037.0,25,2.1295,0.0,0.0,0.0,0.0
r0089_c0052,40.8071972,-73.9530078,Residential,39,444.44,0.4,4.2,1928.0,347083.0,40,1.8468,0.0,177.78,2.0,0.0
r0089_c0053,40.8071972,-73.9512235,Residential,70,133.33,0.0,3.8,1924.0,478945.0,66,2.0482,0.0,0.0,0.0,0.0
r0089_c0054,40.8071972,-73.9494391,Residential,50,311.11,0.4286,4.1,1901.0,420679.0,50,1.9262,44.44,44.44,-0.0,0.0
r0089_c0055,40.8071972,-73.9476547,Residential,69,133.33,0.0,4.4,1917.0,607061.0,66,2.317,0.0,0.0,0.0,0.0
r0089_c0056,40.8071972,-73.9458703,Commercial,22,800.0,0.2778,4.2,1922.0,471179.0,24,1.9316,0.0,266.67,2.585,0.8333
r0089_c0057,40.8071972,-73.9440859,Mixed-Use,42,444.44,0.3,4.8,1930.0,888323.0,40,2.3762,0.0,44.44,-0.0,0.0
r0089_c0058,40.8071972,-73.9423015,Residential,39,488.89,0.1818,4.3,1921.0,676167.0,39,2.1317,0.0,177.78,2.0,0.5
r0089_c0059,40.8071972,-73.9405171,Residential,60,133.33,0.0,3.6,1909.0,495524.0,59,1.8121,0.0,44.44,-0.0,1.0
r0089_c0060,40.8071972,-73.9387327,Institutional,24,177.78,0.0,4.2,1947.0,426432.0,26,1.695,0.0,44.44,-0.0,0.0
r0089_c0061,40.8071972,-73.9369483,Residential,15,44.44,0.0,3.7,1924.0,314027.0,14,1.8108,0.0,0.0,0.0,0.0
r0089_c0062,40.8071972,-73.9351639,Open Space,5,577.78,0.0,4.5,1935.0,108876.0,4,1.4088,0.0,0.0,0.0,0.0
r0090_c0045,40.8085485,-73.9654986,Residential,17,933.33,0.1905,8.8,1917.0,820804.0,18,1.1323,44.44,177.78,1.5,0.25
r0090_c0048,40.8085485,-73.9601454,Residential,5,1688.89,0.1053,5.0,1919.0,133852.0,5,1.834,133.33,133.33,1.585,0.0
r0090_c0049,40.8085485,-73.958361,Residential,11,622.22,0.0714,8.7,1928.0,815388.0,11,0.8541,0.0,44.44,-0.0,0.0
r0090_c0050,40.8085485,-73.9565766,Residential,6,222.22,0.0,4.7,1918.0,67895.0,6,0.4471,0.0,0.0,0.0,0.0
r0090_c0051,40.8085485,-73.9547922,Residential,80,222.22,0.0,3.4,1906.0,451720.0,79,1.5927,0.0,44.44,-0.0,0.0
r0090_c0052,40.8085485,-73.9530078,Mixed-Use,22,266.67,0.1667,5.3,1928.0,490723.0,19,2.1546,44.44,88.89,1.0,0.0
r0090_c0053,40.8085485,-73.9512235,Residential,58,222.22,0.2,4.5,1936.0,624976.0,57,2.3223,44.44,44.44,-0.0,0.0
r0090_c0054,40.8085485,-73.9494391,Mixed-Use,18,400.0,0.4444,6.2,1934.0,881982.0,18,2.1749,0.0,177.78,2.0,0.5
r0090_c0055,40.8085485,-73.9476547,Commercial,12,533.33,0.0,5.7,1944.0,929820.0,14,0.7944,133.33,177.78,2.0,0.25
r0090_c0056,40.8085485,-73.9458703,Residential,25,977.78,0.2273,3.5,1932.0,125296.0,24,1.9456,0.0,444.44,2.9219,0.9
r0090_c0057,40.8085485,-73.9440859,Residential,63,311.11,0.2857,3.7,1920.0,351946.0,57,2.62,44.44,44.44,-0.0,0.0
r0090_c0058,40.8085485,-73.9423015,Residential,76,0.0,0.0,3.6,1930.0,503549.0,75,1.7133,0.0,0.0,0.0,0.0
r0090_c0059,40.8085485,-73.9405171,Residential,54,222.22,0.0,4.0,1922.0,329771.0,48,2.2174,0.0,0.0,0.0,0.0
r0090_c0060,40.8085485,-73.9387327,Residential,60,133.33,0.0,3.5,1916.0,362280.0,57,2.11,0.0,0.0,0.0,0.0
r0090_c0061,40.8085485,-73.9369483,Mixed-Use,28,0.0,0.0,4.0,1933.0,330342.0,23,2.7249,0.0,0.0,0.0,0.0
r0090_c0062,40.8085485,-73.9351639,Residential,5,222.22,0.0,7.2,1956.0,592239.0,9,1.802,0.0,44.44,-0.0,1.0
r0091_c0045,40.8098999,-73.9654986,Residential,5,755.56,0.0,10.6,1910.0,274189.0,5,-0.0,0.0,0.0,0.0,0.0
r0091_c0046,40.8098999,-73.9637142,Institutional,12,800.0,0.0,10.1,1907.0,1296032.0,19,0.7613,44.44,0.0,0.0,0.0
r0091_c0049,40.8098999,-73.958361,Residential,13,1155.56,0.0769,7.6,1927.0,777413.0,13,1.5854,0.0,311.11,2.1281,0.0
r0091_c0051,40.8098999,-73.9547922,Residential,47,400.0,0.0,3.9,1909.0,408175.0,47,1.9463,0.0,0.0,0.0,0.0
r0091_c0052,40.8098999,-73.9530078,Mixed-Use,11,622.22,0.2143,5.4,1937.0,403227.0,9,2.1589,44.44,133.33,1.585,0.6667
r0091_c0053,40.8098999,-73.9512235,Commercial,10,800.0,0.0556,3.0,1933.0,516028.0,10,1.1774,88.89,311.11,1.8424,0.7143
r0091_c0054,40.8098999,-73.9494391,Institutional,13,577.78,0.0,4.5,1947.0,788053.0,13,1.4167,0.0,311.11,2.5216,0.4286
r0091_c0055,40.8098999,-73.9476547,Mixed-Use,19,622.22,0.1429,4.5,1930.0,374588.0,23,2.1212,0.0,177.78,2.0,0.0
r0091_c0056,40.8098999,-73.9458703,Residential,48,133.33,0.0,3.8,1923.0,578655.0,45,2.1272,0.0,0.0,0.0,0.0
r0091_c0057,40.8098999,-73.9440859,Mixed-Use,39,177.78,0.5,4.2,1934.0,371144.0,52,1.8079,0.0,44.44,-0.0,0.0
r0091_c0058,40.8098999,-73.9423015,Residential,56,311.11,0.1429,4.3,1909.0,573179.0,55,1.921,44.44,44.44,-0.0,0.0
r0091_c0059,40.8098999,-73.9405171,Residential,57,400.0,0.0,3.7,1908.0,264924.0,57,2.2112,0.0,0.0,0.0,0.0
r0091_c0060,40.8098999,-73.9387327,Mixed-Use,28,355.56,0.125,5.0,1912.0,278586.0,24,1.918,0.0,0.0,0.0,0.0
r0091_c0061,40.8098999,-73.9369483,Residential,13,400.0,0.0,5.9,1967.0,316453.0,14,1.0595,44.44,0.0,0.0,0.0
r0092_c0047,40.8112512,-73.9619298,Institutional,3,666.67,0.1333,18.3,1922.0,469503.0,4,1.1015,0.0,133.33,1.585,0.0
r0092_c0048,40.8112512,-73.9601454,Residential,19,311.11,0.0,8.1,1931.0,908846.0,20,1.7318,0.0,0.0,0.0,0.0
r0092_c0049,40.8112512,-73.958361,Residential,18,888.89,0.4,5.6,1913.0,309526.0,18,1.4352,0.0,222.22,2.3219,0.0
r0092_c0050,40.8112512,-73.9565766,Mixed-Use,3,666.67,0.0,10.0,1947.0,913965.0,6,0.9121,0.0,44.44,-0.0,0.0
r0092_c0051,40.8112512,-73.9547922,Institutional,4,800.0,0.0,3.0,1920.0,26810.0,7,1.17,88.89,0.0,0.0,0.0
r0092_c0052,40.8112512,-73.9530078,Mixed-Use,19,222.22,0.4,4.8,1922.0,579994.0,18,2.2595,0.0,0.0,0.0,0.0
r0092_c0053,40.8112512,-73.9512235,Mixed-Use,41,533.33,0.0833,4.0,1943.0,485930.0,28,2.8182,88.89,88.89,1.0,0.5
r0092_c0054,40.8112512,-73.9494391,Mixed-Use,15,44.44,0.0,3.6,1918.0,113811.0,17,1.6229,0.0,0.0,0.0,0.0
r0092_c0056,40.8112512,-73.9458703,Residential,52,666.67,0.0667,3.8,1921.0,377013.0,49,1.8174,0.0,133.33,1.585,0.0
r0092_c0057,40.8112512,-73.9440859,Residential,74,44.44,1.0,3.6,1900.0,511951.0,73,2.1428,0.0,0.0,0.0,0.0
r0092_c0058,40.8112512,-73.9423015,Residential,47,222.22,0.4,4.1,1917.0,351918.0,44,2.3122,0.0,0.0,0.0,0.0
r0092_c0059,40.8112512,-73.9405171,Residential,41,44.44,0.0,4.7,1917.0,610237.0,42,1.6433,0.0,0.0,0.0,0.0
r0092_c0060,40.8112512,-73.9387327,Commercial,6,177.78,0.0,3.4,1928.0,46274.0,6,1.6635,0.0,0.0,0.0,0.0
r0093_c0047,40.8126026,-73.9619298,Open Space,5,533.33,0.0,10.0,1915.0,477265.0,5,1.2337,44.44,0.0,0.0,0.0
r0093_c0048,40.8126026,-73.9601454,Residential,3,266.67,0.1667,6.3,1934.0,117012.0,3,1.5206,0.0,44.44,-0.0,0.0
r0093_c0051,40.8126026,-73.9547922,Mixed-Use,24,311.11,0.1429,5.4,1938.0,660165.0,28,1.9883,0.0,88.89,1.0,0.5
r0093_c0052,40.8126026,-73.9530078,Residential,43,133.33,0.0,4.7,1920.0,539458.0,47,1.8368,0.0,44.44,-0.0,0.0
r0093_c0053,40.8126026,-73.9512235,Mixed-Use,17,133.33,0.3333,6.2,1929.0,473369.0,16,1.4783,0.0,44.44,-0.0,0.0
r0093_c0054,40.8126026,-73.9494391,Mixed-Use,11,177.78,0.0,5.8,1944.0,406476.0,14,1.4393,0.0,0.0,0.0,0.0
r0093_c0055,40.8126026,-73.9476547,Residential,3,177.78,0.0,7.7,1976.0,722797.0,9,0.508,0.0,0.0,0.0,0.0
r0093_c0056,40.8126026,-73.9458703,Residential,14,355.56,0.0,3.9,1920.0,158436.0,13,2.5861,44.44,44.44,-0.0,0.0
r0093_c0057,40.8126026,-73.9440859,Residential,83,0.0,0.0,3.4,1908.0,515468.0,84,1.7786,0.0,0.0,0.0,0.0
r0093_c0058,40.8126026,-73.9423015,Mixed-Use,47,488.89,0.1818,3.6,1903.0,248451.0,46,2.7016,0.0,133.33,1.585,0.0
r0093_c0059,40.8126026,-73.9405171,Residential,6,177.78,0.0,12.8,1954.0,846460.0,6,0.7632,0.0,0.0,0.0,0.0
r0093_c0060,40.8126026,-73.9387327,Residential,6,444.44,0.0,6.0,1954.0,598318.0,6,0.9797,0.0,0.0,0.0,0.0
r0094_c0047,40.813954,-73.9619298,Residential,3,400.0,0.0,10.3,1938.0,397505.0,3,0.9961,133.33,0.0,0.0,0.0
r0094_c0048,40.813954,-73.9601454,Residential,20,1022.22,0.4348,5.7,1914.0,441186.0,19,1.6239,0.0,177.78,2.0,0.0
r0094_c0050,40.813954,-73.9565766,Institutional,22,711.11,0.1875,3.6,1916.0,209901.0,23,1.9988,44.44,0.0,0.0,0.0
r0094_c0051,40.813954,-73.9547922,Mixed-Use,10,44.44,0.0,4.4,1938.0,459123.0,12,1.8076,0.0,0.0,0.0,0.0
r0094_c0052,40.813954,-73.9530078,Residential,21,44.44,0.0,4.9,1919.0,568703.0,20,2.0034,0.0,0.0,0.0,0.0
r0094_c0053,40.813954,-73.9512235,Residential,7,177.78,0.0,6.6,1935.0,509978.0,7,1.6478,0.0,0.0,0.0,0.0
r0094_c0054,40.813954,-73.9494391,Mixed-Use,9,44.44,0.0,7.6,1919.0,428091.0,12,0.8316,0.0,44.44,-0.0,0.0
r0094_c0055,40.813954,-73.9476547,Residential,54,133.33,0.3333,3.6,1911.0,323234.0,54,1.6102,44.44,0.0,0.0,0.0
r0094_c0056,40.813954,-73.9458703,Residential,60,133.33,0.3333,3.5,1914.0,405652.0,67,2.0633,0.0,0.0,0.0,0.0
r0094_c0057,40.813954,-73.9440859,Residential,54,311.11,0.1429,4.4,1934.0,371073.0,54,2.0883,0.0,0.0,0.0,0.0
r0094_c0058,40.813954,-73.9423015,Institutional,20,311.11,0.0,5.4,1927.0,553135.0,16,2.1382,0.0,44.44,-0.0,0.0
r0094_c0059,40.813954,-73.9405171,Institutional,3,133.33,0.0,3.0,1912.0,81700.0,3,0.9975,0.0,0.0,0.0,0.0
r0094_c0060,40.813954,-73.9387327,Institutional,3,711.11,0.0,7.3,1996.0,2549754.0,7,-0.0,0.0,0.0,0.0,0.0
r0094_c0061,40.813954,-73.9369483,Residential,9,177.78,0.25,6.4,1925.0,840627.0,13,0.7396,0.0,44.44,-0.0,1.0
r0095_c0048,40.8153053,-73.9601454,Residential,17,1644.44,0.1351,5.8,1919.0,616013.0,18,1.3179,44.44,88.89,1.0,0.0
r0095_c0049,40.8153053,-73.958361,Mixed-Use,10,1066.67,0.375,8.3,1926.0,391607.0,10,1.3524,44.44,222.22,2.3219,0.4
r0095_c0050,40.8153053,-73.9565766,Mixed-Use,16,488.89,0.0,3.3,1926.0,210187.0,22,1.797,0.0,0.0,0.0,0.0
r0095_c0051,40.8153053,-73.9547922,Institutional,10,222.22,0.0,3.3,1911.0,157619.0,9,1.8537,0.0,0.0,0.0,0.0
r0095_c0052,40.8153053,-73.9530078,Residential,12,44.44,0.0,6.1,1952.0,325892.0,7,1.9338,0.0,0.0,0.0,0.0
r0095_c0053,40.8153053,-73.9512235,Mixed-Use,5,0.0,0.0,3.0,1957.0,99300.0,2,0.8176,0.0,0.0,0.0,0.0
r0095_c0054,40.8153053,-73.9494391,Residential,6,177.78,0.0,5.0,1918.0,53470.0,6,-0.0,0.0,0.0,0.0,0.0
r0095_c0055,40.8153053,-73.9476547,Mixed-Use,24,177.78,0.25,5.5,1925.0,673188.0,31,1.5242,0.0,133.33,1.585,0.0
r0095_c0056,40.8153053,-73.9458703,Mixed-Use,31,266.67,0.1667,4.1,1917.0,454985.0,29,2.3152,0.0,0.0,0.0,0.0
r0095_c0057,40.8153053,-73.9440859,Mixed-Use,40,133.33,0.6667,4.2,1911.0,347268.0,40,1.933,0.0,0.0,0.0,0.0
r0095_c0058,40.8153053,-73.9423015,Residential,64,133.33,0.0,4.3,1915.0,501637.0,65,2.1744,0.0,0.0,0.0,0.0
r0095_c0059,40.8153053,-73.9405171,Residential,38,488.89,0.1818,4.2,1914.0,314931.0,41,1.8292,0.0,222.22,1.371,0.0
r0095_c0060,40.8153053,-73.9387327,Institutional,21,222.22,0.0,4.2,1947.0,336190.0,21,1.9104,0.0,0.0,0.0,0.0
r0095_c0061,40.8153053,-73.9369483,Residential,16,355.56,0.0,5.8,1952.0,592968.0,12,2.3657,0.0,0.0,0.0,0.0
r0096_c0048,40.8166567,-73.9601454,Residential,5,266.67,0.0,13.6,1940.0,814234.0,5,0.7792,0.0,0.0,0.0,0.0
r0096_c0049,40.8166567,-73.958361,Institutional,4,1422.22,0.2188,6.0,1977.0,593021.0,3,0.7475,88.89,0.0,0.0,0.0
r0096_c0052,40.8166567,-73.9530078,Mixed-Use,21,133.33,0.3333,5.1,1916.0,314117.0,22,1.5792,0.0,0.0,0.0,0.0
r0096_c0055,40.8166567,-73.9476547,Mixed-Use,8,311.11,0.0,6.6,1940.0,420457.0,8,1.4864,0.0,0.0,0.0,0.0
r0096_c0056,40.8166567,-73.9458703,Residential,49,533.33,0.5833,3.7,1916.0,373530.0,57,2.1166,0.0,133.33,0.9183,0.0
r0096_c0057,40.8166567,-73.9440859,Residential,89,88.89,0.0,3.2,1910.0,411242.0,97,1.8205,0.0,0.0,0.0,0.0
r0096_c0058,40.8166567,-73.9423015,Mixed-Use,19,133.33,0.0,4.6,1919.0,543637.0,19,2.0345,44.44,0.0,0.0,0.0
r0096_c0059,40.8166567,-73.9405171,Residential,49,177.78,0.0,5.2,1916.0,503071.0,40,2.0222,0.0,44.44,-0.0,0.0
r0096_c0060,40.8166567,-73.9387327,Mixed-Use,6,400.0,0.1111,5.2,1956.0,224829.0,5,1.964,0.0,44.44,-0.0,1.0
r0096_c0061,40.8166567,-73.9369483,Residential,3,222.22,0.0,16.0,1960.0,926590.0,6,-0.0,0.0,0.0,0.0,0.0
r0097_c0048,40.818008,-73.9601454,Mixed-Use,6,2000.0,0.0444,2.0,1922.0,51101.0,4,0.898,88.89,0.0,0.0,0.0
r0097_c0049,40.818008,-73.958361,Institutional,5,1111.11,0.0,4.4,1948.0,723642.0,5,1.1822,0.0,0.0,0.0,0.0
r0097_c0050,40.818008,-73.9565766,Commercial,11,177.78,0.0,3.5,1922.0,345322.0,13,1.9826,0.0,0.0,0.0,0.0
r0097_c0051,40.818008,-73.9547922,Residential,8,88.89,0.0,5.4,1929.0,180682.0,9,1.459,0.0,0.0,0.0,0.0
r0097_c0052,40.818008,-73.9530078,Residential,15,44.44,0.0,5.6,1920.0,382689.0,17,1.9426,0.0,0.0,0.0,0.0
r0097_c0053,40.818008,-73.9512235,Institutional,3,311.11,0.0,2.5,1959.0,63007.0,3,1.2353,0.0,0.0,0.0,0.0
r0097_c0055,40.818008,-73.9476547,Residential,14,222.22,0.0,2.9,1908.0,49405.0,13,2.0528,0.0,0.0,0.0,0.0
r0097_c0056,40.818008,-73.9458703,Residential,55,0.0,0.0,3.5,1913.0,330855.0,104,1.0861,0.0,0.0,0.0,0.0
r0097_c0057,40.818008,-73.9440859,Residential,96,88.89,0.0,3.4,1902.0,373224.0,125,1.6828,0.0,0.0,0.0,0.0
r0097_c0058,40.818008,-73.9423015,Residential,57,133.33,1.0,3.8,1907.0,350160.0,75,1.7378,0.0,44.44,-0.0,0.0
r0097_c0059,40.818008,-73.9405171,Residential,21,133.33,0.3333,4.9,1928.0,662890.0,23,1.637,0.0,0.0,0.0,0.0
r0097_c0060,40.818008,-73.9387327,Residential,18,222.22,0.0,6.1,1913.0,605441.0,18,1.4533,0.0,177.78,0.8113,0.0
r0097_c0061,40.818008,-73.9369483,Residential,5,133.33,0.0,10.4,1955.0,643672.0,7,1.0853,0.0,0.0,0.0,0.0
r0098_c0048,40.8193594,-73.9601454,Mixed-Use,10,1422.22,0.0312,2.5,1939.0,54405.0,4,1.291,222.22,0.0,0.0,0.0
r0098_c0049,40.8193594,-73.958361,Mixed-Use,6,133.33,0.0,1.8,1932.0,365105.0,11,0.3545,0.0,0.0,0.0,0.0
r0098_c0051,40.8193594,-73.9547922,Mixed-Use,17,400.0,0.0,4.5,1918.0,387592.0,17,2.2554,0.0,44.44,-0.0,1.0
r0098_c0052,40.8193594,-73.9530078,Residential,38,222.22,0.2,5.7,1916.0,604895.0,38,1.0817,0.0,44.44,-0.0,0.0
r0098_c0056,40.8193594,-73.9458703,Residential,59,133.33,0.3333,3.4,1910.0,449239.0,60,2.0288,0.0,0.0,0.0,0.0
r0098_c0057,40.8193594,-73.9440859,Residential,36,88.89,0.0,4.6,1917.0,477361.0,54,1.8512,44.44,0.0,0.0,0.0
r0098_c0058,40.8193594,-73.9423015,Residential,28,177.78,0.0,5.3,1929.0,546834.0,29,1.9281,0.0,0.0,0.0,0.0
r0098_c0059,40.8193594,-73.9405171,Residential,15,488.89,0.1818,7.1,1917.0,575437.0,13,1.1098,0.0,266.67,2.2516,0.0
r0098_c0060,40.8193594,-73.9387327,Residential,32,44.44,0.0,5.7,1922.0,670500.0,34,1.5273,0.0,0.0,0.0,0.0
r0098_c0061,40.8193594,-73.9369483,Institutional,9,711.11,0.0625,4.8,1929.0,160921.0,10,1.4928,0.0,44.44,-0.0,0.0
r0099_c0049,40.8207107,-73.958361,Industrial,10,177.78,0.25,5.2,1935.0,301508.0,8,1.4419,44.44,0.0,0.0,0.0
r0099_c0050,40.8207107,-73.9565766,Residential,15,133.33,0.0,5.2,1915.0,468110.0,24,0.7612,0.0,44.44,-0.0,0.0
r0099_c0051,40.8207107,-73.9547922,Residential,15,88.89,0.5,4.9,1919.0,438422.0,15,1.7238,0.0,88.89,1.0,0.0
r0099_c0052,40.8207107,-73.9530078,Institutional,5,311.11,0.1429,4.0,1926.0,205552.0,6,0.8565,0.0,0.0,0.0,0.0
r0099_c0053,40.8207107,-73.9512235,Institutional,6,311.11,0.0,4.7,1934.0,971324.0,14,1.0838,44.44,0.0,0.0,0.0
r0099_c0055,40.8207107,-73.9476547,Institutional,3,266.67,0.0,4.0,1931.0,346526.0,6,0.2897,44.44,0.0,0.0,0.0
r0099_c0056,40.8207107,-73.9458703,Residential,21,311.11,0.0,5.4,1927.0,257914.0,21,1.8533,0.0,0.0,0.0,0.0
r0099_c0057,40.8207107,-73.9440859,Institutional,25,44.44,1.0,4.8,1930.0,370309.0,26,1.6429,0.0,0.0,0.0,0.0
r0099_c0058,40.8207107,-73.9423015,Residential,5,88.89,0.0,9.4,1953.0,456512.0,7,0.4,0.0,0.0,0.0,0.0
r0099_c0059,40.8207107,-73.9405171,Mixed-Use,11,177.78,0.0,7.2,1930.0,483007.0,14,1.4349,0.0,44.44,-0.0,0.0
r0099_c0060,40.8207107,-73.9387327,Residential,26,266.67,0.0,4.8,1927.0,407864.0,25,2.1729,0.0,88.89,1.0,0.0
r0099_c0061,40.8207107,-73.9369483,Commercial,13,400.0,0.6667,4.5,1935.0,331304.0,18,1.8318,0.0,88.89,1.0,0.0
r0100_c0049,40.8220621,-73.958361,Mixed-Use,3,1022.22,0.0,2.5,1948.0,69186.0,2,0.5123,44.44,0.0,0.0,0.0
r0100_c0050,40.8220621,-73.9565766,Residential,7,88.89,0.0,5.7,1914.0,246752.0,6,0.9268,0.0,0.0,0.0,0.0
r0100_c0051,40.8220621,-73.9547922,Residential,42,133.33,0.6667,4.3,1908.0,667247.0,42,1.7672,0.0,0.0,0.0,0.0
r0100_c0052,40.8220621,-73.9530078,Mixed-Use,12,266.67,0.3333,4.8,1918.0,346734.0,11,2.0176,0.0,44.44,-0.0,1.0
r0100_c0053,40.8220621,-73.9512235,Residential,43,88.89,0.5,4.4,1911.0,640007.0,44,1.965,0.0,0.0,0.0,0.0
r0100_c0054,40.8220621,-73.9494391,Residential,39,355.56,0.375,4.3,1906.0,361107.0,39,1.9007,44.44,88.89,1.0,0.0
r0100_c0055,40.8220621,-73.9476547,Residential,40,133.33,0.0,3.6,1903.0,569966.0,41,2.0381,0.0,0.0,0.0,0.0
r0100_c0056,40.8220621,-73.9458703,Residential,38,44.44,0.0,4.4,1918.0,527641.0,37,2.1367,0.0,0.0,0.0,0.0
r0100_c0057,40.8220621,-73.9440859,Residential,38,0.0,0.0,4.2,1911.0,475149.0,45,1.6655,0.0,0.0,0.0,0.0
r0100_c0058,40.8220621,-73.9423015,Mixed-Use,20,400.0,0.3333,5.4,1936.0,714417.0,21,1.3615,0.0,177.78,1.5,0.25
r0100_c0059,40.8220621,-73.9405171,Mixed-Use,21,355.56,0.125,5.2,1927.0,477636.0,27,2.4028,0.0,44.44,-0.0,0.0
r0100_c0060,40.8220621,-73.9387327,Mixed-Use,21,711.11,0.375,5.6,1921.0,487947.0,24,1.2646,0.0,355.56,2.25,0.0
r0100_c0061,40.8220621,-73.9369483,Commercial,3,88.89,0.0,4.3,1979.0,522423.0,3,0.8181,0.0,0.0,0.0,0.0
r0101_c0051,40.8234134,-73.9547922,Residential,9,666.67,0.0,8.1,1928.0,767675.0,10,1.2094,0.0,0.0,0.0,0.0
r0101_c0052,40.8234134,-73.9530078,Mixed-Use,16,222.22,0.8,5.3,1911.0,524291.0,16,1.3987,0.0,0.0,0.0,0.0
r0101_c0053,40.8234134,-73.9512235,Residential,51,666.67,0.0667,3.9,1911.0,466834.0,51,2.3448,133.33,0.0,0.0,0.0
r0101_c0054,40.8234134,-73.9494391,Residential,43,266.67,0.1667,4.7,1917.0,494419.0,42,2.2218,0.0,133.33,0.9183,0.0
r0101_c0055,40.8234134,-73.9476547,Residential,57,177.78,0.0,3.9,1896.0,471982.0,57,2.0964,44.44,0.0,0.0,0.0
r0101_c0056,40.8234134,-73.9458703,Residential,48,133.33,0.0,3.8,1901.0,437383.0,51,2.6627,44.44,0.0,0.0,0.0
r0101_c0057,40.8234134,-73.9440859,Residential,36,533.33,0.3333,3.9,1911.0,479132.0,39,1.8292,0.0,177.78,1.5,0.25
r0101_c0058,40.8234134,-73.9423015,Mixed-Use,13,488.89,0.1818,5.7,1927.0,322959.0,12,1.5978,0.0,133.33,1.585,0.0
r0101_c0059,40.8234134,-73.9405171,Residential,24,88.89,0.0,5.3,1929.0,613417.0,29,1.8637,0.0,44.44,-0.0,0.0
r0101_c0060,40.8234134,-73.9387327,Residential,24,44.44,1.0,5.7,1929.0,705350.0,30,1.551,0.0,0.0,0.0,0.0
r0101_c0061,40.8234134,-73.9369483,Residential,3,355.56,0.0,16.0,1939.0,1497427.0,9,0.1052,0.0,44.44,-0.0,0.0
r0102_c0052,40.8247648,-73.9530078,Residential,31,44.44,0.0,5.2,1916.0,858989.0,27,1.578,0.0,0.0,0.0,0.0
r0102_c0053,40.8247648,-73.9512235,Residential,34,222.22,0.4,4.5,1912.0,549737.0,37,2.0068,44.44,0.0,0.0,0.0
r0102_c0054,40.8247648,-73.9494391,Residential,35,266.67,0.0,5.1,1920.0,710980.0,32,1.3696,0.0,44.44,-0.0,0.0
r0102_c0055,40.8247648,-73.9476547,Residential,49,222.22,0.2,3.7,1900.0,353451.0,53,2.2009,0.0,44.44,-0.0,0.0
r0102_c0056,40.8247648,-73.9458703,Residential,53,88.89,0.5,3.7,1903.0,319029.0,54,1.8668,0.0,0.0,0.0,0.0
r0102_c0057,40.8247648,-73.9440859,Residential,51,177.78,0.0,4.3,1899.0,683030.0,52,1.8898,0.0,44.44,-0.0,0.0
r0102_c0058,40.8247648,-73.9423015,Mixed-Use,5,177.78,0.0,6.4,1939.0,316212.0,6,1.8352,0.0,0.0,0.0,0.0
r0102_c0059,40.8247648,-73.9405171,Mixed-Use,23,88.89,0.0,5.7,1930.0,691084.0,33,1.5888,0.0,44.44,-0.0,0.0
r0102_c0060,40.8247648,-73.9387327,Mixed-Use,22,44.44,0.0,5.5,1921.0,707194.0,24,1.2653,0.0,0.0,0.0,0.0
r0102_c0061,40.8247648,-73.9369483,Mixed-Use,7,711.11,0.0,5.3,1950.0,148519.0,6,1.2897,0.0,88.89,1.0,0.0
r0103_c0052,40.8261161,-73.9530078,Residential,6,488.89,0.0909,6.7,1931.0,214746.0,6,0.6923,44.44,0.0,0.0,0.0
r0103_c0053,40.8261161,-73.9512235,Residential,13,177.78,0.25,5.7,1918.0,595491.0,13,1.6744,0.0,44.44,-0.0,1.0
r0103_c0054,40.8261161,-73.9494391,Mixed-Use,21,222.22,0.2,4.7,1919.0,581740.0,21,1.7632,0.0,177.78,2.0,0.5
r0103_c0055,40.8261161,-73.9476547,Institutional,23,311.11,0.2857,4.9,1920.0,393467.0,23,1.5986,44.44,44.44,-0.0,0.0
r0103_c0056,40.8261161,-73.9458703,Residential,46,88.89,0.0,3.8,1922.0,462133.0,46,2.5715,0.0,0.0,0.0,0.0
r0103_c0057,40.8261161,-73.9440859,Residential,71,444.44,0.5,3.4,1897.0,386843.0,71,1.8558,0.0,133.33,1.585,0.0
r0103_c0058,40.8261161,-73.9423015,Residential,16,44.44,0.0,4.5,1916.0,363113.0,14,1.8856,0.0,44.44,-0.0,1.0
r0103_c0059,40.8261161,-73.9405171,Open Space,18,177.78,0.0,5.9,1921.0,407425.0,22,0.7752,0.0,0.0,0.0,0.0
r0103_c0060,40.8261161,-73.9387327,Residential,15,133.33,0.0,5.1,1922.0,285908.0,17,1.5349,0.0,0.0,0.0,0.0
r0103_c0061,40.8261161,-73.9369483,Mixed-Use,5,0.0,0.0,5.0,1926.0,261233.0,8,0.9122,0.0,0.0,0.0,0.0
r0103_c0062,40.8261161,-73.9351639,Residential,4,1733.33,0.0,5.0,1956.0,150910.0,2,0.9428,0.0,88.89,1.0,1.0
r0104_c0053,40.8274675,-73.9512235,Residential,35,266.67,0.0,3.4,1913.0,259686.0,35,2.2543,44.44,0.0,0.0,0.0
r0104_c0054,40.8274675,-73.9494391,Mixed-Use,24,355.56,0.75,4.2,1922.0,462275.0,23,2.3827,0.0,0.0,0.0,0.0
r0104_c0055,40.8274675,-73.9476547,Residential,67,177.78,0.0,3.7,1919.0,496623.0,66,1.3239,0.0,0.0,0.0,0.0
r0104_c0056,40.8274675,-73.9458703,Residential,43,222.22,0.4,4.4,1916.0,462942.0,45,2.019,0.0,44.44,-0.0,0.0
r0104_c0057,40.8274675,-73.9440859,Residential,41,44.44,0.0,4.2,1919.0,477180.0,40,2.2502,0.0,0.0,0.0,0.0
r0104_c0058,40.8274675,-73.9423015,Residential,22,133.33,0.0,4.4,1911.0,351361.0,23,2.1055,0.0,0.0,0.0,0.0
r0104_c0059,40.8274675,-73.9405171,Residential,10,444.44,0.0,5.3,1907.0,180290.0,10,0.5683,0.0,0.0,0.0,0.0
r0104_c0060,40.8274675,-73.9387327,Residential,23,133.33,0.3333,6.0,1919.0,508938.0,22,1.8116,0.0,0.0,0.0,0.0
r0104_c0061,40.8274675,-73.9369483,Mixed-Use,11,44.44,0.0,4.7,1946.0,364010.0,13,2.5635,0.0,0.0,0.0,0.0
r0104_c0062,40.8274675,-73.9351639,Open Space,4,577.78,0.0,7.0,2021.0,25664.0,2,0.4724,0.0,0.0,0.0,0.0
r0105_c0054,40.8288188,-73.9494391,Residential,26,355.56,0.75,5.2,1922.0,587473.0,28,1.644,0.0,0.0,0.0,0.0
r0105_c0055,40.8288188,-73.9476547,Residential,46,355.56,0.5,4.0,1915.0,483611.0,49,2.1769,0.0,0.0,0.0,0.0
r0105_c0056,40.8288188,-73.9458703,Residential,63,177.78,0.75,3.9,1912.0,540136.0,62,1.9632,0.0,0.0,0.0,0.0
r0105_c0057,40.8288188,-73.9440859,Residential,20,444.44,0.0,4.0,1923.0,401062.0,22,2.7458,0.0,0.0,0.0,0.0
r0105_c0058,40.8288188,-73.9423015,Residential,32,222.22,0.0,4.5,1904.0,375307.0,33,2.2518,0.0,44.44,-0.0,0.0
r0105_c0059,40.8288188,-73.9405171,Residential,14,266.67,0.0,6.1,1915.0,621805.0,15,0.9165,0.0,0.0,0.0,0.0
r0105_c0060,40.8288188,-73.9387327,Residential,19,0.0,0.0,4.9,1931.0,343605.0,20,2.2734,0.0,0.0,0.0,0.0
r0105_c0061,40.8288188,-73.9369483,Industrial,12,1600.0,0.0,3.7,1952.0,221845.0,11,2.0512,0.0,44.44,-0.0,0.0
r0106_c0054,40.8301702,-73.9494391,Residential,8,488.89,0.1818,7.2,1918.0,571989.0,8,0.9485,44.44,44.44,-0.0,0.0
r0106_c0055,40.8301702,-73.9476547,Mixed-Use,22,222.22,0.8,4.6,1917.0,600742.0,23,1.7414,0.0,44.44,-0.0,0.0
r0106_c0056,40.8301702,-73.9458703,Residential,56,44.44,0.0,4.3,1907.0,595734.0,56,1.2417,0.0,0.0,0.0,0.0
r0106_c0057,40.8301702,-73.9440859,Institutional,36,266.67,0.1667,3.4,1928.0,369800.0,35,2.1871,0.0,44.44,-0.0,0.0
r0106_c0058,40.8301702,-73.9423015,Residential,51,177.78,0.0,3.5,1900.0,425124.0,47,2.3848,88.89,0.0,0.0,0.0
r0106_c0059,40.8301702,-73.9405171,Mixed-Use,10,666.67,0.0,4.2,1935.0,350680.0,11,2.2727,44.44,133.33,1.585,0.0
r0107_c0054,40.8315215,-73.9494391,Residential,9,400.0,0.0,5.8,1923.0,369100.0,9,0.3705,0.0,0.0,0.0,0.0
r0107_c0055,40.8315215,-73.9476547,Residential,9,0.0,0.0,7.8,1933.0,549455.0,9,1.6338,0.0,0.0,0.0,0.0
r0107_c0056,40.8315215,-73.9458703,Institutional,10,44.44,0.0,4.4,1919.0,142385.0,12,1.5386,0.0,0.0,0.0,0.0
r0107_c0057,40.8315215,-73.9440859,Open Space,3,44.44,0.0,2.3,1902.0,17666.0,4,0.1987,44.44,0.0,0.0,0.0
r0107_c0058,40.8315215,-73.9423015,Residential,5,177.78,0.0,14.4,1955.0,706408.0,6,0.9225,0.0,0.0,0.0,0.0
r0107_c0059,40.8315215,-73.9405171,Residential,12,355.56,0.25,3.2,1903.0,150230.0,11,2.2522,0.0,0.0,0.0,0.0
r0108_c0056,40.8328729,-73.9458703,Institutional,6,311.11,0.2857,4.2,1920.0,165443.0,7,1.1806,0.0,0.0,0.0,0.0
r0108_c0057,40.8328729,-73.9440859,Residential,35,0.0,0.0,4.7,1911.0,621249.0,36,1.9378,0.0,0.0,0.0,0.0
r0108_c0058,40.8328729,-73.9423015,Residential,25,133.33,0.0,4.3,1916.0,427765.0,26,2.2121,0.0,44.44,-0.0,0.0
r0108_c0059,40.8328729,-73.9405171,Residential,26,177.78,0.25,4.6,1907.0,585075.0,29,2.0651,44.44,0.0,0.0,0.0
r0109_c0055,40.8342242,-73.9476547,Residential,9,44.44,0.0,6.5,1916.0,900268.0,9,0.9567,0.0,0.0,0.0,0.0
r0109_c0056,40.8342242,-73.9458703,Residential,9,400.0,0.3333,6.0,1910.0,574597.0,9,0.9861,0.0,44.44,-0.0,0.0
r0109_c0057,40.8342242,-73.9440859,Residential,15,577.78,0.3077,6.0,1916.0,564102.0,17,1.5519,44.44,88.89,1.0,0.0
r0109_c0058,40.8342242,-73.9423015,Residential,48,88.89,0.0,4.7,1917.0,689652.0,47,1.8641,44.44,0.0,0.0,0.0
r0109_c0059,40.8342242,-73.9405171,Residential,19,266.67,0.1667,5.1,1908.0,334653.0,19,1.9694,44.44,44.44,-0.0,0.0
r0109_c0060,40.8342242,-73.9387327,Residential,33,533.33,0.0,3.0,1887.0,327646.0,33,1.8886,88.89,177.78,2.0,0.0
r0110_c0055,40.8355756,-73.9476547,Residential,12,44.44,0.0,6.2,1925.0,1212186.0,12,1.23,0.0,0.0,0.0,0.0
r0110_c0056,40.8355756,-73.9458703,Residential,18,0.0,0.0,4.4,1913.0,421377.0,18,1.2954,0.0,0.0,0.0,0.0
r0110_c0057,40.8355756,-73.9440859,Mixed-Use,12,311.11,0.5714,4.5,1914.0,368186.0,11,2.0161,0.0,0.0,0.0,0.0
r0110_c0058,40.8355756,-73.9423015,Residential,55,0.0,0.0,4.1,1910.0,527312.0,53,1.2526,0.0,0.0,0.0,0.0
r0110_c0059,40.8355756,-73.9405171,Residential,16,266.67,0.0,4.6,1926.0,412371.0,20,2.224,0.0,44.44,-0.0,0.0
r0110_c0060,40.8355756,-73.9387327,Residential,41,177.78,0.0,3.6,1912.0,423197.0,39,2.5784,0.0,88.89,1.0,0.5
r0111_c0055,40.8369269,-73.9476547,Residential,10,222.22,0.0,3.5,1912.0,439290.0,10,1.1201,0.0,0.0,0.0,0.0
r0111_c0056,40.8369269,-73.9458703,Residential,14,88.89,0.0,5.9,1918.0,750135.0,14,0.8271,0.0,44.44,-0.0,0.0
r0111_c0057,40.8369269,-73.9440859,Mixed-Use,13,0.0,0.0,6.5,1927.0,770180.0,13,1.292,0.0,0.0,0.0,0.0
r0111_c0058,40.8369269,-73.9423015,Mixed-Use,30,44.44,0.0,4.4,1919.0,479914.0,29,1.6776,0.0,0.0,0.0,0.0
r0111_c0059,40.8369269,-73.9405171,Residential,26,44.44,0.0,4.7,1921.0,512642.0,25,1.9415,0.0,44.44,-0.0,0.0
r0111_c0060,40.8369269,-73.9387327,Residential,33,488.89,0.0,4.9,1916.0,427344.0,33,1.4927,0.0,0.0,0.0,0.0
r0111_c0061,40.8369269,-73.9369483,Institutional,7,88.89,0.0,5.0,1912.0,212564.0,6,1.6313,44.44,0.0,0.0,0.0
r0112_c0056,40.8382783,-73.9458703,Residential,10,400.0,0.0,6.0,1917.0,624706.0,10,1.4717,0.0,0.0,0.0,0.0
r0112_c0057,40.8382783,-73.9440859,Residential,9,88.89,0.0,6.0,1926.0,566370.0,9,0.4682,0.0,0.0,0.0,0.0
r0112_c0058,40.8382783,-73.9423015,Mixed-Use,11,44.44,0.0,5.6,1925.0,573676.0,12,0.9274,0.0,0.0,0.0,0.0
r0112_c0059,40.8382783,-73.9405171,Residential,15,400.0,0.3333,5.1,1910.0,536187.0,15,1.4151,44.44,0.0,0.0,0.0
r0112_c0060,40.8382783,-73.9387327,Institutional,19,400.0,0.1111,4.8,1915.0,409302.0,18,2.0097,0.0,44.44,-0.0,0.0
r0112_c0061,40.8382783,-73.9369483,Mixed-Use,30,222.22,0.0,4.4,1922.0,293577.0,21,2.1239,0.0,0.0,0.0,0.0
r0113_c0058,40.8396296,-73.9423015,Mixed-Use,7,844.44,0.0526,6.1,1928.0,495215.0,9,0.5939,0.0,44.44,-0.0,0.0
r0113_c0060,40.8396296,-73.9387327,Mixed-Use,21,88.89,0.0,5.9,1947.0,733941.0,21,2.4327,0.0,0.0,0.0,0.0
r0113_c0061,40.8396296,-73.9369483,Mixed-Use,20,311.11,0.0,3.7,1915.0,251735.0,25,2.2485,88.89,0.0,0.0,0.0
r0114_c0059,40.840981,-73.9405171,Institutional,3,755.56,0.1765,8.3,1934.0,251339.0,3,0.9553,0.0,88.89,1.0,0.0
r0114_c0060,40.840981,-73.9387327,Institutional,10,400.0,0.0,5.4,1939.0,485308.0,12,1.2122,0.0,0.0,0.0,0.0
r0114_c0061,40.840981,-73.9369483,Residential,38,133.33,0.0,4.6,1916.0,574165.0,39,1.9789,0.0,0.0,0.0,0.0
r0115_c0057,40.8423323,-73.9440859,Institutional,4,266.67,0.0,12.0,1969.0,829356.0,3,0.395,44.44,0.0,0.0,0.0
r0115_c0058,40.8423323,-73.9423015,Institutional,4,533.33,0.25,11.5,1941.0,475569.0,4,0.5882,0.0,44.44,-0.0,0.0
r0115_c0059,40.8423323,-73.9405171,Mixed-Use,16,88.89,0.0,5.1,1925.0,797128.0,17,2.3528,0.0,0.0,0.0,0.0
r0115_c0060,40.8423323,-73.9387327,Mixed-Use,13,1377.78,0.1613,4.6,1930.0,280652.0,12,2.259,0.0,222.22,2.3219,0.2
r0115_c0061,40.8423323,-73.9369483,Residential,26,44.44,0.0,5.0,1912.0,575849.0,26,1.7376,0.0,0.0,0.0,0.0
r0115_c0062,40.8423323,-73.9351639,Residential,17,711.11,0.0625,4.8,1931.0,257286.0,17,1.9697,44.44,44.44,-0.0,0.0
r0116_c0057,40.8436837,-73.9440859,Institutional,3,355.56,0.0,21.0,1944.0,943935.0,2,0.7675,0.0,0.0,0.0,0.0
r0116_c0058,40.8436837,-73.9423015,Residential,18,44.44,1.0,5.4,1921.0,666753.0,18,1.5663,0.0,0.0,0.0,0.0
r0116_c0059,40.8436837,-73.9405171,Residential,20,44.44,0.0,5.1,1918.0,611433.0,20,1.2284,0.0,0.0,0.0,0.0
r0116_c0060,40.8436837,-73.9387327,Mixed-Use,14,844.44,0.3684,4.6,1927.0,512258.0,14,1.4847,0.0,88.89,1.0,0.5
r0116_c0061,40.8436837,-73.9369483,Residential,30,400.0,0.0,4.3,1916.0,481262.0,30,2.2556,0.0,88.89,1.0,0.0
r0116_c0062,40.8436837,-73.9351639,Residential,38,44.44,0.0,4.6,1912.0,548651.0,36,1.6545,0.0,0.0,0.0,0.0
r0117_c0058,40.845035,-73.9423015,Residential,13,0.0,0.0,8.4,1940.0,2159931.0,14,1.9505,0.0,0.0,0.0,0.0
r0117_c0059,40.845035,-73.9405171,Mixed-Use,14,133.33,0.0,5.4,1922.0,655478.0,14,1.9529,0.0,0.0,0.0,0.0
r0117_c0060,40.845035,-73.9387327,Mixed-Use,11,533.33,0.0833,5.5,1929.0,374175.0,11,2.0846,0.0,133.33,1.585,0.0
r0117_c0061,40.845035,-73.9369483,Mixed-Use,19,488.89,0.1818,5.0,1920.0,563690.0,19,1.7328,0.0,44.44,-0.0,0.0
r0117_c0062,40.845035,-73.9351639,Residential,27,44.44,1.0,4.3,1909.0,497876.0,29,1.6738,0.0,0.0,0.0,0.0
r0117_c0063,40.845035,-73.9333795,Residential,13,400.0,0.0,5.2,1909.0,377732.0,13,0.9945,0.0,0.0,0.0,0.0
r0118_c0058,40.8463864,-73.9423015,Residential,5,222.22,0.0,6.2,1935.0,300035.0,5,1.8947,0.0,0.0,0.0,0.0
r0118_c0059,40.8463864,-73.9405171,Open Space,3,355.56,0.0,4.0,1936.0,120566.0,4,0.5112,0.0,0.0,0.0,0.0
r0118_c0060,40.8463864,-73.9387327,Mixed-Use,13,1155.56,0.1923,4.8,1925.0,604071.0,13,1.9235,0.0,533.33,3.2516,0.0
r0118_c0061,40.8463864,-73.9369483,Mixed-Use,16,133.33,0.0,5.4,1937.0,489439.0,15,1.9529,0.0,0.0,0.0,0.0
r0118_c0062,40.8463864,-73.9351639,Residential,18,355.56,0.125,5.1,1915.0,527861.0,18,2.1539,0.0,44.44,-0.0,0.0
r0118_c0063,40.8463864,-73.9333795,Mixed-Use,15,0.0,0.0,5.6,1917.0,371940.0,14,1.8238,0.0,0.0,0.0,0.0
r0119_c0058,40.8477377,-73.9423015,Mixed-Use,4,800.0,0.0,6.0,1923.0,189024.0,3,0.9652,44.44,0.0,0.0,0.0
r0119_c0059,40.8477377,-73.9405171,Residential,12,133.33,0.0,5.8,1930.0,671586.0,12,1.1005,0.0,0.0,0.0,0.0
r0119_c0060,40.8477377,-73.9387327,Mixed-Use,14,400.0,0.5556,5.9,1928.0,609436.0,13,1.3905,0.0,0.0,0.0,0.0
r0119_c0061,40.8477377,-73.9369483,Mixed-Use,18,444.44,0.2,4.7,1915.0,428744.0,18,2.3232,44.44,88.89,1.0,0.0
r0119_c0062,40.8477377,-73.9351639,Mixed-Use,8,222.22,0.4,8.4,1920.0,641929.0,9,0.4683,0.0,44.44,-0.0,0.0
r0119_c0063,40.8477377,-73.9333795,Mixed-Use,21,400.0,0.2222,5.7,1915.0,913014.0,24,1.0685,0.0,177.78,2.0,0.0
r0119_c0064,40.8477377,-73.9315951,Commercial,18,666.67,0.1333,5.7,1919.0,605527.0,18,1.8831,133.33,133.33,1.585,0.0
r0120_c0059,40.8490891,-73.9405171,Mixed-Use,6,0.0,0.0,5.8,1935.0,189060.0,7,1.1535,0.0,0.0,0.0,0.0
r0120_c0060,40.8490891,-73.9387327,Mixed-Use,9,622.22,0.2143,4.4,1926.0,417655.0,9,1.9797,44.44,0.0,0.0,0.0
r0120_c0061,40.8490891,-73.9369483,Mixed-Use,12,666.67,0.2,4.7,1920.0,420973.0,14,1.9281,44.44,177.78,2.0,0.75
r0120_c0062,40.8490891,-73.9351639,Mixed-Use,23,311.11,0.0,4.3,1913.0,477246.0,25,1.807,0.0,133.33,1.585,1.0
r0120_c0063,40.8490891,-73.9333795,Commercial,17,1244.44,0.25,3.6,1920.0,331641.0,21,1.3287,0.0,622.22,3.3249,0.4286
r0120_c0064,40.8490891,-73.9315951,Institutional,20,800.0,0.1111,3.6,1933.0,442919.0,20,1.9666,44.44,222.22,2.3219,0.0
r0120_c0065,40.8490891,-73.9298107,Mixed-Use,11,222.22,0.0,6.2,1940.0,502976.0,10,1.9454,44.44,0.0,0.0,0.0
r0121_c0058,40.8504404,-73.9423015,Residential,4,400.0,0.0,6.0,1934.0,306148.0,3,0.9768,177.78,0.0,0.0,0.0
r0121_c0059,40.8504404,-73.9405171,Residential,19,88.89,0.0,5.3,1914.0,512299.0,17,2.0728,0.0,0.0,0.0,0.0
r0121_c0060,40.8504404,-73.9387327,Mixed-Use,11,666.67,0.3333,5.9,1914.0,593212.0,11,1.1692,0.0,400.0,2.6416,0.1111
r0121_c0061,40.8504404,-73.9369483,Mixed-Use,18,755.56,0.4706,4.9,1921.0,630946.0,17,2.0684,0.0,311.11,2.8074,0.0
r0121_c0062,40.8504404,-73.9351639,Mixed-Use,12,577.78,0.3077,3.9,1914.0,307844.0,13,2.2314,0.0,266.67,2.2516,0.8333
r0121_c0063,40.8504404,-73.9333795,Mixed-Use,22,177.78,0.25,3.9,1911.0,450428.0,22,2.0301,0.0,0.0,0.0,0.0
r0121_c0064,40.8504404,-73.9315951,Residential,52,44.44,1.0,3.7,1912.0,476643.0,53,1.9064,0.0,0.0,0.0,0.0
r0121_c0065,40.8504404,-73.9298107,Institutional,20,177.78,0.0,4.5,1926.0,444787.0,16,2.0498,0.0,0.0,0.0,0.0
r0121_c0066,40.8504404,-73.9280264,Institutional,4,355.56,0.0,6.8,1954.0,347411.0,5,0.9387,44.44,0.0,0.0,0.0
r0122_c0059,40.8517918,-73.9405171,Residential,7,311.11,0.2857,7.9,1927.0,514112.0,7,0.6149,0.0,0.0,0.0,0.0
r0122_c0060,40.8517918,-73.9387327,Mixed-Use,8,222.22,0.6,5.9,1926.0,524400.0,8,1.2305,0.0,88.89,1.0,0.0
r0122_c0061,40.8517918,-73.9369483,Residential,13,0.0,0.0,5.8,1924.0,627466.0,12,1.6619,0.0,0.0,0.0,0.0
r0122_c0062,40.8517918,-73.9351639,Mixed-Use,16,222.22,0.0,4.3,1930.0,369746.0,16,1.9676,0.0,44.44,-0.0,1.0
r0122_c0063,40.8517918,-73.9333795,Mixed-Use,24,88.89,0.0,4.7,1921.0,490285.0,23,2.3455,0.0,0.0,0.0,0.0
r0122_c0064,40.8517918,-73.9315951,Mixed-Use,24,355.56,0.125,4.3,1920.0,449880.0,21,2.5263,0.0,88.89,1.0,0.5
r0122_c0065,40.8517918,-73.9298107,Residential,36,133.33,0.3333,3.7,1916.0,381578.0,31,1.5693,0.0,44.44,-0.0,0.0
r0122_c0066,40.8517918,-73.9280264,Residential,12,622.22,0.5714,5.8,1928.0,638857.0,14,1.7609,0.0,44.44,-0.0,0.0
r0123_c0060,40.8531431,-73.9387327,Residential,3,222.22,0.0,6.0,1926.0,591036.0,16,0.8868,0.0,0.0,0.0,0.0
r0123_c0061,40.8531431,-73.9369483,Residential,12,311.11,0.0,5.0,1937.0,428029.0,14,1.7583,0.0,0.0,0.0,0.0
r0123_c0062,40.8531431,-73.9351639,Residential,12,177.78,0.0,4.0,1952.0,448161.0,14,1.998,0.0,0.0,0.0,0.0
r0123_c0063,40.8531431,-73.9333795,Institutional,8,222.22,0.0,4.5,1930.0,292838.0,11,0.9352,0.0,0.0,0.0,0.0
r0123_c0064,40.8531431,-73.9315951,Mixed-Use,24,177.78,0.25,4.1,1918.0,471579.0,25,1.7173,0.0,0.0,0.0,0.0
r0123_c0065,40.8531431,-73.9298107,Residential,32,88.89,0.0,4.2,1926.0,500903.0,30,1.8429,0.0,44.44,-0.0,0.0
r0123_c0066,40.8531431,-73.9280264,Residential,9,355.56,0.0,5.8,1923.0,449701.0,10,1.4973,0.0,0.0,0.0,0.0
r0124_c0060,40.8544945,-73.9387327,Residential,12,88.89,0.5,5.0,1941.0,313608.0,10,1.2383,0.0,44.44,-0.0,0.0
r0124_c0061,40.8544945,-73.9369483,Residential,13,444.44,0.4,4.6,1934.0,607400.0,13,1.9164,0.0,88.89,1.0,0.0
r0124_c0062,40.8544945,-73.9351639,Residential,8,44.44,0.0,6.2,1954.0,619291.0,9,1.1058,0.0,0.0,0.0,0.0
r0124_c0063,40.8544945,-73.9333795,Residential,19,133.33,0.3333,3.9,1942.0,434524.0,18,2.1863,0.0,44.44,-0.0,1.0
r0124_c0064,40.8544945,-73.9315951,Residential,19,0.0,0.0,4.4,1913.0,454417.0,21,2.0609,0.0,0.0,0.0,0.0
r0124_c0065,40.8544945,-73.9298107,Mixed-Use,15,222.22,0.6,4.9,1922.0,463614.0,15,1.4521,0.0,44.44,-0.0,0.0
r0124_c0066,40.8544945,-73.9280264,Residential,12,44.44,0.0,5.2,1917.0,327605.0,12,0.7311,0.0,0.0,0.0,0.0
r0125_c0060,40.8558458,-73.9387327,Residential,9,133.33,0.0,4.6,1933.0,256290.0,8,1.5295,0.0,0.0,0.0,0.0
r0125_c0061,40.8558458,-73.9369483,Mixed-Use,7,888.89,0.4,6.0,1943.0,463633.0,9,1.5188,0.0,355.56,2.75,0.0
r0125_c0062,40.8558458,-73.9351639,Residential,8,88.89,0.0,5.1,1942.0,501977.0,8,0.7553,0.0,0.0,0.0,0.0
r0125_c0063,40.8558458,-73.9333795,Mixed-Use,7,133.33,0.3333,5.1,1945.0,356489.0,8,1.7664,0.0,44.44,-0.0,0.0
r0125_c0064,40.8558458,-73.9315951,Mixed-Use,16,133.33,0.0,5.3,1936.0,562190.0,18,2.2781,0.0,0.0,0.0,0.0
r0125_c0065,40.8558458,-73.9298107,Residential,22,266.67,0.3333,4.8,1922.0,581250.0,21,1.2917,44.44,133.33,1.585,0.3333
r0125_c0066,40.8558458,-73.9280264,Residential,18,133.33,0.3333,5.3,1923.0,526934.0,18,1.0668,0.0,0.0,0.0,0.0
r0126_c0061,40.8571972,-73.9369483,Residential,4,577.78,0.0,7.5,1936.0,450410.0,4,0.345,266.67,0.0,0.0,0.0
r0126_c0062,40.8571972,-73.9351639,Residential,7,355.56,0.0,5.9,1944.0,647832.0,7,0.4777,133.33,0.0,0.0,0.0
r0126_c0063,40.8571972,-73.9333795,Residential,12,177.78,0.25,5.2,1954.0,543782.0,13,1.1862,0.0,0.0,0.0,0.0
r0126_c0064,40.8571972,-73.9315951,Residential,24,133.33,0.3333,3.9,1930.0,416814.0,25,1.2692,0.0,88.89,1.0,0.5
r0126_c0065,40.8571972,-73.9298107,Residential,13,44.44,0.0,6.7,1928.0,672144.0,12,0.7731,0.0,0.0,0.0,0.0
r0126_c0066,40.8571972,-73.9280264,Residential,5,88.89,0.5,7.8,1935.0,355816.0,5,1.3895,0.0,44.44,-0.0,0.0
r0126_c0067,40.8571972,-73.926242,Institutional,3,666.67,0.0,5.0,1937.0,689673.0,19,0.284,44.44,0.0,0.0,0.0
r0127_c0063,40.8585485,-73.9333795,Residential,3,2711.11,0.0164,6.0,1939.0,102150.0,1,0.7078,266.67,0.0,0.0,0.0
r0127_c0064,40.8585485,-73.9315951,Residential,8,266.67,0.0,3.9,1939.0,535034.0,15,1.6989,0.0,44.44,-0.0,0.0
r0127_c0065,40.8585485,-73.9298107,Residential,8,0.0,0.0,6.7,1944.0,723078.0,9,1.0851,0.0,0.0,0.0,0.0
r0127_c0066,40.8585485,-73.9280264,Residential,4,0.0,0.0,9.8,1934.0,556918.0,4,0.6653,0.0,0.0,0.0,0.0
r0128_c0065,40.8598999,-73.9298107,Mixed-Use,12,177.78,0.0,6.6,1947.0,513255.0,11,2.0478,0.0,0.0,0.0,0.0
r0128_c0066,40.8598999,-73.9280264,Institutional,9,266.67,0.0,5.0,1945.0,374680.0,9,1.4732,0.0,0.0,0.0,0.0
r0128_c0067,40.8598999,-73.926242,Residential,7,44.44,0.0,8.4,1978.0,386198.0,10,1.7777,0.0,0.0,0.0,0.0
r0128_c0071,40.8598999,-73.9191044,Mixed-Use,6,711.11,0.0,1.0,1920.0,9992.0,4,1.2059,44.44,0.0,0.0,0.0
r0129_c0065,40.8612512,-73.9298107,Residential,11,888.89,0.0,4.8,1930.0,459113.0,11,1.6193,266.67,0.0,0.0,0.0
r0129_c0066,40.8612512,-73.9280264,Residential,20,0.0,0.0,4.7,1942.0,619855.0,18,0.9822,0.0,0.0,0.0,0.0
r0129_c0067,40.8612512,-73.926242,Mixed-Use,18,133.33,0.0,4.7,1920.0,395474.0,20,1.3646,0.0,0.0,0.0,0.0
r0129_c0068,40.8612512,-73.9244576,Commercial,4,222.22,0.4,2.0,1926.0,16123.0,4,1.4837,0.0,88.89,1.0,0.0
r0129_c0070,40.8612512,-73.9208888,Mixed-Use,4,400.0,0.0,2.2,1974.0,172260.0,7,1.9643,0.0,0.0,0.0,0.0
r0129_c0071,40.8612512,-73.9191044,Mixed-Use,7,133.33,0.0,1.0,1987.0,19983.0,5,1.704,0.0,0.0,0.0,0.0
r0129_c0072,40.8612512,-73.91732,Mixed-Use,3,222.22,0.0,,,0.0,0,0.8331,44.44,0.0,0.0,0.0
r0130_c0065,40.8626026,-73.9298107,Mixed-Use,4,533.33,0.0,9.0,1949.0,465974.0,4,0.5051,88.89,0.0,0.0,0.0
r0130_c0066,40.8626026,-73.9280264,Mixed-Use,12,0.0,0.0,5.7,1933.0,553277.0,12,1.6834,0.0,0.0,0.0,0.0
r0130_c0067,40.8626026,-73.926242,Residential,27,177.78,0.25,3.4,1927.0,480913.0,28,1.7815,0.0,0.0,0.0,0.0
r0130_c0068,40.8626026,-73.9244576,Residential,12,133.33,0.6667,5.0,1923.0,513529.0,12,1.4565,0.0,0.0,0.0,0.0
r0130_c0069,40.8626026,-73.9226732,Residential,10,44.44,0.0,4.9,1937.0,326311.0,11,1.1444,0.0,0.0,0.0,0.0
r0130_c0070,40.8626026,-73.9208888,Open Space,4,355.56,0.0,1.2,1965.0,29170.0,5,1.4476,0.0,0.0,0.0,0.0
r0130_c0071,40.8626026,-73.9191044,Residential,11,133.33,0.0,3.2,1948.0,315501.0,13,1.9124,0.0,0.0,0.0,0.0
r0130_c0072,40.8626026,-73.91732,Industrial,8,0.0,0.0,1.4,1956.0,143980.0,11,1.6817,0.0,0.0,0.0,0.0
r0131_c0065,40.863954,-73.9298107,Residential,4,888.89,0.0,6.0,1935.0,220464.0,4,0.9996,133.33,0.0,0.0,0.0
r0131_c0066,40.863954,-73.9280264,Residential,13,133.33,0.3333,5.6,1927.0,637386.0,13,1.8043,0.0,0.0,0.0,0.0
r0131_c0067,40.863954,-73.926242,Commercial,15,266.67,0.3333,2.4,1931.0,242789.0,16,1.806,0.0,44.44,-0.0,0.0
r0131_c0068,40.863954,-73.9244576,Residential,23,177.78,0.25,4.7,1922.0,525179.0,23,1.0817,0.0,88.89,1.0,0.0
r0131_c0069,40.863954,-73.9226732,Residential,16,0.0,0.0,4.5,1936.0,513401.0,18,1.9083,0.0,0.0,0.0,0.0
r0131_c0070,40.863954,-73.9208888,Residential,11,0.0,0.0,6.5,1929.0,640627.0,11,1.5432,0.0,0.0,0.0,0.0
r0131_c0071,40.863954,-73.9191044,Mixed-Use,16,88.89,0.5,4.0,1934.0,631291.0,22,1.467,0.0,0.0,0.0,0.0
r0131_c0073,40.863954,-73.9155356,Mixed-Use,3,577.78,0.1538,30.0,2023.0,473085.0,1,0.9929,0.0,88.89,-0.0,0.0
r0132_c0066,40.8653053,-73.9280264,Mixed-Use,5,1377.78,0.2258,5.0,1925.0,258454.0,5,1.2525,44.44,44.44,-0.0,0.0
r0132_c0067,40.8653053,-73.926242,Institutional,12,533.33,0.0833,5.6,1952.0,670058.0,10,1.6553,0.0,133.33,1.585,0.0
r0132_c0068,40.8653053,-73.9244576,Residential,16,44.44,0.0,4.6,1920.0,360531.0,16,1.2921,0.0,0.0,0.0,0.0
r0132_c0069,40.8653053,-73.9226732,Residential,15,0.0,0.0,5.1,1921.0,464043.0,16,1.1656,0.0,0.0,0.0,0.0
r0132_c0070,40.8653053,-73.9208888,Mixed-Use,11,88.89,0.0,5.5,1941.0,688712.0,11,1.6409,0.0,0.0,0.0,0.0
r0132_c0071,40.8653053,-73.9191044,Mixed-Use,11,44.44,0.0,3.2,1937.0,337166.0,11,1.4279,0.0,0.0,0.0,0.0
r0133_c0065,40.8666567,-73.9298107,Mixed-Use,8,1600.0,0.0833,4.1,1934.0,429856.0,8,2.1845,177.78,177.78,2.0,0.0
r0133_c0066,40.8666567,-73.9280264,Residential,11,577.78,0.3846,4.2,1930.0,442775.0,15,2.1718,0.0,133.33,1.585,0.0
r0133_c0067,40.8666567,-73.926242,Residential,14,44.44,0.0,4.3,1932.0,463383.0,14,2.3534,0.0,0.0,0.0,0.0
r0133_c0068,40.8666567,-73.9244576,Mixed-Use,13,177.78,0.25,5.0,1947.0,531637.0,16,2.4026,0.0,44.44,-0.0,0.0
r0133_c0069,40.8666567,-73.9226732,Mixed-Use,15,666.67,0.0,3.7,1926.0,337830.0,15,2.3848,0.0,88.89,1.0,0.5
r0133_c0070,40.8666567,-73.9208888,Commercial,18,88.89,0.0,3.9,1922.0,391517.0,20,1.8695,0.0,0.0,0.0,0.0
r0133_c0071,40.8666567,-73.9191044,Residential,16,44.44,1.0,4.9,1922.0,465209.0,16,1.1224,0.0,0.0,0.0,0.0
r0133_c0072,40.8666567,-73.91732,Residential,4,177.78,0.25,3.2,1954.0,107845.0,4,1.8989,0.0,0.0,0.0,0.0
r0134_c0066,40.868008,-73.9280264,Residential,5,266.67,0.0,2.0,1932.0,17811.0,10,0.7219,0.0,0.0,0.0,0.0
r0134_c0067,40.868008,-73.926242,Residential,14,44.44,0.0,4.3,1930.0,427231.0,18,1.2896,0.0,0.0,0.0,0.0
r0134_c0068,40.868008,-73.9244576,Residential,18,0.0,0.0,5.7,1932.0,706124.0,18,1.4068,0.0,0.0,0.0,0.0
r0134_c0069,40.868008,-73.9226732,Residential,28,711.11,0.0,4.4,1949.0,528535.0,26,2.2148,44.44,0.0,0.0,0.0
r0134_c0070,40.868008,-73.9208888,Mixed-Use,12,400.0,0.5556,2.9,1940.0,305132.0,13,1.9189,0.0,133.33,1.585,0.3333
r0134_c0071,40.868008,-73.9191044,Mixed-Use,12,222.22,0.4,5.3,1926.0,391649.0,11,1.4501,0.0,44.44,-0.0,0.0
r0134_c0072,40.868008,-73.91732,Institutional,12,133.33,0.0,4.7,1935.0,528396.0,13,2.1914,0.0,0.0,0.0,0.0
r0135_c0068,40.8693594,-73.9244576,Residential,3,44.44,0.0,6.3,1989.0,51233.0,3,0.9867,0.0,0.0,0.0,0.0
r0135_c0069,40.8693594,-73.9226732,Residential,3,400.0,0.1111,5.7,1928.0,216565.0,8,0.9369,0.0,88.89,1.0,0.0
r0135_c0070,40.8693594,-73.9208888,Institutional,6,444.44,0.0,5.2,1933.0,311408.0,8,1.6261,0.0,0.0,0.0,0.0
r0135_c0072,40.8693594,-73.91732,Industrial,6,177.78,0.25,5.8,1932.0,647622.0,6,1.627,0.0,88.89,1.0,0.0
r0135_c0073,40.8693594,-73.9155356,Mixed-Use,10,355.56,0.5,2.8,1929.0,104637.0,9,1.8625,0.0,88.89,1.0,0.0
r0135_c0075,40.8693594,-73.9119668,Mixed-Use,4,222.22,0.0,2.5,1989.0,256600.0,3,0.7698,0.0,0.0,0.0,0.0
r0136_c0071,40.8707107,-73.9191044,Open Space,5,177.78,0.0,5.8,1931.0,234065.0,7,1.2426,0.0,0.0,0.0,0.0
r0136_c0072,40.8707107,-73.91732,Residential,11,0.0,0.0,7.3,1932.0,682131.0,10,1.1178,0.0,0.0,0.0,0.0
r0136_c0073,40.8707107,-73.9155356,Residential,16,355.56,0.0,4.3,1949.0,399392.0,18,2.2882,0.0,222.22,2.3219,0.2
r0136_c0074,40.8707107,-73.9137512,Mixed-Use,6,355.56,0.0,1.4,1975.0,261053.0,5,1.2644,0.0,0.0,0.0,0.0
r0136_c0075,40.8707107,-73.9119668,Mixed-Use,8,222.22,0.0,3.0,1961.0,101622.0,4,1.0171,0.0,0.0,0.0,0.0
r0137_c0071,40.8720621,-73.9191044,Residential,12,444.44,0.1,6.2,1939.0,544431.0,10,1.6336,0.0,0.0,0.0,0.0
r0137_c0072,40.8720621,-73.91732,Residential,22,222.22,0.0,3.8,1930.0,396514.0,27,1.5113,0.0,0.0,0.0,0.0
r0137_c0073,40.8720621,-73.9155356,Residential,7,311.11,0.0,3.2,1931.0,147058.0,12,1.5708,0.0,0.0,0.0,0.0
r0137_c0075,40.8720621,-73.9119668,Mixed-Use,11,222.22,0.0,2.2,1945.0,115872.0,7,1.3929,0.0,0.0,0.0,0.0
r0137_c0076,40.8720621,-73.9101824,Mixed-Use,5,88.89,0.0,,,0.0,0,-0.0,0.0,0.0,0.0,0.0
r0138_c0076,40.8734134,-73.9101824,Mixed-Use,4,0.0,0.0,3.0,2016.0,56396.0,2,0.951,0.0,0.0,0.0,0.0
r0138_c0077,40.8734134,-73.908398,Commercial,4,666.67,0.1333,1.0,1976.0,74410.0,3,0.4196,0.0,133.33,0.9183,1.0
r0139_c0075,40.8747648,-73.9119668,Residential,5,88.89,0.0,6.0,1934.0,285023.0,4,1.4077,0.0,0.0,0.0,0.0
r0139_c0076,40.8747648,-73.9101824,Mixed-Use,26,444.44,0.5,2.7,1925.0,214535.0,25,1.9929,0.0,44.44,-0.0,0.0
r0139_c0077,40.8747648,-73.908398,Residential,3,177.78,0.0,8.5,1930.0,636200.0,9,0.1496,0.0,0.0,0.0,0.0
r0140_c0074,40.8761161,-73.9137512,Residential,5,755.56,0.0588,9.6,1961.0,606461.0,6,0.7726,44.44,44.44,-0.0,0.0
r0140_c0075,40.8761161,-73.9119668,Residential,33,0.0,0.0,3.1,1928.0,321523.0,36,1.2684,0.0,0.0,0.0,0.0
r0140_c0076,40.8761161,-73.9101824,Residential,53,133.33,0.0,2.6,1923.0,272442.0,56,1.2514,0.0,0.0,0.0,0.0
r0140_c0077,40.8761161,-73.908398,Residential,9,1511.11,0.1176,4.1,1949.0,263223.0,10,2.1315,0.0,311.11,2.5216,0.4286
r0141_c0075,40.8774675,-73.9119668,Residential,18,355.56,0.0,2.6,1919.0,56237.0,26,0.4084,0.0,0.0,0.0,0.0
r0141_c0076,40.8774675,-73.9101824,Residential,47,622.22,0.0714,2.7,1930.0,211466.0,55,1.6832,0.0,0.0,0.0,0.0
