cell_id,cell_lat,cell_lon,zone_type,cell_lot_count
r0016_c0055,38.8125762,-77.0247838,Mixed-Use,5
r0016_c0056,38.8125762,-77.0230475,Mixed-Use,4
r0016_c0061,38.8125762,-77.0143662,Mixed-Use,3
r0016_c0062,38.8125762,-77.0126299,Mixed-Use,5
r0017_c0054,38.8139276,-77.02652,Mixed-Use,4
r0017_c0056,38.8139276,-77.0230475,Mixed-Use,3
r0017_c0059,38.8139276,-77.0178387,Mixed-Use,6
r0017_c0062,38.8139276,-77.0126299,Mixed-Use,4
r0018_c0054,38.8152789,-77.02652,Mixed-Use,6
r0018_c0055,38.8152789,-77.0247838,Mixed-Use,5
r0018_c0056,38.8152789,-77.0230475,Mixed-Use,7
r0018_c0057,38.8152789,-77.0213112,Mixed-Use,5
r0018_c0058,38.8152789,-77.019575,Mixed-Use,3
r0018_c0062,38.8152789,-77.0126299,Mixed-Use,4
r0019_c0054,38.8166303,-77.02652,Mixed-Use,8
r0019_c0055,38.8166303,-77.0247838,Mixed-Use,9
r0019_c0056,38.8166303,-77.0230475,Mixed-Use,7
r0019_c0057,38.8166303,-77.0213112,Mixed-Use,4
r0019_c0058,38.8166303,-77.019575,Mixed-Use,8
r0019_c0060,38.8166303,-77.0161025,Mixed-Use,4
r0019_c0062,38.8166303,-77.0126299,Mixed-Use,6
r0019_c0063,38.8166303,-77.0108937,Mixed-Use,6
r0020_c0054,38.8179817,-77.02652,Industrial,10
r0020_c0055,38.8179817,-77.0247838,Mixed-Use,5
r0020_c0056,38.8179817,-77.0230475,Mixed-Use,3
r0020_c0057,38.8179817,-77.0213112,Mixed-Use,5
r0020_c0058,38.8179817,-77.019575,Mixed-Use,5
r0020_c0059,38.8179817,-77.0178387,Mixed-Use,4
r0020_c0060,38.8179817,-77.0161025,Mixed-Use,4
r0020_c0061,38.8179817,-77.0143662,Mixed-Use,4
r0020_c0062,38.8179817,-77.0126299,Mixed-Use,13
r0021_c0055,38.819333,-77.0247838,Industrial,4
r0021_c0056,38.819333,-77.0230475,Industrial,4
r0021_c0057,38.819333,-77.0213112,Mixed-Use,5
r0021_c0058,38.819333,-77.019575,Mixed-Use,11
r0021_c0059,38.819333,-77.0178387,Mixed-Use,7
r0021_c0061,38.819333,-77.0143662,Mixed-Use,7
r0021_c0064,38.819333,-77.0091574,Residential,3
r0021_c0065,38.819333,-77.0074211,Residential,5
r0022_c0054,38.8206844,-77.02652,Other,10
r0022_c0055,38.8206844,-77.0247838,Other,9
r0022_c0056,38.8206844,-77.0230475,Other,7
r0022_c0057,38.8206844,-77.0213112,Other,6
r0022_c0058,38.8206844,-77.019575,Other,5
r0022_c0060,38.8206844,-77.0161025,Mixed-Use,8
r0022_c0061,38.8206844,-77.0143662,Mixed-Use,7
r0022_c0063,38.8206844,-77.0108937,Residential,10
r0022_c0064,38.8206844,-77.0091574,Residential,16
r0022_c0065,38.8206844,-77.0074211,Residential,22
r0022_c0066,38.8206844,-77.0056849,Residential,25
r0023_c0046,38.8220357,-77.0404101,Residential,3
r0023_c0054,38.8220357,-77.02652,Other,10
r0023_c0055,38.8220357,-77.0247838,Other,10
r0023_c0056,38.8220357,-77.0230475,Other,10
r0023_c0057,38.8220357,-77.0213112,Other,10
r0023_c0058,38.8220357,-77.019575,Other,10
r0023_c0059,38.8220357,-77.0178387,Other,5
r0023_c0064,38.8220357,-77.0091574,Residential,14
r0023_c0065,38.8220357,-77.0074211,Residential,25
r0023_c0066,38.8220357,-77.0056849,Residential,17
r0024_c0054,38.8233871,-77.02652,Other,10
r0024_c0055,38.8233871,-77.0247838,Other,10
r0024_c0056,38.8233871,-77.0230475,Other,10
r0024_c0057,38.8233871,-77.0213112,Other,10
r0024_c0058,38.8233871,-77.019575,Other,10
r0024_c0059,38.8233871,-77.0178387,Other,7
r0024_c0063,38.8233871,-77.0108937,Residential,6
r0024_c0064,38.8233871,-77.0091574,Residential,15
r0024_c0065,38.8233871,-77.0074211,Residential,16
r0024_c0066,38.8233871,-77.0056849,Residential,7
r0024_c0068,38.8233871,-77.0022124,Residential,8
r0024_c0069,38.8233871,-77.0004761,Residential,27
r0024_c0070,38.8233871,-76.9987398,Residential,76
r0025_c0054,38.8247384,-77.02652,Other,9
r0025_c0055,38.8247384,-77.0247838,Other,10
r0025_c0056,38.8247384,-77.0230475,Other,10
r0025_c0057,38.8247384,-77.0213112,Other,10
r0025_c0058,38.8247384,-77.019575,Other,10
r0025_c0059,38.8247384,-77.0178387,Other,7
r0025_c0062,38.8247384,-77.0126299,Residential,17
r0025_c0063,38.8247384,-77.0108937,Residential,68
r0025_c0064,38.8247384,-77.0091574,Residential,47
r0025_c0065,38.8247384,-77.0074211,Residential,30
r0025_c0066,38.8247384,-77.0056849,Mixed-Use,16
r0025_c0068,38.8247384,-77.0022124,Residential,11
r0025_c0069,38.8247384,-77.0004761,Residential,11
r0025_c0070,38.8247384,-76.9987398,Residential,81
r0025_c0071,38.8247384,-76.9970036,Residential,68
r0026_c0054,38.8260898,-77.02652,Other,8
r0026_c0055,38.8260898,-77.0247838,Other,10
r0026_c0056,38.8260898,-77.0230475,Other,10
r0026_c0057,38.8260898,-77.0213112,Other,10
r0026_c0058,38.8260898,-77.019575,Other,10
r0026_c0059,38.8260898,-77.0178387,Other,7
r0026_c0062,38.8260898,-77.0126299,Residential,45
r0026_c0063,38.8260898,-77.0108937,Residential,66
r0026_c0064,38.8260898,-77.0091574,Residential,58
r0026_c0065,38.8260898,-77.0074211,Residential,21
r0026_c0066,38.8260898,-77.0056849,Mixed-Use,14
r0026_c0067,38.8260898,-77.0039486,Residential,3
r0026_c0068,38.8260898,-77.0022124,Residential,15
r0026_c0069,38.8260898,-77.0004761,Residential,11
r0026_c0070,38.8260898,-76.9987398,Residential,50
r0026_c0071,38.8260898,-76.9970036,Residential,32
r0026_c0072,38.8260898,-76.9952673,Mixed-Use,4
r0027_c0054,38.8274411,-77.02652,Other,7
r0027_c0055,38.8274411,-77.0247838,Other,10
r0027_c0056,38.8274411,-77.0230475,Other,10
r0027_c0057,38.8274411,-77.0213112,Other,10
r0027_c0058,38.8274411,-77.019575,Other,10
r0027_c0059,38.8274411,-77.0178387,Other,7
r0027_c0062,38.8274411,-77.0126299,Residential,31
r0027_c0063,38.8274411,-77.0108937,Residential,58
r0027_c0064,38.8274411,-77.0091574,Residential,42
r0027_c0065,38.8274411,-77.0074211,Mixed-Use,12
r0027_c0066,38.8274411,-77.0056849,Mixed-Use,16
r0027_c0067,38.8274411,-77.0039486,Residential,16
r0027_c0068,38.8274411,-77.0022124,Residential,15
r0027_c0069,38.8274411,-77.0004761,Residential,12
r0027_c0070,38.8274411,-76.9987398,Residential,23
r0027_c0071,38.8274411,-76.9970036,Residential,15
r0027_c0073,38.8274411,-76.9935311,Residential,11
r0028_c0054,38.8287925,-77.02652,Other,5
r0028_c0055,38.8287925,-77.0247838,Other,10
r0028_c0056,38.8287925,-77.0230475,Other,10
r0028_c0057,38.8287925,-77.0213112,Other,10
r0028_c0058,38.8287925,-77.019575,Other,10
r0028_c0059,38.8287925,-77.0178387,Other,8
r0028_c0062,38.8287925,-77.0126299,Residential,23
r0028_c0063,38.8287925,-77.0108937,Residential,58
r0028_c0064,38.8287925,-77.0091574,Residential,26
r0028_c0065,38.8287925,-77.0074211,Mixed-Use,7
r0028_c0066,38.8287925,-77.0056849,Mixed-Use,8
r0028_c0067,38.8287925,-77.0039486,Residential,4
r0028_c0068,38.8287925,-77.0022124,Residential,11
r0028_c0069,38.8287925,-77.0004761,Residential,13
r0028_c0070,38.8287925,-76.9987398,Residential,19
r0028_c0071,38.8287925,-76.9970036,Residential,27
r0028_c0072,38.8287925,-76.9952673,Residential,25
r0028_c0073,38.8287925,-76.9935311,Residential,24
r0028_c0074,38.8287925,-76.9917948,Mixed-Use,9
r0029_c0054,38.8301438,-77.02652,Other,3
r0029_c0055,38.8301438,-77.0247838,Other,10
r0029_c0056,38.8301438,-77.0230475,Other,10
r0029_c0057,38.8301438,-77.0213112,Other,10
r0029_c0058,38.8301438,-77.019575,Other,10
r0029_c0059,38.8301438,-77.0178387,Other,10
r0029_c0062,38.8301438,-77.0126299,Residential,52
r0029_c0063,38.8301438,-77.0108937,Residential,45
r0029_c0064,38.8301438,-77.0091574,Residential,20
r0029_c0065,38.8301438,-77.0074211,Residential,21
r0029_c0066,38.8301438,-77.0056849,Residential,18
r0029_c0067,38.8301438,-77.0039486,Residential,9
r0029_c0068,38.8301438,-77.0022124,Residential,29
r0029_c0069,38.8301438,-77.0004761,Residential,52
r0029_c0070,38.8301438,-76.9987398,Residential,49
r0029_c0071,38.8301438,-76.9970036,Residential,90
r0029_c0072,38.8301438,-76.9952673,Residential,25
r0029_c0073,38.8301438,-76.9935311,Residential,37
r0029_c0074,38.8301438,-76.9917948,Residential,56
r0029_c0075,38.8301438,-76.9900585,Residential,16
r0030_c0055,38.8314952,-77.0247838,Other,10
r0030_c0056,38.8314952,-77.0230475,Other,10
r0030_c0057,38.8314952,-77.0213112,Other,10
r0030_c0058,38.8314952,-77.019575,Other,10
r0030_c0059,38.8314952,-77.0178387,Other,10
r0030_c0060,38.8314952,-77.0161025,Other,9
r0030_c0062,38.8314952,-77.0126299,Residential,38
r0030_c0063,38.8314952,-77.0108937,Residential,58
r0030_c0064,38.8314952,-77.0091574,Residential,21
r0030_c0065,38.8314952,-77.0074211,Residential,22
r0030_c0066,38.8314952,-77.0056849,Residential,28
r0030_c0067,38.8314952,-77.0039486,Residential,6
r0030_c0068,38.8314952,-77.0022124,Residential,19
r0030_c0070,38.8314952,-76.9987398,Residential,7
r0030_c0071,38.8314952,-76.9970036,Residential,7
r0030_c0072,38.8314952,-76.9952673,Residential,7
r0030_c0073,38.8314952,-76.9935311,Residential,3
r0030_c0074,38.8314952,-76.9917948,Residential,36
r0030_c0075,38.8314952,-76.9900585,Residential,26
r0030_c0076,38.8314952,-76.9883223,Residential,27
r0031_c0055,38.8328465,-77.0247838,Other,5
r0031_c0056,38.8328465,-77.0230475,Other,12
r0031_c0057,38.8328465,-77.0213112,Other,11
r0031_c0058,38.8328465,-77.019575,Other,10
r0031_c0059,38.8328465,-77.0178387,Other,10
r0031_c0060,38.8328465,-77.0161025,Other,10
r0031_c0061,38.8328465,-77.0143662,Other,7
r0031_c0063,38.8328465,-77.0108937,Residential,41
r0031_c0064,38.8328465,-77.0091574,Residential,31
r0031_c0065,38.8328465,-77.0074211,Residential,16
r0031_c0066,38.8328465,-77.0056849,Residential,32
r0031_c0067,38.8328465,-77.0039486,Residential,32
r0031_c0069,38.8328465,-77.0004761,Residential,13
r0031_c0070,38.8328465,-76.9987398,Residential,31
r0031_c0073,38.8328465,-76.9935311,Residential,3
r0031_c0075,38.8328465,-76.9900585,Residential,28
r0031_c0076,38.8328465,-76.9883223,Residential,58
r0032_c0056,38.8341979,-77.0230475,Other,9
r0032_c0057,38.8341979,-77.0213112,Other,10
r0032_c0058,38.8341979,-77.019575,Mixed-Use,11
r0032_c0059,38.8341979,-77.0178387,Other,10
r0032_c0060,38.8341979,-77.0161025,Other,10
r0032_c0061,38.8341979,-77.0143662,Other,10
r0032_c0062,38.8341979,-77.0126299,Other,3
r0032_c0063,38.8341979,-77.0108937,Residential,8
r0032_c0064,38.8341979,-77.0091574,Residential,22
r0032_c0065,38.8341979,-77.0074211,Residential,30
r0032_c0066,38.8341979,-77.0056849,Residential,30
r0032_c0067,38.8341979,-77.0039486,Residential,38
r0032_c0068,38.8341979,-77.0022124,Residential,8
r0032_c0070,38.8341979,-76.9987398,Residential,34
r0032_c0072,38.8341979,-76.9952673,Residential,4
r0032_c0073,38.8341979,-76.9935311,Residential,3
r0032_c0074,38.8341979,-76.9917948,Residential,6
r0032_c0075,38.8341979,-76.9900585,Residential,4
r0032_c0077,38.8341979,-76.986586,Residential,3
r0033_c0056,38.8355492,-77.0230475,Other,10
r0033_c0057,38.8355492,-77.0213112,Other,10
r0033_c0058,38.8355492,-77.019575,Other,10
r0033_c0059,38.8355492,-77.0178387,Other,10
r0033_c0060,38.8355492,-77.0161025,Other,10
r0033_c0061,38.8355492,-77.0143662,Other,10
r0033_c0062,38.8355492,-77.0126299,Other,8
r0033_c0064,38.8355492,-77.0091574,Residential,3
r0033_c0065,38.8355492,-77.0074211,Residential,12
r0033_c0066,38.8355492,-77.0056849,Residential,23
r0033_c0067,38.8355492,-77.0039486,Residential,19
r0033_c0068,38.8355492,-77.0022124,Residential,16
r0033_c0074,38.8355492,-76.9917948,Residential,8
r0033_c0075,38.8355492,-76.9900585,Residential,10
r0033_c0076,38.8355492,-76.9883223,Residential,9
r0033_c0077,38.8355492,-76.986586,Residential,5
r0033_c0078,38.8355492,-76.9848497,Mixed-Use,3
r0033_c0079,38.8355492,-76.9831135,Residential,3
r0034_c0056,38.8369006,-77.0230475,Other,10
r0034_c0057,38.8369006,-77.0213112,Other,10
r0034_c0058,38.8369006,-77.019575,Other,10
r0034_c0059,38.8369006,-77.0178387,Other,10
r0034_c0060,38.8369006,-77.0161025,Other,10
r0034_c0061,38.8369006,-77.0143662,Other,10
r0034_c0062,38.8369006,-77.0126299,Other,10
r0034_c0063,38.8369006,-77.0108937,Other,4
r0034_c0065,38.8369006,-77.0074211,Mixed-Use,3
r0034_c0066,38.8369006,-77.0056849,Residential,13
r0034_c0067,38.8369006,-77.0039486,Residential,32
r0034_c0070,38.8369006,-76.9987398,Open Space,6
r0034_c0074,38.8369006,-76.9917948,Residential,6
r0034_c0075,38.8369006,-76.9900585,Residential,5
r0034_c0076,38.8369006,-76.9883223,Residential,6
r0034_c0078,38.8369006,-76.9848497,Mixed-Use,5
r0034_c0079,38.8369006,-76.9831135,Mixed-Use,3
r0035_c0056,38.8382519,-77.0230475,Other,9
r0035_c0057,38.8382519,-77.0213112,Other,10
r0035_c0058,38.8382519,-77.019575,Other,10
r0035_c0059,38.8382519,-77.0178387,Other,10
r0035_c0060,38.8382519,-77.0161025,Other,10
r0035_c0061,38.8382519,-77.0143662,Other,10
r0035_c0062,38.8382519,-77.0126299,Other,10
r0035_c0063,38.8382519,-77.0108937,Other,9
r0035_c0065,38.8382519,-77.0074211,Residential,4
r0035_c0066,38.8382519,-77.0056849,Residential,27
r0035_c0067,38.8382519,-77.0039486,Residential,54
r0035_c0070,38.8382519,-76.9987398,Residential,14
r0036_c0056,38.8396033,-77.0230475,Other,7
r0036_c0057,38.8396033,-77.0213112,Other,10
r0036_c0058,38.8396033,-77.019575,Other,10
r0036_c0059,38.8396033,-77.0178387,Other,10
r0036_c0060,38.8396033,-77.0161025,Other,10
r0036_c0061,38.8396033,-77.0143662,Other,10
r0036_c0062,38.8396033,-77.0126299,Other,10
r0036_c0063,38.8396033,-77.0108937,Other,10
r0036_c0064,38.8396033,-77.0091574,Other,5
r0036_c0065,38.8396033,-77.0074211,Residential,4
r0036_c0066,38.8396033,-77.0056849,Residential,42
r0036_c0067,38.8396033,-77.0039486,Residential,14
r0036_c0070,38.8396033,-76.9987398,Residential,13
r0036_c0071,38.8396033,-76.9970036,Residential,28
r0036_c0072,38.8396033,-76.9952673,Residential,75
r0036_c0073,38.8396033,-76.9935311,Residential,26
r0036_c0074,38.8396033,-76.9917948,Residential,4
r0036_c0075,38.8396033,-76.9900585,Residential,4
r0036_c0077,38.8396033,-76.986586,Residential,3
r0037_c0056,38.8409546,-77.0230475,Other,5
r0037_c0057,38.8409546,-77.0213112,Other,10
r0037_c0058,38.8409546,-77.019575,Other,10
r0037_c0059,38.8409546,-77.0178387,Other,10
r0037_c0060,38.8409546,-77.0161025,Other,10
r0037_c0061,38.8409546,-77.0143662,Other,10
r0037_c0062,38.8409546,-77.0126299,Other,10
r0037_c0063,38.8409546,-77.0108937,Other,10
r0037_c0064,38.8409546,-77.0091574,Mixed-Use,7
r0037_c0066,38.8409546,-77.0056849,Residential,35
r0037_c0067,38.8409546,-77.0039486,Residential,16
r0037_c0069,38.8409546,-77.0004761,Residential,29
r0037_c0070,38.8409546,-76.9987398,Residential,30
r0037_c0071,38.8409546,-76.9970036,Residential,33
r0037_c0072,38.8409546,-76.9952673,Residential,35
r0037_c0073,38.8409546,-76.9935311,Residential,13
r0037_c0074,38.8409546,-76.9917948,Residential,30
r0037_c0075,38.8409546,-76.9900585,Residential,49
r0037_c0076,38.8409546,-76.9883223,Residential,19
r0037_c0077,38.8409546,-76.986586,Residential,4
r0037_c0082,38.8409546,-76.9779047,Residential,60
r0038_c0057,38.842306,-77.0213112,Other,10
r0038_c0058,38.842306,-77.019575,Other,10
r0038_c0059,38.842306,-77.0178387,Other,10
r0038_c0060,38.842306,-77.0161025,Other,10
r0038_c0061,38.842306,-77.0143662,Other,10
r0038_c0062,38.842306,-77.0126299,Other,10
r0038_c0063,38.842306,-77.0108937,Other,10
r0038_c0064,38.842306,-77.0091574,Other,7
r0038_c0066,38.842306,-77.0056849,Residential,6
r0038_c0067,38.842306,-77.0039486,Residential,42
r0038_c0068,38.842306,-77.0022124,Residential,55
r0038_c0069,38.842306,-77.0004761,Residential,52
r0038_c0070,38.842306,-76.9987398,Residential,41
r0038_c0071,38.842306,-76.9970036,Residential,12
r0038_c0072,38.842306,-76.9952673,Residential,20
r0038_c0073,38.842306,-76.9935311,Residential,23
r0038_c0074,38.842306,-76.9917948,Residential,38
r0038_c0075,38.842306,-76.9900585,Residential,58
r0038_c0076,38.842306,-76.9883223,Residential,27
r0038_c0077,38.842306,-76.986586,Residential,19
r0038_c0078,38.842306,-76.9848497,Mixed-Use,8
r0038_c0079,38.842306,-76.9831135,Residential,8
r0038_c0080,38.842306,-76.9813772,Residential,21
r0039_c0057,38.8436573,-77.0213112,Other,10
r0039_c0058,38.8436573,-77.019575,Other,10
r0039_c0059,38.8436573,-77.0178387,Other,10
r0039_c0060,38.8436573,-77.0161025,Other,10
r0039_c0061,38.8436573,-77.0143662,Other,10
r0039_c0062,38.8436573,-77.0126299,Other,10
r0039_c0063,38.8436573,-77.0108937,Other,10
r0039_c0064,38.8436573,-77.0091574,Other,8
r0039_c0067,38.8436573,-77.0039486,Residential,5
r0039_c0068,38.8436573,-77.0022124,Residential,41
r0039_c0069,38.8436573,-77.0004761,Residential,58
r0039_c0070,38.8436573,-76.9987398,Residential,17
r0039_c0071,38.8436573,-76.9970036,Residential,38
r0039_c0072,38.8436573,-76.9952673,Residential,38
r0039_c0073,38.8436573,-76.9935311,Residential,43
r0039_c0075,38.8436573,-76.9900585,Residential,73
r0039_c0076,38.8436573,-76.9883223,Residential,32
r0039_c0077,38.8436573,-76.986586,Residential,23
r0039_c0078,38.8436573,-76.9848497,Mixed-Use,18
r0039_c0079,38.8436573,-76.9831135,Residential,25
r0039_c0082,38.8436573,-76.9779047,Residential,11
r0039_c0083,38.8436573,-76.9761684,Residential,14
r0039_c0084,38.8436573,-76.9744322,Residential,21
r0039_c0085,38.8436573,-76.9726959,Residential,3
r0040_c0057,38.8450087,-77.0213112,Other,7
r0040_c0058,38.8450087,-77.019575,Other,10
r0040_c0059,38.8450087,-77.0178387,Other,10
r0040_c0060,38.8450087,-77.0161025,Other,10
r0040_c0061,38.8450087,-77.0143662,Other,10
r0040_c0062,38.8450087,-77.0126299,Other,10
r0040_c0063,38.8450087,-77.0108937,Other,10
r0040_c0064,38.8450087,-77.0091574,Other,8
r0040_c0067,38.8450087,-77.0039486,Residential,5
r0040_c0068,38.8450087,-77.0022124,Residential,22
r0040_c0069,38.8450087,-77.0004761,Residential,42
r0040_c0070,38.8450087,-76.9987398,Residential,30
r0040_c0071,38.8450087,-76.9970036,Residential,54
r0040_c0073,38.8450087,-76.9935311,Residential,6
r0040_c0074,38.8450087,-76.9917948,Residential,10
r0040_c0075,38.8450087,-76.9900585,Residential,9
r0040_c0077,38.8450087,-76.986586,Other,4
r0040_c0080,38.8450087,-76.9813772,Commercial,8
r0040_c0082,38.8450087,-76.9779047,Residential,11
r0040_c0083,38.8450087,-76.9761684,Residential,49
r0040_c0084,38.8450087,-76.9744322,Residential,61
r0040_c0085,38.8450087,-76.9726959,Residential,7
r0041_c0057,38.84636,-77.0213112,Other,4
r0041_c0058,38.84636,-77.019575,Other,10
r0041_c0059,38.84636,-77.0178387,Other,10
r0041_c0060,38.84636,-77.0161025,Other,10
r0041_c0061,38.84636,-77.0143662,Other,10
r0041_c0062,38.84636,-77.0126299,Other,10
r0041_c0063,38.84636,-77.0108937,Other,10
r0041_c0064,38.84636,-77.0091574,Other,9
r0041_c0066,38.84636,-77.0056849,Residential,4
r0041_c0068,38.84636,-77.0022124,Residential,76
r0041_c0069,38.84636,-77.0004761,Residential,45
r0041_c0070,38.84636,-76.9987398,Residential,44
r0041_c0072,38.84636,-76.9952673,Residential,8
r0041_c0073,38.84636,-76.9935311,Residential,10
r0041_c0074,38.84636,-76.9917948,Residential,10
r0041_c0075,38.84636,-76.9900585,Residential,10
r0041_c0076,38.84636,-76.9883223,Residential,7
r0041_c0077,38.84636,-76.986586,Mixed-Use,10
r0041_c0078,38.84636,-76.9848497,Other,8
r0041_c0080,38.84636,-76.9813772,Commercial,6
r0041_c0082,38.84636,-76.9779047,Residential,10
r0041_c0083,38.84636,-76.9761684,Residential,23
r0041_c0084,38.84636,-76.9744322,Residential,62
r0041_c0085,38.84636,-76.9726959,Residential,7
r0041_c0086,38.84636,-76.9709597,Residential,102
r0041_c0087,38.84636,-76.9692234,Residential,7
r0042_c0058,38.8477114,-77.019575,Other,10
r0042_c0059,38.8477114,-77.0178387,Other,10
r0042_c0060,38.8477114,-77.0161025,Other,10
r0042_c0061,38.8477114,-77.0143662,Other,10
r0042_c0062,38.8477114,-77.0126299,Other,10
r0042_c0063,38.8477114,-77.0108937,Other,10
r0042_c0064,38.8477114,-77.0091574,Other,10
r0042_c0066,38.8477114,-77.0056849,Residential,13
r0042_c0067,38.8477114,-77.0039486,Residential,40
r0042_c0068,38.8477114,-77.0022124,Residential,43
r0042_c0069,38.8477114,-77.0004761,Residential,45
r0042_c0070,38.8477114,-76.9987398,Residential,30
r0042_c0071,38.8477114,-76.9970036,Residential,26
r0042_c0072,38.8477114,-76.9952673,Residential,9
r0042_c0073,38.8477114,-76.9935311,Residential,10
r0042_c0074,38.8477114,-76.9917948,Residential,10
r0042_c0075,38.8477114,-76.9900585,Residential,10
r0042_c0076,38.8477114,-76.9883223,Residential,10
r0042_c0077,38.8477114,-76.986586,Residential,10
r0042_c0078,38.8477114,-76.9848497,Mixed-Use,10
r0042_c0079,38.8477114,-76.9831135,Other,3
r0042_c0080,38.8477114,-76.9813772,Residential,51
r0042_c0081,38.8477114,-76.979641,Residential,7
r0042_c0082,38.8477114,-76.9779047,Residential,21
r0042_c0083,38.8477114,-76.9761684,Residential,22
r0042_c0084,38.8477114,-76.9744322,Mixed-Use,12
r0042_c0085,38.8477114,-76.9726959,Residential,3
r0042_c0087,38.8477114,-76.9692234,Residential,4
r0042_c0088,38.8477114,-76.9674871,Residential,8
r0043_c0058,38.8490627,-77.019575,Other,6
r0043_c0059,38.8490627,-77.0178387,Other,10
r0043_c0060,38.8490627,-77.0161025,Other,10
r0043_c0061,38.8490627,-77.0143662,Other,10
r0043_c0062,38.8490627,-77.0126299,Other,10
r0043_c0063,38.8490627,-77.0108937,Other,10
r0043_c0064,38.8490627,-77.0091574,Other,10
r0043_c0066,38.8490627,-77.0056849,Residential,35
r0043_c0067,38.8490627,-77.0039486,Residential,14
r0043_c0069,38.8490627,-77.0004761,Other,5
r0043_c0070,38.8490627,-76.9987398,Other,10
r0043_c0071,38.8490627,-76.9970036,Other,10
r0043_c0072,38.8490627,-76.9952673,Residential,9
r0043_c0073,38.8490627,-76.9935311,Residential,10
r0043_c0074,38.8490627,-76.9917948,Residential,10
r0043_c0075,38.8490627,-76.9900585,Residential,10
r0043_c0076,38.8490627,-76.9883223,Residential,10
r0043_c0077,38.8490627,-76.986586,Residential,10
r0043_c0078,38.8490627,-76.9848497,Mixed-Use,7
r0043_c0079,38.8490627,-76.9831135,Mixed-Use,3
r0043_c0080,38.8490627,-76.9813772,Residential,23
r0043_c0081,38.8490627,-76.979641,Residential,32
r0043_c0082,38.8490627,-76.9779047,Residential,66
r0043_c0083,38.8490627,-76.9761684,Residential,53
r0043_c0084,38.8490627,-76.9744322,Residential,22
r0043_c0085,38.8490627,-76.9726959,Residential,13
r0044_c0059,38.8504141,-77.0178387,Other,10
r0044_c0060,38.8504141,-77.0161025,Other,8
r0044_c0061,38.8504141,-77.0143662,Other,6
r0044_c0062,38.8504141,-77.0126299,Other,8
r0044_c0063,38.8504141,-77.0108937,Other,5
r0044_c0066,38.8504141,-77.0056849,Residential,6
r0044_c0068,38.8504141,-77.0022124,Other,7
r0044_c0069,38.8504141,-77.0004761,Other,10
r0044_c0070,38.8504141,-76.9987398,Other,10
r0044_c0071,38.8504141,-76.9970036,Other,10
r0044_c0072,38.8504141,-76.9952673,Residential,9
r0044_c0073,38.8504141,-76.9935311,Residential,10
r0044_c0074,38.8504141,-76.9917948,Residential,10
r0044_c0075,38.8504141,-76.9900585,Residential,10
r0044_c0076,38.8504141,-76.9883223,Mixed-Use,9
r0044_c0078,38.8504141,-76.9848497,Residential,16
r0044_c0080,38.8504141,-76.9813772,Residential,37
r0044_c0081,38.8504141,-76.979641,Residential,49
r0044_c0082,38.8504141,-76.9779047,Residential,47
r0044_c0083,38.8504141,-76.9761684,Residential,62
r0044_c0084,38.8504141,-76.9744322,Residential,26
r0044_c0085,38.8504141,-76.9726959,Residential,5
r0044_c0087,38.8504141,-76.9692234,Mixed-Use,7
r0044_c0088,38.8504141,-76.9674871,Residential,17
r0044_c0089,38.8504141,-76.9657509,Residential,20
r0044_c0090,38.8504141,-76.9640146,Residential,11
r0045_c0059,38.8517654,-77.0178387,Other,5
r0045_c0063,38.8517654,-77.0108937,Mixed-Use,3
r0045_c0064,38.8517654,-77.0091574,Mixed-Use,3
r0045_c0067,38.8517654,-77.0039486,Other,9
r0045_c0068,38.8517654,-77.0022124,Other,10
r0045_c0069,38.8517654,-77.0004761,Other,10
r0045_c0070,38.8517654,-76.9987398,Other,10
r0045_c0071,38.8517654,-76.9970036,Other,10
r0045_c0072,38.8517654,-76.9952673,Residential,9
r0045_c0073,38.8517654,-76.9935311,Residential,10
r0045_c0074,38.8517654,-76.9917948,Residential,10
r0045_c0075,38.8517654,-76.9900585,Residential,7
r0045_c0077,38.8517654,-76.986586,Residential,7
r0045_c0078,38.8517654,-76.9848497,Mixed-Use,5
r0045_c0079,38.8517654,-76.9831135,Mixed-Use,5
r0045_c0080,38.8517654,-76.9813772,Mixed-Use,11
r0045_c0081,38.8517654,-76.979641,Residential,6
r0045_c0082,38.8517654,-76.9779047,Residential,29
r0045_c0083,38.8517654,-76.9761684,Residential,24
r0045_c0084,38.8517654,-76.9744322,Residential,8
r0045_c0085,38.8517654,-76.9726959,Residential,18
r0045_c0086,38.8517654,-76.9709597,Residential,18
r0045_c0087,38.8517654,-76.9692234,Residential,3
r0045_c0089,38.8517654,-76.9657509,Residential,20
r0045_c0090,38.8517654,-76.9640146,Residential,19
r0046_c0061,38.8531168,-77.0143662,Open Space,3
r0046_c0062,38.8531168,-77.0126299,Open Space,5
r0046_c0065,38.8531168,-77.0074211,Mixed-Use,4
r0046_c0066,38.8531168,-77.0056849,Other,5
r0046_c0067,38.8531168,-77.0039486,Other,11
r0046_c0068,38.8531168,-77.0022124,Other,11
r0046_c0069,38.8531168,-77.0004761,Other,10
r0046_c0070,38.8531168,-76.9987398,Other,10
r0046_c0071,38.8531168,-76.9970036,Other,10
r0046_c0073,38.8531168,-76.9935311,Residential,7
r0046_c0074,38.8531168,-76.9917948,Residential,5
r0046_c0077,38.8531168,-76.986586,Mixed-Use,3
r0046_c0078,38.8531168,-76.9848497,Mixed-Use,4
r0046_c0080,38.8531168,-76.9813772,Residential,10
r0046_c0081,38.8531168,-76.979641,Mixed-Use,7
r0046_c0084,38.8531168,-76.9744322,Residential,19
r0046_c0085,38.8531168,-76.9726959,Residential,40
r0046_c0086,38.8531168,-76.9709597,Residential,44
r0046_c0088,38.8531168,-76.9674871,Residential,54
r0046_c0089,38.8531168,-76.9657509,Residential,18
r0046_c0090,38.8531168,-76.9640146,Residential,4
r0046_c0091,38.8531168,-76.9622784,Residential,3
r0046_c0092,38.8531168,-76.9605421,Residential,5
r0047_c0063,38.8544681,-77.0108937,Open Space,3
r0047_c0064,38.8544681,-77.0091574,Mixed-Use,7
r0047_c0065,38.8544681,-77.0074211,Mixed-Use,10
r0047_c0067,38.8544681,-77.0039486,Other,12
r0047_c0068,38.8544681,-77.0022124,Other,10
r0047_c0069,38.8544681,-77.0004761,Other,10
r0047_c0070,38.8544681,-76.9987398,Other,10
r0047_c0071,38.8544681,-76.9970036,Other,10
r0047_c0075,38.8544681,-76.9900585,Residential,27
r0047_c0077,38.8544681,-76.986586,Residential,41
r0047_c0078,38.8544681,-76.9848497,Residential,24
r0047_c0079,38.8544681,-76.9831135,Residential,27
r0047_c0080,38.8544681,-76.9813772,Residential,4
r0047_c0081,38.8544681,-76.979641,Residential,9
r0047_c0082,38.8544681,-76.9779047,Residential,3
r0047_c0084,38.8544681,-76.9744322,Residential,13
r0047_c0085,38.8544681,-76.9726959,Residential,19
r0047_c0086,38.8544681,-76.9709597,Residential,16
r0047_c0087,38.8544681,-76.9692234,Residential,18
r0047_c0088,38.8544681,-76.9674871,Residential,26
r0047_c0089,38.8544681,-76.9657509,Residential,10
r0047_c0090,38.8544681,-76.9640146,Residential,5
r0047_c0091,38.8544681,-76.9622784,Residential,7
r0047_c0092,38.8544681,-76.9605421,Residential,4
r0047_c0093,38.8544681,-76.9588058,Residential,4
r0048_c0060,38.8558195,-77.0161025,Mixed-Use,3
r0048_c0061,38.8558195,-77.0143662,Mixed-Use,3
r0048_c0063,38.8558195,-77.0108937,Open Space,4
r0048_c0064,38.8558195,-77.0091574,Mixed-Use,3
r0048_c0067,38.8558195,-77.0039486,Other,8
r0048_c0068,38.8558195,-77.0022124,Other,10
r0048_c0069,38.8558195,-77.0004761,Other,10
r0048_c0070,38.8558195,-76.9987398,Other,10
r0048_c0071,38.8558195,-76.9970036,Other,9
r0048_c0072,38.8558195,-76.9952673,Residential,23
r0048_c0073,38.8558195,-76.9935311,Mixed-Use,3
r0048_c0075,38.8558195,-76.9900585,Mixed-Use,18
r0048_c0077,38.8558195,-76.986586,Residential,27
r0048_c0078,38.8558195,-76.9848497,Residential,9
r0048_c0079,38.8558195,-76.9831135,Mixed-Use,3
r0048_c0080,38.8558195,-76.9813772,Residential,7
r0048_c0081,38.8558195,-76.979641,Residential,43
r0048_c0082,38.8558195,-76.9779047,Residential,29
r0048_c0083,38.8558195,-76.9761684,Residential,4
r0048_c0084,38.8558195,-76.9744322,Residential,3
r0048_c0085,38.8558195,-76.9726959,Residential,3
r0048_c0086,38.8558195,-76.9709597,Residential,10
r0048_c0087,38.8558195,-76.9692234,Other,3
r0048_c0088,38.8558195,-76.9674871,Residential,35
r0048_c0089,38.8558195,-76.9657509,Residential,6
r0048_c0090,38.8558195,-76.9640146,Residential,7
r0048_c0091,38.8558195,-76.9622784,Residential,10
r0048_c0092,38.8558195,-76.9605421,Residential,28
r0048_c0093,38.8558195,-76.9588058,Residential,12
r0048_c0094,38.8558195,-76.9570696,Residential,14
r0049_c0061,38.8571708,-77.0143662,Mixed-Use,6
r0049_c0062,38.8571708,-77.0126299,Mixed-Use,6
r0049_c0067,38.8571708,-77.0039486,Other,5
r0049_c0068,38.8571708,-77.0022124,Other,10
r0049_c0069,38.8571708,-77.0004761,Other,10
r0049_c0070,38.8571708,-76.9987398,Other,8
r0049_c0072,38.8571708,-76.9952673,Residential,7
r0049_c0073,38.8571708,-76.9935311,Mixed-Use,5
r0049_c0074,38.8571708,-76.9917948,Mixed-Use,7
r0049_c0077,38.8571708,-76.986586,Residential,57
r0049_c0078,38.8571708,-76.9848497,Residential,18
r0049_c0080,38.8571708,-76.9813772,Residential,10
r0049_c0081,38.8571708,-76.979641,Residential,50
r0049_c0082,38.8571708,-76.9779047,Residential,27
r0049_c0084,38.8571708,-76.9744322,Residential,7
r0049_c0085,38.8571708,-76.9726959,Residential,8
r0049_c0086,38.8571708,-76.9709597,Mixed-Use,8
r0049_c0090,38.8571708,-76.9640146,Residential,6
r0049_c0091,38.8571708,-76.9622784,Residential,14
r0049_c0092,38.8571708,-76.9605421,Residential,28
r0049_c0093,38.8571708,-76.9588058,Residential,32
r0049_c0094,38.8571708,-76.9570696,Residential,29
r0049_c0095,38.8571708,-76.9553333,Residential,22
r0050_c0061,38.8585222,-77.0143662,Mixed-Use,5
r0050_c0065,38.8585222,-77.0074211,Mixed-Use,4
r0050_c0068,38.8585222,-77.0022124,Other,10
r0050_c0069,38.8585222,-77.0004761,Other,9
r0050_c0070,38.8585222,-76.9987398,Other,8
r0050_c0072,38.8585222,-76.9952673,Residential,16
r0050_c0073,38.8585222,-76.9935311,Residential,16
r0050_c0074,38.8585222,-76.9917948,Residential,11
r0050_c0076,38.8585222,-76.9883223,Residential,38
r0050_c0077,38.8585222,-76.986586,Residential,95
r0050_c0078,38.8585222,-76.9848497,Residential,35
r0050_c0087,38.8585222,-76.9692234,Residential,6
r0050_c0088,38.8585222,-76.9674871,Commercial,6
r0050_c0089,38.8585222,-76.9657509,Residential,6
r0050_c0090,38.8585222,-76.9640146,Residential,13
r0050_c0091,38.8585222,-76.9622784,Residential,13
r0050_c0092,38.8585222,-76.9605421,Residential,34
r0050_c0093,38.8585222,-76.9588058,Residential,33
r0050_c0094,38.8585222,-76.9570696,Residential,39
r0050_c0095,38.8585222,-76.9553333,Residential,40
r0050_c0096,38.8585222,-76.953597,Residential,21
r0051_c0063,38.8598735,-77.0108937,Mixed-Use,4
r0051_c0064,38.8598735,-77.0091574,Mixed-Use,3
r0051_c0065,38.8598735,-77.0074211,Mixed-Use,5
r0051_c0068,38.8598735,-77.0022124,Other,7
r0051_c0069,38.8598735,-77.0004761,Other,10
r0051_c0070,38.8598735,-76.9987398,Other,10
r0051_c0071,38.8598735,-76.9970036,Other,5
r0051_c0072,38.8598735,-76.9952673,Residential,10
r0051_c0073,38.8598735,-76.9935311,Residential,15
r0051_c0074,38.8598735,-76.9917948,Residential,28
r0051_c0075,38.8598735,-76.9900585,Residential,54
r0051_c0076,38.8598735,-76.9883223,Residential,35
r0051_c0077,38.8598735,-76.986586,Residential,51
r0051_c0078,38.8598735,-76.9848497,Residential,25
r0051_c0082,38.8598735,-76.9779047,Mixed-Use,3
r0051_c0084,38.8598735,-76.9744322,Residential,17
r0051_c0085,38.8598735,-76.9726959,Residential,71
r0051_c0086,38.8598735,-76.9709597,Residential,31
r0051_c0087,38.8598735,-76.9692234,Commercial,3
r0051_c0088,38.8598735,-76.9674871,Commercial,4
r0051_c0089,38.8598735,-76.9657509,Commercial,7
r0051_c0091,38.8598735,-76.9622784,Residential,11
r0051_c0092,38.8598735,-76.9605421,Residential,36
r0051_c0093,38.8598735,-76.9588058,Residential,41
r0051_c0094,38.8598735,-76.9570696,Residential,15
r0051_c0095,38.8598735,-76.9553333,Residential,29
r0051_c0096,38.8598735,-76.953597,Residential,27
r0051_c0097,38.8598735,-76.9518608,Residential,40
r0052_c0059,38.8612249,-77.0178387,Other,5
r0052_c0064,38.8612249,-77.0091574,Mixed-Use,3
r0052_c0067,38.8612249,-77.0039486,Residential,6
r0052_c0069,38.8612249,-77.0004761,Other,5
r0052_c0070,38.8612249,-76.9987398,Other,10
r0052_c0071,38.8612249,-76.9970036,Mixed-Use,6
r0052_c0073,38.8612249,-76.9935311,Residential,4
r0052_c0074,38.8612249,-76.9917948,Residential,20
r0052_c0075,38.8612249,-76.9900585,Residential,85
r0052_c0076,38.8612249,-76.9883223,Residential,36
r0052_c0077,38.8612249,-76.986586,Residential,42
r0052_c0078,38.8612249,-76.9848497,Residential,37
r0052_c0079,38.8612249,-76.9831135,Residential,7
r0052_c0080,38.8612249,-76.9813772,Residential,29
r0052_c0081,38.8612249,-76.979641,Residential,9
r0052_c0082,38.8612249,-76.9779047,Residential,9
r0052_c0084,38.8612249,-76.9744322,Residential,5
r0052_c0085,38.8612249,-76.9726959,Residential,19
r0052_c0086,38.8612249,-76.9709597,Residential,45
r0052_c0088,38.8612249,-76.9674871,Mixed-Use,3
r0052_c0091,38.8612249,-76.9622784,Residential,30
r0052_c0092,38.8612249,-76.9605421,Residential,37
r0052_c0093,38.8612249,-76.9588058,Residential,46
r0052_c0094,38.8612249,-76.9570696,Residential,25
r0052_c0095,38.8612249,-76.9553333,Residential,41
r0052_c0096,38.8612249,-76.953597,Residential,30
r0052_c0097,38.8612249,-76.9518608,Residential,19
r0052_c0098,38.8612249,-76.9501245,Residential,3
r0053_c0046,38.8625762,-77.0404101,Open Space,3
r0053_c0055,38.8625762,-77.0247838,Open Space,3
r0053_c0059,38.8625762,-77.0178387,Other,10
r0053_c0060,38.8625762,-77.0161025,Other,10
r0053_c0067,38.8625762,-77.0039486,Mixed-Use,5
r0053_c0073,38.8625762,-76.9935311,Residential,9
r0053_c0074,38.8625762,-76.9917948,Residential,26
r0053_c0075,38.8625762,-76.9900585,Residential,33
r0053_c0076,38.8625762,-76.9883223,Residential,64
r0053_c0077,38.8625762,-76.986586,Residential,41
r0053_c0078,38.8625762,-76.9848497,Residential,7
r0053_c0079,38.8625762,-76.9831135,Residential,22
r0053_c0080,38.8625762,-76.9813772,Residential,29
r0053_c0081,38.8625762,-76.979641,Residential,37
r0053_c0084,38.8625762,-76.9744322,Residential,5
r0053_c0085,38.8625762,-76.9726959,Mixed-Use,5
r0053_c0086,38.8625762,-76.9709597,Residential,4
r0053_c0087,38.8625762,-76.9692234,Residential,3
r0053_c0088,38.8625762,-76.9674871,Residential,6
r0053_c0089,38.8625762,-76.9657509,Residential,29
r0053_c0090,38.8625762,-76.9640146,Residential,28
r0053_c0091,38.8625762,-76.9622784,Residential,43
r0053_c0092,38.8625762,-76.9605421,Residential,43
r0053_c0093,38.8625762,-76.9588058,Residential,18
r0053_c0094,38.8625762,-76.9570696,Residential,27
r0053_c0095,38.8625762,-76.9553333,Residential,30
r0053_c0096,38.8625762,-76.953597,Residential,25
r0053_c0097,38.8625762,-76.9518608,Residential,21
r0053_c0099,38.8625762,-76.9483883,Residential,4
r0054_c0056,38.8639276,-77.0230475,Open Space,3
r0054_c0059,38.8639276,-77.0178387,Other,10
r0054_c0060,38.8639276,-77.0161025,Other,10
r0054_c0061,38.8639276,-77.0143662,Mixed-Use,4
r0054_c0069,38.8639276,-77.0004761,Open Space,3
r0054_c0073,38.8639276,-76.9935311,Residential,14
r0054_c0074,38.8639276,-76.9917948,Residential,55
r0054_c0075,38.8639276,-76.9900585,Residential,22
r0054_c0076,38.8639276,-76.9883223,Residential,33
r0054_c0077,38.8639276,-76.986586,Residential,56
r0054_c0078,38.8639276,-76.9848497,Residential,29
r0054_c0080,38.8639276,-76.9813772,Residential,3
r0054_c0082,38.8639276,-76.9779047,Mixed-Use,3
r0054_c0083,38.8639276,-76.9761684,Residential,10
r0054_c0084,38.8639276,-76.9744322,Residential,7
r0054_c0085,38.8639276,-76.9726959,Mixed-Use,3
r0054_c0086,38.8639276,-76.9709597,Residential,4
r0054_c0087,38.8639276,-76.9692234,Residential,8
r0054_c0088,38.8639276,-76.9674871,Residential,15
r0054_c0089,38.8639276,-76.9657509,Residential,17
r0054_c0090,38.8639276,-76.9640146,Residential,9
r0054_c0091,38.8639276,-76.9622784,Residential,35
r0054_c0092,38.8639276,-76.9605421,Residential,39
r0054_c0093,38.8639276,-76.9588058,Residential,40
r0054_c0094,38.8639276,-76.9570696,Residential,50
r0054_c0095,38.8639276,-76.9553333,Residential,32
r0054_c0096,38.8639276,-76.953597,Residential,43
r0054_c0099,38.8639276,-76.9483883,Residential,46
r0055_c0055,38.8652789,-77.0247838,Open Space,4
r0055_c0059,38.8652789,-77.0178387,Other,10
r0055_c0060,38.8652789,-77.0161025,Other,10
r0055_c0061,38.8652789,-77.0143662,Other,5
r0055_c0062,38.8652789,-77.0126299,Other,7
r0055_c0067,38.8652789,-77.0039486,Mixed-Use,16
r0055_c0069,38.8652789,-77.0004761,Mixed-Use,5
r0055_c0070,38.8652789,-76.9987398,Other,3
r0055_c0074,38.8652789,-76.9917948,Residential,3
r0055_c0076,38.8652789,-76.9883223,Residential,3
r0055_c0077,38.8652789,-76.986586,Residential,5
r0055_c0078,38.8652789,-76.9848497,Residential,4
r0055_c0079,38.8652789,-76.9831135,Residential,5
r0055_c0080,38.8652789,-76.9813772,Residential,4
r0055_c0082,38.8652789,-76.9779047,Residential,35
r0055_c0083,38.8652789,-76.9761684,Residential,71
r0055_c0084,38.8652789,-76.9744322,Residential,16
r0055_c0086,38.8652789,-76.9709597,Residential,3
r0055_c0087,38.8652789,-76.9692234,Residential,6
r0055_c0088,38.8652789,-76.9674871,Residential,16
r0055_c0089,38.8652789,-76.9657509,Residential,16
r0055_c0090,38.8652789,-76.9640146,Residential,27
r0055_c0091,38.8652789,-76.9622784,Residential,26
r0055_c0092,38.8652789,-76.9605421,Residential,33
r0055_c0093,38.8652789,-76.9588058,Residential,12
r0055_c0094,38.8652789,-76.9570696,Residential,17
r0055_c0096,38.8652789,-76.953597,Residential,6
r0055_c0098,38.8652789,-76.9501245,Commercial,4
r0055_c0099,38.8652789,-76.9483883,Residential,64
r0055_c0100,38.8652789,-76.946652,Residential,71
r0055_c0101,38.8652789,-76.9449157,Residential,3
r0056_c0059,38.8666303,-77.0178387,Mixed-Use,12
r0056_c0060,38.8666303,-77.0161025,Mixed-Use,11
r0056_c0061,38.8666303,-77.0143662,Other,9
r0056_c0062,38.8666303,-77.0126299,Other,3
r0056_c0072,38.8666303,-76.9952673,Mixed-Use,7
r0056_c0074,38.8666303,-76.9917948,Open Space,3
r0056_c0076,38.8666303,-76.9883223,Commercial,8
r0056_c0077,38.8666303,-76.986586,Residential,7
r0056_c0078,38.8666303,-76.9848497,Commercial,5
r0056_c0080,38.8666303,-76.9813772,Residential,54
r0056_c0081,38.8666303,-76.979641,Residential,31
r0056_c0082,38.8666303,-76.9779047,Residential,65
r0056_c0083,38.8666303,-76.9761684,Residential,83
r0056_c0084,38.8666303,-76.9744322,Residential,28
r0056_c0085,38.8666303,-76.9726959,Residential,10
r0056_c0091,38.8666303,-76.9622784,Residential,6
r0056_c0093,38.8666303,-76.9588058,Residential,14
r0056_c0096,38.8666303,-76.953597,Residential,5
r0056_c0099,38.8666303,-76.9483883,Residential,75
r0056_c0100,38.8666303,-76.946652,Residential,90
r0056_c0101,38.8666303,-76.9449157,Residential,72
r0056_c0102,38.8666303,-76.9431795,Residential,3
r0057_c0055,38.8679817,-77.0247838,Open Space,3
r0057_c0059,38.8679817,-77.0178387,Mixed-Use,16
r0057_c0060,38.8679817,-77.0161025,Mixed-Use,16
r0057_c0061,38.8679817,-77.0143662,Other,9
r0057_c0062,38.8679817,-77.0126299,Open Space,3
r0057_c0064,38.8679817,-77.0091574,Industrial,6
r0057_c0074,38.8679817,-76.9917948,Open Space,8
r0057_c0077,38.8679817,-76.986586,Residential,52
r0057_c0078,38.8679817,-76.9848497,Residential,73
r0057_c0079,38.8679817,-76.9831135,Residential,56
r0057_c0080,38.8679817,-76.9813772,Residential,54
r0057_c0081,38.8679817,-76.979641,Residential,48
r0057_c0082,38.8679817,-76.9779047,Residential,80
r0057_c0083,38.8679817,-76.9761684,Residential,71
r0057_c0084,38.8679817,-76.9744322,Residential,48
r0057_c0085,38.8679817,-76.9726959,Residential,43
r0057_c0086,38.8679817,-76.9709597,Residential,30
r0057_c0087,38.8679817,-76.9692234,Residential,6
r0057_c0088,38.8679817,-76.9674871,Residential,17
r0057_c0089,38.8679817,-76.9657509,Residential,31
r0057_c0090,38.8679817,-76.9640146,Residential,19
r0057_c0091,38.8679817,-76.9622784,Residential,36
r0057_c0094,38.8679817,-76.9570696,Residential,12
r0057_c0095,38.8679817,-76.9553333,Residential,31
r0057_c0096,38.8679817,-76.953597,Residential,28
r0057_c0099,38.8679817,-76.9483883,Residential,61
r0057_c0100,38.8679817,-76.946652,Residential,70
r0057_c0101,38.8679817,-76.9449157,Residential,60
r0057_c0102,38.8679817,-76.9431795,Residential,87
r0058_c0054,38.869333,-77.02652,Open Space,3
r0058_c0055,38.869333,-77.0247838,Open Space,4
r0058_c0059,38.869333,-77.0178387,Mixed-Use,16
r0058_c0060,38.869333,-77.0161025,Mixed-Use,16
r0058_c0061,38.869333,-77.0143662,Other,9
r0058_c0063,38.869333,-77.0108937,Open Space,3
r0058_c0077,38.869333,-76.986586,Residential,21
r0058_c0078,38.869333,-76.9848497,Residential,44
r0058_c0079,38.869333,-76.9831135,Residential,54
r0058_c0080,38.869333,-76.9813772,Residential,73
r0058_c0081,38.869333,-76.979641,Residential,31
r0058_c0082,38.869333,-76.9779047,Residential,25
r0058_c0083,38.869333,-76.9761684,Residential,63
r0058_c0084,38.869333,-76.9744322,Residential,45
r0058_c0085,38.869333,-76.9726959,Residential,34
r0058_c0086,38.869333,-76.9709597,Residential,32
r0058_c0087,38.869333,-76.9692234,Residential,33
r0058_c0088,38.869333,-76.9674871,Residential,29
r0058_c0089,38.869333,-76.9657509,Residential,37
r0058_c0090,38.869333,-76.9640146,Residential,11
r0058_c0091,38.869333,-76.9622784,Residential,12
r0058_c0092,38.869333,-76.9605421,Commercial,3
r0058_c0093,38.869333,-76.9588058,Commercial,5
r0058_c0094,38.869333,-76.9570696,Residential,33
r0058_c0095,38.869333,-76.9553333,Residential,41
r0058_c0096,38.869333,-76.953597,Residential,46
r0058_c0097,38.869333,-76.9518608,Residential,27
r0058_c0099,38.869333,-76.9483883,Residential,9
r0058_c0100,38.869333,-76.946652,Residential,65
r0058_c0101,38.869333,-76.9449157,Residential,22
r0058_c0102,38.869333,-76.9431795,Residential,79
r0058_c0103,38.869333,-76.9414432,Residential,93
r0058_c0104,38.869333,-76.939707,Residential,37
r0059_c0059,38.8706844,-77.0178387,Mixed-Use,11
r0059_c0060,38.8706844,-77.0161025,Mixed-Use,11
r0059_c0061,38.8706844,-77.0143662,Mixed-Use,9
r0059_c0062,38.8706844,-77.0126299,Mixed-Use,3
r0059_c0063,38.8706844,-77.0108937,Mixed-Use,3
r0059_c0065,38.8706844,-77.0074211,Residential,3
r0059_c0080,38.8706844,-76.9813772,Residential,62
r0059_c0081,38.8706844,-76.979641,Residential,21
r0059_c0082,38.8706844,-76.9779047,Residential,39
r0059_c0083,38.8706844,-76.9761684,Residential,49
r0059_c0084,38.8706844,-76.9744322,Residential,33
r0059_c0085,38.8706844,-76.9726959,Residential,58
r0059_c0086,38.8706844,-76.9709597,Residential,46
r0059_c0087,38.8706844,-76.9692234,Residential,20
r0059_c0088,38.8706844,-76.9674871,Residential,31
r0059_c0089,38.8706844,-76.9657509,Residential,33
r0059_c0091,38.8706844,-76.9622784,Residential,37
r0059_c0092,38.8706844,-76.9605421,Commercial,3
r0059_c0094,38.8706844,-76.9570696,Residential,34
r0059_c0095,38.8706844,-76.9553333,Residential,44
r0059_c0096,38.8706844,-76.953597,Residential,31
r0059_c0097,38.8706844,-76.9518608,Residential,27
r0059_c0098,38.8706844,-76.9501245,Residential,34
r0059_c0100,38.8706844,-76.946652,Residential,27
r0059_c0101,38.8706844,-76.9449157,Residential,12
r0059_c0102,38.8706844,-76.9431795,Residential,19
r0059_c0103,38.8706844,-76.9414432,Residential,27
r0059_c0104,38.8706844,-76.939707,Residential,36
r0059_c0105,38.8706844,-76.9379707,Residential,38
r0060_c0053,38.8720357,-77.0282563,Open Space,4
r0060_c0054,38.8720357,-77.02652,Open Space,3
r0060_c0059,38.8720357,-77.0178387,Other,5
r0060_c0060,38.8720357,-77.0161025,Other,5
r0060_c0061,38.8720357,-77.0143662,Mixed-Use,4
r0060_c0062,38.8720357,-77.0126299,Residential,6
r0060_c0063,38.8720357,-77.0108937,Residential,3
r0060_c0066,38.8720357,-77.0056849,Industrial,4
r0060_c0074,38.8720357,-76.9917948,Mixed-Use,4
r0060_c0080,38.8720357,-76.9813772,Residential,13
r0060_c0081,38.8720357,-76.979641,Residential,24
r0060_c0082,38.8720357,-76.9779047,Residential,78
r0060_c0083,38.8720357,-76.9761684,Residential,46
r0060_c0084,38.8720357,-76.9744322,Residential,17
r0060_c0085,38.8720357,-76.9726959,Residential,51
r0060_c0086,38.8720357,-76.9709597,Residential,48
r0060_c0087,38.8720357,-76.9692234,Residential,14
r0060_c0088,38.8720357,-76.9674871,Residential,20
r0060_c0089,38.8720357,-76.9657509,Residential,32
r0060_c0090,38.8720357,-76.9640146,Residential,28
r0060_c0091,38.8720357,-76.9622784,Residential,41
r0060_c0092,38.8720357,-76.9605421,Residential,12
r0060_c0093,38.8720357,-76.9588058,Residential,19
r0060_c0094,38.8720357,-76.9570696,Residential,32
r0060_c0095,38.8720357,-76.9553333,Residential,27
r0060_c0096,38.8720357,-76.953597,Residential,30
r0060_c0097,38.8720357,-76.9518608,Residential,22
r0060_c0098,38.8720357,-76.9501245,Residential,24
r0060_c0099,38.8720357,-76.9483883,Residential,4
r0060_c0100,38.8720357,-76.946652,Residential,5
r0060_c0104,38.8720357,-76.939707,Residential,3
r0060_c0105,38.8720357,-76.9379707,Residential,31
r0060_c0106,38.8720357,-76.9362344,Residential,44
r0061_c0052,38.8733871,-77.0299925,Open Space,7
r0061_c0053,38.8733871,-77.0282563,Open Space,6
r0061_c0054,38.8733871,-77.02652,Open Space,3
r0061_c0059,38.8733871,-77.0178387,Residential,11
r0061_c0060,38.8733871,-77.0161025,Mixed-Use,9
r0061_c0062,38.8733871,-77.0126299,Residential,4
r0061_c0063,38.8733871,-77.0108937,Residential,4
r0061_c0066,38.8733871,-77.0056849,Industrial,6
r0061_c0067,38.8733871,-77.0039486,Industrial,9
r0061_c0068,38.8733871,-77.0022124,Commercial,10
r0061_c0069,38.8733871,-77.0004761,Commercial,10
r0061_c0071,38.8733871,-76.9970036,Mixed-Use,3
r0061_c0072,38.8733871,-76.9952673,Mixed-Use,6
r0061_c0073,38.8733871,-76.9935311,Mixed-Use,5
r0061_c0074,38.8733871,-76.9917948,Mixed-Use,7
r0061_c0076,38.8733871,-76.9883223,Mixed-Use,4
r0061_c0081,38.8733871,-76.979641,Residential,4
r0061_c0082,38.8733871,-76.9779047,Residential,48
r0061_c0083,38.8733871,-76.9761684,Residential,50
r0061_c0084,38.8733871,-76.9744322,Residential,57
r0061_c0088,38.8733871,-76.9674871,Residential,45
r0061_c0089,38.8733871,-76.9657509,Residential,34
r0061_c0090,38.8733871,-76.9640146,Residential,33
r0061_c0091,38.8733871,-76.9622784,Residential,36
r0061_c0092,38.8733871,-76.9605421,Residential,38
r0061_c0093,38.8733871,-76.9588058,Residential,29
r0061_c0097,38.8733871,-76.9518608,Mixed-Use,7
r0061_c0098,38.8733871,-76.9501245,Mixed-Use,14
r0061_c0105,38.8733871,-76.9379707,Residential,21
r0061_c0106,38.8733871,-76.9362344,Residential,32
r0062_c0041,38.8747384,-77.0490914,Mixed-Use,3
r0062_c0051,38.8747384,-77.0317288,Open Space,3
r0062_c0052,38.8747384,-77.0299925,Open Space,5
r0062_c0053,38.8747384,-77.0282563,Open Space,4
r0062_c0058,38.8747384,-77.019575,Mixed-Use,5
r0062_c0059,38.8747384,-77.0178387,Mixed-Use,14
r0062_c0060,38.8747384,-77.0161025,Mixed-Use,13
r0062_c0062,38.8747384,-77.0126299,Residential,3
r0062_c0063,38.8747384,-77.0108937,Residential,5
r0062_c0065,38.8747384,-77.0074211,Commercial,4
r0062_c0066,38.8747384,-77.0056849,Commercial,8
r0062_c0067,38.8747384,-77.0039486,Commercial,6
r0062_c0068,38.8747384,-77.0022124,Commercial,10
r0062_c0069,38.8747384,-77.0004761,Commercial,10
r0062_c0071,38.8747384,-76.9970036,Mixed-Use,5
r0062_c0072,38.8747384,-76.9952673,Mixed-Use,4
r0062_c0073,38.8747384,-76.9935311,Mixed-Use,7
r0062_c0074,38.8747384,-76.9917948,Mixed-Use,4
r0062_c0075,38.8747384,-76.9900585,Commercial,6
r0062_c0077,38.8747384,-76.986586,Mixed-Use,5
r0062_c0082,38.8747384,-76.9779047,Mixed-Use,3
r0062_c0087,38.8747384,-76.9692234,Residential,48
r0062_c0088,38.8747384,-76.9674871,Residential,25
r0062_c0089,38.8747384,-76.9657509,Residential,34
r0062_c0090,38.8747384,-76.9640146,Residential,40
r0062_c0091,38.8747384,-76.9622784,Residential,41
r0062_c0092,38.8747384,-76.9605421,Mixed-Use,12
r0062_c0093,38.8747384,-76.9588058,Residential,20
r0062_c0094,38.8747384,-76.9570696,Residential,37
r0062_c0095,38.8747384,-76.9553333,Residential,44
r0062_c0096,38.8747384,-76.953597,Residential,19
r0062_c0097,38.8747384,-76.9518608,Residential,3
r0062_c0105,38.8747384,-76.9379707,Residential,35
r0062_c0106,38.8747384,-76.9362344,Residential,37
r0063_c0052,38.8760898,-77.0299925,Open Space,3
r0063_c0053,38.8760898,-77.0282563,Open Space,3
r0063_c0061,38.8760898,-77.0143662,Residential,3
r0063_c0062,38.8760898,-77.0126299,Residential,4
r0063_c0063,38.8760898,-77.0108937,Residential,3
r0063_c0065,38.8760898,-77.0074211,Commercial,7
r0063_c0066,38.8760898,-77.0056849,Commercial,11
r0063_c0067,38.8760898,-77.0039486,Commercial,11
r0063_c0068,38.8760898,-77.0022124,Commercial,11
r0063_c0069,38.8760898,-77.0004761,Commercial,10
r0063_c0071,38.8760898,-76.9970036,Mixed-Use,12
r0063_c0074,38.8760898,-76.9917948,Residential,7
r0063_c0077,38.8760898,-76.986586,Other,5
r0063_c0079,38.8760898,-76.9831135,Mixed-Use,4
r0063_c0087,38.8760898,-76.9692234,Residential,3
r0063_c0088,38.8760898,-76.9674871,Residential,33
r0063_c0089,38.8760898,-76.9657509,Residential,44
r0063_c0090,38.8760898,-76.9640146,Residential,50
r0063_c0091,38.8760898,-76.9622784,Residential,39
r0063_c0092,38.8760898,-76.9605421,Residential,49
r0063_c0093,38.8760898,-76.9588058,Residential,30
r0063_c0094,38.8760898,-76.9570696,Residential,13
r0063_c0098,38.8760898,-76.9501245,Other,5
r0063_c0104,38.8760898,-76.939707,Residential,11
r0063_c0105,38.8760898,-76.9379707,Residential,45
r0063_c0106,38.8760898,-76.9362344,Residential,35
r0063_c0107,38.8760898,-76.9344982,Residential,35
r0063_c0108,38.8760898,-76.9327619,Residential,57
r0063_c0109,38.8760898,-76.9310257,Residential,24
r0064_c0051,38.8774411,-77.0317288,Industrial,4
r0064_c0056,38.8774411,-77.0230475,Commercial,4
r0064_c0057,38.8774411,-77.0213112,Residential,3
r0064_c0058,38.8774411,-77.019575,Residential,5
r0064_c0061,38.8774411,-77.0143662,Residential,7
r0064_c0065,38.8774411,-77.0074211,Commercial,5
r0064_c0066,38.8774411,-77.0056849,Commercial,6
r0064_c0067,38.8774411,-77.0039486,Commercial,8
r0064_c0068,38.8774411,-77.0022124,Commercial,6
r0064_c0069,38.8774411,-77.0004761,Commercial,6
r0064_c0070,38.8774411,-76.9987398,Mixed-Use,3
r0064_c0071,38.8774411,-76.9970036,Other,4
r0064_c0073,38.8774411,-76.9935311,Residential,20
r0064_c0077,38.8774411,-76.986586,Residential,28
r0064_c0078,38.8774411,-76.9848497,Residential,10
r0064_c0079,38.8774411,-76.9831135,Residential,17
r0064_c0088,38.8774411,-76.9674871,Residential,13
r0064_c0089,38.8774411,-76.9657509,Residential,3
r0064_c0090,38.8774411,-76.9640146,Residential,6
r0064_c0093,38.8774411,-76.9588058,Residential,3
r0064_c0098,38.8774411,-76.9501245,Other,3
r0064_c0102,38.8774411,-76.9431795,Residential,12
r0064_c0103,38.8774411,-76.9414432,Residential,31
r0064_c0104,38.8774411,-76.939707,Residential,37
r0064_c0105,38.8774411,-76.9379707,Residential,52
r0064_c0106,38.8774411,-76.9362344,Residential,50
r0064_c0107,38.8774411,-76.9344982,Residential,47
r0064_c0108,38.8774411,-76.9327619,Residential,73
r0064_c0109,38.8774411,-76.9310257,Residential,50
r0064_c0110,38.8774411,-76.9292894,Residential,3
r0065_c0051,38.8787925,-77.0317288,Open Space,5
r0065_c0052,38.8787925,-77.0299925,Open Space,3
r0065_c0055,38.8787925,-77.0247838,Residential,10
r0065_c0057,38.8787925,-77.0213112,Residential,5
r0065_c0060,38.8787925,-77.0161025,Residential,4
r0065_c0061,38.8787925,-77.0143662,Residential,7
r0065_c0067,38.8787925,-77.0039486,Mixed-Use,6
r0065_c0069,38.8787925,-77.0004761,Residential,19
r0065_c0070,38.8787925,-76.9987398,Other,4
r0065_c0071,38.8787925,-76.9970036,Other,5
r0065_c0073,38.8787925,-76.9935311,Residential,17
r0065_c0075,38.8787925,-76.9900585,Residential,58
r0065_c0076,38.8787925,-76.9883223,Residential,65
r0065_c0077,38.8787925,-76.986586,Residential,74
r0065_c0078,38.8787925,-76.9848497,Residential,100
r0065_c0079,38.8787925,-76.9831135,Residential,70
r0065_c0083,38.8787925,-76.9761684,Commercial,4
r0065_c0084,38.8787925,-76.9744322,Commercial,3
r0065_c0089,38.8787925,-76.9657509,Residential,5
r0065_c0090,38.8787925,-76.9640146,Residential,10
r0065_c0091,38.8787925,-76.9622784,Residential,7
r0065_c0092,38.8787925,-76.9605421,Residential,3
r0065_c0101,38.8787925,-76.9449157,Residential,16
r0065_c0102,38.8787925,-76.9431795,Residential,92
r0065_c0103,38.8787925,-76.9414432,Residential,76
r0065_c0104,38.8787925,-76.939707,Residential,45
r0065_c0105,38.8787925,-76.9379707,Residential,15
r0065_c0106,38.8787925,-76.9362344,Residential,24
r0065_c0107,38.8787925,-76.9344982,Residential,56
r0065_c0108,38.8787925,-76.9327619,Residential,44
r0065_c0109,38.8787925,-76.9310257,Residential,36
r0065_c0110,38.8787925,-76.9292894,Residential,60
r0066_c0047,38.8801438,-77.0386738,Open Space,3
r0066_c0048,38.8801438,-77.0369376,Open Space,5
r0066_c0049,38.8801438,-77.0352013,Open Space,4
r0066_c0050,38.8801438,-77.0334651,Open Space,6
r0066_c0051,38.8801438,-77.0317288,Open Space,3
r0066_c0054,38.8801438,-77.02652,Mixed-Use,8
r0066_c0055,38.8801438,-77.0247838,Commercial,6
r0066_c0058,38.8801438,-77.019575,Residential,45
r0066_c0060,38.8801438,-77.0161025,Mixed-Use,8
r0066_c0061,38.8801438,-77.0143662,Mixed-Use,25
r0066_c0062,38.8801438,-77.0126299,Mixed-Use,21
r0066_c0063,38.8801438,-77.0108937,Residential,8
r0066_c0065,38.8801438,-77.0074211,Industrial,4
r0066_c0066,38.8801438,-77.0056849,Residential,3
r0066_c0067,38.8801438,-77.0039486,Residential,3
r0066_c0068,38.8801438,-77.0022124,Commercial,3
r0066_c0069,38.8801438,-77.0004761,Residential,12
r0066_c0070,38.8801438,-76.9987398,Residential,46
r0066_c0071,38.8801438,-76.9970036,Mixed-Use,67
r0066_c0072,38.8801438,-76.9952673,Commercial,3
r0066_c0074,38.8801438,-76.9917948,Residential,30
r0066_c0075,38.8801438,-76.9900585,Residential,28
r0066_c0076,38.8801438,-76.9883223,Residential,41
r0066_c0077,38.8801438,-76.986586,Residential,26
r0066_c0078,38.8801438,-76.9848497,Residential,32
r0066_c0079,38.8801438,-76.9831135,Residential,87
r0066_c0081,38.8801438,-76.979641,Other,10
r0066_c0082,38.8801438,-76.9779047,Other,7
r0066_c0083,38.8801438,-76.9761684,Other,4
r0066_c0084,38.8801438,-76.9744322,Other,4
r0066_c0090,38.8801438,-76.9640146,Residential,9
r0066_c0091,38.8801438,-76.9622784,Residential,10
r0066_c0092,38.8801438,-76.9605421,Residential,7
r0066_c0101,38.8801438,-76.9449157,Residential,53
r0066_c0102,38.8801438,-76.9431795,Residential,62
r0066_c0103,38.8801438,-76.9414432,Residential,100
r0066_c0104,38.8801438,-76.939707,Residential,32
r0066_c0105,38.8801438,-76.9379707,Residential,31
r0066_c0106,38.8801438,-76.9362344,Residential,24
r0066_c0108,38.8801438,-76.9327619,Residential,12
r0066_c0109,38.8801438,-76.9310257,Residential,26
r0066_c0110,38.8801438,-76.9292894,Residential,25
r0066_c0111,38.8801438,-76.9275531,Mixed-Use,10
r0066_c0112,38.8801438,-76.9258169,Other,4
r0067_c0048,38.8814952,-77.0369376,Open Space,4
r0067_c0049,38.8814952,-77.0352013,Open Space,6
r0067_c0053,38.8814952,-77.0282563,Mixed-Use,7
r0067_c0054,38.8814952,-77.02652,Commercial,4
r0067_c0056,38.8814952,-77.0230475,Residential,82
r0067_c0058,38.8814952,-77.019575,Residential,52
r0067_c0059,38.8814952,-77.0178387,Residential,37
r0067_c0060,38.8814952,-77.0161025,Mixed-Use,9
r0067_c0061,38.8814952,-77.0143662,Residential,35
r0067_c0062,38.8814952,-77.0126299,Mixed-Use,25
r0067_c0063,38.8814952,-77.0108937,Mixed-Use,10
r0067_c0065,38.8814952,-77.0074211,Industrial,3
r0067_c0067,38.8814952,-77.0039486,Residential,14
r0067_c0068,38.8814952,-77.0022124,Residential,20
r0067_c0069,38.8814952,-77.0004761,Residential,79
r0067_c0070,38.8814952,-76.9987398,Residential,77
r0067_c0071,38.8814952,-76.9970036,Residential,73
r0067_c0072,38.8814952,-76.9952673,Commercial,5
r0067_c0074,38.8814952,-76.9917948,Residential,87
r0067_c0075,38.8814952,-76.9900585,Residential,54
r0067_c0076,38.8814952,-76.9883223,Residential,46
r0067_c0077,38.8814952,-76.986586,Residential,93
r0067_c0078,38.8814952,-76.9848497,Residential,73
r0067_c0079,38.8814952,-76.9831135,Residential,41
r0067_c0081,38.8814952,-76.979641,Other,10
r0067_c0082,38.8814952,-76.9779047,Other,10
r0067_c0083,38.8814952,-76.9761684,Other,6
r0067_c0084,38.8814952,-76.9744322,Other,4
r0067_c0087,38.8814952,-76.9692234,Mixed-Use,3
r0067_c0090,38.8814952,-76.9640146,Other,3
r0067_c0091,38.8814952,-76.9622784,Other,5
r0067_c0101,38.8814952,-76.9449157,Residential,6
r0067_c0103,38.8814952,-76.9414432,Residential,89
r0067_c0104,38.8814952,-76.939707,Residential,43
r0067_c0105,38.8814952,-76.9379707,Residential,10
r0067_c0106,38.8814952,-76.9362344,Mixed-Use,3
r0067_c0107,38.8814952,-76.9344982,Mixed-Use,13
r0067_c0108,38.8814952,-76.9327619,Mixed-Use,5
r0067_c0109,38.8814952,-76.9310257,Residential,58
r0067_c0110,38.8814952,-76.9292894,Residential,40
r0067_c0111,38.8814952,-76.9275531,Residential,30
r0067_c0113,38.8814952,-76.9240806,Other,3
r0068_c0052,38.8828465,-77.0299925,Mixed-Use,6
r0068_c0053,38.8828465,-77.0282563,Mixed-Use,8
r0068_c0054,38.8828465,-77.02652,Mixed-Use,5
r0068_c0055,38.8828465,-77.0247838,Other,5
r0068_c0056,38.8828465,-77.0230475,Other,5
r0068_c0057,38.8828465,-77.0213112,Other,3
r0068_c0058,38.8828465,-77.019575,Other,5
r0068_c0059,38.8828465,-77.0178387,Mixed-Use,7
r0068_c0060,38.8828465,-77.0161025,Mixed-Use,7
r0068_c0061,38.8828465,-77.0143662,Mixed-Use,7
r0068_c0064,38.8828465,-77.0091574,Industrial,3
r0068_c0065,38.8828465,-77.0074211,Industrial,8
r0068_c0067,38.8828465,-77.0039486,Residential,102
r0068_c0068,38.8828465,-77.0022124,Residential,67
r0068_c0069,38.8828465,-77.0004761,Residential,58
r0068_c0070,38.8828465,-76.9987398,Residential,54
r0068_c0071,38.8828465,-76.9970036,Residential,103
r0068_c0072,38.8828465,-76.9952673,Commercial,7
r0068_c0074,38.8828465,-76.9917948,Residential,55
r0068_c0075,38.8828465,-76.9900585,Residential,37
r0068_c0076,38.8828465,-76.9883223,Residential,3
r0068_c0078,38.8828465,-76.9848497,Residential,90
r0068_c0079,38.8828465,-76.9831135,Residential,4
r0068_c0080,38.8828465,-76.9813772,Residential,4
r0068_c0081,38.8828465,-76.979641,Residential,6
r0068_c0082,38.8828465,-76.9779047,Mixed-Use,7
r0068_c0091,38.8828465,-76.9622784,Residential,26
r0068_c0092,38.8828465,-76.9605421,Residential,33
r0068_c0093,38.8828465,-76.9588058,Residential,47
r0068_c0098,38.8828465,-76.9501245,Residential,7
r0068_c0099,38.8828465,-76.9483883,Residential,6
r0068_c0100,38.8828465,-76.946652,Residential,18
r0068_c0101,38.8828465,-76.9449157,Residential,13
r0068_c0102,38.8828465,-76.9431795,Residential,8
r0068_c0104,38.8828465,-76.939707,Residential,40
r0068_c0105,38.8828465,-76.9379707,Residential,44
r0068_c0106,38.8828465,-76.9362344,Residential,28
r0068_c0107,38.8828465,-76.9344982,Residential,9
r0068_c0108,38.8828465,-76.9327619,Residential,20
r0068_c0109,38.8828465,-76.9310257,Residential,41
r0068_c0110,38.8828465,-76.9292894,Residential,30
r0068_c0111,38.8828465,-76.9275531,Residential,40
r0068_c0112,38.8828465,-76.9258169,Residential,28
r0068_c0113,38.8828465,-76.9240806,Residential,22
r0069_c0050,38.8841979,-77.0334651,Mixed-Use,4
r0069_c0051,38.8841979,-77.0317288,Mixed-Use,10
r0069_c0052,38.8841979,-77.0299925,Other,10
r0069_c0053,38.8841979,-77.0282563,Other,10
r0069_c0054,38.8841979,-77.02652,Other,10
r0069_c0055,38.8841979,-77.0247838,Other,10
r0069_c0056,38.8841979,-77.0230475,Other,10
r0069_c0057,38.8841979,-77.0213112,Other,10
r0069_c0058,38.8841979,-77.019575,Other,10
r0069_c0059,38.8841979,-77.0178387,Other,10
r0069_c0060,38.8841979,-77.0161025,Other,10
r0069_c0061,38.8841979,-77.0143662,Mixed-Use,11
r0069_c0062,38.8841979,-77.0126299,Open Space,5
r0069_c0066,38.8841979,-77.0056849,Residential,70
r0069_c0067,38.8841979,-77.0039486,Residential,82
r0069_c0068,38.8841979,-77.0022124,Residential,14
r0069_c0069,38.8841979,-77.0004761,Residential,69
r0069_c0071,38.8841979,-76.9970036,Commercial,4
r0069_c0072,38.8841979,-76.9952673,Commercial,3
r0069_c0074,38.8841979,-76.9917948,Residential,91
r0069_c0075,38.8841979,-76.9900585,Residential,74
r0069_c0076,38.8841979,-76.9883223,Residential,5
r0069_c0077,38.8841979,-76.986586,Residential,6
r0069_c0079,38.8841979,-76.9831135,Residential,8
r0069_c0080,38.8841979,-76.9813772,Residential,8
r0069_c0081,38.8841979,-76.979641,Residential,9
r0069_c0082,38.8841979,-76.9779047,Residential,7
r0069_c0083,38.8841979,-76.9761684,Residential,5
r0069_c0085,38.8841979,-76.9726959,Industrial,3
r0069_c0086,38.8841979,-76.9709597,Industrial,6
r0069_c0092,38.8841979,-76.9605421,Residential,36
r0069_c0093,38.8841979,-76.9588058,Residential,43
r0069_c0094,38.8841979,-76.9570696,Residential,19
r0069_c0097,38.8841979,-76.9518608,Residential,12
r0069_c0098,38.8841979,-76.9501245,Residential,20
r0069_c0099,38.8841979,-76.9483883,Residential,19
r0069_c0100,38.8841979,-76.946652,Residential,40
r0069_c0101,38.8841979,-76.9449157,Residential,18
r0069_c0102,38.8841979,-76.9431795,Residential,9
r0069_c0103,38.8841979,-76.9414432,Residential,6
r0069_c0104,38.8841979,-76.939707,Other,8
r0069_c0105,38.8841979,-76.9379707,Other,10
r0069_c0106,38.8841979,-76.9362344,Other,6
r0069_c0108,38.8841979,-76.9327619,Residential,3
r0069_c0109,38.8841979,-76.9310257,Residential,20
r0069_c0110,38.8841979,-76.9292894,Residential,23
r0069_c0111,38.8841979,-76.9275531,Residential,43
r0069_c0112,38.8841979,-76.9258169,Residential,14
r0069_c0113,38.8841979,-76.9240806,Residential,54
r0069_c0114,38.8841979,-76.9223443,Residential,85
r0069_c0115,38.8841979,-76.9206081,Residential,74
r0070_c0035,38.8855492,-77.059509,Open Space,3
r0070_c0041,38.8855492,-77.0490914,Other,7
r0070_c0042,38.8855492,-77.0473552,Other,6
r0070_c0050,38.8855492,-77.0334651,Other,7
r0070_c0051,38.8855492,-77.0317288,Other,10
r0070_c0052,38.8855492,-77.0299925,Other,10
r0070_c0053,38.8855492,-77.0282563,Other,10
r0070_c0054,38.8855492,-77.02652,Other,10
r0070_c0055,38.8855492,-77.0247838,Other,10
r0070_c0056,38.8855492,-77.0230475,Other,10
r0070_c0057,38.8855492,-77.0213112,Other,10
r0070_c0058,38.8855492,-77.019575,Other,10
r0070_c0059,38.8855492,-77.0178387,Other,10
r0070_c0060,38.8855492,-77.0161025,Other,10
r0070_c0061,38.8855492,-77.0143662,Mixed-Use,10
r0070_c0064,38.8855492,-77.0091574,Residential,3
r0070_c0066,38.8855492,-77.0056849,Residential,29
r0070_c0067,38.8855492,-77.0039486,Residential,63
r0070_c0068,38.8855492,-77.0022124,Residential,52
r0070_c0070,38.8855492,-76.9987398,Commercial,4
r0070_c0071,38.8855492,-76.9970036,Commercial,7
r0070_c0072,38.8855492,-76.9952673,Commercial,6
r0070_c0073,38.8855492,-76.9935311,Residential,102
r0070_c0074,38.8855492,-76.9917948,Residential,89
r0070_c0075,38.8855492,-76.9900585,Residential,71
r0070_c0079,38.8855492,-76.9831135,Residential,3
r0070_c0080,38.8855492,-76.9813772,Residential,3
r0070_c0081,38.8855492,-76.979641,Residential,7
r0070_c0082,38.8855492,-76.9779047,Residential,7
r0070_c0083,38.8855492,-76.9761684,Mixed-Use,11
r0070_c0084,38.8855492,-76.9744322,Open Space,14
r0070_c0086,38.8855492,-76.9709597,Industrial,4
r0070_c0092,38.8855492,-76.9605421,Residential,13
r0070_c0093,38.8855492,-76.9588058,Residential,49
r0070_c0094,38.8855492,-76.9570696,Residential,31
r0070_c0095,38.8855492,-76.9553333,Residential,20
r0070_c0097,38.8855492,-76.9518608,Residential,5
r0070_c0098,38.8855492,-76.9501245,Residential,4
r0070_c0099,38.8855492,-76.9483883,Residential,3
r0070_c0100,38.8855492,-76.946652,Residential,25
r0070_c0102,38.8855492,-76.9431795,Residential,10
r0070_c0103,38.8855492,-76.9414432,Residential,10
r0070_c0104,38.8855492,-76.939707,Other,10
r0070_c0105,38.8855492,-76.9379707,Other,10
r0070_c0106,38.8855492,-76.9362344,Other,4
r0070_c0107,38.8855492,-76.9344982,Mixed-Use,5
r0070_c0108,38.8855492,-76.9327619,Residential,13
r0070_c0109,38.8855492,-76.9310257,Residential,22
r0070_c0110,38.8855492,-76.9292894,Residential,35
r0070_c0111,38.8855492,-76.9275531,Residential,45
r0070_c0112,38.8855492,-76.9258169,Residential,34
r0070_c0113,38.8855492,-76.9240806,Residential,56
r0070_c0114,38.8855492,-76.9223443,Residential,107
r0070_c0115,38.8855492,-76.9206081,Residential,107
r0070_c0116,38.8855492,-76.9188718,Residential,20
r0071_c0041,38.8869006,-77.0490914,Open Space,6
r0071_c0042,38.8869006,-77.0473552,Open Space,3
r0071_c0045,38.8869006,-77.0421464,Open Space,3
r0071_c0050,38.8869006,-77.0334651,Other,7
r0071_c0051,38.8869006,-77.0317288,Other,10
r0071_c0052,38.8869006,-77.0299925,Other,10
r0071_c0053,38.8869006,-77.0282563,Other,10
r0071_c0054,38.8869006,-77.02652,Other,10
r0071_c0055,38.8869006,-77.0247838,Other,10
r0071_c0056,38.8869006,-77.0230475,Other,10
r0071_c0057,38.8869006,-77.0213112,Other,10
r0071_c0058,38.8869006,-77.019575,Mixed-Use,6
r0071_c0059,38.8869006,-77.0178387,Mixed-Use,6
r0071_c0060,38.8869006,-77.0161025,Other,10
r0071_c0061,38.8869006,-77.0143662,Other,10
r0071_c0068,38.8869006,-77.0022124,Commercial,4
r0071_c0069,38.8869006,-77.0004761,Residential,7
r0071_c0070,38.8869006,-76.9987398,Residential,8
r0071_c0071,38.8869006,-76.9970036,Residential,6
r0071_c0072,38.8869006,-76.9952673,Residential,6
r0071_c0073,38.8869006,-76.9935311,Residential,110
r0071_c0074,38.8869006,-76.9917948,Residential,119
r0071_c0075,38.8869006,-76.9900585,Residential,112
r0071_c0076,38.8869006,-76.9883223,Residential,95
r0071_c0077,38.8869006,-76.986586,Residential,87
r0071_c0081,38.8869006,-76.979641,Residential,8
r0071_c0082,38.8869006,-76.9779047,Residential,8
r0071_c0083,38.8869006,-76.9761684,Institutional,11
r0071_c0084,38.8869006,-76.9744322,Mixed-Use,14
r0071_c0085,38.8869006,-76.9726959,Mixed-Use,7
r0071_c0093,38.8869006,-76.9588058,Residential,48
r0071_c0094,38.8869006,-76.9570696,Residential,55
r0071_c0095,38.8869006,-76.9553333,Residential,19
r0071_c0096,38.8869006,-76.953597,Residential,4
r0071_c0097,38.8869006,-76.9518608,Residential,10
r0071_c0098,38.8869006,-76.9501245,Residential,5
r0071_c0099,38.8869006,-76.9483883,Residential,45
r0071_c0100,38.8869006,-76.946652,Residential,22
r0071_c0106,38.8869006,-76.9362344,Residential,18
r0071_c0107,38.8869006,-76.9344982,Residential,92
r0071_c0108,38.8869006,-76.9327619,Residential,59
r0071_c0109,38.8869006,-76.9310257,Residential,10
r0071_c0110,38.8869006,-76.9292894,Residential,21
r0071_c0111,38.8869006,-76.9275531,Residential,22
r0071_c0112,38.8869006,-76.9258169,Residential,46
r0071_c0113,38.8869006,-76.9240806,Residential,45
r0071_c0114,38.8869006,-76.9223443,Residential,54
r0071_c0115,38.8869006,-76.9206081,Residential,58
r0071_c0116,38.8869006,-76.9188718,Residential,42
r0072_c0041,38.8882519,-77.0490914,Open Space,6
r0072_c0042,38.8882519,-77.0473552,Open Space,6
r0072_c0043,38.8882519,-77.0456189,Open Space,6
r0072_c0044,38.8882519,-77.0438826,Open Space,6
r0072_c0045,38.8882519,-77.0421464,Open Space,7
r0072_c0046,38.8882519,-77.0404101,Open Space,5
r0072_c0047,38.8882519,-77.0386738,Open Space,6
r0072_c0048,38.8882519,-77.0369376,Open Space,8
r0072_c0049,38.8882519,-77.0352013,Open Space,9
r0072_c0050,38.8882519,-77.0334651,Open Space,6
r0072_c0051,38.8882519,-77.0317288,Mixed-Use,9
r0072_c0052,38.8882519,-77.0299925,Mixed-Use,10
r0072_c0053,38.8882519,-77.0282563,Mixed-Use,7
r0072_c0054,38.8882519,-77.02652,Open Space,3
r0072_c0056,38.8882519,-77.0230475,Open Space,3
r0072_c0063,38.8882519,-77.0108937,Open Space,7
r0072_c0064,38.8882519,-77.0091574,Open Space,5
r0072_c0065,38.8882519,-77.0074211,Open Space,7
r0072_c0066,38.8882519,-77.0056849,Open Space,4
r0072_c0067,38.8882519,-77.0039486,Open Space,3
r0072_c0069,38.8882519,-77.0004761,Residential,93
r0072_c0070,38.8882519,-76.9987398,Residential,85
r0072_c0071,38.8882519,-76.9970036,Residential,107
r0072_c0072,38.8882519,-76.9952673,Residential,72
r0072_c0073,38.8882519,-76.9935311,Residential,80
r0072_c0075,38.8882519,-76.9900585,Residential,97
r0072_c0076,38.8882519,-76.9883223,Residential,83
r0072_c0077,38.8882519,-76.986586,Residential,78
r0072_c0078,38.8882519,-76.9848497,Residential,67
r0072_c0079,38.8882519,-76.9831135,Residential,73
r0072_c0081,38.8882519,-76.979641,Residential,8
r0072_c0082,38.8882519,-76.9779047,Residential,7
r0072_c0083,38.8882519,-76.9761684,Other,9
r0072_c0084,38.8882519,-76.9744322,Mixed-Use,8
r0072_c0085,38.8882519,-76.9726959,Mixed-Use,10
r0072_c0086,38.8882519,-76.9709597,Mixed-Use,5
r0072_c0093,38.8882519,-76.9588058,Residential,15
r0072_c0094,38.8882519,-76.9570696,Residential,29
r0072_c0095,38.8882519,-76.9553333,Residential,14
r0072_c0097,38.8882519,-76.9518608,Residential,3
r0072_c0103,38.8882519,-76.9414432,Mixed-Use,4
r0072_c0104,38.8882519,-76.939707,Residential,13
r0072_c0105,38.8882519,-76.9379707,Residential,26
r0072_c0106,38.8882519,-76.9362344,Residential,22
r0072_c0107,38.8882519,-76.9344982,Residential,91
r0072_c0108,38.8882519,-76.9327619,Residential,28
r0072_c0109,38.8882519,-76.9310257,Residential,32
r0072_c0110,38.8882519,-76.9292894,Residential,27
r0072_c0111,38.8882519,-76.9275531,Residential,31
r0072_c0112,38.8882519,-76.9258169,Residential,73
r0072_c0113,38.8882519,-76.9240806,Residential,69
r0072_c0114,38.8882519,-76.9223443,Residential,66
r0072_c0115,38.8882519,-76.9206081,Residential,34
r0072_c0116,38.8882519,-76.9188718,Residential,36
r0072_c0117,38.8882519,-76.9171356,Residential,64
r0073_c0039,38.8896033,-77.0525639,Open Space,3
r0073_c0040,38.8896033,-77.0508277,Open Space,3
r0073_c0041,38.8896033,-77.0490914,Open Space,3
r0073_c0042,38.8896033,-77.0473552,Open Space,6
r0073_c0043,38.8896033,-77.0456189,Open Space,6
r0073_c0044,38.8896033,-77.0438826,Open Space,6
r0073_c0045,38.8896033,-77.0421464,Open Space,6
r0073_c0046,38.8896033,-77.0404101,Open Space,5
r0073_c0047,38.8896033,-77.0386738,Open Space,9
r0073_c0048,38.8896033,-77.0369376,Open Space,10
r0073_c0049,38.8896033,-77.0352013,Open Space,8
r0073_c0050,38.8896033,-77.0334651,Open Space,8
r0073_c0051,38.8896033,-77.0317288,Open Space,7
r0073_c0052,38.8896033,-77.0299925,Open Space,8
r0073_c0053,38.8896033,-77.0282563,Open Space,7
r0073_c0054,38.8896033,-77.02652,Open Space,7
r0073_c0055,38.8896033,-77.0247838,Open Space,7
r0073_c0056,38.8896033,-77.0230475,Open Space,7
r0073_c0057,38.8896033,-77.0213112,Open Space,7
r0073_c0058,38.8896033,-77.019575,Open Space,8
r0073_c0059,38.8896033,-77.0178387,Open Space,7
r0073_c0060,38.8896033,-77.0161025,Open Space,8
r0073_c0061,38.8896033,-77.0143662,Open Space,3
r0073_c0063,38.8896033,-77.0108937,Open Space,3
r0073_c0065,38.8896033,-77.0074211,Open Space,4
r0073_c0066,38.8896033,-77.0056849,Open Space,4
r0073_c0067,38.8896033,-77.0039486,Open Space,3
r0073_c0069,38.8896033,-77.0004761,Residential,66
r0073_c0070,38.8896033,-76.9987398,Residential,56
r0073_c0071,38.8896033,-76.9970036,Residential,72
r0073_c0072,38.8896033,-76.9952673,Residential,61
r0073_c0073,38.8896033,-76.9935311,Residential,69
r0073_c0074,38.8896033,-76.9917948,Residential,44
r0073_c0076,38.8896033,-76.9883223,Residential,43
r0073_c0078,38.8896033,-76.9848497,Residential,45
r0073_c0079,38.8896033,-76.9831135,Residential,50
r0073_c0081,38.8896033,-76.979641,Residential,5
r0073_c0082,38.8896033,-76.9779047,Residential,6
r0073_c0083,38.8896033,-76.9761684,Open Space,9
r0073_c0084,38.8896033,-76.9744322,Open Space,9
r0073_c0085,38.8896033,-76.9726959,Mixed-Use,19
r0073_c0086,38.8896033,-76.9709597,Mixed-Use,16
r0073_c0087,38.8896033,-76.9692234,Open Space,4
r0073_c0092,38.8896033,-76.9605421,Mixed-Use,7
r0073_c0093,38.8896033,-76.9588058,Mixed-Use,4
r0073_c0094,38.8896033,-76.9570696,Residential,5
r0073_c0095,38.8896033,-76.9553333,Residential,18
r0073_c0096,38.8896033,-76.953597,Residential,14
r0073_c0099,38.8896033,-76.9483883,Residential,23
r0073_c0101,38.8896033,-76.9449157,Mixed-Use,4
r0073_c0102,38.8896033,-76.9431795,Residential,25
r0073_c0104,38.8896033,-76.939707,Residential,18
r0073_c0106,38.8896033,-76.9362344,Residential,35
r0073_c0107,38.8896033,-76.9344982,Residential,36
r0073_c0108,38.8896033,-76.9327619,Residential,4
r0073_c0109,38.8896033,-76.9310257,Residential,14
r0073_c0110,38.8896033,-76.9292894,Residential,36
r0073_c0111,38.8896033,-76.9275531,Residential,47
r0073_c0112,38.8896033,-76.9258169,Residential,52
r0073_c0113,38.8896033,-76.9240806,Residential,57
r0073_c0114,38.8896033,-76.9223443,Residential,18
r0073_c0115,38.8896033,-76.9206081,Residential,19
r0073_c0116,38.8896033,-76.9188718,Residential,30
r0073_c0118,38.8896033,-76.9153993,Mixed-Use,4
r0074_c0040,38.8909546,-77.0508277,Mixed-Use,4
r0074_c0041,38.8909546,-77.0490914,Open Space,8
r0074_c0042,38.8909546,-77.0473552,Open Space,9
r0074_c0043,38.8909546,-77.0456189,Open Space,10
r0074_c0044,38.8909546,-77.0438826,Open Space,4
r0074_c0045,38.8909546,-77.0421464,Open Space,3
r0074_c0046,38.8909546,-77.0404101,Open Space,7
r0074_c0047,38.8909546,-77.0386738,Open Space,9
r0074_c0048,38.8909546,-77.0369376,Open Space,10
r0074_c0049,38.8909546,-77.0352013,Open Space,10
r0074_c0050,38.8909546,-77.0334651,Open Space,5
r0074_c0059,38.8909546,-77.0178387,Open Space,3
r0074_c0060,38.8909546,-77.0161025,Open Space,4
r0074_c0061,38.8909546,-77.0143662,Open Space,5
r0074_c0062,38.8909546,-77.0126299,Open Space,4
r0074_c0063,38.8909546,-77.0108937,Open Space,6
r0074_c0065,38.8909546,-77.0074211,Open Space,7
r0074_c0066,38.8909546,-77.0056849,Open Space,3
r0074_c0068,38.8909546,-77.0022124,Residential,93
r0074_c0069,38.8909546,-77.0004761,Residential,109
r0074_c0070,38.8909546,-76.9987398,Residential,59
r0074_c0071,38.8909546,-76.9970036,Residential,112
r0074_c0072,38.8909546,-76.9952673,Residential,100
r0074_c0073,38.8909546,-76.9935311,Residential,51
r0074_c0074,38.8909546,-76.9917948,Residential,68
r0074_c0075,38.8909546,-76.9900585,Residential,65
r0074_c0076,38.8909546,-76.9883223,Residential,80
r0074_c0077,38.8909546,-76.986586,Residential,105
r0074_c0078,38.8909546,-76.9848497,Residential,62
r0074_c0079,38.8909546,-76.9831135,Residential,82
r0074_c0080,38.8909546,-76.9813772,Residential,67
r0074_c0081,38.8909546,-76.979641,Open Space,3
r0074_c0083,38.8909546,-76.9761684,Open Space,3
r0074_c0084,38.8909546,-76.9744322,Open Space,5
r0074_c0085,38.8909546,-76.9726959,Mixed-Use,13
r0074_c0086,38.8909546,-76.9709597,Open Space,11
r0074_c0087,38.8909546,-76.9692234,Open Space,7
r0074_c0092,38.8909546,-76.9605421,Residential,116
r0074_c0093,38.8909546,-76.9588058,Residential,120
r0074_c0094,38.8909546,-76.9570696,Residential,6
r0074_c0095,38.8909546,-76.9553333,Residential,61
r0074_c0096,38.8909546,-76.953597,Residential,60
r0074_c0097,38.8909546,-76.9518608,Residential,44
r0074_c0098,38.8909546,-76.9501245,Residential,61
r0074_c0099,38.8909546,-76.9483883,Residential,67
r0074_c0100,38.8909546,-76.946652,Residential,29
r0074_c0101,38.8909546,-76.9449157,Residential,5
r0074_c0102,38.8909546,-76.9431795,Residential,11
r0074_c0103,38.8909546,-76.9414432,Residential,22
r0074_c0104,38.8909546,-76.939707,Residential,16
r0074_c0106,38.8909546,-76.9362344,Residential,61
r0074_c0107,38.8909546,-76.9344982,Residential,60
r0074_c0108,38.8909546,-76.9327619,Residential,29
r0074_c0109,38.8909546,-76.9310257,Residential,35
r0074_c0110,38.8909546,-76.9292894,Residential,32
r0074_c0111,38.8909546,-76.9275531,Residential,39
r0074_c0112,38.8909546,-76.9258169,Residential,42
r0074_c0113,38.8909546,-76.9240806,Residential,69
r0074_c0114,38.8909546,-76.9223443,Residential,23
r0074_c0115,38.8909546,-76.9206081,Residential,31
r0074_c0116,38.8909546,-76.9188718,Residential,39
r0074_c0119,38.8909546,-76.913663,Residential,3
r0075_c0040,38.892306,-77.0508277,Mixed-Use,8
r0075_c0041,38.892306,-77.0490914,Mixed-Use,9
r0075_c0042,38.892306,-77.0473552,Mixed-Use,9
r0075_c0043,38.892306,-77.0456189,Mixed-Use,9
r0075_c0044,38.892306,-77.0438826,Mixed-Use,10
r0075_c0045,38.892306,-77.0421464,Mixed-Use,7
r0075_c0047,38.892306,-77.0386738,Open Space,6
r0075_c0048,38.892306,-77.0369376,Open Space,5
r0075_c0049,38.892306,-77.0352013,Open Space,7
r0075_c0050,38.892306,-77.0334651,Mixed-Use,6
r0075_c0051,38.892306,-77.0317288,Mixed-Use,8
r0075_c0052,38.892306,-77.0299925,Mixed-Use,7
r0075_c0053,38.892306,-77.0282563,Mixed-Use,8
r0075_c0054,38.892306,-77.02652,Mixed-Use,9
r0075_c0055,38.892306,-77.0247838,Mixed-Use,9
r0075_c0056,38.892306,-77.0230475,Mixed-Use,9
r0075_c0057,38.892306,-77.0213112,Mixed-Use,8
r0075_c0058,38.892306,-77.019575,Mixed-Use,3
r0075_c0061,38.892306,-77.0143662,Open Space,3
r0075_c0062,38.892306,-77.0126299,Open Space,3
r0075_c0063,38.892306,-77.0108937,Open Space,6
r0075_c0064,38.892306,-77.0091574,Open Space,4
r0075_c0065,38.892306,-77.0074211,Open Space,4
r0075_c0069,38.892306,-77.0004761,Residential,72
r0075_c0070,38.892306,-76.9987398,Residential,76
r0075_c0071,38.892306,-76.9970036,Residential,65
r0075_c0072,38.892306,-76.9952673,Residential,26
r0075_c0073,38.892306,-76.9935311,Residential,80
r0075_c0074,38.892306,-76.9917948,Residential,89
r0075_c0075,38.892306,-76.9900585,Residential,92
r0075_c0076,38.892306,-76.9883223,Residential,35
r0075_c0077,38.892306,-76.986586,Residential,116
r0075_c0078,38.892306,-76.9848497,Residential,84
r0075_c0079,38.892306,-76.9831135,Residential,80
r0075_c0080,38.892306,-76.9813772,Residential,57
r0075_c0083,38.892306,-76.9761684,Residential,7
r0075_c0084,38.892306,-76.9744322,Open Space,6
r0075_c0085,38.892306,-76.9726959,Open Space,6
r0075_c0086,38.892306,-76.9709597,Open Space,8
r0075_c0087,38.892306,-76.9692234,Open Space,5
r0075_c0092,38.892306,-76.9605421,Residential,95
r0075_c0093,38.892306,-76.9588058,Residential,112
r0075_c0094,38.892306,-76.9570696,Residential,71
r0075_c0095,38.892306,-76.9553333,Residential,4
r0075_c0096,38.892306,-76.953597,Residential,68
r0075_c0101,38.892306,-76.9449157,Residential,28
r0075_c0102,38.892306,-76.9431795,Residential,13
r0075_c0103,38.892306,-76.9414432,Residential,37
r0075_c0104,38.892306,-76.939707,Residential,21
r0075_c0105,38.892306,-76.9379707,Residential,30
r0075_c0106,38.892306,-76.9362344,Residential,37
r0075_c0107,38.892306,-76.9344982,Residential,50
r0075_c0108,38.892306,-76.9327619,Residential,39
r0075_c0110,38.892306,-76.9292894,Residential,23
r0075_c0111,38.892306,-76.9275531,Residential,56
r0075_c0114,38.892306,-76.9223443,Residential,70
r0075_c0115,38.892306,-76.9206081,Residential,90
r0075_c0116,38.892306,-76.9188718,Residential,59
r0075_c0117,38.892306,-76.9171356,Residential,3
r0075_c0118,38.892306,-76.9153993,Residential,14
r0075_c0119,38.892306,-76.913663,Residential,19
r0075_c0120,38.892306,-76.9119268,Residential,51
r0075_c0121,38.892306,-76.9101905,Residential,3
r0076_c0039,38.8936573,-77.0525639,Commercial,5
r0076_c0040,38.8936573,-77.0508277,Commercial,10
r0076_c0041,38.8936573,-77.0490914,Other,10
r0076_c0042,38.8936573,-77.0473552,Other,10
r0076_c0043,38.8936573,-77.0456189,Other,10
r0076_c0044,38.8936573,-77.0438826,Mixed-Use,6
r0076_c0047,38.8936573,-77.0386738,Open Space,6
r0076_c0050,38.8936573,-77.0334651,Other,7
r0076_c0051,38.8936573,-77.0317288,Mixed-Use,11
r0076_c0052,38.8936573,-77.0299925,Mixed-Use,11
r0076_c0053,38.8936573,-77.0282563,Mixed-Use,11
r0076_c0054,38.8936573,-77.02652,Mixed-Use,11
r0076_c0055,38.8936573,-77.0247838,Mixed-Use,8
r0076_c0056,38.8936573,-77.0230475,Mixed-Use,5
r0076_c0058,38.8936573,-77.019575,Mixed-Use,5
r0076_c0063,38.8936573,-77.0108937,Open Space,3
r0076_c0064,38.8936573,-77.0091574,Open Space,4
r0076_c0065,38.8936573,-77.0074211,Open Space,4
r0076_c0067,38.8936573,-77.0039486,Residential,9
r0076_c0068,38.8936573,-77.0022124,Residential,85
r0076_c0070,38.8936573,-76.9987398,Residential,17
r0076_c0071,38.8936573,-76.9970036,Residential,110
r0076_c0072,38.8936573,-76.9952673,Residential,57
r0076_c0073,38.8936573,-76.9935311,Residential,89
r0076_c0074,38.8936573,-76.9917948,Residential,76
r0076_c0075,38.8936573,-76.9900585,Residential,68
r0076_c0076,38.8936573,-76.9883223,Residential,80
r0076_c0077,38.8936573,-76.986586,Residential,127
r0076_c0078,38.8936573,-76.9848497,Residential,94
r0076_c0079,38.8936573,-76.9831135,Residential,95
r0076_c0081,38.8936573,-76.979641,Residential,7
r0076_c0082,38.8936573,-76.9779047,Residential,6
r0076_c0083,38.8936573,-76.9761684,Residential,7
r0076_c0086,38.8936573,-76.9709597,Open Space,8
r0076_c0087,38.8936573,-76.9692234,Open Space,7
r0076_c0092,38.8936573,-76.9605421,Residential,24
r0076_c0093,38.8936573,-76.9588058,Residential,132
r0076_c0094,38.8936573,-76.9570696,Residential,96
r0076_c0095,38.8936573,-76.9553333,Residential,71
r0076_c0096,38.8936573,-76.953597,Residential,5
r0076_c0098,38.8936573,-76.9501245,Commercial,4
r0076_c0099,38.8936573,-76.9483883,Commercial,8
r0076_c0100,38.8936573,-76.946652,Commercial,4
r0076_c0101,38.8936573,-76.9449157,Residential,8
r0076_c0102,38.8936573,-76.9431795,Residential,6
r0076_c0103,38.8936573,-76.9414432,Residential,35
r0076_c0104,38.8936573,-76.939707,Residential,30
r0076_c0105,38.8936573,-76.9379707,Residential,37
r0076_c0106,38.8936573,-76.9362344,Residential,76
r0076_c0107,38.8936573,-76.9344982,Residential,48
r0076_c0110,38.8936573,-76.9292894,Residential,16
r0076_c0111,38.8936573,-76.9275531,Residential,39
r0076_c0112,38.8936573,-76.9258169,Residential,5
r0076_c0113,38.8936573,-76.9240806,Residential,10
r0076_c0115,38.8936573,-76.9206081,Residential,59
r0076_c0116,38.8936573,-76.9188718,Residential,17
r0076_c0117,38.8936573,-76.9171356,Residential,36
r0076_c0118,38.8936573,-76.9153993,Residential,52
r0076_c0119,38.8936573,-76.913663,Residential,45
r0076_c0120,38.8936573,-76.9119268,Residential,40
r0077_c0038,38.8950087,-77.0543002,Open Space,3
r0077_c0039,38.8950087,-77.0525639,Commercial,9
r0077_c0040,38.8950087,-77.0508277,Commercial,10
r0077_c0041,38.8950087,-77.0490914,Mixed-Use,9
r0077_c0042,38.8950087,-77.0473552,Mixed-Use,8
r0077_c0046,38.8950087,-77.0404101,Open Space,3
r0077_c0047,38.8950087,-77.0386738,Open Space,4
r0077_c0048,38.8950087,-77.0369376,Open Space,3
r0077_c0049,38.8950087,-77.0352013,Open Space,4
r0077_c0050,38.8950087,-77.0334651,Mixed-Use,7
r0077_c0051,38.8950087,-77.0317288,Mixed-Use,8
r0077_c0052,38.8950087,-77.0299925,Other,8
r0077_c0053,38.8950087,-77.0282563,Mixed-Use,5
r0077_c0057,38.8950087,-77.0213112,Commercial,12
r0077_c0058,38.8950087,-77.019575,Mixed-Use,7
r0077_c0063,38.8950087,-77.0108937,Commercial,3
r0077_c0064,38.8950087,-77.0091574,Open Space,3
r0077_c0065,38.8950087,-77.0074211,Open Space,7
r0077_c0066,38.8950087,-77.0056849,Open Space,3
r0077_c0070,38.8950087,-76.9987398,Residential,78
r0077_c0071,38.8950087,-76.9970036,Residential,83
r0077_c0072,38.8950087,-76.9952673,Residential,68
r0077_c0074,38.8950087,-76.9917948,Residential,72
r0077_c0075,38.8950087,-76.9900585,Residential,66
r0077_c0076,38.8950087,-76.9883223,Residential,89
r0077_c0077,38.8950087,-76.986586,Residential,66
r0077_c0078,38.8950087,-76.9848497,Residential,91
r0077_c0079,38.8950087,-76.9831135,Residential,89
r0077_c0081,38.8950087,-76.979641,Residential,10
r0077_c0082,38.8950087,-76.9779047,Residential,10
r0077_c0083,38.8950087,-76.9761684,Residential,11
r0077_c0084,38.8950087,-76.9744322,Residential,7
r0077_c0085,38.8950087,-76.9726959,Open Space,8
r0077_c0086,38.8950087,-76.9709597,Open Space,6
r0077_c0087,38.8950087,-76.9692234,Open Space,8
r0077_c0093,38.8950087,-76.9588058,Residential,55
r0077_c0094,38.8950087,-76.9570696,Residential,84
r0077_c0095,38.8950087,-76.9553333,Residential,86
r0077_c0096,38.8950087,-76.953597,Residential,17
r0077_c0100,38.8950087,-76.946652,Residential,4
r0077_c0102,38.8950087,-76.9431795,Residential,3
r0077_c0103,38.8950087,-76.9414432,Residential,49
r0077_c0104,38.8950087,-76.939707,Residential,49
r0077_c0105,38.8950087,-76.9379707,Residential,39
r0077_c0106,38.8950087,-76.9362344,Residential,71
r0077_c0107,38.8950087,-76.9344982,Residential,48
r0077_c0110,38.8950087,-76.9292894,Residential,5
r0077_c0111,38.8950087,-76.9275531,Residential,32
r0077_c0112,38.8950087,-76.9258169,Residential,34
r0077_c0113,38.8950087,-76.9240806,Residential,4
r0077_c0115,38.8950087,-76.9206081,Residential,16
r0077_c0116,38.8950087,-76.9188718,Residential,40
r0077_c0117,38.8950087,-76.9171356,Residential,22
r0077_c0118,38.8950087,-76.9153993,Residential,22
r0078_c0039,38.89636,-77.0525639,Open Space,3
r0078_c0044,38.89636,-77.0438826,Institutional,5
r0078_c0046,38.89636,-77.0404101,Commercial,5
r0078_c0048,38.89636,-77.0369376,Mixed-Use,12
r0078_c0049,38.89636,-77.0352013,Mixed-Use,8
r0078_c0050,38.89636,-77.0334651,Open Space,3
r0078_c0053,38.89636,-77.0282563,Commercial,6
r0078_c0054,38.89636,-77.02652,Commercial,10
r0078_c0055,38.89636,-77.0247838,Commercial,9
r0078_c0056,38.89636,-77.0230475,Commercial,9
r0078_c0057,38.89636,-77.0213112,Commercial,12
r0078_c0060,38.89636,-77.0161025,Mixed-Use,8
r0078_c0061,38.89636,-77.0143662,Other,3
r0078_c0063,38.89636,-77.0108937,Commercial,4
r0078_c0064,38.89636,-77.0091574,Commercial,3
r0078_c0065,38.89636,-77.0074211,Open Space,3
r0078_c0067,38.89636,-77.0039486,Residential,27
r0078_c0068,38.89636,-77.0022124,Residential,101
r0078_c0069,38.89636,-77.0004761,Residential,77
r0078_c0070,38.89636,-76.9987398,Residential,90
r0078_c0071,38.89636,-76.9970036,Residential,123
r0078_c0072,38.89636,-76.9952673,Residential,83
r0078_c0073,38.89636,-76.9935311,Residential,54
r0078_c0074,38.89636,-76.9917948,Residential,53
r0078_c0075,38.89636,-76.9900585,Residential,72
r0078_c0078,38.89636,-76.9848497,Residential,72
r0078_c0079,38.89636,-76.9831135,Residential,4
r0078_c0081,38.89636,-76.979641,Residential,9
r0078_c0082,38.89636,-76.9779047,Residential,5
r0078_c0083,38.89636,-76.9761684,Residential,10
r0078_c0084,38.89636,-76.9744322,Residential,10
r0078_c0085,38.89636,-76.9726959,Residential,10
r0078_c0086,38.89636,-76.9709597,Residential,9
r0078_c0087,38.89636,-76.9692234,Open Space,3
r0078_c0093,38.89636,-76.9588058,Residential,7
r0078_c0094,38.89636,-76.9570696,Residential,25
r0078_c0095,38.89636,-76.9553333,Residential,5
r0078_c0097,38.89636,-76.9518608,Mixed-Use,3
r0078_c0100,38.89636,-76.946652,Mixed-Use,3
r0078_c0102,38.89636,-76.9431795,Residential,7
r0078_c0103,38.89636,-76.9414432,Residential,66
r0078_c0104,38.89636,-76.939707,Residential,40
r0078_c0105,38.89636,-76.9379707,Residential,60
r0078_c0106,38.89636,-76.9362344,Residential,59
r0078_c0107,38.89636,-76.9344982,Residential,47
r0078_c0108,38.89636,-76.9327619,Residential,39
r0078_c0109,38.89636,-76.9310257,Residential,39
r0078_c0110,38.89636,-76.9292894,Residential,3
r0078_c0111,38.89636,-76.9275531,Residential,16
r0078_c0112,38.89636,-76.9258169,Residential,6
r0078_c0113,38.89636,-76.9240806,Mixed-Use,3
r0078_c0114,38.89636,-76.9223443,Residential,12
r0078_c0115,38.89636,-76.9206081,Residential,27
r0078_c0116,38.89636,-76.9188718,Residential,33
r0078_c0117,38.89636,-76.9171356,Residential,29
r0079_c0040,38.8977114,-77.0508277,Residential,7
r0079_c0041,38.8977114,-77.0490914,Residential,35
r0079_c0042,38.8977114,-77.0473552,Residential,19
r0079_c0045,38.8977114,-77.0421464,Residential,7
r0079_c0046,38.8977114,-77.0404101,Mixed-Use,3
r0079_c0048,38.8977114,-77.0369376,Mixed-Use,11
r0079_c0049,38.8977114,-77.0352013,Mixed-Use,6
r0079_c0051,38.8977114,-77.0317288,Commercial,8
r0079_c0052,38.8977114,-77.0299925,Commercial,7
r0079_c0053,38.8977114,-77.0282563,Commercial,11
r0079_c0054,38.8977114,-77.02652,Mixed-Use,10
r0079_c0055,38.8977114,-77.0247838,Commercial,20
r0079_c0058,38.8977114,-77.019575,Residential,4
r0079_c0062,38.8977114,-77.0126299,Open Space,3
r0079_c0066,38.8977114,-77.0056849,Mixed-Use,3
r0079_c0067,38.8977114,-77.0039486,Residential,15
r0079_c0068,38.8977114,-77.0022124,Residential,75
r0079_c0069,38.8977114,-77.0004761,Residential,93
r0079_c0070,38.8977114,-76.9987398,Residential,93
r0079_c0071,38.8977114,-76.9970036,Residential,95
r0079_c0072,38.8977114,-76.9952673,Residential,3
r0079_c0073,38.8977114,-76.9935311,Residential,6
r0079_c0074,38.8977114,-76.9917948,Residential,71
r0079_c0075,38.8977114,-76.9900585,Residential,61
r0079_c0078,38.8977114,-76.9848497,Residential,88
r0079_c0079,38.8977114,-76.9831135,Residential,23
r0079_c0080,38.8977114,-76.9813772,Residential,120
r0079_c0081,38.8977114,-76.979641,Open Space,4
r0079_c0082,38.8977114,-76.9779047,Open Space,3
r0079_c0083,38.8977114,-76.9761684,Residential,3
r0079_c0084,38.8977114,-76.9744322,Residential,6
r0079_c0085,38.8977114,-76.9726959,Residential,6
r0079_c0086,38.8977114,-76.9709597,Residential,4
r0079_c0087,38.8977114,-76.9692234,Open Space,3
r0079_c0088,38.8977114,-76.9674871,Open Space,3
r0079_c0093,38.8977114,-76.9588058,Other,4
r0079_c0094,38.8977114,-76.9570696,Mixed-Use,6
r0079_c0095,38.8977114,-76.9553333,Mixed-Use,5
r0079_c0096,38.8977114,-76.953597,Mixed-Use,5
r0079_c0097,38.8977114,-76.9518608,Mixed-Use,7
r0079_c0101,38.8977114,-76.9449157,Residential,20
r0079_c0102,38.8977114,-76.9431795,Residential,23
r0079_c0103,38.8977114,-76.9414432,Residential,41
r0079_c0104,38.8977114,-76.939707,Residential,35
r0079_c0105,38.8977114,-76.9379707,Residential,49
r0079_c0106,38.8977114,-76.9362344,Residential,27
r0079_c0107,38.8977114,-76.9344982,Residential,10
r0079_c0108,38.8977114,-76.9327619,Residential,9
r0079_c0109,38.8977114,-76.9310257,Residential,41
r0079_c0110,38.8977114,-76.9292894,Residential,8
r0079_c0114,38.8977114,-76.9223443,Residential,23
r0079_c0115,38.8977114,-76.9206081,Residential,16
r0079_c0116,38.8977114,-76.9188718,Residential,41
r0079_c0117,38.8977114,-76.9171356,Residential,21
r0080_c0043,38.8990627,-77.0456189,Open Space,3
r0080_c0046,38.8990627,-77.0404101,Commercial,8
r0080_c0048,38.8990627,-77.0369376,Open Space,5
r0080_c0049,38.8990627,-77.0352013,Open Space,4
r0080_c0051,38.8990627,-77.0317288,Mixed-Use,9
r0080_c0052,38.8990627,-77.0299925,Commercial,7
r0080_c0054,38.8990627,-77.02652,Commercial,3
r0080_c0055,38.8990627,-77.0247838,Institutional,3
r0080_c0056,38.8990627,-77.0230475,Institutional,17
r0080_c0057,38.8990627,-77.0213112,Mixed-Use,4
r0080_c0058,38.8990627,-77.019575,Residential,19
r0080_c0059,38.8990627,-77.0178387,Commercial,6
r0080_c0060,38.8990627,-77.0161025,Residential,8
r0080_c0063,38.8990627,-77.0108937,Commercial,7
r0080_c0065,38.8990627,-77.0074211,Commercial,3
r0080_c0066,38.8990627,-77.0056849,Mixed-Use,4
r0080_c0067,38.8990627,-77.0039486,Residential,8
r0080_c0068,38.8990627,-77.0022124,Residential,63
r0080_c0069,38.8990627,-77.0004761,Residential,119
r0080_c0070,38.8990627,-76.9987398,Residential,79
r0080_c0071,38.8990627,-76.9970036,Residential,39
r0080_c0073,38.8990627,-76.9935311,Open Space,4
r0080_c0074,38.8990627,-76.9917948,Residential,77
r0080_c0075,38.8990627,-76.9900585,Residential,103
r0080_c0076,38.8990627,-76.9883223,Residential,104
r0080_c0077,38.8990627,-76.986586,Residential,67
r0080_c0079,38.8990627,-76.9831135,Residential,4
r0080_c0080,38.8990627,-76.9813772,Residential,4
r0080_c0083,38.8990627,-76.9761684,Residential,5
r0080_c0084,38.8990627,-76.9744322,Residential,4
r0080_c0085,38.8990627,-76.9726959,Residential,17
r0080_c0088,38.8990627,-76.9674871,Open Space,4
r0080_c0093,38.8990627,-76.9588058,Other,5
r0080_c0096,38.8990627,-76.953597,Mixed-Use,7
r0080_c0098,38.8990627,-76.9501245,Residential,10
r0080_c0100,38.8990627,-76.946652,Residential,16
r0080_c0101,38.8990627,-76.9449157,Residential,57
r0080_c0102,38.8990627,-76.9431795,Residential,40
r0080_c0103,38.8990627,-76.9414432,Residential,64
r0080_c0104,38.8990627,-76.939707,Residential,35
r0080_c0105,38.8990627,-76.9379707,Residential,35
r0080_c0107,38.8990627,-76.9344982,Residential,4
r0080_c0108,38.8990627,-76.9327619,Residential,6
r0080_c0110,38.8990627,-76.9292894,Residential,18
r0080_c0111,38.8990627,-76.9275531,Residential,7
r0080_c0112,38.8990627,-76.9258169,Residential,7
r0080_c0113,38.8990627,-76.9240806,Residential,53
r0080_c0114,38.8990627,-76.9223443,Residential,45
r0080_c0115,38.8990627,-76.9206081,Residential,50
r0081_c0039,38.9004141,-77.0525639,Residential,80
r0081_c0040,38.9004141,-77.0508277,Residential,3
r0081_c0042,38.9004141,-77.0473552,Residential,4
r0081_c0044,38.9004141,-77.0438826,Commercial,3
r0081_c0045,38.9004141,-77.0421464,Commercial,9
r0081_c0046,38.9004141,-77.0404101,Commercial,10
r0081_c0047,38.9004141,-77.0386738,Commercial,4
r0081_c0048,38.9004141,-77.0369376,Commercial,8
r0081_c0049,38.9004141,-77.0352013,Commercial,5
r0081_c0050,38.9004141,-77.0334651,Commercial,8
r0081_c0052,38.9004141,-77.0299925,Commercial,8
r0081_c0053,38.9004141,-77.0282563,Commercial,4
r0081_c0056,38.9004141,-77.0230475,Commercial,13
r0081_c0057,38.9004141,-77.0213112,Commercial,27
r0081_c0058,38.9004141,-77.019575,Residential,33
r0081_c0060,38.9004141,-77.0161025,Residential,10
r0081_c0061,38.9004141,-77.0143662,Commercial,3
r0081_c0063,38.9004141,-77.0108937,Residential,3
r0081_c0064,38.9004141,-77.0091574,Commercial,4
r0081_c0065,38.9004141,-77.0074211,Commercial,4
r0081_c0066,38.9004141,-77.0056849,Commercial,6
r0081_c0068,38.9004141,-77.0022124,Residential,17
r0081_c0069,38.9004141,-77.0004761,Residential,73
r0081_c0070,38.9004141,-76.9987398,Residential,53
r0081_c0071,38.9004141,-76.9970036,Residential,12
r0081_c0072,38.9004141,-76.9952673,Commercial,3
r0081_c0073,38.9004141,-76.9935311,Residential,5
r0081_c0075,38.9004141,-76.9900585,Commercial,3
r0081_c0077,38.9004141,-76.986586,Residential,78
r0081_c0079,38.9004141,-76.9831135,Residential,3
r0081_c0080,38.9004141,-76.9813772,Commercial,7
r0081_c0081,38.9004141,-76.979641,Commercial,8
r0081_c0082,38.9004141,-76.9779047,Residential,5
r0081_c0083,38.9004141,-76.9761684,Residential,10
r0081_c0084,38.9004141,-76.9744322,Residential,8
r0081_c0088,38.9004141,-76.9674871,Open Space,4
r0081_c0093,38.9004141,-76.9588058,Other,4
r0081_c0095,38.9004141,-76.9553333,Mixed-Use,4
r0081_c0097,38.9004141,-76.9518608,Residential,51
r0081_c0098,38.9004141,-76.9501245,Residential,43
r0081_c0100,38.9004141,-76.946652,Mixed-Use,4
r0081_c0105,38.9004141,-76.9379707,Residential,7
r0081_c0106,38.9004141,-76.9362344,Residential,10
r0081_c0107,38.9004141,-76.9344982,Residential,10
r0081_c0108,38.9004141,-76.9327619,Residential,10
r0081_c0110,38.9004141,-76.9292894,Residential,5
r0081_c0111,38.9004141,-76.9275531,Residential,90
r0081_c0112,38.9004141,-76.9258169,Residential,87
r0081_c0113,38.9004141,-76.9240806,Residential,12
r0081_c0114,38.9004141,-76.9223443,Residential,55
r0082_c0034,38.9017654,-77.0612452,Commercial,4
r0082_c0035,38.9017654,-77.059509,Commercial,8
r0082_c0037,38.9017654,-77.0560365,Open Space,3
r0082_c0039,38.9017654,-77.0525639,Residential,65
r0082_c0042,38.9017654,-77.0473552,Commercial,4
r0082_c0045,38.9017654,-77.0421464,Mixed-Use,4
r0082_c0046,38.9017654,-77.0404101,Commercial,8
r0082_c0047,38.9017654,-77.0386738,Open Space,3
r0082_c0053,38.9017654,-77.0282563,Mixed-Use,7
r0082_c0054,38.9017654,-77.02652,Mixed-Use,4
r0082_c0057,38.9017654,-77.0213112,Commercial,3
r0082_c0060,38.9017654,-77.0161025,Residential,8
r0082_c0061,38.9017654,-77.0143662,Residential,4
r0082_c0062,38.9017654,-77.0126299,Residential,3
r0082_c0063,38.9017654,-77.0108937,Residential,31
r0082_c0064,38.9017654,-77.0091574,Institutional,3
r0082_c0065,38.9017654,-77.0074211,Commercial,8
r0082_c0066,38.9017654,-77.0056849,Mixed-Use,6
r0082_c0068,38.9017654,-77.0022124,Residential,77
r0082_c0069,38.9017654,-77.0004761,Residential,75
r0082_c0070,38.9017654,-76.9987398,Residential,82
r0082_c0071,38.9017654,-76.9970036,Residential,89
r0082_c0072,38.9017654,-76.9952673,Residential,78
r0082_c0073,38.9017654,-76.9935311,Residential,100
r0082_c0074,38.9017654,-76.9917948,Residential,84
r0082_c0075,38.9017654,-76.9900585,Residential,88
r0082_c0077,38.9017654,-76.986586,Residential,5
r0082_c0078,38.9017654,-76.9848497,Residential,10
r0082_c0079,38.9017654,-76.9831135,Residential,6
r0082_c0080,38.9017654,-76.9813772,Residential,6
r0082_c0081,38.9017654,-76.979641,Residential,7
r0082_c0082,38.9017654,-76.9779047,Commercial,8
r0082_c0083,38.9017654,-76.9761684,Residential,10
r0082_c0084,38.9017654,-76.9744322,Residential,10
r0082_c0085,38.9017654,-76.9726959,Residential,3
r0082_c0088,38.9017654,-76.9674871,Open Space,3
r0082_c0091,38.9017654,-76.9622784,Open Space,3
r0082_c0097,38.9017654,-76.9518608,Residential,11
r0082_c0100,38.9017654,-76.946652,Residential,16
r0082_c0105,38.9017654,-76.9379707,Residential,10
r0082_c0106,38.9017654,-76.9362344,Residential,10
r0082_c0107,38.9017654,-76.9344982,Residential,10
r0082_c0108,38.9017654,-76.9327619,Residential,10
r0082_c0110,38.9017654,-76.9292894,Residential,41
r0082_c0111,38.9017654,-76.9275531,Residential,81
r0082_c0112,38.9017654,-76.9258169,Residential,86
r0082_c0113,38.9017654,-76.9240806,Residential,73
r0082_c0114,38.9017654,-76.9223443,Residential,50
r0083_c0032,38.9031168,-77.0647178,Residential,53
r0083_c0036,38.9031168,-77.0577727,Other,3
r0083_c0038,38.9031168,-77.0543002,Residential,13
r0083_c0039,38.9031168,-77.0525639,Residential,5
r0083_c0043,38.9031168,-77.0456189,Mixed-Use,5
r0083_c0044,38.9031168,-77.0438826,Commercial,6
r0083_c0045,38.9031168,-77.0421464,Residential,5
r0083_c0047,38.9031168,-77.0386738,Commercial,3
r0083_c0048,38.9031168,-77.0369376,Residential,8
r0083_c0049,38.9031168,-77.0352013,Commercial,3
r0083_c0050,38.9031168,-77.0334651,Mixed-Use,13
r0083_c0051,38.9031168,-77.0317288,Commercial,7
r0083_c0053,38.9031168,-77.0282563,Commercial,3
r0083_c0055,38.9031168,-77.0247838,Commercial,4
r0083_c0056,38.9031168,-77.0230475,Institutional,3
r0083_c0062,38.9031168,-77.0126299,Industrial,4
r0083_c0063,38.9031168,-77.0108937,Other,3
r0083_c0066,38.9031168,-77.0056849,Residential,3
r0083_c0067,38.9031168,-77.0039486,Mixed-Use,4
r0083_c0069,38.9031168,-77.0004761,Residential,8
r0083_c0070,38.9031168,-76.9987398,Residential,7
r0083_c0071,38.9031168,-76.9970036,Residential,4
r0083_c0072,38.9031168,-76.9952673,Residential,9
r0083_c0073,38.9031168,-76.9935311,Residential,9
r0083_c0074,38.9031168,-76.9917948,Residential,6
r0083_c0075,38.9031168,-76.9900585,Residential,5
r0083_c0076,38.9031168,-76.9883223,Residential,9
r0083_c0077,38.9031168,-76.986586,Residential,10
r0083_c0078,38.9031168,-76.9848497,Residential,10
r0083_c0079,38.9031168,-76.9831135,Residential,10
r0083_c0080,38.9031168,-76.9813772,Residential,3
r0083_c0081,38.9031168,-76.979641,Residential,10
r0083_c0082,38.9031168,-76.9779047,Residential,10
r0083_c0083,38.9031168,-76.9761684,Residential,10
r0083_c0084,38.9031168,-76.9744322,Residential,10
r0083_c0085,38.9031168,-76.9726959,Residential,8
r0083_c0087,38.9031168,-76.9692234,Open Space,3
r0083_c0088,38.9031168,-76.9674871,Open Space,4
r0083_c0089,38.9031168,-76.9657509,Open Space,4
r0083_c0098,38.9031168,-76.9501245,Residential,19
r0083_c0099,38.9031168,-76.9483883,Residential,18
r0083_c0100,38.9031168,-76.946652,Residential,14
r0083_c0101,38.9031168,-76.9449157,Residential,5
r0083_c0102,38.9031168,-76.9431795,Residential,8
r0083_c0103,38.9031168,-76.9414432,Residential,4
r0083_c0106,38.9031168,-76.9362344,Residential,7
r0083_c0107,38.9031168,-76.9344982,Residential,10
r0083_c0108,38.9031168,-76.9327619,Residential,9
r0083_c0110,38.9031168,-76.9292894,Residential,29
r0083_c0111,38.9031168,-76.9275531,Residential,78
r0083_c0112,38.9031168,-76.9258169,Residential,78
r0083_c0113,38.9031168,-76.9240806,Residential,29
r0084_c0029,38.9044681,-77.0699265,Mixed-Use,6
r0084_c0031,38.9044681,-77.066454,Commercial,3
r0084_c0032,38.9044681,-77.0647178,Commercial,5
r0084_c0033,38.9044681,-77.0629815,Commercial,5
r0084_c0034,38.9044681,-77.0612452,Commercial,5
r0084_c0035,38.9044681,-77.059509,Commercial,3
r0084_c0036,38.9044681,-77.0577727,Commercial,6
r0084_c0038,38.9044681,-77.0543002,Residential,31
r0084_c0040,38.9044681,-77.0508277,Residential,4
r0084_c0041,38.9044681,-77.0490914,Residential,4
r0084_c0042,38.9044681,-77.0473552,Commercial,4
r0084_c0043,38.9044681,-77.0456189,Commercial,5
r0084_c0044,38.9044681,-77.0438826,Commercial,12
r0084_c0046,38.9044681,-77.0404101,Commercial,7
r0084_c0048,38.9044681,-77.0369376,Commercial,10
r0084_c0049,38.9044681,-77.0352013,Mixed-Use,4
r0084_c0050,38.9044681,-77.0334651,Mixed-Use,8
r0084_c0051,38.9044681,-77.0317288,Residential,12
r0084_c0052,38.9044681,-77.0299925,Residential,8
r0084_c0053,38.9044681,-77.0282563,Residential,15
r0084_c0057,38.9044681,-77.0213112,Residential,18
r0084_c0061,38.9044681,-77.0143662,Institutional,5
r0084_c0062,38.9044681,-77.0126299,Mixed-Use,10
r0084_c0063,38.9044681,-77.0108937,Residential,6
r0084_c0064,38.9044681,-77.0091574,Commercial,3
r0084_c0065,38.9044681,-77.0074211,Commercial,3
r0084_c0066,38.9044681,-77.0056849,Commercial,3
r0084_c0067,38.9044681,-77.0039486,Commercial,6
r0084_c0068,38.9044681,-77.0022124,Residential,4
r0084_c0069,38.9044681,-77.0004761,Residential,10
r0084_c0070,38.9044681,-76.9987398,Residential,10
r0084_c0071,38.9044681,-76.9970036,Residential,10
r0084_c0072,38.9044681,-76.9952673,Residential,8
r0084_c0074,38.9044681,-76.9917948,Residential,6
r0084_c0075,38.9044681,-76.9900585,Residential,9
r0084_c0076,38.9044681,-76.9883223,Residential,10
r0084_c0077,38.9044681,-76.986586,Residential,10
r0084_c0078,38.9044681,-76.9848497,Residential,10
r0084_c0079,38.9044681,-76.9831135,Residential,10
r0084_c0080,38.9044681,-76.9813772,Residential,7
r0084_c0081,38.9044681,-76.979641,Residential,7
r0084_c0082,38.9044681,-76.9779047,Residential,10
r0084_c0083,38.9044681,-76.9761684,Residential,11
r0084_c0084,38.9044681,-76.9744322,Residential,10
r0084_c0085,38.9044681,-76.9726959,Residential,8
r0084_c0087,38.9044681,-76.9692234,Open Space,3
r0084_c0088,38.9044681,-76.9674871,Open Space,4
r0084_c0089,38.9044681,-76.9657509,Open Space,4
r0084_c0092,38.9044681,-76.9605421,Open Space,3
r0084_c0098,38.9044681,-76.9501245,Residential,8
r0084_c0099,38.9044681,-76.9483883,Residential,20
r0084_c0100,38.9044681,-76.946652,Residential,3
r0084_c0101,38.9044681,-76.9449157,Residential,41
r0084_c0102,38.9044681,-76.9431795,Residential,46
r0084_c0103,38.9044681,-76.9414432,Residential,19
r0084_c0104,38.9044681,-76.939707,Residential,9
r0084_c0106,38.9044681,-76.9362344,Residential,6
r0084_c0107,38.9044681,-76.9344982,Residential,10
r0084_c0108,38.9044681,-76.9327619,Residential,10
r0084_c0110,38.9044681,-76.9292894,Residential,28
r0084_c0111,38.9044681,-76.9275531,Residential,41
r0084_c0112,38.9044681,-76.9258169,Residential,30
r0085_c0021,38.9058195,-77.0838166,Residential,3
r0085_c0031,38.9058195,-77.066454,Commercial,3
r0085_c0032,38.9058195,-77.0647178,Commercial,4
r0085_c0033,38.9058195,-77.0629815,Commercial,7
r0085_c0034,38.9058195,-77.0612452,Commercial,5
r0085_c0038,38.9058195,-77.0543002,Mixed-Use,3
r0085_c0039,38.9058195,-77.0525639,Mixed-Use,4
r0085_c0040,38.9058195,-77.0508277,Commercial,4
r0085_c0041,38.9058195,-77.0490914,Mixed-Use,6
r0085_c0043,38.9058195,-77.0456189,Residential,6
r0085_c0044,38.9058195,-77.0438826,Residential,15
r0085_c0046,38.9058195,-77.0404101,Commercial,3
r0085_c0048,38.9058195,-77.0369376,Residential,9
r0085_c0049,38.9058195,-77.0352013,Residential,7
r0085_c0052,38.9058195,-77.0299925,Residential,9
r0085_c0053,38.9058195,-77.0282563,Residential,27
r0085_c0054,38.9058195,-77.02652,Residential,37
r0085_c0055,38.9058195,-77.0247838,Residential,35
r0085_c0057,38.9058195,-77.0213112,Residential,18
r0085_c0058,38.9058195,-77.019575,Residential,3
r0085_c0059,38.9058195,-77.0178387,Residential,88
r0085_c0060,38.9058195,-77.0161025,Residential,66
r0085_c0061,38.9058195,-77.0143662,Residential,38
r0085_c0062,38.9058195,-77.0126299,Residential,12
r0085_c0063,38.9058195,-77.0108937,Residential,18
r0085_c0065,38.9058195,-77.0074211,Other,3
r0085_c0066,38.9058195,-77.0056849,Residential,4
r0085_c0067,38.9058195,-77.0039486,Commercial,3
r0085_c0068,38.9058195,-77.0022124,Residential,5
r0085_c0069,38.9058195,-77.0004761,Residential,8
r0085_c0070,38.9058195,-76.9987398,Residential,9
r0085_c0071,38.9058195,-76.9970036,Residential,5
r0085_c0073,38.9058195,-76.9935311,Institutional,3
r0085_c0075,38.9058195,-76.9900585,Residential,9
r0085_c0076,38.9058195,-76.9883223,Residential,10
r0085_c0077,38.9058195,-76.986586,Residential,10
r0085_c0078,38.9058195,-76.9848497,Residential,10
r0085_c0079,38.9058195,-76.9831135,Residential,9
r0085_c0080,38.9058195,-76.9813772,Residential,9
r0085_c0081,38.9058195,-76.979641,Residential,4
r0085_c0082,38.9058195,-76.9779047,Residential,10
r0085_c0083,38.9058195,-76.9761684,Residential,9
r0085_c0084,38.9058195,-76.9744322,Residential,4
r0085_c0085,38.9058195,-76.9726959,Residential,4
r0085_c0097,38.9058195,-76.9518608,Residential,4
r0085_c0098,38.9058195,-76.9501245,Residential,3
r0085_c0100,38.9058195,-76.946652,Residential,13
r0085_c0101,38.9058195,-76.9449157,Residential,56
r0085_c0102,38.9058195,-76.9431795,Residential,41
r0085_c0103,38.9058195,-76.9414432,Residential,42
r0085_c0104,38.9058195,-76.939707,Residential,6
r0085_c0105,38.9058195,-76.9379707,Residential,3
r0085_c0106,38.9058195,-76.9362344,Residential,9
r0085_c0107,38.9058195,-76.9344982,Residential,10
r0085_c0108,38.9058195,-76.9327619,Residential,8
r0085_c0110,38.9058195,-76.9292894,Residential,31
r0085_c0111,38.9058195,-76.9275531,Residential,47
r0086_c0019,38.9071708,-77.0872892,Residential,9
r0086_c0020,38.9071708,-77.0855529,Residential,11
r0086_c0021,38.9071708,-77.0838166,Residential,50
r0086_c0022,38.9071708,-77.0820804,Residential,62
r0086_c0023,38.9071708,-77.0803441,Residential,19
r0086_c0028,38.9071708,-77.0716628,Open Space,3
r0086_c0029,38.9071708,-77.0699265,Residential,44
r0086_c0030,38.9071708,-77.0681903,Residential,78
r0086_c0031,38.9071708,-77.066454,Residential,62
r0086_c0033,38.9071708,-77.0629815,Commercial,5
r0086_c0034,38.9071708,-77.0612452,Residential,56
r0086_c0035,38.9071708,-77.059509,Residential,50
r0086_c0036,38.9071708,-77.0577727,Residential,71
r0086_c0037,38.9071708,-77.0560365,Residential,60
r0086_c0039,38.9071708,-77.0525639,Mixed-Use,5
r0086_c0041,38.9071708,-77.0490914,Residential,15
r0086_c0042,38.9071708,-77.0473552,Residential,49
r0086_c0043,38.9071708,-77.0456189,Residential,31
r0086_c0045,38.9071708,-77.0421464,Commercial,4
r0086_c0046,38.9071708,-77.0404101,Commercial,3
r0086_c0047,38.9071708,-77.0386738,Residential,30
r0086_c0048,38.9071708,-77.0369376,Commercial,5
r0086_c0049,38.9071708,-77.0352013,Residential,3
r0086_c0051,38.9071708,-77.0317288,Mixed-Use,8
r0086_c0052,38.9071708,-77.0299925,Residential,14
r0086_c0053,38.9071708,-77.0282563,Residential,35
r0086_c0054,38.9071708,-77.02652,Residential,51
r0086_c0055,38.9071708,-77.0247838,Residential,53
r0086_c0056,38.9071708,-77.0230475,Residential,15
r0086_c0057,38.9071708,-77.0213112,Residential,16
r0086_c0058,38.9071708,-77.019575,Residential,3
r0086_c0059,38.9071708,-77.0178387,Residential,72
r0086_c0060,38.9071708,-77.0161025,Residential,43
r0086_c0061,38.9071708,-77.0143662,Residential,51
r0086_c0062,38.9071708,-77.0126299,Residential,22
r0086_c0063,38.9071708,-77.0108937,Residential,82
r0086_c0064,38.9071708,-77.0091574,Residential,28
r0086_c0065,38.9071708,-77.0074211,Mixed-Use,3
r0086_c0067,38.9071708,-77.0039486,Commercial,7
r0086_c0068,38.9071708,-77.0022124,Residential,5
r0086_c0069,38.9071708,-77.0004761,Residential,3
r0086_c0074,38.9071708,-76.9917948,Institutional,3
r0086_c0076,38.9071708,-76.9883223,Residential,10
r0086_c0077,38.9071708,-76.986586,Residential,10
r0086_c0078,38.9071708,-76.9848497,Residential,10
r0086_c0079,38.9071708,-76.9831135,Residential,7
r0086_c0080,38.9071708,-76.9813772,Residential,3
r0086_c0081,38.9071708,-76.979641,Residential,6
r0086_c0082,38.9071708,-76.9779047,Residential,4
r0086_c0100,38.9071708,-76.946652,Open Space,3
r0086_c0101,38.9071708,-76.9449157,Open Space,10
r0086_c0102,38.9071708,-76.9431795,Open Space,5
r0086_c0103,38.9071708,-76.9414432,Residential,31
r0086_c0104,38.9071708,-76.939707,Residential,26
r0086_c0105,38.9071708,-76.9379707,Residential,6
r0086_c0107,38.9071708,-76.9344982,Residential,8
r0086_c0109,38.9071708,-76.9310257,Residential,26
r0086_c0110,38.9071708,-76.9292894,Residential,46
r0087_c0018,38.9085222,-77.0890254,Residential,32
r0087_c0019,38.9085222,-77.0872892,Residential,26
r0087_c0020,38.9085222,-77.0855529,Residential,30
r0087_c0021,38.9085222,-77.0838166,Residential,18
r0087_c0022,38.9085222,-77.0820804,Residential,49
r0087_c0023,38.9085222,-77.0803441,Residential,47
r0087_c0025,38.9085222,-77.0768716,Institutional,11
r0087_c0028,38.9085222,-77.0716628,Open Space,3
r0087_c0029,38.9085222,-77.0699265,Residential,57
r0087_c0030,38.9085222,-77.0681903,Residential,83
r0087_c0031,38.9085222,-77.066454,Residential,90
r0087_c0032,38.9085222,-77.0647178,Commercial,3
r0087_c0033,38.9085222,-77.0629815,Commercial,3
r0087_c0034,38.9085222,-77.0612452,Residential,57
r0087_c0035,38.9085222,-77.059509,Residential,76
r0087_c0036,38.9085222,-77.0577727,Residential,93
r0087_c0037,38.9085222,-77.0560365,Residential,88
r0087_c0041,38.9085222,-77.0490914,Residential,21
r0087_c0042,38.9085222,-77.0473552,Residential,71
r0087_c0044,38.9085222,-77.0438826,Commercial,10
r0087_c0045,38.9085222,-77.0421464,Commercial,8
r0087_c0046,38.9085222,-77.0404101,Residential,16
r0087_c0047,38.9085222,-77.0386738,Residential,10
r0087_c0048,38.9085222,-77.0369376,Institutional,12
r0087_c0049,38.9085222,-77.0352013,Residential,21
r0087_c0051,38.9085222,-77.0317288,Residential,44
r0087_c0052,38.9085222,-77.0299925,Residential,43
r0087_c0053,38.9085222,-77.0282563,Residential,36
r0087_c0054,38.9085222,-77.02652,Residential,67
r0087_c0055,38.9085222,-77.0247838,Residential,77
r0087_c0056,38.9085222,-77.0230475,Residential,14
r0087_c0057,38.9085222,-77.0213112,Residential,5
r0087_c0058,38.9085222,-77.019575,Residential,45
r0087_c0059,38.9085222,-77.0178387,Residential,25
r0087_c0060,38.9085222,-77.0161025,Residential,32
r0087_c0061,38.9085222,-77.0143662,Open Space,3
r0087_c0062,38.9085222,-77.0126299,Residential,27
r0087_c0063,38.9085222,-77.0108937,Residential,56
r0087_c0064,38.9085222,-77.0091574,Residential,27
r0087_c0068,38.9085222,-77.0022124,Residential,5
r0087_c0070,38.9085222,-76.9987398,Commercial,9
r0087_c0071,38.9085222,-76.9970036,Commercial,4
r0087_c0073,38.9085222,-76.9935311,Residential,4
r0087_c0074,38.9085222,-76.9917948,Residential,3
r0087_c0076,38.9085222,-76.9883223,Residential,3
r0087_c0077,38.9085222,-76.986586,Residential,10
r0087_c0078,38.9085222,-76.9848497,Residential,10
r0087_c0079,38.9085222,-76.9831135,Residential,10
r0087_c0080,38.9085222,-76.9813772,Mixed-Use,5
r0087_c0081,38.9085222,-76.979641,Mixed-Use,10
r0087_c0082,38.9085222,-76.9779047,Other,4
r0087_c0087,38.9085222,-76.9692234,Open Space,8
r0087_c0088,38.9085222,-76.9674871,Open Space,7
r0087_c0091,38.9085222,-76.9622784,Open Space,3
r0087_c0092,38.9085222,-76.9605421,Open Space,3
r0087_c0100,38.9085222,-76.946652,Open Space,3
r0087_c0101,38.9085222,-76.9449157,Open Space,10
r0087_c0102,38.9085222,-76.9431795,Open Space,10
r0087_c0104,38.9085222,-76.939707,Residential,27
r0087_c0105,38.9085222,-76.9379707,Residential,20
r0087_c0106,38.9085222,-76.9362344,Residential,10
r0087_c0108,38.9085222,-76.9327619,Residential,3
r0087_c0109,38.9085222,-76.9310257,Residential,34
r0088_c0018,38.9098735,-77.0890254,Residential,17
r0088_c0021,38.9098735,-77.0838166,Residential,18
r0088_c0022,38.9098735,-77.0820804,Residential,100
r0088_c0023,38.9098735,-77.0803441,Residential,42
r0088_c0029,38.9098735,-77.0699265,Mixed-Use,7
r0088_c0032,38.9098735,-77.0647178,Commercial,5
r0088_c0033,38.9098735,-77.0629815,Residential,8
r0088_c0034,38.9098735,-77.0612452,Residential,7
r0088_c0035,38.9098735,-77.059509,Residential,8
r0088_c0036,38.9098735,-77.0577727,Residential,8
r0088_c0037,38.9098735,-77.0560365,Residential,7
r0088_c0038,38.9098735,-77.0543002,Residential,8
r0088_c0039,38.9098735,-77.0525639,Residential,7
r0088_c0044,38.9098735,-77.0438826,Commercial,10
r0088_c0045,38.9098735,-77.0421464,Commercial,9
r0088_c0046,38.9098735,-77.0404101,Residential,6
r0088_c0047,38.9098735,-77.0386738,Residential,5
r0088_c0049,38.9098735,-77.0352013,Residential,41
r0088_c0050,38.9098735,-77.0334651,Commercial,3
r0088_c0051,38.9098735,-77.0317288,Residential,39
r0088_c0053,38.9098735,-77.0282563,Residential,58
r0088_c0054,38.9098735,-77.02652,Residential,63
r0088_c0055,38.9098735,-77.0247838,Residential,32
r0088_c0056,38.9098735,-77.0230475,Residential,52
r0088_c0057,38.9098735,-77.0213112,Residential,35
r0088_c0058,38.9098735,-77.019575,Residential,59
r0088_c0059,38.9098735,-77.0178387,Residential,19
r0088_c0060,38.9098735,-77.0161025,Residential,58
r0088_c0061,38.9098735,-77.0143662,Residential,98
r0088_c0062,38.9098735,-77.0126299,Residential,82
r0088_c0063,38.9098735,-77.0108937,Residential,90
r0088_c0064,38.9098735,-77.0091574,Residential,39
r0088_c0068,38.9098735,-77.0022124,Industrial,3
r0088_c0070,38.9098735,-76.9987398,Commercial,7
r0088_c0071,38.9098735,-76.9970036,Commercial,3
r0088_c0074,38.9098735,-76.9917948,Institutional,9
r0088_c0076,38.9098735,-76.9883223,Residential,3
r0088_c0077,38.9098735,-76.986586,Residential,9
r0088_c0078,38.9098735,-76.9848497,Residential,4
r0088_c0079,38.9098735,-76.9831135,Mixed-Use,4
r0088_c0080,38.9098735,-76.9813772,Other,10
r0088_c0081,38.9098735,-76.979641,Other,10
r0088_c0082,38.9098735,-76.9779047,Other,9
r0088_c0087,38.9098735,-76.9692234,Open Space,10
r0088_c0088,38.9098735,-76.9674871,Open Space,9
r0088_c0101,38.9098735,-76.9449157,Open Space,3
r0088_c0104,38.9098735,-76.939707,Residential,23
r0088_c0107,38.9098735,-76.9344982,Residential,27
r0088_c0108,38.9098735,-76.9327619,Residential,37
r0089_c0019,38.9112249,-77.0872892,Residential,27
r0089_c0020,38.9112249,-77.0855529,Residential,39
r0089_c0021,38.9112249,-77.0838166,Residential,47
r0089_c0022,38.9112249,-77.0820804,Residential,64
r0089_c0023,38.9112249,-77.0803441,Residential,11
r0089_c0024,38.9112249,-77.0786079,Institutional,4
r0089_c0025,38.9112249,-77.0768716,Institutional,3
r0089_c0026,38.9112249,-77.0751353,Institutional,5
r0089_c0028,38.9112249,-77.0716628,Residential,3
r0089_c0029,38.9112249,-77.0699265,Residential,3
r0089_c0032,38.9112249,-77.0647178,Residential,8
r0089_c0034,38.9112249,-77.0612452,Residential,10
r0089_c0035,38.9112249,-77.059509,Residential,9
r0089_c0036,38.9112249,-77.0577727,Residential,10
r0089_c0037,38.9112249,-77.0560365,Residential,8
r0089_c0038,38.9112249,-77.0543002,Mixed-Use,8
r0089_c0039,38.9112249,-77.0525639,Residential,4
r0089_c0041,38.9112249,-77.0490914,Residential,4
r0089_c0043,38.9112249,-77.0456189,Residential,5
r0089_c0044,38.9112249,-77.0438826,Commercial,8
r0089_c0045,38.9112249,-77.0421464,Commercial,7
r0089_c0046,38.9112249,-77.0404101,Residential,8
r0089_c0047,38.9112249,-77.0386738,Commercial,8
r0089_c0049,38.9112249,-77.0352013,Residential,4
r0089_c0051,38.9112249,-77.0317288,Residential,49
r0089_c0052,38.9112249,-77.0299925,Residential,82
r0089_c0053,38.9112249,-77.0282563,Residential,37
r0089_c0054,38.9112249,-77.02652,Residential,6
r0089_c0055,38.9112249,-77.0247838,Residential,15
r0089_c0056,38.9112249,-77.0230475,Residential,91
r0089_c0057,38.9112249,-77.0213112,Residential,66
r0089_c0058,38.9112249,-77.019575,Residential,73
r0089_c0059,38.9112249,-77.0178387,Residential,86
r0089_c0060,38.9112249,-77.0161025,Residential,76
r0089_c0061,38.9112249,-77.0143662,Residential,4
r0089_c0062,38.9112249,-77.0126299,Residential,4
r0089_c0063,38.9112249,-77.0108937,Residential,81
r0089_c0067,38.9112249,-77.0039486,Residential,3
r0089_c0068,38.9112249,-77.0022124,Open Space,3
r0089_c0069,38.9112249,-77.0004761,Mixed-Use,6
r0089_c0070,38.9112249,-76.9987398,Industrial,3
r0089_c0073,38.9112249,-76.9935311,Open Space,9
r0089_c0075,38.9112249,-76.9900585,Residential,5
r0089_c0078,38.9112249,-76.9848497,Residential,27
r0089_c0080,38.9112249,-76.9813772,Other,9
r0089_c0081,38.9112249,-76.979641,Other,10
r0089_c0082,38.9112249,-76.9779047,Other,10
r0089_c0086,38.9112249,-76.9709597,Open Space,4
r0089_c0087,38.9112249,-76.9692234,Open Space,7
r0089_c0088,38.9112249,-76.9674871,Open Space,7
r0089_c0103,38.9112249,-76.9414432,Residential,10
r0089_c0104,38.9112249,-76.939707,Residential,42
r0089_c0106,38.9112249,-76.9362344,Other,7
r0089_c0107,38.9112249,-76.9344982,Residential,26
r0090_c0017,38.9125762,-77.0907617,Residential,27
r0090_c0018,38.9125762,-77.0890254,Residential,31
r0090_c0020,38.9125762,-77.0855529,Residential,17
r0090_c0021,38.9125762,-77.0838166,Residential,58
r0090_c0022,38.9125762,-77.0820804,Residential,62
r0090_c0025,38.9125762,-77.0768716,Residential,3
r0090_c0027,38.9125762,-77.0733991,Residential,4
r0090_c0028,38.9125762,-77.0716628,Residential,5
r0090_c0029,38.9125762,-77.0699265,Residential,5
r0090_c0030,38.9125762,-77.0681903,Residential,9
r0090_c0031,38.9125762,-77.066454,Residential,5
r0090_c0032,38.9125762,-77.0647178,Residential,9
r0090_c0033,38.9125762,-77.0629815,Residential,7
r0090_c0034,38.9125762,-77.0612452,Residential,5
r0090_c0035,38.9125762,-77.059509,Residential,7
r0090_c0036,38.9125762,-77.0577727,Residential,9
r0090_c0037,38.9125762,-77.0560365,Mixed-Use,9
r0090_c0038,38.9125762,-77.0543002,Mixed-Use,3
r0090_c0041,38.9125762,-77.0490914,Residential,54
r0090_c0042,38.9125762,-77.0473552,Residential,4
r0090_c0043,38.9125762,-77.0456189,Residential,7
r0090_c0044,38.9125762,-77.0438826,Residential,8
r0090_c0045,38.9125762,-77.0421464,Residential,7
r0090_c0046,38.9125762,-77.0404101,Residential,4
r0090_c0047,38.9125762,-77.0386738,Commercial,9
r0090_c0048,38.9125762,-77.0369376,Residential,7
r0090_c0049,38.9125762,-77.0352013,Residential,7
r0090_c0050,38.9125762,-77.0334651,Residential,45
r0090_c0051,38.9125762,-77.0317288,Residential,34
r0090_c0052,38.9125762,-77.0299925,Residential,75
r0090_c0054,38.9125762,-77.02652,Residential,38
r0090_c0055,38.9125762,-77.0247838,Residential,48
r0090_c0056,38.9125762,-77.0230475,Residential,9
r0090_c0057,38.9125762,-77.0213112,Residential,21
r0090_c0058,38.9125762,-77.019575,Residential,69
r0090_c0059,38.9125762,-77.0178387,Residential,75
r0090_c0060,38.9125762,-77.0161025,Residential,86
r0090_c0061,38.9125762,-77.0143662,Residential,5
r0090_c0063,38.9125762,-77.0108937,Residential,5
r0090_c0065,38.9125762,-77.0074211,Residential,96
r0090_c0066,38.9125762,-77.0056849,Residential,70
r0090_c0068,38.9125762,-77.0022124,Residential,36
r0090_c0069,38.9125762,-77.0004761,Mixed-Use,8
r0090_c0070,38.9125762,-76.9987398,Industrial,8
r0090_c0071,38.9125762,-76.9970036,Industrial,8
r0090_c0072,38.9125762,-76.9952673,Industrial,4
r0090_c0073,38.9125762,-76.9935311,Open Space,6
r0090_c0074,38.9125762,-76.9917948,Open Space,4
r0090_c0075,38.9125762,-76.9900585,Residential,19
r0090_c0076,38.9125762,-76.9883223,Residential,26
r0090_c0077,38.9125762,-76.986586,Residential,46
r0090_c0078,38.9125762,-76.9848497,Residential,45
r0090_c0079,38.9125762,-76.9831135,Residential,11
r0090_c0081,38.9125762,-76.979641,Other,10
r0090_c0082,38.9125762,-76.9779047,Other,9
r0090_c0084,38.9125762,-76.9744322,Residential,31
r0090_c0103,38.9125762,-76.9414432,Mixed-Use,7
r0090_c0104,38.9125762,-76.939707,Residential,29
r0090_c0105,38.9125762,-76.9379707,Residential,36
r0090_c0106,38.9125762,-76.9362344,Residential,6
r0091_c0016,38.9139276,-77.0924979,Residential,14
r0091_c0017,38.9139276,-77.0907617,Residential,29
r0091_c0019,38.9139276,-77.0872892,Residential,5
r0091_c0020,38.9139276,-77.0855529,Residential,13
r0091_c0021,38.9139276,-77.0838166,Residential,18
r0091_c0022,38.9139276,-77.0820804,Residential,3
r0091_c0025,38.9139276,-77.0768716,Residential,10
r0091_c0026,38.9139276,-77.0751353,Residential,3
r0091_c0027,38.9139276,-77.0733991,Residential,7
r0091_c0028,38.9139276,-77.0716628,Residential,7
r0091_c0029,38.9139276,-77.0699265,Residential,6
r0091_c0030,38.9139276,-77.0681903,Residential,9
r0091_c0031,38.9139276,-77.066454,Residential,7
r0091_c0032,38.9139276,-77.0647178,Residential,7
r0091_c0035,38.9139276,-77.059509,Other,4
r0091_c0036,38.9139276,-77.0577727,Mixed-Use,8
r0091_c0038,38.9139276,-77.0543002,Residential,8
r0091_c0039,38.9139276,-77.0525639,Residential,3
r0091_c0041,38.9139276,-77.0490914,Residential,3
r0091_c0042,38.9139276,-77.0473552,Residential,6
r0091_c0043,38.9139276,-77.0456189,Commercial,5
r0091_c0044,38.9139276,-77.0438826,Residential,9
r0091_c0045,38.9139276,-77.0421464,Residential,8
r0091_c0046,38.9139276,-77.0404101,Residential,8
r0091_c0047,38.9139276,-77.0386738,Residential,6
r0091_c0048,38.9139276,-77.0369376,Residential,7
r0091_c0049,38.9139276,-77.0352013,Residential,6
r0091_c0050,38.9139276,-77.0334651,Residential,66
r0091_c0052,38.9139276,-77.0299925,Residential,47
r0091_c0055,38.9139276,-77.0247838,Residential,80
r0091_c0057,38.9139276,-77.0213112,Residential,34
r0091_c0058,38.9139276,-77.019575,Residential,83
r0091_c0061,38.9139276,-77.0143662,Residential,85
r0091_c0065,38.9139276,-77.0074211,Mixed-Use,5
r0091_c0067,38.9139276,-77.0039486,Residential,15
r0091_c0068,38.9139276,-77.0022124,Residential,54
r0091_c0069,38.9139276,-77.0004761,Industrial,5
r0091_c0070,38.9139276,-76.9987398,Mixed-Use,10
r0091_c0071,38.9139276,-76.9970036,Industrial,8
r0091_c0072,38.9139276,-76.9952673,Industrial,7
r0091_c0073,38.9139276,-76.9935311,Industrial,4
r0091_c0074,38.9139276,-76.9917948,Industrial,3
r0091_c0080,38.9139276,-76.9813772,Other,4
r0091_c0081,38.9139276,-76.979641,Other,10
r0091_c0082,38.9139276,-76.9779047,Other,10
r0091_c0083,38.9139276,-76.9761684,Other,7
r0091_c0085,38.9139276,-76.9726959,Residential,42
r0091_c0087,38.9139276,-76.9692234,Mixed-Use,11
r0092_c0013,38.9152789,-77.0977067,Residential,6
r0092_c0014,38.9152789,-77.0959705,Residential,7
r0092_c0016,38.9152789,-77.0924979,Residential,14
r0092_c0017,38.9152789,-77.0907617,Open Space,3
r0092_c0018,38.9152789,-77.0890254,Open Space,7
r0092_c0020,38.9152789,-77.0855529,Residential,9
r0092_c0021,38.9152789,-77.0838166,Residential,12
r0092_c0023,38.9152789,-77.0803441,Residential,3
r0092_c0024,38.9152789,-77.0786079,Residential,9
r0092_c0025,38.9152789,-77.0768716,Residential,11
r0092_c0026,38.9152789,-77.0751353,Residential,9
r0092_c0027,38.9152789,-77.0733991,Residential,9
r0092_c0028,38.9152789,-77.0716628,Residential,10
r0092_c0029,38.9152789,-77.0699265,Residential,8
r0092_c0030,38.9152789,-77.0681903,Commercial,3
r0092_c0038,38.9152789,-77.0543002,Residential,3
r0092_c0039,38.9152789,-77.0525639,Residential,9
r0092_c0040,38.9152789,-77.0508277,Residential,8
r0092_c0041,38.9152789,-77.0490914,Residential,7
r0092_c0042,38.9152789,-77.0473552,Residential,7
r0092_c0043,38.9152789,-77.0456189,Commercial,5
r0092_c0044,38.9152789,-77.0438826,Residential,5
r0092_c0045,38.9152789,-77.0421464,Residential,9
r0092_c0046,38.9152789,-77.0404101,Residential,8
r0092_c0047,38.9152789,-77.0386738,Residential,7
r0092_c0048,38.9152789,-77.0369376,Residential,7
r0092_c0049,38.9152789,-77.0352013,Residential,7
r0092_c0050,38.9152789,-77.0334651,Residential,99
r0092_c0051,38.9152789,-77.0317288,Commercial,3
r0092_c0052,38.9152789,-77.0299925,Residential,72
r0092_c0053,38.9152789,-77.0282563,Residential,60
r0092_c0054,38.9152789,-77.02652,Residential,69
r0092_c0055,38.9152789,-77.0247838,Residential,92
r0092_c0057,38.9152789,-77.0213112,Commercial,3
r0092_c0059,38.9152789,-77.0178387,Residential,74
r0092_c0060,38.9152789,-77.0161025,Residential,50
r0092_c0062,38.9152789,-77.0126299,Commercial,3
r0092_c0065,38.9152789,-77.0074211,Residential,52
r0092_c0066,38.9152789,-77.0056849,Residential,3
r0092_c0067,38.9152789,-77.0039486,Residential,24
r0092_c0070,38.9152789,-76.9987398,Mixed-Use,10
r0092_c0071,38.9152789,-76.9970036,Industrial,6
r0092_c0072,38.9152789,-76.9952673,Industrial,9
r0092_c0074,38.9152789,-76.9917948,Industrial,8
r0092_c0075,38.9152789,-76.9900585,Industrial,10
r0092_c0076,38.9152789,-76.9883223,Industrial,6
r0092_c0078,38.9152789,-76.9848497,Commercial,8
r0092_c0079,38.9152789,-76.9831135,Commercial,7
r0092_c0081,38.9152789,-76.979641,Other,6
r0092_c0083,38.9152789,-76.9761684,Other,7
r0092_c0084,38.9152789,-76.9744322,Other,6
r0092_c0085,38.9152789,-76.9726959,Residential,10
r0092_c0086,38.9152789,-76.9709597,Residential,11
r0092_c0104,38.9152789,-76.939707,Mixed-Use,10
r0093_c0013,38.9166303,-77.0977067,Residential,8
r0093_c0014,38.9166303,-77.0959705,Commercial,4
r0093_c0015,38.9166303,-77.0942342,Residential,7
r0093_c0018,38.9166303,-77.0890254,Open Space,3
r0093_c0019,38.9166303,-77.0872892,Residential,4
r0093_c0023,38.9166303,-77.0803441,Residential,10
r0093_c0024,38.9166303,-77.0786079,Residential,10
r0093_c0025,38.9166303,-77.0768716,Residential,11
r0093_c0026,38.9166303,-77.0751353,Residential,5
r0093_c0027,38.9166303,-77.0733991,Residential,5
r0093_c0028,38.9166303,-77.0716628,Residential,4
r0093_c0029,38.9166303,-77.0699265,Residential,5
r0093_c0030,38.9166303,-77.0681903,Mixed-Use,4
r0093_c0031,38.9166303,-77.066454,Commercial,6
r0093_c0032,38.9166303,-77.0647178,Open Space,5
r0093_c0033,38.9166303,-77.0629815,Open Space,3
r0093_c0037,38.9166303,-77.0560365,Residential,4
r0093_c0038,38.9166303,-77.0543002,Residential,8
r0093_c0039,38.9166303,-77.0525639,Residential,8
r0093_c0040,38.9166303,-77.0508277,Residential,6
r0093_c0041,38.9166303,-77.0490914,Residential,5
r0093_c0042,38.9166303,-77.0473552,Residential,6
r0093_c0043,38.9166303,-77.0456189,Commercial,5
r0093_c0044,38.9166303,-77.0438826,Commercial,7
r0093_c0045,38.9166303,-77.0421464,Residential,8
r0093_c0046,38.9166303,-77.0404101,Residential,8
r0093_c0047,38.9166303,-77.0386738,Residential,6
r0093_c0048,38.9166303,-77.0369376,Residential,5
r0093_c0049,38.9166303,-77.0352013,Residential,7
r0093_c0051,38.9166303,-77.0317288,Commercial,5
r0093_c0052,38.9166303,-77.0299925,Commercial,3
r0093_c0053,38.9166303,-77.0282563,Commercial,3
r0093_c0056,38.9166303,-77.0230475,Commercial,4
r0093_c0058,38.9166303,-77.019575,Residential,63
r0093_c0059,38.9166303,-77.0178387,Residential,3
r0093_c0060,38.9166303,-77.0161025,Residential,10
r0093_c0061,38.9166303,-77.0143662,Residential,9
r0093_c0062,38.9166303,-77.0126299,Residential,8
r0093_c0063,38.9166303,-77.0108937,Residential,8
r0093_c0064,38.9166303,-77.0091574,Residential,3
r0093_c0065,38.9166303,-77.0074211,Residential,72
r0093_c0066,38.9166303,-77.0056849,Residential,86
r0093_c0067,38.9166303,-77.0039486,Residential,93
r0093_c0068,38.9166303,-77.0022124,Residential,38
r0093_c0069,38.9166303,-77.0004761,Residential,51
r0093_c0070,38.9166303,-76.9987398,Industrial,8
r0093_c0071,38.9166303,-76.9970036,Industrial,7
r0093_c0072,38.9166303,-76.9952673,Industrial,10
r0093_c0073,38.9166303,-76.9935311,Commercial,5
r0093_c0075,38.9166303,-76.9900585,Industrial,7
r0093_c0076,38.9166303,-76.9883223,Industrial,10
r0093_c0077,38.9166303,-76.986586,Industrial,10
r0093_c0078,38.9166303,-76.9848497,Industrial,7
r0093_c0079,38.9166303,-76.9831135,Commercial,3
r0093_c0080,38.9166303,-76.9813772,Commercial,4
r0093_c0082,38.9166303,-76.9779047,Mixed-Use,3
r0093_c0083,38.9166303,-76.9761684,Other,9
r0093_c0084,38.9166303,-76.9744322,Mixed-Use,5
r0093_c0085,38.9166303,-76.9726959,Commercial,3
r0093_c0086,38.9166303,-76.9709597,Mixed-Use,3
r0093_c0088,38.9166303,-76.9674871,Mixed-Use,6
r0093_c0094,38.9166303,-76.9570696,Commercial,3
r0093_c0095,38.9166303,-76.9553333,Commercial,5
r0094_c0012,38.9179817,-77.099443,Residential,4
r0094_c0013,38.9179817,-77.0977067,Residential,4
r0094_c0014,38.9179817,-77.0959705,Residential,5
r0094_c0015,38.9179817,-77.0942342,Residential,10
r0094_c0016,38.9179817,-77.0924979,Residential,4
r0094_c0017,38.9179817,-77.0907617,Institutional,5
r0094_c0018,38.9179817,-77.0890254,Residential,4
r0094_c0019,38.9179817,-77.0872892,Residential,11
r0094_c0020,38.9179817,-77.0855529,Residential,7
r0094_c0027,38.9179817,-77.0733991,Residential,6
r0094_c0028,38.9179817,-77.0716628,Mixed-Use,7
r0094_c0029,38.9179817,-77.0699265,Commercial,9
r0094_c0030,38.9179817,-77.0681903,Commercial,7
r0094_c0038,38.9179817,-77.0543002,Residential,9
r0094_c0039,38.9179817,-77.0525639,Residential,8
r0094_c0040,38.9179817,-77.0508277,Residential,9
r0094_c0041,38.9179817,-77.0490914,Residential,4
r0094_c0042,38.9179817,-77.0473552,Residential,6
r0094_c0044,38.9179817,-77.0438826,Residential,8
r0094_c0045,38.9179817,-77.0421464,Residential,7
r0094_c0046,38.9179817,-77.0404101,Residential,7
r0094_c0047,38.9179817,-77.0386738,Residential,5
r0094_c0048,38.9179817,-77.0369376,Residential,5
r0094_c0049,38.9179817,-77.0352013,Residential,7
r0094_c0050,38.9179817,-77.0334651,Institutional,4
r0094_c0051,38.9179817,-77.0317288,Commercial,3
r0094_c0052,38.9179817,-77.0299925,Residential,55
r0094_c0053,38.9179817,-77.0282563,Residential,54
r0094_c0056,38.9179817,-77.0230475,Residential,8
r0094_c0058,38.9179817,-77.019575,Institutional,3
r0094_c0059,38.9179817,-77.0178387,Residential,4
r0094_c0060,38.9179817,-77.0161025,Residential,5
r0094_c0061,38.9179817,-77.0143662,Residential,8
r0094_c0062,38.9179817,-77.0126299,Residential,5
r0094_c0063,38.9179817,-77.0108937,Residential,6
r0094_c0064,38.9179817,-77.0091574,Residential,4
r0094_c0065,38.9179817,-77.0074211,Other,3
r0094_c0068,38.9179817,-77.0022124,Residential,68
r0094_c0069,38.9179817,-77.0004761,Residential,55
r0094_c0070,38.9179817,-76.9987398,Industrial,5
r0094_c0071,38.9179817,-76.9970036,Industrial,6
r0094_c0072,38.9179817,-76.9952673,Industrial,10
r0094_c0073,38.9179817,-76.9935311,Industrial,8
r0094_c0076,38.9179817,-76.9883223,Industrial,3
r0094_c0077,38.9179817,-76.986586,Industrial,6
r0094_c0078,38.9179817,-76.9848497,Industrial,9
r0094_c0079,38.9179817,-76.9831135,Industrial,10
r0094_c0081,38.9179817,-76.979641,Mixed-Use,3
r0094_c0083,38.9179817,-76.9761684,Mixed-Use,4
r0094_c0085,38.9179817,-76.9726959,Commercial,5
r0094_c0086,38.9179817,-76.9709597,Commercial,5
r0094_c0087,38.9179817,-76.9692234,Commercial,4
r0094_c0088,38.9179817,-76.9674871,Commercial,3
r0094_c0089,38.9179817,-76.9657509,Commercial,4
r0094_c0090,38.9179817,-76.9640146,Commercial,4
r0094_c0091,38.9179817,-76.9622784,Commercial,3
r0095_c0011,38.919333,-77.1011792,Commercial,4
r0095_c0012,38.919333,-77.099443,Residential,5
r0095_c0013,38.919333,-77.0977067,Residential,8
r0095_c0014,38.919333,-77.0959705,Residential,9
r0095_c0015,38.919333,-77.0942342,Residential,6
r0095_c0016,38.919333,-77.0924979,Residential,6
r0095_c0017,38.919333,-77.0907617,Residential,6
r0095_c0018,38.919333,-77.0890254,Residential,6
r0095_c0019,38.919333,-77.0872892,Residential,8
r0095_c0022,38.919333,-77.0820804,Residential,5
r0095_c0023,38.919333,-77.0803441,Residential,7
r0095_c0024,38.919333,-77.0786079,Residential,7
r0095_c0025,38.919333,-77.0768716,Residential,8
r0095_c0026,38.919333,-77.0751353,Residential,8
r0095_c0027,38.919333,-77.0733991,Residential,8
r0095_c0028,38.919333,-77.0716628,Residential,9
r0095_c0029,38.919333,-77.0699265,Commercial,8
r0095_c0031,38.919333,-77.066454,Mixed-Use,7
r0095_c0032,38.919333,-77.0647178,Residential,4
r0095_c0033,38.919333,-77.0629815,Residential,3
r0095_c0035,38.919333,-77.059509,Residential,5
r0095_c0036,38.919333,-77.0577727,Residential,6
r0095_c0041,38.919333,-77.0490914,Residential,5
r0095_c0042,38.919333,-77.0473552,Residential,8
r0095_c0043,38.919333,-77.0456189,Residential,7
r0095_c0044,38.919333,-77.0438826,Residential,7
r0095_c0045,38.919333,-77.0421464,Residential,6
r0095_c0046,38.919333,-77.0404101,Residential,3
r0095_c0047,38.919333,-77.0386738,Residential,9
r0095_c0048,38.919333,-77.0369376,Residential,7
r0095_c0049,38.919333,-77.0352013,Residential,4
r0095_c0050,38.919333,-77.0334651,Residential,9
r0095_c0051,38.919333,-77.0317288,Commercial,5
r0095_c0052,38.919333,-77.0299925,Residential,3
r0095_c0053,38.919333,-77.0282563,Residential,3
r0095_c0054,38.919333,-77.02652,Residential,64
r0095_c0055,38.919333,-77.0247838,Residential,32
r0095_c0056,38.919333,-77.0230475,Other,4
r0095_c0057,38.919333,-77.0213112,Institutional,8
r0095_c0058,38.919333,-77.019575,Institutional,4
r0095_c0059,38.919333,-77.0178387,Residential,3
r0095_c0060,38.919333,-77.0161025,Residential,6
r0095_c0061,38.919333,-77.0143662,Residential,4
r0095_c0062,38.919333,-77.0126299,Residential,96
r0095_c0063,38.919333,-77.0108937,Residential,113
r0095_c0064,38.919333,-77.0091574,Other,4
r0095_c0065,38.919333,-77.0074211,Other,10
r0095_c0066,38.919333,-77.0056849,Other,9
r0095_c0068,38.919333,-77.0022124,Residential,34
r0095_c0071,38.919333,-76.9970036,Industrial,4
r0095_c0072,38.919333,-76.9952673,Industrial,8
r0095_c0073,38.919333,-76.9935311,Commercial,11
r0095_c0074,38.919333,-76.9917948,Commercial,7
r0095_c0075,38.919333,-76.9900585,Industrial,3
r0095_c0076,38.919333,-76.9883223,Residential,23
r0095_c0077,38.919333,-76.986586,Residential,46
r0095_c0081,38.919333,-76.979641,Residential,3
r0095_c0082,38.919333,-76.9779047,Mixed-Use,15
r0095_c0084,38.919333,-76.9744322,Mixed-Use,6
r0095_c0085,38.919333,-76.9726959,Mixed-Use,7
r0095_c0086,38.919333,-76.9709597,Mixed-Use,7
r0095_c0088,38.919333,-76.9674871,Mixed-Use,4
r0095_c0089,38.919333,-76.9657509,Residential,7
r0095_c0090,38.919333,-76.9640146,Mixed-Use,4
r0095_c0091,38.919333,-76.9622784,Mixed-Use,4
r0095_c0092,38.919333,-76.9605421,Mixed-Use,3
r0095_c0093,38.919333,-76.9588058,Mixed-Use,8
r0095_c0095,38.919333,-76.9553333,Commercial,8
r0095_c0096,38.919333,-76.953597,Commercial,6
r0095_c0097,38.919333,-76.9518608,Commercial,4
r0095_c0098,38.919333,-76.9501245,Commercial,3
r0096_c0011,38.9206844,-77.1011792,Residential,3
r0096_c0012,38.9206844,-77.099443,Residential,3
r0096_c0013,38.9206844,-77.0977067,Residential,9
r0096_c0014,38.9206844,-77.0959705,Residential,10
r0096_c0015,38.9206844,-77.0942342,Residential,9
r0096_c0016,38.9206844,-77.0924979,Residential,10
r0096_c0017,38.9206844,-77.0907617,Residential,10
r0096_c0018,38.9206844,-77.0890254,Residential,6
r0096_c0022,38.9206844,-77.0820804,Residential,5
r0096_c0023,38.9206844,-77.0803441,Residential,10
r0096_c0024,38.9206844,-77.0786079,Residential,9
r0096_c0025,38.9206844,-77.0768716,Residential,9
r0096_c0026,38.9206844,-77.0751353,Residential,9
r0096_c0027,38.9206844,-77.0733991,Residential,7
r0096_c0028,38.9206844,-77.0716628,Commercial,7
r0096_c0029,38.9206844,-77.0699265,Commercial,3
r0096_c0031,38.9206844,-77.066454,Mixed-Use,8
r0096_c0032,38.9206844,-77.0647178,Mixed-Use,3
r0096_c0035,38.9206844,-77.059509,Residential,5
r0096_c0036,38.9206844,-77.0577727,Residential,5
r0096_c0037,38.9206844,-77.0560365,Residential,7
r0096_c0039,38.9206844,-77.0525639,Open Space,5
r0096_c0042,38.9206844,-77.0473552,Residential,8
r0096_c0043,38.9206844,-77.0456189,Residential,7
r0096_c0044,38.9206844,-77.0438826,Residential,5
r0096_c0045,38.9206844,-77.0421464,Commercial,5
r0096_c0046,38.9206844,-77.0404101,Residential,6
r0096_c0047,38.9206844,-77.0386738,Residential,7
r0096_c0048,38.9206844,-77.0369376,Residential,7
r0096_c0049,38.9206844,-77.0352013,Residential,4
r0096_c0050,38.9206844,-77.0334651,Residential,10
r0096_c0051,38.9206844,-77.0317288,Residential,3
r0096_c0052,38.9206844,-77.0299925,Residential,6
r0096_c0053,38.9206844,-77.0282563,Residential,3
r0096_c0054,38.9206844,-77.02652,Residential,4
r0096_c0057,38.9206844,-77.0213112,Institutional,7
r0096_c0058,38.9206844,-77.019575,Institutional,13
r0096_c0059,38.9206844,-77.0178387,Institutional,3
r0096_c0060,38.9206844,-77.0161025,Mixed-Use,9
r0096_c0061,38.9206844,-77.0143662,Industrial,3
r0096_c0063,38.9206844,-77.0108937,Residential,87
r0096_c0064,38.9206844,-77.0091574,Mixed-Use,4
r0096_c0065,38.9206844,-77.0074211,Mixed-Use,10
r0096_c0066,38.9206844,-77.0056849,Other,8
r0096_c0068,38.9206844,-77.0022124,Residential,106
r0096_c0069,38.9206844,-77.0004761,Commercial,3
r0096_c0070,38.9206844,-76.9987398,Commercial,3
r0096_c0071,38.9206844,-76.9970036,Industrial,3
r0096_c0073,38.9206844,-76.9935311,Commercial,7
r0096_c0074,38.9206844,-76.9917948,Commercial,10
r0096_c0075,38.9206844,-76.9900585,Commercial,6
r0096_c0076,38.9206844,-76.9883223,Residential,60
r0096_c0077,38.9206844,-76.986586,Residential,72
r0096_c0078,38.9206844,-76.9848497,Residential,68
r0096_c0080,38.9206844,-76.9813772,Residential,4
r0096_c0082,38.9206844,-76.9779047,Residential,11
r0096_c0084,38.9206844,-76.9744322,Mixed-Use,4
r0096_c0085,38.9206844,-76.9726959,Mixed-Use,9
r0096_c0086,38.9206844,-76.9709597,Other,3
r0096_c0088,38.9206844,-76.9674871,Residential,5
r0096_c0090,38.9206844,-76.9640146,Residential,18
r0096_c0092,38.9206844,-76.9605421,Mixed-Use,13
r0096_c0093,38.9206844,-76.9588058,Residential,3
r0096_c0094,38.9206844,-76.9570696,Residential,7
r0096_c0095,38.9206844,-76.9553333,Commercial,9
r0096_c0096,38.9206844,-76.953597,Commercial,10
r0096_c0097,38.9206844,-76.9518608,Commercial,10
r0096_c0098,38.9206844,-76.9501245,Commercial,8
r0097_c0011,38.9220357,-77.1011792,Residential,8
r0097_c0012,38.9220357,-77.099443,Residential,6
r0097_c0014,38.9220357,-77.0959705,Residential,9
r0097_c0015,38.9220357,-77.0942342,Residential,10
r0097_c0016,38.9220357,-77.0924979,Residential,10
r0097_c0017,38.9220357,-77.0907617,Residential,10
r0097_c0018,38.9220357,-77.0890254,Residential,3
r0097_c0019,38.9220357,-77.0872892,Residential,5
r0097_c0022,38.9220357,-77.0820804,Residential,4
r0097_c0023,38.9220357,-77.0803441,Residential,8
r0097_c0024,38.9220357,-77.0786079,Residential,9
r0097_c0025,38.9220357,-77.0768716,Residential,9
r0097_c0026,38.9220357,-77.0751353,Residential,9
r0097_c0027,38.9220357,-77.0733991,Residential,7
r0097_c0029,38.9220357,-77.0699265,Mixed-Use,3
r0097_c0030,38.9220357,-77.0681903,Mixed-Use,9
r0097_c0032,38.9220357,-77.0647178,Residential,7
r0097_c0035,38.9220357,-77.059509,Residential,6
r0097_c0036,38.9220357,-77.0577727,Residential,9
r0097_c0037,38.9220357,-77.0560365,Residential,9
r0097_c0038,38.9220357,-77.0543002,Commercial,10
r0097_c0039,38.9220357,-77.0525639,Commercial,8
r0097_c0042,38.9220357,-77.0473552,Residential,7
r0097_c0043,38.9220357,-77.0456189,Residential,8
r0097_c0044,38.9220357,-77.0438826,Residential,7
r0097_c0045,38.9220357,-77.0421464,Commercial,4
r0097_c0046,38.9220357,-77.0404101,Residential,9
r0097_c0047,38.9220357,-77.0386738,Residential,6
r0097_c0048,38.9220357,-77.0369376,Residential,6
r0097_c0049,38.9220357,-77.0352013,Residential,6
r0097_c0050,38.9220357,-77.0334651,Residential,9
r0097_c0051,38.9220357,-77.0317288,Residential,5
r0097_c0052,38.9220357,-77.0299925,Residential,6
r0097_c0054,38.9220357,-77.02652,Residential,6
r0097_c0057,38.9220357,-77.0213112,Institutional,5
r0097_c0058,38.9220357,-77.019575,Institutional,5
r0097_c0060,38.9220357,-77.0161025,Industrial,8
r0097_c0061,38.9220357,-77.0143662,Industrial,10
r0097_c0062,38.9220357,-77.0126299,Industrial,8
r0097_c0063,38.9220357,-77.0108937,Residential,56
r0097_c0064,38.9220357,-77.0091574,Residential,4
r0097_c0065,38.9220357,-77.0074211,Mixed-Use,10
r0097_c0066,38.9220357,-77.0056849,Other,10
r0097_c0067,38.9220357,-77.0039486,Other,5
r0097_c0068,38.9220357,-77.0022124,Residential,95
r0097_c0069,38.9220357,-77.0004761,Commercial,5
r0097_c0070,38.9220357,-76.9987398,Commercial,10
r0097_c0071,38.9220357,-76.9970036,Residential,9
r0097_c0077,38.9220357,-76.986586,Other,4
r0097_c0080,38.9220357,-76.9813772,Residential,8
r0097_c0081,38.9220357,-76.979641,Residential,9
r0097_c0082,38.9220357,-76.9779047,Residential,75
r0097_c0083,38.9220357,-76.9761684,Residential,40
r0097_c0084,38.9220357,-76.9744322,Residential,24
r0097_c0086,38.9220357,-76.9709597,Mixed-Use,8
r0097_c0087,38.9220357,-76.9692234,Industrial,7
r0097_c0089,38.9220357,-76.9657509,Residential,37
r0097_c0090,38.9220357,-76.9640146,Residential,33
r0097_c0091,38.9220357,-76.9622784,Residential,22
r0097_c0092,38.9220357,-76.9605421,Residential,4
r0097_c0093,38.9220357,-76.9588058,Residential,10
r0097_c0094,38.9220357,-76.9570696,Residential,7
r0097_c0096,38.9220357,-76.953597,Commercial,7
r0097_c0097,38.9220357,-76.9518608,Commercial,6
r0098_c0010,38.9233871,-77.1029155,Residential,6
r0098_c0011,38.9233871,-77.1011792,Residential,8
r0098_c0012,38.9233871,-77.099443,Residential,9
r0098_c0013,38.9233871,-77.0977067,Residential,3
r0098_c0015,38.9233871,-77.0942342,Residential,10
r0098_c0016,38.9233871,-77.0924979,Residential,10
r0098_c0017,38.9233871,-77.0907617,Residential,10
r0098_c0018,38.9233871,-77.0890254,Residential,10
r0098_c0019,38.9233871,-77.0872892,Residential,7
r0098_c0022,38.9233871,-77.0820804,Residential,3
r0098_c0023,38.9233871,-77.0803441,Residential,5
r0098_c0024,38.9233871,-77.0786079,Residential,5
r0098_c0025,38.9233871,-77.0768716,Residential,7
r0098_c0026,38.9233871,-77.0751353,Residential,5
r0098_c0027,38.9233871,-77.0733991,Residential,5
r0098_c0028,38.9233871,-77.0716628,Residential,8
r0098_c0029,38.9233871,-77.0699265,Residential,5
r0098_c0031,38.9233871,-77.066454,Residential,4
r0098_c0032,38.9233871,-77.0647178,Residential,6
r0098_c0033,38.9233871,-77.0629815,Residential,3
r0098_c0034,38.9233871,-77.0612452,Residential,10
r0098_c0035,38.9233871,-77.059509,Residential,8
r0098_c0036,38.9233871,-77.0577727,Residential,6
r0098_c0037,38.9233871,-77.0560365,Residential,7
r0098_c0038,38.9233871,-77.0543002,Commercial,8
r0098_c0039,38.9233871,-77.0525639,Commercial,6
r0098_c0040,38.9233871,-77.0508277,Commercial,3
r0098_c0043,38.9233871,-77.0456189,Residential,6
r0098_c0044,38.9233871,-77.0438826,Residential,7
r0098_c0045,38.9233871,-77.0421464,Commercial,7
r0098_c0046,38.9233871,-77.0404101,Residential,7
r0098_c0047,38.9233871,-77.0386738,Residential,6
r0098_c0048,38.9233871,-77.0369376,Residential,5
r0098_c0049,38.9233871,-77.0352013,Residential,7
r0098_c0050,38.9233871,-77.0334651,Residential,9
r0098_c0051,38.9233871,-77.0317288,Residential,4
r0098_c0052,38.9233871,-77.0299925,Residential,8
r0098_c0053,38.9233871,-77.0282563,Residential,9
r0098_c0057,38.9233871,-77.0213112,Institutional,5
r0098_c0058,38.9233871,-77.019575,Institutional,6
r0098_c0059,38.9233871,-77.0178387,Industrial,8
r0098_c0060,38.9233871,-77.0161025,Industrial,10
r0098_c0061,38.9233871,-77.0143662,Industrial,11
r0098_c0062,38.9233871,-77.0126299,Industrial,9
r0098_c0063,38.9233871,-77.0108937,Other,3
r0098_c0064,38.9233871,-77.0091574,Residential,5
r0098_c0065,38.9233871,-77.0074211,Mixed-Use,10
r0098_c0066,38.9233871,-77.0056849,Other,10
r0098_c0067,38.9233871,-77.0039486,Other,7
r0098_c0068,38.9233871,-77.0022124,Residential,77
r0098_c0069,38.9233871,-77.0004761,Residential,5
r0098_c0070,38.9233871,-76.9987398,Residential,10
r0098_c0071,38.9233871,-76.9970036,Residential,10
r0098_c0073,38.9233871,-76.9935311,Residential,9
r0098_c0074,38.9233871,-76.9917948,Residential,8
r0098_c0075,38.9233871,-76.9900585,Residential,3
r0098_c0077,38.9233871,-76.986586,Residential,12
r0098_c0079,38.9233871,-76.9831135,Residential,9
r0098_c0080,38.9233871,-76.9813772,Residential,10
r0098_c0081,38.9233871,-76.979641,Residential,9
r0098_c0082,38.9233871,-76.9779047,Mixed-Use,5
r0098_c0083,38.9233871,-76.9761684,Residential,8
r0098_c0084,38.9233871,-76.9744322,Residential,45
r0098_c0085,38.9233871,-76.9726959,Residential,33
r0098_c0086,38.9233871,-76.9709597,Industrial,6
r0098_c0087,38.9233871,-76.9692234,Industrial,7
r0098_c0089,38.9233871,-76.9657509,Residential,35
r0098_c0091,38.9233871,-76.9622784,Residential,5
r0098_c0092,38.9233871,-76.9605421,Residential,10
r0098_c0093,38.9233871,-76.9588058,Residential,6
r0098_c0095,38.9233871,-76.9553333,Residential,62
r0098_c0096,38.9233871,-76.953597,Residential,53
r0098_c0097,38.9233871,-76.9518608,Residential,43
r0098_c0098,38.9233871,-76.9501245,Residential,17
r0099_c0010,38.9247384,-77.1029155,Residential,6
r0099_c0011,38.9247384,-77.1011792,Residential,7
r0099_c0012,38.9247384,-77.099443,Residential,10
r0099_c0013,38.9247384,-77.0977067,Residential,9
r0099_c0015,38.9247384,-77.0942342,Residential,9
r0099_c0016,38.9247384,-77.0924979,Residential,10
r0099_c0017,38.9247384,-77.0907617,Residential,10
r0099_c0018,38.9247384,-77.0890254,Residential,10
r0099_c0019,38.9247384,-77.0872892,Residential,10
r0099_c0022,38.9247384,-77.0820804,Mixed-Use,5
r0099_c0023,38.9247384,-77.0803441,Residential,9
r0099_c0024,38.9247384,-77.0786079,Residential,8
r0099_c0025,38.9247384,-77.0768716,Residential,9
r0099_c0027,38.9247384,-77.0733991,Residential,5
r0099_c0028,38.9247384,-77.0716628,Residential,9
r0099_c0029,38.9247384,-77.0699265,Residential,9
r0099_c0030,38.9247384,-77.0681903,Residential,6
r0099_c0033,38.9247384,-77.0629815,Residential,9
r0099_c0034,38.9247384,-77.0612452,Residential,9
r0099_c0035,38.9247384,-77.059509,Residential,8
r0099_c0036,38.9247384,-77.0577727,Residential,10
r0099_c0037,38.9247384,-77.0560365,Residential,10
r0099_c0038,38.9247384,-77.0543002,Mixed-Use,10
r0099_c0039,38.9247384,-77.0525639,Residential,7
r0099_c0040,38.9247384,-77.0508277,Residential,9
r0099_c0042,38.9247384,-77.0473552,Mixed-Use,8
r0099_c0044,38.9247384,-77.0438826,Residential,8
r0099_c0045,38.9247384,-77.0421464,Residential,9
r0099_c0046,38.9247384,-77.0404101,Residential,7
r0099_c0047,38.9247384,-77.0386738,Residential,6
r0099_c0048,38.9247384,-77.0369376,Residential,5
r0099_c0049,38.9247384,-77.0352013,Residential,5
r0099_c0050,38.9247384,-77.0334651,Residential,10
r0099_c0051,38.9247384,-77.0317288,Residential,6
r0099_c0052,38.9247384,-77.0299925,Residential,8
r0099_c0053,38.9247384,-77.0282563,Residential,9
r0099_c0055,38.9247384,-77.0247838,Residential,111
r0099_c0056,38.9247384,-77.0230475,Residential,65
r0099_c0057,38.9247384,-77.0213112,Institutional,6
r0099_c0058,38.9247384,-77.019575,Industrial,3
r0099_c0059,38.9247384,-77.0178387,Industrial,10
r0099_c0060,38.9247384,-77.0161025,Industrial,10
r0099_c0061,38.9247384,-77.0143662,Industrial,11
r0099_c0062,38.9247384,-77.0126299,Industrial,10
r0099_c0063,38.9247384,-77.0108937,Other,10
r0099_c0064,38.9247384,-77.0091574,Residential,9
r0099_c0065,38.9247384,-77.0074211,Mixed-Use,10
r0099_c0066,38.9247384,-77.0056849,Mixed-Use,10
r0099_c0067,38.9247384,-77.0039486,Mixed-Use,10
r0099_c0069,38.9247384,-77.0004761,Residential,8
r0099_c0070,38.9247384,-76.9987398,Residential,8
r0099_c0071,38.9247384,-76.9970036,Residential,9
r0099_c0073,38.9247384,-76.9935311,Residential,48
r0099_c0074,38.9247384,-76.9917948,Residential,3
r0099_c0075,38.9247384,-76.9900585,Residential,10
r0099_c0076,38.9247384,-76.9883223,Residential,8
r0099_c0077,38.9247384,-76.986586,Residential,3
r0099_c0078,38.9247384,-76.9848497,Residential,3
r0099_c0079,38.9247384,-76.9831135,Residential,4
r0099_c0080,38.9247384,-76.9813772,Residential,10
r0099_c0081,38.9247384,-76.979641,Residential,9
r0099_c0083,38.9247384,-76.9761684,Residential,20
r0099_c0084,38.9247384,-76.9744322,Residential,40
r0099_c0085,38.9247384,-76.9726959,Residential,32
r0099_c0088,38.9247384,-76.9674871,Residential,42
r0099_c0090,38.9247384,-76.9640146,Residential,6
r0099_c0091,38.9247384,-76.9622784,Residential,10
r0099_c0092,38.9247384,-76.9605421,Residential,10
r0099_c0093,38.9247384,-76.9588058,Open Space,3
r0099_c0095,38.9247384,-76.9553333,Residential,36
r0099_c0096,38.9247384,-76.953597,Residential,77
r0099_c0097,38.9247384,-76.9518608,Residential,27
r0100_c0007,38.9260898,-77.1081243,Residential,11
r0100_c0009,38.9260898,-77.1046518,Residential,6
r0100_c0010,38.9260898,-77.1029155,Residential,8
r0100_c0011,38.9260898,-77.1011792,Residential,6
r0100_c0012,38.9260898,-77.099443,Residential,10
r0100_c0013,38.9260898,-77.0977067,Residential,10
r0100_c0014,38.9260898,-77.0959705,Residential,3
r0100_c0015,38.9260898,-77.0942342,Residential,3
r0100_c0016,38.9260898,-77.0924979,Residential,3
r0100_c0017,38.9260898,-77.0907617,Residential,4
r0100_c0018,38.9260898,-77.0890254,Residential,5
r0100_c0019,38.9260898,-77.0872892,Residential,3
r0100_c0020,38.9260898,-77.0855529,Residential,5
r0100_c0022,38.9260898,-77.0820804,Mixed-Use,3
r0100_c0023,38.9260898,-77.0803441,Residential,9
r0100_c0024,38.9260898,-77.0786079,Residential,6
r0100_c0025,38.9260898,-77.0768716,Residential,7
r0100_c0026,38.9260898,-77.0751353,Residential,8
r0100_c0027,38.9260898,-77.0733991,Residential,7
r0100_c0028,38.9260898,-77.0716628,Residential,8
r0100_c0029,38.9260898,-77.0699265,Residential,6
r0100_c0030,38.9260898,-77.0681903,Residential,8
r0100_c0031,38.9260898,-77.066454,Residential,5
r0100_c0032,38.9260898,-77.0647178,Residential,5
r0100_c0033,38.9260898,-77.0629815,Residential,9
r0100_c0034,38.9260898,-77.0612452,Residential,8
r0100_c0035,38.9260898,-77.059509,Residential,10
r0100_c0036,38.9260898,-77.0577727,Residential,8
r0100_c0037,38.9260898,-77.0560365,Residential,8
r0100_c0038,38.9260898,-77.0543002,Residential,8
r0100_c0039,38.9260898,-77.0525639,Residential,7
r0100_c0040,38.9260898,-77.0508277,Residential,6
r0100_c0041,38.9260898,-77.0490914,Mixed-Use,3
r0100_c0042,38.9260898,-77.0473552,Mixed-Use,4
r0100_c0044,38.9260898,-77.0438826,Residential,5
r0100_c0045,38.9260898,-77.0421464,Residential,8
r0100_c0046,38.9260898,-77.0404101,Residential,9
r0100_c0047,38.9260898,-77.0386738,Residential,9
r0100_c0048,38.9260898,-77.0369376,Residential,5
r0100_c0049,38.9260898,-77.0352013,Residential,8
r0100_c0050,38.9260898,-77.0334651,Residential,7
r0100_c0051,38.9260898,-77.0317288,Residential,7
r0100_c0052,38.9260898,-77.0299925,Residential,7
r0100_c0053,38.9260898,-77.0282563,Residential,5
r0100_c0055,38.9260898,-77.0247838,Residential,103
r0100_c0056,38.9260898,-77.0230475,Residential,56
r0100_c0058,38.9260898,-77.019575,Industrial,9
r0100_c0059,38.9260898,-77.0178387,Industrial,10
r0100_c0060,38.9260898,-77.0161025,Industrial,10
r0100_c0061,38.9260898,-77.0143662,Industrial,8
r0100_c0062,38.9260898,-77.0126299,Industrial,6
r0100_c0063,38.9260898,-77.0108937,Other,7
r0100_c0064,38.9260898,-77.0091574,Residential,7
r0100_c0065,38.9260898,-77.0074211,Residential,10
r0100_c0066,38.9260898,-77.0056849,Residential,5
r0100_c0069,38.9260898,-77.0004761,Residential,5
r0100_c0070,38.9260898,-76.9987398,Residential,8
r0100_c0071,38.9260898,-76.9970036,Residential,9
r0100_c0072,38.9260898,-76.9952673,Commercial,5
r0100_c0074,38.9260898,-76.9917948,Residential,5
r0100_c0075,38.9260898,-76.9900585,Residential,9
r0100_c0076,38.9260898,-76.9883223,Residential,10
r0100_c0077,38.9260898,-76.986586,Residential,10
r0100_c0078,38.9260898,-76.9848497,Residential,6
r0100_c0080,38.9260898,-76.9813772,Residential,5
r0100_c0081,38.9260898,-76.979641,Residential,8
r0100_c0084,38.9260898,-76.9744322,Residential,8
r0100_c0086,38.9260898,-76.9709597,Residential,24
r0100_c0087,38.9260898,-76.9692234,Residential,32
r0100_c0088,38.9260898,-76.9674871,Residential,20
r0100_c0089,38.9260898,-76.9657509,Residential,34
r0100_c0090,38.9260898,-76.9640146,Residential,4
r0100_c0091,38.9260898,-76.9622784,Residential,10
r0100_c0092,38.9260898,-76.9605421,Residential,10
r0100_c0095,38.9260898,-76.9553333,Residential,9
r0101_c0006,38.9274411,-77.1098606,Residential,3
r0101_c0007,38.9274411,-77.1081243,Residential,38
r0101_c0009,38.9274411,-77.1046518,Residential,7
r0101_c0010,38.9274411,-77.1029155,Residential,8
r0101_c0011,38.9274411,-77.1011792,Residential,7
r0101_c0012,38.9274411,-77.099443,Residential,10
r0101_c0013,38.9274411,-77.0977067,Residential,10
r0101_c0014,38.9274411,-77.0959705,Residential,8
r0101_c0015,38.9274411,-77.0942342,Residential,3
r0101_c0016,38.9274411,-77.0924979,Residential,10
r0101_c0017,38.9274411,-77.0907617,Residential,9
r0101_c0018,38.9274411,-77.0890254,Residential,9
r0101_c0019,38.9274411,-77.0872892,Residential,9
r0101_c0020,38.9274411,-77.0855529,Residential,9
r0101_c0021,38.9274411,-77.0838166,Residential,6
r0101_c0023,38.9274411,-77.0803441,Residential,9
r0101_c0024,38.9274411,-77.0786079,Residential,10
r0101_c0025,38.9274411,-77.0768716,Residential,8
r0101_c0026,38.9274411,-77.0751353,Residential,9
r0101_c0027,38.9274411,-77.0733991,Residential,6
r0101_c0028,38.9274411,-77.0716628,Residential,7
r0101_c0029,38.9274411,-77.0699265,Institutional,10
r0101_c0030,38.9274411,-77.0681903,Residential,9
r0101_c0031,38.9274411,-77.066454,Residential,6
r0101_c0032,38.9274411,-77.0647178,Residential,8
r0101_c0033,38.9274411,-77.0629815,Residential,8
r0101_c0034,38.9274411,-77.0612452,Residential,6
r0101_c0035,38.9274411,-77.059509,Residential,4
r0101_c0036,38.9274411,-77.0577727,Residential,7
r0101_c0037,38.9274411,-77.0560365,Residential,9
r0101_c0038,38.9274411,-77.0543002,Residential,9
r0101_c0039,38.9274411,-77.0525639,Residential,8
r0101_c0045,38.9274411,-77.0421464,Residential,7
r0101_c0046,38.9274411,-77.0404101,Residential,9
r0101_c0047,38.9274411,-77.0386738,Residential,9
r0101_c0048,38.9274411,-77.0369376,Residential,6
r0101_c0049,38.9274411,-77.0352013,Residential,7
r0101_c0050,38.9274411,-77.0334651,Residential,4
r0101_c0051,38.9274411,-77.0317288,Residential,8
r0101_c0052,38.9274411,-77.0299925,Residential,8
r0101_c0053,38.9274411,-77.0282563,Residential,9
r0101_c0058,38.9274411,-77.019575,Industrial,8
r0101_c0059,38.9274411,-77.0178387,Industrial,9
r0101_c0060,38.9274411,-77.0161025,Industrial,3
r0101_c0061,38.9274411,-77.0143662,Institutional,4
r0101_c0064,38.9274411,-77.0091574,Residential,3
r0101_c0065,38.9274411,-77.0074211,Residential,9
r0101_c0066,38.9274411,-77.0056849,Residential,4
r0101_c0068,38.9274411,-77.0022124,Mixed-Use,3
r0101_c0070,38.9274411,-76.9987398,Residential,3
r0101_c0071,38.9274411,-76.9970036,Residential,5
r0101_c0072,38.9274411,-76.9952673,Residential,3
r0101_c0073,38.9274411,-76.9935311,Residential,6
r0101_c0074,38.9274411,-76.9917948,Residential,10
r0101_c0075,38.9274411,-76.9900585,Residential,10
r0101_c0076,38.9274411,-76.9883223,Residential,10
r0101_c0077,38.9274411,-76.986586,Residential,10
r0101_c0078,38.9274411,-76.9848497,Residential,10
r0101_c0079,38.9274411,-76.9831135,Residential,9
r0101_c0084,38.9274411,-76.9744322,Residential,14
r0101_c0085,38.9274411,-76.9726959,Residential,38
r0101_c0086,38.9274411,-76.9709597,Residential,37
r0101_c0087,38.9274411,-76.9692234,Residential,50
r0101_c0088,38.9274411,-76.9674871,Residential,3
r0101_c0090,38.9274411,-76.9640146,Residential,29
r0101_c0091,38.9274411,-76.9622784,Residential,5
r0101_c0092,38.9274411,-76.9605421,Residential,10
r0101_c0093,38.9274411,-76.9588058,Residential,7
r0101_c0094,38.9274411,-76.9570696,Other,7
r0101_c0095,38.9274411,-76.9553333,Residential,7
r0102_c0006,38.9287925,-77.1098606,Residential,25
r0102_c0008,38.9287925,-77.106388,Residential,7
r0102_c0009,38.9287925,-77.1046518,Residential,9
r0102_c0010,38.9287925,-77.1029155,Residential,10
r0102_c0011,38.9287925,-77.1011792,Residential,8
r0102_c0012,38.9287925,-77.099443,Residential,10
r0102_c0013,38.9287925,-77.0977067,Residential,10
r0102_c0014,38.9287925,-77.0959705,Residential,6
r0102_c0015,38.9287925,-77.0942342,Residential,3
r0102_c0016,38.9287925,-77.0924979,Residential,10
r0102_c0017,38.9287925,-77.0907617,Residential,10
r0102_c0018,38.9287925,-77.0890254,Residential,10
r0102_c0019,38.9287925,-77.0872892,Residential,10
r0102_c0020,38.9287925,-77.0855529,Residential,11
r0102_c0021,38.9287925,-77.0838166,Residential,8
r0102_c0023,38.9287925,-77.0803441,Residential,7
r0102_c0024,38.9287925,-77.0786079,Residential,10
r0102_c0025,38.9287925,-77.0768716,Residential,8
r0102_c0026,38.9287925,-77.0751353,Residential,9
r0102_c0027,38.9287925,-77.0733991,Residential,6
r0102_c0028,38.9287925,-77.0716628,Institutional,11
r0102_c0029,38.9287925,-77.0699265,Institutional,10
r0102_c0030,38.9287925,-77.0681903,Institutional,10
r0102_c0031,38.9287925,-77.066454,Institutional,9
r0102_c0032,38.9287925,-77.0647178,Residential,9
r0102_c0033,38.9287925,-77.0629815,Residential,9
r0102_c0034,38.9287925,-77.0612452,Residential,5
r0102_c0035,38.9287925,-77.059509,Residential,4
r0102_c0036,38.9287925,-77.0577727,Residential,6
r0102_c0037,38.9287925,-77.0560365,Residential,9
r0102_c0038,38.9287925,-77.0543002,Residential,6
r0102_c0040,38.9287925,-77.0508277,Mixed-Use,6
r0102_c0043,38.9287925,-77.0456189,Mixed-Use,4
r0102_c0044,38.9287925,-77.0438826,Residential,3
r0102_c0045,38.9287925,-77.0421464,Residential,9
r0102_c0046,38.9287925,-77.0404101,Residential,9
r0102_c0047,38.9287925,-77.0386738,Residential,9
r0102_c0048,38.9287925,-77.0369376,Commercial,7
r0102_c0049,38.9287925,-77.0352013,Residential,3
r0102_c0050,38.9287925,-77.0334651,Commercial,3
r0102_c0051,38.9287925,-77.0317288,Residential,9
r0102_c0052,38.9287925,-77.0299925,Residential,8
r0102_c0053,38.9287925,-77.0282563,Residential,8
r0102_c0055,38.9287925,-77.0247838,Residential,4
r0102_c0056,38.9287925,-77.0230475,Residential,6
r0102_c0057,38.9287925,-77.0213112,Residential,10
r0102_c0058,38.9287925,-77.019575,Residential,8
r0102_c0063,38.9287925,-77.0108937,Mixed-Use,4
r0102_c0065,38.9287925,-77.0074211,Residential,10
r0102_c0066,38.9287925,-77.0056849,Residential,10
r0102_c0071,38.9287925,-76.9970036,Mixed-Use,10
r0102_c0072,38.9287925,-76.9952673,Residential,25
r0102_c0073,38.9287925,-76.9935311,Residential,6
r0102_c0074,38.9287925,-76.9917948,Residential,11
r0102_c0075,38.9287925,-76.9900585,Residential,11
r0102_c0076,38.9287925,-76.9883223,Residential,10
r0102_c0077,38.9287925,-76.986586,Residential,10
r0102_c0078,38.9287925,-76.9848497,Residential,10
r0102_c0079,38.9287925,-76.9831135,Residential,10
r0102_c0080,38.9287925,-76.9813772,Residential,10
r0102_c0081,38.9287925,-76.979641,Residential,6
r0102_c0082,38.9287925,-76.9779047,Residential,4
r0102_c0084,38.9287925,-76.9744322,Residential,34
r0102_c0085,38.9287925,-76.9726959,Residential,32
r0102_c0086,38.9287925,-76.9709597,Residential,44
r0102_c0087,38.9287925,-76.9692234,Residential,3
r0102_c0088,38.9287925,-76.9674871,Residential,10
r0102_c0089,38.9287925,-76.9657509,Residential,9
r0102_c0090,38.9287925,-76.9640146,Residential,4
r0102_c0093,38.9287925,-76.9588058,Residential,6
r0102_c0094,38.9287925,-76.9570696,Residential,7
r0103_c0006,38.9301438,-77.1098606,Residential,24
r0103_c0007,38.9301438,-77.1081243,Residential,5
r0103_c0008,38.9301438,-77.106388,Residential,5
r0103_c0009,38.9301438,-77.1046518,Residential,9
r0103_c0010,38.9301438,-77.1029155,Residential,9
r0103_c0011,38.9301438,-77.1011792,Residential,9
r0103_c0012,38.9301438,-77.099443,Residential,8
r0103_c0013,38.9301438,-77.0977067,Residential,10
r0103_c0014,38.9301438,-77.0959705,Residential,4
r0103_c0015,38.9301438,-77.0942342,Open Space,5
r0103_c0016,38.9301438,-77.0924979,Residential,7
r0103_c0017,38.9301438,-77.0907617,Residential,9
r0103_c0018,38.9301438,-77.0890254,Residential,9
r0103_c0019,38.9301438,-77.0872892,Residential,9
r0103_c0020,38.9301438,-77.0855529,Residential,9
r0103_c0021,38.9301438,-77.0838166,Residential,8
r0103_c0022,38.9301438,-77.0820804,Residential,4
r0103_c0023,38.9301438,-77.0803441,Residential,5
r0103_c0024,38.9301438,-77.0786079,Residential,9
r0103_c0025,38.9301438,-77.0768716,Residential,8
r0103_c0026,38.9301438,-77.0751353,Residential,7
r0103_c0027,38.9301438,-77.0733991,Residential,9
r0103_c0028,38.9301438,-77.0716628,Institutional,11
r0103_c0029,38.9301438,-77.0699265,Institutional,11
r0103_c0030,38.9301438,-77.0681903,Institutional,11
r0103_c0031,38.9301438,-77.066454,Institutional,9
r0103_c0032,38.9301438,-77.0647178,Residential,10
r0103_c0033,38.9301438,-77.0629815,Residential,9
r0103_c0034,38.9301438,-77.0612452,Residential,5
r0103_c0036,38.9301438,-77.0577727,Residential,8
r0103_c0037,38.9301438,-77.0560365,Residential,9
r0103_c0040,38.9301438,-77.0508277,Mixed-Use,8
r0103_c0041,38.9301438,-77.0490914,Commercial,8
r0103_c0044,38.9301438,-77.0438826,Residential,7
r0103_c0045,38.9301438,-77.0421464,Residential,9
r0103_c0046,38.9301438,-77.0404101,Residential,9
r0103_c0047,38.9301438,-77.0386738,Residential,8
r0103_c0048,38.9301438,-77.0369376,Residential,5
r0103_c0049,38.9301438,-77.0352013,Residential,3
r0103_c0050,38.9301438,-77.0334651,Commercial,3
r0103_c0051,38.9301438,-77.0317288,Commercial,6
r0103_c0054,38.9301438,-77.02652,Residential,102
r0103_c0055,38.9301438,-77.0247838,Residential,80
r0103_c0056,38.9301438,-77.0230475,Residential,8
r0103_c0057,38.9301438,-77.0213112,Residential,9
r0103_c0058,38.9301438,-77.019575,Residential,9
r0103_c0059,38.9301438,-77.0178387,Residential,3
r0103_c0065,38.9301438,-77.0074211,Residential,3
r0103_c0066,38.9301438,-77.0056849,Residential,6
r0103_c0069,38.9301438,-77.0004761,Institutional,3
r0103_c0071,38.9301438,-76.9970036,Residential,4
r0103_c0072,38.9301438,-76.9952673,Residential,40
r0103_c0073,38.9301438,-76.9935311,Residential,6
r0103_c0074,38.9301438,-76.9917948,Residential,10
r0103_c0075,38.9301438,-76.9900585,Residential,10
r0103_c0076,38.9301438,-76.9883223,Residential,10
r0103_c0077,38.9301438,-76.986586,Residential,10
r0103_c0078,38.9301438,-76.9848497,Residential,10
r0103_c0079,38.9301438,-76.9831135,Residential,10
r0103_c0080,38.9301438,-76.9813772,Residential,10
r0103_c0081,38.9301438,-76.979641,Residential,9
r0103_c0082,38.9301438,-76.9779047,Residential,10
r0103_c0083,38.9301438,-76.9761684,Residential,7
r0103_c0084,38.9301438,-76.9744322,Residential,3
r0103_c0085,38.9301438,-76.9726959,Residential,32
r0103_c0087,38.9301438,-76.9692234,Residential,10
r0103_c0088,38.9301438,-76.9674871,Residential,11
r0103_c0089,38.9301438,-76.9657509,Residential,11
r0103_c0090,38.9301438,-76.9640146,Residential,10
r0103_c0091,38.9301438,-76.9622784,Residential,9
r0103_c0093,38.9301438,-76.9588058,Residential,3
r0104_c0005,38.9314952,-77.1115968,Residential,10
r0104_c0006,38.9314952,-77.1098606,Residential,4
r0104_c0007,38.9314952,-77.1081243,Residential,8
r0104_c0008,38.9314952,-77.106388,Residential,10
r0104_c0009,38.9314952,-77.1046518,Residential,10
r0104_c0010,38.9314952,-77.1029155,Residential,10
r0104_c0011,38.9314952,-77.1011792,Residential,10
r0104_c0012,38.9314952,-77.099443,Residential,9
r0104_c0013,38.9314952,-77.0977067,Residential,9
r0104_c0014,38.9314952,-77.0959705,Residential,10
r0104_c0015,38.9314952,-77.0942342,Residential,6
r0104_c0016,38.9314952,-77.0924979,Residential,3
r0104_c0017,38.9314952,-77.0907617,Residential,9
r0104_c0018,38.9314952,-77.0890254,Residential,10
r0104_c0019,38.9314952,-77.0872892,Residential,10
r0104_c0020,38.9314952,-77.0855529,Residential,9
r0104_c0021,38.9314952,-77.0838166,Residential,10
r0104_c0022,38.9314952,-77.0820804,Residential,10
r0104_c0023,38.9314952,-77.0803441,Residential,3
r0104_c0024,38.9314952,-77.0786079,Residential,11
r0104_c0025,38.9314952,-77.0768716,Mixed-Use,9
r0104_c0026,38.9314952,-77.0751353,Residential,9
r0104_c0027,38.9314952,-77.0733991,Residential,8
r0104_c0028,38.9314952,-77.0716628,Institutional,7
r0104_c0029,38.9314952,-77.0699265,Institutional,10
r0104_c0030,38.9314952,-77.0681903,Institutional,10
r0104_c0031,38.9314952,-77.066454,Residential,8
r0104_c0032,38.9314952,-77.0647178,Residential,11
r0104_c0033,38.9314952,-77.0629815,Residential,14
r0104_c0034,38.9314952,-77.0612452,Open Space,3
r0104_c0036,38.9314952,-77.0577727,Residential,6
r0104_c0037,38.9314952,-77.0560365,Residential,8
r0104_c0041,38.9314952,-77.0490914,Mixed-Use,4
r0104_c0043,38.9314952,-77.0456189,Residential,4
r0104_c0044,38.9314952,-77.0438826,Residential,9
r0104_c0045,38.9314952,-77.0421464,Residential,9
r0104_c0046,38.9314952,-77.0404101,Residential,9
r0104_c0047,38.9314952,-77.0386738,Residential,7
r0104_c0048,38.9314952,-77.0369376,Residential,6
r0104_c0049,38.9314952,-77.0352013,Residential,9
r0104_c0050,38.9314952,-77.0334651,Residential,8
r0104_c0051,38.9314952,-77.0317288,Commercial,7
r0104_c0052,38.9314952,-77.0299925,Residential,6
r0104_c0053,38.9314952,-77.0282563,Residential,3
r0104_c0056,38.9314952,-77.0230475,Commercial,8
r0104_c0057,38.9314952,-77.0213112,Residential,10
r0104_c0058,38.9314952,-77.019575,Residential,10
r0104_c0060,38.9314952,-77.0161025,Open Space,6
r0104_c0071,38.9314952,-76.9970036,Residential,3
r0104_c0072,38.9314952,-76.9952673,Residential,17
r0104_c0073,38.9314952,-76.9935311,Residential,4
r0104_c0074,38.9314952,-76.9917948,Residential,5
r0104_c0075,38.9314952,-76.9900585,Residential,8
r0104_c0076,38.9314952,-76.9883223,Residential,10
r0104_c0077,38.9314952,-76.986586,Residential,10
r0104_c0078,38.9314952,-76.9848497,Residential,10
r0104_c0079,38.9314952,-76.9831135,Residential,10
r0104_c0080,38.9314952,-76.9813772,Residential,10
r0104_c0081,38.9314952,-76.979641,Residential,9
r0104_c0082,38.9314952,-76.9779047,Residential,10
r0104_c0083,38.9314952,-76.9761684,Residential,10
r0104_c0084,38.9314952,-76.9744322,Residential,10
r0104_c0085,38.9314952,-76.9726959,Residential,7
r0104_c0086,38.9314952,-76.9709597,Residential,4
r0104_c0087,38.9314952,-76.9692234,Residential,10
r0104_c0088,38.9314952,-76.9674871,Residential,10
r0104_c0089,38.9314952,-76.9657509,Residential,10
r0104_c0090,38.9314952,-76.9640146,Residential,10
r0104_c0091,38.9314952,-76.9622784,Residential,10
r0104_c0092,38.9314952,-76.9605421,Residential,6
r0105_c0006,38.9328465,-77.1098606,Residential,8
r0105_c0007,38.9328465,-77.1081243,Residential,10
r0105_c0008,38.9328465,-77.106388,Residential,10
r0105_c0009,38.9328465,-77.1046518,Residential,10
r0105_c0010,38.9328465,-77.1029155,Residential,10
r0105_c0011,38.9328465,-77.1011792,Residential,10
r0105_c0012,38.9328465,-77.099443,Residential,10
r0105_c0013,38.9328465,-77.0977067,Residential,8
r0105_c0014,38.9328465,-77.0959705,Residential,8
r0105_c0015,38.9328465,-77.0942342,Residential,8
r0105_c0016,38.9328465,-77.0924979,Residential,7
r0105_c0017,38.9328465,-77.0907617,Residential,8
r0105_c0018,38.9328465,-77.0890254,Residential,10
r0105_c0019,38.9328465,-77.0872892,Residential,10
r0105_c0020,38.9328465,-77.0855529,Residential,7
r0105_c0021,38.9328465,-77.0838166,Residential,11
r0105_c0022,38.9328465,-77.0820804,Residential,10
r0105_c0024,38.9328465,-77.0786079,Residential,6
r0105_c0025,38.9328465,-77.0768716,Residential,9
r0105_c0026,38.9328465,-77.0751353,Residential,8
r0105_c0027,38.9328465,-77.0733991,Residential,9
r0105_c0028,38.9328465,-77.0716628,Residential,5
r0105_c0029,38.9328465,-77.0699265,Residential,8
r0105_c0030,38.9328465,-77.0681903,Residential,9
r0105_c0031,38.9328465,-77.066454,Residential,5
r0105_c0032,38.9328465,-77.0647178,Residential,8
r0105_c0033,38.9328465,-77.0629815,Residential,10
r0105_c0034,38.9328465,-77.0612452,Residential,3
r0105_c0035,38.9328465,-77.059509,Residential,5
r0105_c0036,38.9328465,-77.0577727,Residential,3
r0105_c0037,38.9328465,-77.0560365,Residential,4
r0105_c0043,38.9328465,-77.0456189,Residential,9
r0105_c0044,38.9328465,-77.0438826,Residential,8
r0105_c0045,38.9328465,-77.0421464,Residential,8
r0105_c0046,38.9328465,-77.0404101,Residential,8
r0105_c0047,38.9328465,-77.0386738,Residential,8
r0105_c0048,38.9328465,-77.0369376,Residential,6
r0105_c0049,38.9328465,-77.0352013,Residential,10
r0105_c0050,38.9328465,-77.0334651,Residential,7
r0105_c0051,38.9328465,-77.0317288,Residential,10
r0105_c0052,38.9328465,-77.0299925,Residential,10
r0105_c0053,38.9328465,-77.0282563,Residential,8
r0105_c0054,38.9328465,-77.02652,Residential,5
r0105_c0055,38.9328465,-77.0247838,Residential,3
r0105_c0056,38.9328465,-77.0230475,Residential,10
r0105_c0057,38.9328465,-77.0213112,Residential,7
r0105_c0058,38.9328465,-77.019575,Residential,9
r0105_c0059,38.9328465,-77.0178387,Mixed-Use,4
r0105_c0071,38.9328465,-76.9970036,Residential,3
r0105_c0072,38.9328465,-76.9952673,Residential,4
r0105_c0074,38.9328465,-76.9917948,Commercial,3
r0105_c0075,38.9328465,-76.9900585,Residential,8
r0105_c0076,38.9328465,-76.9883223,Residential,10
r0105_c0077,38.9328465,-76.986586,Residential,10
r0105_c0078,38.9328465,-76.9848497,Residential,10
r0105_c0079,38.9328465,-76.9831135,Residential,9
r0105_c0080,38.9328465,-76.9813772,Residential,9
r0105_c0081,38.9328465,-76.979641,Residential,7
r0105_c0082,38.9328465,-76.9779047,Residential,7
r0105_c0083,38.9328465,-76.9761684,Residential,9
r0105_c0084,38.9328465,-76.9744322,Residential,10
r0105_c0085,38.9328465,-76.9726959,Residential,9
r0105_c0086,38.9328465,-76.9709597,Residential,10
r0105_c0087,38.9328465,-76.9692234,Residential,9
r0105_c0088,38.9328465,-76.9674871,Residential,7
r0105_c0089,38.9328465,-76.9657509,Residential,10
r0105_c0090,38.9328465,-76.9640146,Residential,10
r0105_c0091,38.9328465,-76.9622784,Residential,8
r0106_c0004,38.9341979,-77.1133331,Residential,16
r0106_c0005,38.9341979,-77.1115968,Residential,5
r0106_c0006,38.9341979,-77.1098606,Residential,9
r0106_c0007,38.9341979,-77.1081243,Residential,10
r0106_c0008,38.9341979,-77.106388,Residential,10
r0106_c0009,38.9341979,-77.1046518,Residential,10
r0106_c0010,38.9341979,-77.1029155,Residential,9
r0106_c0011,38.9341979,-77.1011792,Residential,10
r0106_c0012,38.9341979,-77.099443,Residential,9
r0106_c0013,38.9341979,-77.0977067,Residential,10
r0106_c0014,38.9341979,-77.0959705,Residential,12
r0106_c0015,38.9341979,-77.0942342,Residential,10
r0106_c0016,38.9341979,-77.0924979,Residential,7
r0106_c0017,38.9341979,-77.0907617,Residential,6
r0106_c0018,38.9341979,-77.0890254,Residential,5
r0106_c0020,38.9341979,-77.0855529,Residential,9
r0106_c0021,38.9341979,-77.0838166,Residential,12
r0106_c0022,38.9341979,-77.0820804,Residential,5
r0106_c0023,38.9341979,-77.0803441,Open Space,4
r0106_c0024,38.9341979,-77.0786079,Institutional,5
r0106_c0025,38.9341979,-77.0768716,Residential,6
r0106_c0026,38.9341979,-77.0751353,Residential,6
r0106_c0027,38.9341979,-77.0733991,Commercial,8
r0106_c0028,38.9341979,-77.0716628,Residential,7
r0106_c0029,38.9341979,-77.0699265,Residential,8
r0106_c0030,38.9341979,-77.0681903,Residential,7
r0106_c0031,38.9341979,-77.066454,Residential,8
r0106_c0032,38.9341979,-77.0647178,Residential,10
r0106_c0033,38.9341979,-77.0629815,Residential,10
r0106_c0034,38.9341979,-77.0612452,Residential,9
r0106_c0035,38.9341979,-77.059509,Residential,10
r0106_c0036,38.9341979,-77.0577727,Residential,4
r0106_c0037,38.9341979,-77.0560365,Residential,10
r0106_c0038,38.9341979,-77.0543002,Residential,5
r0106_c0039,38.9341979,-77.0525639,Residential,5
r0106_c0040,38.9341979,-77.0508277,Residential,4
r0106_c0043,38.9341979,-77.0456189,Residential,5
r0106_c0044,38.9341979,-77.0438826,Residential,10
r0106_c0045,38.9341979,-77.0421464,Residential,10
r0106_c0046,38.9341979,-77.0404101,Residential,6
r0106_c0047,38.9341979,-77.0386738,Residential,8
r0106_c0048,38.9341979,-77.0369376,Residential,8
r0106_c0049,38.9341979,-77.0352013,Residential,9
r0106_c0050,38.9341979,-77.0334651,Residential,7
r0106_c0051,38.9341979,-77.0317288,Residential,10
r0106_c0052,38.9341979,-77.0299925,Residential,10
r0106_c0053,38.9341979,-77.0282563,Residential,10
r0106_c0054,38.9341979,-77.02652,Residential,9
r0106_c0055,38.9341979,-77.0247838,Residential,8
r0106_c0056,38.9341979,-77.0230475,Residential,10
r0106_c0057,38.9341979,-77.0213112,Residential,6
r0106_c0058,38.9341979,-77.019575,Residential,9
r0106_c0059,38.9341979,-77.0178387,Open Space,4
r0106_c0063,38.9341979,-77.0108937,Mixed-Use,3
r0106_c0065,38.9341979,-77.0074211,Mixed-Use,10
r0106_c0071,38.9341979,-76.9970036,Institutional,7
r0106_c0074,38.9341979,-76.9917948,Commercial,3
r0106_c0075,38.9341979,-76.9900585,Residential,8
r0106_c0076,38.9341979,-76.9883223,Residential,9
r0106_c0077,38.9341979,-76.986586,Residential,10
r0106_c0078,38.9341979,-76.9848497,Residential,10
r0106_c0079,38.9341979,-76.9831135,Residential,10
r0106_c0080,38.9341979,-76.9813772,Residential,10
r0106_c0081,38.9341979,-76.979641,Residential,7
r0106_c0082,38.9341979,-76.9779047,Residential,6
r0106_c0083,38.9341979,-76.9761684,Residential,7
r0106_c0084,38.9341979,-76.9744322,Residential,8
r0106_c0085,38.9341979,-76.9726959,Residential,10
r0106_c0086,38.9341979,-76.9709597,Residential,10
r0106_c0087,38.9341979,-76.9692234,Residential,10
r0106_c0088,38.9341979,-76.9674871,Residential,10
r0106_c0089,38.9341979,-76.9657509,Residential,3
r0106_c0090,38.9341979,-76.9640146,Residential,8
r0106_c0091,38.9341979,-76.9622784,Residential,4
r0107_c0005,38.9355492,-77.1115968,Residential,4
r0107_c0006,38.9355492,-77.1098606,Residential,6
r0107_c0007,38.9355492,-77.1081243,Residential,6
r0107_c0008,38.9355492,-77.106388,Residential,6
r0107_c0009,38.9355492,-77.1046518,Residential,7
r0107_c0010,38.9355492,-77.1029155,Residential,9
r0107_c0011,38.9355492,-77.1011792,Residential,9
r0107_c0012,38.9355492,-77.099443,Residential,8
r0107_c0013,38.9355492,-77.0977067,Residential,10
r0107_c0014,38.9355492,-77.0959705,Residential,9
r0107_c0015,38.9355492,-77.0942342,Residential,11
r0107_c0017,38.9355492,-77.0907617,Residential,5
r0107_c0019,38.9355492,-77.0872892,Institutional,3
r0107_c0020,38.9355492,-77.0855529,Residential,7
r0107_c0021,38.9355492,-77.0838166,Residential,9
r0107_c0022,38.9355492,-77.0820804,Residential,9
r0107_c0024,38.9355492,-77.0786079,Residential,3
r0107_c0025,38.9355492,-77.0768716,Residential,5
r0107_c0026,38.9355492,-77.0751353,Residential,6
r0107_c0027,38.9355492,-77.0733991,Commercial,7
r0107_c0028,38.9355492,-77.0716628,Residential,11
r0107_c0029,38.9355492,-77.0699265,Residential,10
r0107_c0030,38.9355492,-77.0681903,Residential,10
r0107_c0031,38.9355492,-77.066454,Residential,9
r0107_c0032,38.9355492,-77.0647178,Residential,7
r0107_c0033,38.9355492,-77.0629815,Residential,10
r0107_c0034,38.9355492,-77.0612452,Residential,9
r0107_c0035,38.9355492,-77.059509,Residential,10
r0107_c0036,38.9355492,-77.0577727,Residential,7
r0107_c0037,38.9355492,-77.0560365,Residential,9
r0107_c0038,38.9355492,-77.0543002,Residential,8
r0107_c0039,38.9355492,-77.0525639,Residential,8
r0107_c0040,38.9355492,-77.0508277,Residential,9
r0107_c0044,38.9355492,-77.0438826,Residential,4
r0107_c0045,38.9355492,-77.0421464,Residential,4
r0107_c0047,38.9355492,-77.0386738,Residential,8
r0107_c0048,38.9355492,-77.0369376,Residential,9
r0107_c0049,38.9355492,-77.0352013,Residential,8
r0107_c0050,38.9355492,-77.0334651,Residential,7
r0107_c0051,38.9355492,-77.0317288,Residential,10
r0107_c0052,38.9355492,-77.0299925,Residential,10
r0107_c0053,38.9355492,-77.0282563,Residential,9
r0107_c0054,38.9355492,-77.02652,Residential,4
r0107_c0055,38.9355492,-77.0247838,Residential,5
r0107_c0056,38.9355492,-77.0230475,Residential,10
r0107_c0057,38.9355492,-77.0213112,Residential,9
r0107_c0058,38.9355492,-77.019575,Residential,10
r0107_c0059,38.9355492,-77.0178387,Open Space,10
r0107_c0063,38.9355492,-77.0108937,Mixed-Use,6
r0107_c0065,38.9355492,-77.0074211,Mixed-Use,3
r0107_c0075,38.9355492,-76.9900585,Residential,5
r0107_c0077,38.9355492,-76.986586,Residential,4
r0107_c0078,38.9355492,-76.9848497,Open Space,10
r0107_c0079,38.9355492,-76.9831135,Open Space,10
r0107_c0080,38.9355492,-76.9813772,Residential,10
r0107_c0081,38.9355492,-76.979641,Residential,4
r0107_c0083,38.9355492,-76.9761684,Residential,5
r0107_c0084,38.9355492,-76.9744322,Residential,10
r0107_c0085,38.9355492,-76.9726959,Residential,10
r0107_c0086,38.9355492,-76.9709597,Residential,10
r0107_c0087,38.9355492,-76.9692234,Residential,3
r0107_c0090,38.9355492,-76.9640146,Residential,13
r0108_c0005,38.9369006,-77.1115968,Mixed-Use,3
r0108_c0006,38.9369006,-77.1098606,Mixed-Use,4
r0108_c0007,38.9369006,-77.1081243,Institutional,3
r0108_c0009,38.9369006,-77.1046518,Residential,5
r0108_c0010,38.9369006,-77.1029155,Residential,10
r0108_c0011,38.9369006,-77.1011792,Residential,9
r0108_c0012,38.9369006,-77.099443,Residential,8
r0108_c0013,38.9369006,-77.0977067,Residential,9
r0108_c0014,38.9369006,-77.0959705,Residential,10
r0108_c0015,38.9369006,-77.0942342,Residential,13
r0108_c0016,38.9369006,-77.0924979,Residential,3
r0108_c0017,38.9369006,-77.0907617,Institutional,5
r0108_c0018,38.9369006,-77.0890254,Institutional,5
r0108_c0019,38.9369006,-77.0872892,Institutional,4
r0108_c0021,38.9369006,-77.0838166,Residential,7
r0108_c0022,38.9369006,-77.0820804,Residential,8
r0108_c0023,38.9369006,-77.0803441,Other,4
r0108_c0024,38.9369006,-77.0786079,Residential,6
r0108_c0025,38.9369006,-77.0768716,Residential,12
r0108_c0026,38.9369006,-77.0751353,Residential,9
r0108_c0027,38.9369006,-77.0733991,Residential,6
r0108_c0028,38.9369006,-77.0716628,Residential,8
r0108_c0029,38.9369006,-77.0699265,Residential,9
r0108_c0030,38.9369006,-77.0681903,Residential,10
r0108_c0031,38.9369006,-77.066454,Residential,8
r0108_c0032,38.9369006,-77.0647178,Residential,9
r0108_c0033,38.9369006,-77.0629815,Residential,9
r0108_c0034,38.9369006,-77.0612452,Residential,9
r0108_c0035,38.9369006,-77.059509,Residential,9
r0108_c0036,38.9369006,-77.0577727,Institutional,8
r0108_c0037,38.9369006,-77.0560365,Residential,8
r0108_c0038,38.9369006,-77.0543002,Residential,6
r0108_c0039,38.9369006,-77.0525639,Residential,6
r0108_c0047,38.9369006,-77.0386738,Residential,5
r0108_c0048,38.9369006,-77.0369376,Residential,6
r0108_c0049,38.9369006,-77.0352013,Residential,9
r0108_c0050,38.9369006,-77.0334651,Residential,7
r0108_c0051,38.9369006,-77.0317288,Residential,9
r0108_c0052,38.9369006,-77.0299925,Residential,7
r0108_c0053,38.9369006,-77.0282563,Residential,10
r0108_c0054,38.9369006,-77.02652,Open Space,9
r0108_c0055,38.9369006,-77.0247838,Residential,7
r0108_c0056,38.9369006,-77.0230475,Residential,6
r0108_c0057,38.9369006,-77.0213112,Residential,9
r0108_c0058,38.9369006,-77.019575,Residential,8
r0108_c0059,38.9369006,-77.0178387,Open Space,10
r0108_c0060,38.9369006,-77.0161025,Open Space,7
r0108_c0065,38.9369006,-77.0074211,Mixed-Use,6
r0108_c0070,38.9369006,-76.9987398,Residential,8
r0108_c0073,38.9369006,-76.9935311,Residential,4
r0108_c0074,38.9369006,-76.9917948,Residential,29
r0108_c0075,38.9369006,-76.9900585,Residential,6
r0108_c0076,38.9369006,-76.9883223,Residential,10
r0108_c0077,38.9369006,-76.986586,Residential,6
r0108_c0078,38.9369006,-76.9848497,Open Space,10
r0108_c0079,38.9369006,-76.9831135,Open Space,10
r0108_c0080,38.9369006,-76.9813772,Residential,10
r0108_c0081,38.9369006,-76.979641,Residential,3
r0108_c0083,38.9369006,-76.9761684,Residential,10
r0108_c0084,38.9369006,-76.9744322,Residential,10
r0108_c0085,38.9369006,-76.9726959,Residential,10
r0108_c0086,38.9369006,-76.9709597,Residential,10
r0108_c0087,38.9369006,-76.9692234,Residential,18
r0108_c0089,38.9369006,-76.9657509,Residential,32
r0109_c0008,38.9382519,-77.106388,Mixed-Use,13
r0109_c0010,38.9382519,-77.1029155,Residential,10
r0109_c0011,38.9382519,-77.1011792,Residential,10
r0109_c0012,38.9382519,-77.099443,Residential,9
r0109_c0013,38.9382519,-77.0977067,Residential,9
r0109_c0014,38.9382519,-77.0959705,Residential,8
r0109_c0015,38.9382519,-77.0942342,Residential,9
r0109_c0016,38.9382519,-77.0924979,Residential,5
r0109_c0017,38.9382519,-77.0907617,Residential,4
r0109_c0018,38.9382519,-77.0890254,Residential,4
r0109_c0020,38.9382519,-77.0855529,Other,4
r0109_c0021,38.9382519,-77.0838166,Other,10
r0109_c0022,38.9382519,-77.0820804,Other,10
r0109_c0023,38.9382519,-77.0803441,Other,7
r0109_c0024,38.9382519,-77.0786079,Residential,3
r0109_c0025,38.9382519,-77.0768716,Residential,13
r0109_c0026,38.9382519,-77.0751353,Residential,8
r0109_c0027,38.9382519,-77.0733991,Residential,4
r0109_c0028,38.9382519,-77.0716628,Residential,5
r0109_c0029,38.9382519,-77.0699265,Residential,10
r0109_c0030,38.9382519,-77.0681903,Residential,10
r0109_c0031,38.9382519,-77.066454,Residential,9
r0109_c0032,38.9382519,-77.0647178,Residential,10
r0109_c0033,38.9382519,-77.0629815,Residential,8
r0109_c0034,38.9382519,-77.0612452,Residential,8
r0109_c0035,38.9382519,-77.059509,Residential,7
r0109_c0036,38.9382519,-77.0577727,Residential,5
r0109_c0043,38.9382519,-77.0456189,Residential,5
r0109_c0044,38.9382519,-77.0438826,Residential,9
r0109_c0045,38.9382519,-77.0421464,Residential,6
r0109_c0048,38.9382519,-77.0369376,Mixed-Use,4
r0109_c0049,38.9382519,-77.0352013,Mixed-Use,7
r0109_c0050,38.9382519,-77.0334651,Residential,8
r0109_c0051,38.9382519,-77.0317288,Residential,10
r0109_c0052,38.9382519,-77.0299925,Residential,9
r0109_c0053,38.9382519,-77.0282563,Residential,9
r0109_c0054,38.9382519,-77.02652,Residential,10
r0109_c0055,38.9382519,-77.0247838,Residential,6
r0109_c0056,38.9382519,-77.0230475,Residential,6
r0109_c0057,38.9382519,-77.0213112,Residential,7
r0109_c0058,38.9382519,-77.019575,Residential,8
r0109_c0059,38.9382519,-77.0178387,Residential,8
r0109_c0067,38.9382519,-77.0039486,Open Space,3
r0109_c0071,38.9382519,-76.9970036,Institutional,3
r0109_c0072,38.9382519,-76.9952673,Residential,6
r0109_c0073,38.9382519,-76.9935311,Residential,6
r0109_c0074,38.9382519,-76.9917948,Residential,4
r0109_c0075,38.9382519,-76.9900585,Residential,6
r0109_c0076,38.9382519,-76.9883223,Residential,11
r0109_c0077,38.9382519,-76.986586,Residential,7
r0109_c0078,38.9382519,-76.9848497,Open Space,10
r0109_c0079,38.9382519,-76.9831135,Open Space,10
r0109_c0080,38.9382519,-76.9813772,Open Space,10
r0109_c0081,38.9382519,-76.979641,Residential,3
r0109_c0082,38.9382519,-76.9779047,Residential,8
r0109_c0083,38.9382519,-76.9761684,Residential,10
r0109_c0084,38.9382519,-76.9744322,Residential,10
r0109_c0085,38.9382519,-76.9726959,Residential,9
r0109_c0088,38.9382519,-76.9674871,Residential,11
r0110_c0010,38.9396033,-77.1029155,Residential,11
r0110_c0011,38.9396033,-77.1011792,Residential,10
r0110_c0012,38.9396033,-77.099443,Residential,9
r0110_c0013,38.9396033,-77.0977067,Residential,9
r0110_c0014,38.9396033,-77.0959705,Residential,9
r0110_c0015,38.9396033,-77.0942342,Residential,10
r0110_c0016,38.9396033,-77.0924979,Residential,9
r0110_c0019,38.9396033,-77.0872892,Residential,4
r0110_c0020,38.9396033,-77.0855529,Residential,5
r0110_c0021,38.9396033,-77.0838166,Mixed-Use,9
r0110_c0022,38.9396033,-77.0820804,Mixed-Use,10
r0110_c0023,38.9396033,-77.0803441,Commercial,3
r0110_c0024,38.9396033,-77.0786079,Residential,3
r0110_c0025,38.9396033,-77.0768716,Residential,10
r0110_c0026,38.9396033,-77.0751353,Residential,4
r0110_c0027,38.9396033,-77.0733991,Residential,3
r0110_c0029,38.9396033,-77.0699265,Residential,8
r0110_c0030,38.9396033,-77.0681903,Residential,9
r0110_c0034,38.9396033,-77.0612452,Residential,6
r0110_c0035,38.9396033,-77.059509,Residential,4
r0110_c0037,38.9396033,-77.0560365,Mixed-Use,3
r0110_c0042,38.9396033,-77.0473552,Residential,6
r0110_c0043,38.9396033,-77.0456189,Residential,9
r0110_c0044,38.9396033,-77.0438826,Residential,9
r0110_c0045,38.9396033,-77.0421464,Residential,9
r0110_c0046,38.9396033,-77.0404101,Residential,8
r0110_c0047,38.9396033,-77.0386738,Residential,8
r0110_c0048,38.9396033,-77.0369376,Residential,7
r0110_c0049,38.9396033,-77.0352013,Open Space,7
r0110_c0050,38.9396033,-77.0334651,Residential,8
r0110_c0051,38.9396033,-77.0317288,Residential,9
r0110_c0052,38.9396033,-77.0299925,Residential,8
r0110_c0053,38.9396033,-77.0282563,Residential,8
r0110_c0054,38.9396033,-77.02652,Residential,9
r0110_c0055,38.9396033,-77.0247838,Commercial,5
r0110_c0056,38.9396033,-77.0230475,Residential,7
r0110_c0057,38.9396033,-77.0213112,Residential,6
r0110_c0058,38.9396033,-77.019575,Residential,10
r0110_c0059,38.9396033,-77.0178387,Residential,8
r0110_c0060,38.9396033,-77.0161025,Residential,6
r0110_c0067,38.9396033,-77.0039486,Institutional,6
r0110_c0072,38.9396033,-76.9952673,Residential,9
r0110_c0073,38.9396033,-76.9935311,Residential,10
r0110_c0074,38.9396033,-76.9917948,Residential,5
r0110_c0075,38.9396033,-76.9900585,Residential,7
r0110_c0076,38.9396033,-76.9883223,Residential,10
r0110_c0077,38.9396033,-76.986586,Residential,10
r0110_c0078,38.9396033,-76.9848497,Open Space,10
r0110_c0079,38.9396033,-76.9831135,Open Space,10
r0110_c0080,38.9396033,-76.9813772,Open Space,10
r0110_c0081,38.9396033,-76.979641,Residential,8
r0110_c0082,38.9396033,-76.9779047,Residential,10
r0110_c0083,38.9396033,-76.9761684,Residential,10
r0110_c0084,38.9396033,-76.9744322,Residential,9
r0110_c0087,38.9396033,-76.9692234,Residential,8
r0111_c0010,38.9409546,-77.1029155,Residential,12
r0111_c0011,38.9409546,-77.1011792,Residential,10
r0111_c0012,38.9409546,-77.099443,Residential,9
r0111_c0013,38.9409546,-77.0977067,Residential,9
r0111_c0014,38.9409546,-77.0959705,Residential,9
r0111_c0015,38.9409546,-77.0942342,Residential,9
r0111_c0016,38.9409546,-77.0924979,Residential,9
r0111_c0017,38.9409546,-77.0907617,Residential,5
r0111_c0018,38.9409546,-77.0890254,Residential,3
r0111_c0019,38.9409546,-77.0872892,Residential,10
r0111_c0020,38.9409546,-77.0855529,Residential,10
r0111_c0021,38.9409546,-77.0838166,Residential,9
r0111_c0022,38.9409546,-77.0820804,Mixed-Use,10
r0111_c0023,38.9409546,-77.0803441,Institutional,6
r0111_c0025,38.9409546,-77.0768716,Commercial,5
r0111_c0026,38.9409546,-77.0751353,Commercial,4
r0111_c0027,38.9409546,-77.0733991,Other,4
r0111_c0029,38.9409546,-77.0699265,Residential,10
r0111_c0030,38.9409546,-77.0681903,Residential,8
r0111_c0031,38.9409546,-77.066454,Other,8
r0111_c0032,38.9409546,-77.0647178,Commercial,8
r0111_c0033,38.9409546,-77.0629815,Residential,6
r0111_c0034,38.9409546,-77.0612452,Residential,7
r0111_c0035,38.9409546,-77.059509,Residential,5
r0111_c0036,38.9409546,-77.0577727,Residential,5
r0111_c0037,38.9409546,-77.0560365,Residential,6
r0111_c0038,38.9409546,-77.0543002,Residential,7
r0111_c0039,38.9409546,-77.0525639,Open Space,3
r0111_c0042,38.9409546,-77.0473552,Residential,6
r0111_c0043,38.9409546,-77.0456189,Residential,10
r0111_c0044,38.9409546,-77.0438826,Residential,9
r0111_c0045,38.9409546,-77.0421464,Residential,10
r0111_c0046,38.9409546,-77.0404101,Residential,10
r0111_c0047,38.9409546,-77.0386738,Residential,9
r0111_c0048,38.9409546,-77.0369376,Residential,9
r0111_c0049,38.9409546,-77.0352013,Residential,8
r0111_c0050,38.9409546,-77.0334651,Residential,8
r0111_c0051,38.9409546,-77.0317288,Residential,5
r0111_c0052,38.9409546,-77.0299925,Residential,8
r0111_c0053,38.9409546,-77.0282563,Commercial,9
r0111_c0054,38.9409546,-77.02652,Commercial,8
r0111_c0055,38.9409546,-77.0247838,Commercial,5
r0111_c0056,38.9409546,-77.0230475,Residential,7
r0111_c0057,38.9409546,-77.0213112,Residential,7
r0111_c0058,38.9409546,-77.019575,Residential,10
r0111_c0059,38.9409546,-77.0178387,Residential,8
r0111_c0060,38.9409546,-77.0161025,Residential,10
r0111_c0061,38.9409546,-77.0143662,Residential,4
r0111_c0062,38.9409546,-77.0126299,Mixed-Use,6
r0111_c0066,38.9409546,-77.0056849,Residential,3
r0111_c0068,38.9409546,-77.0022124,Mixed-Use,9
r0111_c0069,38.9409546,-77.0004761,Mixed-Use,3
r0111_c0072,38.9409546,-76.9952673,Residential,3
r0111_c0073,38.9409546,-76.9935311,Residential,3
r0111_c0074,38.9409546,-76.9917948,Residential,3
r0111_c0075,38.9409546,-76.9900585,Residential,3
r0111_c0076,38.9409546,-76.9883223,Residential,5
r0111_c0077,38.9409546,-76.986586,Residential,9
r0111_c0078,38.9409546,-76.9848497,Open Space,5
r0111_c0079,38.9409546,-76.9831135,Open Space,5
r0111_c0080,38.9409546,-76.9813772,Open Space,3
r0111_c0081,38.9409546,-76.979641,Residential,8
r0111_c0082,38.9409546,-76.9779047,Residential,10
r0111_c0083,38.9409546,-76.9761684,Residential,10
r0111_c0084,38.9409546,-76.9744322,Residential,7
r0111_c0085,38.9409546,-76.9726959,Residential,11
r0111_c0086,38.9409546,-76.9709597,Residential,5
r0112_c0010,38.942306,-77.1029155,Residential,11
r0112_c0011,38.942306,-77.1011792,Residential,9
r0112_c0012,38.942306,-77.099443,Residential,9
r0112_c0013,38.942306,-77.0977067,Residential,10
r0112_c0014,38.942306,-77.0959705,Residential,9
r0112_c0015,38.942306,-77.0942342,Residential,10
r0112_c0016,38.942306,-77.0924979,Residential,7
r0112_c0017,38.942306,-77.0907617,Residential,6
r0112_c0019,38.942306,-77.0872892,Residential,8
r0112_c0020,38.942306,-77.0855529,Residential,10
r0112_c0021,38.942306,-77.0838166,Residential,10
r0112_c0022,38.942306,-77.0820804,Institutional,8
r0112_c0023,38.942306,-77.0803441,Institutional,10
r0112_c0024,38.942306,-77.0786079,Open Space,7
r0112_c0025,38.942306,-77.0768716,Commercial,6
r0112_c0026,38.942306,-77.0751353,Residential,9
r0112_c0027,38.942306,-77.0733991,Residential,9
r0112_c0028,38.942306,-77.0716628,Residential,9
r0112_c0029,38.942306,-77.0699265,Residential,9
r0112_c0030,38.942306,-77.0681903,Mixed-Use,9
r0112_c0031,38.942306,-77.066454,Other,10
r0112_c0032,38.942306,-77.0647178,Commercial,9
r0112_c0033,38.942306,-77.0629815,Commercial,7
r0112_c0034,38.942306,-77.0612452,Residential,7
r0112_c0035,38.942306,-77.059509,Residential,3
r0112_c0036,38.942306,-77.0577727,Residential,3
r0112_c0037,38.942306,-77.0560365,Residential,5
r0112_c0038,38.942306,-77.0543002,Residential,8
r0112_c0043,38.942306,-77.0456189,Residential,8
r0112_c0044,38.942306,-77.0438826,Residential,9
r0112_c0045,38.942306,-77.0421464,Residential,9
r0112_c0046,38.942306,-77.0404101,Residential,8
r0112_c0047,38.942306,-77.0386738,Residential,8
r0112_c0048,38.942306,-77.0369376,Residential,7
r0112_c0049,38.942306,-77.0352013,Residential,9
r0112_c0050,38.942306,-77.0334651,Residential,6
r0112_c0052,38.942306,-77.0299925,Residential,5
r0112_c0055,38.942306,-77.0247838,Commercial,5
r0112_c0056,38.942306,-77.0230475,Residential,8
r0112_c0057,38.942306,-77.0213112,Residential,9
r0112_c0058,38.942306,-77.019575,Residential,3
r0112_c0059,38.942306,-77.0178387,Residential,9
r0112_c0060,38.942306,-77.0161025,Residential,9
r0112_c0061,38.942306,-77.0143662,Residential,6
r0112_c0063,38.942306,-77.0108937,Residential,4
r0112_c0066,38.942306,-77.0056849,Residential,6
r0112_c0067,38.942306,-77.0039486,Residential,3
r0112_c0071,38.942306,-76.9970036,Residential,48
r0112_c0072,38.942306,-76.9952673,Residential,22
r0112_c0073,38.942306,-76.9935311,Residential,47
r0112_c0074,38.942306,-76.9917948,Residential,53
r0112_c0075,38.942306,-76.9900585,Residential,55
r0112_c0076,38.942306,-76.9883223,Residential,5
r0112_c0077,38.942306,-76.986586,Residential,9
r0112_c0078,38.942306,-76.9848497,Residential,3
r0112_c0081,38.942306,-76.979641,Residential,9
r0112_c0082,38.942306,-76.9779047,Residential,10
r0112_c0083,38.942306,-76.9761684,Residential,10
r0112_c0084,38.942306,-76.9744322,Residential,6
r0113_c0010,38.9436573,-77.1029155,Residential,10
r0113_c0011,38.9436573,-77.1011792,Residential,10
r0113_c0012,38.9436573,-77.099443,Residential,10
r0113_c0013,38.9436573,-77.0977067,Residential,9
r0113_c0014,38.9436573,-77.0959705,Residential,9
r0113_c0015,38.9436573,-77.0942342,Residential,8
r0113_c0016,38.9436573,-77.0924979,Residential,9
r0113_c0017,38.9436573,-77.0907617,Residential,8
r0113_c0018,38.9436573,-77.0890254,Residential,7
r0113_c0019,38.9436573,-77.0872892,Industrial,7
r0113_c0020,38.9436573,-77.0855529,Residential,8
r0113_c0021,38.9436573,-77.0838166,Residential,8
r0113_c0022,38.9436573,-77.0820804,Residential,8
r0113_c0023,38.9436573,-77.0803441,Residential,6
r0113_c0024,38.9436573,-77.0786079,Commercial,9
r0113_c0025,38.9436573,-77.0768716,Residential,6
r0113_c0026,38.9436573,-77.0751353,Residential,10
r0113_c0027,38.9436573,-77.0733991,Residential,10
r0113_c0028,38.9436573,-77.0716628,Residential,10
r0113_c0029,38.9436573,-77.0699265,Residential,9
r0113_c0030,38.9436573,-77.0681903,Mixed-Use,10
r0113_c0031,38.9436573,-77.066454,Open Space,6
r0113_c0033,38.9436573,-77.0629815,Residential,3
r0113_c0034,38.9436573,-77.0612452,Residential,9
r0113_c0035,38.9436573,-77.059509,Residential,3
r0113_c0038,38.9436573,-77.0543002,Residential,4
r0113_c0039,38.9436573,-77.0525639,Mixed-Use,5
r0113_c0043,38.9436573,-77.0456189,Residential,5
r0113_c0044,38.9436573,-77.0438826,Residential,9
r0113_c0045,38.9436573,-77.0421464,Residential,9
r0113_c0046,38.9436573,-77.0404101,Residential,8
r0113_c0047,38.9436573,-77.0386738,Residential,9
r0113_c0048,38.9436573,-77.0369376,Residential,7
r0113_c0049,38.9436573,-77.0352013,Residential,9
r0113_c0050,38.9436573,-77.0334651,Residential,8
r0113_c0054,38.9436573,-77.02652,Residential,5
r0113_c0055,38.9436573,-77.0247838,Residential,8
r0113_c0056,38.9436573,-77.0230475,Residential,7
r0113_c0057,38.9436573,-77.0213112,Residential,3
r0113_c0059,38.9436573,-77.0178387,Residential,8
r0113_c0060,38.9436573,-77.0161025,Residential,10
r0113_c0061,38.9436573,-77.0143662,Residential,9
r0113_c0062,38.9436573,-77.0126299,Residential,7
r0113_c0064,38.9436573,-77.0091574,Other,9
r0113_c0065,38.9436573,-77.0074211,Residential,7
r0113_c0066,38.9436573,-77.0056849,Residential,10
r0113_c0067,38.9436573,-77.0039486,Residential,10
r0113_c0068,38.9436573,-77.0022124,Residential,4
r0113_c0070,38.9436573,-76.9987398,Residential,9
r0113_c0071,38.9436573,-76.9970036,Residential,64
r0113_c0072,38.9436573,-76.9952673,Institutional,7
r0113_c0073,38.9436573,-76.9935311,Mixed-Use,6
r0113_c0076,38.9436573,-76.9883223,Residential,6
r0113_c0077,38.9436573,-76.986586,Residential,10
r0113_c0078,38.9436573,-76.9848497,Residential,8
r0113_c0079,38.9436573,-76.9831135,Residential,9
r0113_c0080,38.9436573,-76.9813772,Residential,10
r0113_c0081,38.9436573,-76.979641,Residential,4
r0113_c0082,38.9436573,-76.9779047,Residential,8
r0113_c0083,38.9436573,-76.9761684,Residential,8
r0113_c0084,38.9436573,-76.9744322,Residential,3
r0114_c0010,38.9450087,-77.1029155,Residential,8
r0114_c0011,38.9450087,-77.1011792,Residential,10
r0114_c0012,38.9450087,-77.099443,Residential,9
r0114_c0013,38.9450087,-77.0977067,Residential,10
r0114_c0014,38.9450087,-77.0959705,Commercial,6
r0114_c0015,38.9450087,-77.0942342,Residential,8
r0114_c0016,38.9450087,-77.0924979,Residential,10
r0114_c0017,38.9450087,-77.0907617,Residential,9
r0114_c0018,38.9450087,-77.0890254,Residential,9
r0114_c0019,38.9450087,-77.0872892,Residential,8
r0114_c0020,38.9450087,-77.0855529,Residential,8
r0114_c0021,38.9450087,-77.0838166,Residential,9
r0114_c0022,38.9450087,-77.0820804,Residential,4
r0114_c0023,38.9450087,-77.0803441,Residential,4
r0114_c0024,38.9450087,-77.0786079,Residential,6
r0114_c0025,38.9450087,-77.0768716,Residential,8
r0114_c0026,38.9450087,-77.0751353,Residential,10
r0114_c0027,38.9450087,-77.0733991,Residential,10
r0114_c0028,38.9450087,-77.0716628,Residential,10
r0114_c0029,38.9450087,-77.0699265,Residential,9
r0114_c0030,38.9450087,-77.0681903,Mixed-Use,8
r0114_c0033,38.9450087,-77.0629815,Commercial,4
r0114_c0034,38.9450087,-77.0612452,Residential,7
r0114_c0035,38.9450087,-77.059509,Residential,4
r0114_c0037,38.9450087,-77.0560365,Residential,3
r0114_c0038,38.9450087,-77.0543002,Residential,7
r0114_c0044,38.9450087,-77.0438826,Residential,8
r0114_c0045,38.9450087,-77.0421464,Residential,8
r0114_c0046,38.9450087,-77.0404101,Residential,9
r0114_c0047,38.9450087,-77.0386738,Residential,9
r0114_c0048,38.9450087,-77.0369376,Residential,8
r0114_c0049,38.9450087,-77.0352013,Residential,9
r0114_c0050,38.9450087,-77.0334651,Residential,8
r0114_c0051,38.9450087,-77.0317288,Mixed-Use,5
r0114_c0052,38.9450087,-77.0299925,Residential,4
r0114_c0053,38.9450087,-77.0282563,Residential,5
r0114_c0054,38.9450087,-77.02652,Residential,8
r0114_c0055,38.9450087,-77.0247838,Residential,9
r0114_c0057,38.9450087,-77.0213112,Residential,7
r0114_c0058,38.9450087,-77.019575,Residential,10
r0114_c0059,38.9450087,-77.0178387,Residential,8
r0114_c0060,38.9450087,-77.0161025,Residential,10
r0114_c0061,38.9450087,-77.0143662,Residential,10
r0114_c0062,38.9450087,-77.0126299,Mixed-Use,9
r0114_c0063,38.9450087,-77.0108937,Other,9
r0114_c0064,38.9450087,-77.0091574,Other,10
r0114_c0065,38.9450087,-77.0074211,Residential,8
r0114_c0066,38.9450087,-77.0056849,Residential,9
r0114_c0067,38.9450087,-77.0039486,Residential,4
r0114_c0068,38.9450087,-77.0022124,Mixed-Use,4
r0114_c0070,38.9450087,-76.9987398,Residential,25
r0114_c0071,38.9450087,-76.9970036,Residential,54
r0114_c0075,38.9450087,-76.9900585,Residential,6
r0114_c0076,38.9450087,-76.9883223,Residential,10
r0114_c0077,38.9450087,-76.986586,Residential,5
r0114_c0080,38.9450087,-76.9813772,Residential,7
r0114_c0081,38.9450087,-76.979641,Residential,8
r0114_c0082,38.9450087,-76.9779047,Residential,5
r0114_c0083,38.9450087,-76.9761684,Residential,7
r0115_c0011,38.94636,-77.1011792,Residential,9
r0115_c0012,38.94636,-77.099443,Residential,10
r0115_c0013,38.94636,-77.0977067,Commercial,6
r0115_c0014,38.94636,-77.0959705,Residential,10
r0115_c0015,38.94636,-77.0942342,Residential,10
r0115_c0016,38.94636,-77.0924979,Residential,9
r0115_c0017,38.94636,-77.0907617,Residential,9
r0115_c0018,38.94636,-77.0890254,Residential,9
r0115_c0019,38.94636,-77.0872892,Residential,10
r0115_c0020,38.94636,-77.0855529,Residential,9
r0115_c0021,38.94636,-77.0838166,Residential,9
r0115_c0022,38.94636,-77.0820804,Residential,6
r0115_c0023,38.94636,-77.0803441,Institutional,3
r0115_c0024,38.94636,-77.0786079,Institutional,5
r0115_c0025,38.94636,-77.0768716,Residential,9
r0115_c0026,38.94636,-77.0751353,Residential,9
r0115_c0027,38.94636,-77.0733991,Residential,9
r0115_c0028,38.94636,-77.0716628,Residential,8
r0115_c0029,38.94636,-77.0699265,Residential,7
r0115_c0030,38.94636,-77.0681903,Residential,9
r0115_c0031,38.94636,-77.066454,Residential,6
r0115_c0032,38.94636,-77.0647178,Commercial,6
r0115_c0034,38.94636,-77.0612452,Residential,3
r0115_c0035,38.94636,-77.059509,Residential,4
r0115_c0036,38.94636,-77.0577727,Residential,6
r0115_c0037,38.94636,-77.0560365,Residential,3
r0115_c0038,38.94636,-77.0543002,Residential,3
r0115_c0039,38.94636,-77.0525639,Residential,13
r0115_c0040,38.94636,-77.0508277,Open Space,3
r0115_c0045,38.94636,-77.0421464,Residential,9
r0115_c0046,38.94636,-77.0404101,Residential,10
r0115_c0047,38.94636,-77.0386738,Residential,10
r0115_c0048,38.94636,-77.0369376,Residential,7
r0115_c0049,38.94636,-77.0352013,Residential,9
r0115_c0050,38.94636,-77.0334651,Residential,8
r0115_c0051,38.94636,-77.0317288,Mixed-Use,8
r0115_c0052,38.94636,-77.0299925,Residential,8
r0115_c0053,38.94636,-77.0282563,Residential,10
r0115_c0054,38.94636,-77.02652,Residential,8
r0115_c0055,38.94636,-77.0247838,Residential,10
r0115_c0056,38.94636,-77.0230475,Residential,6
r0115_c0057,38.94636,-77.0213112,Residential,5
r0115_c0058,38.94636,-77.019575,Residential,9
r0115_c0059,38.94636,-77.0178387,Residential,8
r0115_c0060,38.94636,-77.0161025,Residential,9
r0115_c0061,38.94636,-77.0143662,Other,10
r0115_c0062,38.94636,-77.0126299,Other,10
r0115_c0063,38.94636,-77.0108937,Other,10
r0115_c0064,38.94636,-77.0091574,Mixed-Use,8
r0115_c0065,38.94636,-77.0074211,Residential,8
r0115_c0066,38.94636,-77.0056849,Residential,6
r0115_c0069,38.94636,-77.0004761,Mixed-Use,3
r0115_c0070,38.94636,-76.9987398,Residential,4
r0115_c0071,38.94636,-76.9970036,Residential,5
r0115_c0072,38.94636,-76.9952673,Residential,5
r0115_c0073,38.94636,-76.9935311,Residential,5
r0115_c0074,38.94636,-76.9917948,Residential,5
r0115_c0075,38.94636,-76.9900585,Residential,7
r0115_c0076,38.94636,-76.9883223,Residential,3
r0115_c0077,38.94636,-76.986586,Mixed-Use,3
r0115_c0079,38.94636,-76.9831135,Residential,5
r0115_c0080,38.94636,-76.9813772,Residential,10
r0115_c0081,38.94636,-76.979641,Residential,9
r0116_c0011,38.9477114,-77.1011792,Residential,6
r0116_c0012,38.9477114,-77.099443,Residential,8
r0116_c0013,38.9477114,-77.0977067,Residential,9
r0116_c0014,38.9477114,-77.0959705,Residential,9
r0116_c0015,38.9477114,-77.0942342,Residential,9
r0116_c0016,38.9477114,-77.0924979,Residential,9
r0116_c0017,38.9477114,-77.0907617,Residential,9
r0116_c0018,38.9477114,-77.0890254,Residential,9
r0116_c0019,38.9477114,-77.0872892,Residential,9
r0116_c0020,38.9477114,-77.0855529,Residential,8
r0116_c0021,38.9477114,-77.0838166,Residential,8
r0116_c0022,38.9477114,-77.0820804,Residential,6
r0116_c0023,38.9477114,-77.0803441,Mixed-Use,4
r0116_c0024,38.9477114,-77.0786079,Commercial,4
r0116_c0025,38.9477114,-77.0768716,Residential,9
r0116_c0026,38.9477114,-77.0751353,Residential,10
r0116_c0027,38.9477114,-77.0733991,Residential,10
r0116_c0028,38.9477114,-77.0716628,Residential,8
r0116_c0029,38.9477114,-77.0699265,Residential,8
r0116_c0030,38.9477114,-77.0681903,Residential,9
r0116_c0031,38.9477114,-77.066454,Residential,9
r0116_c0032,38.9477114,-77.0647178,Residential,6
r0116_c0033,38.9477114,-77.0629815,Residential,8
r0116_c0034,38.9477114,-77.0612452,Residential,10
r0116_c0035,38.9477114,-77.059509,Residential,10
r0116_c0036,38.9477114,-77.0577727,Residential,10
r0116_c0037,38.9477114,-77.0560365,Residential,9
r0116_c0038,38.9477114,-77.0543002,Residential,9
r0116_c0039,38.9477114,-77.0525639,Residential,10
r0116_c0045,38.9477114,-77.0421464,Residential,4
r0116_c0046,38.9477114,-77.0404101,Residential,9
r0116_c0047,38.9477114,-77.0386738,Residential,9
r0116_c0048,38.9477114,-77.0369376,Residential,7
r0116_c0049,38.9477114,-77.0352013,Residential,8
r0116_c0050,38.9477114,-77.0334651,Residential,8
r0116_c0051,38.9477114,-77.0317288,Mixed-Use,9
r0116_c0052,38.9477114,-77.0299925,Residential,6
r0116_c0053,38.9477114,-77.0282563,Residential,9
r0116_c0054,38.9477114,-77.02652,Residential,7
r0116_c0055,38.9477114,-77.0247838,Residential,9
r0116_c0056,38.9477114,-77.0230475,Residential,7
r0116_c0057,38.9477114,-77.0213112,Residential,4
r0116_c0058,38.9477114,-77.019575,Residential,6
r0116_c0059,38.9477114,-77.0178387,Residential,4
r0116_c0060,38.9477114,-77.0161025,Residential,8
r0116_c0061,38.9477114,-77.0143662,Other,10
r0116_c0062,38.9477114,-77.0126299,Other,10
r0116_c0063,38.9477114,-77.0108937,Other,10
r0116_c0064,38.9477114,-77.0091574,Mixed-Use,9
r0116_c0065,38.9477114,-77.0074211,Residential,10
r0116_c0066,38.9477114,-77.0056849,Residential,3
r0116_c0068,38.9477114,-77.0022124,Industrial,8
r0116_c0069,38.9477114,-77.0004761,Industrial,3
r0116_c0070,38.9477114,-76.9987398,Residential,7
r0116_c0071,38.9477114,-76.9970036,Residential,10
r0116_c0072,38.9477114,-76.9952673,Residential,10
r0116_c0073,38.9477114,-76.9935311,Residential,10
r0116_c0074,38.9477114,-76.9917948,Residential,9
r0116_c0075,38.9477114,-76.9900585,Residential,7
r0116_c0076,38.9477114,-76.9883223,Residential,19
r0116_c0079,38.9477114,-76.9831135,Residential,5
r0116_c0080,38.9477114,-76.9813772,Residential,10
r0116_c0081,38.9477114,-76.979641,Residential,3
r0117_c0012,38.9490627,-77.099443,Residential,9
r0117_c0013,38.9490627,-77.0977067,Residential,9
r0117_c0014,38.9490627,-77.0959705,Residential,9
r0117_c0015,38.9490627,-77.0942342,Residential,9
r0117_c0016,38.9490627,-77.0924979,Residential,9
r0117_c0017,38.9490627,-77.0907617,Residential,9
r0117_c0018,38.9490627,-77.0890254,Residential,9
r0117_c0019,38.9490627,-77.0872892,Residential,9
r0117_c0020,38.9490627,-77.0855529,Residential,8
r0117_c0021,38.9490627,-77.0838166,Residential,9
r0117_c0022,38.9490627,-77.0820804,Residential,9
r0117_c0023,38.9490627,-77.0803441,Commercial,6
r0117_c0024,38.9490627,-77.0786079,Commercial,4
r0117_c0026,38.9490627,-77.0751353,Residential,10
r0117_c0027,38.9490627,-77.0733991,Residential,10
r0117_c0028,38.9490627,-77.0716628,Residential,9
r0117_c0029,38.9490627,-77.0699265,Residential,10
r0117_c0030,38.9490627,-77.0681903,Residential,10
r0117_c0031,38.9490627,-77.066454,Residential,8
r0117_c0032,38.9490627,-77.0647178,Residential,9
r0117_c0033,38.9490627,-77.0629815,Residential,10
r0117_c0034,38.9490627,-77.0612452,Residential,10
r0117_c0035,38.9490627,-77.059509,Residential,10
r0117_c0036,38.9490627,-77.0577727,Residential,10
r0117_c0037,38.9490627,-77.0560365,Residential,10
r0117_c0038,38.9490627,-77.0543002,Residential,10
r0117_c0039,38.9490627,-77.0525639,Residential,5
r0117_c0041,38.9490627,-77.0490914,Open Space,5
r0117_c0046,38.9490627,-77.0404101,Residential,6
r0117_c0047,38.9490627,-77.0386738,Residential,9
r0117_c0048,38.9490627,-77.0369376,Residential,8
r0117_c0049,38.9490627,-77.0352013,Residential,9
r0117_c0050,38.9490627,-77.0334651,Residential,8
r0117_c0051,38.9490627,-77.0317288,Residential,9
r0117_c0052,38.9490627,-77.0299925,Residential,7
r0117_c0053,38.9490627,-77.0282563,Residential,9
r0117_c0054,38.9490627,-77.02652,Residential,8
r0117_c0055,38.9490627,-77.0247838,Residential,10
r0117_c0056,38.9490627,-77.0230475,Residential,9
r0117_c0057,38.9490627,-77.0213112,Residential,9
r0117_c0058,38.9490627,-77.019575,Residential,9
r0117_c0059,38.9490627,-77.0178387,Residential,9
r0117_c0060,38.9490627,-77.0161025,Residential,9
r0117_c0061,38.9490627,-77.0143662,Mixed-Use,8
r0117_c0062,38.9490627,-77.0126299,Other,10
r0117_c0063,38.9490627,-77.0108937,Other,10
r0117_c0064,38.9490627,-77.0091574,Mixed-Use,8
r0117_c0065,38.9490627,-77.0074211,Residential,9
r0117_c0068,38.9490627,-77.0022124,Industrial,9
r0117_c0069,38.9490627,-77.0004761,Residential,3
r0117_c0070,38.9490627,-76.9987398,Residential,7
r0117_c0071,38.9490627,-76.9970036,Residential,10
r0117_c0072,38.9490627,-76.9952673,Residential,10
r0117_c0073,38.9490627,-76.9935311,Residential,4
r0117_c0074,38.9490627,-76.9917948,Residential,6
r0117_c0075,38.9490627,-76.9900585,Residential,9
r0117_c0076,38.9490627,-76.9883223,Residential,5
r0117_c0079,38.9490627,-76.9831135,Residential,5
r0117_c0080,38.9490627,-76.9813772,Residential,3
r0118_c0013,38.9504141,-77.0977067,Residential,9
r0118_c0014,38.9504141,-77.0959705,Residential,9
r0118_c0015,38.9504141,-77.0942342,Residential,9
r0118_c0016,38.9504141,-77.0924979,Residential,9
r0118_c0017,38.9504141,-77.0907617,Residential,9
r0118_c0018,38.9504141,-77.0890254,Residential,9
r0118_c0019,38.9504141,-77.0872892,Residential,9
r0118_c0020,38.9504141,-77.0855529,Residential,9
r0118_c0021,38.9504141,-77.0838166,Residential,9
r0118_c0022,38.9504141,-77.0820804,Residential,7
r0118_c0023,38.9504141,-77.0803441,Commercial,6
r0118_c0024,38.9504141,-77.0786079,Commercial,3
r0118_c0026,38.9504141,-77.0751353,Residential,4
r0118_c0027,38.9504141,-77.0733991,Residential,9
r0118_c0028,38.9504141,-77.0716628,Residential,9
r0118_c0029,38.9504141,-77.0699265,Residential,9
r0118_c0030,38.9504141,-77.0681903,Residential,9
r0118_c0031,38.9504141,-77.066454,Residential,7
r0118_c0032,38.9504141,-77.0647178,Residential,5
r0118_c0033,38.9504141,-77.0629815,Residential,9
r0118_c0034,38.9504141,-77.0612452,Residential,10
r0118_c0035,38.9504141,-77.059509,Residential,10
r0118_c0036,38.9504141,-77.0577727,Residential,9
r0118_c0037,38.9504141,-77.0560365,Residential,10
r0118_c0038,38.9504141,-77.0543002,Residential,9
r0118_c0045,38.9504141,-77.0421464,Residential,12
r0118_c0047,38.9504141,-77.0386738,Residential,6
r0118_c0048,38.9504141,-77.0369376,Residential,7
r0118_c0049,38.9504141,-77.0352013,Residential,7
r0118_c0050,38.9504141,-77.0334651,Residential,4
r0118_c0051,38.9504141,-77.0317288,Residential,7
r0118_c0052,38.9504141,-77.0299925,Residential,9
r0118_c0053,38.9504141,-77.0282563,Residential,7
r0118_c0054,38.9504141,-77.02652,Residential,7
r0118_c0055,38.9504141,-77.0247838,Residential,8
r0118_c0056,38.9504141,-77.0230475,Residential,8
r0118_c0057,38.9504141,-77.0213112,Residential,9
r0118_c0058,38.9504141,-77.019575,Residential,7
r0118_c0059,38.9504141,-77.0178387,Residential,9
r0118_c0060,38.9504141,-77.0161025,Residential,9
r0118_c0061,38.9504141,-77.0143662,Residential,7
r0118_c0062,38.9504141,-77.0126299,Mixed-Use,3
r0118_c0063,38.9504141,-77.0108937,Other,10
r0118_c0064,38.9504141,-77.0091574,Residential,9
r0118_c0065,38.9504141,-77.0074211,Residential,7
r0118_c0067,38.9504141,-77.0039486,Industrial,4
r0118_c0068,38.9504141,-77.0022124,Industrial,7
r0118_c0069,38.9504141,-77.0004761,Industrial,8
r0118_c0070,38.9504141,-76.9987398,Residential,6
r0118_c0071,38.9504141,-76.9970036,Residential,10
r0118_c0072,38.9504141,-76.9952673,Residential,10
r0118_c0073,38.9504141,-76.9935311,Residential,8
r0118_c0074,38.9504141,-76.9917948,Residential,9
r0118_c0075,38.9504141,-76.9900585,Residential,10
r0118_c0076,38.9504141,-76.9883223,Residential,10
r0118_c0077,38.9504141,-76.986586,Residential,7
r0118_c0078,38.9504141,-76.9848497,Residential,6
r0118_c0079,38.9504141,-76.9831135,Residential,3
r0119_c0014,38.9517654,-77.0959705,Residential,10
r0119_c0015,38.9517654,-77.0942342,Residential,9
r0119_c0016,38.9517654,-77.0924979,Residential,9
r0119_c0017,38.9517654,-77.0907617,Residential,9
r0119_c0018,38.9517654,-77.0890254,Residential,9
r0119_c0019,38.9517654,-77.0872892,Residential,10
r0119_c0020,38.9517654,-77.0855529,Residential,8
r0119_c0021,38.9517654,-77.0838166,Residential,3
r0119_c0022,38.9517654,-77.0820804,Commercial,6
r0119_c0023,38.9517654,-77.0803441,Residential,4
r0119_c0027,38.9517654,-77.0733991,Residential,7
r0119_c0028,38.9517654,-77.0716628,Residential,8
r0119_c0029,38.9517654,-77.0699265,Residential,8
r0119_c0030,38.9517654,-77.0681903,Residential,8
r0119_c0031,38.9517654,-77.066454,Residential,9
r0119_c0032,38.9517654,-77.0647178,Residential,9
r0119_c0033,38.9517654,-77.0629815,Residential,9
r0119_c0034,38.9517654,-77.0612452,Residential,9
r0119_c0035,38.9517654,-77.059509,Residential,9
r0119_c0036,38.9517654,-77.0577727,Residential,10
r0119_c0037,38.9517654,-77.0560365,Residential,10
r0119_c0038,38.9517654,-77.0543002,Residential,7
r0119_c0040,38.9517654,-77.0508277,Open Space,4
r0119_c0048,38.9517654,-77.0369376,Residential,5
r0119_c0049,38.9517654,-77.0352013,Residential,8
r0119_c0050,38.9517654,-77.0334651,Residential,4
r0119_c0051,38.9517654,-77.0317288,Residential,5
r0119_c0052,38.9517654,-77.0299925,Residential,9
r0119_c0053,38.9517654,-77.0282563,Residential,8
r0119_c0054,38.9517654,-77.02652,Residential,6
r0119_c0055,38.9517654,-77.0247838,Residential,7
r0119_c0056,38.9517654,-77.0230475,Residential,10
r0119_c0057,38.9517654,-77.0213112,Residential,10
r0119_c0058,38.9517654,-77.019575,Residential,8
r0119_c0059,38.9517654,-77.0178387,Residential,8
r0119_c0060,38.9517654,-77.0161025,Residential,9
r0119_c0061,38.9517654,-77.0143662,Residential,9
r0119_c0062,38.9517654,-77.0126299,Residential,4
r0119_c0063,38.9517654,-77.0108937,Residential,9
r0119_c0064,38.9517654,-77.0091574,Residential,9
r0119_c0070,38.9517654,-76.9987398,Residential,3
r0119_c0071,38.9517654,-76.9970036,Residential,6
r0119_c0072,38.9517654,-76.9952673,Residential,7
r0119_c0073,38.9517654,-76.9935311,Residential,9
r0119_c0074,38.9517654,-76.9917948,Residential,10
r0119_c0075,38.9517654,-76.9900585,Residential,10
r0119_c0076,38.9517654,-76.9883223,Residential,9
r0119_c0077,38.9517654,-76.986586,Residential,4
r0120_c0015,38.9531168,-77.0942342,Residential,8
r0120_c0016,38.9531168,-77.0924979,Residential,9
r0120_c0017,38.9531168,-77.0907617,Residential,9
r0120_c0018,38.9531168,-77.0890254,Residential,9
r0120_c0019,38.9531168,-77.0872892,Residential,10
r0120_c0020,38.9531168,-77.0855529,Residential,8
r0120_c0021,38.9531168,-77.0838166,Residential,7
r0120_c0022,38.9531168,-77.0820804,Commercial,5
r0120_c0023,38.9531168,-77.0803441,Residential,9
r0120_c0024,38.9531168,-77.0786079,Open Space,5
r0120_c0025,38.9531168,-77.0768716,Industrial,4
r0120_c0027,38.9531168,-77.0733991,Residential,5
r0120_c0028,38.9531168,-77.0716628,Residential,5
r0120_c0029,38.9531168,-77.0699265,Residential,4
r0120_c0030,38.9531168,-77.0681903,Residential,6
r0120_c0031,38.9531168,-77.066454,Residential,9
r0120_c0032,38.9531168,-77.0647178,Residential,9
r0120_c0033,38.9531168,-77.0629815,Residential,9
r0120_c0034,38.9531168,-77.0612452,Residential,9
r0120_c0035,38.9531168,-77.059509,Residential,9
r0120_c0036,38.9531168,-77.0577727,Residential,10
r0120_c0037,38.9531168,-77.0560365,Residential,8
r0120_c0047,38.9531168,-77.0386738,Mixed-Use,5
r0120_c0049,38.9531168,-77.0352013,Residential,9
r0120_c0050,38.9531168,-77.0334651,Residential,9
r0120_c0051,38.9531168,-77.0317288,Residential,8
r0120_c0052,38.9531168,-77.0299925,Residential,9
r0120_c0053,38.9531168,-77.0282563,Residential,8
r0120_c0054,38.9531168,-77.02652,Residential,8
r0120_c0055,38.9531168,-77.0247838,Residential,3
r0120_c0056,38.9531168,-77.0230475,Residential,9
r0120_c0057,38.9531168,-77.0213112,Residential,10
r0120_c0058,38.9531168,-77.019575,Residential,9
r0120_c0059,38.9531168,-77.0178387,Residential,7
r0120_c0060,38.9531168,-77.0161025,Residential,8
r0120_c0061,38.9531168,-77.0143662,Residential,6
r0120_c0062,38.9531168,-77.0126299,Residential,9
r0120_c0063,38.9531168,-77.0108937,Residential,9
r0120_c0064,38.9531168,-77.0091574,Residential,7
r0120_c0065,38.9531168,-77.0074211,Institutional,7
r0120_c0072,38.9531168,-76.9952673,Residential,4
r0120_c0073,38.9531168,-76.9935311,Residential,3
r0120_c0077,38.9531168,-76.986586,Residential,17
r0121_c0016,38.9544681,-77.0924979,Residential,8
r0121_c0017,38.9544681,-77.0907617,Residential,9
r0121_c0018,38.9544681,-77.0890254,Residential,9
r0121_c0019,38.9544681,-77.0872892,Residential,9
r0121_c0020,38.9544681,-77.0855529,Residential,9
r0121_c0021,38.9544681,-77.0838166,Residential,9
r0121_c0022,38.9544681,-77.0820804,Residential,6
r0121_c0023,38.9544681,-77.0803441,Residential,9
r0121_c0024,38.9544681,-77.0786079,Open Space,7
r0121_c0025,38.9544681,-77.0768716,Open Space,6
r0121_c0026,38.9544681,-77.0751353,Residential,4
r0121_c0027,38.9544681,-77.0733991,Open Space,5
r0121_c0028,38.9544681,-77.0716628,Residential,6
r0121_c0029,38.9544681,-77.0699265,Commercial,5
r0121_c0030,38.9544681,-77.0681903,Residential,4
r0121_c0031,38.9544681,-77.066454,Residential,11
r0121_c0032,38.9544681,-77.0647178,Residential,8
r0121_c0033,38.9544681,-77.0629815,Residential,8
r0121_c0034,38.9544681,-77.0612452,Residential,8
r0121_c0035,38.9544681,-77.059509,Residential,8
r0121_c0036,38.9544681,-77.0577727,Residential,6
r0121_c0049,38.9544681,-77.0352013,Residential,9
r0121_c0050,38.9544681,-77.0334651,Residential,8
r0121_c0051,38.9544681,-77.0317288,Residential,9
r0121_c0052,38.9544681,-77.0299925,Residential,8
r0121_c0053,38.9544681,-77.0282563,Residential,7
r0121_c0054,38.9544681,-77.02652,Residential,7
r0121_c0055,38.9544681,-77.0247838,Residential,45
r0121_c0056,38.9544681,-77.0230475,Residential,9
r0121_c0057,38.9544681,-77.0213112,Residential,10
r0121_c0058,38.9544681,-77.019575,Residential,9
r0121_c0059,38.9544681,-77.0178387,Residential,9
r0121_c0060,38.9544681,-77.0161025,Residential,5
r0121_c0061,38.9544681,-77.0143662,Residential,4
r0121_c0062,38.9544681,-77.0126299,Residential,10
r0121_c0063,38.9544681,-77.0108937,Residential,4
r0121_c0064,38.9544681,-77.0091574,Residential,7
r0121_c0065,38.9544681,-77.0074211,Residential,5
r0121_c0068,38.9544681,-77.0022124,Commercial,4
r0121_c0069,38.9544681,-77.0004761,Other,5
r0121_c0070,38.9544681,-76.9987398,Residential,8
r0121_c0071,38.9544681,-76.9970036,Residential,8
r0121_c0072,38.9544681,-76.9952673,Residential,10
r0121_c0073,38.9544681,-76.9935311,Residential,10
r0121_c0074,38.9544681,-76.9917948,Residential,10
r0121_c0075,38.9544681,-76.9900585,Residential,10
r0121_c0076,38.9544681,-76.9883223,Residential,6
r0122_c0017,38.9558195,-77.0907617,Residential,6
r0122_c0018,38.9558195,-77.0890254,Residential,9
r0122_c0019,38.9558195,-77.0872892,Residential,9
r0122_c0020,38.9558195,-77.0855529,Residential,9
r0122_c0021,38.9558195,-77.0838166,Commercial,8
r0122_c0022,38.9558195,-77.0820804,Residential,8
r0122_c0023,38.9558195,-77.0803441,Residential,10
r0122_c0024,38.9558195,-77.0786079,Residential,10
r0122_c0025,38.9558195,-77.0768716,Residential,10
r0122_c0026,38.9558195,-77.0751353,Residential,10
r0122_c0027,38.9558195,-77.0733991,Residential,10
r0122_c0028,38.9558195,-77.0716628,Residential,9
r0122_c0029,38.9558195,-77.0699265,Commercial,7
r0122_c0030,38.9558195,-77.0681903,Residential,7
r0122_c0031,38.9558195,-77.066454,Residential,10
r0122_c0032,38.9558195,-77.0647178,Residential,5
r0122_c0033,38.9558195,-77.0629815,Residential,5
r0122_c0041,38.9558195,-77.0490914,Industrial,4
r0122_c0049,38.9558195,-77.0352013,Residential,9
r0122_c0050,38.9558195,-77.0334651,Residential,5
r0122_c0051,38.9558195,-77.0317288,Residential,9
r0122_c0052,38.9558195,-77.0299925,Residential,8
r0122_c0053,38.9558195,-77.0282563,Residential,6
r0122_c0054,38.9558195,-77.02652,Residential,6
r0122_c0060,38.9558195,-77.0161025,Residential,4
r0122_c0061,38.9558195,-77.0143662,Residential,3
r0122_c0062,38.9558195,-77.0126299,Residential,3
r0122_c0064,38.9558195,-77.0091574,Residential,7
r0122_c0065,38.9558195,-77.0074211,Residential,10
r0122_c0066,38.9558195,-77.0056849,Residential,4
r0122_c0067,38.9558195,-77.0039486,Commercial,3
r0122_c0068,38.9558195,-77.0022124,Commercial,4
r0122_c0069,38.9558195,-77.0004761,Residential,5
r0122_c0070,38.9558195,-76.9987398,Residential,10
r0122_c0071,38.9558195,-76.9970036,Residential,10
r0122_c0072,38.9558195,-76.9952673,Residential,10
r0122_c0073,38.9558195,-76.9935311,Residential,10
r0122_c0074,38.9558195,-76.9917948,Residential,10
r0122_c0075,38.9558195,-76.9900585,Residential,9
r0123_c0018,38.9571708,-77.0890254,Residential,9
r0123_c0019,38.9571708,-77.0872892,Residential,8
r0123_c0020,38.9571708,-77.0855529,Residential,9
r0123_c0021,38.9571708,-77.0838166,Commercial,8
r0123_c0022,38.9571708,-77.0820804,Residential,9
r0123_c0023,38.9571708,-77.0803441,Residential,10
r0123_c0024,38.9571708,-77.0786079,Residential,10
r0123_c0025,38.9571708,-77.0768716,Residential,10
r0123_c0026,38.9571708,-77.0751353,Residential,10
r0123_c0027,38.9571708,-77.0733991,Residential,10
r0123_c0028,38.9571708,-77.0716628,Residential,8
r0123_c0029,38.9571708,-77.0699265,Residential,9
r0123_c0030,38.9571708,-77.0681903,Residential,4
r0123_c0031,38.9571708,-77.066454,Residential,10
r0123_c0032,38.9571708,-77.0647178,Residential,8
r0123_c0033,38.9571708,-77.0629815,Residential,5
r0123_c0048,38.9571708,-77.0369376,Residential,7
r0123_c0049,38.9571708,-77.0352013,Residential,10
r0123_c0050,38.9571708,-77.0334651,Residential,8
r0123_c0051,38.9571708,-77.0317288,Residential,9
r0123_c0052,38.9571708,-77.0299925,Residential,8
r0123_c0053,38.9571708,-77.0282563,Residential,6
r0123_c0054,38.9571708,-77.02652,Residential,5
r0123_c0056,38.9571708,-77.0230475,Residential,59
r0123_c0057,38.9571708,-77.0213112,Residential,77
r0123_c0060,38.9571708,-77.0161025,Residential,7
r0123_c0061,38.9571708,-77.0143662,Residential,8
r0123_c0062,38.9571708,-77.0126299,Residential,9
r0123_c0063,38.9571708,-77.0108937,Residential,9
r0123_c0064,38.9571708,-77.0091574,Residential,7
r0123_c0065,38.9571708,-77.0074211,Residential,10
r0123_c0066,38.9571708,-77.0056849,Residential,5
r0123_c0067,38.9571708,-77.0039486,Commercial,6
r0123_c0068,38.9571708,-77.0022124,Commercial,4
r0123_c0069,38.9571708,-77.0004761,Residential,7
r0123_c0070,38.9571708,-76.9987398,Residential,10
r0123_c0071,38.9571708,-76.9970036,Residential,10
r0123_c0072,38.9571708,-76.9952673,Residential,10
r0123_c0073,38.9571708,-76.9935311,Residential,10
r0123_c0074,38.9571708,-76.9917948,Residential,9
r0124_c0019,38.9585222,-77.0872892,Commercial,7
r0124_c0020,38.9585222,-77.0855529,Industrial,8
r0124_c0021,38.9585222,-77.0838166,Residential,8
r0124_c0022,38.9585222,-77.0820804,Residential,10
r0124_c0023,38.9585222,-77.0803441,Residential,10
r0124_c0024,38.9585222,-77.0786079,Residential,10
r0124_c0025,38.9585222,-77.0768716,Residential,10
r0124_c0026,38.9585222,-77.0751353,Residential,10
r0124_c0027,38.9585222,-77.0733991,Residential,10
r0124_c0028,38.9585222,-77.0716628,Residential,8
r0124_c0029,38.9585222,-77.0699265,Residential,10
r0124_c0030,38.9585222,-77.0681903,Residential,7
r0124_c0031,38.9585222,-77.066454,Residential,3
r0124_c0032,38.9585222,-77.0647178,Open Space,5
r0124_c0033,38.9585222,-77.0629815,Open Space,5
r0124_c0034,38.9585222,-77.0612452,Residential,9
r0124_c0035,38.9585222,-77.059509,Residential,4
r0124_c0036,38.9585222,-77.0577727,Residential,9
r0124_c0037,38.9585222,-77.0560365,Residential,4
r0124_c0047,38.9585222,-77.0386738,Residential,3
r0124_c0048,38.9585222,-77.0369376,Residential,8
r0124_c0049,38.9585222,-77.0352013,Residential,10
r0124_c0050,38.9585222,-77.0334651,Residential,8
r0124_c0051,38.9585222,-77.0317288,Residential,9
r0124_c0052,38.9585222,-77.0299925,Residential,8
r0124_c0053,38.9585222,-77.0282563,Commercial,5
r0124_c0054,38.9585222,-77.02652,Residential,21
r0124_c0055,38.9585222,-77.0247838,Residential,110
r0124_c0056,38.9585222,-77.0230475,Residential,50
r0124_c0058,38.9585222,-77.019575,Residential,4
r0124_c0059,38.9585222,-77.0178387,Residential,7
r0124_c0060,38.9585222,-77.0161025,Residential,6
r0124_c0061,38.9585222,-77.0143662,Residential,6
r0124_c0062,38.9585222,-77.0126299,Residential,10
r0124_c0063,38.9585222,-77.0108937,Residential,10
r0124_c0064,38.9585222,-77.0091574,Residential,9
r0124_c0065,38.9585222,-77.0074211,Residential,10
r0124_c0066,38.9585222,-77.0056849,Residential,3
r0124_c0067,38.9585222,-77.0039486,Commercial,5
r0124_c0068,38.9585222,-77.0022124,Commercial,8
r0124_c0069,38.9585222,-77.0004761,Residential,6
r0124_c0070,38.9585222,-76.9987398,Residential,7
r0124_c0071,38.9585222,-76.9970036,Residential,10
r0124_c0072,38.9585222,-76.9952673,Residential,10
r0124_c0073,38.9585222,-76.9935311,Residential,8
r0125_c0020,38.9598735,-77.0855529,Commercial,10
r0125_c0021,38.9598735,-77.0838166,Residential,10
r0125_c0022,38.9598735,-77.0820804,Residential,10
r0125_c0023,38.9598735,-77.0803441,Residential,10
r0125_c0024,38.9598735,-77.0786079,Residential,10
r0125_c0025,38.9598735,-77.0768716,Residential,10
r0125_c0026,38.9598735,-77.0751353,Residential,10
r0125_c0027,38.9598735,-77.0733991,Residential,9
r0125_c0028,38.9598735,-77.0716628,Residential,10
r0125_c0029,38.9598735,-77.0699265,Residential,10
r0125_c0030,38.9598735,-77.0681903,Residential,10
r0125_c0031,38.9598735,-77.066454,Residential,8
r0125_c0032,38.9598735,-77.0647178,Residential,10
r0125_c0033,38.9598735,-77.0629815,Institutional,6
r0125_c0034,38.9598735,-77.0612452,Residential,10
r0125_c0035,38.9598735,-77.059509,Residential,5
r0125_c0036,38.9598735,-77.0577727,Residential,10
r0125_c0037,38.9598735,-77.0560365,Residential,4
r0125_c0039,38.9598735,-77.0525639,Open Space,3
r0125_c0047,38.9598735,-77.0386738,Residential,4
r0125_c0048,38.9598735,-77.0369376,Residential,9
r0125_c0049,38.9598735,-77.0352013,Residential,9
r0125_c0050,38.9598735,-77.0334651,Residential,8
r0125_c0051,38.9598735,-77.0317288,Residential,9
r0125_c0052,38.9598735,-77.0299925,Residential,7
r0125_c0053,38.9598735,-77.0282563,Commercial,5
r0125_c0055,38.9598735,-77.0247838,Residential,47
r0125_c0056,38.9598735,-77.0230475,Residential,5
r0125_c0057,38.9598735,-77.0213112,Residential,10
r0125_c0058,38.9598735,-77.019575,Residential,9
r0125_c0059,38.9598735,-77.0178387,Residential,10
r0125_c0060,38.9598735,-77.0161025,Residential,5
r0125_c0062,38.9598735,-77.0126299,Residential,4
r0125_c0063,38.9598735,-77.0108937,Residential,10
r0125_c0064,38.9598735,-77.0091574,Residential,9
r0125_c0065,38.9598735,-77.0074211,Residential,7
r0125_c0066,38.9598735,-77.0056849,Commercial,3
r0125_c0070,38.9598735,-76.9987398,Residential,3
r0125_c0071,38.9598735,-76.9970036,Residential,10
r0125_c0072,38.9598735,-76.9952673,Residential,9
r0126_c0021,38.9612249,-77.0838166,Residential,6
r0126_c0022,38.9612249,-77.0820804,Residential,8
r0126_c0023,38.9612249,-77.0803441,Residential,10
r0126_c0024,38.9612249,-77.0786079,Residential,10
r0126_c0025,38.9612249,-77.0768716,Residential,10
r0126_c0026,38.9612249,-77.0751353,Residential,10
r0126_c0027,38.9612249,-77.0733991,Residential,8
r0126_c0028,38.9612249,-77.0716628,Residential,9
r0126_c0029,38.9612249,-77.0699265,Residential,9
r0126_c0030,38.9612249,-77.0681903,Residential,9
r0126_c0031,38.9612249,-77.066454,Residential,9
r0126_c0032,38.9612249,-77.0647178,Residential,9
r0126_c0033,38.9612249,-77.0629815,Residential,9
r0126_c0034,38.9612249,-77.0612452,Residential,9
r0126_c0035,38.9612249,-77.059509,Residential,4
r0126_c0036,38.9612249,-77.0577727,Residential,5
r0126_c0037,38.9612249,-77.0560365,Residential,3
r0126_c0044,38.9612249,-77.0438826,Open Space,3
r0126_c0047,38.9612249,-77.0386738,Residential,5
r0126_c0048,38.9612249,-77.0369376,Residential,8
r0126_c0049,38.9612249,-77.0352013,Residential,10
r0126_c0050,38.9612249,-77.0334651,Residential,7
r0126_c0051,38.9612249,-77.0317288,Residential,7
r0126_c0052,38.9612249,-77.0299925,Residential,3
r0126_c0053,38.9612249,-77.0282563,Commercial,6
r0126_c0054,38.9612249,-77.02652,Residential,8
r0126_c0056,38.9612249,-77.0230475,Residential,9
r0126_c0057,38.9612249,-77.0213112,Residential,10
r0126_c0058,38.9612249,-77.019575,Residential,9
r0126_c0059,38.9612249,-77.0178387,Residential,10
r0126_c0060,38.9612249,-77.0161025,Residential,7
r0126_c0061,38.9612249,-77.0143662,Residential,4
r0126_c0064,38.9612249,-77.0091574,Mixed-Use,3
r0126_c0065,38.9612249,-77.0074211,Other,4
r0126_c0067,38.9612249,-77.0039486,Residential,74
r0126_c0068,38.9612249,-77.0022124,Residential,70
r0126_c0069,38.9612249,-77.0004761,Residential,93
r0126_c0070,38.9612249,-76.9987398,Residential,3
r0126_c0071,38.9612249,-76.9970036,Residential,7
r0127_c0022,38.9625762,-77.0820804,Residential,4
r0127_c0023,38.9625762,-77.0803441,Residential,9
r0127_c0024,38.9625762,-77.0786079,Residential,10
r0127_c0025,38.9625762,-77.0768716,Residential,10
r0127_c0026,38.9625762,-77.0751353,Residential,9
r0127_c0027,38.9625762,-77.0733991,Residential,9
r0127_c0028,38.9625762,-77.0716628,Residential,10
r0127_c0029,38.9625762,-77.0699265,Residential,10
r0127_c0030,38.9625762,-77.0681903,Residential,10
r0127_c0031,38.9625762,-77.066454,Residential,10
r0127_c0032,38.9625762,-77.0647178,Residential,10
r0127_c0033,38.9625762,-77.0629815,Residential,10
r0127_c0034,38.9625762,-77.0612452,Residential,10
r0127_c0035,38.9625762,-77.059509,Residential,6
r0127_c0036,38.9625762,-77.0577727,Residential,4
r0127_c0037,38.9625762,-77.0560365,Residential,4
r0127_c0038,38.9625762,-77.0543002,Mixed-Use,4
r0127_c0047,38.9625762,-77.0386738,Residential,4
r0127_c0048,38.9625762,-77.0369376,Residential,4
r0127_c0049,38.9625762,-77.0352013,Residential,4
r0127_c0050,38.9625762,-77.0334651,Residential,6
r0127_c0051,38.9625762,-77.0317288,Residential,4
r0127_c0052,38.9625762,-77.0299925,Residential,7
r0127_c0053,38.9625762,-77.0282563,Commercial,5
r0127_c0054,38.9625762,-77.02652,Residential,5
r0127_c0055,38.9625762,-77.0247838,Mixed-Use,3
r0127_c0056,38.9625762,-77.0230475,Residential,10
r0127_c0057,38.9625762,-77.0213112,Residential,10
r0127_c0058,38.9625762,-77.019575,Residential,9
r0127_c0059,38.9625762,-77.0178387,Residential,10
r0127_c0060,38.9625762,-77.0161025,Residential,10
r0127_c0061,38.9625762,-77.0143662,Residential,10
r0127_c0062,38.9625762,-77.0126299,Residential,4
r0127_c0063,38.9625762,-77.0108937,Open Space,4
r0127_c0064,38.9625762,-77.0091574,Residential,13
r0127_c0066,38.9625762,-77.0056849,Residential,8
r0127_c0068,38.9625762,-77.0022124,Residential,43
r0127_c0069,38.9625762,-77.0004761,Residential,74
r0127_c0070,38.9625762,-76.9987398,Residential,4
r0128_c0023,38.9639276,-77.0803441,Residential,5
r0128_c0024,38.9639276,-77.0786079,Residential,10
r0128_c0025,38.9639276,-77.0768716,Residential,10
r0128_c0026,38.9639276,-77.0751353,Commercial,11
r0128_c0027,38.9639276,-77.0733991,Residential,10
r0128_c0028,38.9639276,-77.0716628,Residential,10
r0128_c0029,38.9639276,-77.0699265,Residential,10
r0128_c0030,38.9639276,-77.0681903,Residential,10
r0128_c0031,38.9639276,-77.066454,Residential,10
r0128_c0032,38.9639276,-77.0647178,Residential,10
r0128_c0033,38.9639276,-77.0629815,Residential,10
r0128_c0034,38.9639276,-77.0612452,Residential,10
r0128_c0035,38.9639276,-77.059509,Residential,10
r0128_c0036,38.9639276,-77.0577727,Residential,10
r0128_c0037,38.9639276,-77.0560365,Residential,4
r0128_c0045,38.9639276,-77.0421464,Open Space,3
r0128_c0049,38.9639276,-77.0352013,Residential,5
r0128_c0050,38.9639276,-77.0334651,Residential,7
r0128_c0051,38.9639276,-77.0317288,Residential,9
r0128_c0052,38.9639276,-77.0299925,Residential,4
r0128_c0053,38.9639276,-77.0282563,Residential,3
r0128_c0054,38.9639276,-77.02652,Residential,5
r0128_c0055,38.9639276,-77.0247838,Residential,9
r0128_c0056,38.9639276,-77.0230475,Residential,10
r0128_c0057,38.9639276,-77.0213112,Residential,10
r0128_c0058,38.9639276,-77.019575,Residential,9
r0128_c0059,38.9639276,-77.0178387,Residential,10
r0128_c0060,38.9639276,-77.0161025,Residential,10
r0128_c0061,38.9639276,-77.0143662,Residential,10
r0128_c0062,38.9639276,-77.0126299,Residential,9
r0128_c0063,38.9639276,-77.0108937,Commercial,9
r0128_c0065,38.9639276,-77.0074211,Residential,5
r0128_c0066,38.9639276,-77.0056849,Residential,8
r0128_c0067,38.9639276,-77.0039486,Residential,6
r0128_c0068,38.9639276,-77.0022124,Residential,45
r0128_c0069,38.9639276,-77.0004761,Residential,4
r0129_c0024,38.9652789,-77.0786079,Residential,10
r0129_c0025,38.9652789,-77.0768716,Commercial,9
r0129_c0026,38.9652789,-77.0751353,Residential,4
r0129_c0027,38.9652789,-77.0733991,Residential,10
r0129_c0028,38.9652789,-77.0716628,Residential,10
r0129_c0029,38.9652789,-77.0699265,Residential,10
r0129_c0030,38.9652789,-77.0681903,Residential,9
r0129_c0031,38.9652789,-77.066454,Residential,9
r0129_c0032,38.9652789,-77.0647178,Residential,9
r0129_c0033,38.9652789,-77.0629815,Residential,9
r0129_c0034,38.9652789,-77.0612452,Residential,9
r0129_c0035,38.9652789,-77.059509,Residential,9
r0129_c0036,38.9652789,-77.0577727,Residential,9
r0129_c0037,38.9652789,-77.0560365,Residential,9
r0129_c0038,38.9652789,-77.0543002,Residential,3
r0129_c0046,38.9652789,-77.0404101,Open Space,3
r0129_c0047,38.9652789,-77.0386738,Open Space,3
r0129_c0049,38.9652789,-77.0352013,Residential,10
r0129_c0050,38.9652789,-77.0334651,Residential,9
r0129_c0051,38.9652789,-77.0317288,Residential,10
r0129_c0052,38.9652789,-77.0299925,Residential,7
r0129_c0053,38.9652789,-77.0282563,Residential,7
r0129_c0054,38.9652789,-77.02652,Residential,10
r0129_c0055,38.9652789,-77.0247838,Residential,10
r0129_c0056,38.9652789,-77.0230475,Residential,10
r0129_c0057,38.9652789,-77.0213112,Residential,10
r0129_c0058,38.9652789,-77.019575,Residential,7
r0129_c0059,38.9652789,-77.0178387,Residential,9
r0129_c0060,38.9652789,-77.0161025,Residential,9
r0129_c0061,38.9652789,-77.0143662,Institutional,9
r0129_c0062,38.9652789,-77.0126299,Residential,9
r0129_c0063,38.9652789,-77.0108937,Commercial,5
r0129_c0065,38.9652789,-77.0074211,Residential,10
r0129_c0066,38.9652789,-77.0056849,Residential,10
r0129_c0067,38.9652789,-77.0039486,Residential,10
r0129_c0068,38.9652789,-77.0022124,Commercial,5
r0130_c0025,38.9666303,-77.0768716,Commercial,6
r0130_c0026,38.9666303,-77.0751353,Residential,10
r0130_c0027,38.9666303,-77.0733991,Residential,10
r0130_c0028,38.9666303,-77.0716628,Residential,10
r0130_c0029,38.9666303,-77.0699265,Residential,10
r0130_c0031,38.9666303,-77.066454,Residential,6
r0130_c0032,38.9666303,-77.0647178,Residential,10
r0130_c0033,38.9666303,-77.0629815,Residential,10
r0130_c0034,38.9666303,-77.0612452,Residential,8
r0130_c0035,38.9666303,-77.059509,Residential,9
r0130_c0036,38.9666303,-77.0577727,Residential,10
r0130_c0037,38.9666303,-77.0560365,Residential,10
r0130_c0038,38.9666303,-77.0543002,Residential,5
r0130_c0039,38.9666303,-77.0525639,Open Space,3
r0130_c0042,38.9666303,-77.0473552,Open Space,3
r0130_c0045,38.9666303,-77.0421464,Open Space,4
r0130_c0046,38.9666303,-77.0404101,Open Space,7
r0130_c0048,38.9666303,-77.0369376,Residential,4
r0130_c0049,38.9666303,-77.0352013,Residential,9
r0130_c0050,38.9666303,-77.0334651,Residential,9
r0130_c0051,38.9666303,-77.0317288,Residential,10
r0130_c0052,38.9666303,-77.0299925,Residential,9
r0130_c0053,38.9666303,-77.0282563,Residential,7
r0130_c0054,38.9666303,-77.02652,Residential,10
r0130_c0055,38.9666303,-77.0247838,Residential,10
r0130_c0056,38.9666303,-77.0230475,Residential,10
r0130_c0057,38.9666303,-77.0213112,Residential,10
r0130_c0058,38.9666303,-77.019575,Residential,3
r0130_c0060,38.9666303,-77.0161025,Residential,6
r0130_c0061,38.9666303,-77.0143662,Residential,10
r0130_c0062,38.9666303,-77.0126299,Commercial,7
r0130_c0063,38.9666303,-77.0108937,Commercial,9
r0130_c0064,38.9666303,-77.0091574,Residential,7
r0130_c0065,38.9666303,-77.0074211,Residential,9
r0130_c0066,38.9666303,-77.0056849,Residential,10
r0130_c0067,38.9666303,-77.0039486,Residential,7
r0131_c0026,38.9679817,-77.0751353,Institutional,6
r0131_c0027,38.9679817,-77.0733991,Residential,7
r0131_c0028,38.9679817,-77.0716628,Residential,9
r0131_c0029,38.9679817,-77.0699265,Residential,7
r0131_c0030,38.9679817,-77.0681903,Residential,3
r0131_c0031,38.9679817,-77.066454,Residential,6
r0131_c0032,38.9679817,-77.0647178,Residential,10
r0131_c0033,38.9679817,-77.0629815,Residential,10
r0131_c0034,38.9679817,-77.0612452,Residential,6
r0131_c0035,38.9679817,-77.059509,Residential,8
r0131_c0036,38.9679817,-77.0577727,Residential,10
r0131_c0037,38.9679817,-77.0560365,Residential,10
r0131_c0038,38.9679817,-77.0543002,Residential,7
r0131_c0048,38.9679817,-77.0369376,Residential,8
r0131_c0049,38.9679817,-77.0352013,Residential,9
r0131_c0050,38.9679817,-77.0334651,Residential,9
r0131_c0051,38.9679817,-77.0317288,Residential,10
r0131_c0052,38.9679817,-77.0299925,Residential,10
r0131_c0053,38.9679817,-77.0282563,Residential,7
r0131_c0054,38.9679817,-77.02652,Residential,8
r0131_c0055,38.9679817,-77.0247838,Residential,10
r0131_c0056,38.9679817,-77.0230475,Residential,10
r0131_c0057,38.9679817,-77.0213112,Residential,10
r0131_c0058,38.9679817,-77.019575,Residential,3
r0131_c0060,38.9679817,-77.0161025,Residential,5
r0131_c0061,38.9679817,-77.0143662,Residential,8
r0131_c0062,38.9679817,-77.0126299,Commercial,11
r0131_c0063,38.9679817,-77.0108937,Residential,10
r0131_c0064,38.9679817,-77.0091574,Residential,10
r0131_c0065,38.9679817,-77.0074211,Residential,10
r0131_c0066,38.9679817,-77.0056849,Residential,7
r0132_c0027,38.969333,-77.0733991,Residential,9
r0132_c0028,38.969333,-77.0716628,Residential,9
r0132_c0029,38.969333,-77.0699265,Residential,9
r0132_c0030,38.969333,-77.0681903,Residential,9
r0132_c0031,38.969333,-77.066454,Residential,9
r0132_c0032,38.969333,-77.0647178,Residential,10
r0132_c0033,38.969333,-77.0629815,Residential,10
r0132_c0034,38.969333,-77.0612452,Residential,8
r0132_c0035,38.969333,-77.059509,Residential,9
r0132_c0036,38.969333,-77.0577727,Residential,8
r0132_c0037,38.969333,-77.0560365,Residential,8
r0132_c0038,38.969333,-77.0543002,Residential,8
r0132_c0047,38.969333,-77.0386738,Residential,3
r0132_c0048,38.969333,-77.0369376,Residential,9
r0132_c0049,38.969333,-77.0352013,Residential,10
r0132_c0050,38.969333,-77.0334651,Residential,7
r0132_c0051,38.969333,-77.0317288,Residential,9
r0132_c0052,38.969333,-77.0299925,Residential,10
r0132_c0053,38.969333,-77.0282563,Residential,9
r0132_c0054,38.969333,-77.02652,Commercial,7
r0132_c0055,38.969333,-77.0247838,Residential,10
r0132_c0056,38.969333,-77.0230475,Residential,10
r0132_c0057,38.969333,-77.0213112,Residential,10
r0132_c0058,38.969333,-77.019575,Residential,3
r0132_c0060,38.969333,-77.0161025,Residential,5
r0132_c0061,38.969333,-77.0143662,Residential,5
r0132_c0062,38.969333,-77.0126299,Residential,8
r0132_c0063,38.969333,-77.0108937,Residential,10
r0132_c0064,38.969333,-77.0091574,Residential,10
r0132_c0065,38.969333,-77.0074211,Residential,7
r0133_c0028,38.9706844,-77.0716628,Residential,10
r0133_c0029,38.9706844,-77.0699265,Residential,10
r0133_c0030,38.9706844,-77.0681903,Residential,10
r0133_c0031,38.9706844,-77.066454,Residential,10
r0133_c0032,38.9706844,-77.0647178,Residential,10
r0133_c0033,38.9706844,-77.0629815,Residential,9
r0133_c0034,38.9706844,-77.0612452,Residential,10
r0133_c0035,38.9706844,-77.059509,Residential,9
r0133_c0036,38.9706844,-77.0577727,Residential,8
r0133_c0037,38.9706844,-77.0560365,Residential,3
r0133_c0038,38.9706844,-77.0543002,Residential,3
r0133_c0048,38.9706844,-77.0369376,Residential,4
r0133_c0049,38.9706844,-77.0352013,Residential,10
r0133_c0050,38.9706844,-77.0334651,Residential,9
r0133_c0051,38.9706844,-77.0317288,Open Space,6
r0133_c0052,38.9706844,-77.0299925,Residential,3
r0133_c0053,38.9706844,-77.0282563,Residential,10
r0133_c0054,38.9706844,-77.02652,Residential,9
r0133_c0055,38.9706844,-77.0247838,Residential,9
r0133_c0056,38.9706844,-77.0230475,Residential,10
r0133_c0057,38.9706844,-77.0213112,Residential,10
r0133_c0058,38.9706844,-77.019575,Residential,10
r0133_c0059,38.9706844,-77.0178387,Residential,4
r0133_c0060,38.9706844,-77.0161025,Residential,4
r0133_c0061,38.9706844,-77.0143662,Residential,6
r0133_c0062,38.9706844,-77.0126299,Residential,10
r0133_c0063,38.9706844,-77.0108937,Residential,10
r0133_c0064,38.9706844,-77.0091574,Residential,7
r0134_c0029,38.9720357,-77.0699265,Residential,10
r0134_c0030,38.9720357,-77.0681903,Residential,10
r0134_c0031,38.9720357,-77.066454,Residential,10
r0134_c0032,38.9720357,-77.0647178,Residential,10
r0134_c0033,38.9720357,-77.0629815,Residential,9
r0134_c0034,38.9720357,-77.0612452,Residential,10
r0134_c0035,38.9720357,-77.059509,Residential,10
r0134_c0036,38.9720357,-77.0577727,Residential,9
r0134_c0049,38.9720357,-77.0352013,Residential,8
r0134_c0050,38.9720357,-77.0334651,Residential,7
r0134_c0051,38.9720357,-77.0317288,Residential,6
r0134_c0052,38.9720357,-77.0299925,Residential,6
r0134_c0053,38.9720357,-77.0282563,Residential,7
r0134_c0054,38.9720357,-77.02652,Residential,8
r0134_c0055,38.9720357,-77.0247838,Residential,9
r0134_c0056,38.9720357,-77.0230475,Residential,10
r0134_c0057,38.9720357,-77.0213112,Residential,10
r0134_c0058,38.9720357,-77.019575,Residential,10
r0134_c0059,38.9720357,-77.0178387,Residential,10
r0134_c0060,38.9720357,-77.0161025,Residential,5
r0134_c0061,38.9720357,-77.0143662,Residential,9
r0134_c0062,38.9720357,-77.0126299,Residential,10
r0134_c0063,38.9720357,-77.0108937,Residential,7
r0135_c0030,38.9733871,-77.0681903,Residential,10
r0135_c0031,38.9733871,-77.066454,Residential,9
r0135_c0032,38.9733871,-77.0647178,Residential,8
r0135_c0033,38.9733871,-77.0629815,Residential,9
r0135_c0034,38.9733871,-77.0612452,Residential,9
r0135_c0035,38.9733871,-77.059509,Residential,8
r0135_c0036,38.9733871,-77.0577727,Residential,7
r0135_c0037,38.9733871,-77.0560365,Residential,9
r0135_c0038,38.9733871,-77.0543002,Residential,9
r0135_c0052,38.9733871,-77.0299925,Open Space,3
r0135_c0054,38.9733871,-77.02652,Residential,7
r0135_c0055,38.9733871,-77.0247838,Residential,10
r0135_c0056,38.9733871,-77.0230475,Residential,9
r0135_c0057,38.9733871,-77.0213112,Residential,10
r0135_c0058,38.9733871,-77.019575,Residential,10
r0135_c0059,38.9733871,-77.0178387,Residential,7
r0135_c0060,38.9733871,-77.0161025,Residential,6
r0135_c0061,38.9733871,-77.0143662,Residential,7
r0135_c0062,38.9733871,-77.0126299,Institutional,7
r0136_c0031,38.9747384,-77.066454,Residential,9
r0136_c0032,38.9747384,-77.0647178,Residential,10
r0136_c0033,38.9747384,-77.0629815,Residential,10
r0136_c0034,38.9747384,-77.0612452,Residential,10
r0136_c0035,38.9747384,-77.059509,Residential,10
r0136_c0036,38.9747384,-77.0577727,Residential,8
r0136_c0037,38.9747384,-77.0560365,Residential,5
r0136_c0038,38.9747384,-77.0543002,Residential,10
r0136_c0051,38.9747384,-77.0317288,Other,6
r0136_c0052,38.9747384,-77.0299925,Mixed-Use,8
r0136_c0053,38.9747384,-77.0282563,Mixed-Use,10
r0136_c0054,38.9747384,-77.02652,Residential,9
r0136_c0055,38.9747384,-77.0247838,Residential,10
r0136_c0056,38.9747384,-77.0230475,Residential,6
r0136_c0057,38.9747384,-77.0213112,Residential,8
r0136_c0058,38.9747384,-77.019575,Residential,8
r0136_c0059,38.9747384,-77.0178387,Residential,5
r0136_c0060,38.9747384,-77.0161025,Mixed-Use,7
r0136_c0061,38.9747384,-77.0143662,Commercial,7
r0137_c0032,38.9760898,-77.0647178,Residential,10
r0137_c0033,38.9760898,-77.0629815,Residential,10
r0137_c0034,38.9760898,-77.0612452,Residential,10
r0137_c0035,38.9760898,-77.059509,Residential,10
r0137_c0036,38.9760898,-77.0577727,Residential,10
r0137_c0037,38.9760898,-77.0560365,Residential,8
r0137_c0038,38.9760898,-77.0543002,Residential,10
r0137_c0049,38.9760898,-77.0352013,Residential,6
r0137_c0050,38.9760898,-77.0334651,Mixed-Use,3
r0137_c0052,38.9760898,-77.0299925,Other,10
r0137_c0053,38.9760898,-77.0282563,Other,4
r0137_c0054,38.9760898,-77.02652,Residential,6
r0137_c0055,38.9760898,-77.0247838,Residential,10
r0137_c0056,38.9760898,-77.0230475,Residential,7
r0137_c0057,38.9760898,-77.0213112,Residential,8
r0137_c0058,38.9760898,-77.019575,Residential,10
r0137_c0059,38.9760898,-77.0178387,Residential,3
r0138_c0033,38.9774411,-77.0629815,Residential,8
r0138_c0034,38.9774411,-77.0612452,Residential,8
r0138_c0035,38.9774411,-77.059509,Residential,8
r0138_c0036,38.9774411,-77.0577727,Residential,9
r0138_c0037,38.9774411,-77.0560365,Residential,6
r0138_c0038,38.9774411,-77.0543002,Residential,4
r0138_c0039,38.9774411,-77.0525639,Residential,4
r0138_c0049,38.9774411,-77.0352013,Residential,8
r0138_c0050,38.9774411,-77.0334651,Residential,4
r0138_c0052,38.9774411,-77.0299925,Mixed-Use,9
r0138_c0053,38.9774411,-77.0282563,Mixed-Use,6
r0138_c0054,38.9774411,-77.02652,Residential,7
r0138_c0055,38.9774411,-77.0247838,Residential,10
r0138_c0056,38.9774411,-77.0230475,Residential,10
r0138_c0057,38.9774411,-77.0213112,Residential,10
r0138_c0058,38.9774411,-77.019575,Residential,6
r0138_c0059,38.9774411,-77.0178387,Residential,5
r0139_c0034,38.9787925,-77.0612452,Residential,5
r0139_c0035,38.9787925,-77.059509,Residential,5
r0139_c0036,38.9787925,-77.0577727,Residential,5
r0139_c0037,38.9787925,-77.0560365,Residential,7
r0139_c0038,38.9787925,-77.0543002,Residential,10
r0139_c0039,38.9787925,-77.0525639,Residential,7
r0139_c0049,38.9787925,-77.0352013,Residential,10
r0139_c0050,38.9787925,-77.0334651,Residential,10
r0139_c0051,38.9787925,-77.0317288,Residential,9
r0139_c0052,38.9787925,-77.0299925,Residential,10
r0139_c0053,38.9787925,-77.0282563,Residential,10
r0139_c0054,38.9787925,-77.02652,Residential,9
r0139_c0055,38.9787925,-77.0247838,Residential,10
r0139_c0056,38.9787925,-77.0230475,Residential,10
r0139_c0057,38.9787925,-77.0213112,Residential,10
r0139_c0058,38.9787925,-77.019575,Residential,5
r0140_c0035,38.9801438,-77.059509,Residential,10
r0140_c0036,38.9801438,-77.0577727,Residential,10
r0140_c0037,38.9801438,-77.0560365,Residential,10
r0140_c0038,38.9801438,-77.0543002,Residential,10
r0140_c0039,38.9801438,-77.0525639,Residential,7
r0140_c0049,38.9801438,-77.0352013,Residential,9
r0140_c0050,38.9801438,-77.0334651,Residential,9
r0140_c0051,38.9801438,-77.0317288,Residential,9
r0140_c0052,38.9801438,-77.0299925,Residential,9
r0140_c0053,38.9801438,-77.0282563,Residential,10
r0140_c0054,38.9801438,-77.02652,Commercial,9
r0140_c0055,38.9801438,-77.0247838,Residential,10
r0140_c0056,38.9801438,-77.0230475,Residential,10
r0140_c0057,38.9801438,-77.0213112,Residential,9
r0141_c0036,38.9814952,-77.0577727,Residential,10
r0141_c0037,38.9814952,-77.0560365,Residential,10
r0141_c0038,38.9814952,-77.0543002,Residential,10
r0141_c0039,38.9814952,-77.0525639,Residential,6
r0141_c0047,38.9814952,-77.0386738,Residential,5
r0141_c0048,38.9814952,-77.0369376,Residential,7
r0141_c0049,38.9814952,-77.0352013,Residential,9
r0141_c0050,38.9814952,-77.0334651,Residential,9
r0141_c0051,38.9814952,-77.0317288,Residential,9
r0141_c0052,38.9814952,-77.0299925,Residential,8
r0141_c0053,38.9814952,-77.0282563,Residential,9
r0141_c0054,38.9814952,-77.02652,Commercial,9
r0141_c0055,38.9814952,-77.0247838,Residential,10
r0141_c0056,38.9814952,-77.0230475,Residential,11
r0142_c0037,38.9828465,-77.0560365,Residential,10
r0142_c0038,38.9828465,-77.0543002,Residential,10
r0142_c0039,38.9828465,-77.0525639,Residential,5
r0142_c0047,38.9828465,-77.0386738,Residential,8
r0142_c0048,38.9828465,-77.0369376,Residential,9
r0142_c0049,38.9828465,-77.0352013,Residential,9
r0142_c0050,38.9828465,-77.0334651,Residential,9
r0142_c0051,38.9828465,-77.0317288,Residential,9
r0142_c0052,38.9828465,-77.0299925,Residential,9
r0142_c0053,38.9828465,-77.0282563,Residential,8
r0142_c0054,38.9828465,-77.02652,Residential,9
r0142_c0055,38.9828465,-77.0247838,Residential,10
r0143_c0038,38.9841979,-77.0543002,Residential,10
r0143_c0047,38.9841979,-77.0386738,Residential,5
r0143_c0048,38.9841979,-77.0369376,Residential,7
r0143_c0049,38.9841979,-77.0352013,Residential,6
r0143_c0050,38.9841979,-77.0334651,Residential,6
r0143_c0051,38.9841979,-77.0317288,Residential,10
r0143_c0052,38.9841979,-77.0299925,Residential,9
r0143_c0053,38.9841979,-77.0282563,Residential,9
r0143_c0054,38.9841979,-77.02652,Commercial,6
r0144_c0043,38.9855492,-77.0456189,Residential,3
r0144_c0044,38.9855492,-77.0438826,Residential,19
r0144_c0046,38.9855492,-77.0404101,Residential,5
r0144_c0047,38.9855492,-77.0386738,Residential,3
r0144_c0048,38.9855492,-77.0369376,Residential,6
r0144_c0049,38.9855492,-77.0352013,Residential,7
r0144_c0050,38.9855492,-77.0334651,Residential,7
r0144_c0051,38.9855492,-77.0317288,Residential,10
r0144_c0052,38.9855492,-77.0299925,Residential,10
r0144_c0053,38.9855492,-77.0282563,Mixed-Use,8
r0145_c0042,38.9869006,-77.0473552,Residential,3
r0145_c0043,38.9869006,-77.0456189,Residential,18
r0145_c0044,38.9869006,-77.0438826,Residential,22
r0145_c0045,38.9869006,-77.0421464,Residential,4
r0145_c0046,38.9869006,-77.0404101,Residential,10
r0145_c0047,38.9869006,-77.0386738,Residential,10
r0145_c0048,38.9869006,-77.0369376,Residential,9
r0145_c0049,38.9869006,-77.0352013,Residential,9
r0145_c0050,38.9869006,-77.0334651,Residential,8
r0145_c0051,38.9869006,-77.0317288,Residential,9
r0145_c0052,38.9869006,-77.0299925,Institutional,5
r0146_c0042,38.9882519,-77.0473552,Residential,13
r0146_c0043,38.9882519,-77.0456189,Residential,23
r0146_c0045,38.9882519,-77.0421464,Residential,5
r0146_c0046,38.9882519,-77.0404101,Residential,7
r0146_c0047,38.9882519,-77.0386738,Residential,10
r0146_c0048,38.9882519,-77.0369376,Residential,9
r0146_c0049,38.9882519,-77.0352013,Residential,9
r0146_c0050,38.9882519,-77.0334651,Residential,10
r0146_c0051,38.9882519,-77.0317288,Residential,8
r0147_c0042,38.9896033,-77.0473552,Residential,10
r0147_c0043,38.9896033,-77.0456189,Residential,29
r0147_c0045,38.9896033,-77.0421464,Residential,10
r0147_c0046,38.9896033,-77.0404101,Residential,7
r0147_c0047,38.9896033,-77.0386738,Residential,7
r0147_c0048,38.9896033,-77.0369376,Residential,9
r0147_c0049,38.9896033,-77.0352013,Residential,10
r0147_c0050,38.9896033,-77.0334651,Residential,7
r0148_c0042,38.9909546,-77.0473552,Residential,6
r0148_c0043,38.9909546,-77.0456189,Residential,22
r0148_c0044,38.9909546,-77.0438826,Residential,5
r0148_c0045,38.9909546,-77.0421464,Residential,10
r0148_c0046,38.9909546,-77.0404101,Residential,10
r0148_c0047,38.9909546,-77.0386738,Residential,7
r0148_c0048,38.9909546,-77.0369376,Residential,3
r0148_c0049,38.9909546,-77.0352013,Residential,5
r0149_c0043,38.992306,-77.0456189,Residential,5
r0149_c0044,38.992306,-77.0438826,Residential,5
r0149_c0045,38.992306,-77.0421464,Residential,10
r0149_c0046,38.992306,-77.0404101,Residential,10
r0149_c0047,38.992306,-77.0386738,Residential,10
r0149_c0048,38.992306,-77.0369376,Residential,7
r0150_c0045,38.9936573,-77.0421464,Residential,9
r0150_c0046,38.9936573,-77.0404101,Residential,10
r0150_c0047,38.9936573,-77.0386738,Residential,8
r0151_c0046,38.9950087,-77.0404101,Residential,10
