cell_id,avg_floors,avg_yearbuilt,total_bldg_area,building_count
r0016_c0055,,,,
r0016_c0056,,,,
r0016_c0061,,,37068.0,19.0
r0016_c0062,,,31944.0,42.0
r0017_c0054,,,26085.0,9.0
r0017_c0056,,,,
r0017_c0059,,,645.0,1.0
r0017_c0062,,,26707.0,21.0
r0018_c0054,,,27181.0,6.0
r0018_c0055,,,25773.0,1.0
r0018_c0056,,,6822.0,2.0
r0018_c0057,,,22280.0,5.0
r0018_c0058,,,30253.0,7.0
r0018_c0062,,,41628.0,12.0
r0019_c0054,,,33446.0,8.0
r0019_c0055,,,19334.0,12.0
r0019_c0056,,,120.0,1.0
r0019_c0057,,,39592.0,3.0
r0019_c0058,,,17140.0,5.0
r0019_c0060,,,4175.0,3.0
r0019_c0062,,,31814.0,9.0
r0019_c0063,,,55667.0,37.0
r0020_c0054,,,50542.0,40.0
r0020_c0055,,,39874.0,34.0
r0020_c0056,,,,
r0020_c0057,,,31876.0,6.0
r0020_c0058,,,91266.0,7.0
r0020_c0059,,,12834.0,9.0
r0020_c0060,,,3657.0,2.0
r0020_c0061,,,,
r0020_c0062,,,22753.0,18.0
r0021_c0055,,,19883.0,21.0
r0021_c0056,,,23957.0,4.0
r0021_c0057,,,27833.0,5.0
r0021_c0058,,,49004.0,4.0
r0021_c0059,,,19309.0,4.0
r0021_c0061,,,,
r0021_c0064,,,,
r0021_c0065,,,1574.0,1.0
r0022_c0054,,,96395.0,16.0
r0022_c0055,,,104399.0,6.0
r0022_c0056,,,,
r0022_c0057,,,4780.0,6.0
r0022_c0058,,,65895.0,6.0
r0022_c0060,,,5273.0,3.0
r0022_c0061,,,2315.0,3.0
r0022_c0063,,,41571.0,26.0
r0022_c0064,,,80061.0,22.0
r0022_c0065,,,52727.0,30.0
r0022_c0066,,,47525.0,64.0
r0023_c0046,,,,
r0023_c0054,,,36797.0,31.0
r0023_c0055,,,37108.0,36.0
r0023_c0056,,,67.0,1.0
r0023_c0057,,,,
r0023_c0058,,,15574.0,3.0
r0023_c0059,,,50170.0,9.0
r0023_c0064,,,50153.0,47.0
r0023_c0065,,,49422.0,54.0
r0023_c0066,,,40961.0,40.0
r0024_c0054,,,32970.0,27.0
r0024_c0055,,,52004.0,49.0
r0024_c0056,,,91303.0,16.0
r0024_c0057,,,7986.0,9.0
r0024_c0058,,,22350.0,1.0
r0024_c0059,,,9385.0,3.0
r0024_c0063,,,,
r0024_c0064,,,2904.0,1.0
r0024_c0065,,,37183.0,45.0
r0024_c0066,,,57595.0,41.0
r0024_c0068,,,50817.0,61.0
r0024_c0069,,,44612.0,49.0
r0024_c0070,,,56213.0,34.0
r0025_c0054,,,34450.0,24.0
r0025_c0055,,,53435.0,55.0
r0025_c0056,,,49139.0,48.0
r0025_c0057,,,12174.0,10.0
r0025_c0058,,,514.0,1.0
r0025_c0059,,,,
r0025_c0062,,,,
r0025_c0063,,,19128.0,7.0
r0025_c0064,,,39493.0,40.0
r0025_c0065,,,39468.0,40.0
r0025_c0066,,,51459.0,54.0
r0025_c0068,,,37793.0,40.0
r0025_c0069,,,11645.0,10.0
r0025_c0070,,1852,75736.0,5.0
r0025_c0071,,1852,56865.0,3.0
r0026_c0054,,,292.0,3.0
r0026_c0055,,,10812.0,8.0
r0026_c0056,,,514.0,4.0
r0026_c0057,,,,
r0026_c0058,,,,
r0026_c0059,,,,
r0026_c0062,,,,
r0026_c0063,,,48095.0,25.0
r0026_c0064,,,41308.0,75.0
r0026_c0065,,,46250.0,59.0
r0026_c0066,,,36078.0,26.0
r0026_c0067,,,44239.0,41.0
r0026_c0068,,,79607.0,17.0
r0026_c0069,,1852,25787.0,1.0
r0026_c0070,,1852,32760.0,2.0
r0026_c0071,,,95285.0,1.0
r0026_c0072,,,,
r0027_c0054,,,,
r0027_c0055,,,3106.0,4.0
r0027_c0056,,,1890.0,3.0
r0027_c0057,,,,
r0027_c0058,,,,
r0027_c0059,,,2336.0,7.0
r0027_c0062,,,,
r0027_c0063,,,54543.0,26.0
r0027_c0064,,,22414.0,21.0
r0027_c0065,,,38373.0,34.0
r0027_c0066,,,24320.0,25.0
r0027_c0067,,1852,41589.0,12.0
r0027_c0068,,,23589.0,5.0
r0027_c0069,,1852,49069.0,3.0
r0027_c0070,,1852,131592.0,2.0
r0027_c0071,,,35984.0,1.0
r0027_c0073,,,,
r0028_c0054,,,,
r0028_c0055,,,,
r0028_c0056,,,7131.0,4.0
r0028_c0057,,,,
r0028_c0058,,,49293.0,1.0
r0028_c0059,,,120794.0,4.0
r0028_c0062,,,,
r0028_c0063,,,26511.0,43.0
r0028_c0064,,,,
r0028_c0065,,,,
r0028_c0066,,,,
r0028_c0067,,1852,27155.0,1.0
r0028_c0068,,1852,38563.0,3.0
r0028_c0069,,,,
r0028_c0070,,,,
r0028_c0071,,,,
r0028_c0072,,,,
r0028_c0073,,,8152.0,1.0
r0028_c0074,,,1706.0,2.0
r0029_c0054,,,,
r0029_c0055,,,,
r0029_c0056,,,,
r0029_c0057,,,62528.0,2.0
r0029_c0058,,,,
r0029_c0059,,,50409.0,8.0
r0029_c0062,,,,
r0029_c0063,,,,
r0029_c0064,,,,
r0029_c0065,,,116958.0,1.0
r0029_c0066,,,,
r0029_c0067,,1852,16589.0,5.0
r0029_c0068,,1852,30533.0,3.0
r0029_c0069,,,76317.0,1.0
r0029_c0070,,,50807.0,1.0
r0029_c0071,,,7814.0,1.0
r0029_c0072,,,7909.0,2.0
r0029_c0073,,,62100.0,9.0
r0029_c0074,,,11636.0,7.0
r0029_c0075,,,4191.0,5.0
r0030_c0055,,,,
r0030_c0056,,,,
r0030_c0057,,,72552.0,1.0
r0030_c0058,,,79941.0,2.0
r0030_c0059,,,,
r0030_c0060,,,44037.0,4.0
r0030_c0062,,,,
r0030_c0063,,,4951.0,1.0
r0030_c0064,,,,
r0030_c0065,,,,
r0030_c0066,,1852,38966.0,5.0
r0030_c0067,,1852,33996.0,4.0
r0030_c0068,,1852,41885.0,5.0
r0030_c0070,,,31953.0,1.0
r0030_c0071,,,,
r0030_c0072,,,4057.0,1.0
r0030_c0073,,,8831.0,2.0
r0030_c0074,,,13130.0,2.0
r0030_c0075,,,21015.0,5.0
r0030_c0076,,,43677.0,10.0
r0031_c0055,,,,
r0031_c0056,,,1018.0,2.0
r0031_c0057,,,,
r0031_c0058,,,,
r0031_c0059,,,,
r0031_c0060,,,281.0,1.0
r0031_c0061,,,59576.0,10.0
r0031_c0063,,,3351.0,1.0
r0031_c0064,,,9330.0,2.0
r0031_c0065,,,23549.0,1.0
r0031_c0066,,1852,102525.0,2.0
r0031_c0067,,1852,78207.0,5.0
r0031_c0069,,,55356.0,1.0
r0031_c0070,,,,
r0031_c0073,,,41456.0,23.0
r0031_c0075,,,13712.0,11.0
r0031_c0076,,,8546.0,10.0
r0032_c0056,,,385.0,2.0
r0032_c0057,,,17945.0,3.0
r0032_c0058,,,359.0,5.0
r0032_c0059,,,,
r0032_c0060,,,150.0,1.0
r0032_c0061,,,36111.0,7.0
r0032_c0062,,,,
r0032_c0063,,,,
r0032_c0064,,1852,1528.0,1.0
r0032_c0065,,1852,1437.0,1.0
r0032_c0066,,,,
r0032_c0067,,,,
r0032_c0068,,,12844.0,8.0
r0032_c0070,,,8185.0,1.0
r0032_c0072,,,13952.0,9.0
r0032_c0073,,,43056.0,16.0
r0032_c0074,,,29389.0,39.0
r0032_c0075,,,38923.0,20.0
r0032_c0077,,,26430.0,14.0
r0033_c0056,,,,
r0033_c0057,,,8140.0,2.0
r0033_c0058,,,48040.0,2.0
r0033_c0059,,,,
r0033_c0060,,,50546.0,1.0
r0033_c0061,,,67051.0,2.0
r0033_c0062,,,67183.0,3.0
r0033_c0064,,,6341.0,1.0
r0033_c0065,,,,
r0033_c0066,,,,
r0033_c0067,,1852,10812.0,4.0
r0033_c0068,,,43460.0,19.0
r0033_c0074,,,103974.0,20.0
r0033_c0075,,,3978.0,5.0
r0033_c0076,,,48653.0,7.0
r0033_c0077,,,36306.0,45.0
r0033_c0078,,,38408.0,82.0
r0033_c0079,,,18811.0,1.0
r0034_c0056,,,,
r0034_c0057,,,26521.0,3.0
r0034_c0058,,,58413.0,13.0
r0034_c0059,,,12488.0,3.0
r0034_c0060,,,,
r0034_c0061,,,67589.0,1.0
r0034_c0062,,,17521.0,4.0
r0034_c0063,,,21720.0,3.0
r0034_c0065,,,,
r0034_c0066,,,,
r0034_c0067,,,18806.0,10.0
r0034_c0070,,,30403.0,8.0
r0034_c0074,,,45727.0,79.0
r0034_c0075,,,,
r0034_c0076,,,33168.0,3.0
r0034_c0078,,,21965.0,2.0
r0034_c0079,,,639.0,1.0
r0035_c0056,,,,
r0035_c0057,,,,
r0035_c0058,,,2626.0,1.0
r0035_c0059,,,857.0,4.0
r0035_c0060,,,19848.0,2.0
r0035_c0061,,,21461.0,3.0
r0035_c0062,,,,
r0035_c0063,,,6477.0,2.0
r0035_c0065,,,8557.0,5.0
r0035_c0066,,,,
r0035_c0067,,,18271.0,13.0
r0035_c0070,3.0,,47971.0,34.0
r0036_c0056,,,,
r0036_c0057,,,,
r0036_c0058,,,,
r0036_c0059,,,,
r0036_c0060,,,27891.0,3.0
r0036_c0061,,,2516.0,7.0
r0036_c0062,,,115497.0,2.0
r0036_c0063,,,75041.0,4.0
r0036_c0064,,,,
r0036_c0065,,,17836.0,11.0
r0036_c0066,,,,
r0036_c0067,,,24836.0,2.0
r0036_c0070,5.0,,64192.0,8.0
r0036_c0071,,,52536.0,87.0
r0036_c0072,2.0,,51434.0,74.0
r0036_c0073,2.0,,30906.0,53.0
r0036_c0074,2.0,,42445.0,45.0
r0036_c0075,2.0,,31411.0,29.0
r0036_c0077,,,11731.0,6.0
r0037_c0056,,,,
r0037_c0057,,,,
r0037_c0058,,,41.0,1.0
r0037_c0059,,,,
r0037_c0060,,,,
r0037_c0061,,,,
r0037_c0062,,,,
r0037_c0063,,,10536.0,1.0
r0037_c0064,,,2559.0,5.0
r0037_c0066,,,28576.0,2.0
r0037_c0067,,,2613.0,2.0
r0037_c0069,3.0,,36369.0,6.0
r0037_c0070,,,60761.0,18.0
r0037_c0071,,,47271.0,26.0
r0037_c0072,2.1,,41167.0,46.0
r0037_c0073,2.0,,45398.0,41.0
r0037_c0074,1.9,,28756.0,24.0
r0037_c0075,2.0,,48850.0,9.0
r0037_c0076,2.0,,50172.0,24.0
r0037_c0077,,,48217.0,40.0
r0037_c0082,1.0,,49764.0,20.0
r0038_c0057,,,,
r0038_c0058,,,,
r0038_c0059,,,,
r0038_c0060,,,,
r0038_c0061,,,,
r0038_c0062,,,741.0,1.0
r0038_c0063,,,1429.0,4.0
r0038_c0064,,,2494.0,2.0
r0038_c0066,,,,
r0038_c0067,,,9951.0,1.0
r0038_c0068,,,118.0,1.0
r0038_c0069,,,49449.0,10.0
r0038_c0070,2.0,,44074.0,21.0
r0038_c0071,,,62464.0,20.0
r0038_c0072,2.4,,48349.0,54.0
r0038_c0073,2.0,,46775.0,60.0
r0038_c0074,2.0,,16103.0,17.0
r0038_c0075,1.9,,35893.0,18.0
r0038_c0076,2.0,,44475.0,47.0
r0038_c0077,,,52832.0,24.0
r0038_c0078,,,19606.0,16.0
r0038_c0079,,,,
r0038_c0080,,,21570.0,14.0
r0039_c0057,,,37365.0,5.0
r0039_c0058,9.5,,101489.0,2.0
r0039_c0059,8.0,,15572.0,3.0
r0039_c0060,,,,
r0039_c0061,,,,
r0039_c0062,,,,
r0039_c0063,,,26640.0,18.0
r0039_c0064,,,,
r0039_c0067,,,6477.0,1.0
r0039_c0068,,,98.0,1.0
r0039_c0069,,,123388.0,1.0
r0039_c0070,,,18777.0,28.0
r0039_c0071,,,75488.0,13.0
r0039_c0072,,,39242.0,23.0
r0039_c0073,2.0,,44631.0,40.0
r0039_c0075,,,65196.0,49.0
r0039_c0076,,,44290.0,44.0
r0039_c0077,,,59791.0,44.0
r0039_c0078,,,35224.0,20.0
r0039_c0079,2.0,,32534.0,18.0
r0039_c0082,,,4032.0,1.0
r0039_c0083,,,36125.0,10.0
r0039_c0084,1.9,,37058.0,21.0
r0039_c0085,2.0,,11905.0,10.0
r0040_c0057,,,104117.0,2.0
r0040_c0058,11.0,,50974.0,4.0
r0040_c0059,,,95514.0,5.0
r0040_c0060,,,77533.0,2.0
r0040_c0061,,,,
r0040_c0062,,,,
r0040_c0063,,,224.0,2.0
r0040_c0064,,,1252.0,1.0
r0040_c0067,,,,
r0040_c0068,,,2855.0,2.0
r0040_c0069,,,22441.0,3.0
r0040_c0070,,,14088.0,3.0
r0040_c0071,,,24561.0,4.0
r0040_c0073,,,62616.0,51.0
r0040_c0074,,,61290.0,27.0
r0040_c0075,1.5,,19615.0,13.0
r0040_c0077,2.0,,59135.0,26.0
r0040_c0080,2.0,,42876.0,45.0
r0040_c0082,,,2595.0,1.0
r0040_c0083,2.0,,10534.0,5.0
r0040_c0084,2.0,,19221.0,19.0
r0040_c0085,1.8,,4818.0,6.0
r0041_c0057,,,,
r0041_c0058,,,,
r0041_c0059,,,4852.0,3.0
r0041_c0060,,,35401.0,1.0
r0041_c0061,,,,
r0041_c0062,,,,
r0041_c0063,,,397.0,2.0
r0041_c0064,,,,
r0041_c0066,,,,
r0041_c0068,,,3862.0,4.0
r0041_c0069,,,36598.0,1.0
r0041_c0070,,,,
r0041_c0072,2.0,,77535.0,21.0
r0041_c0073,2.6,,71660.0,19.0
r0041_c0074,2.0,,83236.0,54.0
r0041_c0075,2.0,,57171.0,60.0
r0041_c0076,2.1,,50297.0,41.0
r0041_c0077,1.8,,55871.0,55.0
r0041_c0078,2.0,,47890.0,60.0
r0041_c0080,2.0,,42076.0,55.0
r0041_c0082,1.9,,17762.0,20.0
r0041_c0083,2.0,,12219.0,13.0
r0041_c0084,1.8,,3229.0,2.0
r0041_c0085,2.7,,11068.0,8.0
r0041_c0086,2.0,,10115.0,6.0
r0041_c0087,2.1,,19941.0,19.0
r0042_c0058,,,1210.0,1.0
r0042_c0059,,,5868.0,2.0
r0042_c0060,,,800.0,1.0
r0042_c0061,,,7845.0,2.0
r0042_c0062,,,,
r0042_c0063,,,,
r0042_c0064,,,,
r0042_c0066,,,,
r0042_c0067,,,78.0,1.0
r0042_c0068,,,,
r0042_c0069,,,,
r0042_c0070,,,,
r0042_c0071,,,,
r0042_c0072,,,1274.0,2.0
r0042_c0073,2.0,,13556.0,12.0
r0042_c0074,2.0,,70666.0,73.0
r0042_c0075,2.0,,78477.0,93.0
r0042_c0076,1.9,,64335.0,81.0
r0042_c0077,2.0,,68705.0,67.0
r0042_c0078,2.0,,53879.0,43.0
r0042_c0079,2.0,,46671.0,67.0
r0042_c0080,2.0,,51929.0,67.0
r0042_c0081,1.9,,50003.0,66.0
r0042_c0082,2.0,,34950.0,31.0
r0042_c0083,2.0,,47437.0,15.0
r0042_c0084,1.8,,51154.0,22.0
r0042_c0085,2.3,,44290.0,38.0
r0042_c0087,1.9,,21144.0,17.0
r0042_c0088,1.8,,25754.0,24.0
r0043_c0058,,,105764.0,5.0
r0043_c0059,,,6137.0,12.0
r0043_c0060,,,,
r0043_c0061,,,2531.0,1.0
r0043_c0062,,,,
r0043_c0063,,,,
r0043_c0064,,,,
r0043_c0066,,,,
r0043_c0067,,,,
r0043_c0069,,,,
r0043_c0070,,,,
r0043_c0071,,,,
r0043_c0072,,,,
r0043_c0073,,,,
r0043_c0074,,,21554.0,1.0
r0043_c0075,2.0,,1675.0,3.0
r0043_c0076,2.0,,26661.0,31.0
r0043_c0077,2.0,,76553.0,39.0
r0043_c0078,2.0,,62335.0,36.0
r0043_c0079,2.0,,46501.0,40.0
r0043_c0080,1.9,,40522.0,39.0
r0043_c0081,1.9,,31633.0,30.0
r0043_c0082,1.8,,36980.0,37.0
r0043_c0083,2.2,,41680.0,44.0
r0043_c0084,2.0,,40156.0,29.0
r0043_c0085,2.0,,37567.0,31.0
r0044_c0059,,,78537.0,41.0
r0044_c0060,3.0,,86055.0,3.0
r0044_c0061,,,379.0,1.0
r0044_c0062,,,65703.0,2.0
r0044_c0063,,,2487.0,1.0
r0044_c0066,,,,
r0044_c0068,,,,
r0044_c0069,,,555.0,1.0
r0044_c0070,,,23326.0,1.0
r0044_c0071,,,,
r0044_c0072,,,,
r0044_c0073,,,,
r0044_c0074,,,,
r0044_c0075,,,,
r0044_c0076,2.0,,20989.0,28.0
r0044_c0078,2.0,,43967.0,24.0
r0044_c0080,2.0,,35631.0,36.0
r0044_c0081,2.0,,47873.0,45.0
r0044_c0082,2.0,,45676.0,62.0
r0044_c0083,1.7,,37207.0,31.0
r0044_c0084,1.9,,40244.0,14.0
r0044_c0085,2.0,,36933.0,22.0
r0044_c0087,1.6,,26743.0,26.0
r0044_c0088,1.4,,37153.0,26.0
r0044_c0089,1.4,,24241.0,18.0
r0044_c0090,1.6,,38010.0,35.0
r0045_c0059,,,60504.0,59.0
r0045_c0063,,,83063.0,5.0
r0045_c0064,,,,
r0045_c0067,,,44978.0,3.0
r0045_c0068,,,42470.0,4.0
r0045_c0069,,1838,47530.0,5.0
r0045_c0070,,,101527.0,6.0
r0045_c0071,,,768.0,5.0
r0045_c0072,,,,
r0045_c0073,,,,
r0045_c0074,,,,
r0045_c0075,,,10411.0,1.0
r0045_c0077,,,,
r0045_c0078,2.1,,47360.0,73.0
r0045_c0079,2.3,,50803.0,52.0
r0045_c0080,2.4,,47248.0,58.0
r0045_c0081,2.0,,68748.0,43.0
r0045_c0082,1.9,,51986.0,52.0
r0045_c0083,1.4,,66473.0,23.0
r0045_c0084,2.0,,31517.0,16.0
r0045_c0085,,,52538.0,30.0
r0045_c0086,1.8,,41884.0,46.0
r0045_c0087,1.8,,37092.0,40.0
r0045_c0089,1.7,,33559.0,27.0
r0045_c0090,1.6,,27124.0,18.0
r0046_c0061,,,63675.0,4.0
r0046_c0062,,,51234.0,2.0
r0046_c0065,,,67149.0,3.0
r0046_c0066,10.0,,88473.0,3.0
r0046_c0067,,,232219.0,3.0
r0046_c0068,,,62261.0,1.0
r0046_c0069,,,107108.0,7.0
r0046_c0070,,,124376.0,8.0
r0046_c0071,,,,
r0046_c0073,,,699.0,1.0
r0046_c0074,,,,
r0046_c0077,,,,
r0046_c0078,,,,
r0046_c0080,2.1,,31568.0,16.0
r0046_c0081,2.0,,31531.0,28.0
r0046_c0084,,,40590.0,60.0
r0046_c0085,,,37264.0,20.0
r0046_c0086,1.4,,36901.0,34.0
r0046_c0088,1.6,,37593.0,31.0
r0046_c0089,1.8,,30203.0,39.0
r0046_c0090,2.5,,4917.0,5.0
r0046_c0091,1.5,,25203.0,23.0
r0046_c0092,1.2,,21344.0,20.0
r0047_c0063,2.0,,39193.0,1.0
r0047_c0064,2.0,,118150.0,2.0
r0047_c0065,,,121700.0,3.0
r0047_c0067,,,108012.0,9.0
r0047_c0068,,,58052.0,6.0
r0047_c0069,,1802,24008.0,10.0
r0047_c0070,,,141656.0,7.0
r0047_c0071,,,,
r0047_c0075,,,,
r0047_c0077,,,,
r0047_c0078,,,970.0,2.0
r0047_c0079,,,798.0,1.0
r0047_c0080,,,,
r0047_c0081,,,,
r0047_c0082,,,,
r0047_c0084,,,47956.0,31.0
r0047_c0085,,,54629.0,26.0
r0047_c0086,2.0,,54514.0,37.0
r0047_c0087,2.0,,35970.0,56.0
r0047_c0088,1.6,,12498.0,10.0
r0047_c0089,1.6,,22936.0,21.0
r0047_c0090,1.5,,37955.0,34.0
r0047_c0091,1.3,,38294.0,33.0
r0047_c0092,1.0,,15148.0,10.0
r0047_c0093,,,562.0,1.0
r0048_c0060,,,14627.0,13.0
r0048_c0061,,,62528.0,7.0
r0048_c0063,,,69134.0,7.0
r0048_c0064,4.3,,74979.0,6.0
r0048_c0067,,,63642.0,8.0
r0048_c0068,,1900,91774.0,10.0
r0048_c0069,,1809,50477.0,21.0
r0048_c0070,,,42249.0,19.0
r0048_c0071,,,1164.0,1.0
r0048_c0072,,,,
r0048_c0073,,,3130.0,3.0
r0048_c0075,,,3375.0,4.0
r0048_c0077,,,699.0,1.0
r0048_c0078,,,,
r0048_c0079,,,,
r0048_c0080,,,,
r0048_c0081,,,,
r0048_c0082,,,,
r0048_c0083,,,,
r0048_c0084,,,10861.0,6.0
r0048_c0085,,,57750.0,63.0
r0048_c0086,2.0,,19617.0,27.0
r0048_c0087,2.0,,28210.0,55.0
r0048_c0088,1.9,,46337.0,83.0
r0048_c0089,1.4,,31576.0,36.0
r0048_c0090,2.0,,1830.0,1.0
r0048_c0091,,,,
r0048_c0092,,,,
r0048_c0093,,,,
r0048_c0094,,,,
r0049_c0061,,,65978.0,2.0
r0049_c0062,14.0,,63445.0,3.0
r0049_c0067,,,71814.0,3.0
r0049_c0068,,,9477.0,13.0
r0049_c0069,,,12341.0,10.0
r0049_c0070,,,,
r0049_c0072,,,36235.0,36.0
r0049_c0073,,,69557.0,67.0
r0049_c0074,,,54253.0,54.0
r0049_c0077,,,,
r0049_c0078,,,,
r0049_c0080,,,154697.0,1.0
r0049_c0081,,,,
r0049_c0082,,,,
r0049_c0084,,,,
r0049_c0085,,,4702.0,8.0
r0049_c0086,,,39786.0,66.0
r0049_c0090,,,,
r0049_c0091,,,,
r0049_c0092,,,,
r0049_c0093,,,,
r0049_c0094,,,,
r0049_c0095,,,,
r0050_c0061,,,62758.0,3.0
r0050_c0065,,,52001.0,8.0
r0050_c0068,,,58356.0,53.0
r0050_c0069,,1906,67711.0,24.0
r0050_c0070,,,56422.0,50.0
r0050_c0072,3.0,,52850.0,31.0
r0050_c0073,3.0,,53785.0,49.0
r0050_c0074,,,58526.0,58.0
r0050_c0076,2.4,,65416.0,69.0
r0050_c0077,2.0,,17282.0,16.0
r0050_c0078,,,,
r0050_c0087,,,46881.0,38.0
r0050_c0088,,,49097.0,56.0
r0050_c0089,,,1645.0,2.0
r0050_c0090,,,,
r0050_c0091,,,,
r0050_c0092,,,,
r0050_c0093,,,,
r0050_c0094,,,,
r0050_c0095,,,,
r0050_c0096,,,,
r0051_c0063,,,49659.0,1.0
r0051_c0064,,,,
r0051_c0065,,,34617.0,20.0
r0051_c0068,2.0,,98533.0,83.0
r0051_c0069,,1881,38628.0,40.0
r0051_c0070,,,77547.0,66.0
r0051_c0071,,,61302.0,46.0
r0051_c0072,3.5,,56477.0,22.0
r0051_c0073,2.0,,41943.0,58.0
r0051_c0074,2.1,,37644.0,53.0
r0051_c0075,2.0,,57070.0,72.0
r0051_c0076,2.0,,58463.0,80.0
r0051_c0077,2.1,,21823.0,26.0
r0051_c0078,,,5289.0,21.0
r0051_c0082,,,,
r0051_c0084,,,207.0,3.0
r0051_c0085,,,,
r0051_c0086,,,938.0,1.0
r0051_c0087,,,41541.0,7.0
r0051_c0088,,,8744.0,11.0
r0051_c0089,,,5091.0,4.0
r0051_c0091,,,2716.0,2.0
r0051_c0092,,,,
r0051_c0093,,,,
r0051_c0094,,,,
r0051_c0095,,,,
r0051_c0096,,,,
r0051_c0097,,,7102.0,12.0
r0052_c0059,,,21737.0,4.0
r0052_c0064,2.0,,43319.0,52.0
r0052_c0067,,,77463.0,80.0
r0052_c0069,,,73327.0,75.0
r0052_c0070,,,80974.0,115.0
r0052_c0071,,,49592.0,41.0
r0052_c0073,2.0,,98123.0,61.0
r0052_c0074,2.1,,64108.0,102.0
r0052_c0075,2.1,,48460.0,67.0
r0052_c0076,2.1,,58762.0,75.0
r0052_c0077,2.1,,16712.0,26.0
r0052_c0078,,,2628.0,4.0
r0052_c0079,,,1309.0,1.0
r0052_c0080,,,83677.0,1.0
r0052_c0081,,,,
r0052_c0082,,,,
r0052_c0084,,,,
r0052_c0085,2.0,,111.0,1.0
r0052_c0086,2.0,,4436.0,1.0
r0052_c0088,1.3,,12972.0,17.0
r0052_c0091,,,,
r0052_c0092,,,22873.0,2.0
r0052_c0093,,,4630.0,2.0
r0052_c0094,,,,
r0052_c0095,,,28457.0,1.0
r0052_c0096,,,,
r0052_c0097,2.0,,18146.0,13.0
r0052_c0098,2.0,,12386.0,28.0
r0053_c0046,,,,
r0053_c0055,7.2,,179010.0,9.0
r0053_c0059,,,270.0,1.0
r0053_c0060,8.0,,74622.0,3.0
r0053_c0067,,,75097.0,74.0
r0053_c0073,2.1,,56564.0,19.0
r0053_c0074,2.0,,23150.0,33.0
r0053_c0075,2.0,,67794.0,103.0
r0053_c0076,2.0,,70799.0,96.0
r0053_c0077,2.1,,53244.0,69.0
r0053_c0078,2.0,,50560.0,72.0
r0053_c0079,2.0,,93966.0,21.0
r0053_c0080,,,7601.0,3.0
r0053_c0081,,,43775.0,6.0
r0053_c0084,,,,
r0053_c0085,,,,
r0053_c0086,,,,
r0053_c0087,1.8,,2023.0,2.0
r0053_c0088,1.6,,37293.0,27.0
r0053_c0089,1.4,,43545.0,41.0
r0053_c0090,1.3,,75517.0,28.0
r0053_c0091,1.7,,15703.0,10.0
r0053_c0092,2.0,,33447.0,3.0
r0053_c0093,,,54572.0,3.0
r0053_c0094,,,20692.0,12.0
r0053_c0095,,,38451.0,22.0
r0053_c0096,2.0,,33965.0,6.0
r0053_c0097,2.0,,32639.0,43.0
r0053_c0099,2.0,,36955.0,45.0
r0054_c0056,6.5,,121404.0,2.0
r0054_c0059,,,,
r0054_c0060,,,189.0,1.0
r0054_c0061,,,41254.0,31.0
r0054_c0069,2.2,,50165.0,73.0
r0054_c0073,2.0,,71372.0,48.0
r0054_c0074,2.0,,85223.0,71.0
r0054_c0075,2.0,,42900.0,42.0
r0054_c0076,2.0,,61943.0,98.0
r0054_c0077,2.0,,52325.0,81.0
r0054_c0078,2.0,,59950.0,74.0
r0054_c0080,,,,
r0054_c0082,,,23865.0,2.0
r0054_c0083,,,2086.0,2.0
r0054_c0084,,,,
r0054_c0085,,,,
r0054_c0086,,,,
r0054_c0087,,,,
r0054_c0088,1.7,,13560.0,13.0
r0054_c0089,1.5,,46827.0,44.0
r0054_c0090,1.8,,50198.0,45.0
r0054_c0091,1.8,,45811.0,26.0
r0054_c0092,,,39639.0,10.0
r0054_c0093,,,20955.0,6.0
r0054_c0094,,,36813.0,19.0
r0054_c0095,,,27680.0,16.0
r0054_c0096,2.0,,15210.0,11.0
r0054_c0099,2.0,,47171.0,79.0
r0055_c0055,8.0,,103141.0,3.0
r0055_c0059,,,1605.0,3.0
r0055_c0060,,,408.0,2.0
r0055_c0061,,,,
r0055_c0062,,,197.0,1.0
r0055_c0067,,,77457.0,42.0
r0055_c0069,2.2,,69212.0,87.0
r0055_c0070,2.1,,90341.0,118.0
r0055_c0074,2.0,,56108.0,74.0
r0055_c0076,2.0,,64117.0,74.0
r0055_c0077,2.0,,67456.0,62.0
r0055_c0078,2.0,,65600.0,84.0
r0055_c0079,2.1,,56625.0,28.0
r0055_c0080,,,284.0,2.0
r0055_c0082,,,,
r0055_c0083,,,,
r0055_c0084,,,,
r0055_c0086,,,,
r0055_c0087,,,,
r0055_c0088,,,,
r0055_c0089,1.9,,24366.0,12.0
r0055_c0090,2.0,,48515.0,44.0
r0055_c0091,,,39594.0,11.0
r0055_c0092,1.7,,39886.0,22.0
r0055_c0093,1.9,,42586.0,37.0
r0055_c0094,2.0,,45749.0,22.0
r0055_c0096,2.0,,33717.0,41.0
r0055_c0098,2.0,,24612.0,57.0
r0055_c0099,2.0,,29608.0,72.0
r0055_c0100,2.0,,13044.0,28.0
r0055_c0101,,,17830.0,19.0
r0056_c0059,,,307.0,2.0
r0056_c0060,,,513.0,2.0
r0056_c0061,,,164.0,1.0
r0056_c0062,,,131.0,1.0
r0056_c0072,2.1,,91551.0,128.0
r0056_c0074,2.5,,55434.0,73.0
r0056_c0076,2.0,,64391.0,88.0
r0056_c0077,2.0,,53908.0,74.0
r0056_c0078,2.0,,64680.0,91.0
r0056_c0080,,,1192.0,3.0
r0056_c0081,,,,
r0056_c0082,,,,
r0056_c0083,,,,
r0056_c0084,,,,
r0056_c0085,,,,
r0056_c0091,2.0,,53364.0,40.0
r0056_c0093,2.0,,43124.0,13.0
r0056_c0096,2.0,,12998.0,2.0
r0056_c0099,,,,
r0056_c0100,,,14894.0,3.0
r0056_c0101,,,60396.0,24.0
r0056_c0102,,,43501.0,19.0
r0057_c0055,,,,
r0057_c0059,,,159.0,1.0
r0057_c0060,,,155.0,1.0
r0057_c0061,,,515.0,2.0
r0057_c0062,,,285.0,2.0
r0057_c0064,4.5,,114105.0,4.0
r0057_c0074,2.1,,74540.0,69.0
r0057_c0077,2.0,,78001.0,62.0
r0057_c0078,2.1,,68010.0,70.0
r0057_c0079,2.2,,22833.0,34.0
r0057_c0080,,,192463.0,1.0
r0057_c0081,,,443.0,1.0
r0057_c0082,,,,
r0057_c0083,,,,
r0057_c0084,,,,
r0057_c0085,,,,
r0057_c0086,,,,
r0057_c0087,,,,
r0057_c0088,,,,
r0057_c0089,,,,
r0057_c0090,2.0,,9602.0,8.0
r0057_c0091,,,53604.0,17.0
r0057_c0094,2.0,,25492.0,18.0
r0057_c0095,2.0,,4992.0,7.0
r0057_c0096,,,75686.0,2.0
r0057_c0099,,,,
r0057_c0100,2.0,,35394.0,8.0
r0057_c0101,2.0,,38855.0,23.0
r0057_c0102,,,53522.0,19.0
r0058_c0054,,,4956.0,4.0
r0058_c0055,,,2871.0,2.0
r0058_c0059,,,391.0,1.0
r0058_c0060,,,,
r0058_c0061,3.0,1800,174867.0,1.0
r0058_c0063,,,,
r0058_c0077,2.0,,24188.0,10.0
r0058_c0078,,,179.0,1.0
r0058_c0079,2.5,,486.0,2.0
r0058_c0080,,,,
r0058_c0081,,,,
r0058_c0082,,,,
r0058_c0083,,,,
r0058_c0084,,,,
r0058_c0085,,,,
r0058_c0086,,,,
r0058_c0087,,,,
r0058_c0088,2.0,,14557.0,24.0
r0058_c0089,2.0,,50542.0,80.0
r0058_c0090,2.0,,10498.0,15.0
r0058_c0091,2.0,,12755.0,26.0
r0058_c0092,2.0,,82982.0,23.0
r0058_c0093,2.0,,9159.0,12.0
r0058_c0094,2.0,,34256.0,53.0
r0058_c0095,2.0,,35828.0,61.0
r0058_c0096,2.0,,25452.0,40.0
r0058_c0097,,,1848.0,1.0
r0058_c0099,2.0,,48915.0,14.0
r0058_c0100,,,43757.0,9.0
r0058_c0101,,,27234.0,8.0
r0058_c0102,1.9,,19968.0,22.0
r0058_c0103,1.9,,33253.0,37.0
r0058_c0104,2.0,,43424.0,13.0
r0059_c0059,,,133.0,1.0
r0059_c0060,,,1005.0,2.0
r0059_c0061,,,662.0,3.0
r0059_c0062,,,150.0,1.0
r0059_c0063,5.0,,31481.0,9.0
r0059_c0065,,,71439.0,83.0
r0059_c0080,2.0,,6244.0,4.0
r0059_c0081,,,,
r0059_c0082,,,,
r0059_c0083,,,857.0,1.0
r0059_c0084,,,,
r0059_c0085,,,,
r0059_c0086,,,,
r0059_c0087,,,,
r0059_c0088,2.0,,15148.0,41.0
r0059_c0089,2.0,,71445.0,128.0
r0059_c0091,2.0,,3134.0,3.0
r0059_c0092,2.0,,45523.0,75.0
r0059_c0094,2.0,,45636.0,44.0
r0059_c0095,2.0,,45411.0,82.0
r0059_c0096,2.0,,38668.0,63.0
r0059_c0097,2.0,,17751.0,33.0
r0059_c0098,,,45792.0,9.0
r0059_c0100,2.0,,65078.0,27.0
r0059_c0101,1.7,,29195.0,19.0
r0059_c0102,1.8,,35142.0,34.0
r0059_c0103,1.8,,36461.0,47.0
r0059_c0104,1.9,,42581.0,57.0
r0059_c0105,1.7,,34844.0,36.0
r0060_c0053,,,88020.0,2.0
r0060_c0054,9.0,,38280.0,3.0
r0060_c0059,8.0,,11188.0,2.0
r0060_c0060,,,1211.0,3.0
r0060_c0061,,,1340.0,4.0
r0060_c0062,,,,
r0060_c0063,4.0,,95200.0,1.0
r0060_c0066,2.0,,40489.0,32.0
r0060_c0074,1.9,,62406.0,103.0
r0060_c0080,2.0,,29397.0,26.0
r0060_c0081,,,,
r0060_c0082,,,,
r0060_c0083,,,6147.0,1.0
r0060_c0084,,,,
r0060_c0085,,,,
r0060_c0086,,,,
r0060_c0087,,,,
r0060_c0088,2.0,,10598.0,21.0
r0060_c0089,2.0,,48883.0,98.0
r0060_c0090,2.0,,55463.0,103.0
r0060_c0091,2.0,,39944.0,67.0
r0060_c0092,1.9,,4617.0,9.0
r0060_c0093,2.0,,60846.0,46.0
r0060_c0094,2.0,,43484.0,18.0
r0060_c0095,2.0,,37937.0,49.0
r0060_c0096,2.0,,68281.0,28.0
r0060_c0097,1.8,,29919.0,41.0
r0060_c0098,2.0,,28281.0,7.0
r0060_c0099,1.9,,60234.0,25.0
r0060_c0100,1.7,,44721.0,30.0
r0060_c0104,1.6,,33516.0,43.0
r0060_c0105,2.0,,84446.0,13.0
r0060_c0106,2.0,,30908.0,20.0
r0061_c0052,,,,
r0061_c0053,8.3,,33515.0,10.0
r0061_c0054,12.0,,68408.0,6.0
r0061_c0059,9.8,,96211.0,4.0
r0061_c0060,,,,
r0061_c0062,,,564.0,3.0
r0061_c0063,7.0,,17532.0,5.0
r0061_c0066,,,56533.0,69.0
r0061_c0067,,,75323.0,73.0
r0061_c0068,3.0,,81555.0,83.0
r0061_c0069,,,77737.0,83.0
r0061_c0071,,,60694.0,65.0
r0061_c0072,2.0,,97953.0,99.0
r0061_c0073,2.0,,73314.0,95.0
r0061_c0074,2.0,,70151.0,115.0
r0061_c0076,,,74350.0,111.0
r0061_c0081,2.0,,1039.0,3.0
r0061_c0082,,,,
r0061_c0083,,,,
r0061_c0084,,,,
r0061_c0088,,,538.0,1.0
r0061_c0089,2.0,,26806.0,57.0
r0061_c0090,2.0,,57604.0,124.0
r0061_c0091,2.0,,75691.0,118.0
r0061_c0092,2.0,,27167.0,54.0
r0061_c0093,2.0,,22262.0,5.0
r0061_c0097,,,6429.0,1.0
r0061_c0098,,,,
r0061_c0105,,,488.0,1.0
r0061_c0106,,,24962.0,4.0
r0062_c0041,,,,
r0062_c0051,8.5,,83076.0,2.0
r0062_c0052,9.2,,79882.0,7.0
r0062_c0053,8.8,,138742.0,22.0
r0062_c0058,8.0,,67165.0,4.0
r0062_c0059,9.0,,82252.0,5.0
r0062_c0060,7.2,,132418.0,7.0
r0062_c0062,,,111.0,1.0
r0062_c0063,,,2367.0,5.0
r0062_c0065,2.1,,62607.0,81.0
r0062_c0066,2.0,,75084.0,88.0
r0062_c0067,,,84678.0,106.0
r0062_c0068,,,72411.0,89.0
r0062_c0069,2.2,,52717.0,46.0
r0062_c0071,,,55448.0,37.0
r0062_c0072,2.0,,84142.0,106.0
r0062_c0073,2.0,,90190.0,63.0
r0062_c0074,2.0,,41380.0,52.0
r0062_c0075,2.0,,67594.0,76.0
r0062_c0077,,,53564.0,46.0
r0062_c0082,2.0,,30056.0,38.0
r0062_c0087,,,,
r0062_c0088,,,,
r0062_c0089,,,3617.0,1.0
r0062_c0090,2.0,,77102.0,25.0
r0062_c0091,2.0,,47275.0,56.0
r0062_c0092,2.0,,45484.0,23.0
r0062_c0093,,,15637.0,3.0
r0062_c0094,,,,
r0062_c0095,,,9577.0,3.0
r0062_c0096,,,28110.0,2.0
r0062_c0097,,,,
r0062_c0105,1.8,,26198.0,31.0
r0062_c0106,2.0,,20482.0,11.0
r0063_c0052,7.0,,137149.0,17.0
r0063_c0053,10.0,,6250.0,1.0
r0063_c0061,,,2441.0,1.0
r0063_c0062,,,256174.0,4.0
r0063_c0063,,,100610.0,1.0
r0063_c0065,2.4,,68735.0,90.0
r0063_c0066,,,85481.0,52.0
r0063_c0067,2.0,,94150.0,111.0
r0063_c0068,,,83274.0,98.0
r0063_c0069,2.2,1927,77151.0,66.0
r0063_c0071,3.8,1932,45996.0,38.0
r0063_c0074,2.0,,75007.0,106.0
r0063_c0077,,,56868.0,79.0
r0063_c0079,2.0,,89427.0,87.0
r0063_c0087,,,,
r0063_c0088,,,,
r0063_c0089,,,10160.0,4.0
r0063_c0090,,,23744.0,3.0
r0063_c0091,,,3603.0,6.0
r0063_c0092,2.0,,26296.0,4.0
r0063_c0093,,,158.0,1.0
r0063_c0094,,,61677.0,1.0
r0063_c0098,,,,
r0063_c0104,2.0,,34385.0,19.0
r0063_c0105,1.6,,40222.0,49.0
r0063_c0106,1.4,,17936.0,16.0
r0063_c0107,,,46306.0,8.0
r0063_c0108,,,2674.0,2.0
r0063_c0109,,,22478.0,8.0
r0064_c0051,10.2,,147064.0,8.0
r0064_c0056,8.0,,212232.0,2.0
r0064_c0057,8.0,,113401.0,5.0
r0064_c0058,8.0,,101270.0,3.0
r0064_c0061,6.0,,166671.0,1.0
r0064_c0065,2.4,,57792.0,53.0
r0064_c0066,,,79303.0,112.0
r0064_c0067,,,42161.0,56.0
r0064_c0068,2.0,,48860.0,61.0
r0064_c0069,2.0,,69958.0,89.0
r0064_c0070,,,47707.0,32.0
r0064_c0071,,,58667.0,57.0
r0064_c0073,2.1,,54736.0,52.0
r0064_c0077,,,55762.0,84.0
r0064_c0078,,,52516.0,32.0
r0064_c0079,,,35909.0,50.0
r0064_c0088,,,,
r0064_c0089,,,8478.0,7.0
r0064_c0090,,,27977.0,8.0
r0064_c0093,,,11197.0,6.0
r0064_c0098,1.8,,42532.0,55.0
r0064_c0102,1.7,,22524.0,27.0
r0064_c0103,1.8,,11598.0,12.0
r0064_c0104,,,19721.0,7.0
r0064_c0105,1.5,,15439.0,17.0
r0064_c0106,1.6,,34153.0,32.0
r0064_c0107,,,3451.0,2.0
r0064_c0108,1.0,,51742.0,9.0
r0064_c0109,1.8,,20012.0,14.0
r0064_c0110,1.7,,50191.0,49.0
r0065_c0051,8.3,,108524.0,4.0
r0065_c0052,9.2,,115192.0,4.0
r0065_c0055,10.0,,71177.0,22.0
r0065_c0057,11.0,,54687.0,8.0
r0065_c0060,8.0,,170644.0,2.0
r0065_c0061,9.5,,103795.0,4.0
r0065_c0067,6.3,,101535.0,54.0
r0065_c0069,8.5,,119399.0,32.0
r0065_c0070,9.0,,86107.0,60.0
r0065_c0071,3.0,,75743.0,65.0
r0065_c0073,2.7,,110545.0,90.0
r0065_c0075,2.3,,54324.0,43.0
r0065_c0076,,,39396.0,18.0
r0065_c0077,,,18634.0,6.0
r0065_c0078,2.7,,42127.0,29.0
r0065_c0079,2.2,,59504.0,86.0
r0065_c0083,,,309.0,2.0
r0065_c0084,,,,
r0065_c0089,,,3311.0,6.0
r0065_c0090,,,601.0,4.0
r0065_c0091,,,6696.0,5.0
r0065_c0092,,,30097.0,6.0
r0065_c0101,1.7,,46006.0,42.0
r0065_c0102,1.6,,33567.0,25.0
r0065_c0103,1.9,,32622.0,43.0
r0065_c0104,1.8,,31270.0,35.0
r0065_c0105,1.5,,33630.0,37.0
r0065_c0106,2.0,,69324.0,16.0
r0065_c0107,2.1,,38304.0,32.0
r0065_c0108,2.0,,60118.0,51.0
r0065_c0109,2.0,,28112.0,32.0
r0065_c0110,1.9,,30071.0,43.0
r0066_c0047,10.7,,142276.0,10.0
r0066_c0048,11.6,,145602.0,9.0
r0066_c0049,10.2,,100938.0,6.0
r0066_c0050,11.3,,72230.0,3.0
r0066_c0051,1.0,,45636.0,1.0
r0066_c0054,10.0,,85031.0,20.0
r0066_c0055,13.0,,82112.0,10.0
r0066_c0058,12.0,,10537.0,2.0
r0066_c0060,10.0,,87570.0,6.0
r0066_c0061,9.7,,106351.0,6.0
r0066_c0062,11.3,,103659.0,11.0
r0066_c0063,,,2006.0,4.0
r0066_c0065,5.5,,80397.0,33.0
r0066_c0066,,,83172.0,89.0
r0066_c0067,9.0,,127521.0,46.0
r0066_c0068,2.0,,77062.0,62.0
r0066_c0069,,,79025.0,72.0
r0066_c0070,4.0,,71284.0,97.0
r0066_c0071,,,70481.0,87.0
r0066_c0072,2.0,,87794.0,137.0
r0066_c0074,,,60007.0,62.0
r0066_c0075,,,73629.0,53.0
r0066_c0076,,,31957.0,8.0
r0066_c0077,,,106608.0,1.0
r0066_c0078,,,19070.0,1.0
r0066_c0079,2.0,,45175.0,63.0
r0066_c0081,,,22938.0,7.0
r0066_c0082,,,55306.0,1.0
r0066_c0083,,,544.0,2.0
r0066_c0084,,,,
r0066_c0090,,,3203.0,2.0
r0066_c0091,,,77710.0,4.0
r0066_c0092,,,,
r0066_c0101,1.6,,34018.0,29.0
r0066_c0102,1.7,,41614.0,43.0
r0066_c0103,2.0,,48233.0,56.0
r0066_c0104,1.8,,34430.0,37.0
r0066_c0105,1.5,,38240.0,38.0
r0066_c0106,,,29936.0,13.0
r0066_c0108,2.0,,45522.0,95.0
r0066_c0109,1.9,,60989.0,60.0
r0066_c0110,1.9,,35069.0,55.0
r0066_c0111,2.0,,49087.0,37.0
r0066_c0112,1.7,,30080.0,33.0
r0067_c0048,12.0,,75450.0,3.0
r0067_c0049,7.8,,87818.0,5.0
r0067_c0053,,,18176.0,2.0
r0067_c0054,8.5,,99004.0,6.0
r0067_c0056,11.2,,127675.0,5.0
r0067_c0058,10.0,,18980.0,3.0
r0067_c0059,5.5,,64319.0,13.0
r0067_c0060,,,36104.0,14.0
r0067_c0061,11.5,,83623.0,6.0
r0067_c0062,11.5,,87549.0,4.0
r0067_c0063,12.0,,27180.0,6.0
r0067_c0065,6.0,,56705.0,45.0
r0067_c0067,,,63450.0,60.0
r0067_c0068,,,83828.0,75.0
r0067_c0069,,,58876.0,90.0
r0067_c0070,,,72153.0,90.0
r0067_c0071,,,58537.0,67.0
r0067_c0072,2.3,,61361.0,79.0
r0067_c0074,,,72702.0,83.0
r0067_c0075,,,75593.0,80.0
r0067_c0076,,,50696.0,25.0
r0067_c0077,2.1,,57215.0,26.0
r0067_c0078,2.1,,32552.0,25.0
r0067_c0079,2.0,,47989.0,29.0
r0067_c0081,,,48622.0,17.0
r0067_c0082,,,83890.0,2.0
r0067_c0083,,,3028.0,3.0
r0067_c0084,,,,
r0067_c0087,,,,
r0067_c0090,,,,
r0067_c0091,,,,
r0067_c0101,2.0,,33326.0,34.0
r0067_c0103,1.8,,45241.0,44.0
r0067_c0104,1.7,,31679.0,31.0
r0067_c0105,1.9,,33245.0,27.0
r0067_c0106,2.0,,39844.0,43.0
r0067_c0107,2.0,,38866.0,66.0
r0067_c0108,2.0,,38333.0,84.0
r0067_c0109,2.0,,40220.0,69.0
r0067_c0110,2.0,,51487.0,46.0
r0067_c0111,2.0,,32149.0,24.0
r0067_c0113,,,40624.0,49.0
r0068_c0052,,,,
r0068_c0053,,,42379.0,17.0
r0068_c0054,11.0,,98184.0,17.0
r0068_c0055,12.0,,27154.0,16.0
r0068_c0056,13.0,,76150.0,3.0
r0068_c0057,9.3,,60509.0,5.0
r0068_c0058,,,86330.0,4.0
r0068_c0059,,,37738.0,14.0
r0068_c0060,,,106968.0,14.0
r0068_c0061,7.0,,64296.0,1.0
r0068_c0064,14.0,,96835.0,31.0
r0068_c0065,6.0,,72695.0,69.0
r0068_c0067,,,73452.0,97.0
r0068_c0068,,,57094.0,79.0
r0068_c0069,,,70183.0,94.0
r0068_c0070,,,55092.0,61.0
r0068_c0071,,,71719.0,75.0
r0068_c0072,,,33974.0,41.0
r0068_c0074,,,69431.0,71.0
r0068_c0075,,,78066.0,67.0
r0068_c0076,3.0,,76603.0,58.0
r0068_c0078,2.0,,58130.0,104.0
r0068_c0079,2.0,,55317.0,95.0
r0068_c0080,,,58544.0,19.0
r0068_c0081,,,48157.0,17.0
r0068_c0082,,,17014.0,6.0
r0068_c0091,,,,
r0068_c0092,,,605.0,1.0
r0068_c0093,,,,
r0068_c0098,1.5,,31602.0,32.0
r0068_c0099,1.3,,16431.0,19.0
r0068_c0100,1.7,,40676.0,16.0
r0068_c0101,1.6,,30209.0,23.0
r0068_c0102,1.9,,89888.0,23.0
r0068_c0104,1.9,,43647.0,56.0
r0068_c0105,1.6,,39827.0,43.0
r0068_c0106,1.5,,35119.0,31.0
r0068_c0107,1.7,,48170.0,46.0
r0068_c0108,1.8,,43909.0,65.0
r0068_c0109,1.9,,48885.0,36.0
r0068_c0110,1.5,,29502.0,17.0
r0068_c0111,,,18800.0,27.0
r0068_c0112,,,11915.0,16.0
r0068_c0113,,,10043.0,6.0
r0069_c0050,6.0,,85161.0,23.0
r0069_c0051,4.8,,86311.0,16.0
r0069_c0052,6.5,,74677.0,16.0
r0069_c0053,4.0,,629713.0,4.0
r0069_c0054,4.0,,69988.0,50.0
r0069_c0055,12.0,,75680.0,61.0
r0069_c0056,6.8,,79044.0,38.0
r0069_c0057,,,11828.0,13.0
r0069_c0058,5.0,,48331.0,14.0
r0069_c0059,,,9301.0,8.0
r0069_c0060,11.0,,33168.0,17.0
r0069_c0061,,,36576.0,1.0
r0069_c0062,13.0,,78047.0,2.0
r0069_c0066,,,72800.0,97.0
r0069_c0067,,,92046.0,117.0
r0069_c0068,,,49603.0,64.0
r0069_c0069,,,31143.0,13.0
r0069_c0071,,,48161.0,46.0
r0069_c0072,,,68121.0,93.0
r0069_c0074,,,85929.0,103.0
r0069_c0075,2.0,,68031.0,89.0
r0069_c0076,2.0,,62130.0,82.0
r0069_c0077,2.2,,70390.0,43.0
r0069_c0079,2.0,,81851.0,110.0
r0069_c0080,2.0,,62917.0,53.0
r0069_c0081,2.0,,39946.0,20.0
r0069_c0082,2.0,,16917.0,8.0
r0069_c0083,,,,
r0069_c0085,,,,
r0069_c0086,,,,
r0069_c0092,,,,
r0069_c0093,,,14249.0,1.0
r0069_c0094,,,43061.0,3.0
r0069_c0097,1.4,,32667.0,36.0
r0069_c0098,1.6,,39484.0,39.0
r0069_c0099,1.5,,40829.0,49.0
r0069_c0100,1.3,,9401.0,11.0
r0069_c0101,1.7,,21240.0,14.0
r0069_c0102,2.2,,31043.0,39.0
r0069_c0103,1.9,,35388.0,49.0
r0069_c0104,1.5,,29257.0,44.0
r0069_c0105,1.5,,22868.0,24.0
r0069_c0106,1.2,,74142.0,16.0
r0069_c0108,1.4,,30493.0,36.0
r0069_c0109,2.1,,31967.0,28.0
r0069_c0110,,,21395.0,26.0
r0069_c0111,,,26400.0,37.0
r0069_c0112,,,40907.0,23.0
r0069_c0113,,,28445.0,23.0
r0069_c0114,,,9472.0,9.0
r0069_c0115,,,25087.0,27.0
r0070_c0035,8.3,,75779.0,3.0
r0070_c0041,8.0,,123038.0,42.0
r0070_c0042,,,118452.0,16.0
r0070_c0050,8.0,,82111.0,48.0
r0070_c0051,3.2,,101535.0,64.0
r0070_c0052,2.8,,61554.0,30.0
r0070_c0053,4.0,,52247.0,13.0
r0070_c0054,,,81165.0,23.0
r0070_c0055,,,67037.0,60.0
r0070_c0056,,,79973.0,95.0
r0070_c0057,,,72977.0,71.0
r0070_c0058,,,52098.0,57.0
r0070_c0059,4.0,,57049.0,49.0
r0070_c0060,3.0,,67133.0,23.0
r0070_c0061,12.2,,126179.0,5.0
r0070_c0064,12.4,,157248.0,6.0
r0070_c0066,12.0,,77978.0,46.0
r0070_c0067,,,59575.0,20.0
r0070_c0068,,,12767.0,4.0
r0070_c0070,,,56385.0,3.0
r0070_c0071,,,11231.0,13.0
r0070_c0072,,,82750.0,87.0
r0070_c0073,,,72766.0,74.0
r0070_c0074,2.0,,74605.0,56.0
r0070_c0075,2.0,,63170.0,68.0
r0070_c0079,2.0,,46802.0,34.0
r0070_c0080,2.0,,2824.0,2.0
r0070_c0081,,,,
r0070_c0082,,,,
r0070_c0083,,,,
r0070_c0084,,,,
r0070_c0086,,,,
r0070_c0092,,,,
r0070_c0093,,,39734.0,3.0
r0070_c0094,,,75606.0,5.0
r0070_c0095,,,,
r0070_c0097,1.6,,28111.0,24.0
r0070_c0098,1.3,,24734.0,24.0
r0070_c0099,1.2,,40751.0,47.0
r0070_c0100,1.3,,43396.0,31.0
r0070_c0102,2.0,,12222.0,12.0
r0070_c0103,2.0,,44265.0,43.0
r0070_c0104,1.7,,16835.0,16.0
r0070_c0105,1.2,,25631.0,18.0
r0070_c0106,1.5,,32404.0,29.0
r0070_c0107,1.4,,41906.0,30.0
r0070_c0108,1.0,,28862.0,16.0
r0070_c0109,,,37173.0,41.0
r0070_c0110,,,21934.0,24.0
r0070_c0111,,,32144.0,48.0
r0070_c0112,,,31259.0,54.0
r0070_c0113,,,36047.0,49.0
r0070_c0114,,,30246.0,49.0
r0070_c0115,,,343.0,2.0
r0070_c0116,,,37464.0,7.0
r0071_c0041,10.0,,88777.0,14.0
r0071_c0042,8.0,,102225.0,31.0
r0071_c0045,8.0,,41699.0,4.0
r0071_c0050,,,45014.0,31.0
r0071_c0051,4.0,,93161.0,58.0
r0071_c0052,4.0,,90805.0,54.0
r0071_c0053,7.7,,52982.0,7.0
r0071_c0054,4.0,,51058.0,22.0
r0071_c0055,2.4,,48994.0,38.0
r0071_c0056,3.0,,36402.0,25.0
r0071_c0057,,,11420.0,2.0
r0071_c0058,,,104739.0,5.0
r0071_c0059,3.0,,80538.0,50.0
r0071_c0060,5.0,,86268.0,97.0
r0071_c0061,14.0,,15347.0,2.0
r0071_c0068,,,36539.0,1.0
r0071_c0069,4.3,,57748.0,4.0
r0071_c0070,3.0,,86148.0,3.0
r0071_c0071,,,6395.0,2.0
r0071_c0072,2.0,,19101.0,19.0
r0071_c0073,2.0,,69715.0,70.0
r0071_c0074,2.1,,75878.0,50.0
r0071_c0075,2.1,,78748.0,45.0
r0071_c0076,2.0,,96950.0,16.0
r0071_c0077,2.0,,15105.0,26.0
r0071_c0081,2.0,,233.0,1.0
r0071_c0082,,,,
r0071_c0083,,,608.0,1.0
r0071_c0084,,,,
r0071_c0085,,,,
r0071_c0093,,,,
r0071_c0094,,,,
r0071_c0095,,,,
r0071_c0096,,,,
r0071_c0097,,,,
r0071_c0098,,,,
r0071_c0099,1.3,,15731.0,18.0
r0071_c0100,1.7,,44204.0,17.0
r0071_c0106,2.1,,37343.0,29.0
r0071_c0107,2.0,,30239.0,48.0
r0071_c0108,,,37169.0,44.0
r0071_c0109,,,41776.0,45.0
r0071_c0110,,,12690.0,19.0
r0071_c0111,,,32556.0,47.0
r0071_c0112,,,37821.0,43.0
r0071_c0113,,,37794.0,52.0
r0071_c0114,,,35063.0,45.0
r0071_c0115,,,16442.0,11.0
r0071_c0116,,,21190.0,6.0
r0072_c0041,8.0,,47559.0,6.0
r0072_c0042,3.3,,73302.0,12.0
r0072_c0043,8.0,,127890.0,36.0
r0072_c0044,6.7,,88401.0,17.0
r0072_c0045,2.9,,65558.0,29.0
r0072_c0046,2.0,,135272.0,26.0
r0072_c0047,8.0,,65265.0,17.0
r0072_c0048,2.8,,81520.0,42.0
r0072_c0049,,,46649.0,41.0
r0072_c0050,2.7,,72265.0,58.0
r0072_c0051,2.3,,62473.0,64.0
r0072_c0052,4.8,,108820.0,41.0
r0072_c0053,8.0,,82785.0,4.0
r0072_c0054,,,28322.0,20.0
r0072_c0056,3.0,,38444.0,21.0
r0072_c0063,,,,
r0072_c0064,15.0,,75105.0,3.0
r0072_c0065,,,100254.0,8.0
r0072_c0066,10.0,,101125.0,10.0
r0072_c0067,,,157449.0,38.0
r0072_c0069,4.0,,38122.0,2.0
r0072_c0070,,,21848.0,3.0
r0072_c0071,,,51649.0,4.0
r0072_c0072,,,109018.0,1.0
r0072_c0073,2.0,,48372.0,33.0
r0072_c0075,2.0,,61082.0,42.0
r0072_c0076,2.0,,20645.0,9.0
r0072_c0077,,,177.0,1.0
r0072_c0078,,,4940.0,21.0
r0072_c0079,,,790.0,4.0
r0072_c0081,,,,
r0072_c0082,,,,
r0072_c0083,,,,
r0072_c0084,,,,
r0072_c0085,,,,
r0072_c0086,,,281.0,2.0
r0072_c0093,,,,
r0072_c0094,,,,
r0072_c0095,,,,
r0072_c0097,,,2352.0,1.0
r0072_c0103,2.0,,33289.0,33.0
r0072_c0104,2.0,,3169.0,7.0
r0072_c0105,1.8,,37782.0,44.0
r0072_c0106,2.1,,23891.0,27.0
r0072_c0107,,,31320.0,31.0
r0072_c0108,,,4939.0,7.0
r0072_c0109,,,27443.0,10.0
r0072_c0110,,,81588.0,13.0
r0072_c0111,,,23309.0,32.0
r0072_c0112,,,21916.0,26.0
r0072_c0113,,,26534.0,34.0
r0072_c0114,,,39754.0,53.0
r0072_c0115,,,9911.0,13.0
r0072_c0116,,,24458.0,10.0
r0072_c0117,,,,
r0073_c0039,7.0,,78583.0,20.0
r0073_c0040,2.6,,55894.0,22.0
r0073_c0041,6.7,,79883.0,18.0
r0073_c0042,9.0,,90063.0,46.0
r0073_c0043,5.0,,94835.0,80.0
r0073_c0044,,,57765.0,27.0
r0073_c0045,3.9,,87793.0,33.0
r0073_c0046,2.0,,74547.0,37.0
r0073_c0047,3.0,,105313.0,34.0
r0073_c0048,3.0,,96636.0,62.0
r0073_c0049,,,51131.0,50.0
r0073_c0050,2.5,,43183.0,32.0
r0073_c0051,2.5,,37542.0,19.0
r0073_c0052,3.0,,85932.0,62.0
r0073_c0053,,,91244.0,49.0
r0073_c0054,,,71918.0,88.0
r0073_c0055,,,81273.0,31.0
r0073_c0056,,,33177.0,32.0
r0073_c0057,,,69784.0,82.0
r0073_c0058,,,78685.0,93.0
r0073_c0059,,,71808.0,86.0
r0073_c0060,,,72182.0,64.0
r0073_c0061,2.0,,59596.0,44.0
r0073_c0063,,,142965.0,6.0
r0073_c0065,,,21100.0,2.0
r0073_c0066,,,18346.0,4.0
r0073_c0067,,,61864.0,8.0
r0073_c0069,,,26951.0,5.0
r0073_c0070,,,37617.0,6.0
r0073_c0071,,,111158.0,4.0
r0073_c0072,3.0,2017,67701.0,2.0
r0073_c0073,2.0,,41485.0,25.0
r0073_c0074,2.0,,62303.0,23.0
r0073_c0076,,,25604.0,1.0
r0073_c0078,,,,
r0073_c0079,,,,
r0073_c0081,,,,
r0073_c0082,,,,
r0073_c0083,,,,
r0073_c0084,,,,
r0073_c0085,,,,
r0073_c0086,,,,
r0073_c0087,,,,
r0073_c0092,,,,
r0073_c0093,,,,
r0073_c0094,,,,
r0073_c0095,,,,
r0073_c0096,,,,
r0073_c0099,2.0,,3247.0,5.0
r0073_c0101,1.9,,49710.0,46.0
r0073_c0102,1.8,,14156.0,15.0
r0073_c0104,2.0,,34150.0,39.0
r0073_c0106,,,48117.0,7.0
r0073_c0107,,,32254.0,20.0
r0073_c0108,,,33885.0,13.0
r0073_c0109,,,28943.0,5.0
r0073_c0110,,,42314.0,5.0
r0073_c0111,,,60473.0,16.0
r0073_c0112,,,93824.0,3.0
r0073_c0113,,,9294.0,14.0
r0073_c0114,,,24994.0,35.0
r0073_c0115,,,13146.0,20.0
r0073_c0116,,,20099.0,3.0
r0073_c0118,,,,
r0074_c0040,7.5,,101075.0,41.0
r0074_c0041,8.0,,95523.0,70.0
r0074_c0042,8.1,,86243.0,33.0
r0074_c0043,6.0,,113051.0,89.0
r0074_c0044,10.0,,92541.0,39.0
r0074_c0045,3.0,,92450.0,61.0
r0074_c0046,,,97918.0,83.0
r0074_c0047,3.0,,87746.0,48.0
r0074_c0048,5.0,1847,115551.0,94.0
r0074_c0049,3.5,,86277.0,45.0
r0074_c0050,3.6,,55499.0,20.0
r0074_c0059,,,81415.0,97.0
r0074_c0060,,,84890.0,87.0
r0074_c0061,2.0,,84403.0,92.0
r0074_c0062,2.1,,79253.0,82.0
r0074_c0063,2.1,,120692.0,48.0
r0074_c0065,,,6296.0,2.0
r0074_c0066,,,877.0,2.0
r0074_c0068,,,13791.0,4.0
r0074_c0069,,,1245.0,1.0
r0074_c0070,,,,
r0074_c0071,2.0,,3121.0,3.0
r0074_c0072,2.0,,61011.0,16.0
r0074_c0073,1.9,,50393.0,49.0
r0074_c0074,2.0,,48230.0,42.0
r0074_c0075,2.0,,25686.0,28.0
r0074_c0076,,,166.0,1.0
r0074_c0077,,,928.0,1.0
r0074_c0078,,,,
r0074_c0079,,,38778.0,2.0
r0074_c0080,,,,
r0074_c0081,,,,
r0074_c0083,,,22963.0,3.0
r0074_c0084,,,5349.0,3.0
r0074_c0085,,,,
r0074_c0086,,,,
r0074_c0087,,,,
r0074_c0092,,,,
r0074_c0093,,,,
r0074_c0094,,,,
r0074_c0095,,,,
r0074_c0096,,,,
r0074_c0097,,,,
r0074_c0098,,,,
r0074_c0099,,,724.0,2.0
r0074_c0100,1.4,,18454.0,24.0
r0074_c0101,,,52235.0,78.0
r0074_c0102,,,43351.0,28.0
r0074_c0103,,,31078.0,13.0
r0074_c0104,1.9,,38953.0,23.0
r0074_c0106,,,30344.0,2.0
r0074_c0107,,,,
r0074_c0108,,,18170.0,5.0
r0074_c0109,,,,
r0074_c0110,,,140894.0,2.0
r0074_c0111,,,2324.0,4.0
r0074_c0112,,,18078.0,25.0
r0074_c0113,,,16708.0,18.0
r0074_c0114,,,17092.0,23.0
r0074_c0115,,,12840.0,20.0
r0074_c0116,,,20908.0,28.0
r0074_c0119,,,,
r0075_c0040,8.0,,85967.0,39.0
r0075_c0041,6.5,,98513.0,63.0
r0075_c0042,3.7,,101362.0,74.0
r0075_c0043,8.0,,100314.0,35.0
r0075_c0044,3.7,,97979.0,64.0
r0075_c0045,6.5,,71756.0,9.0
r0075_c0047,2.0,,105604.0,39.0
r0075_c0048,4.5,,91026.0,63.0
r0075_c0049,,,79839.0,14.0
r0075_c0050,,,34684.0,37.0
r0075_c0051,,,84431.0,94.0
r0075_c0052,3.0,,69772.0,46.0
r0075_c0053,4.4,,73519.0,13.0
r0075_c0054,3.0,,57003.0,44.0
r0075_c0055,2.5,,65479.0,57.0
r0075_c0056,,,46913.0,62.0
r0075_c0057,,,92492.0,86.0
r0075_c0058,,,87816.0,94.0
r0075_c0061,2.3,,64905.0,51.0
r0075_c0062,2.0,,51932.0,29.0
r0075_c0063,2.0,,23030.0,19.0
r0075_c0064,2.0,,53908.0,62.0
r0075_c0065,2.1,,85032.0,10.0
r0075_c0069,,,100.0,1.0
r0075_c0070,,,122.0,2.0
r0075_c0071,2.0,,13585.0,5.0
r0075_c0072,,,81552.0,10.0
r0075_c0073,2.0,,60567.0,21.0
r0075_c0074,2.0,,55358.0,36.0
r0075_c0075,2.1,,38438.0,22.0
r0075_c0076,,,17717.0,2.0
r0075_c0077,,,64013.0,2.0
r0075_c0078,,,,
r0075_c0079,,,4534.0,1.0
r0075_c0080,1.6,,29446.0,37.0
r0075_c0083,,,38214.0,9.0
r0075_c0084,,,15821.0,7.0
r0075_c0085,,,,
r0075_c0086,,,,
r0075_c0087,,,,
r0075_c0092,,,370.0,1.0
r0075_c0093,,,,
r0075_c0094,,,,
r0075_c0095,,,,
r0075_c0096,,,,
r0075_c0101,,,12278.0,5.0
r0075_c0102,,,10078.0,4.0
r0075_c0103,,,88.0,1.0
r0075_c0104,,,5534.0,2.0
r0075_c0105,,,67949.0,32.0
r0075_c0106,,,60527.0,3.0
r0075_c0107,,,96594.0,10.0
r0075_c0108,,,15327.0,6.0
r0075_c0110,,,,
r0075_c0111,,,,
r0075_c0114,,,,
r0075_c0115,,,3097.0,3.0
r0075_c0116,,,26808.0,37.0
r0075_c0117,,,18129.0,33.0
r0075_c0118,,,,
r0075_c0119,,,,
r0075_c0120,,,,
r0075_c0121,,,99800.0,1.0
r0076_c0039,9.5,,108041.0,31.0
r0076_c0040,6.0,,64702.0,27.0
r0076_c0041,,,85569.0,63.0
r0076_c0042,,,79223.0,74.0
r0076_c0043,8.0,,69986.0,51.0
r0076_c0044,8.0,,61650.0,37.0
r0076_c0047,,,63504.0,45.0
r0076_c0050,,,50851.0,67.0
r0076_c0051,,,71523.0,85.0
r0076_c0052,2.0,,71939.0,81.0
r0076_c0053,,,103151.0,32.0
r0076_c0054,2.0,,77625.0,72.0
r0076_c0055,,,64101.0,78.0
r0076_c0056,,,58307.0,48.0
r0076_c0058,3.0,,72997.0,70.0
r0076_c0063,2.0,,122979.0,4.0
r0076_c0064,2.0,,50353.0,44.0
r0076_c0065,2.4,,54449.0,29.0
r0076_c0067,,,13683.0,4.0
r0076_c0068,,,2609.0,2.0
r0076_c0070,,,259.0,1.0
r0076_c0071,,,143.0,2.0
r0076_c0072,,,8866.0,7.0
r0076_c0073,,,6541.0,4.0
r0076_c0074,1.0,,96737.0,12.0
r0076_c0075,,,84408.0,11.0
r0076_c0076,,,54533.0,5.0
r0076_c0077,,,3495.0,1.0
r0076_c0078,,,9877.0,3.0
r0076_c0079,,,52543.0,5.0
r0076_c0081,1.3,,42344.0,18.0
r0076_c0082,1.0,,48052.0,14.0
r0076_c0083,,,21006.0,5.0
r0076_c0086,,,,
r0076_c0087,,,,
r0076_c0092,,,388.0,1.0
r0076_c0093,,,,
r0076_c0094,,,,
r0076_c0095,,,,
r0076_c0096,,,,
r0076_c0098,,,,
r0076_c0099,,,,
r0076_c0100,,,22861.0,9.0
r0076_c0101,,,6460.0,2.0
r0076_c0102,,,2776.0,3.0
r0076_c0103,,,2051.0,4.0
r0076_c0104,,,4754.0,5.0
r0076_c0105,,,5605.0,7.0
r0076_c0106,,,26829.0,3.0
r0076_c0107,,,42345.0,16.0
r0076_c0110,,,226.0,2.0
r0076_c0111,,,,
r0076_c0112,,,,
r0076_c0113,,,,
r0076_c0115,,,,
r0076_c0116,,,19993.0,23.0
r0076_c0117,,,20018.0,18.0
r0076_c0118,,,535.0,1.0
r0076_c0119,,,171974.0,1.0
r0076_c0120,,,,
r0077_c0038,6.2,,81395.0,23.0
r0077_c0039,9.0,,51509.0,16.0
r0077_c0040,12.0,,122415.0,5.0
r0077_c0041,,,63279.0,45.0
r0077_c0042,,,98274.0,74.0
r0077_c0046,2.4,,79450.0,54.0
r0077_c0047,3.7,,100058.0,33.0
r0077_c0048,7.0,,108609.0,95.0
r0077_c0049,,,74268.0,65.0
r0077_c0050,,,67519.0,70.0
r0077_c0051,,1887,82559.0,50.0
r0077_c0052,6.0,,106964.0,69.0
r0077_c0053,6.0,,65405.0,25.0
r0077_c0057,,,53488.0,53.0
r0077_c0058,,,78433.0,86.0
r0077_c0063,2.0,,51068.0,67.0
r0077_c0064,2.0,,61825.0,46.0
r0077_c0065,2.0,,62600.0,60.0
r0077_c0066,2.0,,51834.0,8.0
r0077_c0070,,,91872.0,5.0
r0077_c0071,,,1437.0,3.0
r0077_c0072,,,218193.0,5.0
r0077_c0074,,,16328.0,2.0
r0077_c0075,6.0,,161210.0,3.0
r0077_c0076,,,133799.0,5.0
r0077_c0077,2.0,,47691.0,9.0
r0077_c0078,,,63788.0,3.0
r0077_c0079,,,,
r0077_c0081,,,46282.0,4.0
r0077_c0082,5.0,,47994.0,3.0
r0077_c0083,,,,
r0077_c0084,,,1191.0,2.0
r0077_c0085,,,3170.0,3.0
r0077_c0086,,,4447.0,1.0
r0077_c0087,,,12309.0,7.0
r0077_c0093,,,,
r0077_c0094,,,,
r0077_c0095,,,,
r0077_c0096,,,,
r0077_c0100,,,6388.0,3.0
r0077_c0102,,,26992.0,4.0
r0077_c0103,,,,
r0077_c0104,,,8739.0,9.0
r0077_c0105,,,8250.0,5.0
r0077_c0106,,,43943.0,10.0
r0077_c0107,,,10607.0,11.0
r0077_c0110,,,182.0,2.0
r0077_c0111,,,,
r0077_c0112,,,,
r0077_c0113,,,,
r0077_c0115,,,,
r0077_c0116,,,,
r0077_c0117,,,2142.0,1.0
r0077_c0118,,,11384.0,2.0
r0078_c0039,6.0,,43289.0,18.0
r0078_c0044,3.6,,107420.0,20.0
r0078_c0046,5.8,,100764.0,35.0
r0078_c0048,7.5,,127186.0,29.0
r0078_c0049,3.0,,107285.0,46.0
r0078_c0050,,,42524.0,31.0
r0078_c0053,,,47982.0,8.0
r0078_c0054,,,178250.0,8.0
r0078_c0055,1.0,,44823.0,74.0
r0078_c0056,,,73250.0,101.0
r0078_c0057,,,48117.0,41.0
r0078_c0060,,,80831.0,94.0
r0078_c0061,2.2,,74944.0,81.0
r0078_c0063,2.0,,87573.0,123.0
r0078_c0064,2.0,,68217.0,68.0
r0078_c0065,2.0,,63092.0,66.0
r0078_c0067,,,17771.0,4.0
r0078_c0068,,,,
r0078_c0069,,,512800.0,1.0
r0078_c0070,,,89046.0,7.0
r0078_c0071,,,66628.0,8.0
r0078_c0072,,,1249.0,3.0
r0078_c0073,,,101360.0,7.0
r0078_c0074,,,991.0,1.0
r0078_c0075,,,4901.0,2.0
r0078_c0078,,,7862.0,3.0
r0078_c0079,2.0,,43828.0,2.0
r0078_c0081,,,19268.0,7.0
r0078_c0082,,,13509.0,8.0
r0078_c0083,,,45084.0,1.0
r0078_c0084,,,2175.0,2.0
r0078_c0085,,,,
r0078_c0086,,,104880.0,1.0
r0078_c0087,,,,
r0078_c0093,,,,
r0078_c0094,,,,
r0078_c0095,,,,
r0078_c0097,,,,
r0078_c0100,,,56.0,1.0
r0078_c0102,,,,
r0078_c0103,,,,
r0078_c0104,,,,
r0078_c0105,,,,
r0078_c0106,,,,
r0078_c0107,,,,
r0078_c0108,,,4090.0,1.0
r0078_c0109,,,,
r0078_c0110,,,18228.0,7.0
r0078_c0111,,,42975.0,17.0
r0078_c0112,,,22768.0,5.0
r0078_c0113,,,11179.0,6.0
r0078_c0114,,,2812.0,2.0
r0078_c0115,,,,
r0078_c0116,,,258.0,1.0
r0078_c0117,,,2987.0,2.0
r0079_c0040,7.9,,97311.0,23.0
r0079_c0041,4.0,,122467.0,77.0
r0079_c0042,5.0,,76213.0,17.0
r0079_c0045,9.5,,66818.0,4.0
r0079_c0046,2.0,,42969.0,15.0
r0079_c0048,,,95085.0,37.0
r0079_c0049,,,91352.0,108.0
r0079_c0051,6.0,,73250.0,50.0
r0079_c0052,8.2,,122534.0,10.0
r0079_c0053,4.0,,125350.0,8.0
r0079_c0054,3.0,,1088.0,1.0
r0079_c0055,,,81137.0,6.0
r0079_c0058,,,66310.0,75.0
r0079_c0062,2.0,,17180.0,29.0
r0079_c0066,2.0,,48550.0,27.0
r0079_c0067,,,51552.0,2.0
r0079_c0068,,,2093.0,3.0
r0079_c0069,,,586.0,1.0
r0079_c0070,,,75263.0,5.0
r0079_c0071,,,39150.0,15.0
r0079_c0072,,,40067.0,6.0
r0079_c0073,2.0,,12273.0,3.0
r0079_c0074,2.0,,19219.0,6.0
r0079_c0075,2.0,,39908.0,9.0
r0079_c0078,,,32.0,1.0
r0079_c0079,,,36522.0,3.0
r0079_c0080,,,36994.0,3.0
r0079_c0081,,,105169.0,5.0
r0079_c0082,,,14997.0,2.0
r0079_c0083,,,41218.0,1.0
r0079_c0084,,,55789.0,4.0
r0079_c0085,,,126733.0,5.0
r0079_c0086,,,179794.0,9.0
r0079_c0087,,,138813.0,6.0
r0079_c0088,,,124303.0,6.0
r0079_c0093,,,,
r0079_c0094,,,,
r0079_c0095,,,,
r0079_c0096,,,,
r0079_c0097,,,,
r0079_c0101,,,,
r0079_c0102,,,,
r0079_c0103,,,,
r0079_c0104,,,,
r0079_c0105,,,,
r0079_c0106,,,238.0,1.0
r0079_c0107,,,72328.0,3.0
r0079_c0108,,,41178.0,7.0
r0079_c0109,,,86420.0,5.0
r0079_c0110,,,25055.0,14.0
r0079_c0114,,,20940.0,14.0
r0079_c0115,,,4388.0,4.0
r0079_c0116,,,,
r0079_c0117,,,,
r0080_c0043,,,77514.0,73.0
r0080_c0046,4.0,,60864.0,49.0
r0080_c0048,,,155362.0,47.0
r0080_c0049,,,103337.0,143.0
r0080_c0051,2.0,,92552.0,51.0
r0080_c0052,9.3,,111014.0,3.0
r0080_c0054,,,94293.0,11.0
r0080_c0055,,,52794.0,2.0
r0080_c0056,,,62831.0,2.0
r0080_c0057,,,53215.0,37.0
r0080_c0058,,,88219.0,104.0
r0080_c0059,,,90297.0,95.0
r0080_c0060,,,90614.0,105.0
r0080_c0063,2.0,,22438.0,15.0
r0080_c0065,2.1,,50256.0,43.0
r0080_c0066,,,71709.0,19.0
r0080_c0067,,,55864.0,8.0
r0080_c0068,,,30827.0,5.0
r0080_c0069,2.5,,129893.0,4.0
r0080_c0070,,,,
r0080_c0071,,,5509.0,2.0
r0080_c0073,2.0,,68508.0,109.0
r0080_c0074,2.0,,66079.0,73.0
r0080_c0075,2.0,,63825.0,90.0
r0080_c0076,2.0,,57011.0,102.0
r0080_c0077,2.0,,35005.0,52.0
r0080_c0079,,,76690.0,9.0
r0080_c0080,,,29455.0,1.0
r0080_c0083,,,16135.0,6.0
r0080_c0084,,,194413.0,3.0
r0080_c0085,1.8,,31486.0,11.0
r0080_c0088,,,1127.0,1.0
r0080_c0093,,,24908.0,4.0
r0080_c0096,,,,
r0080_c0098,,,,
r0080_c0100,,,,
r0080_c0101,,,,
r0080_c0102,,,,
r0080_c0103,,,,
r0080_c0104,,,,
r0080_c0105,,,,
r0080_c0107,,,57760.0,4.0
r0080_c0108,,,26228.0,4.0
r0080_c0110,,,73491.0,5.0
r0080_c0111,,,29749.0,39.0
r0080_c0112,,,23120.0,30.0
r0080_c0113,,,35939.0,44.0
r0080_c0114,,,45002.0,31.0
r0080_c0115,,,18389.0,33.0
r0081_c0039,3.6,1921,96306.0,63.0
r0081_c0040,4.5,,104115.0,49.0
r0081_c0042,4.0,,91428.0,52.0
r0081_c0044,6.8,,141664.0,24.0
r0081_c0045,,,2465.0,2.0
r0081_c0046,,,112372.0,34.0
r0081_c0047,,,76208.0,13.0
r0081_c0048,,,70783.0,24.0
r0081_c0049,,,30174.0,3.0
r0081_c0050,3.0,,7861.0,1.0
r0081_c0052,7.0,,57542.0,1.0
r0081_c0053,3.5,,74320.0,2.0
r0081_c0056,,,138068.0,9.0
r0081_c0057,,,46702.0,14.0
r0081_c0058,,,18134.0,24.0
r0081_c0060,,,72399.0,91.0
r0081_c0061,,,41639.0,47.0
r0081_c0063,,,8083.0,1.0
r0081_c0064,2.0,,63906.0,101.0
r0081_c0065,2.0,,56242.0,83.0
r0081_c0066,,,105671.0,3.0
r0081_c0068,,,11325.0,2.0
r0081_c0069,4.0,,93222.0,4.0
r0081_c0070,1.9,,20341.0,17.0
r0081_c0071,1.7,,142320.0,9.0
r0081_c0072,1.9,,33148.0,11.0
r0081_c0073,2.0,,45696.0,30.0
r0081_c0075,2.0,,47363.0,64.0
r0081_c0077,2.0,,29803.0,23.0
r0081_c0079,2.4,,44520.0,37.0
r0081_c0080,2.0,,58544.0,21.0
r0081_c0081,2.0,,16035.0,6.0
r0081_c0082,,,119689.0,8.0
r0081_c0083,,,124084.0,4.0
r0081_c0084,2.0,,108837.0,5.0
r0081_c0088,,,22094.0,6.0
r0081_c0093,,,35932.0,4.0
r0081_c0095,,,,
r0081_c0097,,,1094.0,1.0
r0081_c0098,,,10794.0,2.0
r0081_c0100,,,,
r0081_c0105,,,,
r0081_c0106,,,88035.0,9.0
r0081_c0107,,,78474.0,5.0
r0081_c0108,,,115527.0,7.0
r0081_c0110,,,183569.0,3.0
r0081_c0111,,,23117.0,29.0
r0081_c0112,,,34758.0,45.0
r0081_c0113,,,29077.0,36.0
r0081_c0114,,,30860.0,35.0
r0082_c0034,9.0,,212836.0,8.0
r0082_c0035,,,,
r0082_c0037,,,,
r0082_c0039,3.3,,80696.0,62.0
r0082_c0042,3.2,,96548.0,42.0
r0082_c0045,,,5271.0,2.0
r0082_c0046,,,93055.0,42.0
r0082_c0047,,,93652.0,28.0
r0082_c0053,4.0,,55184.0,5.0
r0082_c0054,,,35081.0,3.0
r0082_c0057,,,,
r0082_c0060,,,30676.0,24.0
r0082_c0061,,,27449.0,37.0
r0082_c0062,,,2787.0,1.0
r0082_c0063,,,601.0,1.0
r0082_c0064,2.0,,77554.0,102.0
r0082_c0065,2.0,,48330.0,63.0
r0082_c0066,4.0,,30177.0,6.0
r0082_c0068,7.0,,26331.0,3.0
r0082_c0069,,,124227.0,10.0
r0082_c0070,2.1,,72575.0,26.0
r0082_c0071,1.6,,45852.0,38.0
r0082_c0072,1.0,,23525.0,9.0
r0082_c0073,,,48358.0,19.0
r0082_c0074,,,38463.0,19.0
r0082_c0075,2.0,,53901.0,30.0
r0082_c0077,1.9,,42807.0,39.0
r0082_c0078,2.0,,23284.0,21.0
r0082_c0079,2.5,,11169.0,14.0
r0082_c0080,1.8,,29260.0,29.0
r0082_c0081,2.0,,60157.0,35.0
r0082_c0082,,,22945.0,5.0
r0082_c0083,,,77705.0,8.0
r0082_c0084,2.0,,10826.0,7.0
r0082_c0085,1.6,,42161.0,33.0
r0082_c0088,1.9,,31896.0,32.0
r0082_c0091,,,51334.0,50.0
r0082_c0097,,,48.0,1.0
r0082_c0100,,,,
r0082_c0105,,,,
r0082_c0106,,,3348.0,2.0
r0082_c0107,,,67669.0,5.0
r0082_c0108,,,42862.0,1.0
r0082_c0110,,,,
r0082_c0111,,,4039.0,4.0
r0082_c0112,,,26540.0,33.0
r0082_c0113,,,24984.0,38.0
r0082_c0114,,,28542.0,36.0
r0083_c0032,,,27401.0,17.0
r0083_c0036,2.8,,96747.0,41.0
r0083_c0038,,,4355.0,1.0
r0083_c0039,,,20389.0,14.0
r0083_c0043,4.5,,91332.0,26.0
r0083_c0044,,,78726.0,19.0
r0083_c0045,8.5,1937,72763.0,10.0
r0083_c0047,5.0,,59053.0,11.0
r0083_c0048,4.0,,146712.0,55.0
r0083_c0049,,,81432.0,84.0
r0083_c0050,2.1,,77775.0,80.0
r0083_c0051,2.2,,72207.0,76.0
r0083_c0053,2.0,,59442.0,13.0
r0083_c0055,,,28649.0,2.0
r0083_c0056,,,,
r0083_c0062,,,,
r0083_c0063,,,,
r0083_c0066,,,67645.0,59.0
r0083_c0067,5.0,,60685.0,16.0
r0083_c0069,2.0,,18273.0,3.0
r0083_c0070,1.9,,51404.0,56.0
r0083_c0071,1.6,,52152.0,44.0
r0083_c0072,2.0,,51533.0,38.0
r0083_c0073,2.0,,14793.0,4.0
r0083_c0074,,,18913.0,9.0
r0083_c0075,2.0,,35395.0,16.0
r0083_c0076,2.0,,34621.0,39.0
r0083_c0077,2.0,,38679.0,41.0
r0083_c0078,1.6,,9045.0,8.0
r0083_c0079,,,13360.0,5.0
r0083_c0080,1.8,,30827.0,31.0
r0083_c0081,1.8,,31816.0,30.0
r0083_c0082,2.0,,62833.0,27.0
r0083_c0083,,,24250.0,2.0
r0083_c0084,1.8,,69646.0,31.0
r0083_c0085,2.1,,47376.0,28.0
r0083_c0087,1.8,,29746.0,26.0
r0083_c0088,2.0,,41349.0,39.0
r0083_c0089,2.0,,18191.0,19.0
r0083_c0098,,,,
r0083_c0099,,,,
r0083_c0100,,,,
r0083_c0101,,,,
r0083_c0102,,,,
r0083_c0103,,,,
r0083_c0106,,,,
r0083_c0107,,,46253.0,2.0
r0083_c0108,,,84138.0,3.0
r0083_c0110,,,1389.0,1.0
r0083_c0111,,,2137.0,4.0
r0083_c0112,,,18912.0,21.0
r0083_c0113,,,26407.0,32.0
r0084_c0029,,,30624.0,15.0
r0084_c0031,,,37764.0,23.0
r0084_c0032,,,35757.0,19.0
r0084_c0033,5.3,,66539.0,4.0
r0084_c0034,8.0,,36933.0,3.0
r0084_c0035,6.3,,50089.0,10.0
r0084_c0036,6.0,,80626.0,57.0
r0084_c0038,,,10393.0,10.0
r0084_c0040,4.8,,36994.0,9.0
r0084_c0041,5.0,,79403.0,65.0
r0084_c0042,5.0,,95540.0,52.0
r0084_c0043,4.7,,100420.0,48.0
r0084_c0044,5.0,1922,91011.0,19.0
r0084_c0046,,,66273.0,38.0
r0084_c0048,3.0,,78092.0,62.0
r0084_c0049,3.0,,83742.0,76.0
r0084_c0050,2.4,,75487.0,75.0
r0084_c0051,2.1,,79501.0,89.0
r0084_c0052,2.1,,79322.0,71.0
r0084_c0053,4.0,,52535.0,14.0
r0084_c0057,,,1854.0,2.0
r0084_c0061,,,63178.0,74.0
r0084_c0062,,,24879.0,23.0
r0084_c0063,,,26766.0,16.0
r0084_c0064,,,,
r0084_c0065,,,35979.0,6.0
r0084_c0066,2.0,,55609.0,75.0
r0084_c0067,2.0,,59823.0,77.0
r0084_c0068,2.0,,118765.0,34.0
r0084_c0069,,,23387.0,5.0
r0084_c0070,2.0,,53713.0,26.0
r0084_c0071,2.2,,74944.0,29.0
r0084_c0072,2.0,,29638.0,33.0
r0084_c0074,2.0,,41772.0,36.0
r0084_c0075,2.0,,33954.0,8.0
r0084_c0076,1.6,,49848.0,25.0
r0084_c0077,1.9,,42063.0,59.0
r0084_c0078,1.8,,17653.0,21.0
r0084_c0079,2.0,,49902.0,6.0
r0084_c0080,1.9,,39666.0,44.0
r0084_c0081,2.0,,17864.0,15.0
r0084_c0082,2.0,,36541.0,24.0
r0084_c0083,1.7,,61486.0,34.0
r0084_c0084,1.8,,22380.0,21.0
r0084_c0085,1.6,,36953.0,33.0
r0084_c0087,,,48469.0,38.0
r0084_c0088,,,42433.0,45.0
r0084_c0089,,,23203.0,26.0
r0084_c0092,,,18879.0,16.0
r0084_c0098,,,,
r0084_c0099,,,59.0,1.0
r0084_c0100,,,,
r0084_c0101,,,,
r0084_c0102,,,,
r0084_c0103,,,,
r0084_c0104,,,2215.0,6.0
r0084_c0106,,,54526.0,2.0
r0084_c0107,,,696.0,2.0
r0084_c0108,,,25465.0,2.0
r0084_c0110,,,,
r0084_c0111,,,,
r0084_c0112,,,8754.0,13.0
r0085_c0021,,,33896.0,26.0
r0085_c0031,,,42966.0,23.0
r0085_c0032,,,33876.0,29.0
r0085_c0033,,,69660.0,95.0
r0085_c0034,,,84720.0,88.0
r0085_c0038,,,38796.0,5.0
r0085_c0039,1.0,,11382.0,10.0
r0085_c0040,,,5154.0,3.0
r0085_c0041,6.0,1944,43375.0,6.0
r0085_c0043,5.7,,81415.0,7.0
r0085_c0044,6.5,,82659.0,23.0
r0085_c0046,2.4,,118935.0,52.0
r0085_c0048,,,75875.0,50.0
r0085_c0049,,,56867.0,64.0
r0085_c0052,2.0,,106053.0,140.0
r0085_c0053,,,91441.0,46.0
r0085_c0054,,,15079.0,1.0
r0085_c0055,,,593.0,1.0
r0085_c0057,,,2648.0,2.0
r0085_c0058,,,199891.0,4.0
r0085_c0059,,,9628.0,2.0
r0085_c0060,,,677.0,1.0
r0085_c0061,,,47796.0,60.0
r0085_c0062,,,32593.0,44.0
r0085_c0063,4.0,2016,91663.0,3.0
r0085_c0065,,,12057.0,2.0
r0085_c0066,2.0,,37764.0,32.0
r0085_c0067,2.0,,53116.0,50.0
r0085_c0068,2.0,,61917.0,51.0
r0085_c0069,2.0,,23691.0,8.0
r0085_c0070,2.0,,82678.0,61.0
r0085_c0071,2.0,,64342.0,72.0
r0085_c0073,1.8,,28715.0,30.0
r0085_c0075,1.9,,33239.0,19.0
r0085_c0076,1.9,,40223.0,26.0
r0085_c0077,2.0,,28192.0,26.0
r0085_c0078,2.0,,25208.0,15.0
r0085_c0079,1.8,,10681.0,13.0
r0085_c0080,2.2,,16503.0,7.0
r0085_c0081,1.9,,11305.0,5.0
r0085_c0082,1.9,,39763.0,39.0
r0085_c0083,1.5,,55948.0,52.0
r0085_c0084,1.4,,26588.0,32.0
r0085_c0085,1.5,,26689.0,25.0
r0085_c0097,,,,
r0085_c0098,,,,
r0085_c0100,,,,
r0085_c0101,,,,
r0085_c0102,,,144.0,1.0
r0085_c0103,,,,
r0085_c0104,,,3583.0,4.0
r0085_c0105,,,15895.0,6.0
r0085_c0106,,,36335.0,4.0
r0085_c0107,,,,
r0085_c0108,,,136812.0,1.0
r0085_c0110,,,22921.0,3.0
r0085_c0111,,,3160.0,7.0
r0086_c0019,,,1950.0,1.0
r0086_c0020,,,77132.0,3.0
r0086_c0021,8.0,,29782.0,2.0
r0086_c0022,,,56544.0,58.0
r0086_c0023,6.0,,86993.0,23.0
r0086_c0028,2.0,,39464.0,26.0
r0086_c0029,,,33527.0,22.0
r0086_c0030,2.0,,42311.0,30.0
r0086_c0031,,,60497.0,3.0
r0086_c0033,,,61455.0,59.0
r0086_c0034,5.0,,52214.0,48.0
r0086_c0035,7.0,,78394.0,12.0
r0086_c0036,,,7332.0,4.0
r0086_c0037,,,,
r0086_c0039,1.0,,27620.0,9.0
r0086_c0041,10.0,,35023.0,21.0
r0086_c0042,,,83675.0,105.0
r0086_c0043,,,101159.0,106.0
r0086_c0045,4.7,,57188.0,20.0
r0086_c0046,,,75646.0,10.0
r0086_c0047,6.5,,118776.0,14.0
r0086_c0048,3.0,,58709.0,50.0
r0086_c0049,,,62252.0,70.0
r0086_c0051,2.0,,80262.0,121.0
r0086_c0052,4.0,,32668.0,38.0
r0086_c0053,2.0,,79514.0,103.0
r0086_c0054,2.0,,47426.0,55.0
r0086_c0055,2.0,,2863.0,4.0
r0086_c0056,,,,
r0086_c0057,,,4651.0,1.0
r0086_c0058,,,18770.0,6.0
r0086_c0059,,,2514.0,1.0
r0086_c0060,,,63009.0,3.0
r0086_c0061,,,40646.0,39.0
r0086_c0062,,,46905.0,27.0
r0086_c0063,,,19834.0,4.0
r0086_c0064,,,,
r0086_c0065,,,,
r0086_c0067,,,20451.0,11.0
r0086_c0068,2.0,,60688.0,34.0
r0086_c0069,1.8,,37167.0,12.0
r0086_c0074,1.8,,39010.0,31.0
r0086_c0076,2.0,,33116.0,31.0
r0086_c0077,2.1,,35053.0,39.0
r0086_c0078,2.2,,46551.0,18.0
r0086_c0079,1.9,,44922.0,29.0
r0086_c0080,2.0,,43357.0,39.0
r0086_c0081,1.8,,25282.0,25.0
r0086_c0082,1.9,,39149.0,40.0
r0086_c0100,,,,
r0086_c0101,,,,
r0086_c0102,,,,
r0086_c0103,,,12825.0,2.0
r0086_c0104,,,43378.0,4.0
r0086_c0105,,,57144.0,3.0
r0086_c0107,,,34437.0,4.0
r0086_c0109,,,,
r0086_c0110,,,,
r0087_c0018,8.0,,31287.0,4.0
r0087_c0019,,,,
r0087_c0020,5.0,,39570.0,2.0
r0087_c0021,6.0,,18503.0,2.0
r0087_c0022,,,32672.0,29.0
r0087_c0023,5.0,,41094.0,20.0
r0087_c0025,,,2317.0,2.0
r0087_c0028,,,43566.0,39.0
r0087_c0029,,,47955.0,33.0
r0087_c0030,,,47990.0,34.0
r0087_c0031,,,34162.0,25.0
r0087_c0032,,,35250.0,19.0
r0087_c0033,,,54504.0,46.0
r0087_c0034,,,8334.0,3.0
r0087_c0035,8.0,,25167.0,4.0
r0087_c0036,,,24381.0,13.0
r0087_c0037,,,6916.0,7.0
r0087_c0041,,,70351.0,78.0
r0087_c0042,,,76957.0,76.0
r0087_c0044,3.0,,99109.0,52.0
r0087_c0045,,,126642.0,17.0
r0087_c0046,,,18080.0,1.0
r0087_c0047,5.0,2008,265275.0,8.0
r0087_c0048,3.2,,117924.0,88.0
r0087_c0049,,,27477.0,27.0
r0087_c0051,3.0,,67701.0,72.0
r0087_c0052,3.5,,58170.0,63.0
r0087_c0053,2.0,,83471.0,101.0
r0087_c0054,2.0,,79830.0,101.0
r0087_c0055,2.0,,65379.0,79.0
r0087_c0056,,,,
r0087_c0057,,,,
r0087_c0058,,,48083.0,2.0
r0087_c0059,,,2617.0,2.0
r0087_c0060,,,7742.0,1.0
r0087_c0061,,,4509.0,7.0
r0087_c0062,,,45410.0,9.0
r0087_c0063,,,35627.0,6.0
r0087_c0064,,,60.0,1.0
r0087_c0068,2.1,,43510.0,25.0
r0087_c0070,1.9,,43585.0,61.0
r0087_c0071,2.0,,59885.0,39.0
r0087_c0073,2.0,,60126.0,40.0
r0087_c0074,1.5,,29863.0,26.0
r0087_c0076,1.7,,26577.0,25.0
r0087_c0077,2.1,,29543.0,28.0
r0087_c0078,2.0,,48698.0,32.0
r0087_c0079,2.0,,37713.0,29.0
r0087_c0080,2.1,,72834.0,39.0
r0087_c0081,2.0,,55486.0,36.0
r0087_c0082,2.0,,39085.0,30.0
r0087_c0087,1.4,,18079.0,24.0
r0087_c0088,1.8,,81090.0,9.0
r0087_c0091,,,623.0,5.0
r0087_c0092,,,,
r0087_c0100,,,,
r0087_c0101,,,,
r0087_c0102,,,349.0,1.0
r0087_c0104,,,46910.0,5.0
r0087_c0105,,,35065.0,2.0
r0087_c0106,,,95731.0,3.0
r0087_c0108,,,671.0,2.0
r0087_c0109,,,1560.0,4.0
r0088_c0018,7.0,,45843.0,5.0
r0088_c0021,4.0,,20095.0,2.0
r0088_c0022,,,63527.0,14.0
r0088_c0023,,,44133.0,41.0
r0088_c0029,,,10910.0,10.0
r0088_c0032,3.0,,16466.0,4.0
r0088_c0033,3.0,,31329.0,20.0
r0088_c0034,9.0,,22711.0,2.0
r0088_c0035,,,37894.0,6.0
r0088_c0036,,,37193.0,5.0
r0088_c0037,1.0,,1255.0,3.0
r0088_c0038,,,18918.0,6.0
r0088_c0039,,,114.0,1.0
r0088_c0044,1.8,,111165.0,48.0
r0088_c0045,8.0,,46035.0,11.0
r0088_c0046,4.8,,87660.0,47.0
r0088_c0047,3.0,,71560.0,13.0
r0088_c0049,,,71819.0,68.0
r0088_c0050,2.2,,69400.0,79.0
r0088_c0051,2.1,,56144.0,70.0
r0088_c0053,2.0,,76284.0,105.0
r0088_c0054,2.0,,84008.0,110.0
r0088_c0055,2.0,,54509.0,62.0
r0088_c0056,,,113.0,1.0
r0088_c0057,,,100465.0,1.0
r0088_c0058,,,61405.0,1.0
r0088_c0059,,,42630.0,1.0
r0088_c0060,,,13171.0,1.0
r0088_c0061,,,,
r0088_c0062,,,5174.0,1.0
r0088_c0063,,,5257.0,3.0
r0088_c0064,,,743.0,2.0
r0088_c0068,2.1,,47572.0,23.0
r0088_c0070,2.0,,55008.0,40.0
r0088_c0071,2.0,,63261.0,38.0
r0088_c0074,1.8,,38626.0,39.0
r0088_c0076,1.7,,39590.0,40.0
r0088_c0077,1.9,,48984.0,45.0
r0088_c0078,1.9,,37471.0,30.0
r0088_c0079,2.0,,44966.0,36.0
r0088_c0080,2.1,,54527.0,47.0
r0088_c0081,2.0,,54988.0,40.0
r0088_c0082,2.2,,32513.0,27.0
r0088_c0087,1.4,,35964.0,38.0
r0088_c0088,1.6,,33707.0,41.0
r0088_c0101,,,,
r0088_c0104,,,165490.0,3.0
r0088_c0107,,,70392.0,13.0
r0088_c0108,,,17691.0,6.0
r0089_c0019,,,28472.0,19.0
r0089_c0020,,,,
r0089_c0021,,,12604.0,11.0
r0089_c0022,,,34273.0,20.0
r0089_c0023,,,52109.0,50.0
r0089_c0024,8.5,,92452.0,10.0
r0089_c0025,,,29128.0,13.0
r0089_c0026,,,41970.0,30.0
r0089_c0028,,,56267.0,39.0
r0089_c0029,,,10837.0,8.0
r0089_c0032,,,,
r0089_c0034,9.0,,38148.0,3.0
r0089_c0035,,,7021.0,4.0
r0089_c0036,1.0,,9817.0,6.0
r0089_c0037,,,478.0,1.0
r0089_c0038,,,,
r0089_c0039,,,34022.0,26.0
r0089_c0041,,,76715.0,81.0
r0089_c0043,4.2,,68796.0,48.0
r0089_c0044,2.5,,98573.0,58.0
r0089_c0045,10.0,,78024.0,52.0
r0089_c0046,5.0,,105793.0,88.0
r0089_c0047,4.0,,67602.0,59.0
r0089_c0049,5.0,,61222.0,50.0
r0089_c0051,2.5,,91665.0,62.0
r0089_c0052,2.0,,73416.0,46.0
r0089_c0053,2.2,,79912.0,38.0
r0089_c0054,2.1,,61472.0,65.0
r0089_c0055,2.2,,38196.0,47.0
r0089_c0056,,,,
r0089_c0057,,,,
r0089_c0058,,,,
r0089_c0059,,,316.0,1.0
r0089_c0060,,,,
r0089_c0061,,,,
r0089_c0062,,,,
r0089_c0063,,,,
r0089_c0067,,,8950.0,1.0
r0089_c0068,4.1,,68465.0,5.0
r0089_c0069,2.1,,20741.0,12.0
r0089_c0070,2.0,,48034.0,14.0
r0089_c0073,2.0,,38710.0,26.0
r0089_c0075,1.8,,36549.0,33.0
r0089_c0078,1.9,,35185.0,37.0
r0089_c0080,2.0,,53527.0,63.0
r0089_c0081,2.1,,42620.0,48.0
r0089_c0082,2.1,,42284.0,34.0
r0089_c0086,1.6,,35092.0,39.0
r0089_c0087,1.5,,26569.0,25.0
r0089_c0088,1.9,,27756.0,28.0
r0089_c0103,,,20205.0,4.0
r0089_c0104,,,54256.0,2.0
r0089_c0106,,,68069.0,3.0
r0089_c0107,,,65164.0,3.0
r0090_c0017,,,82699.0,17.0
r0090_c0018,10.0,,58161.0,31.0
r0090_c0020,,,5169.0,4.0
r0090_c0021,,,66895.0,22.0
r0090_c0022,,,41525.0,31.0
r0090_c0025,,,35324.0,23.0
r0090_c0027,,,39231.0,33.0
r0090_c0028,,,37288.0,15.0
r0090_c0029,,,20909.0,16.0
r0090_c0030,,,24516.0,12.0
r0090_c0031,,,51084.0,30.0
r0090_c0032,,,60251.0,30.0
r0090_c0033,5.0,,64646.0,24.0
r0090_c0034,,,32448.0,9.0
r0090_c0035,,,9020.0,4.0
r0090_c0036,,,,
r0090_c0037,,,,
r0090_c0038,,,,
r0090_c0041,,,74369.0,57.0
r0090_c0042,,,76542.0,74.0
r0090_c0043,5.0,,79172.0,38.0
r0090_c0044,6.5,,98703.0,91.0
r0090_c0045,4.2,,64084.0,14.0
r0090_c0046,4.0,,72434.0,48.0
r0090_c0047,,,65237.0,66.0
r0090_c0048,6.0,,93605.0,95.0
r0090_c0049,,,84463.0,78.0
r0090_c0050,,,82458.0,74.0
r0090_c0051,,,81930.0,95.0
r0090_c0052,2.3,,85709.0,60.0
r0090_c0054,2.0,,63453.0,70.0
r0090_c0055,2.0,,18930.0,24.0
r0090_c0056,,,456.0,3.0
r0090_c0057,,,,
r0090_c0058,,,,
r0090_c0059,,,9230.0,1.0
r0090_c0060,,,,
r0090_c0061,,,43513.0,8.0
r0090_c0063,,,,
r0090_c0065,2.0,1920,80750.0,3.0
r0090_c0066,,,5793.0,1.0
r0090_c0068,5.0,,70658.0,11.0
r0090_c0069,5.0,,18147.0,11.0
r0090_c0070,2.2,,24045.0,25.0
r0090_c0071,2.2,,72171.0,50.0
r0090_c0072,2.2,,39017.0,38.0
r0090_c0073,2.1,,43547.0,41.0
r0090_c0074,1.6,,38303.0,34.0
r0090_c0075,2.2,,37819.0,27.0
r0090_c0076,1.9,,40923.0,38.0
r0090_c0077,2.0,,39941.0,45.0
r0090_c0078,2.0,,38077.0,20.0
r0090_c0079,2.0,,14813.0,11.0
r0090_c0081,1.9,,31500.0,36.0
r0090_c0082,1.9,,42570.0,41.0
r0090_c0084,2.0,,33969.0,38.0
r0090_c0103,,,23528.0,4.0
r0090_c0104,,,27370.0,31.0
r0090_c0105,,,36259.0,50.0
r0090_c0106,,,116949.0,3.0
r0091_c0016,,,30331.0,40.0
r0091_c0017,,,66590.0,90.0
r0091_c0019,,,,
r0091_c0020,,,,
r0091_c0021,,,16378.0,9.0
r0091_c0022,,,158.0,1.0
r0091_c0025,,,33370.0,22.0
r0091_c0026,,,13597.0,10.0
r0091_c0027,,,52570.0,32.0
r0091_c0028,,,44674.0,26.0
r0091_c0029,,,46309.0,27.0
r0091_c0030,,,50038.0,29.0
r0091_c0031,,,58834.0,43.0
r0091_c0032,4.0,,73909.0,20.0
r0091_c0035,10.0,,41074.0,7.0
r0091_c0036,,,18194.0,10.0
r0091_c0038,,,,
r0091_c0039,,,2381.0,2.0
r0091_c0041,,,77241.0,81.0
r0091_c0042,,,84565.0,29.0
r0091_c0043,,,39638.0,36.0
r0091_c0044,,,77970.0,69.0
r0091_c0045,,,64585.0,44.0
r0091_c0046,,,70074.0,31.0
r0091_c0047,8.0,,81403.0,49.0
r0091_c0048,,,82229.0,105.0
r0091_c0049,,,78233.0,85.0
r0091_c0050,,,77305.0,92.0
r0091_c0052,2.3,,97699.0,68.0
r0091_c0055,2.0,,15413.0,19.0
r0091_c0057,,,,
r0091_c0058,,,1916.0,3.0
r0091_c0061,,,37220.0,6.0
r0091_c0065,,,,
r0091_c0067,3.0,,66466.0,4.0
r0091_c0068,,,32656.0,5.0
r0091_c0069,,,45713.0,2.0
r0091_c0070,2.1,,22839.0,15.0
r0091_c0071,1.8,,43063.0,18.0
r0091_c0072,1.9,,36864.0,20.0
r0091_c0073,1.7,,18385.0,17.0
r0091_c0074,2.1,,29495.0,37.0
r0091_c0080,1.9,,45478.0,53.0
r0091_c0081,1.9,,43713.0,46.0
r0091_c0082,1.9,,47332.0,57.0
r0091_c0083,2.0,,39801.0,54.0
r0091_c0085,1.9,,37269.0,27.0
r0091_c0087,1.7,,27087.0,19.0
r0092_c0013,3.8,,66446.0,9.0
r0092_c0014,4.7,,69062.0,3.0
r0092_c0016,4.5,,69922.0,4.0
r0092_c0017,,,53286.0,72.0
r0092_c0018,8.0,,22966.0,1.0
r0092_c0020,,,12175.0,6.0
r0092_c0021,,,30717.0,16.0
r0092_c0023,,,55287.0,10.0
r0092_c0024,,,49082.0,45.0
r0092_c0025,,,50132.0,50.0
r0092_c0026,,1794,46310.0,30.0
r0092_c0027,,,49281.0,51.0
r0092_c0028,2.0,,33829.0,27.0
r0092_c0029,,1905,33652.0,34.0
r0092_c0030,,,48087.0,43.0
r0092_c0038,,,,
r0092_c0039,,,,
r0092_c0040,,,,
r0092_c0041,,,,
r0092_c0042,,,,
r0092_c0043,,,8554.0,13.0
r0092_c0044,,,7526.0,12.0
r0092_c0045,,,61448.0,52.0
r0092_c0046,,,111870.0,77.0
r0092_c0047,5.7,,78894.0,85.0
r0092_c0048,,,78771.0,96.0
r0092_c0049,3.3,,75719.0,53.0
r0092_c0050,3.7,,76715.0,23.0
r0092_c0051,3.0,,68045.0,43.0
r0092_c0052,2.8,,90412.0,45.0
r0092_c0053,2.5,,84197.0,90.0
r0092_c0054,2.1,,83795.0,88.0
r0092_c0055,2.0,,14210.0,12.0
r0092_c0057,,,,
r0092_c0059,,,93097.0,3.0
r0092_c0060,,,38253.0,3.0
r0092_c0062,,,167.0,2.0
r0092_c0065,3.0,,98225.0,5.0
r0092_c0066,,,37767.0,5.0
r0092_c0067,,,20330.0,3.0
r0092_c0070,,,19114.0,13.0
r0092_c0071,2.0,,48971.0,23.0
r0092_c0072,1.9,,26346.0,30.0
r0092_c0074,,,6429.0,3.0
r0092_c0075,,,,
r0092_c0076,2.0,,13303.0,11.0
r0092_c0078,2.0,,9855.0,10.0
r0092_c0079,2.0,,11148.0,15.0
r0092_c0081,1.8,,39372.0,42.0
r0092_c0083,1.8,,30147.0,36.0
r0092_c0084,,,17685.0,3.0
r0092_c0085,1.4,,14018.0,16.0
r0092_c0086,1.5,,22073.0,24.0
r0092_c0104,,,9442.0,12.0
r0093_c0013,2.0,,40329.0,4.0
r0093_c0014,4.5,,141926.0,5.0
r0093_c0015,2.3,,67783.0,3.0
r0093_c0018,,,,
r0093_c0019,,,10769.0,4.0
r0093_c0023,,,45663.0,11.0
r0093_c0024,,,43007.0,28.0
r0093_c0025,3.0,,48156.0,51.0
r0093_c0026,,,45002.0,37.0
r0093_c0027,,,53857.0,54.0
r0093_c0028,,,43017.0,47.0
r0093_c0029,,,38077.0,42.0
r0093_c0030,,,61412.0,49.0
r0093_c0031,5.0,,65589.0,43.0
r0093_c0032,8.0,,37026.0,1.0
r0093_c0033,,,40.0,1.0
r0093_c0037,,,,
r0093_c0038,,,,
r0093_c0039,,,,
r0093_c0040,,,12893.0,4.0
r0093_c0041,,,12994.0,5.0
r0093_c0042,,,1641.0,1.0
r0093_c0043,,,,
r0093_c0044,,,534.0,1.0
r0093_c0045,4.3,,39192.0,15.0
r0093_c0046,5.0,,82771.0,52.0
r0093_c0047,2.0,,72972.0,84.0
r0093_c0048,,,84013.0,108.0
r0093_c0049,,,54338.0,60.0
r0093_c0051,6.0,,66939.0,56.0
r0093_c0052,3.3,,53869.0,37.0
r0093_c0053,,,69726.0,86.0
r0093_c0056,2.2,,8336.0,9.0
r0093_c0058,,,216.0,1.0
r0093_c0059,,,,
r0093_c0060,,,6411.0,2.0
r0093_c0061,,,32401.0,3.0
r0093_c0062,,,,
r0093_c0063,,,53121.0,3.0
r0093_c0064,,,,
r0093_c0065,2.0,,16472.0,5.0
r0093_c0066,3.0,,39300.0,4.0
r0093_c0067,,,42415.0,5.0
r0093_c0068,,,60495.0,2.0
r0093_c0069,2.0,,53566.0,54.0
r0093_c0070,,,38625.0,2.0
r0093_c0071,2.2,,39036.0,32.0
r0093_c0072,1.9,,41345.0,36.0
r0093_c0073,2.1,,30251.0,21.0
r0093_c0075,1.0,,11928.0,6.0
r0093_c0076,2.0,,19023.0,22.0
r0093_c0077,2.0,,40970.0,43.0
r0093_c0078,2.1,,13521.0,17.0
r0093_c0079,2.0,,33600.0,47.0
r0093_c0080,1.8,,45552.0,58.0
r0093_c0082,1.8,,36079.0,39.0
r0093_c0083,2.0,,25479.0,32.0
r0093_c0084,,,,
r0093_c0085,1.0,,18962.0,14.0
r0093_c0086,,,39651.0,42.0
r0093_c0088,2.0,,58157.0,29.0
r0093_c0094,,,42232.0,55.0
r0093_c0095,,,43656.0,48.0
r0094_c0012,,,41600.0,27.0
r0094_c0013,,,9928.0,6.0
r0094_c0014,7.0,,31788.0,4.0
r0094_c0015,6.7,,44427.0,4.0
r0094_c0016,,,61227.0,4.0
r0094_c0017,,,42957.0,3.0
r0094_c0018,,,60672.0,6.0
r0094_c0019,,,26895.0,10.0
r0094_c0020,,,6133.0,2.0
r0094_c0027,,,42320.0,48.0
r0094_c0028,,,25341.0,19.0
r0094_c0029,,,20508.0,23.0
r0094_c0030,,,12045.0,11.0
r0094_c0038,,,,
r0094_c0039,,,11294.0,3.0
r0094_c0040,,,17487.0,13.0
r0094_c0041,,,37638.0,32.0
r0094_c0042,3.0,,17379.0,12.0
r0094_c0044,8.0,,39333.0,4.0
r0094_c0045,,,,
r0094_c0046,7.0,,49247.0,21.0
r0094_c0047,,,61267.0,60.0
r0094_c0048,,,96757.0,104.0
r0094_c0049,,,61725.0,62.0
r0094_c0050,,,70819.0,68.0
r0094_c0051,6.0,,53180.0,28.0
r0094_c0052,3.0,,74681.0,61.0
r0094_c0053,3.0,,59559.0,52.0
r0094_c0056,2.0,,45458.0,57.0
r0094_c0058,,,8732.0,3.0
r0094_c0059,,,,
r0094_c0060,,,3089.0,2.0
r0094_c0061,,,,
r0094_c0062,,,,
r0094_c0063,,,,
r0094_c0064,,,8503.0,3.0
r0094_c0065,3.0,,33180.0,9.0
r0094_c0068,2.0,,98760.0,12.0
r0094_c0069,2.0,,63196.0,35.0
r0094_c0070,1.8,,13476.0,14.0
r0094_c0071,1.8,,11666.0,15.0
r0094_c0072,1.8,,24172.0,24.0
r0094_c0073,2.0,,48006.0,59.0
r0094_c0076,,,38077.0,4.0
r0094_c0077,2.4,,5056.0,5.0
r0094_c0078,2.1,,32519.0,33.0
r0094_c0079,1.9,,31380.0,35.0
r0094_c0081,1.8,,36672.0,43.0
r0094_c0083,,,,
r0094_c0085,,,40450.0,41.0
r0094_c0086,,,41761.0,48.0
r0094_c0087,1.0,,62640.0,34.0
r0094_c0088,1.0,,48871.0,30.0
r0094_c0089,,,49948.0,44.0
r0094_c0090,2.0,,44894.0,27.0
r0094_c0091,1.0,,19617.0,10.0
r0095_c0011,,,27795.0,20.0
r0095_c0012,,,29523.0,28.0
r0095_c0013,,,26323.0,23.0
r0095_c0014,,,33232.0,3.0
r0095_c0015,,,18084.0,9.0
r0095_c0016,,,50030.0,27.0
r0095_c0017,,,23239.0,7.0
r0095_c0018,,,8498.0,1.0
r0095_c0019,,,62045.0,4.0
r0095_c0022,,,70686.0,5.0
r0095_c0023,,,70655.0,4.0
r0095_c0024,,,32975.0,2.0
r0095_c0025,,,17599.0,9.0
r0095_c0026,,,31252.0,19.0
r0095_c0027,3.0,,10958.0,8.0
r0095_c0028,,,,
r0095_c0029,6.0,,6868.0,2.0
r0095_c0031,7.0,,56335.0,4.0
r0095_c0032,,,13435.0,3.0
r0095_c0033,,,11572.0,3.0
r0095_c0035,,1810,24300.0,7.0
r0095_c0036,3.0,1829,4021.0,3.0
r0095_c0041,,,23119.0,15.0
r0095_c0042,,,30335.0,28.0
r0095_c0043,2.0,,30043.0,28.0
r0095_c0044,,,33022.0,28.0
r0095_c0045,,,32059.0,35.0
r0095_c0046,,,35810.0,43.0
r0095_c0047,,,47065.0,60.0
r0095_c0048,,,59574.0,62.0
r0095_c0049,,,67025.0,45.0
r0095_c0050,,,53189.0,31.0
r0095_c0051,4.0,,29706.0,25.0
r0095_c0052,4.3,,58076.0,19.0
r0095_c0053,,,51953.0,63.0
r0095_c0054,,,71997.0,93.0
r0095_c0055,2.0,,70201.0,82.0
r0095_c0056,2.0,,57322.0,62.0
r0095_c0057,2.0,,54453.0,61.0
r0095_c0058,,,11968.0,9.0
r0095_c0059,,,622.0,1.0
r0095_c0060,,,64907.0,3.0
r0095_c0061,,,,
r0095_c0062,,,41073.0,2.0
r0095_c0063,,,32029.0,4.0
r0095_c0064,,,27874.0,3.0
r0095_c0065,,,978.0,2.0
r0095_c0066,,,,
r0095_c0068,2.0,,71503.0,28.0
r0095_c0071,1.6,,35333.0,39.0
r0095_c0072,1.8,,38476.0,42.0
r0095_c0073,2.0,,37164.0,40.0
r0095_c0074,2.0,,19370.0,24.0
r0095_c0075,2.0,,1655.0,2.0
r0095_c0076,,,,
r0095_c0077,2.0,,28319.0,45.0
r0095_c0081,1.8,,38843.0,41.0
r0095_c0082,,,,
r0095_c0084,,,36681.0,31.0
r0095_c0085,,,34897.0,33.0
r0095_c0086,,,38507.0,40.0
r0095_c0088,2.0,,50158.0,40.0
r0095_c0089,,,50820.0,55.0
r0095_c0090,,,49221.0,52.0
r0095_c0091,,,34775.0,15.0
r0095_c0092,4.0,,43150.0,14.0
r0095_c0093,5.0,,89201.0,9.0
r0095_c0095,4.0,,40445.0,40.0
r0095_c0096,,,15960.0,19.0
r0095_c0097,,,,
r0095_c0098,,,,
r0096_c0011,,,27948.0,20.0
r0096_c0012,,,36396.0,24.0
r0096_c0013,,,37734.0,25.0
r0096_c0014,,,125.0,1.0
r0096_c0015,,,26771.0,15.0
r0096_c0016,,,39047.0,22.0
r0096_c0017,,,2077.0,1.0
r0096_c0018,,,,
r0096_c0022,,,23100.0,1.0
r0096_c0023,,,1580.0,1.0
r0096_c0024,,,10241.0,8.0
r0096_c0025,,,26285.0,19.0
r0096_c0026,,1845,32510.0,14.0
r0096_c0027,,,44155.0,5.0
r0096_c0028,,,25978.0,3.0
r0096_c0029,7.0,,161364.0,2.0
r0096_c0031,,,60027.0,61.0
r0096_c0032,,,30601.0,25.0
r0096_c0035,,,22707.0,6.0
r0096_c0036,,,,
r0096_c0037,,,,
r0096_c0039,,,29941.0,13.0
r0096_c0042,,,44034.0,40.0
r0096_c0043,,,56688.0,56.0
r0096_c0044,,,39153.0,30.0
r0096_c0045,2.0,,43334.0,32.0
r0096_c0046,2.0,,75633.0,71.0
r0096_c0047,,,34890.0,23.0
r0096_c0048,2.0,,98481.0,57.0
r0096_c0049,,,79384.0,10.0
r0096_c0050,,,87983.0,6.0
r0096_c0051,4.3,,58197.0,19.0
r0096_c0052,1.0,,69696.0,61.0
r0096_c0053,,,69285.0,82.0
r0096_c0054,,,66977.0,78.0
r0096_c0057,2.0,,57574.0,62.0
r0096_c0058,2.0,,23459.0,22.0
r0096_c0059,3.0,,42278.0,5.0
r0096_c0060,,,2936.0,2.0
r0096_c0061,,,,
r0096_c0063,2.0,,36530.0,36.0
r0096_c0064,,,34486.0,8.0
r0096_c0065,,,45394.0,8.0
r0096_c0066,,,,
r0096_c0068,2.0,,42560.0,55.0
r0096_c0069,2.0,,41696.0,13.0
r0096_c0070,2.0,,43975.0,68.0
r0096_c0071,2.0,,45908.0,65.0
r0096_c0073,2.0,,33999.0,43.0
r0096_c0074,2.0,,59760.0,34.0
r0096_c0075,2.0,,21163.0,29.0
r0096_c0076,1.8,,25680.0,11.0
r0096_c0077,1.8,,12057.0,13.0
r0096_c0078,1.7,,38545.0,51.0
r0096_c0080,2.1,,28395.0,46.0
r0096_c0082,,,14832.0,5.0
r0096_c0084,,,47518.0,36.0
r0096_c0085,,,33329.0,33.0
r0096_c0086,1.0,,39236.0,44.0
r0096_c0088,1.0,,42138.0,46.0
r0096_c0090,,,47279.0,47.0
r0096_c0092,,,48242.0,62.0
r0096_c0093,2.0,,45495.0,27.0
r0096_c0094,,,19693.0,14.0
r0096_c0095,,,47674.0,31.0
r0096_c0096,,,313.0,2.0
r0096_c0097,,,,
r0096_c0098,,,,
r0097_c0011,,,43597.0,27.0
r0097_c0012,,,32424.0,27.0
r0097_c0014,,,22911.0,31.0
r0097_c0015,,,19139.0,11.0
r0097_c0016,,,18027.0,18.0
r0097_c0017,,,25389.0,26.0
r0097_c0018,,,25383.0,17.0
r0097_c0019,,,9844.0,5.0
r0097_c0022,,,64113.0,57.0
r0097_c0023,,,52925.0,79.0
r0097_c0024,,,43561.0,65.0
r0097_c0025,,,53985.0,76.0
r0097_c0026,,,55920.0,16.0
r0097_c0027,,,67097.0,3.0
r0097_c0029,4.0,,38576.0,2.0
r0097_c0030,5.0,,49593.0,13.0
r0097_c0032,4.0,,51697.0,4.0
r0097_c0035,,,2052.0,3.0
r0097_c0036,1.0,,3771.0,2.0
r0097_c0037,,,,
r0097_c0038,,,,
r0097_c0039,,,10394.0,6.0
r0097_c0042,,,46119.0,50.0
r0097_c0043,,,43764.0,52.0
r0097_c0044,,,45847.0,48.0
r0097_c0045,,,43299.0,44.0
r0097_c0046,,,76392.0,96.0
r0097_c0047,,,22779.0,18.0
r0097_c0048,,,10155.0,1.0
r0097_c0049,,,,
r0097_c0050,3.0,,53915.0,5.0
r0097_c0051,,,34616.0,26.0
r0097_c0052,4.0,,65808.0,60.0
r0097_c0054,,,52523.0,41.0
r0097_c0057,2.0,,78908.0,101.0
r0097_c0058,2.0,,67156.0,63.0
r0097_c0060,,,15120.0,3.0
r0097_c0061,,,,
r0097_c0062,2.0,,46867.0,31.0
r0097_c0063,2.0,,46020.0,54.0
r0097_c0064,2.0,,45598.0,41.0
r0097_c0065,2.0,,13832.0,8.0
r0097_c0066,3.0,,72412.0,1.0
r0097_c0067,2.0,,22850.0,27.0
r0097_c0068,2.0,,40791.0,37.0
r0097_c0069,2.0,,56764.0,8.0
r0097_c0070,2.0,,34210.0,31.0
r0097_c0071,2.0,,16454.0,22.0
r0097_c0077,2.0,,24874.0,35.0
r0097_c0080,2.0,,37382.0,26.0
r0097_c0081,1.6,,8964.0,9.0
r0097_c0082,,,41578.0,11.0
r0097_c0083,,,46960.0,18.0
r0097_c0084,,,43433.0,31.0
r0097_c0086,1.6,,45402.0,53.0
r0097_c0087,,,39803.0,45.0
r0097_c0089,,,38570.0,42.0
r0097_c0090,,,40758.0,38.0
r0097_c0091,1.0,,24777.0,28.0
r0097_c0092,,,36671.0,47.0
r0097_c0093,,,78089.0,30.0
r0097_c0094,1.8,,34624.0,35.0
r0097_c0096,,,,
r0097_c0097,,,,
r0098_c0010,,,33250.0,18.0
r0098_c0011,,,84878.0,18.0
r0098_c0012,,,30495.0,23.0
r0098_c0013,,,50314.0,58.0
r0098_c0015,,,22631.0,21.0
r0098_c0016,,,16840.0,15.0
r0098_c0017,,,41426.0,33.0
r0098_c0018,,,25223.0,16.0
r0098_c0019,,,21724.0,8.0
r0098_c0022,,,62311.0,71.0
r0098_c0023,,,58923.0,71.0
r0098_c0024,,,48293.0,56.0
r0098_c0025,,,49814.0,56.0
r0098_c0026,,,31402.0,5.0
r0098_c0027,,,15851.0,2.0
r0098_c0028,4.5,,94661.0,5.0
r0098_c0029,5.5,,66974.0,6.0
r0098_c0031,11.5,,76256.0,4.0
r0098_c0032,,,,
r0098_c0033,,,18750.0,2.0
r0098_c0034,,,12104.0,7.0
r0098_c0035,2.5,,20154.0,5.0
r0098_c0036,1.0,,18224.0,4.0
r0098_c0037,,,,
r0098_c0038,,,,
r0098_c0039,,,,
r0098_c0040,,,31395.0,15.0
r0098_c0043,,,50096.0,47.0
r0098_c0044,,,85979.0,85.0
r0098_c0045,,,63155.0,38.0
r0098_c0046,,,75035.0,79.0
r0098_c0047,,,54273.0,36.0
r0098_c0048,,,49988.0,4.0
r0098_c0049,,,,
r0098_c0050,,,60216.0,64.0
r0098_c0051,,,59625.0,58.0
r0098_c0052,,,42340.0,50.0
r0098_c0053,,,30337.0,33.0
r0098_c0057,2.0,,62236.0,83.0
r0098_c0058,2.0,,62505.0,37.0
r0098_c0059,2.0,,14906.0,19.0
r0098_c0060,,,4423.0,3.0
r0098_c0061,,,1140.0,1.0
r0098_c0062,2.0,,57582.0,22.0
r0098_c0063,2.0,,42481.0,54.0
r0098_c0064,2.0,,18200.0,23.0
r0098_c0065,,,1657.0,3.0
r0098_c0066,2.0,,2763.0,1.0
r0098_c0067,2.0,,43477.0,53.0
r0098_c0068,2.0,,22143.0,27.0
r0098_c0069,,,,
r0098_c0070,,,28022.0,1.0
r0098_c0071,3.0,,187743.0,3.0
r0098_c0073,2.0,,43899.0,63.0
r0098_c0074,2.0,,23786.0,32.0
r0098_c0075,2.0,,16053.0,24.0
r0098_c0077,2.0,,24011.0,35.0
r0098_c0079,1.6,,39985.0,40.0
r0098_c0080,2.0,,22632.0,22.0
r0098_c0081,,,17336.0,11.0
r0098_c0082,1.0,,66314.0,7.0
r0098_c0083,,,28734.0,15.0
r0098_c0084,,,49098.0,39.0
r0098_c0085,,,36872.0,56.0
r0098_c0086,2.0,,49258.0,52.0
r0098_c0087,,,42475.0,48.0
r0098_c0089,,,31357.0,42.0
r0098_c0091,,,30172.0,38.0
r0098_c0092,,,30340.0,41.0
r0098_c0093,,,46735.0,41.0
r0098_c0095,,,42189.0,34.0
r0098_c0096,,,29635.0,2.0
r0098_c0097,,,,
r0098_c0098,,,819.0,1.0
r0099_c0010,,,44637.0,5.0
r0099_c0011,,,3641.0,1.0
r0099_c0012,,,37595.0,27.0
r0099_c0013,,,41405.0,61.0
r0099_c0015,,,34358.0,51.0
r0099_c0016,,,40733.0,56.0
r0099_c0017,,,29371.0,43.0
r0099_c0018,,,23195.0,18.0
r0099_c0019,,,70015.0,3.0
r0099_c0022,,,44885.0,59.0
r0099_c0023,,,35964.0,48.0
r0099_c0024,,,46344.0,48.0
r0099_c0025,,,37385.0,43.0
r0099_c0027,3.0,,67793.0,4.0
r0099_c0028,4.0,,63140.0,6.0
r0099_c0029,6.5,,39614.0,3.0
r0099_c0030,,,,
r0099_c0033,,,613.0,1.0
r0099_c0034,,,38046.0,12.0
r0099_c0035,,,4399.0,2.0
r0099_c0036,,,1039.0,1.0
r0099_c0037,,,,
r0099_c0038,,,,
r0099_c0039,,,,
r0099_c0040,,,3277.0,2.0
r0099_c0042,,,31696.0,20.0
r0099_c0044,,,51580.0,41.0
r0099_c0045,,,48575.0,29.0
r0099_c0046,,,77337.0,83.0
r0099_c0047,,,51686.0,32.0
r0099_c0048,,,61463.0,70.0
r0099_c0049,1.9,,56675.0,58.0
r0099_c0050,2.0,,74198.0,72.0
r0099_c0051,2.0,,49585.0,46.0
r0099_c0052,1.8,,42505.0,38.0
r0099_c0053,,,61671.0,19.0
r0099_c0055,2.0,,57505.0,73.0
r0099_c0056,2.0,,66817.0,76.0
r0099_c0057,2.0,,26423.0,20.0
r0099_c0058,,,30552.0,2.0
r0099_c0059,,,852.0,4.0
r0099_c0060,,,1760.0,11.0
r0099_c0061,,,,
r0099_c0062,2.0,,56543.0,18.0
r0099_c0063,,,23939.0,4.0
r0099_c0064,1.5,,3455.0,3.0
r0099_c0065,,,,
r0099_c0066,2.0,,3043.0,5.0
r0099_c0067,2.0,,44929.0,61.0
r0099_c0069,,,21172.0,1.0
r0099_c0070,,,13092.0,1.0
r0099_c0071,2.0,,11029.0,16.0
r0099_c0073,2.0,,34022.0,46.0
r0099_c0074,2.0,,66178.0,19.0
r0099_c0075,,,1443.0,1.0
r0099_c0076,2.0,,9514.0,14.0
r0099_c0077,1.9,,36350.0,48.0
r0099_c0078,1.7,,28317.0,13.0
r0099_c0079,1.8,,42585.0,19.0
r0099_c0080,,,35846.0,50.0
r0099_c0081,,,46658.0,44.0
r0099_c0083,,,41969.0,26.0
r0099_c0084,,,38159.0,22.0
r0099_c0085,,,25169.0,40.0
r0099_c0088,,,21689.0,39.0
r0099_c0090,,,37443.0,46.0
r0099_c0091,,,36051.0,43.0
r0099_c0092,,,24967.0,41.0
r0099_c0093,,,34696.0,43.0
r0099_c0095,,,11497.0,17.0
r0099_c0096,,,,
r0099_c0097,,,,
r0100_c0007,,,26038.0,11.0
r0100_c0009,,,29187.0,24.0
r0100_c0010,,,36529.0,41.0
r0100_c0011,,,43783.0,52.0
r0100_c0012,,,43370.0,47.0
r0100_c0013,,,55353.0,69.0
r0100_c0014,,,44504.0,68.0
r0100_c0015,,,39885.0,47.0
r0100_c0016,,,42375.0,51.0
r0100_c0017,,,43709.0,53.0
r0100_c0018,,,37665.0,46.0
r0100_c0019,,,61341.0,13.0
r0100_c0020,,,69537.0,10.0
r0100_c0022,,,59523.0,61.0
r0100_c0023,,,42425.0,40.0
r0100_c0024,,,42123.0,47.0
r0100_c0025,,,53189.0,29.0
r0100_c0026,2.0,,56063.0,42.0
r0100_c0027,,,48937.0,53.0
r0100_c0028,5.0,,112886.0,13.0
r0100_c0029,,,3076.0,2.0
r0100_c0030,,,16846.0,8.0
r0100_c0031,2.0,,27880.0,11.0
r0100_c0032,2.0,,34173.0,18.0
r0100_c0033,2.0,,26530.0,12.0
r0100_c0034,,,5806.0,5.0
r0100_c0035,,,621.0,3.0
r0100_c0036,,,,
r0100_c0037,,,,
r0100_c0038,,,,
r0100_c0039,,,,
r0100_c0040,,,,
r0100_c0041,,,10416.0,7.0
r0100_c0042,,,41958.0,23.0
r0100_c0044,,,35649.0,31.0
r0100_c0045,,,59476.0,54.0
r0100_c0046,,,90975.0,84.0
r0100_c0047,,,38322.0,35.0
r0100_c0048,,,11103.0,10.0
r0100_c0049,2.2,,37431.0,29.0
r0100_c0050,2.2,,45921.0,45.0
r0100_c0051,2.0,,69160.0,88.0
r0100_c0052,2.0,,65700.0,80.0
r0100_c0053,2.0,,21591.0,25.0
r0100_c0055,2.0,,47524.0,70.0
r0100_c0056,2.0,,47738.0,54.0
r0100_c0058,2.0,,4170.0,27.0
r0100_c0059,,,6662.0,10.0
r0100_c0060,2.0,,94.0,1.0
r0100_c0061,2.0,,42599.0,50.0
r0100_c0062,2.0,,43877.0,65.0
r0100_c0063,,,,
r0100_c0064,,,46945.0,2.0
r0100_c0065,,,12497.0,8.0
r0100_c0066,2.0,,13415.0,17.0
r0100_c0069,2.0,,51960.0,76.0
r0100_c0070,2.0,,49967.0,81.0
r0100_c0071,2.0,,39520.0,64.0
r0100_c0072,2.0,,41316.0,56.0
r0100_c0074,,,496.0,1.0
r0100_c0075,,,,
r0100_c0076,2.0,,44292.0,63.0
r0100_c0077,2.0,,36966.0,50.0
r0100_c0078,2.0,,16064.0,21.0
r0100_c0080,,,34036.0,38.0
r0100_c0081,,,26685.0,26.0
r0100_c0084,,,41238.0,20.0
r0100_c0086,,,31185.0,38.0
r0100_c0087,,,19188.0,26.0
r0100_c0088,,,83333.0,18.0
r0100_c0089,,,26372.0,20.0
r0100_c0090,,,35057.0,54.0
r0100_c0091,,,41180.0,54.0
r0100_c0092,,,34304.0,52.0
r0100_c0095,,,2637.0,10.0
r0101_c0006,,,36763.0,20.0
r0101_c0007,,,13631.0,5.0
r0101_c0009,,,43914.0,43.0
r0101_c0010,,,36510.0,38.0
r0101_c0011,,,36936.0,36.0
r0101_c0012,,,34880.0,36.0
r0101_c0013,,,39050.0,37.0
r0101_c0014,,,31798.0,26.0
r0101_c0015,,,44289.0,51.0
r0101_c0016,,,34923.0,43.0
r0101_c0017,,,38020.0,40.0
r0101_c0018,,,27151.0,15.0
r0101_c0019,,,24014.0,5.0
r0101_c0020,,,94054.0,16.0
r0101_c0021,,,10673.0,6.0
r0101_c0023,,,37852.0,42.0
r0101_c0024,,,33139.0,35.0
r0101_c0025,,,40228.0,28.0
r0101_c0026,,,32544.0,25.0
r0101_c0027,6.5,,49909.0,17.0
r0101_c0028,8.5,,47882.0,3.0
r0101_c0029,,,23970.0,12.0
r0101_c0030,,,24482.0,19.0
r0101_c0031,,,27400.0,18.0
r0101_c0032,2.0,,28906.0,15.0
r0101_c0033,,,31587.0,15.0
r0101_c0034,,,32373.0,19.0
r0101_c0035,,,17200.0,5.0
r0101_c0036,,,,
r0101_c0037,,,,
r0101_c0038,,,,
r0101_c0039,,,,
r0101_c0045,2.0,,44400.0,17.0
r0101_c0046,2.3,,65182.0,55.0
r0101_c0047,2.3,,37074.0,28.0
r0101_c0048,2.2,,44468.0,43.0
r0101_c0049,2.2,,44140.0,38.0
r0101_c0050,2.3,,65564.0,52.0
r0101_c0051,2.0,,61346.0,86.0
r0101_c0052,2.0,,75290.0,98.0
r0101_c0053,2.0,,42452.0,47.0
r0101_c0058,2.0,,1218.0,7.0
r0101_c0059,2.0,,2976.0,14.0
r0101_c0060,2.0,,778.0,4.0
r0101_c0061,2.0,,32398.0,50.0
r0101_c0064,,,162.0,1.0
r0101_c0065,,,338.0,3.0
r0101_c0066,2.0,,120065.0,5.0
r0101_c0068,2.0,,53869.0,92.0
r0101_c0070,2.0,,27709.0,31.0
r0101_c0071,1.9,,35942.0,56.0
r0101_c0072,1.9,,17254.0,27.0
r0101_c0073,2.0,,13042.0,4.0
r0101_c0074,,,12438.0,4.0
r0101_c0075,,,,
r0101_c0076,2.0,,41366.0,54.0
r0101_c0077,2.0,,13046.0,21.0
r0101_c0078,,,,
r0101_c0079,,,30453.0,38.0
r0101_c0084,,,30647.0,16.0
r0101_c0085,,,41684.0,10.0
r0101_c0086,1.5,,10355.0,10.0
r0101_c0087,1.0,,8335.0,5.0
r0101_c0088,,,23982.0,27.0
r0101_c0090,,,15588.0,22.0
r0101_c0091,,,24734.0,32.0
r0101_c0092,,,14608.0,24.0
r0101_c0093,,,,
r0101_c0094,,,,
r0101_c0095,,,18780.0,21.0
r0102_c0006,,,24823.0,15.0
r0102_c0008,,,26016.0,24.0
r0102_c0009,,,36271.0,46.0
r0102_c0010,,,36532.0,47.0
r0102_c0011,,,41738.0,41.0
r0102_c0012,,,37599.0,46.0
r0102_c0013,,,38747.0,41.0
r0102_c0014,,,33253.0,47.0
r0102_c0015,,,32420.0,40.0
r0102_c0016,,,34874.0,50.0
r0102_c0017,,,41598.0,48.0
r0102_c0018,,,60083.0,44.0
r0102_c0019,,,51497.0,28.0
r0102_c0020,,,70686.0,13.0
r0102_c0021,,,9922.0,1.0
r0102_c0023,,,41341.0,39.0
r0102_c0024,,,33317.0,31.0
r0102_c0025,2.0,,30963.0,25.0
r0102_c0026,2.0,,28297.0,22.0
r0102_c0027,6.3,,52454.0,7.0
r0102_c0028,9.0,,60606.0,3.0
r0102_c0029,1.0,,26514.0,9.0
r0102_c0030,,,38734.0,25.0
r0102_c0031,,,30443.0,21.0
r0102_c0032,2.0,,30126.0,20.0
r0102_c0033,,,35468.0,21.0
r0102_c0034,,,23707.0,17.0
r0102_c0035,,,33683.0,16.0
r0102_c0036,,,,
r0102_c0037,,,,
r0102_c0038,,,,
r0102_c0040,,,,
r0102_c0043,,,17117.0,16.0
r0102_c0044,,,40368.0,23.0
r0102_c0045,2.7,,51305.0,33.0
r0102_c0046,2.3,,46561.0,38.0
r0102_c0047,2.3,,48931.0,36.0
r0102_c0048,2.2,,56260.0,52.0
r0102_c0049,2.2,,34216.0,31.0
r0102_c0050,2.2,,76026.0,50.0
r0102_c0051,2.0,,71289.0,87.0
r0102_c0052,2.0,,61511.0,69.0
r0102_c0053,2.0,,74527.0,100.0
r0102_c0055,2.0,,71271.0,81.0
r0102_c0056,2.0,,80790.0,72.0
r0102_c0057,2.1,,61319.0,46.0
r0102_c0058,2.0,,38955.0,35.0
r0102_c0063,,,,
r0102_c0065,2.0,,5900.0,10.0
r0102_c0066,2.0,,44196.0,31.0
r0102_c0071,1.9,,41174.0,80.0
r0102_c0072,1.8,,51616.0,71.0
r0102_c0073,2.0,,43524.0,79.0
r0102_c0074,2.0,,19885.0,6.0
r0102_c0075,1.9,,20739.0,28.0
r0102_c0076,2.0,,11236.0,19.0
r0102_c0077,,,2053.0,2.0
r0102_c0078,,,19733.0,1.0
r0102_c0079,,,35328.0,40.0
r0102_c0080,,,34889.0,45.0
r0102_c0081,,,31608.0,39.0
r0102_c0082,,,981.0,2.0
r0102_c0084,,,8244.0,2.0
r0102_c0085,,,32150.0,15.0
r0102_c0086,,,48218.0,26.0
r0102_c0087,,,28918.0,13.0
r0102_c0088,,,51984.0,21.0
r0102_c0089,,,2715.0,3.0
r0102_c0090,,,5011.0,7.0
r0102_c0093,,,,
r0102_c0094,,,,
r0103_c0006,,,23070.0,14.0
r0103_c0007,,,34697.0,13.0
r0103_c0008,,,37858.0,27.0
r0103_c0009,,,30320.0,24.0
r0103_c0010,,,34858.0,46.0
r0103_c0011,,,41447.0,38.0
r0103_c0012,,,40079.0,44.0
r0103_c0013,,,43274.0,52.0
r0103_c0014,,,34791.0,45.0
r0103_c0015,,,38692.0,50.0
r0103_c0016,,,40922.0,60.0
r0103_c0017,,,41637.0,52.0
r0103_c0018,,,26480.0,28.0
r0103_c0019,4.0,,63940.0,29.0
r0103_c0020,,,8422.0,7.0
r0103_c0021,,,,
r0103_c0022,,,,
r0103_c0023,,,29291.0,21.0
r0103_c0024,,,39309.0,29.0
r0103_c0025,,,40894.0,36.0
r0103_c0026,,,54973.0,26.0
r0103_c0027,7.0,,76296.0,4.0
r0103_c0028,,,29968.0,17.0
r0103_c0029,,,22953.0,14.0
r0103_c0030,,,43057.0,22.0
r0103_c0031,,,34263.0,21.0
r0103_c0032,,,32532.0,16.0
r0103_c0033,,,28132.0,14.0
r0103_c0034,,,23744.0,12.0
r0103_c0036,,,,
r0103_c0037,,,,
r0103_c0040,,,,
r0103_c0041,,,3404.0,2.0
r0103_c0044,,,27748.0,18.0
r0103_c0045,2.3,,31948.0,24.0
r0103_c0046,2.8,,6805.0,3.0
r0103_c0047,2.0,,73394.0,20.0
r0103_c0048,2.1,,41118.0,37.0
r0103_c0049,2.2,,54809.0,48.0
r0103_c0050,2.3,,61382.0,32.0
r0103_c0051,2.0,,73569.0,76.0
r0103_c0054,2.0,,58173.0,81.0
r0103_c0055,2.0,,74730.0,88.0
r0103_c0056,2.0,,64111.0,95.0
r0103_c0057,2.1,,50725.0,49.0
r0103_c0058,2.1,,42364.0,39.0
r0103_c0059,2.0,,45091.0,22.0
r0103_c0065,,,33876.0,5.0
r0103_c0066,,,40736.0,7.0
r0103_c0069,2.0,,45067.0,77.0
r0103_c0071,1.9,,41444.0,89.0
r0103_c0072,1.9,,54934.0,109.0
r0103_c0073,2.0,,56730.0,112.0
r0103_c0074,2.0,,19317.0,41.0
r0103_c0075,2.0,,4364.0,4.0
r0103_c0076,,,31148.0,6.0
r0103_c0077,,,13244.0,1.0
r0103_c0078,,,587.0,1.0
r0103_c0079,,,25304.0,31.0
r0103_c0080,,,9276.0,11.0
r0103_c0081,,,,
r0103_c0082,,,,
r0103_c0083,,,11512.0,8.0
r0103_c0084,1.0,,136933.0,2.0
r0103_c0085,1.0,,40560.0,9.0
r0103_c0087,,,54002.0,23.0
r0103_c0088,,,17752.0,8.0
r0103_c0089,,,24439.0,32.0
r0103_c0090,,,33520.0,49.0
r0103_c0091,,,23848.0,33.0
r0103_c0093,,,1020.0,1.0
r0104_c0005,,,42609.0,23.0
r0104_c0006,,,40879.0,16.0
r0104_c0007,,,30706.0,20.0
r0104_c0008,,,26995.0,22.0
r0104_c0009,,,42664.0,34.0
r0104_c0010,,,34610.0,28.0
r0104_c0011,,,34653.0,45.0
r0104_c0012,,,42983.0,52.0
r0104_c0013,,,42967.0,53.0
r0104_c0014,,,35110.0,44.0
r0104_c0015,,,40341.0,49.0
r0104_c0016,,,35600.0,42.0
r0104_c0017,,,24944.0,30.0
r0104_c0018,4.0,,73798.0,7.0
r0104_c0019,,,61577.0,25.0
r0104_c0020,,,13434.0,18.0
r0104_c0021,,,8847.0,8.0
r0104_c0022,,,,
r0104_c0023,,,3605.0,4.0
r0104_c0024,,,19816.0,14.0
r0104_c0025,,,61498.0,8.0
r0104_c0026,6.4,,68245.0,10.0
r0104_c0027,9.0,,54221.0,7.0
r0104_c0028,,,46360.0,22.0
r0104_c0029,,,33215.0,12.0
r0104_c0030,,,32756.0,16.0
r0104_c0031,,,36157.0,20.0
r0104_c0032,,,34694.0,15.0
r0104_c0033,,,31645.0,13.0
r0104_c0034,,,17354.0,8.0
r0104_c0036,,,,
r0104_c0037,,,,
r0104_c0041,,,,
r0104_c0043,,,,
r0104_c0044,,,,
r0104_c0045,1.8,,26316.0,17.0
r0104_c0046,2.3,,43174.0,27.0
r0104_c0047,2.0,,48283.0,41.0
r0104_c0048,2.0,,28031.0,26.0
r0104_c0049,2.0,,42580.0,39.0
r0104_c0050,2.1,,53806.0,32.0
r0104_c0051,2.0,,42687.0,39.0
r0104_c0052,2.0,,54523.0,77.0
r0104_c0053,2.0,,61123.0,92.0
r0104_c0056,2.0,,65344.0,61.0
r0104_c0057,2.0,,58198.0,79.0
r0104_c0058,2.0,,66415.0,47.0
r0104_c0060,2.0,,65234.0,104.0
r0104_c0071,2.0,,17195.0,30.0
r0104_c0072,2.0,,25092.0,42.0
r0104_c0073,2.0,,17731.0,27.0
r0104_c0074,1.7,,4999.0,4.0
r0104_c0075,,,22151.0,1.0
r0104_c0076,,,21284.0,5.0
r0104_c0077,,,42680.0,3.0
r0104_c0078,,,21725.0,5.0
r0104_c0079,,,26243.0,36.0
r0104_c0080,,,23014.0,32.0
r0104_c0081,,,13652.0,18.0
r0104_c0082,,,,
r0104_c0083,,,40437.0,6.0
r0104_c0084,,,30257.0,7.0
r0104_c0085,,,13080.0,4.0
r0104_c0086,,,21011.0,11.0
r0104_c0087,,,29827.0,13.0
r0104_c0088,,,19881.0,4.0
r0104_c0089,,,40378.0,65.0
r0104_c0090,,,34975.0,64.0
r0104_c0091,,,34256.0,27.0
r0104_c0092,,,56762.0,25.0
r0105_c0006,,,24057.0,10.0
r0105_c0007,,,39503.0,30.0
r0105_c0008,,,30374.0,24.0
r0105_c0009,,,41210.0,31.0
r0105_c0010,,,42896.0,38.0
r0105_c0011,,,28871.0,28.0
r0105_c0012,,,36401.0,46.0
r0105_c0013,,,42869.0,47.0
r0105_c0014,,,28616.0,37.0
r0105_c0015,,,28409.0,26.0
r0105_c0016,,,41686.0,52.0
r0105_c0017,,,53771.0,58.0
r0105_c0018,,,56165.0,46.0
r0105_c0019,,,53883.0,59.0
r0105_c0020,,,23796.0,29.0
r0105_c0021,,,12369.0,6.0
r0105_c0022,,,172.0,1.0
r0105_c0024,,,16006.0,12.0
r0105_c0025,,,57113.0,39.0
r0105_c0026,,,1996.0,1.0
r0105_c0027,,,16815.0,10.0
r0105_c0028,,,31034.0,11.0
r0105_c0029,,,23188.0,11.0
r0105_c0030,,,33838.0,23.0
r0105_c0031,,,43986.0,16.0
r0105_c0032,,,41506.0,20.0
r0105_c0033,,,16658.0,8.0
r0105_c0034,,,,
r0105_c0035,,,,
r0105_c0036,,,,
r0105_c0037,,,,
r0105_c0043,,,2472.0,6.0
r0105_c0044,,,,
r0105_c0045,2.6,,34458.0,26.0
r0105_c0046,2.1,,40008.0,37.0
r0105_c0047,2.1,,46367.0,49.0
r0105_c0048,2.0,,60343.0,67.0
r0105_c0049,2.0,,48993.0,60.0
r0105_c0050,2.1,,67744.0,54.0
r0105_c0051,2.0,,52020.0,40.0
r0105_c0052,2.0,,54107.0,62.0
r0105_c0053,2.0,,64346.0,105.0
r0105_c0054,2.0,,53996.0,89.0
r0105_c0055,2.0,,65332.0,91.0
r0105_c0056,2.0,,48099.0,53.0
r0105_c0057,,,11924.0,1.0
r0105_c0058,2.0,,39715.0,58.0
r0105_c0059,2.0,,53695.0,78.0
r0105_c0071,2.0,,25541.0,40.0
r0105_c0072,2.0,,45268.0,37.0
r0105_c0074,,,5415.0,10.0
r0105_c0075,,,19313.0,36.0
r0105_c0076,,,47388.0,12.0
r0105_c0077,,,49164.0,12.0
r0105_c0078,,,14585.0,12.0
r0105_c0079,,,16434.0,27.0
r0105_c0080,,,17741.0,15.0
r0105_c0081,,,19250.0,12.0
r0105_c0082,4.0,,21946.0,1.0
r0105_c0083,,,3366.0,1.0
r0105_c0084,,,,
r0105_c0085,,,8903.0,3.0
r0105_c0086,,,,
r0105_c0087,,,,
r0105_c0088,,,2170.0,2.0
r0105_c0089,,,48207.0,12.0
r0105_c0090,,,30862.0,34.0
r0105_c0091,,,31037.0,34.0
r0106_c0004,,,30761.0,12.0
r0106_c0005,,,19744.0,9.0
r0106_c0006,,,27384.0,20.0
r0106_c0007,,,32937.0,26.0
r0106_c0008,,,43084.0,27.0
r0106_c0009,,,39376.0,24.0
r0106_c0010,,,38745.0,33.0
r0106_c0011,,,43435.0,34.0
r0106_c0012,,,12683.0,8.0
r0106_c0013,,,5169.0,5.0
r0106_c0014,,,31955.0,35.0
r0106_c0015,,,43259.0,49.0
r0106_c0016,,,43730.0,52.0
r0106_c0017,,,33423.0,28.0
r0106_c0018,,,57778.0,19.0
r0106_c0020,,,42328.0,47.0
r0106_c0021,,,27682.0,16.0
r0106_c0022,,,42077.0,31.0
r0106_c0023,,,29429.0,26.0
r0106_c0024,,,27197.0,25.0
r0106_c0025,,,41304.0,39.0
r0106_c0026,,,39185.0,26.0
r0106_c0027,,,36517.0,32.0
r0106_c0028,,,21481.0,10.0
r0106_c0029,,,23922.0,9.0
r0106_c0030,,,14991.0,12.0
r0106_c0031,,,,
r0106_c0032,,,23439.0,5.0
r0106_c0033,,,,
r0106_c0034,,,,
r0106_c0035,,,,
r0106_c0036,,,,
r0106_c0037,,,1981.0,2.0
r0106_c0038,,,,
r0106_c0039,,,,
r0106_c0040,,,,
r0106_c0043,,,1170.0,2.0
r0106_c0044,,,,
r0106_c0045,,,29762.0,24.0
r0106_c0046,2.3,,56411.0,25.0
r0106_c0047,2.1,,39251.0,47.0
r0106_c0048,2.0,,46085.0,59.0
r0106_c0049,2.0,,57097.0,74.0
r0106_c0050,1.9,,68924.0,69.0
r0106_c0051,2.0,,53966.0,60.0
r0106_c0052,2.0,,76027.0,48.0
r0106_c0053,2.0,,59065.0,62.0
r0106_c0054,2.0,,76073.0,103.0
r0106_c0055,2.0,,67435.0,92.0
r0106_c0056,2.0,,64602.0,81.0
r0106_c0057,2.0,,62721.0,112.0
r0106_c0058,2.0,,68221.0,115.0
r0106_c0059,2.0,,56195.0,83.0
r0106_c0063,,,28940.0,7.0
r0106_c0065,,,48241.0,2.0
r0106_c0071,1.9,,43398.0,51.0
r0106_c0074,,,32260.0,37.0
r0106_c0075,,,38055.0,59.0
r0106_c0076,,,12791.0,17.0
r0106_c0077,,,22465.0,26.0
r0106_c0078,,,29859.0,64.0
r0106_c0079,,,,
r0106_c0080,,,,
r0106_c0081,,,5134.0,2.0
r0106_c0082,,,5941.0,8.0
r0106_c0083,,,9074.0,2.0
r0106_c0084,,,17935.0,4.0
r0106_c0085,,,14318.0,5.0
r0106_c0086,,,36504.0,6.0
r0106_c0087,,,7987.0,3.0
r0106_c0088,,,31069.0,10.0
r0106_c0089,,,23964.0,27.0
r0106_c0090,,,25533.0,37.0
r0106_c0091,,,37545.0,49.0
r0107_c0005,,,35579.0,21.0
r0107_c0006,,,23537.0,19.0
r0107_c0007,,,35428.0,24.0
r0107_c0008,,,30307.0,23.0
r0107_c0009,,,37288.0,24.0
r0107_c0010,,,37511.0,27.0
r0107_c0011,,,37242.0,27.0
r0107_c0012,,,34242.0,26.0
r0107_c0013,,,10353.0,8.0
r0107_c0014,,,31036.0,47.0
r0107_c0015,,,35337.0,45.0
r0107_c0017,,,32091.0,4.0
r0107_c0019,,,38254.0,34.0
r0107_c0020,,,30864.0,29.0
r0107_c0021,,,27461.0,13.0
r0107_c0022,,,54418.0,36.0
r0107_c0024,,,33048.0,32.0
r0107_c0025,,,64710.0,26.0
r0107_c0026,,,20180.0,18.0
r0107_c0027,,,43554.0,24.0
r0107_c0028,,,39787.0,25.0
r0107_c0029,,,25290.0,14.0
r0107_c0030,,,1436.0,1.0
r0107_c0031,,,6734.0,1.0
r0107_c0032,,,,
r0107_c0033,,,,
r0107_c0034,,,,
r0107_c0035,,,,
r0107_c0036,,,,
r0107_c0037,,,25061.0,6.0
r0107_c0038,,,1886.0,1.0
r0107_c0039,,,,
r0107_c0040,,,,
r0107_c0044,,,7030.0,5.0
r0107_c0045,2.0,,48779.0,32.0
r0107_c0047,2.4,,65239.0,39.0
r0107_c0048,2.0,,61126.0,74.0
r0107_c0049,2.0,,80951.0,83.0
r0107_c0050,2.0,,60603.0,46.0
r0107_c0051,2.0,,72773.0,65.0
r0107_c0052,2.1,,101976.0,58.0
r0107_c0053,2.1,,56958.0,60.0
r0107_c0054,2.1,,67567.0,46.0
r0107_c0055,2.0,,59129.0,57.0
r0107_c0056,2.0,,62501.0,68.0
r0107_c0057,2.0,,48528.0,57.0
r0107_c0058,2.0,,65845.0,51.0
r0107_c0059,1.9,,67864.0,30.0
r0107_c0063,,,,
r0107_c0065,,,18127.0,16.0
r0107_c0075,,,7634.0,10.0
r0107_c0077,,,13151.0,8.0
r0107_c0078,,,10046.0,18.0
r0107_c0079,,,,
r0107_c0080,,,,
r0107_c0081,,,1522.0,2.0
r0107_c0083,,,112378.0,35.0
r0107_c0084,,,868.0,7.0
r0107_c0085,1.0,,15833.0,14.0
r0107_c0086,,,42743.0,40.0
r0107_c0087,1.0,,27114.0,14.0
r0107_c0090,,,33653.0,49.0
r0108_c0005,,,33390.0,21.0
r0108_c0006,,,25039.0,17.0
r0108_c0007,,,18458.0,10.0
r0108_c0009,,,34275.0,28.0
r0108_c0010,,,39357.0,25.0
r0108_c0011,,,41322.0,29.0
r0108_c0012,,,20285.0,15.0
r0108_c0013,,,38551.0,27.0
r0108_c0014,,,45935.0,42.0
r0108_c0015,,,16279.0,25.0
r0108_c0016,,,136301.0,25.0
r0108_c0017,,,31836.0,16.0
r0108_c0018,5.0,,71953.0,50.0
r0108_c0019,,,59437.0,56.0
r0108_c0021,,,55312.0,36.0
r0108_c0022,,,38051.0,21.0
r0108_c0023,,,36712.0,28.0
r0108_c0024,,,56863.0,44.0
r0108_c0025,,,52167.0,42.0
r0108_c0026,,,51690.0,65.0
r0108_c0027,,,19654.0,22.0
r0108_c0028,,,20572.0,11.0
r0108_c0029,,,8602.0,6.0
r0108_c0030,,,3126.0,2.0
r0108_c0031,,,7906.0,3.0
r0108_c0032,,,2350.0,1.0
r0108_c0033,,,19572.0,10.0
r0108_c0034,,,,
r0108_c0035,,,,
r0108_c0036,,,15803.0,3.0
r0108_c0037,,,15451.0,1.0
r0108_c0038,,,,
r0108_c0039,,,,
r0108_c0047,4.0,,40136.0,25.0
r0108_c0048,4.0,,60489.0,37.0
r0108_c0049,2.5,,42860.0,13.0
r0108_c0050,1.8,,61683.0,15.0
r0108_c0051,2.0,,56433.0,66.0
r0108_c0052,2.0,,64474.0,52.0
r0108_c0053,2.0,,68710.0,73.0
r0108_c0054,2.0,,63808.0,60.0
r0108_c0055,2.0,,43431.0,52.0
r0108_c0056,2.0,,45071.0,47.0
r0108_c0057,2.0,,64039.0,77.0
r0108_c0058,2.0,,66699.0,80.0
r0108_c0059,2.0,,66438.0,70.0
r0108_c0060,2.0,,42358.0,50.0
r0108_c0065,,,20231.0,7.0
r0108_c0070,,,25770.0,37.0
r0108_c0073,,,24216.0,23.0
r0108_c0074,,,5441.0,4.0
r0108_c0075,,,37470.0,8.0
r0108_c0076,,,29977.0,13.0
r0108_c0077,,,54245.0,25.0
r0108_c0078,,,24930.0,12.0
r0108_c0079,,,,
r0108_c0080,,,,
r0108_c0081,,,555.0,1.0
r0108_c0083,1.7,,45329.0,42.0
r0108_c0084,,,47141.0,2.0
r0108_c0085,1.0,,35954.0,48.0
r0108_c0086,,,49270.0,71.0
r0108_c0087,,,37360.0,60.0
r0108_c0089,,,32550.0,23.0
r0109_c0008,,,29924.0,28.0
r0109_c0010,,,47237.0,32.0
r0109_c0011,,,27331.0,20.0
r0109_c0012,,,45714.0,23.0
r0109_c0013,,,33055.0,22.0
r0109_c0014,,,28983.0,19.0
r0109_c0015,,,81521.0,2.0
r0109_c0016,4.0,,21481.0,2.0
r0109_c0017,6.5,,119560.0,12.0
r0109_c0018,,,41461.0,56.0
r0109_c0020,,,52566.0,48.0
r0109_c0021,,,37052.0,23.0
r0109_c0022,,,56290.0,47.0
r0109_c0023,,,55014.0,46.0
r0109_c0024,,,58151.0,43.0
r0109_c0025,,,62212.0,66.0
r0109_c0026,,,50119.0,53.0
r0109_c0027,,,28487.0,32.0
r0109_c0028,,,27587.0,31.0
r0109_c0029,,,20846.0,4.0
r0109_c0030,,,49834.0,5.0
r0109_c0031,,,27310.0,4.0
r0109_c0032,,,34121.0,43.0
r0109_c0033,,,33678.0,29.0
r0109_c0034,,,,
r0109_c0035,,,1264.0,1.0
r0109_c0036,,,,
r0109_c0043,,,,
r0109_c0044,,,50072.0,60.0
r0109_c0045,2.0,,48122.0,36.0
r0109_c0048,,,57141.0,44.0
r0109_c0049,,,66679.0,51.0
r0109_c0050,,,20749.0,2.0
r0109_c0051,2.0,,64497.0,82.0
r0109_c0052,2.0,,50888.0,60.0
r0109_c0053,2.0,,22901.0,23.0
r0109_c0054,2.0,,38586.0,47.0
r0109_c0055,2.0,,41505.0,52.0
r0109_c0056,2.0,,50318.0,49.0
r0109_c0057,2.0,,18182.0,19.0
r0109_c0058,2.0,,13173.0,14.0
r0109_c0059,2.0,,51199.0,64.0
r0109_c0067,,,32191.0,54.0
r0109_c0071,,,25240.0,12.0
r0109_c0072,,,39107.0,54.0
r0109_c0073,,,32577.0,41.0
r0109_c0074,,,79456.0,17.0
r0109_c0075,,,11650.0,18.0
r0109_c0076,,,30566.0,20.0
r0109_c0077,,,34526.0,17.0
r0109_c0078,,,29792.0,11.0
r0109_c0079,,,391.0,1.0
r0109_c0080,,,,
r0109_c0081,,,,
r0109_c0082,2.0,,29060.0,10.0
r0109_c0083,1.0,,41761.0,15.0
r0109_c0084,,,10349.0,7.0
r0109_c0085,,,45593.0,61.0
r0109_c0088,,,33253.0,58.0
r0110_c0010,,,18427.0,22.0
r0110_c0011,,,40647.0,32.0
r0110_c0012,,,46738.0,30.0
r0110_c0013,,,11534.0,8.0
r0110_c0014,,,2426.0,3.0
r0110_c0015,,,,
r0110_c0016,,,210546.0,4.0
r0110_c0019,,,56386.0,59.0
r0110_c0020,,,29043.0,26.0
r0110_c0021,,,25215.0,16.0
r0110_c0022,,,43747.0,37.0
r0110_c0023,,,40421.0,37.0
r0110_c0024,6.0,,59276.0,28.0
r0110_c0025,,,43364.0,34.0
r0110_c0026,,,31163.0,30.0
r0110_c0027,,,33653.0,39.0
r0110_c0029,,,24634.0,32.0
r0110_c0030,,,90243.0,5.0
r0110_c0034,,,,
r0110_c0035,,,,
r0110_c0037,,,,
r0110_c0042,,,,
r0110_c0043,,,2762.0,1.0
r0110_c0044,,,37820.0,37.0
r0110_c0045,,,43599.0,29.0
r0110_c0046,,,46234.0,40.0
r0110_c0047,4.3,,63581.0,18.0
r0110_c0048,,,74251.0,13.0
r0110_c0049,5.0,,65252.0,39.0
r0110_c0050,2.0,,9873.0,7.0
r0110_c0051,2.0,,13013.0,9.0
r0110_c0052,2.0,,24987.0,31.0
r0110_c0053,2.1,,61963.0,75.0
r0110_c0054,2.0,,63013.0,60.0
r0110_c0055,2.0,,50619.0,58.0
r0110_c0056,2.0,,60969.0,65.0
r0110_c0057,,,,
r0110_c0058,,,,
r0110_c0059,2.0,,12528.0,12.0
r0110_c0060,1.7,,26816.0,17.0
r0110_c0067,,,40571.0,76.0
r0110_c0072,,,51705.0,14.0
r0110_c0073,,,18563.0,19.0
r0110_c0074,,,24414.0,33.0
r0110_c0075,,,31804.0,59.0
r0110_c0076,,,33941.0,40.0
r0110_c0077,,,35707.0,29.0
r0110_c0078,,,29337.0,11.0
r0110_c0079,,,,
r0110_c0080,,,,
r0110_c0081,,,,
r0110_c0082,,,17385.0,6.0
r0110_c0083,,,46145.0,16.0
r0110_c0084,,,24713.0,8.0
r0110_c0087,,,31516.0,53.0
r0111_c0010,,,9360.0,5.0
r0111_c0011,,,32653.0,34.0
r0111_c0012,,,11493.0,13.0
r0111_c0013,,,,
r0111_c0014,16.0,,181341.0,4.0
r0111_c0015,12.0,,40342.0,2.0
r0111_c0016,11.0,,59573.0,5.0
r0111_c0017,9.0,,128392.0,4.0
r0111_c0018,,,3634.0,3.0
r0111_c0019,,,49196.0,50.0
r0111_c0020,2.0,,50986.0,57.0
r0111_c0021,,,55693.0,53.0
r0111_c0022,,,59647.0,65.0
r0111_c0023,,,82177.0,19.0
r0111_c0025,,,42943.0,38.0
r0111_c0026,,,44425.0,49.0
r0111_c0027,,,42942.0,49.0
r0111_c0029,,,41914.0,46.0
r0111_c0030,,,49159.0,62.0
r0111_c0031,,,28830.0,36.0
r0111_c0032,,,,
r0111_c0033,,,38449.0,9.0
r0111_c0034,,,,
r0111_c0035,,,,
r0111_c0036,,,,
r0111_c0037,,,,
r0111_c0038,,,,
r0111_c0039,,,,
r0111_c0042,,,,
r0111_c0043,,,2567.0,1.0
r0111_c0044,2.0,,26883.0,21.0
r0111_c0045,2.0,,35174.0,27.0
r0111_c0046,,,37229.0,19.0
r0111_c0047,4.0,,31403.0,5.0
r0111_c0048,,,31648.0,12.0
r0111_c0049,,,50582.0,30.0
r0111_c0050,2.0,,120648.0,7.0
r0111_c0051,2.0,,21645.0,8.0
r0111_c0052,2.0,,25894.0,35.0
r0111_c0053,2.0,,58752.0,59.0
r0111_c0054,2.0,,62711.0,63.0
r0111_c0055,2.0,,49276.0,62.0
r0111_c0056,1.9,,51796.0,74.0
r0111_c0057,1.9,,48294.0,65.0
r0111_c0058,1.9,,15478.0,21.0
r0111_c0059,,,,
r0111_c0060,,,89277.0,13.0
r0111_c0061,,,124817.0,5.0
r0111_c0062,1.8,,15214.0,13.0
r0111_c0066,2.0,,50855.0,92.0
r0111_c0068,,,27717.0,25.0
r0111_c0069,,,18396.0,7.0
r0111_c0072,,,36913.0,35.0
r0111_c0073,,,8376.0,13.0
r0111_c0074,,,9896.0,12.0
r0111_c0075,,,28915.0,45.0
r0111_c0076,,,40463.0,50.0
r0111_c0077,,,51422.0,55.0
r0111_c0078,,,7625.0,8.0
r0111_c0079,,,6728.0,11.0
r0111_c0080,,,2235.0,8.0
r0111_c0081,,,2697.0,1.0
r0111_c0082,,,556.0,1.0
r0111_c0083,,,29338.0,10.0
r0111_c0084,,,31123.0,10.0
r0111_c0085,,,25996.0,53.0
r0111_c0086,,,34103.0,54.0
r0112_c0010,,,37796.0,14.0
r0112_c0011,17.0,,77143.0,7.0
r0112_c0012,,,2311.0,1.0
r0112_c0013,16.3,,106280.0,12.0
r0112_c0014,16.0,,65656.0,2.0
r0112_c0015,16.0,,88584.0,5.0
r0112_c0016,,,68582.0,5.0
r0112_c0017,,,21813.0,12.0
r0112_c0019,,,13316.0,9.0
r0112_c0020,,,57989.0,52.0
r0112_c0021,,,50834.0,44.0
r0112_c0022,,,61848.0,42.0
r0112_c0023,,,63661.0,17.0
r0112_c0024,,,58710.0,49.0
r0112_c0025,,,39356.0,38.0
r0112_c0026,,,45874.0,52.0
r0112_c0027,,,43401.0,43.0
r0112_c0028,,,45448.0,46.0
r0112_c0029,,,38380.0,45.0
r0112_c0030,,,38798.0,47.0
r0112_c0031,,,37078.0,46.0
r0112_c0032,,,26501.0,20.0
r0112_c0033,,,23702.0,17.0
r0112_c0034,,,30493.0,2.0
r0112_c0035,,,1109.0,3.0
r0112_c0036,,,,
r0112_c0037,,,,
r0112_c0038,,,,
r0112_c0043,,,,
r0112_c0044,,,50.0,1.0
r0112_c0045,4.0,,22463.0,3.0
r0112_c0046,3.0,,53580.0,6.0
r0112_c0047,,,66084.0,13.0
r0112_c0048,,,44030.0,9.0
r0112_c0049,,,28801.0,4.0
r0112_c0050,2.0,,24333.0,5.0
r0112_c0052,2.1,,39078.0,47.0
r0112_c0055,2.0,,32036.0,52.0
r0112_c0056,1.9,,39322.0,45.0
r0112_c0057,1.6,,37038.0,40.0
r0112_c0058,1.6,,32376.0,39.0
r0112_c0059,1.8,,34860.0,19.0
r0112_c0060,,,112098.0,5.0
r0112_c0061,,,60646.0,6.0
r0112_c0063,2.0,,44259.0,24.0
r0112_c0066,2.0,,31497.0,46.0
r0112_c0067,,,41542.0,37.0
r0112_c0071,,,35255.0,35.0
r0112_c0072,,,42003.0,47.0
r0112_c0073,,,11821.0,12.0
r0112_c0074,,,77271.0,3.0
r0112_c0075,,,31692.0,34.0
r0112_c0076,,,40342.0,54.0
r0112_c0077,,,21045.0,29.0
r0112_c0078,,,,
r0112_c0081,,,27559.0,15.0
r0112_c0082,,,7679.0,5.0
r0112_c0083,,,132.0,1.0
r0112_c0084,,,,
r0113_c0010,,,59255.0,24.0
r0113_c0011,,,50589.0,23.0
r0113_c0012,,,21379.0,8.0
r0113_c0013,18.0,,29612.0,1.0
r0113_c0014,7.0,,79445.0,4.0
r0113_c0015,12.0,,115469.0,5.0
r0113_c0016,3.0,,42103.0,9.0
r0113_c0017,,,37279.0,24.0
r0113_c0018,,,36248.0,20.0
r0113_c0019,,,19010.0,10.0
r0113_c0020,,,42161.0,34.0
r0113_c0021,,,51853.0,42.0
r0113_c0022,,,45328.0,19.0
r0113_c0023,,,58629.0,20.0
r0113_c0024,,,53399.0,36.0
r0113_c0025,,,32778.0,27.0
r0113_c0026,,,42327.0,42.0
r0113_c0027,,,45014.0,42.0
r0113_c0028,,,49671.0,51.0
r0113_c0029,,,35760.0,34.0
r0113_c0030,,,37442.0,41.0
r0113_c0031,,,46632.0,53.0
r0113_c0033,,,31776.0,22.0
r0113_c0034,,,2509.0,4.0
r0113_c0035,,,218.0,1.0
r0113_c0038,,,,
r0113_c0039,1.0,1883,1241.0,2.0
r0113_c0043,,,2427.0,1.0
r0113_c0044,,,,
r0113_c0045,3.0,,27061.0,1.0
r0113_c0046,8.0,,78798.0,12.0
r0113_c0047,3.0,,46497.0,37.0
r0113_c0048,4.0,,60443.0,51.0
r0113_c0049,,,42255.0,17.0
r0113_c0050,2.0,,77876.0,39.0
r0113_c0054,2.0,,60109.0,76.0
r0113_c0055,2.0,,37488.0,45.0
r0113_c0056,1.9,,50792.0,49.0
r0113_c0057,1.7,,48886.0,49.0
r0113_c0059,1.9,,88977.0,36.0
r0113_c0060,,,94657.0,5.0
r0113_c0061,2.0,,54511.0,40.0
r0113_c0062,1.8,,44901.0,48.0
r0113_c0064,1.9,,25790.0,26.0
r0113_c0065,1.8,,26621.0,31.0
r0113_c0066,,,37348.0,23.0
r0113_c0067,,,30272.0,47.0
r0113_c0068,,,32135.0,45.0
r0113_c0070,,,39994.0,43.0
r0113_c0071,,,43617.0,36.0
r0113_c0072,,,25025.0,27.0
r0113_c0073,,,39755.0,12.0
r0113_c0076,,,42924.0,62.0
r0113_c0077,,,18754.0,20.0
r0113_c0078,,,18777.0,28.0
r0113_c0079,,,38168.0,68.0
r0113_c0080,,,28571.0,49.0
r0113_c0081,,,40593.0,23.0
r0113_c0082,,,2650.0,2.0
r0113_c0083,,,,
r0113_c0084,,,592.0,1.0
r0114_c0010,,,51212.0,20.0
r0114_c0011,,,44936.0,18.0
r0114_c0012,,,45363.0,17.0
r0114_c0013,,,,
r0114_c0014,19.0,,48524.0,2.0
r0114_c0015,,,,
r0114_c0016,,,30276.0,17.0
r0114_c0017,,,32176.0,19.0
r0114_c0018,,,36522.0,21.0
r0114_c0019,,,31887.0,22.0
r0114_c0020,,,42211.0,29.0
r0114_c0021,,,48749.0,35.0
r0114_c0022,,,66329.0,20.0
r0114_c0023,,,44241.0,34.0
r0114_c0024,,,48187.0,35.0
r0114_c0025,,,40770.0,35.0
r0114_c0026,,,41541.0,42.0
r0114_c0027,,,95699.0,28.0
r0114_c0028,,,49603.0,36.0
r0114_c0029,,,46214.0,51.0
r0114_c0030,,,38796.0,46.0
r0114_c0033,,,38186.0,27.0
r0114_c0034,,,33862.0,20.0
r0114_c0035,,,,
r0114_c0037,,,,
r0114_c0038,,,,
r0114_c0044,,,,
r0114_c0045,2.5,,25209.0,23.0
r0114_c0046,4.0,,57172.0,43.0
r0114_c0047,,,57368.0,64.0
r0114_c0048,,,70971.0,85.0
r0114_c0049,,,34540.0,34.0
r0114_c0050,1.0,,73008.0,36.0
r0114_c0051,,,41041.0,48.0
r0114_c0052,,,60473.0,98.0
r0114_c0053,,,65311.0,124.0
r0114_c0054,2.2,,55083.0,89.0
r0114_c0055,2.2,,43608.0,8.0
r0114_c0057,2.1,,29725.0,26.0
r0114_c0058,1.5,,67889.0,29.0
r0114_c0059,,,52134.0,5.0
r0114_c0060,,,74404.0,15.0
r0114_c0061,1.9,,42842.0,31.0
r0114_c0062,1.3,,37733.0,40.0
r0114_c0063,1.7,,35672.0,41.0
r0114_c0064,2.0,,18539.0,25.0
r0114_c0065,,,56057.0,11.0
r0114_c0066,,,41490.0,12.0
r0114_c0067,,,38038.0,30.0
r0114_c0068,,,41723.0,54.0
r0114_c0070,,,52342.0,48.0
r0114_c0071,,,36834.0,31.0
r0114_c0075,,,7798.0,6.0
r0114_c0076,,,43145.0,56.0
r0114_c0077,,,11890.0,14.0
r0114_c0080,,,31925.0,63.0
r0114_c0081,,,8272.0,14.0
r0114_c0082,,,55745.0,1.0
r0114_c0083,,,,
r0115_c0011,,,37300.0,18.0
r0115_c0012,,,33782.0,15.0
r0115_c0013,,,30252.0,13.0
r0115_c0014,,,17900.0,9.0
r0115_c0015,,,27792.0,14.0
r0115_c0016,,,38305.0,22.0
r0115_c0017,,,41573.0,25.0
r0115_c0018,,,31872.0,18.0
r0115_c0019,,,42320.0,21.0
r0115_c0020,,,32850.0,15.0
r0115_c0021,,,13512.0,5.0
r0115_c0022,,,63524.0,12.0
r0115_c0023,,,27458.0,22.0
r0115_c0024,,,34419.0,33.0
r0115_c0025,,,42378.0,38.0
r0115_c0026,,,16939.0,16.0
r0115_c0027,,,3771.0,2.0
r0115_c0028,,,42136.0,37.0
r0115_c0029,,,36878.0,36.0
r0115_c0030,,,40700.0,48.0
r0115_c0031,,,23252.0,17.0
r0115_c0032,,,48711.0,58.0
r0115_c0034,,,32989.0,20.0
r0115_c0035,,,,
r0115_c0036,,,346.0,1.0
r0115_c0037,,,3587.0,1.0
r0115_c0038,,,,
r0115_c0039,,,,
r0115_c0040,,,,
r0115_c0045,4.0,,35639.0,19.0
r0115_c0046,4.0,,79470.0,14.0
r0115_c0047,,,52226.0,47.0
r0115_c0048,,,51781.0,73.0
r0115_c0049,,,28653.0,27.0
r0115_c0050,3.0,,36203.0,11.0
r0115_c0051,,,50933.0,65.0
r0115_c0052,,,49907.0,74.0
r0115_c0053,,,50775.0,76.0
r0115_c0054,,,38478.0,62.0
r0115_c0055,1.0,,12243.0,3.0
r0115_c0056,,,,
r0115_c0057,1.8,,40444.0,49.0
r0115_c0058,1.7,,48003.0,19.0
r0115_c0059,,,82143.0,20.0
r0115_c0060,,,56278.0,77.0
r0115_c0061,1.8,,40798.0,41.0
r0115_c0062,1.8,,29798.0,44.0
r0115_c0063,1.6,,33429.0,37.0
r0115_c0064,,,40599.0,16.0
r0115_c0065,,,26437.0,6.0
r0115_c0066,,,60585.0,8.0
r0115_c0069,,,30518.0,41.0
r0115_c0070,,,39150.0,46.0
r0115_c0071,,,44468.0,37.0
r0115_c0072,,,26242.0,23.0
r0115_c0073,,,44016.0,14.0
r0115_c0074,,,101765.0,1.0
r0115_c0075,,,7090.0,5.0
r0115_c0076,,,42491.0,46.0
r0115_c0077,,,7136.0,8.0
r0115_c0079,,,48756.0,78.0
r0115_c0080,2.0,,35176.0,27.0
r0115_c0081,,,8261.0,14.0
r0116_c0011,,,29627.0,14.0
r0116_c0012,,,20042.0,11.0
r0116_c0013,,,54432.0,10.0
r0116_c0014,,,31488.0,17.0
r0116_c0015,,,24330.0,12.0
r0116_c0016,,,20502.0,13.0
r0116_c0017,,,17714.0,11.0
r0116_c0018,,,26236.0,14.0
r0116_c0019,,,43176.0,22.0
r0116_c0020,,,39599.0,19.0
r0116_c0021,,,27124.0,9.0
r0116_c0022,,,19350.0,6.0
r0116_c0023,,,50406.0,40.0
r0116_c0024,,,33596.0,31.0
r0116_c0025,,,46204.0,43.0
r0116_c0026,,,32048.0,40.0
r0116_c0027,,,31318.0,34.0
r0116_c0028,,,39682.0,52.0
r0116_c0029,,,41171.0,42.0
r0116_c0030,,,35271.0,51.0
r0116_c0031,,,17560.0,15.0
r0116_c0032,,,23875.0,20.0
r0116_c0033,,,36226.0,24.0
r0116_c0034,,,46460.0,24.0
r0116_c0035,,,12374.0,6.0
r0116_c0036,,,,
r0116_c0037,,,,
r0116_c0038,,,,
r0116_c0039,,,,
r0116_c0045,,,45052.0,43.0
r0116_c0046,4.0,,40818.0,17.0
r0116_c0047,,,54325.0,51.0
r0116_c0048,,,44471.0,65.0
r0116_c0049,,,44277.0,57.0
r0116_c0050,,,42055.0,17.0
r0116_c0051,,,33892.0,46.0
r0116_c0052,,,56139.0,64.0
r0116_c0053,,,53957.0,66.0
r0116_c0054,,,26561.0,41.0
r0116_c0055,,,43802.0,2.0
r0116_c0056,,,1010.0,1.0
r0116_c0057,2.0,,44562.0,59.0
r0116_c0058,,,13108.0,3.0
r0116_c0059,,,75539.0,49.0
r0116_c0060,,,49801.0,100.0
r0116_c0061,1.3,,35695.0,40.0
r0116_c0062,1.4,,31748.0,32.0
r0116_c0063,,,40115.0,24.0
r0116_c0064,,,36472.0,33.0
r0116_c0065,,,24971.0,6.0
r0116_c0066,,,31417.0,6.0
r0116_c0068,,,31882.0,41.0
r0116_c0069,,,31349.0,45.0
r0116_c0070,,,33187.0,48.0
r0116_c0071,,,32797.0,33.0
r0116_c0072,,,44099.0,43.0
r0116_c0073,,,29326.0,28.0
r0116_c0074,,,12716.0,10.0
r0116_c0075,,,21873.0,9.0
r0116_c0076,,,30833.0,37.0
r0116_c0079,2.0,,37669.0,42.0
r0116_c0080,,,37296.0,51.0
r0116_c0081,,,22046.0,28.0
r0117_c0012,,,41937.0,21.0
r0117_c0013,,,41534.0,24.0
r0117_c0014,,,29444.0,10.0
r0117_c0015,,,,
r0117_c0016,,,,
r0117_c0017,,,,
r0117_c0018,,,25623.0,12.0
r0117_c0019,,,36937.0,17.0
r0117_c0020,,,39030.0,16.0
r0117_c0021,,,23823.0,9.0
r0117_c0022,,,36870.0,16.0
r0117_c0023,,,35693.0,16.0
r0117_c0024,,,35167.0,26.0
r0117_c0026,,,36193.0,37.0
r0117_c0027,,,37274.0,25.0
r0117_c0028,,,35966.0,27.0
r0117_c0029,,,37572.0,40.0
r0117_c0030,,,37087.0,38.0
r0117_c0031,,,40933.0,53.0
r0117_c0032,,,34901.0,34.0
r0117_c0033,,,31937.0,30.0
r0117_c0034,,,19944.0,16.0
r0117_c0035,,,9144.0,5.0
r0117_c0036,,,,
r0117_c0037,,,,
r0117_c0038,,,,
r0117_c0039,,,,
r0117_c0041,,,,
r0117_c0046,,,58527.0,56.0
r0117_c0047,,,37676.0,12.0
r0117_c0048,,,32224.0,34.0
r0117_c0049,,,27732.0,40.0
r0117_c0050,4.0,,47821.0,20.0
r0117_c0051,2.0,,90249.0,40.0
r0117_c0052,2.0,,48154.0,54.0
r0117_c0053,,,47459.0,56.0
r0117_c0054,,,42205.0,50.0
r0117_c0055,,,13504.0,13.0
r0117_c0056,,,2508.0,2.0
r0117_c0057,1.8,,30369.0,43.0
r0117_c0058,1.0,,37470.0,32.0
r0117_c0059,,,40503.0,45.0
r0117_c0060,,,26381.0,47.0
r0117_c0061,1.5,,39639.0,36.0
r0117_c0062,,,33515.0,26.0
r0117_c0063,,,30539.0,19.0
r0117_c0064,,,33573.0,20.0
r0117_c0065,,,7890.0,5.0
r0117_c0068,,,12649.0,16.0
r0117_c0069,,,35279.0,46.0
r0117_c0070,,,17705.0,22.0
r0117_c0071,,,30751.0,27.0
r0117_c0072,,,37179.0,35.0
r0117_c0073,,,24415.0,35.0
r0117_c0074,,,52006.0,27.0
r0117_c0075,,,21738.0,13.0
r0117_c0076,,,49568.0,36.0
r0117_c0079,,,6070.0,5.0
r0117_c0080,,,,
r0118_c0013,,,46898.0,34.0
r0118_c0014,,,34179.0,24.0
r0118_c0015,,,,
r0118_c0016,,,,
r0118_c0017,,,,
r0118_c0018,,,12393.0,6.0
r0118_c0019,,,26741.0,10.0
r0118_c0020,,,20074.0,8.0
r0118_c0021,,,32035.0,8.0
r0118_c0022,,,40435.0,16.0
r0118_c0023,,,32792.0,15.0
r0118_c0024,,,39809.0,32.0
r0118_c0026,,,55797.0,50.0
r0118_c0027,,,47600.0,45.0
r0118_c0028,,,39760.0,40.0
r0118_c0029,,,33856.0,41.0
r0118_c0030,,,39839.0,38.0
r0118_c0031,,,45247.0,47.0
r0118_c0032,,,39409.0,43.0
r0118_c0033,,,15536.0,11.0
r0118_c0034,,,99671.0,2.0
r0118_c0035,,,,
r0118_c0036,,,,
r0118_c0037,,,,
r0118_c0038,,,,
r0118_c0045,,,22963.0,20.0
r0118_c0047,,,42597.0,19.0
r0118_c0048,,,18314.0,15.0
r0118_c0049,,,29196.0,38.0
r0118_c0050,3.5,,53777.0,30.0
r0118_c0051,,,61824.0,60.0
r0118_c0052,1.0,,35697.0,35.0
r0118_c0053,,,36771.0,42.0
r0118_c0054,,,45256.0,41.0
r0118_c0055,,,28416.0,36.0
r0118_c0056,4.0,,24086.0,29.0
r0118_c0057,1.5,,20822.0,23.0
r0118_c0058,,,45807.0,44.0
r0118_c0059,,,39893.0,48.0
r0118_c0060,,,43362.0,40.0
r0118_c0061,,,38105.0,29.0
r0118_c0062,,,44454.0,35.0
r0118_c0063,,,39635.0,30.0
r0118_c0064,,,21088.0,15.0
r0118_c0065,,,37213.0,32.0
r0118_c0067,,,12208.0,8.0
r0118_c0068,,,26380.0,3.0
r0118_c0069,,,1451.0,1.0
r0118_c0070,,,14280.0,11.0
r0118_c0071,,,3109.0,2.0
r0118_c0072,,,17342.0,25.0
r0118_c0073,,,11558.0,17.0
r0118_c0074,,,7721.0,5.0
r0118_c0075,,,22973.0,35.0
r0118_c0076,,,14617.0,26.0
r0118_c0077,,,2132.0,3.0
r0118_c0078,,,40352.0,24.0
r0118_c0079,,,2747.0,3.0
r0119_c0014,,,37216.0,18.0
r0119_c0015,,,,
r0119_c0016,,,,
r0119_c0017,,,770.0,1.0
r0119_c0018,,,,
r0119_c0019,,,,
r0119_c0020,,,24169.0,2.0
r0119_c0021,,,16316.0,5.0
r0119_c0022,,,37073.0,16.0
r0119_c0023,,,32399.0,12.0
r0119_c0027,,,42808.0,41.0
r0119_c0028,,,36522.0,33.0
r0119_c0029,,,27589.0,30.0
r0119_c0030,,,42986.0,47.0
r0119_c0031,,,34378.0,39.0
r0119_c0032,,,39100.0,40.0
r0119_c0033,,,30487.0,19.0
r0119_c0034,,,15273.0,8.0
r0119_c0035,,,13479.0,5.0
r0119_c0036,,,,
r0119_c0037,,,,
r0119_c0038,,,,
r0119_c0040,,,,
r0119_c0048,,,18364.0,21.0
r0119_c0049,6.0,,27900.0,9.0
r0119_c0050,4.3,,125193.0,10.0
r0119_c0051,,,51444.0,40.0
r0119_c0052,1.9,,43074.0,36.0
r0119_c0053,,,49083.0,28.0
r0119_c0054,2.0,,45910.0,28.0
r0119_c0055,,,49676.0,32.0
r0119_c0056,2.7,,49767.0,24.0
r0119_c0057,2.0,,43660.0,21.0
r0119_c0058,,,42193.0,30.0
r0119_c0059,,,45264.0,31.0
r0119_c0060,,,41140.0,29.0
r0119_c0061,,,43125.0,32.0
r0119_c0062,,,16849.0,15.0
r0119_c0063,,,29792.0,23.0
r0119_c0064,,,24893.0,23.0
r0119_c0070,,,18026.0,13.0
r0119_c0071,,,7005.0,7.0
r0119_c0072,,,15742.0,14.0
r0119_c0073,,,614.0,1.0
r0119_c0074,,,14597.0,27.0
r0119_c0075,,,8323.0,17.0
r0119_c0076,,,8668.0,16.0
r0119_c0077,,,35410.0,12.0
r0120_c0015,,,,
r0120_c0016,,,,
r0120_c0017,,,,
r0120_c0018,,,,
r0120_c0019,,,3237.0,1.0
r0120_c0020,,,,
r0120_c0021,,,58070.0,3.0
r0120_c0022,,,48554.0,21.0
r0120_c0023,,,40193.0,17.0
r0120_c0024,,,29179.0,18.0
r0120_c0025,,,36202.0,23.0
r0120_c0027,,,36826.0,36.0
r0120_c0028,,,36158.0,34.0
r0120_c0029,,,33613.0,37.0
r0120_c0030,,,35541.0,29.0
r0120_c0031,,,38706.0,43.0
r0120_c0032,,,36587.0,38.0
r0120_c0033,,,12264.0,10.0
r0120_c0034,,,57488.0,42.0
r0120_c0035,,,29555.0,20.0
r0120_c0036,,,,
r0120_c0037,,,,
r0120_c0047,,,379.0,1.0
r0120_c0049,,,722.0,1.0
r0120_c0050,2.0,,40726.0,6.0
r0120_c0051,,,56918.0,40.0
r0120_c0052,,,34843.0,31.0
r0120_c0053,,,22766.0,17.0
r0120_c0054,,,44854.0,34.0
r0120_c0055,1.1,,49035.0,22.0
r0120_c0056,2.0,,42439.0,9.0
r0120_c0057,2.0,,86479.0,12.0
r0120_c0058,4.0,,121550.0,5.0
r0120_c0059,1.8,,43411.0,16.0
r0120_c0060,7.0,,38249.0,17.0
r0120_c0061,,,38548.0,27.0
r0120_c0062,,,41927.0,20.0
r0120_c0063,,,23302.0,18.0
r0120_c0064,,,31884.0,23.0
r0120_c0065,,,23339.0,19.0
r0120_c0072,,,20316.0,29.0
r0120_c0073,,,9771.0,19.0
r0120_c0077,,,34790.0,65.0
r0121_c0016,,,,
r0121_c0017,,,,
r0121_c0018,,,,
r0121_c0019,,,,
r0121_c0020,,,,
r0121_c0021,,,37407.0,3.0
r0121_c0022,,,32662.0,12.0
r0121_c0023,,,38512.0,16.0
r0121_c0024,,,33189.0,17.0
r0121_c0025,,,39739.0,30.0
r0121_c0026,,,28851.0,22.0
r0121_c0027,,,19006.0,13.0
r0121_c0028,,,22231.0,20.0
r0121_c0029,,,32480.0,34.0
r0121_c0030,,,19993.0,16.0
r0121_c0031,,,35481.0,33.0
r0121_c0032,,,44288.0,39.0
r0121_c0033,,,33004.0,30.0
r0121_c0034,,,27451.0,20.0
r0121_c0035,,,34954.0,22.0
r0121_c0036,,,,
r0121_c0049,,,,
r0121_c0050,6.0,,107769.0,3.0
r0121_c0051,6.0,,46106.0,46.0
r0121_c0052,,,29288.0,22.0
r0121_c0053,3.0,,56511.0,10.0
r0121_c0054,,,30465.0,17.0
r0121_c0055,3.3,,69135.0,12.0
r0121_c0056,,,24105.0,4.0
r0121_c0057,2.1,,72174.0,15.0
r0121_c0058,3.4,,41753.0,22.0
r0121_c0059,2.1,,48866.0,31.0
r0121_c0060,2.1,,37004.0,26.0
r0121_c0061,,,25830.0,25.0
r0121_c0062,2.0,,31797.0,28.0
r0121_c0063,,,23075.0,18.0
r0121_c0064,2.0,,35746.0,27.0
r0121_c0065,,,22386.0,19.0
r0121_c0068,,,33612.0,14.0
r0121_c0069,,,23463.0,9.0
r0121_c0070,,,25105.0,15.0
r0121_c0071,,,24078.0,23.0
r0121_c0072,,,23105.0,45.0
r0121_c0073,,,18101.0,28.0
r0121_c0074,,,6522.0,15.0
r0121_c0075,,,3586.0,10.0
r0121_c0076,,,15555.0,33.0
r0122_c0017,,,9804.0,5.0
r0122_c0018,,,13236.0,5.0
r0122_c0019,,,13769.0,9.0
r0122_c0020,,,17166.0,6.0
r0122_c0021,,,23614.0,10.0
r0122_c0022,,,29293.0,12.0
r0122_c0023,,,30346.0,18.0
r0122_c0024,,,31487.0,21.0
r0122_c0025,,,43170.0,29.0
r0122_c0026,,,41374.0,25.0
r0122_c0027,,,21074.0,10.0
r0122_c0028,,,23444.0,19.0
r0122_c0029,,,37853.0,36.0
r0122_c0030,,,35588.0,30.0
r0122_c0031,,,30761.0,23.0
r0122_c0032,,,38013.0,27.0
r0122_c0033,,,35862.0,33.0
r0122_c0041,,,,
r0122_c0049,,,,
r0122_c0050,6.0,,40239.0,3.0
r0122_c0051,,,51949.0,59.0
r0122_c0052,,,29476.0,36.0
r0122_c0053,,,21451.0,22.0
r0122_c0054,,,38616.0,31.0
r0122_c0060,,,48724.0,30.0
r0122_c0061,,,45857.0,36.0
r0122_c0062,,,29340.0,23.0
r0122_c0064,3.0,,32980.0,26.0
r0122_c0065,,,2254.0,1.0
r0122_c0066,,,22969.0,17.0
r0122_c0067,,,28275.0,25.0
r0122_c0068,,,26197.0,24.0
r0122_c0069,,,28317.0,29.0
r0122_c0070,,,10569.0,12.0
r0122_c0071,,,72986.0,19.0
r0122_c0072,,,4924.0,4.0
r0122_c0073,,,5923.0,10.0
r0122_c0074,,,93.0,1.0
r0122_c0075,,,,
r0123_c0018,,,32962.0,22.0
r0123_c0019,,,24726.0,12.0
r0123_c0020,,,26475.0,14.0
r0123_c0021,,,26938.0,14.0
r0123_c0022,2.0,,42945.0,23.0
r0123_c0023,,,43402.0,19.0
r0123_c0024,,,43804.0,27.0
r0123_c0025,,,45318.0,24.0
r0123_c0026,,,25364.0,11.0
r0123_c0027,,,37533.0,20.0
r0123_c0028,,,32824.0,20.0
r0123_c0029,,,23587.0,15.0
r0123_c0030,,,11150.0,10.0
r0123_c0031,,,8186.0,7.0
r0123_c0032,,,14513.0,8.0
r0123_c0033,,,11298.0,8.0
r0123_c0048,,,31164.0,29.0
r0123_c0049,,,26070.0,27.0
r0123_c0050,,,37797.0,40.0
r0123_c0051,,,56407.0,39.0
r0123_c0052,,,50568.0,56.0
r0123_c0053,,,32001.0,27.0
r0123_c0054,,,31960.0,28.0
r0123_c0056,,,33991.0,22.0
r0123_c0057,,,19301.0,14.0
r0123_c0060,2.0,,46734.0,30.0
r0123_c0061,1.6,,45672.0,38.0
r0123_c0062,1.4,,60442.0,23.0
r0123_c0063,,,38450.0,27.0
r0123_c0064,,,22327.0,24.0
r0123_c0065,,,26195.0,20.0
r0123_c0066,,,31309.0,24.0
r0123_c0067,,,23475.0,20.0
r0123_c0068,,,44321.0,31.0
r0123_c0069,,,31518.0,29.0
r0123_c0070,,,17169.0,18.0
r0123_c0071,,,24584.0,5.0
r0123_c0072,,,17549.0,3.0
r0123_c0073,,,2521.0,2.0
r0123_c0074,,,29375.0,36.0
r0124_c0019,,,34831.0,25.0
r0124_c0020,,,20371.0,14.0
r0124_c0021,2.5,,26714.0,12.0
r0124_c0022,,,35566.0,21.0
r0124_c0023,,,37763.0,27.0
r0124_c0024,,,42819.0,27.0
r0124_c0025,,,33343.0,26.0
r0124_c0026,,,38302.0,21.0
r0124_c0027,,,37823.0,15.0
r0124_c0028,,,52037.0,23.0
r0124_c0029,,,37300.0,18.0
r0124_c0030,,,23695.0,20.0
r0124_c0031,,,30136.0,23.0
r0124_c0032,,,19569.0,16.0
r0124_c0033,,,36360.0,18.0
r0124_c0034,,,38606.0,17.0
r0124_c0035,,,35431.0,17.0
r0124_c0036,,,8705.0,3.0
r0124_c0037,,,,
r0124_c0047,,,40002.0,35.0
r0124_c0048,,,51526.0,48.0
r0124_c0049,,,42062.0,40.0
r0124_c0050,,,48668.0,55.0
r0124_c0051,,,47414.0,45.0
r0124_c0052,,,42138.0,42.0
r0124_c0053,,,46705.0,42.0
r0124_c0054,,,18361.0,16.0
r0124_c0055,,,32213.0,21.0
r0124_c0056,,,22126.0,15.0
r0124_c0058,,,24991.0,22.0
r0124_c0059,1.0,,32295.0,25.0
r0124_c0060,,,38414.0,29.0
r0124_c0061,1.3,,43591.0,33.0
r0124_c0062,3.5,,41707.0,23.0
r0124_c0063,,,39724.0,33.0
r0124_c0064,,,48167.0,26.0
r0124_c0065,,,27683.0,24.0
r0124_c0066,,,30901.0,28.0
r0124_c0067,,,25187.0,17.0
r0124_c0068,,,19006.0,12.0
r0124_c0069,,,27406.0,17.0
r0124_c0070,,,15558.0,12.0
r0124_c0071,,,5917.0,3.0
r0124_c0072,,,18174.0,17.0
r0124_c0073,,,26405.0,34.0
r0125_c0020,,,8025.0,4.0
r0125_c0021,,,,
r0125_c0022,,,63030.0,24.0
r0125_c0023,,,41696.0,24.0
r0125_c0024,,,40518.0,30.0
r0125_c0025,2.0,,46716.0,24.0
r0125_c0026,,,51050.0,33.0
r0125_c0027,,,34639.0,18.0
r0125_c0028,,,41295.0,17.0
r0125_c0029,,,40203.0,16.0
r0125_c0030,,,43918.0,25.0
r0125_c0031,,,30713.0,21.0
r0125_c0032,,,45090.0,27.0
r0125_c0033,,,34864.0,18.0
r0125_c0034,,,44203.0,24.0
r0125_c0035,,,44925.0,24.0
r0125_c0036,,,2261.0,1.0
r0125_c0037,,,,
r0125_c0039,,,,
r0125_c0047,,,35947.0,32.0
r0125_c0048,,,33537.0,29.0
r0125_c0049,,,43403.0,38.0
r0125_c0050,2.0,,52726.0,37.0
r0125_c0051,,,37938.0,41.0
r0125_c0052,,,50145.0,41.0
r0125_c0053,,,47964.0,37.0
r0125_c0055,,,27350.0,19.0
r0125_c0056,,,15900.0,11.0
r0125_c0057,,,17558.0,15.0
r0125_c0058,,,33171.0,29.0
r0125_c0059,,,30389.0,25.0
r0125_c0060,,,23252.0,19.0
r0125_c0062,3.3,,38947.0,18.0
r0125_c0063,,,31093.0,23.0
r0125_c0064,,,32697.0,28.0
r0125_c0065,,,23836.0,19.0
r0125_c0066,,,24713.0,19.0
r0125_c0070,2.0,,15657.0,13.0
r0125_c0071,,,12294.0,10.0
r0125_c0072,,,7137.0,7.0
r0126_c0021,,,19633.0,10.0
r0126_c0022,,,53467.0,28.0
r0126_c0023,,,41012.0,22.0
r0126_c0024,,,40038.0,25.0
r0126_c0025,,,29705.0,14.0
r0126_c0026,,,47389.0,25.0
r0126_c0027,,,41267.0,24.0
r0126_c0028,,,42510.0,20.0
r0126_c0029,,,50977.0,23.0
r0126_c0030,,,46750.0,20.0
r0126_c0031,,,34599.0,19.0
r0126_c0032,,,42339.0,19.0
r0126_c0033,,,40653.0,17.0
r0126_c0034,,,33499.0,21.0
r0126_c0035,,,42218.0,20.0
r0126_c0036,,,,
r0126_c0037,,,,
r0126_c0044,,,27976.0,24.0
r0126_c0047,,,39951.0,49.0
r0126_c0048,,,39586.0,47.0
r0126_c0049,,,42203.0,44.0
r0126_c0050,,,56382.0,35.0
r0126_c0051,,,45304.0,48.0
r0126_c0052,,,37416.0,55.0
r0126_c0053,,,22399.0,6.0
r0126_c0054,,,10217.0,7.0
r0126_c0056,,,29188.0,20.0
r0126_c0057,,,24001.0,20.0
r0126_c0058,,,23910.0,21.0
r0126_c0059,,,58199.0,8.0
r0126_c0060,3.0,,79453.0,2.0
r0126_c0061,3.4,,43105.0,11.0
r0126_c0064,,,32825.0,24.0
r0126_c0065,,,31849.0,12.0
r0126_c0067,,,24070.0,17.0
r0126_c0068,,,38631.0,30.0
r0126_c0069,,,28655.0,28.0
r0126_c0070,,,16177.0,17.0
r0126_c0071,,,13074.0,10.0
r0127_c0022,,,45483.0,25.0
r0127_c0023,,,54807.0,28.0
r0127_c0024,,,40060.0,25.0
r0127_c0025,,,6323.0,6.0
r0127_c0026,,,35279.0,23.0
r0127_c0027,,,36460.0,20.0
r0127_c0028,,,36209.0,21.0
r0127_c0029,,,26987.0,14.0
r0127_c0030,,,29125.0,16.0
r0127_c0031,,,35625.0,17.0
r0127_c0032,,,35956.0,16.0
r0127_c0033,,,33182.0,17.0
r0127_c0034,,,38387.0,25.0
r0127_c0035,,,38080.0,15.0
r0127_c0036,,,,
r0127_c0037,,,,
r0127_c0038,,,,
r0127_c0047,,,33517.0,35.0
r0127_c0048,,,43483.0,45.0
r0127_c0049,,,39283.0,40.0
r0127_c0050,,,48963.0,27.0
r0127_c0051,,,66647.0,20.0
r0127_c0052,,,27335.0,8.0
r0127_c0053,3.0,2024,37432.0,1.0
r0127_c0054,2.0,1978,26907.0,6.0
r0127_c0055,,,26360.0,18.0
r0127_c0056,,,20398.0,19.0
r0127_c0057,,,23770.0,19.0
r0127_c0058,2.0,,28164.0,25.0
r0127_c0059,,,25660.0,24.0
r0127_c0060,,,1850.0,1.0
r0127_c0061,17.0,,13981.0,1.0
r0127_c0062,10.0,,5152.0,1.0
r0127_c0063,11.5,,26495.0,3.0
r0127_c0064,,,12664.0,12.0
r0127_c0066,,,15851.0,8.0
r0127_c0068,,,30808.0,27.0
r0127_c0069,,,32428.0,34.0
r0127_c0070,,,18934.0,18.0
r0128_c0023,,,41231.0,22.0
r0128_c0024,,,24991.0,12.0
r0128_c0025,,,40214.0,20.0
r0128_c0026,,,29086.0,15.0
r0128_c0027,,,26797.0,14.0
r0128_c0028,,,30431.0,17.0
r0128_c0029,,,38399.0,24.0
r0128_c0030,,,25667.0,9.0
r0128_c0031,,,10769.0,7.0
r0128_c0032,,,26670.0,15.0
r0128_c0033,,,35971.0,16.0
r0128_c0034,,,29718.0,7.0
r0128_c0035,,,15094.0,6.0
r0128_c0036,,,,
r0128_c0037,,,,
r0128_c0045,,,33206.0,22.0
r0128_c0049,,,29645.0,33.0
r0128_c0050,,,64843.0,20.0
r0128_c0051,,,5169.0,2.0
r0128_c0052,,,1534.0,1.0
r0128_c0053,2.2,,95846.0,6.0
r0128_c0054,2.0,1975,22930.0,10.0
r0128_c0055,,,24587.0,18.0
r0128_c0056,,,32817.0,26.0
r0128_c0057,,,35213.0,24.0
r0128_c0058,,,,
r0128_c0059,,,546.0,1.0
r0128_c0060,,,5235.0,5.0
r0128_c0061,,,33953.0,11.0
r0128_c0062,,,55743.0,12.0
r0128_c0063,12.0,,18635.0,3.0
r0128_c0065,,,24320.0,3.0
r0128_c0066,,,941.0,1.0
r0128_c0067,,,41969.0,18.0
r0128_c0068,,,35586.0,24.0
r0128_c0069,,,27254.0,24.0
r0129_c0024,,,22328.0,13.0
r0129_c0025,,,28083.0,16.0
r0129_c0026,,,27107.0,16.0
r0129_c0027,,,22299.0,12.0
r0129_c0028,,,32909.0,20.0
r0129_c0029,,,16040.0,10.0
r0129_c0030,,,7638.0,3.0
r0129_c0031,,,,
r0129_c0032,,,,
r0129_c0033,,,8734.0,5.0
r0129_c0034,,,15904.0,5.0
r0129_c0035,,,3002.0,1.0
r0129_c0036,,,,
r0129_c0037,,,,
r0129_c0038,,,,
r0129_c0046,,,47332.0,46.0
r0129_c0047,,,27981.0,19.0
r0129_c0049,11.0,,51745.0,16.0
r0129_c0050,6.0,,86267.0,10.0
r0129_c0051,6.0,,107696.0,3.0
r0129_c0052,,,85980.0,2.0
r0129_c0053,,,26700.0,27.0
r0129_c0054,,,9980.0,7.0
r0129_c0055,,,31890.0,27.0
r0129_c0056,,,34613.0,32.0
r0129_c0057,,,41847.0,34.0
r0129_c0058,1.0,,9404.0,7.0
r0129_c0059,,,2161.0,1.0
r0129_c0060,,,28188.0,20.0
r0129_c0061,,,22296.0,18.0
r0129_c0062,,,11246.0,10.0
r0129_c0063,,,3672.0,3.0
r0129_c0065,,,135699.0,6.0
r0129_c0066,,,37926.0,2.0
r0129_c0067,3.0,,38303.0,21.0
r0129_c0068,,,28311.0,21.0
r0130_c0025,,,25923.0,10.0
r0130_c0026,,,49579.0,17.0
r0130_c0027,,,32785.0,11.0
r0130_c0028,,,25300.0,7.0
r0130_c0029,,,35624.0,7.0
r0130_c0031,,,,
r0130_c0032,,,,
r0130_c0033,,,8094.0,1.0
r0130_c0034,,,,
r0130_c0035,,,,
r0130_c0036,1.0,,333.0,2.0
r0130_c0037,,,,
r0130_c0038,,,5436.0,2.0
r0130_c0039,,,31574.0,18.0
r0130_c0042,,,27090.0,13.0
r0130_c0045,,,35303.0,23.0
r0130_c0046,,,36164.0,33.0
r0130_c0048,4.0,,56087.0,20.0
r0130_c0049,4.0,,68786.0,4.0
r0130_c0050,,,58702.0,7.0
r0130_c0051,9.0,,68725.0,5.0
r0130_c0052,,,37934.0,12.0
r0130_c0053,,,57915.0,47.0
r0130_c0054,,,26088.0,22.0
r0130_c0055,,,57349.0,39.0
r0130_c0056,,,32008.0,30.0
r0130_c0057,,,30588.0,24.0
r0130_c0058,2.0,,24739.0,16.0
r0130_c0060,,,20945.0,16.0
r0130_c0061,,,21137.0,14.0
r0130_c0062,,,22403.0,16.0
r0130_c0063,,,8353.0,7.0
r0130_c0064,,,25661.0,23.0
r0130_c0065,,,60625.0,14.0
r0130_c0066,,,7091.0,5.0
r0130_c0067,,,28885.0,21.0
r0131_c0026,,,43524.0,16.0
r0131_c0027,,,47014.0,16.0
r0131_c0028,,,36335.0,12.0
r0131_c0029,,,26044.0,11.0
r0131_c0030,,,,
r0131_c0031,,,39201.0,2.0
r0131_c0032,,,16928.0,8.0
r0131_c0033,,,63557.0,20.0
r0131_c0034,,,11598.0,6.0
r0131_c0035,,,17209.0,8.0
r0131_c0036,,,11366.0,5.0
r0131_c0037,,,,
r0131_c0038,,,17166.0,7.0
r0131_c0048,15.0,,101833.0,8.0
r0131_c0049,,,87720.0,3.0
r0131_c0050,15.0,,88674.0,7.0
r0131_c0051,,,69394.0,18.0
r0131_c0052,,,38774.0,27.0
r0131_c0053,,,47138.0,33.0
r0131_c0054,,,51352.0,41.0
r0131_c0055,,,60748.0,37.0
r0131_c0056,,,35516.0,26.0
r0131_c0057,,,33429.0,24.0
r0131_c0058,,,25238.0,16.0
r0131_c0060,,,37130.0,26.0
r0131_c0061,,,27445.0,21.0
r0131_c0062,,,15144.0,12.0
r0131_c0063,,,32872.0,16.0
r0131_c0064,,,27043.0,23.0
r0131_c0065,,,48790.0,29.0
r0131_c0066,,,36193.0,29.0
r0132_c0027,,,49793.0,18.0
r0132_c0028,,,42997.0,16.0
r0132_c0029,,,27988.0,12.0
r0132_c0030,,,3346.0,1.0
r0132_c0031,,,23114.0,8.0
r0132_c0032,,,39682.0,28.0
r0132_c0033,,,34543.0,26.0
r0132_c0034,,,38073.0,20.0
r0132_c0035,,,53246.0,25.0
r0132_c0036,,,46194.0,22.0
r0132_c0037,,,25996.0,11.0
r0132_c0038,,,15125.0,6.0
r0132_c0047,,,14121.0,6.0
r0132_c0048,18.0,,65743.0,6.0
r0132_c0049,11.5,,31046.0,2.0
r0132_c0050,3.5,1945,40352.0,4.0
r0132_c0051,,,70707.0,20.0
r0132_c0052,4.5,,45404.0,21.0
r0132_c0053,,,67960.0,31.0
r0132_c0054,,,48159.0,29.0
r0132_c0055,,,42769.0,8.0
r0132_c0056,,,29198.0,21.0
r0132_c0057,,,30343.0,22.0
r0132_c0058,,,39286.0,21.0
r0132_c0060,,,26056.0,22.0
r0132_c0061,,,32827.0,21.0
r0132_c0062,,,15524.0,8.0
r0132_c0063,,,48274.0,12.0
r0132_c0064,2.0,,30037.0,25.0
r0132_c0065,,,38546.0,31.0
r0133_c0028,,,50782.0,18.0
r0133_c0029,,,21230.0,9.0
r0133_c0030,,,,
r0133_c0031,,,13651.0,11.0
r0133_c0032,,,29911.0,28.0
r0133_c0033,,,27211.0,31.0
r0133_c0034,,,29182.0,26.0
r0133_c0035,,,33430.0,19.0
r0133_c0036,,,70779.0,13.0
r0133_c0037,,,30334.0,17.0
r0133_c0038,,,37272.0,14.0
r0133_c0048,17.0,,39514.0,2.0
r0133_c0049,15.0,,122079.0,6.0
r0133_c0050,1.0,,42914.0,9.0
r0133_c0051,4.2,,173504.0,15.0
r0133_c0052,,,52059.0,9.0
r0133_c0053,,,37712.0,26.0
r0133_c0054,,,33343.0,24.0
r0133_c0055,,,23761.0,16.0
r0133_c0056,,,35013.0,29.0
r0133_c0057,,,36496.0,14.0
r0133_c0058,,,47971.0,15.0
r0133_c0059,,,24554.0,13.0
r0133_c0060,2.0,,19512.0,14.0
r0133_c0061,,,31549.0,25.0
r0133_c0062,,,9614.0,6.0
r0133_c0063,,,37789.0,11.0
r0133_c0064,3.0,,44405.0,26.0
r0134_c0029,,,4791.0,2.0
r0134_c0030,,,,
r0134_c0031,,,35264.0,9.0
r0134_c0032,,,28175.0,18.0
r0134_c0033,,,28706.0,25.0
r0134_c0034,,,22146.0,20.0
r0134_c0035,,,29808.0,24.0
r0134_c0036,,,15371.0,8.0
r0134_c0049,13.0,,149000.0,4.0
r0134_c0050,3.5,,48326.0,5.0
r0134_c0051,3.0,,61474.0,18.0
r0134_c0052,6.8,,113712.0,10.0
r0134_c0053,,,37188.0,27.0
r0134_c0054,,,29565.0,20.0
r0134_c0055,,,29467.0,22.0
r0134_c0056,,,5478.0,3.0
r0134_c0057,,,61559.0,2.0
r0134_c0058,,,44300.0,18.0
r0134_c0059,,,44787.0,20.0
r0134_c0060,2.0,,42833.0,22.0
r0134_c0061,,,25035.0,18.0
r0134_c0062,,,20794.0,14.0
r0134_c0063,,,13798.0,11.0
r0135_c0030,,,,
r0135_c0031,,,30366.0,17.0
r0135_c0032,,,31920.0,19.0
r0135_c0033,,,40250.0,26.0
r0135_c0034,,,37450.0,27.0
r0135_c0035,,,24126.0,20.0
r0135_c0036,,,26669.0,6.0
r0135_c0037,,,31741.0,16.0
r0135_c0038,3.0,,54286.0,5.0
r0135_c0052,4.0,,26717.0,9.0
r0135_c0054,,,26212.0,24.0
r0135_c0055,,,23930.0,19.0
r0135_c0056,,,34194.0,6.0
r0135_c0057,,,44551.0,5.0
r0135_c0058,,,15463.0,2.0
r0135_c0059,,,25259.0,19.0
r0135_c0060,,,29262.0,21.0
r0135_c0061,,,23453.0,15.0
r0135_c0062,,,35237.0,23.0
r0136_c0031,,,27766.0,16.0
r0136_c0032,,,36275.0,20.0
r0136_c0033,,,33434.0,20.0
r0136_c0034,3.0,,30734.0,14.0
r0136_c0035,,,36418.0,6.0
r0136_c0036,,,32905.0,20.0
r0136_c0037,,,25990.0,16.0
r0136_c0038,,,23081.0,14.0
r0136_c0051,10.0,,212536.0,4.0
r0136_c0052,,,57712.0,2.0
r0136_c0053,,,34587.0,22.0
r0136_c0054,,,26368.0,23.0
r0136_c0055,,,33053.0,27.0
r0136_c0056,,,24105.0,18.0
r0136_c0057,,,11147.0,9.0
r0136_c0058,,,11438.0,9.0
r0136_c0059,,,21911.0,19.0
r0136_c0060,,,24254.0,18.0
r0136_c0061,,,,
r0137_c0032,,,43788.0,5.0
r0137_c0033,,,9633.0,6.0
r0137_c0034,,,679.0,1.0
r0137_c0035,,,44367.0,3.0
r0137_c0036,,,44478.0,16.0
r0137_c0037,,,41935.0,25.0
r0137_c0038,,,34663.0,21.0
r0137_c0049,11.0,,95803.0,8.0
r0137_c0050,2.0,1938,126837.0,10.0
r0137_c0052,2.0,,70783.0,4.0
r0137_c0053,4.0,,34903.0,18.0
r0137_c0054,,,30475.0,25.0
r0137_c0055,,,33239.0,33.0
r0137_c0056,1.3,,33537.0,28.0
r0137_c0057,,,31644.0,27.0
r0137_c0058,,,32792.0,23.0
r0137_c0059,,,40664.0,28.0
r0138_c0033,,,35326.0,5.0
r0138_c0034,,,620.0,1.0
r0138_c0035,,,32730.0,1.0
r0138_c0036,,,35566.0,3.0
r0138_c0037,,,,
r0138_c0038,,,24814.0,15.0
r0138_c0039,,,37915.0,26.0
r0138_c0049,11.3,,77787.0,4.0
r0138_c0050,4.7,,97988.0,6.0
r0138_c0052,,,11239.0,10.0
r0138_c0053,,,32863.0,16.0
r0138_c0054,,,42074.0,16.0
r0138_c0055,,,37346.0,37.0
r0138_c0056,1.0,,28356.0,25.0
r0138_c0057,1.8,,28543.0,27.0
r0138_c0058,2.0,,35203.0,30.0
r0138_c0059,,,40902.0,28.0
r0139_c0034,,,5963.0,1.0
r0139_c0035,,,,
r0139_c0036,,,19266.0,1.0
r0139_c0037,,,27232.0,1.0
r0139_c0038,,,24804.0,4.0
r0139_c0039,,,36508.0,33.0
r0139_c0049,11.5,,169061.0,8.0
r0139_c0050,11.0,2019,77296.0,9.0
r0139_c0051,11.0,,45653.0,5.0
r0139_c0052,,,41860.0,51.0
r0139_c0053,,,32010.0,28.0
r0139_c0054,,,33943.0,28.0
r0139_c0055,,,31270.0,22.0
r0139_c0056,,,5902.0,3.0
r0139_c0057,2.0,,10586.0,7.0
r0139_c0058,2.0,,43910.0,18.0
r0140_c0035,,,10672.0,3.0
r0140_c0036,,,29630.0,3.0
r0140_c0037,,,22401.0,23.0
r0140_c0038,,,32944.0,12.0
r0140_c0039,,,18186.0,15.0
r0140_c0049,,,20593.0,12.0
r0140_c0050,2.0,,23132.0,16.0
r0140_c0051,1.7,,25924.0,16.0
r0140_c0052,,,19616.0,14.0
r0140_c0053,,,28919.0,22.0
r0140_c0054,,,31681.0,25.0
r0140_c0055,,,30039.0,21.0
r0140_c0056,,,28213.0,21.0
r0140_c0057,,,10988.0,6.0
r0141_c0036,,,19299.0,5.0
r0141_c0037,,,52625.0,18.0
r0141_c0038,,,40177.0,26.0
r0141_c0039,,,16710.0,7.0
r0141_c0047,,,35648.0,19.0
r0141_c0048,,,39119.0,22.0
r0141_c0049,,,26380.0,12.0
r0141_c0050,,,36690.0,31.0
r0141_c0051,2.0,,34271.0,24.0
r0141_c0052,,,39703.0,23.0
r0141_c0053,,,32024.0,20.0
r0141_c0054,,,32933.0,24.0
r0141_c0055,,,24841.0,21.0
r0141_c0056,,,27594.0,24.0
r0142_c0037,2.0,,96359.0,13.0
r0142_c0038,1.8,,20838.0,10.0
r0142_c0039,1.5,,35550.0,26.0
r0142_c0047,,,31509.0,15.0
r0142_c0048,,,23332.0,12.0
r0142_c0049,,,26455.0,14.0
r0142_c0050,,,23420.0,14.0
r0142_c0051,,,33059.0,24.0
r0142_c0052,,,28175.0,13.0
r0142_c0053,,,34065.0,24.0
r0142_c0054,,,28349.0,22.0
r0142_c0055,,,30149.0,19.0
r0143_c0038,1.6,,32402.0,12.0
r0143_c0047,,,21550.0,10.0
r0143_c0048,,,14198.0,10.0
r0143_c0049,,,16725.0,9.0
r0143_c0050,,,22037.0,13.0
r0143_c0051,,,25835.0,17.0
r0143_c0052,,,11151.0,7.0
r0143_c0053,2.0,,9641.0,6.0
r0143_c0054,,,25042.0,18.0
r0144_c0043,,,3959.0,2.0
r0144_c0044,,,29453.0,10.0
r0144_c0046,,,15441.0,9.0
r0144_c0047,1.0,,24814.0,16.0
r0144_c0048,2.0,,29726.0,17.0
r0144_c0049,2.0,,27277.0,15.0
r0144_c0050,,,17468.0,9.0
r0144_c0051,,,30133.0,18.0
r0144_c0052,,,38984.0,19.0
r0144_c0053,2.0,,27483.0,13.0
r0145_c0042,1.5,,31148.0,20.0
r0145_c0043,1.4,,45562.0,22.0
r0145_c0044,1.8,,30615.0,21.0
r0145_c0045,1.7,,28433.0,18.0
r0145_c0046,2.0,,24018.0,18.0
r0145_c0047,,,19243.0,14.0
r0145_c0048,2.0,,25816.0,17.0
r0145_c0049,,,26741.0,16.0
r0145_c0050,,,35522.0,19.0
r0145_c0051,1.0,,38712.0,15.0
r0145_c0052,,,41833.0,16.0
r0146_c0042,1.6,,36638.0,12.0
r0146_c0043,1.7,,36696.0,22.0
r0146_c0045,2.0,,25391.0,17.0
r0146_c0046,2.0,,32519.0,25.0
r0146_c0047,1.6,,26623.0,16.0
r0146_c0048,,,43778.0,21.0
r0146_c0049,2.0,,43376.0,21.0
r0146_c0050,2.0,,36582.0,19.0
r0146_c0051,,,19705.0,8.0
r0147_c0042,1.0,,48299.0,2.0
r0147_c0043,2.0,,7138.0,5.0
r0147_c0045,2.0,,2968.0,2.0
r0147_c0046,,,5314.0,3.0
r0147_c0047,,,3834.0,1.0
r0147_c0048,,,8657.0,4.0
r0147_c0049,,,6603.0,3.0
r0147_c0050,,,1995.0,1.0
r0148_c0042,,,,
r0148_c0043,,,,
r0148_c0044,,,,
r0148_c0045,,,,
r0148_c0046,,,,
r0148_c0047,,,,
r0148_c0048,,,,
r0148_c0049,,,,
r0149_c0043,,,,
r0149_c0044,,,,
r0149_c0045,,,,
r0149_c0046,,,,
r0149_c0047,,,,
r0149_c0048,,,,
r0150_c0045,,,,
r0150_c0046,,,,
r0150_c0047,,,,
r0151_c0046,,,,
