cell_id,road_density_primary
r0092_c0077,0.0
r0092_c0081,0.0
r0092_c0109,0.0
r0093_c0077,35.89
r0093_c0078,0.0
r0093_c0079,0.0
r0093_c0080,0.0
r0093_c0081,13.41
r0093_c0082,4.5
r0093_c0083,4.45
r0093_c0084,2.26
r0093_c0085,13.62
r0093_c0086,17.48
r0093_c0087,0.0
r0093_c0088,0.0
r0093_c0089,18.66
r0093_c0090,0.0
r0093_c0091,2.46
r0093_c0092,18.1
r0093_c0093,0.0
r0093_c0094,0.0
r0093_c0095,17.95
r0093_c0096,7.04
r0093_c0097,15.26
r0093_c0098,0.0
r0093_c0099,9.63
r0093_c0101,13.81
r0093_c0102,0.0
r0093_c0103,18.13
r0093_c0104,0.0
r0093_c0105,0.0
r0093_c0106,18.08
r0093_c0109,0.0
r0093_c0110,0.0
r0093_c0111,0.0
r0093_c0114,0.0
r0094_c0077,0.0
r0094_c0078,0.0
r0094_c0079,0.0
r0094_c0080,17.95
r0094_c0081,0.0
r0094_c0082,0.0
r0094_c0083,0.0
r0094_c0084,0.0
r0094_c0085,15.45
r0094_c0086,0.0
r0094_c0087,0.0
r0094_c0088,0.0
r0094_c0089,0.0
r0094_c0090,0.0
r0094_c0091,0.0
r0094_c0092,0.0
r0094_c0093,0.0
r0094_c0094,0.0
r0094_c0095,0.0
r0094_c0096,0.0
r0094_c0097,0.0
r0094_c0098,0.0
r0094_c0099,0.0
r0094_c0100,0.0
r0094_c0101,0.0
r0094_c0102,0.0
r0094_c0103,0.0
r0094_c0104,0.0
r0094_c0105,0.0
r0094_c0106,0.0
r0094_c0109,0.0
r0094_c0110,0.0
r0094_c0111,13.5
r0094_c0112,4.52
r0094_c0113,0.0
r0094_c0114,17.94
r0095_c0077,0.0
r0095_c0078,0.0
r0095_c0079,0.0
r0095_c0080,0.0
r0095_c0081,0.0
r0095_c0082,0.0
r0095_c0083,0.0
r0095_c0084,0.0
r0095_c0085,0.0
r0095_c0086,0.0
r0095_c0087,0.0
r0095_c0088,0.0
r0095_c0089,0.0
r0095_c0090,0.0
r0095_c0091,14.93
r0095_c0092,0.0
r0095_c0093,0.0
r0095_c0094,0.0
r0095_c0095,0.0
r0095_c0096,14.28
r0095_c0097,0.0
r0095_c0098,0.0
r0095_c0099,0.0
r0095_c0100,0.0
r0095_c0101,0.0
r0095_c0102,18.08
r0095_c0103,0.0
r0095_c0104,0.0
r0095_c0105,0.0
r0095_c0106,0.0
r0095_c0109,0.0
r0095_c0110,18.01
r0095_c0111,0.0
r0095_c0114,0.0
r0096_c0077,22.35
r0096_c0080,4.51
r0096_c0081,0.0
r0096_c0082,15.63
r0096_c0083,0.0
r0096_c0084,17.84
r0096_c0085,3.88
r0096_c0086,16.11
r0096_c0087,0.0
r0096_c0088,0.0
r0096_c0089,9.87
r0096_c0090,7.87
r0096_c0091,7.17
r0096_c0092,7.23
r0096_c0093,9.06
r0096_c0094,0.0
r0096_c0095,15.93
r0096_c0096,6.49
r0096_c0097,9.73
r0096_c0098,7.59
r0096_c0106,14.63
r0096_c0109,0.0
r0096_c0110,2.84
r0096_c0111,11.99
r0096_c0112,16.11
r0096_c0113,15.55
r0096_c0114,0.0
r0096_c0115,13.83
r0096_c0116,0.0
r0096_c0117,14.92
r0096_c0118,5.95
r0096_c0119,29.79
r0096_c0120,5.17
r0096_c0121,0.0
r0096_c0122,16.59
r0096_c0123,6.47
r0096_c0124,0.0
r0096_c0125,16.72
r0096_c0126,0.0
r0096_c0127,15.19
r0096_c0128,2.94
r0096_c0129,13.59
r0096_c0130,6.06
r0096_c0131,4.41
r0096_c0132,0.0
r0096_c0133,0.0
r0096_c0134,8.95
r0096_c0135,0.0
r0096_c0136,0.0
r0096_c0137,0.0
r0097_c0079,0.0
r0097_c0080,18.03
r0097_c0081,0.0
r0097_c0082,0.0
r0097_c0083,0.0
r0097_c0084,0.0
r0097_c0085,16.46
r0097_c0086,0.0
r0097_c0087,0.0
r0097_c0088,0.0
r0097_c0089,0.0
r0097_c0090,0.0
r0097_c0091,15.66
r0097_c0092,0.0
r0097_c0093,0.0
r0097_c0094,0.0
r0097_c0095,0.0
r0097_c0096,15.72
r0097_c0097,0.0
r0097_c0098,0.0
r0097_c0109,0.0
r0097_c0110,20.19
r0097_c0111,0.0
r0097_c0112,8.94
r0097_c0113,0.0
r0097_c0114,0.0
r0097_c0115,0.0
r0097_c0116,0.0
r0097_c0117,0.0
r0097_c0118,0.0
r0097_c0119,0.0
r0097_c0120,4.2
r0097_c0121,0.0
r0097_c0122,0.0
r0097_c0123,0.0
r0097_c0124,0.0
r0097_c0125,0.0
r0097_c0126,0.0
r0097_c0127,0.0
r0097_c0128,0.0
r0097_c0129,7.08
r0097_c0130,3.22
r0097_c0131,5.89
r0097_c0132,6.08
r0097_c0133,8.98
r0097_c0134,4.08
r0097_c0135,0.0
r0097_c0136,15.29
r0097_c0137,0.0
r0097_c0138,12.72
r0097_c0139,22.94
r0097_c0140,11.79
r0097_c0141,9.41
r0098_c0080,1.19
r0098_c0081,0.0
r0098_c0082,0.0
r0098_c0083,0.0
r0098_c0084,0.0
r0098_c0085,0.0
r0098_c0086,0.0
r0098_c0087,0.0
r0098_c0088,0.0
r0098_c0089,0.0
r0098_c0090,0.0
r0098_c0091,0.0
r0098_c0092,0.0
r0098_c0093,0.0
r0098_c0094,0.0
r0098_c0095,0.0
r0098_c0096,0.0
r0098_c0097,0.0
r0098_c0098,0.0
r0098_c0109,0.0
r0098_c0110,0.0
r0098_c0111,0.0
r0098_c0112,2.33
r0098_c0113,4.53
r0098_c0114,0.0
r0098_c0115,18.01
r0098_c0116,0.0
r0098_c0117,0.0
r0098_c0118,16.39
r0098_c0119,0.0
r0098_c0120,6.68
r0098_c0121,1.55
r0098_c0122,0.0
r0098_c0123,17.08
r0098_c0124,0.0
r0098_c0125,0.0
r0098_c0126,0.0
r0098_c0127,0.0
r0098_c0128,0.0
r0098_c0129,8.38
r0098_c0130,0.0
r0098_c0131,0.0
r0098_c0132,0.0
r0098_c0133,0.0
r0098_c0134,13.99
r0098_c0135,0.0
r0098_c0136,0.0
r0098_c0137,0.0
r0098_c0138,9.16
r0098_c0139,8.78
r0098_c0140,0.0
r0098_c0141,0.0
r0099_c0077,0.0
r0099_c0078,0.0
r0099_c0080,0.0
r0099_c0081,0.0
r0099_c0082,0.0
r0099_c0083,0.0
r0099_c0084,0.0
r0099_c0085,0.0
r0099_c0086,0.0
r0099_c0087,0.0
r0099_c0088,0.0
r0099_c0089,0.0
r0099_c0090,0.0
r0099_c0091,8.95
r0099_c0092,0.0
r0099_c0093,0.0
r0099_c0094,0.0
r0099_c0095,0.0
r0099_c0096,7.0
r0099_c0097,0.0
r0099_c0098,0.0
r0099_c0109,0.0
r0099_c0110,0.0
r0099_c0111,0.0
r0099_c0112,5.1
r0099_c0113,0.0
r0099_c0114,0.0
r0099_c0115,0.0
r0099_c0116,0.0
r0099_c0118,1.56
r0099_c0119,0.0
r0099_c0120,0.0
r0099_c0121,6.24
r0099_c0122,0.0
r0099_c0123,0.0
r0099_c0124,0.0
r0099_c0125,0.0
r0099_c0126,0.0
r0099_c0127,0.0
r0099_c0128,0.0
r0099_c0129,4.39
r0099_c0130,0.0
r0099_c0131,0.0
r0099_c0132,0.0
r0099_c0133,0.0
r0099_c0134,5.59
r0099_c0135,0.0
r0099_c0136,0.0
r0099_c0137,12.74
r0099_c0138,0.0
r0099_c0139,18.97
r0099_c0140,0.0
r0099_c0141,0.0
r0100_c0077,0.0
r0100_c0078,0.0
r0100_c0079,0.0
r0100_c0080,15.86
r0100_c0081,0.0
r0100_c0082,0.0
r0100_c0083,0.0
r0100_c0084,0.0
r0100_c0085,14.83
r0100_c0086,0.0
r0100_c0087,0.0
r0100_c0088,0.0
r0100_c0089,0.0
r0100_c0090,0.0
r0100_c0091,6.47
r0100_c0092,0.0
r0100_c0093,0.0
r0100_c0094,0.0
r0100_c0095,0.0
r0100_c0096,5.77
r0100_c0097,0.0
r0100_c0098,0.0
r0100_c0109,0.0
r0100_c0110,28.61
r0100_c0111,0.0
r0100_c0112,14.55
r0100_c0113,0.0
r0100_c0114,0.0
r0100_c0115,17.32
r0100_c0116,0.0
r0100_c0117,0.0
r0100_c0118,14.67
r0100_c0119,0.0
r0100_c0120,0.0
r0100_c0121,9.54
r0100_c0122,0.0
r0100_c0123,8.98
r0100_c0124,0.0
r0100_c0125,0.0
r0100_c0126,0.0
r0100_c0127,0.0
r0100_c0128,0.0
r0100_c0129,7.2
r0100_c0130,0.0
r0100_c0131,0.0
r0100_c0132,0.0
r0100_c0133,0.0
r0100_c0134,5.5
r0100_c0135,0.0
r0100_c0136,0.0
r0100_c0137,0.0
r0100_c0138,0.0
r0100_c0139,14.17
r0100_c0140,0.0
r0100_c0141,0.0
r0101_c0076,4.31
r0101_c0077,0.0
r0101_c0078,25.24
r0101_c0079,0.0
r0101_c0080,14.72
r0101_c0081,6.15
r0101_c0082,7.21
r0101_c0083,1.7
r0101_c0084,13.91
r0101_c0085,12.14
r0101_c0086,7.01
r0101_c0087,5.47
r0101_c0088,7.95
r0101_c0089,0.93
r0101_c0090,11.47
r0101_c0091,11.06
r0101_c0092,6.46
r0101_c0093,11.17
r0101_c0094,1.59
r0101_c0095,11.86
r0101_c0096,23.98
r0101_c0103,13.55
r0101_c0111,0.0
r0101_c0112,3.59
r0101_c0113,0.0
r0101_c0114,0.0
r0101_c0115,0.0
r0101_c0116,0.0
r0101_c0117,0.0
r0101_c0118,0.0
r0101_c0119,0.0
r0101_c0120,2.81
r0101_c0121,2.36
r0101_c0122,0.0
r0101_c0123,5.31
r0101_c0124,0.0
r0101_c0125,0.0
r0101_c0126,0.0
r0101_c0127,0.0
r0101_c0128,0.0
r0101_c0129,6.98
r0101_c0130,0.0
r0101_c0131,0.0
r0101_c0132,0.0
r0101_c0133,0.0
r0101_c0134,7.04
r0101_c0135,23.38
r0101_c0136,0.0
r0101_c0137,0.0
r0101_c0138,0.0
r0101_c0139,8.97
r0101_c0140,0.0
r0101_c0141,0.0
r0102_c0076,0.0
r0102_c0077,0.0
r0102_c0078,0.0
r0102_c0079,0.0
r0102_c0080,6.14
r0102_c0081,0.0
r0102_c0082,0.0
r0102_c0083,0.0
r0102_c0084,0.0
r0102_c0085,2.08
r0102_c0086,0.0
r0102_c0087,0.0
r0102_c0088,0.0
r0102_c0089,0.0
r0102_c0090,0.0
r0102_c0091,1.36
r0102_c0092,0.0
r0102_c0093,0.0
r0102_c0094,0.0
r0102_c0095,0.0
r0102_c0096,5.05
r0102_c0097,0.0
r0102_c0098,0.0
r0102_c0111,0.0
r0102_c0112,3.12
r0102_c0113,0.0
r0102_c0114,35.46
r0102_c0115,6.48
r0102_c0116,36.46
r0102_c0117,0.0
r0102_c0118,4.86
r0102_c0119,37.07
r0102_c0120,3.72
r0102_c0121,0.0
r0102_c0122,35.57
r0102_c0123,6.23
r0102_c0124,36.21
r0102_c0125,0.0
r0102_c0126,0.0
r0102_c0127,34.71
r0102_c0128,1.46
r0102_c0129,18.11
r0102_c0130,0.0
r0102_c0131,8.95
r0102_c0132,8.96
r0102_c0133,6.34
r0102_c0134,16.17
r0102_c0135,0.0
r0102_c0136,13.89
r0102_c0137,8.99
r0102_c0138,7.27
r0102_c0139,16.55
r0102_c0140,5.71
r0102_c0141,6.62
r0103_c0076,0.0
r0103_c0077,0.0
r0103_c0078,0.0
r0103_c0079,0.0
r0103_c0080,8.99
r0103_c0081,0.0
r0103_c0082,0.0
r0103_c0083,0.0
r0103_c0084,0.0
r0103_c0085,11.97
r0103_c0086,0.0
r0103_c0087,0.0
r0103_c0089,0.0
r0103_c0090,0.0
r0103_c0091,15.31
r0103_c0092,0.0
r0103_c0093,0.0
r0103_c0094,0.0
r0103_c0095,0.0
r0103_c0096,11.35
r0103_c0097,0.0
r0103_c0098,5.61
r0103_c0111,0.0
r0103_c0112,14.22
r0103_c0113,0.0
r0103_c0114,0.0
r0103_c0115,15.35
r0103_c0116,0.0
r0103_c0117,0.0
r0103_c0118,12.87
r0103_c0119,0.0
r0103_c0120,15.08
r0103_c0121,0.0
r0103_c0122,0.0
r0103_c0123,14.69
r0103_c0124,0.0
r0103_c0125,0.0
r0103_c0126,0.0
r0103_c0127,0.0
r0103_c0128,3.96
r0103_c0129,0.0
r0103_c0130,0.0
r0103_c0131,0.0
r0103_c0132,4.39
r0103_c0133,10.1
r0103_c0134,14.99
r0103_c0135,0.0
r0103_c0136,0.0
r0103_c0137,0.0
r0103_c0138,0.0
r0103_c0139,17.11
r0103_c0140,0.0
r0103_c0141,0.0
r0104_c0076,0.0
r0104_c0077,0.0
r0104_c0078,0.0
r0104_c0079,0.0
r0104_c0080,6.61
r0104_c0081,0.0
r0104_c0082,0.0
r0104_c0083,0.0
r0104_c0084,0.0
r0104_c0085,2.6
r0104_c0086,0.0
r0104_c0087,0.0
r0104_c0088,0.0
r0104_c0089,0.0
r0104_c0090,0.0
r0104_c0091,0.0
r0104_c0092,0.0
r0104_c0093,0.0
r0104_c0094,0.0
r0104_c0095,0.0
r0104_c0096,6.06
r0104_c0097,7.34
r0104_c0098,4.88
r0104_c0111,0.0
r0104_c0112,2.49
r0104_c0113,0.0
r0104_c0114,0.0
r0104_c0115,5.19
r0104_c0116,0.0
r0104_c0117,0.0
r0104_c0118,17.48
r0104_c0119,0.0
r0104_c0120,5.2
r0104_c0121,0.0
r0104_c0122,0.0
r0104_c0123,2.35
r0104_c0124,0.0
r0104_c0125,0.0
r0104_c0126,0.0
r0104_c0127,0.0
r0104_c0128,9.78
r0104_c0129,0.0
r0104_c0130,0.0
r0104_c0131,2.14
r0104_c0132,5.89
r0104_c0133,0.0
r0104_c0134,0.0
r0104_c0135,0.0
r0104_c0136,0.0
r0104_c0137,0.0
r0104_c0138,0.0
r0104_c0139,15.98
r0104_c0140,0.0
r0104_c0141,5.08
r0105_c0076,0.0
r0105_c0077,0.0
r0105_c0078,0.0
r0105_c0079,0.0
r0105_c0080,3.66
r0105_c0081,0.0
r0105_c0082,0.0
r0105_c0083,0.0
r0105_c0084,0.0
r0105_c0085,10.53
r0105_c0086,0.0
r0105_c0087,0.0
r0105_c0088,0.0
r0105_c0089,0.0
r0105_c0090,0.0
r0105_c0091,11.72
r0105_c0092,0.0
r0105_c0093,0.0
r0105_c0094,0.0
r0105_c0095,13.11
r0105_c0096,13.76
r0105_c0097,0.0
r0105_c0111,0.0
r0105_c0112,0.0
r0105_c0113,0.0
r0105_c0114,0.0
r0105_c0115,0.84
r0105_c0116,0.0
r0105_c0117,0.0
r0105_c0118,18.42
r0105_c0119,0.0
r0105_c0120,7.58
r0105_c0121,0.0
r0105_c0122,0.0
r0105_c0123,0.24
r0105_c0124,0.0
r0105_c0126,0.0
r0105_c0127,0.0
r0105_c0128,8.02
r0105_c0129,0.0
r0105_c0130,1.34
r0105_c0131,10.98
r0105_c0132,0.0
r0105_c0133,0.0
r0105_c0134,11.81
r0105_c0135,0.0
r0105_c0136,0.0
r0105_c0137,0.0
r0105_c0138,0.0
r0105_c0139,7.55
r0105_c0140,0.0
r0105_c0141,12.92
r0106_c0076,0.0
r0106_c0077,0.0
r0106_c0078,0.0
r0106_c0079,0.0
r0106_c0080,18.02
r0106_c0081,0.0
r0106_c0082,0.0
r0106_c0083,0.0
r0106_c0084,0.0
r0106_c0085,4.74
r0106_c0086,0.0
r0106_c0087,0.0
r0106_c0088,0.0
r0106_c0089,0.0
r0106_c0090,0.0
r0106_c0091,5.48
r0106_c0092,0.0
r0106_c0093,16.82
r0106_c0094,0.0
r0106_c0095,0.0
r0106_c0096,7.0
r0106_c0097,0.0
r0106_c0111,0.0
r0106_c0112,17.29
r0106_c0113,0.0
r0106_c0114,0.0
r0106_c0115,15.51
r0106_c0116,0.0
r0106_c0117,0.0
r0106_c0118,9.15
r0106_c0119,0.0
r0106_c0120,1.85
r0106_c0121,0.0
r0106_c0122,0.0
r0106_c0123,17.44
r0106_c0124,0.0
r0106_c0126,0.0
r0106_c0127,0.0
r0106_c0128,6.8
r0106_c0129,10.57
r0106_c0130,0.0
r0106_c0131,0.0
r0106_c0132,0.0
r0106_c0133,0.0
r0106_c0134,0.0
r0106_c0135,17.9
r0106_c0136,0.0
r0106_c0137,4.52
r0106_c0138,8.93
r0106_c0139,15.94
r0106_c0140,12.88
r0107_c0076,0.0
r0107_c0077,0.0
r0107_c0078,0.0
r0107_c0079,0.0
r0107_c0080,7.01
r0107_c0081,0.0
r0107_c0082,0.0
r0107_c0083,0.0
r0107_c0084,0.0
r0107_c0085,9.38
r0107_c0086,0.0
r0107_c0087,0.0
r0107_c0088,10.73
r0107_c0089,2.56
r0107_c0090,5.94
r0107_c0091,6.36
r0107_c0092,12.99
r0107_c0093,0.0
r0107_c0094,21.01
r0107_c0095,0.0
r0107_c0096,12.25
r0107_c0097,11.4
r0107_c0098,3.54
r0107_c0099,2.72
r0107_c0100,13.59
r0107_c0101,2.62
r0107_c0102,2.65
r0107_c0103,15.34
r0107_c0106,8.97
r0107_c0112,2.59
r0107_c0113,1.88
r0107_c0114,14.81
r0107_c0115,0.0
r0107_c0116,16.29
r0107_c0117,1.57
r0107_c0118,12.22
r0107_c0119,15.33
r0107_c0120,11.39
r0107_c0121,0.0
r0107_c0122,15.18
r0107_c0123,4.74
r0107_c0124,0.0
r0107_c0126,0.0
r0107_c0127,1.09
r0107_c0128,21.56
r0107_c0129,1.9
r0107_c0130,16.11
r0107_c0131,0.0
r0107_c0132,16.94
r0107_c0133,0.0
r0107_c0134,12.62
r0107_c0135,16.53
r0107_c0136,0.0
r0107_c0137,6.21
r0107_c0138,5.75
r0107_c0139,20.5
r0107_c0140,5.64
r0108_c0076,0.0
r0108_c0077,0.0
r0108_c0078,0.0
r0108_c0079,0.0
r0108_c0080,0.0
r0108_c0081,0.0
r0108_c0082,0.0
r0108_c0083,0.0
r0108_c0084,5.24
r0108_c0085,13.72
r0108_c0086,1.87
r0108_c0087,11.94
r0108_c0088,0.0
r0108_c0089,0.0
r0108_c0090,0.0
r0108_c0091,15.98
r0108_c0092,0.0
r0108_c0093,0.0
r0108_c0094,0.0
r0108_c0095,0.0
r0108_c0096,7.12
r0108_c0097,0.0
r0108_c0098,0.0
r0108_c0099,0.0
r0108_c0100,0.0
r0108_c0101,18.06
r0108_c0102,0.0
r0108_c0103,0.0
r0108_c0109,0.0
r0108_c0112,18.08
r0108_c0113,0.0
r0108_c0114,0.0
r0108_c0115,18.11
r0108_c0116,0.0
r0108_c0117,0.0
r0108_c0118,16.39
r0108_c0119,0.0
r0108_c0120,0.0
r0108_c0121,0.0
r0108_c0122,0.0
r0108_c0123,0.0
r0108_c0124,0.0
r0108_c0126,0.0
r0108_c0127,9.45
r0108_c0128,6.93
r0108_c0129,0.0
r0108_c0130,0.0
r0108_c0131,0.0
r0108_c0132,0.0
r0108_c0133,0.0
r0108_c0134,0.0
r0108_c0135,0.0
r0108_c0136,0.0
r0108_c0137,0.0
r0108_c0138,4.87
r0108_c0139,20.24
r0108_c0140,0.0
r0109_c0076,0.0
r0109_c0077,0.0
r0109_c0078,0.0
r0109_c0079,0.0
r0109_c0080,19.31
r0109_c0081,6.74
r0109_c0082,7.62
r0109_c0083,5.06
r0109_c0084,3.25
r0109_c0085,6.59
r0109_c0086,0.0
r0109_c0087,0.0
r0109_c0088,0.0
r0109_c0089,0.0
r0109_c0090,0.0
r0109_c0091,0.0
r0109_c0092,0.0
r0109_c0093,0.0
r0109_c0094,0.0
r0109_c0095,0.0
r0109_c0096,6.41
r0109_c0097,0.0
r0109_c0098,0.0
r0109_c0099,0.0
r0109_c0100,0.0
r0109_c0101,0.0
r0109_c0102,0.0
r0109_c0103,0.0
r0109_c0109,0.0
r0109_c0110,0.0
r0109_c0112,0.0
r0109_c0113,0.0
r0109_c0114,0.0
r0109_c0115,0.0
r0109_c0116,0.0
r0109_c0117,0.0
r0109_c0118,14.33
r0109_c0119,0.0
r0109_c0120,14.7
r0109_c0121,0.0
r0109_c0122,0.0
r0109_c0123,22.09
r0109_c0124,0.0
r0109_c0125,4.39
r0109_c0126,6.92
r0109_c0127,0.0
r0109_c0128,6.26
r0109_c0129,0.0
r0109_c0130,0.0
r0109_c0131,0.0
r0109_c0132,0.0
r0109_c0133,0.0
r0109_c0134,14.37
r0109_c0135,0.0
r0109_c0136,0.0
r0109_c0137,0.0
r0109_c0138,7.75
r0109_c0139,9.69
r0109_c0140,0.0
r0110_c0076,6.19
r0110_c0077,5.83
r0110_c0078,7.25
r0110_c0079,7.76
r0110_c0080,0.0
r0110_c0081,0.0
r0110_c0082,0.0
r0110_c0083,0.0
r0110_c0084,0.0
r0110_c0085,0.0
r0110_c0086,0.0
r0110_c0087,0.0
r0110_c0088,0.0
r0110_c0089,0.0
r0110_c0090,0.0
r0110_c0091,0.0
r0110_c0092,0.0
r0110_c0093,0.0
r0110_c0094,0.0
r0110_c0095,0.0
r0110_c0096,7.33
r0110_c0097,0.0
r0110_c0098,0.0
r0110_c0099,0.0
r0110_c0100,0.0
r0110_c0101,0.0
r0110_c0102,0.0
r0110_c0103,0.0
r0110_c0104,0.0
r0110_c0105,0.0
r0110_c0106,0.0
r0110_c0108,0.0
r0110_c0109,0.0
r0110_c0110,0.0
r0110_c0111,0.0
r0110_c0112,2.41
r0110_c0113,0.0
r0110_c0114,0.0
r0110_c0115,0.0
r0110_c0116,0.0
r0110_c0117,0.0
r0110_c0120,6.34
r0110_c0121,0.0
r0110_c0122,0.0
r0110_c0123,0.0
r0110_c0124,3.42
r0110_c0126,0.0
r0110_c0127,0.0
r0110_c0128,7.33
r0110_c0129,0.0
r0110_c0130,0.0
r0110_c0131,0.0
r0110_c0132,0.0
r0110_c0133,0.0
r0110_c0134,15.75
r0110_c0135,4.04
r0110_c0136,9.03
r0110_c0137,16.15
r0110_c0138,6.29
r0110_c0139,16.49
r0110_c0140,11.69
r0111_c0077,0.0
r0111_c0078,0.0
r0111_c0079,0.0
r0111_c0080,16.1
r0111_c0081,0.0
r0111_c0082,0.0
r0111_c0083,0.0
r0111_c0084,0.0
r0111_c0085,14.35
r0111_c0086,0.0
r0111_c0087,0.0
r0111_c0088,0.0
r0111_c0089,0.0
r0111_c0090,0.0
r0111_c0091,16.33
r0111_c0092,0.0
r0111_c0093,0.0
r0111_c0094,0.0
r0111_c0095,0.0
r0111_c0096,8.25
r0111_c0097,0.0
r0111_c0098,0.0
r0111_c0099,0.0
r0111_c0100,0.0
r0111_c0101,18.15
r0111_c0102,0.0
r0111_c0103,0.0
r0111_c0104,0.0
r0111_c0105,0.0
r0111_c0106,0.0
r0111_c0107,7.17
r0111_c0108,0.0
r0111_c0109,0.0
r0111_c0110,0.0
r0111_c0111,0.0
r0111_c0112,15.73
r0111_c0113,0.0
r0111_c0114,0.0
r0111_c0115,18.1
r0111_c0116,0.0
r0111_c0118,17.15
r0111_c0120,13.66
r0111_c0121,0.0
r0111_c0122,0.0
r0111_c0123,9.05
r0111_c0124,5.52
r0111_c0126,0.0
r0111_c0127,0.0
r0111_c0128,6.36
r0111_c0129,0.0
r0111_c0130,0.0
r0111_c0131,0.0
r0111_c0132,0.0
r0111_c0133,0.0
r0111_c0134,6.35
r0111_c0135,0.0
r0111_c0136,13.45
r0111_c0137,0.0
r0111_c0138,0.0
r0111_c0139,13.6
r0111_c0140,11.66
r0112_c0093,9.04
r0112_c0094,9.1
r0112_c0095,6.81
r0112_c0096,12.34
r0112_c0097,6.06
r0112_c0098,7.86
r0112_c0099,10.02
r0112_c0100,0.0
r0112_c0101,10.86
r0112_c0102,0.0
r0112_c0103,16.1
r0112_c0104,0.0
r0112_c0105,9.93
r0112_c0106,6.09
r0112_c0107,9.69
r0112_c0108,11.83
r0112_c0109,4.5
r0112_c0110,0.0
r0112_c0111,16.13
r0112_c0112,4.19
r0112_c0113,0.0
r0112_c0114,14.47
r0112_c0115,7.71
r0112_c0116,0.94
r0112_c0117,11.19
r0112_c0118,0.0
r0112_c0119,0.0
r0112_c0120,2.53
r0112_c0121,2.15
r0112_c0122,8.9
r0112_c0123,9.45
r0112_c0124,0.0
r0112_c0126,0.0
r0112_c0127,0.0
r0112_c0128,5.58
r0112_c0129,0.0
r0112_c0130,0.0
r0112_c0131,0.0
r0112_c0132,0.0
r0112_c0133,0.0
r0112_c0134,8.39
r0112_c0135,5.95
r0112_c0136,0.0
r0112_c0137,0.0
r0112_c0138,0.0
r0112_c0139,13.24
r0112_c0140,0.0
r0113_c0103,0.0
r0113_c0104,0.0
r0113_c0105,0.0
r0113_c0106,0.0
r0113_c0107,2.48
r0113_c0108,0.0
r0113_c0109,0.0
r0113_c0110,0.0
r0113_c0111,0.0
r0113_c0112,1.83
r0113_c0113,0.0
r0113_c0114,0.0
r0113_c0115,0.0
r0113_c0116,0.0
r0113_c0117,2.81
r0113_c0118,9.47
r0113_c0119,6.85
r0113_c0120,12.35
r0113_c0121,12.9
r0113_c0122,9.42
r0113_c0123,5.1
r0113_c0124,0.0
r0113_c0127,16.3
r0113_c0128,12.54
r0113_c0130,5.67
r0113_c0131,7.72
r0113_c0135,18.32
r0113_c0136,7.65
r0113_c0137,4.79
r0113_c0138,11.62
r0113_c0139,14.51
r0113_c0140,7.16
r0114_c0103,0.0
r0114_c0104,0.0
r0114_c0106,0.0
r0114_c0107,15.54
r0114_c0108,0.0
r0114_c0109,0.0
r0114_c0110,0.0
r0114_c0111,0.0
r0114_c0112,13.33
r0114_c0113,0.0
r0114_c0114,0.0
r0114_c0115,18.02
r0114_c0116,0.0
r0114_c0117,12.75
r0114_c0118,0.0
r0114_c0119,12.25
r0114_c0120,3.11
r0114_c0121,0.0
r0114_c0122,0.0
r0114_c0123,12.4
r0114_c0124,0.0
r0114_c0127,0.0
r0114_c0128,7.47
r0114_c0131,0.0
r0114_c0132,9.64
r0114_c0135,0.0
r0114_c0136,0.0
r0114_c0137,13.28
r0114_c0138,0.0
r0114_c0139,17.5
r0114_c0140,0.0
r0115_c0103,18.06
r0115_c0104,4.99
r0115_c0105,3.52
r0115_c0106,9.09
r0115_c0107,0.87
r0115_c0108,0.0
r0115_c0109,35.6
r0115_c0110,0.0
r0115_c0113,17.95
r0115_c0114,0.0
r0115_c0115,0.0
r0115_c0116,15.27
r0115_c0117,10.37
r0115_c0118,15.75
r0115_c0119,8.21
r0115_c0120,15.98
r0115_c0121,15.54
r0115_c0122,0.0
r0115_c0123,10.99
r0115_c0124,0.0
r0115_c0125,13.45
r0115_c0126,7.26
r0115_c0127,8.94
r0115_c0128,27.65
r0115_c0129,0.0
r0115_c0130,0.0
r0115_c0133,0.0
r0115_c0136,5.8
r0115_c0137,2.71
r0115_c0138,0.0
r0115_c0139,9.01
r0115_c0140,0.0
r0116_c0103,0.0
r0116_c0104,0.0
r0116_c0105,0.0
r0116_c0106,0.0
r0116_c0107,16.86
r0116_c0108,0.0
r0116_c0109,0.0
r0116_c0110,0.0
r0116_c0112,13.58
r0116_c0113,0.0
r0116_c0114,0.0
r0116_c0115,0.0
r0116_c0116,0.0
r0116_c0117,14.4
r0116_c0118,6.16
r0116_c0119,0.0
r0116_c0120,15.84
r0116_c0121,0.0
r0116_c0122,0.0
r0116_c0123,7.7
r0116_c0124,0.0
r0116_c0125,0.0
r0116_c0126,0.0
r0116_c0127,0.0
r0116_c0128,11.92
r0116_c0129,7.49
r0116_c0130,8.46
r0116_c0132,0.0
r0116_c0133,9.63
r0116_c0134,0.0
r0116_c0136,2.36
r0116_c0138,0.0
r0116_c0139,17.54
r0117_c0103,0.0
r0117_c0104,0.0
r0117_c0105,0.0
r0117_c0106,0.0
r0117_c0107,0.0
r0117_c0108,0.0
r0117_c0109,0.0
r0117_c0110,0.0
r0117_c0111,0.0
r0117_c0112,0.0
r0117_c0113,0.0
r0117_c0114,0.0
r0117_c0115,18.09
r0117_c0116,15.36
r0117_c0117,7.35
r0117_c0118,0.0
r0117_c0119,0.0
r0117_c0120,0.0
r0117_c0121,0.0
r0117_c0122,0.0
r0117_c0123,7.79
r0117_c0125,0.0
r0117_c0127,0.0
r0117_c0128,17.34
r0117_c0129,12.4
r0117_c0130,11.12
r0117_c0131,0.0
r0117_c0132,0.0
r0117_c0133,7.36
r0117_c0134,5.26
r0117_c0135,5.35
r0117_c0136,0.0
r0117_c0137,0.0
r0117_c0138,0.0
r0117_c0139,0.0
r0117_c0140,0.0
r0118_c0103,25.69
r0118_c0104,0.0
r0118_c0105,0.0
r0118_c0107,4.83
r0118_c0108,15.79
r0118_c0109,0.0
r0118_c0110,9.01
r0118_c0111,7.62
r0118_c0112,12.58
r0118_c0114,0.0
r0118_c0115,13.23
r0118_c0116,12.19
r0118_c0117,8.33
r0118_c0118,5.35
r0118_c0119,9.06
r0118_c0120,5.9
r0118_c0121,14.45
r0118_c0122,0.0
r0118_c0125,1.84
r0118_c0126,19.83
r0118_c0127,0.0
r0118_c0128,21.48
r0118_c0129,11.06
r0118_c0130,3.98
r0118_c0131,5.96
r0118_c0132,12.16
r0118_c0133,6.08
r0118_c0134,17.1
r0118_c0135,0.0
r0118_c0136,17.85
r0118_c0137,0.0
r0118_c0138,6.67
r0118_c0139,29.57
r0118_c0140,4.45
r0119_c0103,0.0
r0119_c0104,0.0
r0119_c0105,0.0
r0119_c0106,0.0
r0119_c0107,16.64
r0119_c0108,0.0
r0119_c0109,0.0
r0119_c0110,0.0
r0119_c0113,20.58
r0119_c0115,16.25
r0119_c0116,0.0
r0119_c0117,12.14
r0119_c0118,0.0
r0119_c0119,0.0
r0119_c0120,16.41
r0119_c0121,0.0
r0119_c0122,0.0
r0119_c0125,0.0
r0119_c0126,0.0
r0119_c0127,9.01
r0119_c0128,12.22
r0119_c0129,0.0
r0119_c0130,0.0
r0119_c0131,0.0
r0119_c0132,0.0
r0119_c0133,1.05
r0119_c0134,0.0
r0119_c0135,0.0
r0119_c0136,0.0
r0119_c0137,0.0
r0119_c0138,0.0
r0119_c0139,13.11
r0119_c0140,0.0
r0120_c0103,0.0
r0120_c0104,0.0
r0120_c0105,0.0
r0120_c0106,0.0
r0120_c0107,0.0
r0120_c0108,0.0
r0120_c0109,0.0
r0120_c0110,0.0
r0120_c0115,0.37
r0120_c0116,0.0
r0120_c0117,2.81
r0120_c0118,0.0
r0120_c0119,0.0
r0120_c0120,0.0
r0120_c0121,0.0
r0120_c0125,0.0
r0120_c0126,10.53
r0120_c0127,0.0
r0120_c0128,16.72
r0120_c0129,0.0
r0120_c0130,0.0
r0120_c0131,0.0
r0120_c0132,21.01
r0120_c0133,15.97
r0120_c0134,0.0
r0120_c0135,0.0
r0120_c0136,0.0
r0120_c0137,0.0
r0120_c0138,0.0
r0120_c0139,16.88
r0120_c0140,0.0
r0121_c0103,0.0
r0121_c0104,0.0
r0121_c0105,0.0
r0121_c0108,0.0
r0121_c0109,0.0
r0121_c0110,11.17
r0121_c0111,7.18
r0121_c0112,11.38
r0121_c0113,0.0
r0121_c0114,0.0
r0121_c0115,4.08
r0121_c0116,0.0
r0121_c0117,2.31
r0121_c0118,0.0
r0121_c0119,0.0
r0121_c0121,0.0
r0121_c0125,5.86
r0121_c0126,0.0
r0121_c0127,0.0
r0121_c0128,11.99
r0121_c0129,0.0
r0121_c0130,0.0
r0121_c0131,0.0
r0121_c0132,0.0
r0121_c0133,9.01
r0121_c0134,0.0
r0121_c0135,0.0
r0121_c0136,0.0
r0121_c0137,0.0
r0121_c0138,0.0
r0121_c0139,10.42
r0121_c0140,0.0
r0122_c0108,0.0
r0122_c0109,0.0
r0122_c0110,0.0
r0122_c0115,15.94
r0122_c0116,0.0
r0122_c0117,10.62
r0122_c0118,0.0
r0122_c0119,0.0
r0122_c0120,1.53
r0122_c0121,0.0
r0122_c0125,0.0
r0122_c0126,0.0
r0122_c0127,0.0
r0122_c0128,5.62
r0122_c0129,0.0
r0122_c0130,18.62
r0122_c0131,0.0
r0122_c0132,0.0
r0122_c0133,0.0
r0122_c0134,0.0
r0122_c0135,0.0
r0122_c0136,0.0
r0122_c0137,0.0
r0122_c0138,0.0
r0122_c0139,9.08
r0122_c0140,0.0
r0123_c0108,9.64
r0123_c0109,19.55
r0123_c0110,1.38
r0123_c0111,12.16
r0123_c0112,13.49
r0123_c0115,6.15
r0123_c0116,9.27
r0123_c0117,31.72
r0123_c0118,2.21
r0123_c0121,10.48
r0123_c0125,4.15
r0123_c0126,5.26
r0123_c0127,8.95
r0123_c0128,32.39
r0123_c0129,6.97
r0123_c0130,8.91
r0123_c0131,0.0
r0123_c0132,16.54
r0123_c0133,10.33
r0123_c0134,0.0
r0123_c0135,0.0
r0123_c0136,0.0
r0123_c0137,0.0
r0123_c0138,0.0
r0123_c0139,17.95
r0123_c0140,11.54
r0124_c0108,0.0
r0124_c0109,0.0
r0124_c0110,0.0
r0124_c0112,0.0
r0124_c0127,6.31
r0124_c0130,0.0
r0124_c0131,0.0
r0124_c0132,0.0
r0124_c0133,2.6
r0124_c0134,7.75
r0124_c0135,8.08
r0124_c0136,0.55
r0124_c0137,9.12
r0124_c0138,16.26
r0124_c0139,26.2
r0124_c0140,0.0
r0125_c0108,0.0
r0125_c0114,0.0
r0125_c0115,6.65
r0125_c0119,0.0
r0125_c0120,1.91
r0125_c0121,0.0
r0125_c0130,0.0
r0125_c0131,0.0
r0125_c0132,0.0
r0125_c0133,16.55
r0125_c0134,0.0
r0125_c0135,0.0
r0125_c0136,0.0
r0125_c0137,0.0
r0125_c0138,0.0
r0125_c0139,9.14
r0125_c0140,0.0
r0126_c0109,0.0
r0126_c0115,0.97
r0126_c0117,19.48
r0126_c0118,0.0
r0126_c0130,0.0
r0126_c0131,32.96
r0126_c0132,0.0
r0126_c0133,0.0
r0126_c0134,0.0
r0126_c0135,0.0
r0126_c0136,0.0
r0126_c0137,0.0
r0126_c0138,10.08
r0126_c0139,13.57
r0126_c0140,0.0
r0127_c0108,0.0
r0127_c0109,0.0
r0127_c0112,6.7
r0127_c0117,0.0
r0127_c0118,0.0
r0127_c0130,0.0
r0127_c0131,0.0
r0127_c0132,0.0
r0127_c0133,18.02
r0127_c0134,0.0
r0127_c0135,0.0
r0127_c0136,0.0
r0127_c0137,18.03
r0127_c0138,0.0
r0127_c0139,16.33
r0127_c0140,0.0
r0128_c0111,9.27
r0128_c0116,0.0
r0128_c0118,0.0
r0128_c0130,0.0
r0128_c0131,0.0
r0128_c0132,0.0
r0128_c0133,0.0
r0128_c0134,0.0
r0128_c0135,0.0
r0128_c0136,0.0
r0128_c0137,0.0
r0128_c0138,0.0
r0128_c0139,8.96
r0128_c0140,0.0
r0129_c0117,13.34
r0129_c0120,6.09
r0129_c0121,3.62
r0129_c0122,9.9
r0129_c0124,8.64
r0129_c0125,0.33
r0129_c0126,12.33
r0129_c0127,6.69
r0129_c0128,8.21
r0129_c0129,16.09
r0129_c0130,0.0
r0129_c0131,0.0
r0129_c0132,17.85
r0129_c0133,2.31
r0129_c0134,8.9
r0129_c0135,6.58
r0129_c0136,8.04
r0129_c0137,7.15
r0129_c0138,8.73
r0129_c0139,21.37
r0129_c0140,16.29
r0129_c0146,8.08
r0129_c0147,0.0
r0129_c0148,17.34
r0129_c0149,5.66
r0129_c0150,7.74
r0129_c0151,10.05
r0129_c0152,0.0
r0129_c0156,0.0
r0129_c0160,0.0
r0129_c0162,0.0
r0129_c0163,0.0
r0129_c0164,0.0
r0129_c0165,0.0
r0129_c0166,0.0
r0129_c0167,0.0
r0129_c0170,0.0
r0129_c0171,0.0
r0129_c0174,0.0
r0129_c0175,0.0
r0129_c0177,0.0
r0130_c0115,7.03
r0130_c0120,0.0
r0130_c0123,0.0
r0130_c0124,0.0
r0130_c0125,0.0
r0130_c0126,0.0
r0130_c0127,0.0
r0130_c0128,8.68
r0130_c0129,0.0
r0130_c0130,0.0
r0130_c0131,0.0
r0130_c0132,0.0
r0130_c0133,0.0
r0130_c0134,0.0
r0130_c0135,0.85
r0130_c0136,5.96
r0130_c0137,0.0
r0130_c0138,0.0
r0130_c0139,10.59
r0130_c0140,0.0
r0130_c0146,0.0
r0130_c0147,8.9
r0130_c0148,0.0
r0130_c0149,5.98
r0130_c0150,9.84
r0130_c0151,13.58
r0130_c0152,0.0
r0130_c0153,9.29
r0130_c0154,0.0
r0130_c0157,0.0
r0130_c0159,0.0
r0130_c0160,0.0
r0130_c0161,0.0
r0130_c0162,0.0
r0130_c0163,0.0
r0130_c0164,0.0
r0130_c0165,0.0
r0130_c0166,0.0
r0130_c0167,0.0
r0130_c0170,0.0
r0130_c0171,0.0
r0130_c0172,0.0
r0130_c0173,0.0
r0130_c0174,0.0
r0130_c0175,0.0
r0130_c0176,0.0
r0130_c0177,0.0
r0130_c0179,0.0
r0130_c0180,0.0
r0130_c0181,0.0
r0130_c0182,0.0
r0130_c0183,0.0
r0130_c0184,0.0
r0130_c0185,0.0
r0130_c0186,0.0
r0131_c0115,1.74
r0131_c0117,0.0
r0131_c0125,0.0
r0131_c0126,0.0
r0131_c0127,0.0
r0131_c0128,7.32
r0131_c0129,0.0
r0131_c0130,0.0
r0131_c0131,0.0
r0131_c0132,0.0
r0131_c0135,11.4
r0131_c0136,0.0
r0131_c0137,0.0
r0131_c0138,0.0
r0131_c0139,14.95
r0131_c0140,0.0
r0131_c0146,0.0
r0131_c0147,0.0
r0131_c0148,0.0
r0131_c0149,5.82
r0131_c0150,3.55
r0131_c0151,0.0
r0131_c0152,6.89
r0131_c0153,0.0
r0131_c0154,0.0
r0131_c0157,0.0
r0131_c0159,0.0
r0131_c0160,0.0
r0131_c0161,0.0
r0131_c0162,0.0
r0131_c0163,0.0
r0131_c0164,0.0
r0131_c0165,0.0
r0131_c0166,0.0
r0131_c0167,0.0
r0131_c0170,0.0
r0131_c0171,0.0
r0131_c0173,0.0
r0131_c0174,0.0
r0131_c0175,0.0
r0131_c0176,0.0
r0131_c0177,0.0
r0131_c0179,0.0
r0131_c0180,0.0
r0131_c0181,0.0
r0131_c0182,0.0
r0131_c0183,0.0
r0131_c0184,0.0
r0131_c0185,0.0
r0132_c0113,13.13
r0132_c0115,0.0
r0132_c0129,0.0
r0132_c0130,0.0
r0132_c0131,0.0
r0132_c0132,0.0
r0132_c0133,9.34
r0132_c0134,0.0
r0132_c0135,0.0
r0132_c0136,0.0
r0132_c0137,0.0
r0132_c0138,0.0
r0132_c0139,10.63
r0132_c0140,0.0
r0132_c0141,35.96
r0132_c0142,0.0
r0132_c0143,0.0
r0132_c0144,2.57
r0132_c0145,0.0
r0132_c0146,0.0
r0132_c0147,17.95
r0132_c0148,0.0
r0132_c0149,15.01
r0132_c0150,0.0
r0132_c0151,0.0
r0132_c0152,10.03
r0132_c0153,0.0
r0132_c0154,0.0
r0132_c0155,0.0
r0132_c0156,0.0
r0132_c0157,0.0
r0132_c0158,0.0
r0132_c0159,0.0
r0132_c0160,0.0
r0132_c0161,0.0
r0132_c0162,0.0
r0132_c0163,0.0
r0132_c0164,0.0
r0132_c0165,0.0
r0132_c0166,0.0
r0132_c0167,0.0
r0132_c0169,0.0
r0132_c0170,0.0
r0132_c0171,0.0
r0132_c0172,0.0
r0132_c0173,0.0
r0132_c0174,0.0
r0132_c0175,0.0
r0132_c0176,0.0
r0132_c0177,0.0
r0132_c0178,0.0
r0132_c0179,0.0
r0132_c0180,0.0
r0132_c0181,0.0
r0132_c0182,0.0
r0132_c0183,0.0
r0132_c0184,0.0
r0132_c0185,0.0
r0133_c0113,0.0
r0133_c0114,0.0
r0133_c0122,0.0
r0133_c0123,0.0
r0133_c0126,0.0
r0133_c0129,0.0
r0133_c0130,0.0
r0133_c0131,0.0
r0133_c0133,0.0
r0133_c0134,19.9
r0133_c0135,0.0
r0133_c0136,0.0
r0133_c0137,0.0
r0133_c0138,0.0
r0133_c0139,10.23
r0133_c0140,0.0
r0133_c0141,0.0
r0133_c0142,0.0
r0133_c0143,19.1
r0133_c0144,0.0
r0133_c0145,0.0
r0133_c0146,0.0
r0133_c0147,0.0
r0133_c0148,16.64
r0133_c0149,7.16
r0133_c0150,14.92
r0133_c0151,0.0
r0133_c0153,0.0
r0133_c0154,0.0
r0133_c0157,0.0
r0133_c0158,0.0
r0133_c0159,0.0
r0133_c0160,0.0
r0133_c0161,0.0
r0133_c0162,0.0
r0133_c0163,0.0
r0133_c0164,0.0
r0133_c0165,0.0
r0133_c0166,0.0
r0133_c0167,0.0
r0133_c0169,0.0
r0133_c0170,0.0
r0133_c0171,0.0
r0133_c0172,0.0
r0133_c0173,0.0
r0133_c0174,0.0
r0133_c0175,0.0
r0133_c0176,0.0
r0133_c0177,0.0
r0133_c0178,0.0
r0133_c0179,0.0
r0133_c0180,0.0
r0133_c0181,0.0
r0133_c0182,0.0
r0133_c0183,0.0
r0133_c0184,0.0
r0134_c0113,14.98
r0134_c0123,7.82
r0134_c0129,12.52
r0134_c0130,15.89
r0134_c0133,24.1
r0134_c0134,13.06
r0134_c0135,15.53
r0134_c0136,8.11
r0134_c0137,21.12
r0134_c0138,13.64
r0134_c0139,14.91
r0134_c0140,10.75
r0134_c0141,2.8
r0134_c0142,7.74
r0134_c0143,0.0
r0134_c0144,0.0
r0134_c0145,0.0
r0134_c0146,0.0
r0134_c0147,8.97
r0134_c0148,0.0
r0134_c0149,14.75
r0134_c0150,0.0
r0134_c0151,0.0
r0134_c0157,0.0
r0134_c0158,0.0
r0134_c0159,0.0
r0134_c0160,0.0
r0134_c0161,0.0
r0134_c0162,0.0
r0134_c0163,0.0
r0134_c0164,0.0
r0134_c0165,0.0
r0134_c0169,0.0
r0134_c0170,0.0
r0134_c0171,0.0
r0134_c0172,0.0
r0134_c0173,0.0
r0134_c0174,0.0
r0134_c0175,0.0
r0134_c0176,0.0
r0134_c0177,0.0
r0134_c0178,0.0
r0134_c0179,0.0
r0134_c0180,0.0
r0134_c0181,0.0
r0134_c0182,0.0
r0134_c0183,0.0
r0135_c0113,0.0
r0135_c0122,0.0
r0135_c0136,0.0
r0135_c0137,0.0
r0135_c0139,7.37
r0135_c0140,0.0
r0135_c0141,8.99
r0135_c0142,1.84
r0135_c0143,0.0
r0135_c0144,0.0
r0135_c0145,24.99
r0135_c0146,1.61
r0135_c0147,10.42
r0135_c0148,4.37
r0135_c0149,4.96
r0135_c0150,6.52
r0135_c0151,9.83
r0135_c0156,0.0
r0135_c0157,0.0
r0135_c0158,0.0
r0135_c0159,0.0
r0135_c0160,0.0
r0135_c0161,0.0
r0135_c0162,0.0
r0135_c0163,0.0
r0135_c0164,0.0
r0135_c0165,0.0
r0135_c0170,0.0
r0135_c0171,0.0
r0135_c0172,0.0
r0135_c0173,0.0
r0135_c0174,0.0
r0135_c0175,0.0
r0135_c0176,0.0
r0135_c0177,0.0
r0135_c0178,0.0
r0135_c0181,0.0
r0135_c0182,0.0
r0136_c0114,0.0
r0136_c0115,0.0
r0136_c0116,0.0
r0136_c0117,0.0
r0136_c0118,0.0
r0136_c0119,0.0
r0136_c0120,0.0
r0136_c0121,0.0
r0136_c0122,0.0
r0136_c0129,0.0
r0136_c0133,9.03
r0136_c0139,8.9
r0136_c0140,0.0
r0136_c0141,7.44
r0136_c0142,10.67
r0136_c0143,0.0
r0136_c0144,0.0
r0136_c0145,0.0
r0136_c0146,19.45
r0136_c0147,0.0
r0136_c0148,19.76
r0136_c0149,19.44
r0136_c0150,0.0
r0136_c0151,0.0
r0136_c0153,0.0
r0136_c0155,0.0
r0136_c0156,0.0
r0136_c0157,0.0
r0136_c0158,0.0
r0136_c0159,0.0
r0136_c0160,0.0
r0136_c0161,0.0
r0136_c0162,0.0
r0136_c0163,0.0
r0136_c0164,0.0
r0136_c0165,0.0
r0136_c0167,0.0
r0136_c0171,0.0
r0136_c0172,0.0
r0136_c0174,0.0
r0136_c0175,0.0
r0136_c0176,0.0
r0136_c0177,0.0
r0136_c0181,0.0
r0136_c0182,0.0
r0137_c0113,0.0
r0137_c0114,35.69
r0137_c0116,0.0
r0137_c0117,0.0
r0137_c0118,0.0
r0137_c0119,0.0
r0137_c0120,0.0
r0137_c0121,0.0
r0137_c0122,33.2
r0137_c0123,0.0
r0137_c0124,0.0
r0137_c0125,0.0
r0137_c0126,0.0
r0137_c0128,6.31
r0137_c0130,0.0
r0137_c0131,0.0
r0137_c0132,0.0
r0137_c0133,0.0
r0137_c0136,0.0
r0137_c0138,7.27
r0137_c0139,1.82
r0137_c0140,0.0
r0137_c0141,7.12
r0137_c0142,0.0
r0137_c0143,0.0
r0137_c0144,0.0
r0137_c0145,0.0
r0137_c0146,0.0
r0137_c0147,0.0
r0137_c0148,0.0
r0137_c0149,0.0
r0137_c0150,0.0
r0137_c0151,33.25
r0137_c0152,0.0
r0137_c0153,0.0
r0137_c0154,0.0
r0137_c0155,0.0
r0137_c0156,0.0
r0137_c0157,0.0
r0137_c0158,0.0
r0137_c0159,0.0
r0137_c0160,0.0
r0137_c0161,0.0
r0137_c0162,0.0
r0137_c0163,0.0
r0137_c0164,0.0
r0137_c0165,0.0
r0137_c0166,0.0
r0137_c0167,0.0
r0137_c0168,0.0
r0137_c0169,0.0
r0137_c0170,0.0
r0137_c0171,0.0
r0137_c0172,0.0
r0137_c0173,0.0
r0137_c0174,0.0
r0137_c0175,0.0
r0137_c0176,0.0
r0137_c0177,0.0
r0137_c0181,0.0
r0138_c0111,0.0
r0138_c0114,0.0
r0138_c0116,0.0
r0138_c0117,15.13
r0138_c0118,0.0
r0138_c0119,0.0
r0138_c0120,0.0
r0138_c0121,0.0
r0138_c0122,0.0
r0138_c0123,0.0
r0138_c0124,0.0
r0138_c0126,0.0
r0138_c0127,0.0
r0138_c0130,0.0
r0138_c0131,19.69
r0138_c0133,16.53
r0138_c0138,23.78
r0138_c0139,0.0
r0138_c0142,0.0
r0138_c0143,0.0
r0138_c0144,0.0
r0138_c0145,0.0
r0138_c0146,5.95
r0138_c0147,14.77
r0138_c0148,0.0
r0138_c0149,0.0
r0138_c0150,0.0
r0138_c0151,0.0
r0138_c0154,0.0
r0138_c0155,0.0
r0138_c0156,0.0
r0138_c0157,0.0
r0138_c0158,0.0
r0138_c0159,0.0
r0138_c0160,0.0
r0138_c0161,0.0
r0138_c0162,0.0
r0138_c0163,0.0
r0138_c0164,0.0
r0138_c0165,0.0
r0138_c0166,0.0
r0138_c0167,0.0
r0138_c0168,0.0
r0138_c0169,0.0
r0138_c0170,0.0
r0138_c0171,0.0
r0138_c0172,0.0
r0138_c0173,0.0
r0138_c0174,0.0
r0138_c0175,0.0
r0138_c0177,0.0
r0138_c0180,0.0
r0139_c0111,0.0
r0139_c0112,0.0
r0139_c0113,16.82
r0139_c0114,2.43
r0139_c0115,0.0
r0139_c0116,15.43
r0139_c0117,5.35
r0139_c0118,0.0
r0139_c0119,0.0
r0139_c0120,0.0
r0139_c0121,0.0
r0139_c0122,1.2
r0139_c0123,0.0
r0139_c0124,0.0
r0139_c0125,0.0
r0139_c0126,0.0
r0139_c0127,0.0
r0139_c0130,0.0
r0139_c0135,0.0
r0139_c0139,0.0
r0139_c0141,0.0
r0139_c0142,0.0
r0139_c0144,0.0
r0139_c0145,0.0
r0139_c0146,7.54
r0139_c0147,0.0
r0139_c0148,0.0
r0139_c0149,16.56
r0139_c0150,0.0
r0139_c0151,0.0
r0139_c0153,0.0
r0139_c0154,0.0
r0139_c0155,0.0
r0139_c0156,0.0
r0139_c0157,0.0
r0139_c0158,0.0
r0139_c0159,0.0
r0139_c0160,0.0
r0139_c0161,0.0
r0139_c0162,0.0
r0139_c0163,0.0
r0139_c0164,0.0
r0139_c0165,0.0
r0139_c0166,0.0
r0139_c0167,0.0
r0139_c0168,0.0
r0139_c0169,0.0
r0139_c0170,0.0
r0139_c0173,0.0
r0139_c0175,0.0
r0139_c0176,0.0
r0139_c0177,0.0
r0139_c0180,0.0
r0139_c0181,0.0
r0140_c0111,0.0
r0140_c0112,0.0
r0140_c0113,0.0
r0140_c0114,0.0
r0140_c0115,0.0
r0140_c0116,0.0
r0140_c0117,1.13
r0140_c0118,16.75
r0140_c0119,0.0
r0140_c0120,0.0
r0140_c0121,13.5
r0140_c0123,7.83
r0140_c0124,9.17
r0140_c0125,3.17
r0140_c0126,8.99
r0140_c0127,7.09
r0140_c0128,18.01
r0140_c0129,0.0
r0140_c0130,11.83
r0140_c0131,0.0
r0140_c0141,6.73
r0140_c0145,4.08
r0140_c0147,7.52
r0140_c0149,0.0
r0140_c0150,8.44
r0140_c0151,7.64
r0140_c0153,0.0
r0140_c0154,0.0
r0140_c0155,0.0
r0140_c0156,0.0
r0140_c0157,0.0
r0140_c0158,0.0
r0140_c0159,0.0
r0140_c0160,0.0
r0140_c0161,0.0
r0140_c0162,0.0
r0140_c0163,0.0
r0140_c0164,0.0
r0140_c0165,0.0
r0140_c0166,0.0
r0140_c0167,0.0
r0140_c0168,0.0
r0140_c0169,0.0
r0140_c0170,0.0
r0140_c0171,0.0
r0140_c0173,0.0
r0140_c0174,0.0
r0140_c0175,0.0
r0140_c0176,0.0
r0140_c0177,0.0
r0140_c0178,0.0
r0141_c0111,0.0
r0141_c0112,0.0
r0141_c0113,0.0
r0141_c0114,17.72
r0141_c0115,0.0
r0141_c0116,0.0
r0141_c0117,16.25
r0141_c0118,0.0
r0141_c0119,0.0
r0141_c0120,0.0
r0141_c0121,0.0
r0141_c0122,0.0
r0141_c0123,0.0
r0141_c0124,0.0
r0141_c0125,0.0
r0141_c0126,0.0
r0141_c0127,0.0
r0141_c0128,3.64
r0141_c0129,0.0
r0141_c0130,7.5
r0141_c0131,0.0
r0141_c0141,0.0
r0141_c0142,0.0
r0141_c0149,9.07
r0141_c0151,0.0
r0141_c0152,0.0
r0141_c0153,0.0
r0141_c0154,0.0
r0141_c0155,0.0
r0141_c0156,0.0
r0141_c0157,0.0
r0141_c0158,0.0
r0141_c0159,0.0
r0141_c0160,0.0
r0141_c0161,0.0
r0141_c0162,0.0
r0141_c0163,0.0
r0141_c0164,0.0
r0141_c0165,0.0
r0141_c0166,0.0
r0141_c0167,0.0
r0141_c0168,0.0
r0141_c0169,0.0
r0141_c0170,0.0
r0141_c0173,0.0
r0141_c0174,0.0
r0141_c0175,0.0
r0141_c0176,0.0
r0141_c0177,0.0
r0141_c0180,0.0
r0142_c0111,0.0
r0142_c0112,0.0
r0142_c0113,0.0
r0142_c0114,1.05
r0142_c0115,0.0
r0142_c0116,17.52
r0142_c0117,0.0
r0142_c0118,0.0
r0142_c0119,31.44
r0142_c0120,0.0
r0142_c0121,0.0
r0142_c0122,5.87
r0142_c0123,7.82
r0142_c0124,0.0
r0142_c0125,0.0
r0142_c0126,26.76
r0142_c0127,0.0
r0142_c0128,17.83
r0142_c0129,9.37
r0142_c0130,9.39
r0142_c0131,0.0
r0142_c0132,16.55
r0142_c0143,0.0
r0142_c0149,8.92
r0142_c0151,0.0
r0142_c0152,0.0
r0142_c0153,0.0
r0142_c0154,0.0
r0142_c0155,0.0
r0142_c0156,0.0
r0142_c0157,0.0
r0142_c0158,0.0
r0142_c0159,0.0
r0142_c0160,0.0
r0142_c0162,0.0
r0142_c0163,0.0
r0142_c0164,0.0
r0142_c0165,0.0
r0142_c0166,0.0
r0142_c0167,0.0
r0142_c0168,0.0
r0142_c0169,0.0
r0142_c0170,0.0
r0142_c0173,0.0
r0142_c0174,0.0
r0142_c0177,0.0
r0142_c0178,0.0
r0142_c0179,0.0
r0143_c0111,0.0
r0143_c0113,0.0
r0143_c0114,18.25
r0143_c0115,0.0
r0143_c0116,0.0
r0143_c0117,17.29
r0143_c0118,0.0
r0143_c0119,0.0
r0143_c0120,0.0
r0143_c0121,0.0
r0143_c0122,0.0
r0143_c0123,0.0
r0143_c0124,0.0
r0143_c0125,0.0
r0143_c0126,0.0
r0143_c0127,0.0
r0143_c0128,9.75
r0143_c0129,9.36
r0143_c0130,0.0
r0143_c0131,0.0
r0143_c0132,0.0
r0143_c0141,0.0
r0143_c0144,7.93
r0143_c0152,0.0
r0143_c0153,0.0
r0143_c0154,0.0
r0143_c0155,0.0
r0143_c0156,0.0
r0143_c0157,0.0
r0143_c0158,0.0
r0143_c0159,0.0
r0143_c0162,0.0
r0143_c0163,0.0
r0143_c0164,0.0
r0143_c0165,0.0
r0143_c0166,0.0
r0143_c0167,0.0
r0143_c0168,0.0
r0143_c0169,0.0
r0143_c0170,0.0
r0143_c0173,0.0
r0143_c0174,0.0
r0143_c0175,0.0
r0143_c0176,0.0
r0143_c0177,0.0
r0144_c0113,0.0
r0144_c0114,0.0
r0144_c0115,0.0
r0144_c0116,0.0
r0144_c0117,0.0
r0144_c0118,0.0
r0144_c0119,0.0
r0144_c0120,0.0
r0144_c0121,0.0
r0144_c0122,0.0
r0144_c0123,0.0
r0144_c0124,0.0
r0144_c0125,0.0
r0144_c0126,0.0
r0144_c0127,0.0
r0144_c0128,13.67
r0144_c0129,0.0
r0144_c0130,0.0
r0144_c0131,0.0
r0144_c0132,0.0
r0144_c0144,5.69
r0144_c0146,0.0
r0144_c0152,0.0
r0144_c0153,0.0
r0144_c0154,0.0
r0144_c0155,0.0
r0144_c0156,0.0
r0144_c0157,0.0
r0144_c0158,0.0
r0144_c0159,0.0
r0144_c0162,0.0
r0144_c0163,0.0
r0144_c0164,0.0
r0144_c0165,0.0
r0144_c0166,0.0
r0144_c0167,0.0
r0144_c0168,0.0
r0144_c0169,0.0
r0144_c0170,0.0
r0144_c0172,0.0
r0144_c0173,0.0
r0144_c0174,0.0
r0144_c0175,0.0
r0144_c0176,0.0
r0144_c0177,0.0
r0144_c0179,0.0
r0145_c0112,0.0
r0145_c0113,15.09
r0145_c0114,4.94
r0145_c0115,2.42
r0145_c0116,12.36
r0145_c0117,5.65
r0145_c0118,17.23
r0145_c0119,0.0
r0145_c0120,8.49
r0145_c0121,11.39
r0145_c0122,4.56
r0145_c0123,15.22
r0145_c0124,0.0
r0145_c0125,4.1
r0145_c0126,14.49
r0145_c0127,2.16
r0145_c0128,13.43
r0145_c0129,5.87
r0145_c0130,5.39
r0145_c0131,6.89
r0145_c0132,7.46
r0145_c0133,10.61
r0145_c0134,7.16
r0145_c0136,7.85
r0145_c0137,5.78
r0145_c0138,20.37
r0145_c0139,15.15
r0145_c0140,4.45
r0145_c0141,10.53
r0145_c0142,5.89
r0145_c0145,12.89
r0145_c0146,9.0
r0145_c0152,0.0
r0145_c0154,0.0
r0145_c0155,0.0
r0145_c0156,0.0
r0145_c0157,0.0
r0145_c0158,0.0
r0145_c0159,0.0
r0145_c0160,0.0
r0145_c0161,0.0
r0145_c0162,0.0
r0145_c0163,0.0
r0145_c0164,0.0
r0145_c0165,0.0
r0145_c0166,0.0
r0145_c0167,0.0
r0145_c0168,0.0
r0145_c0169,0.0
r0145_c0170,0.0
r0145_c0171,0.0
r0145_c0172,0.0
r0145_c0173,0.0
r0145_c0174,0.0
r0145_c0175,0.0
r0145_c0177,0.0
r0145_c0178,0.0
r0145_c0179,0.0
r0146_c0112,0.0
r0146_c0113,0.0
r0146_c0114,17.51
r0146_c0115,0.0
r0146_c0116,0.0
r0146_c0117,6.36
r0146_c0118,0.0
r0146_c0119,0.0
r0146_c0120,0.0
r0146_c0121,0.0
r0146_c0122,0.0
r0146_c0123,0.0
r0146_c0124,0.0
r0146_c0125,0.0
r0146_c0126,0.0
r0146_c0127,3.05
r0146_c0128,6.99
r0146_c0129,0.0
r0146_c0130,0.0
r0146_c0131,0.0
r0146_c0132,0.0
r0146_c0133,0.0
r0146_c0134,0.0
r0146_c0135,0.0
r0146_c0136,0.0
r0146_c0137,0.0
r0146_c0138,25.3
r0146_c0139,0.0
r0146_c0140,0.0
r0146_c0141,0.0
r0146_c0142,0.0
r0146_c0146,12.33
r0146_c0147,0.0
r0146_c0150,10.11
r0146_c0152,0.0
r0146_c0155,0.0
r0146_c0156,0.0
r0146_c0157,0.0
r0146_c0158,0.0
r0146_c0159,0.0
r0146_c0160,0.0
r0146_c0161,0.0
r0146_c0162,0.0
r0146_c0163,0.0
r0146_c0164,0.0
r0146_c0165,0.0
r0146_c0166,0.0
r0146_c0167,0.0
r0146_c0168,0.0
r0146_c0169,0.0
r0146_c0171,0.0
r0146_c0172,0.0
r0146_c0173,0.0
r0146_c0174,0.0
r0146_c0176,0.0
r0146_c0177,0.0
r0146_c0178,0.0
r0146_c0179,0.0
r0147_c0113,0.0
r0147_c0114,0.0
r0147_c0115,0.0
r0147_c0116,0.0
r0147_c0117,9.01
r0147_c0118,0.0
r0147_c0119,0.0
r0147_c0120,0.0
r0147_c0121,0.0
r0147_c0122,30.65
r0147_c0123,0.0
r0147_c0124,0.0
r0147_c0125,0.0
r0147_c0126,0.0
r0147_c0127,7.56
r0147_c0128,0.0
r0147_c0129,0.0
r0147_c0130,0.0
r0147_c0131,0.0
r0147_c0132,0.0
r0147_c0133,16.11
r0147_c0134,0.0
r0147_c0135,0.0
r0147_c0136,22.47
r0147_c0137,0.0
r0147_c0138,3.24
r0147_c0139,20.89
r0147_c0140,0.0
r0147_c0141,0.0
r0147_c0142,0.0
r0147_c0143,0.0
r0147_c0144,2.49
r0147_c0145,0.0
r0147_c0146,0.0
r0147_c0149,21.36
r0147_c0152,0.0
r0147_c0159,0.0
r0147_c0161,0.0
r0147_c0162,0.0
r0147_c0163,0.0
r0147_c0164,0.0
r0147_c0165,0.0
r0147_c0166,0.0
r0147_c0167,0.0
r0147_c0168,0.0
r0147_c0169,0.0
r0147_c0170,0.0
r0147_c0171,0.0
r0147_c0172,0.0
r0147_c0173,0.0
r0147_c0174,0.0
r0147_c0175,0.0
r0147_c0176,0.0
r0147_c0177,0.0
r0147_c0178,0.0
r0148_c0113,0.0
r0148_c0114,4.01
r0148_c0115,0.0
r0148_c0116,0.0
r0148_c0117,12.1
r0148_c0118,0.0
r0148_c0119,0.0
r0148_c0120,0.0
r0148_c0121,0.0
r0148_c0122,0.0
r0148_c0123,0.0
r0148_c0124,0.0
r0148_c0125,0.0
r0148_c0126,7.29
r0148_c0127,0.0
r0148_c0128,12.85
r0148_c0129,0.0
r0148_c0130,0.0
r0148_c0131,0.0
r0148_c0132,0.0
r0148_c0133,0.0
r0148_c0134,0.0
r0148_c0135,0.0
r0148_c0136,0.0
r0148_c0137,0.0
r0148_c0138,14.03
r0148_c0139,0.0
r0148_c0140,0.0
r0148_c0141,0.0
r0148_c0142,0.0
r0148_c0143,0.0
r0148_c0144,11.43
r0148_c0145,0.0
r0148_c0146,8.55
r0148_c0147,0.0
r0148_c0148,0.0
r0148_c0150,0.0
r0148_c0151,0.0
r0148_c0152,0.0
r0148_c0153,0.0
r0148_c0154,0.0
r0148_c0155,0.0
r0148_c0156,0.0
r0148_c0157,0.0
r0148_c0161,0.0
r0148_c0162,0.0
r0148_c0163,0.0
r0148_c0164,0.0
r0148_c0165,0.0
r0148_c0166,0.0
r0148_c0167,0.0
r0148_c0168,0.0
r0148_c0169,0.0
r0148_c0170,0.0
r0148_c0171,0.0
r0148_c0172,0.0
r0148_c0173,0.0
r0148_c0174,0.0
r0148_c0175,0.0
r0148_c0177,0.0
r0149_c0113,0.0
r0149_c0114,14.47
r0149_c0115,0.0
r0149_c0116,0.0
r0149_c0117,1.11
r0149_c0118,0.0
r0149_c0119,0.0
r0149_c0120,0.0
r0149_c0121,0.0
r0149_c0122,0.0
r0149_c0123,0.0
r0149_c0124,0.0
r0149_c0125,0.0
r0149_c0126,12.49
r0149_c0127,3.47
r0149_c0128,0.0
r0149_c0129,0.0
r0149_c0130,0.0
r0149_c0131,0.0
r0149_c0132,0.0
r0149_c0133,15.36
r0149_c0134,0.0
r0149_c0135,0.0
r0149_c0136,13.55
r0149_c0137,0.0
r0149_c0138,13.43
r0149_c0140,0.0
r0149_c0141,0.0
r0149_c0142,0.0
r0149_c0143,0.0
r0149_c0144,5.87
r0149_c0145,0.0
r0149_c0146,9.76
r0149_c0147,0.0
r0149_c0148,8.0
r0149_c0149,0.0
r0149_c0150,0.0
r0149_c0151,0.0
r0149_c0152,0.0
r0149_c0153,0.0
r0149_c0156,0.0
r0149_c0159,0.0
r0149_c0160,0.0
r0149_c0161,0.0
r0149_c0162,0.0
r0149_c0163,0.0
r0149_c0165,0.0
r0149_c0166,0.0
r0149_c0167,0.0
r0149_c0168,0.0
r0149_c0169,0.0
r0149_c0170,0.0
r0149_c0171,0.0
r0149_c0172,0.0
r0149_c0173,0.0
r0149_c0174,0.0
r0149_c0175,0.0
r0149_c0178,0.0
r0150_c0111,0.0
r0150_c0112,13.45
r0150_c0113,0.0
r0150_c0114,8.96
r0150_c0115,0.0
r0150_c0116,12.05
r0150_c0117,9.01
r0150_c0118,12.15
r0150_c0119,2.0
r0150_c0120,11.33
r0150_c0121,7.68
r0150_c0122,9.24
r0150_c0123,7.56
r0150_c0124,0.0
r0150_c0125,13.61
r0150_c0126,4.8
r0150_c0127,18.69
r0150_c0128,1.68
r0150_c0129,16.19
r0150_c0130,0.0
r0150_c0131,16.5
r0150_c0132,0.0
r0150_c0133,5.41
r0150_c0134,0.0
r0150_c0135,0.0
r0150_c0136,0.0
r0150_c0137,0.0
r0150_c0138,13.62
r0150_c0139,2.92
r0150_c0140,0.0
r0150_c0141,0.0
r0150_c0142,0.0
r0150_c0143,0.0
r0150_c0144,12.13
r0150_c0145,0.0
r0150_c0146,3.49
r0150_c0147,0.0
r0150_c0148,7.72
r0150_c0149,0.0
r0150_c0150,0.0
r0150_c0151,0.0
r0150_c0157,0.0
r0150_c0158,0.0
r0150_c0160,0.0
r0150_c0161,0.0
r0150_c0162,0.0
r0150_c0163,0.0
r0150_c0164,0.0
r0150_c0165,0.0
r0150_c0166,0.0
r0150_c0167,0.0
r0150_c0168,0.0
r0150_c0169,0.0
r0150_c0170,0.0
r0150_c0171,0.0
r0150_c0172,0.0
r0150_c0173,0.0
r0150_c0174,0.0
r0150_c0175,0.0
r0151_c0111,0.0
r0151_c0112,0.0
r0151_c0113,0.0
r0151_c0114,0.0
r0151_c0115,0.0
r0151_c0116,0.0
r0151_c0117,1.82
r0151_c0118,0.0
r0151_c0119,0.0
r0151_c0120,0.0
r0151_c0121,0.0
r0151_c0122,0.0
r0151_c0123,0.0
r0151_c0124,0.0
r0151_c0125,0.0
r0151_c0126,7.65
r0151_c0127,7.64
r0151_c0128,0.0
r0151_c0129,0.0
r0151_c0130,0.0
r0151_c0131,0.0
r0151_c0132,0.0
r0151_c0133,2.29
r0151_c0134,15.57
r0151_c0135,0.7
r0151_c0136,16.01
r0151_c0137,0.0
r0151_c0138,13.19
r0151_c0139,11.63
r0151_c0140,13.45
r0151_c0141,0.0
r0151_c0142,17.97
r0151_c0143,0.0
r0151_c0144,10.93
r0151_c0145,9.0
r0151_c0146,6.98
r0151_c0147,8.38
r0151_c0148,1.23
r0151_c0149,8.22
r0151_c0150,0.0
r0151_c0151,0.0
r0151_c0152,0.0
r0151_c0153,0.0
r0151_c0154,0.0
r0151_c0155,0.0
r0151_c0156,0.0
r0151_c0157,0.0
r0151_c0158,0.0
r0151_c0159,0.0
r0151_c0160,0.0
r0151_c0161,0.0
r0151_c0162,0.0
r0151_c0164,0.0
r0151_c0165,0.0
r0151_c0166,0.0
r0151_c0167,0.0
r0151_c0168,0.0
r0151_c0169,0.0
r0151_c0170,0.0
r0151_c0171,0.0
r0151_c0172,0.0
r0151_c0173,0.0
r0151_c0174,0.0
r0151_c0175,0.0
r0152_c0111,0.0
r0152_c0112,0.0
r0152_c0113,0.0
r0152_c0114,0.0
r0152_c0115,0.0
r0152_c0116,0.0
r0152_c0117,12.43
r0152_c0118,0.0
r0152_c0119,0.0
r0152_c0120,0.0
r0152_c0121,0.0
r0152_c0122,0.0
r0152_c0123,0.0
r0152_c0124,0.0
r0152_c0125,0.0
r0152_c0126,2.4
r0152_c0127,5.49
r0152_c0128,2.9
r0152_c0129,0.0
r0152_c0130,0.0
r0152_c0131,0.0
r0152_c0132,0.0
r0152_c0133,15.74
r0152_c0134,0.0
r0152_c0135,0.0
r0152_c0136,17.73
r0152_c0137,0.0
r0152_c0138,16.82
r0152_c0139,0.0
r0152_c0140,0.0
r0152_c0141,0.0
r0152_c0142,0.0
r0152_c0143,0.0
r0152_c0144,7.75
r0152_c0145,0.0
r0152_c0146,9.21
r0152_c0147,0.0
r0152_c0148,0.0
r0152_c0149,0.0
r0152_c0150,0.0
r0152_c0151,0.0
r0152_c0152,0.0
r0152_c0153,0.0
r0152_c0154,0.0
r0152_c0155,0.0
r0152_c0156,0.0
r0152_c0157,0.0
r0152_c0158,0.0
r0152_c0159,0.0
r0152_c0160,0.0
r0152_c0161,0.0
r0152_c0162,0.0
r0152_c0163,0.0
r0152_c0164,0.0
r0152_c0165,0.0
r0152_c0166,0.0
r0152_c0167,0.0
r0152_c0168,0.0
r0152_c0169,0.0
r0152_c0170,0.0
r0152_c0171,0.0
r0152_c0172,0.0
r0152_c0173,0.0
r0152_c0174,0.0
r0152_c0175,0.0
r0152_c0176,0.0
r0152_c0177,0.0
r0153_c0111,0.0
r0153_c0113,0.0
r0153_c0114,36.22
r0153_c0116,0.0
r0153_c0117,5.29
r0153_c0118,0.0
r0153_c0119,0.0
r0153_c0120,0.0
r0153_c0121,0.0
r0153_c0122,33.6
r0153_c0123,0.0
r0153_c0124,0.0
r0153_c0125,0.0
r0153_c0126,17.03
r0153_c0127,0.0
r0153_c0128,0.0
r0153_c0129,0.0
r0153_c0130,38.94
r0153_c0131,0.0
r0153_c0135,0.0
r0153_c0136,0.96
r0153_c0137,0.0
r0153_c0138,11.8
r0153_c0139,10.41
r0153_c0140,0.0
r0153_c0141,0.0
r0153_c0142,0.0
r0153_c0143,0.0
r0153_c0144,9.03
r0153_c0145,0.0
r0153_c0146,7.32
r0153_c0147,0.0
r0153_c0148,0.0
r0153_c0149,0.0
r0153_c0150,0.0
r0153_c0151,0.0
r0153_c0152,0.0
r0153_c0153,0.0
r0153_c0154,0.0
r0153_c0155,0.0
r0153_c0156,0.0
r0153_c0157,0.0
r0153_c0158,0.0
r0153_c0159,0.0
r0153_c0160,0.0
r0153_c0161,0.0
r0153_c0162,0.0
r0153_c0163,0.0
r0153_c0164,0.0
r0153_c0165,0.0
r0153_c0166,0.0
r0153_c0167,0.0
r0153_c0168,0.0
r0153_c0169,0.0
r0153_c0170,0.0
r0153_c0171,0.0
r0153_c0172,0.0
r0153_c0173,0.0
r0153_c0174,0.0
r0153_c0175,0.0
r0153_c0176,0.0
r0153_c0177,0.0
r0154_c0111,0.0
r0154_c0112,0.0
r0154_c0113,0.0
r0154_c0114,0.0
r0154_c0115,0.0
r0154_c0116,0.0
r0154_c0117,9.34
r0154_c0118,0.0
r0154_c0119,0.0
r0154_c0120,0.0
r0154_c0121,0.0
r0154_c0122,0.0
r0154_c0123,0.0
r0154_c0124,0.0
r0154_c0125,0.0
r0154_c0126,12.8
r0154_c0127,21.16
r0154_c0128,0.0
r0154_c0129,0.0
r0154_c0130,0.0
r0154_c0135,0.0
r0154_c0136,0.0
r0154_c0137,0.0
r0154_c0138,15.27
r0154_c0139,0.0
r0154_c0140,0.0
r0154_c0141,0.0
r0154_c0142,0.0
r0154_c0143,0.0
r0154_c0144,9.02
r0154_c0145,0.0
r0154_c0148,0.0
r0154_c0149,0.0
r0154_c0150,0.0
r0154_c0151,0.0
r0154_c0152,0.0
r0154_c0153,0.0
r0154_c0154,0.0
r0154_c0155,0.0
r0154_c0156,0.0
r0154_c0157,0.0
r0154_c0158,0.0
r0154_c0159,0.0
r0154_c0160,0.0
r0154_c0161,0.0
r0154_c0162,0.0
r0154_c0163,0.0
r0154_c0164,0.0
r0154_c0165,0.0
r0154_c0166,0.0
r0154_c0167,0.0
r0154_c0168,0.0
r0154_c0169,0.0
r0154_c0170,0.0
r0154_c0171,0.0
r0154_c0172,0.0
r0154_c0173,0.0
r0154_c0174,0.0
r0154_c0175,0.0
r0154_c0176,0.0
r0154_c0177,0.0
r0155_c0111,0.0
r0155_c0112,0.0
r0155_c0113,0.0
r0155_c0114,0.0
r0155_c0115,0.0
r0155_c0116,0.0
r0155_c0117,5.87
r0155_c0118,0.0
r0155_c0119,0.0
r0155_c0120,0.0
r0155_c0121,0.0
r0155_c0122,0.0
r0155_c0123,0.0
r0155_c0124,1.12
r0155_c0125,18.11
r0155_c0126,0.0
r0155_c0127,0.0
r0155_c0128,0.0
r0155_c0129,0.0
r0155_c0130,0.0
r0155_c0135,0.0
r0155_c0136,0.0
r0155_c0138,14.72
r0155_c0139,12.39
r0155_c0143,3.36
r0155_c0144,0.0
r0155_c0145,0.0
r0155_c0146,17.89
r0155_c0147,0.0
r0155_c0148,0.0
r0155_c0149,0.0
r0155_c0150,0.0
r0155_c0151,0.0
r0155_c0152,0.0
r0155_c0153,0.0
r0155_c0154,0.0
r0155_c0155,0.0
r0155_c0156,0.0
r0155_c0157,0.0
r0155_c0158,0.0
r0155_c0159,0.0
r0155_c0160,0.0
r0155_c0161,0.0
r0155_c0162,0.0
r0155_c0163,0.0
r0155_c0164,0.0
r0155_c0165,0.0
r0155_c0166,0.0
r0155_c0167,0.0
r0155_c0170,0.0
r0155_c0171,0.0
r0155_c0172,0.0
r0155_c0173,0.0
r0155_c0174,0.0
r0155_c0175,0.0
r0155_c0176,0.0
r0156_c0111,0.0
r0156_c0112,0.0
r0156_c0113,3.13
r0156_c0114,2.86
r0156_c0115,15.07
r0156_c0116,1.32
r0156_c0117,8.83
r0156_c0118,5.08
r0156_c0119,0.0
r0156_c0120,22.05
r0156_c0121,0.0
r0156_c0122,9.96
r0156_c0123,13.85
r0156_c0124,11.13
r0156_c0125,5.61
r0156_c0126,8.92
r0156_c0127,7.98
r0156_c0128,0.0
r0156_c0129,0.0
r0156_c0130,0.0
r0156_c0135,42.91
r0156_c0136,0.0
r0156_c0137,0.0
r0156_c0139,5.66
r0156_c0140,0.0
r0156_c0146,14.68
r0156_c0147,8.23
r0156_c0148,3.46
r0156_c0149,0.0
r0156_c0150,0.0
r0156_c0151,0.0
r0156_c0152,0.0
r0156_c0153,0.0
r0156_c0154,0.0
r0156_c0155,0.0
r0156_c0156,0.0
r0156_c0157,0.0
r0156_c0158,0.0
r0156_c0159,0.0
r0156_c0160,0.0
r0156_c0161,0.0
r0156_c0162,0.0
r0156_c0163,0.0
r0156_c0164,0.0
r0156_c0165,0.0
r0156_c0166,0.0
r0156_c0167,0.0
r0156_c0169,0.0
r0156_c0170,0.0
r0156_c0171,0.0
r0156_c0172,0.0
r0156_c0173,0.0
r0156_c0174,0.0
r0156_c0175,0.0
r0156_c0176,0.0
r0156_c0182,0.0
r0157_c0111,0.0
r0157_c0112,0.0
r0157_c0113,0.0
r0157_c0115,0.0
r0157_c0116,0.0
r0157_c0117,0.0
r0157_c0118,0.0
r0157_c0119,0.0
r0157_c0120,0.0
r0157_c0121,0.0
r0157_c0122,14.47
r0157_c0123,8.05
r0157_c0124,0.0
r0157_c0125,0.0
r0157_c0126,0.0
r0157_c0127,16.3
r0157_c0128,0.0
r0157_c0129,0.0
r0157_c0130,0.0
r0157_c0134,0.0
r0157_c0135,0.0
r0157_c0136,0.0
r0157_c0137,0.0
r0157_c0138,14.32
r0157_c0139,11.05
r0157_c0146,5.85
r0157_c0149,0.0
r0157_c0150,0.0
r0157_c0151,0.0
r0157_c0152,0.0
r0157_c0153,0.0
r0157_c0154,0.0
r0157_c0155,0.0
r0157_c0156,0.0
r0157_c0157,0.0
r0157_c0158,0.0
r0157_c0159,0.0
r0157_c0160,0.0
r0157_c0161,0.0
r0157_c0162,0.0
r0157_c0163,0.0
r0157_c0164,0.0
r0157_c0165,0.0
r0157_c0166,0.0
r0157_c0171,0.0
r0157_c0172,0.0
r0157_c0173,0.0
r0157_c0174,0.0
r0157_c0175,0.0
r0157_c0176,0.0
r0158_c0112,0.0
r0158_c0113,0.0
r0158_c0114,0.0
r0158_c0115,0.0
r0158_c0116,32.23
r0158_c0117,0.0
r0158_c0118,0.0
r0158_c0119,0.0
r0158_c0120,0.0
r0158_c0121,9.53
r0158_c0122,6.06
r0158_c0123,0.0
r0158_c0124,0.0
r0158_c0125,0.0
r0158_c0126,0.0
r0158_c0127,0.0
r0158_c0128,0.0
r0158_c0129,0.0
r0158_c0130,0.0
r0158_c0134,0.0
r0158_c0135,0.0
r0158_c0136,0.0
r0158_c0137,0.0
r0158_c0138,17.96
r0158_c0139,0.0
r0158_c0140,0.0
r0158_c0148,0.0
r0158_c0149,0.0
r0158_c0151,0.0
r0158_c0152,0.0
r0158_c0153,0.0
r0158_c0154,0.0
r0158_c0155,0.0
r0158_c0156,0.0
r0158_c0157,0.0
r0158_c0158,0.0
r0158_c0159,0.0
r0158_c0160,0.0
r0158_c0161,0.0
r0158_c0162,0.0
r0158_c0163,0.0
r0158_c0164,0.0
r0158_c0165,0.0
r0158_c0166,0.0
r0158_c0170,0.0
r0158_c0171,0.0
r0158_c0172,0.0
r0158_c0173,0.0
r0158_c0174,0.0
r0158_c0175,0.0
r0158_c0176,0.0
r0159_c0111,0.0
r0159_c0112,0.0
r0159_c0113,0.0
r0159_c0114,0.0
r0159_c0115,0.0
r0159_c0116,0.0
r0159_c0117,0.0
r0159_c0118,0.0
r0159_c0119,0.0
r0159_c0120,17.18
r0159_c0121,0.0
r0159_c0122,20.91
r0159_c0123,0.0
r0159_c0124,0.0
r0159_c0125,0.0
r0159_c0126,0.0
r0159_c0127,0.0
r0159_c0128,0.0
r0159_c0129,0.0
r0159_c0130,0.0
r0159_c0134,0.0
r0159_c0135,0.0
r0159_c0137,0.0
r0159_c0138,14.95
r0159_c0139,0.0
r0159_c0140,10.92
r0159_c0141,0.0
r0159_c0142,0.0
r0159_c0143,7.0
r0159_c0144,0.0
r0159_c0145,0.0
r0159_c0146,0.0
r0159_c0147,0.0
r0159_c0148,0.0
r0159_c0149,0.0
r0159_c0151,0.0
r0159_c0153,0.0
r0159_c0155,0.0
r0159_c0156,0.0
r0159_c0157,0.0
r0159_c0158,0.0
r0159_c0159,0.0
r0159_c0160,0.0
r0159_c0161,0.0
r0159_c0162,0.0
r0159_c0163,0.0
r0159_c0164,0.0
r0159_c0165,0.0
r0159_c0166,0.0
r0159_c0167,0.0
r0159_c0169,0.0
r0159_c0170,0.0
r0159_c0171,0.0
r0159_c0172,0.0
r0159_c0173,0.0
r0159_c0174,0.0
r0159_c0175,0.0
r0159_c0176,0.0
r0160_c0092,0.0
r0160_c0093,0.0
r0160_c0094,0.0
r0160_c0112,0.0
r0160_c0113,0.0
r0160_c0114,18.25
r0160_c0115,0.0
r0160_c0116,0.0
r0160_c0117,0.0
r0160_c0118,9.19
r0160_c0119,14.28
r0160_c0120,0.0
r0160_c0121,0.0
r0160_c0122,0.0
r0160_c0123,0.0
r0160_c0124,0.0
r0160_c0125,0.0
r0160_c0126,0.0
r0160_c0127,17.89
r0160_c0128,0.0
r0160_c0129,0.0
r0160_c0130,0.0
r0160_c0134,0.0
r0160_c0135,19.92
r0160_c0136,0.0
r0160_c0137,0.0
r0160_c0138,18.7
r0160_c0139,11.58
r0160_c0140,0.0
r0160_c0141,0.0
r0160_c0142,0.0
r0160_c0143,5.95
r0160_c0144,0.0
r0160_c0145,0.0
r0160_c0146,13.57
r0160_c0147,0.0
r0160_c0148,0.0
r0160_c0149,0.0
r0160_c0150,0.0
r0160_c0151,0.0
r0160_c0153,0.0
r0160_c0154,0.0
r0160_c0155,0.0
r0160_c0156,0.0
r0160_c0157,0.0
r0160_c0158,0.0
r0160_c0159,0.0
r0160_c0160,0.0
r0160_c0161,0.0
r0160_c0162,0.0
r0160_c0163,0.0
r0160_c0166,0.0
r0160_c0167,0.0
r0160_c0170,0.0
r0160_c0171,0.0
r0160_c0172,0.0
r0160_c0173,0.0
r0160_c0174,0.0
r0160_c0175,0.0
r0160_c0176,0.0
r0161_c0091,0.0
r0161_c0092,7.01
r0161_c0093,14.71
r0161_c0094,13.33
r0161_c0096,17.88
r0161_c0108,11.28
r0161_c0111,6.21
r0161_c0112,13.69
r0161_c0113,0.64
r0161_c0114,6.32
r0161_c0115,11.73
r0161_c0116,7.96
r0161_c0117,8.41
r0161_c0118,13.37
r0161_c0119,8.95
r0161_c0120,2.36
r0161_c0121,9.01
r0161_c0122,9.62
r0161_c0123,13.36
r0161_c0124,0.0
r0161_c0125,1.19
r0161_c0126,13.92
r0161_c0127,8.84
r0161_c0128,9.09
r0161_c0129,26.4
r0161_c0130,5.6
r0161_c0131,19.45
r0161_c0132,9.02
r0161_c0133,7.61
r0161_c0134,24.26
r0161_c0135,6.69
r0161_c0136,14.76
r0161_c0137,25.85
r0161_c0138,23.19
r0161_c0139,0.0
r0161_c0140,0.0
r0161_c0141,0.0
r0161_c0142,0.0
r0161_c0143,6.7
r0161_c0144,0.0
r0161_c0145,0.0
r0161_c0146,0.0
r0161_c0147,0.0
r0161_c0148,0.0
r0161_c0149,0.0
r0161_c0150,0.0
r0161_c0151,0.0
r0161_c0152,0.0
r0161_c0153,0.0
r0161_c0154,0.0
r0161_c0155,0.0
r0161_c0156,0.0
r0161_c0157,0.0
r0161_c0158,0.0
r0161_c0159,0.0
r0161_c0161,0.0
r0161_c0162,0.0
r0161_c0163,0.0
r0161_c0164,0.0
r0161_c0165,0.0
r0161_c0166,0.0
r0161_c0167,0.0
r0161_c0168,0.0
r0161_c0170,0.0
r0161_c0171,0.0
r0161_c0172,0.0
r0161_c0173,0.0
r0161_c0174,0.0
r0161_c0175,0.0
r0162_c0091,10.65
r0162_c0092,1.46
r0162_c0093,0.0
r0162_c0094,0.0
r0162_c0095,3.26
r0162_c0096,0.0
r0162_c0110,0.0
r0162_c0111,0.0
r0162_c0112,0.0
r0162_c0113,0.0
r0162_c0114,17.18
r0162_c0115,8.31
r0162_c0116,11.92
r0162_c0117,13.02
r0162_c0118,0.0
r0162_c0119,0.0
r0162_c0120,0.0
r0162_c0121,0.0
r0162_c0122,6.99
r0162_c0123,0.0
r0162_c0124,0.0
r0162_c0125,0.0
r0162_c0126,0.0
r0162_c0127,10.22
r0162_c0128,0.0
r0162_c0129,0.0
r0162_c0130,0.0
r0162_c0131,0.0
r0162_c0132,0.0
r0162_c0133,0.0
r0162_c0134,0.0
r0162_c0135,10.29
r0162_c0136,9.94
r0162_c0137,0.0
r0162_c0138,20.09
r0162_c0139,0.0
r0162_c0140,0.0
r0162_c0141,0.0
r0162_c0142,0.0
r0162_c0143,6.72
r0162_c0144,0.0
r0162_c0145,0.0
r0162_c0146,11.12
r0162_c0147,0.0
r0162_c0148,0.0
r0162_c0149,0.0
r0162_c0150,0.0
r0162_c0151,0.0
r0162_c0152,0.0
r0162_c0153,0.0
r0162_c0154,0.0
r0162_c0155,0.0
r0162_c0156,0.0
r0162_c0157,0.0
r0162_c0158,0.0
r0162_c0162,0.0
r0162_c0163,0.0
r0162_c0164,0.0
r0162_c0165,0.0
r0162_c0166,0.0
r0162_c0168,0.0
r0162_c0170,0.0
r0162_c0171,0.0
r0162_c0172,0.0
r0162_c0173,0.0
r0162_c0174,0.0
r0162_c0175,0.0
r0163_c0091,0.0
r0163_c0092,0.0
r0163_c0093,0.0
r0163_c0094,0.0
r0163_c0095,27.14
r0163_c0096,0.0
r0163_c0102,0.0
r0163_c0104,0.0
r0163_c0105,0.0
r0163_c0106,0.0
r0163_c0107,0.0
r0163_c0108,0.0
r0163_c0110,0.0
r0163_c0111,0.0
r0163_c0112,0.0
r0163_c0114,0.0
r0163_c0115,21.87
r0163_c0116,9.77
r0163_c0117,0.0
r0163_c0118,0.0
r0163_c0119,0.0
r0163_c0120,0.0
r0163_c0121,0.0
r0163_c0122,8.86
r0163_c0123,0.0
r0163_c0125,0.0
r0163_c0126,0.0
r0163_c0127,4.1
r0163_c0129,0.0
r0163_c0130,0.0
r0163_c0131,0.0
r0163_c0132,0.0
r0163_c0133,0.0
r0163_c0134,0.0
r0163_c0135,10.98
r0163_c0136,0.0
r0163_c0137,0.0
r0163_c0138,16.25
r0163_c0139,0.0
r0163_c0140,0.0
r0163_c0141,0.0
r0163_c0142,0.0
r0163_c0143,2.79
r0163_c0144,0.0
r0163_c0145,0.0
r0163_c0146,0.0
r0163_c0148,0.0
r0163_c0149,0.0
r0163_c0150,0.0
r0163_c0151,0.0
r0163_c0152,0.0
r0163_c0153,0.0
r0163_c0154,0.0
r0163_c0155,0.0
r0163_c0156,0.0
r0163_c0157,0.0
r0163_c0158,0.0
r0163_c0159,0.0
r0163_c0160,0.0
r0163_c0162,0.0
r0163_c0163,0.0
r0163_c0164,0.0
r0163_c0168,0.0
r0163_c0169,0.0
r0163_c0170,0.0
r0163_c0171,0.0
r0163_c0172,0.0
r0163_c0173,0.0
r0164_c0092,0.0
r0164_c0093,0.0
r0164_c0097,0.0
r0164_c0098,0.0
r0164_c0099,0.0
r0164_c0100,0.0
r0164_c0101,0.0
r0164_c0102,0.0
r0164_c0103,0.0
r0164_c0105,0.0
r0164_c0106,24.24
r0164_c0107,0.0
r0164_c0108,0.0
r0164_c0109,0.0
r0164_c0110,0.0
r0164_c0111,0.0
r0164_c0112,0.0
r0164_c0113,2.56
r0164_c0114,26.46
r0164_c0115,0.0
r0164_c0116,19.47
r0164_c0117,0.0
r0164_c0118,0.0
r0164_c0119,0.0
r0164_c0120,0.0
r0164_c0121,0.0
r0164_c0122,0.0
r0164_c0123,0.0
r0164_c0124,0.0
r0164_c0125,0.0
r0164_c0126,0.0
r0164_c0127,2.67
r0164_c0128,0.0
r0164_c0129,0.0
r0164_c0130,0.0
r0164_c0131,0.0
r0164_c0132,0.0
r0164_c0133,0.0
r0164_c0134,0.0
r0164_c0135,3.11
r0164_c0136,0.0
r0164_c0137,0.0
r0164_c0138,6.8
r0164_c0139,0.0
r0164_c0140,0.0
r0164_c0141,0.0
r0164_c0142,0.0
r0164_c0143,8.44
r0164_c0144,0.0
r0164_c0145,0.0
r0164_c0146,11.05
r0164_c0148,0.0
r0164_c0149,0.0
r0164_c0150,0.0
r0164_c0151,0.0
r0164_c0152,0.0
r0164_c0153,0.0
r0164_c0154,0.0
r0164_c0155,0.0
r0164_c0156,0.0
r0164_c0157,0.0
r0164_c0158,0.0
r0164_c0159,0.0
r0164_c0161,0.0
r0164_c0162,0.0
r0164_c0163,0.0
r0164_c0164,0.0
r0164_c0166,0.0
r0164_c0168,0.0
r0164_c0169,0.0
r0164_c0170,0.0
r0164_c0172,0.0
r0164_c0173,0.0
r0165_c0097,0.0
r0165_c0098,0.0
r0165_c0099,0.0
r0165_c0100,0.0
r0165_c0101,0.0
r0165_c0102,0.0
r0165_c0103,0.0
r0165_c0104,0.0
r0165_c0105,0.0
r0165_c0106,0.0
r0165_c0107,0.0
r0165_c0108,0.0
r0165_c0109,0.0
r0165_c0110,0.0
r0165_c0111,0.0
r0165_c0112,13.76
r0165_c0113,9.99
r0165_c0114,5.18
r0165_c0115,4.06
r0165_c0116,0.0
r0165_c0117,0.0
r0165_c0118,0.0
r0165_c0119,0.0
r0165_c0120,0.0
r0165_c0121,0.0
r0165_c0122,17.7
r0165_c0123,0.0
r0165_c0124,0.0
r0165_c0125,0.0
r0165_c0126,0.0
r0165_c0127,14.78
r0165_c0128,0.0
r0165_c0129,0.0
r0165_c0130,0.0
r0165_c0131,0.0
r0165_c0132,0.0
r0165_c0133,0.0
r0165_c0134,0.0
r0165_c0135,0.0
r0165_c0136,0.0
r0165_c0137,0.0
r0165_c0138,15.2
r0165_c0139,0.0
r0165_c0140,0.0
r0165_c0141,0.0
r0165_c0142,0.0
r0165_c0143,9.03
r0165_c0144,0.0
r0165_c0145,0.0
r0165_c0146,9.03
r0165_c0148,0.0
r0165_c0149,0.0
r0165_c0150,0.0
r0165_c0151,0.0
r0165_c0152,0.0
r0165_c0153,0.0
r0165_c0154,0.0
r0165_c0155,0.0
r0165_c0156,0.0
r0165_c0157,0.0
r0165_c0158,0.0
r0165_c0159,0.0
r0165_c0162,0.0
r0165_c0163,0.0
r0165_c0164,0.0
r0165_c0168,0.0
r0165_c0169,0.0
r0165_c0170,0.0
r0165_c0171,0.0
r0165_c0172,0.0
r0165_c0173,0.0
r0166_c0097,16.0
r0166_c0098,15.38
r0166_c0099,11.3
r0166_c0100,17.94
r0166_c0101,8.81
r0166_c0102,4.45
r0166_c0103,22.26
r0166_c0104,17.89
r0166_c0105,8.97
r0166_c0106,17.47
r0166_c0107,19.68
r0166_c0108,12.28
r0166_c0109,0.0
r0166_c0110,29.67
r0166_c0111,23.01
r0166_c0112,7.58
r0166_c0113,15.44
r0166_c0114,1.44
r0166_c0115,11.06
r0166_c0116,11.84
r0166_c0117,0.0
r0166_c0118,15.09
r0166_c0119,5.2
r0166_c0120,14.25
r0166_c0121,0.0
r0166_c0122,0.0
r0166_c0123,16.62
r0166_c0124,2.44
r0166_c0125,0.0
r0166_c0126,0.0
r0166_c0127,1.88
r0166_c0128,0.0
r0166_c0129,0.0
r0166_c0130,0.0
r0166_c0131,0.0
r0166_c0132,0.0
r0166_c0133,0.0
r0166_c0134,28.18
r0166_c0135,0.0
r0166_c0137,0.0
r0166_c0138,15.69
r0166_c0139,0.0
r0166_c0140,0.0
r0166_c0141,0.0
r0166_c0142,0.0
r0166_c0143,7.37
r0166_c0145,0.0
r0166_c0146,5.09
r0166_c0147,0.0
r0166_c0148,0.0
r0166_c0149,0.0
r0166_c0150,0.0
r0166_c0151,0.0
r0166_c0152,0.0
r0166_c0153,0.0
r0166_c0154,0.0
r0166_c0155,0.0
r0166_c0156,0.0
r0166_c0157,0.0
r0166_c0158,0.0
r0166_c0160,0.0
r0166_c0161,0.0
r0166_c0162,0.0
r0166_c0163,0.0
r0166_c0164,0.0
r0166_c0166,0.0
r0166_c0168,0.0
r0166_c0169,0.0
r0166_c0170,0.0
r0166_c0171,0.0
r0166_c0172,0.0
r0166_c0173,0.0
r0167_c0097,0.0
r0167_c0098,0.0
r0167_c0099,0.0
r0167_c0100,0.0
r0167_c0101,0.0
r0167_c0102,0.0
r0167_c0103,0.0
r0167_c0104,0.0
r0167_c0105,0.0
r0167_c0106,0.0
r0167_c0107,0.0
r0167_c0108,0.0
r0167_c0109,0.0
r0167_c0110,16.7
r0167_c0111,2.6
r0167_c0112,0.0
r0167_c0113,0.0
r0167_c0114,0.0
r0167_c0115,3.58
r0167_c0116,0.96
r0167_c0117,0.0
r0167_c0118,0.0
r0167_c0119,0.0
r0167_c0120,0.0
r0167_c0121,0.0
r0167_c0122,0.0
r0167_c0123,0.0
r0167_c0124,0.0
r0167_c0125,0.0
r0167_c0126,15.26
r0167_c0127,4.84
r0167_c0128,0.0
r0167_c0129,16.41
r0167_c0130,0.0
r0167_c0131,17.97
r0167_c0132,0.0
r0167_c0133,10.73
r0167_c0134,2.76
r0167_c0135,7.19
r0167_c0136,14.34
r0167_c0137,0.52
r0167_c0138,20.73
r0167_c0139,4.64
r0167_c0140,8.95
r0167_c0141,1.19
r0167_c0142,14.53
r0167_c0143,16.94
r0167_c0144,8.94
r0167_c0145,7.42
r0167_c0146,5.47
r0167_c0147,0.0
r0167_c0148,0.0
r0167_c0149,0.0
r0167_c0150,0.0
r0167_c0151,0.0
r0167_c0152,0.0
r0167_c0153,0.0
r0167_c0154,0.0
r0167_c0158,0.0
r0167_c0159,0.0
r0167_c0160,0.0
r0167_c0161,0.0
r0167_c0162,0.0
r0167_c0163,0.0
r0167_c0164,0.0
r0167_c0165,0.0
r0167_c0167,0.0
r0167_c0168,0.0
r0167_c0169,0.0
r0167_c0170,0.0
r0167_c0171,0.0
r0167_c0172,0.0
r0167_c0173,0.0
r0168_c0097,0.0
r0168_c0098,0.0
r0168_c0099,0.0
r0168_c0100,0.0
r0168_c0101,0.0
r0168_c0102,0.0
r0168_c0103,0.0
r0168_c0104,0.0
r0168_c0105,0.0
r0168_c0106,23.5
r0168_c0107,0.0
r0168_c0108,0.0
r0168_c0109,17.33
r0168_c0110,1.76
r0168_c0111,0.0
r0168_c0112,0.0
r0168_c0113,0.0
r0168_c0114,0.0
r0168_c0115,0.0
r0168_c0116,0.0
r0168_c0117,0.0
r0168_c0118,0.0
r0168_c0119,0.0
r0168_c0120,0.0
r0168_c0123,0.0
r0168_c0124,0.0
r0168_c0125,0.0
r0168_c0126,0.0
r0168_c0127,16.06
r0168_c0129,0.0
r0168_c0130,0.0
r0168_c0131,0.0
r0168_c0132,0.0
r0168_c0133,0.0
r0168_c0134,0.0
r0168_c0135,0.0
r0168_c0136,0.0
r0168_c0137,4.06
r0168_c0138,5.25
r0168_c0139,0.0
r0168_c0140,0.0
r0168_c0141,0.0
r0168_c0142,0.0
r0168_c0143,7.25
r0168_c0144,0.0
r0168_c0145,0.0
r0168_c0146,0.0
r0168_c0147,0.0
r0168_c0148,0.0
r0168_c0149,0.0
r0168_c0150,0.0
r0168_c0151,0.0
r0168_c0152,0.0
r0168_c0153,0.0
r0168_c0154,0.0
r0168_c0155,0.0
r0168_c0156,0.0
r0168_c0157,0.0
r0168_c0158,0.0
r0168_c0159,0.0
r0168_c0160,0.0
r0168_c0161,0.0
r0168_c0162,0.0
r0168_c0163,0.0
r0168_c0164,0.0
r0168_c0165,0.0
r0168_c0166,0.0
r0168_c0167,0.0
r0168_c0168,0.0
r0168_c0169,0.0
r0168_c0170,0.0
r0168_c0171,0.0
r0168_c0172,0.0
r0168_c0173,0.0
r0169_c0091,0.0
r0169_c0092,0.0
r0169_c0093,0.0
r0169_c0094,0.0
r0169_c0095,0.0
r0169_c0096,0.0
r0169_c0097,0.0
r0169_c0098,0.0
r0169_c0099,0.0
r0169_c0100,0.0
r0169_c0101,0.0
r0169_c0102,0.0
r0169_c0103,0.0
r0169_c0104,0.0
r0169_c0105,0.0
r0169_c0106,0.0
r0169_c0107,3.16
r0169_c0108,20.2
r0169_c0109,0.0
r0169_c0110,0.0
r0169_c0111,0.0
r0169_c0112,0.0
r0169_c0113,0.0
r0169_c0114,0.0
r0169_c0115,29.73
r0169_c0116,29.24
r0169_c0117,0.0
r0169_c0118,0.0
r0169_c0119,0.0
r0169_c0120,0.0
r0169_c0124,0.0
r0169_c0125,0.0
r0169_c0126,0.0
r0169_c0127,0.0
r0169_c0128,0.0
r0169_c0129,0.0
r0169_c0130,0.0
r0169_c0131,0.0
r0169_c0132,0.0
r0169_c0133,0.0
r0169_c0134,0.0
r0169_c0135,0.0
r0169_c0136,0.0
r0169_c0137,9.65
r0169_c0138,0.0
r0169_c0139,0.0
r0169_c0140,0.0
r0169_c0141,0.0
r0169_c0142,0.0
r0169_c0143,10.52
r0169_c0144,0.0
r0169_c0145,0.0
r0169_c0147,0.0
r0169_c0148,0.0
r0169_c0149,0.0
r0169_c0150,0.0
r0169_c0151,0.0
r0169_c0152,0.0
r0169_c0153,0.0
r0169_c0154,0.0
r0169_c0155,0.0
r0169_c0156,0.0
r0169_c0157,0.0
r0169_c0158,0.0
r0169_c0159,0.0
r0169_c0160,0.0
r0169_c0161,0.0
r0169_c0162,0.0
r0169_c0163,0.0
r0169_c0164,0.0
r0169_c0165,0.0
r0169_c0166,0.0
r0169_c0167,0.0
r0169_c0168,0.0
r0169_c0169,0.0
r0169_c0170,0.0
r0169_c0171,0.0
r0169_c0172,0.0
r0169_c0173,0.0
r0170_c0091,0.0
r0170_c0092,0.0
r0170_c0093,0.0
r0170_c0094,0.0
r0170_c0095,0.0
r0170_c0096,0.0
r0170_c0097,0.0
r0170_c0098,0.0
r0170_c0099,0.0
r0170_c0100,0.0
r0170_c0101,0.0
r0170_c0102,0.0
r0170_c0103,0.0
r0170_c0104,0.0
r0170_c0105,0.0
r0170_c0106,6.04
r0170_c0107,15.01
r0170_c0108,0.0
r0170_c0109,0.0
r0170_c0110,0.0
r0170_c0111,0.0
r0170_c0112,0.0
r0170_c0113,0.0
r0170_c0114,0.0
r0170_c0115,0.0
r0170_c0116,0.0
r0170_c0117,0.0
r0170_c0118,0.0
r0170_c0119,0.0
r0170_c0120,0.0
r0170_c0123,0.0
r0170_c0124,0.0
r0170_c0125,0.0
r0170_c0126,0.0
r0170_c0127,16.19
r0170_c0128,0.0
r0170_c0129,0.0
r0170_c0130,0.0
r0170_c0131,0.0
r0170_c0132,0.0
r0170_c0133,23.53
r0170_c0134,0.0
r0170_c0135,0.0
r0170_c0136,0.0
r0170_c0137,9.25
r0170_c0138,26.95
r0170_c0139,0.0
r0170_c0140,0.0
r0170_c0141,0.0
r0170_c0142,0.0
r0170_c0143,8.72
r0170_c0144,0.0
r0170_c0145,0.0
r0170_c0146,0.0
r0170_c0147,0.0
r0170_c0148,0.0
r0170_c0149,0.0
r0170_c0150,0.0
r0170_c0151,0.0
r0170_c0152,0.0
r0170_c0153,0.0
r0170_c0154,0.0
r0170_c0155,0.0
r0170_c0156,0.0
r0170_c0157,0.0
r0170_c0158,0.0
r0170_c0159,0.0
r0170_c0160,0.0
r0170_c0161,0.0
r0170_c0162,0.0
r0170_c0163,0.0
r0170_c0164,0.0
r0170_c0166,0.0
r0170_c0167,0.0
r0170_c0168,0.0
r0170_c0169,0.0
r0170_c0170,0.0
r0170_c0171,0.0
r0170_c0172,0.0
r0170_c0173,0.0
r0171_c0091,0.0
r0171_c0092,0.0
r0171_c0093,0.0
r0171_c0094,0.0
r0171_c0095,1.8
r0171_c0096,0.0
r0171_c0097,0.0
r0171_c0098,0.0
r0171_c0099,0.0
r0171_c0100,0.0
r0171_c0101,0.0
r0171_c0102,0.0
r0171_c0103,0.0
r0171_c0104,0.0
r0171_c0105,11.94
r0171_c0106,23.18
r0171_c0107,12.48
r0171_c0108,0.0
r0171_c0109,0.0
r0171_c0110,0.0
r0171_c0111,0.0
r0171_c0112,0.0
r0171_c0113,0.0
r0171_c0114,0.0
r0171_c0115,2.62
r0171_c0116,3.61
r0171_c0117,0.0
r0171_c0118,0.0
r0171_c0119,0.0
r0171_c0120,0.0
r0171_c0124,0.0
r0171_c0125,0.0
r0171_c0126,0.0
r0171_c0127,0.0
r0171_c0128,0.0
r0171_c0129,0.0
r0171_c0130,0.0
r0171_c0131,0.0
r0171_c0132,0.0
r0171_c0133,0.0
r0171_c0134,0.0
r0171_c0135,0.0
r0171_c0136,0.0
r0171_c0137,7.88
r0171_c0138,0.0
r0171_c0139,0.0
r0171_c0140,0.0
r0171_c0141,0.0
r0171_c0142,0.0
r0171_c0143,4.81
r0171_c0144,0.0
r0171_c0145,0.0
r0171_c0146,0.0
r0171_c0147,0.0
r0171_c0148,0.0
r0171_c0149,0.0
r0171_c0150,0.0
r0171_c0151,0.0
r0171_c0152,0.0
r0171_c0153,0.0
r0171_c0154,0.0
r0171_c0155,0.0
r0171_c0156,0.0
r0171_c0157,0.0
r0171_c0158,0.0
r0171_c0159,0.0
r0171_c0160,0.0
r0171_c0161,0.0
r0171_c0162,0.0
r0171_c0163,0.0
r0171_c0164,0.0
r0171_c0165,0.0
r0171_c0166,0.0
r0171_c0167,0.0
r0171_c0168,0.0
r0171_c0169,0.0
r0171_c0170,0.0
r0171_c0171,0.0
r0171_c0172,0.0
r0171_c0173,0.0
r0172_c0091,0.0
r0172_c0092,0.0
r0172_c0093,22.04
r0172_c0094,1.07
r0172_c0095,7.5
r0172_c0096,0.0
r0172_c0097,23.31
r0172_c0098,0.0
r0172_c0099,0.0
r0172_c0100,0.0
r0172_c0101,0.0
r0172_c0102,40.5
r0172_c0103,0.0
r0172_c0104,6.44
r0172_c0105,16.44
r0172_c0106,10.52
r0172_c0107,0.0
r0172_c0108,0.0
r0172_c0109,0.0
r0172_c0110,51.54
r0172_c0111,0.0
r0172_c0112,0.0
r0172_c0113,0.0
r0172_c0114,0.0
r0172_c0115,8.67
r0172_c0116,6.5
r0172_c0117,5.08
r0172_c0118,4.8
r0172_c0119,5.71
r0172_c0120,14.69
r0172_c0126,2.69
r0172_c0127,7.77
r0172_c0128,13.34
r0172_c0129,0.0
r0172_c0130,0.0
r0172_c0131,18.13
r0172_c0132,6.15
r0172_c0133,0.0
r0172_c0134,16.88
r0172_c0135,1.31
r0172_c0136,10.42
r0172_c0137,9.22
r0172_c0138,4.37
r0172_c0139,15.19
r0172_c0140,1.16
r0172_c0141,0.0
r0172_c0142,16.82
r0172_c0143,7.45
r0172_c0144,0.0
r0172_c0145,0.0
r0172_c0146,0.0
r0172_c0147,0.0
r0172_c0148,0.0
r0172_c0149,0.0
r0172_c0150,0.0
r0172_c0151,0.0
r0172_c0152,0.0
r0172_c0153,0.0
r0172_c0154,0.0
r0172_c0155,0.0
r0172_c0156,0.0
r0172_c0157,0.0
r0172_c0158,0.0
r0172_c0159,0.0
r0172_c0160,0.0
r0172_c0161,0.0
r0172_c0162,0.0
r0172_c0163,0.0
r0172_c0164,0.0
r0172_c0165,0.0
r0172_c0166,0.0
r0172_c0167,0.0
r0172_c0168,0.0
r0172_c0169,0.0
r0172_c0170,0.0
r0172_c0171,0.0
r0172_c0172,0.0
r0172_c0173,0.0
r0172_c0178,0.0
r0173_c0091,0.0
r0173_c0092,0.0
r0173_c0093,0.0
r0173_c0094,0.0
r0173_c0095,0.0
r0173_c0096,0.0
r0173_c0097,0.0
r0173_c0098,0.0
r0173_c0099,0.0
r0173_c0100,0.0
r0173_c0101,0.0
r0173_c0102,0.0
r0173_c0103,13.82
r0173_c0104,5.25
r0173_c0105,0.0
r0173_c0106,19.88
r0173_c0107,0.0
r0173_c0108,0.0
r0173_c0109,0.0
r0173_c0110,0.0
r0173_c0111,0.0
r0173_c0112,17.95
r0173_c0113,0.0
r0173_c0114,8.69
r0173_c0115,9.01
r0173_c0116,0.0
r0173_c0117,0.0
r0173_c0118,0.0
r0173_c0119,0.0
r0173_c0120,0.0
r0173_c0126,0.0
r0173_c0127,12.4
r0173_c0128,0.0
r0173_c0129,0.0
r0173_c0130,0.0
r0173_c0131,0.0
r0173_c0132,0.0
r0173_c0133,0.0
r0173_c0134,0.0
r0173_c0135,0.0
r0173_c0136,9.12
r0173_c0137,0.0
r0173_c0138,10.12
r0173_c0139,0.0
r0173_c0140,0.0
r0173_c0141,0.0
r0173_c0142,0.0
r0173_c0143,3.52
r0173_c0144,0.0
r0173_c0145,0.0
r0173_c0146,0.0
r0173_c0147,0.0
r0173_c0148,0.0
r0173_c0149,0.0
r0173_c0150,0.0
r0173_c0152,0.0
r0173_c0153,0.0
r0173_c0154,0.0
r0173_c0155,0.0
r0173_c0156,0.0
r0173_c0157,0.0
r0173_c0158,0.0
r0173_c0159,0.0
r0173_c0160,0.0
r0173_c0161,0.0
r0173_c0162,0.0
r0173_c0163,0.0
r0173_c0164,0.0
r0173_c0165,0.0
r0173_c0166,0.0
r0173_c0167,0.0
r0173_c0168,0.0
r0173_c0169,0.0
r0173_c0170,0.0
r0173_c0171,0.0
r0173_c0172,0.0
r0173_c0173,0.0
r0173_c0174,0.0
r0173_c0175,0.0
r0174_c0091,0.0
r0174_c0092,0.0
r0174_c0093,0.0
r0174_c0094,0.0
r0174_c0095,24.78
r0174_c0096,0.0
r0174_c0097,0.0
r0174_c0098,0.0
r0174_c0099,0.0
r0174_c0100,0.0
r0174_c0101,0.0
r0174_c0102,2.06
r0174_c0103,6.38
r0174_c0104,0.0
r0174_c0105,0.0
r0174_c0106,33.31
r0174_c0107,35.58
r0174_c0108,0.0
r0174_c0109,0.0
r0174_c0110,0.0
r0174_c0111,11.43
r0174_c0112,0.0
r0174_c0113,0.0
r0174_c0114,0.0
r0174_c0115,8.34
r0174_c0116,20.16
r0174_c0117,0.0
r0174_c0118,0.0
r0174_c0119,35.68
r0174_c0120,0.0
r0174_c0126,0.0
r0174_c0127,6.17
r0174_c0128,0.0
r0174_c0129,0.0
r0174_c0130,0.0
r0174_c0131,0.0
r0174_c0132,24.03
r0174_c0133,0.0
r0174_c0134,0.0
r0174_c0135,0.0
r0174_c0136,5.46
r0174_c0137,13.33
r0174_c0138,6.0
r0174_c0139,14.24
r0174_c0140,4.96
r0174_c0141,0.0
r0174_c0142,13.17
r0174_c0143,6.19
r0174_c0144,0.0
r0174_c0145,0.0
r0174_c0146,0.0
r0174_c0147,0.0
r0174_c0148,0.0
r0174_c0149,0.0
r0174_c0150,0.0
r0174_c0152,0.0
r0174_c0153,0.0
r0174_c0154,0.0
r0174_c0155,0.0
r0174_c0156,0.0
r0174_c0157,0.0
r0174_c0158,0.0
r0174_c0159,0.0
r0174_c0160,0.0
r0174_c0161,0.0
r0174_c0162,0.0
r0174_c0163,0.0
r0174_c0164,0.0
r0174_c0165,0.0
r0174_c0166,0.0
r0174_c0167,0.0
r0174_c0168,0.0
r0174_c0169,0.0
r0174_c0170,0.0
r0174_c0171,0.0
r0174_c0172,0.0
r0174_c0173,0.0
r0174_c0174,0.0
r0174_c0177,0.0
r0175_c0091,0.0
r0175_c0092,0.0
r0175_c0093,0.0
r0175_c0094,0.0
r0175_c0095,0.0
r0175_c0096,0.0
r0175_c0097,0.0
r0175_c0098,0.0
r0175_c0099,0.0
r0175_c0100,31.43
r0175_c0101,0.0
r0175_c0102,21.38
r0175_c0103,0.0
r0175_c0104,0.0
r0175_c0105,0.0
r0175_c0106,2.12
r0175_c0107,0.0
r0175_c0108,0.0
r0175_c0109,0.0
r0175_c0110,0.0
r0175_c0111,5.46
r0175_c0112,0.0
r0175_c0113,0.0
r0175_c0114,0.0
r0175_c0115,6.37
r0175_c0116,0.0
r0175_c0117,0.0
r0175_c0118,0.0
r0175_c0119,0.0
r0175_c0120,0.0
r0175_c0123,0.0
r0175_c0124,0.0
r0175_c0125,0.0
r0175_c0126,0.0
r0175_c0127,5.85
r0175_c0128,0.0
r0175_c0129,0.0
r0175_c0130,0.0
r0175_c0131,0.0
r0175_c0132,0.0
r0175_c0133,0.0
r0175_c0134,0.0
r0175_c0135,0.0
r0175_c0136,8.58
r0175_c0137,0.0
r0175_c0138,6.01
r0175_c0139,0.0
r0175_c0140,0.0
r0175_c0141,0.0
r0175_c0142,12.29
r0175_c0143,0.0
r0175_c0144,0.0
r0175_c0145,0.0
r0175_c0146,0.0
r0175_c0147,0.0
r0175_c0148,0.0
r0175_c0149,0.0
r0175_c0150,0.0
r0175_c0151,0.0
r0175_c0152,0.0
r0175_c0153,0.0
r0175_c0154,0.0
r0175_c0155,0.0
r0175_c0156,0.0
r0175_c0157,0.0
r0175_c0158,0.0
r0175_c0159,0.0
r0175_c0160,0.0
r0175_c0161,0.0
r0175_c0162,0.0
r0175_c0163,0.0
r0175_c0164,0.0
r0175_c0165,0.0
r0175_c0166,0.0
r0175_c0167,0.0
r0175_c0168,0.0
r0175_c0169,0.0
r0175_c0170,0.0
r0175_c0171,0.0
r0175_c0172,0.0
r0175_c0173,0.0
r0175_c0174,0.0
r0175_c0175,0.0
r0175_c0176,0.0
r0175_c0177,0.0
r0175_c0178,0.0
r0175_c0179,0.0
r0176_c0091,0.0
r0176_c0092,0.0
r0176_c0093,0.0
r0176_c0094,0.0
r0176_c0095,6.36
r0176_c0096,0.0
r0176_c0097,0.0
r0176_c0098,0.0
r0176_c0099,0.0
r0176_c0100,0.93
r0176_c0101,19.26
r0176_c0102,0.0
r0176_c0103,0.0
r0176_c0104,0.0
r0176_c0105,0.0
r0176_c0106,11.16
r0176_c0107,0.0
r0176_c0108,0.0
r0176_c0110,10.93
r0176_c0111,0.0
r0176_c0112,0.0
r0176_c0113,0.0
r0176_c0114,0.0
r0176_c0115,5.99
r0176_c0116,7.53
r0176_c0117,0.0
r0176_c0118,0.0
r0176_c0119,0.0
r0176_c0120,0.0
r0176_c0123,0.0
r0176_c0124,0.0
r0176_c0125,0.0
r0176_c0126,0.0
r0176_c0127,9.36
r0176_c0128,0.0
r0176_c0129,0.0
r0176_c0130,0.0
r0176_c0131,5.89
r0176_c0132,0.0
r0176_c0133,0.0
r0176_c0134,0.0
r0176_c0135,0.0
r0176_c0136,10.15
r0176_c0137,0.0
r0176_c0138,0.0
r0176_c0139,0.0
r0176_c0140,0.0
r0176_c0141,0.0
r0176_c0142,6.19
r0176_c0143,0.0
r0176_c0144,0.0
r0176_c0145,0.0
r0176_c0146,0.0
r0176_c0147,0.0
r0176_c0148,0.0
r0176_c0149,0.0
r0176_c0150,0.0
r0176_c0151,0.0
r0176_c0152,0.0
r0176_c0153,0.0
r0176_c0154,0.0
r0176_c0155,0.0
r0176_c0156,0.0
r0176_c0157,0.0
r0176_c0158,0.0
r0176_c0159,0.0
r0176_c0160,0.0
r0176_c0161,0.0
r0176_c0162,0.0
r0176_c0163,0.0
r0176_c0164,0.0
r0176_c0165,0.0
r0176_c0168,0.0
r0176_c0169,0.0
r0176_c0170,0.0
r0176_c0171,0.0
r0176_c0172,0.0
r0176_c0173,0.0
r0176_c0174,0.0
r0176_c0175,0.0
r0176_c0176,0.0
r0176_c0177,0.0
r0176_c0178,0.0
r0176_c0179,0.0
r0177_c0091,10.01
r0177_c0092,12.39
r0177_c0093,14.66
r0177_c0094,11.45
r0177_c0095,26.67
r0177_c0096,12.9
r0177_c0097,6.91
r0177_c0099,14.49
r0177_c0100,35.74
r0177_c0101,6.74
r0177_c0102,0.0
r0177_c0103,19.85
r0177_c0104,0.0
r0177_c0105,15.74
r0177_c0106,22.31
r0177_c0107,16.57
r0177_c0118,15.26
r0177_c0119,0.0
r0177_c0120,17.36
r0177_c0121,0.0
r0177_c0122,2.29
r0177_c0123,17.41
r0177_c0124,0.0
r0177_c0125,0.0
r0177_c0126,15.93
r0177_c0127,7.7
r0177_c0128,13.58
r0177_c0129,0.0
r0177_c0130,9.38
r0177_c0131,12.32
r0177_c0132,0.0
r0177_c0133,0.0
r0177_c0134,0.0
r0177_c0135,1.99
r0177_c0138,12.09
r0177_c0139,0.0
r0177_c0140,0.0
r0177_c0141,0.0
r0177_c0142,6.39
r0177_c0143,0.0
r0177_c0144,0.0
r0177_c0145,0.0
r0177_c0146,0.0
r0177_c0147,0.0
r0177_c0148,0.0
r0177_c0149,0.0
r0177_c0150,0.0
r0177_c0151,0.0
r0177_c0152,0.0
r0177_c0153,0.0
r0177_c0154,0.0
r0177_c0155,0.0
r0177_c0156,0.0
r0177_c0157,0.0
r0177_c0158,0.0
r0177_c0159,0.0
r0177_c0160,0.0
r0177_c0161,0.0
r0177_c0162,0.0
r0177_c0163,0.0
r0177_c0164,0.0
r0177_c0165,0.0
r0177_c0166,0.0
r0177_c0168,0.0
r0177_c0169,0.0
r0177_c0170,0.0
r0177_c0171,0.0
r0177_c0172,0.0
r0177_c0173,0.0
r0177_c0174,0.0
r0178_c0091,14.64
r0178_c0092,0.0
r0178_c0093,0.0
r0178_c0094,0.0
r0178_c0095,15.07
r0178_c0096,0.0
r0178_c0097,0.0
r0178_c0098,2.01
r0178_c0099,9.42
r0178_c0100,17.97
r0178_c0101,0.0
r0178_c0102,0.0
r0178_c0103,0.0
r0178_c0104,0.0
r0178_c0105,0.0
r0178_c0106,0.0
r0178_c0107,18.2
r0178_c0108,0.0
r0178_c0110,0.0
r0178_c0113,0.0
r0178_c0115,6.11
r0178_c0118,0.0
r0178_c0119,0.0
r0178_c0120,0.0
r0178_c0121,0.0
r0178_c0122,0.0
r0178_c0123,0.0
r0178_c0124,0.0
r0178_c0125,0.0
r0178_c0126,0.0
r0178_c0129,0.0
r0178_c0130,0.0
r0178_c0131,0.39
r0178_c0132,0.0
r0178_c0133,23.86
r0178_c0138,0.0
r0178_c0139,13.43
r0178_c0140,4.63
r0178_c0141,14.99
r0178_c0142,0.0
r0178_c0143,0.0
r0178_c0144,0.0
r0178_c0145,0.0
r0178_c0146,0.0
r0178_c0147,0.0
r0178_c0148,0.0
r0178_c0149,0.0
r0178_c0150,0.0
r0178_c0151,0.0
r0178_c0152,0.0
r0178_c0153,0.0
r0178_c0154,0.0
r0178_c0155,0.0
r0178_c0156,0.0
r0178_c0157,0.0
r0178_c0158,0.0
r0178_c0159,0.0
r0178_c0160,0.0
r0178_c0161,0.0
r0178_c0162,0.0
r0178_c0163,0.0
r0178_c0164,0.0
r0178_c0165,0.0
r0178_c0166,0.0
r0178_c0167,0.0
r0178_c0168,0.0
r0178_c0169,0.0
r0178_c0170,0.0
r0178_c0171,0.0
r0178_c0172,0.0
r0178_c0173,0.0
r0178_c0174,0.0
r0178_c0175,0.0
r0178_c0176,0.0
r0178_c0177,0.0
r0178_c0178,0.0
r0178_c0179,0.0
r0179_c0091,0.0
r0179_c0092,0.0
r0179_c0093,0.0
r0179_c0094,0.0
r0179_c0095,0.0
r0179_c0096,0.0
r0179_c0097,0.0
r0179_c0098,31.07
r0179_c0099,0.0
r0179_c0100,0.0
r0179_c0101,0.0
r0179_c0102,0.0
r0179_c0103,0.0
r0179_c0104,0.0
r0179_c0105,0.0
r0179_c0106,27.08
r0179_c0107,0.0
r0179_c0108,0.0
r0179_c0109,0.0
r0179_c0112,0.0
r0179_c0118,0.0
r0179_c0119,0.0
r0179_c0120,0.0
r0179_c0121,0.0
r0179_c0122,0.0
r0179_c0123,0.0
r0179_c0124,0.0
r0179_c0125,0.0
r0179_c0126,0.0
r0179_c0127,14.8
r0179_c0128,0.0
r0179_c0129,0.0
r0179_c0130,0.0
r0179_c0133,26.88
r0179_c0138,16.23
r0179_c0139,0.0
r0179_c0140,0.0
r0179_c0141,5.77
r0179_c0142,0.0
r0179_c0143,0.0
r0179_c0144,0.0
r0179_c0145,0.0
r0179_c0146,0.0
r0179_c0147,0.0
r0179_c0148,0.0
r0179_c0149,0.0
r0179_c0150,0.0
r0179_c0151,0.0
r0179_c0152,0.0
r0179_c0153,0.0
r0179_c0154,0.0
r0179_c0155,0.0
r0179_c0156,0.0
r0179_c0157,0.0
r0179_c0158,0.0
r0179_c0159,0.0
r0179_c0160,0.0
r0179_c0161,0.0
r0179_c0162,0.0
r0179_c0163,0.0
r0179_c0164,0.0
r0179_c0166,0.0
r0179_c0167,0.0
r0179_c0168,0.0
r0179_c0169,0.0
r0179_c0170,0.0
r0179_c0171,0.0
r0179_c0172,0.0
r0179_c0173,0.0
r0179_c0174,0.0
r0179_c0175,0.0
r0179_c0176,0.0
r0179_c0177,0.0
r0179_c0178,0.0
r0179_c0179,0.0
r0179_c0180,0.0
r0180_c0091,0.0
r0180_c0092,0.0
r0180_c0093,0.0
r0180_c0094,0.0
r0180_c0095,8.96
r0180_c0096,0.0
r0180_c0097,7.01
r0180_c0098,0.0
r0180_c0099,0.0
r0180_c0100,0.0
r0180_c0101,0.0
r0180_c0102,0.0
r0180_c0103,0.0
r0180_c0104,0.0
r0180_c0105,0.0
r0180_c0106,0.0
r0180_c0107,6.71
r0180_c0108,0.0
r0180_c0109,0.0
r0180_c0118,0.0
r0180_c0119,0.0
r0180_c0120,0.0
r0180_c0121,0.0
r0180_c0122,33.44
r0180_c0123,0.0
r0180_c0124,0.0
r0180_c0125,0.0
r0180_c0126,0.0
r0180_c0127,7.93
r0180_c0128,0.0
r0180_c0129,0.0
r0180_c0130,34.82
r0180_c0132,0.0
r0180_c0135,10.6
r0180_c0136,9.3
r0180_c0138,2.54
r0180_c0139,0.0
r0180_c0140,0.0
r0180_c0141,5.56
r0180_c0142,0.0
r0180_c0143,0.0
r0180_c0144,0.0
r0180_c0145,0.0
r0180_c0146,0.0
r0180_c0147,0.0
r0180_c0148,0.0
r0180_c0149,0.0
r0180_c0150,0.0
r0180_c0151,0.0
r0180_c0152,0.0
r0180_c0153,0.0
r0180_c0154,0.0
r0180_c0155,0.0
r0180_c0156,0.0
r0180_c0157,0.0
r0180_c0158,0.0
r0180_c0159,0.0
r0180_c0160,0.0
r0180_c0161,0.0
r0180_c0162,0.0
r0180_c0163,0.0
r0180_c0164,0.0
r0180_c0165,0.0
r0180_c0166,0.0
r0180_c0167,0.0
r0180_c0168,0.0
r0180_c0169,0.0
r0180_c0170,0.0
r0180_c0171,0.0
r0180_c0172,0.0
r0180_c0173,0.0
r0180_c0174,0.0
r0180_c0175,0.0
r0180_c0176,0.0
r0180_c0177,0.0
r0180_c0178,0.0
r0180_c0179,0.0
r0181_c0091,0.0
r0181_c0092,0.0
r0181_c0093,0.0
r0181_c0094,0.0
r0181_c0095,4.39
r0181_c0096,10.95
r0181_c0097,0.0
r0181_c0098,0.0
r0181_c0099,0.0
r0181_c0100,0.0
r0181_c0101,17.86
r0181_c0102,0.0
r0181_c0103,0.0
r0181_c0104,0.0
r0181_c0105,0.0
r0181_c0106,30.06
r0181_c0107,0.0
r0181_c0108,0.0
r0181_c0109,0.0
r0181_c0118,0.0
r0181_c0119,0.0
r0181_c0120,0.0
r0181_c0121,0.0
r0181_c0122,0.0
r0181_c0123,0.0
r0181_c0124,0.0
r0181_c0125,0.0
r0181_c0126,0.0
r0181_c0127,5.16
r0181_c0128,0.0
r0181_c0129,0.0
r0181_c0130,0.0
r0181_c0135,7.32
r0181_c0136,0.59
r0181_c0137,8.61
r0181_c0138,10.89
r0181_c0139,0.0
r0181_c0140,5.3
r0181_c0141,5.35
r0181_c0142,0.0
r0181_c0143,0.0
r0181_c0144,0.0
r0181_c0145,0.0
r0181_c0146,0.0
r0181_c0147,0.0
r0181_c0148,0.0
r0181_c0149,0.0
r0181_c0150,0.0
r0181_c0151,0.0
r0181_c0152,0.0
r0181_c0153,0.0
r0181_c0154,0.0
r0181_c0155,0.0
r0181_c0156,0.0
r0181_c0157,0.0
r0181_c0158,0.0
r0181_c0159,0.0
r0181_c0160,0.0
r0181_c0161,0.0
r0181_c0163,0.0
r0181_c0164,0.0
r0181_c0165,0.0
r0181_c0166,0.0
r0181_c0167,0.0
r0181_c0168,0.0
r0181_c0169,0.0
r0181_c0170,0.0
r0181_c0171,0.0
r0181_c0172,0.0
r0181_c0173,0.0
r0181_c0174,0.0
r0181_c0175,0.0
r0181_c0176,0.0
r0181_c0177,0.0
r0181_c0178,0.0
r0181_c0179,0.0
r0182_c0091,0.0
r0182_c0092,34.86
r0182_c0093,0.0
r0182_c0094,0.0
r0182_c0095,21.22
r0182_c0096,5.1
r0182_c0097,0.0
r0182_c0098,24.9
r0182_c0099,0.0
r0182_c0100,2.53
r0182_c0101,2.74
r0182_c0102,0.0
r0182_c0103,28.65
r0182_c0104,0.0
r0182_c0105,0.0
r0182_c0106,16.72
r0182_c0107,20.48
r0182_c0108,8.56
r0182_c0109,0.0
r0182_c0112,42.94
r0182_c0113,0.0
r0182_c0114,0.0
r0182_c0115,7.46
r0182_c0116,5.63
r0182_c0117,7.46
r0182_c0118,4.99
r0182_c0119,5.99
r0182_c0120,15.35
r0182_c0121,0.0
r0182_c0122,1.33
r0182_c0123,0.0
r0182_c0124,0.0
r0182_c0125,0.0
r0182_c0126,0.0
r0182_c0127,5.16
r0182_c0128,0.0
r0182_c0129,0.0
r0182_c0130,0.0
r0182_c0133,0.0
r0182_c0134,0.0
r0182_c0135,7.75
r0182_c0136,0.0
r0182_c0137,0.0
r0182_c0138,13.8
r0182_c0139,1.06
r0182_c0140,12.91
r0182_c0141,0.0
r0182_c0142,0.0
r0182_c0143,0.0
r0182_c0144,0.0
r0182_c0145,0.0
r0182_c0146,0.0
r0182_c0147,0.0
r0182_c0148,0.0
r0182_c0149,0.0
r0182_c0150,0.0
r0182_c0151,0.0
r0182_c0152,0.0
r0182_c0153,0.0
r0182_c0154,0.0
r0182_c0155,0.0
r0182_c0156,0.0
r0182_c0157,0.0
r0182_c0158,0.0
r0182_c0159,0.0
r0182_c0160,0.0
r0182_c0161,0.0
r0182_c0162,0.0
r0182_c0163,0.0
r0182_c0164,0.0
r0182_c0165,0.0
r0182_c0166,0.0
r0182_c0167,0.0
r0182_c0168,0.0
r0182_c0169,0.0
r0182_c0170,0.0
r0182_c0171,0.0
r0182_c0172,0.0
r0182_c0173,0.0
r0182_c0174,0.0
r0182_c0175,0.0
r0182_c0176,0.0
r0182_c0177,0.0
r0182_c0178,0.0
r0183_c0091,0.0
r0183_c0092,0.0
r0183_c0093,0.0
r0183_c0094,0.0
r0183_c0095,0.0
r0183_c0096,0.0
r0183_c0097,0.0
r0183_c0098,0.0
r0183_c0099,0.0
r0183_c0100,0.0
r0183_c0101,15.69
r0183_c0102,0.0
r0183_c0103,0.0
r0183_c0104,0.0
r0183_c0105,0.0
r0183_c0106,4.5
r0183_c0107,0.0
r0183_c0108,0.0
r0183_c0109,0.0
r0183_c0111,0.0
r0183_c0112,0.0
r0183_c0113,0.0
r0183_c0114,0.0
r0183_c0115,5.03
r0183_c0116,0.0
r0183_c0117,0.0
r0183_c0118,0.0
r0183_c0119,0.0
r0183_c0120,0.0
r0183_c0121,0.0
r0183_c0122,18.21
r0183_c0123,0.0
r0183_c0124,30.59
r0183_c0125,0.0
r0183_c0126,0.0
r0183_c0127,11.2
r0183_c0128,11.85
r0183_c0129,1.4
r0183_c0130,6.89
r0183_c0131,11.3
r0183_c0132,15.12
r0183_c0133,3.96
r0183_c0134,19.2
r0183_c0135,6.36
r0183_c0136,8.03
r0183_c0137,16.24
r0183_c0138,0.0
r0183_c0139,9.99
r0183_c0140,5.14
r0183_c0141,0.0
r0183_c0142,0.0
r0183_c0143,0.0
r0183_c0144,0.0
r0183_c0145,0.0
r0183_c0146,0.0
r0183_c0147,0.0
r0183_c0148,0.0
r0183_c0149,0.0
r0183_c0150,0.0
r0183_c0151,0.0
r0183_c0152,0.0
r0183_c0153,0.0
r0183_c0154,0.0
r0183_c0155,0.0
r0183_c0156,0.0
r0183_c0157,0.0
r0183_c0158,0.0
r0183_c0159,0.0
r0183_c0160,0.0
r0183_c0161,0.0
r0183_c0163,0.0
r0183_c0164,0.0
r0183_c0165,0.0
r0183_c0166,0.0
r0183_c0167,0.0
r0183_c0168,0.0
r0183_c0169,0.0
r0183_c0170,0.0
r0183_c0171,0.0
r0183_c0172,0.0
r0183_c0173,0.0
r0183_c0174,0.0
r0183_c0175,0.0
r0183_c0176,0.0
r0183_c0177,0.0
r0184_c0091,0.0
r0184_c0092,0.0
r0184_c0093,36.66
r0184_c0094,0.0
r0184_c0095,0.0
r0184_c0096,0.0
r0184_c0097,0.0
r0184_c0098,0.0
r0184_c0099,0.0
r0184_c0100,0.0
r0184_c0101,0.0
r0184_c0102,0.0
r0184_c0103,0.0
r0184_c0104,0.0
r0184_c0105,0.0
r0184_c0106,28.99
r0184_c0107,13.63
r0184_c0108,0.0
r0184_c0109,0.0
r0184_c0111,0.0
r0184_c0112,0.0
r0184_c0113,0.0
r0184_c0114,0.0
r0184_c0115,0.0
r0184_c0116,0.0
r0184_c0117,0.0
r0184_c0118,0.0
r0184_c0119,0.0
r0184_c0120,0.0
r0184_c0121,0.0
r0184_c0122,0.0
r0184_c0123,0.0
r0184_c0124,0.0
r0184_c0125,0.0
r0184_c0126,0.0
r0184_c0127,9.39
r0184_c0128,0.0
r0184_c0129,0.0
r0184_c0130,11.02
r0184_c0131,0.0
r0184_c0132,0.86
r0184_c0133,0.0
r0184_c0134,5.65
r0184_c0135,0.0
r0184_c0136,0.0
r0184_c0137,0.0
r0184_c0138,0.0
r0184_c0139,0.0
r0184_c0140,8.55
r0184_c0141,0.0
r0184_c0142,0.0
r0184_c0143,0.0
r0184_c0144,0.0
r0184_c0145,0.0
r0184_c0146,0.0
r0184_c0147,0.0
r0184_c0148,0.0
r0184_c0149,0.0
r0184_c0150,0.0
r0184_c0151,0.0
r0184_c0152,0.0
r0184_c0153,0.0
r0184_c0154,0.0
r0184_c0155,0.0
r0184_c0156,0.0
r0184_c0157,0.0
r0184_c0158,0.0
r0184_c0159,0.0
r0184_c0160,0.0
r0184_c0161,0.0
r0184_c0162,0.0
r0184_c0163,0.0
r0184_c0164,0.0
r0184_c0165,0.0
r0184_c0166,0.0
r0184_c0167,0.0
r0184_c0168,0.0
r0184_c0169,0.0
r0184_c0170,0.0
r0184_c0171,0.0
r0184_c0172,0.0
r0184_c0173,0.0
r0184_c0174,0.0
r0184_c0175,0.0
r0184_c0176,0.0
r0184_c0177,0.0
r0185_c0091,0.0
r0185_c0092,0.0
r0185_c0093,0.0
r0185_c0094,0.0
r0185_c0095,0.0
r0185_c0096,27.95
r0185_c0097,0.0
r0185_c0098,0.0
r0185_c0099,0.0
r0185_c0100,0.0
r0185_c0101,2.72
r0185_c0102,0.0
r0185_c0103,0.0
r0185_c0104,0.0
r0185_c0105,0.0
r0185_c0106,0.0
r0185_c0107,0.0
r0185_c0108,0.0
r0185_c0109,0.0
r0185_c0110,0.0
r0185_c0111,0.0
r0185_c0112,0.0
r0185_c0113,0.0
r0185_c0114,0.0
r0185_c0115,26.31
r0185_c0116,0.0
r0185_c0117,0.0
r0185_c0118,0.0
r0185_c0119,0.0
r0185_c0120,0.0
r0185_c0121,0.0
r0185_c0122,5.5
r0185_c0123,0.0
r0185_c0124,0.0
r0185_c0125,0.0
r0185_c0126,0.0
r0185_c0127,0.85
r0185_c0128,0.0
r0185_c0129,0.0
r0185_c0130,5.22
r0185_c0131,0.0
r0185_c0132,0.0
r0185_c0133,0.0
r0185_c0134,12.4
r0185_c0135,0.0
r0185_c0136,0.0
r0185_c0137,0.0
r0185_c0138,0.0
r0185_c0139,0.0
r0185_c0140,15.6
r0185_c0141,0.0
r0185_c0142,0.0
r0185_c0143,0.0
r0185_c0144,0.0
r0185_c0145,0.0
r0185_c0146,0.0
r0185_c0147,0.0
r0185_c0148,0.0
r0185_c0149,0.0
r0185_c0150,0.0
r0185_c0151,0.0
r0185_c0152,0.0
r0185_c0153,0.0
r0185_c0154,0.0
r0185_c0155,0.0
r0185_c0156,0.0
r0185_c0157,0.0
r0185_c0158,0.0
r0185_c0159,0.0
r0185_c0160,0.0
r0185_c0161,0.0
r0185_c0162,0.0
r0185_c0163,0.0
r0185_c0164,0.0
r0185_c0165,0.0
r0185_c0166,0.0
r0185_c0167,0.0
r0185_c0168,0.0
r0185_c0169,0.0
r0185_c0170,0.0
r0185_c0171,0.0
r0185_c0172,0.0
r0185_c0173,0.0
r0185_c0174,0.0
r0185_c0175,0.0
r0185_c0176,0.0
r0185_c0177,0.0
r0186_c0091,2.49
r0186_c0092,0.0
r0186_c0093,0.0
r0186_c0094,0.0
r0186_c0095,0.0
r0186_c0096,0.0
r0186_c0097,0.0
r0186_c0098,0.0
r0186_c0099,0.0
r0186_c0100,0.0
r0186_c0101,0.0
r0186_c0102,0.0
r0186_c0103,0.0
r0186_c0104,0.0
r0186_c0105,0.0
r0186_c0106,26.62
r0186_c0107,0.0
r0186_c0108,0.0
r0186_c0109,0.0
r0186_c0110,0.0
r0186_c0111,0.0
r0186_c0112,0.0
r0186_c0113,0.0
r0186_c0114,0.0
r0186_c0115,0.0
r0186_c0116,0.0
r0186_c0117,0.0
r0186_c0118,0.0
r0186_c0119,0.0
r0186_c0120,0.0
r0186_c0121,0.0
r0186_c0122,7.1
r0186_c0123,0.0
r0186_c0124,0.0
r0186_c0125,0.0
r0186_c0126,0.0
r0186_c0127,17.25
r0186_c0128,0.0
r0186_c0131,0.0
r0186_c0132,25.72
r0186_c0133,0.0
r0186_c0134,0.0
r0186_c0135,0.0
r0186_c0136,0.0
r0186_c0137,0.0
r0186_c0138,0.0
r0186_c0139,0.0
r0186_c0140,0.0
r0186_c0141,0.0
r0186_c0142,0.0
r0186_c0143,0.0
r0186_c0144,0.0
r0186_c0145,0.0
r0186_c0146,0.0
r0186_c0147,0.0
r0186_c0148,0.0
r0186_c0149,0.0
r0186_c0150,0.0
r0186_c0151,0.0
r0186_c0152,0.0
r0186_c0153,0.0
r0186_c0154,0.0
r0186_c0155,0.0
r0186_c0156,0.0
r0186_c0158,0.0
r0186_c0159,0.0
r0186_c0160,0.0
r0186_c0161,0.0
r0186_c0162,0.0
r0186_c0163,0.0
r0186_c0164,0.0
r0186_c0165,0.0
r0186_c0166,0.0
r0186_c0167,0.0
r0186_c0168,0.0
r0186_c0169,0.0
r0186_c0170,0.0
r0186_c0171,0.0
r0186_c0172,0.0
r0186_c0173,0.0
r0186_c0174,0.0
r0186_c0175,0.0
r0186_c0176,0.0
r0187_c0091,6.78
r0187_c0092,0.0
r0187_c0093,0.0
r0187_c0094,0.0
r0187_c0095,0.0
r0187_c0096,14.89
r0187_c0097,0.0
r0187_c0098,0.0
r0187_c0099,0.0
r0187_c0100,0.0
r0187_c0101,17.4
r0187_c0102,0.0
r0187_c0103,0.0
r0187_c0104,0.0
r0187_c0105,0.0
r0187_c0106,8.85
r0187_c0108,0.0
r0187_c0109,0.0
r0187_c0110,0.0
r0187_c0111,0.0
r0187_c0112,0.0
r0187_c0113,0.0
r0187_c0114,0.0
r0187_c0115,4.84
r0187_c0116,0.0
r0187_c0117,0.0
r0187_c0118,0.0
r0187_c0119,0.0
r0187_c0120,0.0
r0187_c0121,0.0
r0187_c0122,6.2
r0187_c0123,0.0
r0187_c0124,0.0
r0187_c0125,0.0
r0187_c0126,0.0
r0187_c0127,0.78
r0187_c0128,0.0
r0187_c0131,0.0
r0187_c0132,0.0
r0187_c0133,0.0
r0187_c0134,0.0
r0187_c0135,0.0
r0187_c0136,0.0
r0187_c0137,0.0
r0187_c0138,0.0
r0187_c0139,0.0
r0187_c0140,50.63
r0187_c0142,0.0
r0187_c0143,0.0
r0187_c0144,0.0
r0187_c0145,0.0
r0187_c0146,0.0
r0187_c0147,0.0
r0187_c0148,0.0
r0187_c0149,0.0
r0187_c0150,0.0
r0187_c0151,0.0
r0187_c0152,0.0
r0187_c0153,0.0
r0187_c0154,0.0
r0187_c0157,0.0
r0187_c0158,0.0
r0187_c0159,0.0
r0187_c0160,0.0
r0187_c0161,0.0
r0187_c0162,0.0
r0187_c0163,0.0
r0187_c0164,0.0
r0187_c0165,0.0
r0187_c0166,0.0
r0187_c0167,0.0
r0187_c0168,0.0
r0187_c0169,0.0
r0187_c0170,0.0
r0187_c0171,0.0
r0187_c0172,0.0
r0187_c0173,0.0
r0188_c0091,14.71
r0188_c0092,21.15
r0188_c0093,2.98
r0188_c0094,9.55
r0188_c0095,19.42
r0188_c0096,19.09
r0188_c0097,9.69
r0188_c0098,0.0
r0188_c0099,18.92
r0188_c0100,0.0
r0188_c0101,10.41
r0188_c0102,4.49
r0188_c0103,0.0
r0188_c0104,15.94
r0188_c0105,2.89
r0188_c0106,9.43
r0188_c0110,13.35
r0188_c0111,3.61
r0188_c0112,7.73
r0188_c0113,3.88
r0188_c0114,11.29
r0188_c0115,9.67
r0188_c0116,6.29
r0188_c0117,4.57
r0188_c0118,9.95
r0188_c0119,0.0
r0188_c0120,19.55
r0188_c0121,0.0
r0188_c0122,10.24
r0188_c0123,0.0
r0188_c0126,0.0
r0188_c0127,10.28
r0188_c0128,10.87
r0188_c0131,0.0
r0188_c0132,18.95
r0188_c0133,9.98
r0188_c0134,12.13
r0188_c0135,0.0
r0188_c0136,27.57
r0188_c0137,0.0
r0188_c0138,7.6
r0188_c0139,0.0
r0188_c0140,0.0
r0188_c0141,0.0
r0188_c0142,0.0
r0188_c0143,0.0
r0188_c0144,0.0
r0188_c0145,0.0
r0188_c0146,0.0
r0188_c0147,0.0
r0188_c0148,0.0
r0188_c0149,0.0
r0188_c0150,0.0
r0188_c0151,0.0
r0188_c0152,0.0
r0188_c0153,0.0
r0188_c0154,0.0
r0188_c0155,0.0
r0188_c0156,0.0
r0188_c0157,0.0
r0188_c0158,0.0
r0188_c0160,0.0
r0188_c0161,0.0
r0188_c0162,0.0
r0188_c0163,0.0
r0188_c0164,0.0
r0188_c0165,0.0
r0188_c0166,0.0
r0188_c0167,0.0
r0188_c0168,0.0
r0188_c0169,0.0
r0188_c0170,0.0
r0188_c0171,0.0
r0188_c0172,0.0
r0188_c0173,0.0
r0189_c0091,11.68
r0189_c0092,7.58
r0189_c0093,0.0
r0189_c0094,0.0
r0189_c0095,11.15
r0189_c0096,0.0
r0189_c0097,0.0
r0189_c0098,0.0
r0189_c0099,0.0
r0189_c0100,0.0
r0189_c0101,0.0
r0189_c0102,0.0
r0189_c0103,0.0
r0189_c0104,0.0
r0189_c0105,0.0
r0189_c0106,0.0
r0189_c0110,0.0
r0189_c0111,0.0
r0189_c0112,0.0
r0189_c0113,0.0
r0189_c0114,0.0
r0189_c0115,10.99
r0189_c0116,0.0
r0189_c0117,0.0
r0189_c0118,0.0
r0189_c0119,0.0
r0189_c0120,0.0
r0189_c0121,0.0
r0189_c0122,0.0
r0189_c0123,0.0
r0189_c0124,0.0
r0189_c0125,0.0
r0189_c0126,0.0
r0189_c0127,0.0
r0189_c0128,0.0
r0189_c0134,0.0
r0189_c0135,0.0
r0189_c0136,0.0
r0189_c0137,0.0
r0189_c0138,0.0
r0189_c0139,0.0
r0189_c0140,0.0
r0189_c0141,0.0
r0189_c0142,0.0
r0189_c0143,0.0
r0189_c0144,0.0
r0189_c0145,0.0
r0189_c0146,0.0
r0189_c0147,0.0
r0189_c0148,0.0
r0189_c0149,0.0
r0189_c0150,0.0
r0189_c0151,0.0
r0189_c0152,0.0
r0189_c0153,0.0
r0189_c0154,0.0
r0189_c0156,0.0
r0189_c0160,0.0
r0189_c0161,0.0
r0189_c0162,0.0
r0189_c0163,0.0
r0189_c0164,0.0
r0189_c0165,0.0
r0189_c0166,0.0
r0189_c0167,0.0
r0189_c0168,0.0
r0189_c0169,0.0
r0189_c0170,0.0
r0189_c0171,0.0
r0189_c0172,0.0
r0189_c0173,0.0
r0190_c0091,1.32
r0190_c0092,8.84
r0190_c0093,1.37
r0190_c0094,10.04
r0190_c0095,20.55
r0190_c0096,0.0
r0190_c0097,0.0
r0190_c0098,0.0
r0190_c0099,0.0
r0190_c0100,0.0
r0190_c0101,35.21
r0190_c0102,0.0
r0190_c0103,0.0
r0190_c0104,0.0
r0190_c0105,0.0
r0190_c0106,32.77
r0190_c0110,0.0
r0190_c0112,0.0
r0190_c0113,0.0
r0190_c0114,0.0
r0190_c0115,2.05
r0190_c0116,0.0
r0190_c0117,0.0
r0190_c0118,0.0
r0190_c0119,0.0
r0190_c0120,0.0
r0190_c0121,0.0
r0190_c0122,0.0
r0190_c0123,0.0
r0190_c0124,0.0
r0190_c0125,0.0
r0190_c0126,0.0
r0190_c0127,24.1
r0190_c0128,0.0
r0190_c0134,0.0
r0190_c0135,0.0
r0190_c0136,0.0
r0190_c0137,0.0
r0190_c0138,24.13
r0190_c0139,0.0
r0190_c0140,0.0
r0190_c0141,0.0
r0190_c0142,0.0
r0190_c0143,0.0
r0190_c0144,0.0
r0190_c0145,0.0
r0190_c0146,0.0
r0190_c0147,0.0
r0190_c0148,0.0
r0190_c0149,0.0
r0190_c0150,0.0
r0190_c0151,0.0
r0190_c0152,0.0
r0190_c0153,0.0
r0190_c0154,0.0
r0190_c0155,0.0
r0190_c0156,0.0
r0190_c0159,0.0
r0190_c0160,0.0
r0190_c0161,0.0
r0190_c0162,0.0
r0190_c0163,0.0
r0190_c0164,0.0
r0190_c0165,0.0
r0190_c0166,0.0
r0190_c0167,0.0
r0190_c0168,0.0
r0190_c0169,0.0
r0190_c0170,0.0
r0190_c0171,0.0
r0190_c0172,0.0
r0190_c0173,0.0
r0191_c0091,10.67
r0191_c0092,8.04
r0191_c0093,0.0
r0191_c0094,0.0
r0191_c0095,31.36
r0191_c0096,0.0
r0191_c0097,0.0
r0191_c0098,0.0
r0191_c0099,0.0
r0191_c0100,0.0
r0191_c0101,0.0
r0191_c0102,0.0
r0191_c0103,0.0
r0191_c0104,0.0
r0191_c0105,0.0
r0191_c0107,0.0
r0191_c0108,0.0
r0191_c0112,0.0
r0191_c0113,0.0
r0191_c0114,0.0
r0191_c0115,7.14
r0191_c0116,0.0
r0191_c0117,0.0
r0191_c0118,0.0
r0191_c0119,0.0
r0191_c0120,0.0
r0191_c0121,0.0
r0191_c0122,27.68
r0191_c0123,0.0
r0191_c0124,0.0
r0191_c0125,0.0
r0191_c0126,0.0
r0191_c0127,0.0
r0191_c0128,0.0
r0191_c0134,0.0
r0191_c0135,0.0
r0191_c0136,0.0
r0191_c0137,0.0
r0191_c0138,0.0
r0191_c0139,0.0
r0191_c0140,0.0
r0191_c0141,0.0
r0191_c0142,0.0
r0191_c0143,0.0
r0191_c0144,0.0
r0191_c0145,0.0
r0191_c0146,0.0
r0191_c0147,0.0
r0191_c0148,0.0
r0191_c0149,0.0
r0191_c0150,0.0
r0191_c0151,0.0
r0191_c0152,0.0
r0191_c0153,0.0
r0191_c0154,0.0
r0191_c0155,0.0
r0191_c0156,0.0
r0191_c0158,0.0
r0191_c0159,0.0
r0191_c0160,0.0
r0191_c0161,0.0
r0191_c0162,0.0
r0191_c0163,0.0
r0191_c0164,0.0
r0191_c0165,0.0
r0191_c0166,0.0
r0191_c0167,0.0
r0191_c0168,0.0
r0191_c0169,0.0
r0191_c0170,0.0
r0191_c0171,0.0
r0191_c0172,0.0
r0191_c0173,0.0
r0192_c0091,0.0
r0192_c0092,21.29
r0192_c0093,8.24
r0192_c0094,0.0
r0192_c0095,0.0
r0192_c0096,0.0
r0192_c0097,0.0
r0192_c0098,0.0
r0192_c0099,0.0
r0192_c0100,0.0
r0192_c0101,0.0
r0192_c0102,0.0
r0192_c0103,0.0
r0192_c0104,0.0
r0192_c0107,0.0
r0192_c0108,0.0
r0192_c0110,0.0
r0192_c0112,0.0
r0192_c0113,0.0
r0192_c0114,0.0
r0192_c0115,8.02
r0192_c0116,0.0
r0192_c0117,0.0
r0192_c0118,0.0
r0192_c0119,0.0
r0192_c0120,0.0
r0192_c0121,0.0
r0192_c0122,0.0
r0192_c0123,0.0
r0192_c0124,0.0
r0192_c0125,0.0
r0192_c0126,0.0
r0192_c0127,0.0
r0192_c0128,0.0
r0192_c0134,0.0
r0192_c0135,0.0
r0192_c0136,0.0
r0192_c0137,0.0
r0192_c0138,0.0
r0192_c0139,0.0
r0192_c0140,0.0
r0192_c0141,0.0
r0192_c0142,0.0
r0192_c0143,0.0
r0192_c0144,0.0
r0192_c0145,0.0
r0192_c0146,0.0
r0192_c0147,0.0
r0192_c0148,0.0
r0192_c0149,0.0
r0192_c0150,0.0
r0192_c0151,0.0
r0192_c0152,0.0
r0192_c0153,0.0
r0192_c0154,0.0
r0192_c0155,0.0
r0192_c0157,0.0
r0192_c0158,0.0
r0192_c0159,0.0
r0192_c0160,0.0
r0192_c0161,0.0
r0192_c0162,0.0
r0192_c0163,0.0
r0192_c0164,0.0
r0192_c0165,0.0
r0192_c0166,0.0
r0192_c0167,0.0
r0192_c0168,0.0
r0192_c0169,0.0
r0192_c0170,0.0
r0192_c0171,0.0
r0192_c0172,0.0
r0193_c0075,0.0
r0193_c0076,0.0
r0193_c0077,0.0
r0193_c0078,0.0
r0193_c0079,0.0
r0193_c0080,0.0
r0193_c0081,0.0
r0193_c0082,0.0
r0193_c0083,4.44
r0193_c0084,4.24
r0193_c0085,3.61
r0193_c0086,0.0
r0193_c0087,2.3
r0193_c0088,5.37
r0193_c0089,14.97
r0193_c0090,29.15
r0193_c0091,1.07
r0193_c0092,30.86
r0193_c0093,8.36
r0193_c0094,25.15
r0193_c0095,15.98
r0193_c0096,16.63
r0193_c0097,9.88
r0193_c0098,9.87
r0193_c0099,25.75
r0193_c0100,7.85
r0193_c0101,7.35
r0193_c0102,24.34
r0193_c0103,16.03
r0193_c0104,15.4
r0193_c0105,9.96
r0193_c0106,22.19
r0193_c0107,11.38
r0193_c0108,17.22
r0193_c0109,0.46
r0193_c0110,34.21
r0193_c0111,2.72
r0193_c0112,3.03
r0193_c0113,31.07
r0193_c0114,8.81
r0193_c0115,15.56
r0193_c0116,5.29
r0193_c0117,8.72
r0193_c0118,2.36
r0193_c0119,24.8
r0193_c0120,0.0
r0193_c0121,0.0
r0193_c0122,10.16
r0193_c0123,0.0
r0193_c0124,21.28
r0193_c0125,0.0
r0193_c0126,11.39
r0193_c0127,8.9
r0193_c0128,9.98
r0193_c0129,3.17
r0193_c0130,15.39
r0193_c0131,0.0
r0193_c0132,15.21
r0193_c0134,0.0
r0193_c0135,10.73
r0193_c0136,7.66
r0193_c0137,8.08
r0193_c0138,9.33
r0193_c0139,0.0
r0193_c0140,0.0
r0193_c0141,0.0
r0193_c0142,0.0
r0193_c0143,0.0
r0193_c0144,0.0
r0193_c0145,0.0
r0193_c0146,0.0
r0193_c0147,0.0
r0193_c0148,0.0
r0193_c0149,0.0
r0193_c0150,0.0
r0193_c0151,0.0
r0193_c0152,0.0
r0193_c0153,0.0
r0193_c0154,0.0
r0193_c0157,0.0
r0193_c0158,0.0
r0193_c0159,0.0
r0193_c0160,0.0
r0193_c0161,0.0
r0193_c0162,0.0
r0193_c0163,0.0
r0193_c0164,0.0
r0193_c0165,0.0
r0193_c0166,0.0
r0193_c0167,0.0
r0193_c0168,0.0
r0193_c0169,0.0
r0193_c0170,0.0
r0193_c0171,0.0
r0193_c0172,0.0
r0194_c0074,3.31
r0194_c0075,0.0
r0194_c0076,0.0
r0194_c0077,24.23
r0194_c0078,0.0
r0194_c0079,10.99
r0194_c0080,2.65
r0194_c0081,0.0
r0194_c0082,27.3
r0194_c0083,4.36
r0194_c0084,3.5
r0194_c0085,23.42
r0194_c0086,0.0
r0194_c0087,7.15
r0194_c0088,7.45
r0194_c0089,0.0
r0194_c0090,22.17
r0194_c0091,0.0
r0194_c0092,0.0
r0194_c0093,0.0
r0194_c0094,0.0
r0194_c0095,11.56
r0194_c0096,0.0
r0194_c0097,0.0
r0194_c0098,0.0
r0194_c0099,0.0
r0194_c0100,0.0
r0194_c0101,0.0
r0194_c0102,0.0
r0194_c0103,0.0
r0194_c0104,0.0
r0194_c0105,0.0
r0194_c0106,0.0
r0194_c0107,0.0
r0194_c0108,0.0
r0194_c0109,0.0
r0194_c0110,0.0
r0194_c0111,0.0
r0194_c0112,0.0
r0194_c0113,0.0
r0194_c0114,0.0
r0194_c0115,0.0
r0194_c0116,0.0
r0194_c0117,0.0
r0194_c0118,0.0
r0194_c0119,0.0
r0194_c0120,0.0
r0194_c0121,0.0
r0194_c0122,0.0
r0194_c0123,0.0
r0194_c0124,0.0
r0194_c0125,0.0
r0194_c0126,0.0
r0194_c0127,0.0
r0194_c0128,0.0
r0194_c0129,0.0
r0194_c0130,0.0
r0194_c0131,0.0
r0194_c0132,0.0
r0194_c0133,0.0
r0194_c0134,0.0
r0194_c0135,0.0
r0194_c0136,0.0
r0194_c0137,7.57
r0194_c0138,0.0
r0194_c0139,0.0
r0194_c0140,0.0
r0194_c0141,0.0
r0194_c0142,0.0
r0194_c0143,0.0
r0194_c0144,0.0
r0194_c0145,0.0
r0194_c0146,0.0
r0194_c0147,0.0
r0194_c0148,0.0
r0194_c0149,0.0
r0194_c0150,0.0
r0194_c0151,0.0
r0194_c0152,0.0
r0194_c0153,0.0
r0194_c0154,0.0
r0194_c0156,0.0
r0194_c0157,0.0
r0194_c0158,0.0
r0194_c0159,0.0
r0194_c0160,0.0
r0194_c0161,0.0
r0194_c0162,0.0
r0194_c0163,0.0
r0194_c0164,0.0
r0194_c0165,0.0
r0194_c0166,0.0
r0194_c0167,0.0
r0194_c0168,0.0
r0194_c0169,0.0
r0194_c0170,0.0
r0194_c0171,0.0
r0194_c0172,0.0
r0195_c0074,13.95
r0195_c0075,12.07
r0195_c0076,0.0
r0195_c0077,0.0
r0195_c0078,0.0
r0195_c0079,13.5
r0195_c0080,0.0
r0195_c0081,14.08
r0195_c0082,0.0
r0195_c0083,0.0
r0195_c0084,37.8
r0195_c0085,0.0
r0195_c0086,0.0
r0195_c0087,0.0
r0195_c0088,9.65
r0195_c0089,1.76
r0195_c0090,0.0
r0195_c0091,0.0
r0195_c0092,0.0
r0195_c0093,0.0
r0195_c0094,0.0
r0195_c0095,11.19
r0195_c0096,2.54
r0195_c0097,0.0
r0195_c0098,0.0
r0195_c0099,0.0
r0195_c0100,0.0
r0195_c0101,0.0
r0195_c0102,0.0
r0195_c0103,0.0
r0195_c0104,0.0
r0195_c0105,0.0
r0195_c0106,31.42
r0195_c0107,0.0
r0195_c0108,0.0
r0195_c0109,0.0
r0195_c0114,0.0
r0195_c0115,18.21
r0195_c0116,0.0
r0195_c0117,0.0
r0195_c0118,0.0
r0195_c0119,0.0
r0195_c0120,0.0
r0195_c0121,0.0
r0195_c0122,12.68
r0195_c0123,0.0
r0195_c0124,0.0
r0195_c0125,0.0
r0195_c0126,0.0
r0195_c0127,23.64
r0195_c0128,0.0
r0195_c0129,18.24
r0195_c0130,0.0
r0195_c0131,0.0
r0195_c0132,0.0
r0195_c0133,14.21
r0195_c0134,0.0
r0195_c0135,0.0
r0195_c0136,0.0
r0195_c0137,0.0
r0195_c0138,0.0
r0195_c0139,0.0
r0195_c0140,0.0
r0195_c0141,0.0
r0195_c0142,0.0
r0195_c0143,0.0
r0195_c0144,0.0
r0195_c0145,0.0
r0195_c0146,0.0
r0195_c0147,0.0
r0195_c0148,0.0
r0195_c0149,0.0
r0195_c0150,0.0
r0195_c0151,0.0
r0195_c0152,0.0
r0195_c0153,0.0
r0195_c0154,0.0
r0195_c0155,0.0
r0195_c0156,0.0
r0195_c0157,0.0
r0195_c0158,0.0
r0195_c0159,0.0
r0195_c0160,0.0
r0195_c0161,0.0
r0195_c0162,0.0
r0195_c0163,0.0
r0195_c0164,0.0
r0195_c0165,0.0
r0195_c0166,0.0
r0195_c0167,0.0
r0195_c0168,0.0
r0195_c0169,0.0
r0196_c0074,22.0
r0196_c0075,0.0
r0196_c0076,0.0
r0196_c0077,0.0
r0196_c0078,0.0
r0196_c0079,0.0
r0196_c0080,0.0
r0196_c0081,0.0
r0196_c0082,0.0
r0196_c0083,0.0
r0196_c0084,0.0
r0196_c0085,19.77
r0196_c0086,0.0
r0196_c0087,0.0
r0196_c0090,0.0
r0196_c0091,0.0
r0196_c0092,0.0
r0196_c0094,31.71
r0196_c0095,2.29
r0196_c0096,1.88
r0196_c0097,0.0
r0196_c0098,0.0
r0196_c0099,0.0
r0196_c0100,0.0
r0196_c0101,0.0
r0196_c0102,0.0
r0196_c0103,0.0
r0196_c0104,0.0
r0196_c0106,0.0
r0196_c0111,0.0
r0196_c0112,0.0
r0196_c0113,35.98
r0196_c0114,0.0
r0196_c0115,0.0
r0196_c0116,0.0
r0196_c0117,0.0
r0196_c0118,0.0
r0196_c0119,0.0
r0196_c0120,0.0
r0196_c0121,0.0
r0196_c0122,0.0
r0196_c0123,0.0
r0196_c0124,0.0
r0196_c0125,0.0
r0196_c0126,0.0
r0196_c0127,0.0
r0196_c0128,0.0
r0196_c0129,0.0
r0196_c0130,0.0
r0196_c0131,0.0
r0196_c0132,0.0
r0196_c0133,0.0
r0196_c0134,0.0
r0196_c0135,0.0
r0196_c0136,0.0
r0196_c0137,17.27
r0196_c0138,0.0
r0196_c0139,0.0
r0196_c0140,0.0
r0196_c0141,0.0
r0196_c0142,0.0
r0196_c0143,0.0
r0196_c0144,0.0
r0196_c0145,0.0
r0196_c0146,0.0
r0196_c0147,0.0
r0196_c0148,0.0
r0196_c0149,0.0
r0196_c0150,0.0
r0196_c0151,0.0
r0196_c0152,0.0
r0196_c0153,0.0
r0196_c0154,0.0
r0196_c0156,0.0
r0196_c0157,0.0
r0196_c0158,0.0
r0196_c0159,0.0
r0196_c0160,0.0
r0196_c0161,0.0
r0196_c0162,0.0
r0196_c0163,0.0
r0196_c0164,0.0
r0196_c0165,0.0
r0196_c0166,0.0
r0196_c0167,0.0
r0196_c0168,0.0
r0196_c0169,0.0
r0197_c0074,0.0
r0197_c0075,0.0
r0197_c0076,0.0
r0197_c0077,0.0
r0197_c0078,0.0
r0197_c0079,0.0
r0197_c0080,0.0
r0197_c0081,0.0
r0197_c0082,0.0
r0197_c0093,0.0
r0197_c0096,0.0
r0197_c0097,0.0
r0197_c0098,0.0
r0197_c0099,0.0
r0197_c0100,0.0
r0197_c0101,0.0
r0197_c0102,0.0
r0197_c0103,26.9
r0197_c0104,0.0
r0197_c0105,0.0
r0197_c0106,32.55
r0197_c0108,0.0
r0197_c0109,0.0
r0197_c0110,0.0
r0197_c0111,0.0
r0197_c0112,0.0
r0197_c0113,0.0
r0197_c0114,0.0
r0197_c0115,0.0
r0197_c0116,0.0
r0197_c0117,0.0
r0197_c0118,0.0
r0197_c0119,0.0
r0197_c0120,0.0
r0197_c0121,0.0
r0197_c0122,0.0
r0197_c0123,0.0
r0197_c0124,0.0
r0197_c0125,0.0
r0197_c0126,0.0
r0197_c0127,0.0
r0197_c0128,0.0
r0197_c0129,0.0
r0197_c0130,0.0
r0197_c0131,0.0
r0197_c0132,0.0
r0197_c0133,0.0
r0197_c0134,0.0
r0197_c0135,0.0
r0197_c0136,0.0
r0197_c0137,0.0
r0197_c0138,0.0
r0197_c0139,0.0
r0197_c0140,0.0
r0197_c0141,0.0
r0197_c0142,0.0
r0197_c0143,0.0
r0197_c0144,0.0
r0197_c0145,0.0
r0197_c0146,0.0
r0197_c0147,0.0
r0197_c0148,0.0
r0197_c0149,0.0
r0197_c0150,0.0
r0197_c0151,0.0
r0197_c0152,0.0
r0197_c0155,0.0
r0197_c0156,0.0
r0197_c0157,0.0
r0197_c0158,0.0
r0197_c0159,0.0
r0197_c0160,0.0
r0197_c0161,0.0
r0197_c0162,0.0
r0197_c0163,0.0
r0197_c0164,0.0
r0197_c0165,0.0
r0197_c0166,0.0
r0197_c0167,0.0
r0197_c0168,0.0
r0198_c0074,0.0
r0198_c0075,0.0
r0198_c0076,0.0
r0198_c0077,0.0
r0198_c0078,0.0
r0198_c0079,0.0
r0198_c0080,0.0
r0198_c0081,0.0
r0198_c0082,0.0
r0198_c0083,0.0
r0198_c0084,0.0
r0198_c0085,0.0
r0198_c0090,0.0
r0198_c0094,0.0
r0198_c0095,0.0
r0198_c0096,0.0
r0198_c0098,0.0
r0198_c0099,0.0
r0198_c0100,0.0
r0198_c0101,0.0
r0198_c0102,0.0
r0198_c0103,0.0
r0198_c0104,0.0
r0198_c0105,0.0
r0198_c0106,0.0
r0198_c0107,0.0
r0198_c0108,0.0
r0198_c0109,0.0
r0198_c0110,0.0
r0198_c0111,0.0
r0198_c0112,0.0
r0198_c0113,0.0
r0198_c0114,0.0
r0198_c0115,0.0
r0198_c0116,0.0
r0198_c0117,0.0
r0198_c0118,0.0
r0198_c0119,0.0
r0198_c0120,0.0
r0198_c0121,0.0
r0198_c0122,0.0
r0198_c0123,0.0
r0198_c0124,0.0
r0198_c0125,0.0
r0198_c0126,0.0
r0198_c0127,0.0
r0198_c0128,0.0
r0198_c0129,0.0
r0198_c0130,0.0
r0198_c0131,0.0
r0198_c0132,0.0
r0198_c0133,0.0
r0198_c0134,0.0
r0198_c0135,0.0
r0198_c0136,0.0
r0198_c0137,0.0
r0198_c0138,0.0
r0198_c0139,0.0
r0198_c0140,0.0
r0198_c0141,0.0
r0198_c0142,0.0
r0198_c0143,0.0
r0198_c0144,0.0
r0198_c0145,0.0
r0198_c0146,0.0
r0198_c0147,0.0
r0198_c0148,0.0
r0198_c0149,0.0
r0198_c0150,0.0
r0198_c0151,0.0
r0198_c0154,0.0
r0198_c0155,0.0
r0198_c0156,0.0
r0198_c0157,0.0
r0198_c0158,0.0
r0198_c0159,0.0
r0198_c0160,0.0
r0198_c0161,0.0
r0198_c0162,0.0
r0198_c0163,0.0
r0198_c0164,0.0
r0198_c0165,0.0
r0198_c0166,0.0
r0198_c0167,0.0
r0198_c0168,0.0
r0199_c0074,0.0
r0199_c0075,0.0
r0199_c0076,0.0
r0199_c0077,0.0
r0199_c0078,0.0
r0199_c0079,0.0
r0199_c0083,0.0
r0199_c0084,0.0
r0199_c0085,0.0
r0199_c0086,0.0
r0199_c0087,0.0
r0199_c0088,0.0
r0199_c0089,0.0
r0199_c0090,0.0
r0199_c0091,0.0
r0199_c0092,0.0
r0199_c0093,0.0
r0199_c0094,0.0
r0199_c0095,0.0
r0199_c0096,0.0
r0199_c0099,0.0
r0199_c0100,0.0
r0199_c0101,0.0
r0199_c0102,0.0
r0199_c0103,0.0
r0199_c0104,0.0
r0199_c0105,0.0
r0199_c0106,0.0
r0199_c0107,0.0
r0199_c0108,0.0
r0199_c0109,0.0
r0199_c0110,0.0
r0199_c0111,0.0
r0199_c0112,0.0
r0199_c0113,0.0
r0199_c0114,0.0
r0199_c0115,0.0
r0199_c0116,0.0
r0199_c0117,0.0
r0199_c0118,0.0
r0199_c0119,0.0
r0199_c0120,0.0
r0199_c0121,0.0
r0199_c0122,0.0
r0199_c0123,0.0
r0199_c0124,0.0
r0199_c0125,0.0
r0199_c0126,0.0
r0199_c0127,0.0
r0199_c0128,0.0
r0199_c0129,0.0
r0199_c0130,0.0
r0199_c0131,0.0
r0199_c0132,0.0
r0199_c0133,0.0
r0199_c0134,0.0
r0199_c0135,0.0
r0199_c0136,0.0
r0199_c0137,0.0
r0199_c0138,0.0
r0199_c0139,0.0
r0199_c0140,0.0
r0199_c0141,0.0
r0199_c0142,0.0
r0199_c0143,0.0
r0199_c0144,0.0
r0199_c0145,0.0
r0199_c0146,0.0
r0199_c0147,0.0
r0199_c0148,0.0
r0199_c0149,0.0
r0199_c0150,0.0
r0199_c0151,0.0
r0199_c0154,0.0
r0199_c0155,0.0
r0199_c0156,0.0
r0199_c0157,0.0
r0199_c0158,0.0
r0199_c0159,0.0
r0199_c0160,0.0
r0199_c0161,0.0
r0199_c0162,0.0
r0199_c0163,0.0
r0199_c0164,0.0
r0199_c0165,0.0
r0199_c0166,0.0
r0199_c0167,0.0
r0200_c0074,0.0
r0200_c0075,0.0
r0200_c0076,0.0
r0200_c0077,0.0
r0200_c0078,0.0
r0200_c0079,0.0
r0200_c0083,0.0
r0200_c0084,0.0
r0200_c0085,0.0
r0200_c0086,0.0
r0200_c0087,0.0
r0200_c0088,0.0
r0200_c0089,0.0
r0200_c0090,0.0
r0200_c0091,0.0
r0200_c0092,0.0
r0200_c0093,0.0
r0200_c0094,0.0
r0200_c0095,0.0
r0200_c0099,0.0
r0200_c0100,0.0
r0200_c0101,0.0
r0200_c0102,0.0
r0200_c0103,0.0
r0200_c0104,0.0
r0200_c0105,0.0
r0200_c0106,0.0
r0200_c0107,0.0
r0200_c0108,0.0
r0200_c0109,0.0
r0200_c0110,0.0
r0200_c0111,0.0
r0200_c0112,0.0
r0200_c0113,0.0
r0200_c0114,0.0
r0200_c0115,0.0
r0200_c0116,0.0
r0200_c0117,0.0
r0200_c0118,0.0
r0200_c0119,0.0
r0200_c0120,0.0
r0200_c0121,0.0
r0200_c0122,0.0
r0200_c0123,0.0
r0200_c0124,0.0
r0200_c0125,0.0
r0200_c0126,0.0
r0200_c0127,0.0
r0200_c0128,0.0
r0200_c0129,0.0
r0200_c0130,0.0
r0200_c0131,0.0
r0200_c0132,0.0
r0200_c0133,0.0
r0200_c0134,0.0
r0200_c0135,0.0
r0200_c0136,0.0
r0200_c0137,0.0
r0200_c0138,0.0
r0200_c0139,0.0
r0200_c0140,0.0
r0200_c0141,0.0
r0200_c0142,0.0
r0200_c0143,0.0
r0200_c0144,0.0
r0200_c0145,0.0
r0200_c0146,0.0
r0200_c0147,0.0
r0200_c0148,0.0
r0200_c0149,0.0
r0200_c0150,0.0
r0200_c0152,0.0
r0200_c0153,0.0
r0200_c0154,0.0
r0200_c0155,0.0
r0200_c0156,0.0
r0200_c0157,0.0
r0200_c0158,0.0
r0200_c0159,0.0
r0200_c0160,0.0
r0200_c0161,0.0
r0200_c0162,0.0
r0200_c0163,0.0
r0200_c0164,0.0
r0200_c0165,0.0
r0200_c0166,0.0
r0200_c0167,0.0
r0201_c0074,0.0
r0201_c0075,0.0
r0201_c0076,0.0
r0201_c0077,0.0
r0201_c0078,0.0
r0201_c0079,0.0
r0201_c0081,0.0
r0201_c0082,0.0
r0201_c0083,0.0
r0201_c0084,0.0
r0201_c0085,0.0
r0201_c0086,0.0
r0201_c0087,0.0
r0201_c0088,0.0
r0201_c0089,0.0
r0201_c0090,0.0
r0201_c0091,0.0
r0201_c0092,0.0
r0201_c0093,0.0
r0201_c0094,0.0
r0201_c0095,0.0
r0201_c0099,0.0
r0201_c0100,0.0
r0201_c0101,0.0
r0201_c0102,0.0
r0201_c0103,0.0
r0201_c0104,0.0
r0201_c0105,0.0
r0201_c0106,0.0
r0201_c0107,0.0
r0201_c0108,0.0
r0201_c0109,0.0
r0201_c0110,0.0
r0201_c0111,0.0
r0201_c0112,0.0
r0201_c0113,0.0
r0201_c0114,0.0
r0201_c0115,0.0
r0201_c0116,0.0
r0201_c0117,0.0
r0201_c0118,0.0
r0201_c0119,0.0
r0201_c0120,0.0
r0201_c0121,0.0
r0201_c0122,0.0
r0201_c0123,0.0
r0201_c0124,0.0
r0201_c0125,0.0
r0201_c0126,0.0
r0201_c0127,0.0
r0201_c0128,0.0
r0201_c0129,0.0
r0201_c0130,0.0
r0201_c0131,0.0
r0201_c0132,0.0
r0201_c0133,0.0
r0201_c0134,0.0
r0201_c0135,0.0
r0201_c0136,0.0
r0201_c0137,0.0
r0201_c0138,0.0
r0201_c0139,0.0
r0201_c0140,0.0
r0201_c0141,0.0
r0201_c0142,0.0
r0201_c0143,0.0
r0201_c0144,0.0
r0201_c0145,0.0
r0201_c0146,0.0
r0201_c0147,0.0
r0201_c0148,0.0
r0201_c0150,0.0
r0201_c0151,0.0
r0201_c0152,0.0
r0201_c0153,0.0
r0201_c0154,0.0
r0201_c0155,0.0
r0201_c0156,0.0
r0201_c0157,0.0
r0201_c0158,0.0
r0201_c0159,0.0
r0201_c0160,0.0
r0201_c0161,0.0
r0201_c0163,0.0
r0201_c0164,0.0
r0201_c0165,0.0
r0201_c0166,0.0
r0201_c0167,0.0
r0202_c0074,0.0
r0202_c0075,0.0
r0202_c0076,0.0
r0202_c0077,0.0
r0202_c0078,0.0
r0202_c0079,0.0
r0202_c0080,0.0
r0202_c0081,0.0
r0202_c0084,0.0
r0202_c0085,0.0
r0202_c0086,0.0
r0202_c0087,0.0
r0202_c0088,0.0
r0202_c0089,0.0
r0202_c0090,0.0
r0202_c0091,0.0
r0202_c0092,0.0
r0202_c0093,0.0
r0202_c0094,0.0
r0202_c0095,0.0
r0202_c0099,0.0
r0202_c0100,0.0
r0202_c0101,0.0
r0202_c0102,0.0
r0202_c0103,0.0
r0202_c0104,0.0
r0202_c0105,0.0
r0202_c0106,0.0
r0202_c0107,0.0
r0202_c0108,0.0
r0202_c0109,0.0
r0202_c0110,0.0
r0202_c0111,0.0
r0202_c0112,0.0
r0202_c0113,0.0
r0202_c0114,0.0
r0202_c0115,0.0
r0202_c0116,0.0
r0202_c0117,0.0
r0202_c0118,0.0
r0202_c0119,0.0
r0202_c0120,0.0
r0202_c0121,0.0
r0202_c0122,0.0
r0202_c0123,0.0
r0202_c0124,0.0
r0202_c0125,0.0
r0202_c0126,0.0
r0202_c0127,0.0
r0202_c0128,0.0
r0202_c0129,0.0
r0202_c0130,0.0
r0202_c0131,0.0
r0202_c0132,0.0
r0202_c0133,0.0
r0202_c0134,0.0
r0202_c0135,0.0
r0202_c0136,0.0
r0202_c0137,0.0
r0202_c0138,0.0
r0202_c0139,0.0
r0202_c0140,0.0
r0202_c0141,0.0
r0202_c0142,0.0
r0202_c0143,0.0
r0202_c0144,0.0
r0202_c0145,0.0
r0202_c0146,0.0
r0202_c0147,0.0
r0202_c0148,0.0
r0202_c0149,0.0
r0202_c0150,0.0
r0202_c0151,0.0
r0202_c0152,0.0
r0202_c0153,0.0
r0202_c0154,0.0
r0202_c0155,0.0
r0202_c0156,0.0
r0202_c0157,0.0
r0202_c0158,0.0
r0202_c0159,0.0
r0202_c0160,0.0
r0202_c0161,0.0
r0202_c0162,0.0
r0202_c0163,0.0
r0202_c0164,0.0
r0202_c0165,0.0
r0202_c0166,0.0
r0202_c0167,0.0
r0203_c0074,0.0
r0203_c0075,0.0
r0203_c0076,0.0
r0203_c0077,0.0
r0203_c0078,0.0
r0203_c0079,0.0
r0203_c0080,0.0
r0203_c0081,0.0
r0203_c0083,0.0
r0203_c0084,0.0
r0203_c0085,0.0
r0203_c0086,0.0
r0203_c0087,0.0
r0203_c0088,0.0
r0203_c0089,0.0
r0203_c0090,0.0
r0203_c0091,0.0
r0203_c0092,0.0
r0203_c0093,0.0
r0203_c0094,0.0
r0203_c0095,0.0
r0203_c0099,0.0
r0203_c0100,0.0
r0203_c0101,0.0
r0203_c0102,0.0
r0203_c0103,0.0
r0203_c0104,0.0
r0203_c0105,0.0
r0203_c0106,0.0
r0203_c0107,0.0
r0203_c0108,0.0
r0203_c0109,0.0
r0203_c0110,0.0
r0203_c0111,0.0
r0203_c0112,0.0
r0203_c0113,0.0
r0203_c0114,0.0
r0203_c0115,0.0
r0203_c0116,0.0
r0203_c0117,0.0
r0203_c0118,0.0
r0203_c0119,0.0
r0203_c0120,0.0
r0203_c0121,0.0
r0203_c0122,0.0
r0203_c0123,0.0
r0203_c0124,0.0
r0203_c0125,0.0
r0203_c0126,0.0
r0203_c0127,0.0
r0203_c0128,0.0
r0203_c0129,0.0
r0203_c0130,0.0
r0203_c0131,0.0
r0203_c0132,0.0
r0203_c0133,0.0
r0203_c0134,0.0
r0203_c0135,0.0
r0203_c0136,0.0
r0203_c0137,0.0
r0203_c0138,0.0
r0203_c0139,0.0
r0203_c0140,0.0
r0203_c0141,0.0
r0203_c0142,0.0
r0203_c0143,0.0
r0203_c0144,0.0
r0203_c0145,0.0
r0203_c0146,0.0
r0203_c0148,0.0
r0203_c0149,0.0
r0203_c0150,0.0
r0203_c0151,0.0
r0203_c0152,0.0
r0203_c0153,0.0
r0203_c0154,0.0
r0203_c0155,0.0
r0203_c0156,0.0
r0203_c0157,0.0
r0203_c0158,0.0
r0203_c0159,0.0
r0203_c0160,0.0
r0203_c0161,0.0
r0203_c0162,0.0
r0203_c0163,0.0
r0203_c0164,0.0
r0203_c0165,0.0
r0203_c0166,0.0
r0204_c0074,0.0
r0204_c0075,0.0
r0204_c0076,0.0
r0204_c0077,0.0
r0204_c0078,0.0
r0204_c0079,0.0
r0204_c0080,0.0
r0204_c0081,0.0
r0204_c0089,0.0
r0204_c0090,0.0
r0204_c0091,0.0
r0204_c0092,0.0
r0204_c0093,0.0
r0204_c0094,0.0
r0204_c0095,0.0
r0204_c0096,0.0
r0204_c0097,0.0
r0204_c0098,0.0
r0204_c0099,0.0
r0204_c0100,0.0
r0204_c0101,0.0
r0204_c0102,0.0
r0204_c0103,0.0
r0204_c0104,0.0
r0204_c0105,0.0
r0204_c0106,0.0
r0204_c0107,0.0
r0204_c0108,0.0
r0204_c0109,0.0
r0204_c0110,0.0
r0204_c0111,0.0
r0204_c0112,0.0
r0204_c0113,0.0
r0204_c0114,0.0
r0204_c0115,0.0
r0204_c0116,0.0
r0204_c0117,0.0
r0204_c0118,0.0
r0204_c0119,0.0
r0204_c0120,0.0
r0204_c0121,0.0
r0204_c0122,0.0
r0204_c0123,0.0
r0204_c0124,0.0
r0204_c0125,0.0
r0204_c0126,0.0
r0204_c0127,0.0
r0204_c0128,0.0
r0204_c0129,0.0
r0204_c0130,0.0
r0204_c0131,0.0
r0204_c0132,0.0
r0204_c0133,0.0
r0204_c0134,0.0
r0204_c0135,0.0
r0204_c0136,0.0
r0204_c0137,0.0
r0204_c0138,0.0
r0204_c0139,0.0
r0204_c0140,0.0
r0204_c0141,0.0
r0204_c0142,0.0
r0204_c0143,0.0
r0204_c0144,0.0
r0204_c0145,0.0
r0204_c0147,0.0
r0204_c0148,0.0
r0204_c0149,0.0
r0204_c0150,0.0
r0204_c0151,0.0
r0204_c0152,0.0
r0204_c0153,0.0
r0204_c0154,0.0
r0204_c0155,0.0
r0204_c0156,0.0
r0204_c0157,0.0
r0204_c0158,0.0
r0204_c0159,0.0
r0204_c0160,0.0
r0204_c0161,0.0
r0204_c0162,0.0
r0204_c0163,0.0
r0204_c0164,0.0
r0204_c0165,0.0
r0204_c0166,0.0
r0204_c0167,0.0
r0205_c0074,0.0
r0205_c0075,0.0
r0205_c0076,0.0
r0205_c0077,0.0
r0205_c0078,0.0
r0205_c0079,0.0
r0205_c0080,0.0
r0205_c0081,0.0
r0205_c0089,0.0
r0205_c0090,0.0
r0205_c0091,0.0
r0205_c0092,0.0
r0205_c0093,0.0
r0205_c0094,0.0
r0205_c0095,0.0
r0205_c0096,0.0
r0205_c0097,0.0
r0205_c0098,0.0
r0205_c0099,0.0
r0205_c0100,0.0
r0205_c0101,0.0
r0205_c0102,0.0
r0205_c0103,0.0
r0205_c0104,0.0
r0205_c0105,0.0
r0205_c0106,0.0
r0205_c0107,0.0
r0205_c0108,0.0
r0205_c0109,0.0
r0205_c0110,0.0
r0205_c0111,0.0
r0205_c0112,0.0
r0205_c0113,0.0
r0205_c0114,0.0
r0205_c0115,0.0
r0205_c0116,0.0
r0205_c0117,0.0
r0205_c0118,0.0
r0205_c0119,0.0
r0205_c0120,0.0
r0205_c0121,0.0
r0205_c0122,0.0
r0205_c0123,0.0
r0205_c0124,0.0
r0205_c0125,0.0
r0205_c0126,0.0
r0205_c0127,0.0
r0205_c0128,0.0
r0205_c0129,0.0
r0205_c0130,0.0
r0205_c0131,0.0
r0205_c0132,0.0
r0205_c0133,0.0
r0205_c0134,0.0
r0205_c0135,0.0
r0205_c0136,0.0
r0205_c0137,0.0
r0205_c0138,0.0
r0205_c0139,0.0
r0205_c0140,0.0
r0205_c0142,0.0
r0205_c0143,0.0
r0205_c0144,0.0
r0205_c0145,0.0
r0205_c0147,0.0
r0205_c0148,0.0
r0205_c0149,0.0
r0205_c0150,0.0
r0205_c0151,0.0
r0205_c0152,0.0
r0205_c0153,0.0
r0205_c0154,0.0
r0205_c0155,0.0
r0205_c0156,0.0
r0205_c0157,0.0
r0205_c0158,0.0
r0205_c0159,0.0
r0205_c0160,0.0
r0205_c0161,0.0
r0205_c0162,0.0
r0205_c0163,0.0
r0205_c0164,0.0
r0205_c0165,0.0
r0206_c0074,0.0
r0206_c0075,0.0
r0206_c0076,0.0
r0206_c0077,0.0
r0206_c0078,0.0
r0206_c0079,0.0
r0206_c0080,0.0
r0206_c0081,0.0
r0206_c0085,0.0
r0206_c0086,0.0
r0206_c0087,0.0
r0206_c0088,0.0
r0206_c0089,0.0
r0206_c0090,0.0
r0206_c0091,0.0
r0206_c0092,0.0
r0206_c0093,0.0
r0206_c0094,0.0
r0206_c0095,0.0
r0206_c0096,0.0
r0206_c0097,0.0
r0206_c0098,0.0
r0206_c0099,0.0
r0206_c0100,0.0
r0206_c0101,0.0
r0206_c0102,0.0
r0206_c0103,0.0
r0206_c0104,0.0
r0206_c0105,0.0
r0206_c0106,0.0
r0206_c0107,0.0
r0206_c0108,0.0
r0206_c0109,0.0
r0206_c0110,0.0
r0206_c0111,0.0
r0206_c0112,0.0
r0206_c0113,0.0
r0206_c0114,0.0
r0206_c0116,0.0
r0206_c0117,0.0
r0206_c0118,0.0
r0206_c0119,0.0
r0206_c0120,0.0
r0206_c0121,0.0
r0206_c0122,0.0
r0206_c0123,0.0
r0206_c0124,0.0
r0206_c0125,0.0
r0206_c0126,0.0
r0206_c0127,0.0
r0206_c0128,0.0
r0206_c0129,0.0
r0206_c0130,0.0
r0206_c0131,0.0
r0206_c0132,0.0
r0206_c0133,0.0
r0206_c0134,0.0
r0206_c0135,0.0
r0206_c0136,0.0
r0206_c0137,0.0
r0206_c0138,0.0
r0206_c0139,0.0
r0206_c0140,0.0
r0206_c0141,0.0
r0206_c0142,0.0
r0206_c0147,0.0
r0206_c0148,0.0
r0206_c0149,0.0
r0206_c0150,0.0
r0206_c0151,0.0
r0206_c0152,0.0
r0206_c0153,0.0
r0206_c0154,0.0
r0206_c0155,0.0
r0206_c0156,0.0
r0206_c0157,0.0
r0206_c0158,0.0
r0206_c0159,0.0
r0206_c0160,0.0
r0206_c0161,0.0
r0206_c0162,0.0
r0206_c0163,0.0
r0206_c0164,0.0
r0206_c0165,0.0
r0207_c0074,0.0
r0207_c0075,0.0
r0207_c0076,0.0
r0207_c0077,0.0
r0207_c0078,0.0
r0207_c0079,0.0
r0207_c0080,0.0
r0207_c0081,0.0
r0207_c0085,0.0
r0207_c0086,0.0
r0207_c0087,0.0
r0207_c0088,0.0
r0207_c0089,0.0
r0207_c0090,0.0
r0207_c0091,0.0
r0207_c0092,0.0
r0207_c0093,0.0
r0207_c0094,0.0
r0207_c0095,0.0
r0207_c0096,0.0
r0207_c0097,0.0
r0207_c0098,0.0
r0207_c0099,0.0
r0207_c0100,0.0
r0207_c0101,0.0
r0207_c0102,0.0
r0207_c0103,0.0
r0207_c0104,0.0
r0207_c0105,0.0
r0207_c0106,0.0
r0207_c0107,0.0
r0207_c0108,0.0
r0207_c0109,0.0
r0207_c0110,0.0
r0207_c0112,0.0
r0207_c0113,0.0
r0207_c0114,0.0
r0207_c0115,0.0
r0207_c0116,0.0
r0207_c0117,0.0
r0207_c0118,0.0
r0207_c0119,0.0
r0207_c0120,0.0
r0207_c0121,0.0
r0207_c0122,0.0
r0207_c0123,0.0
r0207_c0124,0.0
r0207_c0125,0.0
r0207_c0126,0.0
r0207_c0127,0.0
r0207_c0128,0.0
r0207_c0129,0.0
r0207_c0130,0.0
r0207_c0131,0.0
r0207_c0132,0.0
r0207_c0133,0.0
r0207_c0134,0.0
r0207_c0135,0.0
r0207_c0136,0.0
r0207_c0137,0.0
r0207_c0138,0.0
r0207_c0139,0.0
r0207_c0140,0.0
r0207_c0145,0.0
r0207_c0146,0.0
r0207_c0147,0.0
r0207_c0148,0.0
r0207_c0149,0.0
r0207_c0150,0.0
r0207_c0151,0.0
r0207_c0152,0.0
r0207_c0153,0.0
r0207_c0154,0.0
r0207_c0155,0.0
r0207_c0156,0.0
r0207_c0157,0.0
r0207_c0158,0.0
r0207_c0159,0.0
r0207_c0160,0.0
r0207_c0161,0.0
r0207_c0162,0.0
r0207_c0163,0.0
r0207_c0164,0.0
r0207_c0165,0.0
r0208_c0074,0.0
r0208_c0075,0.0
r0208_c0076,0.0
r0208_c0077,0.0
r0208_c0078,0.0
r0208_c0079,0.0
r0208_c0080,0.0
r0208_c0081,0.0
r0208_c0082,0.0
r0208_c0085,0.0
r0208_c0086,0.0
r0208_c0087,0.0
r0208_c0088,0.0
r0208_c0089,0.0
r0208_c0090,0.0
r0208_c0091,0.0
r0208_c0092,0.0
r0208_c0093,0.0
r0208_c0094,0.0
r0208_c0095,0.0
r0208_c0096,0.0
r0208_c0097,0.0
r0208_c0098,0.0
r0208_c0099,0.0
r0208_c0100,0.0
r0208_c0101,0.0
r0208_c0102,0.0
r0208_c0103,0.0
r0208_c0104,0.0
r0208_c0105,0.0
r0208_c0106,0.0
r0208_c0107,0.0
r0208_c0108,0.0
r0208_c0109,0.0
r0208_c0110,0.0
r0208_c0112,0.0
r0208_c0113,0.0
r0208_c0114,0.0
r0208_c0115,0.0
r0208_c0116,0.0
r0208_c0117,0.0
r0208_c0118,0.0
r0208_c0119,0.0
r0208_c0120,0.0
r0208_c0121,0.0
r0208_c0122,0.0
r0208_c0123,0.0
r0208_c0124,0.0
r0208_c0125,0.0
r0208_c0126,0.0
r0208_c0127,0.0
r0208_c0128,0.0
r0208_c0129,0.0
r0208_c0130,0.0
r0208_c0131,0.0
r0208_c0132,0.0
r0208_c0133,0.0
r0208_c0134,0.0
r0208_c0135,0.0
r0208_c0136,0.0
r0208_c0137,0.0
r0208_c0138,0.0
r0208_c0139,0.0
r0208_c0140,0.0
r0208_c0141,0.0
r0208_c0145,0.0
r0208_c0146,0.0
r0208_c0147,0.0
r0208_c0148,0.0
r0208_c0149,0.0
r0208_c0150,0.0
r0208_c0151,0.0
r0208_c0152,0.0
r0208_c0153,0.0
r0208_c0154,0.0
r0208_c0155,0.0
r0208_c0156,0.0
r0208_c0157,0.0
r0208_c0158,0.0
r0208_c0159,0.0
r0208_c0160,0.0
r0208_c0161,0.0
r0208_c0162,0.0
r0208_c0163,0.0
r0208_c0164,0.0
r0208_c0165,0.0
r0209_c0073,0.0
r0209_c0074,0.0
r0209_c0075,0.0
r0209_c0076,0.0
r0209_c0077,0.0
r0209_c0078,0.0
r0209_c0079,0.0
r0209_c0080,0.0
r0209_c0081,0.0
r0209_c0082,0.0
r0209_c0083,0.0
r0209_c0084,0.0
r0209_c0085,0.0
r0209_c0086,0.0
r0209_c0087,0.0
r0209_c0088,0.0
r0209_c0089,0.0
r0209_c0090,0.0
r0209_c0091,0.0
r0209_c0092,0.0
r0209_c0093,0.0
r0209_c0094,0.0
r0209_c0095,0.0
r0209_c0096,0.0
r0209_c0097,0.0
r0209_c0098,0.0
r0209_c0099,0.0
r0209_c0100,0.0
r0209_c0101,0.0
r0209_c0102,0.0
r0209_c0103,0.0
r0209_c0104,0.0
r0209_c0105,0.0
r0209_c0106,0.0
r0209_c0107,0.0
r0209_c0108,0.0
r0209_c0109,0.0
r0209_c0110,0.0
r0209_c0111,0.0
r0209_c0112,0.0
r0209_c0113,0.0
r0209_c0114,0.0
r0209_c0115,0.0
r0209_c0117,0.0
r0209_c0118,0.0
r0209_c0119,0.0
r0209_c0120,0.0
r0209_c0121,0.0
r0209_c0122,0.0
r0209_c0123,0.0
r0209_c0124,0.0
r0209_c0125,0.0
r0209_c0126,0.0
r0209_c0127,0.0
r0209_c0128,0.0
r0209_c0129,0.0
r0209_c0130,0.0
r0209_c0131,0.0
r0209_c0132,0.0
r0209_c0133,0.0
r0209_c0134,0.0
r0209_c0135,0.0
r0209_c0136,0.0
r0209_c0137,0.0
r0209_c0138,0.0
r0209_c0139,0.0
r0209_c0140,0.0
r0209_c0141,0.0
r0209_c0142,0.0
r0209_c0144,0.0
r0209_c0145,0.0
r0209_c0146,0.0
r0209_c0147,0.0
r0209_c0148,0.0
r0209_c0149,0.0
r0209_c0150,0.0
r0209_c0151,0.0
r0209_c0152,0.0
r0209_c0153,0.0
r0209_c0154,0.0
r0209_c0155,0.0
r0209_c0156,0.0
r0209_c0157,0.0
r0209_c0158,0.0
r0209_c0159,0.0
r0209_c0160,0.0
r0209_c0161,0.0
r0209_c0162,0.0
r0209_c0163,0.0
r0209_c0164,0.0
r0209_c0165,0.0
r0210_c0073,0.0
r0210_c0074,0.0
r0210_c0075,0.0
r0210_c0076,0.0
r0210_c0077,0.0
r0210_c0078,0.0
r0210_c0079,0.0
r0210_c0080,0.0
r0210_c0081,0.0
r0210_c0082,0.0
r0210_c0083,0.0
r0210_c0084,0.0
r0210_c0085,0.0
r0210_c0086,0.0
r0210_c0087,0.0
r0210_c0088,0.0
r0210_c0089,0.0
r0210_c0090,0.0
r0210_c0091,0.0
r0210_c0092,0.0
r0210_c0093,0.0
r0210_c0094,0.0
r0210_c0095,0.0
r0210_c0096,0.0
r0210_c0097,0.0
r0210_c0098,0.0
r0210_c0099,0.0
r0210_c0100,0.0
r0210_c0101,0.0
r0210_c0102,0.0
r0210_c0103,0.0
r0210_c0104,0.0
r0210_c0105,0.0
r0210_c0106,0.0
r0210_c0107,0.0
r0210_c0109,0.0
r0210_c0111,0.0
r0210_c0112,0.0
r0210_c0113,0.0
r0210_c0114,0.0
r0210_c0116,0.0
r0210_c0117,0.0
r0210_c0118,0.0
r0210_c0119,0.0
r0210_c0120,0.0
r0210_c0121,0.0
r0210_c0122,0.0
r0210_c0123,0.0
r0210_c0124,0.0
r0210_c0125,0.0
r0210_c0126,0.0
r0210_c0127,0.0
r0210_c0128,0.0
r0210_c0129,0.0
r0210_c0130,0.0
r0210_c0131,0.0
r0210_c0132,0.0
r0210_c0133,0.0
r0210_c0134,0.0
r0210_c0135,0.0
r0210_c0136,0.0
r0210_c0137,0.0
r0210_c0138,0.0
r0210_c0139,0.0
r0210_c0140,0.0
r0210_c0141,0.0
r0210_c0143,0.0
r0210_c0144,0.0
r0210_c0145,0.0
r0210_c0146,0.0
r0210_c0147,0.0
r0210_c0148,0.0
r0210_c0149,0.0
r0210_c0150,0.0
r0210_c0151,0.0
r0210_c0152,0.0
r0210_c0153,0.0
r0210_c0154,0.0
r0210_c0155,0.0
r0210_c0156,0.0
r0210_c0157,0.0
r0210_c0158,0.0
r0210_c0159,0.0
r0210_c0160,0.0
r0210_c0161,0.0
r0210_c0162,0.0
r0210_c0163,0.0
r0210_c0164,0.0
r0210_c0165,0.0
r0210_c0166,0.0
r0210_c0167,0.0
r0211_c0068,0.0
r0211_c0069,0.0
r0211_c0070,0.0
r0211_c0071,0.0
r0211_c0072,0.0
r0211_c0073,0.0
r0211_c0074,0.0
r0211_c0075,0.0
r0211_c0076,0.0
r0211_c0077,0.0
r0211_c0078,0.0
r0211_c0079,0.0
r0211_c0080,0.0
r0211_c0081,0.0
r0211_c0082,0.0
r0211_c0083,0.0
r0211_c0084,0.0
r0211_c0085,0.0
r0211_c0086,0.0
r0211_c0087,0.0
r0211_c0088,0.0
r0211_c0089,0.0
r0211_c0090,0.0
r0211_c0091,0.0
r0211_c0092,0.0
r0211_c0093,0.0
r0211_c0094,0.0
r0211_c0095,0.0
r0211_c0096,0.0
r0211_c0097,0.0
r0211_c0098,0.0
r0211_c0099,0.0
r0211_c0100,0.0
r0211_c0101,0.0
r0211_c0102,0.0
r0211_c0103,0.0
r0211_c0104,0.0
r0211_c0105,0.0
r0211_c0106,0.0
r0211_c0107,0.0
r0211_c0108,0.0
r0211_c0109,0.0
r0211_c0110,0.0
r0211_c0111,0.0
r0211_c0112,0.0
r0211_c0113,0.0
r0211_c0114,0.0
r0211_c0115,0.0
r0211_c0116,0.0
r0211_c0117,0.0
r0211_c0118,0.0
r0211_c0119,0.0
r0211_c0120,0.0
r0211_c0121,0.0
r0211_c0122,0.0
r0211_c0123,0.0
r0211_c0124,0.0
r0211_c0125,0.0
r0211_c0126,0.0
r0211_c0127,0.0
r0211_c0128,0.0
r0211_c0129,0.0
r0211_c0130,0.0
r0211_c0131,0.0
r0211_c0132,0.0
r0211_c0133,0.0
r0211_c0134,0.0
r0211_c0135,0.0
r0211_c0136,0.0
r0211_c0137,0.0
r0211_c0138,0.0
r0211_c0139,0.0
r0211_c0140,0.0
r0211_c0141,0.0
r0211_c0142,0.0
r0211_c0143,0.0
r0211_c0144,0.0
r0211_c0145,0.0
r0211_c0146,0.0
r0211_c0147,0.0
r0211_c0148,0.0
r0211_c0149,0.0
r0211_c0150,0.0
r0211_c0151,0.0
r0211_c0152,0.0
r0211_c0153,0.0
r0211_c0154,0.0
r0211_c0155,0.0
r0211_c0156,0.0
r0211_c0157,0.0
r0211_c0158,0.0
r0211_c0159,0.0
r0211_c0160,0.0
r0211_c0161,0.0
r0211_c0162,0.0
r0211_c0163,0.0
r0211_c0164,0.0
r0211_c0165,0.0
r0211_c0166,0.0
r0212_c0068,0.0
r0212_c0069,0.0
r0212_c0070,0.0
r0212_c0071,0.0
r0212_c0072,0.0
r0212_c0073,0.0
r0212_c0074,0.0
r0212_c0075,0.0
r0212_c0076,0.0
r0212_c0077,0.0
r0212_c0078,0.0
r0212_c0079,0.0
r0212_c0080,0.0
r0212_c0081,0.0
r0212_c0082,0.0
r0212_c0083,0.0
r0212_c0084,0.0
r0212_c0085,0.0
r0212_c0086,0.0
r0212_c0087,0.0
r0212_c0088,0.0
r0212_c0089,0.0
r0212_c0090,0.0
r0212_c0091,0.0
r0212_c0092,0.0
r0212_c0093,0.0
r0212_c0094,0.0
r0212_c0095,0.0
r0212_c0096,0.0
r0212_c0097,0.0
r0212_c0098,0.0
r0212_c0099,0.0
r0212_c0100,0.0
r0212_c0101,0.0
r0212_c0102,0.0
r0212_c0103,0.0
r0212_c0104,0.0
r0212_c0105,0.0
r0212_c0106,0.0
r0212_c0107,0.0
r0212_c0108,0.0
r0212_c0109,0.0
r0212_c0110,0.0
r0212_c0111,0.0
r0212_c0112,0.0
r0212_c0113,0.0
r0212_c0114,0.0
r0212_c0115,0.0
r0212_c0116,0.0
r0212_c0117,0.0
r0212_c0118,0.0
r0212_c0119,0.0
r0212_c0120,0.0
r0212_c0121,0.0
r0212_c0122,0.0
r0212_c0123,0.0
r0212_c0124,0.0
r0212_c0125,0.0
r0212_c0126,0.0
r0212_c0127,0.0
r0212_c0128,0.0
r0212_c0129,0.0
r0212_c0130,0.0
r0212_c0131,0.0
r0212_c0132,0.0
r0212_c0133,0.0
r0212_c0134,0.0
r0212_c0135,0.0
r0212_c0136,0.0
r0212_c0137,0.0
r0212_c0140,0.0
r0212_c0141,0.0
r0212_c0142,0.0
r0212_c0143,0.0
r0212_c0144,0.0
r0212_c0145,0.0
r0212_c0146,0.0
r0212_c0147,0.0
r0212_c0148,0.0
r0212_c0150,0.0
r0212_c0151,0.0
r0212_c0152,0.0
r0212_c0153,0.0
r0212_c0154,0.0
r0212_c0155,0.0
r0212_c0156,0.0
r0212_c0157,0.0
r0212_c0158,0.0
r0212_c0159,0.0
r0212_c0160,0.0
r0212_c0161,0.0
r0212_c0162,0.0
r0212_c0163,0.0
r0212_c0164,0.0
r0212_c0165,0.0
r0212_c0166,0.0
r0213_c0068,0.0
r0213_c0069,0.0
r0213_c0070,0.0
r0213_c0071,0.0
r0213_c0072,0.0
r0213_c0073,0.0
r0213_c0074,0.0
r0213_c0075,0.0
r0213_c0076,0.0
r0213_c0077,0.0
r0213_c0078,0.0
r0213_c0079,0.0
r0213_c0080,0.0
r0213_c0081,0.0
r0213_c0082,0.0
r0213_c0083,0.0
r0213_c0084,0.0
r0213_c0085,0.0
r0213_c0086,0.0
r0213_c0087,0.0
r0213_c0088,0.0
r0213_c0089,0.0
r0213_c0090,0.0
r0213_c0091,0.0
r0213_c0092,0.0
r0213_c0093,0.0
r0213_c0094,0.0
r0213_c0095,0.0
r0213_c0096,0.0
r0213_c0097,0.0
r0213_c0098,0.0
r0213_c0099,0.0
r0213_c0100,0.0
r0213_c0101,0.0
r0213_c0102,0.0
r0213_c0103,0.0
r0213_c0104,0.0
r0213_c0105,0.0
r0213_c0106,0.0
r0213_c0107,0.0
r0213_c0108,0.0
r0213_c0109,0.0
r0213_c0110,0.0
r0213_c0111,0.0
r0213_c0112,0.0
r0213_c0113,0.0
r0213_c0114,0.0
r0213_c0115,0.0
r0213_c0116,0.0
r0213_c0117,0.0
r0213_c0118,0.0
r0213_c0119,0.0
r0213_c0120,0.0
r0213_c0121,0.0
r0213_c0122,0.0
r0213_c0123,0.0
r0213_c0124,0.0
r0213_c0125,0.0
r0213_c0126,0.0
r0213_c0127,0.0
r0213_c0128,0.0
r0213_c0129,0.0
r0213_c0130,0.0
r0213_c0131,0.0
r0213_c0132,0.0
r0213_c0133,0.0
r0213_c0134,0.0
r0213_c0135,0.0
r0213_c0136,0.0
r0213_c0137,0.0
r0213_c0138,0.0
r0213_c0139,0.0
r0213_c0140,0.0
r0213_c0141,0.0
r0213_c0142,0.0
r0213_c0144,0.0
r0213_c0145,0.0
r0213_c0146,0.0
r0213_c0147,0.0
r0213_c0148,0.0
r0213_c0149,0.0
r0213_c0150,0.0
r0213_c0151,0.0
r0213_c0152,0.0
r0213_c0153,0.0
r0213_c0154,0.0
r0213_c0155,0.0
r0213_c0156,0.0
r0213_c0157,0.0
r0213_c0158,0.0
r0213_c0160,0.0
r0213_c0161,0.0
r0213_c0162,0.0
r0213_c0163,0.0
r0213_c0164,0.0
r0213_c0165,0.0
r0213_c0166,0.0
r0214_c0058,0.0
r0214_c0059,0.0
r0214_c0060,0.0
r0214_c0061,0.0
r0214_c0062,0.0
r0214_c0063,0.0
r0214_c0064,0.0
r0214_c0065,0.0
r0214_c0066,0.0
r0214_c0067,0.0
r0214_c0068,0.0
r0214_c0069,0.0
r0214_c0070,0.0
r0214_c0071,0.0
r0214_c0072,0.0
r0214_c0073,0.0
r0214_c0074,0.0
r0214_c0075,0.0
r0214_c0076,0.0
r0214_c0077,0.0
r0214_c0078,0.0
r0214_c0079,0.0
r0214_c0080,0.0
r0214_c0081,0.0
r0214_c0082,0.0
r0214_c0083,0.0
r0214_c0084,0.0
r0214_c0085,0.0
r0214_c0086,0.0
r0214_c0087,0.0
r0214_c0088,0.0
r0214_c0089,0.0
r0214_c0090,0.0
r0214_c0091,0.0
r0214_c0092,0.0
r0214_c0093,0.0
r0214_c0094,0.0
r0214_c0095,0.0
r0214_c0096,0.0
r0214_c0097,0.0
r0214_c0098,0.0
r0214_c0099,0.0
r0214_c0100,0.0
r0214_c0101,0.0
r0214_c0102,0.0
r0214_c0103,0.0
r0214_c0104,0.0
r0214_c0105,0.0
r0214_c0106,0.0
r0214_c0107,0.0
r0214_c0108,0.0
r0214_c0109,0.0
r0214_c0110,0.0
r0214_c0111,0.0
r0214_c0112,0.0
r0214_c0113,0.0
r0214_c0114,0.0
r0214_c0115,0.0
r0214_c0116,0.0
r0214_c0117,0.0
r0214_c0118,0.0
r0214_c0119,0.0
r0214_c0120,0.0
r0214_c0121,0.0
r0214_c0122,0.0
r0214_c0123,0.0
r0214_c0124,0.0
r0214_c0125,0.0
r0214_c0126,0.0
r0214_c0127,0.0
r0214_c0128,0.0
r0214_c0129,0.0
r0214_c0130,0.0
r0214_c0131,0.0
r0214_c0132,0.0
r0214_c0133,0.0
r0214_c0134,0.0
r0214_c0135,0.0
r0214_c0136,0.0
r0214_c0137,0.0
r0214_c0138,0.0
r0214_c0139,0.0
r0214_c0140,0.0
r0214_c0141,0.0
r0214_c0142,0.0
r0214_c0143,0.0
r0214_c0144,0.0
r0214_c0145,0.0
r0214_c0146,0.0
r0214_c0147,0.0
r0214_c0148,0.0
r0214_c0149,0.0
r0214_c0150,0.0
r0214_c0151,0.0
r0214_c0152,0.0
r0214_c0153,0.0
r0214_c0154,0.0
r0214_c0155,0.0
r0214_c0156,0.0
r0214_c0157,0.0
r0214_c0158,0.0
r0214_c0159,0.0
r0214_c0160,0.0
r0214_c0161,0.0
r0214_c0162,0.0
r0214_c0163,0.0
r0214_c0164,0.0
r0214_c0165,0.0
r0214_c0166,0.0
r0215_c0058,0.0
r0215_c0059,0.0
r0215_c0060,0.0
r0215_c0061,0.0
r0215_c0062,0.0
r0215_c0063,0.0
r0215_c0064,0.0
r0215_c0065,0.0
r0215_c0066,0.0
r0215_c0067,0.0
r0215_c0068,0.0
r0215_c0069,0.0
r0215_c0070,0.0
r0215_c0071,0.0
r0215_c0072,0.0
r0215_c0073,0.0
r0215_c0074,0.0
r0215_c0075,0.0
r0215_c0076,0.0
r0215_c0077,0.0
r0215_c0078,0.0
r0215_c0079,0.0
r0215_c0080,0.0
r0215_c0081,0.0
r0215_c0082,0.0
r0215_c0083,0.0
r0215_c0084,0.0
r0215_c0085,0.0
r0215_c0086,0.0
r0215_c0087,0.0
r0215_c0088,0.0
r0215_c0089,0.0
r0215_c0090,0.0
r0215_c0091,0.0
r0215_c0092,0.0
r0215_c0093,0.0
r0215_c0094,0.0
r0215_c0095,0.0
r0215_c0096,0.0
r0215_c0097,0.0
r0215_c0098,0.0
r0215_c0099,0.0
r0215_c0100,0.0
r0215_c0101,0.0
r0215_c0102,0.0
r0215_c0104,0.0
r0215_c0105,0.0
r0215_c0106,0.0
r0215_c0107,0.0
r0215_c0108,0.0
r0215_c0109,0.0
r0215_c0110,0.0
r0215_c0111,0.0
r0215_c0112,0.0
r0215_c0113,0.0
r0215_c0114,0.0
r0215_c0115,0.0
r0215_c0116,0.0
r0215_c0117,0.0
r0215_c0118,0.0
r0215_c0119,0.0
r0215_c0120,0.0
r0215_c0121,0.0
r0215_c0122,0.0
r0215_c0123,0.0
r0215_c0124,0.0
r0215_c0125,0.0
r0215_c0126,0.0
r0215_c0127,0.0
r0215_c0128,0.0
r0215_c0129,0.0
r0215_c0130,0.0
r0215_c0131,0.0
r0215_c0132,0.0
r0215_c0133,0.0
r0215_c0134,0.0
r0215_c0135,0.0
r0215_c0136,0.0
r0215_c0138,0.0
r0215_c0139,0.0
r0215_c0140,0.0
r0215_c0141,0.0
r0215_c0142,0.0
r0215_c0143,0.0
r0215_c0144,0.0
r0215_c0145,0.0
r0215_c0146,0.0
r0215_c0147,0.0
r0215_c0148,0.0
r0215_c0149,0.0
r0215_c0150,0.0
r0215_c0151,0.0
r0215_c0152,0.0
r0215_c0153,0.0
r0215_c0154,0.0
r0215_c0155,0.0
r0215_c0156,0.0
r0215_c0157,0.0
r0215_c0158,0.0
r0215_c0159,0.0
r0215_c0160,0.0
r0215_c0161,0.0
r0215_c0162,0.0
r0215_c0163,0.0
r0215_c0164,0.0
r0215_c0165,0.0
r0215_c0166,0.0
r0216_c0058,0.0
r0216_c0059,0.0
r0216_c0060,0.0
r0216_c0061,0.0
r0216_c0062,0.0
r0216_c0063,0.0
r0216_c0064,0.0
r0216_c0065,0.0
r0216_c0066,0.0
r0216_c0067,0.0
r0216_c0068,0.0
r0216_c0069,0.0
r0216_c0070,0.0
r0216_c0071,0.0
r0216_c0072,0.0
r0216_c0073,0.0
r0216_c0074,0.0
r0216_c0075,0.0
r0216_c0076,0.0
r0216_c0077,0.0
r0216_c0078,0.0
r0216_c0079,0.0
r0216_c0080,0.0
r0216_c0081,0.0
r0216_c0082,0.0
r0216_c0083,0.0
r0216_c0084,0.0
r0216_c0085,0.0
r0216_c0086,0.0
r0216_c0087,0.0
r0216_c0088,0.0
r0216_c0089,0.0
r0216_c0090,0.0
r0216_c0091,0.0
r0216_c0092,0.0
r0216_c0093,0.0
r0216_c0094,0.0
r0216_c0095,0.0
r0216_c0096,0.0
r0216_c0097,0.0
r0216_c0098,0.0
r0216_c0099,0.0
r0216_c0100,0.0
r0216_c0101,0.0
r0216_c0102,0.0
r0216_c0103,0.0
r0216_c0104,0.0
r0216_c0105,0.0
r0216_c0106,0.0
r0216_c0107,0.0
r0216_c0108,0.0
r0216_c0109,0.0
r0216_c0110,0.0
r0216_c0111,0.0
r0216_c0112,0.0
r0216_c0113,0.0
r0216_c0114,0.0
r0216_c0115,0.0
r0216_c0116,0.0
r0216_c0117,0.0
r0216_c0118,0.0
r0216_c0119,0.0
r0216_c0120,0.0
r0216_c0121,0.0
r0216_c0122,0.0
r0216_c0123,0.0
r0216_c0124,0.0
r0216_c0125,0.0
r0216_c0126,0.0
r0216_c0127,0.0
r0216_c0128,0.0
r0216_c0129,0.0
r0216_c0130,0.0
r0216_c0131,0.0
r0216_c0132,0.0
r0216_c0133,0.0
r0216_c0134,0.0
r0216_c0135,0.0
r0216_c0138,0.0
r0216_c0139,0.0
r0216_c0140,0.0
r0216_c0141,0.0
r0216_c0142,0.0
r0216_c0143,0.0
r0216_c0144,0.0
r0216_c0145,0.0
r0216_c0146,0.0
r0216_c0147,0.0
r0216_c0148,0.0
r0216_c0149,0.0
r0216_c0150,0.0
r0216_c0151,0.0
r0216_c0152,0.0
r0216_c0153,0.0
r0216_c0154,0.0
r0216_c0155,0.0
r0216_c0156,0.0
r0216_c0157,0.0
r0216_c0158,0.0
r0216_c0159,0.0
r0216_c0160,0.0
r0216_c0161,0.0
r0216_c0162,0.0
r0216_c0163,0.0
r0216_c0164,0.0
r0216_c0165,0.0
r0217_c0058,0.0
r0217_c0059,0.0
r0217_c0060,0.0
r0217_c0061,0.0
r0217_c0062,0.0
r0217_c0063,0.0
r0217_c0064,0.0
r0217_c0065,0.0
r0217_c0066,0.0
r0217_c0067,0.0
r0217_c0068,0.0
r0217_c0069,0.0
r0217_c0070,0.0
r0217_c0071,0.0
r0217_c0072,0.0
r0217_c0073,0.0
r0217_c0074,0.0
r0217_c0075,0.0
r0217_c0076,0.0
r0217_c0077,0.0
r0217_c0078,0.0
r0217_c0079,0.0
r0217_c0080,0.0
r0217_c0081,0.0
r0217_c0082,0.0
r0217_c0083,0.0
r0217_c0084,0.0
r0217_c0085,0.0
r0217_c0086,0.0
r0217_c0087,0.0
r0217_c0088,0.0
r0217_c0089,0.0
r0217_c0090,0.0
r0217_c0091,0.0
r0217_c0092,0.0
r0217_c0093,0.0
r0217_c0094,0.0
r0217_c0095,0.0
r0217_c0096,0.0
r0217_c0097,0.0
r0217_c0098,0.0
r0217_c0099,0.0
r0217_c0100,0.0
r0217_c0101,0.0
r0217_c0102,0.0
r0217_c0103,0.0
r0217_c0104,0.0
r0217_c0105,0.0
r0217_c0106,0.0
r0217_c0107,0.0
r0217_c0108,0.0
r0217_c0109,0.0
r0217_c0110,0.0
r0217_c0111,0.0
r0217_c0112,0.0
r0217_c0113,0.0
r0217_c0114,0.0
r0217_c0115,0.0
r0217_c0116,0.0
r0217_c0117,0.0
r0217_c0118,0.0
r0217_c0119,0.0
r0217_c0120,0.0
r0217_c0121,0.0
r0217_c0122,0.0
r0217_c0123,0.0
r0217_c0124,0.0
r0217_c0125,0.0
r0217_c0126,0.0
r0217_c0127,0.0
r0217_c0128,0.0
r0217_c0129,0.0
r0217_c0130,0.0
r0217_c0131,0.0
r0217_c0132,0.0
r0217_c0133,0.0
r0217_c0134,0.0
r0217_c0139,0.0
r0217_c0140,0.0
r0217_c0141,0.0
r0217_c0142,0.0
r0217_c0143,0.0
r0217_c0144,0.0
r0217_c0145,0.0
r0217_c0146,0.0
r0217_c0147,0.0
r0217_c0148,0.0
r0217_c0149,0.0
r0217_c0150,0.0
r0217_c0151,0.0
r0217_c0152,0.0
r0217_c0153,0.0
r0217_c0154,0.0
r0217_c0155,0.0
r0217_c0156,0.0
r0217_c0157,0.0
r0217_c0158,0.0
r0217_c0159,0.0
r0217_c0160,0.0
r0217_c0161,0.0
r0217_c0162,0.0
r0217_c0163,0.0
r0217_c0164,0.0
r0217_c0165,0.0
r0218_c0058,0.0
r0218_c0059,0.0
r0218_c0060,0.0
r0218_c0061,0.0
r0218_c0064,0.0
r0218_c0065,0.0
r0218_c0066,0.0
r0218_c0067,0.0
r0218_c0068,0.0
r0218_c0069,0.0
r0218_c0070,0.0
r0218_c0071,0.0
r0218_c0072,0.0
r0218_c0073,0.0
r0218_c0074,0.0
r0218_c0075,0.0
r0218_c0076,0.0
r0218_c0078,0.0
r0218_c0079,0.0
r0218_c0080,0.0
r0218_c0081,0.0
r0218_c0082,0.0
r0218_c0083,0.0
r0218_c0084,0.0
r0218_c0085,0.0
r0218_c0086,0.0
r0218_c0087,0.0
r0218_c0088,0.0
r0218_c0089,0.0
r0218_c0090,0.0
r0218_c0091,0.0
r0218_c0092,0.0
r0218_c0093,0.0
r0218_c0094,0.0
r0218_c0095,0.0
r0218_c0096,0.0
r0218_c0098,0.0
r0218_c0099,0.0
r0218_c0100,0.0
r0218_c0101,0.0
r0218_c0102,0.0
r0218_c0103,0.0
r0218_c0104,0.0
r0218_c0105,0.0
r0218_c0106,0.0
r0218_c0107,0.0
r0218_c0108,0.0
r0218_c0109,0.0
r0218_c0110,0.0
r0218_c0112,0.0
r0218_c0113,0.0
r0218_c0114,0.0
r0218_c0115,0.0
r0218_c0116,0.0
r0218_c0117,0.0
r0218_c0118,0.0
r0218_c0119,0.0
r0218_c0120,0.0
r0218_c0121,0.0
r0218_c0122,0.0
r0218_c0123,0.0
r0218_c0124,0.0
r0218_c0125,0.0
r0218_c0126,0.0
r0218_c0127,0.0
r0218_c0128,0.0
r0218_c0129,0.0
r0218_c0130,0.0
r0218_c0134,0.0
r0218_c0139,0.0
r0218_c0140,0.0
r0218_c0141,0.0
r0218_c0142,0.0
r0218_c0143,0.0
r0218_c0144,0.0
r0218_c0145,0.0
r0218_c0146,0.0
r0218_c0147,0.0
r0218_c0148,0.0
r0218_c0149,0.0
r0218_c0150,0.0
r0218_c0151,0.0
r0218_c0152,0.0
r0218_c0153,0.0
r0218_c0154,0.0
r0218_c0155,0.0
r0218_c0156,0.0
r0218_c0157,0.0
r0218_c0158,0.0
r0218_c0159,0.0
r0218_c0160,0.0
r0218_c0161,0.0
r0218_c0162,0.0
r0218_c0163,0.0
r0218_c0164,0.0
r0219_c0057,0.0
r0219_c0058,0.0
r0219_c0059,0.0
r0219_c0060,0.0
r0219_c0061,0.0
r0219_c0062,0.0
r0219_c0063,0.0
r0219_c0064,0.0
r0219_c0065,0.0
r0219_c0066,0.0
r0219_c0067,0.0
r0219_c0068,0.0
r0219_c0069,0.0
r0219_c0070,0.0
r0219_c0071,0.0
r0219_c0072,0.0
r0219_c0073,0.0
r0219_c0074,0.0
r0219_c0075,0.0
r0219_c0076,0.0
r0219_c0077,0.0
r0219_c0078,0.0
r0219_c0079,0.0
r0219_c0080,0.0
r0219_c0081,0.0
r0219_c0082,0.0
r0219_c0083,0.0
r0219_c0084,0.0
r0219_c0085,0.0
r0219_c0086,0.0
r0219_c0087,0.0
r0219_c0088,0.0
r0219_c0089,0.0
r0219_c0090,0.0
r0219_c0091,0.0
r0219_c0092,0.0
r0219_c0093,0.0
r0219_c0094,0.0
r0219_c0095,0.0
r0219_c0096,0.0
r0219_c0097,0.0
r0219_c0098,0.0
r0219_c0099,0.0
r0219_c0100,0.0
r0219_c0101,0.0
r0219_c0102,0.0
r0219_c0103,0.0
r0219_c0104,0.0
r0219_c0105,0.0
r0219_c0106,0.0
r0219_c0107,0.0
r0219_c0108,0.0
r0219_c0109,0.0
r0219_c0110,0.0
r0219_c0111,0.0
r0219_c0112,0.0
r0219_c0113,0.0
r0219_c0114,0.0
r0219_c0115,0.0
r0219_c0116,0.0
r0219_c0117,0.0
r0219_c0118,0.0
r0219_c0119,0.0
r0219_c0120,0.0
r0219_c0121,0.0
r0219_c0122,0.0
r0219_c0126,0.0
r0219_c0127,0.0
r0219_c0128,0.0
r0219_c0129,0.0
r0219_c0130,0.0
r0219_c0139,0.0
r0219_c0140,0.0
r0219_c0141,0.0
r0219_c0142,0.0
r0219_c0143,0.0
r0219_c0144,0.0
r0219_c0145,0.0
r0219_c0146,0.0
r0219_c0147,0.0
r0219_c0148,0.0
r0219_c0149,0.0
r0219_c0150,0.0
r0219_c0151,0.0
r0219_c0152,0.0
r0219_c0153,0.0
r0219_c0154,0.0
r0219_c0155,0.0
r0219_c0156,0.0
r0219_c0157,0.0
r0219_c0158,0.0
r0219_c0159,0.0
r0219_c0160,0.0
r0219_c0161,0.0
r0219_c0162,0.0
r0219_c0163,0.0
r0219_c0164,0.0
r0220_c0057,0.0
r0220_c0058,0.0
r0220_c0059,0.0
r0220_c0060,0.0
r0220_c0061,0.0
r0220_c0062,0.0
r0220_c0063,0.0
r0220_c0064,0.0
r0220_c0065,0.0
r0220_c0066,0.0
r0220_c0067,0.0
r0220_c0068,0.0
r0220_c0069,0.0
r0220_c0070,0.0
r0220_c0071,0.0
r0220_c0072,0.0
r0220_c0073,0.0
r0220_c0074,0.0
r0220_c0075,0.0
r0220_c0076,0.0
r0220_c0077,0.0
r0220_c0078,0.0
r0220_c0079,0.0
r0220_c0085,0.0
r0220_c0086,0.0
r0220_c0087,0.0
r0220_c0088,0.0
r0220_c0089,0.0
r0220_c0090,0.0
r0220_c0091,0.0
r0220_c0092,0.0
r0220_c0093,0.0
r0220_c0094,0.0
r0220_c0095,0.0
r0220_c0096,0.0
r0220_c0097,0.0
r0220_c0098,0.0
r0220_c0099,0.0
r0220_c0100,0.0
r0220_c0101,0.0
r0220_c0102,0.0
r0220_c0103,0.0
r0220_c0104,0.0
r0220_c0105,0.0
r0220_c0106,0.0
r0220_c0107,0.0
r0220_c0108,0.0
r0220_c0109,0.0
r0220_c0110,0.0
r0220_c0111,0.0
r0220_c0112,0.0
r0220_c0113,0.0
r0220_c0114,0.0
r0220_c0115,0.0
r0220_c0116,0.0
r0220_c0117,0.0
r0220_c0118,0.0
r0220_c0119,0.0
r0220_c0120,0.0
r0220_c0121,0.0
r0220_c0122,0.0
r0220_c0123,0.0
r0220_c0124,0.0
r0220_c0125,0.0
r0220_c0126,0.0
r0220_c0127,0.0
r0220_c0128,0.0
r0220_c0129,0.0
r0220_c0130,0.0
r0220_c0131,0.0
r0220_c0132,0.0
r0220_c0133,0.0
r0220_c0135,0.0
r0220_c0137,0.0
r0220_c0138,0.0
r0220_c0139,0.0
r0220_c0140,0.0
r0220_c0141,0.0
r0220_c0142,0.0
r0220_c0143,0.0
r0220_c0144,0.0
r0220_c0145,0.0
r0220_c0146,0.0
r0220_c0147,0.0
r0220_c0148,0.0
r0220_c0149,0.0
r0220_c0150,0.0
r0220_c0151,0.0
r0220_c0152,0.0
r0220_c0153,0.0
r0220_c0154,0.0
r0220_c0155,0.0
r0220_c0156,0.0
r0220_c0157,0.0
r0220_c0158,0.0
r0220_c0159,0.0
r0220_c0160,0.0
r0220_c0161,0.0
r0220_c0162,0.0
r0220_c0163,0.0
r0221_c0057,0.0
r0221_c0058,0.0
r0221_c0059,0.0
r0221_c0060,0.0
r0221_c0061,0.0
r0221_c0062,0.0
r0221_c0066,0.0
r0221_c0067,0.0
r0221_c0068,0.0
r0221_c0069,0.0
r0221_c0070,0.0
r0221_c0071,0.0
r0221_c0072,0.0
r0221_c0073,0.0
r0221_c0074,0.0
r0221_c0075,0.0
r0221_c0076,0.0
r0221_c0077,0.0
r0221_c0078,0.0
r0221_c0079,0.0
r0221_c0080,0.0
r0221_c0085,0.0
r0221_c0086,0.0
r0221_c0087,0.0
r0221_c0088,0.0
r0221_c0089,0.0
r0221_c0090,0.0
r0221_c0091,0.0
r0221_c0092,0.0
r0221_c0093,0.0
r0221_c0094,0.0
r0221_c0095,0.0
r0221_c0096,0.0
r0221_c0097,0.0
r0221_c0098,0.0
r0221_c0099,0.0
r0221_c0100,0.0
r0221_c0101,0.0
r0221_c0102,0.0
r0221_c0103,0.0
r0221_c0104,0.0
r0221_c0105,0.0
r0221_c0106,0.0
r0221_c0107,0.0
r0221_c0108,0.0
r0221_c0109,0.0
r0221_c0110,0.0
r0221_c0111,0.0
r0221_c0112,0.0
r0221_c0113,0.0
r0221_c0114,0.0
r0221_c0115,0.0
r0221_c0116,0.0
r0221_c0117,0.0
r0221_c0118,0.0
r0221_c0119,0.0
r0221_c0120,0.0
r0221_c0121,0.0
r0221_c0122,0.0
r0221_c0123,0.0
r0221_c0124,0.0
r0221_c0125,0.0
r0221_c0126,0.0
r0221_c0127,0.0
r0221_c0128,0.0
r0221_c0129,0.0
r0221_c0130,0.0
r0221_c0131,0.0
r0221_c0132,0.0
r0221_c0133,0.0
r0221_c0134,0.0
r0221_c0135,0.0
r0221_c0136,0.0
r0221_c0137,0.0
r0221_c0138,0.0
r0221_c0139,0.0
r0221_c0140,0.0
r0221_c0141,0.0
r0221_c0142,0.0
r0221_c0143,0.0
r0221_c0144,0.0
r0221_c0145,0.0
r0221_c0146,0.0
r0221_c0147,0.0
r0221_c0148,0.0
r0221_c0149,0.0
r0221_c0150,0.0
r0221_c0151,0.0
r0221_c0152,0.0
r0221_c0153,0.0
r0221_c0154,0.0
r0221_c0155,0.0
r0221_c0156,0.0
r0221_c0157,0.0
r0221_c0158,0.0
r0221_c0159,0.0
r0221_c0160,0.0
r0221_c0161,0.0
r0221_c0162,0.0
r0221_c0163,0.0
r0222_c0057,0.0
r0222_c0058,0.0
r0222_c0059,0.0
r0222_c0060,0.0
r0222_c0061,0.0
r0222_c0062,0.0
r0222_c0066,0.0
r0222_c0067,0.0
r0222_c0068,0.0
r0222_c0069,0.0
r0222_c0070,0.0
r0222_c0071,0.0
r0222_c0072,0.0
r0222_c0073,0.0
r0222_c0074,0.0
r0222_c0075,0.0
r0222_c0076,0.0
r0222_c0077,0.0
r0222_c0078,0.0
r0222_c0079,0.0
r0222_c0080,0.0
r0222_c0085,0.0
r0222_c0086,0.0
r0222_c0087,0.0
r0222_c0088,0.0
r0222_c0089,0.0
r0222_c0090,0.0
r0222_c0091,0.0
r0222_c0092,0.0
r0222_c0093,0.0
r0222_c0094,0.0
r0222_c0095,0.0
r0222_c0096,0.0
r0222_c0097,0.0
r0222_c0098,0.0
r0222_c0099,0.0
r0222_c0100,0.0
r0222_c0101,0.0
r0222_c0102,0.0
r0222_c0103,0.0
r0222_c0104,0.0
r0222_c0105,0.0
r0222_c0106,0.0
r0222_c0107,0.0
r0222_c0108,0.0
r0222_c0110,0.0
r0222_c0111,0.0
r0222_c0112,0.0
r0222_c0113,0.0
r0222_c0114,0.0
r0222_c0115,0.0
r0222_c0116,0.0
r0222_c0117,0.0
r0222_c0118,0.0
r0222_c0119,0.0
r0222_c0120,0.0
r0222_c0121,0.0
r0222_c0122,0.0
r0222_c0123,0.0
r0222_c0124,0.0
r0222_c0125,0.0
r0222_c0126,0.0
r0222_c0127,0.0
r0222_c0128,0.0
r0222_c0129,0.0
r0222_c0130,0.0
r0222_c0131,0.0
r0222_c0132,0.0
r0222_c0133,0.0
r0222_c0134,0.0
r0222_c0135,0.0
r0222_c0137,0.0
r0222_c0138,0.0
r0222_c0139,0.0
r0222_c0140,0.0
r0222_c0141,0.0
r0222_c0142,0.0
r0222_c0143,0.0
r0222_c0144,0.0
r0222_c0145,0.0
r0222_c0146,0.0
r0222_c0147,0.0
r0222_c0148,0.0
r0222_c0149,0.0
r0222_c0150,0.0
r0222_c0151,0.0
r0222_c0152,0.0
r0222_c0153,0.0
r0222_c0154,0.0
r0222_c0155,0.0
r0222_c0156,0.0
r0222_c0157,0.0
r0222_c0158,0.0
r0222_c0159,0.0
r0222_c0160,0.0
r0222_c0161,0.0
r0222_c0162,0.0
r0222_c0163,0.0
r0223_c0057,0.0
r0223_c0058,0.0
r0223_c0059,0.0
r0223_c0060,0.0
r0223_c0061,0.0
r0223_c0062,0.0
r0223_c0066,0.0
r0223_c0067,0.0
r0223_c0068,0.0
r0223_c0069,0.0
r0223_c0070,0.0
r0223_c0071,0.0
r0223_c0072,0.0
r0223_c0073,0.0
r0223_c0074,0.0
r0223_c0075,0.0
r0223_c0076,0.0
r0223_c0077,0.0
r0223_c0078,0.0
r0223_c0079,0.0
r0223_c0080,0.0
r0223_c0083,0.0
r0223_c0085,0.0
r0223_c0086,0.0
r0223_c0087,0.0
r0223_c0088,0.0
r0223_c0089,0.0
r0223_c0090,0.0
r0223_c0091,0.0
r0223_c0092,0.0
r0223_c0093,0.0
r0223_c0094,0.0
r0223_c0095,0.0
r0223_c0096,0.0
r0223_c0097,0.0
r0223_c0098,0.0
r0223_c0099,0.0
r0223_c0100,0.0
r0223_c0101,0.0
r0223_c0102,0.0
r0223_c0103,0.0
r0223_c0104,0.0
r0223_c0105,0.0
r0223_c0106,0.0
r0223_c0107,0.0
r0223_c0108,0.0
r0223_c0109,0.0
r0223_c0110,0.0
r0223_c0111,0.0
r0223_c0112,0.0
r0223_c0113,0.0
r0223_c0114,0.0
r0223_c0115,0.0
r0223_c0116,0.0
r0223_c0117,0.0
r0223_c0118,0.0
r0223_c0119,0.0
r0223_c0120,0.0
r0223_c0121,0.0
r0223_c0122,0.0
r0223_c0123,0.0
r0223_c0124,0.0
r0223_c0125,0.0
r0223_c0126,0.0
r0223_c0127,0.0
r0223_c0128,0.0
r0223_c0129,0.0
r0223_c0130,0.0
r0223_c0131,0.0
r0223_c0132,0.0
r0223_c0133,0.0
r0223_c0137,0.0
r0223_c0138,0.0
r0223_c0139,0.0
r0223_c0140,0.0
r0223_c0141,0.0
r0223_c0142,0.0
r0223_c0143,0.0
r0223_c0144,0.0
r0223_c0145,0.0
r0223_c0146,0.0
r0223_c0147,0.0
r0223_c0148,0.0
r0223_c0149,0.0
r0223_c0150,0.0
r0223_c0151,0.0
r0223_c0152,0.0
r0223_c0153,0.0
r0223_c0154,0.0
r0223_c0155,0.0
r0223_c0156,0.0
r0223_c0157,0.0
r0223_c0158,0.0
r0223_c0159,0.0
r0223_c0160,0.0
r0223_c0161,0.0
r0223_c0162,0.0
r0224_c0057,0.0
r0224_c0058,0.0
r0224_c0059,0.0
r0224_c0060,0.0
r0224_c0061,0.0
r0224_c0062,0.0
r0224_c0066,0.0
r0224_c0067,0.0
r0224_c0068,0.0
r0224_c0069,0.0
r0224_c0070,0.0
r0224_c0071,0.0
r0224_c0072,0.0
r0224_c0073,0.0
r0224_c0074,0.0
r0224_c0075,0.0
r0224_c0076,0.0
r0224_c0077,0.0
r0224_c0078,0.0
r0224_c0079,0.0
r0224_c0080,0.0
r0224_c0081,0.0
r0224_c0082,0.0
r0224_c0083,0.0
r0224_c0084,0.0
r0224_c0085,0.0
r0224_c0086,0.0
r0224_c0087,0.0
r0224_c0088,0.0
r0224_c0089,0.0
r0224_c0090,0.0
r0224_c0091,0.0
r0224_c0092,0.0
r0224_c0093,0.0
r0224_c0094,0.0
r0224_c0095,0.0
r0224_c0096,0.0
r0224_c0097,0.0
r0224_c0098,0.0
r0224_c0099,0.0
r0224_c0100,0.0
r0224_c0101,0.0
r0224_c0102,0.0
r0224_c0103,0.0
r0224_c0104,0.0
r0224_c0105,0.0
r0224_c0106,0.0
r0224_c0107,0.0
r0224_c0108,0.0
r0224_c0109,0.0
r0224_c0110,0.0
r0224_c0111,0.0
r0224_c0112,0.0
r0224_c0113,0.0
r0224_c0114,0.0
r0224_c0115,0.0
r0224_c0116,0.0
r0224_c0117,0.0
r0224_c0118,0.0
r0224_c0119,0.0
r0224_c0120,0.0
r0224_c0121,0.0
r0224_c0122,0.0
r0224_c0123,0.0
r0224_c0124,0.0
r0224_c0125,0.0
r0224_c0126,0.0
r0224_c0127,0.0
r0224_c0128,0.0
r0224_c0129,0.0
r0224_c0130,0.0
r0224_c0131,0.0
r0224_c0132,0.0
r0224_c0133,0.0
r0224_c0137,0.0
r0224_c0138,0.0
r0224_c0139,0.0
r0224_c0140,0.0
r0224_c0141,0.0
r0224_c0142,0.0
r0224_c0143,0.0
r0224_c0144,0.0
r0224_c0145,0.0
r0224_c0146,0.0
r0224_c0147,0.0
r0224_c0148,0.0
r0224_c0149,0.0
r0224_c0150,0.0
r0224_c0151,0.0
r0224_c0152,0.0
r0224_c0153,0.0
r0224_c0154,0.0
r0224_c0156,0.0
r0224_c0157,0.0
r0224_c0158,0.0
r0224_c0159,0.0
r0224_c0160,0.0
r0224_c0161,0.0
r0224_c0162,0.0
r0225_c0057,0.0
r0225_c0058,0.0
r0225_c0059,0.0
r0225_c0072,0.0
r0225_c0073,0.0
r0225_c0074,0.0
r0225_c0075,0.0
r0225_c0076,0.0
r0225_c0077,0.0
r0225_c0078,0.0
r0225_c0079,0.0
r0225_c0080,0.0
r0225_c0081,0.0
r0225_c0082,0.0
r0225_c0083,0.0
r0225_c0084,0.0
r0225_c0085,0.0
r0225_c0086,0.0
r0225_c0087,0.0
r0225_c0088,0.0
r0225_c0089,0.0
r0225_c0090,0.0
r0225_c0091,0.0
r0225_c0092,0.0
r0225_c0093,0.0
r0225_c0094,0.0
r0225_c0095,0.0
r0225_c0096,0.0
r0225_c0097,0.0
r0225_c0098,0.0
r0225_c0099,0.0
r0225_c0100,0.0
r0225_c0101,0.0
r0225_c0102,0.0
r0225_c0103,0.0
r0225_c0104,0.0
r0225_c0105,0.0
r0225_c0106,0.0
r0225_c0107,0.0
r0225_c0109,0.0
r0225_c0110,0.0
r0225_c0111,0.0
r0225_c0112,0.0
r0225_c0113,0.0
r0225_c0114,0.0
r0225_c0115,0.0
r0225_c0116,0.0
r0225_c0117,0.0
r0225_c0118,0.0
r0225_c0120,0.0
r0225_c0121,0.0
r0225_c0122,0.0
r0225_c0123,0.0
r0225_c0124,0.0
r0225_c0125,0.0
r0225_c0126,0.0
r0225_c0127,0.0
r0225_c0128,0.0
r0225_c0129,0.0
r0225_c0130,0.0
r0225_c0131,0.0
r0225_c0132,0.0
r0225_c0133,0.0
r0225_c0134,0.0
r0225_c0135,0.0
r0225_c0137,0.0
r0225_c0138,0.0
r0225_c0139,0.0
r0225_c0140,0.0
r0225_c0141,0.0
r0225_c0142,0.0
r0225_c0143,0.0
r0225_c0144,0.0
r0225_c0145,0.0
r0225_c0146,0.0
r0225_c0147,0.0
r0225_c0148,0.0
r0225_c0149,0.0
r0225_c0150,0.0
r0225_c0151,0.0
r0225_c0152,0.0
r0225_c0153,0.0
r0225_c0154,0.0
r0225_c0156,0.0
r0225_c0157,0.0
r0225_c0158,0.0
r0225_c0159,0.0
r0225_c0160,0.0
r0225_c0161,0.0
r0225_c0162,0.0
r0226_c0011,0.0
r0226_c0057,0.0
r0226_c0058,0.0
r0226_c0059,0.0
r0226_c0081,0.0
r0226_c0082,0.0
r0226_c0083,0.0
r0226_c0084,0.0
r0226_c0085,0.0
r0226_c0086,0.0
r0226_c0087,0.0
r0226_c0088,0.0
r0226_c0089,0.0
r0226_c0090,0.0
r0226_c0091,0.0
r0226_c0092,0.0
r0226_c0093,0.0
r0226_c0094,0.0
r0226_c0095,0.0
r0226_c0098,0.0
r0226_c0099,0.0
r0226_c0100,0.0
r0226_c0101,0.0
r0226_c0102,0.0
r0226_c0103,0.0
r0226_c0104,0.0
r0226_c0105,0.0
r0226_c0106,0.0
r0226_c0107,0.0
r0226_c0109,0.0
r0226_c0110,0.0
r0226_c0111,0.0
r0226_c0112,0.0
r0226_c0113,0.0
r0226_c0114,0.0
r0226_c0115,0.0
r0226_c0116,0.0
r0226_c0117,0.0
r0226_c0118,0.0
r0226_c0119,0.0
r0226_c0120,0.0
r0226_c0121,0.0
r0226_c0122,0.0
r0226_c0123,0.0
r0226_c0124,0.0
r0226_c0125,0.0
r0226_c0126,0.0
r0226_c0127,0.0
r0226_c0128,0.0
r0226_c0129,0.0
r0226_c0130,0.0
r0226_c0131,0.0
r0226_c0132,0.0
r0226_c0133,0.0
r0226_c0135,0.0
r0226_c0136,0.0
r0226_c0137,0.0
r0226_c0138,0.0
r0226_c0139,0.0
r0226_c0140,0.0
r0226_c0141,0.0
r0226_c0142,0.0
r0226_c0143,0.0
r0226_c0144,0.0
r0226_c0145,0.0
r0226_c0146,0.0
r0226_c0147,0.0
r0226_c0148,0.0
r0226_c0149,0.0
r0226_c0150,0.0
r0226_c0151,0.0
r0226_c0152,0.0
r0226_c0156,0.0
r0226_c0157,0.0
r0226_c0158,0.0
r0226_c0159,0.0
r0226_c0160,0.0
r0226_c0161,0.0
r0226_c0162,0.0
r0227_c0057,0.0
r0227_c0058,0.0
r0227_c0059,0.0
r0227_c0082,0.0
r0227_c0083,0.0
r0227_c0084,0.0
r0227_c0085,0.0
r0227_c0086,0.0
r0227_c0087,0.0
r0227_c0088,0.0
r0227_c0089,0.0
r0227_c0090,0.0
r0227_c0091,0.0
r0227_c0092,0.0
r0227_c0093,0.0
r0227_c0094,0.0
r0227_c0095,0.0
r0227_c0098,0.0
r0227_c0099,0.0
r0227_c0100,0.0
r0227_c0101,0.0
r0227_c0102,0.0
r0227_c0103,0.0
r0227_c0104,0.0
r0227_c0105,0.0
r0227_c0106,0.0
r0227_c0107,0.0
r0227_c0108,0.0
r0227_c0109,0.0
r0227_c0110,0.0
r0227_c0111,0.0
r0227_c0112,0.0
r0227_c0113,0.0
r0227_c0114,0.0
r0227_c0115,0.0
r0227_c0116,0.0
r0227_c0117,0.0
r0227_c0118,0.0
r0227_c0119,0.0
r0227_c0120,0.0
r0227_c0121,0.0
r0227_c0122,0.0
r0227_c0123,0.0
r0227_c0124,0.0
r0227_c0125,0.0
r0227_c0126,0.0
r0227_c0127,0.0
r0227_c0128,0.0
r0227_c0129,0.0
r0227_c0130,0.0
r0227_c0131,0.0
r0227_c0132,0.0
r0227_c0133,0.0
r0227_c0135,0.0
r0227_c0136,0.0
r0227_c0137,0.0
r0227_c0138,0.0
r0227_c0139,0.0
r0227_c0140,0.0
r0227_c0141,0.0
r0227_c0142,0.0
r0227_c0143,0.0
r0227_c0144,0.0
r0227_c0145,0.0
r0227_c0146,0.0
r0227_c0147,0.0
r0227_c0148,0.0
r0227_c0149,0.0
r0227_c0150,0.0
r0227_c0151,0.0
r0227_c0152,0.0
r0227_c0156,0.0
r0227_c0157,0.0
r0227_c0158,0.0
r0227_c0159,0.0
r0227_c0160,0.0
r0227_c0161,0.0
r0228_c0080,0.0
r0228_c0083,0.0
r0228_c0084,0.0
r0228_c0085,0.0
r0228_c0086,0.0
r0228_c0087,0.0
r0228_c0088,0.0
r0228_c0089,0.0
r0228_c0090,0.0
r0228_c0091,0.0
r0228_c0092,0.0
r0228_c0093,0.0
r0228_c0094,0.0
r0228_c0095,0.0
r0228_c0096,0.0
r0228_c0097,0.0
r0228_c0098,0.0
r0228_c0099,0.0
r0228_c0100,0.0
r0228_c0101,0.0
r0228_c0102,0.0
r0228_c0103,0.0
r0228_c0104,0.0
r0228_c0105,0.0
r0228_c0106,0.0
r0228_c0107,0.0
r0228_c0108,0.0
r0228_c0109,0.0
r0228_c0110,0.0
r0228_c0111,0.0
r0228_c0112,0.0
r0228_c0113,0.0
r0228_c0114,0.0
r0228_c0115,0.0
r0228_c0116,0.0
r0228_c0117,0.0
r0228_c0118,0.0
r0228_c0119,0.0
r0228_c0120,0.0
r0228_c0121,0.0
r0228_c0122,0.0
r0228_c0123,0.0
r0228_c0124,0.0
r0228_c0125,0.0
r0228_c0126,0.0
r0228_c0127,0.0
r0228_c0128,0.0
r0228_c0129,0.0
r0228_c0130,0.0
r0228_c0131,0.0
r0228_c0132,0.0
r0228_c0133,0.0
r0228_c0135,0.0
r0228_c0136,0.0
r0228_c0137,0.0
r0228_c0138,0.0
r0228_c0139,0.0
r0228_c0140,0.0
r0228_c0141,0.0
r0228_c0142,0.0
r0228_c0143,0.0
r0228_c0144,0.0
r0228_c0145,0.0
r0228_c0146,0.0
r0228_c0147,0.0
r0228_c0148,0.0
r0228_c0149,0.0
r0228_c0150,0.0
r0228_c0151,0.0
r0228_c0152,0.0
r0228_c0156,0.0
r0228_c0157,0.0
r0228_c0158,0.0
r0228_c0159,0.0
r0228_c0160,0.0
r0228_c0161,0.0
r0229_c0079,0.0
r0229_c0084,0.0
r0229_c0085,0.0
r0229_c0086,0.0
r0229_c0087,0.0
r0229_c0088,0.0
r0229_c0089,0.0
r0229_c0090,0.0
r0229_c0091,0.0
r0229_c0092,0.0
r0229_c0093,0.0
r0229_c0094,0.0
r0229_c0095,0.0
r0229_c0096,0.0
r0229_c0097,0.0
r0229_c0098,0.0
r0229_c0099,0.0
r0229_c0100,0.0
r0229_c0101,0.0
r0229_c0102,0.0
r0229_c0103,0.0
r0229_c0104,0.0
r0229_c0105,0.0
r0229_c0106,0.0
r0229_c0107,0.0
r0229_c0108,0.0
r0229_c0109,0.0
r0229_c0110,0.0
r0229_c0111,0.0
r0229_c0112,0.0
r0229_c0113,0.0
r0229_c0114,0.0
r0229_c0115,0.0
r0229_c0116,0.0
r0229_c0117,0.0
r0229_c0118,0.0
r0229_c0119,0.0
r0229_c0120,0.0
r0229_c0121,0.0
r0229_c0122,0.0
r0229_c0123,0.0
r0229_c0124,0.0
r0229_c0125,0.0
r0229_c0126,0.0
r0229_c0127,0.0
r0229_c0128,0.0
r0229_c0129,0.0
r0229_c0130,0.0
r0229_c0131,0.0
r0229_c0132,0.0
r0229_c0133,0.0
r0229_c0135,0.0
r0229_c0136,0.0
r0229_c0137,0.0
r0229_c0138,0.0
r0229_c0139,0.0
r0229_c0140,0.0
r0229_c0141,0.0
r0229_c0142,0.0
r0229_c0143,0.0
r0229_c0144,0.0
r0229_c0145,0.0
r0229_c0146,0.0
r0229_c0147,0.0
r0229_c0148,0.0
r0229_c0149,0.0
r0229_c0150,0.0
r0229_c0151,0.0
r0229_c0156,0.0
r0229_c0157,0.0
r0229_c0158,0.0
r0229_c0159,0.0
r0229_c0160,0.0
r0229_c0161,0.0
r0230_c0052,0.0
r0230_c0053,0.0
r0230_c0054,0.0
r0230_c0055,0.0
r0230_c0056,0.0
r0230_c0084,0.0
r0230_c0085,0.0
r0230_c0086,0.0
r0230_c0087,0.0
r0230_c0088,0.0
r0230_c0089,0.0
r0230_c0090,0.0
r0230_c0091,0.0
r0230_c0092,0.0
r0230_c0093,0.0
r0230_c0094,0.0
r0230_c0095,0.0
r0230_c0096,0.0
r0230_c0097,0.0
r0230_c0098,0.0
r0230_c0099,0.0
r0230_c0100,0.0
r0230_c0101,0.0
r0230_c0102,0.0
r0230_c0103,0.0
r0230_c0104,0.0
r0230_c0105,0.0
r0230_c0106,0.0
r0230_c0107,0.0
r0230_c0108,0.0
r0230_c0110,0.0
r0230_c0111,0.0
r0230_c0112,0.0
r0230_c0113,0.0
r0230_c0114,0.0
r0230_c0115,0.0
r0230_c0116,0.0
r0230_c0117,0.0
r0230_c0118,0.0
r0230_c0119,0.0
r0230_c0120,0.0
r0230_c0121,0.0
r0230_c0122,0.0
r0230_c0123,0.0
r0230_c0124,0.0
r0230_c0125,0.0
r0230_c0126,0.0
r0230_c0127,0.0
r0230_c0128,0.0
r0230_c0129,0.0
r0230_c0130,0.0
r0230_c0131,0.0
r0230_c0132,0.0
r0230_c0133,0.0
r0230_c0135,0.0
r0230_c0136,0.0
r0230_c0137,0.0
r0230_c0138,0.0
r0230_c0139,0.0
r0230_c0140,0.0
r0230_c0141,0.0
r0230_c0142,0.0
r0230_c0143,0.0
r0230_c0144,0.0
r0230_c0145,0.0
r0230_c0146,0.0
r0230_c0147,0.0
r0230_c0148,0.0
r0230_c0149,0.0
r0230_c0150,0.0
r0230_c0151,0.0
r0230_c0156,0.0
r0230_c0157,0.0
r0230_c0158,0.0
r0230_c0159,0.0
r0230_c0160,0.0
r0230_c0161,0.0
r0231_c0052,0.0
r0231_c0053,0.0
r0231_c0054,0.0
r0231_c0055,0.0
r0231_c0056,0.0
r0231_c0084,0.0
r0231_c0085,0.0
r0231_c0086,0.0
r0231_c0087,0.0
r0231_c0088,0.0
r0231_c0089,0.0
r0231_c0090,0.0
r0231_c0091,0.0
r0231_c0092,0.0
r0231_c0093,0.0
r0231_c0094,0.0
r0231_c0095,0.0
r0231_c0096,0.0
r0231_c0097,0.0
r0231_c0098,0.0
r0231_c0099,0.0
r0231_c0100,0.0
r0231_c0101,0.0
r0231_c0102,0.0
r0231_c0103,0.0
r0231_c0104,0.0
r0231_c0105,0.0
r0231_c0106,0.0
r0231_c0109,0.0
r0231_c0110,0.0
r0231_c0111,0.0
r0231_c0112,0.0
r0231_c0113,0.0
r0231_c0114,0.0
r0231_c0115,0.0
r0231_c0116,0.0
r0231_c0117,0.0
r0231_c0118,0.0
r0231_c0119,0.0
r0231_c0120,0.0
r0231_c0121,0.0
r0231_c0122,0.0
r0231_c0123,0.0
r0231_c0124,0.0
r0231_c0125,0.0
r0231_c0126,0.0
r0231_c0127,0.0
r0231_c0128,0.0
r0231_c0129,0.0
r0231_c0130,0.0
r0231_c0131,0.0
r0231_c0132,0.0
r0231_c0133,0.0
r0231_c0134,0.0
r0231_c0135,0.0
r0231_c0136,0.0
r0231_c0137,0.0
r0231_c0138,0.0
r0231_c0139,0.0
r0231_c0140,0.0
r0231_c0141,0.0
r0231_c0142,0.0
r0231_c0143,0.0
r0231_c0144,0.0
r0231_c0145,0.0
r0231_c0146,0.0
r0231_c0147,0.0
r0231_c0148,0.0
r0231_c0149,0.0
r0231_c0150,0.0
r0231_c0151,0.0
r0231_c0152,0.0
r0231_c0156,0.0
r0231_c0157,0.0
r0231_c0158,0.0
r0231_c0159,0.0
r0231_c0160,0.0
r0231_c0161,0.0
r0232_c0051,0.0
r0232_c0052,0.0
r0232_c0053,0.0
r0232_c0054,0.0
r0232_c0055,0.0
r0232_c0056,0.0
r0232_c0084,0.0
r0232_c0085,0.0
r0232_c0086,0.0
r0232_c0087,0.0
r0232_c0088,0.0
r0232_c0089,0.0
r0232_c0090,0.0
r0232_c0091,0.0
r0232_c0092,0.0
r0232_c0093,0.0
r0232_c0094,0.0
r0232_c0095,0.0
r0232_c0096,0.0
r0232_c0097,0.0
r0232_c0098,0.0
r0232_c0099,0.0
r0232_c0100,0.0
r0232_c0101,0.0
r0232_c0102,0.0
r0232_c0103,0.0
r0232_c0104,0.0
r0232_c0105,0.0
r0232_c0106,0.0
r0232_c0108,0.0
r0232_c0109,0.0
r0232_c0110,0.0
r0232_c0111,0.0
r0232_c0112,0.0
r0232_c0113,0.0
r0232_c0114,0.0
r0232_c0115,0.0
r0232_c0116,0.0
r0232_c0117,0.0
r0232_c0118,0.0
r0232_c0119,0.0
r0232_c0120,0.0
r0232_c0121,0.0
r0232_c0122,0.0
r0232_c0123,0.0
r0232_c0124,0.0
r0232_c0125,0.0
r0232_c0126,0.0
r0232_c0127,0.0
r0232_c0128,0.0
r0232_c0129,0.0
r0232_c0130,0.0
r0232_c0131,0.0
r0232_c0132,0.0
r0232_c0133,0.0
r0232_c0134,0.0
r0232_c0135,0.0
r0232_c0136,0.0
r0232_c0137,0.0
r0232_c0138,0.0
r0232_c0141,0.0
r0232_c0142,0.0
r0232_c0143,0.0
r0232_c0144,0.0
r0232_c0145,0.0
r0232_c0146,0.0
r0232_c0147,0.0
r0232_c0148,0.0
r0232_c0149,0.0
r0232_c0150,0.0
r0232_c0151,0.0
r0232_c0152,0.0
r0232_c0153,0.0
r0232_c0154,0.0
r0232_c0155,0.0
r0232_c0156,0.0
r0232_c0157,0.0
r0232_c0158,0.0
r0232_c0159,0.0
r0233_c0051,0.0
r0233_c0052,0.0
r0233_c0053,0.0
r0233_c0054,0.0
r0233_c0055,0.0
r0233_c0056,0.0
r0233_c0084,0.0
r0233_c0085,0.0
r0233_c0086,0.0
r0233_c0087,0.0
r0233_c0088,0.0
r0233_c0089,0.0
r0233_c0090,0.0
r0233_c0091,0.0
r0233_c0092,0.0
r0233_c0093,0.0
r0233_c0094,0.0
r0233_c0095,0.0
r0233_c0096,0.0
r0233_c0097,0.0
r0233_c0098,0.0
r0233_c0099,0.0
r0233_c0100,0.0
r0233_c0101,0.0
r0233_c0102,0.0
r0233_c0103,0.0
r0233_c0104,0.0
r0233_c0105,0.0
r0233_c0107,0.0
r0233_c0108,0.0
r0233_c0109,0.0
r0233_c0110,0.0
r0233_c0111,0.0
r0233_c0112,0.0
r0233_c0113,0.0
r0233_c0114,0.0
r0233_c0115,0.0
r0233_c0116,0.0
r0233_c0117,0.0
r0233_c0118,0.0
r0233_c0119,0.0
r0233_c0120,0.0
r0233_c0121,0.0
r0233_c0122,0.0
r0233_c0123,0.0
r0233_c0124,0.0
r0233_c0125,0.0
r0233_c0126,0.0
r0233_c0127,0.0
r0233_c0128,0.0
r0233_c0129,0.0
r0233_c0130,0.0
r0233_c0131,0.0
r0233_c0132,0.0
r0233_c0133,0.0
r0233_c0134,0.0
r0233_c0135,0.0
r0233_c0136,0.0
r0233_c0137,0.0
r0233_c0138,0.0
r0233_c0139,0.0
r0233_c0140,0.0
r0233_c0141,0.0
r0233_c0142,0.0
r0233_c0143,0.0
r0233_c0144,0.0
r0233_c0145,0.0
r0233_c0146,0.0
r0233_c0147,0.0
r0233_c0148,0.0
r0233_c0149,0.0
r0233_c0150,0.0
r0233_c0151,0.0
r0233_c0152,0.0
r0233_c0153,0.0
r0233_c0154,0.0
r0233_c0155,0.0
r0233_c0156,0.0
r0233_c0157,0.0
r0233_c0158,0.0
r0233_c0159,0.0
r0234_c0051,0.0
r0234_c0052,0.0
r0234_c0053,0.0
r0234_c0054,0.0
r0234_c0055,0.0
r0234_c0056,0.0
r0234_c0084,0.0
r0234_c0085,0.0
r0234_c0086,0.0
r0234_c0087,0.0
r0234_c0088,0.0
r0234_c0089,0.0
r0234_c0090,0.0
r0234_c0091,0.0
r0234_c0092,0.0
r0234_c0093,0.0
r0234_c0094,0.0
r0234_c0095,0.0
r0234_c0096,0.0
r0234_c0097,0.0
r0234_c0098,0.0
r0234_c0099,0.0
r0234_c0100,0.0
r0234_c0101,0.0
r0234_c0102,0.0
r0234_c0103,0.0
r0234_c0104,0.0
r0234_c0105,0.0
r0234_c0107,0.0
r0234_c0108,0.0
r0234_c0109,0.0
r0234_c0110,0.0
r0234_c0111,0.0
r0234_c0112,0.0
r0234_c0113,0.0
r0234_c0114,0.0
r0234_c0115,0.0
r0234_c0116,0.0
r0234_c0117,0.0
r0234_c0118,0.0
r0234_c0119,0.0
r0234_c0120,0.0
r0234_c0121,0.0
r0234_c0122,0.0
r0234_c0123,0.0
r0234_c0124,0.0
r0234_c0125,0.0
r0234_c0126,0.0
r0234_c0127,0.0
r0234_c0128,0.0
r0234_c0129,0.0
r0234_c0130,0.0
r0234_c0131,0.0
r0234_c0132,0.0
r0234_c0133,0.0
r0234_c0134,0.0
r0234_c0135,0.0
r0234_c0136,0.0
r0234_c0137,0.0
r0234_c0138,0.0
r0234_c0139,0.0
r0234_c0140,0.0
r0234_c0141,0.0
r0234_c0142,0.0
r0234_c0143,0.0
r0234_c0144,0.0
r0234_c0145,0.0
r0234_c0146,0.0
r0234_c0147,0.0
r0234_c0148,0.0
r0234_c0149,0.0
r0234_c0150,0.0
r0234_c0151,0.0
r0234_c0152,0.0
r0234_c0153,0.0
r0234_c0154,0.0
r0234_c0155,0.0
r0234_c0156,0.0
r0234_c0157,0.0
r0234_c0158,0.0
r0234_c0159,0.0
r0234_c0160,0.0
r0235_c0053,0.0
r0235_c0054,0.0
r0235_c0055,0.0
r0235_c0084,0.0
r0235_c0085,0.0
r0235_c0086,0.0
r0235_c0087,0.0
r0235_c0088,0.0
r0235_c0089,0.0
r0235_c0090,0.0
r0235_c0091,0.0
r0235_c0092,0.0
r0235_c0093,0.0
r0235_c0094,0.0
r0235_c0095,0.0
r0235_c0096,0.0
r0235_c0097,0.0
r0235_c0098,0.0
r0235_c0099,0.0
r0235_c0100,0.0
r0235_c0101,0.0
r0235_c0102,0.0
r0235_c0103,0.0
r0235_c0104,0.0
r0235_c0107,0.0
r0235_c0108,0.0
r0235_c0109,0.0
r0235_c0110,0.0
r0235_c0111,0.0
r0235_c0112,0.0
r0235_c0113,0.0
r0235_c0114,0.0
r0235_c0115,0.0
r0235_c0116,0.0
r0235_c0117,0.0
r0235_c0118,0.0
r0235_c0119,0.0
r0235_c0120,0.0
r0235_c0121,0.0
r0235_c0122,0.0
r0235_c0123,0.0
r0235_c0124,0.0
r0235_c0126,0.0
r0235_c0127,0.0
r0235_c0128,0.0
r0235_c0129,0.0
r0235_c0130,0.0
r0235_c0131,0.0
r0235_c0132,0.0
r0235_c0133,0.0
r0235_c0134,0.0
r0235_c0135,0.0
r0235_c0136,0.0
r0235_c0137,0.0
r0235_c0138,0.0
r0235_c0139,0.0
r0235_c0140,0.0
r0235_c0141,0.0
r0235_c0142,0.0
r0235_c0143,0.0
r0235_c0144,0.0
r0235_c0145,0.0
r0235_c0146,0.0
r0235_c0147,0.0
r0235_c0148,0.0
r0235_c0149,0.0
r0235_c0150,0.0
r0235_c0151,0.0
r0235_c0152,0.0
r0235_c0153,0.0
r0235_c0154,0.0
r0235_c0155,0.0
r0235_c0156,0.0
r0235_c0157,0.0
r0235_c0158,0.0
r0235_c0159,0.0
r0236_c0074,0.0
r0236_c0075,0.0
r0236_c0084,0.0
r0236_c0085,0.0
r0236_c0086,0.0
r0236_c0087,0.0
r0236_c0088,0.0
r0236_c0089,0.0
r0236_c0090,0.0
r0236_c0091,0.0
r0236_c0092,0.0
r0236_c0093,0.0
r0236_c0094,0.0
r0236_c0095,0.0
r0236_c0096,0.0
r0236_c0097,0.0
r0236_c0098,0.0
r0236_c0099,0.0
r0236_c0100,0.0
r0236_c0101,0.0
r0236_c0102,0.0
r0236_c0103,0.0
r0236_c0104,0.0
r0236_c0105,0.0
r0236_c0106,0.0
r0236_c0107,0.0
r0236_c0108,0.0
r0236_c0109,0.0
r0236_c0110,0.0
r0236_c0111,0.0
r0236_c0112,0.0
r0236_c0113,0.0
r0236_c0114,0.0
r0236_c0115,0.0
r0236_c0116,0.0
r0236_c0117,0.0
r0236_c0118,0.0
r0236_c0119,0.0
r0236_c0120,0.0
r0236_c0121,0.0
r0236_c0122,0.0
r0236_c0123,0.0
r0236_c0124,0.0
r0236_c0126,0.0
r0236_c0127,0.0
r0236_c0128,0.0
r0236_c0129,0.0
r0236_c0130,0.0
r0236_c0131,0.0
r0236_c0132,0.0
r0236_c0133,0.0
r0236_c0134,0.0
r0236_c0135,0.0
r0236_c0136,0.0
r0236_c0137,0.0
r0236_c0138,0.0
r0236_c0139,0.0
r0236_c0140,0.0
r0236_c0141,0.0
r0236_c0142,0.0
r0236_c0143,0.0
r0236_c0144,0.0
r0236_c0145,0.0
r0236_c0146,0.0
r0236_c0147,0.0
r0236_c0148,0.0
r0236_c0149,0.0
r0236_c0150,0.0
r0236_c0151,0.0
r0236_c0152,0.0
r0236_c0153,0.0
r0236_c0154,0.0
r0236_c0155,0.0
r0236_c0156,0.0
r0236_c0157,0.0
r0236_c0158,0.0
r0236_c0159,0.0
r0237_c0073,0.0
r0237_c0074,0.0
r0237_c0075,0.0
r0237_c0076,0.0
r0237_c0077,0.0
r0237_c0078,0.0
r0237_c0079,0.0
r0237_c0080,0.0
r0237_c0081,0.0
r0237_c0082,0.0
r0237_c0083,0.0
r0237_c0084,0.0
r0237_c0085,0.0
r0237_c0086,0.0
r0237_c0087,0.0
r0237_c0088,0.0
r0237_c0089,0.0
r0237_c0090,0.0
r0237_c0091,0.0
r0237_c0092,0.0
r0237_c0093,0.0
r0237_c0094,0.0
r0237_c0095,0.0
r0237_c0096,0.0
r0237_c0097,0.0
r0237_c0098,0.0
r0237_c0099,0.0
r0237_c0100,0.0
r0237_c0101,0.0
r0237_c0102,0.0
r0237_c0103,0.0
r0237_c0104,0.0
r0237_c0105,0.0
r0237_c0106,0.0
r0237_c0107,0.0
r0237_c0108,0.0
r0237_c0109,0.0
r0237_c0110,0.0
r0237_c0111,0.0
r0237_c0112,0.0
r0237_c0113,0.0
r0237_c0114,0.0
r0237_c0115,0.0
r0237_c0116,0.0
r0237_c0117,0.0
r0237_c0118,0.0
r0237_c0119,0.0
r0237_c0120,0.0
r0237_c0121,0.0
r0237_c0122,0.0
r0237_c0123,0.0
r0237_c0124,0.0
r0237_c0125,0.0
r0237_c0126,0.0
r0237_c0127,0.0
r0237_c0128,0.0
r0237_c0129,0.0
r0237_c0130,0.0
r0237_c0131,0.0
r0237_c0132,0.0
r0237_c0133,0.0
r0237_c0134,0.0
r0237_c0135,0.0
r0237_c0136,0.0
r0237_c0137,0.0
r0237_c0138,0.0
r0237_c0139,0.0
r0237_c0140,0.0
r0237_c0141,0.0
r0237_c0142,0.0
r0237_c0143,0.0
r0237_c0144,0.0
r0237_c0145,0.0
r0237_c0147,0.0
r0237_c0148,0.0
r0237_c0149,0.0
r0237_c0150,0.0
r0237_c0151,0.0
r0237_c0152,0.0
r0237_c0153,0.0
r0237_c0154,0.0
r0237_c0155,0.0
r0237_c0156,0.0
r0237_c0157,0.0
r0237_c0158,0.0
r0237_c0159,0.0
r0238_c0054,0.0
r0238_c0055,0.0
r0238_c0056,0.0
r0238_c0067,0.0
r0238_c0073,0.0
r0238_c0074,0.0
r0238_c0075,0.0
r0238_c0076,0.0
r0238_c0077,0.0
r0238_c0078,0.0
r0238_c0079,0.0
r0238_c0080,0.0
r0238_c0081,0.0
r0238_c0082,0.0
r0238_c0083,0.0
r0238_c0084,0.0
r0238_c0085,0.0
r0238_c0086,0.0
r0238_c0087,0.0
r0238_c0088,0.0
r0238_c0089,0.0
r0238_c0090,0.0
r0238_c0091,0.0
r0238_c0092,0.0
r0238_c0093,0.0
r0238_c0094,0.0
r0238_c0095,0.0
r0238_c0096,0.0
r0238_c0097,0.0
r0238_c0098,0.0
r0238_c0099,0.0
r0238_c0100,0.0
r0238_c0101,0.0
r0238_c0102,0.0
r0238_c0103,0.0
r0238_c0104,0.0
r0238_c0105,0.0
r0238_c0106,0.0
r0238_c0107,0.0
r0238_c0108,0.0
r0238_c0109,0.0
r0238_c0110,0.0
r0238_c0111,0.0
r0238_c0112,0.0
r0238_c0113,0.0
r0238_c0114,0.0
r0238_c0115,0.0
r0238_c0116,0.0
r0238_c0117,0.0
r0238_c0118,0.0
r0238_c0119,0.0
r0238_c0120,0.0
r0238_c0121,0.0
r0238_c0122,0.0
r0238_c0123,0.0
r0238_c0124,0.0
r0238_c0125,0.0
r0238_c0126,0.0
r0238_c0127,0.0
r0238_c0128,0.0
r0238_c0129,0.0
r0238_c0130,0.0
r0238_c0131,0.0
r0238_c0132,0.0
r0238_c0133,0.0
r0238_c0134,0.0
r0238_c0135,0.0
r0238_c0136,0.0
r0238_c0137,0.0
r0238_c0138,0.0
r0238_c0139,0.0
r0238_c0140,0.0
r0238_c0141,0.0
r0238_c0142,0.0
r0238_c0143,0.0
r0238_c0144,0.0
r0238_c0145,0.0
r0238_c0146,0.0
r0238_c0147,0.0
r0238_c0148,0.0
r0238_c0149,0.0
r0238_c0150,0.0
r0238_c0153,0.0
r0238_c0154,0.0
r0238_c0155,0.0
r0238_c0156,0.0
r0238_c0157,0.0
r0238_c0158,0.0
r0238_c0159,0.0
r0239_c0052,0.0
r0239_c0053,0.0
r0239_c0054,0.0
r0239_c0055,0.0
r0239_c0056,0.0
r0239_c0067,0.0
r0239_c0073,0.0
r0239_c0074,0.0
r0239_c0075,0.0
r0239_c0076,0.0
r0239_c0077,0.0
r0239_c0078,0.0
r0239_c0079,0.0
r0239_c0080,0.0
r0239_c0081,0.0
r0239_c0082,0.0
r0239_c0083,0.0
r0239_c0084,0.0
r0239_c0085,0.0
r0239_c0086,0.0
r0239_c0087,0.0
r0239_c0088,0.0
r0239_c0089,0.0
r0239_c0090,0.0
r0239_c0091,0.0
r0239_c0092,0.0
r0239_c0093,0.0
r0239_c0094,0.0
r0239_c0095,0.0
r0239_c0096,0.0
r0239_c0097,0.0
r0239_c0098,0.0
r0239_c0099,0.0
r0239_c0101,0.0
r0239_c0102,0.0
r0239_c0103,0.0
r0239_c0104,0.0
r0239_c0105,0.0
r0239_c0107,0.0
r0239_c0108,0.0
r0239_c0109,0.0
r0239_c0110,0.0
r0239_c0111,0.0
r0239_c0112,0.0
r0239_c0113,0.0
r0239_c0114,0.0
r0239_c0115,0.0
r0239_c0116,0.0
r0239_c0117,0.0
r0239_c0118,0.0
r0239_c0119,0.0
r0239_c0120,0.0
r0239_c0121,0.0
r0239_c0122,0.0
r0239_c0123,0.0
r0239_c0124,0.0
r0239_c0125,0.0
r0239_c0126,0.0
r0239_c0127,0.0
r0239_c0128,0.0
r0239_c0129,0.0
r0239_c0131,0.0
r0239_c0132,0.0
r0239_c0133,0.0
r0239_c0134,0.0
r0239_c0135,0.0
r0239_c0136,0.0
r0239_c0137,0.0
r0239_c0138,0.0
r0239_c0139,0.0
r0239_c0140,0.0
r0239_c0141,0.0
r0239_c0142,0.0
r0239_c0143,0.0
r0239_c0144,0.0
r0239_c0145,0.0
r0239_c0146,0.0
r0239_c0147,0.0
r0239_c0148,0.0
r0239_c0149,0.0
r0239_c0150,0.0
r0239_c0151,0.0
r0239_c0152,0.0
r0239_c0153,0.0
r0239_c0154,0.0
r0239_c0155,0.0
r0239_c0156,0.0
r0239_c0157,0.0
r0239_c0158,0.0
r0239_c0159,0.0
r0240_c0037,0.0
r0240_c0038,0.0
r0240_c0039,0.0
r0240_c0040,0.0
r0240_c0041,0.0
r0240_c0042,0.0
r0240_c0052,0.0
r0240_c0053,0.0
r0240_c0054,0.0
r0240_c0055,0.0
r0240_c0056,0.0
r0240_c0060,0.0
r0240_c0061,0.0
r0240_c0062,0.0
r0240_c0066,0.0
r0240_c0067,0.0
r0240_c0073,0.0
r0240_c0074,0.0
r0240_c0075,0.0
r0240_c0076,0.0
r0240_c0077,0.0
r0240_c0078,0.0
r0240_c0079,0.0
r0240_c0080,0.0
r0240_c0081,0.0
r0240_c0082,0.0
r0240_c0083,0.0
r0240_c0084,0.0
r0240_c0085,0.0
r0240_c0086,0.0
r0240_c0087,0.0
r0240_c0088,0.0
r0240_c0089,0.0
r0240_c0090,0.0
r0240_c0091,0.0
r0240_c0092,0.0
r0240_c0093,0.0
r0240_c0094,0.0
r0240_c0095,0.0
r0240_c0096,0.0
r0240_c0097,0.0
r0240_c0098,0.0
r0240_c0099,0.0
r0240_c0100,0.0
r0240_c0101,0.0
r0240_c0102,0.0
r0240_c0103,0.0
r0240_c0104,0.0
r0240_c0105,0.0
r0240_c0106,0.0
r0240_c0108,0.0
r0240_c0109,0.0
r0240_c0110,0.0
r0240_c0111,0.0
r0240_c0112,0.0
r0240_c0113,0.0
r0240_c0114,0.0
r0240_c0115,0.0
r0240_c0117,0.0
r0240_c0118,0.0
r0240_c0119,0.0
r0240_c0120,0.0
r0240_c0121,0.0
r0240_c0122,0.0
r0240_c0123,0.0
r0240_c0124,0.0
r0240_c0125,0.0
r0240_c0126,0.0
r0240_c0127,0.0
r0240_c0128,0.0
r0240_c0129,0.0
r0240_c0131,0.0
r0240_c0132,0.0
r0240_c0133,0.0
r0240_c0134,0.0
r0240_c0135,0.0
r0240_c0136,0.0
r0240_c0137,0.0
r0240_c0138,0.0
r0240_c0139,0.0
r0240_c0140,0.0
r0240_c0141,0.0
r0240_c0144,0.0
r0240_c0145,0.0
r0240_c0146,0.0
r0240_c0147,0.0
r0240_c0148,0.0
r0240_c0149,0.0
r0240_c0150,0.0
r0240_c0151,0.0
r0240_c0152,0.0
r0240_c0153,0.0
r0240_c0154,0.0
r0240_c0155,0.0
r0240_c0156,0.0
r0240_c0157,0.0
r0240_c0158,0.0
r0240_c0159,0.0
r0241_c0052,0.0
r0241_c0053,0.0
r0241_c0054,0.0
r0241_c0055,0.0
r0241_c0056,0.0
r0241_c0059,0.0
r0241_c0060,0.0
r0241_c0061,0.0
r0241_c0062,0.0
r0241_c0063,0.0
r0241_c0064,0.0
r0241_c0065,0.0
r0241_c0066,0.0
r0241_c0067,0.0
r0241_c0068,0.0
r0241_c0069,0.0
r0241_c0070,0.0
r0241_c0073,0.0
r0241_c0074,0.0
r0241_c0075,0.0
r0241_c0076,0.0
r0241_c0077,0.0
r0241_c0078,0.0
r0241_c0079,0.0
r0241_c0080,0.0
r0241_c0081,0.0
r0241_c0082,0.0
r0241_c0083,0.0
r0241_c0084,0.0
r0241_c0085,0.0
r0241_c0086,0.0
r0241_c0087,0.0
r0241_c0088,0.0
r0241_c0089,0.0
r0241_c0090,0.0
r0241_c0091,0.0
r0241_c0092,0.0
r0241_c0093,0.0
r0241_c0094,0.0
r0241_c0095,0.0
r0241_c0096,0.0
r0241_c0097,0.0
r0241_c0098,0.0
r0241_c0099,0.0
r0241_c0100,0.0
r0241_c0101,0.0
r0241_c0102,0.0
r0241_c0103,0.0
r0241_c0104,0.0
r0241_c0105,0.0
r0241_c0106,0.0
r0241_c0108,0.0
r0241_c0109,0.0
r0241_c0110,0.0
r0241_c0111,0.0
r0241_c0112,0.0
r0241_c0113,0.0
r0241_c0114,0.0
r0241_c0117,0.0
r0241_c0118,0.0
r0241_c0119,0.0
r0241_c0120,0.0
r0241_c0121,0.0
r0241_c0122,0.0
r0241_c0123,0.0
r0241_c0124,0.0
r0241_c0125,0.0
r0241_c0126,0.0
r0241_c0127,0.0
r0241_c0128,0.0
r0241_c0131,0.0
r0241_c0132,0.0
r0241_c0133,0.0
r0241_c0134,0.0
r0241_c0135,0.0
r0241_c0136,0.0
r0241_c0137,0.0
r0241_c0138,0.0
r0241_c0139,0.0
r0241_c0140,0.0
r0241_c0143,0.0
r0241_c0144,0.0
r0241_c0145,0.0
r0241_c0146,0.0
r0241_c0147,0.0
r0241_c0148,0.0
r0241_c0149,0.0
r0241_c0150,0.0
r0241_c0151,0.0
r0241_c0152,0.0
r0241_c0153,0.0
r0241_c0154,0.0
r0241_c0155,0.0
r0241_c0156,0.0
r0241_c0157,0.0
r0241_c0158,0.0
r0242_c0051,0.0
r0242_c0052,0.0
r0242_c0053,0.0
r0242_c0054,0.0
r0242_c0055,0.0
r0242_c0056,0.0
r0242_c0057,0.0
r0242_c0058,0.0
r0242_c0059,0.0
r0242_c0060,0.0
r0242_c0061,0.0
r0242_c0062,0.0
r0242_c0063,0.0
r0242_c0064,0.0
r0242_c0065,0.0
r0242_c0066,0.0
r0242_c0067,0.0
r0242_c0068,0.0
r0242_c0069,0.0
r0242_c0070,0.0
r0242_c0071,0.0
r0242_c0072,0.0
r0242_c0073,0.0
r0242_c0074,0.0
r0242_c0075,0.0
r0242_c0076,0.0
r0242_c0077,0.0
r0242_c0078,0.0
r0242_c0079,0.0
r0242_c0080,0.0
r0242_c0081,0.0
r0242_c0082,0.0
r0242_c0083,0.0
r0242_c0084,0.0
r0242_c0085,0.0
r0242_c0086,0.0
r0242_c0087,0.0
r0242_c0088,0.0
r0242_c0089,0.0
r0242_c0090,0.0
r0242_c0091,0.0
r0242_c0092,0.0
r0242_c0093,0.0
r0242_c0094,0.0
r0242_c0095,0.0
r0242_c0096,0.0
r0242_c0097,0.0
r0242_c0098,0.0
r0242_c0099,0.0
r0242_c0100,0.0
r0242_c0101,0.0
r0242_c0102,0.0
r0242_c0103,0.0
r0242_c0104,0.0
r0242_c0105,0.0
r0242_c0118,0.0
r0242_c0123,0.0
r0242_c0124,0.0
r0242_c0125,0.0
r0242_c0126,0.0
r0242_c0127,0.0
r0242_c0128,0.0
r0242_c0130,0.0
r0242_c0131,0.0
r0242_c0132,0.0
r0242_c0133,0.0
r0242_c0134,0.0
r0242_c0135,0.0
r0242_c0136,0.0
r0242_c0137,0.0
r0242_c0138,0.0
r0242_c0139,0.0
r0242_c0140,0.0
r0242_c0141,0.0
r0242_c0142,0.0
r0242_c0143,0.0
r0242_c0144,0.0
r0242_c0145,0.0
r0242_c0146,0.0
r0242_c0147,0.0
r0242_c0148,0.0
r0242_c0149,0.0
r0242_c0150,0.0
r0242_c0151,0.0
r0242_c0152,0.0
r0242_c0153,0.0
r0242_c0154,0.0
r0242_c0155,0.0
r0242_c0156,0.0
r0242_c0157,0.0
r0242_c0158,0.0
r0243_c0020,0.0
r0243_c0052,0.0
r0243_c0053,0.0
r0243_c0054,0.0
r0243_c0055,0.0
r0243_c0057,0.0
r0243_c0058,0.0
r0243_c0059,0.0
r0243_c0060,0.0
r0243_c0064,0.0
r0243_c0065,0.0
r0243_c0066,0.0
r0243_c0067,0.0
r0243_c0068,0.0
r0243_c0069,0.0
r0243_c0070,0.0
r0243_c0071,0.0
r0243_c0072,0.0
r0243_c0073,0.0
r0243_c0074,0.0
r0243_c0075,0.0
r0243_c0076,0.0
r0243_c0077,0.0
r0243_c0078,0.0
r0243_c0079,0.0
r0243_c0080,0.0
r0243_c0081,0.0
r0243_c0082,0.0
r0243_c0083,0.0
r0243_c0084,0.0
r0243_c0085,0.0
r0243_c0086,0.0
r0243_c0087,0.0
r0243_c0088,0.0
r0243_c0089,0.0
r0243_c0090,0.0
r0243_c0091,0.0
r0243_c0092,0.0
r0243_c0093,0.0
r0243_c0094,0.0
r0243_c0095,0.0
r0243_c0096,0.0
r0243_c0097,0.0
r0243_c0098,0.0
r0243_c0099,0.0
r0243_c0100,0.0
r0243_c0101,0.0
r0243_c0102,0.0
r0243_c0103,0.0
r0243_c0104,0.0
r0243_c0105,0.0
r0243_c0112,0.0
r0243_c0123,0.0
r0243_c0124,0.0
r0243_c0125,0.0
r0243_c0126,0.0
r0243_c0127,0.0
r0243_c0130,0.0
r0243_c0131,0.0
r0243_c0132,0.0
r0243_c0133,0.0
r0243_c0134,0.0
r0243_c0135,0.0
r0243_c0136,0.0
r0243_c0137,0.0
r0243_c0138,0.0
r0243_c0139,0.0
r0243_c0140,0.0
r0243_c0141,0.0
r0243_c0142,0.0
r0243_c0143,0.0
r0243_c0144,0.0
r0243_c0145,0.0
r0243_c0146,0.0
r0243_c0147,0.0
r0243_c0148,0.0
r0243_c0149,0.0
r0243_c0150,0.0
r0243_c0151,0.0
r0243_c0152,0.0
r0243_c0153,0.0
r0243_c0154,0.0
r0243_c0155,0.0
r0243_c0156,0.0
r0243_c0157,0.0
r0244_c0054,0.0
r0244_c0055,0.0
r0244_c0057,0.0
r0244_c0058,0.0
r0244_c0059,0.0
r0244_c0060,0.0
r0244_c0061,0.0
r0244_c0064,0.0
r0244_c0065,0.0
r0244_c0066,0.0
r0244_c0067,0.0
r0244_c0068,0.0
r0244_c0069,0.0
r0244_c0070,0.0
r0244_c0071,0.0
r0244_c0072,0.0
r0244_c0073,0.0
r0244_c0074,0.0
r0244_c0075,0.0
r0244_c0076,0.0
r0244_c0077,0.0
r0244_c0078,0.0
r0244_c0079,0.0
r0244_c0080,0.0
r0244_c0081,0.0
r0244_c0082,0.0
r0244_c0083,0.0
r0244_c0084,0.0
r0244_c0085,0.0
r0244_c0086,0.0
r0244_c0087,0.0
r0244_c0088,0.0
r0244_c0089,0.0
r0244_c0090,0.0
r0244_c0091,0.0
r0244_c0092,0.0
r0244_c0093,0.0
r0244_c0094,0.0
r0244_c0095,0.0
r0244_c0096,0.0
r0244_c0097,0.0
r0244_c0098,0.0
r0244_c0099,0.0
r0244_c0100,0.0
r0244_c0101,0.0
r0244_c0102,0.0
r0244_c0103,0.0
r0244_c0104,0.0
r0244_c0105,0.0
r0244_c0111,0.0
r0244_c0112,0.0
r0244_c0123,0.0
r0244_c0124,0.0
r0244_c0125,0.0
r0244_c0126,0.0
r0244_c0127,0.0
r0244_c0130,0.0
r0244_c0131,0.0
r0244_c0132,0.0
r0244_c0133,0.0
r0244_c0134,0.0
r0244_c0135,0.0
r0244_c0136,0.0
r0244_c0137,0.0
r0244_c0138,0.0
r0244_c0139,0.0
r0244_c0140,0.0
r0244_c0141,0.0
r0244_c0142,0.0
r0244_c0143,0.0
r0244_c0144,0.0
r0244_c0145,0.0
r0244_c0146,0.0
r0244_c0147,0.0
r0244_c0148,0.0
r0244_c0149,0.0
r0244_c0150,0.0
r0244_c0151,0.0
r0244_c0152,0.0
r0244_c0153,0.0
r0244_c0154,0.0
r0244_c0155,0.0
r0244_c0156,0.0
r0244_c0157,0.0
r0245_c0052,0.0
r0245_c0054,0.0
r0245_c0055,0.0
r0245_c0056,0.0
r0245_c0057,0.0
r0245_c0059,0.0
r0245_c0060,0.0
r0245_c0061,0.0
r0245_c0064,0.0
r0245_c0065,0.0
r0245_c0066,0.0
r0245_c0067,0.0
r0245_c0068,0.0
r0245_c0069,0.0
r0245_c0070,0.0
r0245_c0071,0.0
r0245_c0072,0.0
r0245_c0073,0.0
r0245_c0074,0.0
r0245_c0075,0.0
r0245_c0076,0.0
r0245_c0077,0.0
r0245_c0078,0.0
r0245_c0079,0.0
r0245_c0080,0.0
r0245_c0081,0.0
r0245_c0082,0.0
r0245_c0083,0.0
r0245_c0084,0.0
r0245_c0085,0.0
r0245_c0086,0.0
r0245_c0087,0.0
r0245_c0088,0.0
r0245_c0089,0.0
r0245_c0090,0.0
r0245_c0091,0.0
r0245_c0092,0.0
r0245_c0093,0.0
r0245_c0094,0.0
r0245_c0095,0.0
r0245_c0096,0.0
r0245_c0097,0.0
r0245_c0098,0.0
r0245_c0099,0.0
r0245_c0101,0.0
r0245_c0102,0.0
r0245_c0103,0.0
r0245_c0104,0.0
r0245_c0105,0.0
r0245_c0111,0.0
r0245_c0112,0.0
r0245_c0123,0.0
r0245_c0124,0.0
r0245_c0125,0.0
r0245_c0126,0.0
r0245_c0127,0.0
r0245_c0129,0.0
r0245_c0130,0.0
r0245_c0131,0.0
r0245_c0132,0.0
r0245_c0133,0.0
r0245_c0134,0.0
r0245_c0135,0.0
r0245_c0136,0.0
r0245_c0137,0.0
r0245_c0138,0.0
r0245_c0142,0.0
r0245_c0143,0.0
r0245_c0144,0.0
r0245_c0145,0.0
r0245_c0146,0.0
r0245_c0147,0.0
r0245_c0148,0.0
r0245_c0149,0.0
r0245_c0150,0.0
r0245_c0151,0.0
r0245_c0152,0.0
r0245_c0153,0.0
r0245_c0154,0.0
r0245_c0155,0.0
r0245_c0156,0.0
r0245_c0157,0.0
r0246_c0064,0.0
r0246_c0065,0.0
r0246_c0066,0.0
r0246_c0067,0.0
r0246_c0068,0.0
r0246_c0069,0.0
r0246_c0070,0.0
r0246_c0071,0.0
r0246_c0072,0.0
r0246_c0073,0.0
r0246_c0074,0.0
r0246_c0075,0.0
r0246_c0076,0.0
r0246_c0077,0.0
r0246_c0078,0.0
r0246_c0079,0.0
r0246_c0080,0.0
r0246_c0081,0.0
r0246_c0082,0.0
r0246_c0083,0.0
r0246_c0084,0.0
r0246_c0085,0.0
r0246_c0086,0.0
r0246_c0087,0.0
r0246_c0088,0.0
r0246_c0089,0.0
r0246_c0090,0.0
r0246_c0091,0.0
r0246_c0092,0.0
r0246_c0093,0.0
r0246_c0094,0.0
r0246_c0095,0.0
r0246_c0096,0.0
r0246_c0097,0.0
r0246_c0098,0.0
r0246_c0099,0.0
r0246_c0102,0.0
r0246_c0103,0.0
r0246_c0104,0.0
r0246_c0105,0.0
r0246_c0111,0.0
r0246_c0112,0.0
r0246_c0123,0.0
r0246_c0124,0.0
r0246_c0125,0.0
r0246_c0126,0.0
r0246_c0127,0.0
r0246_c0129,0.0
r0246_c0130,0.0
r0246_c0131,0.0
r0246_c0132,0.0
r0246_c0133,0.0
r0246_c0134,0.0
r0246_c0135,0.0
r0246_c0136,0.0
r0246_c0137,0.0
r0246_c0138,0.0
r0246_c0143,0.0
r0246_c0144,0.0
r0246_c0145,0.0
r0246_c0146,0.0
r0246_c0147,0.0
r0246_c0148,0.0
r0246_c0149,0.0
r0246_c0150,0.0
r0246_c0151,0.0
r0246_c0152,0.0
r0246_c0153,0.0
r0246_c0154,0.0
r0246_c0155,0.0
r0246_c0156,0.0
r0246_c0157,0.0
r0247_c0058,0.0
r0247_c0062,0.0
r0247_c0063,0.0
r0247_c0064,0.0
r0247_c0065,0.0
r0247_c0066,0.0
r0247_c0067,0.0
r0247_c0068,0.0
r0247_c0069,0.0
r0247_c0070,0.0
r0247_c0071,0.0
r0247_c0072,0.0
r0247_c0073,0.0
r0247_c0074,0.0
r0247_c0075,0.0
r0247_c0076,0.0
r0247_c0077,0.0
r0247_c0078,0.0
r0247_c0079,0.0
r0247_c0080,0.0
r0247_c0081,0.0
r0247_c0082,0.0
r0247_c0083,0.0
r0247_c0084,0.0
r0247_c0085,0.0
r0247_c0086,0.0
r0247_c0087,0.0
r0247_c0088,0.0
r0247_c0089,0.0
r0247_c0090,0.0
r0247_c0091,0.0
r0247_c0092,0.0
r0247_c0093,0.0
r0247_c0094,0.0
r0247_c0095,0.0
r0247_c0096,0.0
r0247_c0097,0.0
r0247_c0098,0.0
r0247_c0099,0.0
r0247_c0104,0.0
r0247_c0105,0.0
r0247_c0106,0.0
r0247_c0107,0.0
r0247_c0108,0.0
r0247_c0109,0.0
r0247_c0110,0.0
r0247_c0111,0.0
r0247_c0112,0.0
r0247_c0114,0.0
r0247_c0115,0.0
r0247_c0116,0.0
r0247_c0117,0.0
r0247_c0122,0.0
r0247_c0123,0.0
r0247_c0124,0.0
r0247_c0125,0.0
r0247_c0126,0.0
r0247_c0127,0.0
r0247_c0129,0.0
r0247_c0130,0.0
r0247_c0131,0.0
r0247_c0132,0.0
r0247_c0133,0.0
r0247_c0134,0.0
r0247_c0135,0.0
r0247_c0136,0.0
r0247_c0137,0.0
r0247_c0138,0.0
r0247_c0145,0.0
r0247_c0146,0.0
r0247_c0147,0.0
r0247_c0148,0.0
r0247_c0149,0.0
r0247_c0150,0.0
r0247_c0151,0.0
r0247_c0152,0.0
r0247_c0153,0.0
r0247_c0154,0.0
r0247_c0155,0.0
r0247_c0156,0.0
r0248_c0058,0.0
r0248_c0062,0.0
r0248_c0063,0.0
r0248_c0064,0.0
r0248_c0065,0.0
r0248_c0066,0.0
r0248_c0067,0.0
r0248_c0068,0.0
r0248_c0069,0.0
r0248_c0070,0.0
r0248_c0071,0.0
r0248_c0072,0.0
r0248_c0073,0.0
r0248_c0074,0.0
r0248_c0075,0.0
r0248_c0076,0.0
r0248_c0077,0.0
r0248_c0078,0.0
r0248_c0079,0.0
r0248_c0080,0.0
r0248_c0083,0.0
r0248_c0084,0.0
r0248_c0085,0.0
r0248_c0086,0.0
r0248_c0087,0.0
r0248_c0088,0.0
r0248_c0089,0.0
r0248_c0090,0.0
r0248_c0091,0.0
r0248_c0092,0.0
r0248_c0093,0.0
r0248_c0094,0.0
r0248_c0095,0.0
r0248_c0096,0.0
r0248_c0098,0.0
r0248_c0099,0.0
r0248_c0100,0.0
r0248_c0103,0.0
r0248_c0104,0.0
r0248_c0106,0.0
r0248_c0107,0.0
r0248_c0108,0.0
r0248_c0109,0.0
r0248_c0110,0.0
r0248_c0111,0.0
r0248_c0112,0.0
r0248_c0114,0.0
r0248_c0115,0.0
r0248_c0116,0.0
r0248_c0117,0.0
r0248_c0118,0.0
r0248_c0122,0.0
r0248_c0123,0.0
r0248_c0124,0.0
r0248_c0125,0.0
r0248_c0126,0.0
r0248_c0127,0.0
r0248_c0129,0.0
r0248_c0130,0.0
r0248_c0131,0.0
r0248_c0132,0.0
r0248_c0133,0.0
r0248_c0134,0.0
r0248_c0135,0.0
r0248_c0136,0.0
r0248_c0137,0.0
r0248_c0138,0.0
r0248_c0146,0.0
r0248_c0147,0.0
r0248_c0148,0.0
r0248_c0149,0.0
r0248_c0150,0.0
r0248_c0151,0.0
r0248_c0152,0.0
r0248_c0153,0.0
r0248_c0154,0.0
r0248_c0155,0.0
r0248_c0156,0.0
r0248_c0157,0.0
r0249_c0058,0.0
r0249_c0064,0.0
r0249_c0065,0.0
r0249_c0066,0.0
r0249_c0067,0.0
r0249_c0068,0.0
r0249_c0069,0.0
r0249_c0070,0.0
r0249_c0071,0.0
r0249_c0072,0.0
r0249_c0073,0.0
r0249_c0074,0.0
r0249_c0075,0.0
r0249_c0076,0.0
r0249_c0077,0.0
r0249_c0078,0.0
r0249_c0079,0.0
r0249_c0080,0.0
r0249_c0082,0.0
r0249_c0083,0.0
r0249_c0084,0.0
r0249_c0085,0.0
r0249_c0086,0.0
r0249_c0087,0.0
r0249_c0088,0.0
r0249_c0089,0.0
r0249_c0090,0.0
r0249_c0091,0.0
r0249_c0092,0.0
r0249_c0093,0.0
r0249_c0094,0.0
r0249_c0095,0.0
r0249_c0096,0.0
r0249_c0097,0.0
r0249_c0098,0.0
r0249_c0099,0.0
r0249_c0103,0.0
r0249_c0104,0.0
r0249_c0106,0.0
r0249_c0107,0.0
r0249_c0108,0.0
r0249_c0109,0.0
r0249_c0110,0.0
r0249_c0111,0.0
r0249_c0113,0.0
r0249_c0114,0.0
r0249_c0122,0.0
r0249_c0123,0.0
r0249_c0124,0.0
r0249_c0125,0.0
r0249_c0126,0.0
r0249_c0127,0.0
r0249_c0129,0.0
r0249_c0130,0.0
r0249_c0131,0.0
r0249_c0132,0.0
r0249_c0133,0.0
r0249_c0134,0.0
r0249_c0135,0.0
r0249_c0136,0.0
r0249_c0137,0.0
r0249_c0138,0.0
r0249_c0146,0.0
r0249_c0147,0.0
r0249_c0148,0.0
r0249_c0149,0.0
r0249_c0150,0.0
r0249_c0151,0.0
r0249_c0152,0.0
r0249_c0153,0.0
r0249_c0154,0.0
r0249_c0155,0.0
r0249_c0156,0.0
r0249_c0157,0.0
r0250_c0049,0.0
r0250_c0050,0.0
r0250_c0052,0.0
r0250_c0064,0.0
r0250_c0065,0.0
r0250_c0066,0.0
r0250_c0067,0.0
r0250_c0071,0.0
r0250_c0072,0.0
r0250_c0073,0.0
r0250_c0074,0.0
r0250_c0075,0.0
r0250_c0076,0.0
r0250_c0077,0.0
r0250_c0078,0.0
r0250_c0079,0.0
r0250_c0080,0.0
r0250_c0082,0.0
r0250_c0083,0.0
r0250_c0084,0.0
r0250_c0085,0.0
r0250_c0086,0.0
r0250_c0087,0.0
r0250_c0088,0.0
r0250_c0089,0.0
r0250_c0090,0.0
r0250_c0091,0.0
r0250_c0092,0.0
r0250_c0093,0.0
r0250_c0094,0.0
r0250_c0095,0.0
r0250_c0096,0.0
r0250_c0097,0.0
r0250_c0098,0.0
r0250_c0102,0.0
r0250_c0103,0.0
r0250_c0106,0.0
r0250_c0107,0.0
r0250_c0108,0.0
r0250_c0109,0.0
r0250_c0110,0.0
r0250_c0111,0.0
r0250_c0112,0.0
r0250_c0113,0.0
r0250_c0114,0.0
r0250_c0115,0.0
r0250_c0119,0.0
r0250_c0122,0.0
r0250_c0123,0.0
r0250_c0124,0.0
r0250_c0125,0.0
r0250_c0126,0.0
r0250_c0127,0.0
r0250_c0128,0.0
r0250_c0129,0.0
r0250_c0130,0.0
r0250_c0131,0.0
r0250_c0132,0.0
r0250_c0133,0.0
r0250_c0134,0.0
r0250_c0135,0.0
r0250_c0136,0.0
r0250_c0137,0.0
r0250_c0138,0.0
r0250_c0146,0.0
r0250_c0147,0.0
r0250_c0148,0.0
r0250_c0149,0.0
r0250_c0150,0.0
r0250_c0151,0.0
r0250_c0152,0.0
r0250_c0153,0.0
r0250_c0154,0.0
r0250_c0155,0.0
r0250_c0156,0.0
r0250_c0157,0.0
r0251_c0064,0.0
r0251_c0065,0.0
r0251_c0066,0.0
r0251_c0067,0.0
r0251_c0071,0.0
r0251_c0072,0.0
r0251_c0073,0.0
r0251_c0074,0.0
r0251_c0075,0.0
r0251_c0076,0.0
r0251_c0077,0.0
r0251_c0078,0.0
r0251_c0079,0.0
r0251_c0080,0.0
r0251_c0081,0.0
r0251_c0082,0.0
r0251_c0083,0.0
r0251_c0084,0.0
r0251_c0085,0.0
r0251_c0086,0.0
r0251_c0087,0.0
r0251_c0088,0.0
r0251_c0089,0.0
r0251_c0090,0.0
r0251_c0091,0.0
r0251_c0092,0.0
r0251_c0093,0.0
r0251_c0094,0.0
r0251_c0095,0.0
r0251_c0096,0.0
r0251_c0101,0.0
r0251_c0102,0.0
r0251_c0103,0.0
r0251_c0106,0.0
r0251_c0107,0.0
r0251_c0108,0.0
r0251_c0109,0.0
r0251_c0110,0.0
r0251_c0111,0.0
r0251_c0112,0.0
r0251_c0113,0.0
r0251_c0114,0.0
r0251_c0115,0.0
r0251_c0122,0.0
r0251_c0123,0.0
r0251_c0124,0.0
r0251_c0125,0.0
r0251_c0126,0.0
r0251_c0127,0.0
r0251_c0128,0.0
r0251_c0129,0.0
r0251_c0130,0.0
r0251_c0131,0.0
r0251_c0133,0.0
r0251_c0134,0.0
r0251_c0135,0.0
r0251_c0136,0.0
r0251_c0137,0.0
r0251_c0146,0.0
r0251_c0147,0.0
r0251_c0148,0.0
r0251_c0149,0.0
r0251_c0150,0.0
r0251_c0151,0.0
r0251_c0152,0.0
r0251_c0153,0.0
r0251_c0154,0.0
r0251_c0155,0.0
r0251_c0156,0.0
r0251_c0157,0.0
r0252_c0065,0.0
r0252_c0066,0.0
r0252_c0067,0.0
r0252_c0071,0.0
r0252_c0072,0.0
r0252_c0073,0.0
r0252_c0074,0.0
r0252_c0075,0.0
r0252_c0076,0.0
r0252_c0077,0.0
r0252_c0078,0.0
r0252_c0079,0.0
r0252_c0080,0.0
r0252_c0081,0.0
r0252_c0082,0.0
r0252_c0083,0.0
r0252_c0084,0.0
r0252_c0085,0.0
r0252_c0086,0.0
r0252_c0087,0.0
r0252_c0088,0.0
r0252_c0089,0.0
r0252_c0090,0.0
r0252_c0091,0.0
r0252_c0092,0.0
r0252_c0101,0.0
r0252_c0102,0.0
r0252_c0103,0.0
r0252_c0106,0.0
r0252_c0107,0.0
r0252_c0108,0.0
r0252_c0109,0.0
r0252_c0110,0.0
r0252_c0111,0.0
r0252_c0112,0.0
r0252_c0113,0.0
r0252_c0114,0.0
r0252_c0115,0.0
r0252_c0122,0.0
r0252_c0123,0.0
r0252_c0124,0.0
r0252_c0125,0.0
r0252_c0126,0.0
r0252_c0127,0.0
r0252_c0128,0.0
r0252_c0129,0.0
r0252_c0130,0.0
r0252_c0131,0.0
r0252_c0132,0.0
r0252_c0133,0.0
r0252_c0134,0.0
r0252_c0135,0.0
r0252_c0136,0.0
r0252_c0137,0.0
r0252_c0146,0.0
r0252_c0147,0.0
r0252_c0148,0.0
r0252_c0149,0.0
r0252_c0150,0.0
r0252_c0151,0.0
r0252_c0152,0.0
r0252_c0153,0.0
r0252_c0154,0.0
r0252_c0155,0.0
r0252_c0156,0.0
r0252_c0157,0.0
r0253_c0065,0.0
r0253_c0066,0.0
r0253_c0067,0.0
r0253_c0068,0.0
r0253_c0072,0.0
r0253_c0073,0.0
r0253_c0074,0.0
r0253_c0075,0.0
r0253_c0076,0.0
r0253_c0077,0.0
r0253_c0078,0.0
r0253_c0079,0.0
r0253_c0080,0.0
r0253_c0081,0.0
r0253_c0082,0.0
r0253_c0083,0.0
r0253_c0084,0.0
r0253_c0085,0.0
r0253_c0086,0.0
r0253_c0087,0.0
r0253_c0088,0.0
r0253_c0089,0.0
r0253_c0090,0.0
r0253_c0091,0.0
r0253_c0092,0.0
r0253_c0101,0.0
r0253_c0102,0.0
r0253_c0103,0.0
r0253_c0105,0.0
r0253_c0106,0.0
r0253_c0107,0.0
r0253_c0108,0.0
r0253_c0109,0.0
r0253_c0110,0.0
r0253_c0111,0.0
r0253_c0112,0.0
r0253_c0113,0.0
r0253_c0114,0.0
r0253_c0115,0.0
r0253_c0116,0.0
r0253_c0117,0.0
r0253_c0120,0.0
r0253_c0121,0.0
r0253_c0122,0.0
r0253_c0123,0.0
r0253_c0124,0.0
r0253_c0125,0.0
r0253_c0126,0.0
r0253_c0127,0.0
r0253_c0128,0.0
r0253_c0129,0.0
r0253_c0130,0.0
r0253_c0131,0.0
r0253_c0132,0.0
r0253_c0133,0.0
r0253_c0134,0.0
r0253_c0135,0.0
r0253_c0136,0.0
r0253_c0137,0.0
r0253_c0138,0.0
r0253_c0139,0.0
r0253_c0142,0.0
r0253_c0143,0.0
r0253_c0144,0.0
r0253_c0145,0.0
r0253_c0146,0.0
r0253_c0147,0.0
r0253_c0148,0.0
r0253_c0149,0.0
r0253_c0150,0.0
r0253_c0151,0.0
r0253_c0152,0.0
r0253_c0153,0.0
r0253_c0154,0.0
r0253_c0155,0.0
r0253_c0156,0.0
r0253_c0157,0.0
r0254_c0065,0.0
r0254_c0066,0.0
r0254_c0067,0.0
r0254_c0068,0.0
r0254_c0069,0.0
r0254_c0070,0.0
r0254_c0071,0.0
r0254_c0072,0.0
r0254_c0073,0.0
r0254_c0074,0.0
r0254_c0075,0.0
r0254_c0076,0.0
r0254_c0077,0.0
r0254_c0078,0.0
r0254_c0079,0.0
r0254_c0080,0.0
r0254_c0081,0.0
r0254_c0082,0.0
r0254_c0083,0.0
r0254_c0084,0.0
r0254_c0085,0.0
r0254_c0086,0.0
r0254_c0087,0.0
r0254_c0088,0.0
r0254_c0089,0.0
r0254_c0090,0.0
r0254_c0091,0.0
r0254_c0101,0.0
r0254_c0102,0.0
r0254_c0103,0.0
r0254_c0105,0.0
r0254_c0106,0.0
r0254_c0107,0.0
r0254_c0108,0.0
r0254_c0109,0.0
r0254_c0110,0.0
r0254_c0111,0.0
r0254_c0112,0.0
r0254_c0113,0.0
r0254_c0114,0.0
r0254_c0115,0.0
r0254_c0116,0.0
r0254_c0117,0.0
r0254_c0118,0.0
r0254_c0120,0.0
r0254_c0121,0.0
r0254_c0122,0.0
r0254_c0123,0.0
r0254_c0124,0.0
r0254_c0125,0.0
r0254_c0126,0.0
r0254_c0127,0.0
r0254_c0128,0.0
r0254_c0129,0.0
r0254_c0130,0.0
r0254_c0131,0.0
r0254_c0132,0.0
r0254_c0133,0.0
r0254_c0134,0.0
r0254_c0135,0.0
r0254_c0136,0.0
r0254_c0137,0.0
r0254_c0138,0.0
r0254_c0139,0.0
r0254_c0141,0.0
r0254_c0142,0.0
r0254_c0143,0.0
r0254_c0144,0.0
r0254_c0145,0.0
r0254_c0146,0.0
r0254_c0147,0.0
r0254_c0148,0.0
r0254_c0149,0.0
r0254_c0150,0.0
r0254_c0151,0.0
r0254_c0152,0.0
r0254_c0153,0.0
r0254_c0154,0.0
r0254_c0155,0.0
r0254_c0156,0.0
r0254_c0157,0.0
r0255_c0032,0.0
r0255_c0065,0.0
r0255_c0066,0.0
r0255_c0067,0.0
r0255_c0068,0.0
r0255_c0069,0.0
r0255_c0070,0.0
r0255_c0071,0.0
r0255_c0072,0.0
r0255_c0073,0.0
r0255_c0074,0.0
r0255_c0075,0.0
r0255_c0076,0.0
r0255_c0077,0.0
r0255_c0078,0.0
r0255_c0079,0.0
r0255_c0080,0.0
r0255_c0081,0.0
r0255_c0082,0.0
r0255_c0083,0.0
r0255_c0084,0.0
r0255_c0085,0.0
r0255_c0086,0.0
r0255_c0087,0.0
r0255_c0088,0.0
r0255_c0089,0.0
r0255_c0090,0.0
r0255_c0091,0.0
r0255_c0095,0.0
r0255_c0099,0.0
r0255_c0100,0.0
r0255_c0101,0.0
r0255_c0102,0.0
r0255_c0103,0.0
r0255_c0104,0.0
r0255_c0105,0.0
r0255_c0106,0.0
r0255_c0107,0.0
r0255_c0108,0.0
r0255_c0109,0.0
r0255_c0110,0.0
r0255_c0111,0.0
r0255_c0112,0.0
r0255_c0113,0.0
r0255_c0114,0.0
r0255_c0115,0.0
r0255_c0116,0.0
r0255_c0117,0.0
r0255_c0118,0.0
r0255_c0119,0.0
r0255_c0120,0.0
r0255_c0121,0.0
r0255_c0122,0.0
r0255_c0123,0.0
r0255_c0124,0.0
r0255_c0125,0.0
r0255_c0126,0.0
r0255_c0127,0.0
r0255_c0128,0.0
r0255_c0129,0.0
r0255_c0130,0.0
r0255_c0131,0.0
r0255_c0132,0.0
r0255_c0133,0.0
r0255_c0134,0.0
r0255_c0135,0.0
r0255_c0136,0.0
r0255_c0137,0.0
r0255_c0138,0.0
r0255_c0139,0.0
r0255_c0141,0.0
r0255_c0142,0.0
r0255_c0143,0.0
r0255_c0144,0.0
r0255_c0145,0.0
r0255_c0146,0.0
r0255_c0147,0.0
r0255_c0148,0.0
r0255_c0149,0.0
r0255_c0150,0.0
r0255_c0151,0.0
r0255_c0152,0.0
r0255_c0153,0.0
r0255_c0154,0.0
r0255_c0155,0.0
r0255_c0156,0.0
r0255_c0157,0.0
r0256_c0065,0.0
r0256_c0066,0.0
r0256_c0067,0.0
r0256_c0068,0.0
r0256_c0069,0.0
r0256_c0070,0.0
r0256_c0071,0.0
r0256_c0072,0.0
r0256_c0073,0.0
r0256_c0074,0.0
r0256_c0075,0.0
r0256_c0076,0.0
r0256_c0077,0.0
r0256_c0078,0.0
r0256_c0079,0.0
r0256_c0080,0.0
r0256_c0082,0.0
r0256_c0083,0.0
r0256_c0084,0.0
r0256_c0085,0.0
r0256_c0086,0.0
r0256_c0087,0.0
r0256_c0088,0.0
r0256_c0093,0.0
r0256_c0094,0.0
r0256_c0095,0.0
r0256_c0098,0.0
r0256_c0099,0.0
r0256_c0100,0.0
r0256_c0101,0.0
r0256_c0102,0.0
r0256_c0103,0.0
r0256_c0104,0.0
r0256_c0105,0.0
r0256_c0106,0.0
r0256_c0107,0.0
r0256_c0108,0.0
r0256_c0109,0.0
r0256_c0110,0.0
r0256_c0111,0.0
r0256_c0112,0.0
r0256_c0113,0.0
r0256_c0114,0.0
r0256_c0115,0.0
r0256_c0116,0.0
r0256_c0117,0.0
r0256_c0118,0.0
r0256_c0119,0.0
r0256_c0120,0.0
r0256_c0121,0.0
r0256_c0122,0.0
r0256_c0123,0.0
r0256_c0124,0.0
r0256_c0127,0.0
r0256_c0128,0.0
r0256_c0129,0.0
r0256_c0130,0.0
r0256_c0131,0.0
r0256_c0132,0.0
r0256_c0133,0.0
r0256_c0134,0.0
r0256_c0135,0.0
r0256_c0136,0.0
r0256_c0137,0.0
r0256_c0138,0.0
r0256_c0139,0.0
r0256_c0140,0.0
r0256_c0141,0.0
r0256_c0143,0.0
r0256_c0144,0.0
r0256_c0145,0.0
r0256_c0146,0.0
r0256_c0147,0.0
r0256_c0148,0.0
r0256_c0149,0.0
r0256_c0150,0.0
r0256_c0151,0.0
r0256_c0152,0.0
r0256_c0153,0.0
r0256_c0154,0.0
r0256_c0155,0.0
r0256_c0156,0.0
r0256_c0157,0.0
r0257_c0065,0.0
r0257_c0066,0.0
r0257_c0067,0.0
r0257_c0068,0.0
r0257_c0069,0.0
r0257_c0070,0.0
r0257_c0071,0.0
r0257_c0072,0.0
r0257_c0073,0.0
r0257_c0074,0.0
r0257_c0075,0.0
r0257_c0076,0.0
r0257_c0077,0.0
r0257_c0078,0.0
r0257_c0079,0.0
r0257_c0080,0.0
r0257_c0081,0.0
r0257_c0082,0.0
r0257_c0083,0.0
r0257_c0084,0.0
r0257_c0085,0.0
r0257_c0086,0.0
r0257_c0087,0.0
r0257_c0095,0.0
r0257_c0096,0.0
r0257_c0097,0.0
r0257_c0098,0.0
r0257_c0099,0.0
r0257_c0100,0.0
r0257_c0101,0.0
r0257_c0102,0.0
r0257_c0103,0.0
r0257_c0104,0.0
r0257_c0105,0.0
r0257_c0106,0.0
r0257_c0107,0.0
r0257_c0108,0.0
r0257_c0109,0.0
r0257_c0110,0.0
r0257_c0111,0.0
r0257_c0112,0.0
r0257_c0113,0.0
r0257_c0114,0.0
r0257_c0115,0.0
r0257_c0116,0.0
r0257_c0117,0.0
r0257_c0118,0.0
r0257_c0119,0.0
r0257_c0120,0.0
r0257_c0121,0.0
r0257_c0122,0.0
r0257_c0123,0.0
r0257_c0126,0.0
r0257_c0127,0.0
r0257_c0128,0.0
r0257_c0129,0.0
r0257_c0130,0.0
r0257_c0131,0.0
r0257_c0132,0.0
r0257_c0133,0.0
r0257_c0134,0.0
r0257_c0135,0.0
r0257_c0136,0.0
r0257_c0137,0.0
r0257_c0138,0.0
r0257_c0139,0.0
r0257_c0140,0.0
r0257_c0141,0.0
r0257_c0142,0.0
r0257_c0145,0.0
r0257_c0146,0.0
r0257_c0147,0.0
r0257_c0148,0.0
r0257_c0149,0.0
r0257_c0150,0.0
r0257_c0151,0.0
r0257_c0152,0.0
r0257_c0153,0.0
r0257_c0154,0.0
r0257_c0155,0.0
r0257_c0156,0.0
r0257_c0157,0.0
r0258_c0065,0.0
r0258_c0066,0.0
r0258_c0067,0.0
r0258_c0068,0.0
r0258_c0069,0.0
r0258_c0070,0.0
r0258_c0071,0.0
r0258_c0072,0.0
r0258_c0073,0.0
r0258_c0074,0.0
r0258_c0075,0.0
r0258_c0076,0.0
r0258_c0077,0.0
r0258_c0078,0.0
r0258_c0079,0.0
r0258_c0080,0.0
r0258_c0081,0.0
r0258_c0082,0.0
r0258_c0083,0.0
r0258_c0084,0.0
r0258_c0085,0.0
r0258_c0086,0.0
r0258_c0095,0.0
r0258_c0096,0.0
r0258_c0097,0.0
r0258_c0098,0.0
r0258_c0099,0.0
r0258_c0100,0.0
r0258_c0101,0.0
r0258_c0102,0.0
r0258_c0103,0.0
r0258_c0110,0.0
r0258_c0119,0.0
r0258_c0127,0.0
r0258_c0128,0.0
r0258_c0129,0.0
r0258_c0130,0.0
r0258_c0131,0.0
r0258_c0132,0.0
r0258_c0133,0.0
r0258_c0134,0.0
r0258_c0135,0.0
r0258_c0136,0.0
r0258_c0137,0.0
r0258_c0138,0.0
r0258_c0139,0.0
r0258_c0140,0.0
r0258_c0141,0.0
r0258_c0142,0.0
r0258_c0143,0.0
r0258_c0144,0.0
r0258_c0145,0.0
r0258_c0146,0.0
r0258_c0147,0.0
r0258_c0148,0.0
r0258_c0149,0.0
r0258_c0150,0.0
r0258_c0151,0.0
r0258_c0152,0.0
r0258_c0153,0.0
r0258_c0154,0.0
r0258_c0155,0.0
r0258_c0156,0.0
r0258_c0157,0.0
r0259_c0065,0.0
r0259_c0066,0.0
r0259_c0067,0.0
r0259_c0068,0.0
r0259_c0069,0.0
r0259_c0070,0.0
r0259_c0071,0.0
r0259_c0072,0.0
r0259_c0073,0.0
r0259_c0074,0.0
r0259_c0075,0.0
r0259_c0076,0.0
r0259_c0077,0.0
r0259_c0078,0.0
r0259_c0079,0.0
r0259_c0080,0.0
r0259_c0081,0.0
r0259_c0082,0.0
r0259_c0083,0.0
r0259_c0093,0.0
r0259_c0094,0.0
r0259_c0095,0.0
r0259_c0096,0.0
r0259_c0097,0.0
r0259_c0098,0.0
r0259_c0099,0.0
r0259_c0100,0.0
r0259_c0101,0.0
r0259_c0127,0.0
r0259_c0128,0.0
r0259_c0129,0.0
r0259_c0130,0.0
r0259_c0131,0.0
r0259_c0132,0.0
r0259_c0133,0.0
r0259_c0134,0.0
r0259_c0135,0.0
r0259_c0136,0.0
r0259_c0137,0.0
r0259_c0138,0.0
r0259_c0139,0.0
r0259_c0140,0.0
r0259_c0141,0.0
r0259_c0142,0.0
r0259_c0143,0.0
r0259_c0144,0.0
r0259_c0145,0.0
r0259_c0146,0.0
r0259_c0147,0.0
r0259_c0148,0.0
r0259_c0149,0.0
r0259_c0150,0.0
r0259_c0151,0.0
r0259_c0152,0.0
r0259_c0153,0.0
r0259_c0154,0.0
r0259_c0155,0.0
r0259_c0156,0.0
r0260_c0065,0.0
r0260_c0066,0.0
r0260_c0067,0.0
r0260_c0068,0.0
r0260_c0069,0.0
r0260_c0070,0.0
r0260_c0071,0.0
r0260_c0072,0.0
r0260_c0073,0.0
r0260_c0074,0.0
r0260_c0075,0.0
r0260_c0076,0.0
r0260_c0077,0.0
r0260_c0078,0.0
r0260_c0079,0.0
r0260_c0080,0.0
r0260_c0081,0.0
r0260_c0082,0.0
r0260_c0092,0.0
r0260_c0093,0.0
r0260_c0094,0.0
r0260_c0095,0.0
r0260_c0096,0.0
r0260_c0097,0.0
r0260_c0099,0.0
r0260_c0127,0.0
r0260_c0128,0.0
r0260_c0129,0.0
r0260_c0130,0.0
r0260_c0131,0.0
r0260_c0132,0.0
r0260_c0133,0.0
r0260_c0134,0.0
r0260_c0135,0.0
r0260_c0136,0.0
r0260_c0137,0.0
r0260_c0138,0.0
r0260_c0139,0.0
r0260_c0140,0.0
r0260_c0141,0.0
r0260_c0142,0.0
r0260_c0143,0.0
r0260_c0144,0.0
r0260_c0145,0.0
r0260_c0146,0.0
r0260_c0147,0.0
r0260_c0148,0.0
r0260_c0149,0.0
r0260_c0150,0.0
r0260_c0151,0.0
r0260_c0152,0.0
r0260_c0153,0.0
r0260_c0154,0.0
r0261_c0065,0.0
r0261_c0066,0.0
r0261_c0067,0.0
r0261_c0068,0.0
r0261_c0069,0.0
r0261_c0070,0.0
r0261_c0071,0.0
r0261_c0072,0.0
r0261_c0073,0.0
r0261_c0074,0.0
r0261_c0075,0.0
r0261_c0076,0.0
r0261_c0090,0.0
r0261_c0091,0.0
r0261_c0092,0.0
r0261_c0093,0.0
r0261_c0094,0.0
r0261_c0095,0.0
r0261_c0096,0.0
r0261_c0097,0.0
r0261_c0098,0.0
r0261_c0127,0.0
r0261_c0128,0.0
r0261_c0129,0.0
r0261_c0130,0.0
r0261_c0131,0.0
r0261_c0132,0.0
r0261_c0133,0.0
r0261_c0134,0.0
r0261_c0135,0.0
r0261_c0136,0.0
r0261_c0137,0.0
r0261_c0142,0.0
r0261_c0143,0.0
r0261_c0145,0.0
r0261_c0146,0.0
r0261_c0147,0.0
r0261_c0148,0.0
r0261_c0149,0.0
r0261_c0150,0.0
r0261_c0151,0.0
r0261_c0152,0.0
r0261_c0153,0.0
r0261_c0154,0.0
r0261_c0155,0.0
r0261_c0156,0.0
r0262_c0023,0.0
r0262_c0024,0.0
r0262_c0026,0.0
r0262_c0027,0.0
r0262_c0065,0.0
r0262_c0066,0.0
r0262_c0067,0.0
r0262_c0068,0.0
r0262_c0069,0.0
r0262_c0070,0.0
r0262_c0071,0.0
r0262_c0072,0.0
r0262_c0073,0.0
r0262_c0088,0.0
r0262_c0089,0.0
r0262_c0090,0.0
r0262_c0091,0.0
r0262_c0092,0.0
r0262_c0093,0.0
r0262_c0094,0.0
r0262_c0095,0.0
r0262_c0096,0.0
r0262_c0097,0.0
r0262_c0098,0.0
r0262_c0128,0.0
r0262_c0129,0.0
r0262_c0130,0.0
r0262_c0131,0.0
r0262_c0132,0.0
r0262_c0133,0.0
r0262_c0134,0.0
r0262_c0135,0.0
r0262_c0136,0.0
r0262_c0137,0.0
r0262_c0142,0.0
r0262_c0143,0.0
r0262_c0144,0.0
r0262_c0145,0.0
r0262_c0146,0.0
r0262_c0147,0.0
r0262_c0148,0.0
r0262_c0149,0.0
r0262_c0150,0.0
r0262_c0151,0.0
r0262_c0152,0.0
r0262_c0153,0.0
r0262_c0154,0.0
r0262_c0155,0.0
r0263_c0023,0.0
r0263_c0024,0.0
r0263_c0025,0.0
r0263_c0065,0.0
r0263_c0066,0.0
r0263_c0067,0.0
r0263_c0068,0.0
r0263_c0069,0.0
r0263_c0070,0.0
r0263_c0071,0.0
r0263_c0072,0.0
r0263_c0073,0.0
r0263_c0087,0.0
r0263_c0088,0.0
r0263_c0089,0.0
r0263_c0090,0.0
r0263_c0091,0.0
r0263_c0092,0.0
r0263_c0093,0.0
r0263_c0094,0.0
r0263_c0095,0.0
r0263_c0096,0.0
r0263_c0097,0.0
r0263_c0098,0.0
r0263_c0127,0.0
r0263_c0128,0.0
r0263_c0129,0.0
r0263_c0130,0.0
r0263_c0131,0.0
r0263_c0132,0.0
r0263_c0133,0.0
r0263_c0134,0.0
r0263_c0135,0.0
r0263_c0136,0.0
r0263_c0137,0.0
r0263_c0142,0.0
r0263_c0143,0.0
r0263_c0144,0.0
r0263_c0145,0.0
r0263_c0146,0.0
r0263_c0147,0.0
r0263_c0148,0.0
r0263_c0149,0.0
r0263_c0150,0.0
r0263_c0151,0.0
r0263_c0152,0.0
r0263_c0153,0.0
r0263_c0154,0.0
r0263_c0155,0.0
r0264_c0021,0.0
r0264_c0065,0.0
r0264_c0066,0.0
r0264_c0067,0.0
r0264_c0068,0.0
r0264_c0069,0.0
r0264_c0070,0.0
r0264_c0071,0.0
r0264_c0072,0.0
r0264_c0073,0.0
r0264_c0086,0.0
r0264_c0087,0.0
r0264_c0088,0.0
r0264_c0089,0.0
r0264_c0090,0.0
r0264_c0091,0.0
r0264_c0092,0.0
r0264_c0093,0.0
r0264_c0095,0.0
r0264_c0096,0.0
r0264_c0097,0.0
r0264_c0098,0.0
r0264_c0128,0.0
r0264_c0129,0.0
r0264_c0130,0.0
r0264_c0131,0.0
r0264_c0132,0.0
r0264_c0133,0.0
r0264_c0134,0.0
r0264_c0135,0.0
r0264_c0136,0.0
r0264_c0137,0.0
r0264_c0138,0.0
r0264_c0139,0.0
r0264_c0140,0.0
r0264_c0141,0.0
r0264_c0142,0.0
r0264_c0143,0.0
r0264_c0144,0.0
r0264_c0145,0.0
r0264_c0146,0.0
r0264_c0147,0.0
r0264_c0148,0.0
r0264_c0149,0.0
r0264_c0150,0.0
r0264_c0151,0.0
r0264_c0152,0.0
r0264_c0153,0.0
r0264_c0154,0.0
r0264_c0155,0.0
r0265_c0019,0.0
r0265_c0065,0.0
r0265_c0066,0.0
r0265_c0067,0.0
r0265_c0068,0.0
r0265_c0069,0.0
r0265_c0070,0.0
r0265_c0071,0.0
r0265_c0072,0.0
r0265_c0073,0.0
r0265_c0086,0.0
r0265_c0087,0.0
r0265_c0088,0.0
r0265_c0089,0.0
r0265_c0090,0.0
r0265_c0091,0.0
r0265_c0092,0.0
r0265_c0093,0.0
r0265_c0095,0.0
r0265_c0096,0.0
r0265_c0097,0.0
r0265_c0098,0.0
r0265_c0128,0.0
r0265_c0130,0.0
r0265_c0131,0.0
r0265_c0132,0.0
r0265_c0133,0.0
r0265_c0134,0.0
r0265_c0135,0.0
r0265_c0136,0.0
r0265_c0137,0.0
r0265_c0138,0.0
r0265_c0139,0.0
r0265_c0140,0.0
r0265_c0141,0.0
r0265_c0142,0.0
r0265_c0143,0.0
r0265_c0144,0.0
r0265_c0145,0.0
r0265_c0146,0.0
r0265_c0147,0.0
r0265_c0148,0.0
r0265_c0149,0.0
r0265_c0150,0.0
r0265_c0151,0.0
r0265_c0152,0.0
r0265_c0153,0.0
r0265_c0154,0.0
r0266_c0065,0.0
r0266_c0066,0.0
r0266_c0067,0.0
r0266_c0068,0.0
r0266_c0069,0.0
r0266_c0070,0.0
r0266_c0071,0.0
r0266_c0072,0.0
r0266_c0073,0.0
r0266_c0085,0.0
r0266_c0086,0.0
r0266_c0087,0.0
r0266_c0088,0.0
r0266_c0089,0.0
r0266_c0090,0.0
r0266_c0091,0.0
r0266_c0092,0.0
r0266_c0093,0.0
r0266_c0095,0.0
r0266_c0096,0.0
r0266_c0097,0.0
r0266_c0098,0.0
r0266_c0127,0.0
r0266_c0128,0.0
r0266_c0130,0.0
r0266_c0131,0.0
r0266_c0132,0.0
r0266_c0133,0.0
r0266_c0134,0.0
r0266_c0135,0.0
r0266_c0136,0.0
r0266_c0137,0.0
r0266_c0138,0.0
r0266_c0139,0.0
r0266_c0140,0.0
r0266_c0141,0.0
r0266_c0142,0.0
r0266_c0143,0.0
r0266_c0144,0.0
r0266_c0145,0.0
r0266_c0146,0.0
r0266_c0147,0.0
r0266_c0148,0.0
r0266_c0149,0.0
r0266_c0150,0.0
r0266_c0151,0.0
r0266_c0152,0.0
r0266_c0153,0.0
r0266_c0154,0.0
r0267_c0065,0.0
r0267_c0066,0.0
r0267_c0067,0.0
r0267_c0068,0.0
r0267_c0069,0.0
r0267_c0070,0.0
r0267_c0071,0.0
r0267_c0072,0.0
r0267_c0073,0.0
r0267_c0084,0.0
r0267_c0085,0.0
r0267_c0086,0.0
r0267_c0087,0.0
r0267_c0088,0.0
r0267_c0089,0.0
r0267_c0090,0.0
r0267_c0091,0.0
r0267_c0092,0.0
r0267_c0130,0.0
r0267_c0131,0.0
r0267_c0132,0.0
r0267_c0133,0.0
r0267_c0134,0.0
r0267_c0135,0.0
r0267_c0136,0.0
r0267_c0137,0.0
r0267_c0138,0.0
r0267_c0139,0.0
r0267_c0140,0.0
r0267_c0141,0.0
r0267_c0142,0.0
r0267_c0143,0.0
r0267_c0144,0.0
r0267_c0145,0.0
r0267_c0146,0.0
r0267_c0147,0.0
r0267_c0148,0.0
r0267_c0149,0.0
r0267_c0150,0.0
r0267_c0151,0.0
r0267_c0152,0.0
r0267_c0153,0.0
r0268_c0065,0.0
r0268_c0066,0.0
r0268_c0067,0.0
r0268_c0068,0.0
r0268_c0069,0.0
r0268_c0070,0.0
r0268_c0071,0.0
r0268_c0072,0.0
r0268_c0073,0.0
r0268_c0084,0.0
r0268_c0085,0.0
r0268_c0086,0.0
r0268_c0087,0.0
r0268_c0088,0.0
r0268_c0089,0.0
r0268_c0090,0.0
r0268_c0091,0.0
r0268_c0128,0.0
r0268_c0130,0.0
r0268_c0131,0.0
r0268_c0132,0.0
r0268_c0133,0.0
r0268_c0134,0.0
r0268_c0135,0.0
r0268_c0136,0.0
r0268_c0137,0.0
r0268_c0138,0.0
r0268_c0139,0.0
r0268_c0140,0.0
r0268_c0141,0.0
r0268_c0142,0.0
r0268_c0143,0.0
r0268_c0144,0.0
r0268_c0145,0.0
r0268_c0146,0.0
r0268_c0147,0.0
r0268_c0148,0.0
r0268_c0149,0.0
r0268_c0150,0.0
r0268_c0151,0.0
r0268_c0152,0.0
r0269_c0066,0.0
r0269_c0067,0.0
r0269_c0068,0.0
r0269_c0069,0.0
r0269_c0070,0.0
r0269_c0071,0.0
r0269_c0072,0.0
r0269_c0073,0.0
r0269_c0088,0.0
r0269_c0089,0.0
r0269_c0127,0.0
r0269_c0128,0.0
r0269_c0129,0.0
r0269_c0130,0.0
r0269_c0131,0.0
r0269_c0132,0.0
r0269_c0133,0.0
r0269_c0134,0.0
r0269_c0135,0.0
r0269_c0136,0.0
r0269_c0137,0.0
r0269_c0138,0.0
r0269_c0139,0.0
r0269_c0140,0.0
r0269_c0141,0.0
r0269_c0142,0.0
r0269_c0143,0.0
r0269_c0144,0.0
r0269_c0145,0.0
r0269_c0146,0.0
r0269_c0147,0.0
r0269_c0148,0.0
r0269_c0149,0.0
r0269_c0150,0.0
r0269_c0151,0.0
r0269_c0152,0.0
r0269_c0153,0.0
r0270_c0066,0.0
r0270_c0067,0.0
r0270_c0068,0.0
r0270_c0069,0.0
r0270_c0070,0.0
r0270_c0071,0.0
r0270_c0072,0.0
r0270_c0073,0.0
r0270_c0089,0.0
r0270_c0127,0.0
r0270_c0128,0.0
r0270_c0129,0.0
r0270_c0130,0.0
r0270_c0131,0.0
r0270_c0132,0.0
r0270_c0133,0.0
r0270_c0134,0.0
r0270_c0136,0.0
r0270_c0137,0.0
r0270_c0138,0.0
r0270_c0139,0.0
r0270_c0140,0.0
r0270_c0141,0.0
r0270_c0142,0.0
r0270_c0143,0.0
r0270_c0144,0.0
r0270_c0145,0.0
r0270_c0146,0.0
r0270_c0147,0.0
r0270_c0148,0.0
r0270_c0149,0.0
r0270_c0150,0.0
r0270_c0151,0.0
r0270_c0152,0.0
r0270_c0153,0.0
r0271_c0065,0.0
r0271_c0066,0.0
r0271_c0067,0.0
r0271_c0068,0.0
r0271_c0069,0.0
r0271_c0070,0.0
r0271_c0071,0.0
r0271_c0072,0.0
r0271_c0073,0.0
r0271_c0089,0.0
r0271_c0127,0.0
r0271_c0128,0.0
r0271_c0129,0.0
r0271_c0130,0.0
r0271_c0131,0.0
r0271_c0132,0.0
r0271_c0133,0.0
r0271_c0134,0.0
r0271_c0135,0.0
r0271_c0136,0.0
r0271_c0137,0.0
r0271_c0138,0.0
r0271_c0139,0.0
r0271_c0140,0.0
r0271_c0141,0.0
r0271_c0142,0.0
r0271_c0143,0.0
r0271_c0144,0.0
r0271_c0145,0.0
r0271_c0146,0.0
r0271_c0147,0.0
r0271_c0148,0.0
r0271_c0149,0.0
r0271_c0150,0.0
r0271_c0151,0.0
r0271_c0152,0.0
r0271_c0153,0.0
r0272_c0065,0.0
r0272_c0066,0.0
r0272_c0067,0.0
r0272_c0068,0.0
r0272_c0069,0.0
r0272_c0070,0.0
r0272_c0071,0.0
r0272_c0072,0.0
r0272_c0073,0.0
r0272_c0127,0.0
r0272_c0128,0.0
r0272_c0129,0.0
r0272_c0130,0.0
r0272_c0131,0.0
r0272_c0132,0.0
r0272_c0133,0.0
r0272_c0134,0.0
r0272_c0135,0.0
r0272_c0136,0.0
r0272_c0137,0.0
r0272_c0138,0.0
r0272_c0139,0.0
r0272_c0141,0.0
r0272_c0142,0.0
r0272_c0143,0.0
r0272_c0144,0.0
r0272_c0145,0.0
r0272_c0146,0.0
r0272_c0147,0.0
r0272_c0148,0.0
r0272_c0149,0.0
r0272_c0150,0.0
r0272_c0151,0.0
r0272_c0152,0.0
r0273_c0065,0.0
r0273_c0066,0.0
r0273_c0067,0.0
r0273_c0068,0.0
r0273_c0069,0.0
r0273_c0070,0.0
r0273_c0071,0.0
r0273_c0072,0.0
r0273_c0073,0.0
r0273_c0127,0.0
r0273_c0128,0.0
r0273_c0129,0.0
r0273_c0130,0.0
r0273_c0131,0.0
r0273_c0132,0.0
r0273_c0133,0.0
r0273_c0134,0.0
r0273_c0135,0.0
r0273_c0136,0.0
r0273_c0137,0.0
r0273_c0138,0.0
r0273_c0139,0.0
r0273_c0140,0.0
r0273_c0141,0.0
r0273_c0142,0.0
r0273_c0143,0.0
r0273_c0144,0.0
r0273_c0145,0.0
r0273_c0146,0.0
r0273_c0147,0.0
r0273_c0148,0.0
r0273_c0149,0.0
r0273_c0150,0.0
r0273_c0151,0.0
r0273_c0152,0.0
r0274_c0127,0.0
r0274_c0128,0.0
r0274_c0129,0.0
r0274_c0130,0.0
r0274_c0131,0.0
r0274_c0132,0.0
r0274_c0133,0.0
r0274_c0134,0.0
r0274_c0135,0.0
r0274_c0136,0.0
r0274_c0138,0.0
r0274_c0139,0.0
r0274_c0140,0.0
r0274_c0141,0.0
r0274_c0142,0.0
r0274_c0143,0.0
r0274_c0144,0.0
r0274_c0145,0.0
r0274_c0146,0.0
r0274_c0147,0.0
r0274_c0148,0.0
r0274_c0149,0.0
r0274_c0150,0.0
r0274_c0151,0.0
r0274_c0152,0.0
r0275_c0146,0.0
r0275_c0147,0.0
r0275_c0148,0.0
r0275_c0149,0.0
r0275_c0150,0.0
r0275_c0151,0.0
r0276_c0146,0.0
r0276_c0147,0.0
r0276_c0148,0.0
r0276_c0149,0.0
r0276_c0150,0.0
r0276_c0151,0.0
